mtllib Mug_1.mtl
v -0.01294098 0.002745029 0.0482963
v -0.01246239 7.152557E-09 0.04651044
v -0.02407555 6.556511E-09 0.04170013
v -0.05 0.00274502 2.264976E-08
v -0.04815109 0 2.24635E-08
v -0.04651039 -2.086163E-09 -0.01246241
v 0 0.1001677 0.04536029
v 0 0.102745 0.04536029
v -0.01174011 0.102745 0.04381468
v 0.06743713 0.07113967 0.006091229
v 0.06972565 0.0713996 0.009855812
v 0.06801109 0.05841131 0.009855817
v 0.06591453 0.05925728 0.006091233
v 0.06658126 0.07099508 4.768371E-09
v 0.06512298 0.05946075 5.960464E-09
v 0.0626715 0.04831746 0.006091235
v 0.06613494 0.08074614 2.384186E-09
v 0.06698738 0.08123214 0.006091229
v 0.06201454 0.04885113 8.34465E-09
v 0.05810653 0.04023375 0.006091236
v 0.05763923 0.04098028 1.132488E-08
v 0.0626715 0.04831746 -0.006091216
v 0.05810653 0.04023375 -0.006091215
v 0.06591453 0.05925728 -0.006091218
v 0.06743713 0.07113967 -0.006091221
v 0.06375763 0.08727377 0
v 0.06449608 0.08796266 0.006091226
v 0.06698738 0.08123214 -0.00609122
v 0.06449608 0.08796266 -0.006091224
v 0.0602327 0.09166912 -0.006091226
v 0.05970734 0.09088871 0
v 0.06160652 0.09353521 -0.009855811
v 0.06642929 0.08958599 -0.009855811
v 0.06921562 0.08220015 -0.009855807
v 0.06972565 0.0713996 -0.009855803
v 0.06801109 0.05841131 -0.0098558
v 0.06441376 0.04673328 -0.0098558
v 0.05936462 0.03831259 -0.009855798
v 0.0526651 0.03535073 -0.006091214
v 0.05333313 0.03319499 -0.009855798
v 0.07251815 0.07132183 0.009855812
v 0.0727227 0.05634756 0.006091233
v 0.07061676 0.0573264 0.009855817
v 0.0747554 0.07103347 0.00609123
v 0.07196617 0.08315665 0.009855811
v 0.07418007 0.08379333 0.006091226
v 0.07558197 0.07060378 4.768371E-09
v 0.07502556 0.08400383 0
v 0.0747554 0.07103346 -0.00609122
v 0.07418007 0.08379333 -0.006091224
v 0.07251815 0.07132183 -0.009855804
v 0.07196617 0.08315665 -0.009855807
v 0.07061676 0.05732639 -0.0098558
v 0.0727227 0.05634756 -0.006091218
v 0.06660987 0.04488058 -0.009855799
v 0.07353546 0.05589089 7.152557E-09
v 0.06841919 0.04346007 -0.006091214
v 0.06098533 0.03601667 -0.009855798
v 0.06234535 0.03439138 -0.00609121
v 0.06911773 0.04293474 1.013279E-08
v 0.06841919 0.04346007 0.006091236
v 0.06287544 0.03388155 1.430511E-08
v 0.06234535 0.03439139 0.006091239
v 0.06591453 0.05925728 0.006091233
v 0.06801109 0.05841131 0.009855817
v 0.06441376 0.04673329 0.009855819
v 0.0626715 0.04831746 0.006091235
v 0.05936462 0.03831259 0.009855824
v 0.05810653 0.04023375 0.006091236
v 0.07061676 0.0573264 0.009855817
v 0.0727227 0.05634756 0.006091233
v 0.06841919 0.04346007 0.006091236
v 0.06660987 0.04488059 0.009855819
v 0.06660987 0.04488059 0.009855819
v 0.06841919 0.04346007 0.006091236
v 0.06234535 0.03439139 0.006091239
v 0.06098533 0.03601667 0.009855825
v 0.05497139 0.02879929 0.00609124
v 0.05423294 0.03071832 0.009855825
v 0.05525352 0.0280834 1.490116E-08
v 0.06287544 0.03388155 1.430511E-08
v 0.05048408 0.02749633 0.00609124
v 0.05015152 0.02946644 0.009855825
v 0.04680572 0.0267916 0.00609124
v 0.04680572 0.02874828 0.009855825
v 0.04680572 0.02606896 1.549721E-08
v 0.05061104 0.02676463 1.549721E-08
v 0.04680572 0.0267916 -0.00609121
v 0.05048408 0.02749633 -0.00609121
v 0.04680572 0.02874828 -0.009855794
v 0.05015152 0.02946644 -0.009855796
v 0.05497139 0.02879929 -0.00609121
v 0.06234535 0.03439138 -0.00609121
v 0.05423294 0.03071832 -0.009855798
v 0.06098533 0.03601667 -0.009855798
v 0.05810653 0.04023375 0.006091236
v 0.05936462 0.03831259 0.009855824
v 0.05333313 0.033195 0.009855825
v 0.0526651 0.03535073 0.006091237
v 0.05763923 0.04098028 1.132488E-08
v 0.04974617 0.03202016 0.009855825
v 0.05242737 0.03621521 1.132488E-08
v 0.05810653 0.04023375 -0.006091215
v 0.0526651 0.03535073 -0.006091214
v 0.04944847 0.03421463 0.006091237
v 0.04680572 0.03130272 0.009855825
v 0.04681167 0.0334867 0.006091238
v 0.04935081 0.03509094 1.132488E-08
v 0.04682884 0.03435774 1.132488E-08
v 0.04944847 0.03421463 -0.006091213
v 0.05333313 0.03319499 -0.009855798
v 0.04681167 0.0334867 -0.006091213
v 0.04974617 0.03202016 -0.009855796
v 0.04680572 0.03130272 -0.009855798
v 0.05015152 0.02946644 -0.009855796
v 0.04680572 0.03130272 -0.009855798
v 0.04680572 0.02874828 -0.009855794
v 0.04974617 0.03202016 -0.009855796
v 0.05423294 0.03071832 -0.009855798
v 0.05333313 0.03319499 -0.009855798
v 0.06098533 0.03601667 -0.009855798
v 0.05936462 0.03831259 -0.009855798
v 0.06660987 0.04488058 -0.009855799
v 0.06441376 0.04673328 -0.0098558
v 0.07061676 0.05732639 -0.0098558
v 0.06801109 0.05841131 -0.0098558
v 0.07251815 0.07132183 -0.009855804
v 0.06972565 0.0713996 -0.009855803
v 0.07196617 0.08315665 -0.009855807
v 0.06921562 0.08220015 -0.009855807
v 0.06881897 0.09138731 -0.009855808
v 0.06642929 0.08958599 -0.009855811
v 0.06330467 0.09575729 -0.009855811
v 0.06160652 0.09353521 -0.009855811
v 0.05624115 0.09702863 -0.009855815
v 0.05540802 0.09472518 -0.009855809
v 0.05004616 0.09597275 -0.009855816
v 0.04994453 0.09364612 -0.009855809
v 0.0483532 0.09568422 -0.009855815
v 0.04845161 0.09334332 -0.009855809
v 0.04974617 0.03202016 0.009855825
v 0.04680572 0.02874828 0.009855825
v 0.04680572 0.03130272 0.009855825
v 0.05015152 0.02946644 0.009855825
v 0.05333313 0.033195 0.009855825
v 0.05423294 0.03071832 0.009855825
v 0.05936462 0.03831259 0.009855824
v 0.06098533 0.03601667 0.009855825
v 0.06441376 0.04673329 0.009855819
v 0.06660987 0.04488059 0.009855819
v 0.06801109 0.05841131 0.009855817
v 0.07061676 0.0573264 0.009855817
v 0.06972565 0.0713996 0.009855812
v 0.07251815 0.07132183 0.009855812
v 0.06921562 0.08220015 0.009855811
v 0.07196617 0.08315665 0.009855811
v 0.06642929 0.08958599 0.009855809
v 0.06881897 0.09138731 0.009855809
v 0.06160652 0.09353521 0.009855809
v 0.06330467 0.09575729 0.009855809
v 0.05540802 0.09472518 0.00985581
v 0.05624115 0.09702863 0.009855809
v 0.04994453 0.09364612 0.00985581
v 0.05004616 0.09597275 0.009855809
v 0.04845161 0.09334332 0.00985581
v 0.0483532 0.09568422 0.009855809
v 0.05540802 0.09472518 -0.009855809
v 0.0602327 0.09166912 -0.006091226
v 0.06160652 0.09353521 -0.009855811
v 0.05471702 0.09268347 -0.006091229
v 0.04994453 0.09364612 -0.009855809
v 0.05970734 0.09088871 0
v 0.04986915 0.09160703 -0.006091226
v 0.04845161 0.09334332 -0.009855809
v 0.04854439 0.09131239 -0.006091225
v 0.05447014 0.09190954 0
v 0.0602327 0.09166912 0.006091225
v 0.04984917 0.09081912 0
v 0.04858658 0.09052288 0
v 0.05471702 0.09268347 0.006091224
v 0.06160652 0.09353521 0.009855809
v 0.05540802 0.09472518 0.00985581
v 0.04986915 0.09160703 0.006091225
v 0.04854439 0.09131239 0.006091226
v 0.04994453 0.09364612 0.00985581
v 0.04845161 0.09334332 0.00985581
v 0.0646698 0.09752525 -0.006091226
v 0.06330467 0.09575729 -0.009855811
v 0.06881897 0.09138731 -0.009855808
v 0.07075226 0.09282435 -0.006091225
v 0.07196617 0.08315665 -0.009855807
v 0.07418007 0.08379333 -0.006091224
v 0.07149063 0.09337324 1.192093E-09
v 0.07502556 0.08400383 0
v 0.07075226 0.09282434 0.006091225
v 0.07418007 0.08379333 0.006091226
v 0.05970734 0.09088871 0
v 0.06449608 0.08796266 0.006091226
v 0.06375763 0.08727377 0
v 0.0602327 0.09166912 0.006091225
v 0.06642929 0.08958599 0.009855809
v 0.06160652 0.09353521 0.009855809
v 0.06330467 0.09575729 0.009855809
v 0.07075226 0.09282434 0.006091225
v 0.06881897 0.09138731 0.009855809
v 0.0646698 0.09752524 0.006091223
v 0.05624115 0.09702863 0.009855809
v 0.07149063 0.09337324 1.192093E-09
v 0.05690117 0.09881952 0.006091225
v 0.05004616 0.09597275 0.009855809
v 0.06519203 0.09819379 -1.192093E-09
v 0.07075226 0.09282435 -0.006091225
v 0.0646698 0.09752525 -0.006091226
v 0.05012291 0.09778956 0.006091224
v 0.0483532 0.09568422 0.009855809
v 0.0482708 0.0975081 0.006091224
v 0.0571434 0.09934191 -2.384186E-09
v 0.05015686 0.09846381 -2.384186E-09
v 0.04824775 0.09822387 -2.384186E-09
v 0.05690117 0.09881953 -0.006091226
v 0.06330467 0.09575729 -0.009855811
v 0.05624115 0.09702863 -0.009855815
v 0.05012291 0.09778956 -0.006091226
v 0.0482708 0.0975081 -0.006091225
v 0.05004616 0.09597275 -0.009855816
v 0.0483532 0.09568422 -0.009855815
v 0.06449608 0.08796266 0.006091226
v 0.06642929 0.08958599 0.009855809
v 0.06921562 0.08220015 0.009855811
v 0.06698738 0.08123214 0.006091229
v 0.06972565 0.0713996 0.009855812
v 0.06743713 0.07113967 0.006091229
v 0.06881897 0.09138731 0.009855809
v 0.07075226 0.09282434 0.006091225
v 0.07418007 0.08379333 0.006091226
v 0.07196617 0.08315665 0.009855811
v 0 0.1001677 -0.05000001
v 0.0129409 0.102745 -0.0482963
v 0 0.102745 -0.05000002
v 0.0129409 0.1001677 -0.0482963
v 0 0.005671135 -0.05
v 0.025 0.102745 -0.04330128
v 0.0129409 0.005671135 -0.04829629
v 0 0.002745012 -0.05
v 0.0129409 0.002745012 -0.04829629
v 0.025 0.1001677 -0.04330128
v 0.03535538 0.102745 -0.03535536
v 0.025 0.005671136 -0.04330127
v 0.03535538 0.1001677 -0.03535535
v 0.04330131 0.102745 -0.02500002
v 0.04330131 0.1001677 -0.02500001
v 0.03535538 0.005671137 -0.03535534
v 0.04330131 0.00567114 -0.025
v 0.025 0.002745013 -0.04330127
v 0.03535538 0.002745015 -0.03535534
v 0.04330131 0.002745017 -0.025
v 0.04169998 -4.172325E-09 -0.02407558
v 0.034048 -5.364418E-09 -0.03404801
v 0.0240757 -6.556511E-09 -0.04170012
v 0.01246246 -8.34465E-09 -0.04651044
v 0.04330131 0.1001677 -0.02500001
v 0.04829628 0.102745 -0.01294097
v 0.04330131 0.102745 -0.02500002
v 0.04829628 0.1001677 -0.01294097
v 0.04330131 0.00567114 -0.025
v 0.05 0.102745 -2.145767E-08
v 0.04829628 0.005671141 -0.01294096
v 0.04330131 0.002745017 -0.025
v 0.05 0.1001677 -1.907349E-08
v 0.04829628 0.102745 0.01294093
v 0.04829628 0.1001677 0.01294093
v 0.04330131 0.102745 0.02499998
v 0.04330131 0.1001677 0.02499998
v 0.05 0.005671144 -4.768371E-09
v 0.04829628 0.005671145 0.01294095
v 0.04330131 0.005671147 0.02499999
v 0.04829628 0.002745018 -0.01294095
v 0.05 0.00274502 -4.321337E-09
v 0.04829628 0.002745023 0.01294095
v 0.04330131 0.002745024 0.02499999
v 0.04651039 2.086163E-09 0.01246243
v 0.04815117 0 -3.557652E-09
v 0.04651039 -2.086163E-09 -0.01246243
v 0.04169998 -4.172325E-09 -0.02407558
v 0.04330131 0.1001677 0.02499998
v 0.03535538 0.102745 0.03535531
v 0.04330131 0.102745 0.02499998
v 0.03535538 0.1001677 0.03535531
v 0.025 0.102745 0.04330125
v 0.04330131 0.005671147 0.02499999
v 0.025 0.1001677 0.04330125
v 0.03535538 0.00567115 0.03535533
v 0.04330131 0.002745024 0.02499999
v 0.025 0.00567115 0.04330126
v 0.03535538 0.002745026 0.03535533
v 0.025 0.002745026 0.04330127
v 0.0240757 6.556511E-09 0.04170011
v 0.034048 5.364418E-09 0.03404799
v 0.025 0.1001677 0.04330125
v 0.0129409 0.102745 0.04829627
v 0.025 0.102745 0.04330125
v 0.0129409 0.1001677 0.04829627
v 0.025 0.00567115 0.04330126
v 0 0.102745 0.04999998
v 0.0129409 0.005671151 0.04829628
v 0.025 0.002745026 0.04330127
v 0 0.1001677 0.04999998
v -0.01294098 0.102745 0.04829628
v -0.01294098 0.1001677 0.04829628
v -0.025 0.102745 0.04330127
v 0 0.005671152 0.05
v 0.0129409 0.002745027 0.04829629
v -0.025 0.1001677 0.04330127
v -0.0353553 0.102745 0.03535534
v -0.0353553 0.1001677 0.03535534
v -0.04330131 0.102745 0.025
v -0.01294098 0.005671152 0.04829629
v -0.025 0.005671151 0.04330128
v 0.01246246 7.152557E-09 0.04651043
v 0.0240757 6.556511E-09 0.04170011
v 0 7.748604E-09 0.04815115
v 0 0.002745027 0.05
v -0.01246239 7.152557E-09 0.04651044
v -0.01294098 0.002745029 0.0482963
v -0.025 0.002745027 0.04330128
v -0.02407555 6.556511E-09 0.04170013
v -0.034048 5.364418E-09 0.03404803
v -0.0353553 0.1001677 0.03535534
v -0.04330131 0.1001677 0.025
v -0.04330131 0.102745 0.025
v -0.0353553 0.005671148 0.03535536
v -0.04330131 0.005671148 0.02500001
v -0.025 0.005671151 0.04330128
v -0.025 0.1001677 0.04330127
v -0.025 0.002745027 0.04330128
v -0.0353553 0.002745026 0.03535536
v -0.04330131 0.002745024 0.02500001
v -0.034048 5.364418E-09 0.03404803
v -0.04170006 3.874302E-09 0.02407559
v -0.04330131 0.1001677 0.025
v -0.04829628 0.102745 0.01294095
v -0.04330131 0.102745 0.025
v -0.04829628 0.1001677 0.01294095
v -0.04330131 0.005671148 0.02500001
v -0.05 0.102745 7.152557E-09
v -0.04829628 0.005671146 0.01294097
v -0.04330131 0.002745024 0.02500001
v -0.05 0.1001677 7.152557E-09
v -0.04829628 0.102745 -0.01294094
v -0.04829628 0.1001677 -0.01294094
v -0.04330131 0.102745 -0.02499999
v -0.05 0.005671144 2.220273E-08
v -0.04829628 0.002745022 0.01294097
v -0.04330131 0.1001677 -0.02499999
v -0.03535538 0.102745 -0.03535534
v -0.04651039 2.086163E-09 0.01246245
v -0.04170006 3.874302E-09 0.02407559
v -0.04815109 0 2.24635E-08
v -0.05 0.00274502 2.264976E-08
v -0.04829628 0.005671141 -0.01294093
v -0.03535538 0.1001677 -0.03535533
v -0.025 0.102745 -0.04330127
v -0.025 0.1001677 -0.04330127
v -0.03535538 0.005671137 -0.03535532
v -0.04330131 0.005671139 -0.02499998
v -0.04829628 0.002745018 -0.01294093
v -0.04651039 -2.086163E-09 -0.01246241
v -0.04170013 -4.172325E-09 -0.02407555
v -0.04330131 0.002745016 -0.02499998
v -0.03535538 0.002745015 -0.03535532
v 0.01246246 -8.34465E-09 -0.04651044
v 0 -7.748604E-09 -0.04815115
v -0.01246246 -8.34465E-09 -0.04651043
v 0.0240757 -6.556511E-09 -0.04170012
v -0.02407562 -6.556511E-09 -0.04170011
v 0.034048 -5.364418E-09 -0.03404801
v -0.034048 -5.364418E-09 -0.03404798
v 0.04169998 -4.172325E-09 -0.02407558
v -0.04170013 -4.172325E-09 -0.02407555
v 0.04651039 -2.086163E-09 -0.01246243
v -0.04651039 -2.086163E-09 -0.01246241
v 0.04815117 0 -3.557652E-09
v -0.04815109 0 2.24635E-08
v 0.04651039 2.086163E-09 0.01246243
v -0.04651039 2.086163E-09 0.01246245
v 0.04170013 3.874302E-09 0.02407557
v -0.04170006 3.874302E-09 0.02407559
v 0.034048 5.364418E-09 0.03404799
v -0.034048 5.364418E-09 0.03404803
v 0.0240757 6.556511E-09 0.04170011
v -0.02407555 6.556511E-09 0.04170013
v 0.01246246 7.152557E-09 0.04651043
v -0.01246239 7.152557E-09 0.04651044
v 0 7.748604E-09 0.04815115
v -0.025 0.1001677 -0.04330127
v -0.01294098 0.102745 -0.0482963
v -0.025 0.102745 -0.04330127
v -0.01294098 0.1001677 -0.0482963
v 0 0.102745 -0.05000002
v 0 0.1001677 -0.05000001
v -0.025 0.005671137 -0.04330125
v -0.03535538 0.005671137 -0.03535532
v -0.03535538 0.002745015 -0.03535532
v -0.01294098 0.005671136 -0.04829628
v 0 0.005671135 -0.05
v -0.025 0.002745014 -0.04330126
v -0.01294098 0.002745013 -0.04829628
v 0 0.002745012 -0.05
v -0.01246246 -8.34465E-09 -0.04651043
v -0.02407562 -6.556511E-09 -0.04170011
v -0.034048 -5.364418E-09 -0.03404798
v -0.04330131 0.002745016 -0.02499998
v -0.04170013 -4.172325E-09 -0.02407555
v 0.04829628 0.002745023 0.01294095
v 0.04651039 2.086163E-09 0.01246243
v 0.04170013 3.874302E-09 0.02407557
v 0.04330131 0.002745024 0.02499999
v 0.034048 5.364418E-09 0.03404799
v 0.03535538 0.002745026 0.03535533
v 0 0.002745012 -0.05
v 0.01246246 -8.34465E-09 -0.04651044
v 0.0129409 0.002745012 -0.04829629
v 0 -7.748604E-09 -0.04815115
v -0.01294098 0.002745013 -0.04829628
v -0.01246246 -8.34465E-09 -0.04651043
v 0.03928314 0.1001677 -0.02268017
v 0.03928314 0.102745 -0.02268017
v 0.0438147 0.102745 -0.01174013
v 0.0438147 0.1001677 -0.01174013
v 0.04536033 0.102745 -1.907349E-08
v 0.03928314 0.07687129 -0.02268016
v 0.04536033 0.1001677 -1.907349E-08
v 0.0438147 0.07687129 -0.01174012
v 0.04536033 0.07687129 -1.549721E-08
v 0.03928314 0.01207204 -0.02268015
v 0.0438147 0.01207204 -0.01174011
v 0.03928314 0.009451 -0.02268015
v 0.04536033 0.1001677 -1.907349E-08
v 0.04536033 0.102745 -1.907349E-08
v 0.0438147 0.102745 0.01174009
v 0.0438147 0.1001677 0.01174009
v 0.03928314 0.102745 0.02268013
v 0.04536033 0.07687129 -1.549721E-08
v 0.03928314 0.1001677 0.02268013
v 0.03207466 0.102745 0.03207455
v 0.0438147 0.07687129 0.01174009
v 0.03207466 0.1001677 0.03207455
v 0.02268021 0.102745 0.03928315
v 0.03928314 0.0768713 0.02268013
v 0.02268021 0.1001677 0.03928316
v 0.01174019 0.102745 0.04381467
v 0.03207466 0.07687129 0.03207456
v 0.01174019 0.1001677 0.04381467
v 0 0.102745 0.04536029
v 0 0.1001677 0.04536029
v 0.02268021 0.0768713 0.03928316
v 0.01174019 0.07687131 0.04381468
v 0 0.07687131 0.04536029
v 0.01174019 0.01207205 0.04381469
v 0 0.01207205 0.0453603
v 0.02268021 0.01207205 0.03928317
v 0.01174019 0.009451011 0.04381469
v 0 0.009451012 0.0453603
v 0.02268021 0.009451012 0.03928317
v 0.03207466 0.00945101 0.03207457
v 0.03207466 0.01207205 0.03207457
v 0.03928314 0.009451008 0.02268014
v 0.03928314 0.01207205 0.02268014
v 0.0438147 0.009451007 0.0117401
v 0.0438147 0.01207204 0.0117401
v 0.04536033 0.009451006 -4.61936E-09
v 0.04536033 0.01207204 -5.066395E-09
v 0.0438147 0.009451003 -0.01174011
v 0.0438147 0.01207204 -0.01174011
v 0.0438147 0.07687129 -0.01174012
v 0.03928314 0.009451 -0.02268015
v -0.0438147 0.1001677 0.01174011
v -0.0438147 0.102745 0.01174011
v -0.04536026 0.102745 4.768371E-09
v -0.03928314 0.1001677 0.02268015
v -0.03928314 0.102745 0.02268015
v -0.03928314 0.07687129 0.02268015
v -0.0438147 0.07687129 0.01174012
v -0.03207459 0.1001677 0.03207459
v -0.03207459 0.102745 0.03207459
v -0.03207459 0.0768713 0.03207459
v -0.03928314 0.01207205 0.02268016
v -0.0438147 0.01207204 0.01174013
v -0.02268013 0.1001677 0.03928317
v -0.02268013 0.102745 0.03928317
v -0.03928314 0.009451008 0.02268017
v -0.0438147 0.009451007 0.01174013
v -0.03207459 0.00945101 0.0320746
v -0.03207459 0.01207205 0.0320746
v -0.02268013 0.009451012 0.03928318
v -0.02268013 0.01207205 0.03928318
v -0.01174011 0.009451012 0.04381469
v -0.02268013 0.0768713 0.03928318
v -0.01174011 0.01207205 0.04381469
v 0 0.009451012 0.0453603
v 0 0.01207205 0.0453603
v -0.01174011 0.0768713 0.04381468
v 0 0.07687131 0.04536029
v -0.01174011 0.1001677 0.04381468
v 0 0.1001677 0.04536029
v -0.01174011 0.102745 0.04381468
v -0.03928322 0.1001677 -0.02268015
v -0.03928322 0.102745 -0.02268015
v -0.03207466 0.102745 -0.03207458
v -0.03207466 0.1001677 -0.03207458
v -0.02268021 0.102745 -0.03928318
v -0.03928322 0.07687129 -0.02268014
v -0.02268021 0.1001677 -0.03928318
v -0.03207466 0.07687128 -0.03207457
v -0.03928322 0.01207204 -0.02268013
v -0.02268021 0.07687128 -0.03928318
v -0.03207466 0.01207204 -0.03207456
v -0.03928322 0.009451 -0.02268013
v -0.02268021 0.01207204 -0.03928316
v -0.03207466 0.009450999 -0.03207456
v -0.02268021 0.009450998 -0.03928316
v -0.02268021 0.1001677 -0.03928318
v -0.02268021 0.102745 -0.03928318
v -0.01174011 0.102745 -0.0438147
v -0.01174011 0.1001677 -0.0438147
v -0.02268021 0.07687128 -0.03928318
v 0 0.102745 -0.04536033
v -0.01174011 0.07687128 -0.04381469
v -0.02268021 0.01207204 -0.03928316
v 0 0.1001677 -0.04536032
v 0.01174019 0.102745 -0.04381471
v -0.01174011 0.01207204 -0.04381469
v -0.02268021 0.009450998 -0.03928316
v -0.01174011 0.009450998 -0.04381468
v 0.01174019 0.1001677 -0.04381471
v 0.02268021 0.102745 -0.03928319
v 0 0.07687129 -0.04536032
v 0 0.01207204 -0.04536031
v 0 0.009450998 -0.04536031
v 0.02268021 0.1001677 -0.03928319
v 0.03207466 0.102745 -0.0320746
v 0.01174019 0.07687128 -0.0438147
v 0.01174019 0.01207203 -0.04381469
v 0.01174019 0.009450997 -0.04381469
v 0.03207466 0.1001677 -0.03207459
v 0.03928314 0.102745 -0.02268017
v 0.03928314 0.1001677 -0.02268017
v 0.02268021 0.07687129 -0.03928319
v 0.02268021 0.01207204 -0.03928318
v 0.02268021 0.009450998 -0.03928318
v 0.03207466 0.07687128 -0.03207459
v 0.03928314 0.07687129 -0.02268016
v 0.03207466 0.01207204 -0.03207458
v 0.03207466 0.009450999 -0.03207458
v 0.03928314 0.01207204 -0.02268015
v 0.03928314 0.009451 -0.02268015
v -0.0438147 0.009451003 -0.01174009
v -0.03928322 0.01207204 -0.02268013
v -0.03928322 0.009451 -0.02268013
v -0.0438147 0.01207204 -0.01174009
v -0.04536026 0.009451004 1.966953E-08
v -0.03928322 0.07687129 -0.02268014
v -0.04536026 0.01207204 1.907349E-08
v -0.0438147 0.009451007 0.01174013
v -0.0438147 0.01207204 0.01174013
v -0.0438147 0.07687129 -0.0117401
v -0.03928322 0.1001677 -0.02268015
v -0.04536026 0.07687129 8.34465E-09
v -0.0438147 0.07687129 0.01174012
v -0.0438147 0.1001677 -0.01174011
v -0.03928322 0.102745 -0.02268015
v -0.0438147 0.102745 -0.0117401
v -0.04536026 0.1001677 4.768371E-09
v -0.0438147 0.1001677 0.01174011
v -0.04536026 0.102745 4.768371E-09
v 0.0111309 0.008868592 -0.04154071
v 0.01174019 0.009450997 -0.04381469
v 0.02268021 0.009450998 -0.03928318
v 0 0.008868592 -0.04300611
v 0 0.009450998 -0.04536031
v 0.02150314 0.008868593 -0.03724438
v 0.03207466 0.009450999 -0.03207458
v -0.01113083 0.008868592 -0.0415407
v -0.01174011 0.009450998 -0.04381468
v 0.03040985 0.008868594 -0.03040991
v 0.03928314 0.009451 -0.02268015
v -0.02150307 0.008868593 -0.03724437
v -0.02268021 0.009450998 -0.03928316
v 0.03724441 0.008868596 -0.02150306
v 0.0438147 0.009451003 -0.01174011
v -0.03040993 0.008868594 -0.03040989
v -0.03207466 0.009450999 -0.03207456
v 0.04154068 0.008868597 -0.0111308
v 0.04536033 0.009451006 -4.61936E-09
v -0.03724441 0.008868596 -0.02150303
v -0.03928322 0.009451 -0.02268013
v 0.04300613 0.008868598 -4.172325E-09
v 0.0438147 0.009451007 0.0117401
v -0.04154068 0.008868597 -0.01113078
v -0.0438147 0.009451003 -0.01174009
v 0.04154068 0.0088686 0.01113079
v 0.03928314 0.009451008 0.02268014
v -0.04300613 0.008868598 1.862645E-08
v -0.04536026 0.009451004 1.966953E-08
v 0.03724441 0.008868602 0.02150304
v 0.03207466 0.00945101 0.03207457
v -0.04154068 0.008868601 0.01113082
v -0.0438147 0.009451007 0.01174013
v 0.03040985 0.008868604 0.0304099
v 0.02268021 0.009451012 0.03928317
v -0.03724441 0.008868602 0.02150307
v -0.03928314 0.009451008 0.02268017
v 0.02150314 0.008868605 0.03724437
v 0.01174019 0.009451011 0.04381469
v -0.03040993 0.008868602 0.03040993
v -0.03207459 0.00945101 0.0320746
v 0.0111309 0.008868605 0.04154071
v 0 0.009451012 0.0453603
v -0.02150307 0.008868604 0.03724439
v -0.02268013 0.009451012 0.03928318
v 0 0.008868606 0.04300611
v -0.01174011 0.009451012 0.04381469
v -0.01113083 0.008868605 0.04154071
v 0.02127083 0.005671147 0.02127075
v 0.01504059 0.005671148 0.02605125
v 0 0.00567115 5.215406E-09
v 0.02605125 0.005671146 0.01504069
v 0.007785644 0.005671148 0.02905639
v 0.0290564 0.005671144 0.007785634
v 0 0.005671148 0.03008139
v 0.03008148 0.005671144 -1.043081E-09
v -0.007785644 0.005671148 0.0290564
v 0.0290564 0.005671142 -0.007785636
v -0.01504066 0.005671148 0.02605125
v 0.02605125 0.005671141 -0.01504069
v -0.02127075 0.005671147 0.02127077
v 0.02127083 0.00567114 -0.02127075
v -0.02605125 0.005671146 0.0150407
v 0.01504059 0.005671139 -0.02605125
v -0.0290564 0.005671144 0.007785649
v 0.007785644 0.005671138 -0.02905639
v -0.0300814 0.005671144 1.505017E-08
v 0 0.005671138 -0.03008139
v -0.0290564 0.005671142 -0.007785621
v -0.007785721 0.005671138 -0.02905639
v -0.02605125 0.005671141 -0.01504068
v -0.01504066 0.005671139 -0.02605123
v -0.02127075 0.00567114 -0.02127074
v 0.04829628 0.102745 -0.01294097
v 0.0438147 0.102745 -0.01174013
v 0.03928314 0.102745 -0.02268017
v 0.04330131 0.102745 -0.02500002
v 0.05 0.102745 -2.145767E-08
v 0.03207466 0.102745 -0.0320746
v 0.04536033 0.102745 -1.907349E-08
v 0.03535538 0.102745 -0.03535536
v 0.04829628 0.102745 0.01294093
v 0.02268021 0.102745 -0.03928319
v 0.0438147 0.102745 0.01174009
v 0.025 0.102745 -0.04330128
v 0.04330131 0.102745 0.02499998
v 0.01174019 0.102745 -0.04381471
v 0.03928314 0.102745 0.02268013
v 0.0129409 0.102745 -0.0482963
v 0.03535538 0.102745 0.03535531
v 0 0.102745 -0.04536033
v 0.03207466 0.102745 0.03207455
v 0 0.102745 -0.05000002
v 0.025 0.102745 0.04330125
v -0.01174011 0.102745 -0.0438147
v 0.02268021 0.102745 0.03928315
v -0.01294098 0.102745 -0.0482963
v 0.0129409 0.102745 0.04829627
v -0.02268021 0.102745 -0.03928318
v 0.01174019 0.102745 0.04381467
v -0.025 0.102745 -0.04330127
v 0 0.102745 0.04999998
v -0.03207466 0.102745 -0.03207458
v 0 0.102745 0.04536029
v -0.03535538 0.102745 -0.03535534
v -0.01294098 0.102745 0.04829628
v -0.03928322 0.102745 -0.02268015
v -0.01174011 0.102745 0.04381468
v -0.04330131 0.102745 -0.02499999
v -0.025 0.102745 0.04330127
v -0.0438147 0.102745 -0.0117401
v -0.02268013 0.102745 0.03928317
v -0.04829628 0.102745 -0.01294094
v -0.0353553 0.102745 0.03535534
v -0.04536026 0.102745 4.768371E-09
v -0.03207459 0.102745 0.03207459
v -0.05 0.102745 7.152557E-09
v -0.04330131 0.102745 0.025
v -0.0438147 0.102745 0.01174011
v -0.03928314 0.102745 0.02268015
v -0.04829628 0.102745 0.01294095
v 0.0684588 0.04344049 -0.006105153
v 0.06663232 0.04487017 -0.009894974
v 0.06100408 0.03599965 -0.009894596
v 0.06237762 0.03436089 -0.00610447
v 0.05424485 0.03069546 -0.009894292
v 0.05499132 0.02875946 -0.006104006
v 0.06290907 0.03384968 1.43186E-08
v 0.05015752 0.02944221 -0.009894829
v 0.0552741 0.02804189 1.490632E-08
v 0.06237762 0.0343609 0.0061045
v 0.0504944 0.02745291 -0.006103714
v 0.04681118 0.02872032 -0.009892401
v 0.04681406 0.02674764 -0.006103271
v 0.05062151 0.0267195 1.552694E-08
v 0.04681419 0.02602342 1.551026E-08
v 0.05499132 0.02875946 0.006104037
v 0.06100408 0.03599965 0.009894622
v 0.05424485 0.03069546 0.009894321
v 0.0504944 0.02745292 0.006103746
v 0.04681406 0.02674764 0.006103301
v 0.05015752 0.02944221 0.00989486
v 0.04681118 0.02872032 0.009892433
v 0.06663232 0.04487018 0.009894993
v 0.06237762 0.0343609 0.0061045
v 0.06100408 0.03599965 0.009894622
v 0.0684588 0.04344049 0.006105174
v 0.07064058 0.05732112 0.009895205
v 0.06290907 0.03384968 1.43186E-08
v 0.07276562 0.05633744 0.006105472
v 0.0725425 0.0713208 0.009895215
v 0.06915918 0.04291405 1.016259E-08
v 0.06237762 0.03436089 -0.00610447
v 0.0684588 0.04344049 -0.006105153
v 0.07358053 0.05588015 7.155584E-09
v 0.07479948 0.07103143 0.006105378
v 0.07199021 0.08316143 0.009895121
v 0.07276562 0.05633744 -0.006105457
v 0.06663232 0.04487017 -0.009894974
v 0.07064058 0.05732111 -0.00989519
v 0.07562824 0.07060137 4.768768E-09
v 0.07422319 0.08380219 0.006105666
v 0.06883909 0.09140205 0.009894848
v 0.07479948 0.07103143 -0.006105368
v 0.0725425 0.0713208 -0.009895206
v 0.07078756 0.09285042 0.006106081
v 0.06331432 0.09578105 0.009894392
v 0.06468756 0.09756585 0.006104742
v 0.07507096 0.08401303 -1.895371E-11
v 0.07422319 0.08380219 -0.006105664
v 0.07199021 0.08316143 -0.009895116
v 0.07152787 0.0934008 1.181425E-09
v 0.06521032 0.09823637 -1.155337E-09
v 0.07078756 0.09285042 -0.006106081
v 0.06883909 0.09140205 -0.009894846
v 0.06468756 0.09756586 -0.006104746
v 0.05015752 0.02944221 -0.009894829
v 0.04680063 0.03132364 -0.009896832
v 0.04681118 0.02872032 -0.009892401
v 0.04973928 0.03204358 -0.009895209
v 0.05424485 0.03069546 -0.009894292
v 0.05332184 0.03321521 -0.009896001
v 0.06100408 0.03599965 -0.009894596
v 0.05934697 0.03832793 -0.009895855
v 0.06663232 0.04487017 -0.009894974
v 0.06439234 0.0467431 -0.009895739
v 0.07064058 0.05732111 -0.00989519
v 0.06798791 0.05841646 -0.009895616
v 0.0725425 0.0713208 -0.009895206
v 0.06970215 0.07140042 -0.009895756
v 0.07199021 0.08316143 -0.009895116
v 0.06919362 0.08219522 -0.009896323
v 0.06883909 0.09140205 -0.009894846
v 0.06641197 0.08957335 -0.009896954
v 0.06331432 0.09578105 -0.009894392
v 0.06159669 0.09351502 -0.009896432
v 0.05624062 0.09705511 -0.009893819
v 0.05540754 0.09470113 -0.009895496
v 0.05004231 0.09599812 -0.009894401
v 0.04994953 0.09362084 -0.009894361
v 0.04834966 0.09570824 -0.009895283
v 0.04845693 0.09331637 -0.009893166
v 0.04973928 0.03204358 -0.009895209
v 0.04680033 0.03352942 -0.006105159
v 0.04680063 0.03132364 -0.009896832
v 0.04943514 0.03425682 -0.006104992
v 0.05332184 0.03321521 -0.009896001
v 0.04681622 0.03440231 1.13041E-08
v 0.05264223 0.03538851 -0.006105293
v 0.05934697 0.03832793 -0.009895855
v 0.04933637 0.03513496 1.135089E-08
v 0.04680033 0.03352942 0.006105184
v 0.05807198 0.04026141 -0.006104985
v 0.06439234 0.0467431 -0.009895739
v 0.04943514 0.03425683 0.006105016
v 0.04680063 0.03132364 0.00989686
v 0.04973928 0.03204358 0.009895239
v 0.05240311 0.03625469 1.133384E-08
v 0.05264223 0.03538851 0.006105316
v 0.05332184 0.03321522 0.009896027
v 0.0626307 0.04833465 -0.006104886
v 0.06798791 0.05841646 -0.009895616
v 0.05760289 0.041009 1.130688E-08
v 0.05807198 0.04026141 0.006105006
v 0.05934697 0.03832793 0.009895881
v 0.06587121 0.05926635 -0.006104959
v 0.06970215 0.07140042 -0.009895756
v 0.06197181 0.04886902 8.32281E-09
v 0.0626307 0.04833465 0.006104904
v 0.06439234 0.04674311 0.009895757
v 0.06739303 0.07114153 -0.006105326
v 0.06919362 0.08219522 -0.009896323
v 0.06507764 0.05947025 5.935205E-09
v 0.06587121 0.05926635 0.006104974
v 0.06798791 0.05841646 0.009895633
v 0.06694439 0.08122345 -0.006106202
v 0.06641197 0.08957335 -0.009896954
v 0.06446031 0.0879378 -0.006107058
v 0.06653498 0.070997 4.775059E-09
v 0.06739303 0.07114153 0.006105334
v 0.06970215 0.07140042 0.009895765
v 0.06608951 0.08073708 2.392795E-09
v 0.06371937 0.08724764 -3.384379E-11
v 0.06694439 0.08122345 0.006106211
v 0.06919362 0.08219522 0.009896328
v 0.06446031 0.0879378 0.00610706
v 0.05968706 0.09084705 -4.492092E-11
v 0.06641197 0.08957335 0.009896953
v 0.06021396 0.09162938 0.006106016
v 0.06159669 0.09351502 0.009896428
v 0.04973928 0.03204358 0.009895239
v 0.04681118 0.02872032 0.009892433
v 0.04680063 0.03132364 0.00989686
v 0.05015752 0.02944221 0.00989486
v 0.05332184 0.03321522 0.009896027
v 0.05424485 0.03069546 0.009894321
v 0.05934697 0.03832793 0.009895881
v 0.06100408 0.03599965 0.009894622
v 0.06439234 0.04674311 0.009895757
v 0.06663232 0.04487018 0.009894993
v 0.06798791 0.05841646 0.009895633
v 0.07064058 0.05732112 0.009895205
v 0.06970215 0.07140042 0.009895765
v 0.0725425 0.0713208 0.009895215
v 0.06919362 0.08219522 0.009896328
v 0.07199021 0.08316143 0.009895121
v 0.06641197 0.08957335 0.009896953
v 0.06883909 0.09140205 0.009894848
v 0.06159669 0.09351502 0.009896428
v 0.06331432 0.09578105 0.009894392
v 0.05540754 0.09470113 0.009895497
v 0.05624062 0.09705511 0.009893813
v 0.04994953 0.09362084 0.009894362
v 0.05004231 0.09599812 0.009894392
v 0.04845693 0.09331637 0.009893166
v 0.04834966 0.09570824 0.009895277
v 0.04994953 0.09362084 -0.009894361
v 0.05471782 0.09263892 -0.00610403
v 0.05540754 0.09470113 -0.009895496
v 0.04987835 0.09156328 -0.0061035
v 0.04845693 0.09331637 -0.009893166
v 0.05447097 0.09186322 -1.184001E-11
v 0.04855369 0.09126872 -0.006103602
v 0.04985929 0.0907739 -8.909836E-13
v 0.05471782 0.09263892 0.006104026
v 0.04859689 0.09047771 3.560145E-12
v 0.04987835 0.09156328 0.006103499
v 0.05540754 0.09470113 0.009895497
v 0.04855369 0.09126872 0.006103604
v 0.04994953 0.09362084 0.009894362
v 0.04845693 0.09331637 0.009893166
v 0.05004231 0.09599812 0.009894392
v 0.05690164 0.09886447 0.00610246
v 0.05624062 0.09705511 0.009893813
v 0.05011635 0.09783418 0.006101916
v 0.04834966 0.09570824 0.009895277
v 0.0571437 0.09938823 -2.134591E-09
v 0.04826443 0.09755267 0.006102313
v 0.05015045 0.09850969 -2.126357E-09
v 0.05690164 0.09886449 -0.00610246
v 0.04824145 0.09826977 -2.319126E-09
v 0.05011635 0.09783418 -0.006101919
v 0.05624062 0.09705511 -0.009893819
v 0.04826443 0.09755267 -0.006102315
v 0.05004231 0.09599812 -0.009894401
v 0.04834966 0.09570824 -0.009895283
v 0.05690164 0.09886449 -0.00610246
v 0.05624062 0.09705511 -0.009893819
v 0.06331432 0.09578105 -0.009894392
v 0.06468756 0.09756586 -0.006104746
v 0.06883909 0.09140205 -0.009894846
v 0.07078756 0.09285042 -0.006106081
v 0.0571437 0.09938823 -2.134591E-09
v 0.06521032 0.09823637 -1.155337E-09
v 0.05690164 0.09886447 0.00610246
v 0.06468756 0.09756585 0.006104742
v 0.05624062 0.09705511 0.009893813
v 0.06331432 0.09578105 0.009894392
v 0.05471782 0.09263892 0.006104026
v 0.05540754 0.09470113 0.009895497
v 0.06159669 0.09351502 0.009896428
v 0.06021396 0.09162938 0.006106016
v 0.05447097 0.09186322 -1.184001E-11
v 0.05968706 0.09084705 -4.492092E-11
v 0.05471782 0.09263892 -0.00610403
v 0.06021396 0.09162938 -0.006106017
v 0.05540754 0.09470113 -0.009895496
v 0.06371937 0.08724764 -3.384379E-11
v 0.06159669 0.09351502 -0.009896432
v 0.06446031 0.0879378 -0.006107058
v 0.06641197 0.08957335 -0.009896954
v -5.512334E-11 0.1001623 -0.05004628
v 0.01295052 0.102773 -0.0483322
v -3.165218E-11 0.102773 -0.05003719
v 0.01295288 0.1001623 -0.048341
v 0.02501859 0.102773 -0.04333348
v 0.01295289 0.005670897 -0.04834104
v -8.777646E-11 0.005670897 -0.05004632
v 0.02502316 0.005670899 -0.04334139
v 0.02502313 0.1001623 -0.04334135
v 0.03538166 0.102773 -0.03538164
v 0.03538813 0.0056709 -0.03538809
v 0.03538809 0.1001623 -0.03538807
v 0.0433335 0.102773 -0.02501861
v 0.04334144 0.005670902 -0.02502316
v 0.04334138 0.1001623 -0.02502315
v 0.04833218 0.102773 -0.01295059
v 0.04834103 0.005670903 -0.01295295
v 0.04834097 0.1001623 -0.01295294
v 0.05004632 0.005670906 -4.693896E-09
v 0.05003717 0.102773 -2.131842E-08
v 0.05004627 0.1001623 -1.894972E-08
v 0.05004627 0.1001623 -1.894972E-08
v 0.04833217 0.102773 0.01295055
v 0.05003717 0.102773 -2.131842E-08
v 0.04834097 0.1001623 0.0129529
v 0.0433335 0.102773 0.02501857
v 0.04334138 0.1001623 0.02502311
v 0.03538166 0.102773 0.0353816
v 0.03538809 0.1001623 0.03538803
v 0.02501859 0.102773 0.04333344
v 0.02502314 0.1001624 0.04334131
v 0.02502316 0.005670912 0.04334138
v 0.03538813 0.005670912 0.03538808
v 0.04334144 0.005670909 0.02502315
v 0.04834102 0.005670907 0.01295293
v 0.05004632 0.005670906 -4.693896E-09
v 0.04834097 0.1001623 -0.01295294
v 0.02502314 0.1001624 0.04334131
v 0.01295052 0.102773 0.04833217
v 0.02501859 0.102773 0.04333344
v 0.01295288 0.1001623 0.04834097
v 9.905968E-11 0.102773 0.05003715
v 0.01295289 0.005670913 0.04834104
v 0.02502316 0.005670912 0.04334138
v 4.611854E-11 0.1001623 0.05004625
v -5.874426E-11 0.005670914 0.05004632
v -0.0129506 0.102773 0.04833219
v -0.01295297 0.005670914 0.04834104
v -0.01295295 0.1001623 0.04834097
v -0.02501858 0.102773 0.04333346
v -0.02502317 0.005670913 0.0433414
v -0.02502313 0.1001623 0.04334133
v -0.03538159 0.102773 0.03538163
v -0.03538806 0.00567091 0.03538812
v -0.03538802 0.1001623 0.03538806
v -0.04334144 0.00567091 0.02502318
v -0.04334138 0.1001623 0.02502313
v -0.04834103 0.005670908 0.01295296
v -0.04834097 0.1001623 0.01295293
v -0.03538802 0.1001623 0.03538806
v -0.0433335 0.102773 0.02501859
v -0.03538159 0.102773 0.03538163
v -0.04334138 0.1001623 0.02502313
v -0.04833218 0.102773 0.01295058
v -0.04834097 0.1001623 0.01295293
v -0.05003717 0.102773 7.074993E-09
v -0.05004627 0.1001623 7.098174E-09
v -0.04833218 0.102773 -0.01295056
v -0.05004632 0.005670906 2.217097E-08
v -0.04834103 0.005670908 0.01295296
v -0.04834102 0.005670903 -0.01295292
v -0.04834097 0.1001623 -0.01295292
v -0.0433335 0.102773 -0.02501858
v -0.04334144 0.005670901 -0.02502314
v -0.04334139 0.1001623 -0.02502312
v -0.03538166 0.102773 -0.03538162
v -0.03538813 0.0056709 -0.03538808
v -0.03538809 0.1001623 -0.03538804
v -0.02501859 0.102773 -0.04333346
v -0.02502316 0.005670899 -0.04334137
v -0.02502313 0.1001623 -0.04334133
v -0.01295297 0.005670899 -0.04834104
v -0.01295295 0.1001623 -0.04834099
v -8.777646E-11 0.005670897 -0.05004632
v -0.02502313 0.1001623 -0.04334133
v -0.0129506 0.102773 -0.0483322
v -0.02501859 0.102773 -0.04333346
v -0.01295295 0.1001623 -0.04834099
v -3.165218E-11 0.102773 -0.05003719
v -5.512334E-11 0.1001623 -0.05004628
v -8.777646E-11 0.005670897 -0.05004632
v 2.877723E-11 0.1001611 -0.04531408
v -2.149903E-11 0.1027742 -0.04532376
v 0.01173072 0.1027742 -0.04377939
v 0.01172822 0.1001611 -0.04377005
v 6.010758E-11 0.07687129 -0.045314
v 0.02266192 0.1027742 -0.03925153
v 0.0117282 0.07687128 -0.04376995
v 1.115121E-10 0.01207084 -0.04531399
v 0.0117282 0.01207084 -0.04376994
v 0.02265709 0.1001611 -0.03924316
v 0.0320488 0.1027742 -0.03204874
v 0.02265704 0.07687129 -0.03924307
v 0.02265704 0.01207084 -0.03924306
v 0.03204197 0.1001611 -0.0320419
v 0.03925148 0.1027742 -0.02266189
v 0.03204191 0.07687128 -0.03204183
v 0.0320419 0.01207084 -0.03204182
v 0.03924311 0.1001611 -0.02265705
v 0.04377937 0.1027742 -0.01173066
v 0.03924302 0.07687129 -0.022657
v 0.03924302 0.01207085 -0.02265699
v 0.04377003 0.1001611 -0.01172816
v 0.04532377 0.1027742 -1.894004E-08
v 0.04376994 0.07687129 -0.01172813
v 0.04376994 0.01207085 -0.01172812
v 0.04531409 0.1001611 -1.897403E-08
v 0.04377938 0.1027742 0.01173063
v 0.04531401 0.07687129 -1.545503E-08
v 0.04377004 0.1001611 0.01172812
v 0.04377004 0.1001611 0.01172812
v 0.04377938 0.1027742 0.01173063
v 0.03925147 0.1027742 0.02266184
v 0.03924309 0.1001612 0.02265701
v 0.0320488 0.1027742 0.0320487
v 0.04376994 0.07687129 0.0117281
v 0.04531401 0.07687129 -1.545503E-08
v 0.03204197 0.1001611 0.03204186
v 0.02266192 0.1027742 0.03925148
v 0.03924302 0.0768713 0.02265697
v 0.02265709 0.1001611 0.03924312
v 0.01173072 0.1027742 0.04377935
v 0.0320419 0.07687129 0.0320418
v 0.01172822 0.1001611 0.04377003
v -7.334374E-12 0.1027742 0.04532372
v 0.02265705 0.0768713 0.03924304
v 3.123808E-11 0.1001611 0.04531404
v -0.01173065 0.1027742 0.04377936
v 0.0117282 0.07687131 0.04376993
v -0.01172814 0.1001611 0.04377003
v -0.02266184 0.1027742 0.03925151
v -0.02265701 0.1001612 0.03924313
v -0.01172812 0.0768713 0.04376993
v -0.02265696 0.0768713 0.03924305
v 3.226194E-11 0.07687131 0.04531397
v 0.0117282 0.01207086 0.04376994
v -2.4902E-11 0.01207086 0.04531398
v 0.02265705 0.01207086 0.03924304
v 0.0320419 0.01207085 0.03204181
v 0.03924302 0.01207085 0.02265698
v 0.04376994 0.01207085 0.01172811
v 0.04531401 0.01207085 -5.017944E-09
v 0.04376994 0.01207085 -0.01172812
v 0.04376994 0.07687129 -0.01172813
v -0.02265701 0.1001612 0.03924313
v -0.02266184 0.1027742 0.03925151
v -0.03204873 0.1027742 0.03204872
v -0.03204189 0.1001612 0.03204189
v -0.03925147 0.1027742 0.02266186
v -0.02265696 0.0768713 0.03924305
v -0.03924311 0.1001611 0.02265703
v -0.04377937 0.1027742 0.01173065
v -0.04377005 0.1001612 0.01172815
v -0.03204183 0.0768713 0.03204182
v -0.03924302 0.07687129 0.02265699
v -0.04376994 0.07687129 0.01172813
v -0.04531401 0.1001611 4.905515E-09
v -0.04531394 0.07687129 8.416696E-09
v -0.04376995 0.01207085 0.01172813
v -0.04531394 0.01207085 1.910949E-08
v -0.03924301 0.01207085 0.022657
v -0.03204183 0.01207085 0.03204183
v -0.02265696 0.01207085 0.03924306
v -0.01172812 0.01207086 0.04376994
v -0.01172812 0.0768713 0.04376993
v -2.4902E-11 0.01207086 0.04531398
v 3.226194E-11 0.07687131 0.04531397
v -0.01172814 0.1001611 0.04377003
v 3.123808E-11 0.1001611 0.04531404
v -0.04377005 0.1001612 0.01172815
v -0.04377937 0.1027742 0.01173065
v -0.0453237 0.1027742 4.852171E-09
v -0.04531401 0.1001611 4.905515E-09
v -0.04377938 0.1027742 -0.01173064
v -0.04377003 0.1001611 -0.01172814
v -0.04531394 0.07687129 8.416696E-09
v -0.03925155 0.1027742 -0.02266186
v -0.04376994 0.07687129 -0.01172811
v -0.04531394 0.01207085 1.910949E-08
v -0.04376994 0.01207085 -0.0117281
v -0.03924317 0.1001611 -0.02265703
v -0.0320488 0.1027742 -0.03204872
v -0.03924309 0.07687129 -0.02265697
v -0.0392431 0.01207085 -0.02265696
v -0.03204197 0.1001611 -0.03204189
v -0.02266192 0.1027742 -0.03925151
v -0.0320419 0.07687128 -0.03204182
v -0.0320419 0.01207084 -0.0320418
v -0.02265709 0.1001611 -0.03924314
v -0.01173065 0.1027742 -0.04377937
v -0.02265704 0.07687128 -0.03924305
v -0.02265704 0.01207084 -0.03924305
v -0.01172814 0.1001611 -0.04377004
v -2.149903E-11 0.1027742 -0.04532376
v 2.877723E-11 0.1001611 -0.04531408
v -0.01172812 0.07687128 -0.04376994
v -0.01172812 0.01207084 -0.04376994
v 6.010758E-11 0.07687129 -0.045314
v 1.115121E-10 0.01207084 -0.04531399
v -0.03538159 0.102773 0.03538163
v -0.03204873 0.1027742 0.03204872
v -0.02266184 0.1027742 0.03925151
v -0.02501858 0.102773 0.04333346
v -0.01173065 0.1027742 0.04377936
v -0.0129506 0.102773 0.04833219
v -7.334374E-12 0.1027742 0.04532372
v 9.905968E-11 0.102773 0.05003715
v 0.01173072 0.1027742 0.04377935
v 0.01295052 0.102773 0.04833217
v 0.02266192 0.1027742 0.03925148
v 0.02501859 0.102773 0.04333344
v 0.0320488 0.1027742 0.0320487
v 0.03538166 0.102773 0.0353816
v 0.03925147 0.1027742 0.02266184
v 0.0433335 0.102773 0.02501857
v -0.0433335 0.102773 -0.02501858
v -0.04377938 0.1027742 -0.01173064
v -0.04833218 0.102773 -0.01295056
v -0.03925155 0.1027742 -0.02266186
v -0.03538166 0.102773 -0.03538162
v -0.0320488 0.1027742 -0.03204872
v -0.02501859 0.102773 -0.04333346
v -0.02266192 0.1027742 -0.03925151
v -0.0129506 0.102773 -0.0483322
v -0.01173065 0.1027742 -0.04377937
v -3.165218E-11 0.102773 -0.05003719
v -2.149903E-11 0.1027742 -0.04532376
v 0.0433335 0.102773 0.02501857
v 0.03925147 0.1027742 0.02266184
v 0.04377938 0.1027742 0.01173063
v 0.04833217 0.102773 0.01295055
v 0.04532377 0.1027742 -1.894004E-08
v 0.05003717 0.102773 -2.131842E-08
v 0.04532377 0.1027742 -1.894004E-08
v 0.04377937 0.1027742 -0.01173066
v 0.04833218 0.102773 -0.01295059
v 0.03925148 0.1027742 -0.02266189
v 0.0433335 0.102773 -0.02501861
v 0.0320488 0.1027742 -0.03204874
v 0.03538166 0.102773 -0.03538164
v 0.02266192 0.1027742 -0.03925153
v 0.02501859 0.102773 -0.04333348
v 0.01173072 0.1027742 -0.04377939
v 0.01295052 0.102773 -0.0483322
v -2.149903E-11 0.1027742 -0.04532376
v -3.165218E-11 0.102773 -0.05003719
v -0.0433335 0.102773 0.02501859
v -0.03925147 0.1027742 0.02266186
v -0.03204873 0.1027742 0.03204872
v -0.03538159 0.102773 0.03538163
v -0.04833218 0.102773 -0.01295056
v -0.04377938 0.1027742 -0.01173064
v -0.0453237 0.1027742 4.852171E-09
v -0.05003717 0.102773 7.074993E-09
v -0.05003717 0.102773 7.074993E-09
v -0.04377937 0.1027742 0.01173065
v -0.04833218 0.102773 0.01295058
v -0.03925147 0.1027742 0.02266186
v -0.0433335 0.102773 0.02501859
v 0.01112686 0.008912405 -0.04152562
v 0.01178457 0.009622759 -0.04398031
v 0.02276594 0.009622759 -0.03943167
v 3.009908E-12 0.008912405 -0.04299049
v -1.107589E-10 0.009622759 -0.04553176
v 0.02149533 0.008912406 -0.03723085
v 0.0321959 0.009622761 -0.03219582
v -0.01112679 0.008912405 -0.04152561
v -0.01178449 0.009622759 -0.0439803
v 0.0303988 0.008912407 -0.03039887
v 0.03943163 0.009622762 -0.02276588
v -0.02149526 0.008912406 -0.03723084
v -0.02276594 0.009622759 -0.03943165
v 0.03723088 0.008912408 -0.02149524
v 0.04398031 0.009622765 -0.01178449
v -0.03039888 0.008912407 -0.03039885
v -0.0321959 0.009622761 -0.0321958
v 0.04152559 0.00891241 -0.01112676
v 0.0455318 0.009622767 -4.637998E-09
v -0.03723088 0.008912408 -0.02149522
v -0.03943171 0.009622763 -0.02276586
v 0.04299051 0.008912412 -4.184157E-09
v 0.04398031 0.009622768 0.01178448
v -0.04152559 0.00891241 -0.01112674
v -0.04398031 0.009622765 -0.01178447
v 0.04152559 0.008912413 0.01112675
v 0.03943163 0.00962277 0.02276587
v -0.04299051 0.008912412 1.863415E-08
v -0.04553172 0.009622766 1.965261E-08
v 0.03723088 0.008912415 0.02149523
v 0.0321959 0.009622772 0.03219581
v -0.04152559 0.008912414 0.01112677
v -0.04398031 0.009622768 0.0117845
v 0.0303988 0.008912416 0.03039885
v 0.02276593 0.009622774 0.03943166
v -0.03723089 0.008912415 0.02149526
v -0.03943163 0.009622771 0.02276589
v 0.02149533 0.008912418 0.03723084
v 0.01178457 0.009622773 0.0439803
v -0.03039888 0.008912415 0.03039888
v -0.03219582 0.009622773 0.03219584
v 0.01112686 0.008912418 0.04152562
v -4.606474E-11 0.009622774 0.04553176
v -0.02149526 0.008912416 0.03723086
v -0.02276586 0.009622774 0.03943167
v 2.296059E-11 0.008912419 0.04299049
v -0.01178449 0.009622774 0.04398031
v -0.01112679 0.008912418 0.04152562
v 0.02126655 0.005717078 0.02126647
v 0.01503756 0.005717079 0.02604601
v -9.580322E-14 0.005717477 5.210635E-09
v 0.02604601 0.005717077 0.01503767
v 0.007784078 0.005717078 0.02905054
v 0.02905055 0.005717075 0.007784068
v 1.091226E-11 0.005717079 0.03007534
v 0.03007543 0.005717074 -1.053994E-09
v -0.007784078 0.005717078 0.02905055
v 0.02905055 0.005717073 -0.00778407
v -0.01503764 0.005717078 0.02604601
v 0.02604601 0.005717072 -0.01503767
v -0.02126647 0.005717078 0.02126649
v 0.02126655 0.005717071 -0.02126647
v -0.02604601 0.005717076 0.01503768
v 0.01503756 0.00571707 -0.02604601
v -0.02905055 0.005717075 0.007784083
v 0.007784078 0.005717069 -0.02905055
v -0.03007535 0.005717074 1.504656E-08
v 5.675815E-13 0.005717069 -0.03007534
v -0.02905055 0.005717073 -0.007784054
v -0.007784154 0.005717069 -0.02905054
v -0.02604601 0.005717072 -0.01503765
v -0.01503764 0.00571707 -0.02604599
v -0.02126647 0.005717071 -0.02126646
vt 0.8158271 0.6668677
vt 0.8142134 0.6761587
vt 0.8533784 0.6761587
vt 0.3980409 0.6671551
vt 0.400973 0.6765386
vt 0.4406672 0.6762847
vt 0.3342566 0.9858522
vt 0.3342566 0.9945745
vt 0.3574299 0.9940413
vt 0.3203246 0.8249981
vt 0.3279262 0.8251796
vt 0.3278877 0.7812274
vt 0.3202164 0.7847904
vt 0.303568 0.8257775
vt 0.3034319 0.7867486
vt 0.323037 0.747681
vt 0.3063462 0.8586892
vt 0.3231805 0.8590627
vt 0.3061091 0.7507611
vt 0.3285606 0.7201526
vt 0.3113771 0.7239609
vt 0.2868708 0.7503014
vt 0.2923944 0.7227728
vt 0.2840502 0.7874107
vt 0.2841584 0.8276184
vt 0.3115024 0.8806183
vt 0.3285606 0.8816714
vt 0.2870143 0.8616831
vt 0.2923944 0.8842917
vt 0.2999427 0.896599
vt 0.3186935 0.892627
vt 0.2869842 0.9037794
vt 0.2784971 0.89068
vt 0.27251 0.8658725
vt 0.2694081 0.8294194
vt 0.2693696 0.785467
vt 0.2725955 0.7458469
vt 0.2788152 0.7171563
vt 0.2999873 0.7060112
vt 0.2872942 0.6995731
vt 0.9182164 0.4561162
vt 0.9281871 0.4053572
vt 0.9203628 0.4086128
vt 0.9258755 0.4552071
vt 0.9198151 0.4961182
vt 0.9275678 0.4983373
vt 0.9426852 0.453644
vt 0.9443871 0.4989418
vt 0.9621611 0.4548602
vt 0.9638534 0.4979904
vt 0.9769277 0.4555549
vt 0.9785264 0.4955569
vt 0.9790741 0.4080515
vt 0.9644727 0.4050103
vt 0.9846439 0.3656279
vt 0.9450173 0.4037016
vt 0.9704839 0.3610691
vt 0.9929898 0.3351984
vt 0.9795277 0.3299119
vt 0.9512048 0.3595193
vt 0.9341983 0.361416
vt 0.9605157 0.3284014
vt 0.9432421 0.3302588
vt 0.9168401 0.8031783
vt 0.9097028 0.8058703
vt 0.9208851 0.8456776
vt 0.9268872 0.840459
vt 0.9372254 0.8745813
vt 0.9416232 0.8681831
vt 0.9008297 0.8093293
vt 0.8936504 0.8124701
vt 0.9071152 0.8564274
vt 0.9133308 0.851768
vt 0.9846932 0.549116
vt 0.9719973 0.5437155
vt 0.9719973 0.5683209
vt 0.9846932 0.5721189
vt 0.9719973 0.5956568
vt 0.9846932 0.5972339
vt 0.9514548 0.5950464
vt 0.9514548 0.5667824
vt 0.9719973 0.6113089
vt 0.9846932 0.6115018
vt 0.9719973 0.6239693
vt 0.9846932 0.6230534
vt 0.9514548 0.6243075
vt 0.9514548 0.6112255
vt 0.9309124 0.6239693
vt 0.9309124 0.6113089
vt 0.9182164 0.6230534
vt 0.9182164 0.6115018
vt 0.9309124 0.5956568
vt 0.9309124 0.5683209
vt 0.9182164 0.5972339
vt 0.9182164 0.5721189
vt 0.9959419 0.0129982
vt 1 0.000155858
vt 0.9792923 5.996769E-06
vt 0.9772413 0.01285117
vt 0.9944929 0.03365225
vt 0.9671128 0
vt 0.9765749 0.0335075
vt 0.9960868 0.05422784
vt 0.9773861 0.0540808
vt 0.9663133 0.01284212
vt 0.9571467 5.991726E-06
vt 0.9573701 0.01284373
vt 0.9661201 0.03349717
vt 0.9575637 0.03349707
vt 0.9664581 0.05407174
vt 0.9795268 0.06671695
vt 0.9575149 0.05407337
vt 0.9673471 0.06671095
vt 0.9573811 0.06671695
vt 0.2915486 0.6868225
vt 0.2972446 0.6928588
vt 0.2967023 0.6842312
vt 0.2927336 0.6954275
vt 0.2853413 0.6912528
vt 0.2872942 0.6995731
vt 0.2757573 0.7094821
vt 0.2788152 0.7171563
vt 0.2687193 0.7396982
vt 0.2725955 0.7458469
vt 0.2650067 0.7819319
vt 0.2693696 0.785467
vt 0.2649627 0.829295
vt 0.2694081 0.8294194
vt 0.2683509 0.8692393
vt 0.27251 0.8658725
vt 0.2750897 0.8968822
vt 0.2784971 0.89068
vt 0.2847628 0.9113685
vt 0.2869842 0.9037794
vt 0.2962349 0.9153125
vt 0.2970674 0.9074915
vt 0.3058358 0.9114395
vt 0.305503 0.9035764
vt 0.3084593 0.9103812
vt 0.3078064 0.9024798
vt 0.9691444 0.8966553
vt 0.9787927 0.9079654
vt 0.9789997 0.899322
vt 0.9675708 0.9052632
vt 0.9571459 0.8923882
vt 0.9539113 0.9006953
vt 0.9372254 0.8745813
vt 0.9315751 0.8822182
vt 0.9208851 0.8456776
vt 0.9133308 0.851768
vt 0.9097028 0.8058703
vt 0.9008297 0.8093293
vt 0.9049751 0.7617825
vt 0.8955536 0.7618185
vt 0.9075698 0.7252783
vt 0.8983738 0.7218181
vt 0.9175624 0.7005135
vt 0.9096516 0.6942242
vt 0.9341425 0.687543
vt 0.9285972 0.679886
vt 0.9551372 0.6840206
vt 0.9525145 0.6761587
vt 0.9734697 0.6881162
vt 0.9733157 0.6802354
vt 0.9784786 0.6892622
vt 0.9789997 0.6813493
vt 0.2993777 0.9820297
vt 0.2846882 0.9692879
vt 0.2792293 0.9820297
vt 0.3026378 0.9692879
vt 0.3181293 0.9820297
vt 0.2868071 0.9486711
vt 0.3193321 0.9692879
vt 0.3232569 0.9820297
vt 0.3238764 0.9692879
vt 0.3038234 0.9486711
vt 0.2846882 0.9280544
vt 0.3197662 0.9486711
vt 0.3244096 0.948671
vt 0.3026378 0.9280544
vt 0.2792293 0.9153125
vt 0.2993777 0.9153125
vt 0.3193321 0.9280543
vt 0.3239375 0.9281105
vt 0.3176214 0.9153125
vt 0.3230604 0.9153125
vt 0.9797276 0.5437155
vt 0.9929898 0.5375201
vt 0.9840059 0.523162
vt 0.9698255 0.5282819
vt 0.9785264 0.4955569
vt 0.9638534 0.4979904
vt 0.9505492 0.53037
vt 0.9443871 0.4989418
vt 0.9335399 0.5286288
vt 0.9275678 0.4983373
vt 0.2868071 0.9486711
vt 0.2721771 0.9280543
vt 0.2749649 0.9486711
vt 0.2846882 0.9280544
vt 0.2649627 0.9153125
vt 0.2792293 0.9153125
vt 0.9574319 0.958877
vt 0.9447985 0.9838267
vt 0.9575758 0.9772196
vt 0.9446451 0.9635858
vt 0.9574414 0.9350676
vt 0.9242263 0.9863019
vt 0.9446602 0.9373913
vt 0.9575469 0.9140276
vt 0.9240696 0.9653375
vt 0.9037173 0.9836999
vt 0.9035639 0.9634592
vt 0.94477 0.9143801
vt 0.9575758 0.9082782
vt 0.9448001 0.9080921
vt 0.9240939 0.9381856
vt 0.9241989 0.9144803
vt 0.9242277 0.9080027
vt 0.903579 0.9372646
vt 0.8909612 0.958672
vt 0.8909706 0.9348626
vt 0.9036889 0.9142534
vt 0.9037189 0.9079654
vt 0.8910762 0.9138225
vt 0.8911051 0.9080732
vt 0.9239488 0.7061637
vt 0.9175624 0.7005135
vt 0.9075698 0.7252783
vt 0.9150038 0.728735
vt 0.9049751 0.7617825
vt 0.9126698 0.7628482
vt 0.9096516 0.6942242
vt 0.9032502 0.6892044
vt 0.8909612 0.7194837
vt 0.8983738 0.7218181
vt 0.2918812 0.6740431
vt 0.2663375 0.6833529
vt 0.2918811 0.6827654
vt 0.2663375 0.6746308
vt 0.2918811 0.3542468
vt 0.2323855 0.6838122
vt 0.2663375 0.3548344
vt 0.2918811 0.3443442
vt 0.2663375 0.3449318
vt 0.2323855 0.67509
vt 0.1923389 0.6841118
vt 0.2323855 0.3552937
vt 0.1923389 0.6753896
vt 0.1489269 0.6842312
vt 0.1489269 0.675509
vt 0.1923389 0.3555933
vt 0.1489269 0.3557127
vt 0.2323855 0.3453911
vt 0.1923389 0.3456906
vt 0.1489269 0.3458101
vt 0.148706 0.3364182
vt 0.1905128 0.3363032
vt 0.2290786 0.3360147
vt 0.2617752 0.3355725
vt 0.1489269 0.675509
vt 0.1051078 0.6841625
vt 0.1489269 0.6842312
vt 0.1051078 0.6754403
vt 0.1489269 0.3557127
vt 0.06386788 0.6839101
vt 0.1051078 0.3556439
vt 0.1489269 0.3458101
vt 0.06386788 0.6751879
vt 0.02801758 0.6834914
vt 0.02801759 0.6747692
vt 1.005074E-08 0.6829349
vt 3.015222E-08 0.6742127
vt 0.06386787 0.3553916
vt 0.02801757 0.3549729
vt 0 0.3544164
vt 0.1051078 0.3457413
vt 0.06386787 0.345489
vt 0.02801757 0.3450703
vt 1.005074E-08 0.3445138
vt 0.03226758 0.3357058
vt 0.06679225 0.336109
vt 0.1065072 0.336352
vt 0.148706 0.3364182
vt 0.626152 0.3371248
vt 0.6529493 0.3284014
vt 0.626152 0.3284014
vt 0.6529493 0.3371248
vt 0.6878724 0.3284015
vt 0.626152 0.6569638
vt 0.6878724 0.3371248
vt 0.6529494 0.6569638
vt 0.626152 0.6668678
vt 0.6878725 0.6569638
vt 0.6529494 0.6668678
vt 0.6878725 0.6668677
vt 0.69099 0.6761587
vt 0.6573583 0.6761587
vt 0.6878724 0.3371248
vt 0.7285412 0.3284014
vt 0.6878724 0.3284015
vt 0.7285412 0.3371248
vt 0.6878725 0.6569638
vt 0.7721841 0.3284014
vt 0.7285413 0.6569638
vt 0.6878725 0.6668677
vt 0.7721841 0.3371248
vt 0.8158271 0.3284014
vt 0.8158271 0.3371248
vt 0.8564959 0.3284014
vt 0.7721842 0.6569638
vt 0.7285413 0.6668677
vt 0.8564959 0.3371248
vt 0.8914189 0.3284014
vt 0.8914189 0.3371248
vt 0.9182163 0.3284014
vt 0.8158271 0.6569638
vt 0.8564959 0.6569638
vt 0.7301551 0.6761587
vt 0.69099 0.6761587
vt 0.7721842 0.6761587
vt 0.7721842 0.6668677
vt 0.8142134 0.6761587
vt 0.8158271 0.6668677
vt 0.8564959 0.6668677
vt 0.8533784 0.6761587
vt 0.88701 0.6761587
vt 0.8914189 0.3371248
vt 0.9182163 0.3371248
vt 0.9182163 0.3284014
vt 0.891419 0.6569638
vt 0.9182164 0.6569638
vt 0.8564959 0.6569638
vt 0.8564959 0.3371248
vt 0.8564959 0.6668677
vt 0.891419 0.6668677
vt 0.9182164 0.6668677
vt 0.88701 0.6761587
vt 0.9128166 0.6761587
vt 0.3342566 0.3384767
vt 0.3622265 0.3291746
vt 0.3342566 0.3297547
vt 0.3622265 0.3378966
vt 0.3342566 0.6582695
vt 0.3980409 0.3287378
vt 0.3622265 0.6576894
vt 0.3342566 0.6681719
vt 0.3980409 0.3374599
vt 0.4392592 0.3284741
vt 0.4392592 0.3371962
vt 0.4830723 0.3284014
vt 0.3980409 0.6572526
vt 0.3622265 0.6675919
vt 0.4830723 0.3371235
vt 0.5264946 0.3285248
vt 0.3664829 0.6769593
vt 0.3395472 0.6775179
vt 0.400973 0.6765386
vt 0.3980409 0.6671551
vt 0.4392592 0.6569889
vt 0.5264946 0.3372469
vt 0.5665667 0.3288357
vt 0.5665667 0.3375578
vt 0.5264946 0.6570396
vt 0.4830723 0.6569163
vt 0.4392592 0.6668914
vt 0.4406672 0.6762847
vt 0.4828602 0.6762148
vt 0.4830723 0.6668188
vt 0.5264946 0.6669421
vt 0.5930043 0.03793761
vt 0.5567373 0.01669538
vt 0.5162002 0.005699584
vt 0.6225299 0.06797868
vt 0.4741558 0.005699644
vt 0.6433018 0.1047713
vt 0.4334693 0.01669547
vt 0.6539045 0.1458082
vt 0.3969132 0.03793776
vt 0.6536155 0.1882927
vt 0.366979 0.06797887
vt 0.6424544 0.2293296
vt 0.3457066 0.1047715
vt 0.621182 0.2661222
vt 0.3345456 0.1458084
vt 0.5912478 0.2961633
vt 0.3342566 0.1882929
vt 0.5546918 0.3174056
vt 0.3448593 0.2293298
vt 0.5140052 0.3284014
vt 0.3656313 0.2661225
vt 0.4719608 0.3284014
vt 0.3951568 0.2961635
vt 0.4314238 0.3174057
vt 0.5665667 0.3375578
vt 0.600558 0.329313
vt 0.5665667 0.3288357
vt 0.600558 0.3380351
vt 0.6261519 0.3299242
vt 0.6261519 0.3386463
vt 0.5665668 0.6573505
vt 0.5264946 0.6570396
vt 0.5264946 0.6669421
vt 0.600558 0.6578278
vt 0.626152 0.658439
vt 0.5665668 0.667253
vt 0.600558 0.6677303
vt 0.6261519 0.6683415
vt 0.5960016 0.6770926
vt 0.5632673 0.6766329
vt 0.5246769 0.6763335
vt 0.4830723 0.6668188
vt 0.4828602 0.6762148
vt 0.6272434 0.270422
vt 0.621182 0.2661222
vt 0.5912478 0.2961633
vt 0.5961598 0.3016166
vt 0.5546918 0.3174056
vt 0.5582002 0.3236745
vt 0.5603243 0.01141798
vt 0.5930043 0.03793761
vt 0.5979838 0.03347586
vt 0.5567373 0.01669538
vt 0.5182306 0
vt 0.5162002 0.005699584
vt 0.626152 0.9843873
vt 0.626152 0.9931095
vt 0.6515265 0.9925832
vt 0.6515265 0.9838611
vt 0.6840175 0.9921869
vt 0.626152 0.9055483
vt 0.6840175 0.9834648
vt 0.6515265 0.905022
vt 0.6840175 0.9046258
vt 0.626152 0.6862564
vt 0.6515265 0.6857302
vt 0.626152 0.6773863
vt 0.6840175 0.9834648
vt 0.6840175 0.9921869
vt 0.721411 0.9919477
vt 0.721411 0.9832256
vt 0.7611585 0.9918818
vt 0.6840175 0.9046258
vt 0.7611586 0.9831597
vt 0.8005515 0.9919937
vt 0.721411 0.9043866
vt 0.8005515 0.9832716
vt 0.8369052 0.9922758
vt 0.7611585 0.9043207
vt 0.8369052 0.9835536
vt 0.8677423 0.9927088
vt 0.8005515 0.9044325
vt 0.8677422 0.9839867
vt 0.8909612 0.9932632
vt 0.8909612 0.9845412
vt 0.8369052 0.9047146
vt 0.8677422 0.9051476
vt 0.8909612 0.9057021
vt 0.8677422 0.6858557
vt 0.8909612 0.6864102
vt 0.8369052 0.6854227
vt 0.8677422 0.6769857
vt 0.8909612 0.6775401
vt 0.8369051 0.6765527
vt 0.8005514 0.6762706
vt 0.8005514 0.6851406
vt 0.7611585 0.6761587
vt 0.7611585 0.6850287
vt 0.721411 0.6762246
vt 0.721411 0.6850947
vt 0.6840175 0.6764638
vt 0.6840175 0.6853339
vt 0.6515265 0.6768601
vt 0.6515265 0.6857302
vt 0.6515265 0.905022
vt 0.626152 0.6773863
vt 0.5036985 0.9845847
vt 0.5036985 0.993307
vt 0.5411116 0.9935359
vt 0.4639456 0.9845224
vt 0.4639456 0.9932446
vt 0.4639455 0.9056824
vt 0.5036985 0.9057448
vt 0.4245618 0.9846308
vt 0.4245618 0.9933529
vt 0.4245618 0.9057907
vt 0.4639456 0.686388
vt 0.5036985 0.6864504
vt 0.3882313 0.9849025
vt 0.3882313 0.9936247
vt 0.4639455 0.6775179
vt 0.5036985 0.6775803
vt 0.4245618 0.6776263
vt 0.4245618 0.6864964
vt 0.3882313 0.677898
vt 0.3882313 0.6867682
vt 0.3574299 0.6783147
vt 0.3882313 0.9060625
vt 0.3574299 0.6871848
vt 0.3342566 0.6788478
vt 0.3342566 0.6877179
vt 0.3574299 0.9064792
vt 0.3342566 0.9070123
vt 0.3574299 0.9853191
vt 0.3342566 0.9858522
vt 0.3574299 0.9940413
vt 4.020296E-08 0.9912767
vt 5.02537E-08 1
vt 0.0243108 1
vt 0.02431079 0.9912767
vt 0.05599319 1
vt 3.015222E-08 0.9124262
vt 0.05599319 0.9912767
vt 0.02431078 0.9124262
vt 0 0.6931025
vt 0.05599318 0.9124262
vt 0.02431075 0.6931025
vt 0 0.6842312
vt 0.05599316 0.6931025
vt 0.02431075 0.6842312
vt 0.05599316 0.6842312
vt 0.05599319 0.9912767
vt 0.05599319 1
vt 0.09288813 1
vt 0.09288813 0.9912767
vt 0.05599318 0.9124262
vt 0.1324814 1
vt 0.09288812 0.9124262
vt 0.05599316 0.6931025
vt 0.1324814 0.9912767
vt 0.1720746 1
vt 0.09288809 0.6931025
vt 0.05599316 0.6842312
vt 0.09288809 0.6842312
vt 0.1720746 0.9912767
vt 0.2089695 1
vt 0.1324814 0.9124262
vt 0.1324814 0.6931025
vt 0.1324814 0.6842312
vt 0.2089695 0.9912767
vt 0.240652 1
vt 0.1720746 0.9124262
vt 0.1720745 0.6931025
vt 0.1720745 0.6842312
vt 0.240652 0.9912767
vt 0.2649627 1
vt 0.2649627 0.9912767
vt 0.2089695 0.9124262
vt 0.2089695 0.6931025
vt 0.2089695 0.6842312
vt 0.2406519 0.9124262
vt 0.2649627 0.9124262
vt 0.2406519 0.6931025
vt 0.2406519 0.6842312
vt 0.2649627 0.6931025
vt 0.2649627 0.6842312
vt 0.5736352 0.678189
vt 0.5990529 0.6875641
vt 0.5990529 0.678694
vt 0.5736352 0.6870592
vt 0.5411116 0.6778092
vt 0.5990529 0.9068584
vt 0.5411116 0.6866794
vt 0.5036985 0.6775803
vt 0.5036985 0.6864504
vt 0.5736352 0.9063536
vt 0.5990529 0.9856985
vt 0.5411116 0.9059737
vt 0.5036985 0.9057448
vt 0.5736352 0.9851936
vt 0.5990529 0.9944206
vt 0.5736352 0.9939157
vt 0.5411116 0.9848137
vt 0.5036985 0.9845847
vt 0.5411116 0.9935359
vt 0.6905399 0.06359867
vt 0.6841935 0.05875308
vt 0.6642346 0.09346258
vt 0.7173023 0.03672932
vt 0.7124209 0.03041287
vt 0.6716169 0.09650676
vt 0.6539045 0.132176
vt 0.7500805 0.01772975
vt 0.7469934 0.01037324
vt 0.6618229 0.133211
vt 0.6539071 0.1722551
vt 0.7866404 0.007894896
vt 0.7855546 4.034832E-08
vt 0.6618254 0.1712099
vt 0.6642423 0.2109685
vt 0.8244907 0.007894875
vt 0.8254769 0
vt 0.6716242 0.2079141
vt 0.6842057 0.2456779
vt 0.8610519 0.01772972
vt 0.8640395 0.01037323
vt 0.6905515 0.2408222
vt 0.7124369 0.2740181
vt 0.8938324 0.0367292
vt 0.8986145 0.03041275
vt 0.7173174 0.2676915
vt 0.7470118 0.2940576
vt 0.9205984 0.06359851
vt 0.9268456 0.05875291
vt 0.7500979 0.2866909
vt 0.7855744 0.3044308
vt 0.9395257 0.09650657
vt 0.946809 0.09346239
vt 0.7866592 0.2965257
vt 0.8254967 0.3044308
vt 0.9493244 0.1332107
vt 0.9571441 0.1321758
vt 0.8245094 0.2965257
vt 0.864058 0.2940575
vt 0.9493269 0.1712098
vt 0.9571468 0.1722549
vt 0.8610694 0.2866909
vt 0.8986303 0.274018
vt 0.9395329 0.2079139
vt 0.9468166 0.2109683
vt 0.8938475 0.2676913
vt 0.9268578 0.2456778
vt 0.9206099 0.240822
vt 0.7926144 0.2531264
vt 0.8190895 0.2531264
vt 0.8058454 0.1521824
vt 0.767041 0.2462472
vt 0.844662 0.2462472
vt 0.7441121 0.2329577
vt 0.8675892 0.2329576
vt 0.7253902 0.2141635
vt 0.8863086 0.2141634
vt 0.7121511 0.1911454
vt 0.8995447 0.1911452
vt 0.7052972 0.165472
vt 0.9063953 0.1654719
vt 0.7052954 0.1388929
vt 0.9063935 0.1388928
vt 0.712146 0.1132195
vt 0.8995396 0.1132194
vt 0.725382 0.09020136
vt 0.8863006 0.09020126
vt 0.7441015 0.07140713
vt 0.8675787 0.07140705
vt 0.7670288 0.05811753
vt 0.8446497 0.05811754
vt 0.7926013 0.0512384
vt 0.8190764 0.05123837
vt 0.01138954 0.2325387
vt 0.02584114 0.22653
vt 0.01550847 0.187816
vt 0 0.1898647
vt 0.0333924 0.2707998
vt 0.01550846 0.1477369
vt 0.04580227 0.2612408
vt 0 0.1456861
vt 0.06450915 0.3020408
vt 0.0258411 0.1090241
vt 0.07403157 0.2895828
vt 0.01138949 0.1030136
vt 0.1026192 0.3241326
vt 0.04580223 0.07431595
vt 0.1086052 0.3096246
vt 0.03339233 0.06475531
vt 0.1451254 0.3355696
vt 0.07403149 0.04597759
vt 0.1471672 0.3200003
vt 0.06450906 0.03351834
vt 0.1891312 0.3355725
vt 0.1086053 0.02594023
vt 0.1870894 0.3200029
vt 0.1026192 0.01143148
vt 0.2316374 0.3241409
vt 0.1471672 0.01556954
vt 0.2256513 0.3096322
vt 0.1451255 0
vt 0.2697475 0.3020541
vt 0.1870895 0.01557211
vt 0.260225 0.2895949
vt 0.1891312 2.874818E-06
vt 0.3008642 0.2708172
vt 0.2256514 0.02594789
vt 0.2884543 0.2612566
vt 0.2316374 0.01143991
vt 0.322867 0.2325589
vt 0.260225 0.04598967
vt 0.3084154 0.2265484
vt 0.2697475 0.03353167
vt 0.3342566 0.1898864
vt 0.2884543 0.07433169
vt 0.3187481 0.1878356
vt 0.3008642 0.06477267
vt 0.3342566 0.1457078
vt 0.3084155 0.1090425
vt 0.3187481 0.1477565
vt 0.322867 0.1030338
vt 1.089806 2.592655
vt 1.09895 2.60072
vt 1.101565 2.550402
vt 1.091485 2.541177
vt 1.105598 2.520325
vt 1.094163 2.509432
vt 1.075959 2.538282
vt 1.1087 2.513218
vt 1.075959 2.505369
vt 1.060433 2.541177
vt 1.096298 2.502035
vt 1.11176 2.509143
vt 1.098458 2.498035
vt 1.075959 2.497881
vt 1.075959 2.493934
vt 1.05775 2.509431
vt 1.050353 2.550402
vt 1.046314 2.520325
vt 1.055621 2.502035
vt 1.053466 2.498034
vt 1.043213 2.513221
vt 1.040158 2.509143
vt 1.052963 2.600718
vt 1.060433 2.541177
vt 1.050353 2.550402
vt 1.062118 2.592655
vt 1.054527 2.671368
vt 1.075959 2.538282
vt 1.063096 2.665813
vt 1.055197 2.750818
vt 1.075959 2.589673
vt 1.091485 2.541177
vt 1.089806 2.592655
vt 1.075959 2.663221
vt 1.063519 2.74918
vt 1.055009 2.817999
vt 1.088812 2.665813
vt 1.09895 2.60072
vt 1.097385 2.67137
vt 1.075959 2.746741
vt 1.06341 2.821615
vt 1.053853 2.864722
vt 1.088398 2.74918
vt 1.096721 2.750818
vt 1.062667 2.872881
vt 1.051498 2.889529
vt 1.061124 2.899565
vt 1.075959 2.822808
vt 1.088514 2.821615
vt 1.096915 2.817999
vt 1.075959 2.875994
vt 1.075959 2.90336
vt 1.089251 2.872878
vt 1.09806 2.864722
vt 1.0908 2.899565
vt 1.1087 2.513218
vt 1.11176 2.523644
vt 1.11176 2.509143
vt 1.10904 2.527714
vt 1.105598 2.520325
vt 1.106231 2.534385
vt 1.101565 2.550402
vt 1.102434 2.563436
vt 1.09895 2.60072
vt 1.099902 2.611237
vt 1.097385 2.67137
vt 1.098374 2.677527
vt 1.096721 2.750818
vt 1.097715 2.751259
vt 1.096915 2.817999
vt 1.097909 2.81257
vt 1.09806 2.864722
vt 1.099033 2.854497
vt 1.100425 2.889529
vt 1.101246 2.876916
vt 1.104275 2.896744
vt 1.104808 2.883671
vt 1.108789 2.89075
vt 1.108878 2.877545
vt 1.11028 2.889115
vt 1.110191 2.875826
vt 1.10904 2.527714
vt 1.098448 2.536041
vt 1.11176 2.523644
vt 1.096862 2.540173
vt 1.106231 2.534385
vt 1.075959 2.540986
vt 1.095204 2.546623
vt 1.102434 2.563436
vt 1.075959 2.545146
vt 1.053466 2.536041
vt 1.092923 2.574341
vt 1.099902 2.611237
vt 1.055051 2.540172
vt 1.040158 2.523644
vt 1.042867 2.527717
vt 1.075959 2.55153
vt 1.056719 2.546623
vt 1.045687 2.534385
vt 1.091385 2.620229
vt 1.098374 2.677527
vt 1.075959 2.57858
vt 1.059 2.574341
vt 1.049479 2.563436
vt 1.090454 2.682331
vt 1.097715 2.751259
vt 1.075959 2.62326
vt 1.060533 2.620229
vt 1.052006 2.611236
vt 1.090046 2.749784
vt 1.097909 2.81257
vt 1.075959 2.683485
vt 1.061469 2.682329
vt 1.053539 2.677527
vt 1.090162 2.807075
vt 1.099033 2.854497
vt 1.090847 2.845281
vt 1.075959 2.748961
vt 1.061866 2.749782
vt 1.054198 2.751259
vt 1.075959 2.804316
vt 1.075959 2.841371
vt 1.061746 2.807075
vt 1.054004 2.81257
vt 1.061071 2.845281
vt 1.075959 2.861892
vt 1.05289 2.854497
vt 1.059748 2.866323
vt 1.050662 2.876916
vt 1.042867 2.527717
vt 1.040158 2.509143
vt 1.040158 2.523644
vt 1.043213 2.513221
vt 1.045687 2.534385
vt 1.046314 2.520325
vt 1.049479 2.563436
vt 1.050353 2.550402
vt 1.052006 2.611236
vt 1.052963 2.600718
vt 1.053539 2.677527
vt 1.054527 2.671368
vt 1.054198 2.751259
vt 1.055197 2.750818
vt 1.054004 2.81257
vt 1.055009 2.817999
vt 1.05289 2.854497
vt 1.053853 2.864722
vt 1.050662 2.876916
vt 1.051498 2.889529
vt 1.047105 2.883671
vt 1.047643 2.896744
vt 1.04304 2.877545
vt 1.043129 2.89075
vt 1.041732 2.875826
vt 1.041638 2.889115
vt 1.108878 2.877545
vt 1.094273 2.872079
vt 1.104808 2.883671
vt 1.096627 2.865969
vt 1.110191 2.875826
vt 1.075959 2.867686
vt 1.097375 2.864296
vt 1.075959 2.861497
vt 1.057645 2.872079
vt 1.075959 2.859815
vt 1.055286 2.865969
vt 1.047105 2.883671
vt 1.054533 2.864296
vt 1.04304 2.877545
vt 1.041732 2.875826
vt 1.043129 2.89075
vt 1.05854 2.906913
vt 1.047643 2.896744
vt 1.055427 2.901065
vt 1.041638 2.889115
vt 1.075959 2.909877
vt 1.054376 2.899467
vt 1.075959 2.904892
vt 1.093379 2.906913
vt 1.075959 2.903531
vt 1.096491 2.901065
vt 1.104275 2.896744
vt 1.097543 2.899467
vt 1.108789 2.89075
vt 1.11028 2.889115
vt 1.093379 2.906913
vt 1.104275 2.896744
vt 1.100425 2.889529
vt 1.0908 2.899565
vt 1.09806 2.864722
vt 1.089251 2.872878
vt 1.075959 2.909877
vt 1.075959 2.90336
vt 1.05854 2.906913
vt 1.061124 2.899565
vt 1.047643 2.896744
vt 1.051498 2.889529
vt 1.057645 2.872079
vt 1.047105 2.883671
vt 1.050662 2.876916
vt 1.059748 2.866323
vt 1.075959 2.867686
vt 1.075959 2.861892
vt 1.094273 2.872079
vt 1.09217 2.866323
vt 1.104808 2.883671
vt 1.075959 2.841371
vt 1.101246 2.876916
vt 1.090847 2.845281
vt 1.099033 2.854497
vt 1.349603 2.987224
vt 1.309481 2.999131
vt 1.349603 2.999131
vt 1.309481 2.987224
vt 1.266484 2.999131
vt 1.309481 2.524673
vt 1.349603 2.524673
vt 1.266484 2.524673
vt 1.266484 2.987224
vt 1.220084 2.999131
vt 1.220084 2.524673
vt 1.220084 2.987224
vt 1.170033 2.999131
vt 1.170033 2.524673
vt 1.170033 2.987224
vt 1.116716 2.999131
vt 1.116716 2.524673
vt 1.116716 2.987224
vt 1.061408 2.524673
vt 1.061408 2.999131
vt 1.061408 2.987224
vt 1.061408 2.987224
vt 1.006101 2.999131
vt 1.061408 2.999131
vt 1.006101 2.987225
vt 0.9527831 2.999131
vt 0.9527831 2.987224
vt 0.9027324 2.999131
vt 0.9027324 2.987225
vt 0.8563321 2.999131
vt 0.8563321 2.987225
vt 0.8563321 2.524673
vt 0.9027324 2.524673
vt 0.9527831 2.524673
vt 1.006101 2.524673
vt 1.061408 2.524673
vt 1.116716 2.987224
vt 0.8563321 2.987225
vt 0.8133355 2.999131
vt 0.8563321 2.999131
vt 0.8133355 2.987224
vt 0.7732131 2.999131
vt 0.8133355 2.524673
vt 0.8563321 2.524673
vt 0.7732131 2.987224
vt 0.7732131 2.524673
vt 0.7353796 2.999131
vt 0.7353796 2.524673
vt 0.7353796 2.987225
vt 0.6992984 2.999131
vt 0.6992984 2.524673
vt 0.6992984 2.987225
vt 0.6645098 2.999131
vt 0.6645098 2.524673
vt 0.6645098 2.987224
vt 0.6306256 2.524673
vt 0.6306255 2.987225
vt 0.5973144 2.524673
vt 0.5973144 2.987224
vt 0.6645098 2.987224
vt 0.6306255 2.999131
vt 0.6645098 2.999131
vt 0.6306255 2.987225
vt 0.5973144 2.999131
vt 0.5973144 2.987224
vt 0.5642806 2.999131
vt 0.5642806 2.987224
vt 0.5312466 2.999131
vt 0.5642806 2.524673
vt 0.5973144 2.524673
vt 0.5312467 2.524673
vt 0.5312466 2.987224
vt 0.4979354 2.999131
vt 0.4979354 2.524673
vt 0.4979354 2.987224
vt 0.4640513 2.999131
vt 0.4640513 2.524673
vt 0.4640513 2.987224
vt 0.4292624 2.999131
vt 0.4292624 2.524673
vt 0.4292624 2.987224
vt 0.3931813 2.524673
vt 0.3931812 2.987224
vt 0.3553477 2.524673
vt 0.4292624 2.987224
vt 0.3931812 2.999131
vt 0.4292624 2.999131
vt 0.3931812 2.987224
vt 0.3553477 2.999131
vt 0.3553477 2.987224
vt 0.3553477 2.524673
vt 1.353464 2.987224
vt 1.353464 2.999131
vt 1.313766 2.999131
vt 1.313766 2.987224
vt 1.353464 2.8796
vt 1.270947 2.999131
vt 1.313766 2.8796
vt 1.353464 2.554244
vt 1.313766 2.554244
vt 1.270947 2.987224
vt 1.224314 2.999131
vt 1.270947 2.8796
vt 1.270947 2.554244
vt 1.224314 2.987224
vt 1.173447 2.999131
vt 1.224314 2.8796
vt 1.224314 2.554244
vt 1.173447 2.987224
vt 1.118655 2.999131
vt 1.173447 2.8796
vt 1.173447 2.554244
vt 1.118655 2.987224
vt 1.061408 2.999131
vt 1.118655 2.8796
vt 1.118655 2.554244
vt 1.061408 2.987224
vt 1.004162 2.999131
vt 1.061408 2.8796
vt 1.004162 2.987224
vt 1.004162 2.987224
vt 1.004162 2.999131
vt 0.9493691 2.999131
vt 0.9493691 2.987225
vt 0.8985018 2.999131
vt 1.004162 2.8796
vt 1.061408 2.8796
vt 0.8985018 2.987224
vt 0.8518693 2.999131
vt 0.9493691 2.8796
vt 0.8518693 2.987224
vt 0.80905 2.999131
vt 0.8985018 2.8796
vt 0.80905 2.987224
vt 0.7693519 2.999131
vt 0.8518693 2.8796
vt 0.7693519 2.987224
vt 0.7320784 2.999131
vt 0.80905 2.8796
vt 0.7320784 2.987224
vt 0.6966248 2.999131
vt 0.6966248 2.987225
vt 0.7320784 2.8796
vt 0.6966248 2.8796
vt 0.7693519 2.8796
vt 0.80905 2.554244
vt 0.7693519 2.554244
vt 0.8518692 2.554244
vt 0.8985018 2.554244
vt 0.9493691 2.554244
vt 1.004162 2.554244
vt 1.061408 2.554244
vt 1.118655 2.554244
vt 1.118655 2.8796
vt 0.6966248 2.987225
vt 0.6966248 2.999131
vt 0.6624939 2.999131
vt 0.6624939 2.987225
vt 0.6292795 2.999131
vt 0.6966248 2.8796
vt 0.6292795 2.987224
vt 0.5966411 2.999131
vt 0.5966411 2.987225
vt 0.6624939 2.8796
vt 0.6292795 2.8796
vt 0.5966411 2.8796
vt 0.5642806 2.987224
vt 0.5642806 2.8796
vt 0.5966411 2.554244
vt 0.5642806 2.554244
vt 0.6292796 2.554244
vt 0.6624939 2.554244
vt 0.6966249 2.554244
vt 0.7320784 2.554244
vt 0.7320784 2.8796
vt 0.7693519 2.554244
vt 0.7693519 2.8796
vt 0.7320784 2.987224
vt 0.7693519 2.987224
vt 0.5966411 2.987225
vt 0.5966411 2.999131
vt 0.5642806 2.999131
vt 0.5642806 2.987224
vt 0.53192 2.999131
vt 0.5319198 2.987224
vt 0.5642806 2.8796
vt 0.4992815 2.999131
vt 0.53192 2.8796
vt 0.5642806 2.554244
vt 0.53192 2.554244
vt 0.4992815 2.987224
vt 0.4660672 2.999131
vt 0.4992815 2.8796
vt 0.4992815 2.554244
vt 0.4660672 2.987224
vt 0.4319362 2.999131
vt 0.4660672 2.8796
vt 0.4660672 2.554244
vt 0.4319362 2.987224
vt 0.3964825 2.999131
vt 0.4319362 2.8796
vt 0.4319362 2.554244
vt 0.3964825 2.987224
vt 0.359209 2.999131
vt 0.359209 2.987224
vt 0.3964825 2.8796
vt 0.3964825 2.554244
vt 0.359209 2.8796
vt 0.359209 2.554244
vt 0.6645098 2.999131
vt 0.6624939 2.999131
vt 0.6966248 2.999131
vt 0.6992984 2.999131
vt 0.7320784 2.999131
vt 0.7353796 2.999131
vt 0.7693519 2.999131
vt 0.7732131 2.999131
vt 0.80905 2.999131
vt 0.8133355 2.999131
vt 0.8518693 2.999131
vt 0.8563321 2.999131
vt 0.8985018 2.999131
vt 0.9027324 2.999131
vt 0.9493691 2.999131
vt 0.9527831 2.999131
vt 0.4979354 2.999131
vt 0.53192 2.999131
vt 0.5312466 2.999131
vt 0.4992815 2.999131
vt 0.4640513 2.999131
vt 0.4660672 2.999131
vt 0.4292624 2.999131
vt 0.4319362 2.999131
vt 0.3931812 2.999131
vt 0.3964825 2.999131
vt 0.3553477 2.999131
vt 0.359209 2.999131
vt 0.9527831 2.999131
vt 0.9493691 2.999131
vt 1.004162 2.999131
vt 1.006101 2.999131
vt 1.061408 2.999131
vt 1.061408 2.999131
vt 1.061408 2.999131
vt 1.118655 2.999131
vt 1.116716 2.999131
vt 1.173447 2.999131
vt 1.170033 2.999131
vt 1.224314 2.999131
vt 1.220084 2.999131
vt 1.270947 2.999131
vt 1.266484 2.999131
vt 1.313766 2.999131
vt 1.309481 2.999131
vt 1.353464 2.999131
vt 1.349603 2.999131
vt 0.6306255 2.999131
vt 0.6292795 2.999131
vt 0.6624939 2.999131
vt 0.6645098 2.999131
vt 0.5312466 2.999131
vt 0.53192 2.999131
vt 0.5642806 2.999131
vt 0.5642806 2.999131
vt 0.5642806 2.999131
vt 0.5966411 2.999131
vt 0.5973144 2.999131
vt 0.6292795 2.999131
vt 0.6306255 2.999131
vt 0.2919745 2.444906
vt 0.2948973 2.455814
vt 0.3473772 2.434076
vt 0.2385789 2.451935
vt 0.2385789 2.463228
vt 0.3417307 2.424296
vt 0.392443 2.399496
vt 0.1851836 2.444905
vt 0.1822609 2.455814
vt 0.3844569 2.39151
vt 0.4270226 2.35443
vt 0.1354273 2.424296
vt 0.1297805 2.434076
vt 0.4172426 2.348783
vt 0.4487607 2.30195
vt 0.09270057 2.39151
vt 0.08471477 2.399496
vt 0.4378521 2.299027
vt 0.4561751 2.245632
vt 0.05991507 2.348783
vt 0.05013487 2.35443
vt 0.4448819 2.245632
vt 0.4487607 2.189314
vt 0.03930561 2.299027
vt 0.02839696 2.30195
vt 0.4378521 2.192237
vt 0.4270226 2.136834
vt 0.03227578 2.245632
vt 0.02098294 2.245632
vt 0.4172426 2.142481
vt 0.392443 2.091769
vt 0.03930561 2.192237
vt 0.02839696 2.189314
vt 0.3844569 2.099754
vt 0.3473772 2.057189
vt 0.05991507 2.142481
vt 0.0501352 2.136834
vt 0.3417307 2.066969
vt 0.2948973 2.03545
vt 0.09270057 2.099754
vt 0.0847152 2.091768
vt 0.2919745 2.046359
vt 0.2385789 2.028036
vt 0.1354273 2.066968
vt 0.1297809 2.057189
vt 0.2385789 2.039329
vt 0.1822609 2.03545
vt 0.1851836 2.046359
vt 0.3406164 2.143595
vt 0.3107295 2.120663
vt 0.2385789 2.245632
vt 0.3635482 2.173481
vt 0.275927 2.106247
vt 0.3779641 2.208284
vt 0.2385789 2.10133
vt 0.3828816 2.245632
vt 0.2012307 2.106247
vt 0.3779641 2.28298
vt 0.1664279 2.120663
vt 0.3635482 2.317783
vt 0.1365417 2.143595
vt 0.3406164 2.347669
vt 0.1136094 2.173481
vt 0.3107295 2.370602
vt 0.09919347 2.208284
vt 0.275927 2.385017
vt 0.09427652 2.245632
vt 0.2385789 2.389935
vt 0.09919347 2.28298
vt 0.2012303 2.385017
vt 0.1136094 2.317783
vt 0.1664279 2.370602
vt 0.1365417 2.347669
vn -0.2480285 -0.2854753 0.9257352
vn -0.1291894 -0.866512 0.4821486
vn -0.2495601 -0.8665172 0.4322821
vn -0.9583864 -0.2854742 0
vn -0.4991499 -0.8665156 1.411733E-07
vn -0.4821483 -0.866512 -0.1291893
vn 0 -1.629207E-07 -1
vn 0 0.7377111 -0.6751165
vn 0.1747204 0.7377015 -0.6521267
vn -0.9410137 0.04013215 0.3359804
vn -0.4706101 0.01764039 0.882165
vn -0.4654766 0.1022695 0.8791317
vn -0.9242757 0.1941026 0.3286924
vn -0.9991036 0.04232998 0
vn -0.9787952 0.2048414 0
vn -0.8699906 0.3676082 0.328604
vn -0.9813247 -0.1923586 0
vn -0.9168044 -0.1829336 0.3549718
vn -0.9226347 0.3856748 0
vn -0.7354668 0.590229 0.3327438
vn -0.785135 0.6193246 -1.009008E-07
vn -0.8699906 0.3676081 -0.3286042
vn -0.7354668 0.5902289 -0.332744
vn -0.9242757 0.1941025 -0.3286925
vn -0.9410137 0.04013203 -0.3359804
vn -0.8273537 -0.5616813 0
vn -0.7623177 -0.5274085 0.3751161
vn -0.9168044 -0.1829337 -0.3549717
vn -0.7623177 -0.5274087 -0.3751159
vn -0.398984 -0.8447546 -0.356653
vn -0.4356893 -0.9000971 1.466444E-07
vn -0.1865933 -0.3795957 -0.9061401
vn -0.3319587 -0.2378982 -0.9128022
vn -0.4342293 -0.09360299 -0.895926
vn -0.4706101 0.0176401 -0.882165
vn -0.4654766 0.1022692 -0.8791317
vn -0.4266604 0.1923632 -0.8837179
vn -0.3471855 0.2965846 -0.8896627
vn -0.4803757 0.8084595 -0.3400476
vn -0.2171752 0.3896089 -0.8950083
vn 0.5145237 -0.02200422 0.8571938
vn 0.9188606 -0.2160426 0.3301831
vn 0.5018523 -0.1124619 0.8576109
vn 0.9435461 -0.04297026 0.3284421
vn 0.514857 0.104589 0.8508722
vn 0.9237648 0.1918458 0.3314419
vn 0.9987035 -0.05090569 0
vn 0.9794593 0.2016417 0
vn 0.9435461 -0.04297036 -0.3284421
vn 0.9237648 0.1918456 -0.331442
vn 0.5145237 -0.02200451 -0.8571938
vn 0.514857 0.1045888 -0.8508722
vn 0.5018523 -0.1124622 -0.8576109
vn 0.9188606 -0.2160428 -0.330183
vn 0.4754673 -0.223069 -0.8509824
vn 0.9727069 -0.2320372 0
vn 0.8486462 -0.4186924 -0.3232588
vn 0.4000163 -0.365438 -0.840501
vn 0.6914957 -0.6527675 -0.3093998
vn 0.8944943 -0.4470793 0
vn 0.8486462 -0.4186923 0.323259
vn 0.7253742 -0.6883548 1.121472E-07
vn 0.6914958 -0.6527673 0.3094001
vn -0.9242757 0.1941026 0.3286924
vn -0.4654766 0.1022695 0.8791317
vn -0.4266603 0.1923635 0.8837178
vn -0.8699906 0.3676082 0.328604
vn -0.3471855 0.2965849 0.8896627
vn -0.7354668 0.590229 0.3327438
vn 0.5018523 -0.1124619 0.8576109
vn 0.9188606 -0.2160426 0.3301831
vn 0.8486462 -0.4186923 0.323259
vn 0.4754673 -0.2230688 0.8509824
vn 0.4754673 -0.2230688 0.8509824
vn 0.8486462 -0.4186923 0.323259
vn 0.6914958 -0.6527673 0.3094001
vn 0.4000163 -0.3654378 0.8405011
vn 0.4288566 -0.8516397 0.3013167
vn 0.2538565 -0.4888216 0.8346319
vn 0.4469206 -0.8945737 1.457446E-07
vn 0.7253742 -0.6883548 1.121472E-07
vn 0.2248664 -0.92794 0.2972584
vn 0.1280582 -0.5104929 0.850293
vn 0.1824709 -0.9399436 0.2884623
vn 0.1133164 -0.5594099 0.821109
vn 0.1839108 -0.9829429 1.601417E-07
vn 0.2299918 -0.9731926 1.585532E-07
vn 0.182471 -0.9399437 -0.288462
vn 0.2248663 -0.9279401 -0.297258
vn 0.1133164 -0.5594102 -0.8211088
vn 0.1280582 -0.5104932 -0.8502927
vn 0.4288566 -0.8516399 -0.3013165
vn 0.6914957 -0.6527675 -0.3093998
vn 0.2538565 -0.4888219 -0.8346316
vn 0.4000163 -0.365438 -0.840501
vn -0.7354668 0.590229 0.3327438
vn -0.3471855 0.2965849 0.8896627
vn -0.2171752 0.3896092 0.8950081
vn -0.4803758 0.8084596 0.3400473
vn -0.785135 0.6193246 -1.009008E-07
vn -0.1393836 0.4693938 0.8719184
vn -0.5186993 0.8549567 -1.392901E-07
vn -0.7354668 0.5902289 -0.332744
vn -0.4803757 0.8084595 -0.3400476
vn -0.2805308 0.9017456 0.3288728
vn -0.1117001 0.431022 0.8954011
vn -0.2468415 0.9098772 0.3334556
vn -0.3060467 0.9520165 -1.551032E-07
vn -0.2725074 0.9621537 -1.567547E-07
vn -0.2805308 0.9017454 -0.3288731
vn -0.2171752 0.3896089 -0.8950083
vn -0.2468415 0.9098771 -0.3334559
vn -0.1393837 0.4693935 -0.8719186
vn -0.1117001 0.4310217 -0.8954013
vn 0.1280582 -0.5104932 -0.8502927
vn -0.1117001 0.4310217 -0.8954013
vn 0.1133164 -0.5594102 -0.8211088
vn -0.1393837 0.4693935 -0.8719186
vn 0.2538565 -0.4888219 -0.8346316
vn -0.2171752 0.3896089 -0.8950083
vn 0.4000163 -0.365438 -0.840501
vn -0.3471855 0.2965846 -0.8896627
vn 0.4754673 -0.223069 -0.8509824
vn -0.4266604 0.1923632 -0.8837179
vn 0.5018523 -0.1124622 -0.8576109
vn -0.4654766 0.1022692 -0.8791317
vn 0.5145237 -0.02200451 -0.8571938
vn -0.4706101 0.0176401 -0.882165
vn 0.514857 0.1045888 -0.8508722
vn -0.4342293 -0.09360299 -0.895926
vn 0.435079 0.3208462 -0.8412871
vn -0.3319587 -0.2378982 -0.9128022
vn 0.2142165 0.5132467 -0.8310771
vn -0.1865933 -0.3795957 -0.9061401
vn -0.006439431 0.5692028 -0.8221719
vn -0.004211637 -0.460503 -0.8876482
vn -0.08517857 0.529871 -0.8437899
vn 0.1068169 -0.5076243 -0.8549314
vn -0.0798391 0.4967359 -0.8642218
vn 0.1149663 -0.542237 -0.8323231
vn -0.1393836 0.4693938 0.8719184
vn 0.1133164 -0.5594099 0.821109
vn -0.1117001 0.431022 0.8954011
vn 0.1280582 -0.5104929 0.850293
vn -0.2171752 0.3896092 0.8950081
vn 0.2538565 -0.4888216 0.8346319
vn -0.3471855 0.2965849 0.8896627
vn 0.4000163 -0.3654378 0.8405011
vn -0.4266603 0.1923635 0.8837178
vn 0.4754673 -0.2230688 0.8509824
vn -0.4654766 0.1022695 0.8791317
vn 0.5018523 -0.1124619 0.8576109
vn -0.4706101 0.01764039 0.882165
vn 0.5145237 -0.02200422 0.8571938
vn -0.4342293 -0.09360269 0.895926
vn 0.514857 0.104589 0.8508722
vn -0.3319586 -0.2378979 0.9128023
vn 0.435079 0.3208465 0.841287
vn -0.1865933 -0.3795955 0.9061404
vn 0.2142165 0.5132469 0.8310769
vn -0.004211637 -0.4605027 0.8876483
vn -0.006439431 0.569203 0.8221718
vn 0.1068169 -0.507624 0.8549315
vn -0.08517858 0.5298713 0.8437897
vn 0.1149663 -0.5422367 0.8323233
vn -0.0798391 0.4967361 0.8642216
vn -0.004211637 -0.460503 -0.8876482
vn -0.398984 -0.8447546 -0.356653
vn -0.1865933 -0.3795957 -0.9061401
vn 0.0213936 -0.9485211 -0.3159904
vn 0.1068169 -0.5076243 -0.8549314
vn -0.4356893 -0.9000971 1.466444E-07
vn 0.2052718 -0.9326653 -0.296646
vn 0.1149663 -0.542237 -0.8323231
vn 0.2060662 -0.9327611 -0.2957928
vn 0.02462848 -0.9996967 1.628713E-07
vn -0.3989737 -0.8447632 0.3566441
vn 0.222853 -0.9748521 1.588236E-07
vn 0.2226367 -0.9749015 1.588316E-07
vn 0.0213936 -0.948521 0.3159907
vn -0.1865933 -0.3795955 0.9061404
vn -0.004211637 -0.4605027 0.8876483
vn 0.2052718 -0.9326653 0.2966463
vn 0.2060663 -0.932761 0.2957931
vn 0.1068169 -0.507624 0.8549315
vn 0.1149663 -0.5422367 0.8323233
vn 0.3823424 0.8700058 -0.3112943
vn 0.2142165 0.5132467 -0.8310771
vn 0.435079 0.3208462 -0.8412871
vn 0.7566003 0.5603316 -0.3370231
vn 0.514857 0.1045888 -0.8508722
vn 0.9237648 0.1918456 -0.331442
vn 0.8029821 0.5960031 0
vn 0.9794593 0.2016417 0
vn 0.7566003 0.5603316 0.337023
vn 0.9237648 0.1918458 0.3314419
vn -0.4356893 -0.9000971 1.466444E-07
vn -0.7623177 -0.5274085 0.3751161
vn -0.8273537 -0.5616813 0
vn -0.3989737 -0.8447632 0.3566441
vn -0.3319586 -0.2378979 0.9128023
vn -0.1865933 -0.3795955 0.9061404
vn 0.2142165 0.5132469 0.8310769
vn 0.7566003 0.5603316 0.337023
vn 0.435079 0.3208465 0.841287
vn 0.3823424 0.870006 0.311294
vn -0.006439431 0.569203 0.8221718
vn 0.8029821 0.5960031 0
vn 0.01144475 0.9623963 0.2714081
vn -0.08517858 0.5298713 0.8437897
vn 0.3983054 0.9172529 -1.494395E-07
vn 0.7566003 0.5603316 -0.3370231
vn 0.3823424 0.8700058 -0.3112943
vn -0.1421578 0.9532019 0.266828
vn -0.0798391 0.4967361 0.8642216
vn -0.141851 0.949926 0.2784222
vn 0.01126165 0.9999366 -1.629103E-07
vn -0.1373055 0.9905286 -1.613776E-07
vn -0.1373055 0.9905286 -1.613776E-07
vn 0.01144474 0.9623962 -0.2714084
vn 0.2142165 0.5132467 -0.8310771
vn -0.006439431 0.5692028 -0.8221719
vn -0.1421578 0.9532018 -0.2668283
vn -0.141851 0.9499258 -0.2784225
vn -0.08517857 0.529871 -0.8437899
vn -0.0798391 0.4967359 -0.8642218
vn -0.7623177 -0.5274085 0.3751161
vn -0.3319586 -0.2378979 0.9128023
vn -0.4342293 -0.09360269 0.895926
vn -0.9168044 -0.1829336 0.3549718
vn -0.4706101 0.01764039 0.882165
vn -0.9410137 0.04013215 0.3359804
vn 0.435079 0.3208465 0.841287
vn 0.7566003 0.5603316 0.337023
vn 0.9237648 0.1918458 0.3314419
vn 0.514857 0.104589 0.8508722
vn 0 -1.629207E-07 -1
vn 0.1900141 0.6788747 -0.7092416
vn 0 0.678868 -0.7342604
vn 0.2588022 -1.5737E-07 -0.9659303
vn 0 -1.629207E-07 -1
vn 0.3671219 0.678881 -0.6358789
vn 0.2588022 -1.5737E-07 -0.9659303
vn 0 -0.2854744 -0.9583864
vn 0.2480285 -0.2854756 -0.9257351
vn 0.4999893 -1.410944E-07 -0.8660316
vn 0.5191965 0.678874 -0.5191966
vn 0.4999893 -1.410944E-07 -0.8660316
vn 0.7071068 -1.152023E-07 -0.7071068
vn 0.6358789 0.678881 -0.3671221
vn 0.8660316 0 -0.4999893
vn 0.7071068 -1.152023E-07 -0.7071068
vn 0.8660316 0 -0.4999893
vn 0.479179 -0.285475 -0.829995
vn 0.6776809 -0.2854775 -0.6776809
vn 0.829995 -0.2854749 -0.4791789
vn 0.4322819 -0.8665172 -0.24956
vn 0.3529584 -0.8665107 -0.3529583
vn 0.2495601 -0.8665172 -0.4322817
vn 0.1291894 -0.8665121 -0.4821482
vn 0.8660316 0 -0.4999893
vn 0.7092375 0.6788709 -0.1900437
vn 0.6358789 0.678881 -0.3671221
vn 0.9659303 0 -0.2588022
vn 0.8660316 0 -0.4999893
vn 0.7342603 0.678868 -1.106017E-07
vn 0.9659303 0 -0.2588022
vn 0.829995 -0.2854749 -0.4791789
vn 1 0 0
vn 0.7092375 0.6788709 0.1900434
vn 0.9659303 0 0.2588022
vn 0.6358788 0.6788812 0.3671218
vn 0.8660316 0 0.4999893
vn 1 0 0
vn 0.9659303 0 0.2588022
vn 0.8660316 0 0.4999893
vn 0.9257352 -0.2854755 -0.2480285
vn 0.9583864 -0.2854742 0
vn 0.9257352 -0.2854754 0.2480286
vn 0.829995 -0.2854747 0.479179
vn 0.4821483 -0.866512 0.1291895
vn 0.4991499 -0.8665156 1.411733E-07
vn 0.4821483 -0.866512 -0.1291893
vn 0.4322819 -0.8665172 -0.24956
vn 0.8660316 0 0.4999893
vn 0.5191965 0.6788742 0.5191963
vn 0.6358788 0.6788812 0.3671218
vn 0.7071068 1.152023E-07 0.7071068
vn 0.367122 0.6788812 0.6358787
vn 0.8660316 0 0.4999893
vn 0.4999893 1.410944E-07 0.8660316
vn 0.7071068 1.152023E-07 0.7071068
vn 0.829995 -0.2854747 0.479179
vn 0.4999893 1.410944E-07 0.8660316
vn 0.6776809 -0.2854773 0.6776809
vn 0.4791789 -0.2854747 0.829995
vn 0.2495887 -0.8665106 0.4322788
vn 0.3529584 -0.8665106 0.3529586
vn 0.4999893 1.410944E-07 0.8660316
vn 0.1900436 0.678871 0.7092374
vn 0.367122 0.6788812 0.6358787
vn 0.2588022 1.5737E-07 0.9659303
vn 0.4999893 1.410944E-07 0.8660316
vn 0 0.6788681 0.7342601
vn 0.2588022 1.5737E-07 0.9659303
vn 0.4791789 -0.2854747 0.829995
vn 0 1.629207E-07 1
vn -0.1900141 0.6788749 0.7092415
vn -0.2588022 1.5737E-07 0.9659303
vn -0.367122 0.6788812 0.6358787
vn 0 1.629207E-07 1
vn 0.2480285 -0.2854753 0.9257352
vn -0.4999893 1.410944E-07 0.8660316
vn -0.5191965 0.6788742 0.5191963
vn -0.7071068 1.152023E-07 0.7071068
vn -0.6358788 0.6788812 0.3671218
vn -0.2588022 1.5737E-07 0.9659303
vn -0.4999893 1.410944E-07 0.8660316
vn 0.1291894 -0.866512 0.4821486
vn 0.2495887 -0.8665106 0.4322788
vn 0 -0.8665024 0.4991729
vn 0 -0.285474 0.9583864
vn -0.1291894 -0.866512 0.4821486
vn -0.2480285 -0.2854753 0.9257352
vn -0.4791789 -0.2854747 0.829995
vn -0.2495601 -0.8665172 0.4322821
vn -0.3529584 -0.8665106 0.3529586
vn -0.7071068 1.152023E-07 0.7071068
vn -0.8660316 0 0.4999893
vn -0.6358788 0.6788812 0.3671218
vn -0.7071068 1.152023E-07 0.7071068
vn -0.8660316 0 0.4999893
vn -0.4999893 1.410944E-07 0.8660316
vn -0.4999893 1.410944E-07 0.8660316
vn -0.4791789 -0.2854747 0.829995
vn -0.6776809 -0.2854773 0.6776809
vn -0.829995 -0.2854747 0.479179
vn -0.3529584 -0.8665106 0.3529586
vn -0.4322819 -0.8665172 0.2495603
vn -0.8660316 0 0.4999893
vn -0.7092375 0.6788709 0.1900434
vn -0.6358788 0.6788812 0.3671218
vn -0.9659303 0 0.2588022
vn -0.8660316 0 0.4999893
vn -0.7342603 0.678868 -1.106017E-07
vn -0.9659303 0 0.2588022
vn -0.829995 -0.2854747 0.479179
vn -1 0 0
vn -0.7092375 0.6788709 -0.1900437
vn -0.9659303 0 -0.2588022
vn -0.6358789 0.678881 -0.3671221
vn -1 0 0
vn -0.9257352 -0.2854754 0.2480286
vn -0.8660316 0 -0.4999893
vn -0.5191965 0.678874 -0.5191966
vn -0.4821483 -0.866512 0.1291895
vn -0.4322819 -0.8665172 0.2495603
vn -0.4991499 -0.8665156 1.411733E-07
vn -0.9583864 -0.2854742 0
vn -0.9659303 0 -0.2588022
vn -0.7071068 -1.152023E-07 -0.7071068
vn -0.3671219 0.678881 -0.6358789
vn -0.4999893 -1.410944E-07 -0.8660316
vn -0.7071068 -1.152023E-07 -0.7071068
vn -0.8660316 0 -0.4999893
vn -0.9257352 -0.2854755 -0.2480285
vn -0.4821483 -0.866512 -0.1291893
vn -0.4322819 -0.8665172 -0.24956
vn -0.829995 -0.2854749 -0.4791789
vn -0.6776809 -0.2854775 -0.6776809
vn 0.1291894 -0.8665121 -0.4821482
vn 0 -0.8665158 -0.4991497
vn -0.1291894 -0.8665121 -0.4821482
vn 0.2495601 -0.8665172 -0.4322817
vn -0.2495601 -0.8665172 -0.4322817
vn 0.3529584 -0.8665107 -0.3529583
vn -0.3529584 -0.8665107 -0.3529583
vn 0.4322819 -0.8665172 -0.24956
vn -0.4322819 -0.8665172 -0.24956
vn 0.4821483 -0.866512 -0.1291893
vn -0.4821483 -0.866512 -0.1291893
vn 0.4991499 -0.8665156 1.411733E-07
vn -0.4991499 -0.8665156 1.411733E-07
vn 0.4821483 -0.866512 0.1291895
vn -0.4821483 -0.866512 0.1291895
vn 0.4322819 -0.8665172 0.2495603
vn -0.4322819 -0.8665172 0.2495603
vn 0.3529584 -0.8665106 0.3529586
vn -0.3529584 -0.8665106 0.3529586
vn 0.2495887 -0.8665106 0.4322788
vn -0.2495601 -0.8665172 0.4322821
vn 0.1291894 -0.866512 0.4821486
vn -0.1291894 -0.866512 0.4821486
vn 0 -0.8665024 0.4991729
vn -0.4999893 -1.410944E-07 -0.8660316
vn -0.1900436 0.6788707 -0.7092376
vn -0.3671219 0.678881 -0.6358789
vn -0.2588022 -1.5737E-07 -0.9659303
vn 0 0.678868 -0.7342604
vn 0 -1.629207E-07 -1
vn -0.4999893 -1.410944E-07 -0.8660316
vn -0.7071068 -1.152023E-07 -0.7071068
vn -0.6776809 -0.2854775 -0.6776809
vn -0.2588022 -1.5737E-07 -0.9659303
vn 0 -1.629207E-07 -1
vn -0.479179 -0.285475 -0.829995
vn -0.2480285 -0.2854756 -0.9257351
vn 0 -0.2854744 -0.9583864
vn -0.1291894 -0.8665121 -0.4821482
vn -0.2495601 -0.8665172 -0.4322817
vn -0.3529584 -0.8665107 -0.3529583
vn -0.829995 -0.2854749 -0.4791789
vn -0.4322819 -0.8665172 -0.24956
vn 0.9257352 -0.2854754 0.2480286
vn 0.4821483 -0.866512 0.1291895
vn 0.4322819 -0.8665172 0.2495603
vn 0.829995 -0.2854747 0.479179
vn 0.3529584 -0.8665106 0.3529586
vn 0.6776809 -0.2854773 0.6776809
vn 0 -0.2854744 -0.9583864
vn 0.1291894 -0.8665121 -0.4821482
vn 0.2480285 -0.2854756 -0.9257351
vn 0 -0.8665158 -0.4991497
vn -0.2480285 -0.2854756 -0.9257351
vn -0.1291894 -0.8665121 -0.4821482
vn -0.8660316 0 0.4999893
vn -0.584684 0.7377066 0.3375406
vn -0.6521267 0.7377015 0.1747203
vn -0.9659303 0 0.2588022
vn -0.6751163 0.7377113 -1.201884E-07
vn -0.8660316 0 0.4999893
vn -1 0 0
vn -0.9659303 0 0.2588022
vn -1 0 0
vn -0.8660316 0 0.4999893
vn -0.9659303 0 0.2588022
vn -0.6975748 0.5926197 0.4027298
vn -1 0 0
vn -0.6751163 0.7377113 -1.201884E-07
vn -0.6521266 0.7377015 -0.1747205
vn -0.9659303 0 -0.2588022
vn -0.584684 0.7377065 -0.3375408
vn -1 0 0
vn -0.8660316 0 -0.4999893
vn -0.4773808 0.7377093 -0.4773809
vn -0.9659303 0 -0.2588022
vn -0.7071068 -1.152023E-07 -0.7071068
vn -0.3375407 0.7377064 -0.5846841
vn -0.8660316 0 -0.4999893
vn -0.4999893 -1.410944E-07 -0.8660316
vn -0.1747204 0.7377015 -0.6521267
vn -0.7071068 -1.152023E-07 -0.7071068
vn -0.2588022 -1.5737E-07 -0.9659303
vn 0 0.7377111 -0.6751165
vn 0 -1.629207E-07 -1
vn -0.4999893 -1.410944E-07 -0.8660316
vn -0.2588022 -1.5737E-07 -0.9659303
vn 0 -1.629207E-07 -1
vn -0.2588022 -1.5737E-07 -0.9659303
vn 0 -1.629207E-07 -1
vn -0.4999893 -1.410944E-07 -0.8660316
vn -0.208478 0.5926254 -0.7780309
vn 0 0.5926157 -0.8054852
vn -0.4027299 0.5926195 -0.6975749
vn -0.5695569 0.5926296 -0.569557
vn -0.7071068 -1.152023E-07 -0.7071068
vn -0.6975748 0.5926196 -0.40273
vn -0.8660316 0 -0.4999893
vn -0.7780308 0.5926256 -0.2084781
vn -0.9659303 0 -0.2588022
vn -0.8054852 0.5926158 0
vn -1 0 0
vn -0.7780308 0.5926256 0.2084779
vn -0.9659303 0 0.2588022
vn -0.9659303 0 0.2588022
vn -0.6975748 0.5926197 0.4027298
vn 0.9659303 0 -0.2588022
vn 0.6521266 0.7377015 -0.1747205
vn 0.6751163 0.7377113 -1.201884E-07
vn 0.8660316 0 -0.4999893
vn 0.584684 0.7377065 -0.3375408
vn 0.8660316 0 -0.4999893
vn 0.9659303 0 -0.2588022
vn 0.7071068 -1.152023E-07 -0.7071068
vn 0.4773808 0.7377093 -0.4773809
vn 0.7071068 -1.152023E-07 -0.7071068
vn 0.8660316 0 -0.4999893
vn 0.9659303 0 -0.2588022
vn 0.4999893 -1.410944E-07 -0.8660316
vn 0.3375407 0.7377064 -0.5846841
vn 0.6975748 0.5926196 -0.40273
vn 0.7780308 0.5926256 -0.2084781
vn 0.5695569 0.5926296 -0.569557
vn 0.7071068 -1.152023E-07 -0.7071068
vn 0.4027299 0.5926195 -0.6975749
vn 0.4999893 -1.410944E-07 -0.8660316
vn 0.208478 0.5926254 -0.7780309
vn 0.4999893 -1.410944E-07 -0.8660316
vn 0.2588022 -1.5737E-07 -0.9659303
vn 0 0.5926157 -0.8054852
vn 0 -1.629207E-07 -1
vn 0.2588022 -1.5737E-07 -0.9659303
vn 0 -1.629207E-07 -1
vn 0.2588022 -1.5737E-07 -0.9659303
vn 0 -1.629207E-07 -1
vn 0.1747204 0.7377015 -0.6521267
vn 0.8660316 0 0.4999893
vn 0.584684 0.7377066 0.3375406
vn 0.4773808 0.7377093 0.4773808
vn 0.7071068 1.152023E-07 0.7071068
vn 0.3375407 0.7377066 0.5846838
vn 0.8660316 0 0.4999893
vn 0.4999893 1.410944E-07 0.8660316
vn 0.7071068 1.152023E-07 0.7071068
vn 0.8660316 0 0.4999893
vn 0.4999893 1.410944E-07 0.8660316
vn 0.7071068 1.152023E-07 0.7071068
vn 0.6975748 0.5926197 0.4027298
vn 0.4999893 1.410944E-07 0.8660316
vn 0.569557 0.5926298 0.5695568
vn 0.4027299 0.5926198 0.6975747
vn 0.4999893 1.410944E-07 0.8660316
vn 0.3375407 0.7377066 0.5846838
vn 0.1747204 0.7377017 0.6521266
vn 0.2588022 1.5737E-07 0.9659303
vn 0.4999893 1.410944E-07 0.8660316
vn 0 0.7377114 0.6751162
vn 0.2588022 1.5737E-07 0.9659303
vn 0.4999893 1.410944E-07 0.8660316
vn 0 1.629207E-07 1
vn -0.1747204 0.7377017 0.6521266
vn 0.2588022 1.5737E-07 0.9659303
vn 0.4027299 0.5926198 0.6975747
vn 0.208478 0.5926256 0.7780307
vn -0.2588022 1.5737E-07 0.9659303
vn -0.3375407 0.7377066 0.5846838
vn 0 1.629207E-07 1
vn 0 1.629207E-07 1
vn 0 0.592616 0.8054851
vn -0.4999893 1.410944E-07 0.8660316
vn -0.4773808 0.7377093 0.4773808
vn -0.2588022 1.5737E-07 0.9659303
vn -0.2588022 1.5737E-07 0.9659303
vn -0.208478 0.5926256 0.7780307
vn -0.7071068 1.152023E-07 0.7071068
vn -0.584684 0.7377066 0.3375406
vn -0.8660316 0 0.4999893
vn -0.4999893 1.410944E-07 0.8660316
vn -0.4999893 1.410944E-07 0.8660316
vn -0.4027299 0.5926198 0.6975747
vn -0.7071068 1.152023E-07 0.7071068
vn -0.8660316 0 0.4999893
vn -0.7071068 1.152023E-07 0.7071068
vn -0.569557 0.5926298 0.5695568
vn -0.8660316 0 0.4999893
vn -0.6975748 0.5926197 0.4027298
vn 0.7780308 0.5926256 0.2084779
vn 0.8660316 0 0.4999893
vn 0.6975748 0.5926197 0.4027298
vn 0.9659303 0 0.2588022
vn 0.8054852 0.5926158 0
vn 0.8660316 0 0.4999893
vn 1 0 0
vn 0.7780308 0.5926256 -0.2084781
vn 0.9659303 0 -0.2588022
vn 0.9659303 0 0.2588022
vn 0.8660316 0 0.4999893
vn 1 0 0
vn 0.9659303 0 -0.2588022
vn 0.9659303 0 0.2588022
vn 0.584684 0.7377066 0.3375406
vn 0.6521267 0.7377015 0.1747203
vn 1 0 0
vn 0.9659303 0 -0.2588022
vn 0.6751163 0.7377113 -1.201884E-07
vn -0.06213632 0.9707428 0.2319429
vn -0.208478 0.5926256 0.7780307
vn -0.4027299 0.5926198 0.6975747
vn 0 0.9707356 0.2401507
vn 0 0.592616 0.8054851
vn -0.120061 0.970742 0.207955
vn -0.569557 0.5926298 0.5695568
vn 0.06213632 0.9707428 0.2319429
vn 0.208478 0.5926256 0.7780307
vn -0.1698059 0.9707379 0.1698058
vn -0.6975748 0.5926197 0.4027298
vn 0.120061 0.970742 0.207955
vn 0.4027299 0.5926198 0.6975747
vn -0.2079551 0.970742 0.1200608
vn -0.7780308 0.5926256 0.2084779
vn 0.1698059 0.9707379 0.1698058
vn 0.569557 0.5926298 0.5695568
vn -0.231943 0.9707427 0.06213617
vn -0.8054852 0.5926158 0
vn 0.2079551 0.970742 0.1200608
vn 0.6975748 0.5926197 0.4027298
vn -0.2401509 0.9707356 -1.581529E-07
vn -0.7780308 0.5926256 -0.2084781
vn 0.231943 0.9707427 0.06213617
vn 0.7780308 0.5926256 0.2084779
vn -0.231943 0.9707427 -0.06213648
vn -0.6975748 0.5926196 -0.40273
vn 0.2401509 0.9707356 -1.581529E-07
vn 0.8054852 0.5926158 0
vn -0.2079551 0.970742 -0.1200611
vn -0.5695569 0.5926296 -0.569557
vn 0.231943 0.9707427 -0.06213648
vn 0.7780308 0.5926256 -0.2084781
vn -0.1698059 0.9707378 -0.169806
vn -0.4027299 0.5926195 -0.6975749
vn 0.2079551 0.970742 -0.1200611
vn 0.6975748 0.5926196 -0.40273
vn -0.120061 0.970742 -0.2079553
vn -0.208478 0.5926254 -0.7780309
vn 0.1698059 0.9707378 -0.169806
vn 0.5695569 0.5926296 -0.569557
vn -0.06213632 0.9707427 -0.2319432
vn 0 0.5926157 -0.8054852
vn 0.120061 0.970742 -0.2079553
vn 0.4027299 0.5926195 -0.6975749
vn 0 0.9707355 -0.240151
vn 0.208478 0.5926254 -0.7780309
vn 0.06213632 0.9707427 -0.2319432
vn -0.09253276 0.9914007 -0.09253293
vn -0.06543223 0.991402 -0.1133163
vn 0 1 -1.629207E-07
vn -0.1133162 0.9914021 -0.0654324
vn -0.03384526 0.9914007 -0.1264087
vn -0.1264085 0.9914007 -0.03384542
vn 0 0.9914004 -0.1308644
vn -0.1308642 0.9914004 -1.615196E-07
vn 0.03384526 0.9914007 -0.1264087
vn -0.1264085 0.9914008 0.0338451
vn 0.06543223 0.991402 -0.1133163
vn -0.1133162 0.9914021 0.06543206
vn 0.09253276 0.9914007 -0.09253293
vn -0.09253277 0.9914008 0.0925326
vn 0.1133162 0.9914021 -0.0654324
vn -0.06543224 0.9914021 0.113316
vn 0.1264085 0.9914007 -0.03384542
vn -0.03384526 0.9914008 0.1264084
vn 0.1308642 0.9914004 -1.615196E-07
vn 0 0.9914004 0.1308641
vn 0.1264085 0.9914008 0.0338451
vn 0.03384526 0.9914008 0.1264084
vn 0.1133162 0.9914021 0.06543206
vn 0.06543224 0.9914021 0.113316
vn 0.09253277 0.9914008 0.0925326
vn 0.7092375 0.6788709 -0.1900437
vn -0.6521267 0.7377015 0.1747203
vn -0.584684 0.7377066 0.3375406
vn 0.6358789 0.678881 -0.3671221
vn 0.7342603 0.678868 -1.106017E-07
vn -0.4773808 0.7377093 0.4773808
vn -0.6751163 0.7377113 -1.201884E-07
vn 0.5191965 0.678874 -0.5191966
vn 0.7092375 0.6788709 0.1900434
vn -0.3375407 0.7377066 0.5846838
vn -0.6521266 0.7377015 -0.1747205
vn 0.3671219 0.678881 -0.6358789
vn 0.6358788 0.6788812 0.3671218
vn -0.1747204 0.7377017 0.6521266
vn -0.584684 0.7377065 -0.3375408
vn 0.1900141 0.6788747 -0.7092416
vn 0.5191965 0.6788742 0.5191963
vn 0 0.7377114 0.6751162
vn -0.4773808 0.7377093 -0.4773809
vn 0 0.678868 -0.7342604
vn 0.367122 0.6788812 0.6358787
vn 0.1747204 0.7377017 0.6521266
vn -0.3375407 0.7377064 -0.5846841
vn -0.1900436 0.6788707 -0.7092376
vn 0.1900436 0.678871 0.7092374
vn 0.3375407 0.7377066 0.5846838
vn -0.1747204 0.7377015 -0.6521267
vn -0.3671219 0.678881 -0.6358789
vn 0 0.6788681 0.7342601
vn 0.4773808 0.7377093 0.4773808
vn 0 0.7377111 -0.6751165
vn -0.5191965 0.678874 -0.5191966
vn -0.1900141 0.6788749 0.7092415
vn 0.584684 0.7377066 0.3375406
vn 0.1747204 0.7377015 -0.6521267
vn -0.6358789 0.678881 -0.3671221
vn -0.367122 0.6788812 0.6358787
vn 0.6521267 0.7377015 0.1747203
vn 0.3375407 0.7377064 -0.5846841
vn -0.7092375 0.6788709 -0.1900437
vn -0.5191965 0.6788742 0.5191963
vn 0.6751163 0.7377113 -1.201884E-07
vn 0.4773808 0.7377093 -0.4773809
vn -0.7342603 0.678868 -1.106017E-07
vn -0.6358788 0.6788812 0.3671218
vn 0.6521266 0.7377015 -0.1747205
vn 0.584684 0.7377065 -0.3375408
vn -0.7092375 0.6788709 0.1900434
vn 0.8486462 -0.4186924 -0.3232588
vn 0.4754673 -0.223069 -0.8509824
vn 0.4000163 -0.3654381 -0.840501
vn 0.6914957 -0.6527675 -0.3093999
vn 0.2538565 -0.4888219 -0.8346317
vn 0.4288566 -0.8516398 -0.3013165
vn 0.7253741 -0.6883548 1.121472E-07
vn 0.1280582 -0.5104932 -0.8502927
vn 0.4469206 -0.8945737 1.457446E-07
vn 0.6914958 -0.6527674 0.3094001
vn 0.2248664 -0.9279401 -0.297258
vn 0.1133164 -0.5594102 -0.8211088
vn 0.182471 -0.9399437 -0.288462
vn 0.2299919 -0.9731926 1.585532E-07
vn 0.1839108 -0.9829429 1.601417E-07
vn 0.4288566 -0.8516397 0.3013167
vn 0.4000163 -0.3654378 0.8405011
vn 0.2538565 -0.4888216 0.8346319
vn 0.2248664 -0.92794 0.2972584
vn 0.182471 -0.9399436 0.2884624
vn 0.1280582 -0.5104929 0.850293
vn 0.1133164 -0.5594099 0.821109
vn 0.4754673 -0.2230688 0.8509824
vn 0.6914958 -0.6527674 0.3094001
vn 0.4000163 -0.3654378 0.8405011
vn 0.8486462 -0.4186923 0.323259
vn 0.5018523 -0.1124619 0.8576109
vn 0.7253741 -0.6883548 1.121472E-07
vn 0.9188606 -0.2160426 0.3301831
vn 0.5145237 -0.02200423 0.8571938
vn 0.8944943 -0.4470793 0
vn 0.6914957 -0.6527675 -0.3093999
vn 0.8486462 -0.4186924 -0.3232588
vn 0.9727069 -0.2320372 0
vn 0.9435462 -0.04297026 0.3284421
vn 0.5148569 0.1045891 0.8508722
vn 0.9188606 -0.2160427 -0.330183
vn 0.4754673 -0.223069 -0.8509824
vn 0.5018523 -0.1124622 -0.8576109
vn 0.9987035 -0.05090568 0
vn 0.9237648 0.1918458 0.3314419
vn 0.435079 0.3208465 0.841287
vn 0.9435462 -0.04297037 -0.3284421
vn 0.5145237 -0.02200451 -0.8571938
vn 0.7566003 0.5603316 0.337023
vn 0.2142165 0.5132469 0.8310769
vn 0.3823424 0.870006 0.311294
vn 0.9794593 0.2016417 0
vn 0.9237648 0.1918457 -0.331442
vn 0.5148571 0.1045888 -0.8508722
vn 0.8029821 0.5960031 0
vn 0.3983054 0.9172529 -1.494395E-07
vn 0.7566002 0.5603316 -0.337023
vn 0.435079 0.3208462 -0.8412871
vn 0.3823424 0.8700058 -0.3112943
vn 0.1280582 -0.5104932 -0.8502927
vn -0.1117001 0.4310217 -0.8954013
vn 0.1133164 -0.5594102 -0.8211088
vn -0.1393837 0.4693936 -0.8719186
vn 0.2538565 -0.4888219 -0.8346317
vn -0.2171752 0.3896089 -0.8950083
vn 0.4000163 -0.3654381 -0.840501
vn -0.3471854 0.2965846 -0.8896627
vn 0.4754673 -0.223069 -0.8509824
vn -0.4266604 0.1923632 -0.8837179
vn 0.5018523 -0.1124622 -0.8576109
vn -0.4654766 0.1022692 -0.8791317
vn 0.5145237 -0.02200451 -0.8571938
vn -0.4706101 0.0176401 -0.882165
vn 0.5148571 0.1045888 -0.8508722
vn -0.4342293 -0.09360299 -0.895926
vn 0.435079 0.3208462 -0.8412871
vn -0.3319587 -0.2378983 -0.9128023
vn 0.2142165 0.5132467 -0.8310771
vn -0.1865932 -0.3795957 -0.9061401
vn -0.006439431 0.5692028 -0.8221719
vn -0.004211637 -0.460503 -0.8876482
vn -0.08517858 0.529871 -0.8437899
vn 0.1068168 -0.5076243 -0.8549314
vn -0.0798391 0.4967359 -0.8642218
vn 0.1149663 -0.542237 -0.8323231
vn -0.1393837 0.4693936 -0.8719186
vn -0.2468415 0.9098771 -0.3334559
vn -0.1117001 0.4310217 -0.8954013
vn -0.2805308 0.9017454 -0.3288731
vn -0.2171752 0.3896089 -0.8950083
vn -0.2725074 0.9621537 -1.567547E-07
vn -0.4803758 0.8084595 -0.3400476
vn -0.3471854 0.2965846 -0.8896627
vn -0.3060467 0.9520165 -1.551032E-07
vn -0.2468415 0.9098772 0.3334556
vn -0.7354667 0.5902289 -0.332744
vn -0.4266604 0.1923632 -0.8837179
vn -0.2805308 0.9017456 0.3288728
vn -0.1117001 0.431022 0.8954011
vn -0.1393837 0.4693938 0.8719184
vn -0.5186993 0.8549567 -1.392901E-07
vn -0.4803758 0.8084596 0.3400473
vn -0.2171752 0.3896092 0.8950081
vn -0.8699906 0.3676081 -0.3286042
vn -0.4654766 0.1022692 -0.8791317
vn -0.785135 0.6193247 -1.009008E-07
vn -0.7354668 0.590229 0.3327438
vn -0.3471855 0.296585 0.8896627
vn -0.9242757 0.1941025 -0.3286924
vn -0.4706101 0.0176401 -0.882165
vn -0.9226347 0.3856749 0
vn -0.8699906 0.3676082 0.328604
vn -0.4266603 0.1923635 0.8837178
vn -0.9410137 0.04013204 -0.3359804
vn -0.4342293 -0.09360299 -0.895926
vn -0.9787952 0.2048414 0
vn -0.9242757 0.1941026 0.3286923
vn -0.4654766 0.1022695 0.8791317
vn -0.9168044 -0.1829337 -0.3549717
vn -0.3319587 -0.2378983 -0.9128023
vn -0.7623177 -0.5274087 -0.3751159
vn -0.9991036 0.04232997 0
vn -0.9410137 0.04013215 0.3359804
vn -0.4706101 0.01764039 0.882165
vn -0.9813247 -0.1923586 0
vn -0.8273537 -0.5616813 0
vn -0.9168044 -0.1829336 0.3549718
vn -0.4342293 -0.09360268 0.895926
vn -0.7623177 -0.5274085 0.3751161
vn -0.4356893 -0.9000971 1.466444E-07
vn -0.3319587 -0.2378979 0.9128023
vn -0.3989737 -0.8447632 0.3566441
vn -0.1865933 -0.3795955 0.9061403
vn -0.1393837 0.4693938 0.8719184
vn 0.1133164 -0.5594099 0.821109
vn -0.1117001 0.431022 0.8954011
vn 0.1280582 -0.5104929 0.850293
vn -0.2171752 0.3896092 0.8950081
vn 0.2538565 -0.4888216 0.8346319
vn -0.3471855 0.296585 0.8896627
vn 0.4000163 -0.3654378 0.8405011
vn -0.4266603 0.1923635 0.8837178
vn 0.4754673 -0.2230688 0.8509824
vn -0.4654766 0.1022695 0.8791317
vn 0.5018523 -0.1124619 0.8576109
vn -0.4706101 0.01764039 0.882165
vn 0.5145237 -0.02200423 0.8571938
vn -0.4342293 -0.09360268 0.895926
vn 0.5148569 0.1045891 0.8508722
vn -0.3319587 -0.2378979 0.9128023
vn 0.435079 0.3208465 0.841287
vn -0.1865933 -0.3795955 0.9061403
vn 0.2142165 0.5132469 0.8310769
vn -0.004211637 -0.4605028 0.8876483
vn -0.006439431 0.569203 0.8221718
vn 0.1068169 -0.507624 0.8549315
vn -0.08517858 0.5298713 0.8437897
vn 0.1149663 -0.5422367 0.8323233
vn -0.0798391 0.4967361 0.8642216
vn 0.1068168 -0.5076243 -0.8549314
vn 0.0213936 -0.9485211 -0.3159904
vn -0.004211637 -0.460503 -0.8876482
vn 0.2052718 -0.9326653 -0.296646
vn 0.1149663 -0.542237 -0.8323231
vn 0.02462848 -0.9996967 1.628713E-07
vn 0.2060662 -0.9327611 -0.2957928
vn 0.222853 -0.9748521 1.588235E-07
vn 0.0213936 -0.948521 0.3159907
vn 0.2226367 -0.9749015 1.588316E-07
vn 0.2052718 -0.9326653 0.2966463
vn -0.004211637 -0.4605028 0.8876483
vn 0.2060663 -0.932761 0.2957931
vn 0.1068169 -0.507624 0.8549315
vn 0.1149663 -0.5422367 0.8323233
vn -0.08517858 0.5298713 0.8437897
vn 0.01144475 0.9623963 0.2714082
vn -0.006439431 0.569203 0.8221718
vn -0.1421578 0.9532019 0.266828
vn -0.0798391 0.4967361 0.8642216
vn 0.01126165 0.9999366 -1.629103E-07
vn -0.141851 0.949926 0.2784222
vn -0.1373055 0.9905286 -1.613776E-07
vn 0.01144474 0.9623962 -0.2714084
vn -0.1373055 0.9905286 -1.613776E-07
vn -0.1421578 0.9532018 -0.2668283
vn -0.006439431 0.5692028 -0.8221719
vn -0.141851 0.9499258 -0.2784225
vn -0.08517858 0.529871 -0.8437899
vn -0.0798391 0.4967359 -0.8642218
vn 0.01144474 0.9623962 -0.2714084
vn -0.006439431 0.5692028 -0.8221719
vn 0.2142165 0.5132467 -0.8310771
vn 0.3823424 0.8700058 -0.3112943
vn 0.435079 0.3208462 -0.8412871
vn 0.7566002 0.5603316 -0.337023
vn 0.01126165 0.9999366 -1.629103E-07
vn 0.3983054 0.9172529 -1.494395E-07
vn 0.01144475 0.9623963 0.2714082
vn 0.3823424 0.870006 0.311294
vn -0.006439431 0.569203 0.8221718
vn 0.2142165 0.5132469 0.8310769
vn 0.0213936 -0.948521 0.3159907
vn -0.004211637 -0.4605028 0.8876483
vn -0.1865933 -0.3795955 0.9061403
vn -0.3989737 -0.8447632 0.3566441
vn 0.02462848 -0.9996967 1.628713E-07
vn -0.4356893 -0.9000971 1.466444E-07
vn 0.0213936 -0.9485211 -0.3159904
vn -0.398984 -0.8447546 -0.356653
vn -0.004211637 -0.460503 -0.8876482
vn -0.8273537 -0.5616813 0
vn -0.1865932 -0.3795957 -0.9061401
vn -0.7623177 -0.5274087 -0.3751159
vn -0.3319587 -0.2378983 -0.9128023
vn 0 -1.629207E-07 -1
vn 0.1900141 0.6788747 -0.7092416
vn 0 0.678868 -0.7342604
vn 0.2588022 -1.5737E-07 -0.9659303
vn 0.367122 0.678881 -0.6358789
vn 0.2588022 -1.5737E-07 -0.9659303
vn -0.2588022 -1.5737E-07 -0.9659303
vn 0.4999893 -1.410944E-07 -0.8660316
vn 0.4999893 -1.410944E-07 -0.8660316
vn 0.5191965 0.678874 -0.5191966
vn 0.7071068 -1.152023E-07 -0.7071068
vn 0.7071068 -1.152023E-07 -0.7071068
vn 0.6358788 0.678881 -0.3671221
vn 0.8660316 0 -0.4999893
vn 0.8660316 0 -0.4999893
vn 0.7092376 0.6788709 -0.1900437
vn 0.9659303 0 -0.2588022
vn 0.9659303 0 -0.2588022
vn 1 0 0
vn 0.7342602 0.6788681 -1.106016E-07
vn 1 0 0
vn 1 0 0
vn 0.7092376 0.6788709 0.1900434
vn 0.7342602 0.6788681 -1.106016E-07
vn 0.9659303 0 0.2588022
vn 0.6358788 0.6788812 0.3671219
vn 0.8660316 0 0.4999893
vn 0.5191965 0.6788743 0.5191963
vn 0.7071068 1.152023E-07 0.7071068
vn 0.367122 0.6788812 0.6358787
vn 0.4999893 1.410944E-07 0.8660316
vn 0.4999893 1.410944E-07 0.8660316
vn 0.7071068 1.152023E-07 0.7071068
vn 0.8660316 0 0.4999893
vn 0.9659303 0 0.2588022
vn 1 0 0
vn 0.9659303 0 -0.2588022
vn 0.4999893 1.410944E-07 0.8660316
vn 0.1900436 0.678871 0.7092373
vn 0.367122 0.6788812 0.6358787
vn 0.2588022 1.5737E-07 0.9659303
vn 0 0.6788681 0.7342601
vn 0 1.629207E-07 1
vn 0.4999893 1.410944E-07 0.8660316
vn 0 1.629207E-07 1
vn 0 1.629207E-07 1
vn -0.1900141 0.6788749 0.7092415
vn -0.2588022 1.5737E-07 0.9659303
vn -0.2588022 1.5737E-07 0.9659303
vn -0.367122 0.6788812 0.6358787
vn -0.4999893 1.410944E-07 0.8660316
vn -0.4999893 1.410944E-07 0.8660316
vn -0.5191965 0.6788743 0.5191963
vn -0.7071068 1.152023E-07 0.7071068
vn -0.7071068 1.152023E-07 0.7071068
vn -0.8660316 0 0.4999893
vn -0.8660316 0 0.4999893
vn -0.9659303 0 0.2588022
vn -0.9659303 0 0.2588022
vn -0.7071068 1.152023E-07 0.7071068
vn -0.6358788 0.6788812 0.3671219
vn -0.5191965 0.6788743 0.5191963
vn -0.8660316 0 0.4999893
vn -0.7092376 0.6788709 0.1900434
vn -0.9659303 0 0.2588022
vn -0.7342602 0.6788681 -1.106016E-07
vn -1 0 0
vn -0.7092376 0.6788709 -0.1900437
vn -1 0 0
vn -0.9659303 0 0.2588022
vn -0.9659303 0 -0.2588022
vn -0.9659303 0 -0.2588022
vn -0.6358788 0.678881 -0.3671221
vn -0.8660316 0 -0.4999893
vn -0.8660316 0 -0.4999893
vn -0.5191965 0.678874 -0.5191966
vn -0.7071068 -1.152023E-07 -0.7071068
vn -0.7071068 -1.152023E-07 -0.7071068
vn -0.367122 0.678881 -0.6358789
vn -0.4999893 -1.410944E-07 -0.8660316
vn -0.4999893 -1.410944E-07 -0.8660316
vn -0.2588022 -1.5737E-07 -0.9659303
vn -0.2588022 -1.5737E-07 -0.9659303
vn -0.2588022 -1.5737E-07 -0.9659303
vn -0.4999893 -1.410944E-07 -0.8660316
vn -0.1900436 0.6788707 -0.7092376
vn -0.367122 0.678881 -0.6358789
vn -0.2588022 -1.5737E-07 -0.9659303
vn 0 0.678868 -0.7342604
vn 0 -1.629207E-07 -1
vn -0.2588022 -1.5737E-07 -0.9659303
vn 0 1.629207E-07 1
vn 0 0.7377114 0.6751163
vn -0.1747204 0.7377016 0.6521266
vn -0.2588022 1.5737E-07 0.9659303
vn 0 1.629207E-07 1
vn -0.3375407 0.7377066 0.5846838
vn -0.2588022 1.5737E-07 0.9659303
vn 0 1.629207E-07 1
vn -0.2588022 1.5737E-07 0.9659303
vn -0.4999893 1.410944E-07 0.8660316
vn -0.4773808 0.7377094 0.4773808
vn -0.4999893 1.410944E-07 0.8660316
vn -0.4999893 1.410944E-07 0.8660316
vn -0.7071068 1.152023E-07 0.7071068
vn -0.584684 0.7377066 0.3375406
vn -0.7071068 1.152023E-07 0.7071068
vn -0.7071068 1.152023E-07 0.7071068
vn -0.8660316 0 0.4999893
vn -0.6521267 0.7377015 0.1747203
vn -0.8660316 0 0.4999893
vn -0.8660316 0 0.4999893
vn -0.9659303 0 0.2588022
vn -0.6751163 0.7377114 -1.201884E-07
vn -0.9659303 0 0.2588022
vn -0.9659303 0 0.2588022
vn -1 0 0
vn -0.6521266 0.7377015 -0.1747205
vn -1 0 0
vn -0.9659303 0 -0.2588022
vn -0.9659303 0 -0.2588022
vn -0.6521266 0.7377015 -0.1747205
vn -0.584684 0.7377065 -0.3375408
vn -0.8660316 0 -0.4999893
vn -0.4773808 0.7377093 -0.4773809
vn -0.9659303 0 -0.2588022
vn -1 0 0
vn -0.7071068 -1.152023E-07 -0.7071068
vn -0.3375407 0.7377064 -0.5846841
vn -0.8660316 0 -0.4999893
vn -0.4999893 -1.410944E-07 -0.8660316
vn -0.1747204 0.7377015 -0.6521267
vn -0.7071068 -1.152023E-07 -0.7071068
vn -0.2588022 -1.5737E-07 -0.9659303
vn 0 0.7377111 -0.6751165
vn -0.4999893 -1.410944E-07 -0.8660316
vn 0 -1.629207E-07 -1
vn 0.1747204 0.7377015 -0.6521267
vn -0.2588022 -1.5737E-07 -0.9659303
vn 0.2588022 -1.5737E-07 -0.9659303
vn 0.3375407 0.7377064 -0.5846841
vn 0.4999893 -1.410944E-07 -0.8660316
vn 0.2588022 -1.5737E-07 -0.9659303
vn 0.4999893 -1.410944E-07 -0.8660316
vn 0 -1.629207E-07 -1
vn -0.2588022 -1.5737E-07 -0.9659303
vn 0 -1.629207E-07 -1
vn -0.4999893 -1.410944E-07 -0.8660316
vn -0.7071068 -1.152023E-07 -0.7071068
vn -0.8660316 0 -0.4999893
vn -0.9659303 0 -0.2588022
vn -1 0 0
vn -0.9659303 0 0.2588022
vn -0.9659303 0 0.2588022
vn 0.4999893 -1.410944E-07 -0.8660316
vn 0.3375407 0.7377064 -0.5846841
vn 0.4773808 0.7377093 -0.4773809
vn 0.7071068 -1.152023E-07 -0.7071068
vn 0.584684 0.7377065 -0.3375408
vn 0.4999893 -1.410944E-07 -0.8660316
vn 0.8660316 0 -0.4999893
vn 0.6521266 0.7377015 -0.1747205
vn 0.9659303 0 -0.2588022
vn 0.7071068 -1.152023E-07 -0.7071068
vn 0.8660316 0 -0.4999893
vn 0.9659303 0 -0.2588022
vn 1 0 0
vn 1 0 0
vn 0.9659303 0 -0.2588022
vn 1 0 0
vn 0.8660316 0 -0.4999893
vn 0.7071068 -1.152023E-07 -0.7071068
vn 0.4999893 -1.410944E-07 -0.8660316
vn 0.2588022 -1.5737E-07 -0.9659303
vn 0.2588022 -1.5737E-07 -0.9659303
vn 0 -1.629207E-07 -1
vn 0 -1.629207E-07 -1
vn 0.2588022 -1.5737E-07 -0.9659303
vn 0 -1.629207E-07 -1
vn 0.9659303 0 -0.2588022
vn 0.6521266 0.7377015 -0.1747205
vn 0.6751163 0.7377114 -1.201884E-07
vn 1 0 0
vn 0.6521267 0.7377015 0.1747203
vn 0.9659303 0 0.2588022
vn 1 0 0
vn 0.584684 0.7377066 0.3375406
vn 0.9659303 0 0.2588022
vn 1 0 0
vn 0.9659303 0 0.2588022
vn 0.8660316 0 0.4999893
vn 0.4773808 0.7377094 0.4773808
vn 0.8660316 0 0.4999893
vn 0.8660316 0 0.4999893
vn 0.7071068 1.152023E-07 0.7071068
vn 0.3375407 0.7377066 0.5846838
vn 0.7071068 1.152023E-07 0.7071068
vn 0.7071068 1.152023E-07 0.7071068
vn 0.4999893 1.410944E-07 0.8660316
vn 0.1747204 0.7377016 0.6521266
vn 0.4999893 1.410944E-07 0.8660316
vn 0.4999893 1.410944E-07 0.8660316
vn 0.2588022 1.5737E-07 0.9659303
vn 0 0.7377114 0.6751163
vn 0 1.629207E-07 1
vn 0.2588022 1.5737E-07 0.9659303
vn 0.2588022 1.5737E-07 0.9659303
vn 0 1.629207E-07 1
vn 0 1.629207E-07 1
vn -0.5191965 0.6788743 0.5191963
vn 0.4773808 0.7377093 -0.4773809
vn 0.3375407 0.7377064 -0.5846841
vn -0.367122 0.6788812 0.6358787
vn 0.1747204 0.7377015 -0.6521267
vn -0.1900141 0.6788749 0.7092415
vn 0 0.7377111 -0.6751165
vn 0 0.6788681 0.7342601
vn -0.1747204 0.7377015 -0.6521267
vn 0.1900436 0.678871 0.7092373
vn -0.3375407 0.7377064 -0.5846841
vn 0.367122 0.6788812 0.6358787
vn -0.4773808 0.7377093 -0.4773809
vn 0.5191965 0.6788743 0.5191963
vn -0.584684 0.7377065 -0.3375408
vn 0.6358788 0.6788812 0.3671219
vn -0.6358788 0.678881 -0.3671221
vn 0.6521267 0.7377015 0.1747203
vn -0.7092376 0.6788709 -0.1900437
vn 0.584684 0.7377066 0.3375406
vn -0.5191965 0.678874 -0.5191966
vn 0.4773808 0.7377094 0.4773808
vn -0.367122 0.678881 -0.6358789
vn 0.3375407 0.7377066 0.5846838
vn -0.1900436 0.6788707 -0.7092376
vn 0.1747204 0.7377016 0.6521266
vn 0 0.678868 -0.7342604
vn 0 0.7377114 0.6751163
vn 0.6358788 0.6788812 0.3671219
vn -0.584684 0.7377065 -0.3375408
vn -0.6521266 0.7377015 -0.1747205
vn 0.7092376 0.6788709 0.1900434
vn -0.6751163 0.7377114 -1.201884E-07
vn 0.7342602 0.6788681 -1.106016E-07
vn -0.6751163 0.7377114 -1.201884E-07
vn -0.6521267 0.7377015 0.1747203
vn 0.7092376 0.6788709 -0.1900437
vn -0.584684 0.7377066 0.3375406
vn 0.6358788 0.678881 -0.3671221
vn -0.4773808 0.7377094 0.4773808
vn 0.5191965 0.678874 -0.5191966
vn -0.3375407 0.7377066 0.5846838
vn 0.367122 0.678881 -0.6358789
vn -0.1747204 0.7377016 0.6521266
vn 0.1900141 0.6788747 -0.7092416
vn 0 0.7377114 0.6751163
vn 0 0.678868 -0.7342604
vn -0.6358788 0.6788812 0.3671219
vn 0.584684 0.7377065 -0.3375408
vn 0.4773808 0.7377093 -0.4773809
vn -0.5191965 0.6788743 0.5191963
vn -0.7092376 0.6788709 -0.1900437
vn 0.6521267 0.7377015 0.1747203
vn 0.6751163 0.7377114 -1.201884E-07
vn -0.7342602 0.6788681 -1.106016E-07
vn -0.7342602 0.6788681 -1.106016E-07
vn 0.6521266 0.7377015 -0.1747205
vn -0.7092376 0.6788709 0.1900434
vn 0.584684 0.7377065 -0.3375408
vn -0.6358788 0.6788812 0.3671219
vn -0.06213632 0.9707428 0.2319429
vn -0.208478 0.5926256 0.7780307
vn -0.4027299 0.5926198 0.6975747
vn 0 0.9707356 0.2401507
vn 0 0.5926161 0.8054851
vn -0.120061 0.970742 0.207955
vn -0.569557 0.5926297 0.5695568
vn 0.06213632 0.9707428 0.2319429
vn 0.208478 0.5926256 0.7780307
vn -0.1698059 0.9707379 0.1698058
vn -0.6975747 0.5926198 0.4027298
vn 0.120061 0.970742 0.207955
vn 0.4027299 0.5926198 0.6975747
vn -0.2079551 0.970742 0.1200608
vn -0.7780308 0.5926256 0.2084779
vn 0.1698059 0.9707379 0.1698058
vn 0.569557 0.5926297 0.5695568
vn -0.2319431 0.9707427 0.06213617
vn -0.8054852 0.5926158 0
vn 0.2079551 0.970742 0.1200608
vn 0.6975747 0.5926198 0.4027298
vn -0.2401508 0.9707356 -1.581529E-07
vn -0.7780308 0.5926256 -0.208478
vn 0.2319431 0.9707427 0.06213617
vn 0.7780308 0.5926256 0.2084779
vn -0.2319431 0.9707427 -0.06213648
vn -0.6975747 0.5926197 -0.40273
vn 0.2401508 0.9707356 -1.581529E-07
vn 0.8054852 0.5926158 0
vn -0.2079552 0.970742 -0.1200611
vn -0.569557 0.5926296 -0.569557
vn 0.2319431 0.9707427 -0.06213648
vn 0.7780308 0.5926256 -0.208478
vn -0.1698059 0.9707378 -0.169806
vn -0.40273 0.5926195 -0.6975749
vn 0.2079552 0.970742 -0.1200611
vn 0.6975747 0.5926197 -0.40273
vn -0.120061 0.970742 -0.2079553
vn -0.2084779 0.5926254 -0.7780309
vn 0.1698059 0.9707378 -0.169806
vn 0.569557 0.5926296 -0.569557
vn -0.06213632 0.9707427 -0.2319432
vn 0 0.5926158 -0.8054852
vn 0.120061 0.970742 -0.2079553
vn 0.40273 0.5926195 -0.6975749
vn 0 0.9707355 -0.2401509
vn 0.2084779 0.5926254 -0.7780309
vn 0.06213632 0.9707427 -0.2319432
vn -0.09253276 0.9914007 -0.09253292
vn -0.06543222 0.991402 -0.1133163
vn 0 1 -1.629207E-07
vn -0.1133162 0.9914021 -0.0654324
vn -0.03384526 0.9914007 -0.1264087
vn -0.1264085 0.9914007 -0.03384542
vn 0 0.9914004 -0.1308644
vn -0.1308642 0.9914004 -1.615196E-07
vn 0.03384526 0.9914007 -0.1264087
vn -0.1264085 0.9914008 0.0338451
vn 0.06543222 0.991402 -0.1133163
vn -0.1133162 0.9914021 0.06543207
vn 0.09253276 0.9914007 -0.09253292
vn -0.09253277 0.9914008 0.0925326
vn 0.1133162 0.9914021 -0.0654324
vn -0.06543223 0.9914021 0.113316
vn 0.1264085 0.9914007 -0.03384542
vn -0.03384526 0.9914008 0.1264084
vn 0.1308642 0.9914004 -1.615196E-07
vn 0 0.9914004 0.1308641
vn 0.1264085 0.9914008 0.0338451
vn 0.03384526 0.9914008 0.1264084
vn 0.1133162 0.9914021 0.06543207
vn 0.06543223 0.9914021 0.113316
vn 0.09253277 0.9914008 0.0925326
usemtl Porcelain_Off_White_Mat
f 3/3/3 2/2/2 1/1/1
f 6/6/6 5/5/5 4/4/4
f 9/9/9 8/8/8 7/7/7
f 12/12/12 11/11/11 10/10/10
f 13/13/13 12/12/12 10/10/10
f 13/13/13 10/10/10 14/14/14
f 15/15/15 13/13/13 14/14/14
f 16/16/16 13/13/13 15/15/15
f 14/14/14 10/10/10 17/17/17
f 10/10/10 18/18/18 17/17/17
f 19/19/19 16/16/16 15/15/15
f 20/20/20 16/16/16 19/19/19
f 21/21/21 20/20/20 19/19/19
f 21/21/21 19/19/19 22/22/22
f 23/23/23 21/21/21 22/22/22
f 19/19/19 15/15/15 24/24/24
f 22/22/22 19/19/19 24/24/24
f 15/15/15 14/14/14 25/25/25
f 24/24/24 15/15/15 25/25/25
f 17/17/17 18/18/18 26/26/26
f 18/18/18 27/27/27 26/26/26
f 14/14/14 17/17/17 28/28/28
f 25/25/25 14/14/14 28/28/28
f 17/17/17 26/26/26 29/29/29
f 28/28/28 17/17/17 29/29/29
f 29/29/29 26/26/26 30/30/30
f 26/26/26 31/31/31 30/30/30
f 29/29/29 30/30/30 32/32/32
f 33/33/33 29/29/29 32/32/32
f 28/28/28 29/29/29 33/33/33
f 34/34/34 28/28/28 33/33/33
f 25/25/25 28/28/28 34/34/34
f 35/35/35 25/25/25 34/34/34
f 24/24/24 25/25/25 35/35/35
f 36/36/36 24/24/24 35/35/35
f 22/22/22 24/24/24 36/36/36
f 37/37/37 22/22/22 36/36/36
f 23/23/23 22/22/22 37/37/37
f 38/38/38 23/23/23 37/37/37
f 39/39/39 23/23/23 38/38/38
f 40/40/40 39/39/39 38/38/38
f 43/43/43 42/42/42 41/41/41
f 42/42/42 44/44/44 41/41/41
f 41/41/41 44/44/44 45/45/45
f 44/44/44 46/46/46 45/45/45
f 44/44/44 47/47/47 46/46/46
f 44/44/44 42/42/42 47/47/47
f 47/47/47 48/48/48 46/46/46
f 47/47/47 49/49/49 48/48/48
f 49/49/49 50/50/50 48/48/48
f 49/49/49 51/51/51 50/50/50
f 51/51/51 52/52/52 50/50/50
f 53/53/53 51/51/51 49/49/49
f 54/54/54 53/53/53 49/49/49
f 54/54/54 49/49/49 47/47/47
f 55/55/55 53/53/53 54/54/54
f 42/42/42 56/56/56 47/47/47
f 56/56/56 54/54/54 47/47/47
f 57/57/57 55/55/55 54/54/54
f 57/57/57 54/54/54 56/56/56
f 58/58/58 55/55/55 57/57/57
f 59/59/59 58/58/58 57/57/57
f 60/60/60 56/56/56 42/42/42
f 60/60/60 57/57/57 56/56/56
f 59/59/59 57/57/57 60/60/60
f 61/61/61 60/60/60 42/42/42
f 62/62/62 59/59/59 60/60/60
f 62/62/62 60/60/60 61/61/61
f 63/63/63 62/62/62 61/61/61
f 66/66/66 65/65/65 64/64/64
f 67/67/67 66/66/66 64/64/64
f 68/68/68 66/66/66 67/67/67
f 69/69/69 68/68/68 67/67/67
f 72/72/72 71/71/71 70/70/70
f 73/73/73 72/72/72 70/70/70
f 76/76/76 75/75/75 74/74/74
f 77/77/77 76/76/76 74/74/74
f 78/78/78 76/76/76 77/77/77
f 79/79/79 78/78/78 77/77/77
f 78/78/78 80/80/80 76/76/76
f 80/80/80 81/81/81 76/76/76
f 82/82/82 78/78/78 79/79/79
f 83/83/83 82/82/82 79/79/79
f 84/84/84 82/82/82 83/83/83
f 85/85/85 84/84/84 83/83/83
f 84/84/84 86/86/86 82/82/82
f 82/82/82 87/87/87 78/78/78
f 86/86/86 87/87/87 82/82/82
f 87/87/87 80/80/80 78/78/78
f 86/86/86 88/88/88 87/87/87
f 88/88/88 89/89/89 87/87/87
f 87/87/87 89/89/89 80/80/80
f 88/88/88 90/90/90 89/89/89
f 90/90/90 91/91/91 89/89/89
f 80/80/80 92/92/92 81/81/81
f 89/89/89 92/92/92 80/80/80
f 89/89/89 91/91/91 92/92/92
f 92/92/92 93/93/93 81/81/81
f 91/91/91 94/94/94 92/92/92
f 92/92/92 94/94/94 93/93/93
f 94/94/94 95/95/95 93/93/93
f 98/98/98 97/97/97 96/96/96
f 99/99/99 98/98/98 96/96/96
f 99/99/99 96/96/96 100/100/100
f 101/101/101 98/98/98 99/99/99
f 102/102/102 99/99/99 100/100/100
f 102/102/102 100/100/100 103/103/103
f 104/104/104 102/102/102 103/103/103
f 105/105/105 101/101/101 99/99/99
f 105/105/105 99/99/99 102/102/102
f 106/106/106 101/101/101 105/105/105
f 107/107/107 106/106/106 105/105/105
f 108/108/108 105/105/105 102/102/102
f 107/107/107 105/105/105 108/108/108
f 108/108/108 102/102/102 104/104/104
f 109/109/109 107/107/107 108/108/108
f 110/110/110 108/108/108 104/104/104
f 109/109/109 108/108/108 110/110/110
f 110/110/110 104/104/104 111/111/111
f 112/112/112 109/109/109 110/110/110
f 113/113/113 110/110/110 111/111/111
f 112/112/112 110/110/110 113/113/113
f 114/114/114 112/112/112 113/113/113
f 117/117/117 116/116/116 115/115/115
f 116/116/116 118/118/118 115/115/115
f 115/115/115 118/118/118 119/119/119
f 118/118/118 120/120/120 119/119/119
f 119/119/119 120/120/120 121/121/121
f 120/120/120 122/122/122 121/121/121
f 121/121/121 122/122/122 123/123/123
f 122/122/122 124/124/124 123/123/123
f 123/123/123 124/124/124 125/125/125
f 124/124/124 126/126/126 125/125/125
f 125/125/125 126/126/126 127/127/127
f 126/126/126 128/128/128 127/127/127
f 127/127/127 128/128/128 129/129/129
f 128/128/128 130/130/130 129/129/129
f 129/129/129 130/130/130 131/131/131
f 130/130/130 132/132/132 131/131/131
f 131/131/131 132/132/132 133/133/133
f 132/132/132 134/134/134 133/133/133
f 133/133/133 134/134/134 135/135/135
f 134/134/134 136/136/136 135/135/135
f 135/135/135 136/136/136 137/137/137
f 136/136/136 138/138/138 137/137/137
f 137/137/137 138/138/138 139/139/139
f 138/138/138 140/140/140 139/139/139
f 143/143/143 142/142/142 141/141/141
f 142/142/142 144/144/144 141/141/141
f 141/141/141 144/144/144 145/145/145
f 144/144/144 146/146/146 145/145/145
f 145/145/145 146/146/146 147/147/147
f 146/146/146 148/148/148 147/147/147
f 147/147/147 148/148/148 149/149/149
f 148/148/148 150/150/150 149/149/149
f 149/149/149 150/150/150 151/151/151
f 150/150/150 152/152/152 151/151/151
f 151/151/151 152/152/152 153/153/153
f 152/152/152 154/154/154 153/153/153
f 153/153/153 154/154/154 155/155/155
f 154/154/154 156/156/156 155/155/155
f 155/155/155 156/156/156 157/157/157
f 156/156/156 158/158/158 157/157/157
f 157/157/157 158/158/158 159/159/159
f 158/158/158 160/160/160 159/159/159
f 159/159/159 160/160/160 161/161/161
f 160/160/160 162/162/162 161/161/161
f 161/161/161 162/162/162 163/163/163
f 162/162/162 164/164/164 163/163/163
f 163/163/163 164/164/164 165/165/165
f 164/164/164 166/166/166 165/165/165
f 169/169/169 168/168/168 167/167/167
f 168/168/168 170/170/170 167/167/167
f 167/167/167 170/170/170 171/171/171
f 168/168/168 172/172/172 170/170/170
f 170/170/170 173/173/173 171/171/171
f 171/171/171 173/173/173 174/174/174
f 173/173/173 175/175/175 174/174/174
f 172/172/172 176/176/176 170/170/170
f 170/170/170 176/176/176 173/173/173
f 172/172/172 177/177/177 176/176/176
f 173/173/173 178/178/178 175/175/175
f 176/176/176 178/178/178 173/173/173
f 178/178/178 179/179/179 175/175/175
f 177/177/177 180/180/180 176/176/176
f 176/176/176 180/180/180 178/178/178
f 177/177/177 181/181/181 180/180/180
f 181/181/181 182/182/182 180/180/180
f 178/178/178 183/183/183 179/179/179
f 180/180/180 183/183/183 178/178/178
f 180/180/180 182/182/182 183/183/183
f 183/183/183 184/184/184 179/179/179
f 182/182/182 185/185/185 183/183/183
f 183/183/183 185/185/185 184/184/184
f 185/185/185 186/186/186 184/184/184
f 189/189/189 188/188/188 187/187/187
f 190/190/190 189/189/189 187/187/187
f 191/191/191 189/189/189 190/190/190
f 192/192/192 191/191/191 190/190/190
f 192/192/192 190/190/190 193/193/193
f 194/194/194 192/192/192 193/193/193
f 194/194/194 193/193/193 195/195/195
f 196/196/196 194/194/194 195/195/195
f 199/199/199 198/198/198 197/197/197
f 198/198/198 200/200/200 197/197/197
f 198/198/198 201/201/201 200/200/200
f 201/201/201 202/202/202 200/200/200
f 205/205/205 204/204/204 203/203/203
f 204/204/204 206/206/206 203/203/203
f 203/203/203 206/206/206 207/207/207
f 204/204/204 208/208/208 206/206/206
f 206/206/206 209/209/209 207/207/207
f 207/207/207 209/209/209 210/210/210
f 208/208/208 211/211/211 206/206/206
f 206/206/206 211/211/211 209/209/209
f 208/208/208 212/212/212 211/211/211
f 212/212/212 213/213/213 211/211/211
f 209/209/209 214/214/214 210/210/210
f 210/210/210 214/214/214 215/215/215
f 214/214/214 216/216/216 215/215/215
f 211/211/211 217/217/217 209/209/209
f 211/211/211 213/213/213 217/217/217
f 209/209/209 217/217/217 214/214/214
f 214/214/214 218/218/218 216/216/216
f 217/217/217 218/218/218 214/214/214
f 218/218/218 219/219/219 216/216/216
f 213/213/213 220/220/220 217/217/217
f 217/217/217 220/220/220 218/218/218
f 213/213/213 221/221/221 220/220/220
f 221/221/221 222/222/222 220/220/220
f 218/218/218 223/223/223 219/219/219
f 220/220/220 223/223/223 218/218/218
f 220/220/220 222/222/222 223/223/223
f 223/223/223 224/224/224 219/219/219
f 222/222/222 225/225/225 223/223/223
f 223/223/223 225/225/225 224/224/224
f 225/225/225 226/226/226 224/224/224
f 229/229/229 228/228/228 227/227/227
f 230/230/230 229/229/229 227/227/227
f 231/231/231 229/229/229 230/230/230
f 232/232/232 231/231/231 230/230/230
f 235/235/235 234/234/234 233/233/233
f 236/236/236 235/235/235 233/233/233
f 239/239/239 238/238/238 237/237/237
f 238/238/238 240/240/240 237/237/237
f 237/237/237 240/240/240 241/241/241
f 238/238/238 242/242/242 240/240/240
f 240/240/240 243/243/243 241/241/241
f 241/241/241 243/243/243 244/244/244
f 243/243/243 245/245/245 244/244/244
f 242/242/242 246/246/246 240/240/240
f 240/240/240 246/246/246 243/243/243
f 242/242/242 247/247/247 246/246/246
f 246/246/246 248/248/248 243/243/243
f 243/243/243 248/248/248 245/245/245
f 247/247/247 249/249/249 246/246/246
f 246/246/246 249/249/249 248/248/248
f 247/247/247 250/250/250 249/249/249
f 250/250/250 251/251/251 249/249/249
f 249/249/249 251/251/251 252/252/252
f 249/249/249 252/252/252 248/248/248
f 251/251/251 253/253/253 252/252/252
f 248/248/248 254/254/254 245/245/245
f 248/248/248 252/252/252 254/254/254
f 252/252/252 253/253/253 255/255/255
f 252/252/252 255/255/255 254/254/254
f 253/253/253 256/256/256 255/255/255
f 256/256/256 257/257/257 255/255/255
f 257/257/257 258/258/258 255/255/255
f 255/255/255 258/258/258 254/254/254
f 258/258/258 259/259/259 254/254/254
f 254/254/254 259/259/259 245/245/245
f 259/259/259 260/260/260 245/245/245
f 263/263/263 262/262/262 261/261/261
f 262/262/262 264/264/264 261/261/261
f 261/261/261 264/264/264 265/265/265
f 262/262/262 266/266/266 264/264/264
f 264/264/264 267/267/267 265/265/265
f 265/265/265 267/267/267 268/268/268
f 266/266/266 269/269/269 264/264/264
f 264/264/264 269/269/269 267/267/267
f 266/266/266 270/270/270 269/269/269
f 270/270/270 271/271/271 269/269/269
f 270/270/270 272/272/272 271/271/271
f 272/272/272 273/273/273 271/271/271
f 269/269/269 274/274/274 267/267/267
f 269/269/269 271/271/271 274/274/274
f 271/271/271 273/273/273 275/275/275
f 271/271/271 275/275/275 274/274/274
f 273/273/273 276/276/276 275/275/275
f 267/267/267 277/277/277 268/268/268
f 267/267/267 274/274/274 277/277/277
f 274/274/274 275/275/275 278/278/278
f 274/274/274 278/278/278 277/277/277
f 275/275/275 276/276/276 279/279/279
f 275/275/275 279/279/279 278/278/278
f 276/276/276 280/280/280 279/279/279
f 279/279/279 281/281/281 278/278/278
f 281/281/281 282/282/282 278/278/278
f 278/278/278 282/282/282 277/277/277
f 282/282/282 283/283/283 277/277/277
f 277/277/277 283/283/283 268/268/268
f 283/283/283 284/284/284 268/268/268
f 287/287/287 286/286/286 285/285/285
f 286/286/286 288/288/288 285/285/285
f 286/286/286 289/289/289 288/288/288
f 285/285/285 288/288/288 290/290/290
f 289/289/289 291/291/291 288/288/288
f 288/288/288 292/292/292 290/290/290
f 288/288/288 291/291/291 292/292/292
f 290/290/290 292/292/292 293/293/293
f 291/291/291 294/294/294 292/292/292
f 292/292/292 295/295/295 293/293/293
f 292/292/292 294/294/294 295/295/295
f 294/294/294 296/296/296 295/295/295
f 296/296/296 297/297/297 295/295/295
f 297/297/297 298/298/298 295/295/295
f 301/301/301 300/300/300 299/299/299
f 300/300/300 302/302/302 299/299/299
f 299/299/299 302/302/302 303/303/303
f 300/300/300 304/304/304 302/302/302
f 302/302/302 305/305/305 303/303/303
f 303/303/303 305/305/305 306/306/306
f 304/304/304 307/307/307 302/302/302
f 302/302/302 307/307/307 305/305/305
f 304/304/304 308/308/308 307/307/307
f 308/308/308 309/309/309 307/307/307
f 308/308/308 310/310/310 309/309/309
f 307/307/307 311/311/311 305/305/305
f 307/307/307 309/309/309 311/311/311
f 305/305/305 312/312/312 306/306/306
f 305/305/305 311/311/311 312/312/312
f 310/310/310 313/313/313 309/309/309
f 310/310/310 314/314/314 313/313/313
f 314/314/314 315/315/315 313/313/313
f 314/314/314 316/316/316 315/315/315
f 309/309/309 313/313/313 317/317/317
f 309/309/309 317/317/317 311/311/311
f 313/313/313 318/318/318 317/317/317
f 312/312/312 319/319/319 306/306/306
f 319/319/319 320/320/320 306/306/306
f 321/321/321 319/319/319 312/312/312
f 311/311/311 322/322/322 312/312/312
f 322/322/322 321/321/321 312/312/312
f 311/311/311 317/317/317 322/322/322
f 323/323/323 321/321/321 322/322/322
f 324/324/324 323/323/323 322/322/322
f 317/317/317 324/324/324 322/322/322
f 317/317/317 318/318/318 324/324/324
f 318/318/318 325/325/325 324/324/324
f 325/325/325 326/326/326 324/324/324
f 327/327/327 326/326/326 325/325/325
f 330/330/330 329/329/329 328/328/328
f 328/328/328 329/329/329 331/331/331
f 329/329/329 332/332/332 331/331/331
f 328/328/328 331/331/331 333/333/333
f 334/334/334 328/328/328 333/333/333
f 333/333/333 331/331/331 335/335/335
f 331/331/331 332/332/332 336/336/336
f 331/331/331 336/336/336 335/335/335
f 332/332/332 337/337/337 336/336/336
f 336/336/336 338/338/338 335/335/335
f 337/337/337 339/339/339 336/336/336
f 339/339/339 338/338/338 336/336/336
f 342/342/342 341/341/341 340/340/340
f 341/341/341 343/343/343 340/340/340
f 340/340/340 343/343/343 344/344/344
f 341/341/341 345/345/345 343/343/343
f 343/343/343 346/346/346 344/344/344
f 344/344/344 346/346/346 347/347/347
f 345/345/345 348/348/348 343/343/343
f 343/343/343 348/348/348 346/346/346
f 345/345/345 349/349/349 348/348/348
f 349/349/349 350/350/350 348/348/348
f 349/349/349 351/351/351 350/350/350
f 348/348/348 352/352/352 346/346/346
f 348/348/348 350/350/350 352/352/352
f 346/346/346 353/353/353 347/347/347
f 346/346/346 352/352/352 353/353/353
f 351/351/351 354/354/354 350/350/350
f 351/351/351 355/355/355 354/354/354
f 353/353/353 356/356/356 347/347/347
f 356/356/356 357/357/357 347/347/347
f 358/358/358 356/356/356 353/353/353
f 359/359/359 358/358/358 353/353/353
f 352/352/352 359/359/359 353/353/353
f 350/350/350 360/360/360 352/352/352
f 352/352/352 360/360/360 359/359/359
f 350/350/350 354/354/354 360/360/360
f 355/355/355 361/361/361 354/354/354
f 355/355/355 362/362/362 361/361/361
f 362/362/362 363/363/363 361/361/361
f 361/361/361 363/363/363 364/364/364
f 354/354/354 361/361/361 365/365/365
f 354/354/354 365/365/365 360/360/360
f 361/361/361 364/364/364 365/365/365
f 360/360/360 366/366/366 359/359/359
f 360/360/360 365/365/365 366/366/366
f 366/366/366 367/367/367 359/359/359
f 368/368/368 367/367/367 366/366/366
f 369/369/369 368/368/368 366/366/366
f 365/365/365 369/369/369 366/366/366
f 365/365/365 364/364/364 369/369/369
f 364/364/364 370/370/370 369/369/369
f 373/373/373 372/372/372 371/371/371
f 371/371/371 374/374/374 373/373/373
f 374/374/374 375/375/375 373/373/373
f 374/374/374 376/376/376 375/375/375
f 376/376/376 377/377/377 375/375/375
f 376/376/376 378/378/378 377/377/377
f 378/378/378 379/379/379 377/377/377
f 378/378/378 380/380/380 379/379/379
f 380/380/380 381/381/381 379/379/379
f 380/380/380 382/382/382 381/381/381
f 382/382/382 383/383/383 381/381/381
f 382/382/382 384/384/384 383/383/383
f 384/384/384 385/385/385 383/383/383
f 384/384/384 386/386/386 385/385/385
f 386/386/386 387/387/387 385/385/385
f 386/386/386 388/388/388 387/387/387
f 388/388/388 389/389/389 387/387/387
f 388/388/388 390/390/390 389/389/389
f 390/390/390 391/391/391 389/389/389
f 390/390/390 392/392/392 391/391/391
f 392/392/392 393/393/393 391/391/391
f 392/392/392 394/394/394 393/393/393
f 397/397/397 396/396/396 395/395/395
f 396/396/396 398/398/398 395/395/395
f 396/396/396 399/399/399 398/398/398
f 399/399/399 400/400/400 398/398/398
f 395/395/395 398/398/398 401/401/401
f 395/395/395 401/401/401 402/402/402
f 402/402/402 401/401/401 403/403/403
f 398/398/398 400/400/400 404/404/404
f 398/398/398 404/404/404 401/401/401
f 400/400/400 405/405/405 404/404/404
f 401/401/401 404/404/404 406/406/406
f 401/401/401 406/406/406 403/403/403
f 404/404/404 405/405/405 407/407/407
f 404/404/404 407/407/407 406/406/406
f 405/405/405 408/408/408 407/407/407
f 407/407/407 409/409/409 406/406/406
f 409/409/409 410/410/410 406/406/406
f 406/406/406 410/410/410 403/403/403
f 410/410/410 411/411/411 403/403/403
f 403/403/403 411/411/411 412/412/412
f 411/411/411 413/413/413 412/412/412
f 416/416/416 415/415/415 414/414/414
f 417/417/417 416/416/416 414/414/414
f 418/418/418 416/416/416 417/417/417
f 419/419/419 418/418/418 417/417/417
f 422/422/422 421/421/421 420/420/420
f 421/421/421 423/423/423 420/420/420
f 420/420/420 423/423/423 424/424/424
f 423/423/423 425/425/425 424/424/424
f 428/428/428 427/427/427 426/426/426
f 429/429/429 428/428/428 426/426/426
f 430/430/430 428/428/428 429/429/429
f 429/429/429 426/426/426 431/431/431
f 432/432/432 430/430/430 429/429/429
f 433/433/433 429/429/429 431/431/431
f 432/432/432 429/429/429 433/433/433
f 434/434/434 432/432/432 433/433/433
f 433/433/433 431/431/431 435/435/435
f 436/436/436 433/433/433 435/435/435
f 436/436/436 435/435/435 437/437/437
f 440/440/440 439/439/439 438/438/438
f 441/441/441 440/440/440 438/438/438
f 442/442/442 440/440/440 441/441/441
f 441/441/441 438/438/438 443/443/443
f 444/444/444 442/442/442 441/441/441
f 445/445/445 442/442/442 444/444/444
f 446/446/446 441/441/441 443/443/443
f 444/444/444 441/441/441 446/446/446
f 447/447/447 445/445/445 444/444/444
f 448/448/448 445/445/445 447/447/447
f 449/449/449 444/444/444 446/446/446
f 447/447/447 444/444/444 449/449/449
f 450/450/450 448/448/448 447/447/447
f 451/451/451 448/448/448 450/450/450
f 452/452/452 447/447/447 449/449/449
f 450/450/450 447/447/447 452/452/452
f 453/453/453 451/451/451 450/450/450
f 454/454/454 451/451/451 453/453/453
f 455/455/455 454/454/454 453/453/453
f 453/453/453 450/450/450 456/456/456
f 456/456/456 450/450/450 452/452/452
f 455/455/455 453/453/453 457/457/457
f 457/457/457 453/453/453 456/456/456
f 458/458/458 455/455/455 457/457/457
f 458/458/458 457/457/457 459/459/459
f 460/460/460 458/458/458 459/459/459
f 457/457/457 456/456/456 461/461/461
f 459/459/459 457/457/457 461/461/461
f 460/460/460 459/459/459 462/462/462
f 463/463/463 460/460/460 462/462/462
f 462/462/462 459/459/459 464/464/464
f 459/459/459 461/461/461 464/464/464
f 464/464/464 461/461/461 465/465/465
f 461/461/461 456/456/456 466/466/466
f 461/461/461 466/466/466 465/465/465
f 456/456/456 452/452/452 466/466/466
f 465/465/465 466/466/466 467/467/467
f 466/466/466 452/452/452 468/468/468
f 466/466/466 468/468/468 467/467/467
f 452/452/452 449/449/449 468/468/468
f 467/467/467 468/468/468 469/469/469
f 468/468/468 449/449/449 470/470/470
f 468/468/468 470/470/470 469/469/469
f 449/449/449 446/446/446 470/470/470
f 469/469/469 470/470/470 471/471/471
f 470/470/470 446/446/446 472/472/472
f 470/470/470 472/472/472 471/471/471
f 446/446/446 443/443/443 472/472/472
f 471/471/471 472/472/472 473/473/473
f 472/472/472 443/443/443 474/474/474
f 472/472/472 474/474/474 473/473/473
f 443/443/443 475/475/475 474/474/474
f 473/473/473 474/474/474 476/476/476
f 479/479/479 478/478/478 477/477/477
f 477/477/477 478/478/478 480/480/480
f 478/478/478 481/481/481 480/480/480
f 477/477/477 480/480/480 482/482/482
f 483/483/483 477/477/477 482/482/482
f 480/480/480 481/481/481 484/484/484
f 481/481/481 485/485/485 484/484/484
f 482/482/482 480/480/480 486/486/486
f 480/480/480 484/484/484 486/486/486
f 483/483/483 482/482/482 487/487/487
f 488/488/488 483/483/483 487/487/487
f 484/484/484 485/485/485 489/489/489
f 485/485/485 490/490/490 489/489/489
f 488/488/488 487/487/487 491/491/491
f 492/492/492 488/488/488 491/491/491
f 491/491/491 487/487/487 493/493/493
f 487/487/487 482/482/482 494/494/494
f 487/487/487 494/494/494 493/493/493
f 482/482/482 486/486/486 494/494/494
f 493/493/493 494/494/494 495/495/495
f 494/494/494 496/496/496 495/495/495
f 494/494/494 486/486/486 496/496/496
f 495/495/495 496/496/496 497/497/497
f 486/486/486 484/484/484 498/498/498
f 486/486/486 498/498/498 496/496/496
f 484/484/484 489/489/489 498/498/498
f 496/496/496 499/499/499 497/497/497
f 496/496/496 498/498/498 499/499/499
f 497/497/497 499/499/499 500/500/500
f 499/499/499 501/501/501 500/500/500
f 498/498/498 502/502/502 499/499/499
f 499/499/499 502/502/502 501/501/501
f 498/498/498 489/489/489 502/502/502
f 502/502/502 503/503/503 501/501/501
f 489/489/489 504/504/504 502/502/502
f 502/502/502 504/504/504 503/503/503
f 489/489/489 490/490/490 504/504/504
f 504/504/504 505/505/505 503/503/503
f 490/490/490 506/506/506 504/504/504
f 504/504/504 506/506/506 505/505/505
f 509/509/509 508/508/508 507/507/507
f 510/510/510 509/509/509 507/507/507
f 511/511/511 509/509/509 510/510/510
f 510/510/510 507/507/507 512/512/512
f 513/513/513 511/511/511 510/510/510
f 514/514/514 510/510/510 512/512/512
f 513/513/513 510/510/510 514/514/514
f 514/514/514 512/512/512 515/515/515
f 516/516/516 513/513/513 514/514/514
f 517/517/517 514/514/514 515/515/515
f 516/516/516 514/514/514 517/517/517
f 517/517/517 515/515/515 518/518/518
f 519/519/519 516/516/516 517/517/517
f 520/520/520 517/517/517 518/518/518
f 519/519/519 517/517/517 520/520/520
f 521/521/521 519/519/519 520/520/520
f 524/524/524 523/523/523 522/522/522
f 525/525/525 524/524/524 522/522/522
f 525/525/525 522/522/522 526/526/526
f 527/527/527 524/524/524 525/525/525
f 528/528/528 525/525/525 526/526/526
f 528/528/528 526/526/526 529/529/529
f 530/530/530 527/527/527 525/525/525
f 530/530/530 525/525/525 528/528/528
f 531/531/531 527/527/527 530/530/530
f 532/532/532 528/528/528 529/529/529
f 532/532/532 529/529/529 533/533/533
f 534/534/534 532/532/532 533/533/533
f 535/535/535 531/531/531 530/530/530
f 536/536/536 531/531/531 535/535/535
f 537/537/537 530/530/530 528/528/528
f 537/537/537 528/528/528 532/532/532
f 535/535/535 530/530/530 537/537/537
f 538/538/538 532/532/532 534/534/534
f 538/538/538 537/537/537 532/532/532
f 539/539/539 538/538/538 534/534/534
f 540/540/540 536/536/536 535/535/535
f 541/541/541 536/536/536 540/540/540
f 542/542/542 535/535/535 537/537/537
f 542/542/542 537/537/537 538/538/538
f 540/540/540 535/535/535 542/542/542
f 543/543/543 538/538/538 539/539/539
f 543/543/543 542/542/542 538/538/538
f 544/544/544 543/543/543 539/539/539
f 545/545/545 541/541/541 540/540/540
f 546/546/546 541/541/541 545/545/545
f 547/547/547 546/546/546 545/545/545
f 548/548/548 540/540/540 542/542/542
f 548/548/548 542/542/542 543/543/543
f 545/545/545 540/540/540 548/548/548
f 549/549/549 543/543/543 544/544/544
f 549/549/549 548/548/548 543/543/543
f 550/550/550 549/549/549 544/544/544
f 547/547/547 545/545/545 551/551/551
f 551/551/551 545/545/545 548/548/548
f 551/551/551 548/548/548 549/549/549
f 552/552/552 547/547/547 551/551/551
f 553/553/553 549/549/549 550/550/550
f 553/553/553 551/551/551 549/549/549
f 552/552/552 551/551/551 553/553/553
f 554/554/554 553/553/553 550/550/550
f 555/555/555 552/552/552 553/553/553
f 555/555/555 553/553/553 554/554/554
f 556/556/556 555/555/555 554/554/554
f 559/559/559 558/558/558 557/557/557
f 558/558/558 560/560/560 557/557/557
f 557/557/557 560/560/560 561/561/561
f 558/558/558 562/562/562 560/560/560
f 560/560/560 563/563/563 561/561/561
f 561/561/561 563/563/563 564/564/564
f 563/563/563 565/565/565 564/564/564
f 562/562/562 566/566/566 560/560/560
f 560/560/560 566/566/566 563/563/563
f 562/562/562 567/567/567 566/566/566
f 563/563/563 568/568/568 565/565/565
f 566/566/566 568/568/568 563/563/563
f 568/568/568 569/569/569 565/565/565
f 567/567/567 570/570/570 566/566/566
f 566/566/566 570/570/570 568/568/568
f 567/567/567 571/571/571 570/570/570
f 571/571/571 572/572/572 570/570/570
f 568/568/568 573/573/573 569/569/569
f 570/570/570 573/573/573 568/568/568
f 570/570/570 572/572/572 573/573/573
f 573/573/573 574/574/574 569/569/569
f 572/572/572 575/575/575 573/573/573
f 573/573/573 575/575/575 574/574/574
f 578/578/578 577/577/577 576/576/576
f 576/576/576 577/577/577 579/579/579
f 577/577/577 580/580/580 579/579/579
f 581/581/581 578/578/578 576/576/576
f 582/582/582 578/578/578 581/581/581
f 579/579/579 580/580/580 583/583/583
f 580/580/580 584/584/584 583/583/583
f 585/585/585 582/582/582 581/581/581
f 586/586/586 582/582/582 585/585/585
f 583/583/583 584/584/584 587/587/587
f 584/584/584 588/588/588 587/587/587
f 589/589/589 586/586/586 585/585/585
f 590/590/590 586/586/586 589/589/589
f 587/587/587 588/588/588 591/591/591
f 588/588/588 592/592/592 591/591/591
f 593/593/593 590/590/590 589/589/589
f 594/594/594 590/590/590 593/593/593
f 591/591/591 592/592/592 595/595/595
f 592/592/592 596/596/596 595/595/595
f 597/597/597 594/594/594 593/593/593
f 598/598/598 594/594/594 597/597/597
f 595/595/595 596/596/596 599/599/599
f 596/596/596 600/600/600 599/599/599
f 601/601/601 598/598/598 597/597/597
f 602/602/602 598/598/598 601/601/601
f 599/599/599 600/600/600 603/603/603
f 600/600/600 604/604/604 603/603/603
f 605/605/605 602/602/602 601/601/601
f 606/606/606 602/602/602 605/605/605
f 603/603/603 604/604/604 607/607/607
f 604/604/604 608/608/608 607/607/607
f 609/609/609 606/606/606 605/605/605
f 610/610/610 606/606/606 609/609/609
f 607/607/607 608/608/608 611/611/611
f 608/608/608 612/612/612 611/611/611
f 613/613/613 610/610/610 609/609/609
f 614/614/614 610/610/610 613/613/613
f 611/611/611 612/612/612 615/615/615
f 612/612/612 616/616/616 615/615/615
f 617/617/617 614/614/614 613/613/613
f 618/618/618 614/614/614 617/617/617
f 615/615/615 616/616/616 619/619/619
f 616/616/616 620/620/620 619/619/619
f 621/621/621 618/618/618 617/617/617
f 622/622/622 618/618/618 621/621/621
f 620/620/620 622/622/622 623/623/623
f 619/619/619 620/620/620 623/623/623
f 623/623/623 622/622/622 621/621/621
f 613/613/613 609/609/609 624/624/624
f 617/617/617 613/613/613 625/625/625
f 625/625/625 613/613/613 624/624/624
f 625/625/625 624/624/624 626/626/626
f 624/624/624 609/609/609 627/627/627
f 624/624/624 627/627/627 626/626/626
f 609/609/609 605/605/605 627/627/627
f 628/628/628 617/617/617 625/625/625
f 621/621/621 617/617/617 628/628/628
f 628/628/628 625/625/625 626/626/626
f 627/627/627 605/605/605 629/629/629
f 626/626/626 627/627/627 629/629/629
f 605/605/605 601/601/601 629/629/629
f 630/630/630 621/621/621 628/628/628
f 623/623/623 621/621/621 630/630/630
f 630/630/630 628/628/628 626/626/626
f 629/629/629 601/601/601 631/631/631
f 631/631/631 626/626/626 629/629/629
f 601/601/601 597/597/597 631/631/631
f 632/632/632 623/623/623 630/630/630
f 632/632/632 630/630/630 626/626/626
f 626/626/626 631/631/631 633/633/633
f 631/631/631 597/597/597 633/633/633
f 634/634/634 632/632/632 626/626/626
f 619/619/619 623/623/623 632/632/632
f 634/634/634 619/619/619 632/632/632
f 597/597/597 593/593/593 633/633/633
f 615/615/615 619/619/619 634/634/634
f 633/633/633 593/593/593 635/635/635
f 635/635/635 626/626/626 633/633/633
f 593/593/593 589/589/589 635/635/635
f 636/636/636 615/615/615 634/634/634
f 634/634/634 626/626/626 636/636/636
f 611/611/611 615/615/615 636/636/636
f 635/635/635 589/589/589 637/637/637
f 635/635/635 637/637/637 626/626/626
f 589/589/589 585/585/585 637/637/637
f 638/638/638 611/611/611 636/636/636
f 626/626/626 638/638/638 636/636/636
f 607/607/607 611/611/611 638/638/638
f 637/637/637 585/585/585 639/639/639
f 637/637/637 639/639/639 626/626/626
f 585/585/585 581/581/581 639/639/639
f 638/638/638 626/626/626 640/640/640
f 640/640/640 607/607/607 638/638/638
f 626/626/626 639/639/639 641/641/641
f 639/639/639 581/581/581 641/641/641
f 626/626/626 642/642/642 640/640/640
f 603/603/603 607/607/607 640/640/640
f 642/642/642 603/603/603 640/640/640
f 581/581/581 576/576/576 641/641/641
f 599/599/599 603/603/603 642/642/642
f 641/641/641 576/576/576 643/643/643
f 643/643/643 626/626/626 641/641/641
f 576/576/576 579/579/579 643/643/643
f 644/644/644 599/599/599 642/642/642
f 642/642/642 626/626/626 644/644/644
f 595/595/595 599/599/599 644/644/644
f 643/643/643 579/579/579 645/645/645
f 643/643/643 645/645/645 626/626/626
f 579/579/579 583/583/583 645/645/645
f 646/646/646 595/595/595 644/644/644
f 626/626/626 646/646/646 644/644/644
f 591/591/591 595/595/595 646/646/646
f 645/645/645 583/583/583 647/647/647
f 645/645/645 647/647/647 626/626/626
f 583/583/583 587/587/587 647/647/647
f 648/648/648 646/646/646 626/626/626
f 648/648/648 591/591/591 646/646/646
f 647/647/647 648/648/648 626/626/626
f 587/587/587 591/591/591 648/648/648
f 647/647/647 587/587/587 648/648/648
f 651/651/651 650/650/650 649/649/649
f 652/652/652 651/651/651 649/649/649
f 649/649/649 650/650/650 653/653/653
f 654/654/654 651/651/651 652/652/652
f 650/650/650 655/655/655 653/653/653
f 656/656/656 654/654/654 652/652/652
f 653/653/653 655/655/655 657/657/657
f 658/658/658 654/654/654 656/656/656
f 655/655/655 659/659/659 657/657/657
f 660/660/660 658/658/658 656/656/656
f 657/657/657 659/659/659 661/661/661
f 662/662/662 658/658/658 660/660/660
f 659/659/659 663/663/663 661/661/661
f 664/664/664 662/662/662 660/660/660
f 661/661/661 663/663/663 665/665/665
f 666/666/666 662/662/662 664/664/664
f 663/663/663 667/667/667 665/665/665
f 668/668/668 666/666/666 664/664/664
f 665/665/665 667/667/667 669/669/669
f 670/670/670 666/666/666 668/668/668
f 667/667/667 671/671/671 669/669/669
f 672/672/672 670/670/670 668/668/668
f 669/669/669 671/671/671 673/673/673
f 674/674/674 670/670/670 672/672/672
f 671/671/671 675/675/675 673/673/673
f 676/676/676 674/674/674 672/672/672
f 673/673/673 675/675/675 677/677/677
f 678/678/678 674/674/674 676/676/676
f 675/675/675 679/679/679 677/677/677
f 680/680/680 678/678/678 676/676/676
f 677/677/677 679/679/679 681/681/681
f 682/682/682 678/678/678 680/680/680
f 679/679/679 683/683/683 681/681/681
f 684/684/684 682/682/682 680/680/680
f 681/681/681 683/683/683 685/685/685
f 686/686/686 682/682/682 684/684/684
f 683/683/683 687/687/687 685/685/685
f 688/688/688 686/686/686 684/684/684
f 685/685/685 687/687/687 689/689/689
f 690/690/690 686/686/686 688/688/688
f 687/687/687 691/691/691 689/689/689
f 692/692/692 690/690/690 688/688/688
f 689/689/689 691/691/691 693/693/693
f 694/694/694 690/690/690 692/692/692
f 691/691/691 695/695/695 693/693/693
f 696/696/696 694/694/694 692/692/692
f 693/693/693 695/695/695 696/696/696
f 695/695/695 694/694/694 696/696/696
usemtl Mug_Decals_Off_Mat
f 699/699/699 698/698/698 697/697/697
f 700/700/700 699/699/699 697/697/697
f 701/701/701 699/699/699 700/700/700
f 702/702/702 701/701/701 700/700/700
f 702/702/702 700/700/700 703/703/703
f 704/704/704 701/701/701 702/702/702
f 705/705/705 702/702/702 703/703/703
f 705/705/705 703/703/703 706/706/706
f 707/707/707 704/704/704 702/702/702
f 707/707/707 702/702/702 705/705/705
f 708/708/708 704/704/704 707/707/707
f 709/709/709 708/708/708 707/707/707
f 709/709/709 707/707/707 710/710/710
f 710/710/710 707/707/707 705/705/705
f 711/711/711 709/709/709 710/710/710
f 712/712/712 705/705/705 706/706/706
f 710/710/710 705/705/705 712/712/712
f 712/712/712 706/706/706 713/713/713
f 714/714/714 712/712/712 713/713/713
f 711/711/711 710/710/710 715/715/715
f 715/715/715 710/710/710 712/712/712
f 715/715/715 712/712/712 714/714/714
f 716/716/716 711/711/711 715/715/715
f 717/717/717 715/715/715 714/714/714
f 716/716/716 715/715/715 717/717/717
f 718/718/718 716/716/716 717/717/717
f 721/721/721 720/720/720 719/719/719
f 720/720/720 722/722/722 719/719/719
f 719/719/719 722/722/722 723/723/723
f 720/720/720 724/724/724 722/722/722
f 722/722/722 725/725/725 723/723/723
f 723/723/723 725/725/725 726/726/726
f 724/724/724 727/727/727 722/722/722
f 722/722/722 727/727/727 725/725/725
f 724/724/724 728/728/728 727/727/727
f 728/728/728 729/729/729 727/727/727
f 727/727/727 729/729/729 730/730/730
f 727/727/727 730/730/730 725/725/725
f 725/725/725 731/731/731 726/726/726
f 726/726/726 731/731/731 732/732/732
f 729/729/729 733/733/733 730/730/730
f 729/729/729 734/734/734 733/733/733
f 734/734/734 735/735/735 733/733/733
f 725/725/725 730/730/730 736/736/736
f 731/731/731 725/725/725 736/736/736
f 730/730/730 733/733/733 736/736/736
f 731/731/731 737/737/737 732/732/732
f 731/731/731 736/736/736 737/737/737
f 732/732/732 737/737/737 738/738/738
f 733/733/733 735/735/735 739/739/739
f 733/733/733 739/739/739 736/736/736
f 735/735/735 740/740/740 739/739/739
f 737/737/737 741/741/741 738/738/738
f 738/738/738 741/741/741 742/742/742
f 741/741/741 743/743/743 742/742/742
f 736/736/736 744/744/744 737/737/737
f 736/736/736 739/739/739 744/744/744
f 737/737/737 744/744/744 741/741/741
f 739/739/739 740/740/740 745/745/745
f 739/739/739 745/745/745 744/744/744
f 740/740/740 746/746/746 745/745/745
f 741/741/741 747/747/747 743/743/743
f 744/744/744 747/747/747 741/741/741
f 744/744/744 745/745/745 747/747/747
f 747/747/747 748/748/748 743/743/743
f 745/745/745 746/746/746 749/749/749
f 745/745/745 749/749/749 747/747/747
f 747/747/747 749/749/749 748/748/748
f 746/746/746 750/750/750 749/749/749
f 749/749/749 751/751/751 748/748/748
f 754/754/754 753/753/753 752/752/752
f 753/753/753 755/755/755 752/752/752
f 752/752/752 755/755/755 756/756/756
f 755/755/755 757/757/757 756/756/756
f 756/756/756 757/757/757 758/758/758
f 757/757/757 759/759/759 758/758/758
f 758/758/758 759/759/759 760/760/760
f 759/759/759 761/761/761 760/760/760
f 760/760/760 761/761/761 762/762/762
f 761/761/761 763/763/763 762/762/762
f 762/762/762 763/763/763 764/764/764
f 763/763/763 765/765/765 764/764/764
f 764/764/764 765/765/765 766/766/766
f 765/765/765 767/767/767 766/766/766
f 766/766/766 767/767/767 768/768/768
f 767/767/767 769/769/769 768/768/768
f 768/768/768 769/769/769 770/770/770
f 769/769/769 771/771/771 770/770/770
f 770/770/770 771/771/771 772/772/772
f 771/771/771 773/773/773 772/772/772
f 772/772/772 773/773/773 774/774/774
f 773/773/773 775/775/775 774/774/774
f 774/774/774 775/775/775 776/776/776
f 775/775/775 777/777/777 776/776/776
f 780/780/780 779/779/779 778/778/778
f 779/779/779 781/781/781 778/778/778
f 778/778/778 781/781/781 782/782/782
f 779/779/779 783/783/783 781/781/781
f 781/781/781 784/784/784 782/782/782
f 782/782/782 784/784/784 785/785/785
f 783/783/783 786/786/786 781/781/781
f 781/781/781 786/786/786 784/784/784
f 783/783/783 787/787/787 786/786/786
f 784/784/784 788/788/788 785/785/785
f 785/785/785 788/788/788 789/789/789
f 787/787/787 790/790/790 786/786/786
f 787/787/787 791/791/791 790/790/790
f 791/791/791 792/792/792 790/790/790
f 786/786/786 793/793/793 784/784/784
f 786/786/786 790/790/790 793/793/793
f 784/784/784 793/793/793 788/788/788
f 790/790/790 792/792/792 794/794/794
f 790/790/790 794/794/794 793/793/793
f 792/792/792 795/795/795 794/794/794
f 788/788/788 796/796/796 789/789/789
f 789/789/789 796/796/796 797/797/797
f 793/793/793 798/798/798 788/788/788
f 793/793/793 794/794/794 798/798/798
f 788/788/788 798/798/798 796/796/796
f 794/794/794 795/795/795 799/799/799
f 794/794/794 799/799/799 798/798/798
f 795/795/795 800/800/800 799/799/799
f 796/796/796 801/801/801 797/797/797
f 797/797/797 801/801/801 802/802/802
f 798/798/798 803/803/803 796/796/796
f 798/798/798 799/799/799 803/803/803
f 796/796/796 803/803/803 801/801/801
f 799/799/799 800/800/800 804/804/804
f 799/799/799 804/804/804 803/803/803
f 800/800/800 805/805/805 804/804/804
f 801/801/801 806/806/806 802/802/802
f 802/802/802 806/806/806 807/807/807
f 803/803/803 808/808/808 801/801/801
f 803/803/803 804/804/804 808/808/808
f 801/801/801 808/808/808 806/806/806
f 804/804/804 805/805/805 809/809/809
f 804/804/804 809/809/809 808/808/808
f 805/805/805 810/810/810 809/809/809
f 806/806/806 811/811/811 807/807/807
f 807/807/807 811/811/811 812/812/812
f 811/811/811 813/813/813 812/812/812
f 808/808/808 814/814/814 806/806/806
f 808/808/808 809/809/809 814/814/814
f 806/806/806 814/814/814 811/811/811
f 809/809/809 810/810/810 815/815/815
f 809/809/809 815/815/815 814/814/814
f 810/810/810 816/816/816 815/815/815
f 811/811/811 817/817/817 813/813/813
f 814/814/814 817/817/817 811/811/811
f 814/814/814 815/815/815 817/817/817
f 817/817/817 818/818/818 813/813/813
f 815/815/815 816/816/816 819/819/819
f 815/815/815 819/819/819 817/817/817
f 817/817/817 819/819/819 818/818/818
f 816/816/816 820/820/820 819/819/819
f 819/819/819 821/821/821 818/818/818
f 819/819/819 820/820/820 821/821/821
f 818/818/818 821/821/821 822/822/822
f 820/820/820 823/823/823 821/821/821
f 821/821/821 824/824/824 822/822/822
f 821/821/821 823/823/823 824/824/824
f 823/823/823 825/825/825 824/824/824
f 828/828/828 827/827/827 826/826/826
f 827/827/827 829/829/829 826/826/826
f 826/826/826 829/829/829 830/830/830
f 829/829/829 831/831/831 830/830/830
f 830/830/830 831/831/831 832/832/832
f 831/831/831 833/833/833 832/832/832
f 832/832/832 833/833/833 834/834/834
f 833/833/833 835/835/835 834/834/834
f 834/834/834 835/835/835 836/836/836
f 835/835/835 837/837/837 836/836/836
f 836/836/836 837/837/837 838/838/838
f 837/837/837 839/839/839 838/838/838
f 838/838/838 839/839/839 840/840/840
f 839/839/839 841/841/841 840/840/840
f 840/840/840 841/841/841 842/842/842
f 841/841/841 843/843/843 842/842/842
f 842/842/842 843/843/843 844/844/844
f 843/843/843 845/845/845 844/844/844
f 844/844/844 845/845/845 846/846/846
f 845/845/845 847/847/847 846/846/846
f 846/846/846 847/847/847 848/848/848
f 847/847/847 849/849/849 848/848/848
f 848/848/848 849/849/849 850/850/850
f 849/849/849 851/851/851 850/850/850
f 854/854/854 853/853/853 852/852/852
f 853/853/853 855/855/855 852/852/852
f 852/852/852 855/855/855 856/856/856
f 853/853/853 857/857/857 855/855/855
f 855/855/855 858/858/858 856/856/856
f 857/857/857 859/859/859 855/855/855
f 855/855/855 859/859/859 858/858/858
f 857/857/857 860/860/860 859/859/859
f 859/859/859 861/861/861 858/858/858
f 860/860/860 862/862/862 859/859/859
f 859/859/859 862/862/862 861/861/861
f 860/860/860 863/863/863 862/862/862
f 862/862/862 864/864/864 861/861/861
f 863/863/863 865/865/865 862/862/862
f 862/862/862 865/865/865 864/864/864
f 865/865/865 866/866/866 864/864/864
f 869/869/869 868/868/868 867/867/867
f 868/868/868 870/870/870 867/867/867
f 867/867/867 870/870/870 871/871/871
f 868/868/868 872/872/872 870/870/870
f 870/870/870 873/873/873 871/871/871
f 872/872/872 874/874/874 870/870/870
f 870/870/870 874/874/874 873/873/873
f 872/872/872 875/875/875 874/874/874
f 874/874/874 876/876/876 873/873/873
f 875/875/875 877/877/877 874/874/874
f 874/874/874 877/877/877 876/876/876
f 875/875/875 878/878/878 877/877/877
f 877/877/877 879/879/879 876/876/876
f 878/878/878 880/880/880 877/877/877
f 877/877/877 880/880/880 879/879/879
f 880/880/880 881/881/881 879/879/879
f 884/884/884 883/883/883 882/882/882
f 885/885/885 884/884/884 882/882/882
f 886/886/886 884/884/884 885/885/885
f 887/887/887 886/886/886 885/885/885
f 885/885/885 882/882/882 888/888/888
f 889/889/889 885/885/885 888/888/888
f 889/889/889 888/888/888 890/890/890
f 891/891/891 889/889/889 890/890/890
f 891/891/891 890/890/890 892/892/892
f 893/893/893 891/891/891 892/892/892
f 896/896/896 895/895/895 894/894/894
f 897/897/897 896/896/896 894/894/894
f 897/897/897 894/894/894 898/898/898
f 899/899/899 897/897/897 898/898/898
f 899/899/899 898/898/898 900/900/900
f 901/901/901 899/899/899 900/900/900
f 901/901/901 900/900/900 902/902/902
f 903/903/903 899/899/899 901/901/901
f 904/904/904 901/901/901 902/902/902
f 905/905/905 903/903/903 901/901/901
f 905/905/905 901/901/901 904/904/904
f 906/906/906 905/905/905 904/904/904
f 909/909/909 908/908/908 907/907/907
f 908/908/908 910/910/910 907/907/907
f 908/908/908 911/911/911 910/910/910
f 907/907/907 910/910/910 912/912/912
f 913/913/913 907/907/907 912/912/912
f 912/912/912 910/910/910 914/914/914
f 911/911/911 915/915/915 910/910/910
f 910/910/910 915/915/915 914/914/914
f 911/911/911 916/916/916 915/915/915
f 914/914/914 915/915/915 917/917/917
f 916/916/916 918/918/918 915/915/915
f 915/915/915 918/918/918 917/917/917
f 916/916/916 919/919/919 918/918/918
f 917/917/917 918/918/918 920/920/920
f 919/919/919 921/921/921 918/918/918
f 918/918/918 921/921/921 920/920/920
f 919/919/919 922/922/922 921/921/921
f 920/920/920 921/921/921 923/923/923
f 922/922/922 924/924/924 921/921/921
f 921/921/921 924/924/924 923/923/923
f 923/923/923 924/924/924 925/925/925
f 922/922/922 926/926/926 924/924/924
f 926/926/926 927/927/927 924/924/924
f 930/930/930 929/929/929 928/928/928
f 929/929/929 931/931/931 928/928/928
f 929/929/929 932/932/932 931/931/931
f 932/932/932 933/933/933 931/931/931
f 932/932/932 934/934/934 933/933/933
f 934/934/934 935/935/935 933/933/933
f 934/934/934 936/936/936 935/935/935
f 936/936/936 937/937/937 935/935/935
f 935/935/935 937/937/937 938/938/938
f 939/939/939 935/935/935 938/938/938
f 933/933/933 935/935/935 939/939/939
f 940/940/940 933/933/933 939/939/939
f 931/931/931 933/933/933 940/940/940
f 941/941/941 931/931/931 940/940/940
f 928/928/928 931/931/931 941/941/941
f 942/942/942 928/928/928 941/941/941
f 943/943/943 928/928/928 942/942/942
f 946/946/946 945/945/945 944/944/944
f 945/945/945 947/947/947 944/944/944
f 945/945/945 948/948/948 947/947/947
f 944/944/944 947/947/947 949/949/949
f 950/950/950 944/944/944 949/949/949
f 948/948/948 951/951/951 947/947/947
f 949/949/949 947/947/947 951/951/951
f 952/952/952 949/949/949 951/951/951
f 948/948/948 953/953/953 951/951/951
f 952/952/952 951/951/951 954/954/954
f 953/953/953 955/955/955 951/951/951
f 951/951/951 955/955/955 954/954/954
f 953/953/953 956/956/956 955/955/955
f 954/954/954 955/955/955 957/957/957
f 956/956/956 958/958/958 955/955/955
f 955/955/955 958/958/958 957/957/957
f 956/956/956 959/959/959 958/958/958
f 957/957/957 958/958/958 960/960/960
f 959/959/959 961/961/961 958/958/958
f 958/958/958 961/961/961 960/960/960
f 960/960/960 961/961/961 962/962/962
f 961/961/961 963/963/963 962/962/962
f 962/962/962 963/963/963 964/964/964
f 963/963/963 965/965/965 964/964/964
f 968/968/968 967/967/967 966/966/966
f 967/967/967 969/969/969 966/966/966
f 967/967/967 970/970/970 969/969/969
f 970/970/970 971/971/971 969/969/969
f 970/970/970 972/972/972 971/971/971
f 972/972/972 973/973/973 971/971/971
f 972/972/972 974/974/974 973/973/973
f 971/971/971 973/973/973 975/975/975
f 976/976/976 971/971/971 975/975/975
f 975/975/975 973/973/973 977/977/977
f 974/974/974 978/978/978 973/973/973
f 973/973/973 978/978/978 977/977/977
f 974/974/974 979/979/979 978/978/978
f 977/977/977 978/978/978 980/980/980
f 979/979/979 981/981/981 978/978/978
f 978/978/978 981/981/981 980/980/980
f 979/979/979 982/982/982 981/981/981
f 980/980/980 981/981/981 983/983/983
f 982/982/982 984/984/984 981/981/981
f 981/981/981 984/984/984 983/983/983
f 982/982/982 985/985/985 984/984/984
f 983/983/983 984/984/984 986/986/986
f 985/985/985 987/987/987 984/984/984
f 984/984/984 987/987/987 986/986/986
f 986/986/986 987/987/987 988/988/988
f 987/987/987 989/989/989 988/988/988
f 988/988/988 989/989/989 990/990/990
f 993/993/993 992/992/992 991/991/991
f 992/992/992 994/994/994 991/991/991
f 992/992/992 995/995/995 994/994/994
f 995/995/995 996/996/996 994/994/994
f 994/994/994 996/996/996 997/997/997
f 1000/1000/1000 999/999/999 998/998/998
f 1001/1001/1001 1000/1000/1000 998/998/998
f 1001/1001/1001 998/998/998 1002/1002/1002
f 1003/1003/1003 1000/1000/1000 1001/1001/1001
f 1004/1004/1004 1001/1001/1001 1002/1002/1002
f 1004/1004/1004 1002/1002/1002 1005/1005/1005
f 1006/1006/1006 1004/1004/1004 1005/1005/1005
f 1007/1007/1007 1003/1003/1003 1001/1001/1001
f 1007/1007/1007 1001/1001/1001 1004/1004/1004
f 1008/1008/1008 1003/1003/1003 1007/1007/1007
f 1009/1009/1009 1004/1004/1004 1006/1006/1006
f 1009/1009/1009 1007/1007/1007 1004/1004/1004
f 1010/1010/1010 1009/1009/1009 1006/1006/1006
f 1011/1011/1011 1008/1008/1008 1007/1007/1007
f 1011/1011/1011 1007/1007/1007 1009/1009/1009
f 1012/1012/1012 1008/1008/1008 1011/1011/1011
f 1013/1013/1013 1009/1009/1009 1010/1010/1010
f 1013/1013/1013 1011/1011/1011 1009/1009/1009
f 1014/1014/1014 1013/1013/1013 1010/1010/1010
f 1015/1015/1015 1012/1012/1012 1011/1011/1011
f 1015/1015/1015 1011/1011/1011 1013/1013/1013
f 1016/1016/1016 1012/1012/1012 1015/1015/1015
f 1017/1017/1017 1013/1013/1013 1014/1014/1014
f 1017/1017/1017 1015/1015/1015 1013/1013/1013
f 1018/1018/1018 1017/1017/1017 1014/1014/1014
f 1019/1019/1019 1016/1016/1016 1015/1015/1015
f 1019/1019/1019 1015/1015/1015 1017/1017/1017
f 1020/1020/1020 1016/1016/1016 1019/1019/1019
f 1021/1021/1021 1017/1017/1017 1018/1018/1018
f 1021/1021/1021 1019/1019/1019 1017/1017/1017
f 1022/1022/1022 1021/1021/1021 1018/1018/1018
f 1023/1023/1023 1020/1020/1020 1019/1019/1019
f 1023/1023/1023 1019/1019/1019 1021/1021/1021
f 1024/1024/1024 1020/1020/1020 1023/1023/1023
f 1025/1025/1025 1023/1023/1023 1021/1021/1021
f 1026/1026/1026 1024/1024/1024 1023/1023/1023
f 1026/1026/1026 1023/1023/1023 1025/1025/1025
f 1029/1029/1029 1028/1028/1028 1027/1027/1027
f 1030/1030/1030 1029/1029/1029 1027/1027/1027
f 1031/1031/1031 1029/1029/1029 1030/1030/1030
f 1030/1030/1030 1027/1027/1027 1032/1032/1032
f 1032/1032/1032 1027/1027/1027 1033/1033/1033
f 1034/1034/1034 1031/1031/1031 1030/1030/1030
f 1035/1035/1035 1031/1031/1031 1034/1034/1034
f 1036/1036/1036 1030/1030/1030 1032/1032/1032
f 1034/1034/1034 1030/1030/1030 1036/1036/1036
f 1037/1037/1037 1035/1035/1035 1034/1034/1034
f 1038/1038/1038 1035/1035/1035 1037/1037/1037
f 1039/1039/1039 1034/1034/1034 1036/1036/1036
f 1037/1037/1037 1034/1034/1034 1039/1039/1039
f 1040/1040/1040 1038/1038/1038 1037/1037/1037
f 1041/1041/1041 1038/1038/1038 1040/1040/1040
f 1042/1042/1042 1037/1037/1037 1039/1039/1039
f 1040/1040/1040 1037/1037/1037 1042/1042/1042
f 1043/1043/1043 1041/1041/1041 1040/1040/1040
f 1044/1044/1044 1041/1041/1041 1043/1043/1043
f 1043/1043/1043 1040/1040/1040 1045/1045/1045
f 1045/1045/1045 1040/1040/1040 1042/1042/1042
f 1046/1046/1046 1044/1044/1044 1043/1043/1043
f 1047/1047/1047 1044/1044/1044 1046/1046/1046
f 1048/1048/1048 1047/1047/1047 1046/1046/1046
f 1048/1048/1048 1046/1046/1046 1049/1049/1049
f 1050/1050/1050 1048/1048/1048 1049/1049/1049
f 1051/1051/1051 1043/1043/1043 1045/1045/1045
f 1051/1051/1051 1045/1045/1045 1052/1052/1052
f 1053/1053/1053 1051/1051/1051 1052/1052/1052
f 1052/1052/1052 1045/1045/1045 1054/1054/1054
f 1045/1045/1045 1042/1042/1042 1054/1054/1054
f 1054/1054/1054 1042/1042/1042 1055/1055/1055
f 1042/1042/1042 1039/1039/1039 1055/1055/1055
f 1055/1055/1055 1039/1039/1039 1056/1056/1056
f 1039/1039/1039 1036/1036/1036 1056/1056/1056
f 1056/1056/1056 1036/1036/1036 1057/1057/1057
f 1036/1036/1036 1032/1032/1032 1057/1057/1057
f 1057/1057/1057 1032/1032/1032 1058/1058/1058
f 1032/1032/1032 1033/1033/1033 1058/1058/1058
f 1058/1058/1058 1033/1033/1033 1059/1059/1059
f 1033/1033/1033 1060/1060/1060 1059/1059/1059
f 1063/1063/1063 1062/1062/1062 1061/1061/1061
f 1064/1064/1064 1063/1063/1063 1061/1061/1061
f 1065/1065/1065 1063/1063/1063 1064/1064/1064
f 1064/1064/1064 1061/1061/1061 1066/1066/1066
f 1067/1067/1067 1065/1065/1065 1064/1064/1064
f 1068/1068/1068 1065/1065/1065 1067/1067/1067
f 1069/1069/1069 1068/1068/1068 1067/1067/1067
f 1067/1067/1067 1064/1064/1064 1070/1070/1070
f 1070/1070/1070 1064/1064/1064 1066/1066/1066
f 1069/1069/1069 1067/1067/1067 1071/1071/1071
f 1071/1071/1071 1067/1067/1067 1070/1070/1070
f 1072/1072/1072 1069/1069/1069 1071/1071/1071
f 1073/1073/1073 1069/1069/1069 1072/1072/1072
f 1074/1074/1074 1073/1073/1073 1072/1072/1072
f 1074/1074/1074 1072/1072/1072 1075/1075/1075
f 1076/1076/1076 1074/1074/1074 1075/1075/1075
f 1075/1075/1075 1072/1072/1072 1077/1077/1077
f 1072/1072/1072 1071/1071/1071 1077/1077/1077
f 1077/1077/1077 1071/1071/1071 1078/1078/1078
f 1071/1071/1071 1070/1070/1070 1078/1078/1078
f 1078/1078/1078 1070/1070/1070 1079/1079/1079
f 1070/1070/1070 1066/1066/1066 1079/1079/1079
f 1079/1079/1079 1066/1066/1066 1080/1080/1080
f 1066/1066/1066 1081/1081/1081 1080/1080/1080
f 1080/1080/1080 1081/1081/1081 1082/1082/1082
f 1081/1081/1081 1083/1083/1083 1082/1082/1082
f 1081/1081/1081 1084/1084/1084 1083/1083/1083
f 1084/1084/1084 1085/1085/1085 1083/1083/1083
f 1088/1088/1088 1087/1087/1087 1086/1086/1086
f 1089/1089/1089 1088/1088/1088 1086/1086/1086
f 1090/1090/1090 1088/1088/1088 1089/1089/1089
f 1091/1091/1091 1090/1090/1090 1089/1089/1089
f 1091/1091/1091 1089/1089/1089 1092/1092/1092
f 1093/1093/1093 1090/1090/1090 1091/1091/1091
f 1094/1094/1094 1091/1091/1091 1092/1092/1092
f 1094/1094/1094 1092/1092/1092 1095/1095/1095
f 1096/1096/1096 1094/1094/1094 1095/1095/1095
f 1097/1097/1097 1093/1093/1093 1091/1091/1091
f 1097/1097/1097 1091/1091/1091 1094/1094/1094
f 1098/1098/1098 1093/1093/1093 1097/1097/1097
f 1099/1099/1099 1094/1094/1094 1096/1096/1096
f 1099/1099/1099 1097/1097/1097 1094/1094/1094
f 1100/1100/1100 1099/1099/1099 1096/1096/1096
f 1101/1101/1101 1098/1098/1098 1097/1097/1097
f 1101/1101/1101 1097/1097/1097 1099/1099/1099
f 1102/1102/1102 1098/1098/1098 1101/1101/1101
f 1103/1103/1103 1099/1099/1099 1100/1100/1100
f 1103/1103/1103 1101/1101/1101 1099/1099/1099
f 1104/1104/1104 1103/1103/1103 1100/1100/1100
f 1105/1105/1105 1102/1102/1102 1101/1101/1101
f 1105/1105/1105 1101/1101/1101 1103/1103/1103
f 1106/1106/1106 1102/1102/1102 1105/1105/1105
f 1107/1107/1107 1103/1103/1103 1104/1104/1104
f 1107/1107/1107 1105/1105/1105 1103/1103/1103
f 1108/1108/1108 1107/1107/1107 1104/1104/1104
f 1109/1109/1109 1106/1106/1106 1105/1105/1105
f 1109/1109/1109 1105/1105/1105 1107/1107/1107
f 1110/1110/1110 1106/1106/1106 1109/1109/1109
f 1111/1111/1111 1110/1110/1110 1109/1109/1109
f 1112/1112/1112 1107/1107/1107 1108/1108/1108
f 1112/1112/1112 1109/1109/1109 1107/1107/1107
f 1111/1111/1111 1109/1109/1109 1112/1112/1112
f 1113/1113/1113 1112/1112/1112 1108/1108/1108
f 1114/1114/1114 1111/1111/1111 1112/1112/1112
f 1114/1114/1114 1112/1112/1112 1113/1113/1113
f 1115/1115/1115 1114/1114/1114 1113/1113/1113
f 1118/1118/1118 1117/1117/1117 1116/1116/1116
f 1119/1119/1119 1118/1118/1118 1116/1116/1116
f 1120/1120/1120 1118/1118/1118 1119/1119/1119
f 1121/1121/1121 1120/1120/1120 1119/1119/1119
f 1122/1122/1122 1120/1120/1120 1121/1121/1121
f 1123/1123/1123 1122/1122/1122 1121/1121/1121
f 1124/1124/1124 1122/1122/1122 1123/1123/1123
f 1125/1125/1125 1124/1124/1124 1123/1123/1123
f 1126/1126/1126 1124/1124/1124 1125/1125/1125
f 1127/1127/1127 1126/1126/1126 1125/1125/1125
f 1128/1128/1128 1126/1126/1126 1127/1127/1127
f 1129/1129/1129 1128/1128/1128 1127/1127/1127
f 1130/1130/1130 1128/1128/1128 1129/1129/1129
f 1131/1131/1131 1130/1130/1130 1129/1129/1129
f 1134/1134/1134 1133/1133/1133 1132/1132/1132
f 1133/1133/1133 1135/1135/1135 1132/1132/1132
f 1132/1132/1132 1135/1135/1135 1136/1136/1136
f 1135/1135/1135 1137/1137/1137 1136/1136/1136
f 1136/1136/1136 1137/1137/1137 1138/1138/1138
f 1137/1137/1137 1139/1139/1139 1138/1138/1138
f 1138/1138/1138 1139/1139/1139 1140/1140/1140
f 1139/1139/1139 1141/1141/1141 1140/1140/1140
f 1140/1140/1140 1141/1141/1141 1142/1142/1142
f 1141/1141/1141 1143/1143/1143 1142/1142/1142
f 1146/1146/1146 1145/1145/1145 1144/1144/1144
f 1147/1147/1147 1146/1146/1146 1144/1144/1144
f 1148/1148/1148 1146/1146/1146 1147/1147/1147
f 1149/1149/1149 1148/1148/1148 1147/1147/1147
f 1151/1151/1151 1150/1150/1150 1149/1149/1149
f 1152/1152/1152 1151/1151/1151 1149/1149/1149
f 1153/1153/1153 1151/1151/1151 1152/1152/1152
f 1154/1154/1154 1153/1153/1153 1152/1152/1152
f 1155/1155/1155 1153/1153/1153 1154/1154/1154
f 1156/1156/1156 1155/1155/1155 1154/1154/1154
f 1157/1157/1157 1155/1155/1155 1156/1156/1156
f 1158/1158/1158 1157/1157/1157 1156/1156/1156
f 1159/1159/1159 1157/1157/1157 1158/1158/1158
f 1160/1160/1160 1159/1159/1159 1158/1158/1158
f 1161/1161/1161 1159/1159/1159 1160/1160/1160
f 1162/1162/1162 1161/1161/1161 1160/1160/1160
f 1165/1165/1165 1164/1164/1164 1163/1163/1163
f 1166/1166/1166 1165/1165/1165 1163/1163/1163
f 1169/1169/1169 1168/1168/1168 1167/1167/1167
f 1170/1170/1170 1169/1169/1169 1167/1167/1167
f 1172/1172/1172 1169/1169/1169 1171/1171/1171
f 1173/1173/1173 1172/1172/1172 1171/1171/1171
f 1174/1174/1174 1172/1172/1172 1173/1173/1173
f 1175/1175/1175 1174/1174/1174 1173/1173/1173
f 1178/1178/1178 1177/1177/1177 1176/1176/1176
f 1176/1176/1176 1177/1177/1177 1179/1179/1179
f 1177/1177/1177 1180/1180/1180 1179/1179/1179
f 1181/1181/1181 1178/1178/1178 1176/1176/1176
f 1182/1182/1182 1178/1178/1178 1181/1181/1181
f 1179/1179/1179 1180/1180/1180 1183/1183/1183
f 1180/1180/1180 1184/1184/1184 1183/1183/1183
f 1185/1185/1185 1182/1182/1182 1181/1181/1181
f 1186/1186/1186 1182/1182/1182 1185/1185/1185
f 1183/1183/1183 1184/1184/1184 1187/1187/1187
f 1184/1184/1184 1188/1188/1188 1187/1187/1187
f 1189/1189/1189 1186/1186/1186 1185/1185/1185
f 1190/1190/1190 1186/1186/1186 1189/1189/1189
f 1187/1187/1187 1188/1188/1188 1191/1191/1191
f 1188/1188/1188 1192/1192/1192 1191/1191/1191
f 1193/1193/1193 1190/1190/1190 1189/1189/1189
f 1194/1194/1194 1190/1190/1190 1193/1193/1193
f 1191/1191/1191 1192/1192/1192 1195/1195/1195
f 1192/1192/1192 1196/1196/1196 1195/1195/1195
f 1197/1197/1197 1194/1194/1194 1193/1193/1193
f 1198/1198/1198 1194/1194/1194 1197/1197/1197
f 1195/1195/1195 1196/1196/1196 1199/1199/1199
f 1196/1196/1196 1200/1200/1200 1199/1199/1199
f 1201/1201/1201 1198/1198/1198 1197/1197/1197
f 1202/1202/1202 1198/1198/1198 1201/1201/1201
f 1199/1199/1199 1200/1200/1200 1203/1203/1203
f 1200/1200/1200 1204/1204/1204 1203/1203/1203
f 1205/1205/1205 1202/1202/1202 1201/1201/1201
f 1206/1206/1206 1202/1202/1202 1205/1205/1205
f 1203/1203/1203 1204/1204/1204 1207/1207/1207
f 1204/1204/1204 1208/1208/1208 1207/1207/1207
f 1209/1209/1209 1206/1206/1206 1205/1205/1205
f 1210/1210/1210 1206/1206/1206 1209/1209/1209
f 1207/1207/1207 1208/1208/1208 1211/1211/1211
f 1208/1208/1208 1212/1212/1212 1211/1211/1211
f 1213/1213/1213 1210/1210/1210 1209/1209/1209
f 1214/1214/1214 1210/1210/1210 1213/1213/1213
f 1211/1211/1211 1212/1212/1212 1215/1215/1215
f 1212/1212/1212 1216/1216/1216 1215/1215/1215
f 1217/1217/1217 1214/1214/1214 1213/1213/1213
f 1218/1218/1218 1214/1214/1214 1217/1217/1217
f 1215/1215/1215 1216/1216/1216 1219/1219/1219
f 1216/1216/1216 1220/1220/1220 1219/1219/1219
f 1221/1221/1221 1218/1218/1218 1217/1217/1217
f 1222/1222/1222 1218/1218/1218 1221/1221/1221
f 1220/1220/1220 1222/1222/1222 1223/1223/1223
f 1219/1219/1219 1220/1220/1220 1223/1223/1223
f 1223/1223/1223 1222/1222/1222 1221/1221/1221
f 1213/1213/1213 1209/1209/1209 1224/1224/1224
f 1217/1217/1217 1213/1213/1213 1225/1225/1225
f 1225/1225/1225 1213/1213/1213 1224/1224/1224
f 1225/1225/1225 1224/1224/1224 1226/1226/1226
f 1224/1224/1224 1209/1209/1209 1227/1227/1227
f 1224/1224/1224 1227/1227/1227 1226/1226/1226
f 1209/1209/1209 1205/1205/1205 1227/1227/1227
f 1228/1228/1228 1217/1217/1217 1225/1225/1225
f 1221/1221/1221 1217/1217/1217 1228/1228/1228
f 1228/1228/1228 1225/1225/1225 1226/1226/1226
f 1227/1227/1227 1205/1205/1205 1229/1229/1229
f 1226/1226/1226 1227/1227/1227 1229/1229/1229
f 1205/1205/1205 1201/1201/1201 1229/1229/1229
f 1230/1230/1230 1221/1221/1221 1228/1228/1228
f 1223/1223/1223 1221/1221/1221 1230/1230/1230
f 1230/1230/1230 1228/1228/1228 1226/1226/1226
f 1229/1229/1229 1201/1201/1201 1231/1231/1231
f 1231/1231/1231 1226/1226/1226 1229/1229/1229
f 1201/1201/1201 1197/1197/1197 1231/1231/1231
f 1232/1232/1232 1223/1223/1223 1230/1230/1230
f 1232/1232/1232 1230/1230/1230 1226/1226/1226
f 1226/1226/1226 1231/1231/1231 1233/1233/1233
f 1231/1231/1231 1197/1197/1197 1233/1233/1233
f 1234/1234/1234 1232/1232/1232 1226/1226/1226
f 1219/1219/1219 1223/1223/1223 1232/1232/1232
f 1234/1234/1234 1219/1219/1219 1232/1232/1232
f 1197/1197/1197 1193/1193/1193 1233/1233/1233
f 1215/1215/1215 1219/1219/1219 1234/1234/1234
f 1233/1233/1233 1193/1193/1193 1235/1235/1235
f 1235/1235/1235 1226/1226/1226 1233/1233/1233
f 1193/1193/1193 1189/1189/1189 1235/1235/1235
f 1236/1236/1236 1215/1215/1215 1234/1234/1234
f 1234/1234/1234 1226/1226/1226 1236/1236/1236
f 1211/1211/1211 1215/1215/1215 1236/1236/1236
f 1235/1235/1235 1189/1189/1189 1237/1237/1237
f 1235/1235/1235 1237/1237/1237 1226/1226/1226
f 1189/1189/1189 1185/1185/1185 1237/1237/1237
f 1238/1238/1238 1211/1211/1211 1236/1236/1236
f 1226/1226/1226 1238/1238/1238 1236/1236/1236
f 1207/1207/1207 1211/1211/1211 1238/1238/1238
f 1237/1237/1237 1185/1185/1185 1239/1239/1239
f 1237/1237/1237 1239/1239/1239 1226/1226/1226
f 1185/1185/1185 1181/1181/1181 1239/1239/1239
f 1238/1238/1238 1226/1226/1226 1240/1240/1240
f 1240/1240/1240 1207/1207/1207 1238/1238/1238
f 1226/1226/1226 1239/1239/1239 1241/1241/1241
f 1239/1239/1239 1181/1181/1181 1241/1241/1241
f 1226/1226/1226 1242/1242/1242 1240/1240/1240
f 1203/1203/1203 1207/1207/1207 1240/1240/1240
f 1242/1242/1242 1203/1203/1203 1240/1240/1240
f 1181/1181/1181 1176/1176/1176 1241/1241/1241
f 1199/1199/1199 1203/1203/1203 1242/1242/1242
f 1241/1241/1241 1176/1176/1176 1243/1243/1243
f 1243/1243/1243 1226/1226/1226 1241/1241/1241
f 1176/1176/1176 1179/1179/1179 1243/1243/1243
f 1244/1244/1244 1199/1199/1199 1242/1242/1242
f 1242/1242/1242 1226/1226/1226 1244/1244/1244
f 1195/1195/1195 1199/1199/1199 1244/1244/1244
f 1243/1243/1243 1179/1179/1179 1245/1245/1245
f 1243/1243/1243 1245/1245/1245 1226/1226/1226
f 1179/1179/1179 1183/1183/1183 1245/1245/1245
f 1246/1246/1246 1195/1195/1195 1244/1244/1244
f 1226/1226/1226 1246/1246/1246 1244/1244/1244
f 1191/1191/1191 1195/1195/1195 1246/1246/1246
f 1245/1245/1245 1183/1183/1183 1247/1247/1247
f 1245/1245/1245 1247/1247/1247 1226/1226/1226
f 1183/1183/1183 1187/1187/1187 1247/1247/1247
f 1248/1248/1248 1246/1246/1246 1226/1226/1226
f 1248/1248/1248 1191/1191/1191 1246/1246/1246
f 1247/1247/1247 1248/1248/1248 1226/1226/1226
f 1187/1187/1187 1191/1191/1191 1248/1248/1248
f 1247/1247/1247 1187/1187/1187 1248/1248/1248
