# Converted from an open-license Objaverse GLB by Critter Engine
v -0.2870219 0.5579248 0.0820028
v -0.2870219 0.5513793 0.0928885
v -0.2870219 0.5276848 0.1116044
v -0.2870219 0.559836 0.0699359
v -0.2870219 0.5579248 0.057869
v -0.2870219 0.5523783 0.0469833
v -0.2870219 0.5437393 0.0383444
v -0.2870219 0.5328537 0.0327979
v -0.2870219 0.5207868 0.0308867
v -0.2870219 0.5087199 0.0327979
v -0.2870219 0.4978342 0.0383444
v -0.2870219 0.4891953 0.0469833
v -0.2870219 0.479606 0.057869
v -0.2870219 0.4691631 0.0699359
v -0.2948503 0.5513793 0.0928885
v -0.2948503 0.5579248 0.0820028
v -0.2948502 0.5276848 0.1116044
v -0.2948503 0.559836 0.0699359
v -0.2948503 0.5579248 0.057869
v -0.2948503 0.5523783 0.0469833
v -0.2948503 0.5437393 0.0383444
v -0.2948503 0.5328537 0.0327979
v -0.2948503 0.5207868 0.0308867
v -0.2948503 0.5087199 0.0327979
v -0.2948503 0.4978342 0.0383444
v -0.2948503 0.4891953 0.0469833
v -0.2948503 0.479606 0.057869
v -0.2948503 0.4691631 0.0699359
v -0.2870219 0.5276848 0.1116044
v -0.2948502 0.5276848 0.1116044
v -0.2870219 0.5276848 0.1308345
v -0.2870219 0.427569 0.1308345
v -0.2870219 0.5276848 0.1116044
v -0.2870219 0.5276848 0.1308345
v -0.3589805 0.5579248 0.0820028
v -0.3589805 0.5276848 0.1116044
v -0.3589805 0.5513793 0.0928885
v -0.3589805 0.559836 0.0699359
v -0.3589805 0.5579248 0.057869
v -0.3589805 0.5523783 0.0469833
v -0.3589805 0.5437393 0.0383444
v -0.3589805 0.5328537 0.0327979
v -0.3589805 0.5207868 0.0308867
v -0.3589805 0.5087199 0.0327979
v -0.3589805 0.4978342 0.0383444
v -0.3589805 0.4891953 0.0469833
v -0.3589805 0.479606 0.057869
v -0.3589805 0.4691631 0.0699359
v -0.3511521 0.5513793 0.0928885
v -0.3511522 0.5276848 0.1116044
v -0.3511521 0.5579248 0.0820028
v -0.3511521 0.559836 0.0699359
v -0.3511521 0.5579248 0.057869
v -0.3511521 0.5523783 0.0469833
v -0.3511521 0.5437393 0.0383444
v -0.3511521 0.5328537 0.0327979
v -0.3511521 0.5207868 0.0308867
v -0.3511521 0.5087199 0.0327979
v -0.3511521 0.4978342 0.0383444
v -0.3511521 0.4891953 0.0469833
v -0.3511521 0.479606 0.057869
v -0.3511521 0.4691631 0.0699359
v -0.3589805 0.5276848 0.1116044
v -0.3589805 0.5276848 0.1308345
v -0.3511522 0.5276848 0.1116044
v -0.3589805 0.427569 0.1308345
v -0.3589805 0.5276848 0.1308345
v -0.3589805 0.5276848 0.1116044
v 0.283915 0.5579248 0.0820028
v 0.283915 0.5276848 0.1116044
v 0.283915 0.5513793 0.0928885
v 0.283915 0.559836 0.0699359
v 0.283915 0.5579248 0.057869
v 0.283915 0.5523783 0.0469833
v 0.283915 0.5437393 0.0383444
v 0.283915 0.5328537 0.0327979
v 0.283915 0.5207868 0.0308867
v 0.283915 0.5087199 0.0327979
v 0.283915 0.4978342 0.0383444
v 0.283915 0.4891953 0.0469833
v 0.283915 0.479606 0.057869
v 0.283915 0.4691631 0.0699359
v 0.2920952 0.5513793 0.0928885
v 0.2920952 0.5276848 0.1116044
v 0.2920952 0.5579248 0.0820028
v 0.2920952 0.559836 0.0699359
v 0.2920952 0.5579248 0.057869
v 0.2920952 0.5523783 0.0469833
v 0.2920952 0.5437393 0.0383444
v 0.2920952 0.5328537 0.0327979
v 0.2920952 0.5207868 0.0308867
v 0.2920952 0.5087199 0.0327979
v 0.2920952 0.4978342 0.0383444
v 0.2920952 0.4891953 0.0469833
v 0.2920952 0.479606 0.057869
v 0.2920952 0.4691631 0.0699359
v 0.283915 0.5276848 0.1116044
v 0.283915 0.5276848 0.1308345
v 0.2920952 0.5276848 0.1116044
v 0.283915 0.427569 0.1308345
v 0.283915 0.5276848 0.1308345
v 0.283915 0.5276848 0.1116044
v 0.3591079 0.5579248 0.0820028
v 0.3591079 0.5513793 0.0928885
v 0.359108 0.5276848 0.1116044
v 0.3591079 0.559836 0.0699359
v 0.3591079 0.5579248 0.057869
v 0.3591079 0.5523783 0.0469833
v 0.3591079 0.5437393 0.0383444
v 0.3591079 0.5328537 0.0327979
v 0.3591079 0.5207868 0.0308867
v 0.3591079 0.5087199 0.0327979
v 0.3591079 0.4978342 0.0383444
v 0.3591079 0.4891953 0.0469833
v 0.3591079 0.479606 0.057869
v 0.3591079 0.4691631 0.0699359
v 0.3509277 0.5513793 0.0928885
v 0.3509277 0.5579248 0.0820028
v 0.3509277 0.5276848 0.1116044
v 0.3509277 0.559836 0.0699359
v 0.3509277 0.5579248 0.057869
v 0.3509277 0.5523783 0.0469833
v 0.3509277 0.5437393 0.0383444
v 0.3509277 0.5328537 0.0327979
v 0.3509277 0.5207868 0.0308867
v 0.3509277 0.5087199 0.0327979
v 0.3509277 0.4978342 0.0383444
v 0.3509277 0.4891953 0.0469833
v 0.3509277 0.479606 0.057869
v 0.3509277 0.4691631 0.0699359
v 0.359108 0.5276848 0.1116044
v 0.3509277 0.5276848 0.1116044
v 0.359108 0.5276848 0.1308345
v 0.359108 0.427569 0.1308345
v 0.359108 0.5276848 0.1116044
v 0.359108 0.5276848 0.1308345
v -0.2870219 -0.476762 0.0820028
v -0.2870219 -0.4833075 0.0928885
v -0.2870219 -0.507002 0.1116044
v -0.2870219 -0.4748508 0.0699359
v -0.2870219 -0.476762 0.057869
v -0.2870219 -0.4823085 0.0469833
v -0.2870219 -0.4909474 0.0383444
v -0.2870219 -0.5018331 0.0327979
v -0.2870219 -0.5139 0.0308867
v -0.2870219 -0.5259669 0.0327979
v -0.2870219 -0.5368526 0.0383444
v -0.2870219 -0.5454915 0.0469833
v -0.2870219 -0.5550809 0.057869
v -0.2870219 -0.5655237 0.0699359
v -0.2948503 -0.4833075 0.0928885
v -0.2948503 -0.476762 0.0820028
v -0.2948502 -0.507002 0.1116044
v -0.2948503 -0.4748508 0.0699359
v -0.2948503 -0.476762 0.057869
v -0.2948503 -0.4823085 0.0469833
v -0.2948503 -0.4909474 0.0383444
v -0.2948503 -0.5018331 0.0327979
v -0.2948503 -0.5139 0.0308867
v -0.2948503 -0.5259669 0.0327979
v -0.2948503 -0.5368526 0.0383444
v -0.2948503 -0.5454915 0.0469833
v -0.2948503 -0.5550809 0.057869
v -0.2948503 -0.5655237 0.0699359
v -0.2870219 -0.507002 0.1116044
v -0.2948502 -0.507002 0.1116044
v -0.2870219 -0.507002 0.1308345
v -0.2870219 -0.6071178 0.1308345
v -0.2870219 -0.507002 0.1116044
v -0.2870219 -0.507002 0.1308345
v -0.3589805 -0.476762 0.0820028
v -0.3589805 -0.507002 0.1116044
v -0.3589805 -0.4833075 0.0928885
v -0.3589805 -0.4748508 0.0699359
v -0.3589805 -0.476762 0.057869
v -0.3589805 -0.4823085 0.0469833
v -0.3589805 -0.4909474 0.0383444
v -0.3589805 -0.5018331 0.0327979
v -0.3589805 -0.5139 0.0308867
v -0.3589805 -0.5259669 0.0327979
v -0.3589805 -0.5368526 0.0383444
v -0.3589805 -0.5454915 0.0469833
v -0.3589805 -0.5550809 0.057869
v -0.3589805 -0.5655237 0.0699359
v -0.3511521 -0.4833075 0.0928885
v -0.3511522 -0.507002 0.1116044
v -0.3511521 -0.476762 0.0820028
v -0.3511521 -0.4748508 0.0699359
v -0.3511521 -0.476762 0.057869
v -0.3511521 -0.4823085 0.0469833
v -0.3511521 -0.4909474 0.0383444
v -0.3511521 -0.5018331 0.0327979
v -0.3511521 -0.5139 0.0308867
v -0.3511521 -0.5259669 0.0327979
v -0.3511521 -0.5368526 0.0383444
v -0.3511521 -0.5454915 0.0469833
v -0.3511521 -0.5550809 0.057869
v -0.3511521 -0.5655237 0.0699359
v -0.3589805 -0.507002 0.1116044
v -0.3589805 -0.507002 0.1308345
v -0.3511522 -0.507002 0.1116044
v -0.3589805 -0.6071178 0.1308345
v -0.3589805 -0.507002 0.1308345
v -0.3589805 -0.507002 0.1116044
v 0.283915 -0.476762 0.0820028
v 0.283915 -0.507002 0.1116044
v 0.283915 -0.4833075 0.0928885
v 0.283915 -0.4748508 0.0699359
v 0.283915 -0.476762 0.057869
v 0.283915 -0.4823085 0.0469833
v 0.283915 -0.4909474 0.0383444
v 0.283915 -0.5018331 0.0327979
v 0.283915 -0.5139 0.0308867
v 0.283915 -0.5259669 0.0327979
v 0.283915 -0.5368526 0.0383444
v 0.283915 -0.5454915 0.0469833
v 0.283915 -0.5550809 0.057869
v 0.283915 -0.5655237 0.0699359
v 0.2920952 -0.4833075 0.0928885
v 0.2920952 -0.507002 0.1116044
v 0.2920952 -0.476762 0.0820028
v 0.2920952 -0.4748508 0.0699359
v 0.2920952 -0.476762 0.057869
v 0.2920952 -0.4823085 0.0469833
v 0.2920952 -0.4909474 0.0383444
v 0.2920952 -0.5018331 0.0327979
v 0.2920952 -0.5139 0.0308867
v 0.2920952 -0.5259669 0.0327979
v 0.2920952 -0.5368526 0.0383444
v 0.2920952 -0.5454915 0.0469833
v 0.2920952 -0.5550809 0.057869
v 0.2920952 -0.5655237 0.0699359
v 0.283915 -0.507002 0.1116044
v 0.283915 -0.507002 0.1308345
v 0.2920952 -0.507002 0.1116044
v 0.283915 -0.6071178 0.1308345
v 0.283915 -0.507002 0.1308345
v 0.283915 -0.507002 0.1116044
v 0.3591079 -0.476762 0.0820028
v 0.3591079 -0.4833075 0.0928885
v 0.359108 -0.507002 0.1116044
v 0.3591079 -0.4748508 0.0699359
v 0.3591079 -0.476762 0.057869
v 0.3591079 -0.4823085 0.0469833
v 0.3591079 -0.4909474 0.0383444
v 0.3591079 -0.5018331 0.0327979
v 0.3591079 -0.5139 0.0308867
v 0.3591079 -0.5259669 0.0327979
v 0.3591079 -0.5368526 0.0383444
v 0.3591079 -0.5454915 0.0469833
v 0.3591079 -0.5550809 0.057869
v 0.3591079 -0.5655237 0.0699359
v 0.3509277 -0.4833075 0.0928885
v 0.3509277 -0.476762 0.0820028
v 0.3509277 -0.507002 0.1116044
v 0.3509277 -0.4748508 0.0699359
v 0.3509277 -0.476762 0.057869
v 0.3509277 -0.4823085 0.0469833
v 0.3509277 -0.4909474 0.0383444
v 0.3509277 -0.5018331 0.0327979
v 0.3509277 -0.5139 0.0308867
v 0.3509277 -0.5259669 0.0327979
v 0.3509277 -0.5368526 0.0383444
v 0.3509277 -0.5454915 0.0469833
v 0.3509277 -0.5550809 0.057869
v 0.3509277 -0.5655237 0.0699359
v 0.359108 -0.507002 0.1116044
v 0.3509277 -0.507002 0.1116044
v 0.359108 -0.507002 0.1308345
v 0.359108 -0.6071178 0.1308345
v 0.359108 -0.507002 0.1116044
v 0.359108 -0.507002 0.1308345
v -0.2870219 0.5513793 0.0928885
v -0.2870219 0.5579248 0.0820028
v -0.2948503 0.5579248 0.0820028
v -0.2948503 0.5513793 0.0928885
v -0.2870219 0.559836 0.0699359
v -0.2948503 0.559836 0.0699359
v -0.2870219 0.5579248 0.057869
v -0.2948503 0.5579248 0.057869
v -0.2870219 0.5523783 0.0469833
v -0.2948503 0.5523783 0.0469833
v -0.2870219 0.5523783 0.0469833
v -0.2870219 0.5437393 0.0383444
v -0.2948503 0.5437393 0.0383444
v -0.2948503 0.5523783 0.0469833
v -0.2870219 0.5328537 0.0327979
v -0.2948503 0.5328537 0.0327979
v -0.2870219 0.5207868 0.0308867
v -0.2948503 0.5207868 0.0308867
v -0.2870219 0.5087199 0.0327979
v -0.2948503 0.5087199 0.0327979
v -0.2870219 0.4978342 0.0383444
v -0.2948503 0.4978342 0.0383444
v -0.2870219 0.4891953 0.0469833
v -0.2948503 0.4891953 0.0469833
v -0.2870219 0.479606 0.057869
v -0.2948503 0.479606 0.057869
v -0.2870219 0.4691631 0.0699359
v -0.2948503 0.4691631 0.0699359
v -0.2870219 0.427569 0.070226
v -0.2870219 0.427569 0.1308345
v -0.2948503 0.427569 0.1116044
v -0.2948503 0.427569 0.070226
v -0.2870219 0.4691631 0.0699359
v -0.2870219 0.5276848 0.1116044
v -0.2870219 0.427569 0.1308345
v -0.2870219 0.427569 0.070226
v -0.2948502 0.5276848 0.1116044
v -0.2948503 0.4691631 0.0699359
v -0.2948503 0.427569 0.070226
v -0.2948503 0.427569 0.1116044
v -0.2948503 0.4691631 0.0699359
v -0.2870219 0.4691631 0.0699359
v -0.2870219 0.427569 0.070226
v -0.2948503 0.427569 0.070226
v -0.3230012 0.5276848 0.1116044
v -0.3230012 0.5276848 0.1308345
v -0.2948502 0.5276848 0.1116044
v -0.2948503 0.427569 0.1116044
v -0.3230012 0.427569 0.1116044
v -0.3230012 0.5276848 0.1116044
v -0.2948503 0.427569 0.1116044
v -0.2870219 0.427569 0.1308345
v -0.3230012 0.427569 0.1308345
v -0.3230012 0.427569 0.1116044
v -0.2870219 0.427569 0.1308345
v -0.2870219 0.5276848 0.1308345
v -0.3230012 0.5276848 0.1308345
v -0.3230012 0.427569 0.1308345
v -0.2870219 0.5276848 0.1116044
v -0.2948502 0.5276848 0.1116044
v -0.3589805 0.5513793 0.0928885
v -0.3511521 0.5513793 0.0928885
v -0.3511521 0.5579248 0.0820028
v -0.3589805 0.5579248 0.0820028
v -0.3511521 0.559836 0.0699359
v -0.3589805 0.559836 0.0699359
v -0.3511521 0.5579248 0.057869
v -0.3589805 0.5579248 0.057869
v -0.3511521 0.5523783 0.0469833
v -0.3589805 0.5523783 0.0469833
v -0.3589805 0.5523783 0.0469833
v -0.3511521 0.5523783 0.0469833
v -0.3511521 0.5437393 0.0383444
v -0.3589805 0.5437393 0.0383444
v -0.3511521 0.5328537 0.0327979
v -0.3589805 0.5328537 0.0327979
v -0.3511521 0.5207868 0.0308867
v -0.3589805 0.5207868 0.0308867
v -0.3511521 0.5087199 0.0327979
v -0.3589805 0.5087199 0.0327979
v -0.3511521 0.4978342 0.0383444
v -0.3589805 0.4978342 0.0383444
v -0.3511521 0.4891953 0.0469833
v -0.3589805 0.4891953 0.0469833
v -0.3511521 0.479606 0.057869
v -0.3589805 0.479606 0.057869
v -0.3511521 0.4691631 0.0699359
v -0.3589805 0.4691631 0.0699359
v -0.3589805 0.427569 0.070226
v -0.3511521 0.427569 0.070226
v -0.3511521 0.427569 0.1116044
v -0.3589805 0.427569 0.1308345
v -0.3589805 0.4691631 0.0699359
v -0.3589805 0.427569 0.070226
v -0.3589805 0.427569 0.1308345
v -0.3589805 0.5276848 0.1116044
v -0.3511522 0.5276848 0.1116044
v -0.3511521 0.427569 0.1116044
v -0.3511521 0.427569 0.070226
v -0.3511521 0.4691631 0.0699359
v -0.3511521 0.4691631 0.0699359
v -0.3511521 0.427569 0.070226
v -0.3589805 0.427569 0.070226
v -0.3589805 0.4691631 0.0699359
v -0.3230012 0.5276848 0.1308345
v -0.3230012 0.5276848 0.1116044
v -0.3511522 0.5276848 0.1116044
v -0.3230012 0.5276848 0.1116044
v -0.3230012 0.427569 0.1116044
v -0.3511521 0.427569 0.1116044
v -0.3230012 0.427569 0.1116044
v -0.3230012 0.427569 0.1308345
v -0.3589805 0.427569 0.1308345
v -0.3230012 0.427569 0.1308345
v -0.3230012 0.5276848 0.1308345
v -0.3589805 0.5276848 0.1308345
v -0.3589805 0.5276848 0.1116044
v -0.3511522 0.5276848 0.1116044
v -0.3227798 0.5810998 0.0375084
v -0.3082778 0.5792156 0.0381206
v -0.3082778 0.5717868 0.0235406
v -0.3227798 0.5733895 0.0223761
v -0.3082778 0.560216 0.0119698
v -0.3227798 0.5613805 0.010367
v -0.3082778 0.545636 0.0045409
v -0.3227798 0.5462482 0.0026568
v -0.3082778 0.529474 0.0019811
v -0.3227798 0.529474 0
v -0.3082778 0.5133119 0.0045409
v -0.3227798 0.5126997 0.0026568
v -0.3082778 0.4987319 0.0119698
v -0.3227798 0.4975675 0.0103671
v -0.3082778 0.4871612 0.0235406
v -0.3227798 0.4855584 0.0223761
v -0.3082778 0.4797323 0.0381206
v -0.3227798 0.4778482 0.0375084
v -0.3082778 0.4771725 0.0542826
v -0.3227798 0.4751914 0.0542826
v -0.3082778 0.4797323 0.0704447
v -0.3227798 0.4778482 0.0710569
v -0.3082778 0.4871612 0.0850246
v -0.3227798 0.4855584 0.0861891
v -0.3082778 0.4987319 0.0965954
v -0.3227798 0.4975675 0.0981981
v -0.3082778 0.5133119 0.1040243
v -0.3227798 0.5126997 0.1059084
v -0.3082778 0.529474 0.1065841
v -0.3227798 0.529474 0.1085652
v -0.3082778 0.545636 0.1040243
v -0.3227798 0.5462482 0.1059084
v -0.3082778 0.560216 0.0965954
v -0.3227798 0.5613804 0.0981981
v -0.3082778 0.5717868 0.0850246
v -0.3227798 0.5733895 0.0861891
v -0.3082778 0.5792156 0.0704447
v -0.3227798 0.5810998 0.0710569
v -0.3082778 0.5817754 0.0542826
v -0.3227798 0.5837565 0.0542826
v -0.3227798 0.5837565 0.0542826
v -0.3082778 0.5817754 0.0542826
v -0.3372819 0.5792156 0.0381206
v -0.3372819 0.5717868 0.0235406
v -0.3372819 0.560216 0.0119698
v -0.3372819 0.545636 0.0045409
v -0.3372819 0.529474 0.0019811
v -0.3372819 0.5133119 0.0045409
v -0.3372819 0.4987319 0.0119698
v -0.3372819 0.4871612 0.0235406
v -0.3372819 0.4797323 0.0381206
v -0.3372819 0.4771725 0.0542826
v -0.3372819 0.4797323 0.0704447
v -0.3372819 0.4871612 0.0850246
v -0.3372819 0.4987319 0.0965954
v -0.3372819 0.5133119 0.1040243
v -0.3372819 0.529474 0.1065841
v -0.3372819 0.545636 0.1040243
v -0.3372819 0.560216 0.0965954
v -0.3372819 0.5717868 0.0850246
v -0.3372819 0.5792156 0.0704447
v -0.3372819 0.5817754 0.0542826
v -0.3372819 0.5817754 0.0542826
v -0.2999729 0.57576 0.0542826
v -0.2999729 0.5734946 0.0399794
v -0.2999729 0.5734946 0.0685858
v -0.2999729 0.57576 0.0542826
v -0.2999729 0.5669201 0.0814888
v -0.2999729 0.5566802 0.0917288
v -0.2999729 0.5437771 0.0983032
v -0.2999729 0.529474 0.1005686
v -0.2999729 0.5151708 0.0983032
v -0.2999729 0.5022677 0.0917288
v -0.2999729 0.4920278 0.0814888
v -0.2999729 0.4854534 0.0685858
v -0.2999729 0.483188 0.0542826
v -0.2999729 0.4854534 0.0399795
v -0.2999729 0.4920278 0.0270764
v -0.2999729 0.5022677 0.0168364
v -0.2999729 0.5151708 0.010262
v -0.2999729 0.529474 0.0079966
v -0.2999729 0.5437771 0.010262
v -0.2999729 0.5566802 0.0168364
v -0.2999729 0.5669202 0.0270764
v -0.3455867 0.5669202 0.0270764
v -0.3455867 0.5734946 0.0399794
v -0.3455867 0.5566802 0.0168364
v -0.3455867 0.5437771 0.010262
v -0.3455867 0.529474 0.0079966
v -0.3455867 0.5151708 0.010262
v -0.3455867 0.5022677 0.0168364
v -0.3455867 0.4920278 0.0270764
v -0.3455867 0.4854534 0.0399795
v -0.3455867 0.483188 0.0542826
v -0.3455867 0.4854534 0.0685858
v -0.3455867 0.4920278 0.0814888
v -0.3455867 0.5022677 0.0917288
v -0.3455867 0.5151708 0.0983032
v -0.3455867 0.529474 0.1005686
v -0.3455867 0.5437771 0.0983032
v -0.3455867 0.5566802 0.0917288
v -0.3455867 0.5669201 0.0814888
v -0.3455867 0.5734946 0.0685858
v -0.3455867 0.57576 0.0542826
v -0.3455867 0.57576 0.0542826
v -0.3455867 0.57576 0.0542826
v -0.3455867 0.5687354 0.0542826
v -0.3455867 0.5668137 0.066415
v -0.3455867 0.5734946 0.0685858
v -0.3455867 0.5612371 0.0773599
v -0.3455867 0.5669201 0.0814888
v -0.3455867 0.5525513 0.0860457
v -0.3455867 0.5566802 0.0917288
v -0.3455867 0.5416064 0.0916224
v -0.3455867 0.5437771 0.0983032
v -0.3455867 0.529474 0.093544
v -0.3455867 0.529474 0.1005686
v -0.3455867 0.5173415 0.0916224
v -0.3455867 0.5151708 0.0983032
v -0.3455867 0.5063967 0.0860457
v -0.3455867 0.5022677 0.0917288
v -0.3455867 0.4977108 0.0773599
v -0.3455867 0.4920278 0.0814888
v -0.3455867 0.4921342 0.066415
v -0.3455867 0.4854534 0.0685858
v -0.3455867 0.4902126 0.0542826
v -0.3455867 0.483188 0.0542826
v -0.3455867 0.4921342 0.0421502
v -0.3455867 0.4854534 0.0399795
v -0.3455867 0.4977108 0.0312054
v -0.3455867 0.4920278 0.0270764
v -0.3455867 0.5063967 0.0225195
v -0.3455867 0.5022677 0.0168364
v -0.3455867 0.5173415 0.0169428
v -0.3455867 0.5151708 0.010262
v -0.3455867 0.529474 0.0150212
v -0.3455867 0.529474 0.0079966
v -0.3455867 0.5416064 0.0169428
v -0.3455867 0.5437771 0.010262
v -0.3455867 0.5525513 0.0225195
v -0.3455867 0.5566802 0.0168364
v -0.3455867 0.5612371 0.0312053
v -0.3455867 0.5669202 0.0270764
v -0.3455867 0.5668138 0.0421502
v -0.3455867 0.5734946 0.0399794
v -0.3455867 0.5687354 0.0542826
v -0.3455867 0.57576 0.0542826
v -0.2999729 0.57576 0.0542826
v -0.2999729 0.5687354 0.0542826
v -0.2999729 0.5668138 0.0421502
v -0.2999729 0.5734946 0.0399794
v -0.2999729 0.5612371 0.0312053
v -0.2999729 0.5669202 0.0270764
v -0.2999729 0.5525513 0.0225195
v -0.2999729 0.5566802 0.0168364
v -0.2999729 0.5416064 0.0169428
v -0.2999729 0.5437771 0.010262
v -0.2999729 0.529474 0.0150212
v -0.2999729 0.529474 0.0079966
v -0.2999729 0.5173415 0.0169428
v -0.2999729 0.5151708 0.010262
v -0.2999729 0.5063967 0.0225195
v -0.2999729 0.5022677 0.0168364
v -0.2999729 0.4977108 0.0312054
v -0.2999729 0.4920278 0.0270764
v -0.2999729 0.4921342 0.0421502
v -0.2999729 0.4854534 0.0399795
v -0.2999729 0.4902126 0.0542826
v -0.2999729 0.483188 0.0542826
v -0.2999729 0.4921342 0.066415
v -0.2999729 0.4854534 0.0685858
v -0.2999729 0.4977108 0.0773599
v -0.2999729 0.4920278 0.0814888
v -0.2999729 0.5063967 0.0860457
v -0.2999729 0.5022677 0.0917288
v -0.2999729 0.5173415 0.0916224
v -0.2999729 0.5151708 0.0983032
v -0.2999729 0.529474 0.093544
v -0.2999729 0.529474 0.1005686
v -0.2999729 0.5416064 0.0916224
v -0.2999729 0.5437771 0.0983032
v -0.2999729 0.5525513 0.0860457
v -0.2999729 0.5566802 0.0917288
v -0.2999729 0.5612371 0.0773599
v -0.2999729 0.5669201 0.0814888
v -0.2999729 0.5668137 0.066415
v -0.2999729 0.5734946 0.0685858
v -0.2999729 0.5687354 0.0542826
v -0.2999729 0.57576 0.0542826
v -0.3455867 0.5612371 0.0312053
v -0.3404284 0.5612371 0.0312053
v -0.3404284 0.5668138 0.0421502
v -0.3455867 0.5668138 0.0421502
v -0.3455867 0.5525513 0.0225195
v -0.3404284 0.5525513 0.0225195
v -0.3455867 0.5416064 0.0169428
v -0.3404284 0.5416064 0.0169428
v -0.3455867 0.529474 0.0150212
v -0.3404284 0.529474 0.0150212
v -0.3455867 0.5173415 0.0169428
v -0.3404284 0.5173415 0.0169428
v -0.3455867 0.5063967 0.0225195
v -0.3404284 0.5063967 0.0225195
v -0.3455867 0.4977108 0.0312054
v -0.3404284 0.4977108 0.0312054
v -0.3455867 0.4921342 0.0421502
v -0.3404284 0.4921342 0.0421502
v -0.3455867 0.4902126 0.0542826
v -0.3404284 0.4902126 0.0542826
v -0.3455867 0.4921342 0.066415
v -0.3404284 0.4921342 0.066415
v -0.3455867 0.4977108 0.0773599
v -0.3404284 0.4977108 0.0773599
v -0.3455867 0.5063967 0.0860457
v -0.3404284 0.5063967 0.0860457
v -0.3455867 0.5173415 0.0916224
v -0.3404284 0.5173415 0.0916224
v -0.3455867 0.529474 0.093544
v -0.3404284 0.529474 0.093544
v -0.3455867 0.5416064 0.0916224
v -0.3404284 0.5416064 0.0916224
v -0.3455867 0.5525513 0.0860457
v -0.3404284 0.5525513 0.0860457
v -0.3455867 0.5612371 0.0773599
v -0.3404284 0.5612371 0.0773599
v -0.3455867 0.5668137 0.066415
v -0.3404284 0.5668137 0.066415
v -0.3455867 0.5687354 0.0542826
v -0.3404284 0.5687354 0.0542826
v -0.3404284 0.5687354 0.0542826
v -0.3455867 0.5687354 0.0542826
v -0.2999729 0.5668138 0.0421502
v -0.3051313 0.5668138 0.0421502
v -0.3051313 0.5612371 0.0312053
v -0.2999729 0.5612371 0.0312053
v -0.3051313 0.5525513 0.0225195
v -0.2999729 0.5525513 0.0225195
v -0.3051313 0.5416064 0.0169428
v -0.2999729 0.5416064 0.0169428
v -0.3051313 0.529474 0.0150212
v -0.2999729 0.529474 0.0150212
v -0.3051313 0.5173415 0.0169428
v -0.2999729 0.5173415 0.0169428
v -0.3051313 0.5063967 0.0225195
v -0.2999729 0.5063967 0.0225195
v -0.3051313 0.4977108 0.0312054
v -0.2999729 0.4977108 0.0312054
v -0.3051313 0.4921342 0.0421502
v -0.2999729 0.4921342 0.0421502
v -0.3051313 0.4902126 0.0542826
v -0.2999729 0.4902126 0.0542826
v -0.3051313 0.4921342 0.066415
v -0.2999729 0.4921342 0.066415
v -0.3051313 0.4977108 0.0773599
v -0.2999729 0.4977108 0.0773599
v -0.3051313 0.5063967 0.0860457
v -0.2999729 0.5063967 0.0860457
v -0.3051313 0.5173415 0.0916224
v -0.2999729 0.5173415 0.0916224
v -0.3051313 0.529474 0.093544
v -0.2999729 0.529474 0.093544
v -0.3051313 0.5416064 0.0916224
v -0.2999729 0.5416064 0.0916224
v -0.3051313 0.5525513 0.0860457
v -0.2999729 0.5525513 0.0860457
v -0.3051313 0.5612371 0.0773599
v -0.2999729 0.5612371 0.0773599
v -0.3051313 0.5668137 0.066415
v -0.2999729 0.5668137 0.066415
v -0.3051313 0.5687354 0.0542826
v -0.2999729 0.5687354 0.0542826
v -0.2999729 0.5687354 0.0542826
v -0.3051313 0.5687354 0.0542826
v -0.3404284 0.5687354 0.0542826
v -0.3404284 0.5387529 0.0542826
v -0.3404284 0.5382988 0.05715
v -0.3404284 0.5668137 0.066415
v -0.3404284 0.5369808 0.0597367
v -0.3404284 0.5612371 0.0773599
v -0.3404284 0.534928 0.0617895
v -0.3404284 0.5525513 0.0860457
v -0.3404284 0.5323413 0.0631074
v -0.3404284 0.5416064 0.0916224
v -0.3404284 0.529474 0.0635616
v -0.3404284 0.529474 0.093544
v -0.3404284 0.5266066 0.0631074
v -0.3404284 0.5173415 0.0916224
v -0.3404284 0.5240199 0.0617895
v -0.3404284 0.5063967 0.0860457
v -0.3404284 0.5219671 0.0597367
v -0.3404284 0.4977108 0.0773599
v -0.3404284 0.5206491 0.05715
v -0.3404284 0.4921342 0.066415
v -0.3404284 0.520195 0.0542826
v -0.3404284 0.4902126 0.0542826
v -0.3404284 0.5206491 0.0514152
v -0.3404284 0.4921342 0.0421502
v -0.3404284 0.5219671 0.0488286
v -0.3404284 0.4977108 0.0312054
v -0.3404284 0.5240199 0.0467758
v -0.3404284 0.5063967 0.0225195
v -0.3404284 0.5266066 0.0454578
v -0.3404284 0.5173415 0.0169428
v -0.3404284 0.529474 0.0450036
v -0.3404284 0.529474 0.0150212
v -0.3404284 0.5323413 0.0454578
v -0.3404284 0.5416064 0.0169428
v -0.3404284 0.534928 0.0467758
v -0.3404284 0.5525513 0.0225195
v -0.3404284 0.5369808 0.0488286
v -0.3404284 0.5612371 0.0312053
v -0.3404284 0.5382988 0.0514152
v -0.3404284 0.5668138 0.0421502
v -0.3051313 0.5687354 0.0542826
v -0.3051313 0.5387529 0.0542826
v -0.3051313 0.5382988 0.0514152
v -0.3051313 0.5668138 0.0421502
v -0.3051313 0.5369808 0.0488286
v -0.3051313 0.5612371 0.0312053
v -0.3051313 0.534928 0.0467758
v -0.3051313 0.5525513 0.0225195
v -0.3051313 0.5323413 0.0454578
v -0.3051313 0.5416064 0.0169428
v -0.3051313 0.529474 0.0450036
v -0.3051313 0.529474 0.0150212
v -0.3051313 0.5266066 0.0454578
v -0.3051313 0.5173415 0.0169428
v -0.3051313 0.5240199 0.0467758
v -0.3051313 0.5063967 0.0225195
v -0.3051313 0.5219671 0.0488286
v -0.3051313 0.4977108 0.0312054
v -0.3051313 0.5206491 0.0514152
v -0.3051313 0.4921342 0.0421502
v -0.3051313 0.520195 0.0542826
v -0.3051313 0.4902126 0.0542826
v -0.3051313 0.5206491 0.05715
v -0.3051313 0.4921342 0.066415
v -0.3051313 0.5219671 0.0597367
v -0.3051313 0.4977108 0.0773599
v -0.3051313 0.5240199 0.0617895
v -0.3051313 0.5063967 0.0860457
v -0.3051313 0.5266066 0.0631074
v -0.3051313 0.5173415 0.0916224
v -0.3051313 0.529474 0.0635616
v -0.3051313 0.529474 0.093544
v -0.3051313 0.5323413 0.0631074
v -0.3051313 0.5416064 0.0916224
v -0.3051313 0.534928 0.0617895
v -0.3051313 0.5525513 0.0860457
v -0.3051313 0.5369808 0.0597367
v -0.3051313 0.5612371 0.0773599
v -0.3051313 0.5382988 0.05715
v -0.3051313 0.5668137 0.066415
v -0.3404284 0.5369808 0.0488286
v -0.3511521 0.5369808 0.0488286
v -0.3511521 0.5382988 0.0514152
v -0.3404284 0.5382988 0.0514152
v -0.3404284 0.534928 0.0467758
v -0.3511521 0.534928 0.0467758
v -0.3404284 0.5323413 0.0454578
v -0.3511521 0.5323413 0.0454578
v -0.3404284 0.529474 0.0450036
v -0.3511521 0.529474 0.0450036
v -0.3404284 0.5266066 0.0454578
v -0.3511521 0.5266066 0.0454578
v -0.3404284 0.5240199 0.0467758
v -0.3511521 0.5240199 0.0467758
v -0.3404284 0.5219671 0.0488286
v -0.3511521 0.5219671 0.0488286
v -0.3404284 0.5206491 0.0514152
v -0.3511521 0.5206491 0.0514152
v -0.3404284 0.520195 0.0542826
v -0.3511521 0.520195 0.0542826
v -0.3404284 0.5206491 0.05715
v -0.3511521 0.5206491 0.05715
v -0.3404284 0.5219671 0.0597367
v -0.3511521 0.5219671 0.0597367
v -0.3404284 0.5240199 0.0617895
v -0.3511521 0.5240199 0.0617895
v -0.3404284 0.5266066 0.0631074
v -0.3511521 0.5266066 0.0631074
v -0.3404284 0.529474 0.0635616
v -0.3511521 0.529474 0.0635616
v -0.3404284 0.5323413 0.0631074
v -0.3511521 0.5323413 0.0631074
v -0.3404284 0.534928 0.0617895
v -0.3511521 0.534928 0.0617895
v -0.3404284 0.5369808 0.0597367
v -0.3511521 0.5369808 0.0597367
v -0.3404284 0.5382988 0.05715
v -0.3511521 0.5382988 0.05715
v -0.3404284 0.5387529 0.0542826
v -0.3511521 0.5387529 0.0542826
v -0.3511521 0.5387529 0.0542826
v -0.3404284 0.5387529 0.0542826
v -0.3051313 0.5382988 0.0514152
v -0.2944075 0.5382988 0.0514152
v -0.2944075 0.5369808 0.0488286
v -0.3051313 0.5369808 0.0488286
v -0.2944075 0.534928 0.0467758
v -0.3051313 0.534928 0.0467758
v -0.2944075 0.5323413 0.0454578
v -0.3051313 0.5323413 0.0454578
v -0.2944075 0.529474 0.0450036
v -0.3051313 0.529474 0.0450036
v -0.2944075 0.5266066 0.0454578
v -0.3051313 0.5266066 0.0454578
v -0.2944075 0.5240199 0.0467758
v -0.3051313 0.5240199 0.0467758
v -0.2944075 0.5219671 0.0488286
v -0.3051313 0.5219671 0.0488286
v -0.2944075 0.5206491 0.0514152
v -0.3051313 0.5206491 0.0514152
v -0.2944075 0.520195 0.0542826
v -0.3051313 0.520195 0.0542826
v -0.2944075 0.5206491 0.05715
v -0.3051313 0.5206491 0.05715
v -0.2944075 0.5219671 0.0597367
v -0.3051313 0.5219671 0.0597367
v -0.2944075 0.5240199 0.0617895
v -0.3051313 0.5240199 0.0617895
v -0.2944075 0.5266066 0.0631074
v -0.3051313 0.5266066 0.0631074
v -0.2944075 0.529474 0.0635616
v -0.3051313 0.529474 0.0635616
v -0.2944075 0.5323413 0.0631074
v -0.3051313 0.5323413 0.0631074
v -0.2944075 0.534928 0.0617895
v -0.3051313 0.534928 0.0617895
v -0.2944075 0.5369808 0.0597367
v -0.3051313 0.5369808 0.0597367
v -0.2944075 0.5382988 0.05715
v -0.3051313 0.5382988 0.05715
v -0.2944075 0.5387529 0.0542826
v -0.3051313 0.5387529 0.0542826
v -0.3051313 0.5387529 0.0542826
v -0.2944075 0.5387529 0.0542826
v -0.3534894 0.4841314 0.1308345
v -0.3534894 0.4841314 0.1364154
v -0.348936 0.4934695 0.1364154
v -0.348936 0.4934695 0.1308345
v -0.3418439 0.5008804 0.1364154
v -0.3418439 0.5008804 0.1308345
v -0.3329074 0.5056384 0.1364154
v -0.3329074 0.5056384 0.1308345
v -0.3230012 0.507278 0.1364154
v -0.3230012 0.507278 0.1308345
v -0.3230012 0.507278 0.1308345
v -0.3230012 0.507278 0.1364154
v -0.313095 0.5056384 0.1364154
v -0.313095 0.5056384 0.1308345
v -0.3041585 0.5008804 0.1364154
v -0.3041585 0.5008804 0.1308345
v -0.2970664 0.4934695 0.1364154
v -0.2970664 0.4934695 0.1308345
v -0.292513 0.4841314 0.1364154
v -0.292513 0.4841314 0.1308345
v -0.290944 0.4737799 0.1364154
v -0.290944 0.4737799 0.1308345
v -0.292513 0.4634284 0.1364154
v -0.292513 0.4634284 0.1308345
v -0.2970664 0.4540902 0.1364154
v -0.2970664 0.4540902 0.1308345
v -0.3041585 0.4466794 0.1364154
v -0.3041585 0.4466794 0.1308345
v -0.313095 0.4419213 0.1364154
v -0.313095 0.4419213 0.1308345
v -0.3230012 0.4402818 0.1364154
v -0.3230012 0.4402818 0.1308345
v -0.3329074 0.4419213 0.1364154
v -0.3329074 0.4419213 0.1308345
v -0.3418439 0.4466794 0.1364154
v -0.3418439 0.4466794 0.1308345
v -0.348936 0.4540902 0.1364154
v -0.348936 0.4540902 0.1308345
v -0.3534894 0.4634284 0.1364154
v -0.3534894 0.4634284 0.1308345
v -0.3550584 0.4737799 0.1364154
v -0.3550584 0.4737799 0.1308345
v 0.283915 0.5513793 0.0928885
v 0.2920952 0.5513793 0.0928885
v 0.2920952 0.5579248 0.0820028
v 0.283915 0.5579248 0.0820028
v 0.2920952 0.559836 0.0699359
v 0.283915 0.559836 0.0699359
v 0.2920952 0.5579248 0.057869
v 0.283915 0.5579248 0.057869
v 0.2920952 0.5523783 0.0469833
v 0.283915 0.5523783 0.0469833
v 0.283915 0.5523783 0.0469833
v 0.2920952 0.5523783 0.0469833
v 0.2920952 0.5437393 0.0383444
v 0.283915 0.5437393 0.0383444
v 0.2920952 0.5328537 0.0327979
v 0.283915 0.5328537 0.0327979
v 0.2920952 0.5207868 0.0308867
v 0.283915 0.5207868 0.0308867
v 0.2920952 0.5087199 0.0327979
v 0.283915 0.5087199 0.0327979
v 0.2920952 0.4978342 0.0383444
v 0.283915 0.4978342 0.0383444
v 0.2920952 0.4891953 0.0469833
v 0.283915 0.4891953 0.0469833
v 0.2920952 0.479606 0.057869
v 0.283915 0.479606 0.057869
v 0.2920952 0.4691631 0.0699359
v 0.283915 0.4691631 0.0699359
v 0.283915 0.427569 0.070226
v 0.2920952 0.427569 0.070226
v 0.2920952 0.427569 0.1116044
v 0.283915 0.427569 0.1308345
v 0.283915 0.4691631 0.0699359
v 0.283915 0.427569 0.070226
v 0.283915 0.427569 0.1308345
v 0.283915 0.5276848 0.1116044
v 0.2920952 0.5276848 0.1116044
v 0.2920952 0.427569 0.1116044
v 0.2920952 0.427569 0.070226
v 0.2920952 0.4691631 0.0699359
v 0.2920952 0.4691631 0.0699359
v 0.2920952 0.427569 0.070226
v 0.283915 0.427569 0.070226
v 0.283915 0.4691631 0.0699359
v 0.3215115 0.5276848 0.1308345
v 0.3215115 0.5276848 0.1116044
v 0.2920952 0.5276848 0.1116044
v 0.3215115 0.5276848 0.1116044
v 0.3215115 0.427569 0.1116044
v 0.2920952 0.427569 0.1116044
v 0.3215115 0.427569 0.1116044
v 0.3215115 0.427569 0.1308345
v 0.283915 0.427569 0.1308345
v 0.3215115 0.427569 0.1308345
v 0.3215115 0.5276848 0.1308345
v 0.283915 0.5276848 0.1308345
v 0.283915 0.5276848 0.1116044
v 0.2920952 0.5276848 0.1116044
v 0.3591079 0.5513793 0.0928885
v 0.3591079 0.5579248 0.0820028
v 0.3509277 0.5579248 0.0820028
v 0.3509277 0.5513793 0.0928885
v 0.3591079 0.559836 0.0699359
v 0.3509277 0.559836 0.0699359
v 0.3591079 0.5579248 0.057869
v 0.3509277 0.5579248 0.057869
v 0.3591079 0.5523783 0.0469833
v 0.3509277 0.5523783 0.0469833
v 0.3591079 0.5523783 0.0469833
v 0.3591079 0.5437393 0.0383444
v 0.3509277 0.5437393 0.0383444
v 0.3509277 0.5523783 0.0469833
v 0.3591079 0.5328537 0.0327979
v 0.3509277 0.5328537 0.0327979
v 0.3591079 0.5207868 0.0308867
v 0.3509277 0.5207868 0.0308867
v 0.3591079 0.5087199 0.0327979
v 0.3509277 0.5087199 0.0327979
v 0.3591079 0.4978342 0.0383444
v 0.3509277 0.4978342 0.0383444
v 0.3591079 0.4891953 0.0469833
v 0.3509277 0.4891953 0.0469833
v 0.3591079 0.479606 0.057869
v 0.3509277 0.479606 0.057869
v 0.3591079 0.4691631 0.0699359
v 0.3509277 0.4691631 0.0699359
v 0.3591079 0.427569 0.070226
v 0.359108 0.427569 0.1308345
v 0.3509277 0.427569 0.1116044
v 0.3509277 0.427569 0.070226
v 0.3591079 0.4691631 0.0699359
v 0.359108 0.5276848 0.1116044
v 0.359108 0.427569 0.1308345
v 0.3591079 0.427569 0.070226
v 0.3509277 0.5276848 0.1116044
v 0.3509277 0.427569 0.070226
v 0.3509277 0.427569 0.1116044
v 0.3509277 0.4691631 0.0699359
v 0.3591079 0.4691631 0.0699359
v 0.3591079 0.427569 0.070226
v 0.3509277 0.427569 0.070226
v 0.3215115 0.5276848 0.1308345
v 0.3509277 0.5276848 0.1116044
v 0.3509277 0.427569 0.1116044
v 0.3215115 0.427569 0.1116044
v 0.3215115 0.5276848 0.1116044
v 0.3509277 0.427569 0.1116044
v 0.359108 0.427569 0.1308345
v 0.3215115 0.427569 0.1308345
v 0.3215115 0.427569 0.1116044
v 0.359108 0.427569 0.1308345
v 0.359108 0.5276848 0.1308345
v 0.3215115 0.5276848 0.1308345
v 0.3215115 0.427569 0.1308345
v 0.359108 0.5276848 0.1116044
v 0.3509277 0.5276848 0.1116044
v 0.3212802 0.5810998 0.0375084
v 0.3212802 0.5733895 0.0223761
v 0.3061262 0.5717868 0.0235406
v 0.3061262 0.5792156 0.0381206
v 0.3212802 0.5613805 0.010367
v 0.3061262 0.560216 0.0119698
v 0.3212802 0.5462482 0.0026568
v 0.3061262 0.545636 0.0045409
v 0.3212802 0.529474 0
v 0.3061262 0.529474 0.0019811
v 0.3212802 0.5126997 0.0026568
v 0.3061262 0.5133119 0.0045409
v 0.3212802 0.4975675 0.0103671
v 0.3061262 0.4987319 0.0119698
v 0.3212802 0.4855584 0.0223761
v 0.3061262 0.4871612 0.0235406
v 0.3212802 0.4778482 0.0375084
v 0.3061262 0.4797323 0.0381206
v 0.3212802 0.4751914 0.0542826
v 0.3061262 0.4771725 0.0542826
v 0.3212802 0.4778482 0.0710569
v 0.3061262 0.4797323 0.0704447
v 0.3212802 0.4855584 0.0861891
v 0.3061262 0.4871612 0.0850246
v 0.3212802 0.4975675 0.0981981
v 0.3061262 0.4987319 0.0965954
v 0.3212802 0.5126997 0.1059084
v 0.3061262 0.5133119 0.1040243
v 0.3212802 0.529474 0.1085652
v 0.3061262 0.529474 0.1065841
v 0.3212802 0.5462482 0.1059084
v 0.3061262 0.545636 0.1040243
v 0.3212802 0.5613804 0.0981981
v 0.3061262 0.560216 0.0965954
v 0.3212802 0.5733895 0.0861891
v 0.3061262 0.5717868 0.0850246
v 0.3212802 0.5810998 0.0710569
v 0.3061262 0.5792156 0.0704447
v 0.3212802 0.5837565 0.0542826
v 0.3061262 0.5817754 0.0542826
v 0.3212802 0.5837565 0.0542826
v 0.3061262 0.5817754 0.0542826
v 0.336434 0.5792156 0.0381206
v 0.336434 0.5717868 0.0235406
v 0.336434 0.560216 0.0119698
v 0.336434 0.545636 0.0045409
v 0.336434 0.529474 0.0019811
v 0.336434 0.5133119 0.0045409
v 0.336434 0.4987319 0.0119698
v 0.336434 0.4871612 0.0235406
v 0.336434 0.4797323 0.0381206
v 0.336434 0.4771725 0.0542826
v 0.336434 0.4797323 0.0704447
v 0.336434 0.4871612 0.0850246
v 0.336434 0.4987319 0.0965954
v 0.336434 0.5133119 0.1040243
v 0.336434 0.529474 0.1065841
v 0.336434 0.545636 0.1040243
v 0.336434 0.560216 0.0965954
v 0.336434 0.5717868 0.0850246
v 0.336434 0.5792156 0.0704447
v 0.336434 0.5817754 0.0542826
v 0.336434 0.5817754 0.0542826
v 0.2974482 0.5734946 0.0399794
v 0.2974482 0.57576 0.0542826
v 0.2974482 0.57576 0.0542826
v 0.2974482 0.5734946 0.0685858
v 0.2974482 0.5669201 0.0814888
v 0.2974482 0.5566802 0.0917288
v 0.2974482 0.5437771 0.0983032
v 0.2974482 0.529474 0.1005686
v 0.2974482 0.5151708 0.0983032
v 0.2974482 0.5022677 0.0917288
v 0.2974482 0.4920278 0.0814888
v 0.2974482 0.4854534 0.0685858
v 0.2974482 0.483188 0.0542826
v 0.2974482 0.4854534 0.0399795
v 0.2974482 0.4920278 0.0270764
v 0.2974482 0.5022677 0.0168364
v 0.2974482 0.5151708 0.010262
v 0.2974482 0.529474 0.0079966
v 0.2974482 0.5437771 0.010262
v 0.2974482 0.5566802 0.0168364
v 0.2974482 0.5669202 0.0270764
v 0.3451121 0.5734946 0.0399794
v 0.3451121 0.5669202 0.0270764
v 0.3451121 0.5566802 0.0168364
v 0.3451121 0.5437771 0.010262
v 0.3451121 0.529474 0.0079966
v 0.3451121 0.5151708 0.010262
v 0.3451121 0.5022677 0.0168364
v 0.3451121 0.4920278 0.0270764
v 0.3451121 0.4854534 0.0399795
v 0.3451121 0.483188 0.0542826
v 0.3451121 0.4854534 0.0685858
v 0.3451121 0.4920278 0.0814888
v 0.3451121 0.5022677 0.0917288
v 0.3451121 0.5151708 0.0983032
v 0.3451121 0.529474 0.1005686
v 0.3451121 0.5437771 0.0983032
v 0.3451121 0.5566802 0.0917288
v 0.3451121 0.5669201 0.0814888
v 0.3451121 0.5734946 0.0685858
v 0.3451121 0.57576 0.0542826
v 0.3451121 0.57576 0.0542826
v 0.3451121 0.57576 0.0542826
v 0.3451121 0.5734946 0.0685858
v 0.3451121 0.5668137 0.066415
v 0.3451121 0.5687354 0.0542826
v 0.3451121 0.5669201 0.0814888
v 0.3451121 0.5612371 0.0773599
v 0.3451121 0.5566802 0.0917288
v 0.3451121 0.5525513 0.0860457
v 0.3451121 0.5437771 0.0983032
v 0.3451121 0.5416064 0.0916224
v 0.3451121 0.529474 0.1005686
v 0.3451121 0.529474 0.093544
v 0.3451121 0.5151708 0.0983032
v 0.3451121 0.5173415 0.0916224
v 0.3451121 0.5022677 0.0917288
v 0.3451121 0.5063967 0.0860457
v 0.3451121 0.4920278 0.0814888
v 0.3451121 0.4977108 0.0773599
v 0.3451121 0.4854534 0.0685858
v 0.3451121 0.4921342 0.066415
v 0.3451121 0.483188 0.0542826
v 0.3451121 0.4902126 0.0542826
v 0.3451121 0.4854534 0.0399795
v 0.3451121 0.4921342 0.0421502
v 0.3451121 0.4920278 0.0270764
v 0.3451121 0.4977108 0.0312054
v 0.3451121 0.5022677 0.0168364
v 0.3451121 0.5063967 0.0225195
v 0.3451121 0.5151708 0.010262
v 0.3451121 0.5173415 0.0169428
v 0.3451121 0.529474 0.0079966
v 0.3451121 0.529474 0.0150212
v 0.3451121 0.5437771 0.010262
v 0.3451121 0.5416064 0.0169428
v 0.3451121 0.5566802 0.0168364
v 0.3451121 0.5525513 0.0225195
v 0.3451121 0.5669202 0.0270764
v 0.3451121 0.5612371 0.0312053
v 0.3451121 0.5734946 0.0399794
v 0.3451121 0.5668138 0.0421502
v 0.3451121 0.57576 0.0542826
v 0.3451121 0.5687354 0.0542826
v 0.2974482 0.57576 0.0542826
v 0.2974482 0.5734946 0.0399794
v 0.2974482 0.5668138 0.0421502
v 0.2974482 0.5687354 0.0542826
v 0.2974482 0.5669202 0.0270764
v 0.2974482 0.5612371 0.0312053
v 0.2974482 0.5566802 0.0168364
v 0.2974482 0.5525513 0.0225195
v 0.2974482 0.5437771 0.010262
v 0.2974482 0.5416064 0.0169428
v 0.2974482 0.529474 0.0079966
v 0.2974482 0.529474 0.0150212
v 0.2974482 0.5151708 0.010262
v 0.2974482 0.5173415 0.0169428
v 0.2974482 0.5022677 0.0168364
v 0.2974482 0.5063967 0.0225195
v 0.2974482 0.4920278 0.0270764
v 0.2974482 0.4977108 0.0312054
v 0.2974482 0.4854534 0.0399795
v 0.2974482 0.4921342 0.0421502
v 0.2974482 0.483188 0.0542826
v 0.2974482 0.4902126 0.0542826
v 0.2974482 0.4854534 0.0685858
v 0.2974482 0.4921342 0.066415
v 0.2974482 0.4920278 0.0814888
v 0.2974482 0.4977108 0.0773599
v 0.2974482 0.5022677 0.0917288
v 0.2974482 0.5063967 0.0860457
v 0.2974482 0.5151708 0.0983032
v 0.2974482 0.5173415 0.0916224
v 0.2974482 0.529474 0.1005686
v 0.2974482 0.529474 0.093544
v 0.2974482 0.5437771 0.0983032
v 0.2974482 0.5416064 0.0916224
v 0.2974482 0.5566802 0.0917288
v 0.2974482 0.5525513 0.0860457
v 0.2974482 0.5669201 0.0814888
v 0.2974482 0.5612371 0.0773599
v 0.2974482 0.5734946 0.0685858
v 0.2974482 0.5668137 0.066415
v 0.2974482 0.57576 0.0542826
v 0.2974482 0.5687354 0.0542826
v 0.3451121 0.5612371 0.0312053
v 0.3451121 0.5668138 0.0421502
v 0.339722 0.5668138 0.0421502
v 0.339722 0.5612371 0.0312053
v 0.3451121 0.5525513 0.0225195
v 0.339722 0.5525513 0.0225195
v 0.3451121 0.5416064 0.0169428
v 0.339722 0.5416064 0.0169428
v 0.3451121 0.529474 0.0150212
v 0.339722 0.529474 0.0150212
v 0.3451121 0.5173415 0.0169428
v 0.339722 0.5173415 0.0169428
v 0.3451121 0.5063967 0.0225195
v 0.339722 0.5063967 0.0225195
v 0.3451121 0.4977108 0.0312054
v 0.339722 0.4977108 0.0312054
v 0.3451121 0.4921342 0.0421502
v 0.339722 0.4921342 0.0421502
v 0.3451121 0.4902126 0.0542826
v 0.339722 0.4902126 0.0542826
v 0.3451121 0.4921342 0.066415
v 0.339722 0.4921342 0.066415
v 0.3451121 0.4977108 0.0773599
v 0.339722 0.4977108 0.0773599
v 0.3451121 0.5063967 0.0860457
v 0.339722 0.5063967 0.0860457
v 0.3451121 0.5173415 0.0916224
v 0.339722 0.5173415 0.0916224
v 0.3451121 0.529474 0.093544
v 0.339722 0.529474 0.093544
v 0.3451121 0.5416064 0.0916224
v 0.339722 0.5416064 0.0916224
v 0.3451121 0.5525513 0.0860457
v 0.339722 0.5525513 0.0860457
v 0.3451121 0.5612371 0.0773599
v 0.339722 0.5612371 0.0773599
v 0.3451121 0.5668137 0.066415
v 0.339722 0.5668137 0.066415
v 0.3451121 0.5687354 0.0542826
v 0.339722 0.5687354 0.0542826
v 0.3451121 0.5687354 0.0542826
v 0.339722 0.5687354 0.0542826
v 0.2974482 0.5668138 0.0421502
v 0.2974482 0.5612371 0.0312053
v 0.3028383 0.5612371 0.0312053
v 0.3028383 0.5668138 0.0421502
v 0.2974482 0.5525513 0.0225195
v 0.3028383 0.5525513 0.0225195
v 0.2974482 0.5416064 0.0169428
v 0.3028383 0.5416064 0.0169428
v 0.2974482 0.529474 0.0150212
v 0.3028383 0.529474 0.0150212
v 0.2974482 0.5173415 0.0169428
v 0.3028383 0.5173415 0.0169428
v 0.2974482 0.5063967 0.0225195
v 0.3028383 0.5063967 0.0225195
v 0.2974482 0.4977108 0.0312054
v 0.3028383 0.4977108 0.0312054
v 0.2974482 0.4921342 0.0421502
v 0.3028383 0.4921342 0.0421502
v 0.2974482 0.4902126 0.0542826
v 0.3028383 0.4902126 0.0542826
v 0.2974482 0.4921342 0.066415
v 0.3028383 0.4921342 0.066415
v 0.2974482 0.4977108 0.0773599
v 0.3028383 0.4977108 0.0773599
v 0.2974482 0.5063967 0.0860457
v 0.3028383 0.5063967 0.0860457
v 0.2974482 0.5173415 0.0916224
v 0.3028383 0.5173415 0.0916224
v 0.2974482 0.529474 0.093544
v 0.3028383 0.529474 0.093544
v 0.2974482 0.5416064 0.0916224
v 0.3028383 0.5416064 0.0916224
v 0.2974482 0.5525513 0.0860457
v 0.3028383 0.5525513 0.0860457
v 0.2974482 0.5612371 0.0773599
v 0.3028383 0.5612371 0.0773599
v 0.2974482 0.5668137 0.066415
v 0.3028383 0.5668137 0.066415
v 0.2974482 0.5687354 0.0542826
v 0.3028383 0.5687354 0.0542826
v 0.2974482 0.5687354 0.0542826
v 0.3028383 0.5687354 0.0542826
v 0.339722 0.5687354 0.0542826
v 0.339722 0.5668137 0.066415
v 0.339722 0.5382988 0.05715
v 0.339722 0.5387529 0.0542826
v 0.339722 0.5612371 0.0773599
v 0.339722 0.5369808 0.0597367
v 0.339722 0.5525513 0.0860457
v 0.339722 0.534928 0.0617895
v 0.339722 0.5416064 0.0916224
v 0.339722 0.5323413 0.0631074
v 0.339722 0.529474 0.093544
v 0.339722 0.529474 0.0635616
v 0.339722 0.5173415 0.0916224
v 0.339722 0.5266066 0.0631074
v 0.339722 0.5063967 0.0860457
v 0.339722 0.5240199 0.0617895
v 0.339722 0.4977108 0.0773599
v 0.339722 0.5219671 0.0597367
v 0.339722 0.4921342 0.066415
v 0.339722 0.5206491 0.05715
v 0.339722 0.4902126 0.0542826
v 0.339722 0.520195 0.0542826
v 0.339722 0.4921342 0.0421502
v 0.339722 0.5206491 0.0514152
v 0.339722 0.4977108 0.0312054
v 0.339722 0.5219671 0.0488286
v 0.339722 0.5063967 0.0225195
v 0.339722 0.5240199 0.0467758
v 0.339722 0.5173415 0.0169428
v 0.339722 0.5266066 0.0454578
v 0.339722 0.529474 0.0150212
v 0.339722 0.529474 0.0450036
v 0.339722 0.5416064 0.0169428
v 0.339722 0.5323413 0.0454578
v 0.339722 0.5525513 0.0225195
v 0.339722 0.534928 0.0467758
v 0.339722 0.5612371 0.0312053
v 0.339722 0.5369808 0.0488286
v 0.339722 0.5668138 0.0421502
v 0.339722 0.5382988 0.0514152
v 0.3028383 0.5687354 0.0542826
v 0.3028383 0.5668138 0.0421502
v 0.3028383 0.5382988 0.0514152
v 0.3028383 0.5387529 0.0542826
v 0.3028383 0.5612371 0.0312053
v 0.3028383 0.5369808 0.0488286
v 0.3028383 0.5525513 0.0225195
v 0.3028383 0.534928 0.0467758
v 0.3028383 0.5416064 0.0169428
v 0.3028383 0.5323413 0.0454578
v 0.3028383 0.529474 0.0150212
v 0.3028383 0.529474 0.0450036
v 0.3028383 0.5173415 0.0169428
v 0.3028383 0.5266066 0.0454578
v 0.3028383 0.5063967 0.0225195
v 0.3028383 0.5240199 0.0467758
v 0.3028383 0.4977108 0.0312054
v 0.3028383 0.5219671 0.0488286
v 0.3028383 0.4921342 0.0421502
v 0.3028383 0.5206491 0.0514152
v 0.3028383 0.4902126 0.0542826
v 0.3028383 0.520195 0.0542826
v 0.3028383 0.4921342 0.066415
v 0.3028383 0.5206491 0.05715
v 0.3028383 0.4977108 0.0773599
v 0.3028383 0.5219671 0.0597367
v 0.3028383 0.5063967 0.0860457
v 0.3028383 0.5240199 0.0617895
v 0.3028383 0.5173415 0.0916224
v 0.3028383 0.5266066 0.0631074
v 0.3028383 0.529474 0.093544
v 0.3028383 0.529474 0.0635616
v 0.3028383 0.5416064 0.0916224
v 0.3028383 0.5323413 0.0631074
v 0.3028383 0.5525513 0.0860457
v 0.3028383 0.534928 0.0617895
v 0.3028383 0.5612371 0.0773599
v 0.3028383 0.5369808 0.0597367
v 0.3028383 0.5668137 0.066415
v 0.3028383 0.5382988 0.05715
v 0.339722 0.5369808 0.0488286
v 0.339722 0.5382988 0.0514152
v 0.3509277 0.5382988 0.0514152
v 0.3509277 0.5369808 0.0488286
v 0.339722 0.534928 0.0467758
v 0.3509277 0.534928 0.0467758
v 0.339722 0.5323413 0.0454578
v 0.3509277 0.5323413 0.0454578
v 0.339722 0.529474 0.0450036
v 0.3509277 0.529474 0.0450036
v 0.339722 0.5266066 0.0454578
v 0.3509277 0.5266066 0.0454578
v 0.339722 0.5240199 0.0467758
v 0.3509277 0.5240199 0.0467758
v 0.339722 0.5219671 0.0488286
v 0.3509277 0.5219671 0.0488286
v 0.339722 0.5206491 0.0514152
v 0.3509277 0.5206491 0.0514152
v 0.339722 0.520195 0.0542826
v 0.3509277 0.520195 0.0542826
v 0.339722 0.5206491 0.05715
v 0.3509277 0.5206491 0.05715
v 0.339722 0.5219671 0.0597367
v 0.3509277 0.5219671 0.0597367
v 0.339722 0.5240199 0.0617895
v 0.3509277 0.5240199 0.0617895
v 0.339722 0.5266066 0.0631074
v 0.3509277 0.5266066 0.0631074
v 0.339722 0.529474 0.0635616
v 0.3509277 0.529474 0.0635616
v 0.339722 0.5323413 0.0631074
v 0.3509277 0.5323413 0.0631074
v 0.339722 0.534928 0.0617895
v 0.3509277 0.534928 0.0617895
v 0.339722 0.5369808 0.0597367
v 0.3509277 0.5369808 0.0597367
v 0.339722 0.5382988 0.05715
v 0.3509277 0.5382988 0.05715
v 0.339722 0.5387529 0.0542826
v 0.3509277 0.5387529 0.0542826
v 0.339722 0.5387529 0.0542826
v 0.3509277 0.5387529 0.0542826
v 0.3028383 0.5382988 0.0514152
v 0.3028383 0.5369808 0.0488286
v 0.2916326 0.5369808 0.0488286
v 0.2916326 0.5382988 0.0514152
v 0.3028383 0.534928 0.0467758
v 0.2916326 0.534928 0.0467758
v 0.3028383 0.5323413 0.0454578
v 0.2916326 0.5323413 0.0454578
v 0.3028383 0.529474 0.0450036
v 0.2916326 0.529474 0.0450036
v 0.3028383 0.5266066 0.0454578
v 0.2916326 0.5266066 0.0454578
v 0.3028383 0.5240199 0.0467758
v 0.2916326 0.5240199 0.0467758
v 0.3028383 0.5219671 0.0488286
v 0.2916326 0.5219671 0.0488286
v 0.3028383 0.5206491 0.0514152
v 0.2916326 0.5206491 0.0514152
v 0.3028383 0.520195 0.0542826
v 0.2916326 0.520195 0.0542826
v 0.3028383 0.5206491 0.05715
v 0.2916326 0.5206491 0.05715
v 0.3028383 0.5219671 0.0597367
v 0.2916326 0.5219671 0.0597367
v 0.3028383 0.5240199 0.0617895
v 0.2916326 0.5240199 0.0617895
v 0.3028383 0.5266066 0.0631074
v 0.2916326 0.5266066 0.0631074
v 0.3028383 0.529474 0.0635616
v 0.2916326 0.529474 0.0635616
v 0.3028383 0.5323413 0.0631074
v 0.2916326 0.5323413 0.0631074
v 0.3028383 0.534928 0.0617895
v 0.2916326 0.534928 0.0617895
v 0.3028383 0.5369808 0.0597367
v 0.2916326 0.5369808 0.0597367
v 0.3028383 0.5382988 0.05715
v 0.2916326 0.5382988 0.05715
v 0.3028383 0.5387529 0.0542826
v 0.2916326 0.5387529 0.0542826
v 0.3028383 0.5387529 0.0542826
v 0.2916326 0.5387529 0.0542826
v 0.3533701 0.4841314 0.1308345
v 0.348612 0.4934695 0.1308345
v 0.348612 0.4934695 0.1364154
v 0.3533701 0.4841314 0.1364154
v 0.3412012 0.5008804 0.1308345
v 0.3412012 0.5008804 0.1364154
v 0.331863 0.5056384 0.1308345
v 0.331863 0.5056384 0.1364154
v 0.3215115 0.507278 0.1308345
v 0.3215115 0.507278 0.1364154
v 0.3215115 0.507278 0.1308345
v 0.31116 0.5056384 0.1308345
v 0.31116 0.5056384 0.1364154
v 0.3215115 0.507278 0.1364154
v 0.3018218 0.5008804 0.1308345
v 0.3018218 0.5008804 0.1364154
v 0.294411 0.4934695 0.1308345
v 0.294411 0.4934695 0.1364154
v 0.2896529 0.4841314 0.1308345
v 0.2896529 0.4841314 0.1364154
v 0.2880134 0.4737799 0.1308345
v 0.2880134 0.4737799 0.1364154
v 0.2896529 0.4634284 0.1308345
v 0.2896529 0.4634284 0.1364154
v 0.294411 0.4540902 0.1308345
v 0.294411 0.4540902 0.1364154
v 0.3018218 0.4466794 0.1308345
v 0.3018218 0.4466794 0.1364154
v 0.31116 0.4419213 0.1308345
v 0.31116 0.4419213 0.1364154
v 0.3215115 0.4402818 0.1308345
v 0.3215115 0.4402818 0.1364154
v 0.3318629 0.4419213 0.1308345
v 0.3318629 0.4419213 0.1364154
v 0.3412011 0.4466794 0.1308345
v 0.3412011 0.4466794 0.1364154
v 0.348612 0.4540902 0.1308345
v 0.348612 0.4540902 0.1364154
v 0.35337 0.4634284 0.1308345
v 0.35337 0.4634284 0.1364154
v 0.3550095 0.4737799 0.1308345
v 0.3550095 0.4737799 0.1364154
v -0.2870219 -0.4833075 0.0928885
v -0.2870219 -0.476762 0.0820028
v -0.2948503 -0.476762 0.0820028
v -0.2948503 -0.4833075 0.0928885
v -0.2870219 -0.4748508 0.0699359
v -0.2948503 -0.4748508 0.0699359
v -0.2870219 -0.476762 0.057869
v -0.2948503 -0.476762 0.057869
v -0.2870219 -0.4823085 0.0469833
v -0.2948503 -0.4823085 0.0469833
v -0.2870219 -0.4823085 0.0469833
v -0.2870219 -0.4909474 0.0383444
v -0.2948503 -0.4909474 0.0383444
v -0.2948503 -0.4823085 0.0469833
v -0.2870219 -0.5018331 0.0327979
v -0.2948503 -0.5018331 0.0327979
v -0.2870219 -0.5139 0.0308867
v -0.2948503 -0.5139 0.0308867
v -0.2870219 -0.5259669 0.0327979
v -0.2948503 -0.5259669 0.0327979
v -0.2870219 -0.5368526 0.0383444
v -0.2948503 -0.5368526 0.0383444
v -0.2870219 -0.5454915 0.0469833
v -0.2948503 -0.5454915 0.0469833
v -0.2870219 -0.5550809 0.057869
v -0.2948503 -0.5550809 0.057869
v -0.2870219 -0.5655237 0.0699359
v -0.2948503 -0.5655237 0.0699359
v -0.2870219 -0.6071178 0.070226
v -0.2870219 -0.6071178 0.1308345
v -0.2948503 -0.6071178 0.1116044
v -0.2948503 -0.6071178 0.070226
v -0.2870219 -0.5655237 0.0699359
v -0.2870219 -0.507002 0.1116044
v -0.2870219 -0.6071178 0.1308345
v -0.2870219 -0.6071178 0.070226
v -0.2948502 -0.507002 0.1116044
v -0.2948503 -0.5655237 0.0699359
v -0.2948503 -0.6071178 0.070226
v -0.2948503 -0.6071178 0.1116044
v -0.2948503 -0.5655237 0.0699359
v -0.2870219 -0.5655237 0.0699359
v -0.2870219 -0.6071178 0.070226
v -0.2948503 -0.6071178 0.070226
v -0.3230012 -0.507002 0.1116044
v -0.3230012 -0.507002 0.1308345
v -0.2948502 -0.507002 0.1116044
v -0.2948503 -0.6071178 0.1116044
v -0.3230012 -0.6071178 0.1116044
v -0.3230012 -0.507002 0.1116044
v -0.3230012 -0.6071178 0.1308345
v -0.3230012 -0.6071178 0.1116044
v -0.2870219 -0.6071178 0.1308345
v -0.2870219 -0.507002 0.1308345
v -0.3230012 -0.507002 0.1308345
v -0.3230012 -0.6071178 0.1308345
v -0.2870219 -0.507002 0.1116044
v -0.2948502 -0.507002 0.1116044
v -0.3589805 -0.4833075 0.0928885
v -0.3511521 -0.4833075 0.0928885
v -0.3511521 -0.476762 0.0820028
v -0.3589805 -0.476762 0.0820028
v -0.3511521 -0.4748508 0.0699359
v -0.3589805 -0.4748508 0.0699359
v -0.3511521 -0.476762 0.057869
v -0.3589805 -0.476762 0.057869
v -0.3511521 -0.4823085 0.0469833
v -0.3589805 -0.4823085 0.0469833
v -0.3589805 -0.4823085 0.0469833
v -0.3511521 -0.4823085 0.0469833
v -0.3511521 -0.4909474 0.0383444
v -0.3589805 -0.4909474 0.0383444
v -0.3511521 -0.5018331 0.0327979
v -0.3589805 -0.5018331 0.0327979
v -0.3511521 -0.5139 0.0308867
v -0.3589805 -0.5139 0.0308867
v -0.3511521 -0.5259669 0.0327979
v -0.3589805 -0.5259669 0.0327979
v -0.3511521 -0.5368526 0.0383444
v -0.3589805 -0.5368526 0.0383444
v -0.3511521 -0.5454915 0.0469833
v -0.3589805 -0.5454915 0.0469833
v -0.3511521 -0.5550809 0.057869
v -0.3589805 -0.5550809 0.057869
v -0.3511521 -0.5655237 0.0699359
v -0.3589805 -0.5655237 0.0699359
v -0.3589805 -0.6071178 0.070226
v -0.3511521 -0.6071178 0.070226
v -0.3511521 -0.6071178 0.1116044
v -0.3589805 -0.6071178 0.1308345
v -0.3589805 -0.5655237 0.0699359
v -0.3589805 -0.6071178 0.070226
v -0.3589805 -0.6071178 0.1308345
v -0.3589805 -0.507002 0.1116044
v -0.3511522 -0.507002 0.1116044
v -0.3511521 -0.6071178 0.1116044
v -0.3511521 -0.6071178 0.070226
v -0.3511521 -0.5655237 0.0699359
v -0.3511521 -0.5655237 0.0699359
v -0.3511521 -0.6071178 0.070226
v -0.3589805 -0.6071178 0.070226
v -0.3589805 -0.5655237 0.0699359
v -0.3230012 -0.507002 0.1308345
v -0.3511522 -0.507002 0.1116044
v -0.3230012 -0.507002 0.1116044
v -0.3230012 -0.6071178 0.1116044
v -0.3511521 -0.6071178 0.1116044
v -0.3230012 -0.6071178 0.1116044
v -0.3230012 -0.6071178 0.1308345
v -0.3589805 -0.6071178 0.1308345
v -0.3230012 -0.6071178 0.1308345
v -0.3230012 -0.507002 0.1308345
v -0.3589805 -0.507002 0.1308345
v -0.3589805 -0.507002 0.1116044
v -0.3511522 -0.507002 0.1116044
v -0.3227798 -0.453587 0.0375084
v -0.3082778 -0.4554712 0.0381206
v -0.3082778 -0.4629 0.0235406
v -0.3227798 -0.4612973 0.0223761
v -0.3082778 -0.4744708 0.0119698
v -0.3227798 -0.4733063 0.010367
v -0.3082778 -0.4890508 0.0045409
v -0.3227798 -0.4884386 0.0026568
v -0.3082778 -0.5052128 0.0019811
v -0.3227798 -0.5052128 0
v -0.3082778 -0.5213749 0.0045409
v -0.3227798 -0.5219871 0.0026568
v -0.3082778 -0.5359549 0.0119698
v -0.3227798 -0.5371194 0.0103671
v -0.3082778 -0.5475256 0.0235406
v -0.3227798 -0.5491283 0.0223761
v -0.3082778 -0.5549545 0.0381206
v -0.3227798 -0.5568386 0.0375084
v -0.3082778 -0.5575143 0.0542826
v -0.3227798 -0.5594954 0.0542826
v -0.3082778 -0.5549545 0.0704447
v -0.3227798 -0.5568386 0.0710569
v -0.3082778 -0.5475256 0.0850246
v -0.3227798 -0.5491283 0.0861891
v -0.3082778 -0.5359549 0.0965954
v -0.3227798 -0.5371194 0.0981981
v -0.3082778 -0.5213749 0.1040243
v -0.3227798 -0.5219871 0.1059084
v -0.3082778 -0.5052128 0.1065841
v -0.3227798 -0.5052128 0.1085652
v -0.3082778 -0.4890508 0.1040243
v -0.3227798 -0.4884386 0.1059084
v -0.3082778 -0.4744708 0.0965954
v -0.3227798 -0.4733063 0.0981981
v -0.3082778 -0.4629 0.0850246
v -0.3227798 -0.4612973 0.0861891
v -0.3082778 -0.4554712 0.0704447
v -0.3227798 -0.4535871 0.0710569
v -0.3082778 -0.4529114 0.0542826
v -0.3227798 -0.4509303 0.0542826
v -0.3227798 -0.4509303 0.0542826
v -0.3082778 -0.4529114 0.0542826
v -0.3372819 -0.4554712 0.0381206
v -0.3372819 -0.4629 0.0235406
v -0.3372819 -0.4744708 0.0119698
v -0.3372819 -0.4890508 0.0045409
v -0.3372819 -0.5052128 0.0019811
v -0.3372819 -0.5213749 0.0045409
v -0.3372819 -0.5359549 0.0119698
v -0.3372819 -0.5475256 0.0235406
v -0.3372819 -0.5549545 0.0381206
v -0.3372819 -0.5575143 0.0542826
v -0.3372819 -0.5549545 0.0704447
v -0.3372819 -0.5475256 0.0850246
v -0.3372819 -0.5359549 0.0965954
v -0.3372819 -0.5213749 0.1040243
v -0.3372819 -0.5052128 0.1065841
v -0.3372819 -0.4890508 0.1040243
v -0.3372819 -0.4744708 0.0965954
v -0.3372819 -0.4629 0.0850246
v -0.3372819 -0.4554712 0.0704447
v -0.3372819 -0.4529114 0.0542826
v -0.3372819 -0.4529114 0.0542826
v -0.2999729 -0.4589268 0.0542826
v -0.2999729 -0.4611922 0.0399794
v -0.2999729 -0.4611922 0.0685858
v -0.2999729 -0.4589268 0.0542826
v -0.2999729 -0.4677667 0.0814888
v -0.2999729 -0.4780066 0.0917288
v -0.2999729 -0.4909097 0.0983032
v -0.2999729 -0.5052128 0.1005686
v -0.2999729 -0.519516 0.0983032
v -0.2999729 -0.5324191 0.0917288
v -0.2999729 -0.542659 0.0814888
v -0.2999729 -0.5492334 0.0685858
v -0.2999729 -0.5514988 0.0542826
v -0.2999729 -0.5492334 0.0399795
v -0.2999729 -0.542659 0.0270764
v -0.2999729 -0.5324191 0.0168364
v -0.2999729 -0.519516 0.010262
v -0.2999729 -0.5052128 0.0079966
v -0.2999729 -0.4909097 0.010262
v -0.2999729 -0.4780066 0.0168364
v -0.2999729 -0.4677666 0.0270764
v -0.3455867 -0.4677666 0.0270764
v -0.3455867 -0.4611922 0.0399794
v -0.3455867 -0.4780066 0.0168364
v -0.3455867 -0.4909097 0.010262
v -0.3455867 -0.5052128 0.0079966
v -0.3455867 -0.519516 0.010262
v -0.3455867 -0.5324191 0.0168364
v -0.3455867 -0.542659 0.0270764
v -0.3455867 -0.5492334 0.0399795
v -0.3455867 -0.5514988 0.0542826
v -0.3455867 -0.5492334 0.0685858
v -0.3455867 -0.542659 0.0814888
v -0.3455867 -0.5324191 0.0917288
v -0.3455867 -0.519516 0.0983032
v -0.3455867 -0.5052128 0.1005686
v -0.3455867 -0.4909097 0.0983032
v -0.3455867 -0.4780066 0.0917288
v -0.3455867 -0.4677667 0.0814888
v -0.3455867 -0.4611922 0.0685858
v -0.3455867 -0.4589268 0.0542826
v -0.3455867 -0.4589268 0.0542826
v -0.3455867 -0.4589268 0.0542826
v -0.3455867 -0.4659514 0.0542826
v -0.3455867 -0.4678731 0.066415
v -0.3455867 -0.4611922 0.0685858
v -0.3455867 -0.4734497 0.0773599
v -0.3455867 -0.4677667 0.0814888
v -0.3455867 -0.4821356 0.0860457
v -0.3455867 -0.4780066 0.0917288
v -0.3455867 -0.4930804 0.0916224
v -0.3455867 -0.4909097 0.0983032
v -0.3455867 -0.5052128 0.093544
v -0.3455867 -0.5052128 0.1005686
v -0.3455867 -0.5173452 0.0916224
v -0.3455867 -0.519516 0.0983032
v -0.3455867 -0.5282901 0.0860457
v -0.3455867 -0.5324191 0.0917288
v -0.3455867 -0.536976 0.0773599
v -0.3455867 -0.542659 0.0814888
v -0.3455867 -0.5425526 0.066415
v -0.3455867 -0.5492334 0.0685858
v -0.3455867 -0.5444742 0.0542826
v -0.3455867 -0.5514988 0.0542826
v -0.3455867 -0.5425526 0.0421502
v -0.3455867 -0.5492334 0.0399795
v -0.3455867 -0.536976 0.0312054
v -0.3455867 -0.542659 0.0270764
v -0.3455867 -0.5282901 0.0225195
v -0.3455867 -0.5324191 0.0168364
v -0.3455867 -0.5173452 0.0169428
v -0.3455867 -0.519516 0.010262
v -0.3455867 -0.5052128 0.0150212
v -0.3455867 -0.5052128 0.0079966
v -0.3455867 -0.4930804 0.0169428
v -0.3455867 -0.4909097 0.010262
v -0.3455867 -0.4821356 0.0225195
v -0.3455867 -0.4780066 0.0168364
v -0.3455867 -0.4734497 0.0312053
v -0.3455867 -0.4677666 0.0270764
v -0.3455867 -0.467873 0.0421502
v -0.3455867 -0.4611922 0.0399794
v -0.3455867 -0.4659514 0.0542826
v -0.3455867 -0.4589268 0.0542826
v -0.2999729 -0.4589268 0.0542826
v -0.2999729 -0.4659514 0.0542826
v -0.2999729 -0.467873 0.0421502
v -0.2999729 -0.4611922 0.0399794
v -0.2999729 -0.4734497 0.0312053
v -0.2999729 -0.4677666 0.0270764
v -0.2999729 -0.4821356 0.0225195
v -0.2999729 -0.4780066 0.0168364
v -0.2999729 -0.4930804 0.0169428
v -0.2999729 -0.4909097 0.010262
v -0.2999729 -0.5052128 0.0150212
v -0.2999729 -0.5052128 0.0079966
v -0.2999729 -0.5173452 0.0169428
v -0.2999729 -0.519516 0.010262
v -0.2999729 -0.5282901 0.0225195
v -0.2999729 -0.5324191 0.0168364
v -0.2999729 -0.536976 0.0312054
v -0.2999729 -0.542659 0.0270764
v -0.2999729 -0.5425526 0.0421502
v -0.2999729 -0.5492334 0.0399795
v -0.2999729 -0.5444742 0.0542826
v -0.2999729 -0.5514988 0.0542826
v -0.2999729 -0.5425526 0.066415
v -0.2999729 -0.5492334 0.0685858
v -0.2999729 -0.536976 0.0773599
v -0.2999729 -0.542659 0.0814888
v -0.2999729 -0.5282901 0.0860457
v -0.2999729 -0.5324191 0.0917288
v -0.2999729 -0.5173452 0.0916224
v -0.2999729 -0.519516 0.0983032
v -0.2999729 -0.5052128 0.093544
v -0.2999729 -0.5052128 0.1005686
v -0.2999729 -0.4930804 0.0916224
v -0.2999729 -0.4909097 0.0983032
v -0.2999729 -0.4821356 0.0860457
v -0.2999729 -0.4780066 0.0917288
v -0.2999729 -0.4734497 0.0773599
v -0.2999729 -0.4677667 0.0814888
v -0.2999729 -0.4678731 0.066415
v -0.2999729 -0.4611922 0.0685858
v -0.2999729 -0.4659514 0.0542826
v -0.2999729 -0.4589268 0.0542826
v -0.3455867 -0.4734497 0.0312053
v -0.3404284 -0.4734497 0.0312053
v -0.3404284 -0.467873 0.0421502
v -0.3455867 -0.467873 0.0421502
v -0.3455867 -0.4821356 0.0225195
v -0.3404284 -0.4821356 0.0225195
v -0.3455867 -0.4930804 0.0169428
v -0.3404284 -0.4930804 0.0169428
v -0.3455867 -0.5052128 0.0150212
v -0.3404284 -0.5052128 0.0150212
v -0.3455867 -0.5173452 0.0169428
v -0.3404284 -0.5173452 0.0169428
v -0.3455867 -0.5282901 0.0225195
v -0.3404284 -0.5282901 0.0225195
v -0.3455867 -0.536976 0.0312054
v -0.3404284 -0.536976 0.0312054
v -0.3455867 -0.5425526 0.0421502
v -0.3404284 -0.5425526 0.0421502
v -0.3455867 -0.5444742 0.0542826
v -0.3404284 -0.5444742 0.0542826
v -0.3455867 -0.5425526 0.066415
v -0.3404284 -0.5425526 0.066415
v -0.3455867 -0.536976 0.0773599
v -0.3404284 -0.536976 0.0773599
v -0.3455867 -0.5282901 0.0860457
v -0.3404284 -0.5282901 0.0860457
v -0.3455867 -0.5173452 0.0916224
v -0.3404284 -0.5173452 0.0916224
v -0.3455867 -0.5052128 0.093544
v -0.3404284 -0.5052128 0.093544
v -0.3455867 -0.4930804 0.0916224
v -0.3404284 -0.4930804 0.0916224
v -0.3455867 -0.4821356 0.0860457
v -0.3404284 -0.4821356 0.0860457
v -0.3455867 -0.4734497 0.0773599
v -0.3404284 -0.4734497 0.0773599
v -0.3455867 -0.4678731 0.066415
v -0.3404284 -0.4678731 0.066415
v -0.3455867 -0.4659514 0.0542826
v -0.3404284 -0.4659514 0.0542826
v -0.3404284 -0.4659514 0.0542826
v -0.3455867 -0.4659514 0.0542826
v -0.2999729 -0.467873 0.0421502
v -0.3051313 -0.467873 0.0421502
v -0.3051313 -0.4734497 0.0312053
v -0.2999729 -0.4734497 0.0312053
v -0.3051313 -0.4821356 0.0225195
v -0.2999729 -0.4821356 0.0225195
v -0.3051313 -0.4930804 0.0169428
v -0.2999729 -0.4930804 0.0169428
v -0.3051313 -0.5052128 0.0150212
v -0.2999729 -0.5052128 0.0150212
v -0.3051313 -0.5173452 0.0169428
v -0.2999729 -0.5173452 0.0169428
v -0.3051313 -0.5282901 0.0225195
v -0.2999729 -0.5282901 0.0225195
v -0.3051313 -0.536976 0.0312054
v -0.2999729 -0.536976 0.0312054
v -0.3051313 -0.5425526 0.0421502
v -0.2999729 -0.5425526 0.0421502
v -0.3051313 -0.5444742 0.0542826
v -0.2999729 -0.5444742 0.0542826
v -0.3051313 -0.5425526 0.066415
v -0.2999729 -0.5425526 0.066415
v -0.3051313 -0.536976 0.0773599
v -0.2999729 -0.536976 0.0773599
v -0.3051313 -0.5282901 0.0860457
v -0.2999729 -0.5282901 0.0860457
v -0.3051313 -0.5173452 0.0916224
v -0.2999729 -0.5173452 0.0916224
v -0.3051313 -0.5052128 0.093544
v -0.2999729 -0.5052128 0.093544
v -0.3051313 -0.4930804 0.0916224
v -0.2999729 -0.4930804 0.0916224
v -0.3051313 -0.4821356 0.0860457
v -0.2999729 -0.4821356 0.0860457
v -0.3051313 -0.4734497 0.0773599
v -0.2999729 -0.4734497 0.0773599
v -0.3051313 -0.4678731 0.066415
v -0.2999729 -0.4678731 0.066415
v -0.3051313 -0.4659514 0.0542826
v -0.2999729 -0.4659514 0.0542826
v -0.2999729 -0.4659514 0.0542826
v -0.3051313 -0.4659514 0.0542826
v -0.3404284 -0.4659514 0.0542826
v -0.3404284 -0.4959338 0.0542826
v -0.3404284 -0.496388 0.05715
v -0.3404284 -0.4678731 0.066415
v -0.3404284 -0.497706 0.0597367
v -0.3404284 -0.4734497 0.0773599
v -0.3404284 -0.4997588 0.0617895
v -0.3404284 -0.4821356 0.0860457
v -0.3404284 -0.5023454 0.0631074
v -0.3404284 -0.4930804 0.0916224
v -0.3404284 -0.5052128 0.0635616
v -0.3404284 -0.5052128 0.093544
v -0.3404284 -0.5080802 0.0631074
v -0.3404284 -0.5173452 0.0916224
v -0.3404284 -0.5106668 0.0617895
v -0.3404284 -0.5282901 0.0860457
v -0.3404284 -0.5127197 0.0597367
v -0.3404284 -0.536976 0.0773599
v -0.3404284 -0.5140377 0.05715
v -0.3404284 -0.5425526 0.066415
v -0.3404284 -0.5144918 0.0542826
v -0.3404284 -0.5444742 0.0542826
v -0.3404284 -0.5140377 0.0514152
v -0.3404284 -0.5425526 0.0421502
v -0.3404284 -0.5127197 0.0488286
v -0.3404284 -0.536976 0.0312054
v -0.3404284 -0.5106668 0.0467758
v -0.3404284 -0.5282901 0.0225195
v -0.3404284 -0.5080802 0.0454578
v -0.3404284 -0.5173452 0.0169428
v -0.3404284 -0.5052128 0.0450036
v -0.3404284 -0.5052128 0.0150212
v -0.3404284 -0.5023454 0.0454578
v -0.3404284 -0.4930804 0.0169428
v -0.3404284 -0.4997588 0.0467758
v -0.3404284 -0.4821356 0.0225195
v -0.3404284 -0.497706 0.0488286
v -0.3404284 -0.4734497 0.0312053
v -0.3404284 -0.496388 0.0514152
v -0.3404284 -0.467873 0.0421502
v -0.3051313 -0.4659514 0.0542826
v -0.3051313 -0.4959338 0.0542826
v -0.3051313 -0.496388 0.0514152
v -0.3051313 -0.467873 0.0421502
v -0.3051313 -0.497706 0.0488286
v -0.3051313 -0.4734497 0.0312053
v -0.3051313 -0.4997588 0.0467758
v -0.3051313 -0.4821356 0.0225195
v -0.3051313 -0.5023454 0.0454578
v -0.3051313 -0.4930804 0.0169428
v -0.3051313 -0.5052128 0.0450036
v -0.3051313 -0.5052128 0.0150212
v -0.3051313 -0.5080802 0.0454578
v -0.3051313 -0.5173452 0.0169428
v -0.3051313 -0.5106668 0.0467758
v -0.3051313 -0.5282901 0.0225195
v -0.3051313 -0.5127197 0.0488286
v -0.3051313 -0.536976 0.0312054
v -0.3051313 -0.5140377 0.0514152
v -0.3051313 -0.5425526 0.0421502
v -0.3051313 -0.5144918 0.0542826
v -0.3051313 -0.5444742 0.0542826
v -0.3051313 -0.5140377 0.05715
v -0.3051313 -0.5425526 0.066415
v -0.3051313 -0.5127197 0.0597367
v -0.3051313 -0.536976 0.0773599
v -0.3051313 -0.5106668 0.0617895
v -0.3051313 -0.5282901 0.0860457
v -0.3051313 -0.5080802 0.0631074
v -0.3051313 -0.5173452 0.0916224
v -0.3051313 -0.5052128 0.0635616
v -0.3051313 -0.5052128 0.093544
v -0.3051313 -0.5023454 0.0631074
v -0.3051313 -0.4930804 0.0916224
v -0.3051313 -0.4997588 0.0617895
v -0.3051313 -0.4821356 0.0860457
v -0.3051313 -0.497706 0.0597367
v -0.3051313 -0.4734497 0.0773599
v -0.3051313 -0.496388 0.05715
v -0.3051313 -0.4678731 0.066415
v -0.3404284 -0.497706 0.0488286
v -0.3511521 -0.497706 0.0488286
v -0.3511521 -0.496388 0.0514152
v -0.3404284 -0.496388 0.0514152
v -0.3404284 -0.4997588 0.0467758
v -0.3511521 -0.4997588 0.0467758
v -0.3404284 -0.5023454 0.0454578
v -0.3511521 -0.5023454 0.0454578
v -0.3404284 -0.5052128 0.0450036
v -0.3511521 -0.5052128 0.0450036
v -0.3404284 -0.5080802 0.0454578
v -0.3511521 -0.5080802 0.0454578
v -0.3404284 -0.5106668 0.0467758
v -0.3511521 -0.5106668 0.0467758
v -0.3404284 -0.5127197 0.0488286
v -0.3511521 -0.5127197 0.0488286
v -0.3404284 -0.5140377 0.0514152
v -0.3511521 -0.5140377 0.0514152
v -0.3404284 -0.5144918 0.0542826
v -0.3511521 -0.5144918 0.0542826
v -0.3404284 -0.5140377 0.05715
v -0.3511521 -0.5140377 0.05715
v -0.3404284 -0.5127197 0.0597367
v -0.3511521 -0.5127197 0.0597367
v -0.3404284 -0.5106668 0.0617895
v -0.3511521 -0.5106668 0.0617895
v -0.3404284 -0.5080802 0.0631074
v -0.3511521 -0.5080802 0.0631074
v -0.3404284 -0.5052128 0.0635616
v -0.3511521 -0.5052128 0.0635616
v -0.3404284 -0.5023454 0.0631074
v -0.3511521 -0.5023454 0.0631074
v -0.3404284 -0.4997588 0.0617895
v -0.3511521 -0.4997588 0.0617895
v -0.3404284 -0.497706 0.0597367
v -0.3511521 -0.497706 0.0597367
v -0.3404284 -0.496388 0.05715
v -0.3511521 -0.496388 0.05715
v -0.3404284 -0.4959338 0.0542826
v -0.3511521 -0.4959338 0.0542826
v -0.3511521 -0.4959338 0.0542826
v -0.3404284 -0.4959338 0.0542826
v -0.3051313 -0.496388 0.0514152
v -0.2944075 -0.496388 0.0514152
v -0.2944075 -0.497706 0.0488286
v -0.3051313 -0.497706 0.0488286
v -0.2944075 -0.4997588 0.0467758
v -0.3051313 -0.4997588 0.0467758
v -0.2944075 -0.5023454 0.0454578
v -0.3051313 -0.5023454 0.0454578
v -0.2944075 -0.5052128 0.0450036
v -0.3051313 -0.5052128 0.0450036
v -0.2944075 -0.5080802 0.0454578
v -0.3051313 -0.5080802 0.0454578
v -0.2944075 -0.5106668 0.0467758
v -0.3051313 -0.5106668 0.0467758
v -0.2944075 -0.5127197 0.0488286
v -0.3051313 -0.5127197 0.0488286
v -0.2944075 -0.5140377 0.0514152
v -0.3051313 -0.5140377 0.0514152
v -0.2944075 -0.5144918 0.0542826
v -0.3051313 -0.5144918 0.0542826
v -0.2944075 -0.5140377 0.05715
v -0.3051313 -0.5140377 0.05715
v -0.2944075 -0.5127197 0.0597367
v -0.3051313 -0.5127197 0.0597367
v -0.2944075 -0.5106668 0.0617895
v -0.3051313 -0.5106668 0.0617895
v -0.2944075 -0.5080802 0.0631074
v -0.3051313 -0.5080802 0.0631074
v -0.2944075 -0.5052128 0.0635616
v -0.3051313 -0.5052128 0.0635616
v -0.2944075 -0.5023454 0.0631074
v -0.3051313 -0.5023454 0.0631074
v -0.2944075 -0.4997588 0.0617895
v -0.3051313 -0.4997588 0.0617895
v -0.2944075 -0.497706 0.0597367
v -0.3051313 -0.497706 0.0597367
v -0.2944075 -0.496388 0.05715
v -0.3051313 -0.496388 0.05715
v -0.2944075 -0.4959338 0.0542826
v -0.3051313 -0.4959338 0.0542826
v -0.3051313 -0.4959338 0.0542826
v -0.2944075 -0.4959338 0.0542826
v -0.3534894 -0.5505555 0.1308345
v -0.3534894 -0.5505555 0.1364154
v -0.348936 -0.5412173 0.1364154
v -0.348936 -0.5412173 0.1308345
v -0.3418439 -0.5338064 0.1364154
v -0.3418439 -0.5338064 0.1308345
v -0.3329074 -0.5290484 0.1364154
v -0.3329074 -0.5290484 0.1308345
v -0.3230012 -0.5274089 0.1364154
v -0.3230012 -0.5274089 0.1308345
v -0.3230012 -0.5274089 0.1308345
v -0.3230012 -0.5274089 0.1364154
v -0.313095 -0.5290484 0.1364154
v -0.313095 -0.5290484 0.1308345
v -0.3041585 -0.5338064 0.1364154
v -0.3041585 -0.5338064 0.1308345
v -0.2970664 -0.5412173 0.1364154
v -0.2970664 -0.5412173 0.1308345
v -0.292513 -0.5505555 0.1364154
v -0.292513 -0.5505555 0.1308345
v -0.290944 -0.5609069 0.1364154
v -0.290944 -0.5609069 0.1308345
v -0.292513 -0.5712584 0.1364154
v -0.292513 -0.5712584 0.1308345
v -0.2970664 -0.5805966 0.1364154
v -0.2970664 -0.5805966 0.1308345
v -0.3041585 -0.5880074 0.1364154
v -0.3041585 -0.5880074 0.1308345
v -0.313095 -0.5927655 0.1364154
v -0.313095 -0.5927655 0.1308345
v -0.3230012 -0.594405 0.1364154
v -0.3230012 -0.594405 0.1308345
v -0.3329074 -0.5927655 0.1364154
v -0.3329074 -0.5927655 0.1308345
v -0.3418439 -0.5880074 0.1364154
v -0.3418439 -0.5880074 0.1308345
v -0.348936 -0.5805966 0.1364154
v -0.348936 -0.5805966 0.1308345
v -0.3534894 -0.5712584 0.1364154
v -0.3534894 -0.5712584 0.1308345
v -0.3550584 -0.5609069 0.1364154
v -0.3550584 -0.5609069 0.1308345
v 0.283915 -0.4833075 0.0928885
v 0.2920952 -0.4833075 0.0928885
v 0.2920952 -0.476762 0.0820028
v 0.283915 -0.476762 0.0820028
v 0.2920952 -0.4748508 0.0699359
v 0.283915 -0.4748508 0.0699359
v 0.2920952 -0.476762 0.057869
v 0.283915 -0.476762 0.057869
v 0.2920952 -0.4823085 0.0469833
v 0.283915 -0.4823085 0.0469833
v 0.283915 -0.4823085 0.0469833
v 0.2920952 -0.4823085 0.0469833
v 0.2920952 -0.4909474 0.0383444
v 0.283915 -0.4909474 0.0383444
v 0.2920952 -0.5018331 0.0327979
v 0.283915 -0.5018331 0.0327979
v 0.2920952 -0.5139 0.0308867
v 0.283915 -0.5139 0.0308867
v 0.2920952 -0.5259669 0.0327979
v 0.283915 -0.5259669 0.0327979
v 0.2920952 -0.5368526 0.0383444
v 0.283915 -0.5368526 0.0383444
v 0.2920952 -0.5454915 0.0469833
v 0.283915 -0.5454915 0.0469833
v 0.2920952 -0.5550809 0.057869
v 0.283915 -0.5550809 0.057869
v 0.2920952 -0.5655237 0.0699359
v 0.283915 -0.5655237 0.0699359
v 0.283915 -0.6071178 0.070226
v 0.2920952 -0.6071178 0.070226
v 0.2920952 -0.6071178 0.1116044
v 0.283915 -0.6071178 0.1308345
v 0.283915 -0.5655237 0.0699359
v 0.283915 -0.6071178 0.070226
v 0.283915 -0.6071178 0.1308345
v 0.283915 -0.507002 0.1116044
v 0.2920952 -0.507002 0.1116044
v 0.2920952 -0.6071178 0.1116044
v 0.2920952 -0.6071178 0.070226
v 0.2920952 -0.5655237 0.0699359
v 0.2920952 -0.5655237 0.0699359
v 0.2920952 -0.6071178 0.070226
v 0.283915 -0.6071178 0.070226
v 0.283915 -0.5655237 0.0699359
v 0.3215115 -0.507002 0.1308345
v 0.3215115 -0.507002 0.1116044
v 0.2920952 -0.507002 0.1116044
v 0.3215115 -0.507002 0.1116044
v 0.3215115 -0.6071178 0.1116044
v 0.2920952 -0.6071178 0.1116044
v 0.3215115 -0.6071178 0.1116044
v 0.3215115 -0.6071178 0.1308345
v 0.283915 -0.6071178 0.1308345
v 0.3215115 -0.6071178 0.1308345
v 0.3215115 -0.507002 0.1308345
v 0.283915 -0.507002 0.1308345
v 0.283915 -0.507002 0.1116044
v 0.2920952 -0.507002 0.1116044
v 0.3591079 -0.4833075 0.0928885
v 0.3591079 -0.476762 0.0820028
v 0.3509277 -0.476762 0.0820028
v 0.3509277 -0.4833075 0.0928885
v 0.3591079 -0.4748508 0.0699359
v 0.3509277 -0.4748508 0.0699359
v 0.3591079 -0.476762 0.057869
v 0.3509277 -0.476762 0.057869
v 0.3591079 -0.4823085 0.0469833
v 0.3509277 -0.4823085 0.0469833
v 0.3591079 -0.4823085 0.0469833
v 0.3591079 -0.4909474 0.0383444
v 0.3509277 -0.4909474 0.0383444
v 0.3509277 -0.4823085 0.0469833
v 0.3591079 -0.5018331 0.0327979
v 0.3509277 -0.5018331 0.0327979
v 0.3591079 -0.5139 0.0308867
v 0.3509277 -0.5139 0.0308867
v 0.3591079 -0.5259669 0.0327979
v 0.3509277 -0.5259669 0.0327979
v 0.3591079 -0.5368526 0.0383444
v 0.3509277 -0.5368526 0.0383444
v 0.3591079 -0.5454915 0.0469833
v 0.3509277 -0.5454915 0.0469833
v 0.3591079 -0.5550809 0.057869
v 0.3509277 -0.5550809 0.057869
v 0.3591079 -0.5655237 0.0699359
v 0.3509277 -0.5655237 0.0699359
v 0.3591079 -0.6071178 0.070226
v 0.359108 -0.6071178 0.1308345
v 0.3509277 -0.6071178 0.1116044
v 0.3509277 -0.6071178 0.070226
v 0.3591079 -0.5655237 0.0699359
v 0.359108 -0.507002 0.1116044
v 0.359108 -0.6071178 0.1308345
v 0.3591079 -0.6071178 0.070226
v 0.3509277 -0.507002 0.1116044
v 0.3509277 -0.6071178 0.070226
v 0.3509277 -0.6071178 0.1116044
v 0.3509277 -0.5655237 0.0699359
v 0.3591079 -0.5655237 0.0699359
v 0.3591079 -0.6071178 0.070226
v 0.3509277 -0.6071178 0.070226
v 0.3215115 -0.507002 0.1308345
v 0.3509277 -0.507002 0.1116044
v 0.3509277 -0.6071178 0.1116044
v 0.3215115 -0.6071178 0.1116044
v 0.3215115 -0.507002 0.1116044
v 0.3215115 -0.6071178 0.1308345
v 0.3215115 -0.6071178 0.1116044
v 0.359108 -0.6071178 0.1308345
v 0.359108 -0.507002 0.1308345
v 0.3215115 -0.507002 0.1308345
v 0.3215115 -0.6071178 0.1308345
v 0.359108 -0.507002 0.1116044
v 0.3509277 -0.507002 0.1116044
v 0.3212802 -0.453587 0.0375084
v 0.3212802 -0.4612973 0.0223761
v 0.3061262 -0.4629 0.0235406
v 0.3061262 -0.4554712 0.0381206
v 0.3212802 -0.4733063 0.010367
v 0.3061262 -0.4744708 0.0119698
v 0.3212802 -0.4884386 0.0026568
v 0.3061262 -0.4890508 0.0045409
v 0.3212802 -0.5052128 0
v 0.3061262 -0.5052128 0.0019811
v 0.3212802 -0.5219871 0.0026568
v 0.3061262 -0.5213749 0.0045409
v 0.3212802 -0.5371194 0.0103671
v 0.3061262 -0.5359549 0.0119698
v 0.3212802 -0.5491283 0.0223761
v 0.3061262 -0.5475256 0.0235406
v 0.3212802 -0.5568386 0.0375084
v 0.3061262 -0.5549545 0.0381206
v 0.3212802 -0.5594954 0.0542826
v 0.3061262 -0.5575143 0.0542826
v 0.3212802 -0.5568386 0.0710569
v 0.3061262 -0.5549545 0.0704447
v 0.3212802 -0.5491283 0.0861891
v 0.3061262 -0.5475256 0.0850246
v 0.3212802 -0.5371194 0.0981981
v 0.3061262 -0.5359549 0.0965954
v 0.3212802 -0.5219871 0.1059084
v 0.3061262 -0.5213749 0.1040243
v 0.3212802 -0.5052128 0.1085652
v 0.3061262 -0.5052128 0.1065841
v 0.3212802 -0.4884386 0.1059084
v 0.3061262 -0.4890508 0.1040243
v 0.3212802 -0.4733063 0.0981981
v 0.3061262 -0.4744708 0.0965954
v 0.3212802 -0.4612973 0.0861891
v 0.3061262 -0.4629 0.0850246
v 0.3212802 -0.4535871 0.0710569
v 0.3061262 -0.4554712 0.0704447
v 0.3212802 -0.4509303 0.0542826
v 0.3061262 -0.4529114 0.0542826
v 0.3212802 -0.4509303 0.0542826
v 0.3061262 -0.4529114 0.0542826
v 0.336434 -0.4554712 0.0381206
v 0.336434 -0.4629 0.0235406
v 0.336434 -0.4744708 0.0119698
v 0.336434 -0.4890508 0.0045409
v 0.336434 -0.5052128 0.0019811
v 0.336434 -0.5213749 0.0045409
v 0.336434 -0.5359549 0.0119698
v 0.336434 -0.5475256 0.0235406
v 0.336434 -0.5549545 0.0381206
v 0.336434 -0.5575143 0.0542826
v 0.336434 -0.5549545 0.0704447
v 0.336434 -0.5475256 0.0850246
v 0.336434 -0.5359549 0.0965954
v 0.336434 -0.5213749 0.1040243
v 0.336434 -0.5052128 0.1065841
v 0.336434 -0.4890508 0.1040243
v 0.336434 -0.4744708 0.0965954
v 0.336434 -0.4629 0.0850246
v 0.336434 -0.4554712 0.0704447
v 0.336434 -0.4529114 0.0542826
v 0.336434 -0.4529114 0.0542826
v 0.2974482 -0.4611922 0.0399794
v 0.2974482 -0.4589268 0.0542826
v 0.2974482 -0.4589268 0.0542826
v 0.2974482 -0.4611922 0.0685858
v 0.2974482 -0.4677667 0.0814888
v 0.2974482 -0.4780066 0.0917288
v 0.2974482 -0.4909097 0.0983032
v 0.2974482 -0.5052128 0.1005686
v 0.2974482 -0.519516 0.0983032
v 0.2974482 -0.5324191 0.0917288
v 0.2974482 -0.542659 0.0814888
v 0.2974482 -0.5492334 0.0685858
v 0.2974482 -0.5514988 0.0542826
v 0.2974482 -0.5492334 0.0399795
v 0.2974482 -0.542659 0.0270764
v 0.2974482 -0.5324191 0.0168364
v 0.2974482 -0.519516 0.010262
v 0.2974482 -0.5052128 0.0079966
v 0.2974482 -0.4909097 0.010262
v 0.2974482 -0.4780066 0.0168364
v 0.2974482 -0.4677666 0.0270764
v 0.3451121 -0.4611922 0.0399794
v 0.3451121 -0.4677666 0.0270764
v 0.3451121 -0.4780066 0.0168364
v 0.3451121 -0.4909097 0.010262
v 0.3451121 -0.5052128 0.0079966
v 0.3451121 -0.519516 0.010262
v 0.3451121 -0.5324191 0.0168364
v 0.3451121 -0.542659 0.0270764
v 0.3451121 -0.5492334 0.0399795
v 0.3451121 -0.5514988 0.0542826
v 0.3451121 -0.5492334 0.0685858
v 0.3451121 -0.542659 0.0814888
v 0.3451121 -0.5324191 0.0917288
v 0.3451121 -0.519516 0.0983032
v 0.3451121 -0.5052128 0.1005686
v 0.3451121 -0.4909097 0.0983032
v 0.3451121 -0.4780066 0.0917288
v 0.3451121 -0.4677667 0.0814888
v 0.3451121 -0.4611922 0.0685858
v 0.3451121 -0.4589268 0.0542826
v 0.3451121 -0.4589268 0.0542826
v 0.3451121 -0.4589268 0.0542826
v 0.3451121 -0.4611922 0.0685858
v 0.3451121 -0.4678731 0.066415
v 0.3451121 -0.4659514 0.0542826
v 0.3451121 -0.4677667 0.0814888
v 0.3451121 -0.4734497 0.0773599
v 0.3451121 -0.4780066 0.0917288
v 0.3451121 -0.4821356 0.0860457
v 0.3451121 -0.4909097 0.0983032
v 0.3451121 -0.4930804 0.0916224
v 0.3451121 -0.5052128 0.1005686
v 0.3451121 -0.5052128 0.093544
v 0.3451121 -0.519516 0.0983032
v 0.3451121 -0.5173452 0.0916224
v 0.3451121 -0.5324191 0.0917288
v 0.3451121 -0.5282901 0.0860457
v 0.3451121 -0.542659 0.0814888
v 0.3451121 -0.536976 0.0773599
v 0.3451121 -0.5492334 0.0685858
v 0.3451121 -0.5425526 0.066415
v 0.3451121 -0.5514988 0.0542826
v 0.3451121 -0.5444742 0.0542826
v 0.3451121 -0.5492334 0.0399795
v 0.3451121 -0.5425526 0.0421502
v 0.3451121 -0.542659 0.0270764
v 0.3451121 -0.536976 0.0312054
v 0.3451121 -0.5324191 0.0168364
v 0.3451121 -0.5282901 0.0225195
v 0.3451121 -0.519516 0.010262
v 0.3451121 -0.5173452 0.0169428
v 0.3451121 -0.5052128 0.0079966
v 0.3451121 -0.5052128 0.0150212
v 0.3451121 -0.4909097 0.010262
v 0.3451121 -0.4930804 0.0169428
v 0.3451121 -0.4780066 0.0168364
v 0.3451121 -0.4821356 0.0225195
v 0.3451121 -0.4677666 0.0270764
v 0.3451121 -0.4734497 0.0312053
v 0.3451121 -0.4611922 0.0399794
v 0.3451121 -0.467873 0.0421502
v 0.3451121 -0.4589268 0.0542826
v 0.3451121 -0.4659514 0.0542826
v 0.2974482 -0.4589268 0.0542826
v 0.2974482 -0.4611922 0.0399794
v 0.2974482 -0.467873 0.0421502
v 0.2974482 -0.4659514 0.0542826
v 0.2974482 -0.4677666 0.0270764
v 0.2974482 -0.4734497 0.0312053
v 0.2974482 -0.4780066 0.0168364
v 0.2974482 -0.4821356 0.0225195
v 0.2974482 -0.4909097 0.010262
v 0.2974482 -0.4930804 0.0169428
v 0.2974482 -0.5052128 0.0079966
v 0.2974482 -0.5052128 0.0150212
v 0.2974482 -0.519516 0.010262
v 0.2974482 -0.5173452 0.0169428
v 0.2974482 -0.5324191 0.0168364
v 0.2974482 -0.5282901 0.0225195
v 0.2974482 -0.542659 0.0270764
v 0.2974482 -0.536976 0.0312054
v 0.2974482 -0.5492334 0.0399795
v 0.2974482 -0.5425526 0.0421502
v 0.2974482 -0.5514988 0.0542826
v 0.2974482 -0.5444742 0.0542826
v 0.2974482 -0.5492334 0.0685858
v 0.2974482 -0.5425526 0.066415
v 0.2974482 -0.542659 0.0814888
v 0.2974482 -0.536976 0.0773599
v 0.2974482 -0.5324191 0.0917288
v 0.2974482 -0.5282901 0.0860457
v 0.2974482 -0.519516 0.0983032
v 0.2974482 -0.5173452 0.0916224
v 0.2974482 -0.5052128 0.1005686
v 0.2974482 -0.5052128 0.093544
v 0.2974482 -0.4909097 0.0983032
v 0.2974482 -0.4930804 0.0916224
v 0.2974482 -0.4780066 0.0917288
v 0.2974482 -0.4821356 0.0860457
v 0.2974482 -0.4677667 0.0814888
v 0.2974482 -0.4734497 0.0773599
v 0.2974482 -0.4611922 0.0685858
v 0.2974482 -0.4678731 0.066415
v 0.2974482 -0.4589268 0.0542826
v 0.2974482 -0.4659514 0.0542826
v 0.3451121 -0.4734497 0.0312053
v 0.3451121 -0.467873 0.0421502
v 0.339722 -0.467873 0.0421502
v 0.339722 -0.4734497 0.0312053
v 0.3451121 -0.4821356 0.0225195
v 0.339722 -0.4821356 0.0225195
v 0.3451121 -0.4930804 0.0169428
v 0.339722 -0.4930804 0.0169428
v 0.3451121 -0.5052128 0.0150212
v 0.339722 -0.5052128 0.0150212
v 0.3451121 -0.5173452 0.0169428
v 0.339722 -0.5173452 0.0169428
v 0.3451121 -0.5282901 0.0225195
v 0.339722 -0.5282901 0.0225195
v 0.3451121 -0.536976 0.0312054
v 0.339722 -0.536976 0.0312054
v 0.3451121 -0.5425526 0.0421502
v 0.339722 -0.5425526 0.0421502
v 0.3451121 -0.5444742 0.0542826
v 0.339722 -0.5444742 0.0542826
v 0.3451121 -0.5425526 0.066415
v 0.339722 -0.5425526 0.066415
v 0.3451121 -0.536976 0.0773599
v 0.339722 -0.536976 0.0773599
v 0.3451121 -0.5282901 0.0860457
v 0.339722 -0.5282901 0.0860457
v 0.3451121 -0.5173452 0.0916224
v 0.339722 -0.5173452 0.0916224
v 0.3451121 -0.5052128 0.093544
v 0.339722 -0.5052128 0.093544
v 0.3451121 -0.4930804 0.0916224
v 0.339722 -0.4930804 0.0916224
v 0.3451121 -0.4821356 0.0860457
v 0.339722 -0.4821356 0.0860457
v 0.3451121 -0.4734497 0.0773599
v 0.339722 -0.4734497 0.0773599
v 0.3451121 -0.4678731 0.066415
v 0.339722 -0.4678731 0.066415
v 0.3451121 -0.4659514 0.0542826
v 0.339722 -0.4659514 0.0542826
v 0.3451121 -0.4659514 0.0542826
v 0.339722 -0.4659514 0.0542826
v 0.2974482 -0.467873 0.0421502
v 0.2974482 -0.4734497 0.0312053
v 0.3028383 -0.4734497 0.0312053
v 0.3028383 -0.467873 0.0421502
v 0.2974482 -0.4821356 0.0225195
v 0.3028383 -0.4821356 0.0225195
v 0.2974482 -0.4930804 0.0169428
v 0.3028383 -0.4930804 0.0169428
v 0.2974482 -0.5052128 0.0150212
v 0.3028383 -0.5052128 0.0150212
v 0.2974482 -0.5173452 0.0169428
v 0.3028383 -0.5173452 0.0169428
v 0.2974482 -0.5282901 0.0225195
v 0.3028383 -0.5282901 0.0225195
v 0.2974482 -0.536976 0.0312054
v 0.3028383 -0.536976 0.0312054
v 0.2974482 -0.5425526 0.0421502
v 0.3028383 -0.5425526 0.0421502
v 0.2974482 -0.5444742 0.0542826
v 0.3028383 -0.5444742 0.0542826
v 0.2974482 -0.5425526 0.066415
v 0.3028383 -0.5425526 0.066415
v 0.2974482 -0.536976 0.0773599
v 0.3028383 -0.536976 0.0773599
v 0.2974482 -0.5282901 0.0860457
v 0.3028383 -0.5282901 0.0860457
v 0.2974482 -0.5173452 0.0916224
v 0.3028383 -0.5173452 0.0916224
v 0.2974482 -0.5052128 0.093544
v 0.3028383 -0.5052128 0.093544
v 0.2974482 -0.4930804 0.0916224
v 0.3028383 -0.4930804 0.0916224
v 0.2974482 -0.4821356 0.0860457
v 0.3028383 -0.4821356 0.0860457
v 0.2974482 -0.4734497 0.0773599
v 0.3028383 -0.4734497 0.0773599
v 0.2974482 -0.4678731 0.066415
v 0.3028383 -0.4678731 0.066415
v 0.2974482 -0.4659514 0.0542826
v 0.3028383 -0.4659514 0.0542826
v 0.2974482 -0.4659514 0.0542826
v 0.3028383 -0.4659514 0.0542826
v 0.339722 -0.4659514 0.0542826
v 0.339722 -0.4678731 0.066415
v 0.339722 -0.496388 0.05715
v 0.339722 -0.4959338 0.0542826
v 0.339722 -0.4734497 0.0773599
v 0.339722 -0.497706 0.0597367
v 0.339722 -0.4821356 0.0860457
v 0.339722 -0.4997588 0.0617895
v 0.339722 -0.4930804 0.0916224
v 0.339722 -0.5023454 0.0631074
v 0.339722 -0.5052128 0.093544
v 0.339722 -0.5052128 0.0635616
v 0.339722 -0.5173452 0.0916224
v 0.339722 -0.5080802 0.0631074
v 0.339722 -0.5282901 0.0860457
v 0.339722 -0.5106668 0.0617895
v 0.339722 -0.536976 0.0773599
v 0.339722 -0.5127197 0.0597367
v 0.339722 -0.5425526 0.066415
v 0.339722 -0.5140377 0.05715
v 0.339722 -0.5444742 0.0542826
v 0.339722 -0.5144918 0.0542826
v 0.339722 -0.5425526 0.0421502
v 0.339722 -0.5140377 0.0514152
v 0.339722 -0.536976 0.0312054
v 0.339722 -0.5127197 0.0488286
v 0.339722 -0.5282901 0.0225195
v 0.339722 -0.5106668 0.0467758
v 0.339722 -0.5173452 0.0169428
v 0.339722 -0.5080802 0.0454578
v 0.339722 -0.5052128 0.0150212
v 0.339722 -0.5052128 0.0450036
v 0.339722 -0.4930804 0.0169428
v 0.339722 -0.5023454 0.0454578
v 0.339722 -0.4821356 0.0225195
v 0.339722 -0.4997588 0.0467758
v 0.339722 -0.4734497 0.0312053
v 0.339722 -0.497706 0.0488286
v 0.339722 -0.467873 0.0421502
v 0.339722 -0.496388 0.0514152
v 0.3028383 -0.4659514 0.0542826
v 0.3028383 -0.467873 0.0421502
v 0.3028383 -0.496388 0.0514152
v 0.3028383 -0.4959338 0.0542826
v 0.3028383 -0.4734497 0.0312053
v 0.3028383 -0.497706 0.0488286
v 0.3028383 -0.4821356 0.0225195
v 0.3028383 -0.4997588 0.0467758
v 0.3028383 -0.4930804 0.0169428
v 0.3028383 -0.5023454 0.0454578
v 0.3028383 -0.5052128 0.0150212
v 0.3028383 -0.5052128 0.0450036
v 0.3028383 -0.5173452 0.0169428
v 0.3028383 -0.5080802 0.0454578
v 0.3028383 -0.5282901 0.0225195
v 0.3028383 -0.5106668 0.0467758
v 0.3028383 -0.536976 0.0312054
v 0.3028383 -0.5127197 0.0488286
v 0.3028383 -0.5425526 0.0421502
v 0.3028383 -0.5140377 0.0514152
v 0.3028383 -0.5444742 0.0542826
v 0.3028383 -0.5144918 0.0542826
v 0.3028383 -0.5425526 0.066415
v 0.3028383 -0.5140377 0.05715
v 0.3028383 -0.536976 0.0773599
v 0.3028383 -0.5127197 0.0597367
v 0.3028383 -0.5282901 0.0860457
v 0.3028383 -0.5106668 0.0617895
v 0.3028383 -0.5173452 0.0916224
v 0.3028383 -0.5080802 0.0631074
v 0.3028383 -0.5052128 0.093544
v 0.3028383 -0.5052128 0.0635616
v 0.3028383 -0.4930804 0.0916224
v 0.3028383 -0.5023454 0.0631074
v 0.3028383 -0.4821356 0.0860457
v 0.3028383 -0.4997588 0.0617895
v 0.3028383 -0.4734497 0.0773599
v 0.3028383 -0.497706 0.0597367
v 0.3028383 -0.4678731 0.066415
v 0.3028383 -0.496388 0.05715
v 0.339722 -0.497706 0.0488286
v 0.339722 -0.496388 0.0514152
v 0.3509277 -0.496388 0.0514152
v 0.3509277 -0.497706 0.0488286
v 0.339722 -0.4997588 0.0467758
v 0.3509277 -0.4997588 0.0467758
v 0.339722 -0.5023454 0.0454578
v 0.3509277 -0.5023454 0.0454578
v 0.339722 -0.5052128 0.0450036
v 0.3509277 -0.5052128 0.0450036
v 0.339722 -0.5080802 0.0454578
v 0.3509277 -0.5080802 0.0454578
v 0.339722 -0.5106668 0.0467758
v 0.3509277 -0.5106668 0.0467758
v 0.339722 -0.5127197 0.0488286
v 0.3509277 -0.5127197 0.0488286
v 0.339722 -0.5140377 0.0514152
v 0.3509277 -0.5140377 0.0514152
v 0.339722 -0.5144918 0.0542826
v 0.3509277 -0.5144918 0.0542826
v 0.339722 -0.5140377 0.05715
v 0.3509277 -0.5140377 0.05715
v 0.339722 -0.5127197 0.0597367
v 0.3509277 -0.5127197 0.0597367
v 0.339722 -0.5106668 0.0617895
v 0.3509277 -0.5106668 0.0617895
v 0.339722 -0.5080802 0.0631074
v 0.3509277 -0.5080802 0.0631074
v 0.339722 -0.5052128 0.0635616
v 0.3509277 -0.5052128 0.0635616
v 0.339722 -0.5023454 0.0631074
v 0.3509277 -0.5023454 0.0631074
v 0.339722 -0.4997588 0.0617895
v 0.3509277 -0.4997588 0.0617895
v 0.339722 -0.497706 0.0597367
v 0.3509277 -0.497706 0.0597367
v 0.339722 -0.496388 0.05715
v 0.3509277 -0.496388 0.05715
v 0.339722 -0.4959338 0.0542826
v 0.3509277 -0.4959338 0.0542826
v 0.339722 -0.4959338 0.0542826
v 0.3509277 -0.4959338 0.0542826
v 0.3028383 -0.496388 0.0514152
v 0.3028383 -0.497706 0.0488286
v 0.2916326 -0.497706 0.0488286
v 0.2916326 -0.496388 0.0514152
v 0.3028383 -0.4997588 0.0467758
v 0.2916326 -0.4997588 0.0467758
v 0.3028383 -0.5023454 0.0454578
v 0.2916326 -0.5023454 0.0454578
v 0.3028383 -0.5052128 0.0450036
v 0.2916326 -0.5052128 0.0450036
v 0.3028383 -0.5080802 0.0454578
v 0.2916326 -0.5080802 0.0454578
v 0.3028383 -0.5106668 0.0467758
v 0.2916326 -0.5106668 0.0467758
v 0.3028383 -0.5127197 0.0488286
v 0.2916326 -0.5127197 0.0488286
v 0.3028383 -0.5140377 0.0514152
v 0.2916326 -0.5140377 0.0514152
v 0.3028383 -0.5144918 0.0542826
v 0.2916326 -0.5144918 0.0542826
v 0.3028383 -0.5140377 0.05715
v 0.2916326 -0.5140377 0.05715
v 0.3028383 -0.5127197 0.0597367
v 0.2916326 -0.5127197 0.0597367
v 0.3028383 -0.5106668 0.0617895
v 0.2916326 -0.5106668 0.0617895
v 0.3028383 -0.5080802 0.0631074
v 0.2916326 -0.5080802 0.0631074
v 0.3028383 -0.5052128 0.0635616
v 0.2916326 -0.5052128 0.0635616
v 0.3028383 -0.5023454 0.0631074
v 0.2916326 -0.5023454 0.0631074
v 0.3028383 -0.4997588 0.0617895
v 0.2916326 -0.4997588 0.0617895
v 0.3028383 -0.497706 0.0597367
v 0.2916326 -0.497706 0.0597367
v 0.3028383 -0.496388 0.05715
v 0.2916326 -0.496388 0.05715
v 0.3028383 -0.4959338 0.0542826
v 0.2916326 -0.4959338 0.0542826
v 0.3028383 -0.4959338 0.0542826
v 0.2916326 -0.4959338 0.0542826
v 0.3533701 -0.5505555 0.1308345
v 0.348612 -0.5412173 0.1308345
v 0.348612 -0.5412173 0.1364154
v 0.3533701 -0.5505555 0.1364154
v 0.3412012 -0.5338064 0.1308345
v 0.3412012 -0.5338064 0.1364154
v 0.331863 -0.5290484 0.1308345
v 0.331863 -0.5290484 0.1364154
v 0.3215115 -0.5274089 0.1308345
v 0.3215115 -0.5274089 0.1364154
v 0.3215115 -0.5274089 0.1308345
v 0.31116 -0.5290484 0.1308345
v 0.31116 -0.5290484 0.1364154
v 0.3215115 -0.5274089 0.1364154
v 0.3018218 -0.5338064 0.1308345
v 0.3018218 -0.5338064 0.1364154
v 0.294411 -0.5412173 0.1308345
v 0.294411 -0.5412173 0.1364154
v 0.2896529 -0.5505555 0.1308345
v 0.2896529 -0.5505555 0.1364154
v 0.2880134 -0.5609069 0.1308345
v 0.2880134 -0.5609069 0.1364154
v 0.2896529 -0.5712584 0.1308345
v 0.2896529 -0.5712584 0.1364154
v 0.294411 -0.5805966 0.1308345
v 0.294411 -0.5805966 0.1364154
v 0.3018218 -0.5880074 0.1308345
v 0.3018218 -0.5880074 0.1364154
v 0.31116 -0.5927655 0.1308345
v 0.31116 -0.5927655 0.1364154
v 0.3215115 -0.594405 0.1308345
v 0.3215115 -0.594405 0.1364154
v 0.3318629 -0.5927655 0.1308345
v 0.3318629 -0.5927655 0.1364154
v 0.3412011 -0.5880074 0.1308345
v 0.3412011 -0.5880074 0.1364154
v 0.348612 -0.5805966 0.1308345
v 0.348612 -0.5805966 0.1364154
v 0.35337 -0.5712584 0.1308345
v 0.35337 -0.5712584 0.1364154
v 0.3550095 -0.5609069 0.1308345
v 0.3550095 -0.5609069 0.1364154
v -0.3561452 -0.65 0.1672984
v -0.3561452 -0.65 0.1351239
v 0.3561452 -0.65 0.1351239
v 0.3561452 -0.65 0.1672984
v -0.3561452 0.5665638 0.1351239
v -0.3561452 0.5665638 0.1672984
v 0.3561452 0.5665638 0.1672984
v 0.3561452 0.5665638 0.1351239
v 0.3957125 -0.6090999 0.1672984
v 0.3957125 -0.6090999 0.1351239
v 0.3957125 0.5256638 0.1351239
v 0.3957125 0.5256638 0.1672984
v -0.3957125 0.5256638 0.1672984
v -0.3957125 0.5256638 0.1351239
v -0.3957125 -0.6090999 0.1351239
v -0.3957125 -0.6090999 0.1672984
v -0.3904115 -0.62955 0.1351239
v -0.3904115 -0.62955 0.1672984
v -0.3759288 -0.6445204 0.1351239
v -0.3759288 -0.6445204 0.1672984
v -0.3759288 -0.6445204 0.1351239
v -0.3759288 -0.6445204 0.1672984
v 0.3759289 -0.6445204 0.1351239
v 0.3759289 -0.6445204 0.1672984
v 0.3759289 -0.6445204 0.1351239
v 0.3904115 -0.62955 0.1351239
v 0.3904115 -0.62955 0.1672984
v 0.3759289 -0.6445204 0.1672984
v -0.3904115 0.5461138 0.1672984
v -0.3904115 0.5461138 0.1351239
v -0.3759288 0.5610843 0.1672984
v -0.3759288 0.5610843 0.1351239
v -0.3759288 0.5610843 0.1672984
v -0.3759288 0.5610843 0.1351239
v 0.3759289 0.5610843 0.1672984
v 0.3759289 0.5610843 0.1351239
v 0.3759289 0.5610843 0.1672984
v 0.3904115 0.5461138 0.1672984
v 0.3904115 0.5461138 0.1351239
v 0.3759289 0.5610843 0.1351239
v 0.3759289 -0.6445204 0.1672984
v -0.3759288 -0.6445204 0.1672984
v -0.3561452 -0.65 0.1672984
v 0.3561452 -0.65 0.1672984
v 0.3957125 0.5256638 0.1351239
v -0.3957125 0.5256638 0.1351239
v -0.3904115 0.5461138 0.1351239
v 0.3904115 0.5461138 0.1351239
v 0.3904115 -0.62955 0.1672984
v -0.3904115 -0.62955 0.1672984
v 0.3957125 0.5256638 0.1672984
v -0.3957125 0.5256638 0.1672984
v -0.3957125 -0.6090999 0.1672984
v 0.3957125 -0.6090999 0.1672984
v 0.3904115 0.5461138 0.1672984
v -0.3904115 0.5461138 0.1672984
v -0.3759288 0.5610843 0.1672984
v 0.3759289 0.5610843 0.1672984
v 0.3561452 0.5665638 0.1672984
v -0.3561452 0.5665638 0.1672984
v 0.3759289 0.5610843 0.1351239
v -0.3759288 0.5610843 0.1351239
v -0.3561452 0.5665638 0.1351239
v 0.3561452 0.5665638 0.1351239
v 0.3957125 -0.6090999 0.1351239
v -0.3957125 -0.6090999 0.1351239
v 0.3904115 -0.62955 0.1351239
v -0.3904115 -0.62955 0.1351239
v 0.3759289 -0.6445204 0.1351239
v -0.3759288 -0.6445204 0.1351239
v 0.3561452 -0.65 0.1351239
v -0.3561452 -0.65 0.1351239
vt 0.9353442 0.3717908
vt 0.9471194 0.3647105
vt 0.9673644 0.3390802
vt 0.9222915 0.3738581
vt 0.9092386 0.3717908
vt 0.8974636 0.3657911
vt 0.8881189 0.3564464
vt 0.8821191 0.3446712
vt 0.8800518 0.3316185
vt 0.8821191 0.3185658
vt 0.8881189 0.3067908
vt 0.8974636 0.2974461
vt 0.9092386 0.2870733
vt 0.9222915 0.2757772
vt 0.9710009 0.0884805
vt 0.9592258 0.0814003
vt 0.9912459 0.1141109
vt 0.9461729 0.079333
vt 0.9331203 0.0814003
vt 0.9213452 0.0874
vt 0.9120005 0.0967447
vt 0.9060008 0.1085197
vt 0.9039335 0.1215726
vt 0.9060008 0.1346253
vt 0.9120005 0.1464005
vt 0.9213452 0.1557451
vt 0.9331203 0.1661178
vt 0.9461729 0.1774139
vt 0.8250062 0.1597691
vt 0.8250062 0.1892254
vt 0.8946218 0.160094
vt 0.9881655 0.2307849
vt 0.9673644 0.3390802
vt 0.9881655 0.3390802
vt 0.9353442 0.3717908
vt 0.9673644 0.3390802
vt 0.9471193 0.3647105
vt 0.9222915 0.3738582
vt 0.9092388 0.3717908
vt 0.8974636 0.3657911
vt 0.8881189 0.3564463
vt 0.8821192 0.3446712
vt 0.8800519 0.3316185
vt 0.8821192 0.3185658
vt 0.8881189 0.3067908
vt 0.8974636 0.2974461
vt 0.9092388 0.2870733
vt 0.9222915 0.2757772
vt 0.9710009 0.0884806
vt 0.9912459 0.114111
vt 0.9592258 0.0814003
vt 0.946173 0.079333
vt 0.9331203 0.0814003
vt 0.9213453 0.0874
vt 0.9120005 0.0967447
vt 0.9060008 0.1085199
vt 0.9039335 0.1215726
vt 0.9060008 0.1346254
vt 0.9120005 0.1464004
vt 0.9213453 0.1557451
vt 0.9331203 0.1661179
vt 0.946173 0.1774139
vt 0.8427045 0.1744894
vt 0.895627 0.1747363
vt 0.8427045 0.1968824
vt 0.9881654 0.230785
vt 0.9881654 0.3390802
vt 0.9673644 0.3390802
vt 0.9353442 0.3717908
vt 0.9673644 0.3390802
vt 0.9471194 0.3647105
vt 0.9222915 0.3738581
vt 0.9092386 0.3717908
vt 0.8974636 0.3657911
vt 0.8881189 0.3564464
vt 0.8821191 0.3446712
vt 0.8800518 0.3316185
vt 0.8821191 0.3185658
vt 0.8881189 0.3067908
vt 0.8974636 0.2974461
vt 0.9092386 0.2870733
vt 0.9222915 0.2757772
vt 0.9710009 0.0884805
vt 0.9912459 0.1141109
vt 0.9592258 0.0814003
vt 0.9461729 0.079333
vt 0.9331203 0.0814003
vt 0.9213452 0.0874
vt 0.9120005 0.0967447
vt 0.9060008 0.1085197
vt 0.9039335 0.1215726
vt 0.9060008 0.1346253
vt 0.9120005 0.1464005
vt 0.9213452 0.1557451
vt 0.9331203 0.1661178
vt 0.9461729 0.1774139
vt 0.8427045 0.1744894
vt 0.895627 0.1747364
vt 0.8427045 0.1968824
vt 0.9881655 0.2307849
vt 0.9881655 0.3390802
vt 0.9673644 0.3390802
vt 0.9353442 0.3717908
vt 0.9471193 0.3647105
vt 0.9673644 0.3390802
vt 0.9222915 0.3738582
vt 0.9092388 0.3717908
vt 0.8974636 0.3657911
vt 0.8881189 0.3564463
vt 0.8821192 0.3446712
vt 0.8800519 0.3316185
vt 0.8821192 0.3185658
vt 0.8881189 0.3067908
vt 0.8974636 0.2974461
vt 0.9092388 0.2870733
vt 0.9222915 0.2757772
vt 0.9710009 0.0884806
vt 0.9592258 0.0814003
vt 0.9912459 0.114111
vt 0.946173 0.079333
vt 0.9331203 0.0814003
vt 0.9213453 0.0874
vt 0.9120005 0.0967447
vt 0.9060008 0.1085199
vt 0.9039335 0.1215726
vt 0.9060008 0.1346254
vt 0.9120005 0.1464004
vt 0.9213453 0.1557451
vt 0.9331203 0.1661179
vt 0.946173 0.1774139
vt 0.8427045 0.1744894
vt 0.8427045 0.1968824
vt 0.895627 0.1747363
vt 0.9881654 0.230785
vt 0.9673644 0.3390802
vt 0.9881654 0.3390802
vt 0.9353442 0.3717908
vt 0.9471194 0.3647105
vt 0.9673644 0.3390802
vt 0.9222915 0.3738581
vt 0.9092386 0.3717908
vt 0.8974636 0.3657911
vt 0.8881189 0.3564464
vt 0.8821191 0.3446712
vt 0.8800518 0.3316185
vt 0.8821191 0.3185658
vt 0.8881189 0.3067908
vt 0.8974636 0.2974461
vt 0.9092386 0.2870733
vt 0.9222915 0.2757772
vt 0.9710009 0.0884805
vt 0.9592258 0.0814003
vt 0.9912459 0.1141109
vt 0.9461729 0.079333
vt 0.9331203 0.0814003
vt 0.9213452 0.0874
vt 0.9120005 0.0967447
vt 0.9060008 0.1085197
vt 0.9039335 0.1215726
vt 0.9060008 0.1346253
vt 0.9120005 0.1464005
vt 0.9213452 0.1557451
vt 0.9331203 0.1661178
vt 0.9461729 0.1774139
vt 0.8427045 0.1744894
vt 0.8427045 0.1968824
vt 0.895627 0.1747364
vt 0.9881655 0.2307849
vt 0.9673644 0.3390802
vt 0.9881655 0.3390802
vt 0.9353442 0.3717908
vt 0.9673644 0.3390802
vt 0.9471193 0.3647105
vt 0.9222915 0.3738582
vt 0.9092388 0.3717908
vt 0.8974636 0.3657911
vt 0.8881189 0.3564463
vt 0.8821192 0.3446712
vt 0.8800519 0.3316185
vt 0.8821192 0.3185658
vt 0.8881189 0.3067908
vt 0.8974636 0.2974461
vt 0.9092388 0.2870733
vt 0.9222915 0.2757772
vt 0.9710009 0.0884806
vt 0.9912459 0.114111
vt 0.9592258 0.0814003
vt 0.946173 0.079333
vt 0.9331203 0.0814003
vt 0.9213453 0.0874
vt 0.9120005 0.0967447
vt 0.9060008 0.1085199
vt 0.9039335 0.1215726
vt 0.9060008 0.1346254
vt 0.9120005 0.1464004
vt 0.9213453 0.1557451
vt 0.9331203 0.1661179
vt 0.946173 0.1774139
vt 0.8427045 0.1744894
vt 0.895627 0.1747363
vt 0.8427045 0.1968824
vt 0.9881654 0.230785
vt 0.9881654 0.3390802
vt 0.9673644 0.3390802
vt 0.9353442 0.3717908
vt 0.9673644 0.3390802
vt 0.9471194 0.3647105
vt 0.9222915 0.3738581
vt 0.9092386 0.3717908
vt 0.8974636 0.3657911
vt 0.8881189 0.3564464
vt 0.8821191 0.3446712
vt 0.8800518 0.3316185
vt 0.8821191 0.3185658
vt 0.8881189 0.3067908
vt 0.8974636 0.2974461
vt 0.9092386 0.2870733
vt 0.9222915 0.2757772
vt 0.9710009 0.0884805
vt 0.9912459 0.1141109
vt 0.9592258 0.0814003
vt 0.9461729 0.079333
vt 0.9331203 0.0814003
vt 0.9213452 0.0874
vt 0.9120005 0.0967447
vt 0.9060008 0.1085197
vt 0.9039335 0.1215726
vt 0.9060008 0.1346253
vt 0.9120005 0.1464005
vt 0.9213452 0.1557451
vt 0.9331203 0.1661178
vt 0.9461729 0.1774139
vt 0.8427045 0.1744894
vt 0.895627 0.1747364
vt 0.8427045 0.1968824
vt 0.9881655 0.2307849
vt 0.9881655 0.3390802
vt 0.9673644 0.3390802
vt 0.9353442 0.3717908
vt 0.9471193 0.3647105
vt 0.9673644 0.3390802
vt 0.9222915 0.3738582
vt 0.9092388 0.3717908
vt 0.8974636 0.3657911
vt 0.8881189 0.3564463
vt 0.8821192 0.3446712
vt 0.8800519 0.3316185
vt 0.8821192 0.3185658
vt 0.8881189 0.3067908
vt 0.8974636 0.2974461
vt 0.9092388 0.2870733
vt 0.9222915 0.2757772
vt 0.9710009 0.0884806
vt 0.9592258 0.0814003
vt 0.9912459 0.114111
vt 0.946173 0.079333
vt 0.9331203 0.0814003
vt 0.9213453 0.0874
vt 0.9120005 0.0967447
vt 0.9060008 0.1085199
vt 0.9039335 0.1215726
vt 0.9060008 0.1346254
vt 0.9120005 0.1464004
vt 0.9213453 0.1557451
vt 0.9331203 0.1661179
vt 0.946173 0.1774139
vt 0.8427045 0.1744894
vt 0.8427045 0.1968824
vt 0.895627 0.1747363
vt 0.9881654 0.230785
vt 0.9673644 0.3390802
vt 0.9881654 0.3390802
vt 0.7675285 0.1021281
vt 0.7651804 0.1323773
vt 0.7858068 0.1323773
vt 0.7834584 0.1021281
vt 0.7644044 0.1659087
vt 0.7865829 0.1659088
vt 0.7648255 0.1994401
vt 0.7861617 0.1994401
vt 0.7652658 0.2296891
vt 0.7857214 0.2296891
vt 0.8125681 0.2452992
vt 0.813348 0.2245148
vt 0.797521 0.2245148
vt 0.7983009 0.2452992
vt 0.8145907 0.198325
vt 0.7962782 0.1983249
vt 0.8150563 0.1692933
vt 0.7958126 0.1692932
vt 0.8145837 0.1402615
vt 0.7962852 0.1402614
vt 0.8133165 0.1140716
vt 0.7975523 0.1140717
vt 0.8122314 0.0932872
vt 0.7986374 0.0932872
vt 0.8119251 0.0702163
vt 0.7989439 0.0702163
vt 0.8118795 0.0450919
vt 0.7989893 0.0450919
vt 0.992574 0.0438353
vt 0.8267502 0.0438358
vt 0.8793632 0.0662205
vt 0.992574 0.0662195
vt 0.9222915 0.2757772
vt 0.9673644 0.3390802
vt 0.9881655 0.2307849
vt 0.9226054 0.2307849
vt 0.9912459 0.1141109
vt 0.9461729 0.1774139
vt 0.9464869 0.2224062
vt 0.9912459 0.2224062
vt 0.717043 0.3097957
vt 0.717043 0.3403468
vt 0.8723911 0.3403468
vt 0.8723911 0.3097957
vt 0.8250062 0.2945459
vt 0.8946218 0.294368
vt 0.9216897 0.4812621
vt 0.9216897 0.3928956
vt 0.8957258 0.3928956
vt 0.8957256 0.4812621
vt 0.8793632 0.0662205
vt 0.8267502 0.0438358
vt 0.8267502 0.1467003
vt 0.8793632 0.1467002
vt 0.8900041 0.498481
vt 0.8900041 0.3641613
vt 0.8395631 0.3641613
vt 0.8395631 0.498481
vt 0.7684169 0.0501204
vt 0.7825689 0.0501204
vt 0.7675285 0.1021281
vt 0.7834584 0.1021282
vt 0.7858068 0.1323773
vt 0.7651804 0.1323773
vt 0.7865829 0.1659087
vt 0.7644044 0.1659087
vt 0.7861617 0.1994401
vt 0.7648255 0.1994401
vt 0.7857214 0.2296891
vt 0.7652658 0.2296891
vt 0.8125681 0.2452992
vt 0.7983009 0.2452992
vt 0.7975211 0.2245147
vt 0.8133479 0.2245147
vt 0.7962782 0.1983249
vt 0.8145907 0.1983249
vt 0.7958127 0.1692932
vt 0.8150563 0.1692932
vt 0.7962853 0.1402615
vt 0.8145837 0.1402614
vt 0.7975523 0.1140715
vt 0.8133165 0.1140715
vt 0.7986374 0.0932871
vt 0.8122315 0.0932871
vt 0.7989438 0.0702161
vt 0.8119252 0.0702161
vt 0.7989894 0.0450919
vt 0.8118795 0.0450919
vt 0.9925741 0.0438353
vt 0.9925741 0.0662195
vt 0.8793633 0.0662206
vt 0.8267503 0.0438359
vt 0.9222915 0.2757772
vt 0.9226053 0.230785
vt 0.9881654 0.230785
vt 0.9673644 0.3390802
vt 0.9912459 0.114111
vt 0.9912459 0.2224062
vt 0.9464869 0.2224062
vt 0.946173 0.1774139
vt 0.9217248 0.163141
vt 0.9217248 0.2769482
vt 0.8993433 0.2769482
vt 0.8993433 0.163141
vt 0.895627 0.2768129
vt 0.8427045 0.2769482
vt 0.9216899 0.4812621
vt 0.8957256 0.4812621
vt 0.8957256 0.3928956
vt 0.9216897 0.3928956
vt 0.8793633 0.1467002
vt 0.8267503 0.1467003
vt 0.890004 0.498481
vt 0.839563 0.498481
vt 0.839563 0.3641612
vt 0.890004 0.3641612
vt 0.7684169 0.0501204
vt 0.7825689 0.0501204
vt 0.9600554 0.4045206
vt 0.9785463 0.4045206
vt 0.978547 0.4246951
vt 0.9600554 0.4246951
vt 0.9785516 0.4448696
vt 0.9600554 0.4448696
vt 0.9785553 0.4650442
vt 0.9600552 0.4650442
vt 0.978551 0.4852188
vt 0.9600554 0.4852188
vt 0.9785444 0.5053933
vt 0.9600551 0.5053933
vt 0.9785339 0.5255679
vt 0.9600555 0.5255679
vt 0.9785352 0.5457423
vt 0.9600551 0.5457423
vt 0.9785317 0.565917
vt 0.9600555 0.565917
vt 0.9785329 0.5860914
vt 0.9600551 0.5860914
vt 0.9785317 0.606266
vt 0.9600555 0.606266
vt 0.9785352 0.6264406
vt 0.9600551 0.6264406
vt 0.9785338 0.6466151
vt 0.9600555 0.6466151
vt 0.9785443 0.6667896
vt 0.9600551 0.6667896
vt 0.978551 0.6869642
vt 0.9600555 0.6869642
vt 0.9785554 0.7071387
vt 0.9600551 0.7071387
vt 0.9785514 0.7273132
vt 0.9600556 0.7273132
vt 0.9785471 0.7474877
vt 0.9600552 0.7474877
vt 0.9785463 0.7676622
vt 0.9600554 0.7676622
vt 0.9785455 0.7878367
vt 0.9600552 0.7878367
vt 0.9600555 0.3843461
vt 0.9785455 0.3843461
vt 0.9415645 0.4045206
vt 0.9415637 0.4246951
vt 0.9415592 0.4448696
vt 0.9415557 0.4650442
vt 0.9415594 0.4852188
vt 0.9415666 0.5053933
vt 0.9415764 0.5255678
vt 0.941576 0.5457423
vt 0.9415786 0.565917
vt 0.9415783 0.5860915
vt 0.9415786 0.606266
vt 0.941576 0.6264406
vt 0.9415763 0.6466151
vt 0.9415668 0.6667896
vt 0.9415593 0.6869642
vt 0.9415557 0.7071387
vt 0.9415591 0.7273132
vt 0.9415637 0.7474877
vt 0.9415644 0.7676622
vt 0.9415653 0.7878367
vt 0.9415653 0.3843461
vt 0.9923041 0.3843461
vt 0.9923051 0.4045206
vt 0.9923053 0.7676622
vt 0.9923042 0.7878367
vt 0.9923055 0.7474877
vt 0.9923129 0.7273132
vt 0.9923197 0.7071387
vt 0.9923133 0.6869642
vt 0.9922988 0.6667896
vt 0.9922914 0.6466151
vt 0.9922855 0.6264406
vt 0.9922855 0.606266
vt 0.992285 0.5860915
vt 0.9922855 0.565917
vt 0.9922854 0.5457423
vt 0.9922914 0.5255679
vt 0.9922988 0.5053933
vt 0.9923132 0.4852188
vt 0.9923198 0.4650442
vt 0.9923127 0.4448696
vt 0.9923055 0.4246951
vt 0.9278051 0.4246951
vt 0.9278054 0.4045205
vt 0.9277979 0.4448696
vt 0.9277908 0.4650442
vt 0.9277974 0.4852188
vt 0.9278115 0.5053933
vt 0.9278195 0.5255678
vt 0.9278251 0.5457423
vt 0.9278252 0.565917
vt 0.9278255 0.5860915
vt 0.9278252 0.606266
vt 0.9278251 0.6264406
vt 0.9278195 0.6466151
vt 0.9278117 0.6667896
vt 0.9277974 0.6869642
vt 0.9277908 0.7071387
vt 0.9277979 0.7273132
vt 0.9278051 0.7474877
vt 0.9278054 0.7676622
vt 0.9278066 0.7878367
vt 0.9278066 0.3843461
vt 0.7148557 0.0371937
vt 0.7148557 0.0301605
vt 0.7284366 0.0302275
vt 0.7284366 0.037272
vt 0.7420177 0.0302221
vt 0.7420177 0.0372515
vt 0.7555987 0.0302011
vt 0.7555987 0.0372471
vt 0.7691796 0.0302014
vt 0.7691796 0.0372431
vt 0.7827607 0.0302009
vt 0.7827607 0.0372431
vt 0.7963417 0.0302009
vt 0.7963417 0.0372431
vt 0.8099227 0.0302009
vt 0.8099228 0.0372431
vt 0.8235037 0.0302009
vt 0.8235037 0.0372431
vt 0.8370848 0.0302009
vt 0.8370848 0.0372431
vt 0.8506657 0.0302009
vt 0.8506657 0.0372431
vt 0.8642468 0.0302009
vt 0.8642468 0.0372431
vt 0.8778279 0.0302009
vt 0.8778279 0.0372431
vt 0.8914089 0.0302009
vt 0.8914089 0.0372431
vt 0.90499 0.0302009
vt 0.90499 0.0372431
vt 0.9185709 0.0302009
vt 0.918571 0.0372431
vt 0.9321519 0.0302013
vt 0.9321519 0.0372431
vt 0.945733 0.0302011
vt 0.945733 0.0372471
vt 0.959314 0.0302221
vt 0.959314 0.0372515
vt 0.972895 0.0302275
vt 0.972895 0.037272
vt 0.986476 0.0301605
vt 0.986476 0.0371937
vt 0.986476 0.0302387
vt 0.986476 0.037272
vt 0.9728951 0.037205
vt 0.9728951 0.0301605
vt 0.959314 0.0372103
vt 0.959314 0.0301809
vt 0.945733 0.0372315
vt 0.945733 0.0301855
vt 0.9321519 0.0372311
vt 0.9321519 0.0301895
vt 0.918571 0.0372316
vt 0.918571 0.0301893
vt 0.90499 0.0372316
vt 0.90499 0.0301895
vt 0.8914089 0.0372316
vt 0.8914089 0.0301893
vt 0.8778279 0.0372317
vt 0.8778279 0.0301893
vt 0.864247 0.0372317
vt 0.864247 0.0301895
vt 0.8506659 0.0372316
vt 0.8506659 0.0301893
vt 0.8370848 0.0372316
vt 0.8370848 0.0301893
vt 0.8235037 0.0372316
vt 0.8235039 0.0301893
vt 0.8099229 0.0372317
vt 0.8099229 0.0301895
vt 0.7963418 0.0372317
vt 0.7963419 0.0301895
vt 0.7827607 0.0372317
vt 0.7827607 0.0301895
vt 0.7691798 0.0372311
vt 0.7691798 0.0301895
vt 0.7555987 0.0372315
vt 0.7555987 0.0301855
vt 0.7420176 0.0372103
vt 0.7420176 0.0301809
vt 0.7284368 0.037205
vt 0.7284368 0.0301605
vt 0.7148558 0.037272
vt 0.7148558 0.0302387
vt 0.7415972 0.0307251
vt 0.7415972 0.0367075
vt 0.7279637 0.0367075
vt 0.7279637 0.0307249
vt 0.755231 0.0307255
vt 0.755231 0.036707
vt 0.7688644 0.0307248
vt 0.7688644 0.0367077
vt 0.7824979 0.0307249
vt 0.7824979 0.0367077
vt 0.7961317 0.0307249
vt 0.7961317 0.0367077
vt 0.8097652 0.0307249
vt 0.8097652 0.0367077
vt 0.8233988 0.0307249
vt 0.8233988 0.0367077
vt 0.8370323 0.0307249
vt 0.8370323 0.0367075
vt 0.850666 0.0307249
vt 0.850666 0.0367075
vt 0.8642995 0.0307249
vt 0.8642995 0.0367075
vt 0.8779331 0.0307248
vt 0.8779331 0.0367077
vt 0.8915667 0.0307248
vt 0.8915667 0.0367077
vt 0.9052002 0.0307248
vt 0.9052002 0.0367077
vt 0.9188338 0.0307248
vt 0.9188338 0.0367077
vt 0.9324673 0.0307248
vt 0.9324673 0.0367077
vt 0.946101 0.0307257
vt 0.946101 0.036707
vt 0.9597345 0.0307251
vt 0.9597346 0.0367075
vt 0.973368 0.0307249
vt 0.973368 0.0367075
vt 0.9870017 0.0307249
vt 0.9870017 0.0367075
vt 0.7143302 0.0367075
vt 0.7143302 0.0307249
vt 0.9733682 0.0307251
vt 0.9733682 0.0367075
vt 0.9597346 0.0367075
vt 0.9597346 0.0307251
vt 0.946101 0.036707
vt 0.946101 0.0307257
vt 0.9324675 0.0367077
vt 0.9324675 0.0307248
vt 0.9188338 0.0367077
vt 0.9188338 0.0307248
vt 0.9052002 0.0367077
vt 0.9052002 0.0307248
vt 0.8915667 0.0367077
vt 0.8915667 0.0307248
vt 0.877933 0.0367077
vt 0.877933 0.0307248
vt 0.8642995 0.0367077
vt 0.8642995 0.0307248
vt 0.8506659 0.0367077
vt 0.8506659 0.0307248
vt 0.8370323 0.0367077
vt 0.8370323 0.0307248
vt 0.8233988 0.0367077
vt 0.8233988 0.0307248
vt 0.809765 0.0367077
vt 0.8097652 0.0307248
vt 0.7961316 0.0367077
vt 0.7961316 0.0307248
vt 0.7824979 0.0367077
vt 0.7824979 0.0307248
vt 0.7688644 0.0367077
vt 0.7688644 0.0307248
vt 0.7552308 0.036707
vt 0.7552308 0.0307257
vt 0.7415972 0.0367075
vt 0.7415972 0.0307251
vt 0.7279636 0.0367075
vt 0.7279636 0.0307251
vt 0.7143302 0.0367075
vt 0.7143302 0.0307251
vt 0.9870017 0.0307251
vt 0.9870017 0.0367075
vt 0.9233533 0.5490209
vt 0.8912122 0.5490209
vt 0.8907251 0.5459472
vt 0.9212935 0.536015
vt 0.8893124 0.5431742
vt 0.9153152 0.5242822
vt 0.8871119 0.5409736
vt 0.906004 0.5149709
vt 0.8843389 0.5395607
vt 0.894271 0.5089927
vt 0.881265 0.5390739
vt 0.881265 0.5069326
vt 0.8781912 0.5395607
vt 0.8682592 0.5089927
vt 0.8754184 0.5409736
vt 0.8565261 0.5149709
vt 0.8732177 0.5431742
vt 0.8472151 0.5242822
vt 0.871805 0.5459472
vt 0.8412368 0.536015
vt 0.8713181 0.5490209
vt 0.839177 0.5490209
vt 0.871805 0.5520947
vt 0.8412368 0.562027
vt 0.8732177 0.5548677
vt 0.8472151 0.5737597
vt 0.8754184 0.5570682
vt 0.8565261 0.5830711
vt 0.8781912 0.5584811
vt 0.8682592 0.5890492
vt 0.881265 0.5589679
vt 0.881265 0.5911092
vt 0.8843389 0.5584811
vt 0.894271 0.5890492
vt 0.8871118 0.5570682
vt 0.9060041 0.5830711
vt 0.8893124 0.5548677
vt 0.9153152 0.5737598
vt 0.8907251 0.5520947
vt 0.9212935 0.562027
vt 0.906004 0.5830711
vt 0.8871118 0.5570683
vt 0.8893126 0.5548677
vt 0.9153152 0.5737597
vt 0.8907253 0.5520947
vt 0.9212934 0.5620268
vt 0.8912122 0.549021
vt 0.9233534 0.5490208
vt 0.8907254 0.5459471
vt 0.9212934 0.536015
vt 0.8893126 0.5431742
vt 0.9153152 0.524282
vt 0.8871118 0.5409735
vt 0.906004 0.5149709
vt 0.8843389 0.5395607
vt 0.8942709 0.5089926
vt 0.8812651 0.5390739
vt 0.881265 0.5069326
vt 0.8781913 0.5395607
vt 0.868259 0.5089925
vt 0.8754183 0.5409736
vt 0.8565261 0.5149709
vt 0.8732178 0.5431742
vt 0.8472148 0.5242822
vt 0.8718049 0.5459471
vt 0.8412366 0.536015
vt 0.8713181 0.5490209
vt 0.8391769 0.549021
vt 0.8718048 0.5520948
vt 0.841237 0.5620269
vt 0.8732177 0.5548677
vt 0.8472151 0.5737599
vt 0.8754184 0.5570683
vt 0.8565264 0.5830711
vt 0.8781914 0.5584811
vt 0.8682591 0.5890492
vt 0.8812651 0.5589679
vt 0.8812652 0.5911092
vt 0.884339 0.5584812
vt 0.8942711 0.5890493
vt 0.7589389 0.0687224
vt 0.7194854 0.0687224
vt 0.7194854 0.0585009
vt 0.7589389 0.0585009
vt 0.7589389 0.0789438
vt 0.7194854 0.0789438
vt 0.758939 0.0891653
vt 0.7194854 0.0891653
vt 0.758939 0.0993866
vt 0.7194854 0.0993866
vt 0.758939 0.1096081
vt 0.7194854 0.1096081
vt 0.758939 0.119829
vt 0.7194853 0.119829
vt 0.758939 0.1300506
vt 0.7194854 0.1300506
vt 0.758939 0.1402721
vt 0.7194854 0.1402721
vt 0.758939 0.1504932
vt 0.7194854 0.1504932
vt 0.758939 0.1607146
vt 0.7194854 0.1607146
vt 0.758939 0.170936
vt 0.7194854 0.170936
vt 0.758939 0.1811574
vt 0.7194854 0.1811574
vt 0.7589391 0.1913785
vt 0.7194854 0.1913785
vt 0.758939 0.2016
vt 0.7194854 0.2016
vt 0.7589391 0.2118215
vt 0.7194854 0.2118215
vt 0.7589391 0.2220426
vt 0.7194854 0.2220426
vt 0.758939 0.2322641
vt 0.7194854 0.232264
vt 0.7589391 0.2424853
vt 0.7194854 0.2424854
vt 0.758939 0.2527069
vt 0.7194854 0.252707
vt 0.7194854 0.0482798
vt 0.7589389 0.0482798
vt 0.7589388 0.2424861
vt 0.7194855 0.2424859
vt 0.7194855 0.2322645
vt 0.7589388 0.2322646
vt 0.7194855 0.2220432
vt 0.7589388 0.2220432
vt 0.7194855 0.2118218
vt 0.7589388 0.2118217
vt 0.7194855 0.2016003
vt 0.7589388 0.2016004
vt 0.7194855 0.1913788
vt 0.7589388 0.1913789
vt 0.7194855 0.1811576
vt 0.7589388 0.1811578
vt 0.7194855 0.170936
vt 0.7589388 0.1709363
vt 0.7194855 0.1607147
vt 0.7589388 0.1607148
vt 0.7194855 0.1504932
vt 0.7589388 0.1504934
vt 0.7194855 0.140272
vt 0.7589388 0.1402721
vt 0.7194854 0.1300507
vt 0.758939 0.1300508
vt 0.7194855 0.1198292
vt 0.758939 0.1198295
vt 0.7194854 0.1096079
vt 0.758939 0.109608
vt 0.7194855 0.0993866
vt 0.758939 0.0993868
vt 0.7194855 0.0891652
vt 0.758939 0.0891653
vt 0.7194855 0.0789438
vt 0.758939 0.0789439
vt 0.7194854 0.0687224
vt 0.7589389 0.0687227
vt 0.7194855 0.0585012
vt 0.7589388 0.0585013
vt 0.7194854 0.0482798
vt 0.7589389 0.0482799
vt 0.7589388 0.2527072
vt 0.7194855 0.2527071
vt 0.7692378 0.0301021
vt 0.7692378 0.0373305
vt 0.7556664 0.0373298
vt 0.7556664 0.0301027
vt 0.7420951 0.0373297
vt 0.7420951 0.0301029
vt 0.7285236 0.0373297
vt 0.7285236 0.0301029
vt 0.7149522 0.0373297
vt 0.7149522 0.0301029
vt 0.9863795 0.0301029
vt 0.9863795 0.0373297
vt 0.9728081 0.0373297
vt 0.9728081 0.0301029
vt 0.9592369 0.0373297
vt 0.9592369 0.0301029
vt 0.9456655 0.0373298
vt 0.9456655 0.0301027
vt 0.932094 0.0373305
vt 0.932094 0.0301021
vt 0.9185228 0.0373296
vt 0.9185228 0.030103
vt 0.9049513 0.0373296
vt 0.9049513 0.030103
vt 0.89138 0.0373295
vt 0.89138 0.030103
vt 0.8778087 0.0373295
vt 0.8778087 0.030103
vt 0.8642374 0.0373296
vt 0.8642374 0.030103
vt 0.8506659 0.0373295
vt 0.8506659 0.030103
vt 0.8370945 0.0373295
vt 0.8370945 0.030103
vt 0.8235232 0.0373295
vt 0.8235232 0.030103
vt 0.8099519 0.0373296
vt 0.8099519 0.030103
vt 0.7963805 0.0373295
vt 0.7963805 0.030103
vt 0.7828091 0.0373296
vt 0.7828091 0.030103
vt 0.7675285 0.1021281
vt 0.7834584 0.1021281
vt 0.7858068 0.1323773
vt 0.7651804 0.1323773
vt 0.7865829 0.1659088
vt 0.7644044 0.1659087
vt 0.7861617 0.1994401
vt 0.7648255 0.1994401
vt 0.7857214 0.2296891
vt 0.7652658 0.2296891
vt 0.8125681 0.2452992
vt 0.7983009 0.2452992
vt 0.797521 0.2245148
vt 0.813348 0.2245148
vt 0.7962782 0.1983249
vt 0.8145907 0.198325
vt 0.7958126 0.1692932
vt 0.8150563 0.1692933
vt 0.7962852 0.1402614
vt 0.8145837 0.1402615
vt 0.7975523 0.1140717
vt 0.8133165 0.1140716
vt 0.7986374 0.0932872
vt 0.8122314 0.0932872
vt 0.7989439 0.0702163
vt 0.8119251 0.0702163
vt 0.7989893 0.0450919
vt 0.8118795 0.0450919
vt 0.992574 0.0438353
vt 0.992574 0.0662195
vt 0.8793632 0.0662205
vt 0.8267502 0.0438358
vt 0.9222915 0.2757772
vt 0.9226054 0.2307849
vt 0.9881655 0.2307849
vt 0.9673644 0.3390802
vt 0.9912459 0.1141109
vt 0.9912459 0.2224062
vt 0.9464869 0.2224062
vt 0.9461729 0.1774139
vt 0.9217248 0.163141
vt 0.9217248 0.2769482
vt 0.8993433 0.2769482
vt 0.8993433 0.163141
vt 0.895627 0.2768129
vt 0.8427045 0.2769482
vt 0.9216897 0.4812621
vt 0.8957256 0.4812621
vt 0.8957258 0.3928956
vt 0.9216897 0.3928956
vt 0.8793632 0.1467002
vt 0.8267502 0.1467003
vt 0.8900041 0.498481
vt 0.8395631 0.498481
vt 0.8395631 0.3641613
vt 0.8900041 0.3641613
vt 0.7684169 0.0501204
vt 0.7825689 0.0501204
vt 0.7675285 0.1021281
vt 0.7651804 0.1323773
vt 0.7858068 0.1323773
vt 0.7834584 0.1021282
vt 0.7644044 0.1659087
vt 0.7865829 0.1659087
vt 0.7648255 0.1994401
vt 0.7861617 0.1994401
vt 0.7652658 0.2296891
vt 0.7857214 0.2296891
vt 0.8125681 0.2452992
vt 0.8133479 0.2245147
vt 0.7975211 0.2245147
vt 0.7983009 0.2452992
vt 0.8145907 0.1983249
vt 0.7962782 0.1983249
vt 0.8150563 0.1692932
vt 0.7958127 0.1692932
vt 0.8145837 0.1402614
vt 0.7962853 0.1402615
vt 0.8133165 0.1140715
vt 0.7975523 0.1140715
vt 0.8122315 0.0932871
vt 0.7986374 0.0932871
vt 0.8119252 0.0702161
vt 0.7989438 0.0702161
vt 0.8118795 0.0450919
vt 0.7989894 0.0450919
vt 0.9925741 0.0438353
vt 0.8267503 0.0438359
vt 0.8793633 0.0662206
vt 0.9925741 0.0662195
vt 0.9222915 0.2757772
vt 0.9673644 0.3390802
vt 0.9881654 0.230785
vt 0.9226053 0.230785
vt 0.9912459 0.114111
vt 0.9464869 0.2224062
vt 0.9912459 0.2224062
vt 0.9217248 0.163141
vt 0.8993433 0.163141
vt 0.8993433 0.2769482
vt 0.9217248 0.2769482
vt 0.895627 0.2768129
vt 0.9216899 0.4812621
vt 0.9216897 0.3928956
vt 0.8957256 0.3928956
vt 0.8957256 0.4812621
vt 0.8793633 0.0662206
vt 0.8267503 0.0438359
vt 0.8267503 0.1467003
vt 0.8793633 0.1467002
vt 0.890004 0.498481
vt 0.890004 0.3641612
vt 0.839563 0.3641612
vt 0.839563 0.498481
vt 0.7684169 0.0501204
vt 0.7825689 0.0501204
vt 0.9600554 0.4045206
vt 0.9600554 0.4246951
vt 0.978547 0.4246951
vt 0.9785463 0.4045206
vt 0.9600554 0.4448696
vt 0.9785516 0.4448696
vt 0.9600552 0.4650442
vt 0.9785553 0.4650442
vt 0.9600554 0.4852188
vt 0.978551 0.4852188
vt 0.9600551 0.5053933
vt 0.9785444 0.5053933
vt 0.9600555 0.5255679
vt 0.9785339 0.5255679
vt 0.9600551 0.5457423
vt 0.9785352 0.5457423
vt 0.9600555 0.565917
vt 0.9785317 0.565917
vt 0.9600551 0.5860914
vt 0.9785329 0.5860914
vt 0.9600555 0.606266
vt 0.9785317 0.606266
vt 0.9600551 0.6264406
vt 0.9785352 0.6264406
vt 0.9600555 0.6466151
vt 0.9785338 0.6466151
vt 0.9600551 0.6667896
vt 0.9785443 0.6667896
vt 0.9600555 0.6869642
vt 0.978551 0.6869642
vt 0.9600551 0.7071387
vt 0.9785554 0.7071387
vt 0.9600556 0.7273132
vt 0.9785514 0.7273132
vt 0.9600552 0.7474877
vt 0.9785471 0.7474877
vt 0.9600554 0.7676622
vt 0.9785463 0.7676622
vt 0.9600552 0.7878367
vt 0.9785455 0.7878367
vt 0.9600555 0.3843461
vt 0.9785455 0.3843461
vt 0.9415645 0.4045206
vt 0.9415637 0.4246951
vt 0.9415592 0.4448696
vt 0.9415557 0.4650442
vt 0.9415594 0.4852188
vt 0.9415666 0.5053933
vt 0.9415764 0.5255678
vt 0.941576 0.5457423
vt 0.9415786 0.565917
vt 0.9415783 0.5860915
vt 0.9415786 0.606266
vt 0.941576 0.6264406
vt 0.9415763 0.6466151
vt 0.9415668 0.6667896
vt 0.9415593 0.6869642
vt 0.9415557 0.7071387
vt 0.9415591 0.7273132
vt 0.9415637 0.7474877
vt 0.9415644 0.7676622
vt 0.9415653 0.7878367
vt 0.9415653 0.3843461
vt 0.9923051 0.4045206
vt 0.9923041 0.3843461
vt 0.9923042 0.7878367
vt 0.9923053 0.7676622
vt 0.9923055 0.7474877
vt 0.9923129 0.7273132
vt 0.9923197 0.7071387
vt 0.9923133 0.6869642
vt 0.9922988 0.6667896
vt 0.9922914 0.6466151
vt 0.9922855 0.6264406
vt 0.9922855 0.606266
vt 0.992285 0.5860915
vt 0.9922855 0.565917
vt 0.9922854 0.5457423
vt 0.9922914 0.5255679
vt 0.9922988 0.5053933
vt 0.9923132 0.4852188
vt 0.9923198 0.4650442
vt 0.9923127 0.4448696
vt 0.9923055 0.4246951
vt 0.9278054 0.4045205
vt 0.9278051 0.4246951
vt 0.9277979 0.4448696
vt 0.9277908 0.4650442
vt 0.9277974 0.4852188
vt 0.9278115 0.5053933
vt 0.9278195 0.5255678
vt 0.9278251 0.5457423
vt 0.9278252 0.565917
vt 0.9278255 0.5860915
vt 0.9278252 0.606266
vt 0.9278251 0.6264406
vt 0.9278195 0.6466151
vt 0.9278117 0.6667896
vt 0.9277974 0.6869642
vt 0.9277908 0.7071387
vt 0.9277979 0.7273132
vt 0.9278051 0.7474877
vt 0.9278054 0.7676622
vt 0.9278066 0.7878367
vt 0.9278066 0.3843461
vt 0.7148557 0.0371937
vt 0.7284366 0.037272
vt 0.7284366 0.0302275
vt 0.7148557 0.0301605
vt 0.7420177 0.0372515
vt 0.7420177 0.0302221
vt 0.7555987 0.0372471
vt 0.7555987 0.0302011
vt 0.7691796 0.0372431
vt 0.7691796 0.0302014
vt 0.7827607 0.0372431
vt 0.7827607 0.0302009
vt 0.7963417 0.0372431
vt 0.7963417 0.0302009
vt 0.8099228 0.0372431
vt 0.8099227 0.0302009
vt 0.8235037 0.0372431
vt 0.8235037 0.0302009
vt 0.8370848 0.0372431
vt 0.8370848 0.0302009
vt 0.8506657 0.0372431
vt 0.8506657 0.0302009
vt 0.8642468 0.0372431
vt 0.8642468 0.0302009
vt 0.8778279 0.0372431
vt 0.8778279 0.0302009
vt 0.8914089 0.0372431
vt 0.8914089 0.0302009
vt 0.90499 0.0372431
vt 0.90499 0.0302009
vt 0.918571 0.0372431
vt 0.9185709 0.0302009
vt 0.9321519 0.0372431
vt 0.9321519 0.0302013
vt 0.945733 0.0372471
vt 0.945733 0.0302011
vt 0.959314 0.0372515
vt 0.959314 0.0302221
vt 0.972895 0.037272
vt 0.972895 0.0302275
vt 0.986476 0.0371937
vt 0.986476 0.0301605
vt 0.986476 0.0302387
vt 0.9728951 0.0301605
vt 0.9728951 0.037205
vt 0.986476 0.037272
vt 0.959314 0.0301809
vt 0.959314 0.0372103
vt 0.945733 0.0301855
vt 0.945733 0.0372315
vt 0.9321519 0.0301895
vt 0.9321519 0.0372311
vt 0.918571 0.0301893
vt 0.918571 0.0372316
vt 0.90499 0.0301895
vt 0.90499 0.0372316
vt 0.8914089 0.0301893
vt 0.8914089 0.0372316
vt 0.8778279 0.0301893
vt 0.8778279 0.0372317
vt 0.864247 0.0301895
vt 0.864247 0.0372317
vt 0.8506659 0.0301893
vt 0.8506659 0.0372316
vt 0.8370848 0.0301893
vt 0.8370848 0.0372316
vt 0.8235039 0.0301893
vt 0.8235037 0.0372316
vt 0.8099229 0.0301895
vt 0.8099229 0.0372317
vt 0.7963419 0.0301895
vt 0.7963418 0.0372317
vt 0.7827607 0.0301895
vt 0.7827607 0.0372317
vt 0.7691798 0.0301895
vt 0.7691798 0.0372311
vt 0.7555987 0.0301855
vt 0.7555987 0.0372315
vt 0.7420176 0.0301809
vt 0.7420176 0.0372103
vt 0.7284368 0.0301605
vt 0.7284368 0.037205
vt 0.7148558 0.0302387
vt 0.7148558 0.037272
vt 0.7415972 0.0307251
vt 0.7279637 0.0307249
vt 0.7279637 0.0367075
vt 0.7415972 0.0367075
vt 0.755231 0.0307255
vt 0.755231 0.036707
vt 0.7688644 0.0307248
vt 0.7688644 0.0367077
vt 0.7824979 0.0307249
vt 0.7824979 0.0367077
vt 0.7961317 0.0307249
vt 0.7961317 0.0367077
vt 0.8097652 0.0307249
vt 0.8097652 0.0367077
vt 0.8233988 0.0307249
vt 0.8233988 0.0367077
vt 0.8370323 0.0307249
vt 0.8370323 0.0367075
vt 0.850666 0.0307249
vt 0.850666 0.0367075
vt 0.8642995 0.0307249
vt 0.8642995 0.0367075
vt 0.8779331 0.0307248
vt 0.8779331 0.0367077
vt 0.8915667 0.0307248
vt 0.8915667 0.0367077
vt 0.9052002 0.0307248
vt 0.9052002 0.0367077
vt 0.9188338 0.0307248
vt 0.9188338 0.0367077
vt 0.9324673 0.0307248
vt 0.9324673 0.0367077
vt 0.946101 0.0307257
vt 0.946101 0.036707
vt 0.9597345 0.0307251
vt 0.9597346 0.0367075
vt 0.973368 0.0307249
vt 0.973368 0.0367075
vt 0.9870017 0.0307249
vt 0.9870017 0.0367075
vt 0.7143302 0.0307249
vt 0.7143302 0.0367075
vt 0.9733682 0.0307251
vt 0.9597346 0.0307251
vt 0.9597346 0.0367075
vt 0.9733682 0.0367075
vt 0.946101 0.0307257
vt 0.946101 0.036707
vt 0.9324675 0.0307248
vt 0.9324675 0.0367077
vt 0.9188338 0.0307248
vt 0.9188338 0.0367077
vt 0.9052002 0.0307248
vt 0.9052002 0.0367077
vt 0.8915667 0.0307248
vt 0.8915667 0.0367077
vt 0.877933 0.0307248
vt 0.877933 0.0367077
vt 0.8642995 0.0307248
vt 0.8642995 0.0367077
vt 0.8506659 0.0307248
vt 0.8506659 0.0367077
vt 0.8370323 0.0307248
vt 0.8370323 0.0367077
vt 0.8233988 0.0307248
vt 0.8233988 0.0367077
vt 0.8097652 0.0307248
vt 0.809765 0.0367077
vt 0.7961316 0.0307248
vt 0.7961316 0.0367077
vt 0.7824979 0.0307248
vt 0.7824979 0.0367077
vt 0.7688644 0.0307248
vt 0.7688644 0.0367077
vt 0.7552308 0.0307257
vt 0.7552308 0.036707
vt 0.7415972 0.0307251
vt 0.7415972 0.0367075
vt 0.7279636 0.0307251
vt 0.7279636 0.0367075
vt 0.7143302 0.0307251
vt 0.7143302 0.0367075
vt 0.9870017 0.0307251
vt 0.9870017 0.0367075
vt 0.9233533 0.5490209
vt 0.9212935 0.536015
vt 0.8907251 0.5459472
vt 0.8912122 0.5490209
vt 0.9153152 0.5242822
vt 0.8893124 0.5431742
vt 0.906004 0.5149709
vt 0.8871119 0.5409736
vt 0.894271 0.5089927
vt 0.8843389 0.5395607
vt 0.881265 0.5069326
vt 0.881265 0.5390739
vt 0.8682592 0.5089927
vt 0.8781912 0.5395607
vt 0.8565261 0.5149709
vt 0.8754184 0.5409736
vt 0.8472151 0.5242822
vt 0.8732177 0.5431742
vt 0.8412368 0.536015
vt 0.871805 0.5459472
vt 0.839177 0.5490209
vt 0.8713181 0.5490209
vt 0.8412368 0.562027
vt 0.871805 0.5520947
vt 0.8472151 0.5737597
vt 0.8732177 0.5548677
vt 0.8565261 0.5830711
vt 0.8754184 0.5570682
vt 0.8682592 0.5890492
vt 0.8781912 0.5584811
vt 0.881265 0.5911092
vt 0.881265 0.5589679
vt 0.894271 0.5890492
vt 0.8843389 0.5584811
vt 0.9060041 0.5830711
vt 0.8871118 0.5570682
vt 0.9153152 0.5737598
vt 0.8893124 0.5548677
vt 0.9212935 0.562027
vt 0.8907251 0.5520947
vt 0.906004 0.5830711
vt 0.9153152 0.5737597
vt 0.8893126 0.5548677
vt 0.8871118 0.5570683
vt 0.9212934 0.5620268
vt 0.8907253 0.5520947
vt 0.9233534 0.5490208
vt 0.8912122 0.549021
vt 0.9212934 0.536015
vt 0.8907254 0.5459471
vt 0.9153152 0.524282
vt 0.8893126 0.5431742
vt 0.906004 0.5149709
vt 0.8871118 0.5409735
vt 0.8942709 0.5089926
vt 0.8843389 0.5395607
vt 0.881265 0.5069326
vt 0.8812651 0.5390739
vt 0.868259 0.5089925
vt 0.8781913 0.5395607
vt 0.8565261 0.5149709
vt 0.8754183 0.5409736
vt 0.8472148 0.5242822
vt 0.8732178 0.5431742
vt 0.8412366 0.536015
vt 0.8718049 0.5459471
vt 0.8391769 0.549021
vt 0.8713181 0.5490209
vt 0.841237 0.5620269
vt 0.8718048 0.5520948
vt 0.8472151 0.5737599
vt 0.8732177 0.5548677
vt 0.8565264 0.5830711
vt 0.8754184 0.5570683
vt 0.8682591 0.5890492
vt 0.8781914 0.5584811
vt 0.8812652 0.5911092
vt 0.8812651 0.5589679
vt 0.8942711 0.5890493
vt 0.884339 0.5584812
vt 0.7589389 0.0687224
vt 0.7589389 0.0585009
vt 0.7194854 0.0585009
vt 0.7194854 0.0687224
vt 0.7589389 0.0789438
vt 0.7194854 0.0789438
vt 0.758939 0.0891653
vt 0.7194854 0.0891653
vt 0.758939 0.0993866
vt 0.7194854 0.0993866
vt 0.758939 0.1096081
vt 0.7194854 0.1096081
vt 0.758939 0.119829
vt 0.7194853 0.119829
vt 0.758939 0.1300506
vt 0.7194854 0.1300506
vt 0.758939 0.1402721
vt 0.7194854 0.1402721
vt 0.758939 0.1504932
vt 0.7194854 0.1504932
vt 0.758939 0.1607146
vt 0.7194854 0.1607146
vt 0.758939 0.170936
vt 0.7194854 0.170936
vt 0.758939 0.1811574
vt 0.7194854 0.1811574
vt 0.7589391 0.1913785
vt 0.7194854 0.1913785
vt 0.758939 0.2016
vt 0.7194854 0.2016
vt 0.7589391 0.2118215
vt 0.7194854 0.2118215
vt 0.7589391 0.2220426
vt 0.7194854 0.2220426
vt 0.758939 0.2322641
vt 0.7194854 0.232264
vt 0.7589391 0.2424853
vt 0.7194854 0.2424854
vt 0.758939 0.2527069
vt 0.7194854 0.252707
vt 0.7589389 0.0482798
vt 0.7194854 0.0482798
vt 0.7589388 0.2424861
vt 0.7589388 0.2322646
vt 0.7194855 0.2322645
vt 0.7194855 0.2424859
vt 0.7589388 0.2220432
vt 0.7194855 0.2220432
vt 0.7589388 0.2118217
vt 0.7194855 0.2118218
vt 0.7589388 0.2016004
vt 0.7194855 0.2016003
vt 0.7589388 0.1913789
vt 0.7194855 0.1913788
vt 0.7589388 0.1811578
vt 0.7194855 0.1811576
vt 0.7589388 0.1709363
vt 0.7194855 0.170936
vt 0.7589388 0.1607148
vt 0.7194855 0.1607147
vt 0.7589388 0.1504934
vt 0.7194855 0.1504932
vt 0.7589388 0.1402721
vt 0.7194855 0.140272
vt 0.758939 0.1300508
vt 0.7194854 0.1300507
vt 0.758939 0.1198295
vt 0.7194855 0.1198292
vt 0.758939 0.109608
vt 0.7194854 0.1096079
vt 0.758939 0.0993868
vt 0.7194855 0.0993866
vt 0.758939 0.0891653
vt 0.7194855 0.0891652
vt 0.758939 0.0789439
vt 0.7194855 0.0789438
vt 0.7589389 0.0687227
vt 0.7194854 0.0687224
vt 0.7589388 0.0585013
vt 0.7194855 0.0585012
vt 0.7589389 0.0482799
vt 0.7194854 0.0482798
vt 0.7589388 0.2527072
vt 0.7194855 0.2527071
vt 0.7692378 0.0301021
vt 0.7556664 0.0301027
vt 0.7556664 0.0373298
vt 0.7692378 0.0373305
vt 0.7420951 0.0301029
vt 0.7420951 0.0373297
vt 0.7285236 0.0301029
vt 0.7285236 0.0373297
vt 0.7149522 0.0301029
vt 0.7149522 0.0373297
vt 0.9863795 0.0301029
vt 0.9728081 0.0301029
vt 0.9728081 0.0373297
vt 0.9863795 0.0373297
vt 0.9592369 0.0301029
vt 0.9592369 0.0373297
vt 0.9456655 0.0301027
vt 0.9456655 0.0373298
vt 0.932094 0.0301021
vt 0.932094 0.0373305
vt 0.9185228 0.030103
vt 0.9185228 0.0373296
vt 0.9049513 0.030103
vt 0.9049513 0.0373296
vt 0.89138 0.030103
vt 0.89138 0.0373295
vt 0.8778087 0.030103
vt 0.8778087 0.0373295
vt 0.8642374 0.030103
vt 0.8642374 0.0373296
vt 0.8506659 0.030103
vt 0.8506659 0.0373295
vt 0.8370945 0.030103
vt 0.8370945 0.0373295
vt 0.8235232 0.030103
vt 0.8235232 0.0373295
vt 0.8099519 0.030103
vt 0.8099519 0.0373296
vt 0.7963805 0.030103
vt 0.7963805 0.0373295
vt 0.7828091 0.030103
vt 0.7828091 0.0373296
vt 0.7675285 0.1021281
vt 0.7651804 0.1323773
vt 0.7858068 0.1323773
vt 0.7834584 0.1021281
vt 0.7644044 0.1659087
vt 0.7865829 0.1659088
vt 0.7648255 0.1994401
vt 0.7861617 0.1994401
vt 0.7652658 0.2296891
vt 0.7857214 0.2296891
vt 0.8125681 0.2452992
vt 0.813348 0.2245148
vt 0.797521 0.2245148
vt 0.7983009 0.2452992
vt 0.8145907 0.198325
vt 0.7962782 0.1983249
vt 0.8150563 0.1692933
vt 0.7958126 0.1692932
vt 0.8145837 0.1402615
vt 0.7962852 0.1402614
vt 0.8133165 0.1140716
vt 0.7975523 0.1140717
vt 0.8122314 0.0932872
vt 0.7986374 0.0932872
vt 0.8119251 0.0702163
vt 0.7989439 0.0702163
vt 0.8118795 0.0450919
vt 0.7989893 0.0450919
vt 0.992574 0.0438353
vt 0.8267502 0.0438358
vt 0.8793632 0.0662205
vt 0.992574 0.0662195
vt 0.9222915 0.2757772
vt 0.9673644 0.3390802
vt 0.9881655 0.2307849
vt 0.9226054 0.2307849
vt 0.9912459 0.1141109
vt 0.9461729 0.1774139
vt 0.9464869 0.2224062
vt 0.9912459 0.2224062
vt 0.9217248 0.163141
vt 0.8993433 0.163141
vt 0.8993433 0.2769482
vt 0.9217248 0.2769482
vt 0.8427045 0.2769482
vt 0.895627 0.2768129
vt 0.9216897 0.4812621
vt 0.9216897 0.3928956
vt 0.8957258 0.3928956
vt 0.8957256 0.4812621
vt 0.8267502 0.1467003
vt 0.8793632 0.1467002
vt 0.8900041 0.498481
vt 0.8900041 0.3641613
vt 0.8395631 0.3641613
vt 0.8395631 0.498481
vt 0.7684169 0.0501204
vt 0.7825689 0.0501204
vt 0.7675285 0.1021281
vt 0.7834584 0.1021282
vt 0.7858068 0.1323773
vt 0.7651804 0.1323773
vt 0.7865829 0.1659087
vt 0.7644044 0.1659087
vt 0.7861617 0.1994401
vt 0.7648255 0.1994401
vt 0.7857214 0.2296891
vt 0.7652658 0.2296891
vt 0.8125681 0.2452992
vt 0.7983009 0.2452992
vt 0.7975211 0.2245147
vt 0.8133479 0.2245147
vt 0.7962782 0.1983249
vt 0.8145907 0.1983249
vt 0.7958127 0.1692932
vt 0.8150563 0.1692932
vt 0.7962853 0.1402615
vt 0.8145837 0.1402614
vt 0.7975523 0.1140715
vt 0.8133165 0.1140715
vt 0.7986374 0.0932871
vt 0.8122315 0.0932871
vt 0.7989438 0.0702161
vt 0.8119252 0.0702161
vt 0.7989894 0.0450919
vt 0.8118795 0.0450919
vt 0.9925741 0.0438353
vt 0.9925741 0.0662195
vt 0.8793633 0.0662206
vt 0.8267503 0.0438359
vt 0.9222915 0.2757772
vt 0.9226053 0.230785
vt 0.9881654 0.230785
vt 0.9673644 0.3390802
vt 0.9912459 0.114111
vt 0.9912459 0.2224062
vt 0.9464869 0.2224062
vt 0.946173 0.1774139
vt 0.9217248 0.163141
vt 0.9217248 0.2769482
vt 0.8993433 0.2769482
vt 0.8993433 0.163141
vt 0.895627 0.2768129
vt 0.9216899 0.4812621
vt 0.8957256 0.4812621
vt 0.8957256 0.3928956
vt 0.9216897 0.3928956
vt 0.8793633 0.1467002
vt 0.8267503 0.1467003
vt 0.890004 0.498481
vt 0.839563 0.498481
vt 0.839563 0.3641612
vt 0.890004 0.3641612
vt 0.7684169 0.0501204
vt 0.7825689 0.0501204
vt 0.9600554 0.4045206
vt 0.9785463 0.4045206
vt 0.978547 0.4246951
vt 0.9600554 0.4246951
vt 0.9785516 0.4448696
vt 0.9600554 0.4448696
vt 0.9785553 0.4650442
vt 0.9600552 0.4650442
vt 0.978551 0.4852188
vt 0.9600554 0.4852188
vt 0.9785444 0.5053933
vt 0.9600551 0.5053933
vt 0.9785339 0.5255679
vt 0.9600555 0.5255679
vt 0.9785352 0.5457423
vt 0.9600551 0.5457423
vt 0.9785317 0.565917
vt 0.9600555 0.565917
vt 0.9785329 0.5860914
vt 0.9600551 0.5860914
vt 0.9785317 0.606266
vt 0.9600555 0.606266
vt 0.9785352 0.6264406
vt 0.9600551 0.6264406
vt 0.9785338 0.6466151
vt 0.9600555 0.6466151
vt 0.9785443 0.6667896
vt 0.9600551 0.6667896
vt 0.978551 0.6869642
vt 0.9600555 0.6869642
vt 0.9785554 0.7071387
vt 0.9600551 0.7071387
vt 0.9785514 0.7273132
vt 0.9600556 0.7273132
vt 0.9785471 0.7474877
vt 0.9600552 0.7474877
vt 0.9785463 0.7676622
vt 0.9600554 0.7676622
vt 0.9785455 0.7878367
vt 0.9600552 0.7878367
vt 0.9600555 0.3843461
vt 0.9785455 0.3843461
vt 0.9415645 0.4045206
vt 0.9415637 0.4246951
vt 0.9415592 0.4448696
vt 0.9415557 0.4650442
vt 0.9415594 0.4852188
vt 0.9415666 0.5053933
vt 0.9415764 0.5255678
vt 0.941576 0.5457423
vt 0.9415786 0.565917
vt 0.9415783 0.5860915
vt 0.9415786 0.606266
vt 0.941576 0.6264406
vt 0.9415763 0.6466151
vt 0.9415668 0.6667896
vt 0.9415593 0.6869642
vt 0.9415557 0.7071387
vt 0.9415591 0.7273132
vt 0.9415637 0.7474877
vt 0.9415644 0.7676622
vt 0.9415653 0.7878367
vt 0.9415653 0.3843461
vt 0.9923041 0.3843461
vt 0.9923051 0.4045206
vt 0.9923053 0.7676622
vt 0.9923042 0.7878367
vt 0.9923055 0.7474877
vt 0.9923129 0.7273132
vt 0.9923197 0.7071387
vt 0.9923133 0.6869642
vt 0.9922988 0.6667896
vt 0.9922914 0.6466151
vt 0.9922855 0.6264406
vt 0.9922855 0.606266
vt 0.992285 0.5860915
vt 0.9922855 0.565917
vt 0.9922854 0.5457423
vt 0.9922914 0.5255679
vt 0.9922988 0.5053933
vt 0.9923132 0.4852188
vt 0.9923198 0.4650442
vt 0.9923127 0.4448696
vt 0.9923055 0.4246951
vt 0.9278051 0.4246951
vt 0.9278054 0.4045205
vt 0.9277979 0.4448696
vt 0.9277908 0.4650442
vt 0.9277974 0.4852188
vt 0.9278115 0.5053933
vt 0.9278195 0.5255678
vt 0.9278251 0.5457423
vt 0.9278252 0.565917
vt 0.9278255 0.5860915
vt 0.9278252 0.606266
vt 0.9278251 0.6264406
vt 0.9278195 0.6466151
vt 0.9278117 0.6667896
vt 0.9277974 0.6869642
vt 0.9277908 0.7071387
vt 0.9277979 0.7273132
vt 0.9278051 0.7474877
vt 0.9278054 0.7676622
vt 0.9278066 0.7878367
vt 0.9278066 0.3843461
vt 0.7148557 0.0371937
vt 0.7148557 0.0301605
vt 0.7284366 0.0302275
vt 0.7284366 0.037272
vt 0.7420177 0.0302221
vt 0.7420177 0.0372515
vt 0.7555987 0.0302011
vt 0.7555987 0.0372471
vt 0.7691796 0.0302014
vt 0.7691796 0.0372431
vt 0.7827607 0.0302009
vt 0.7827607 0.0372431
vt 0.7963417 0.0302009
vt 0.7963417 0.0372431
vt 0.8099227 0.0302009
vt 0.8099228 0.0372431
vt 0.8235037 0.0302009
vt 0.8235037 0.0372431
vt 0.8370848 0.0302009
vt 0.8370848 0.0372431
vt 0.8506657 0.0302009
vt 0.8506657 0.0372431
vt 0.8642468 0.0302009
vt 0.8642468 0.0372431
vt 0.8778279 0.0302009
vt 0.8778279 0.0372431
vt 0.8914089 0.0302009
vt 0.8914089 0.0372431
vt 0.90499 0.0302009
vt 0.90499 0.0372431
vt 0.9185709 0.0302009
vt 0.918571 0.0372431
vt 0.9321519 0.0302013
vt 0.9321519 0.0372431
vt 0.945733 0.0302011
vt 0.945733 0.0372471
vt 0.959314 0.0302221
vt 0.959314 0.0372515
vt 0.972895 0.0302275
vt 0.972895 0.037272
vt 0.986476 0.0301605
vt 0.986476 0.0371937
vt 0.986476 0.0302387
vt 0.986476 0.037272
vt 0.9728951 0.037205
vt 0.9728951 0.0301605
vt 0.959314 0.0372103
vt 0.959314 0.0301809
vt 0.945733 0.0372315
vt 0.945733 0.0301855
vt 0.9321519 0.0372311
vt 0.9321519 0.0301895
vt 0.918571 0.0372316
vt 0.918571 0.0301893
vt 0.90499 0.0372316
vt 0.90499 0.0301895
vt 0.8914089 0.0372316
vt 0.8914089 0.0301893
vt 0.8778279 0.0372317
vt 0.8778279 0.0301893
vt 0.864247 0.0372317
vt 0.864247 0.0301895
vt 0.8506659 0.0372316
vt 0.8506659 0.0301893
vt 0.8370848 0.0372316
vt 0.8370848 0.0301893
vt 0.8235037 0.0372316
vt 0.8235039 0.0301893
vt 0.8099229 0.0372317
vt 0.8099229 0.0301895
vt 0.7963418 0.0372317
vt 0.7963419 0.0301895
vt 0.7827607 0.0372317
vt 0.7827607 0.0301895
vt 0.7691798 0.0372311
vt 0.7691798 0.0301895
vt 0.7555987 0.0372315
vt 0.7555987 0.0301855
vt 0.7420176 0.0372103
vt 0.7420176 0.0301809
vt 0.7284368 0.037205
vt 0.7284368 0.0301605
vt 0.7148558 0.037272
vt 0.7148558 0.0302387
vt 0.7415972 0.0307251
vt 0.7415972 0.0367075
vt 0.7279637 0.0367075
vt 0.7279637 0.0307249
vt 0.755231 0.0307255
vt 0.755231 0.036707
vt 0.7688644 0.0307248
vt 0.7688644 0.0367077
vt 0.7824979 0.0307249
vt 0.7824979 0.0367077
vt 0.7961317 0.0307249
vt 0.7961317 0.0367077
vt 0.8097652 0.0307249
vt 0.8097652 0.0367077
vt 0.8233988 0.0307249
vt 0.8233988 0.0367077
vt 0.8370323 0.0307249
vt 0.8370323 0.0367075
vt 0.850666 0.0307249
vt 0.850666 0.0367075
vt 0.8642995 0.0307249
vt 0.8642995 0.0367075
vt 0.8779331 0.0307248
vt 0.8779331 0.0367077
vt 0.8915667 0.0307248
vt 0.8915667 0.0367077
vt 0.9052002 0.0307248
vt 0.9052002 0.0367077
vt 0.9188338 0.0307248
vt 0.9188338 0.0367077
vt 0.9324673 0.0307248
vt 0.9324673 0.0367077
vt 0.946101 0.0307257
vt 0.946101 0.036707
vt 0.9597345 0.0307251
vt 0.9597346 0.0367075
vt 0.973368 0.0307249
vt 0.973368 0.0367075
vt 0.9870017 0.0307249
vt 0.9870017 0.0367075
vt 0.7143302 0.0367075
vt 0.7143302 0.0307249
vt 0.9733682 0.0307251
vt 0.9733682 0.0367075
vt 0.9597346 0.0367075
vt 0.9597346 0.0307251
vt 0.946101 0.036707
vt 0.946101 0.0307257
vt 0.9324675 0.0367077
vt 0.9324675 0.0307248
vt 0.9188338 0.0367077
vt 0.9188338 0.0307248
vt 0.9052002 0.0367077
vt 0.9052002 0.0307248
vt 0.8915667 0.0367077
vt 0.8915667 0.0307248
vt 0.877933 0.0367077
vt 0.877933 0.0307248
vt 0.8642995 0.0367077
vt 0.8642995 0.0307248
vt 0.8506659 0.0367077
vt 0.8506659 0.0307248
vt 0.8370323 0.0367077
vt 0.8370323 0.0307248
vt 0.8233988 0.0367077
vt 0.8233988 0.0307248
vt 0.809765 0.0367077
vt 0.8097652 0.0307248
vt 0.7961316 0.0367077
vt 0.7961316 0.0307248
vt 0.7824979 0.0367077
vt 0.7824979 0.0307248
vt 0.7688644 0.0367077
vt 0.7688644 0.0307248
vt 0.7552308 0.036707
vt 0.7552308 0.0307257
vt 0.7415972 0.0367075
vt 0.7415972 0.0307251
vt 0.7279636 0.0367075
vt 0.7279636 0.0307251
vt 0.7143302 0.0367075
vt 0.7143302 0.0307251
vt 0.9870017 0.0307251
vt 0.9870017 0.0367075
vt 0.9233533 0.5490209
vt 0.8912122 0.5490209
vt 0.8907251 0.5459472
vt 0.9212935 0.536015
vt 0.8893124 0.5431742
vt 0.9153152 0.5242822
vt 0.8871119 0.5409736
vt 0.906004 0.5149709
vt 0.8843389 0.5395607
vt 0.894271 0.5089927
vt 0.881265 0.5390739
vt 0.881265 0.5069326
vt 0.8781912 0.5395607
vt 0.8682592 0.5089927
vt 0.8754184 0.5409736
vt 0.8565261 0.5149709
vt 0.8732177 0.5431742
vt 0.8472151 0.5242822
vt 0.871805 0.5459472
vt 0.8412368 0.536015
vt 0.8713181 0.5490209
vt 0.839177 0.5490209
vt 0.871805 0.5520947
vt 0.8412368 0.562027
vt 0.8732177 0.5548677
vt 0.8472151 0.5737597
vt 0.8754184 0.5570682
vt 0.8565261 0.5830711
vt 0.8781912 0.5584811
vt 0.8682592 0.5890492
vt 0.881265 0.5589679
vt 0.881265 0.5911092
vt 0.8843389 0.5584811
vt 0.894271 0.5890492
vt 0.8871118 0.5570682
vt 0.9060041 0.5830711
vt 0.8893124 0.5548677
vt 0.9153152 0.5737598
vt 0.8907251 0.5520947
vt 0.9212935 0.562027
vt 0.906004 0.5830711
vt 0.8871118 0.5570683
vt 0.8893126 0.5548677
vt 0.9153152 0.5737597
vt 0.8907253 0.5520947
vt 0.9212934 0.5620268
vt 0.8912122 0.549021
vt 0.9233534 0.5490208
vt 0.8907254 0.5459471
vt 0.9212934 0.536015
vt 0.8893126 0.5431742
vt 0.9153152 0.524282
vt 0.8871118 0.5409735
vt 0.906004 0.5149709
vt 0.8843389 0.5395607
vt 0.8942709 0.5089926
vt 0.8812651 0.5390739
vt 0.881265 0.5069326
vt 0.8781913 0.5395607
vt 0.868259 0.5089925
vt 0.8754183 0.5409736
vt 0.8565261 0.5149709
vt 0.8732178 0.5431742
vt 0.8472148 0.5242822
vt 0.8718049 0.5459471
vt 0.8412366 0.536015
vt 0.8713181 0.5490209
vt 0.8391769 0.549021
vt 0.8718048 0.5520948
vt 0.841237 0.5620269
vt 0.8732177 0.5548677
vt 0.8472151 0.5737599
vt 0.8754184 0.5570683
vt 0.8565264 0.5830711
vt 0.8781914 0.5584811
vt 0.8682591 0.5890492
vt 0.8812651 0.5589679
vt 0.8812652 0.5911092
vt 0.884339 0.5584812
vt 0.8942711 0.5890493
vt 0.7589389 0.0687224
vt 0.7194854 0.0687224
vt 0.7194854 0.0585009
vt 0.7589389 0.0585009
vt 0.7589389 0.0789438
vt 0.7194854 0.0789438
vt 0.758939 0.0891653
vt 0.7194854 0.0891653
vt 0.758939 0.0993866
vt 0.7194854 0.0993866
vt 0.758939 0.1096081
vt 0.7194854 0.1096081
vt 0.758939 0.119829
vt 0.7194853 0.119829
vt 0.758939 0.1300506
vt 0.7194854 0.1300506
vt 0.758939 0.1402721
vt 0.7194854 0.1402721
vt 0.758939 0.1504932
vt 0.7194854 0.1504932
vt 0.758939 0.1607146
vt 0.7194854 0.1607146
vt 0.758939 0.170936
vt 0.7194854 0.170936
vt 0.758939 0.1811574
vt 0.7194854 0.1811574
vt 0.7589391 0.1913785
vt 0.7194854 0.1913785
vt 0.758939 0.2016
vt 0.7194854 0.2016
vt 0.7589391 0.2118215
vt 0.7194854 0.2118215
vt 0.7589391 0.2220426
vt 0.7194854 0.2220426
vt 0.758939 0.2322641
vt 0.7194854 0.232264
vt 0.7589391 0.2424853
vt 0.7194854 0.2424854
vt 0.758939 0.2527069
vt 0.7194854 0.252707
vt 0.7194854 0.0482798
vt 0.7589389 0.0482798
vt 0.7589388 0.2424861
vt 0.7194855 0.2424859
vt 0.7194855 0.2322645
vt 0.7589388 0.2322646
vt 0.7194855 0.2220432
vt 0.7589388 0.2220432
vt 0.7194855 0.2118218
vt 0.7589388 0.2118217
vt 0.7194855 0.2016003
vt 0.7589388 0.2016004
vt 0.7194855 0.1913788
vt 0.7589388 0.1913789
vt 0.7194855 0.1811576
vt 0.7589388 0.1811578
vt 0.7194855 0.170936
vt 0.7589388 0.1709363
vt 0.7194855 0.1607147
vt 0.7589388 0.1607148
vt 0.7194855 0.1504932
vt 0.7589388 0.1504934
vt 0.7194855 0.140272
vt 0.7589388 0.1402721
vt 0.7194854 0.1300507
vt 0.758939 0.1300508
vt 0.7194855 0.1198292
vt 0.758939 0.1198295
vt 0.7194854 0.1096079
vt 0.758939 0.109608
vt 0.7194855 0.0993866
vt 0.758939 0.0993868
vt 0.7194855 0.0891652
vt 0.758939 0.0891653
vt 0.7194855 0.0789438
vt 0.758939 0.0789439
vt 0.7194854 0.0687224
vt 0.7589389 0.0687227
vt 0.7194855 0.0585012
vt 0.7589388 0.0585013
vt 0.7194854 0.0482798
vt 0.7589389 0.0482799
vt 0.7589388 0.2527072
vt 0.7194855 0.2527071
vt 0.7692378 0.0301021
vt 0.7692378 0.0373305
vt 0.7556664 0.0373298
vt 0.7556664 0.0301027
vt 0.7420951 0.0373297
vt 0.7420951 0.0301029
vt 0.7285236 0.0373297
vt 0.7285236 0.0301029
vt 0.7149522 0.0373297
vt 0.7149522 0.0301029
vt 0.9863795 0.0301029
vt 0.9863795 0.0373297
vt 0.9728081 0.0373297
vt 0.9728081 0.0301029
vt 0.9592369 0.0373297
vt 0.9592369 0.0301029
vt 0.9456655 0.0373298
vt 0.9456655 0.0301027
vt 0.932094 0.0373305
vt 0.932094 0.0301021
vt 0.9185228 0.0373296
vt 0.9185228 0.030103
vt 0.9049513 0.0373296
vt 0.9049513 0.030103
vt 0.89138 0.0373295
vt 0.89138 0.030103
vt 0.8778087 0.0373295
vt 0.8778087 0.030103
vt 0.8642374 0.0373296
vt 0.8642374 0.030103
vt 0.8506659 0.0373295
vt 0.8506659 0.030103
vt 0.8370945 0.0373295
vt 0.8370945 0.030103
vt 0.8235232 0.0373295
vt 0.8235232 0.030103
vt 0.8099519 0.0373296
vt 0.8099519 0.030103
vt 0.7963805 0.0373295
vt 0.7963805 0.030103
vt 0.7828091 0.0373296
vt 0.7828091 0.030103
vt 0.7675285 0.1021281
vt 0.7834584 0.1021281
vt 0.7858068 0.1323773
vt 0.7651804 0.1323773
vt 0.7865829 0.1659088
vt 0.7644044 0.1659087
vt 0.7861617 0.1994401
vt 0.7648255 0.1994401
vt 0.7857214 0.2296891
vt 0.7652658 0.2296891
vt 0.8125681 0.2452992
vt 0.7983009 0.2452992
vt 0.797521 0.2245148
vt 0.813348 0.2245148
vt 0.7962782 0.1983249
vt 0.8145907 0.198325
vt 0.7958126 0.1692932
vt 0.8150563 0.1692933
vt 0.7962852 0.1402614
vt 0.8145837 0.1402615
vt 0.7975523 0.1140717
vt 0.8133165 0.1140716
vt 0.7986374 0.0932872
vt 0.8122314 0.0932872
vt 0.7989439 0.0702163
vt 0.8119251 0.0702163
vt 0.7989893 0.0450919
vt 0.8118795 0.0450919
vt 0.992574 0.0438353
vt 0.992574 0.0662195
vt 0.8793632 0.0662205
vt 0.8267502 0.0438358
vt 0.9222915 0.2757772
vt 0.9226054 0.2307849
vt 0.9881655 0.2307849
vt 0.9673644 0.3390802
vt 0.9912459 0.1141109
vt 0.9912459 0.2224062
vt 0.9464869 0.2224062
vt 0.9461729 0.1774139
vt 0.9217248 0.163141
vt 0.9217248 0.2769482
vt 0.8993433 0.2769482
vt 0.8993433 0.163141
vt 0.895627 0.2768129
vt 0.8427045 0.2769482
vt 0.9216897 0.4812621
vt 0.8957256 0.4812621
vt 0.8957258 0.3928956
vt 0.9216897 0.3928956
vt 0.8793632 0.1467002
vt 0.8267502 0.1467003
vt 0.8900041 0.498481
vt 0.8395631 0.498481
vt 0.8395631 0.3641613
vt 0.8900041 0.3641613
vt 0.7684169 0.0501204
vt 0.7825689 0.0501204
vt 0.7675285 0.1021281
vt 0.7651804 0.1323773
vt 0.7858068 0.1323773
vt 0.7834584 0.1021282
vt 0.7644044 0.1659087
vt 0.7865829 0.1659087
vt 0.7648255 0.1994401
vt 0.7861617 0.1994401
vt 0.7652658 0.2296891
vt 0.7857214 0.2296891
vt 0.8125681 0.2452992
vt 0.8133479 0.2245147
vt 0.7975211 0.2245147
vt 0.7983009 0.2452992
vt 0.8145907 0.1983249
vt 0.7962782 0.1983249
vt 0.8150563 0.1692932
vt 0.7958127 0.1692932
vt 0.8145837 0.1402614
vt 0.7962853 0.1402615
vt 0.8133165 0.1140715
vt 0.7975523 0.1140715
vt 0.8122315 0.0932871
vt 0.7986374 0.0932871
vt 0.8119252 0.0702161
vt 0.7989438 0.0702161
vt 0.8118795 0.0450919
vt 0.7989894 0.0450919
vt 0.9925741 0.0438353
vt 0.8267503 0.0438359
vt 0.8793633 0.0662206
vt 0.9925741 0.0662195
vt 0.9222915 0.2757772
vt 0.9673644 0.3390802
vt 0.9881654 0.230785
vt 0.9226053 0.230785
vt 0.9912459 0.114111
vt 0.9464869 0.2224062
vt 0.9912459 0.2224062
vt 0.9217248 0.163141
vt 0.8993433 0.163141
vt 0.8993433 0.2769482
vt 0.9217248 0.2769482
vt 0.895627 0.2768129
vt 0.9216899 0.4812621
vt 0.9216897 0.3928956
vt 0.8957256 0.3928956
vt 0.8957256 0.4812621
vt 0.8267503 0.1467003
vt 0.8793633 0.1467002
vt 0.890004 0.498481
vt 0.890004 0.3641612
vt 0.839563 0.3641612
vt 0.839563 0.498481
vt 0.7684169 0.0501204
vt 0.7825689 0.0501204
vt 0.9600554 0.4045206
vt 0.9600554 0.4246951
vt 0.978547 0.4246951
vt 0.9785463 0.4045206
vt 0.9600554 0.4448696
vt 0.9785516 0.4448696
vt 0.9600552 0.4650442
vt 0.9785553 0.4650442
vt 0.9600554 0.4852188
vt 0.978551 0.4852188
vt 0.9600551 0.5053933
vt 0.9785444 0.5053933
vt 0.9600555 0.5255679
vt 0.9785339 0.5255679
vt 0.9600551 0.5457423
vt 0.9785352 0.5457423
vt 0.9600555 0.565917
vt 0.9785317 0.565917
vt 0.9600551 0.5860914
vt 0.9785329 0.5860914
vt 0.9600555 0.606266
vt 0.9785317 0.606266
vt 0.9600551 0.6264406
vt 0.9785352 0.6264406
vt 0.9600555 0.6466151
vt 0.9785338 0.6466151
vt 0.9600551 0.6667896
vt 0.9785443 0.6667896
vt 0.9600555 0.6869642
vt 0.978551 0.6869642
vt 0.9600551 0.7071387
vt 0.9785554 0.7071387
vt 0.9600556 0.7273132
vt 0.9785514 0.7273132
vt 0.9600552 0.7474877
vt 0.9785471 0.7474877
vt 0.9600554 0.7676622
vt 0.9785463 0.7676622
vt 0.9600552 0.7878367
vt 0.9785455 0.7878367
vt 0.9600555 0.3843461
vt 0.9785455 0.3843461
vt 0.9415645 0.4045206
vt 0.9415637 0.4246951
vt 0.9415592 0.4448696
vt 0.9415557 0.4650442
vt 0.9415594 0.4852188
vt 0.9415666 0.5053933
vt 0.9415764 0.5255678
vt 0.941576 0.5457423
vt 0.9415786 0.565917
vt 0.9415783 0.5860915
vt 0.9415786 0.606266
vt 0.941576 0.6264406
vt 0.9415763 0.6466151
vt 0.9415668 0.6667896
vt 0.9415593 0.6869642
vt 0.9415557 0.7071387
vt 0.9415591 0.7273132
vt 0.9415637 0.7474877
vt 0.9415644 0.7676622
vt 0.9415653 0.7878367
vt 0.9415653 0.3843461
vt 0.9923051 0.4045206
vt 0.9923041 0.3843461
vt 0.9923042 0.7878367
vt 0.9923053 0.7676622
vt 0.9923055 0.7474877
vt 0.9923129 0.7273132
vt 0.9923197 0.7071387
vt 0.9923133 0.6869642
vt 0.9922988 0.6667896
vt 0.9922914 0.6466151
vt 0.9922855 0.6264406
vt 0.9922855 0.606266
vt 0.992285 0.5860915
vt 0.9922855 0.565917
vt 0.9922854 0.5457423
vt 0.9922914 0.5255679
vt 0.9922988 0.5053933
vt 0.9923132 0.4852188
vt 0.9923198 0.4650442
vt 0.9923127 0.4448696
vt 0.9923055 0.4246951
vt 0.9278054 0.4045205
vt 0.9278051 0.4246951
vt 0.9277979 0.4448696
vt 0.9277908 0.4650442
vt 0.9277974 0.4852188
vt 0.9278115 0.5053933
vt 0.9278195 0.5255678
vt 0.9278251 0.5457423
vt 0.9278252 0.565917
vt 0.9278255 0.5860915
vt 0.9278252 0.606266
vt 0.9278251 0.6264406
vt 0.9278195 0.6466151
vt 0.9278117 0.6667896
vt 0.9277974 0.6869642
vt 0.9277908 0.7071387
vt 0.9277979 0.7273132
vt 0.9278051 0.7474877
vt 0.9278054 0.7676622
vt 0.9278066 0.7878367
vt 0.9278066 0.3843461
vt 0.7148557 0.0371937
vt 0.7284366 0.037272
vt 0.7284366 0.0302275
vt 0.7148557 0.0301605
vt 0.7420177 0.0372515
vt 0.7420177 0.0302221
vt 0.7555987 0.0372471
vt 0.7555987 0.0302011
vt 0.7691796 0.0372431
vt 0.7691796 0.0302014
vt 0.7827607 0.0372431
vt 0.7827607 0.0302009
vt 0.7963417 0.0372431
vt 0.7963417 0.0302009
vt 0.8099228 0.0372431
vt 0.8099227 0.0302009
vt 0.8235037 0.0372431
vt 0.8235037 0.0302009
vt 0.8370848 0.0372431
vt 0.8370848 0.0302009
vt 0.8506657 0.0372431
vt 0.8506657 0.0302009
vt 0.8642468 0.0372431
vt 0.8642468 0.0302009
vt 0.8778279 0.0372431
vt 0.8778279 0.0302009
vt 0.8914089 0.0372431
vt 0.8914089 0.0302009
vt 0.90499 0.0372431
vt 0.90499 0.0302009
vt 0.918571 0.0372431
vt 0.9185709 0.0302009
vt 0.9321519 0.0372431
vt 0.9321519 0.0302013
vt 0.945733 0.0372471
vt 0.945733 0.0302011
vt 0.959314 0.0372515
vt 0.959314 0.0302221
vt 0.972895 0.037272
vt 0.972895 0.0302275
vt 0.986476 0.0371937
vt 0.986476 0.0301605
vt 0.986476 0.0302387
vt 0.9728951 0.0301605
vt 0.9728951 0.037205
vt 0.986476 0.037272
vt 0.959314 0.0301809
vt 0.959314 0.0372103
vt 0.945733 0.0301855
vt 0.945733 0.0372315
vt 0.9321519 0.0301895
vt 0.9321519 0.0372311
vt 0.918571 0.0301893
vt 0.918571 0.0372316
vt 0.90499 0.0301895
vt 0.90499 0.0372316
vt 0.8914089 0.0301893
vt 0.8914089 0.0372316
vt 0.8778279 0.0301893
vt 0.8778279 0.0372317
vt 0.864247 0.0301895
vt 0.864247 0.0372317
vt 0.8506659 0.0301893
vt 0.8506659 0.0372316
vt 0.8370848 0.0301893
vt 0.8370848 0.0372316
vt 0.8235039 0.0301893
vt 0.8235037 0.0372316
vt 0.8099229 0.0301895
vt 0.8099229 0.0372317
vt 0.7963419 0.0301895
vt 0.7963418 0.0372317
vt 0.7827607 0.0301895
vt 0.7827607 0.0372317
vt 0.7691798 0.0301895
vt 0.7691798 0.0372311
vt 0.7555987 0.0301855
vt 0.7555987 0.0372315
vt 0.7420176 0.0301809
vt 0.7420176 0.0372103
vt 0.7284368 0.0301605
vt 0.7284368 0.037205
vt 0.7148558 0.0302387
vt 0.7148558 0.037272
vt 0.7415972 0.0307251
vt 0.7279637 0.0307249
vt 0.7279637 0.0367075
vt 0.7415972 0.0367075
vt 0.755231 0.0307255
vt 0.755231 0.036707
vt 0.7688644 0.0307248
vt 0.7688644 0.0367077
vt 0.7824979 0.0307249
vt 0.7824979 0.0367077
vt 0.7961317 0.0307249
vt 0.7961317 0.0367077
vt 0.8097652 0.0307249
vt 0.8097652 0.0367077
vt 0.8233988 0.0307249
vt 0.8233988 0.0367077
vt 0.8370323 0.0307249
vt 0.8370323 0.0367075
vt 0.850666 0.0307249
vt 0.850666 0.0367075
vt 0.8642995 0.0307249
vt 0.8642995 0.0367075
vt 0.8779331 0.0307248
vt 0.8779331 0.0367077
vt 0.8915667 0.0307248
vt 0.8915667 0.0367077
vt 0.9052002 0.0307248
vt 0.9052002 0.0367077
vt 0.9188338 0.0307248
vt 0.9188338 0.0367077
vt 0.9324673 0.0307248
vt 0.9324673 0.0367077
vt 0.946101 0.0307257
vt 0.946101 0.036707
vt 0.9597345 0.0307251
vt 0.9597346 0.0367075
vt 0.973368 0.0307249
vt 0.973368 0.0367075
vt 0.9870017 0.0307249
vt 0.9870017 0.0367075
vt 0.7143302 0.0307249
vt 0.7143302 0.0367075
vt 0.9733682 0.0307251
vt 0.9597346 0.0307251
vt 0.9597346 0.0367075
vt 0.9733682 0.0367075
vt 0.946101 0.0307257
vt 0.946101 0.036707
vt 0.9324675 0.0307248
vt 0.9324675 0.0367077
vt 0.9188338 0.0307248
vt 0.9188338 0.0367077
vt 0.9052002 0.0307248
vt 0.9052002 0.0367077
vt 0.8915667 0.0307248
vt 0.8915667 0.0367077
vt 0.877933 0.0307248
vt 0.877933 0.0367077
vt 0.8642995 0.0307248
vt 0.8642995 0.0367077
vt 0.8506659 0.0307248
vt 0.8506659 0.0367077
vt 0.8370323 0.0307248
vt 0.8370323 0.0367077
vt 0.8233988 0.0307248
vt 0.8233988 0.0367077
vt 0.8097652 0.0307248
vt 0.809765 0.0367077
vt 0.7961316 0.0307248
vt 0.7961316 0.0367077
vt 0.7824979 0.0307248
vt 0.7824979 0.0367077
vt 0.7688644 0.0307248
vt 0.7688644 0.0367077
vt 0.7552308 0.0307257
vt 0.7552308 0.036707
vt 0.7415972 0.0307251
vt 0.7415972 0.0367075
vt 0.7279636 0.0307251
vt 0.7279636 0.0367075
vt 0.7143302 0.0307251
vt 0.7143302 0.0367075
vt 0.9870017 0.0307251
vt 0.9870017 0.0367075
vt 0.9233533 0.5490209
vt 0.9212935 0.536015
vt 0.8907251 0.5459472
vt 0.8912122 0.5490209
vt 0.9153152 0.5242822
vt 0.8893124 0.5431742
vt 0.906004 0.5149709
vt 0.8871119 0.5409736
vt 0.894271 0.5089927
vt 0.8843389 0.5395607
vt 0.881265 0.5069326
vt 0.881265 0.5390739
vt 0.8682592 0.5089927
vt 0.8781912 0.5395607
vt 0.8565261 0.5149709
vt 0.8754184 0.5409736
vt 0.8472151 0.5242822
vt 0.8732177 0.5431742
vt 0.8412368 0.536015
vt 0.871805 0.5459472
vt 0.839177 0.5490209
vt 0.8713181 0.5490209
vt 0.8412368 0.562027
vt 0.871805 0.5520947
vt 0.8472151 0.5737597
vt 0.8732177 0.5548677
vt 0.8565261 0.5830711
vt 0.8754184 0.5570682
vt 0.8682592 0.5890492
vt 0.8781912 0.5584811
vt 0.881265 0.5911092
vt 0.881265 0.5589679
vt 0.894271 0.5890492
vt 0.8843389 0.5584811
vt 0.9060041 0.5830711
vt 0.8871118 0.5570682
vt 0.9153152 0.5737598
vt 0.8893124 0.5548677
vt 0.9212935 0.562027
vt 0.8907251 0.5520947
vt 0.906004 0.5830711
vt 0.9153152 0.5737597
vt 0.8893126 0.5548677
vt 0.8871118 0.5570683
vt 0.9212934 0.5620268
vt 0.8907253 0.5520947
vt 0.9233534 0.5490208
vt 0.8912122 0.549021
vt 0.9212934 0.536015
vt 0.8907254 0.5459471
vt 0.9153152 0.524282
vt 0.8893126 0.5431742
vt 0.906004 0.5149709
vt 0.8871118 0.5409735
vt 0.8942709 0.5089926
vt 0.8843389 0.5395607
vt 0.881265 0.5069326
vt 0.8812651 0.5390739
vt 0.868259 0.5089925
vt 0.8781913 0.5395607
vt 0.8565261 0.5149709
vt 0.8754183 0.5409736
vt 0.8472148 0.5242822
vt 0.8732178 0.5431742
vt 0.8412366 0.536015
vt 0.8718049 0.5459471
vt 0.8391769 0.549021
vt 0.8713181 0.5490209
vt 0.841237 0.5620269
vt 0.8718048 0.5520948
vt 0.8472151 0.5737599
vt 0.8732177 0.5548677
vt 0.8565264 0.5830711
vt 0.8754184 0.5570683
vt 0.8682591 0.5890492
vt 0.8781914 0.5584811
vt 0.8812652 0.5911092
vt 0.8812651 0.5589679
vt 0.8942711 0.5890493
vt 0.884339 0.5584812
vt 0.7589389 0.0687224
vt 0.7589389 0.0585009
vt 0.7194854 0.0585009
vt 0.7194854 0.0687224
vt 0.7589389 0.0789438
vt 0.7194854 0.0789438
vt 0.758939 0.0891653
vt 0.7194854 0.0891653
vt 0.758939 0.0993866
vt 0.7194854 0.0993866
vt 0.758939 0.1096081
vt 0.7194854 0.1096081
vt 0.758939 0.119829
vt 0.7194853 0.119829
vt 0.758939 0.1300506
vt 0.7194854 0.1300506
vt 0.758939 0.1402721
vt 0.7194854 0.1402721
vt 0.758939 0.1504932
vt 0.7194854 0.1504932
vt 0.758939 0.1607146
vt 0.7194854 0.1607146
vt 0.758939 0.170936
vt 0.7194854 0.170936
vt 0.758939 0.1811574
vt 0.7194854 0.1811574
vt 0.7589391 0.1913785
vt 0.7194854 0.1913785
vt 0.758939 0.2016
vt 0.7194854 0.2016
vt 0.7589391 0.2118215
vt 0.7194854 0.2118215
vt 0.7589391 0.2220426
vt 0.7194854 0.2220426
vt 0.758939 0.2322641
vt 0.7194854 0.232264
vt 0.7589391 0.2424853
vt 0.7194854 0.2424854
vt 0.758939 0.2527069
vt 0.7194854 0.252707
vt 0.7589389 0.0482798
vt 0.7194854 0.0482798
vt 0.7589388 0.2424861
vt 0.7589388 0.2322646
vt 0.7194855 0.2322645
vt 0.7194855 0.2424859
vt 0.7589388 0.2220432
vt 0.7194855 0.2220432
vt 0.7589388 0.2118217
vt 0.7194855 0.2118218
vt 0.7589388 0.2016004
vt 0.7194855 0.2016003
vt 0.7589388 0.1913789
vt 0.7194855 0.1913788
vt 0.7589388 0.1811578
vt 0.7194855 0.1811576
vt 0.7589388 0.1709363
vt 0.7194855 0.170936
vt 0.7589388 0.1607148
vt 0.7194855 0.1607147
vt 0.7589388 0.1504934
vt 0.7194855 0.1504932
vt 0.7589388 0.1402721
vt 0.7194855 0.140272
vt 0.758939 0.1300508
vt 0.7194854 0.1300507
vt 0.758939 0.1198295
vt 0.7194855 0.1198292
vt 0.758939 0.109608
vt 0.7194854 0.1096079
vt 0.758939 0.0993868
vt 0.7194855 0.0993866
vt 0.758939 0.0891653
vt 0.7194855 0.0891652
vt 0.758939 0.0789439
vt 0.7194855 0.0789438
vt 0.7589389 0.0687227
vt 0.7194854 0.0687224
vt 0.7589388 0.0585013
vt 0.7194855 0.0585012
vt 0.7589389 0.0482799
vt 0.7194854 0.0482798
vt 0.7589388 0.2527072
vt 0.7194855 0.2527071
vt 0.7692378 0.0301021
vt 0.7556664 0.0301027
vt 0.7556664 0.0373298
vt 0.7692378 0.0373305
vt 0.7420951 0.0301029
vt 0.7420951 0.0373297
vt 0.7285236 0.0301029
vt 0.7285236 0.0373297
vt 0.7149522 0.0301029
vt 0.7149522 0.0373297
vt 0.9863795 0.0301029
vt 0.9728081 0.0301029
vt 0.9728081 0.0373297
vt 0.9863795 0.0373297
vt 0.9592369 0.0301029
vt 0.9592369 0.0373297
vt 0.9456655 0.0301027
vt 0.9456655 0.0373298
vt 0.932094 0.0301021
vt 0.932094 0.0373305
vt 0.9185228 0.030103
vt 0.9185228 0.0373296
vt 0.9049513 0.030103
vt 0.9049513 0.0373296
vt 0.89138 0.030103
vt 0.89138 0.0373295
vt 0.8778087 0.030103
vt 0.8778087 0.0373295
vt 0.8642374 0.030103
vt 0.8642374 0.0373296
vt 0.8506659 0.030103
vt 0.8506659 0.0373295
vt 0.8370945 0.030103
vt 0.8370945 0.0373295
vt 0.8235232 0.030103
vt 0.8235232 0.0373295
vt 0.8099519 0.030103
vt 0.8099519 0.0373296
vt 0.7963805 0.030103
vt 0.7963805 0.0373295
vt 0.7828091 0.030103
vt 0.7828091 0.0373296
vt 0.4572459 0.0039064
vt 0.4572459 0.0226098
vt 0.8719411 0.0226092
vt 0.8719411 0.0039069
vt 0.0154243 0.0039064
vt 0.0154243 0.0226098
vt 0.4301198 0.0226092
vt 0.4301198 0.0039069
vt 0.0246944 0.0494561
vt 0.0246944 0.0682792
vt 0.6906825 0.0682792
vt 0.6906825 0.0494561
vt 0.0246948 0.0266215
vt 0.0246948 0.0454443
vt 0.6906936 0.0454443
vt 0.6906936 0.0266215
vt 0.7026959 0.0442851
vt 0.7026959 0.0277808
vt 0.7114823 0.0436166
vt 0.7114823 0.0284492
vt 0.4457278 0.0224634
vt 0.4457278 0.0040527
vt 0.8834592 0.0224636
vt 0.8834592 0.0040525
vt 0.0039063 0.066451
vt 0.0126924 0.0671198
vt 0.0126924 0.0506155
vt 0.0039063 0.0512841
vt 0.0126925 0.0277808
vt 0.0126925 0.0442851
vt 0.0039063 0.0284492
vt 0.0039063 0.0436166
vt 0.0039063 0.0224634
vt 0.0039063 0.0040527
vt 0.4416378 0.0224636
vt 0.4416378 0.0040526
vt 0.7114707 0.0512841
vt 0.7026846 0.0506155
vt 0.7026846 0.0671198
vt 0.7114707 0.066451
vt 0.0070902 0.5206562
vt 0.0070902 0.0837856
vt 0.0039063 0.0952814
vt 0.0039063 0.5091605
vt 0.0276712 0.9960938
vt 0.0276712 0.5362324
vt 0.0157886 0.5393136
vt 0.0157886 0.9930146
vt 0.0157888 0.5290715
vt 0.0157888 0.0753694
vt 0.6870308 0.5321505
vt 0.6870308 0.0722909
vt 0.0276715 0.072292
vt 0.0276715 0.5321504
vt 0.6989134 0.5290715
vt 0.6989134 0.075371
vt 0.707612 0.0837855
vt 0.707612 0.5206559
vt 0.7107961 0.5091607
vt 0.7107961 0.0952806
vt 0.00709 0.9845998
vt 0.00709 0.5477292
vt 0.0039063 0.5592246
vt 0.0039063 0.9731044
vt 0.6870292 0.9960218
vt 0.6870292 0.5361623
vt 0.6989115 0.9929411
vt 0.6989115 0.539241
vt 0.7076103 0.9845257
vt 0.7076103 0.5476563
vt 0.7107941 0.9730314
vt 0.7107941 0.5591523
vn 1 0.0000015 0
vn 1 0.000003 0
vn 1 0 0
vn 1 0.000001 0
vn 1 7e-7 0.0000019
vn 1 5e-7 -1e-7
vn 1 3e-7 -7e-7
vn 1 1e-7 -5e-7
vn 1 0 -2e-7
vn 1 -1e-7 0
vn 1 -3e-7 0
vn 1 -4e-7 0
vn 1 -4e-7 0
vn 1 -4e-7 0
vn -1 -0.000003 0
vn -1 -0.0000015 0
vn -1 0 1e-7
vn -1 -0.000001 0
vn -1 -7e-7 0
vn -1 -5e-7 0
vn -1 -3e-7 0
vn -1 -1e-7 2e-7
vn -1 0 4e-7
vn -1 1e-7 5e-7
vn -1 3e-7 5e-7
vn -1 4e-7 0
vn -1 4e-7 0
vn -1 4e-7 0
vn 0 0.7670839 0.6415468
vn 0 0.9822613 0.1875174
vn 0 1 0
vn 1 0 0
vn 1 0 0
vn 1 0 0
vn -1 0.0000015 0.0000031
vn -1 0 -6e-7
vn -1 0.000003 0
vn -1 0.000001 -0.0000015
vn -1 7e-7 -4e-7
vn -1 5e-7 -7e-7
vn -1 3e-7 -9e-7
vn -1 1e-7 -8e-7
vn -1 0 -0.0000011
vn -1 -1e-7 -0.0000011
vn -1 -3e-7 -5e-7
vn -1 -4e-7 -9e-7
vn -1 -4e-7 -8e-7
vn -1 -4e-7 6e-7
vn 1 -0.000003 0
vn 1 0 -3e-7
vn 1 -0.0000015 -0.0000022
vn 1 -0.000001 0.0000011
vn 1 -7e-7 -2e-7
vn 1 -5e-7 2e-7
vn 1 -3e-7 2e-7
vn 1 -1e-7 0
vn 1 0 -4e-7
vn 1 1e-7 -4e-7
vn 1 3e-7 5e-7
vn 1 4e-7 7e-7
vn 1 4e-7 -9e-7
vn 1 4e-7 -0.0000019
vn 0 0.7670824 0.6415486
vn 0 1 0
vn 0 0.982261 0.1875188
vn -1 0 0
vn -1 0 0
vn -1 0 0
vn -1 0.0000015 -0.0000015
vn -1 0 -3e-7
vn -1 0.000003 0.0000053
vn -1 0.000001 8e-7
vn -1 7e-7 -7e-7
vn -1 5e-7 -3e-7
vn -1 3e-7 0
vn -1 1e-7 0
vn -1 0 0
vn -1 -1e-7 -7e-7
vn -1 -3e-7 -9e-7
vn -1 -4e-7 -2e-7
vn -1 -4e-7 -5e-7
vn -1 -4e-7 -6e-7
vn 1 -0.000003 -0.0000053
vn 1 0 3e-7
vn 1 -0.0000015 3e-7
vn 1 -0.000001 -3e-7
vn 1 -7e-7 0.0000018
vn 1 -5e-7 6e-7
vn 1 -3e-7 0
vn 1 -1e-7 0
vn 1 0 0
vn 1 1e-7 0
vn 1 3e-7 3e-7
vn 1 4e-7 6e-7
vn 1 4e-7 5e-7
vn 1 4e-7 6e-7
vn 0 0.7670848 0.6415457
vn 0 1 0
vn 0 0.9824508 0.1865217
vn -1 0 0
vn -1 0 0
vn -1 0 0
vn 1 0.0000015 5e-7
vn 1 0.000003 0.0000107
vn 1 0 -8e-7
vn 1 0.000001 0
vn 1 7e-7 0
vn 1 5e-7 -7e-7
vn 1 3e-7 -9e-7
vn 1 1e-7 -0.000001
vn 1 0 -0.0000013
vn 1 -1e-7 -0.0000015
vn 1 -3e-7 -9e-7
vn 1 -4e-7 -0.0000012
vn 1 -4e-7 -0.0000014
vn 1 -4e-7 0
vn -1 0 0
vn -1 0 0
vn -1 0 2e-7
vn -1 0 0
vn -1 0 0
vn -1 0 0
vn -1 0 0
vn -1 0 -2e-7
vn -1 0 0
vn -1 0 2e-7
vn -1 0 -6e-7
vn -1 0 3e-7
vn -1 0 0.0000014
vn -1 0 0
vn 0 0.7670837 0.641547
vn 0 0.9824507 0.1865222
vn 0 1 0
vn 1 0 0
vn 1 0 0
vn 1 0 0
vn 1 0.0000015 0
vn 1 0.000003 0
vn 1 0 -1e-7
vn 1 0.000001 0
vn 1 7e-7 0
vn 1 5e-7 0
vn 1 3e-7 1e-7
vn 1 1e-7 -1e-7
vn 1 0 -6e-7
vn 1 -1e-7 -4e-7
vn 1 -3e-7 0
vn 1 -4e-7 0
vn 1 -4e-7 0
vn 1 -4e-7 0
vn -1 -0.000003 0
vn -1 -0.0000015 0
vn -1 0 1e-7
vn -1 -0.000001 0
vn -1 -7e-7 -0.0000019
vn -1 -5e-7 8e-7
vn -1 -3e-7 6e-7
vn -1 -1e-7 2e-7
vn -1 0 4e-7
vn -1 1e-7 2e-7
vn -1 3e-7 0
vn -1 4e-7 0
vn -1 4e-7 0
vn -1 4e-7 0
vn 0 0.7670839 0.6415468
vn 0 0.9822613 0.1875174
vn 0 1 0
vn 1 0 0
vn 1 0 0
vn 1 0 0
vn -1 0.0000015 0.0000011
vn -1 0 -6e-7
vn -1 0.000003 0
vn -1 0.000001 -5e-7
vn -1 7e-7 8e-7
vn -1 5e-7 -0.0000011
vn -1 3e-7 -6e-7
vn -1 1e-7 -5e-7
vn -1 0 -7e-7
vn -1 -1e-7 -0.0000011
vn -1 -3e-7 -9e-7
vn -1 -4e-7 -6e-7
vn -1 -4e-7 -7e-7
vn -1 -4e-7 0
vn 1 -0.000003 0
vn 1 0 -3e-7
vn 1 -0.0000015 -0.000002
vn 1 -0.000001 9e-7
vn 1 -7e-7 -2e-7
vn 1 -5e-7 2e-7
vn 1 -3e-7 2e-7
vn 1 -1e-7 0
vn 1 0 -4e-7
vn 1 1e-7 -4e-7
vn 1 3e-7 5e-7
vn 1 4e-7 7e-7
vn 1 4e-7 -9e-7
vn 1 4e-7 -0.0000019
vn 0 0.7670824 0.6415486
vn 0 1 0
vn 0 0.982261 0.1875188
vn -1 0 0
vn -1 0 0
vn -1 0 0
vn -1 0.0000015 0.0000011
vn -1 0 -4e-7
vn -1 0.000003 0.0000053
vn -1 0.000001 -4e-7
vn -1 7e-7 -6e-7
vn -1 5e-7 -5e-7
vn -1 3e-7 -7e-7
vn -1 1e-7 -3e-7
vn -1 0 -4e-7
vn -1 -1e-7 -7e-7
vn -1 -3e-7 -5e-7
vn -1 -4e-7 -5e-7
vn -1 -4e-7 -5e-7
vn -1 -4e-7 0
vn 1 -0.000003 -0.0000053
vn 1 0 3e-7
vn 1 -0.0000015 3e-7
vn 1 -0.000001 -3e-7
vn 1 -7e-7 0.0000013
vn 1 -5e-7 4e-7
vn 1 -3e-7 0
vn 1 -1e-7 0
vn 1 0 0
vn 1 1e-7 0
vn 1 3e-7 3e-7
vn 1 4e-7 0
vn 1 4e-7 4e-7
vn 1 4e-7 0.0000019
vn 0 0.7670848 0.6415457
vn 0 1 0
vn 0 0.9824508 0.1865217
vn -1 0 0
vn -1 0 0
vn -1 0 0
vn 1 0.0000015 5e-7
vn 1 0.000003 0.0000107
vn 1 0 -0.0000012
vn 1 0.000001 0
vn 1 7e-7 0
vn 1 5e-7 -0.0000014
vn 1 3e-7 -0.0000012
vn 1 1e-7 -0.000001
vn 1 0 -0.0000013
vn 1 -1e-7 -8e-7
vn 1 -3e-7 0
vn 1 -4e-7 -0.0000012
vn 1 -4e-7 -0.0000027
vn 1 -4e-7 -0.0000025
vn -1 0 0
vn -1 0 0
vn -1 0 2e-7
vn -1 0 0
vn -1 0 0
vn -1 0 0
vn -1 0 0
vn -1 0 -2e-7
vn -1 0 0
vn -1 0 2e-7
vn -1 0 -6e-7
vn -1 0 3e-7
vn -1 0 0.0000014
vn -1 0 0
vn 0 0.7670837 0.641547
vn 0 0.9824507 0.1865222
vn 0 1 0
vn 1 0 0
vn 1 0 0
vn 1 0 0
vn 0 0.6995239 0.7146092
vn 0 0.9383366 0.3457229
vn 0 0.9383366 0.3457229
vn 0 0.699524 0.7146091
vn 0 1 0
vn 0 1 0
vn 0 0.9510567 -0.3090165
vn 0 0.9510567 -0.3090165
vn 0 0.8090159 -0.5877868
vn 0 0.8090159 -0.5877868
vn 0 0.8090159 -0.5877868
vn 0 0.5877849 -0.8090173
vn 0 0.5877849 -0.8090173
vn 0 0.8090159 -0.5877868
vn 0 0.3090188 -0.9510559
vn 0 0.3090188 -0.9510559
vn 0 0 -1
vn 0 0 -1
vn 0 -0.3090177 -0.9510563
vn 0 -0.3090177 -0.9510563
vn 0 -0.5877849 -0.8090173
vn 0 -0.5877849 -0.8090173
vn 0 -0.7309569 -0.6824236
vn 0 -0.7309569 -0.6824236
vn 0 -0.7534109 -0.65755
vn 0 -0.7534109 -0.65755
vn 0 -0.7561559 -0.6543915
vn 0 -0.7561559 -0.6543915
vn -0.0000036 -1 0
vn -0.0000036 -1 0
vn -0.0000036 -1 0
vn -0.0000036 -1 0
vn 1 -1e-7 -6e-7
vn 1 -1e-7 -6e-7
vn 1 -1e-7 -6e-7
vn 1 -1e-7 -6e-7
vn -1 3e-7 0
vn -1 3e-7 0
vn -1 3e-7 0
vn -1 3e-7 0
vn 0 -0.0069751 -0.9999757
vn 0 -0.0069751 -0.9999757
vn 0 -0.0069751 -0.9999757
vn 0 -0.0069751 -0.9999757
vn 0 1 0
vn 0 1 0
vn 0 0 -1
vn 0 0 -1
vn 0 0 -1
vn 0 0 -1
vn 0 -1 0
vn 0 -1 0
vn 0 -1 0
vn 0 -1 0
vn 0 0 1
vn 0 0 1
vn 0 0 1
vn 0 0 1
vn 0 0.7670839 0.6415468
vn 0 0.9822613 0.1875174
vn 0 0.6995223 0.7146108
vn 0 0.6995223 0.7146107
vn 0 0.9383363 0.3457239
vn 0 0.9383363 0.3457239
vn 0 1 0
vn 0 1 0
vn 0 0.951057 -0.3090156
vn 0 0.951057 -0.3090156
vn 0 0.8090161 -0.5877865
vn 0 0.8090161 -0.5877865
vn 0 0.8090161 -0.5877865
vn 0 0.8090161 -0.5877865
vn 0 0.5877848 -0.8090173
vn 0 0.5877848 -0.8090173
vn 0 0.3090177 -0.9510563
vn 0 0.3090177 -0.9510563
vn 0 0 -1
vn 0 0 -1
vn 0 -0.3090171 -0.9510565
vn 0 -0.3090171 -0.9510565
vn 0 -0.5877848 -0.8090173
vn 0 -0.5877848 -0.8090173
vn 0 -0.7309573 -0.6824232
vn 0 -0.7309573 -0.6824232
vn 0 -0.7534123 -0.6575484
vn 0 -0.7534123 -0.6575484
vn 0 -0.7561572 -0.65439
vn 0 -0.7561572 -0.65439
vn 0 -1 0
vn 0 -1 0
vn 0 -1 0
vn 0 -1 0
vn -1 -1e-7 -7e-7
vn -1 -1e-7 -7e-7
vn -1 -1e-7 -7e-7
vn -1 -1e-7 -7e-7
vn 1 3e-7 0
vn 1 3e-7 0
vn 1 3e-7 0
vn 1 3e-7 0
vn 0 -0.0069751 -0.9999757
vn 0 -0.0069751 -0.9999757
vn 0 -0.0069751 -0.9999757
vn 0 -0.0069751 -0.9999757
vn 0 1 0
vn 0 1 0
vn 0 -1e-7 -1
vn 0 -1e-7 -1
vn 0 -1e-7 -1
vn 0 -1e-7 -1
vn 0 -1 0
vn 0 -1 0
vn 0 0 1
vn 0 0 1
vn 0 0 1
vn 0 0 1
vn 0 0.7670824 0.6415486
vn 0 0.982261 0.1875188
vn 0 0.9510567 -0.3090165
vn 0.3137519 0.9030333 -0.2934121
vn 0.3137512 0.7681661 -0.5581049
vn 8e-7 0.809017 -0.5877853
vn 0.313751 0.5581062 -0.7681652
vn 4e-7 0.5877866 -0.809016
vn 0.3137503 0.2934137 -0.9030333
vn -3e-7 0.3090175 -0.9510563
vn 0.3137501 0 -0.9495056
vn 1e-7 0 -1
vn 0.3137505 -0.2934146 -0.903033
vn 0 -0.309018 -0.9510562
vn 0.3137498 -0.5581067 -0.7681653
vn -3e-7 -0.5877866 -0.809016
vn 0.3137506 -0.7681661 -0.5581052
vn -3e-7 -0.809017 -0.5877852
vn 0.3137518 -0.9030328 -0.2934136
vn 0 -0.9510564 -0.3090173
vn 0.3137515 -0.9495051 -1e-7
vn 0 -1 -1e-7
vn 0.3137525 -0.9030328 0.2934128
vn 8e-7 -0.9510565 0.3090171
vn 0.3137519 -0.7681662 0.5581043
vn 0.0000011 -0.809017 0.5877852
vn 0.3137502 -0.5581056 0.768166
vn 4e-7 -0.5877857 0.8090166
vn 0.3137506 -0.2934132 0.9030334
vn 1e-7 -0.3090169 0.9510565
vn 0.3137509 0 0.9495053
vn 1e-7 0 1
vn 0.3137505 0.2934129 0.9030335
vn 0 0.3090162 0.9510568
vn 0.3137506 0.5581056 0.7681658
vn 0 0.5877854 0.8090169
vn 0.313751 0.7681667 0.5581042
vn 0 0.8090172 0.5877849
vn 0.3137517 0.9030332 0.2934125
vn 0 0.9510566 0.3090167
vn 0.3137523 0.9495049 4e-7
vn 0 1 5e-7
vn 0 1 5e-7
vn 0.3137523 0.9495049 4e-7
vn -0.3137527 0.9030329 -0.2934125
vn -0.3137515 0.7681656 -0.5581054
vn -0.3137523 0.5581059 -0.7681649
vn -0.3137521 0.2934131 -0.9030329
vn -0.313751 0 -0.9495053
vn -0.3137513 -0.2934138 -0.9030329
vn -0.3137511 -0.5581063 -0.7681651
vn -0.3137522 -0.7681657 -0.5581048
vn -0.3137527 -0.9030325 -0.2934136
vn -0.3137524 -0.9495048 -1e-7
vn -0.3137518 -0.9030329 0.2934135
vn -0.3137508 -0.7681661 0.5581052
vn -0.3137508 -0.5581054 0.7681659
vn -0.3137514 -0.2934131 0.9030331
vn -0.3137516 0 0.9495051
vn -0.313751 0.2934128 0.9030333
vn -0.3137508 0.5581056 0.7681657
vn -0.3137516 0.7681661 0.5581046
vn -0.3137523 0.9030329 0.2934127
vn -0.3137531 0.9495046 3e-7
vn -0.3137531 0.9495046 3e-7
vn 0.5866193 0.8098628 0
vn 0.5866162 0.770228 -0.2502603
vn 0.586618 0.7702263 0.2502614
vn 0.5866193 0.8098628 0
vn 0.5866144 0.655197 0.4760257
vn 0.5866161 0.4760273 0.6551943
vn 0.5866172 0.2502606 0.7702271
vn 0.586617 0 0.8098645
vn 0.5866167 -0.2502611 0.7702274
vn 0.5866157 -0.476027 0.6551949
vn 0.586615 -0.6551964 0.4760258
vn 0.5866164 -0.7702273 0.250262
vn 0.5866168 -0.8098646 -4e-7
vn 0.5866159 -0.7702277 -0.2502623
vn 0.5866144 -0.655196 -0.4760269
vn 0.5866146 -0.4760283 -0.6551949
vn 0.5866153 -0.2502631 -0.7702278
vn 0.5866151 0 -0.8098658
vn 0.5866158 0.2502609 -0.7702281
vn 0.5866142 0.4760278 -0.6551956
vn 0.5866126 0.6551977 -0.476027
vn -0.5866136 0.6551964 -0.4760275
vn -0.5866154 0.7702284 -0.2502608
vn -0.5866152 0.4760268 -0.6551954
vn -0.5866154 0.2502614 -0.7702283
vn -0.5866147 0 -0.8098662
vn -0.5866141 -0.2502632 -0.7702287
vn -0.5866134 -0.4760283 -0.655196
vn -0.5866146 -0.6551962 -0.4760265
vn -0.5866152 -0.7702282 -0.2502621
vn -0.5866152 -0.8098658 -1e-7
vn -0.5866137 -0.770229 0.2502633
vn -0.5866137 -0.6551965 0.4760272
vn -0.5866153 -0.4760266 0.6551955
vn -0.5866155 -0.2502618 0.7702281
vn -0.5866159 0 0.8098653
vn -0.5866153 0.2502614 0.7702283
vn -0.5866137 0.4760274 0.6551963
vn -0.5866136 0.6551961 0.476028
vn -0.5866168 0.770227 0.250262
vn -0.5866176 0.809864 3e-7
vn -0.5866176 0.809864 3e-7
vn -1 0 0
vn -1 0 0
vn -1 0 0
vn -1 0 0
vn -1 0 0
vn -1 0 0
vn -1 0 0
vn -1 0 0
vn -1 0 0
vn -1 0 0
vn -1 0 0
vn -1 0 0
vn -1 0 0
vn -1 0 0
vn -1 0 0
vn -1 0 0
vn -1 0 0
vn -1 0 0
vn -1 0 0
vn -1 0 0
vn -1 0 0
vn -1 0 0
vn -1 0 -0.000001
vn -1 0 -0.000001
vn -1 0 -0.0000029
vn -1 0 -0.0000029
vn -1 0 0
vn -1 0 0
vn -1 0 0.000002
vn -1 0 0.000002
vn -1 0 0
vn -1 0 0
vn -1 0 0
vn -1 0 0
vn -1 0 0
vn -1 0 0
vn -1 0 0
vn -1 0 0
vn -1 0 0
vn -1 0 0
vn -1 0 0
vn -1 0 0
vn 1 0 0
vn 1 0 0
vn 1 0 -0.000001
vn 1 0 -0.000001
vn 1 0 -0.000001
vn 1 0 -0.000001
vn 1 0 0
vn 1 0 0
vn 1 0 0.000002
vn 1 0 0.000002
vn 1 0 0.0000039
vn 1 0 0.0000039
vn 1 0 0.000002
vn 1 0 0.000002
vn 1 0 0.000002
vn 1 0 0.000002
vn 1 0 0.000002
vn 1 0 0.000002
vn 1 0 5e-7
vn 1 0 5e-7
vn 1 0 0
vn 1 0 0
vn 1 0 -5e-7
vn 1 0 -5e-7
vn 1 0 0
vn 1 0 0
vn 1 0 0
vn 1 0 0
vn 1 0 0
vn 1 0 0
vn 1 0 -0.000002
vn 1 0 -0.000002
vn 1 0 0
vn 1 0 0
vn 1 0 0.0000039
vn 1 0 0.0000039
vn 1 0 0.000002
vn 1 0 0.000002
vn 1 0 0
vn 1 0 0
vn 1 0 0
vn 1 0 0
vn 0 -0.8090177 0.5877843
vn 0 -0.8090177 0.5877843
vn 0 -0.9510569 0.3090158
vn 0 -0.9510569 0.3090158
vn 0 -0.5877846 0.8090175
vn 0 -0.5877846 0.8090175
vn 0 -0.3090161 0.9510568
vn 0 -0.3090161 0.9510568
vn 0 0 1
vn 0 0 1
vn 0 0.3090169 0.9510565
vn 0 0.3090169 0.9510565
vn 0 0.5877869 0.8090158
vn 0 0.5877869 0.8090158
vn 0 0.8090177 0.5877843
vn 0 0.8090177 0.5877843
vn 0 0.9510563 0.3090176
vn 0 0.9510563 0.3090176
vn 0 1 0
vn 0 1 0
vn 0 0.9510565 -0.3090171
vn 0 0.9510565 -0.3090171
vn 0 0.8090163 -0.5877861
vn 0 0.8090163 -0.5877861
vn 0 0.5877845 -0.8090175
vn 0 0.5877845 -0.8090175
vn 0 0.3090182 -0.9510561
vn 0 0.3090182 -0.9510561
vn 0 0 -1
vn 0 0 -1
vn 0 -0.3090174 -0.9510564
vn 0 -0.3090174 -0.9510564
vn 0 -0.5877853 -0.809017
vn 0 -0.5877853 -0.809017
vn 0 -0.8090184 -0.5877834
vn 0 -0.8090184 -0.5877834
vn 0 -0.9510565 -0.3090171
vn 0 -0.9510565 -0.3090171
vn 0 -1 -0.0000014
vn 0 -1 -0.0000014
vn 0 -1 -0.0000014
vn 0 -1 -0.0000014
vn 0 -0.9510566 0.3090167
vn 0 -0.9510566 0.3090167
vn 0 -0.8090173 0.5877848
vn 0 -0.8090173 0.5877848
vn 0 -0.5877848 0.8090173
vn 0 -0.5877848 0.8090173
vn 0 -0.3090165 0.9510567
vn 0 -0.3090165 0.9510567
vn 0 0 1
vn 0 0 1
vn 0 0.3090165 0.9510567
vn 0 0.3090165 0.9510567
vn 0 0.5877857 0.8090167
vn 0 0.5877857 0.8090167
vn 0 0.8090174 0.5877848
vn 0 0.8090174 0.5877848
vn 0 0.951056 0.3090185
vn 0 0.951056 0.3090185
vn 0 1 0
vn 0 1 0
vn 0 0.951056 -0.3090185
vn 0 0.951056 -0.3090185
vn 0 0.809016 -0.5877866
vn 0 0.809016 -0.5877866
vn 0 0.5877857 -0.8090167
vn 0 0.5877857 -0.8090167
vn 0 0.3090173 -0.9510564
vn 0 0.3090173 -0.9510564
vn 0 0 -1
vn 0 0 -1
vn 0 -0.3090165 -0.9510567
vn 0 -0.3090165 -0.9510567
vn 0 -0.5877857 -0.8090167
vn 0 -0.5877857 -0.8090167
vn 0 -0.8090174 -0.5877848
vn 0 -0.8090174 -0.5877848
vn 0 -0.951056 -0.3090185
vn 0 -0.951056 -0.3090185
vn 0 -1 -0.0000015
vn 0 -1 -0.0000015
vn 0 -1 -0.0000015
vn 0 -1 -0.0000015
vn -1 0 -8e-7
vn -1 0 -8e-7
vn -1 0 2e-7
vn -1 0 2e-7
vn -1 0 4e-7
vn -1 0 4e-7
vn -1 0 -4e-7
vn -1 0 -4e-7
vn -1 0 0
vn -1 0 0
vn -1 0 0
vn -1 0 0
vn -1 0 -8e-7
vn -1 0 -8e-7
vn -1 0 -8e-7
vn -1 0 -8e-7
vn -1 0 8e-7
vn -1 0 8e-7
vn -1 0 2e-7
vn -1 0 2e-7
vn -1 0 0
vn -1 0 0
vn -1 0 -2e-7
vn -1 0 -2e-7
vn -1 0 -4e-7
vn -1 0 -4e-7
vn -1 0 0.0000012
vn -1 0 0.0000012
vn -1 0 8e-7
vn -1 0 8e-7
vn -1 0 0
vn -1 0 0
vn -1 0 8e-7
vn -1 0 8e-7
vn -1 0 4e-7
vn -1 0 4e-7
vn -1 0 4e-7
vn -1 0 4e-7
vn -1 0 6e-7
vn -1 0 6e-7
vn 1 0 -6e-7
vn 1 0 -6e-7
vn 1 0 -0.0000019
vn 1 0 -0.0000019
vn 1 0 0
vn 1 0 0
vn 1 0 4e-7
vn 1 0 4e-7
vn 1 0 -8e-7
vn 1 0 -8e-7
vn 1 0 0
vn 1 0 0
vn 1 0 0
vn 1 0 0
vn 1 0 -4e-7
vn 1 0 -4e-7
vn 1 0 -0.0000016
vn 1 0 -0.0000016
vn 1 0 -0.0000013
vn 1 0 -0.0000013
vn 1 0 0
vn 1 0 0
vn 1 0 0.0000013
vn 1 0 0.0000013
vn 1 0 4e-7
vn 1 0 4e-7
vn 1 0 0
vn 1 0 0
vn 1 0 8e-7
vn 1 0 8e-7
vn 1 0 0
vn 1 0 0
vn 1 0 0
vn 1 0 0
vn 1 0 4e-7
vn 1 0 4e-7
vn 1 0 0.0000016
vn 1 0 0.0000016
vn 1 0 0.0000013
vn 1 0 0.0000013
vn 0 0.8090167 -0.5877857
vn 0 0.8090167 -0.5877857
vn 0 0.9510567 -0.3090164
vn 0 0.9510567 -0.3090164
vn 0 0.5877844 -0.8090176
vn 0 0.5877844 -0.8090176
vn 0 0.3090166 -0.9510567
vn 0 0.3090166 -0.9510567
vn 0 0 -1
vn 0 0 -1
vn 0 -0.3090166 -0.9510567
vn 0 -0.3090166 -0.9510567
vn 0 -0.5877844 -0.8090176
vn 0 -0.5877844 -0.8090176
vn 0 -0.8090167 -0.5877857
vn 0 -0.8090167 -0.5877857
vn 0 -0.9510567 -0.3090164
vn 0 -0.9510567 -0.3090164
vn 0 -1 0
vn 0 -1 0
vn 0 -0.9510573 0.3090147
vn 0 -0.9510573 0.3090147
vn 0 -0.8090167 0.5877857
vn 0 -0.8090167 0.5877857
vn 0 -0.5877805 0.8090204
vn 0 -0.5877805 0.8090204
vn 0 -0.3090166 0.9510567
vn 0 -0.3090166 0.9510567
vn 0 0 1
vn 0 0 1
vn 0 0.3090166 0.9510567
vn 0 0.3090166 0.9510567
vn 0 0.5877805 0.8090204
vn 0 0.5877805 0.8090204
vn 0 0.8090167 0.5877857
vn 0 0.8090167 0.5877857
vn 0 0.9510573 0.3090147
vn 0 0.9510573 0.3090147
vn 0 1 0
vn 0 1 0
vn 0 1 0
vn 0 1 0
vn 0 0.9510567 -0.3090164
vn 0 0.9510567 -0.3090164
vn 0 0.8090167 -0.5877857
vn 0 0.8090167 -0.5877857
vn 0 0.5877851 -0.8090171
vn 0 0.5877851 -0.8090171
vn 0 0.309017 -0.9510565
vn 0 0.309017 -0.9510565
vn 0 0 -1
vn 0 0 -1
vn 0 -0.309017 -0.9510565
vn 0 -0.309017 -0.9510565
vn 0 -0.5877851 -0.8090171
vn 0 -0.5877851 -0.8090171
vn 0 -0.8090167 -0.5877857
vn 0 -0.8090167 -0.5877857
vn 0 -0.9510567 -0.3090164
vn 0 -0.9510567 -0.3090164
vn 0 -1 0
vn 0 -1 0
vn 0 -0.9510573 0.3090147
vn 0 -0.9510573 0.3090147
vn 0 -0.8090167 0.5877857
vn 0 -0.8090167 0.5877857
vn 0 -0.5877813 0.8090199
vn 0 -0.5877813 0.8090199
vn 0 -0.309017 0.9510565
vn 0 -0.309017 0.9510565
vn 0 0 1
vn 0 0 1
vn 0 0.309017 0.9510565
vn 0 0.309017 0.9510565
vn 0 0.5877813 0.8090199
vn 0 0.5877813 0.8090199
vn 0 0.8090167 0.5877857
vn 0 0.8090167 0.5877857
vn 0 0.9510573 0.3090147
vn 0 0.9510573 0.3090147
vn 0 1 0
vn 0 1 0
vn 0 1 0
vn 0 1 0
vn -0.9549024 0.2969199 0
vn -0.9549024 0.2969199 0
vn -0.8210437 0.5708654 0
vn -0.8210437 0.5708654 0
vn -0.604679 0.7964693 0
vn -0.604679 0.7964693 0
vn -0.3214999 0.9469096 0
vn -0.3214999 0.9469096 0
vn 0 1 0
vn 0 1 0
vn 0 1 0
vn 0 1 0
vn 0.3214999 0.9469096 0
vn 0.3214999 0.9469096 0
vn 0.604679 0.7964693 0
vn 0.604679 0.7964693 0
vn 0.8210444 0.5708643 0
vn 0.8210444 0.5708643 0
vn 0.9549026 0.2969191 0
vn 0.9549026 0.2969191 0
vn 1 0 0
vn 1 0 0
vn 0.9549025 -0.2969196 0
vn 0.9549025 -0.2969196 0
vn 0.8210444 -0.5708643 0
vn 0.8210444 -0.5708643 0
vn 0.6046779 -0.7964701 0
vn 0.6046779 -0.7964701 0
vn 0.3214999 -0.9469096 0
vn 0.3214999 -0.9469096 0
vn 0 -1 0
vn 0 -1 0
vn -0.3214999 -0.9469096 0
vn -0.3214999 -0.9469096 0
vn -0.6046779 -0.7964701 0
vn -0.6046779 -0.7964701 0
vn -0.8210444 -0.5708643 0
vn -0.8210444 -0.5708643 0
vn -0.9549023 -0.2969203 0
vn -0.9549023 -0.2969203 0
vn -1 -0.0000016 0
vn -1 -0.0000016 0
vn 0 0.6995246 0.7146085
vn 0 0.6995246 0.7146085
vn 0 0.9383361 0.3457243
vn 0 0.9383361 0.3457243
vn 0 1 0
vn 0 1 0
vn 0 0.9510568 -0.3090163
vn 0 0.9510568 -0.3090163
vn 0 0.8090163 -0.5877862
vn 0 0.8090163 -0.5877862
vn 0 0.8090163 -0.5877862
vn 0 0.8090163 -0.5877862
vn 0 0.5877847 -0.8090174
vn 0 0.5877847 -0.8090174
vn 0 0.3090182 -0.9510561
vn 0 0.3090182 -0.9510561
vn 0 0 -1
vn 0 0 -1
vn 0 -0.3090176 -0.9510563
vn 0 -0.3090176 -0.9510563
vn 0 -0.5877847 -0.8090174
vn 0 -0.5877847 -0.8090174
vn 0 -0.730958 -0.6824224
vn 0 -0.730958 -0.6824224
vn 0 -0.7534126 -0.6575481
vn 0 -0.7534126 -0.6575481
vn 0 -0.7561573 -0.6543899
vn 0 -0.7561573 -0.6543899
vn 0 -1 0
vn 0 -1 0
vn 0 -1 0
vn 0 -1 0
vn -1 -1e-7 -4e-7
vn -1 -1e-7 -4e-7
vn -1 -1e-7 -4e-7
vn -1 -1e-7 -4e-7
vn 1 3e-7 0
vn 1 3e-7 0
vn 1 3e-7 0
vn 1 3e-7 0
vn 0 -0.0069752 -0.9999757
vn 0 -0.0069752 -0.9999757
vn 0 -0.0069752 -0.9999757
vn 0 -0.0069752 -0.9999757
vn 0 1 0
vn 0 1 0
vn 0 1e-7 -1
vn 0 1e-7 -1
vn 0 1e-7 -1
vn 0 1e-7 -1
vn 0 -1 0
vn 0 -1 0
vn 0 0 1
vn 0 0 1
vn 0 0 1
vn 0 0 1
vn 0 0.7670848 0.6415457
vn 0 0.9824508 0.1865217
vn 0 0.6995233 0.7146098
vn 0 0.9383362 0.345724
vn 0 0.9383362 0.345724
vn 0 0.6995233 0.7146098
vn 0 1 0
vn 0 1 0
vn 0 0.9510571 -0.3090151
vn 0 0.9510571 -0.3090151
vn 0 0.809017 -0.5877853
vn 0 0.809017 -0.5877853
vn 0 0.809017 -0.5877853
vn 0 0.5877851 -0.8090171
vn 0 0.5877851 -0.8090171
vn 0 0.809017 -0.5877853
vn 0 0.309017 -0.9510565
vn 0 0.309017 -0.9510565
vn 0 0 -1
vn 0 0 -1
vn 0 -0.3090165 -0.9510567
vn 0 -0.3090165 -0.9510567
vn 0 -0.5877851 -0.8090171
vn 0 -0.5877851 -0.8090171
vn 0 -0.7309576 -0.6824229
vn 0 -0.7309576 -0.6824229
vn 0 -0.753412 -0.6575488
vn 0 -0.753412 -0.6575488
vn 0 -0.7561573 -0.6543899
vn 0 -0.7561573 -0.6543899
vn -0.0000035 -1 0
vn -0.0000035 -1 0
vn -0.0000035 -1 0
vn -0.0000035 -1 0
vn 1 -1e-7 -4e-7
vn 1 -1e-7 -4e-7
vn 1 -1e-7 -4e-7
vn 1 -1e-7 -4e-7
vn -1 0 0
vn -1 0 0
vn -1 0 0
vn 0 -0.0069741 -0.9999757
vn 0 -0.0069741 -0.9999757
vn 0 -0.0069741 -0.9999757
vn 0 -0.0069741 -0.9999757
vn 0 1 0
vn 0 0 -1
vn 0 0 -1
vn 0 0 -1
vn 0 0 -1
vn 0 -1 0
vn 0 -1 0
vn 0 -1 0
vn 0 -1 0
vn 0 0 1
vn 0 0 1
vn 0 0 1
vn 0 0 1
vn 0 0.7670837 0.641547
vn 0 0.9824507 0.1865222
vn 0 0.9510568 -0.309016
vn 0 0.8090171 -0.5877852
vn -0.3017607 0.7713036 -0.560385
vn -0.3017619 0.9067218 -0.2946105
vn 0 0.5877859 -0.8090165
vn -0.3017607 0.5603854 -0.7713032
vn 0 0.3090173 -0.9510564
vn -0.3017607 0.2946116 -0.9067218
vn -1e-7 0 -1
vn -0.3017607 0 -0.9533837
vn -1e-7 -0.3090174 -0.9510564
vn -0.3017608 -0.2946127 -0.9067214
vn 3e-7 -0.5877856 -0.8090167
vn -0.3017601 -0.5603858 -0.7713032
vn 3e-7 -0.8090169 -0.5877854
vn -0.3017613 -0.7713033 -0.5603849
vn 0 -0.9510565 -0.3090172
vn -0.3017623 -0.9067211 -0.294612
vn 0 -1 -1e-7
vn -0.3017618 -0.9533834 2e-7
vn 0 -0.9510565 0.309017
vn -0.3017617 -0.9067213 0.2946121
vn 0 -0.8090172 0.587785
vn -0.3017609 -0.7713038 0.5603845
vn 0 -0.5877857 0.8090166
vn -0.3017601 -0.560385 0.7713038
vn 0 -0.3090162 0.9510568
vn -0.3017604 -0.2946111 0.9067221
vn -1e-7 0 1
vn -0.301761 0 0.9533836
vn -1e-7 0.309016 0.9510568
vn -0.3017604 0.2946112 0.906722
vn -4e-7 0.5877855 0.8090168
vn -0.30176 0.5603851 0.7713037
vn -4e-7 0.8090171 0.5877852
vn -0.3017613 0.7713036 0.5603846
vn 0 0.9510566 0.3090166
vn -0.301762 0.9067215 0.2946114
vn 0 1 6e-7
vn -0.3017624 0.9533832 6e-7
vn 0 1 6e-7
vn -0.3017624 0.9533832 6e-7
vn 0.3017629 0.9067213 -0.294611
vn 0.3017616 0.7713034 -0.5603847
vn 0.3017617 0.5603853 -0.7713029
vn 0.3017613 0.2946115 -0.9067217
vn 0.3017614 0 -0.9533835
vn 0.3017617 -0.2946126 -0.9067212
vn 0.3017616 -0.5603858 -0.7713026
vn 0.3017625 -0.771303 -0.5603848
vn 0.301763 -0.9067209 -0.2946121
vn 0.3017623 -0.9533832 0
vn 0.3017622 -0.9067213 0.2946116
vn 0.3017618 -0.7713039 0.5603839
vn 0.3017613 -0.560385 0.7713033
vn 0.3017614 -0.2946106 0.9067219
vn 0.3017618 0 0.9533833
vn 0.3017615 0.2946106 0.9067219
vn 0.301761 0.5603853 0.7713032
vn 0.3017619 0.7713038 0.560384
vn 0.3017629 0.9067212 0.2946112
vn 0.3017635 0.9533828 5e-7
vn 0.3017635 0.9533828 5e-7
vn -0.5696956 0.7816318 -0.2539657
vn -0.5696984 0.8218539 5e-7
vn -0.5696984 0.8218539 5e-7
vn -0.569697 0.7816302 0.2539675
vn -0.5696933 0.6648967 0.4830755
vn -0.5696935 0.483075 0.6648969
vn -0.5696952 0.2539662 0.7816319
vn -0.569696 0 0.8218555
vn -0.5696955 -0.2539662 0.7816318
vn -0.5696953 -0.483074 0.6648961
vn -0.5696939 -0.6648967 0.4830748
vn -0.5696948 -0.7816314 0.2539689
vn -0.5696964 -0.8218552 6e-7
vn -0.5696963 -0.7816308 -0.2539676
vn -0.5696953 -0.6648956 -0.4830746
vn -0.5696947 -0.4830756 -0.6648954
vn -0.5696955 -0.253969 -0.7816309
vn -0.5696952 -1e-7 -0.821856
vn -0.569695 0.2539659 -0.7816322
vn -0.5696934 0.4830752 -0.6648968
vn -0.5696921 0.6648975 -0.4830758
vn 0.569693 0.781633 -0.2539678
vn 0.5696896 0.6648994 -0.4830762
vn 0.5696907 0.4830771 -0.6648977
vn 0.5696913 0.2539671 -0.7816345
vn 0.5696928 0 -0.8218578
vn 0.5696932 -0.25397 -0.7816322
vn 0.5696918 -0.4830782 -0.664896
vn 0.5696921 -0.6648974 -0.4830759
vn 0.5696931 -0.7816328 -0.2539684
vn 0.5696926 -0.8218578 0
vn 0.5696914 -0.7816338 0.253969
vn 0.5696917 -0.6648982 0.4830753
vn 0.5696933 -0.4830753 0.6648968
vn 0.5696932 -0.2539663 0.7816334
vn 0.5696936 0 0.8218572
vn 0.5696934 0.2539658 0.7816334
vn 0.5696923 0.4830759 0.6648972
vn 0.5696915 0.664898 0.4830759
vn 0.5696946 0.7816317 0.2539684
vn 0.5696963 0.8218553 3e-7
vn 0.5696963 0.8218553 3e-7
vn 1 0 -0.000001
vn 1 0 0
vn 1 0 0
vn 1 0 -0.000001
vn 1 0 0
vn 1 0 0
vn 1 0 -0.000001
vn 1 0 -0.000001
vn 1 0 0
vn 1 0 0
vn 1 0 0.000002
vn 1 0 0.000002
vn 1 0 0.000001
vn 1 0 0.000001
vn 1 0 -5e-7
vn 1 0 -5e-7
vn 1 0 -5e-7
vn 1 0 -5e-7
vn 1 0 -0.000001
vn 1 0 -0.000001
vn 1 0 0.000001
vn 1 0 0.000001
vn 1 0 0.0000029
vn 1 0 0.0000029
vn 1 0 0.000002
vn 1 0 0.000002
vn 1 0 0
vn 1 0 0
vn 1 0 0
vn 1 0 0
vn 1 0 0
vn 1 0 0
vn 1 0 0
vn 1 0 0
vn 1 0 0.000001
vn 1 0 0.000001
vn 1 0 0.000002
vn 1 0 0.000002
vn 1 0 0.000001
vn 1 0 0.000001
vn 1 0 -0.000001
vn 1 0 -0.000001
vn -1 0 -0.000001
vn -1 0 0
vn -1 0 0
vn -1 0 -0.000001
vn -1 0 0.000002
vn -1 0 0.000002
vn -1 0 0.0000024
vn -1 0 0.0000024
vn -1 0 0
vn -1 0 0
vn -1 0 -5e-7
vn -1 0 -5e-7
vn -1 0 -0.0000015
vn -1 0 -0.0000015
vn -1 0 -0.000001
vn -1 0 -0.000001
vn -1 0 5e-7
vn -1 0 5e-7
vn -1 0 0
vn -1 0 0
vn -1 0 -0.000001
vn -1 0 -0.000001
vn -1 0 -0.000001
vn -1 0 -0.000001
vn -1 0 0
vn -1 0 0
vn -1 0 -0.000002
vn -1 0 -0.000002
vn -1 0 -0.0000024
vn -1 0 -0.0000024
vn -1 0 -5e-7
vn -1 0 -5e-7
vn -1 0 -5e-7
vn -1 0 -5e-7
vn -1 0 -0.000002
vn -1 0 -0.000002
vn -1 0 -0.0000015
vn -1 0 -0.0000015
vn -1 0 -0.000001
vn -1 0 -0.000001
vn -1 0 -0.000001
vn -1 0 -0.000001
vn 0 -0.8090179 0.5877839
vn 0 -0.9510571 0.3090151
vn 0 -0.9510571 0.3090151
vn 0 -0.8090179 0.5877839
vn 0 -0.5877851 0.8090171
vn 0 -0.5877851 0.8090171
vn 0 -0.3090157 0.9510569
vn 0 -0.3090157 0.9510569
vn 0 0 1
vn 0 0 1
vn 0 0.3090164 0.9510567
vn 0 0.3090164 0.9510567
vn 0 0.5877874 0.8090154
vn 0 0.5877874 0.8090154
vn 0 0.8090179 0.587784
vn 0 0.8090179 0.587784
vn 0 0.9510566 0.3090168
vn 0 0.9510566 0.3090168
vn 0 1 0
vn 0 1 0
vn 0 0.9510569 -0.3090159
vn 0 0.9510569 -0.3090159
vn 0 0.8090171 -0.5877851
vn 0 0.8090171 -0.5877851
vn 0 0.5877852 -0.8090171
vn 0 0.5877852 -0.8090171
vn 0 0.3090177 -0.9510563
vn 0 0.3090177 -0.9510563
vn 0 0 -1
vn 0 0 -1
vn 0 -0.3090169 -0.9510565
vn 0 -0.3090169 -0.9510565
vn 0 -0.5877858 -0.8090166
vn 0 -0.5877858 -0.8090166
vn 0 -0.809019 -0.5877825
vn 0 -0.809019 -0.5877825
vn 0 -0.9510569 -0.3090159
vn 0 -0.9510569 -0.3090159
vn 0 -1 -0.0000014
vn 0 -1 -0.0000014
vn 0 -1 -0.0000014
vn 0 -1 -0.0000014
vn 0 -0.9510569 0.3090157
vn 0 -0.8090181 0.5877838
vn 0 -0.8090181 0.5877838
vn 0 -0.9510569 0.3090157
vn 0 -0.5877862 0.8090163
vn 0 -0.5877862 0.8090163
vn 0 -0.3090152 0.9510571
vn 0 -0.3090152 0.9510571
vn 0 0 1
vn 0 0 1
vn 0 0.3090152 0.9510571
vn 0 0.3090152 0.9510571
vn 0 0.5877871 0.8090156
vn 0 0.5877871 0.8090156
vn 0 0.8090181 0.5877837
vn 0 0.8090181 0.5877837
vn 0 0.9510563 0.3090177
vn 0 0.9510563 0.3090177
vn 0 1 0
vn 0 1 0
vn 0 0.9510566 -0.3090168
vn 0 0.9510566 -0.3090168
vn 0 0.8090168 -0.5877856
vn 0 0.8090168 -0.5877856
vn 0 0.5877862 -0.8090163
vn 0 0.5877862 -0.8090163
vn 0 0.3090173 -0.9510564
vn 0 0.3090173 -0.9510564
vn 0 0 -1
vn 0 0 -1
vn 0 -0.3090165 -0.9510567
vn 0 -0.3090165 -0.9510567
vn 0 -0.5877868 -0.8090158
vn 0 -0.5877868 -0.8090158
vn 0 -0.8090188 -0.5877828
vn 0 -0.8090188 -0.5877828
vn 0 -0.9510566 -0.3090168
vn 0 -0.9510566 -0.3090168
vn 0 -1 -0.0000017
vn 0 -1 -0.0000017
vn 0 -1 -0.0000017
vn 0 -1 -0.0000017
vn 1 0 0.0000016
vn 1 0 0
vn 1 0 0
vn 1 0 0.0000016
vn 1 0 0
vn 1 0 0
vn 1 0 0
vn 1 0 0
vn 1 0 -8e-7
vn 1 0 -8e-7
vn 1 0 -0.0000012
vn 1 0 -0.0000012
vn 1 0 -4e-7
vn 1 0 -4e-7
vn 1 0 0
vn 1 0 0
vn 1 0 0
vn 1 0 0
vn 1 0 0
vn 1 0 0
vn 1 0 0
vn 1 0 0
vn 1 0 0
vn 1 0 0
vn 1 0 0
vn 1 0 0
vn 1 0 -8e-7
vn 1 0 -8e-7
vn 1 0 0
vn 1 0 0
vn 1 0 0.0000012
vn 1 0 0.0000012
vn 1 0 4e-7
vn 1 0 4e-7
vn 1 0 0
vn 1 0 0
vn 1 0 0
vn 1 0 0
vn 1 0 0.0000016
vn 1 0 0.0000016
vn -1 0 0
vn -1 0 0
vn -1 0 0
vn -1 0 0
vn -1 0 0.0000016
vn -1 0 0.0000016
vn -1 0 0.0000024
vn -1 0 0.0000024
vn -1 0 4e-7
vn -1 0 4e-7
vn -1 0 -8e-7
vn -1 0 -8e-7
vn -1 0 -4e-7
vn -1 0 -4e-7
vn -1 0 0.0000016
vn -1 0 0.0000016
vn -1 0 0.0000016
vn -1 0 0.0000016
vn -1 0 0
vn -1 0 0
vn -1 0 0
vn -1 0 0
vn -1 0 0.0000016
vn -1 0 0.0000016
vn -1 0 0.0000016
vn -1 0 0.0000016
vn -1 0 8e-7
vn -1 0 8e-7
vn -1 0 0.0000012
vn -1 0 0.0000012
vn -1 0 8e-7
vn -1 0 8e-7
vn -1 0 4e-7
vn -1 0 4e-7
vn -1 0 -8e-7
vn -1 0 -8e-7
vn -1 0 -8e-7
vn -1 0 -8e-7
vn -1 0 0
vn -1 0 0
vn 0 0.8090173 -0.5877848
vn 0 0.9510562 -0.3090179
vn 0 0.9510562 -0.3090179
vn 0 0.8090173 -0.5877848
vn 0 0.5877853 -0.809017
vn 0 0.5877853 -0.809017
vn 0 0.3090174 -0.9510564
vn 0 0.3090174 -0.9510564
vn 0 0 -1
vn 0 0 -1
vn 0 -0.3090174 -0.9510564
vn 0 -0.3090174 -0.9510564
vn 0 -0.5877853 -0.809017
vn 0 -0.5877853 -0.809017
vn 0 -0.8090173 -0.5877848
vn 0 -0.8090173 -0.5877848
vn 0 -0.9510562 -0.3090179
vn 0 -0.9510562 -0.3090179
vn 0 -1 0
vn 0 -1 0
vn 0 -0.9510573 0.3090146
vn 0 -0.9510573 0.3090146
vn 0 -0.8090174 0.5877847
vn 0 -0.8090174 0.5877847
vn 0 -0.5877816 0.8090197
vn 0 -0.5877816 0.8090197
vn 0 -0.3090174 0.9510564
vn 0 -0.3090174 0.9510564
vn 0 0 1
vn 0 0 1
vn 0 0.3090174 0.9510564
vn 0 0.3090174 0.9510564
vn 0 0.5877816 0.8090197
vn 0 0.5877816 0.8090197
vn 0 0.8090174 0.5877847
vn 0 0.8090174 0.5877847
vn 0 0.9510573 0.3090146
vn 0 0.9510573 0.3090146
vn 0 1 0
vn 0 1 0
vn 0 1 0
vn 0 1 0
vn 0 0.951057 -0.3090156
vn 0 0.8090161 -0.5877865
vn 0 0.8090161 -0.5877865
vn 0 0.951057 -0.3090156
vn 0 0.5877859 -0.8090165
vn 0 0.5877859 -0.8090165
vn 0 0.3090176 -0.9510563
vn 0 0.3090176 -0.9510563
vn 0 0 -1
vn 0 0 -1
vn 0 -0.3090176 -0.9510563
vn 0 -0.3090176 -0.9510563
vn 0 -0.5877859 -0.8090165
vn 0 -0.5877859 -0.8090165
vn 0 -0.8090161 -0.5877865
vn 0 -0.8090161 -0.5877865
vn 0 -0.951057 -0.3090156
vn 0 -0.951057 -0.3090156
vn 0 -1 0
vn 0 -1 0
vn 0 -0.9510575 0.3090139
vn 0 -0.9510575 0.3090139
vn 0 -0.809018 0.5877839
vn 0 -0.809018 0.5877839
vn 0 -0.5877786 0.8090218
vn 0 -0.5877786 0.8090218
vn 0 -0.3090176 0.9510563
vn 0 -0.3090176 0.9510563
vn 0 0 1
vn 0 0 1
vn 0 0.3090176 0.9510563
vn 0 0.3090176 0.9510563
vn 0 0.5877786 0.8090218
vn 0 0.5877786 0.8090218
vn 0 0.809018 0.5877839
vn 0 0.809018 0.5877839
vn 0 0.9510575 0.3090139
vn 0 0.9510575 0.3090139
vn 0 1 0
vn 0 1 0
vn 0 1 0
vn 0 1 0
vn 0.9510573 0.3090145 0
vn 0.8090165 0.587786 0
vn 0.8090165 0.587786 0
vn 0.9510573 0.3090145 0
vn 0.587786 0.8090165 0
vn 0.587786 0.8090165 0
vn 0.3090178 0.9510562 0
vn 0.3090178 0.9510562 0
vn 0 1 0
vn 0 1 0
vn 0 1 0
vn -0.3090169 0.9510565 0
vn -0.3090169 0.9510565 0
vn 0 1 0
vn -0.5877845 0.8090175 0
vn -0.5877845 0.8090175 0
vn -0.8090172 0.5877849 0
vn -0.8090172 0.5877849 0
vn -0.9510571 0.3090152 0
vn -0.9510571 0.3090152 0
vn -1 0 0
vn -1 0 0
vn -0.9510569 -0.3090157 0
vn -0.9510569 -0.3090157 0
vn -0.8090172 -0.587785 0
vn -0.8090172 -0.587785 0
vn -0.5877834 -0.8090183 0
vn -0.5877834 -0.8090183 0
vn -0.3090169 -0.9510565 0
vn -0.3090169 -0.9510565 0
vn 0 -1 0
vn 0 -1 0
vn 0.3090178 -0.9510562 0
vn 0.3090178 -0.9510562 0
vn 0.5877849 -0.8090172 0
vn 0.5877849 -0.8090172 0
vn 0.8090165 -0.587786 0
vn 0.8090165 -0.587786 0
vn 0.9510565 -0.3090171 0
vn 0.9510565 -0.3090171 0
vn 1 -0.0000023 0
vn 1 -0.0000023 0
vn 0 0.6995239 0.7146092
vn 0 0.9383361 0.3457244
vn 0 0.9383361 0.3457244
vn 0 0.699524 0.7146091
vn 0 1 0
vn 0 1 0
vn 0 0.9510559 -0.3090189
vn 0 0.9510559 -0.3090189
vn 0 0.8090168 -0.5877855
vn 0 0.8090168 -0.5877855
vn 0 0.8090168 -0.5877855
vn 0 0.5877854 -0.8090169
vn 0 0.5877854 -0.8090169
vn 0 0.8090168 -0.5877855
vn 0 0.3090183 -0.9510561
vn 0 0.3090183 -0.9510561
vn 0 0 -1
vn 0 0 -1
vn 0 -0.3090183 -0.9510561
vn 0 -0.3090183 -0.9510561
vn 0 -0.587784 -0.8090179
vn 0 -0.587784 -0.8090179
vn 0 -0.7309565 -0.6824241
vn 0 -0.7309565 -0.6824241
vn 0 -0.7534117 -0.6575491
vn 0 -0.7534117 -0.6575491
vn 0 -0.7561581 -0.654389
vn 0 -0.7561581 -0.654389
vn 0 -1 0
vn 0 -1 0
vn 0 -1 0
vn 0 -1 0
vn 1 -1e-7 -6e-7
vn 1 -1e-7 -6e-7
vn 1 -1e-7 -6e-7
vn 1 -1e-7 -6e-7
vn -1 3e-7 0
vn -1 3e-7 0
vn -1 3e-7 0
vn -1 3e-7 0
vn 0 -0.0069751 -0.9999757
vn 0 -0.0069751 -0.9999757
vn 0 -0.0069751 -0.9999757
vn 0 -0.0069751 -0.9999757
vn 0 1 0
vn 0 1 0
vn 0 0 -1
vn 0 0 -1
vn 0 0 -1
vn 0 0 -1
vn 0 -1 0
vn 0 -1 0
vn 0 0 1
vn 0 0 1
vn 0 0 1
vn 0 0 1
vn 0 0.7670839 0.6415468
vn 0 0.9822613 0.1875174
vn 0 0.6995223 0.7146108
vn 0 0.6995223 0.7146107
vn 0 0.9383358 0.3457252
vn 0 0.9383358 0.3457252
vn 0 1 0
vn 0 1 0
vn 0 0.951056 -0.3090187
vn 0 0.951056 -0.3090187
vn 0 0.809017 -0.5877853
vn 0 0.809017 -0.5877853
vn 0 0.809017 -0.5877853
vn 0 0.809017 -0.5877853
vn 0 0.5877858 -0.8090166
vn 0 0.5877858 -0.8090166
vn 0 0.3090172 -0.9510565
vn 0 0.3090172 -0.9510565
vn 0 0 -1
vn 0 0 -1
vn 0 -0.3090172 -0.9510565
vn 0 -0.3090172 -0.9510565
vn 0 -0.5877839 -0.809018
vn 0 -0.5877839 -0.809018
vn 0 -0.7309564 -0.6824242
vn 0 -0.7309564 -0.6824242
vn 0 -0.7534123 -0.6575484
vn 0 -0.7534123 -0.6575484
vn 0 -0.7561586 -0.6543884
vn 0 -0.7561586 -0.6543884
vn 0 -1 0
vn 0 -1 0
vn 0 -1 0
vn 0 -1 0
vn -1 -1e-7 -7e-7
vn -1 -1e-7 -7e-7
vn -1 -1e-7 -7e-7
vn -1 -1e-7 -7e-7
vn 1 3e-7 0
vn 1 3e-7 0
vn 1 3e-7 0
vn 1 3e-7 0
vn 0 -0.0069751 -0.9999757
vn 0 -0.0069751 -0.9999757
vn 0 -0.0069751 -0.9999757
vn 0 -0.0069751 -0.9999757
vn 0 1 0
vn 0 -1e-7 -1
vn 0 -1e-7 -1
vn 0 -1e-7 -1
vn 0 -1e-7 -1
vn 0 -1 0
vn 0 -1 0
vn 0 0 1
vn 0 0 1
vn 0 0 1
vn 0 0 1
vn 0 0.7670824 0.6415486
vn 0 0.982261 0.1875188
vn 0 0.951057 -0.3090156
vn 0.3137504 0.9030339 -0.2934119
vn 0.3137507 0.7681662 -0.5581051
vn 4e-7 0.809017 -0.5877852
vn 0.3137511 0.5581057 -0.7681655
vn 4e-7 0.5877858 -0.8090166
vn 0.3137509 0.2934139 -0.903033
vn 0 0.3090181 -0.9510562
vn 0.3137499 0 -0.9495057
vn 1e-7 0 -1
vn 0.3137504 -0.2934141 -0.9030331
vn 1e-7 -0.3090174 -0.9510564
vn 0.3137502 -0.5581068 -0.7681651
vn 0 -0.5877867 -0.8090159
vn 0.3137502 -0.7681665 -0.5581049
vn 0 -0.8090172 -0.587785
vn 0.313751 -0.9030331 -0.2934137
vn 0 -0.9510562 -0.3090178
vn 0.3137506 -0.9495054 -1e-7
vn 0 -1 -1e-7
vn 0.3137501 -0.9030335 0.2934134
vn 0 -0.9510563 0.3090176
vn 0.3137504 -0.7681668 0.5581043
vn 0 -0.8090172 0.587785
vn 0.3137505 -0.5581058 0.7681657
vn 0 -0.5877858 0.8090166
vn 0.3137507 -0.2934123 0.9030336
vn 0 -0.3090164 0.9510567
vn 0.3137506 0 0.9495054
vn 1e-7 0 1
vn 0.3137504 0.2934131 0.9030335
vn 1e-7 0.309017 0.9510565
vn 0.3137507 0.5581053 0.768166
vn 0 0.5877857 0.8090166
vn 0.3137516 0.7681662 0.5581046
vn 0 0.8090174 0.5877847
vn 0.3137509 0.9030334 0.2934127
vn 0 0.9510566 0.3090167
vn 0.3137499 0.9495057 5e-7
vn 0 1 5e-7
vn 0 1 5e-7
vn 0.3137499 0.9495057 5e-7
vn -0.3137512 0.9030335 -0.293412
vn -0.3137512 0.7681661 -0.5581049
vn -0.3137515 0.5581059 -0.7681652
vn -0.3137517 0.2934133 -0.9030329
vn -0.3137508 0 -0.9495054
vn -0.3137516 -0.293413 -0.9030331
vn -0.3137509 -0.5581067 -0.7681649
vn -0.3137503 -0.7681668 -0.5581044
vn -0.3137517 -0.9030327 -0.293414
vn -0.3137515 -0.9495051 -1e-7
vn -0.3137509 -0.9030331 0.2934135
vn -0.3137512 -0.7681666 0.5581042
vn -0.3137517 -0.5581058 0.7681652
vn -0.3137519 -0.2934122 0.9030333
vn -0.3137518 0 0.949505
vn -0.3137512 0.2934127 0.9030333
vn -0.3137517 0.5581057 0.7681653
vn -0.3137527 0.7681662 0.5581038
vn -0.3137516 0.9030331 0.293413
vn -0.3137508 0.9495054 6e-7
vn -0.3137508 0.9495054 6e-7
vn 0.5866147 0.8098661 3e-7
vn 0.5866129 0.7702303 -0.250261
vn 0.586618 0.7702262 0.2502618
vn 0.5866147 0.8098661 3e-7
vn 0.5866175 0.6551941 0.4760258
vn 0.5866172 0.476026 0.6551943
vn 0.5866167 0.2502618 0.7702271
vn 0.5866159 0 0.8098653
vn 0.5866166 -0.2502612 0.7702275
vn 0.5866169 -0.4760266 0.6551941
vn 0.5866144 -0.6551973 0.4760253
vn 0.586615 -0.7702284 0.250262
vn 0.5866168 -0.8098646 -4e-7
vn 0.586616 -0.7702279 -0.2502611
vn 0.5866163 -0.6551957 -0.4760251
vn 0.5866158 -0.4760278 -0.6551942
vn 0.5866149 -0.2502637 -0.7702279
vn 0.586615 0 -0.809866
vn 0.5866162 0.250262 -0.7702275
vn 0.5866164 0.4760264 -0.6551947
vn 0.5866143 0.6551961 -0.476027
vn -0.5866146 0.655196 -0.4760267
vn -0.5866126 0.7702303 -0.2502615
vn -0.5866157 0.476027 -0.6551949
vn -0.5866147 0.2502626 -0.7702284
vn -0.5866146 1e-7 -0.8098662
vn -0.5866141 -0.2502628 -0.7702288
vn -0.5866134 -0.4760281 -0.6551961
vn -0.5866142 -0.6551969 -0.476026
vn -0.5866152 -0.7702282 -0.250262
vn -0.5866152 -0.8098658 0
vn -0.5866138 -0.7702291 0.2502627
vn -0.5866143 -0.655197 0.4760258
vn -0.5866164 -0.4760265 0.6551946
vn -0.5866162 -0.2502616 0.7702276
vn -0.5866163 1e-7 0.809865
vn -0.5866153 0.2502621 0.7702281
vn -0.586616 0.4760263 0.6551951
vn -0.5866176 0.6551942 0.4760255
vn -0.5866167 0.7702269 0.2502626
vn -0.5866133 0.8098672 0.000001
vn -0.5866133 0.8098672 0.000001
vn -1 0 0
vn -1 0 0
vn -1 0 0.000001
vn -1 0 0.000001
vn -1 0 0.0000029
vn -1 0 0.0000029
vn -1 0 0.000002
vn -1 0 0.000002
vn -1 0 0
vn -1 0 0
vn -1 0 0
vn -1 0 0
vn -1 0 0
vn -1 0 0
vn -1 0 0
vn -1 0 0
vn -1 0 0
vn -1 0 0
vn -1 0 0
vn -1 0 0
vn -1 0 -0.000001
vn -1 0 -0.000001
vn -1 0 -0.000002
vn -1 0 -0.000002
vn -1 0 -0.000001
vn -1 0 -0.000001
vn -1 0 0
vn -1 0 0
vn -1 0 0
vn -1 0 0
vn -1 0 0
vn -1 0 0
vn -1 0 0
vn -1 0 0
vn -1 0 -0.000002
vn -1 0 -0.000002
vn -1 0 -0.000002
vn -1 0 -0.000002
vn -1 0 0
vn -1 0 0
vn -1 0 0
vn -1 0 0
vn 1 0 -5e-7
vn 1 0 -5e-7
vn 1 0 0
vn 1 0 0
vn 1 0 0.000002
vn 1 0 0.000002
vn 1 0 0.000002
vn 1 0 0.000002
vn 1 0 0
vn 1 0 0
vn 1 0 0.000002
vn 1 0 0.000002
vn 1 0 0.000002
vn 1 0 0.000002
vn 1 0 0
vn 1 0 0
vn 1 0 0
vn 1 0 0
vn 1 0 -5e-7
vn 1 0 -5e-7
vn 1 0 0
vn 1 0 0
vn 1 0 -5e-7
vn 1 0 -5e-7
vn 1 0 -0.000001
vn 1 0 -0.000001
vn 1 0 0
vn 1 0 0
vn 1 0 -0.000002
vn 1 0 -0.000002
vn 1 0 -0.000002
vn 1 0 -0.000002
vn 1 0 0
vn 1 0 0
vn 1 0 -0.000002
vn 1 0 -0.000002
vn 1 0 -0.000002
vn 1 0 -0.000002
vn 1 0 -5e-7
vn 1 0 -5e-7
vn 1 0 -5e-7
vn 1 0 -5e-7
vn 0 -0.809017 0.5877853
vn 0 -0.809017 0.5877853
vn 0 -0.9510565 0.3090171
vn 0 -0.9510565 0.3090171
vn 0 -0.5877859 0.8090165
vn 0 -0.5877859 0.8090165
vn 0 -0.3090169 0.9510565
vn 0 -0.3090169 0.9510565
vn 0 0 1
vn 0 0 1
vn 0 0.3090161 0.9510568
vn 0 0.3090161 0.9510568
vn 0 0.5877855 0.8090168
vn 0 0.5877855 0.8090168
vn 0 0.8090184 0.5877834
vn 0 0.8090184 0.5877834
vn 0 0.9510567 0.3090163
vn 0 0.9510567 0.3090163
vn 0 1 0
vn 0 1 0
vn 0 0.9510569 -0.3090158
vn 0 0.9510569 -0.3090158
vn 0 0.8090184 -0.5877834
vn 0 0.8090184 -0.5877834
vn 0 0.5877846 -0.8090175
vn 0 0.5877846 -0.8090175
vn 0 0.3090174 -0.9510564
vn 0 0.3090174 -0.9510564
vn 0 0 -1
vn 0 0 -1
vn 0 -0.3090182 -0.9510561
vn 0 -0.3090182 -0.9510561
vn 0 -0.5877859 -0.8090165
vn 0 -0.5877859 -0.8090165
vn 0 -0.8090177 -0.5877843
vn 0 -0.8090177 -0.5877843
vn 0 -0.9510565 -0.3090171
vn 0 -0.9510565 -0.3090171
vn 0 -1 -0.0000014
vn 0 -1 -0.0000014
vn 0 -1 -0.0000014
vn 0 -1 -0.0000014
vn 0 -0.9510566 0.3090167
vn 0 -0.9510566 0.3090167
vn 0 -0.8090173 0.5877848
vn 0 -0.8090173 0.5877848
vn 0 -0.5877861 0.8090164
vn 0 -0.5877861 0.8090164
vn 0 -0.3090173 0.9510564
vn 0 -0.3090173 0.9510564
vn 0 0 1
vn 0 0 1
vn 0 0.3090165 0.9510567
vn 0 0.3090165 0.9510567
vn 0 0.5877857 0.8090167
vn 0 0.5877857 0.8090167
vn 0 0.8090187 0.5877829
vn 0 0.8090187 0.5877829
vn 0 0.9510569 0.3090158
vn 0 0.9510569 0.3090158
vn 0 1 0
vn 0 1 0
vn 0 0.9510569 -0.3090158
vn 0 0.9510569 -0.3090158
vn 0 0.8090187 -0.5877829
vn 0 0.8090187 -0.5877829
vn 0 0.5877857 -0.8090167
vn 0 0.5877857 -0.8090167
vn 0 0.3090165 -0.9510567
vn 0 0.3090165 -0.9510567
vn 0 0 -1
vn 0 0 -1
vn 0 -0.3090173 -0.9510564
vn 0 -0.3090173 -0.9510564
vn 0 -0.5877871 -0.8090157
vn 0 -0.5877871 -0.8090157
vn 0 -0.8090174 -0.5877848
vn 0 -0.8090174 -0.5877848
vn 0 -0.951056 -0.3090185
vn 0 -0.951056 -0.3090185
vn 0 -1 -0.0000015
vn 0 -1 -0.0000015
vn 0 -1 -0.0000015
vn 0 -1 -0.0000015
vn -1 0 -8e-7
vn -1 0 -8e-7
vn -1 0 -0.0000014
vn -1 0 -0.0000014
vn -1 0 -4e-7
vn -1 0 -4e-7
vn -1 0 4e-7
vn -1 0 4e-7
vn -1 0 0
vn -1 0 0
vn -1 0 0
vn -1 0 0
vn -1 0 -8e-7
vn -1 0 -8e-7
vn -1 0 -4e-7
vn -1 0 -4e-7
vn -1 0 -0.0000012
vn -1 0 -0.0000012
vn -1 0 -6e-7
vn -1 0 -6e-7
vn -1 0 0
vn -1 0 0
vn -1 0 6e-7
vn -1 0 6e-7
vn -1 0 0.0000012
vn -1 0 0.0000012
vn -1 0 -4e-7
vn -1 0 -4e-7
vn -1 0 0
vn -1 0 0
vn -1 0 0
vn -1 0 0
vn -1 0 8e-7
vn -1 0 8e-7
vn -1 0 4e-7
vn -1 0 4e-7
vn -1 0 0.0000012
vn -1 0 0.0000012
vn -1 0 0.0000014
vn -1 0 0.0000014
vn 1 0 -6e-7
vn 1 0 -6e-7
vn 1 0 0.0000021
vn 1 0 0.0000021
vn 1 0 0.0000016
vn 1 0 0.0000016
vn 1 0 -4e-7
vn 1 0 -4e-7
vn 1 0 -8e-7
vn 1 0 -8e-7
vn 1 0 0
vn 1 0 0
vn 1 0 0
vn 1 0 0
vn 1 0 4e-7
vn 1 0 4e-7
vn 1 0 4e-7
vn 1 0 4e-7
vn 1 0 -0.0000017
vn 1 0 -0.0000017
vn 1 0 0
vn 1 0 0
vn 1 0 0.0000017
vn 1 0 0.0000017
vn 1 0 -0.0000012
vn 1 0 -0.0000012
vn 1 0 -4e-7
vn 1 0 -4e-7
vn 1 0 8e-7
vn 1 0 8e-7
vn 1 0 0
vn 1 0 0
vn 1 0 8e-7
vn 1 0 8e-7
vn 1 0 0.0000012
vn 1 0 0.0000012
vn 1 0 0
vn 1 0 0
vn 1 0 -0.0000019
vn 1 0 -0.0000019
vn 0 0.8090198 -0.5877813
vn 0 0.8090198 -0.5877813
vn 0 0.9510567 -0.3090164
vn 0 0.9510567 -0.3090164
vn 0 0.5877844 -0.8090176
vn 0 0.5877844 -0.8090176
vn 0 0.3090166 -0.9510567
vn 0 0.3090166 -0.9510567
vn 0 0 -1
vn 0 0 -1
vn 0 -0.3090166 -0.9510567
vn 0 -0.3090166 -0.9510567
vn 0 -0.5877844 -0.8090176
vn 0 -0.5877844 -0.8090176
vn 0 -0.8090135 -0.58779
vn 0 -0.8090135 -0.58779
vn 0 -0.9510567 -0.3090166
vn 0 -0.9510567 -0.3090166
vn 0 -1 0
vn 0 -1 0
vn 0 -0.9510572 0.3090148
vn 0 -0.9510572 0.3090148
vn 0 -0.8090135 0.58779
vn 0 -0.8090135 0.58779
vn 0 -0.5877805 0.8090204
vn 0 -0.5877805 0.8090204
vn 0 -0.3090166 0.9510567
vn 0 -0.3090166 0.9510567
vn 0 0 1
vn 0 0 1
vn 0 0.3090166 0.9510567
vn 0 0.3090166 0.9510567
vn 0 0.5877805 0.8090204
vn 0 0.5877805 0.8090204
vn 0 0.8090198 0.5877813
vn 0 0.8090198 0.5877813
vn 0 0.9510573 0.3090146
vn 0 0.9510573 0.3090146
vn 0 1 0
vn 0 1 0
vn 0 1 0
vn 0 1 0
vn 0 0.9510568 -0.3090162
vn 0 0.9510568 -0.3090162
vn 0 0.8090198 -0.5877813
vn 0 0.8090198 -0.5877813
vn 0 0.5877851 -0.8090171
vn 0 0.5877851 -0.8090171
vn 0 0.309017 -0.9510565
vn 0 0.309017 -0.9510565
vn 0 0 -1
vn 0 0 -1
vn 0 -0.309017 -0.9510565
vn 0 -0.309017 -0.9510565
vn 0 -0.5877851 -0.8090171
vn 0 -0.5877851 -0.8090171
vn 0 -0.8090132 -0.5877905
vn 0 -0.8090132 -0.5877905
vn 0 -0.9510564 -0.3090173
vn 0 -0.9510564 -0.3090173
vn 0 -1 0
vn 0 -1 0
vn 0 -0.951057 0.3090155
vn 0 -0.951057 0.3090155
vn 0 -0.8090132 0.5877905
vn 0 -0.8090132 0.5877905
vn 0 -0.5877813 0.8090199
vn 0 -0.5877813 0.8090199
vn 0 -0.309017 0.9510565
vn 0 -0.309017 0.9510565
vn 0 0 1
vn 0 0 1
vn 0 0.309017 0.9510565
vn 0 0.309017 0.9510565
vn 0 0.5877813 0.8090199
vn 0 0.5877813 0.8090199
vn 0 0.8090198 0.5877813
vn 0 0.8090198 0.5877813
vn 0 0.9510573 0.3090145
vn 0 0.9510573 0.3090145
vn 0 1 0
vn 0 1 0
vn 0 1 0
vn 0 1 0
vn -0.9549024 0.2969199 0
vn -0.9549024 0.2969199 0
vn -0.8210442 0.5708646 0
vn -0.8210442 0.5708646 0
vn -0.6046769 0.7964709 0
vn -0.6046769 0.7964709 0
vn -0.3214999 0.9469096 0
vn -0.3214999 0.9469096 0
vn 0 1 0
vn 0 1 0
vn 0 1 0
vn 0 1 0
vn 0.3214999 0.9469096 0
vn 0.3214999 0.9469096 0
vn 0.6046769 0.7964709 0
vn 0.6046769 0.7964709 0
vn 0.821045 0.5708635 0
vn 0.821045 0.5708635 0
vn 0.9549026 0.2969191 0
vn 0.9549026 0.2969191 0
vn 1 0 0
vn 1 0 0
vn 0.9549028 -0.2969187 0
vn 0.9549028 -0.2969187 0
vn 0.8210444 -0.5708643 0
vn 0.8210444 -0.5708643 0
vn 0.6046779 -0.7964701 0
vn 0.6046779 -0.7964701 0
vn 0.3214984 -0.9469101 0
vn 0.3214984 -0.9469101 0
vn 0 -1 0
vn 0 -1 0
vn -0.3214984 -0.9469101 0
vn -0.3214984 -0.9469101 0
vn -0.6046779 -0.7964701 0
vn -0.6046779 -0.7964701 0
vn -0.8210444 -0.5708643 0
vn -0.8210444 -0.5708643 0
vn -0.9549025 -0.2969194 0
vn -0.9549025 -0.2969194 0
vn -1 -0.0000016 0
vn -1 -0.0000016 0
vn 0 0.6995246 0.7146085
vn 0 0.6995246 0.7146085
vn 0 0.9383356 0.3457257
vn 0 0.9383356 0.3457257
vn 0 1 0
vn 0 1 0
vn 0 0.9510563 -0.3090177
vn 0 0.9510563 -0.3090177
vn 0 0.8090176 -0.5877844
vn 0 0.8090176 -0.5877844
vn 0 0.8090176 -0.5877844
vn 0 0.8090176 -0.5877844
vn 0 0.5877851 -0.8090171
vn 0 0.5877851 -0.8090171
vn 0 0.3090177 -0.9510563
vn 0 0.3090177 -0.9510563
vn 0 0 -1
vn 0 0 -1
vn 0 -0.3090177 -0.9510563
vn 0 -0.3090177 -0.9510563
vn 0 -0.5877838 -0.8090181
vn 0 -0.5877838 -0.8090181
vn 0 -0.7309572 -0.6824233
vn 0 -0.7309572 -0.6824233
vn 0 -0.7534126 -0.6575481
vn 0 -0.7534126 -0.6575481
vn 0 -0.7561587 -0.6543883
vn 0 -0.7561587 -0.6543883
vn 0 -1 0
vn 0 -1 0
vn 0 -1 0
vn 0 -1 0
vn -1 -1e-7 -4e-7
vn -1 -1e-7 -4e-7
vn -1 -1e-7 -4e-7
vn -1 -1e-7 -4e-7
vn 1 3e-7 0
vn 1 3e-7 0
vn 1 3e-7 0
vn 1 3e-7 0
vn 0 -0.0069752 -0.9999757
vn 0 -0.0069752 -0.9999757
vn 0 -0.0069752 -0.9999757
vn 0 -0.0069752 -0.9999757
vn 0 1 0
vn 0 1 0
vn 0 1e-7 -1
vn 0 1e-7 -1
vn 0 1e-7 -1
vn 0 1e-7 -1
vn 0 -1 0
vn 0 -1 0
vn 0 0 1
vn 0 0 1
vn 0 0 1
vn 0 0 1
vn 0 0.7670848 0.6415457
vn 0 0.9824508 0.1865217
vn 0 0.6995233 0.7146098
vn 0 0.9383357 0.3457255
vn 0 0.9383357 0.3457255
vn 0 0.6995233 0.7146098
vn 0 1 0
vn 0 1 0
vn 0 0.9510561 -0.3090182
vn 0 0.9510561 -0.3090182
vn 0 0.8090178 -0.5877841
vn 0 0.8090178 -0.5877841
vn 0 0.8090178 -0.5877841
vn 0 0.587786 -0.8090165
vn 0 0.587786 -0.8090165
vn 0 0.8090178 -0.5877841
vn 0 0.3090165 -0.9510567
vn 0 0.3090165 -0.9510567
vn 0 0 -1
vn 0 0 -1
vn 0 -0.3090165 -0.9510567
vn 0 -0.3090165 -0.9510567
vn 0 -0.5877842 -0.8090178
vn 0 -0.5877842 -0.8090178
vn 0 -0.7309568 -0.6824238
vn 0 -0.7309568 -0.6824238
vn 0 -0.753412 -0.6575488
vn 0 -0.753412 -0.6575488
vn 0 -0.7561587 -0.6543883
vn 0 -0.7561587 -0.6543883
vn 0 -1 0
vn 0 -1 0
vn 0 -1 0
vn 0 -1 0
vn 1 -1e-7 -4e-7
vn 1 -1e-7 -4e-7
vn 1 -1e-7 -4e-7
vn 1 -1e-7 -4e-7
vn -1 0 0
vn -1 0 0
vn -1 0 0
vn 0 -0.0069741 -0.9999757
vn 0 -0.0069741 -0.9999757
vn 0 -0.0069741 -0.9999757
vn 0 -0.0069741 -0.9999757
vn 0 1 0
vn 0 0 -1
vn 0 0 -1
vn 0 0 -1
vn 0 0 -1
vn 0 -1 0
vn 0 -1 0
vn 0 0 1
vn 0 0 1
vn 0 0 1
vn 0 0 1
vn 0 0.7670837 0.641547
vn 0 0.9824507 0.1865222
vn 0 0.951057 -0.3090155
vn 0 0.8090168 -0.5877855
vn -0.3017607 0.7713038 -0.5603846
vn -0.3017606 0.9067224 -0.2946101
vn 0 0.5877853 -0.809017
vn -0.3017608 0.5603851 -0.7713034
vn 1e-7 0.3090178 -0.9510563
vn -0.3017609 0.2946118 -0.9067217
vn 2e-7 0 -1
vn -0.30176 0 -0.9533839
vn 1e-7 -0.3090171 -0.9510565
vn -0.301761 -0.2946119 -0.9067217
vn 0 -0.5877862 -0.8090163
vn -0.3017608 -0.5603859 -0.7713028
vn 0 -0.8090174 -0.5877848
vn -0.3017599 -0.7713041 -0.5603846
vn 0 -0.9510563 -0.3090177
vn -0.3017607 -0.9067216 -0.2946124
vn 0 -1 -1e-7
vn -0.3017608 -0.9533837 2e-7
vn 0 -0.9510564 0.3090174
vn -0.3017604 -0.9067217 0.2946123
vn 4e-7 -0.8090178 0.5877842
vn -0.3017604 -0.7713044 0.560384
vn 3e-7 -0.5877864 0.8090162
vn -0.3017603 -0.5603855 0.7713033
vn 0 -0.3090159 0.9510569
vn -0.3017607 -0.2946103 0.9067223
vn 0 0 1
vn -0.301761 0 0.9533836
vn 0 0.3090164 0.9510567
vn -0.3017608 0.294611 0.906722
vn -4e-7 0.5877856 0.8090167
vn -0.3017616 0.5603849 0.7713033
vn -3e-7 0.8090173 0.5877848
vn -0.3017626 0.7713036 0.5603839
vn 0 0.9510566 0.3090166
vn -0.3017614 0.9067217 0.2946114
vn 0 1 6e-7
vn -0.3017603 0.9533838 8e-7
vn 0 1 6e-7
vn -0.3017603 0.9533838 8e-7
vn 0.3017619 0.9067217 -0.2946107
vn 0.3017617 0.7713033 -0.5603847
vn 0.3017617 0.5603852 -0.771303
vn 0.3017618 0.2946117 -0.9067214
vn 0.3017611 0 -0.9533836
vn 0.3017618 -0.2946119 -0.9067214
vn 0.3017616 -0.5603859 -0.7713025
vn 0.3017609 -0.7713035 -0.5603849
vn 0.3017618 -0.9067211 -0.2946128
vn 0.3017613 -0.9533835 0
vn 0.3017611 -0.9067217 0.2946117
vn 0.3017618 -0.7713043 0.5603834
vn 0.3017616 -0.5603854 0.7713029
vn 0.3017616 -0.2946098 0.9067221
vn 0.301762 0 0.9533833
vn 0.3017617 0.2946104 0.9067219
vn 0.3017621 0.5603851 0.7713029
vn 0.3017629 0.7713036 0.5603836
vn 0.3017621 0.9067215 0.2946113
vn 0.3017613 0.9533835 5e-7
vn 0.3017613 0.9533835 5e-7
vn -0.5696927 0.7816339 -0.253966
vn -0.569694 0.8218569 0.0000011
vn -0.569694 0.8218569 0.0000011
vn -0.569698 0.7816295 0.2539674
vn -0.5696987 0.664894 0.4830728
vn -0.5696973 0.4830731 0.664895
vn -0.5696961 0.2539665 0.7816312
vn -0.5696955 0 0.8218559
vn -0.5696953 -0.2539657 0.7816321
vn -0.569696 -0.4830736 0.6648957
vn -0.5696946 -0.6648968 0.4830738
vn -0.5696951 -0.7816313 0.2539685
vn -0.569696 -0.8218555 6e-7
vn -0.5696956 -0.7816314 -0.2539672
vn -0.5696951 -0.664896 -0.4830742
vn -0.5696954 -0.4830747 -0.6648954
vn -0.5696952 -0.253968 -0.7816314
vn -0.5696939 0 -0.821857
vn -0.5696947 0.2539666 -0.7816322
vn -0.5696953 0.483074 -0.664896
vn -0.5696942 0.6648967 -0.4830745
vn 0.5696912 0.7816344 -0.2539676
vn 0.5696917 0.6648981 -0.4830754
vn 0.5696926 0.4830769 -0.6648963
vn 0.5696924 0.253968 -0.7816334
vn 0.5696918 0 -0.8218584
vn 0.5696926 -0.2539697 -0.7816327
vn 0.5696921 -0.4830772 -0.6648965
vn 0.5696924 -0.6648966 -0.4830767
vn 0.5696934 -0.7816325 -0.2539687
vn 0.5696924 -0.821858 1e-7
vn 0.5696924 -0.7816334 0.2539681
vn 0.5696927 -0.6648974 0.4830752
vn 0.5696929 -0.4830751 0.6648973
vn 0.5696931 -0.2539664 0.7816334
vn 0.5696937 2e-7 0.8218571
vn 0.5696941 0.2539669 0.7816325
vn 0.569695 0.4830752 0.6648955
vn 0.5696959 0.6648955 0.4830741
vn 0.5696952 0.7816313 0.2539684
vn 0.5696917 0.8218585 3e-7
vn 0.5696917 0.8218585 3e-7
vn 1 0 -0.000001
vn 1 0 -0.0000029
vn 1 0 -0.0000029
vn 1 0 -0.000001
vn 1 0 -0.000002
vn 1 0 -0.000002
vn 1 0 0
vn 1 0 0
vn 1 0 0.000001
vn 1 0 0.000001
vn 1 0 0.000001
vn 1 0 0.000001
vn 1 0 0.0000012
vn 1 0 0.0000012
vn 1 0 2e-7
vn 1 0 2e-7
vn 1 0 -0.000001
vn 1 0 -0.000001
vn 1 0 0
vn 1 0 0
vn 1 0 0
vn 1 0 0
vn 1 0 0.000001
vn 1 0 0.000001
vn 1 0 0.000002
vn 1 0 0.000002
vn 1 0 -0.000001
vn 1 0 -0.000001
vn 1 0 -0.0000027
vn 1 0 -0.0000027
vn 1 0 -0.0000027
vn 1 0 -0.0000027
vn 1 0 -0.0000029
vn 1 0 -0.0000029
vn 1 0 -0.000001
vn 1 0 -0.000001
vn 1 0 0.000001
vn 1 0 0.000001
vn 1 0 0.000001
vn 1 0 0.000001
vn 1 0 -0.000001
vn 1 0 -0.000001
vn -1 0 0
vn -1 0 -0.000001
vn -1 0 -0.000001
vn -1 0 0
vn -1 0 0
vn -1 0 0
vn -1 0 0.0000015
vn -1 0 0.0000015
vn -1 0 0.000001
vn -1 0 0.000001
vn -1 0 5e-7
vn -1 0 5e-7
vn -1 0 -5e-7
vn -1 0 -5e-7
vn -1 0 0.000001
vn -1 0 0.000001
vn -1 0 0.0000015
vn -1 0 0.0000015
vn -1 0 0.000001
vn -1 0 0.000001
vn -1 0 0.000001
vn -1 0 0.000001
vn -1 0 0
vn -1 0 0
vn -1 0 -0.000002
vn -1 0 -0.000002
vn -1 0 -0.0000024
vn -1 0 -0.0000024
vn -1 0 -0.000001
vn -1 0 -0.000001
vn -1 0 -5e-7
vn -1 0 -5e-7
vn -1 0 5e-7
vn -1 0 5e-7
vn -1 0 0
vn -1 0 0
vn -1 0 -5e-7
vn -1 0 -5e-7
vn -1 0 0
vn -1 0 0
vn -1 0 0
vn -1 0 0
vn 0 -0.8090166 0.5877858
vn 0 -0.9510563 0.3090176
vn 0 -0.9510563 0.3090176
vn 0 -0.8090166 0.5877858
vn 0 -0.5877865 0.8090161
vn 0 -0.5877865 0.8090161
vn 0 -0.3090164 0.9510567
vn 0 -0.3090164 0.9510567
vn 0 0 1
vn 0 0 1
vn 0 0.3090157 0.9510569
vn 0 0.3090157 0.9510569
vn 0 0.5877861 0.8090164
vn 0 0.5877861 0.8090164
vn 0 0.8090179 0.587784
vn 0 0.8090179 0.587784
vn 0 0.9510566 0.3090168
vn 0 0.9510566 0.3090168
vn 0 1 0
vn 0 1 0
vn 0 0.9510569 -0.3090159
vn 0 0.9510569 -0.3090159
vn 0 0.8090184 -0.5877834
vn 0 0.8090184 -0.5877834
vn 0 0.5877851 -0.8090171
vn 0 0.5877851 -0.8090171
vn 0 0.3090169 -0.9510565
vn 0 0.3090169 -0.9510565
vn 0 0 -1
vn 0 0 -1
vn 0 -0.3090177 -0.9510563
vn 0 -0.3090177 -0.9510563
vn 0 -0.5877865 -0.8090161
vn 0 -0.5877865 -0.8090161
vn 0 -0.8090184 -0.5877834
vn 0 -0.8090184 -0.5877834
vn 0 -0.9510569 -0.3090159
vn 0 -0.9510569 -0.3090159
vn 0 -1 -0.0000014
vn 0 -1 -0.0000014
vn 0 -1 -0.0000014
vn 0 -1 -0.0000014
vn 0 -0.9510565 0.309017
vn 0 -0.8090174 0.5877847
vn 0 -0.8090174 0.5877847
vn 0 -0.9510565 0.309017
vn 0 -0.5877876 0.8090153
vn 0 -0.5877876 0.8090153
vn 0 -0.309016 0.9510568
vn 0 -0.309016 0.9510568
vn 0 0 1
vn 0 0 1
vn 0 0.3090152 0.9510571
vn 0 0.3090152 0.9510571
vn 0 0.5877871 0.8090156
vn 0 0.5877871 0.8090156
vn 0 0.8090188 0.5877828
vn 0 0.8090188 0.5877828
vn 0 0.9510567 0.3090164
vn 0 0.9510567 0.3090164
vn 0 1 0
vn 0 1 0
vn 0 0.951057 -0.3090156
vn 0 0.951057 -0.3090156
vn 0 0.8090188 -0.5877828
vn 0 0.8090188 -0.5877828
vn 0 0.5877862 -0.8090163
vn 0 0.5877862 -0.8090163
vn 0 0.3090165 -0.9510567
vn 0 0.3090165 -0.9510567
vn 0 0 -1
vn 0 0 -1
vn 0 -0.3090173 -0.9510564
vn 0 -0.3090173 -0.9510564
vn 0 -0.5877876 -0.8090153
vn 0 -0.5877876 -0.8090153
vn 0 -0.8090181 -0.5877838
vn 0 -0.8090181 -0.5877838
vn 0 -0.9510566 -0.3090168
vn 0 -0.9510566 -0.3090168
vn 0 -1 -0.0000017
vn 0 -1 -0.0000017
vn 0 -1 -0.0000017
vn 0 -1 -0.0000017
vn 1 0 0.0000016
vn 1 0 0
vn 1 0 0
vn 1 0 0.0000016
vn 1 0 0
vn 1 0 0
vn 1 0 0
vn 1 0 0
vn 1 0 -8e-7
vn 1 0 -8e-7
vn 1 0 -0.0000012
vn 1 0 -0.0000012
vn 1 0 -4e-7
vn 1 0 -4e-7
vn 1 0 0
vn 1 0 0
vn 1 0 0.0000016
vn 1 0 0.0000016
vn 1 0 0.0000016
vn 1 0 0.0000016
vn 1 0 0
vn 1 0 0
vn 1 0 -0.0000016
vn 1 0 -0.0000016
vn 1 0 -0.0000016
vn 1 0 -0.0000016
vn 1 0 0
vn 1 0 0
vn 1 0 8e-7
vn 1 0 8e-7
vn 1 0 0.0000012
vn 1 0 0.0000012
vn 1 0 4e-7
vn 1 0 4e-7
vn 1 0 0
vn 1 0 0
vn 1 0 -0.0000016
vn 1 0 -0.0000016
vn 1 0 0
vn 1 0 0
vn -1 0 0
vn -1 0 -0.0000016
vn -1 0 -0.0000016
vn -1 0 0
vn -1 0 -0.0000016
vn -1 0 -0.0000016
vn -1 0 -8e-7
vn -1 0 -8e-7
vn -1 0 -0.0000012
vn -1 0 -0.0000012
vn -1 0 -8e-7
vn -1 0 -8e-7
vn -1 0 -4e-7
vn -1 0 -4e-7
vn -1 0 8e-7
vn -1 0 8e-7
vn -1 0 -8e-7
vn -1 0 -8e-7
vn -1 0 0
vn -1 0 0
vn -1 0 0
vn -1 0 0
vn -1 0 0
vn -1 0 0
vn -1 0 0
vn -1 0 0
vn -1 0 -0.0000024
vn -1 0 -0.0000024
vn -1 0 -4e-7
vn -1 0 -4e-7
vn -1 0 8e-7
vn -1 0 8e-7
vn -1 0 4e-7
vn -1 0 4e-7
vn -1 0 -8e-7
vn -1 0 -8e-7
vn -1 0 -8e-7
vn -1 0 -8e-7
vn -1 0 0
vn -1 0 0
vn 0 0.8090204 -0.5877806
vn 0 0.9510561 -0.3090182
vn 0 0.9510561 -0.3090182
vn 0 0.8090204 -0.5877806
vn 0 0.5877853 -0.809017
vn 0 0.5877853 -0.809017
vn 0 0.3090174 -0.9510564
vn 0 0.3090174 -0.9510564
vn 0 0 -1
vn 0 0 -1
vn 0 -0.3090174 -0.9510564
vn 0 -0.3090174 -0.9510564
vn 0 -0.5877853 -0.809017
vn 0 -0.5877853 -0.809017
vn 0 -0.8090143 -0.5877889
vn 0 -0.8090143 -0.5877889
vn 0 -0.9510562 -0.3090179
vn 0 -0.9510562 -0.3090179
vn 0 -1 0
vn 0 -1 0
vn 0 -0.9510573 0.3090146
vn 0 -0.9510573 0.3090146
vn 0 -0.8090143 0.5877889
vn 0 -0.8090143 0.5877889
vn 0 -0.5877816 0.8090197
vn 0 -0.5877816 0.8090197
vn 0 -0.3090174 0.9510564
vn 0 -0.3090174 0.9510564
vn 0 0 1
vn 0 0 1
vn 0 0.3090174 0.9510564
vn 0 0.3090174 0.9510564
vn 0 0.5877816 0.8090197
vn 0 0.5877816 0.8090197
vn 0 0.8090204 0.5877806
vn 0 0.8090204 0.5877806
vn 0 0.9510572 0.3090148
vn 0 0.9510572 0.3090148
vn 0 1 0
vn 0 1 0
vn 0 1 0
vn 0 1 0
vn 0 0.9510568 -0.3090162
vn 0 0.8090187 -0.5877829
vn 0 0.8090187 -0.5877829
vn 0 0.9510568 -0.3090162
vn 0 0.5877859 -0.8090165
vn 0 0.5877859 -0.8090165
vn 0 0.3090176 -0.9510563
vn 0 0.3090176 -0.9510563
vn 0 0 -1
vn 0 0 -1
vn 0 -0.3090176 -0.9510563
vn 0 -0.3090176 -0.9510563
vn 0 -0.5877859 -0.8090165
vn 0 -0.5877859 -0.8090165
vn 0 -0.8090127 -0.5877912
vn 0 -0.8090127 -0.5877912
vn 0 -0.9510568 -0.309016
vn 0 -0.9510568 -0.309016
vn 0 -1 0
vn 0 -1 0
vn 0 -0.9510574 0.3090144
vn 0 -0.9510574 0.3090144
vn 0 -0.8090147 0.5877885
vn 0 -0.8090147 0.5877885
vn 0 -0.5877786 0.8090218
vn 0 -0.5877786 0.8090218
vn 0 -0.3090176 0.9510563
vn 0 -0.3090176 0.9510563
vn 0 0 1
vn 0 0 1
vn 0 0.3090176 0.9510563
vn 0 0.3090176 0.9510563
vn 0 0.5877786 0.8090218
vn 0 0.5877786 0.8090218
vn 0 0.8090207 0.5877802
vn 0 0.8090207 0.5877802
vn 0 0.9510573 0.3090145
vn 0 0.9510573 0.3090145
vn 0 1 0
vn 0 1 0
vn 0 1 0
vn 0 1 0
vn 0.9510573 0.3090145 0
vn 0.809017 0.5877852 0
vn 0.809017 0.5877852 0
vn 0.9510573 0.3090145 0
vn 0.5877839 0.809018 0
vn 0.5877839 0.809018 0
vn 0.3090178 0.9510562 0
vn 0.3090178 0.9510562 0
vn 0 1 0
vn 0 1 0
vn 0 1 0
vn -0.3090169 0.9510565 0
vn -0.3090169 0.9510565 0
vn 0 1 0
vn -0.5877824 0.8090191 0
vn -0.5877824 0.8090191 0
vn -0.8090178 0.5877842 0
vn -0.8090178 0.5877842 0
vn -0.9510571 0.3090152 0
vn -0.9510571 0.3090152 0
vn -1 0 0
vn -1 0 0
vn -0.9510572 -0.3090148 0
vn -0.9510572 -0.3090148 0
vn -0.8090172 -0.587785 0
vn -0.8090172 -0.587785 0
vn -0.5877834 -0.8090183 0
vn -0.5877834 -0.8090183 0
vn -0.3090155 -0.951057 0
vn -0.3090155 -0.951057 0
vn 0 -1 0
vn 0 -1 0
vn 0.3090164 -0.9510567 0
vn 0.3090164 -0.9510567 0
vn 0.5877849 -0.8090172 0
vn 0.5877849 -0.8090172 0
vn 0.8090165 -0.587786 0
vn 0.8090165 -0.587786 0
vn 0.9510568 -0.3090162 0
vn 0.9510568 -0.3090162 0
vn 1 -0.0000024 0
vn 1 -0.0000024 0
vn -0.0074848 -0.999972 0
vn -0.0074848 -0.999972 0
vn 0.0074848 -0.999972 0
vn 0.0074848 -0.999972 0
vn -0.0074847 0.999972 0
vn -0.0074847 0.999972 0
vn 0.0074847 0.999972 0
vn 0.0074847 0.999972 0
vn 0.9999895 -0.0045887 0
vn 0.9999895 -0.0045887 0
vn 0.9999895 0.0045887 0
vn 0.9999895 0.0045887 0
vn -0.9999895 0.0045887 0
vn -0.9999895 0.0045887 0
vn -0.9999895 -0.0045887 0
vn -0.9999895 -0.0045887 0
vn -0.87305 -0.4876306 0
vn -0.87305 -0.4876306 0
vn -0.5124733 -0.8587032 0
vn -0.5124733 -0.8587032 0
vn -0.5124733 -0.8587032 0
vn -0.5124733 -0.8587032 0
vn 0.2669261 -0.963717 0
vn 0.2669261 -0.963717 0
vn 0.7187212 -0.6952984 0
vn 0.8730508 -0.4876294 0
vn 0.8730508 -0.4876294 0
vn 0.7187212 -0.6952984 0
vn -0.87305 0.4876307 0
vn -0.87305 0.4876307 0
vn -0.5124724 0.8587037 0
vn -0.5124724 0.8587037 0
vn -0.5124724 0.8587037 0
vn -0.5124724 0.8587037 0
vn 0.2669221 0.9637181 0
vn 0.2669221 0.9637181 0
vn 0.7187222 0.6952973 0
vn 0.8730507 0.4876294 0
vn 0.8730507 0.4876294 0
vn 0.7187222 0.6952973 0
vn 0 -0.0000025 1
vn 0 -0.0000025 1
vn 0 0.0000047 1
vn 0 0.0000047 1
vn 0 0 -1
vn 0 0 -1
vn 0 0.0000016 -1
vn 0 0.0000016 -1
vn 0 7e-7 1
vn 0 7e-7 1
vn 0 0 1
vn 0 0 1
vn 0 0 1
vn 0 0 1
vn 0 -9e-7 1
vn 0 -9e-7 1
vn 0 0.0000018 1
vn 0 0.0000018 1
vn 0 -0.0000049 1
vn 0 -0.0000049 1
vn 0 -0.0000024 -1
vn 0 -0.0000024 -1
vn 0 -0.0000022 -1
vn 0 -0.0000022 -1
vn 0 0 -1
vn 0 0 -1
vn 0 0 -1
vn 0 0 -1
vn 0 0 -1
vn 0 0 -1
vn 0 0 -1
vn 0 0 -1
f 1/1/1 2/2/2 3/3/3
f 4/4/4 1/1/1 3/3/3
f 5/5/5 4/4/4 3/3/3
f 6/6/6 5/5/5 3/3/3
f 7/7/7 6/6/6 3/3/3
f 8/8/8 7/7/7 3/3/3
f 9/9/9 8/8/8 3/3/3
f 10/10/10 9/9/9 3/3/3
f 11/11/11 10/10/10 3/3/3
f 12/12/12 11/11/11 3/3/3
f 13/13/13 12/12/12 3/3/3
f 14/14/14 13/13/13 3/3/3
f 15/15/15 16/16/16 17/17/17
f 16/16/16 18/18/18 17/17/17
f 18/18/18 19/19/19 17/17/17
f 19/19/19 20/20/20 17/17/17
f 20/20/20 21/21/21 17/17/17
f 21/21/21 22/22/22 17/17/17
f 22/22/22 23/23/23 17/17/17
f 23/23/23 24/24/24 17/17/17
f 24/24/24 25/25/25 17/17/17
f 25/25/25 26/26/26 17/17/17
f 26/26/26 27/27/27 17/17/17
f 27/27/27 28/28/28 17/17/17
f 29/29/29 30/30/30 31/31/31
f 32/32/32 33/33/33 34/34/34
f 35/35/35 36/36/36 37/37/37
f 38/38/38 36/36/36 35/35/35
f 39/39/39 36/36/36 38/38/38
f 40/40/40 36/36/36 39/39/39
f 41/41/41 36/36/36 40/40/40
f 42/42/42 36/36/36 41/41/41
f 43/43/43 36/36/36 42/42/42
f 44/44/44 36/36/36 43/43/43
f 45/45/45 36/36/36 44/44/44
f 46/46/46 36/36/36 45/45/45
f 47/47/47 36/36/36 46/46/46
f 48/48/48 36/36/36 47/47/47
f 49/49/49 50/50/50 51/51/51
f 51/51/51 50/50/50 52/52/52
f 52/52/52 50/50/50 53/53/53
f 53/53/53 50/50/50 54/54/54
f 54/54/54 50/50/50 55/55/55
f 55/55/55 50/50/50 56/56/56
f 56/56/56 50/50/50 57/57/57
f 57/57/57 50/50/50 58/58/58
f 58/58/58 50/50/50 59/59/59
f 59/59/59 50/50/50 60/60/60
f 60/60/60 50/50/50 61/61/61
f 61/61/61 50/50/50 62/62/62
f 63/63/63 64/64/64 65/65/65
f 66/66/66 67/67/67 68/68/68
f 69/69/69 70/70/70 71/71/71
f 72/72/72 70/70/70 69/69/69
f 73/73/73 70/70/70 72/72/72
f 74/74/74 70/70/70 73/73/73
f 75/75/75 70/70/70 74/74/74
f 76/76/76 70/70/70 75/75/75
f 77/77/77 70/70/70 76/76/76
f 78/78/78 70/70/70 77/77/77
f 79/79/79 70/70/70 78/78/78
f 80/80/80 70/70/70 79/79/79
f 81/81/81 70/70/70 80/80/80
f 82/82/82 70/70/70 81/81/81
f 83/83/83 84/84/84 85/85/85
f 85/85/85 84/84/84 86/86/86
f 86/86/86 84/84/84 87/87/87
f 87/87/87 84/84/84 88/88/88
f 88/88/88 84/84/84 89/89/89
f 89/89/89 84/84/84 90/90/90
f 90/90/90 84/84/84 91/91/91
f 91/91/91 84/84/84 92/92/92
f 92/92/92 84/84/84 93/93/93
f 93/93/93 84/84/84 94/94/94
f 94/94/94 84/84/84 95/95/95
f 95/95/95 84/84/84 96/96/96
f 97/97/97 98/98/98 99/99/99
f 100/100/100 101/101/101 102/102/102
f 103/103/103 104/104/104 105/105/105
f 106/106/106 103/103/103 105/105/105
f 107/107/107 106/106/106 105/105/105
f 108/108/108 107/107/107 105/105/105
f 109/109/109 108/108/108 105/105/105
f 110/110/110 109/109/109 105/105/105
f 111/111/111 110/110/110 105/105/105
f 112/112/112 111/111/111 105/105/105
f 113/113/113 112/112/112 105/105/105
f 114/114/114 113/113/113 105/105/105
f 115/115/115 114/114/114 105/105/105
f 116/116/116 115/115/115 105/105/105
f 117/117/117 118/118/118 119/119/119
f 118/118/118 120/120/120 119/119/119
f 120/120/120 121/121/121 119/119/119
f 121/121/121 122/122/122 119/119/119
f 122/122/122 123/123/123 119/119/119
f 123/123/123 124/124/124 119/119/119
f 124/124/124 125/125/125 119/119/119
f 125/125/125 126/126/126 119/119/119
f 126/126/126 127/127/127 119/119/119
f 127/127/127 128/128/128 119/119/119
f 128/128/128 129/129/129 119/119/119
f 129/129/129 130/130/130 119/119/119
f 131/131/131 132/132/132 133/133/133
f 134/134/134 135/135/135 136/136/136
f 137/137/137 138/138/138 139/139/139
f 140/140/140 137/137/137 139/139/139
f 141/141/141 140/140/140 139/139/139
f 142/142/142 141/141/141 139/139/139
f 143/143/143 142/142/142 139/139/139
f 144/144/144 143/143/143 139/139/139
f 145/145/145 144/144/144 139/139/139
f 146/146/146 145/145/145 139/139/139
f 147/147/147 146/146/146 139/139/139
f 148/148/148 147/147/147 139/139/139
f 149/149/149 148/148/148 139/139/139
f 150/150/150 149/149/149 139/139/139
f 151/151/151 152/152/152 153/153/153
f 152/152/152 154/154/154 153/153/153
f 154/154/154 155/155/155 153/153/153
f 155/155/155 156/156/156 153/153/153
f 156/156/156 157/157/157 153/153/153
f 157/157/157 158/158/158 153/153/153
f 158/158/158 159/159/159 153/153/153
f 159/159/159 160/160/160 153/153/153
f 160/160/160 161/161/161 153/153/153
f 161/161/161 162/162/162 153/153/153
f 162/162/162 163/163/163 153/153/153
f 163/163/163 164/164/164 153/153/153
f 165/165/165 166/166/166 167/167/167
f 168/168/168 169/169/169 170/170/170
f 171/171/171 172/172/172 173/173/173
f 174/174/174 172/172/172 171/171/171
f 175/175/175 172/172/172 174/174/174
f 176/176/176 172/172/172 175/175/175
f 177/177/177 172/172/172 176/176/176
f 178/178/178 172/172/172 177/177/177
f 179/179/179 172/172/172 178/178/178
f 180/180/180 172/172/172 179/179/179
f 181/181/181 172/172/172 180/180/180
f 182/182/182 172/172/172 181/181/181
f 183/183/183 172/172/172 182/182/182
f 184/184/184 172/172/172 183/183/183
f 185/185/185 186/186/186 187/187/187
f 187/187/187 186/186/186 188/188/188
f 188/188/188 186/186/186 189/189/189
f 189/189/189 186/186/186 190/190/190
f 190/190/190 186/186/186 191/191/191
f 191/191/191 186/186/186 192/192/192
f 192/192/192 186/186/186 193/193/193
f 193/193/193 186/186/186 194/194/194
f 194/194/194 186/186/186 195/195/195
f 195/195/195 186/186/186 196/196/196
f 196/196/196 186/186/186 197/197/197
f 197/197/197 186/186/186 198/198/198
f 199/199/199 200/200/200 201/201/201
f 202/202/202 203/203/203 204/204/204
f 205/205/205 206/206/206 207/207/207
f 208/208/208 206/206/206 205/205/205
f 209/209/209 206/206/206 208/208/208
f 210/210/210 206/206/206 209/209/209
f 211/211/211 206/206/206 210/210/210
f 212/212/212 206/206/206 211/211/211
f 213/213/213 206/206/206 212/212/212
f 214/214/214 206/206/206 213/213/213
f 215/215/215 206/206/206 214/214/214
f 216/216/216 206/206/206 215/215/215
f 217/217/217 206/206/206 216/216/216
f 218/218/218 206/206/206 217/217/217
f 219/219/219 220/220/220 221/221/221
f 221/221/221 220/220/220 222/222/222
f 222/222/222 220/220/220 223/223/223
f 223/223/223 220/220/220 224/224/224
f 224/224/224 220/220/220 225/225/225
f 225/225/225 220/220/220 226/226/226
f 226/226/226 220/220/220 227/227/227
f 227/227/227 220/220/220 228/228/228
f 228/228/228 220/220/220 229/229/229
f 229/229/229 220/220/220 230/230/230
f 230/230/230 220/220/220 231/231/231
f 231/231/231 220/220/220 232/232/232
f 233/233/233 234/234/234 235/235/235
f 236/236/236 237/237/237 238/238/238
f 239/239/239 240/240/240 241/241/241
f 242/242/242 239/239/239 241/241/241
f 243/243/243 242/242/242 241/241/241
f 244/244/244 243/243/243 241/241/241
f 245/245/245 244/244/244 241/241/241
f 246/246/246 245/245/245 241/241/241
f 247/247/247 246/246/246 241/241/241
f 248/248/248 247/247/247 241/241/241
f 249/249/249 248/248/248 241/241/241
f 250/250/250 249/249/249 241/241/241
f 251/251/251 250/250/250 241/241/241
f 252/252/252 251/251/251 241/241/241
f 253/253/253 254/254/254 255/255/255
f 254/254/254 256/256/256 255/255/255
f 256/256/256 257/257/257 255/255/255
f 257/257/257 258/258/258 255/255/255
f 258/258/258 259/259/259 255/255/255
f 259/259/259 260/260/260 255/255/255
f 260/260/260 261/261/261 255/255/255
f 261/261/261 262/262/262 255/255/255
f 262/262/262 263/263/263 255/255/255
f 263/263/263 264/264/264 255/255/255
f 264/264/264 265/265/265 255/255/255
f 265/265/265 266/266/266 255/255/255
f 267/267/267 268/268/268 269/269/269
f 270/270/270 271/271/271 272/272/272
f 273/273/273 274/274/274 275/275/275
f 273/273/273 275/275/275 276/276/276
f 274/274/274 277/277/277 278/278/278
f 274/274/274 278/278/278 275/275/275
f 277/277/277 279/279/279 280/280/280
f 277/277/277 280/280/280 278/278/278
f 279/279/279 281/281/281 282/282/282
f 279/279/279 282/282/282 280/280/280
f 283/283/283 284/284/284 285/285/285
f 283/283/283 285/285/285 286/286/286
f 284/284/284 287/287/287 288/288/288
f 284/284/284 288/288/288 285/285/285
f 287/287/287 289/289/289 290/290/290
f 287/287/287 290/290/290 288/288/288
f 289/289/289 291/291/291 292/292/292
f 289/289/289 292/292/292 290/290/290
f 291/291/291 293/293/293 294/294/294
f 291/291/291 294/294/294 292/292/292
f 293/293/293 295/295/295 296/296/296
f 293/293/293 296/296/296 294/294/294
f 295/295/295 297/297/297 298/298/298
f 295/295/295 298/298/298 296/296/296
f 297/297/297 299/299/299 300/300/300
f 297/297/297 300/300/300 298/298/298
f 301/301/301 302/302/302 303/303/303
f 301/301/301 303/303/303 304/304/304
f 305/305/305 306/306/306 307/307/307
f 305/305/305 307/307/307 308/308/308
f 309/309/309 310/310/310 311/311/311
f 309/309/309 311/311/311 312/312/312
f 313/313/313 314/314/314 315/315/315
f 313/313/313 315/315/315 316/316/316
f 31/31/31 30/30/30 317/317/317
f 31/31/31 317/317/317 318/318/318
f 319/319/319 320/320/320 321/321/321
f 319/319/319 321/321/321 322/322/322
f 323/323/323 324/324/324 325/325/325
f 323/323/323 325/325/325 326/326/326
f 327/327/327 328/328/328 329/329/329
f 327/327/327 329/329/329 330/330/330
f 331/331/331 273/273/273 276/276/276
f 331/331/331 276/276/276 332/332/332
f 333/333/333 334/334/334 335/335/335
f 333/333/333 335/335/335 336/336/336
f 336/336/336 335/335/335 337/337/337
f 336/336/336 337/337/337 338/338/338
f 338/338/338 337/337/337 339/339/339
f 338/338/338 339/339/339 340/340/340
f 340/340/340 339/339/339 341/341/341
f 340/340/340 341/341/341 342/342/342
f 343/343/343 344/344/344 345/345/345
f 343/343/343 345/345/345 346/346/346
f 346/346/346 345/345/345 347/347/347
f 346/346/346 347/347/347 348/348/348
f 348/348/348 347/347/347 349/349/349
f 348/348/348 349/349/349 350/350/350
f 350/350/350 349/349/349 351/351/351
f 350/350/350 351/351/351 352/352/352
f 352/352/352 351/351/351 353/353/353
f 352/352/352 353/353/353 354/354/354
f 354/354/354 353/353/353 355/355/355
f 354/354/354 355/355/355 356/356/356
f 356/356/356 355/355/355 357/357/357
f 356/356/356 357/357/357 358/358/358
f 358/358/358 357/357/357 359/359/359
f 358/358/358 359/359/359 360/360/360
f 361/361/361 362/362/362 363/363/363
f 361/361/361 363/363/363 364/364/364
f 365/365/365 366/366/366 367/367/367
f 365/365/365 367/367/367 368/368/368
f 369/369/369 370/370/370 371/371/371
f 369/369/369 371/371/371 372/372/372
f 373/373/373 374/374/374 375/375/375
f 373/373/373 375/375/375 376/376/376
f 64/64/64 377/377/377 378/378/378
f 64/64/64 378/378/378 65/65/65
f 379/379/379 380/380/380 381/381/381
f 379/379/379 381/381/381 382/382/382
f 363/363/363 383/383/383 384/384/384
f 363/363/363 384/384/384 364/364/364
f 385/385/385 386/386/386 387/387/387
f 385/385/385 387/387/387 388/388/388
f 389/389/389 390/390/390 334/334/334
f 389/389/389 334/334/334 333/333/333
f 391/391/391 392/392/392 393/393/393
f 391/391/391 393/393/393 394/394/394
f 394/394/394 393/393/393 395/395/395
f 394/394/394 395/395/395 396/396/396
f 396/396/396 395/395/395 397/397/397
f 396/396/396 397/397/397 398/398/398
f 398/398/398 397/397/397 399/399/399
f 398/398/398 399/399/399 400/400/400
f 400/400/400 399/399/399 401/401/401
f 400/400/400 401/401/401 402/402/402
f 402/402/402 401/401/401 403/403/403
f 402/402/402 403/403/403 404/404/404
f 404/404/404 403/403/403 405/405/405
f 404/404/404 405/405/405 406/406/406
f 406/406/406 405/405/405 407/407/407
f 406/406/406 407/407/407 408/408/408
f 408/408/408 407/407/407 409/409/409
f 408/408/408 409/409/409 410/410/410
f 410/410/410 409/409/409 411/411/411
f 410/410/410 411/411/411 412/412/412
f 412/412/412 411/411/411 413/413/413
f 412/412/412 413/413/413 414/414/414
f 414/414/414 413/413/413 415/415/415
f 414/414/414 415/415/415 416/416/416
f 416/416/416 415/415/415 417/417/417
f 416/416/416 417/417/417 418/418/418
f 418/418/418 417/417/417 419/419/419
f 418/418/418 419/419/419 420/420/420
f 420/420/420 419/419/419 421/421/421
f 420/420/420 421/421/421 422/422/422
f 422/422/422 421/421/421 423/423/423
f 422/422/422 423/423/423 424/424/424
f 424/424/424 423/423/423 425/425/425
f 424/424/424 425/425/425 426/426/426
f 426/426/426 425/425/425 427/427/427
f 426/426/426 427/427/427 428/428/428
f 428/428/428 427/427/427 429/429/429
f 428/428/428 429/429/429 430/430/430
f 431/431/431 432/432/432 392/392/392
f 431/431/431 392/392/392 391/391/391
f 433/433/433 391/391/391 394/394/394
f 433/433/433 394/394/394 434/434/434
f 434/434/434 394/394/394 396/396/396
f 434/434/434 396/396/396 435/435/435
f 435/435/435 396/396/396 398/398/398
f 435/435/435 398/398/398 436/436/436
f 436/436/436 398/398/398 400/400/400
f 436/436/436 400/400/400 437/437/437
f 437/437/437 400/400/400 402/402/402
f 437/437/437 402/402/402 438/438/438
f 438/438/438 402/402/402 404/404/404
f 438/438/438 404/404/404 439/439/439
f 439/439/439 404/404/404 406/406/406
f 439/439/439 406/406/406 440/440/440
f 440/440/440 406/406/406 408/408/408
f 440/440/440 408/408/408 441/441/441
f 441/441/441 408/408/408 410/410/410
f 441/441/441 410/410/410 442/442/442
f 442/442/442 410/410/410 412/412/412
f 442/442/442 412/412/412 443/443/443
f 443/443/443 412/412/412 414/414/414
f 443/443/443 414/414/414 444/444/444
f 444/444/444 414/414/414 416/416/416
f 444/444/444 416/416/416 445/445/445
f 445/445/445 416/416/416 418/418/418
f 445/445/445 418/418/418 446/446/446
f 446/446/446 418/418/418 420/420/420
f 446/446/446 420/420/420 447/447/447
f 447/447/447 420/420/420 422/422/422
f 447/447/447 422/422/422 448/448/448
f 448/448/448 422/422/422 424/424/424
f 448/448/448 424/424/424 449/449/449
f 449/449/449 424/424/424 426/426/426
f 449/449/449 426/426/426 450/450/450
f 450/450/450 426/426/426 428/428/428
f 450/450/450 428/428/428 451/451/451
f 451/451/451 428/428/428 430/430/430
f 451/451/451 430/430/430 452/452/452
f 453/453/453 431/431/431 391/391/391
f 453/453/453 391/391/391 433/433/433
f 432/432/432 454/454/454 455/455/455
f 432/432/432 455/455/455 392/392/392
f 427/427/427 456/456/456 457/457/457
f 427/427/427 457/457/457 429/429/429
f 425/425/425 458/458/458 456/456/456
f 425/425/425 456/456/456 427/427/427
f 423/423/423 459/459/459 458/458/458
f 423/423/423 458/458/458 425/425/425
f 421/421/421 460/460/460 459/459/459
f 421/421/421 459/459/459 423/423/423
f 419/419/419 461/461/461 460/460/460
f 419/419/419 460/460/460 421/421/421
f 417/417/417 462/462/462 461/461/461
f 417/417/417 461/461/461 419/419/419
f 415/415/415 463/463/463 462/462/462
f 415/415/415 462/462/462 417/417/417
f 413/413/413 464/464/464 463/463/463
f 413/413/413 463/463/463 415/415/415
f 411/411/411 465/465/465 464/464/464
f 411/411/411 464/464/464 413/413/413
f 409/409/409 466/466/466 465/465/465
f 409/409/409 465/465/465 411/411/411
f 407/407/407 467/467/467 466/466/466
f 407/407/407 466/466/466 409/409/409
f 405/405/405 468/468/468 467/467/467
f 405/405/405 467/467/467 407/407/407
f 403/403/403 469/469/469 468/468/468
f 403/403/403 468/468/468 405/405/405
f 401/401/401 470/470/470 469/469/469
f 401/401/401 469/469/469 403/403/403
f 399/399/399 471/471/471 470/470/470
f 399/399/399 470/470/470 401/401/401
f 397/397/397 472/472/472 471/471/471
f 397/397/397 471/471/471 399/399/399
f 395/395/395 473/473/473 472/472/472
f 395/395/395 472/472/472 397/397/397
f 393/393/393 474/474/474 473/473/473
f 393/393/393 473/473/473 395/395/395
f 455/455/455 474/474/474 393/393/393
f 455/455/455 393/393/393 392/392/392
f 434/434/434 475/475/475 476/476/476
f 434/434/434 476/476/476 433/433/433
f 435/435/435 477/477/477 475/475/475
f 435/435/435 475/475/475 434/434/434
f 436/436/436 478/478/478 477/477/477
f 436/436/436 477/477/477 435/435/435
f 437/437/437 479/479/479 478/478/478
f 437/437/437 478/478/478 436/436/436
f 438/438/438 480/480/480 479/479/479
f 438/438/438 479/479/479 437/437/437
f 439/439/439 481/481/481 480/480/480
f 439/439/439 480/480/480 438/438/438
f 440/440/440 482/482/482 481/481/481
f 440/440/440 481/481/481 439/439/439
f 441/441/441 483/483/483 482/482/482
f 441/441/441 482/482/482 440/440/440
f 442/442/442 484/484/484 483/483/483
f 442/442/442 483/483/483 441/441/441
f 443/443/443 485/485/485 484/484/484
f 443/443/443 484/484/484 442/442/442
f 444/444/444 486/486/486 485/485/485
f 444/444/444 485/485/485 443/443/443
f 445/445/445 487/487/487 486/486/486
f 445/445/445 486/486/486 444/444/444
f 446/446/446 488/488/488 487/487/487
f 446/446/446 487/487/487 445/445/445
f 447/447/447 489/489/489 488/488/488
f 447/447/447 488/488/488 446/446/446
f 448/448/448 490/490/490 489/489/489
f 448/448/448 489/489/489 447/447/447
f 449/449/449 491/491/491 490/490/490
f 449/449/449 490/490/490 448/448/448
f 450/450/450 492/492/492 491/491/491
f 450/450/450 491/491/491 449/449/449
f 451/451/451 493/493/493 492/492/492
f 451/451/451 492/492/492 450/450/450
f 452/452/452 494/494/494 493/493/493
f 452/452/452 493/493/493 451/451/451
f 476/476/476 495/495/495 453/453/453
f 476/476/476 453/453/453 433/433/433
f 496/496/496 497/497/497 498/498/498
f 496/496/496 498/498/498 499/499/499
f 499/499/499 498/498/498 500/500/500
f 499/499/499 500/500/500 501/501/501
f 501/501/501 500/500/500 502/502/502
f 501/501/501 502/502/502 503/503/503
f 503/503/503 502/502/502 504/504/504
f 503/503/503 504/504/504 505/505/505
f 505/505/505 504/504/504 506/506/506
f 505/505/505 506/506/506 507/507/507
f 507/507/507 506/506/506 508/508/508
f 507/507/507 508/508/508 509/509/509
f 509/509/509 508/508/508 510/510/510
f 509/509/509 510/510/510 511/511/511
f 511/511/511 510/510/510 512/512/512
f 511/511/511 512/512/512 513/513/513
f 513/513/513 512/512/512 514/514/514
f 513/513/513 514/514/514 515/515/515
f 515/515/515 514/514/514 516/516/516
f 515/515/515 516/516/516 517/517/517
f 517/517/517 516/516/516 518/518/518
f 517/517/517 518/518/518 519/519/519
f 519/519/519 518/518/518 520/520/520
f 519/519/519 520/520/520 521/521/521
f 521/521/521 520/520/520 522/522/522
f 521/521/521 522/522/522 523/523/523
f 523/523/523 522/522/522 524/524/524
f 523/523/523 524/524/524 525/525/525
f 525/525/525 524/524/524 526/526/526
f 525/525/525 526/526/526 527/527/527
f 527/527/527 526/526/526 528/528/528
f 527/527/527 528/528/528 529/529/529
f 529/529/529 528/528/528 530/530/530
f 529/529/529 530/530/530 531/531/531
f 531/531/531 530/530/530 532/532/532
f 531/531/531 532/532/532 533/533/533
f 533/533/533 532/532/532 534/534/534
f 533/533/533 534/534/534 535/535/535
f 535/535/535 534/534/534 536/536/536
f 535/535/535 536/536/536 537/537/537
f 538/538/538 539/539/539 540/540/540
f 538/538/538 540/540/540 541/541/541
f 541/541/541 540/540/540 542/542/542
f 541/541/541 542/542/542 543/543/543
f 543/543/543 542/542/542 544/544/544
f 543/543/543 544/544/544 545/545/545
f 545/545/545 544/544/544 546/546/546
f 545/545/545 546/546/546 547/547/547
f 547/547/547 546/546/546 548/548/548
f 547/547/547 548/548/548 549/549/549
f 549/549/549 548/548/548 550/550/550
f 549/549/549 550/550/550 551/551/551
f 551/551/551 550/550/550 552/552/552
f 551/551/551 552/552/552 553/553/553
f 553/553/553 552/552/552 554/554/554
f 553/553/553 554/554/554 555/555/555
f 555/555/555 554/554/554 556/556/556
f 555/555/555 556/556/556 557/557/557
f 557/557/557 556/556/556 558/558/558
f 557/557/557 558/558/558 559/559/559
f 559/559/559 558/558/558 560/560/560
f 559/559/559 560/560/560 561/561/561
f 561/561/561 560/560/560 562/562/562
f 561/561/561 562/562/562 563/563/563
f 563/563/563 562/562/562 564/564/564
f 563/563/563 564/564/564 565/565/565
f 565/565/565 564/564/564 566/566/566
f 565/565/565 566/566/566 567/567/567
f 567/567/567 566/566/566 568/568/568
f 567/567/567 568/568/568 569/569/569
f 569/569/569 568/568/568 570/570/570
f 569/569/569 570/570/570 571/571/571
f 571/571/571 570/570/570 572/572/572
f 571/571/571 572/572/572 573/573/573
f 573/573/573 572/572/572 574/574/574
f 573/573/573 574/574/574 575/575/575
f 575/575/575 574/574/574 576/576/576
f 575/575/575 576/576/576 577/577/577
f 577/577/577 576/576/576 578/578/578
f 577/577/577 578/578/578 579/579/579
f 580/580/580 581/581/581 582/582/582
f 580/580/580 582/582/582 583/583/583
f 584/584/584 585/585/585 581/581/581
f 584/584/584 581/581/581 580/580/580
f 586/586/586 587/587/587 585/585/585
f 586/586/586 585/585/585 584/584/584
f 588/588/588 589/589/589 587/587/587
f 588/588/588 587/587/587 586/586/586
f 590/590/590 591/591/591 589/589/589
f 590/590/590 589/589/589 588/588/588
f 592/592/592 593/593/593 591/591/591
f 592/592/592 591/591/591 590/590/590
f 594/594/594 595/595/595 593/593/593
f 594/594/594 593/593/593 592/592/592
f 596/596/596 597/597/597 595/595/595
f 596/596/596 595/595/595 594/594/594
f 598/598/598 599/599/599 597/597/597
f 598/598/598 597/597/597 596/596/596
f 600/600/600 601/601/601 599/599/599
f 600/600/600 599/599/599 598/598/598
f 602/602/602 603/603/603 601/601/601
f 602/602/602 601/601/601 600/600/600
f 604/604/604 605/605/605 603/603/603
f 604/604/604 603/603/603 602/602/602
f 606/606/606 607/607/607 605/605/605
f 606/606/606 605/605/605 604/604/604
f 608/608/608 609/609/609 607/607/607
f 608/608/608 607/607/607 606/606/606
f 610/610/610 611/611/611 609/609/609
f 610/610/610 609/609/609 608/608/608
f 612/612/612 613/613/613 611/611/611
f 612/612/612 611/611/611 610/610/610
f 614/614/614 615/615/615 613/613/613
f 614/614/614 613/613/613 612/612/612
f 616/616/616 617/617/617 615/615/615
f 616/616/616 615/615/615 614/614/614
f 618/618/618 619/619/619 617/617/617
f 618/618/618 617/617/617 616/616/616
f 583/583/583 582/582/582 620/620/620
f 583/583/583 620/620/620 621/621/621
f 622/622/622 623/623/623 624/624/624
f 622/622/622 624/624/624 625/625/625
f 625/625/625 624/624/624 626/626/626
f 625/625/625 626/626/626 627/627/627
f 627/627/627 626/626/626 628/628/628
f 627/627/627 628/628/628 629/629/629
f 629/629/629 628/628/628 630/630/630
f 629/629/629 630/630/630 631/631/631
f 631/631/631 630/630/630 632/632/632
f 631/631/631 632/632/632 633/633/633
f 633/633/633 632/632/632 634/634/634
f 633/633/633 634/634/634 635/635/635
f 635/635/635 634/634/634 636/636/636
f 635/635/635 636/636/636 637/637/637
f 637/637/637 636/636/636 638/638/638
f 637/637/637 638/638/638 639/639/639
f 639/639/639 638/638/638 640/640/640
f 639/639/639 640/640/640 641/641/641
f 641/641/641 640/640/640 642/642/642
f 641/641/641 642/642/642 643/643/643
f 643/643/643 642/642/642 644/644/644
f 643/643/643 644/644/644 645/645/645
f 645/645/645 644/644/644 646/646/646
f 645/645/645 646/646/646 647/647/647
f 647/647/647 646/646/646 648/648/648
f 647/647/647 648/648/648 649/649/649
f 649/649/649 648/648/648 650/650/650
f 649/649/649 650/650/650 651/651/651
f 651/651/651 650/650/650 652/652/652
f 651/651/651 652/652/652 653/653/653
f 653/653/653 652/652/652 654/654/654
f 653/653/653 654/654/654 655/655/655
f 655/655/655 654/654/654 656/656/656
f 655/655/655 656/656/656 657/657/657
f 657/657/657 656/656/656 658/658/658
f 657/657/657 658/658/658 659/659/659
f 659/659/659 658/658/658 660/660/660
f 659/659/659 660/660/660 661/661/661
f 662/662/662 663/663/663 623/623/623
f 662/662/662 623/623/623 622/622/622
f 664/664/664 665/665/665 666/666/666
f 664/664/664 666/666/666 667/667/667
f 667/667/667 666/666/666 668/668/668
f 667/667/667 668/668/668 669/669/669
f 669/669/669 668/668/668 670/670/670
f 669/669/669 670/670/670 671/671/671
f 671/671/671 670/670/670 672/672/672
f 671/671/671 672/672/672 673/673/673
f 673/673/673 672/672/672 674/674/674
f 673/673/673 674/674/674 675/675/675
f 675/675/675 674/674/674 676/676/676
f 675/675/675 676/676/676 677/677/677
f 677/677/677 676/676/676 678/678/678
f 677/677/677 678/678/678 679/679/679
f 679/679/679 678/678/678 680/680/680
f 679/679/679 680/680/680 681/681/681
f 681/681/681 680/680/680 682/682/682
f 681/681/681 682/682/682 683/683/683
f 683/683/683 682/682/682 684/684/684
f 683/683/683 684/684/684 685/685/685
f 685/685/685 684/684/684 686/686/686
f 685/685/685 686/686/686 687/687/687
f 687/687/687 686/686/686 688/688/688
f 687/687/687 688/688/688 689/689/689
f 689/689/689 688/688/688 690/690/690
f 689/689/689 690/690/690 691/691/691
f 691/691/691 690/690/690 692/692/692
f 691/691/691 692/692/692 693/693/693
f 693/693/693 692/692/692 694/694/694
f 693/693/693 694/694/694 695/695/695
f 695/695/695 694/694/694 696/696/696
f 695/695/695 696/696/696 697/697/697
f 697/697/697 696/696/696 698/698/698
f 697/697/697 698/698/698 699/699/699
f 699/699/699 698/698/698 700/700/700
f 699/699/699 700/700/700 701/701/701
f 701/701/701 700/700/700 702/702/702
f 701/701/701 702/702/702 703/703/703
f 703/703/703 702/702/702 665/665/665
f 703/703/703 665/665/665 664/664/664
f 704/704/704 705/705/705 706/706/706
f 704/704/704 706/706/706 707/707/707
f 707/707/707 706/706/706 708/708/708
f 707/707/707 708/708/708 709/709/709
f 709/709/709 708/708/708 710/710/710
f 709/709/709 710/710/710 711/711/711
f 711/711/711 710/710/710 712/712/712
f 711/711/711 712/712/712 713/713/713
f 713/713/713 712/712/712 714/714/714
f 713/713/713 714/714/714 715/715/715
f 715/715/715 714/714/714 716/716/716
f 715/715/715 716/716/716 717/717/717
f 717/717/717 716/716/716 718/718/718
f 717/717/717 718/718/718 719/719/719
f 719/719/719 718/718/718 720/720/720
f 719/719/719 720/720/720 721/721/721
f 721/721/721 720/720/720 722/722/722
f 721/721/721 722/722/722 723/723/723
f 723/723/723 722/722/722 724/724/724
f 723/723/723 724/724/724 725/725/725
f 725/725/725 724/724/724 726/726/726
f 725/725/725 726/726/726 727/727/727
f 727/727/727 726/726/726 728/728/728
f 727/727/727 728/728/728 729/729/729
f 729/729/729 728/728/728 730/730/730
f 729/729/729 730/730/730 731/731/731
f 731/731/731 730/730/730 732/732/732
f 731/731/731 732/732/732 733/733/733
f 733/733/733 732/732/732 734/734/734
f 733/733/733 734/734/734 735/735/735
f 735/735/735 734/734/734 736/736/736
f 735/735/735 736/736/736 737/737/737
f 737/737/737 736/736/736 738/738/738
f 737/737/737 738/738/738 739/739/739
f 739/739/739 738/738/738 740/740/740
f 739/739/739 740/740/740 741/741/741
f 741/741/741 740/740/740 742/742/742
f 741/741/741 742/742/742 743/743/743
f 743/743/743 742/742/742 705/705/705
f 743/743/743 705/705/705 704/704/704
f 744/744/744 745/745/745 746/746/746
f 744/744/744 746/746/746 747/747/747
f 748/748/748 749/749/749 745/745/745
f 748/748/748 745/745/745 744/744/744
f 750/750/750 751/751/751 749/749/749
f 750/750/750 749/749/749 748/748/748
f 752/752/752 753/753/753 751/751/751
f 752/752/752 751/751/751 750/750/750
f 754/754/754 755/755/755 753/753/753
f 754/754/754 753/753/753 752/752/752
f 756/756/756 757/757/757 755/755/755
f 756/756/756 755/755/755 754/754/754
f 758/758/758 759/759/759 757/757/757
f 758/758/758 757/757/757 756/756/756
f 760/760/760 761/761/761 759/759/759
f 760/760/760 759/759/759 758/758/758
f 762/762/762 763/763/763 761/761/761
f 762/762/762 761/761/761 760/760/760
f 764/764/764 765/765/765 763/763/763
f 764/764/764 763/763/763 762/762/762
f 766/766/766 767/767/767 765/765/765
f 766/766/766 765/765/765 764/764/764
f 768/768/768 769/769/769 767/767/767
f 768/768/768 767/767/767 766/766/766
f 770/770/770 771/771/771 769/769/769
f 770/770/770 769/769/769 768/768/768
f 772/772/772 773/773/773 771/771/771
f 772/772/772 771/771/771 770/770/770
f 774/774/774 775/775/775 773/773/773
f 774/774/774 773/773/773 772/772/772
f 776/776/776 777/777/777 775/775/775
f 776/776/776 775/775/775 774/774/774
f 778/778/778 779/779/779 777/777/777
f 778/778/778 777/777/777 776/776/776
f 780/780/780 781/781/781 779/779/779
f 780/780/780 779/779/779 778/778/778
f 782/782/782 783/783/783 781/781/781
f 782/782/782 781/781/781 780/780/780
f 747/747/747 746/746/746 784/784/784
f 747/747/747 784/784/784 785/785/785
f 786/786/786 787/787/787 788/788/788
f 786/786/786 788/788/788 789/789/789
f 789/789/789 788/788/788 790/790/790
f 789/789/789 790/790/790 791/791/791
f 791/791/791 790/790/790 792/792/792
f 791/791/791 792/792/792 793/793/793
f 793/793/793 792/792/792 794/794/794
f 793/793/793 794/794/794 795/795/795
f 795/795/795 794/794/794 796/796/796
f 795/795/795 796/796/796 797/797/797
f 797/797/797 796/796/796 798/798/798
f 797/797/797 798/798/798 799/799/799
f 799/799/799 798/798/798 800/800/800
f 799/799/799 800/800/800 801/801/801
f 801/801/801 800/800/800 802/802/802
f 801/801/801 802/802/802 803/803/803
f 803/803/803 802/802/802 804/804/804
f 803/803/803 804/804/804 805/805/805
f 805/805/805 804/804/804 806/806/806
f 805/805/805 806/806/806 807/807/807
f 807/807/807 806/806/806 808/808/808
f 807/807/807 808/808/808 809/809/809
f 809/809/809 808/808/808 810/810/810
f 809/809/809 810/810/810 811/811/811
f 811/811/811 810/810/810 812/812/812
f 811/811/811 812/812/812 813/813/813
f 813/813/813 812/812/812 814/814/814
f 813/813/813 814/814/814 815/815/815
f 815/815/815 814/814/814 816/816/816
f 815/815/815 816/816/816 817/817/817
f 817/817/817 816/816/816 818/818/818
f 817/817/817 818/818/818 819/819/819
f 819/819/819 818/818/818 820/820/820
f 819/819/819 820/820/820 821/821/821
f 821/821/821 820/820/820 822/822/822
f 821/821/821 822/822/822 823/823/823
f 823/823/823 822/822/822 824/824/824
f 823/823/823 824/824/824 825/825/825
f 826/826/826 827/827/827 787/787/787
f 826/826/826 787/787/787 786/786/786
f 828/828/828 829/829/829 830/830/830
f 828/828/828 830/830/830 831/831/831
f 831/831/831 830/830/830 832/832/832
f 831/831/831 832/832/832 833/833/833
f 833/833/833 832/832/832 834/834/834
f 833/833/833 834/834/834 835/835/835
f 835/835/835 834/834/834 836/836/836
f 835/835/835 836/836/836 837/837/837
f 838/838/838 839/839/839 840/840/840
f 838/838/838 840/840/840 841/841/841
f 841/841/841 840/840/840 842/842/842
f 841/841/841 842/842/842 843/843/843
f 843/843/843 842/842/842 844/844/844
f 843/843/843 844/844/844 845/845/845
f 845/845/845 844/844/844 846/846/846
f 845/845/845 846/846/846 847/847/847
f 847/847/847 846/846/846 848/848/848
f 847/847/847 848/848/848 849/849/849
f 849/849/849 848/848/848 850/850/850
f 849/849/849 850/850/850 851/851/851
f 851/851/851 850/850/850 852/852/852
f 851/851/851 852/852/852 853/853/853
f 853/853/853 852/852/852 854/854/854
f 853/853/853 854/854/854 855/855/855
f 855/855/855 854/854/854 856/856/856
f 855/855/855 856/856/856 857/857/857
f 857/857/857 856/856/856 858/858/858
f 857/857/857 858/858/858 859/859/859
f 859/859/859 858/858/858 860/860/860
f 859/859/859 860/860/860 861/861/861
f 861/861/861 860/860/860 862/862/862
f 861/861/861 862/862/862 863/863/863
f 863/863/863 862/862/862 864/864/864
f 863/863/863 864/864/864 865/865/865
f 865/865/865 864/864/864 866/866/866
f 865/865/865 866/866/866 867/867/867
f 867/867/867 866/866/866 868/868/868
f 867/867/867 868/868/868 869/869/869
f 869/869/869 868/868/868 829/829/829
f 869/869/869 829/829/829 828/828/828
f 870/870/870 871/871/871 872/872/872
f 870/870/870 872/872/872 873/873/873
f 873/873/873 872/872/872 874/874/874
f 873/873/873 874/874/874 875/875/875
f 875/875/875 874/874/874 876/876/876
f 875/875/875 876/876/876 877/877/877
f 877/877/877 876/876/876 878/878/878
f 877/877/877 878/878/878 879/879/879
f 880/880/880 881/881/881 882/882/882
f 880/880/880 882/882/882 883/883/883
f 883/883/883 882/882/882 884/884/884
f 883/883/883 884/884/884 885/885/885
f 885/885/885 884/884/884 886/886/886
f 885/885/885 886/886/886 887/887/887
f 887/887/887 886/886/886 888/888/888
f 887/887/887 888/888/888 889/889/889
f 889/889/889 888/888/888 890/890/890
f 889/889/889 890/890/890 891/891/891
f 891/891/891 890/890/890 892/892/892
f 891/891/891 892/892/892 893/893/893
f 893/893/893 892/892/892 894/894/894
f 893/893/893 894/894/894 895/895/895
f 895/895/895 894/894/894 896/896/896
f 895/895/895 896/896/896 897/897/897
f 898/898/898 899/899/899 900/900/900
f 898/898/898 900/900/900 901/901/901
f 902/902/902 903/903/903 904/904/904
f 902/902/902 904/904/904 905/905/905
f 906/906/906 907/907/907 908/908/908
f 906/906/906 908/908/908 909/909/909
f 910/910/910 911/911/911 912/912/912
f 910/910/910 912/912/912 913/913/913
f 98/98/98 914/914/914 915/915/915
f 98/98/98 915/915/915 99/99/99
f 916/916/916 917/917/917 918/918/918
f 916/916/916 918/918/918 919/919/919
f 900/900/900 920/920/920 921/921/921
f 900/900/900 921/921/921 901/901/901
f 922/922/922 923/923/923 924/924/924
f 922/922/922 924/924/924 925/925/925
f 926/926/926 927/927/927 871/871/871
f 926/926/926 871/871/871 870/870/870
f 928/928/928 929/929/929 930/930/930
f 928/928/928 930/930/930 931/931/931
f 929/929/929 932/932/932 933/933/933
f 929/929/929 933/933/933 930/930/930
f 932/932/932 934/934/934 935/935/935
f 932/932/932 935/935/935 933/933/933
f 934/934/934 936/936/936 937/937/937
f 934/934/934 937/937/937 935/935/935
f 938/938/938 939/939/939 940/940/940
f 938/938/938 940/940/940 941/941/941
f 939/939/939 942/942/942 943/943/943
f 939/939/939 943/943/943 940/940/940
f 942/942/942 944/944/944 945/945/945
f 942/942/942 945/945/945 943/943/943
f 944/944/944 946/946/946 947/947/947
f 944/944/944 947/947/947 945/945/945
f 946/946/946 948/948/948 949/949/949
f 946/946/946 949/949/949 947/947/947
f 948/948/948 950/950/950 951/951/951
f 948/948/948 951/951/951 949/949/949
f 950/950/950 952/952/952 953/953/953
f 950/950/950 953/953/953 951/951/951
f 952/952/952 954/954/954 955/955/955
f 952/952/952 955/955/955 953/953/953
f 956/956/956 957/957/957 958/958/958
f 956/956/956 958/958/958 959/959/959
f 960/960/960 961/961/961 962/962/962
f 960/960/960 962/962/962 963/963/963
f 964/964/964 130/130/130 965/965/965
f 964/964/964 965/965/965 966/966/966
f 967/967/967 968/968/968 969/969/969
f 967/967/967 969/969/969 970/970/970
f 133/133/133 132/132/132 915/915/915
f 133/133/133 915/915/915 971/971/971
f 972/972/972 973/973/973 974/974/974
f 972/972/972 974/974/974 975/975/975
f 976/976/976 977/977/977 978/978/978
f 976/976/976 978/978/978 979/979/979
f 980/980/980 981/981/981 982/982/982
f 980/980/980 982/982/982 983/983/983
f 984/984/984 928/928/928 931/931/931
f 984/984/984 931/931/931 985/985/985
f 986/986/986 987/987/987 988/988/988
f 986/986/986 988/988/988 989/989/989
f 987/987/987 990/990/990 991/991/991
f 987/987/987 991/991/991 988/988/988
f 990/990/990 992/992/992 993/993/993
f 990/990/990 993/993/993 991/991/991
f 992/992/992 994/994/994 995/995/995
f 992/992/992 995/995/995 993/993/993
f 994/994/994 996/996/996 997/997/997
f 994/994/994 997/997/997 995/995/995
f 996/996/996 998/998/998 999/999/999
f 996/996/996 999/999/999 997/997/997
f 998/998/998 1000/1000/1000 1001/1001/1001
f 998/998/998 1001/1001/1001 999/999/999
f 1000/1000/1000 1002/1002/1002 1003/1003/1003
f 1000/1000/1000 1003/1003/1003 1001/1001/1001
f 1002/1002/1002 1004/1004/1004 1005/1005/1005
f 1002/1002/1002 1005/1005/1005 1003/1003/1003
f 1004/1004/1004 1006/1006/1006 1007/1007/1007
f 1004/1004/1004 1007/1007/1007 1005/1005/1005
f 1006/1006/1006 1008/1008/1008 1009/1009/1009
f 1006/1006/1006 1009/1009/1009 1007/1007/1007
f 1008/1008/1008 1010/1010/1010 1011/1011/1011
f 1008/1008/1008 1011/1011/1011 1009/1009/1009
f 1010/1010/1010 1012/1012/1012 1013/1013/1013
f 1010/1010/1010 1013/1013/1013 1011/1011/1011
f 1012/1012/1012 1014/1014/1014 1015/1015/1015
f 1012/1012/1012 1015/1015/1015 1013/1013/1013
f 1014/1014/1014 1016/1016/1016 1017/1017/1017
f 1014/1014/1014 1017/1017/1017 1015/1015/1015
f 1016/1016/1016 1018/1018/1018 1019/1019/1019
f 1016/1016/1016 1019/1019/1019 1017/1017/1017
f 1018/1018/1018 1020/1020/1020 1021/1021/1021
f 1018/1018/1018 1021/1021/1021 1019/1019/1019
f 1020/1020/1020 1022/1022/1022 1023/1023/1023
f 1020/1020/1020 1023/1023/1023 1021/1021/1021
f 1022/1022/1022 1024/1024/1024 1025/1025/1025
f 1022/1022/1022 1025/1025/1025 1023/1023/1023
f 1026/1026/1026 986/986/986 989/989/989
f 1026/1026/1026 989/989/989 1027/1027/1027
f 1028/1028/1028 1029/1029/1029 987/987/987
f 1028/1028/1028 987/987/987 986/986/986
f 1029/1029/1029 1030/1030/1030 990/990/990
f 1029/1029/1029 990/990/990 987/987/987
f 1030/1030/1030 1031/1031/1031 992/992/992
f 1030/1030/1030 992/992/992 990/990/990
f 1031/1031/1031 1032/1032/1032 994/994/994
f 1031/1031/1031 994/994/994 992/992/992
f 1032/1032/1032 1033/1033/1033 996/996/996
f 1032/1032/1032 996/996/996 994/994/994
f 1033/1033/1033 1034/1034/1034 998/998/998
f 1033/1033/1033 998/998/998 996/996/996
f 1034/1034/1034 1035/1035/1035 1000/1000/1000
f 1034/1034/1034 1000/1000/1000 998/998/998
f 1035/1035/1035 1036/1036/1036 1002/1002/1002
f 1035/1035/1035 1002/1002/1002 1000/1000/1000
f 1036/1036/1036 1037/1037/1037 1004/1004/1004
f 1036/1036/1036 1004/1004/1004 1002/1002/1002
f 1037/1037/1037 1038/1038/1038 1006/1006/1006
f 1037/1037/1037 1006/1006/1006 1004/1004/1004
f 1038/1038/1038 1039/1039/1039 1008/1008/1008
f 1038/1038/1038 1008/1008/1008 1006/1006/1006
f 1039/1039/1039 1040/1040/1040 1010/1010/1010
f 1039/1039/1039 1010/1010/1010 1008/1008/1008
f 1040/1040/1040 1041/1041/1041 1012/1012/1012
f 1040/1040/1040 1012/1012/1012 1010/1010/1010
f 1041/1041/1041 1042/1042/1042 1014/1014/1014
f 1041/1041/1041 1014/1014/1014 1012/1012/1012
f 1042/1042/1042 1043/1043/1043 1016/1016/1016
f 1042/1042/1042 1016/1016/1016 1014/1014/1014
f 1043/1043/1043 1044/1044/1044 1018/1018/1018
f 1043/1043/1043 1018/1018/1018 1016/1016/1016
f 1044/1044/1044 1045/1045/1045 1020/1020/1020
f 1044/1044/1044 1020/1020/1020 1018/1018/1018
f 1045/1045/1045 1046/1046/1046 1022/1022/1022
f 1045/1045/1045 1022/1022/1022 1020/1020/1020
f 1046/1046/1046 1047/1047/1047 1024/1024/1024
f 1046/1046/1046 1024/1024/1024 1022/1022/1022
f 1048/1048/1048 1028/1028/1028 986/986/986
f 1048/1048/1048 986/986/986 1026/1026/1026
f 1027/1027/1027 989/989/989 1049/1049/1049
f 1027/1027/1027 1049/1049/1049 1050/1050/1050
f 1023/1023/1023 1025/1025/1025 1051/1051/1051
f 1023/1023/1023 1051/1051/1051 1052/1052/1052
f 1021/1021/1021 1023/1023/1023 1052/1052/1052
f 1021/1021/1021 1052/1052/1052 1053/1053/1053
f 1019/1019/1019 1021/1021/1021 1053/1053/1053
f 1019/1019/1019 1053/1053/1053 1054/1054/1054
f 1017/1017/1017 1019/1019/1019 1054/1054/1054
f 1017/1017/1017 1054/1054/1054 1055/1055/1055
f 1015/1015/1015 1017/1017/1017 1055/1055/1055
f 1015/1015/1015 1055/1055/1055 1056/1056/1056
f 1013/1013/1013 1015/1015/1015 1056/1056/1056
f 1013/1013/1013 1056/1056/1056 1057/1057/1057
f 1011/1011/1011 1013/1013/1013 1057/1057/1057
f 1011/1011/1011 1057/1057/1057 1058/1058/1058
f 1009/1009/1009 1011/1011/1011 1058/1058/1058
f 1009/1009/1009 1058/1058/1058 1059/1059/1059
f 1007/1007/1007 1009/1009/1009 1059/1059/1059
f 1007/1007/1007 1059/1059/1059 1060/1060/1060
f 1005/1005/1005 1007/1007/1007 1060/1060/1060
f 1005/1005/1005 1060/1060/1060 1061/1061/1061
f 1003/1003/1003 1005/1005/1005 1061/1061/1061
f 1003/1003/1003 1061/1061/1061 1062/1062/1062
f 1001/1001/1001 1003/1003/1003 1062/1062/1062
f 1001/1001/1001 1062/1062/1062 1063/1063/1063
f 999/999/999 1001/1001/1001 1063/1063/1063
f 999/999/999 1063/1063/1063 1064/1064/1064
f 997/997/997 999/999/999 1064/1064/1064
f 997/997/997 1064/1064/1064 1065/1065/1065
f 995/995/995 997/997/997 1065/1065/1065
f 995/995/995 1065/1065/1065 1066/1066/1066
f 993/993/993 995/995/995 1066/1066/1066
f 993/993/993 1066/1066/1066 1067/1067/1067
f 991/991/991 993/993/993 1067/1067/1067
f 991/991/991 1067/1067/1067 1068/1068/1068
f 988/988/988 991/991/991 1068/1068/1068
f 988/988/988 1068/1068/1068 1069/1069/1069
f 1049/1049/1049 989/989/989 988/988/988
f 1049/1049/1049 988/988/988 1069/1069/1069
f 1029/1029/1029 1028/1028/1028 1070/1070/1070
f 1029/1029/1029 1070/1070/1070 1071/1071/1071
f 1030/1030/1030 1029/1029/1029 1071/1071/1071
f 1030/1030/1030 1071/1071/1071 1072/1072/1072
f 1031/1031/1031 1030/1030/1030 1072/1072/1072
f 1031/1031/1031 1072/1072/1072 1073/1073/1073
f 1032/1032/1032 1031/1031/1031 1073/1073/1073
f 1032/1032/1032 1073/1073/1073 1074/1074/1074
f 1033/1033/1033 1032/1032/1032 1074/1074/1074
f 1033/1033/1033 1074/1074/1074 1075/1075/1075
f 1034/1034/1034 1033/1033/1033 1075/1075/1075
f 1034/1034/1034 1075/1075/1075 1076/1076/1076
f 1035/1035/1035 1034/1034/1034 1076/1076/1076
f 1035/1035/1035 1076/1076/1076 1077/1077/1077
f 1036/1036/1036 1035/1035/1035 1077/1077/1077
f 1036/1036/1036 1077/1077/1077 1078/1078/1078
f 1037/1037/1037 1036/1036/1036 1078/1078/1078
f 1037/1037/1037 1078/1078/1078 1079/1079/1079
f 1038/1038/1038 1037/1037/1037 1079/1079/1079
f 1038/1038/1038 1079/1079/1079 1080/1080/1080
f 1039/1039/1039 1038/1038/1038 1080/1080/1080
f 1039/1039/1039 1080/1080/1080 1081/1081/1081
f 1040/1040/1040 1039/1039/1039 1081/1081/1081
f 1040/1040/1040 1081/1081/1081 1082/1082/1082
f 1041/1041/1041 1040/1040/1040 1082/1082/1082
f 1041/1041/1041 1082/1082/1082 1083/1083/1083
f 1042/1042/1042 1041/1041/1041 1083/1083/1083
f 1042/1042/1042 1083/1083/1083 1084/1084/1084
f 1043/1043/1043 1042/1042/1042 1084/1084/1084
f 1043/1043/1043 1084/1084/1084 1085/1085/1085
f 1044/1044/1044 1043/1043/1043 1085/1085/1085
f 1044/1044/1044 1085/1085/1085 1086/1086/1086
f 1045/1045/1045 1044/1044/1044 1086/1086/1086
f 1045/1045/1045 1086/1086/1086 1087/1087/1087
f 1046/1046/1046 1045/1045/1045 1087/1087/1087
f 1046/1046/1046 1087/1087/1087 1088/1088/1088
f 1047/1047/1047 1046/1046/1046 1088/1088/1088
f 1047/1047/1047 1088/1088/1088 1089/1089/1089
f 1070/1070/1070 1028/1028/1028 1048/1048/1048
f 1070/1070/1070 1048/1048/1048 1090/1090/1090
f 1091/1091/1091 1092/1092/1092 1093/1093/1093
f 1091/1091/1091 1093/1093/1093 1094/1094/1094
f 1092/1092/1092 1095/1095/1095 1096/1096/1096
f 1092/1092/1092 1096/1096/1096 1093/1093/1093
f 1095/1095/1095 1097/1097/1097 1098/1098/1098
f 1095/1095/1095 1098/1098/1098 1096/1096/1096
f 1097/1097/1097 1099/1099/1099 1100/1100/1100
f 1097/1097/1097 1100/1100/1100 1098/1098/1098
f 1099/1099/1099 1101/1101/1101 1102/1102/1102
f 1099/1099/1099 1102/1102/1102 1100/1100/1100
f 1101/1101/1101 1103/1103/1103 1104/1104/1104
f 1101/1101/1101 1104/1104/1104 1102/1102/1102
f 1103/1103/1103 1105/1105/1105 1106/1106/1106
f 1103/1103/1103 1106/1106/1106 1104/1104/1104
f 1105/1105/1105 1107/1107/1107 1108/1108/1108
f 1105/1105/1105 1108/1108/1108 1106/1106/1106
f 1107/1107/1107 1109/1109/1109 1110/1110/1110
f 1107/1107/1107 1110/1110/1110 1108/1108/1108
f 1109/1109/1109 1111/1111/1111 1112/1112/1112
f 1109/1109/1109 1112/1112/1112 1110/1110/1110
f 1111/1111/1111 1113/1113/1113 1114/1114/1114
f 1111/1111/1111 1114/1114/1114 1112/1112/1112
f 1113/1113/1113 1115/1115/1115 1116/1116/1116
f 1113/1113/1113 1116/1116/1116 1114/1114/1114
f 1115/1115/1115 1117/1117/1117 1118/1118/1118
f 1115/1115/1115 1118/1118/1118 1116/1116/1116
f 1117/1117/1117 1119/1119/1119 1120/1120/1120
f 1117/1117/1117 1120/1120/1120 1118/1118/1118
f 1119/1119/1119 1121/1121/1121 1122/1122/1122
f 1119/1119/1119 1122/1122/1122 1120/1120/1120
f 1121/1121/1121 1123/1123/1123 1124/1124/1124
f 1121/1121/1121 1124/1124/1124 1122/1122/1122
f 1123/1123/1123 1125/1125/1125 1126/1126/1126
f 1123/1123/1123 1126/1126/1126 1124/1124/1124
f 1125/1125/1125 1127/1127/1127 1128/1128/1128
f 1125/1125/1125 1128/1128/1128 1126/1126/1126
f 1127/1127/1127 1129/1129/1129 1130/1130/1130
f 1127/1127/1127 1130/1130/1130 1128/1128/1128
f 1129/1129/1129 1131/1131/1131 1132/1132/1132
f 1129/1129/1129 1132/1132/1132 1130/1130/1130
f 1133/1133/1133 1134/1134/1134 1135/1135/1135
f 1133/1133/1133 1135/1135/1135 1136/1136/1136
f 1134/1134/1134 1137/1137/1137 1138/1138/1138
f 1134/1134/1134 1138/1138/1138 1135/1135/1135
f 1137/1137/1137 1139/1139/1139 1140/1140/1140
f 1137/1137/1137 1140/1140/1140 1138/1138/1138
f 1139/1139/1139 1141/1141/1141 1142/1142/1142
f 1139/1139/1139 1142/1142/1142 1140/1140/1140
f 1141/1141/1141 1143/1143/1143 1144/1144/1144
f 1141/1141/1141 1144/1144/1144 1142/1142/1142
f 1143/1143/1143 1145/1145/1145 1146/1146/1146
f 1143/1143/1143 1146/1146/1146 1144/1144/1144
f 1145/1145/1145 1147/1147/1147 1148/1148/1148
f 1145/1145/1145 1148/1148/1148 1146/1146/1146
f 1147/1147/1147 1149/1149/1149 1150/1150/1150
f 1147/1147/1147 1150/1150/1150 1148/1148/1148
f 1149/1149/1149 1151/1151/1151 1152/1152/1152
f 1149/1149/1149 1152/1152/1152 1150/1150/1150
f 1151/1151/1151 1153/1153/1153 1154/1154/1154
f 1151/1151/1151 1154/1154/1154 1152/1152/1152
f 1153/1153/1153 1155/1155/1155 1156/1156/1156
f 1153/1153/1153 1156/1156/1156 1154/1154/1154
f 1155/1155/1155 1157/1157/1157 1158/1158/1158
f 1155/1155/1155 1158/1158/1158 1156/1156/1156
f 1157/1157/1157 1159/1159/1159 1160/1160/1160
f 1157/1157/1157 1160/1160/1160 1158/1158/1158
f 1159/1159/1159 1161/1161/1161 1162/1162/1162
f 1159/1159/1159 1162/1162/1162 1160/1160/1160
f 1161/1161/1161 1163/1163/1163 1164/1164/1164
f 1161/1161/1161 1164/1164/1164 1162/1162/1162
f 1163/1163/1163 1165/1165/1165 1166/1166/1166
f 1163/1163/1163 1166/1166/1166 1164/1164/1164
f 1165/1165/1165 1167/1167/1167 1168/1168/1168
f 1165/1165/1165 1168/1168/1168 1166/1166/1166
f 1167/1167/1167 1169/1169/1169 1170/1170/1170
f 1167/1167/1167 1170/1170/1170 1168/1168/1168
f 1169/1169/1169 1171/1171/1171 1172/1172/1172
f 1169/1169/1169 1172/1172/1172 1170/1170/1170
f 1171/1171/1171 1173/1173/1173 1174/1174/1174
f 1171/1171/1171 1174/1174/1174 1172/1172/1172
f 1175/1175/1175 1176/1176/1176 1177/1177/1177
f 1175/1175/1175 1177/1177/1177 1178/1178/1178
f 1179/1179/1179 1175/1175/1175 1178/1178/1178
f 1179/1179/1179 1178/1178/1178 1180/1180/1180
f 1181/1181/1181 1179/1179/1179 1180/1180/1180
f 1181/1181/1181 1180/1180/1180 1182/1182/1182
f 1183/1183/1183 1181/1181/1181 1182/1182/1182
f 1183/1183/1183 1182/1182/1182 1184/1184/1184
f 1185/1185/1185 1183/1183/1183 1184/1184/1184
f 1185/1185/1185 1184/1184/1184 1186/1186/1186
f 1187/1187/1187 1185/1185/1185 1186/1186/1186
f 1187/1187/1187 1186/1186/1186 1188/1188/1188
f 1189/1189/1189 1187/1187/1187 1188/1188/1188
f 1189/1189/1189 1188/1188/1188 1190/1190/1190
f 1191/1191/1191 1189/1189/1189 1190/1190/1190
f 1191/1191/1191 1190/1190/1190 1192/1192/1192
f 1193/1193/1193 1191/1191/1191 1192/1192/1192
f 1193/1193/1193 1192/1192/1192 1194/1194/1194
f 1195/1195/1195 1193/1193/1193 1194/1194/1194
f 1195/1195/1195 1194/1194/1194 1196/1196/1196
f 1197/1197/1197 1195/1195/1195 1196/1196/1196
f 1197/1197/1197 1196/1196/1196 1198/1198/1198
f 1199/1199/1199 1197/1197/1197 1198/1198/1198
f 1199/1199/1199 1198/1198/1198 1200/1200/1200
f 1201/1201/1201 1199/1199/1199 1200/1200/1200
f 1201/1201/1201 1200/1200/1200 1202/1202/1202
f 1203/1203/1203 1201/1201/1201 1202/1202/1202
f 1203/1203/1203 1202/1202/1202 1204/1204/1204
f 1205/1205/1205 1203/1203/1203 1204/1204/1204
f 1205/1205/1205 1204/1204/1204 1206/1206/1206
f 1207/1207/1207 1205/1205/1205 1206/1206/1206
f 1207/1207/1207 1206/1206/1206 1208/1208/1208
f 1209/1209/1209 1207/1207/1207 1208/1208/1208
f 1209/1209/1209 1208/1208/1208 1210/1210/1210
f 1211/1211/1211 1209/1209/1209 1210/1210/1210
f 1211/1211/1211 1210/1210/1210 1212/1212/1212
f 1213/1213/1213 1211/1211/1211 1212/1212/1212
f 1213/1213/1213 1212/1212/1212 1214/1214/1214
f 1176/1176/1176 1215/1215/1215 1216/1216/1216
f 1176/1176/1176 1216/1216/1216 1177/1177/1177
f 1217/1217/1217 1218/1218/1218 1219/1219/1219
f 1217/1217/1217 1219/1219/1219 1220/1220/1220
f 1218/1218/1218 1221/1221/1221 1222/1222/1222
f 1218/1218/1218 1222/1222/1222 1219/1219/1219
f 1221/1221/1221 1223/1223/1223 1224/1224/1224
f 1221/1221/1221 1224/1224/1224 1222/1222/1222
f 1223/1223/1223 1225/1225/1225 1226/1226/1226
f 1223/1223/1223 1226/1226/1226 1224/1224/1224
f 1225/1225/1225 1227/1227/1227 1228/1228/1228
f 1225/1225/1225 1228/1228/1228 1226/1226/1226
f 1227/1227/1227 1229/1229/1229 1230/1230/1230
f 1227/1227/1227 1230/1230/1230 1228/1228/1228
f 1229/1229/1229 1231/1231/1231 1232/1232/1232
f 1229/1229/1229 1232/1232/1232 1230/1230/1230
f 1231/1231/1231 1233/1233/1233 1234/1234/1234
f 1231/1231/1231 1234/1234/1234 1232/1232/1232
f 1233/1233/1233 1235/1235/1235 1236/1236/1236
f 1233/1233/1233 1236/1236/1236 1234/1234/1234
f 1235/1235/1235 1237/1237/1237 1238/1238/1238
f 1235/1235/1235 1238/1238/1238 1236/1236/1236
f 1237/1237/1237 1239/1239/1239 1240/1240/1240
f 1237/1237/1237 1240/1240/1240 1238/1238/1238
f 1239/1239/1239 1241/1241/1241 1242/1242/1242
f 1239/1239/1239 1242/1242/1242 1240/1240/1240
f 1241/1241/1241 1243/1243/1243 1244/1244/1244
f 1241/1241/1241 1244/1244/1244 1242/1242/1242
f 1243/1243/1243 1245/1245/1245 1246/1246/1246
f 1243/1243/1243 1246/1246/1246 1244/1244/1244
f 1245/1245/1245 1247/1247/1247 1248/1248/1248
f 1245/1245/1245 1248/1248/1248 1246/1246/1246
f 1247/1247/1247 1249/1249/1249 1250/1250/1250
f 1247/1247/1247 1250/1250/1250 1248/1248/1248
f 1249/1249/1249 1251/1251/1251 1252/1252/1252
f 1249/1249/1249 1252/1252/1252 1250/1250/1250
f 1251/1251/1251 1253/1253/1253 1254/1254/1254
f 1251/1251/1251 1254/1254/1254 1252/1252/1252
f 1253/1253/1253 1255/1255/1255 1256/1256/1256
f 1253/1253/1253 1256/1256/1256 1254/1254/1254
f 1257/1257/1257 1217/1217/1217 1220/1220/1220
f 1257/1257/1257 1220/1220/1220 1258/1258/1258
f 1259/1259/1259 1260/1260/1260 1261/1261/1261
f 1259/1259/1259 1261/1261/1261 1262/1262/1262
f 1260/1260/1260 1263/1263/1263 1264/1264/1264
f 1260/1260/1260 1264/1264/1264 1261/1261/1261
f 1263/1263/1263 1265/1265/1265 1266/1266/1266
f 1263/1263/1263 1266/1266/1266 1264/1264/1264
f 1265/1265/1265 1267/1267/1267 1268/1268/1268
f 1265/1265/1265 1268/1268/1268 1266/1266/1266
f 1267/1267/1267 1269/1269/1269 1270/1270/1270
f 1267/1267/1267 1270/1270/1270 1268/1268/1268
f 1269/1269/1269 1271/1271/1271 1272/1272/1272
f 1269/1269/1269 1272/1272/1272 1270/1270/1270
f 1271/1271/1271 1273/1273/1273 1274/1274/1274
f 1271/1271/1271 1274/1274/1274 1272/1272/1272
f 1273/1273/1273 1275/1275/1275 1276/1276/1276
f 1273/1273/1273 1276/1276/1276 1274/1274/1274
f 1275/1275/1275 1277/1277/1277 1278/1278/1278
f 1275/1275/1275 1278/1278/1278 1276/1276/1276
f 1277/1277/1277 1279/1279/1279 1280/1280/1280
f 1277/1277/1277 1280/1280/1280 1278/1278/1278
f 1279/1279/1279 1281/1281/1281 1282/1282/1282
f 1279/1279/1279 1282/1282/1282 1280/1280/1280
f 1281/1281/1281 1283/1283/1283 1284/1284/1284
f 1281/1281/1281 1284/1284/1284 1282/1282/1282
f 1283/1283/1283 1285/1285/1285 1286/1286/1286
f 1283/1283/1283 1286/1286/1286 1284/1284/1284
f 1285/1285/1285 1287/1287/1287 1288/1288/1288
f 1285/1285/1285 1288/1288/1288 1286/1286/1286
f 1287/1287/1287 1289/1289/1289 1290/1290/1290
f 1287/1287/1287 1290/1290/1290 1288/1288/1288
f 1289/1289/1289 1291/1291/1291 1292/1292/1292
f 1289/1289/1289 1292/1292/1292 1290/1290/1290
f 1291/1291/1291 1293/1293/1293 1294/1294/1294
f 1291/1291/1291 1294/1294/1294 1292/1292/1292
f 1293/1293/1293 1295/1295/1295 1296/1296/1296
f 1293/1293/1293 1296/1296/1296 1294/1294/1294
f 1295/1295/1295 1297/1297/1297 1298/1298/1298
f 1295/1295/1295 1298/1298/1298 1296/1296/1296
f 1297/1297/1297 1259/1259/1259 1262/1262/1262
f 1297/1297/1297 1262/1262/1262 1298/1298/1298
f 1299/1299/1299 1300/1300/1300 1301/1301/1301
f 1299/1299/1299 1301/1301/1301 1302/1302/1302
f 1300/1300/1300 1303/1303/1303 1304/1304/1304
f 1300/1300/1300 1304/1304/1304 1301/1301/1301
f 1303/1303/1303 1305/1305/1305 1306/1306/1306
f 1303/1303/1303 1306/1306/1306 1304/1304/1304
f 1305/1305/1305 1307/1307/1307 1308/1308/1308
f 1305/1305/1305 1308/1308/1308 1306/1306/1306
f 1307/1307/1307 1309/1309/1309 1310/1310/1310
f 1307/1307/1307 1310/1310/1310 1308/1308/1308
f 1309/1309/1309 1311/1311/1311 1312/1312/1312
f 1309/1309/1309 1312/1312/1312 1310/1310/1310
f 1311/1311/1311 1313/1313/1313 1314/1314/1314
f 1311/1311/1311 1314/1314/1314 1312/1312/1312
f 1313/1313/1313 1315/1315/1315 1316/1316/1316
f 1313/1313/1313 1316/1316/1316 1314/1314/1314
f 1315/1315/1315 1317/1317/1317 1318/1318/1318
f 1315/1315/1315 1318/1318/1318 1316/1316/1316
f 1317/1317/1317 1319/1319/1319 1320/1320/1320
f 1317/1317/1317 1320/1320/1320 1318/1318/1318
f 1319/1319/1319 1321/1321/1321 1322/1322/1322
f 1319/1319/1319 1322/1322/1322 1320/1320/1320
f 1321/1321/1321 1323/1323/1323 1324/1324/1324
f 1321/1321/1321 1324/1324/1324 1322/1322/1322
f 1323/1323/1323 1325/1325/1325 1326/1326/1326
f 1323/1323/1323 1326/1326/1326 1324/1324/1324
f 1325/1325/1325 1327/1327/1327 1328/1328/1328
f 1325/1325/1325 1328/1328/1328 1326/1326/1326
f 1327/1327/1327 1329/1329/1329 1330/1330/1330
f 1327/1327/1327 1330/1330/1330 1328/1328/1328
f 1329/1329/1329 1331/1331/1331 1332/1332/1332
f 1329/1329/1329 1332/1332/1332 1330/1330/1330
f 1331/1331/1331 1333/1333/1333 1334/1334/1334
f 1331/1331/1331 1334/1334/1334 1332/1332/1332
f 1333/1333/1333 1335/1335/1335 1336/1336/1336
f 1333/1333/1333 1336/1336/1336 1334/1334/1334
f 1335/1335/1335 1337/1337/1337 1338/1338/1338
f 1335/1335/1335 1338/1338/1338 1336/1336/1336
f 1337/1337/1337 1299/1299/1299 1302/1302/1302
f 1337/1337/1337 1302/1302/1302 1338/1338/1338
f 1339/1339/1339 1340/1340/1340 1341/1341/1341
f 1339/1339/1339 1341/1341/1341 1342/1342/1342
f 1343/1343/1343 1339/1339/1339 1342/1342/1342
f 1343/1343/1343 1342/1342/1342 1344/1344/1344
f 1345/1345/1345 1343/1343/1343 1344/1344/1344
f 1345/1345/1345 1344/1344/1344 1346/1346/1346
f 1347/1347/1347 1345/1345/1345 1346/1346/1346
f 1347/1347/1347 1346/1346/1346 1348/1348/1348
f 1349/1349/1349 1347/1347/1347 1348/1348/1348
f 1349/1349/1349 1348/1348/1348 1350/1350/1350
f 1351/1351/1351 1349/1349/1349 1350/1350/1350
f 1351/1351/1351 1350/1350/1350 1352/1352/1352
f 1353/1353/1353 1351/1351/1351 1352/1352/1352
f 1353/1353/1353 1352/1352/1352 1354/1354/1354
f 1355/1355/1355 1353/1353/1353 1354/1354/1354
f 1355/1355/1355 1354/1354/1354 1356/1356/1356
f 1357/1357/1357 1355/1355/1355 1356/1356/1356
f 1357/1357/1357 1356/1356/1356 1358/1358/1358
f 1359/1359/1359 1357/1357/1357 1358/1358/1358
f 1359/1359/1359 1358/1358/1358 1360/1360/1360
f 1361/1361/1361 1359/1359/1359 1360/1360/1360
f 1361/1361/1361 1360/1360/1360 1362/1362/1362
f 1363/1363/1363 1361/1361/1361 1362/1362/1362
f 1363/1363/1363 1362/1362/1362 1364/1364/1364
f 1365/1365/1365 1363/1363/1363 1364/1364/1364
f 1365/1365/1365 1364/1364/1364 1366/1366/1366
f 1367/1367/1367 1365/1365/1365 1366/1366/1366
f 1367/1367/1367 1366/1366/1366 1368/1368/1368
f 1369/1369/1369 1367/1367/1367 1368/1368/1368
f 1369/1369/1369 1368/1368/1368 1370/1370/1370
f 1371/1371/1371 1369/1369/1369 1370/1370/1370
f 1371/1371/1371 1370/1370/1370 1372/1372/1372
f 1373/1373/1373 1371/1371/1371 1372/1372/1372
f 1373/1373/1373 1372/1372/1372 1374/1374/1374
f 1375/1375/1375 1373/1373/1373 1374/1374/1374
f 1375/1375/1375 1374/1374/1374 1376/1376/1376
f 1377/1377/1377 1375/1375/1375 1376/1376/1376
f 1377/1377/1377 1376/1376/1376 1378/1378/1378
f 1340/1340/1340 1379/1379/1379 1380/1380/1380
f 1340/1340/1340 1380/1380/1380 1341/1341/1341
f 1381/1381/1381 1382/1382/1382 1383/1383/1383
f 1381/1381/1381 1383/1383/1383 1384/1384/1384
f 1382/1382/1382 1385/1385/1385 1386/1386/1386
f 1382/1382/1382 1386/1386/1386 1383/1383/1383
f 1385/1385/1385 1387/1387/1387 1388/1388/1388
f 1385/1385/1385 1388/1388/1388 1386/1386/1386
f 1387/1387/1387 1389/1389/1389 1390/1390/1390
f 1387/1387/1387 1390/1390/1390 1388/1388/1388
f 1389/1389/1389 1391/1391/1391 1392/1392/1392
f 1389/1389/1389 1392/1392/1392 1390/1390/1390
f 1391/1391/1391 1393/1393/1393 1394/1394/1394
f 1391/1391/1391 1394/1394/1394 1392/1392/1392
f 1393/1393/1393 1395/1395/1395 1396/1396/1396
f 1393/1393/1393 1396/1396/1396 1394/1394/1394
f 1395/1395/1395 1397/1397/1397 1398/1398/1398
f 1395/1395/1395 1398/1398/1398 1396/1396/1396
f 1397/1397/1397 1399/1399/1399 1400/1400/1400
f 1397/1397/1397 1400/1400/1400 1398/1398/1398
f 1399/1399/1399 1401/1401/1401 1402/1402/1402
f 1399/1399/1399 1402/1402/1402 1400/1400/1400
f 1401/1401/1401 1403/1403/1403 1404/1404/1404
f 1401/1401/1401 1404/1404/1404 1402/1402/1402
f 1403/1403/1403 1405/1405/1405 1406/1406/1406
f 1403/1403/1403 1406/1406/1406 1404/1404/1404
f 1405/1405/1405 1407/1407/1407 1408/1408/1408
f 1405/1405/1405 1408/1408/1408 1406/1406/1406
f 1407/1407/1407 1409/1409/1409 1410/1410/1410
f 1407/1407/1407 1410/1410/1410 1408/1408/1408
f 1409/1409/1409 1411/1411/1411 1412/1412/1412
f 1409/1409/1409 1412/1412/1412 1410/1410/1410
f 1411/1411/1411 1413/1413/1413 1414/1414/1414
f 1411/1411/1411 1414/1414/1414 1412/1412/1412
f 1413/1413/1413 1415/1415/1415 1416/1416/1416
f 1413/1413/1413 1416/1416/1416 1414/1414/1414
f 1415/1415/1415 1417/1417/1417 1418/1418/1418
f 1415/1415/1415 1418/1418/1418 1416/1416/1416
f 1417/1417/1417 1419/1419/1419 1420/1420/1420
f 1417/1417/1417 1420/1420/1420 1418/1418/1418
f 1421/1421/1421 1381/1381/1381 1384/1384/1384
f 1421/1421/1421 1384/1384/1384 1422/1422/1422
f 1423/1423/1423 1424/1424/1424 1425/1425/1425
f 1423/1423/1423 1425/1425/1425 1426/1426/1426
f 1424/1424/1424 1427/1427/1427 1428/1428/1428
f 1424/1424/1424 1428/1428/1428 1425/1425/1425
f 1427/1427/1427 1429/1429/1429 1430/1430/1430
f 1427/1427/1427 1430/1430/1430 1428/1428/1428
f 1429/1429/1429 1431/1431/1431 1432/1432/1432
f 1429/1429/1429 1432/1432/1432 1430/1430/1430
f 1433/1433/1433 1434/1434/1434 1435/1435/1435
f 1433/1433/1433 1435/1435/1435 1436/1436/1436
f 1434/1434/1434 1437/1437/1437 1438/1438/1438
f 1434/1434/1434 1438/1438/1438 1435/1435/1435
f 1437/1437/1437 1439/1439/1439 1440/1440/1440
f 1437/1437/1437 1440/1440/1440 1438/1438/1438
f 1439/1439/1439 1441/1441/1441 1442/1442/1442
f 1439/1439/1439 1442/1442/1442 1440/1440/1440
f 1441/1441/1441 1443/1443/1443 1444/1444/1444
f 1441/1441/1441 1444/1444/1444 1442/1442/1442
f 1443/1443/1443 1445/1445/1445 1446/1446/1446
f 1443/1443/1443 1446/1446/1446 1444/1444/1444
f 1445/1445/1445 1447/1447/1447 1448/1448/1448
f 1445/1445/1445 1448/1448/1448 1446/1446/1446
f 1447/1447/1447 1449/1449/1449 1450/1450/1450
f 1447/1447/1447 1450/1450/1450 1448/1448/1448
f 1449/1449/1449 1451/1451/1451 1452/1452/1452
f 1449/1449/1449 1452/1452/1452 1450/1450/1450
f 1451/1451/1451 1453/1453/1453 1454/1454/1454
f 1451/1451/1451 1454/1454/1454 1452/1452/1452
f 1453/1453/1453 1455/1455/1455 1456/1456/1456
f 1453/1453/1453 1456/1456/1456 1454/1454/1454
f 1455/1455/1455 1457/1457/1457 1458/1458/1458
f 1455/1455/1455 1458/1458/1458 1456/1456/1456
f 1457/1457/1457 1459/1459/1459 1460/1460/1460
f 1457/1457/1457 1460/1460/1460 1458/1458/1458
f 1459/1459/1459 1461/1461/1461 1462/1462/1462
f 1459/1459/1459 1462/1462/1462 1460/1460/1460
f 1461/1461/1461 1463/1463/1463 1464/1464/1464
f 1461/1461/1461 1464/1464/1464 1462/1462/1462
f 1463/1463/1463 1423/1423/1423 1426/1426/1426
f 1463/1463/1463 1426/1426/1426 1464/1464/1464
f 1465/1465/1465 1466/1466/1466 1467/1467/1467
f 1465/1465/1465 1467/1467/1467 1468/1468/1468
f 1466/1466/1466 1469/1469/1469 1470/1470/1470
f 1466/1466/1466 1470/1470/1470 1467/1467/1467
f 1469/1469/1469 1471/1471/1471 1472/1472/1472
f 1469/1469/1469 1472/1472/1472 1470/1470/1470
f 1471/1471/1471 1473/1473/1473 1474/1474/1474
f 1471/1471/1471 1474/1474/1474 1472/1472/1472
f 1475/1475/1475 1476/1476/1476 1477/1477/1477
f 1475/1475/1475 1477/1477/1477 1478/1478/1478
f 1476/1476/1476 1479/1479/1479 1480/1480/1480
f 1476/1476/1476 1480/1480/1480 1477/1477/1477
f 1479/1479/1479 1481/1481/1481 1482/1482/1482
f 1479/1479/1479 1482/1482/1482 1480/1480/1480
f 1481/1481/1481 1483/1483/1483 1484/1484/1484
f 1481/1481/1481 1484/1484/1484 1482/1482/1482
f 1483/1483/1483 1485/1485/1485 1486/1486/1486
f 1483/1483/1483 1486/1486/1486 1484/1484/1484
f 1485/1485/1485 1487/1487/1487 1488/1488/1488
f 1485/1485/1485 1488/1488/1488 1486/1486/1486
f 1487/1487/1487 1489/1489/1489 1490/1490/1490
f 1487/1487/1487 1490/1490/1490 1488/1488/1488
f 1489/1489/1489 1491/1491/1491 1492/1492/1492
f 1489/1489/1489 1492/1492/1492 1490/1490/1490
f 1493/1493/1493 1494/1494/1494 1495/1495/1495
f 1493/1493/1493 1495/1495/1495 1496/1496/1496
f 1497/1497/1497 1498/1498/1498 1499/1499/1499
f 1497/1497/1497 1499/1499/1499 1500/1500/1500
f 1501/1501/1501 1502/1502/1502 1503/1503/1503
f 1501/1501/1501 1503/1503/1503 1504/1504/1504
f 1505/1505/1505 1506/1506/1506 1507/1507/1507
f 1505/1505/1505 1507/1507/1507 1508/1508/1508
f 167/167/167 166/166/166 1509/1509/1509
f 167/167/167 1509/1509/1509 1510/1510/1510
f 1511/1511/1511 1512/1512/1512 1513/1513/1513
f 1511/1511/1511 1513/1513/1513 1514/1514/1514
f 1495/1495/1495 1494/1494/1494 1515/1515/1515
f 1495/1495/1495 1515/1515/1515 1516/1516/1516
f 1517/1517/1517 1518/1518/1518 1519/1519/1519
f 1517/1517/1517 1519/1519/1519 1520/1520/1520
f 1521/1521/1521 1465/1465/1465 1468/1468/1468
f 1521/1521/1521 1468/1468/1468 1522/1522/1522
f 1523/1523/1523 1524/1524/1524 1525/1525/1525
f 1523/1523/1523 1525/1525/1525 1526/1526/1526
f 1526/1526/1526 1525/1525/1525 1527/1527/1527
f 1526/1526/1526 1527/1527/1527 1528/1528/1528
f 1528/1528/1528 1527/1527/1527 1529/1529/1529
f 1528/1528/1528 1529/1529/1529 1530/1530/1530
f 1530/1530/1530 1529/1529/1529 1531/1531/1531
f 1530/1530/1530 1531/1531/1531 1532/1532/1532
f 1533/1533/1533 1534/1534/1534 1535/1535/1535
f 1533/1533/1533 1535/1535/1535 1536/1536/1536
f 1536/1536/1536 1535/1535/1535 1537/1537/1537
f 1536/1536/1536 1537/1537/1537 1538/1538/1538
f 1538/1538/1538 1537/1537/1537 1539/1539/1539
f 1538/1538/1538 1539/1539/1539 1540/1540/1540
f 1540/1540/1540 1539/1539/1539 1541/1541/1541
f 1540/1540/1540 1541/1541/1541 1542/1542/1542
f 1542/1542/1542 1541/1541/1541 1543/1543/1543
f 1542/1542/1542 1543/1543/1543 1544/1544/1544
f 1544/1544/1544 1543/1543/1543 1545/1545/1545
f 1544/1544/1544 1545/1545/1545 1546/1546/1546
f 1546/1546/1546 1545/1545/1545 1547/1547/1547
f 1546/1546/1546 1547/1547/1547 1548/1548/1548
f 1548/1548/1548 1547/1547/1547 1549/1549/1549
f 1548/1548/1548 1549/1549/1549 1550/1550/1550
f 1551/1551/1551 1552/1552/1552 1553/1553/1553
f 1551/1551/1551 1553/1553/1553 1554/1554/1554
f 1555/1555/1555 1556/1556/1556 1557/1557/1557
f 1555/1555/1555 1557/1557/1557 1558/1558/1558
f 1559/1559/1559 1560/1560/1560 1561/1561/1561
f 1559/1559/1559 1561/1561/1561 1562/1562/1562
f 1563/1563/1563 1564/1564/1564 1565/1565/1565
f 1563/1563/1563 1565/1565/1565 1566/1566/1566
f 200/200/200 1567/1567/1567 1509/1509/1509
f 200/200/200 1509/1509/1509 201/201/201
f 1568/1568/1568 1569/1569/1569 1570/1570/1570
f 1568/1568/1568 1570/1570/1570 1571/1571/1571
f 1553/1553/1553 1572/1572/1572 1573/1573/1573
f 1553/1553/1553 1573/1573/1573 1554/1554/1554
f 1574/1574/1574 1575/1575/1575 1576/1576/1576
f 1574/1574/1574 1576/1576/1576 1577/1577/1577
f 1578/1578/1578 1579/1579/1579 1524/1524/1524
f 1578/1578/1578 1524/1524/1524 1523/1523/1523
f 1580/1580/1580 1581/1581/1581 1582/1582/1582
f 1580/1580/1580 1582/1582/1582 1583/1583/1583
f 1583/1583/1583 1582/1582/1582 1584/1584/1584
f 1583/1583/1583 1584/1584/1584 1585/1585/1585
f 1585/1585/1585 1584/1584/1584 1586/1586/1586
f 1585/1585/1585 1586/1586/1586 1587/1587/1587
f 1587/1587/1587 1586/1586/1586 1588/1588/1588
f 1587/1587/1587 1588/1588/1588 1589/1589/1589
f 1589/1589/1589 1588/1588/1588 1590/1590/1590
f 1589/1589/1589 1590/1590/1590 1591/1591/1591
f 1591/1591/1591 1590/1590/1590 1592/1592/1592
f 1591/1591/1591 1592/1592/1592 1593/1593/1593
f 1593/1593/1593 1592/1592/1592 1594/1594/1594
f 1593/1593/1593 1594/1594/1594 1595/1595/1595
f 1595/1595/1595 1594/1594/1594 1596/1596/1596
f 1595/1595/1595 1596/1596/1596 1597/1597/1597
f 1597/1597/1597 1596/1596/1596 1598/1598/1598
f 1597/1597/1597 1598/1598/1598 1599/1599/1599
f 1599/1599/1599 1598/1598/1598 1600/1600/1600
f 1599/1599/1599 1600/1600/1600 1601/1601/1601
f 1601/1601/1601 1600/1600/1600 1602/1602/1602
f 1601/1601/1601 1602/1602/1602 1603/1603/1603
f 1603/1603/1603 1602/1602/1602 1604/1604/1604
f 1603/1603/1603 1604/1604/1604 1605/1605/1605
f 1605/1605/1605 1604/1604/1604 1606/1606/1606
f 1605/1605/1605 1606/1606/1606 1607/1607/1607
f 1607/1607/1607 1606/1606/1606 1608/1608/1608
f 1607/1607/1607 1608/1608/1608 1609/1609/1609
f 1609/1609/1609 1608/1608/1608 1610/1610/1610
f 1609/1609/1609 1610/1610/1610 1611/1611/1611
f 1611/1611/1611 1610/1610/1610 1612/1612/1612
f 1611/1611/1611 1612/1612/1612 1613/1613/1613
f 1613/1613/1613 1612/1612/1612 1614/1614/1614
f 1613/1613/1613 1614/1614/1614 1615/1615/1615
f 1615/1615/1615 1614/1614/1614 1616/1616/1616
f 1615/1615/1615 1616/1616/1616 1617/1617/1617
f 1617/1617/1617 1616/1616/1616 1618/1618/1618
f 1617/1617/1617 1618/1618/1618 1619/1619/1619
f 1620/1620/1620 1621/1621/1621 1581/1581/1581
f 1620/1620/1620 1581/1581/1581 1580/1580/1580
f 1622/1622/1622 1580/1580/1580 1583/1583/1583
f 1622/1622/1622 1583/1583/1583 1623/1623/1623
f 1623/1623/1623 1583/1583/1583 1585/1585/1585
f 1623/1623/1623 1585/1585/1585 1624/1624/1624
f 1624/1624/1624 1585/1585/1585 1587/1587/1587
f 1624/1624/1624 1587/1587/1587 1625/1625/1625
f 1625/1625/1625 1587/1587/1587 1589/1589/1589
f 1625/1625/1625 1589/1589/1589 1626/1626/1626
f 1626/1626/1626 1589/1589/1589 1591/1591/1591
f 1626/1626/1626 1591/1591/1591 1627/1627/1627
f 1627/1627/1627 1591/1591/1591 1593/1593/1593
f 1627/1627/1627 1593/1593/1593 1628/1628/1628
f 1628/1628/1628 1593/1593/1593 1595/1595/1595
f 1628/1628/1628 1595/1595/1595 1629/1629/1629
f 1629/1629/1629 1595/1595/1595 1597/1597/1597
f 1629/1629/1629 1597/1597/1597 1630/1630/1630
f 1630/1630/1630 1597/1597/1597 1599/1599/1599
f 1630/1630/1630 1599/1599/1599 1631/1631/1631
f 1631/1631/1631 1599/1599/1599 1601/1601/1601
f 1631/1631/1631 1601/1601/1601 1632/1632/1632
f 1632/1632/1632 1601/1601/1601 1603/1603/1603
f 1632/1632/1632 1603/1603/1603 1633/1633/1633
f 1633/1633/1633 1603/1603/1603 1605/1605/1605
f 1633/1633/1633 1605/1605/1605 1634/1634/1634
f 1634/1634/1634 1605/1605/1605 1607/1607/1607
f 1634/1634/1634 1607/1607/1607 1635/1635/1635
f 1635/1635/1635 1607/1607/1607 1609/1609/1609
f 1635/1635/1635 1609/1609/1609 1636/1636/1636
f 1636/1636/1636 1609/1609/1609 1611/1611/1611
f 1636/1636/1636 1611/1611/1611 1637/1637/1637
f 1637/1637/1637 1611/1611/1611 1613/1613/1613
f 1637/1637/1637 1613/1613/1613 1638/1638/1638
f 1638/1638/1638 1613/1613/1613 1615/1615/1615
f 1638/1638/1638 1615/1615/1615 1639/1639/1639
f 1639/1639/1639 1615/1615/1615 1617/1617/1617
f 1639/1639/1639 1617/1617/1617 1640/1640/1640
f 1640/1640/1640 1617/1617/1617 1619/1619/1619
f 1640/1640/1640 1619/1619/1619 1641/1641/1641
f 1642/1642/1642 1620/1620/1620 1580/1580/1580
f 1642/1642/1642 1580/1580/1580 1622/1622/1622
f 1621/1621/1621 1643/1643/1643 1644/1644/1644
f 1621/1621/1621 1644/1644/1644 1581/1581/1581
f 1616/1616/1616 1645/1645/1645 1646/1646/1646
f 1616/1616/1616 1646/1646/1646 1618/1618/1618
f 1614/1614/1614 1647/1647/1647 1645/1645/1645
f 1614/1614/1614 1645/1645/1645 1616/1616/1616
f 1612/1612/1612 1648/1648/1648 1647/1647/1647
f 1612/1612/1612 1647/1647/1647 1614/1614/1614
f 1610/1610/1610 1649/1649/1649 1648/1648/1648
f 1610/1610/1610 1648/1648/1648 1612/1612/1612
f 1608/1608/1608 1650/1650/1650 1649/1649/1649
f 1608/1608/1608 1649/1649/1649 1610/1610/1610
f 1606/1606/1606 1651/1651/1651 1650/1650/1650
f 1606/1606/1606 1650/1650/1650 1608/1608/1608
f 1604/1604/1604 1652/1652/1652 1651/1651/1651
f 1604/1604/1604 1651/1651/1651 1606/1606/1606
f 1602/1602/1602 1653/1653/1653 1652/1652/1652
f 1602/1602/1602 1652/1652/1652 1604/1604/1604
f 1600/1600/1600 1654/1654/1654 1653/1653/1653
f 1600/1600/1600 1653/1653/1653 1602/1602/1602
f 1598/1598/1598 1655/1655/1655 1654/1654/1654
f 1598/1598/1598 1654/1654/1654 1600/1600/1600
f 1596/1596/1596 1656/1656/1656 1655/1655/1655
f 1596/1596/1596 1655/1655/1655 1598/1598/1598
f 1594/1594/1594 1657/1657/1657 1656/1656/1656
f 1594/1594/1594 1656/1656/1656 1596/1596/1596
f 1592/1592/1592 1658/1658/1658 1657/1657/1657
f 1592/1592/1592 1657/1657/1657 1594/1594/1594
f 1590/1590/1590 1659/1659/1659 1658/1658/1658
f 1590/1590/1590 1658/1658/1658 1592/1592/1592
f 1588/1588/1588 1660/1660/1660 1659/1659/1659
f 1588/1588/1588 1659/1659/1659 1590/1590/1590
f 1586/1586/1586 1661/1661/1661 1660/1660/1660
f 1586/1586/1586 1660/1660/1660 1588/1588/1588
f 1584/1584/1584 1662/1662/1662 1661/1661/1661
f 1584/1584/1584 1661/1661/1661 1586/1586/1586
f 1582/1582/1582 1663/1663/1663 1662/1662/1662
f 1582/1582/1582 1662/1662/1662 1584/1584/1584
f 1644/1644/1644 1663/1663/1663 1582/1582/1582
f 1644/1644/1644 1582/1582/1582 1581/1581/1581
f 1623/1623/1623 1664/1664/1664 1665/1665/1665
f 1623/1623/1623 1665/1665/1665 1622/1622/1622
f 1624/1624/1624 1666/1666/1666 1664/1664/1664
f 1624/1624/1624 1664/1664/1664 1623/1623/1623
f 1625/1625/1625 1667/1667/1667 1666/1666/1666
f 1625/1625/1625 1666/1666/1666 1624/1624/1624
f 1626/1626/1626 1668/1668/1668 1667/1667/1667
f 1626/1626/1626 1667/1667/1667 1625/1625/1625
f 1627/1627/1627 1669/1669/1669 1668/1668/1668
f 1627/1627/1627 1668/1668/1668 1626/1626/1626
f 1628/1628/1628 1670/1670/1670 1669/1669/1669
f 1628/1628/1628 1669/1669/1669 1627/1627/1627
f 1629/1629/1629 1671/1671/1671 1670/1670/1670
f 1629/1629/1629 1670/1670/1670 1628/1628/1628
f 1630/1630/1630 1672/1672/1672 1671/1671/1671
f 1630/1630/1630 1671/1671/1671 1629/1629/1629
f 1631/1631/1631 1673/1673/1673 1672/1672/1672
f 1631/1631/1631 1672/1672/1672 1630/1630/1630
f 1632/1632/1632 1674/1674/1674 1673/1673/1673
f 1632/1632/1632 1673/1673/1673 1631/1631/1631
f 1633/1633/1633 1675/1675/1675 1674/1674/1674
f 1633/1633/1633 1674/1674/1674 1632/1632/1632
f 1634/1634/1634 1676/1676/1676 1675/1675/1675
f 1634/1634/1634 1675/1675/1675 1633/1633/1633
f 1635/1635/1635 1677/1677/1677 1676/1676/1676
f 1635/1635/1635 1676/1676/1676 1634/1634/1634
f 1636/1636/1636 1678/1678/1678 1677/1677/1677
f 1636/1636/1636 1677/1677/1677 1635/1635/1635
f 1637/1637/1637 1679/1679/1679 1678/1678/1678
f 1637/1637/1637 1678/1678/1678 1636/1636/1636
f 1638/1638/1638 1680/1680/1680 1679/1679/1679
f 1638/1638/1638 1679/1679/1679 1637/1637/1637
f 1639/1639/1639 1681/1681/1681 1680/1680/1680
f 1639/1639/1639 1680/1680/1680 1638/1638/1638
f 1640/1640/1640 1682/1682/1682 1681/1681/1681
f 1640/1640/1640 1681/1681/1681 1639/1639/1639
f 1641/1641/1641 1683/1683/1683 1682/1682/1682
f 1641/1641/1641 1682/1682/1682 1640/1640/1640
f 1665/1665/1665 1684/1684/1684 1642/1642/1642
f 1665/1665/1665 1642/1642/1642 1622/1622/1622
f 1685/1685/1685 1686/1686/1686 1687/1687/1687
f 1685/1685/1685 1687/1687/1687 1688/1688/1688
f 1688/1688/1688 1687/1687/1687 1689/1689/1689
f 1688/1688/1688 1689/1689/1689 1690/1690/1690
f 1690/1690/1690 1689/1689/1689 1691/1691/1691
f 1690/1690/1690 1691/1691/1691 1692/1692/1692
f 1692/1692/1692 1691/1691/1691 1693/1693/1693
f 1692/1692/1692 1693/1693/1693 1694/1694/1694
f 1694/1694/1694 1693/1693/1693 1695/1695/1695
f 1694/1694/1694 1695/1695/1695 1696/1696/1696
f 1696/1696/1696 1695/1695/1695 1697/1697/1697
f 1696/1696/1696 1697/1697/1697 1698/1698/1698
f 1698/1698/1698 1697/1697/1697 1699/1699/1699
f 1698/1698/1698 1699/1699/1699 1700/1700/1700
f 1700/1700/1700 1699/1699/1699 1701/1701/1701
f 1700/1700/1700 1701/1701/1701 1702/1702/1702
f 1702/1702/1702 1701/1701/1701 1703/1703/1703
f 1702/1702/1702 1703/1703/1703 1704/1704/1704
f 1704/1704/1704 1703/1703/1703 1705/1705/1705
f 1704/1704/1704 1705/1705/1705 1706/1706/1706
f 1706/1706/1706 1705/1705/1705 1707/1707/1707
f 1706/1706/1706 1707/1707/1707 1708/1708/1708
f 1708/1708/1708 1707/1707/1707 1709/1709/1709
f 1708/1708/1708 1709/1709/1709 1710/1710/1710
f 1710/1710/1710 1709/1709/1709 1711/1711/1711
f 1710/1710/1710 1711/1711/1711 1712/1712/1712
f 1712/1712/1712 1711/1711/1711 1713/1713/1713
f 1712/1712/1712 1713/1713/1713 1714/1714/1714
f 1714/1714/1714 1713/1713/1713 1715/1715/1715
f 1714/1714/1714 1715/1715/1715 1716/1716/1716
f 1716/1716/1716 1715/1715/1715 1717/1717/1717
f 1716/1716/1716 1717/1717/1717 1718/1718/1718
f 1718/1718/1718 1717/1717/1717 1719/1719/1719
f 1718/1718/1718 1719/1719/1719 1720/1720/1720
f 1720/1720/1720 1719/1719/1719 1721/1721/1721
f 1720/1720/1720 1721/1721/1721 1722/1722/1722
f 1722/1722/1722 1721/1721/1721 1723/1723/1723
f 1722/1722/1722 1723/1723/1723 1724/1724/1724
f 1724/1724/1724 1723/1723/1723 1725/1725/1725
f 1724/1724/1724 1725/1725/1725 1726/1726/1726
f 1727/1727/1727 1728/1728/1728 1729/1729/1729
f 1727/1727/1727 1729/1729/1729 1730/1730/1730
f 1730/1730/1730 1729/1729/1729 1731/1731/1731
f 1730/1730/1730 1731/1731/1731 1732/1732/1732
f 1732/1732/1732 1731/1731/1731 1733/1733/1733
f 1732/1732/1732 1733/1733/1733 1734/1734/1734
f 1734/1734/1734 1733/1733/1733 1735/1735/1735
f 1734/1734/1734 1735/1735/1735 1736/1736/1736
f 1736/1736/1736 1735/1735/1735 1737/1737/1737
f 1736/1736/1736 1737/1737/1737 1738/1738/1738
f 1738/1738/1738 1737/1737/1737 1739/1739/1739
f 1738/1738/1738 1739/1739/1739 1740/1740/1740
f 1740/1740/1740 1739/1739/1739 1741/1741/1741
f 1740/1740/1740 1741/1741/1741 1742/1742/1742
f 1742/1742/1742 1741/1741/1741 1743/1743/1743
f 1742/1742/1742 1743/1743/1743 1744/1744/1744
f 1744/1744/1744 1743/1743/1743 1745/1745/1745
f 1744/1744/1744 1745/1745/1745 1746/1746/1746
f 1746/1746/1746 1745/1745/1745 1747/1747/1747
f 1746/1746/1746 1747/1747/1747 1748/1748/1748
f 1748/1748/1748 1747/1747/1747 1749/1749/1749
f 1748/1748/1748 1749/1749/1749 1750/1750/1750
f 1750/1750/1750 1749/1749/1749 1751/1751/1751
f 1750/1750/1750 1751/1751/1751 1752/1752/1752
f 1752/1752/1752 1751/1751/1751 1753/1753/1753
f 1752/1752/1752 1753/1753/1753 1754/1754/1754
f 1754/1754/1754 1753/1753/1753 1755/1755/1755
f 1754/1754/1754 1755/1755/1755 1756/1756/1756
f 1756/1756/1756 1755/1755/1755 1757/1757/1757
f 1756/1756/1756 1757/1757/1757 1758/1758/1758
f 1758/1758/1758 1757/1757/1757 1759/1759/1759
f 1758/1758/1758 1759/1759/1759 1760/1760/1760
f 1760/1760/1760 1759/1759/1759 1761/1761/1761
f 1760/1760/1760 1761/1761/1761 1762/1762/1762
f 1762/1762/1762 1761/1761/1761 1763/1763/1763
f 1762/1762/1762 1763/1763/1763 1764/1764/1764
f 1764/1764/1764 1763/1763/1763 1765/1765/1765
f 1764/1764/1764 1765/1765/1765 1766/1766/1766
f 1766/1766/1766 1765/1765/1765 1767/1767/1767
f 1766/1766/1766 1767/1767/1767 1768/1768/1768
f 1769/1769/1769 1770/1770/1770 1771/1771/1771
f 1769/1769/1769 1771/1771/1771 1772/1772/1772
f 1773/1773/1773 1774/1774/1774 1770/1770/1770
f 1773/1773/1773 1770/1770/1770 1769/1769/1769
f 1775/1775/1775 1776/1776/1776 1774/1774/1774
f 1775/1775/1775 1774/1774/1774 1773/1773/1773
f 1777/1777/1777 1778/1778/1778 1776/1776/1776
f 1777/1777/1777 1776/1776/1776 1775/1775/1775
f 1779/1779/1779 1780/1780/1780 1778/1778/1778
f 1779/1779/1779 1778/1778/1778 1777/1777/1777
f 1781/1781/1781 1782/1782/1782 1780/1780/1780
f 1781/1781/1781 1780/1780/1780 1779/1779/1779
f 1783/1783/1783 1784/1784/1784 1782/1782/1782
f 1783/1783/1783 1782/1782/1782 1781/1781/1781
f 1785/1785/1785 1786/1786/1786 1784/1784/1784
f 1785/1785/1785 1784/1784/1784 1783/1783/1783
f 1787/1787/1787 1788/1788/1788 1786/1786/1786
f 1787/1787/1787 1786/1786/1786 1785/1785/1785
f 1789/1789/1789 1790/1790/1790 1788/1788/1788
f 1789/1789/1789 1788/1788/1788 1787/1787/1787
f 1791/1791/1791 1792/1792/1792 1790/1790/1790
f 1791/1791/1791 1790/1790/1790 1789/1789/1789
f 1793/1793/1793 1794/1794/1794 1792/1792/1792
f 1793/1793/1793 1792/1792/1792 1791/1791/1791
f 1795/1795/1795 1796/1796/1796 1794/1794/1794
f 1795/1795/1795 1794/1794/1794 1793/1793/1793
f 1797/1797/1797 1798/1798/1798 1796/1796/1796
f 1797/1797/1797 1796/1796/1796 1795/1795/1795
f 1799/1799/1799 1800/1800/1800 1798/1798/1798
f 1799/1799/1799 1798/1798/1798 1797/1797/1797
f 1801/1801/1801 1802/1802/1802 1800/1800/1800
f 1801/1801/1801 1800/1800/1800 1799/1799/1799
f 1803/1803/1803 1804/1804/1804 1802/1802/1802
f 1803/1803/1803 1802/1802/1802 1801/1801/1801
f 1805/1805/1805 1806/1806/1806 1804/1804/1804
f 1805/1805/1805 1804/1804/1804 1803/1803/1803
f 1807/1807/1807 1808/1808/1808 1806/1806/1806
f 1807/1807/1807 1806/1806/1806 1805/1805/1805
f 1772/1772/1772 1771/1771/1771 1809/1809/1809
f 1772/1772/1772 1809/1809/1809 1810/1810/1810
f 1811/1811/1811 1812/1812/1812 1813/1813/1813
f 1811/1811/1811 1813/1813/1813 1814/1814/1814
f 1814/1814/1814 1813/1813/1813 1815/1815/1815
f 1814/1814/1814 1815/1815/1815 1816/1816/1816
f 1816/1816/1816 1815/1815/1815 1817/1817/1817
f 1816/1816/1816 1817/1817/1817 1818/1818/1818
f 1818/1818/1818 1817/1817/1817 1819/1819/1819
f 1818/1818/1818 1819/1819/1819 1820/1820/1820
f 1820/1820/1820 1819/1819/1819 1821/1821/1821
f 1820/1820/1820 1821/1821/1821 1822/1822/1822
f 1822/1822/1822 1821/1821/1821 1823/1823/1823
f 1822/1822/1822 1823/1823/1823 1824/1824/1824
f 1824/1824/1824 1823/1823/1823 1825/1825/1825
f 1824/1824/1824 1825/1825/1825 1826/1826/1826
f 1826/1826/1826 1825/1825/1825 1827/1827/1827
f 1826/1826/1826 1827/1827/1827 1828/1828/1828
f 1828/1828/1828 1827/1827/1827 1829/1829/1829
f 1828/1828/1828 1829/1829/1829 1830/1830/1830
f 1830/1830/1830 1829/1829/1829 1831/1831/1831
f 1830/1830/1830 1831/1831/1831 1832/1832/1832
f 1832/1832/1832 1831/1831/1831 1833/1833/1833
f 1832/1832/1832 1833/1833/1833 1834/1834/1834
f 1834/1834/1834 1833/1833/1833 1835/1835/1835
f 1834/1834/1834 1835/1835/1835 1836/1836/1836
f 1836/1836/1836 1835/1835/1835 1837/1837/1837
f 1836/1836/1836 1837/1837/1837 1838/1838/1838
f 1838/1838/1838 1837/1837/1837 1839/1839/1839
f 1838/1838/1838 1839/1839/1839 1840/1840/1840
f 1840/1840/1840 1839/1839/1839 1841/1841/1841
f 1840/1840/1840 1841/1841/1841 1842/1842/1842
f 1842/1842/1842 1841/1841/1841 1843/1843/1843
f 1842/1842/1842 1843/1843/1843 1844/1844/1844
f 1844/1844/1844 1843/1843/1843 1845/1845/1845
f 1844/1844/1844 1845/1845/1845 1846/1846/1846
f 1846/1846/1846 1845/1845/1845 1847/1847/1847
f 1846/1846/1846 1847/1847/1847 1848/1848/1848
f 1848/1848/1848 1847/1847/1847 1849/1849/1849
f 1848/1848/1848 1849/1849/1849 1850/1850/1850
f 1851/1851/1851 1852/1852/1852 1812/1812/1812
f 1851/1851/1851 1812/1812/1812 1811/1811/1811
f 1853/1853/1853 1854/1854/1854 1855/1855/1855
f 1853/1853/1853 1855/1855/1855 1856/1856/1856
f 1856/1856/1856 1855/1855/1855 1857/1857/1857
f 1856/1856/1856 1857/1857/1857 1858/1858/1858
f 1858/1858/1858 1857/1857/1857 1859/1859/1859
f 1858/1858/1858 1859/1859/1859 1860/1860/1860
f 1860/1860/1860 1859/1859/1859 1861/1861/1861
f 1860/1860/1860 1861/1861/1861 1862/1862/1862
f 1862/1862/1862 1861/1861/1861 1863/1863/1863
f 1862/1862/1862 1863/1863/1863 1864/1864/1864
f 1864/1864/1864 1863/1863/1863 1865/1865/1865
f 1864/1864/1864 1865/1865/1865 1866/1866/1866
f 1866/1866/1866 1865/1865/1865 1867/1867/1867
f 1866/1866/1866 1867/1867/1867 1868/1868/1868
f 1868/1868/1868 1867/1867/1867 1869/1869/1869
f 1868/1868/1868 1869/1869/1869 1870/1870/1870
f 1870/1870/1870 1869/1869/1869 1871/1871/1871
f 1870/1870/1870 1871/1871/1871 1872/1872/1872
f 1872/1872/1872 1871/1871/1871 1873/1873/1873
f 1872/1872/1872 1873/1873/1873 1874/1874/1874
f 1874/1874/1874 1873/1873/1873 1875/1875/1875
f 1874/1874/1874 1875/1875/1875 1876/1876/1876
f 1876/1876/1876 1875/1875/1875 1877/1877/1877
f 1876/1876/1876 1877/1877/1877 1878/1878/1878
f 1878/1878/1878 1877/1877/1877 1879/1879/1879
f 1878/1878/1878 1879/1879/1879 1880/1880/1880
f 1880/1880/1880 1879/1879/1879 1881/1881/1881
f 1880/1880/1880 1881/1881/1881 1882/1882/1882
f 1882/1882/1882 1881/1881/1881 1883/1883/1883
f 1882/1882/1882 1883/1883/1883 1884/1884/1884
f 1884/1884/1884 1883/1883/1883 1885/1885/1885
f 1884/1884/1884 1885/1885/1885 1886/1886/1886
f 1886/1886/1886 1885/1885/1885 1887/1887/1887
f 1886/1886/1886 1887/1887/1887 1888/1888/1888
f 1888/1888/1888 1887/1887/1887 1889/1889/1889
f 1888/1888/1888 1889/1889/1889 1890/1890/1890
f 1890/1890/1890 1889/1889/1889 1891/1891/1891
f 1890/1890/1890 1891/1891/1891 1892/1892/1892
f 1892/1892/1892 1891/1891/1891 1854/1854/1854
f 1892/1892/1892 1854/1854/1854 1853/1853/1853
f 1893/1893/1893 1894/1894/1894 1895/1895/1895
f 1893/1893/1893 1895/1895/1895 1896/1896/1896
f 1896/1896/1896 1895/1895/1895 1897/1897/1897
f 1896/1896/1896 1897/1897/1897 1898/1898/1898
f 1898/1898/1898 1897/1897/1897 1899/1899/1899
f 1898/1898/1898 1899/1899/1899 1900/1900/1900
f 1900/1900/1900 1899/1899/1899 1901/1901/1901
f 1900/1900/1900 1901/1901/1901 1902/1902/1902
f 1902/1902/1902 1901/1901/1901 1903/1903/1903
f 1902/1902/1902 1903/1903/1903 1904/1904/1904
f 1904/1904/1904 1903/1903/1903 1905/1905/1905
f 1904/1904/1904 1905/1905/1905 1906/1906/1906
f 1906/1906/1906 1905/1905/1905 1907/1907/1907
f 1906/1906/1906 1907/1907/1907 1908/1908/1908
f 1908/1908/1908 1907/1907/1907 1909/1909/1909
f 1908/1908/1908 1909/1909/1909 1910/1910/1910
f 1910/1910/1910 1909/1909/1909 1911/1911/1911
f 1910/1910/1910 1911/1911/1911 1912/1912/1912
f 1912/1912/1912 1911/1911/1911 1913/1913/1913
f 1912/1912/1912 1913/1913/1913 1914/1914/1914
f 1914/1914/1914 1913/1913/1913 1915/1915/1915
f 1914/1914/1914 1915/1915/1915 1916/1916/1916
f 1916/1916/1916 1915/1915/1915 1917/1917/1917
f 1916/1916/1916 1917/1917/1917 1918/1918/1918
f 1918/1918/1918 1917/1917/1917 1919/1919/1919
f 1918/1918/1918 1919/1919/1919 1920/1920/1920
f 1920/1920/1920 1919/1919/1919 1921/1921/1921
f 1920/1920/1920 1921/1921/1921 1922/1922/1922
f 1922/1922/1922 1921/1921/1921 1923/1923/1923
f 1922/1922/1922 1923/1923/1923 1924/1924/1924
f 1924/1924/1924 1923/1923/1923 1925/1925/1925
f 1924/1924/1924 1925/1925/1925 1926/1926/1926
f 1926/1926/1926 1925/1925/1925 1927/1927/1927
f 1926/1926/1926 1927/1927/1927 1928/1928/1928
f 1928/1928/1928 1927/1927/1927 1929/1929/1929
f 1928/1928/1928 1929/1929/1929 1930/1930/1930
f 1930/1930/1930 1929/1929/1929 1931/1931/1931
f 1930/1930/1930 1931/1931/1931 1932/1932/1932
f 1932/1932/1932 1931/1931/1931 1894/1894/1894
f 1932/1932/1932 1894/1894/1894 1893/1893/1893
f 1933/1933/1933 1934/1934/1934 1935/1935/1935
f 1933/1933/1933 1935/1935/1935 1936/1936/1936
f 1937/1937/1937 1938/1938/1938 1934/1934/1934
f 1937/1937/1937 1934/1934/1934 1933/1933/1933
f 1939/1939/1939 1940/1940/1940 1938/1938/1938
f 1939/1939/1939 1938/1938/1938 1937/1937/1937
f 1941/1941/1941 1942/1942/1942 1940/1940/1940
f 1941/1941/1941 1940/1940/1940 1939/1939/1939
f 1943/1943/1943 1944/1944/1944 1942/1942/1942
f 1943/1943/1943 1942/1942/1942 1941/1941/1941
f 1945/1945/1945 1946/1946/1946 1944/1944/1944
f 1945/1945/1945 1944/1944/1944 1943/1943/1943
f 1947/1947/1947 1948/1948/1948 1946/1946/1946
f 1947/1947/1947 1946/1946/1946 1945/1945/1945
f 1949/1949/1949 1950/1950/1950 1948/1948/1948
f 1949/1949/1949 1948/1948/1948 1947/1947/1947
f 1951/1951/1951 1952/1952/1952 1950/1950/1950
f 1951/1951/1951 1950/1950/1950 1949/1949/1949
f 1953/1953/1953 1954/1954/1954 1952/1952/1952
f 1953/1953/1953 1952/1952/1952 1951/1951/1951
f 1955/1955/1955 1956/1956/1956 1954/1954/1954
f 1955/1955/1955 1954/1954/1954 1953/1953/1953
f 1957/1957/1957 1958/1958/1958 1956/1956/1956
f 1957/1957/1957 1956/1956/1956 1955/1955/1955
f 1959/1959/1959 1960/1960/1960 1958/1958/1958
f 1959/1959/1959 1958/1958/1958 1957/1957/1957
f 1961/1961/1961 1962/1962/1962 1960/1960/1960
f 1961/1961/1961 1960/1960/1960 1959/1959/1959
f 1963/1963/1963 1964/1964/1964 1962/1962/1962
f 1963/1963/1963 1962/1962/1962 1961/1961/1961
f 1965/1965/1965 1966/1966/1966 1964/1964/1964
f 1965/1965/1965 1964/1964/1964 1963/1963/1963
f 1967/1967/1967 1968/1968/1968 1966/1966/1966
f 1967/1967/1967 1966/1966/1966 1965/1965/1965
f 1969/1969/1969 1970/1970/1970 1968/1968/1968
f 1969/1969/1969 1968/1968/1968 1967/1967/1967
f 1971/1971/1971 1972/1972/1972 1970/1970/1970
f 1971/1971/1971 1970/1970/1970 1969/1969/1969
f 1936/1936/1936 1935/1935/1935 1973/1973/1973
f 1936/1936/1936 1973/1973/1973 1974/1974/1974
f 1975/1975/1975 1976/1976/1976 1977/1977/1977
f 1975/1975/1975 1977/1977/1977 1978/1978/1978
f 1978/1978/1978 1977/1977/1977 1979/1979/1979
f 1978/1978/1978 1979/1979/1979 1980/1980/1980
f 1980/1980/1980 1979/1979/1979 1981/1981/1981
f 1980/1980/1980 1981/1981/1981 1982/1982/1982
f 1982/1982/1982 1981/1981/1981 1983/1983/1983
f 1982/1982/1982 1983/1983/1983 1984/1984/1984
f 1984/1984/1984 1983/1983/1983 1985/1985/1985
f 1984/1984/1984 1985/1985/1985 1986/1986/1986
f 1986/1986/1986 1985/1985/1985 1987/1987/1987
f 1986/1986/1986 1987/1987/1987 1988/1988/1988
f 1988/1988/1988 1987/1987/1987 1989/1989/1989
f 1988/1988/1988 1989/1989/1989 1990/1990/1990
f 1990/1990/1990 1989/1989/1989 1991/1991/1991
f 1990/1990/1990 1991/1991/1991 1992/1992/1992
f 1992/1992/1992 1991/1991/1991 1993/1993/1993
f 1992/1992/1992 1993/1993/1993 1994/1994/1994
f 1994/1994/1994 1993/1993/1993 1995/1995/1995
f 1994/1994/1994 1995/1995/1995 1996/1996/1996
f 1996/1996/1996 1995/1995/1995 1997/1997/1997
f 1996/1996/1996 1997/1997/1997 1998/1998/1998
f 1998/1998/1998 1997/1997/1997 1999/1999/1999
f 1998/1998/1998 1999/1999/1999 2000/2000/2000
f 2000/2000/2000 1999/1999/1999 2001/2001/2001
f 2000/2000/2000 2001/2001/2001 2002/2002/2002
f 2002/2002/2002 2001/2001/2001 2003/2003/2003
f 2002/2002/2002 2003/2003/2003 2004/2004/2004
f 2004/2004/2004 2003/2003/2003 2005/2005/2005
f 2004/2004/2004 2005/2005/2005 2006/2006/2006
f 2006/2006/2006 2005/2005/2005 2007/2007/2007
f 2006/2006/2006 2007/2007/2007 2008/2008/2008
f 2008/2008/2008 2007/2007/2007 2009/2009/2009
f 2008/2008/2008 2009/2009/2009 2010/2010/2010
f 2010/2010/2010 2009/2009/2009 2011/2011/2011
f 2010/2010/2010 2011/2011/2011 2012/2012/2012
f 2012/2012/2012 2011/2011/2011 2013/2013/2013
f 2012/2012/2012 2013/2013/2013 2014/2014/2014
f 2015/2015/2015 2016/2016/2016 1976/1976/1976
f 2015/2015/2015 1976/1976/1976 1975/1975/1975
f 2017/2017/2017 2018/2018/2018 2019/2019/2019
f 2017/2017/2017 2019/2019/2019 2020/2020/2020
f 2020/2020/2020 2019/2019/2019 2021/2021/2021
f 2020/2020/2020 2021/2021/2021 2022/2022/2022
f 2022/2022/2022 2021/2021/2021 2023/2023/2023
f 2022/2022/2022 2023/2023/2023 2024/2024/2024
f 2024/2024/2024 2023/2023/2023 2025/2025/2025
f 2024/2024/2024 2025/2025/2025 2026/2026/2026
f 2027/2027/2027 2028/2028/2028 2029/2029/2029
f 2027/2027/2027 2029/2029/2029 2030/2030/2030
f 2030/2030/2030 2029/2029/2029 2031/2031/2031
f 2030/2030/2030 2031/2031/2031 2032/2032/2032
f 2032/2032/2032 2031/2031/2031 2033/2033/2033
f 2032/2032/2032 2033/2033/2033 2034/2034/2034
f 2034/2034/2034 2033/2033/2033 2035/2035/2035
f 2034/2034/2034 2035/2035/2035 2036/2036/2036
f 2036/2036/2036 2035/2035/2035 2037/2037/2037
f 2036/2036/2036 2037/2037/2037 2038/2038/2038
f 2038/2038/2038 2037/2037/2037 2039/2039/2039
f 2038/2038/2038 2039/2039/2039 2040/2040/2040
f 2040/2040/2040 2039/2039/2039 2041/2041/2041
f 2040/2040/2040 2041/2041/2041 2042/2042/2042
f 2042/2042/2042 2041/2041/2041 2043/2043/2043
f 2042/2042/2042 2043/2043/2043 2044/2044/2044
f 2044/2044/2044 2043/2043/2043 2045/2045/2045
f 2044/2044/2044 2045/2045/2045 2046/2046/2046
f 2046/2046/2046 2045/2045/2045 2047/2047/2047
f 2046/2046/2046 2047/2047/2047 2048/2048/2048
f 2048/2048/2048 2047/2047/2047 2049/2049/2049
f 2048/2048/2048 2049/2049/2049 2050/2050/2050
f 2050/2050/2050 2049/2049/2049 2051/2051/2051
f 2050/2050/2050 2051/2051/2051 2052/2052/2052
f 2052/2052/2052 2051/2051/2051 2053/2053/2053
f 2052/2052/2052 2053/2053/2053 2054/2054/2054
f 2054/2054/2054 2053/2053/2053 2055/2055/2055
f 2054/2054/2054 2055/2055/2055 2056/2056/2056
f 2056/2056/2056 2055/2055/2055 2057/2057/2057
f 2056/2056/2056 2057/2057/2057 2058/2058/2058
f 2058/2058/2058 2057/2057/2057 2018/2018/2018
f 2058/2058/2058 2018/2018/2018 2017/2017/2017
f 2059/2059/2059 2060/2060/2060 2061/2061/2061
f 2059/2059/2059 2061/2061/2061 2062/2062/2062
f 2062/2062/2062 2061/2061/2061 2063/2063/2063
f 2062/2062/2062 2063/2063/2063 2064/2064/2064
f 2064/2064/2064 2063/2063/2063 2065/2065/2065
f 2064/2064/2064 2065/2065/2065 2066/2066/2066
f 2066/2066/2066 2065/2065/2065 2067/2067/2067
f 2066/2066/2066 2067/2067/2067 2068/2068/2068
f 2069/2069/2069 2070/2070/2070 2071/2071/2071
f 2069/2069/2069 2071/2071/2071 2072/2072/2072
f 2072/2072/2072 2071/2071/2071 2073/2073/2073
f 2072/2072/2072 2073/2073/2073 2074/2074/2074
f 2074/2074/2074 2073/2073/2073 2075/2075/2075
f 2074/2074/2074 2075/2075/2075 2076/2076/2076
f 2076/2076/2076 2075/2075/2075 2077/2077/2077
f 2076/2076/2076 2077/2077/2077 2078/2078/2078
f 2078/2078/2078 2077/2077/2077 2079/2079/2079
f 2078/2078/2078 2079/2079/2079 2080/2080/2080
f 2080/2080/2080 2079/2079/2079 2081/2081/2081
f 2080/2080/2080 2081/2081/2081 2082/2082/2082
f 2082/2082/2082 2081/2081/2081 2083/2083/2083
f 2082/2082/2082 2083/2083/2083 2084/2084/2084
f 2084/2084/2084 2083/2083/2083 2085/2085/2085
f 2084/2084/2084 2085/2085/2085 2086/2086/2086
f 2087/2087/2087 2088/2088/2088 2089/2089/2089
f 2087/2087/2087 2089/2089/2089 2090/2090/2090
f 2091/2091/2091 2092/2092/2092 2093/2093/2093
f 2091/2091/2091 2093/2093/2093 2094/2094/2094
f 2095/2095/2095 2096/2096/2096 2097/2097/2097
f 2095/2095/2095 2097/2097/2097 2098/2098/2098
f 2099/2099/2099 2100/2100/2100 2101/2101/2101
f 2099/2099/2099 2101/2101/2101 2102/2102/2102
f 234/234/234 2103/2103/2103 2104/2104/2104
f 234/234/234 2104/2104/2104 235/235/235
f 2105/2105/2105 2106/2106/2106 2107/2107/2107
f 2105/2105/2105 2107/2107/2107 2108/2108/2108
f 2089/2089/2089 2109/2109/2109 2110/2110/2110
f 2089/2089/2089 2110/2110/2110 2090/2090/2090
f 2111/2111/2111 2112/2112/2112 2113/2113/2113
f 2111/2111/2111 2113/2113/2113 2114/2114/2114
f 2115/2115/2115 2116/2116/2116 2060/2060/2060
f 2115/2115/2115 2060/2060/2060 2059/2059/2059
f 2117/2117/2117 2118/2118/2118 2119/2119/2119
f 2117/2117/2117 2119/2119/2119 2120/2120/2120
f 2118/2118/2118 2121/2121/2121 2122/2122/2122
f 2118/2118/2118 2122/2122/2122 2119/2119/2119
f 2121/2121/2121 2123/2123/2123 2124/2124/2124
f 2121/2121/2121 2124/2124/2124 2122/2122/2122
f 2123/2123/2123 2125/2125/2125 2126/2126/2126
f 2123/2123/2123 2126/2126/2126 2124/2124/2124
f 2127/2127/2127 2128/2128/2128 2129/2129/2129
f 2127/2127/2127 2129/2129/2129 2130/2130/2130
f 2128/2128/2128 2131/2131/2131 2132/2132/2132
f 2128/2128/2128 2132/2132/2132 2129/2129/2129
f 2131/2131/2131 2133/2133/2133 2134/2134/2134
f 2131/2131/2131 2134/2134/2134 2132/2132/2132
f 2133/2133/2133 2135/2135/2135 2136/2136/2136
f 2133/2133/2133 2136/2136/2136 2134/2134/2134
f 2135/2135/2135 2137/2137/2137 2138/2138/2138
f 2135/2135/2135 2138/2138/2138 2136/2136/2136
f 2137/2137/2137 2139/2139/2139 2140/2140/2140
f 2137/2137/2137 2140/2140/2140 2138/2138/2138
f 2139/2139/2139 2141/2141/2141 2142/2142/2142
f 2139/2139/2139 2142/2142/2142 2140/2140/2140
f 2141/2141/2141 2143/2143/2143 2144/2144/2144
f 2141/2141/2141 2144/2144/2144 2142/2142/2142
f 2145/2145/2145 2146/2146/2146 2147/2147/2147
f 2145/2145/2145 2147/2147/2147 2148/2148/2148
f 2149/2149/2149 2150/2150/2150 2151/2151/2151
f 2149/2149/2149 2151/2151/2151 2152/2152/2152
f 2153/2153/2153 266/266/266 2154/2154/2154
f 2153/2153/2153 2154/2154/2154 2155/2155/2155
f 2156/2156/2156 2157/2157/2157 2158/2158/2158
f 2156/2156/2156 2158/2158/2158 2159/2159/2159
f 269/269/269 268/268/268 2104/2104/2104
f 269/269/269 2104/2104/2104 2160/2160/2160
f 2161/2161/2161 2162/2162/2162 2163/2163/2163
f 2161/2161/2161 2163/2163/2163 2164/2164/2164
f 2147/2147/2147 2146/2146/2146 2165/2165/2165
f 2147/2147/2147 2165/2165/2165 2166/2166/2166
f 2167/2167/2167 2168/2168/2168 2169/2169/2169
f 2167/2167/2167 2169/2169/2169 2170/2170/2170
f 2171/2171/2171 2117/2117/2117 2120/2120/2120
f 2171/2171/2171 2120/2120/2120 2172/2172/2172
f 2173/2173/2173 2174/2174/2174 2175/2175/2175
f 2173/2173/2173 2175/2175/2175 2176/2176/2176
f 2174/2174/2174 2177/2177/2177 2178/2178/2178
f 2174/2174/2174 2178/2178/2178 2175/2175/2175
f 2177/2177/2177 2179/2179/2179 2180/2180/2180
f 2177/2177/2177 2180/2180/2180 2178/2178/2178
f 2179/2179/2179 2181/2181/2181 2182/2182/2182
f 2179/2179/2179 2182/2182/2182 2180/2180/2180
f 2181/2181/2181 2183/2183/2183 2184/2184/2184
f 2181/2181/2181 2184/2184/2184 2182/2182/2182
f 2183/2183/2183 2185/2185/2185 2186/2186/2186
f 2183/2183/2183 2186/2186/2186 2184/2184/2184
f 2185/2185/2185 2187/2187/2187 2188/2188/2188
f 2185/2185/2185 2188/2188/2188 2186/2186/2186
f 2187/2187/2187 2189/2189/2189 2190/2190/2190
f 2187/2187/2187 2190/2190/2190 2188/2188/2188
f 2189/2189/2189 2191/2191/2191 2192/2192/2192
f 2189/2189/2189 2192/2192/2192 2190/2190/2190
f 2191/2191/2191 2193/2193/2193 2194/2194/2194
f 2191/2191/2191 2194/2194/2194 2192/2192/2192
f 2193/2193/2193 2195/2195/2195 2196/2196/2196
f 2193/2193/2193 2196/2196/2196 2194/2194/2194
f 2195/2195/2195 2197/2197/2197 2198/2198/2198
f 2195/2195/2195 2198/2198/2198 2196/2196/2196
f 2197/2197/2197 2199/2199/2199 2200/2200/2200
f 2197/2197/2197 2200/2200/2200 2198/2198/2198
f 2199/2199/2199 2201/2201/2201 2202/2202/2202
f 2199/2199/2199 2202/2202/2202 2200/2200/2200
f 2201/2201/2201 2203/2203/2203 2204/2204/2204
f 2201/2201/2201 2204/2204/2204 2202/2202/2202
f 2203/2203/2203 2205/2205/2205 2206/2206/2206
f 2203/2203/2203 2206/2206/2206 2204/2204/2204
f 2205/2205/2205 2207/2207/2207 2208/2208/2208
f 2205/2205/2205 2208/2208/2208 2206/2206/2206
f 2207/2207/2207 2209/2209/2209 2210/2210/2210
f 2207/2207/2207 2210/2210/2210 2208/2208/2208
f 2209/2209/2209 2211/2211/2211 2212/2212/2212
f 2209/2209/2209 2212/2212/2212 2210/2210/2210
f 2213/2213/2213 2173/2173/2173 2176/2176/2176
f 2213/2213/2213 2176/2176/2176 2214/2214/2214
f 2215/2215/2215 2216/2216/2216 2174/2174/2174
f 2215/2215/2215 2174/2174/2174 2173/2173/2173
f 2216/2216/2216 2217/2217/2217 2177/2177/2177
f 2216/2216/2216 2177/2177/2177 2174/2174/2174
f 2217/2217/2217 2218/2218/2218 2179/2179/2179
f 2217/2217/2217 2179/2179/2179 2177/2177/2177
f 2218/2218/2218 2219/2219/2219 2181/2181/2181
f 2218/2218/2218 2181/2181/2181 2179/2179/2179
f 2219/2219/2219 2220/2220/2220 2183/2183/2183
f 2219/2219/2219 2183/2183/2183 2181/2181/2181
f 2220/2220/2220 2221/2221/2221 2185/2185/2185
f 2220/2220/2220 2185/2185/2185 2183/2183/2183
f 2221/2221/2221 2222/2222/2222 2187/2187/2187
f 2221/2221/2221 2187/2187/2187 2185/2185/2185
f 2222/2222/2222 2223/2223/2223 2189/2189/2189
f 2222/2222/2222 2189/2189/2189 2187/2187/2187
f 2223/2223/2223 2224/2224/2224 2191/2191/2191
f 2223/2223/2223 2191/2191/2191 2189/2189/2189
f 2224/2224/2224 2225/2225/2225 2193/2193/2193
f 2224/2224/2224 2193/2193/2193 2191/2191/2191
f 2225/2225/2225 2226/2226/2226 2195/2195/2195
f 2225/2225/2225 2195/2195/2195 2193/2193/2193
f 2226/2226/2226 2227/2227/2227 2197/2197/2197
f 2226/2226/2226 2197/2197/2197 2195/2195/2195
f 2227/2227/2227 2228/2228/2228 2199/2199/2199
f 2227/2227/2227 2199/2199/2199 2197/2197/2197
f 2228/2228/2228 2229/2229/2229 2201/2201/2201
f 2228/2228/2228 2201/2201/2201 2199/2199/2199
f 2229/2229/2229 2230/2230/2230 2203/2203/2203
f 2229/2229/2229 2203/2203/2203 2201/2201/2201
f 2230/2230/2230 2231/2231/2231 2205/2205/2205
f 2230/2230/2230 2205/2205/2205 2203/2203/2203
f 2231/2231/2231 2232/2232/2232 2207/2207/2207
f 2231/2231/2231 2207/2207/2207 2205/2205/2205
f 2232/2232/2232 2233/2233/2233 2209/2209/2209
f 2232/2232/2232 2209/2209/2209 2207/2207/2207
f 2233/2233/2233 2234/2234/2234 2211/2211/2211
f 2233/2233/2233 2211/2211/2211 2209/2209/2209
f 2235/2235/2235 2215/2215/2215 2173/2173/2173
f 2235/2235/2235 2173/2173/2173 2213/2213/2213
f 2214/2214/2214 2176/2176/2176 2236/2236/2236
f 2214/2214/2214 2236/2236/2236 2237/2237/2237
f 2210/2210/2210 2212/2212/2212 2238/2238/2238
f 2210/2210/2210 2238/2238/2238 2239/2239/2239
f 2208/2208/2208 2210/2210/2210 2239/2239/2239
f 2208/2208/2208 2239/2239/2239 2240/2240/2240
f 2206/2206/2206 2208/2208/2208 2240/2240/2240
f 2206/2206/2206 2240/2240/2240 2241/2241/2241
f 2204/2204/2204 2206/2206/2206 2241/2241/2241
f 2204/2204/2204 2241/2241/2241 2242/2242/2242
f 2202/2202/2202 2204/2204/2204 2242/2242/2242
f 2202/2202/2202 2242/2242/2242 2243/2243/2243
f 2200/2200/2200 2202/2202/2202 2243/2243/2243
f 2200/2200/2200 2243/2243/2243 2244/2244/2244
f 2198/2198/2198 2200/2200/2200 2244/2244/2244
f 2198/2198/2198 2244/2244/2244 2245/2245/2245
f 2196/2196/2196 2198/2198/2198 2245/2245/2245
f 2196/2196/2196 2245/2245/2245 2246/2246/2246
f 2194/2194/2194 2196/2196/2196 2246/2246/2246
f 2194/2194/2194 2246/2246/2246 2247/2247/2247
f 2192/2192/2192 2194/2194/2194 2247/2247/2247
f 2192/2192/2192 2247/2247/2247 2248/2248/2248
f 2190/2190/2190 2192/2192/2192 2248/2248/2248
f 2190/2190/2190 2248/2248/2248 2249/2249/2249
f 2188/2188/2188 2190/2190/2190 2249/2249/2249
f 2188/2188/2188 2249/2249/2249 2250/2250/2250
f 2186/2186/2186 2188/2188/2188 2250/2250/2250
f 2186/2186/2186 2250/2250/2250 2251/2251/2251
f 2184/2184/2184 2186/2186/2186 2251/2251/2251
f 2184/2184/2184 2251/2251/2251 2252/2252/2252
f 2182/2182/2182 2184/2184/2184 2252/2252/2252
f 2182/2182/2182 2252/2252/2252 2253/2253/2253
f 2180/2180/2180 2182/2182/2182 2253/2253/2253
f 2180/2180/2180 2253/2253/2253 2254/2254/2254
f 2178/2178/2178 2180/2180/2180 2254/2254/2254
f 2178/2178/2178 2254/2254/2254 2255/2255/2255
f 2175/2175/2175 2178/2178/2178 2255/2255/2255
f 2175/2175/2175 2255/2255/2255 2256/2256/2256
f 2236/2236/2236 2176/2176/2176 2175/2175/2175
f 2236/2236/2236 2175/2175/2175 2256/2256/2256
f 2216/2216/2216 2215/2215/2215 2257/2257/2257
f 2216/2216/2216 2257/2257/2257 2258/2258/2258
f 2217/2217/2217 2216/2216/2216 2258/2258/2258
f 2217/2217/2217 2258/2258/2258 2259/2259/2259
f 2218/2218/2218 2217/2217/2217 2259/2259/2259
f 2218/2218/2218 2259/2259/2259 2260/2260/2260
f 2219/2219/2219 2218/2218/2218 2260/2260/2260
f 2219/2219/2219 2260/2260/2260 2261/2261/2261
f 2220/2220/2220 2219/2219/2219 2261/2261/2261
f 2220/2220/2220 2261/2261/2261 2262/2262/2262
f 2221/2221/2221 2220/2220/2220 2262/2262/2262
f 2221/2221/2221 2262/2262/2262 2263/2263/2263
f 2222/2222/2222 2221/2221/2221 2263/2263/2263
f 2222/2222/2222 2263/2263/2263 2264/2264/2264
f 2223/2223/2223 2222/2222/2222 2264/2264/2264
f 2223/2223/2223 2264/2264/2264 2265/2265/2265
f 2224/2224/2224 2223/2223/2223 2265/2265/2265
f 2224/2224/2224 2265/2265/2265 2266/2266/2266
f 2225/2225/2225 2224/2224/2224 2266/2266/2266
f 2225/2225/2225 2266/2266/2266 2267/2267/2267
f 2226/2226/2226 2225/2225/2225 2267/2267/2267
f 2226/2226/2226 2267/2267/2267 2268/2268/2268
f 2227/2227/2227 2226/2226/2226 2268/2268/2268
f 2227/2227/2227 2268/2268/2268 2269/2269/2269
f 2228/2228/2228 2227/2227/2227 2269/2269/2269
f 2228/2228/2228 2269/2269/2269 2270/2270/2270
f 2229/2229/2229 2228/2228/2228 2270/2270/2270
f 2229/2229/2229 2270/2270/2270 2271/2271/2271
f 2230/2230/2230 2229/2229/2229 2271/2271/2271
f 2230/2230/2230 2271/2271/2271 2272/2272/2272
f 2231/2231/2231 2230/2230/2230 2272/2272/2272
f 2231/2231/2231 2272/2272/2272 2273/2273/2273
f 2232/2232/2232 2231/2231/2231 2273/2273/2273
f 2232/2232/2232 2273/2273/2273 2274/2274/2274
f 2233/2233/2233 2232/2232/2232 2274/2274/2274
f 2233/2233/2233 2274/2274/2274 2275/2275/2275
f 2234/2234/2234 2233/2233/2233 2275/2275/2275
f 2234/2234/2234 2275/2275/2275 2276/2276/2276
f 2257/2257/2257 2215/2215/2215 2235/2235/2235
f 2257/2257/2257 2235/2235/2235 2277/2277/2277
f 2278/2278/2278 2279/2279/2279 2280/2280/2280
f 2278/2278/2278 2280/2280/2280 2281/2281/2281
f 2279/2279/2279 2282/2282/2282 2283/2283/2283
f 2279/2279/2279 2283/2283/2283 2280/2280/2280
f 2282/2282/2282 2284/2284/2284 2285/2285/2285
f 2282/2282/2282 2285/2285/2285 2283/2283/2283
f 2284/2284/2284 2286/2286/2286 2287/2287/2287
f 2284/2284/2284 2287/2287/2287 2285/2285/2285
f 2286/2286/2286 2288/2288/2288 2289/2289/2289
f 2286/2286/2286 2289/2289/2289 2287/2287/2287
f 2288/2288/2288 2290/2290/2290 2291/2291/2291
f 2288/2288/2288 2291/2291/2291 2289/2289/2289
f 2290/2290/2290 2292/2292/2292 2293/2293/2293
f 2290/2290/2290 2293/2293/2293 2291/2291/2291
f 2292/2292/2292 2294/2294/2294 2295/2295/2295
f 2292/2292/2292 2295/2295/2295 2293/2293/2293
f 2294/2294/2294 2296/2296/2296 2297/2297/2297
f 2294/2294/2294 2297/2297/2297 2295/2295/2295
f 2296/2296/2296 2298/2298/2298 2299/2299/2299
f 2296/2296/2296 2299/2299/2299 2297/2297/2297
f 2298/2298/2298 2300/2300/2300 2301/2301/2301
f 2298/2298/2298 2301/2301/2301 2299/2299/2299
f 2300/2300/2300 2302/2302/2302 2303/2303/2303
f 2300/2300/2300 2303/2303/2303 2301/2301/2301
f 2302/2302/2302 2304/2304/2304 2305/2305/2305
f 2302/2302/2302 2305/2305/2305 2303/2303/2303
f 2304/2304/2304 2306/2306/2306 2307/2307/2307
f 2304/2304/2304 2307/2307/2307 2305/2305/2305
f 2306/2306/2306 2308/2308/2308 2309/2309/2309
f 2306/2306/2306 2309/2309/2309 2307/2307/2307
f 2308/2308/2308 2310/2310/2310 2311/2311/2311
f 2308/2308/2308 2311/2311/2311 2309/2309/2309
f 2310/2310/2310 2312/2312/2312 2313/2313/2313
f 2310/2310/2310 2313/2313/2313 2311/2311/2311
f 2312/2312/2312 2314/2314/2314 2315/2315/2315
f 2312/2312/2312 2315/2315/2315 2313/2313/2313
f 2314/2314/2314 2316/2316/2316 2317/2317/2317
f 2314/2314/2314 2317/2317/2317 2315/2315/2315
f 2316/2316/2316 2318/2318/2318 2319/2319/2319
f 2316/2316/2316 2319/2319/2319 2317/2317/2317
f 2320/2320/2320 2321/2321/2321 2322/2322/2322
f 2320/2320/2320 2322/2322/2322 2323/2323/2323
f 2321/2321/2321 2324/2324/2324 2325/2325/2325
f 2321/2321/2321 2325/2325/2325 2322/2322/2322
f 2324/2324/2324 2326/2326/2326 2327/2327/2327
f 2324/2324/2324 2327/2327/2327 2325/2325/2325
f 2326/2326/2326 2328/2328/2328 2329/2329/2329
f 2326/2326/2326 2329/2329/2329 2327/2327/2327
f 2328/2328/2328 2330/2330/2330 2331/2331/2331
f 2328/2328/2328 2331/2331/2331 2329/2329/2329
f 2330/2330/2330 2332/2332/2332 2333/2333/2333
f 2330/2330/2330 2333/2333/2333 2331/2331/2331
f 2332/2332/2332 2334/2334/2334 2335/2335/2335
f 2332/2332/2332 2335/2335/2335 2333/2333/2333
f 2334/2334/2334 2336/2336/2336 2337/2337/2337
f 2334/2334/2334 2337/2337/2337 2335/2335/2335
f 2336/2336/2336 2338/2338/2338 2339/2339/2339
f 2336/2336/2336 2339/2339/2339 2337/2337/2337
f 2338/2338/2338 2340/2340/2340 2341/2341/2341
f 2338/2338/2338 2341/2341/2341 2339/2339/2339
f 2340/2340/2340 2342/2342/2342 2343/2343/2343
f 2340/2340/2340 2343/2343/2343 2341/2341/2341
f 2342/2342/2342 2344/2344/2344 2345/2345/2345
f 2342/2342/2342 2345/2345/2345 2343/2343/2343
f 2344/2344/2344 2346/2346/2346 2347/2347/2347
f 2344/2344/2344 2347/2347/2347 2345/2345/2345
f 2346/2346/2346 2348/2348/2348 2349/2349/2349
f 2346/2346/2346 2349/2349/2349 2347/2347/2347
f 2348/2348/2348 2350/2350/2350 2351/2351/2351
f 2348/2348/2348 2351/2351/2351 2349/2349/2349
f 2350/2350/2350 2352/2352/2352 2353/2353/2353
f 2350/2350/2350 2353/2353/2353 2351/2351/2351
f 2352/2352/2352 2354/2354/2354 2355/2355/2355
f 2352/2352/2352 2355/2355/2355 2353/2353/2353
f 2354/2354/2354 2356/2356/2356 2357/2357/2357
f 2354/2354/2354 2357/2357/2357 2355/2355/2355
f 2356/2356/2356 2358/2358/2358 2359/2359/2359
f 2356/2356/2356 2359/2359/2359 2357/2357/2357
f 2358/2358/2358 2360/2360/2360 2361/2361/2361
f 2358/2358/2358 2361/2361/2361 2359/2359/2359
f 2362/2362/2362 2363/2363/2363 2364/2364/2364
f 2362/2362/2362 2364/2364/2364 2365/2365/2365
f 2366/2366/2366 2362/2362/2362 2365/2365/2365
f 2366/2366/2366 2365/2365/2365 2367/2367/2367
f 2368/2368/2368 2366/2366/2366 2367/2367/2367
f 2368/2368/2368 2367/2367/2367 2369/2369/2369
f 2370/2370/2370 2368/2368/2368 2369/2369/2369
f 2370/2370/2370 2369/2369/2369 2371/2371/2371
f 2372/2372/2372 2370/2370/2370 2371/2371/2371
f 2372/2372/2372 2371/2371/2371 2373/2373/2373
f 2374/2374/2374 2372/2372/2372 2373/2373/2373
f 2374/2374/2374 2373/2373/2373 2375/2375/2375
f 2376/2376/2376 2374/2374/2374 2375/2375/2375
f 2376/2376/2376 2375/2375/2375 2377/2377/2377
f 2378/2378/2378 2376/2376/2376 2377/2377/2377
f 2378/2378/2378 2377/2377/2377 2379/2379/2379
f 2380/2380/2380 2378/2378/2378 2379/2379/2379
f 2380/2380/2380 2379/2379/2379 2381/2381/2381
f 2382/2382/2382 2380/2380/2380 2381/2381/2381
f 2382/2382/2382 2381/2381/2381 2383/2383/2383
f 2384/2384/2384 2382/2382/2382 2383/2383/2383
f 2384/2384/2384 2383/2383/2383 2385/2385/2385
f 2386/2386/2386 2384/2384/2384 2385/2385/2385
f 2386/2386/2386 2385/2385/2385 2387/2387/2387
f 2388/2388/2388 2386/2386/2386 2387/2387/2387
f 2388/2388/2388 2387/2387/2387 2389/2389/2389
f 2390/2390/2390 2388/2388/2388 2389/2389/2389
f 2390/2390/2390 2389/2389/2389 2391/2391/2391
f 2392/2392/2392 2390/2390/2390 2391/2391/2391
f 2392/2392/2392 2391/2391/2391 2393/2393/2393
f 2394/2394/2394 2392/2392/2392 2393/2393/2393
f 2394/2394/2394 2393/2393/2393 2395/2395/2395
f 2396/2396/2396 2394/2394/2394 2395/2395/2395
f 2396/2396/2396 2395/2395/2395 2397/2397/2397
f 2398/2398/2398 2396/2396/2396 2397/2397/2397
f 2398/2398/2398 2397/2397/2397 2399/2399/2399
f 2400/2400/2400 2398/2398/2398 2399/2399/2399
f 2400/2400/2400 2399/2399/2399 2401/2401/2401
f 2363/2363/2363 2402/2402/2402 2403/2403/2403
f 2363/2363/2363 2403/2403/2403 2364/2364/2364
f 2404/2404/2404 2405/2405/2405 2406/2406/2406
f 2404/2404/2404 2406/2406/2406 2407/2407/2407
f 2405/2405/2405 2408/2408/2408 2409/2409/2409
f 2405/2405/2405 2409/2409/2409 2406/2406/2406
f 2408/2408/2408 2410/2410/2410 2411/2411/2411
f 2408/2408/2408 2411/2411/2411 2409/2409/2409
f 2410/2410/2410 2412/2412/2412 2413/2413/2413
f 2410/2410/2410 2413/2413/2413 2411/2411/2411
f 2412/2412/2412 2414/2414/2414 2415/2415/2415
f 2412/2412/2412 2415/2415/2415 2413/2413/2413
f 2414/2414/2414 2416/2416/2416 2417/2417/2417
f 2414/2414/2414 2417/2417/2417 2415/2415/2415
f 2416/2416/2416 2418/2418/2418 2419/2419/2419
f 2416/2416/2416 2419/2419/2419 2417/2417/2417
f 2418/2418/2418 2420/2420/2420 2421/2421/2421
f 2418/2418/2418 2421/2421/2421 2419/2419/2419
f 2420/2420/2420 2422/2422/2422 2423/2423/2423
f 2420/2420/2420 2423/2423/2423 2421/2421/2421
f 2422/2422/2422 2424/2424/2424 2425/2425/2425
f 2422/2422/2422 2425/2425/2425 2423/2423/2423
f 2424/2424/2424 2426/2426/2426 2427/2427/2427
f 2424/2424/2424 2427/2427/2427 2425/2425/2425
f 2426/2426/2426 2428/2428/2428 2429/2429/2429
f 2426/2426/2426 2429/2429/2429 2427/2427/2427
f 2428/2428/2428 2430/2430/2430 2431/2431/2431
f 2428/2428/2428 2431/2431/2431 2429/2429/2429
f 2430/2430/2430 2432/2432/2432 2433/2433/2433
f 2430/2430/2430 2433/2433/2433 2431/2431/2431
f 2432/2432/2432 2434/2434/2434 2435/2435/2435
f 2432/2432/2432 2435/2435/2435 2433/2433/2433
f 2434/2434/2434 2436/2436/2436 2437/2437/2437
f 2434/2434/2434 2437/2437/2437 2435/2435/2435
f 2436/2436/2436 2438/2438/2438 2439/2439/2439
f 2436/2436/2436 2439/2439/2439 2437/2437/2437
f 2438/2438/2438 2440/2440/2440 2441/2441/2441
f 2438/2438/2438 2441/2441/2441 2439/2439/2439
f 2440/2440/2440 2442/2442/2442 2443/2443/2443
f 2440/2440/2440 2443/2443/2443 2441/2441/2441
f 2444/2444/2444 2404/2404/2404 2407/2407/2407
f 2444/2444/2444 2407/2407/2407 2445/2445/2445
f 2446/2446/2446 2447/2447/2447 2448/2448/2448
f 2446/2446/2446 2448/2448/2448 2449/2449/2449
f 2447/2447/2447 2450/2450/2450 2451/2451/2451
f 2447/2447/2447 2451/2451/2451 2448/2448/2448
f 2450/2450/2450 2452/2452/2452 2453/2453/2453
f 2450/2450/2450 2453/2453/2453 2451/2451/2451
f 2452/2452/2452 2454/2454/2454 2455/2455/2455
f 2452/2452/2452 2455/2455/2455 2453/2453/2453
f 2454/2454/2454 2456/2456/2456 2457/2457/2457
f 2454/2454/2454 2457/2457/2457 2455/2455/2455
f 2456/2456/2456 2458/2458/2458 2459/2459/2459
f 2456/2456/2456 2459/2459/2459 2457/2457/2457
f 2458/2458/2458 2460/2460/2460 2461/2461/2461
f 2458/2458/2458 2461/2461/2461 2459/2459/2459
f 2460/2460/2460 2462/2462/2462 2463/2463/2463
f 2460/2460/2460 2463/2463/2463 2461/2461/2461
f 2462/2462/2462 2464/2464/2464 2465/2465/2465
f 2462/2462/2462 2465/2465/2465 2463/2463/2463
f 2464/2464/2464 2466/2466/2466 2467/2467/2467
f 2464/2464/2464 2467/2467/2467 2465/2465/2465
f 2466/2466/2466 2468/2468/2468 2469/2469/2469
f 2466/2466/2466 2469/2469/2469 2467/2467/2467
f 2468/2468/2468 2470/2470/2470 2471/2471/2471
f 2468/2468/2468 2471/2471/2471 2469/2469/2469
f 2470/2470/2470 2472/2472/2472 2473/2473/2473
f 2470/2470/2470 2473/2473/2473 2471/2471/2471
f 2472/2472/2472 2474/2474/2474 2475/2475/2475
f 2472/2472/2472 2475/2475/2475 2473/2473/2473
f 2474/2474/2474 2476/2476/2476 2477/2477/2477
f 2474/2474/2474 2477/2477/2477 2475/2475/2475
f 2476/2476/2476 2478/2478/2478 2479/2479/2479
f 2476/2476/2476 2479/2479/2479 2477/2477/2477
f 2478/2478/2478 2480/2480/2480 2481/2481/2481
f 2478/2478/2478 2481/2481/2481 2479/2479/2479
f 2480/2480/2480 2482/2482/2482 2483/2483/2483
f 2480/2480/2480 2483/2483/2483 2481/2481/2481
f 2482/2482/2482 2484/2484/2484 2485/2485/2485
f 2482/2482/2482 2485/2485/2485 2483/2483/2483
f 2484/2484/2484 2446/2446/2446 2449/2449/2449
f 2484/2484/2484 2449/2449/2449 2485/2485/2485
f 2486/2486/2486 2487/2487/2487 2488/2488/2488
f 2486/2486/2486 2488/2488/2488 2489/2489/2489
f 2487/2487/2487 2490/2490/2490 2491/2491/2491
f 2487/2487/2487 2491/2491/2491 2488/2488/2488
f 2490/2490/2490 2492/2492/2492 2493/2493/2493
f 2490/2490/2490 2493/2493/2493 2491/2491/2491
f 2492/2492/2492 2494/2494/2494 2495/2495/2495
f 2492/2492/2492 2495/2495/2495 2493/2493/2493
f 2494/2494/2494 2496/2496/2496 2497/2497/2497
f 2494/2494/2494 2497/2497/2497 2495/2495/2495
f 2496/2496/2496 2498/2498/2498 2499/2499/2499
f 2496/2496/2496 2499/2499/2499 2497/2497/2497
f 2498/2498/2498 2500/2500/2500 2501/2501/2501
f 2498/2498/2498 2501/2501/2501 2499/2499/2499
f 2500/2500/2500 2502/2502/2502 2503/2503/2503
f 2500/2500/2500 2503/2503/2503 2501/2501/2501
f 2502/2502/2502 2504/2504/2504 2505/2505/2505
f 2502/2502/2502 2505/2505/2505 2503/2503/2503
f 2504/2504/2504 2506/2506/2506 2507/2507/2507
f 2504/2504/2504 2507/2507/2507 2505/2505/2505
f 2506/2506/2506 2508/2508/2508 2509/2509/2509
f 2506/2506/2506 2509/2509/2509 2507/2507/2507
f 2508/2508/2508 2510/2510/2510 2511/2511/2511
f 2508/2508/2508 2511/2511/2511 2509/2509/2509
f 2510/2510/2510 2512/2512/2512 2513/2513/2513
f 2510/2510/2510 2513/2513/2513 2511/2511/2511
f 2512/2512/2512 2514/2514/2514 2515/2515/2515
f 2512/2512/2512 2515/2515/2515 2513/2513/2513
f 2514/2514/2514 2516/2516/2516 2517/2517/2517
f 2514/2514/2514 2517/2517/2517 2515/2515/2515
f 2516/2516/2516 2518/2518/2518 2519/2519/2519
f 2516/2516/2516 2519/2519/2519 2517/2517/2517
f 2518/2518/2518 2520/2520/2520 2521/2521/2521
f 2518/2518/2518 2521/2521/2521 2519/2519/2519
f 2520/2520/2520 2522/2522/2522 2523/2523/2523
f 2520/2520/2520 2523/2523/2523 2521/2521/2521
f 2522/2522/2522 2524/2524/2524 2525/2525/2525
f 2522/2522/2522 2525/2525/2525 2523/2523/2523
f 2524/2524/2524 2486/2486/2486 2489/2489/2489
f 2524/2524/2524 2489/2489/2489 2525/2525/2525
f 2526/2526/2526 2527/2527/2527 2528/2528/2528
f 2526/2526/2526 2528/2528/2528 2529/2529/2529
f 2530/2530/2530 2526/2526/2526 2529/2529/2529
f 2530/2530/2530 2529/2529/2529 2531/2531/2531
f 2532/2532/2532 2530/2530/2530 2531/2531/2531
f 2532/2532/2532 2531/2531/2531 2533/2533/2533
f 2534/2534/2534 2532/2532/2532 2533/2533/2533
f 2534/2534/2534 2533/2533/2533 2535/2535/2535
f 2536/2536/2536 2534/2534/2534 2535/2535/2535
f 2536/2536/2536 2535/2535/2535 2537/2537/2537
f 2538/2538/2538 2536/2536/2536 2537/2537/2537
f 2538/2538/2538 2537/2537/2537 2539/2539/2539
f 2540/2540/2540 2538/2538/2538 2539/2539/2539
f 2540/2540/2540 2539/2539/2539 2541/2541/2541
f 2542/2542/2542 2540/2540/2540 2541/2541/2541
f 2542/2542/2542 2541/2541/2541 2543/2543/2543
f 2544/2544/2544 2542/2542/2542 2543/2543/2543
f 2544/2544/2544 2543/2543/2543 2545/2545/2545
f 2546/2546/2546 2544/2544/2544 2545/2545/2545
f 2546/2546/2546 2545/2545/2545 2547/2547/2547
f 2548/2548/2548 2546/2546/2546 2547/2547/2547
f 2548/2548/2548 2547/2547/2547 2549/2549/2549
f 2550/2550/2550 2548/2548/2548 2549/2549/2549
f 2550/2550/2550 2549/2549/2549 2551/2551/2551
f 2552/2552/2552 2550/2550/2550 2551/2551/2551
f 2552/2552/2552 2551/2551/2551 2553/2553/2553
f 2554/2554/2554 2552/2552/2552 2553/2553/2553
f 2554/2554/2554 2553/2553/2553 2555/2555/2555
f 2556/2556/2556 2554/2554/2554 2555/2555/2555
f 2556/2556/2556 2555/2555/2555 2557/2557/2557
f 2558/2558/2558 2556/2556/2556 2557/2557/2557
f 2558/2558/2558 2557/2557/2557 2559/2559/2559
f 2560/2560/2560 2558/2558/2558 2559/2559/2559
f 2560/2560/2560 2559/2559/2559 2561/2561/2561
f 2562/2562/2562 2560/2560/2560 2561/2561/2561
f 2562/2562/2562 2561/2561/2561 2563/2563/2563
f 2564/2564/2564 2562/2562/2562 2563/2563/2563
f 2564/2564/2564 2563/2563/2563 2565/2565/2565
f 2527/2527/2527 2566/2566/2566 2567/2567/2567
f 2527/2527/2527 2567/2567/2567 2528/2528/2528
f 2568/2568/2568 2569/2569/2569 2570/2570/2570
f 2568/2568/2568 2570/2570/2570 2571/2571/2571
f 2569/2569/2569 2572/2572/2572 2573/2573/2573
f 2569/2569/2569 2573/2573/2573 2570/2570/2570
f 2572/2572/2572 2574/2574/2574 2575/2575/2575
f 2572/2572/2572 2575/2575/2575 2573/2573/2573
f 2574/2574/2574 2576/2576/2576 2577/2577/2577
f 2574/2574/2574 2577/2577/2577 2575/2575/2575
f 2576/2576/2576 2578/2578/2578 2579/2579/2579
f 2576/2576/2576 2579/2579/2579 2577/2577/2577
f 2578/2578/2578 2580/2580/2580 2581/2581/2581
f 2578/2578/2578 2581/2581/2581 2579/2579/2579
f 2580/2580/2580 2582/2582/2582 2583/2583/2583
f 2580/2580/2580 2583/2583/2583 2581/2581/2581
f 2582/2582/2582 2584/2584/2584 2585/2585/2585
f 2582/2582/2582 2585/2585/2585 2583/2583/2583
f 2584/2584/2584 2586/2586/2586 2587/2587/2587
f 2584/2584/2584 2587/2587/2587 2585/2585/2585
f 2586/2586/2586 2588/2588/2588 2589/2589/2589
f 2586/2586/2586 2589/2589/2589 2587/2587/2587
f 2588/2588/2588 2590/2590/2590 2591/2591/2591
f 2588/2588/2588 2591/2591/2591 2589/2589/2589
f 2590/2590/2590 2592/2592/2592 2593/2593/2593
f 2590/2590/2590 2593/2593/2593 2591/2591/2591
f 2592/2592/2592 2594/2594/2594 2595/2595/2595
f 2592/2592/2592 2595/2595/2595 2593/2593/2593
f 2594/2594/2594 2596/2596/2596 2597/2597/2597
f 2594/2594/2594 2597/2597/2597 2595/2595/2595
f 2596/2596/2596 2598/2598/2598 2599/2599/2599
f 2596/2596/2596 2599/2599/2599 2597/2597/2597
f 2598/2598/2598 2600/2600/2600 2601/2601/2601
f 2598/2598/2598 2601/2601/2601 2599/2599/2599
f 2600/2600/2600 2602/2602/2602 2603/2603/2603
f 2600/2600/2600 2603/2603/2603 2601/2601/2601
f 2602/2602/2602 2604/2604/2604 2605/2605/2605
f 2602/2602/2602 2605/2605/2605 2603/2603/2603
f 2604/2604/2604 2606/2606/2606 2607/2607/2607
f 2604/2604/2604 2607/2607/2607 2605/2605/2605
f 2608/2608/2608 2568/2568/2568 2571/2571/2571
f 2608/2608/2608 2571/2571/2571 2609/2609/2609
f 2610/2610/2610 2611/2611/2611 2612/2612/2612
f 2610/2610/2610 2612/2612/2612 2613/2613/2613
f 2611/2611/2611 2614/2614/2614 2615/2615/2615
f 2611/2611/2611 2615/2615/2615 2612/2612/2612
f 2614/2614/2614 2616/2616/2616 2617/2617/2617
f 2614/2614/2614 2617/2617/2617 2615/2615/2615
f 2616/2616/2616 2618/2618/2618 2619/2619/2619
f 2616/2616/2616 2619/2619/2619 2617/2617/2617
f 2620/2620/2620 2621/2621/2621 2622/2622/2622
f 2620/2620/2620 2622/2622/2622 2623/2623/2623
f 2621/2621/2621 2624/2624/2624 2625/2625/2625
f 2621/2621/2621 2625/2625/2625 2622/2622/2622
f 2624/2624/2624 2626/2626/2626 2627/2627/2627
f 2624/2624/2624 2627/2627/2627 2625/2625/2625
f 2626/2626/2626 2628/2628/2628 2629/2629/2629
f 2626/2626/2626 2629/2629/2629 2627/2627/2627
f 2628/2628/2628 2630/2630/2630 2631/2631/2631
f 2628/2628/2628 2631/2631/2631 2629/2629/2629
f 2630/2630/2630 2632/2632/2632 2633/2633/2633
f 2630/2630/2630 2633/2633/2633 2631/2631/2631
f 2632/2632/2632 2634/2634/2634 2635/2635/2635
f 2632/2632/2632 2635/2635/2635 2633/2633/2633
f 2634/2634/2634 2636/2636/2636 2637/2637/2637
f 2634/2634/2634 2637/2637/2637 2635/2635/2635
f 2636/2636/2636 2638/2638/2638 2639/2639/2639
f 2636/2636/2636 2639/2639/2639 2637/2637/2637
f 2638/2638/2638 2640/2640/2640 2641/2641/2641
f 2638/2638/2638 2641/2641/2641 2639/2639/2639
f 2640/2640/2640 2642/2642/2642 2643/2643/2643
f 2640/2640/2640 2643/2643/2643 2641/2641/2641
f 2642/2642/2642 2644/2644/2644 2645/2645/2645
f 2642/2642/2642 2645/2645/2645 2643/2643/2643
f 2644/2644/2644 2646/2646/2646 2647/2647/2647
f 2644/2644/2644 2647/2647/2647 2645/2645/2645
f 2646/2646/2646 2648/2648/2648 2649/2649/2649
f 2646/2646/2646 2649/2649/2649 2647/2647/2647
f 2648/2648/2648 2650/2650/2650 2651/2651/2651
f 2648/2648/2648 2651/2651/2651 2649/2649/2649
f 2650/2650/2650 2610/2610/2610 2613/2613/2613
f 2650/2650/2650 2613/2613/2613 2651/2651/2651
f 2652/2652/2652 2653/2653/2653 2654/2654/2654
f 2652/2652/2652 2654/2654/2654 2655/2655/2655
f 2656/2656/2656 2657/2657/2657 2658/2658/2658
f 2656/2656/2656 2658/2658/2658 2659/2659/2659
f 2660/2660/2660 2661/2661/2661 2662/2662/2662
f 2660/2660/2660 2662/2662/2662 2663/2663/2663
f 2664/2664/2664 2665/2665/2665 2666/2666/2666
f 2664/2664/2664 2666/2666/2666 2667/2667/2667
f 2666/2666/2666 2668/2668/2668 2669/2669/2669
f 2666/2666/2666 2669/2669/2669 2667/2667/2667
f 2668/2668/2668 2670/2670/2670 2671/2671/2671
f 2668/2668/2668 2671/2671/2671 2669/2669/2669
f 2672/2672/2672 2653/2653/2653 2652/2652/2652
f 2672/2672/2672 2652/2652/2652 2673/2673/2673
f 2654/2654/2654 2674/2674/2674 2675/2675/2675
f 2654/2654/2654 2675/2675/2675 2655/2655/2655
f 2676/2676/2676 2677/2677/2677 2678/2678/2678
f 2676/2676/2676 2678/2678/2678 2679/2679/2679
f 2677/2677/2677 2661/2661/2661 2660/2660/2660
f 2677/2677/2677 2660/2660/2660 2678/2678/2678
f 2664/2664/2664 2680/2680/2680 2681/2681/2681
f 2664/2664/2664 2681/2681/2681 2665/2665/2665
f 2680/2680/2680 2682/2682/2682 2683/2683/2683
f 2680/2680/2680 2683/2683/2683 2681/2681/2681
f 2684/2684/2684 2657/2657/2657 2656/2656/2656
f 2684/2684/2684 2656/2656/2656 2685/2685/2685
f 2658/2658/2658 2686/2686/2686 2687/2687/2687
f 2658/2658/2658 2687/2687/2687 2659/2659/2659
f 2688/2688/2688 2689/2689/2689 2690/2690/2690
f 2688/2688/2688 2690/2690/2690 2691/2691/2691
f 2689/2689/2689 2663/2663/2663 2662/2662/2662
f 2689/2689/2689 2662/2662/2662 2690/2690/2690
f 2692/2692/2692 2693/2693/2693 2694/2694/2694
f 2692/2692/2692 2694/2694/2694 2695/2695/2695
f 2696/2696/2696 2697/2697/2697 2698/2698/2698
f 2696/2696/2696 2698/2698/2698 2699/2699/2699
f 2700/2700/2700 2701/2701/2701 2693/2693/2693
f 2700/2700/2700 2693/2693/2693 2692/2692/2692
f 2702/2702/2702 2703/2703/2703 2704/2704/2704
f 2702/2702/2702 2704/2704/2704 2705/2705/2705
f 2705/2705/2705 2704/2704/2704 2701/2701/2701
f 2705/2705/2705 2701/2701/2701 2700/2700/2700
f 2706/2706/2706 2707/2707/2707 2703/2703/2703
f 2706/2706/2706 2703/2703/2703 2702/2702/2702
f 2708/2708/2708 2709/2709/2709 2710/2710/2710
f 2708/2708/2708 2710/2710/2710 2711/2711/2711
f 2706/2706/2706 2709/2709/2709 2708/2708/2708
f 2706/2706/2706 2708/2708/2708 2707/2707/2707
f 2712/2712/2712 2713/2713/2713 2714/2714/2714
f 2712/2712/2712 2714/2714/2714 2715/2715/2715
f 2699/2699/2699 2698/2698/2698 2713/2713/2713
f 2699/2699/2699 2713/2713/2713 2712/2712/2712
f 2716/2716/2716 2697/2697/2697 2696/2696/2696
f 2697/2697/2697 2716/2716/2716 2717/2717/2717
f 2717/2717/2717 2716/2716/2716 2718/2718/2718
f 2717/2717/2717 2718/2718/2718 2719/2719/2719
f 2719/2719/2719 2718/2718/2718 2720/2720/2720
f 2719/2719/2719 2720/2720/2720 2721/2721/2721
f 2721/2721/2721 2720/2720/2720 2722/2722/2722
f 2721/2721/2721 2722/2722/2722 2723/2723/2723
