# Perseverance visual mesh from JPL ops GLTF
mtllib rover.mtl
usemtl rover
v -0.046565 -0.589699 1.177691
v -0.045546 -0.588466 1.151704
v -0.044923 -0.588466 1.151704
v -0.046479 -0.588466 1.151704
v -0.039376 -0.590698 1.151734
v -0.040538 -0.591153 1.177898
v -0.047101 -0.588466 1.151704
v -0.048346 -0.588466 1.151704
v -0.051860 -0.591041 1.151704
v -0.056871 -0.591675 1.177812
v -0.055503 -0.588466 1.151704
v -0.056747 -0.588466 1.151704
v -0.057369 -0.588466 1.151704
v -0.064428 -0.590218 1.151728
v -0.063605 -0.590631 1.177875
v -0.037124 0.613016 1.154676
v -0.037456 0.611644 1.157848
v -0.037144 0.611644 1.157848
v -0.023885 0.606493 1.157752
v -0.038078 0.611644 1.157848
v -0.047703 0.643908 1.157881
v -0.038389 0.611644 1.151902
v -0.035575 0.611643 1.151904
v -0.065459 0.611644 1.151902
v -0.080017 0.606494 1.157916
v -0.023813 0.606493 1.176097
v -0.078192 0.607318 1.175918
v -0.065771 0.611644 1.175882
v -0.067167 0.613370 1.180065
v -0.056121 0.632096 1.177952
v -0.036804 0.612931 1.179423
v -0.037456 0.611644 1.175882
v -0.038078 0.611644 1.175882
v -0.067393 0.612922 1.154979
v -0.067326 0.611644 1.157848
v -0.065771 0.611644 1.157848
v -0.066082 0.611644 1.151902
v -0.082037 0.597968 1.152020
v -0.023885 0.606493 1.157752
v -0.037144 0.611644 1.157848
v -0.067326 0.611644 1.157848
v -0.080017 0.606494 1.157916
v -0.037124 0.613016 1.154676
v -0.037084 0.649293 1.155516
v -0.047703 0.643908 1.157881
v -0.057177 0.656781 1.154408
v -0.044839 0.658063 1.153011
v -0.056402 0.644057 1.157848
v -0.070342 0.647138 1.155450
v -0.067393 0.612922 1.154979
v -0.057690 0.633424 1.157848
v -0.048457 0.631430 1.155843
v -0.038078 0.611644 1.157848
v -0.057532 -0.078897 1.143992
v -0.039376 -0.590698 1.151734
v -0.044923 -0.588466 1.151704
v -0.057369 -0.588466 1.151704
v -0.064428 -0.590218 1.151728
v -0.127476 -0.113181 1.148685
v -0.082462 -0.594559 1.153694
v -0.081823 -0.599680 1.152127
v -0.132980 -0.067623 1.143975
v -0.132591 -0.109452 1.144470
v -0.098867 -0.066341 1.143975
v -0.120505 -0.059281 1.143975
v -0.097642 -0.055088 1.143975
v -0.121072 -0.019387 1.143975
v -0.090982 -0.059630 1.143856
v -0.095330 -0.052795 1.141894
v -0.113854 -0.029249 1.142314
v -0.119600 0.001288 1.141894
v -0.132980 0.001288 1.143975
v -0.120312 0.018457 1.143929
v -0.115274 0.022619 1.141894
v -0.103731 0.042493 1.140705
v -0.052080 -0.068247 1.141894
v -0.053737 -0.070357 1.143975
v -0.028743 -0.063096 1.141894
v -0.046902 -0.079532 1.144006
v -0.053411 -0.072321 1.189755
v -0.046890 -0.079403 1.189755
v -0.018192 -0.057942 1.140968
v 0.026020 -0.078548 1.143975
v -0.021484 -0.594878 1.154392
v -0.022028 -0.598477 1.152046
v -0.008034 -0.066307 1.143975
v 0.019648 -0.059712 1.143975
v -0.044088 -0.596192 1.151803
v -0.006376 -0.057059 1.143975
v 0.018250 -0.019336 1.143975
v -0.000097 -0.042531 1.141092
v 0.016118 0.001085 1.141168
v 0.011750 0.022819 1.141299
v 0.017487 0.019412 1.143975
v -0.000117 0.042493 1.140705
v -0.004477 0.055756 1.143956
v -0.018164 0.057945 1.140705
v 0.019497 0.059407 1.143975
v -0.008030 0.065894 1.143975
v -0.009763 0.057945 1.143975
v -0.015986 0.057945 1.143975
v -0.011630 0.057945 1.143975
v -0.046934 0.071887 1.143975
v -0.044045 0.065671 1.140705
v -0.045857 0.078548 1.143975
v -0.057947 0.068638 1.143353
v -0.090031 0.057945 1.143139
v 0.026020 0.078548 1.143975
v -0.053809 0.080910 1.144015
v -0.046168 0.078548 1.143975
v -0.098803 0.055256 1.143965
v -0.098688 0.065945 1.143975
v -0.120687 0.059561 1.143975
v -0.132980 0.066880 1.143975
v -0.129794 0.111563 1.144491
v -0.039875 0.592267 1.151753
v -0.021396 0.594547 1.153652
v -0.047101 0.588466 1.151704
v -0.059236 0.588466 1.151704
v -0.064174 0.592190 1.151753
v -0.082428 0.594848 1.154334
v -0.082037 0.597968 1.152020
v -0.021978 0.599457 1.152154
v -0.058708 0.596218 1.151803
v -0.045220 0.596192 1.151803
v -0.055503 0.593616 1.151803
v -0.048346 0.593616 1.151803
v -0.035575 0.611643 1.151904
v -0.037084 0.649293 1.155516
v -0.038389 0.611644 1.151902
v -0.066082 0.611644 1.151902
v -0.037124 0.613016 1.154676
v -0.081951 0.601342 1.152893
v -0.070342 0.647138 1.155450
v -0.067393 0.612922 1.154979
v -0.060220 0.634282 1.151862
v -0.065459 0.611644 1.151902
v -0.057177 0.656781 1.154408
v -0.046474 0.644214 1.152580
v -0.044839 0.658063 1.153011
v -0.081951 0.598767 1.152893
v -0.081951 0.601342 1.152893
v -0.082037 0.597968 1.152020
v -0.082428 0.594848 1.154334
v -0.081951 0.598767 1.159037
v -0.081951 0.598767 1.162703
v -0.080017 0.606494 1.157916
v -0.070342 0.647138 1.155450
v -0.078192 0.607318 1.175918
v -0.081951 0.598767 1.171621
v -0.081951 0.601342 1.180836
v -0.070725 0.646320 1.179491
v -0.081951 0.598767 1.180836
v -0.082786 0.592534 1.181991
v -0.082285 0.596141 1.177637
v -0.081951 0.598767 1.175287
v -0.086307 0.536959 1.182818
v -0.090328 0.509526 1.179293
v -0.091486 0.464813 1.183980
v -0.093379 0.436437 1.184308
v -0.088740 0.450757 1.180143
v -0.090411 0.424950 1.180539
v -0.099941 0.404854 1.180887
v -0.101365 0.368188 1.183175
v -0.102585 0.298973 1.182423
v -0.103572 0.338658 1.185890
v -0.037144 -0.611644 1.175882
v -0.067326 -0.611644 1.175882
v -0.023827 -0.606495 1.176061
v -0.079217 -0.606494 1.175087
v -0.067328 -0.612730 1.179543
v -0.070381 -0.647037 1.178166
v -0.054429 -0.630400 1.177095
v -0.052824 -0.644151 1.175882
v -0.056897 -0.656934 1.179244
v -0.036888 -0.612834 1.179172
v -0.065771 -0.611644 1.175882
v -0.045930 -0.633353 1.175878
v -0.036783 -0.648953 1.178102
v -0.044806 -0.658091 1.180498
v -0.036888 -0.612834 1.179172
v -0.037456 -0.611644 1.175882
v -0.037144 -0.611644 1.175882
v -0.038078 -0.611644 1.175882
v -0.065771 -0.611644 1.175882
v -0.023827 -0.606495 1.176061
v -0.067328 -0.612730 1.179543
v -0.067326 -0.611644 1.175882
v -0.079217 -0.606494 1.175087
v -0.065459 -0.611644 1.181926
v -0.066082 -0.611644 1.181926
v -0.079218 -0.606494 1.158612
v -0.023882 -0.606497 1.157768
v -0.079773 -0.606493 1.173008
v -0.080544 -0.606495 1.176670
v -0.080516 -0.606495 1.157152
v -0.079773 -0.606493 1.160721
v -0.079773 -0.606493 1.160523
v -0.080544 -0.606495 1.176670
v -0.079217 -0.606494 1.175087
v -0.070381 -0.647037 1.178166
v -0.081951 -0.601342 1.180836
v -0.081951 -0.598767 1.171621
v -0.081951 -0.598767 1.180836
v -0.081951 -0.598767 1.162703
v -0.082877 -0.591403 1.181972
v -0.082261 -0.596102 1.177570
v -0.081951 -0.598767 1.175287
v -0.084290 -0.525511 1.183034
v -0.082488 -0.525395 1.179005
v -0.092604 -0.485302 1.181419
v -0.080516 -0.606495 1.157152
v -0.081823 -0.599680 1.152127
v -0.081951 -0.598767 1.152893
v -0.069248 -0.647182 1.152059
v -0.062799 -0.653853 1.157828
v -0.079218 -0.606494 1.158612
v -0.082462 -0.594559 1.153694
v -0.081951 -0.598767 1.159037
v -0.127476 -0.113181 1.148685
v -0.122316 -0.161691 1.151505
v -0.093342 -0.461610 1.183935
v -0.095241 -0.455959 1.180036
v -0.098964 -0.380139 1.185203
v -0.102905 -0.371314 1.181385
v -0.103587 -0.361685 1.185514
v -0.101970 -0.300083 1.182439
v -0.082877 -0.591403 1.181972
v -0.081951 -0.601342 1.180836
v -0.070381 -0.647037 1.178166
v -0.067328 -0.612730 1.179543
v -0.064526 -0.598766 1.181918
v -0.061936 -0.634819 1.181922
v -0.074957 -0.579817 1.182123
v -0.080125 -0.562712 1.182422
v -0.084290 -0.525511 1.183034
v -0.093342 -0.461610 1.183935
v -0.092604 -0.485302 1.181419
v -0.089730 -0.449397 1.184205
v -0.098964 -0.380139 1.185203
v -0.056897 -0.656934 1.179244
v -0.043662 -0.641620 1.181936
v -0.044806 -0.658091 1.180498
v -0.036783 -0.648953 1.178102
v -0.038389 -0.611644 1.181926
v -0.065459 -0.611644 1.181926
v -0.036888 -0.612834 1.179172
v -0.021381 -0.593837 1.181975
v -0.021898 -0.601342 1.180836
v -0.036167 -0.591384 1.181986
v -0.066082 -0.611644 1.181926
v -0.026876 -0.578164 1.182224
v -0.016621 -0.534841 1.182921
v -0.021627 -0.596151 1.177637
v -0.054429 -0.630400 1.177095
v -0.067328 -0.612730 1.179543
v -0.065771 -0.611644 1.175882
v -0.064526 -0.598766 1.181918
v -0.066082 -0.611644 1.181926
v -0.061936 -0.634819 1.181922
v -0.065459 -0.611644 1.181926
v -0.116896 0.202058 1.189809
v -0.048873 0.187090 1.190442
v -0.058310 0.203004 1.187912
v -0.108959 0.224723 1.189879
v -0.113793 0.236579 1.187482
v -0.107035 0.249747 1.189496
v -0.108740 0.286761 1.186657
v -0.046915 0.205406 1.189649
v -0.104609 0.274910 1.189112
v -0.101309 0.300883 1.188705
v -0.103069 0.299739 1.188745
v -0.098947 0.387933 1.185075
v -0.105921 0.337483 1.185858
v -0.099865 0.325136 1.188342
v -0.097812 0.349943 1.187975
v -0.098947 0.414189 1.184687
v -0.008707 0.374874 1.187594
v -0.095107 0.374716 1.187602
v -0.093423 0.399933 1.187217
v -0.093674 0.462657 1.183966
v -0.010653 0.400173 1.187197
v -0.090619 0.425700 1.186824
v -0.088627 0.449822 1.186463
v -0.086122 0.474994 1.186070
v -0.090854 0.487904 1.183579
v -0.085744 0.537601 1.182833
v -0.012949 0.425233 1.186846
v -0.004119 0.387363 1.185084
v -0.006311 0.349884 1.187975
v -0.001608 0.362690 1.185487
v -0.003798 0.325250 1.188343
v -0.010272 0.462626 1.183956
v -0.001844 0.299909 1.188738
v 0.004165 0.288164 1.186648
v 0.000610 0.274864 1.189112
v 0.008048 0.246927 1.189247
v -0.015345 0.450556 1.186444
v -0.017579 0.475399 1.186066
v 0.005038 0.224840 1.189874
v -0.015093 0.513149 1.183202
v -0.011661 0.487904 1.183579
v 0.007275 0.200067 1.190261
v 0.018258 0.163949 1.190021
v 0.009760 0.174670 1.190631
v 0.011885 0.149947 1.191009
v 0.021577 0.120340 1.189180
v -0.113924 0.174226 1.190650
v -0.119156 0.146228 1.190201
v 0.013324 0.124385 1.191397
v -0.004145 0.118270 1.191499
v 0.008052 0.113135 1.189260
v -0.002953 0.094682 1.189550
v -0.099135 0.131840 1.191285
v -0.004882 0.131612 1.191290
v -0.008182 0.103980 1.191710
v -0.018889 0.083781 1.189733
v -0.018689 0.093454 1.191868
v -0.044324 0.084091 1.192014
v -0.053053 0.116667 1.191526
v -0.035398 0.093330 1.191870
v -0.052238 0.093433 1.191869
v -0.068916 0.093994 1.191864
v -0.086889 0.084247 1.190972
v -0.085689 0.093863 1.191863
v -0.095600 0.103809 1.191705
v -0.102061 0.095995 1.189522
v -0.100700 0.119043 1.191475
v -0.110311 0.113029 1.189260
v -0.117212 0.122836 1.191430
v -0.125693 0.118334 1.189293
v -0.056528 0.589353 1.177868
v -0.058708 0.596218 1.151803
v -0.055503 0.593616 1.151803
v -0.055191 0.593616 1.151803
v -0.051870 0.591041 1.151704
v -0.059823 0.596197 1.177854
v -0.064174 0.592190 1.151753
v -0.064215 0.591041 1.177963
v -0.048968 0.593616 1.151803
v -0.048035 0.591041 1.177963
v -0.044642 0.595600 1.177751
v -0.048346 0.593616 1.151803
v -0.045220 0.596192 1.151803
v -0.039875 0.592267 1.151753
v -0.040512 0.590633 1.177998
v -0.082262 0.498329 1.179449
v -0.076017 0.574204 1.178491
v -0.068795 0.596791 1.175615
v -0.079016 0.550906 1.178632
v -0.082285 0.596141 1.177637
v -0.081951 0.598767 1.175287
v -0.081852 0.525364 1.179003
v -0.086307 0.536959 1.182818
v -0.090328 0.509526 1.179293
v -0.086239 0.474121 1.179802
v -0.083114 0.456600 1.180034
v -0.083809 0.446838 1.180221
v -0.088740 0.450757 1.180143
v -0.093379 0.436437 1.184308
v -0.090411 0.424950 1.180539
v -0.099941 0.404854 1.180887
v -0.086939 0.413278 1.180744
v -0.091285 0.397890 1.180935
v -0.091596 0.361836 1.181530
v -0.101365 0.368188 1.183175
v -0.094291 0.373352 1.181336
v -0.099872 0.324455 1.182046
v -0.097474 0.350335 1.181674
v -0.109028 0.160955 1.181116
v -0.102585 0.298973 1.182423
v -0.098227 0.290983 1.182576
v -0.104337 0.275235 1.182813
v -0.100931 0.261397 1.183016
v -0.111198 0.281960 1.185122
v -0.103572 0.338658 1.185890
v -0.104225 0.227791 1.183569
v -0.113688 0.238219 1.187376
v -0.112698 0.260623 1.187188
v -0.106334 0.249693 1.183204
v -0.109152 0.224279 1.183574
v -0.110455 0.198191 1.183968
v -0.119912 0.186712 1.188169
v -0.113814 0.175088 1.184323
v -0.122218 0.162238 1.182805
v -0.115843 0.149444 1.181232
v -0.117098 0.124136 1.181603
v -0.127428 0.113178 1.180858
v -0.111881 0.112241 1.180552
v -0.068959 -0.596346 1.176200
v -0.081951 -0.598767 1.171621
v -0.081951 -0.598767 1.173603
v -0.081951 -0.598767 1.175287
v -0.081951 -0.598767 1.162703
v -0.068667 -0.597116 1.159335
v -0.081951 -0.598767 1.160820
v -0.081951 -0.598767 1.159037
v -0.082462 -0.594559 1.153694
v -0.118196 0.018208 1.190040
v -0.099295 0.056615 1.189755
v -0.125789 0.059549 1.189755
v -0.102241 0.065743 1.189755
v -0.132980 0.089005 1.189650
v -0.098431 0.046503 1.190516
v -0.092639 0.062083 1.189755
v -0.088174 0.099151 1.189457
v -0.103563 0.099396 1.189461
v -0.102798 0.117178 1.189259
v -0.131033 0.110561 1.189325
v -0.118667 0.127479 1.189061
v -0.123168 0.127481 1.189060
v -0.059883 0.071256 1.190063
v -0.074512 0.094628 1.189514
v -0.083666 0.058857 1.190559
v -0.052097 0.082463 1.189754
v -0.050198 0.096272 1.189505
v -0.046168 0.078548 1.189755
v -0.039634 0.078548 1.189755
v -0.030880 0.095501 1.189504
v -0.017275 0.091428 1.189557
v -0.105429 0.024823 1.191384
v -0.040550 0.059611 1.191346
v -0.118006 0.001081 1.190880
v -0.132980 0.001288 1.189755
v -0.132980 0.016740 1.189755
v -0.118854 -0.017351 1.190125
v -0.132980 -0.016740 1.189755
v -0.101472 -0.029561 1.191301
v -0.100677 -0.043983 1.190496
v -0.099026 -0.056385 1.189755
v -0.120272 -0.059083 1.189755
v -0.089061 -0.059072 1.190067
v -0.102546 -0.065021 1.189755
v -0.132980 -0.060520 1.189755
v -0.132980 -0.087041 1.189633
v -0.040549 -0.059614 1.191376
v -0.081639 -0.099151 1.189457
v -0.092801 -0.066864 1.189755
v -0.099557 -0.101392 1.189457
v -0.130754 -0.110683 1.189321
v -0.106843 -0.119753 1.189160
v -0.119785 -0.124862 1.189054
v -0.117422 -0.148082 1.188764
v -0.124268 -0.140356 1.188863
v -0.127405 -0.113227 1.180895
v -0.116175 -0.195759 1.184720
v -0.117733 -0.148082 1.188764
v -0.109477 -0.261397 1.186983
v -0.111544 -0.202365 1.187951
v -0.102798 -0.302603 1.186386
v -0.103587 -0.361685 1.185514
v -0.064526 -0.078548 1.189755
v -0.067967 -0.093410 1.189527
v -0.057992 -0.078548 1.189755
v -0.055701 -0.082631 1.189752
v -0.051198 -0.094553 1.189528
v -0.046890 -0.079403 1.189755
v -0.029971 -0.094843 1.189511
v -0.053411 -0.072321 1.189755
v -0.058303 -0.078548 1.189755
v -0.017418 -0.091186 1.189559
v -0.064339 -0.065660 1.190520
v -0.037908 -0.064649 1.190276
v -0.011862 -0.065250 1.189755
v -0.001571 -0.064681 1.189755
v 0.026020 -0.078548 1.189755
v -0.004188 -0.101258 1.189461
v 0.018481 -0.059029 1.189755
v 0.023256 -0.106736 1.189345
v -0.001051 -0.117178 1.189259
v 0.018670 -0.124163 1.189202
v -0.006459 -0.057189 1.189755
v 0.018624 -0.018659 1.189755
v 0.026020 0.001288 1.189755
v -0.016616 -0.056794 1.190442
v -0.000615 -0.040874 1.190422
v 0.007233 0.000006 1.191294
v 0.010685 0.020393 1.190578
v -0.008777 0.056602 1.189755
v -0.011471 0.051978 1.190584
v 0.019014 0.018885 1.189755
v -0.037782 0.064634 1.190241
v -0.047126 0.073382 1.189755
v -0.011614 0.065928 1.189755
v -0.002084 0.061862 1.189755
v 0.018582 0.059306 1.189755
v 0.026020 0.078548 1.189755
v -0.045857 0.078548 1.189755
v -0.010571 0.100676 1.189457
v 0.023231 0.107006 1.189357
v 0.002995 0.119753 1.189160
v 0.019228 0.124360 1.189076
v 0.005321 -0.160950 1.153198
v 0.005680 -0.159620 1.181144
v -0.035248 -0.597101 1.159384
v -0.035099 -0.596508 1.175857
v 0.004862 -0.158384 1.179747
v -0.015364 -0.397890 1.180935
v -0.016632 -0.410521 1.180793
v 0.004862 -0.158384 1.154280
v 0.006591 -0.133283 1.152914
v 0.004862 -0.158384 1.179548
v 0.012193 -0.149425 1.181235
v 0.006934 -0.112051 1.177047
v 0.007736 -0.112213 1.153468
v 0.007040 -0.112027 1.158442
v 0.007040 -0.112027 1.155568
v 0.008656 -0.109456 1.156451
v 0.007040 -0.112027 1.156956
v -0.062866 0.592269 1.181975
v -0.067167 0.613370 1.180065
v -0.082786 0.592534 1.181991
v -0.077435 0.579713 1.182136
v -0.086307 0.536959 1.182818
v -0.091486 0.464813 1.183980
v -0.087356 0.513781 1.183215
v -0.090352 0.449397 1.184205
v -0.093379 0.436437 1.184308
v -0.036804 0.612931 1.179423
v -0.036310 0.592046 1.181991
v -0.044352 0.635869 1.181918
v -0.061936 0.634819 1.181933
v -0.036943 0.649295 1.181792
v -0.070725 0.646320 1.179491
v -0.081951 0.601342 1.180836
v -0.062800 0.653849 1.175897
v -0.056125 0.645123 1.180836
v -0.052081 0.657967 1.179283
v -0.021297 0.592839 1.181985
v -0.021898 0.601342 1.180836
v -0.024672 0.580156 1.182133
v -0.020629 0.526485 1.183001
v -0.033019 0.578106 1.182196
v -0.036211 -0.611644 1.151902
v -0.066082 -0.611644 1.151902
v -0.036796 -0.612689 1.152041
v -0.038389 -0.611644 1.151902
v -0.042904 -0.633460 1.151890
v -0.036736 -0.648918 1.154092
v -0.052791 -0.646241 1.152250
v -0.060813 -0.633766 1.151837
v -0.054870 -0.657983 1.154712
v -0.044890 -0.658080 1.156842
v -0.059777 -0.596217 1.151803
v -0.048346 -0.593616 1.151803
v -0.055503 -0.593616 1.151803
v -0.069248 -0.647182 1.152059
v -0.062799 -0.653853 1.157828
v -0.066933 -0.612696 1.152029
v -0.065459 -0.611644 1.151902
v -0.059883 0.071256 1.190063
v -0.057947 0.068638 1.143353
v -0.053809 0.080910 1.144015
v -0.052097 0.082463 1.189754
v -0.046168 0.078548 1.143975
v -0.046168 0.078548 1.189755
v -0.045857 0.078548 1.189755
v -0.045857 0.078548 1.143975
v -0.109028 -0.160955 1.181116
v -0.110370 -0.160920 1.152412
v -0.068667 -0.597116 1.159335
v -0.068959 -0.596346 1.176200
v -0.110550 -0.133157 1.152868
v -0.083275 -0.453402 1.180091
v -0.086257 -0.420878 1.180577
v -0.090854 -0.371007 1.181403
v -0.095358 -0.323203 1.182108
v -0.100992 -0.259399 1.183042
v -0.116747 -0.149347 1.181234
v -0.111803 -0.112031 1.180445
v -0.111192 -0.112029 1.156388
v -0.130754 -0.110683 1.189321
v -0.127405 -0.113227 1.180895
v -0.119785 -0.124862 1.189054
v -0.122156 -0.162792 1.182910
v -0.124268 -0.140356 1.188863
v -0.116175 -0.195759 1.184720
v -0.132980 -0.087041 1.189633
v -0.132335 -0.093908 1.170775
v -0.132591 -0.109452 1.144470
v -0.132047 -0.085489 1.173218
v -0.132980 -0.060520 1.189755
v -0.132943 -0.096576 1.162885
v -0.132047 -0.085510 1.160946
v -0.132834 -0.088846 1.151912
v -0.132980 -0.067623 1.143975
v -0.035248 -0.597101 1.159384
v -0.021898 -0.598767 1.171621
v -0.021898 -0.598767 1.162703
v -0.021898 -0.598767 1.160820
v -0.021898 -0.598767 1.159037
v -0.021484 -0.594878 1.154392
v -0.035099 -0.596508 1.175857
v -0.021898 -0.598767 1.173603
v -0.021898 -0.598767 1.175287
v -0.068647 0.597065 1.159276
v -0.081951 0.598767 1.162703
v -0.081951 0.598767 1.160820
v -0.081951 0.598767 1.159037
v -0.082428 0.594848 1.154334
v -0.081951 0.598767 1.171621
v -0.068795 0.596791 1.175615
v -0.081951 0.598767 1.173603
v -0.081951 0.598767 1.175287
v 0.005413 -0.224711 1.189863
v 0.007652 -0.199744 1.190257
v -0.045766 -0.199137 1.190278
v 0.011917 -0.217380 1.187665
v 0.015490 -0.189406 1.188110
v 0.003161 -0.249537 1.189500
v 0.006053 -0.294663 1.188339
v 0.009844 -0.174692 1.190641
v -0.046066 -0.201680 1.189484
v 0.000599 -0.274858 1.189118
v -0.001635 -0.299982 1.188728
v 0.000240 -0.359058 1.186963
v 0.018398 -0.161793 1.189688
v -0.003866 -0.324941 1.188354
v 0.012139 -0.149653 1.191020
v 0.019257 -0.141933 1.188827
v -0.004985 -0.131489 1.191287
v -0.006063 -0.350069 1.187970
v 0.019860 -0.117585 1.189186
v 0.008545 -0.116267 1.191205
v -0.003465 -0.119200 1.191476
v 0.000439 -0.098213 1.189502
v -0.013037 -0.097749 1.191786
v -0.018555 -0.084193 1.189704
v -0.034803 -0.093950 1.191870
v -0.040673 -0.084056 1.189711
v -0.098927 -0.131769 1.191282
v -0.049386 -0.110571 1.191597
v -0.051593 -0.093921 1.191870
v -0.068953 -0.093957 1.191865
v -0.072934 -0.088096 1.189631
v -0.085628 -0.094057 1.191867
v -0.087103 -0.083980 1.189711
v -0.095703 -0.103714 1.191710
v -0.099342 -0.093171 1.189556
v -0.100896 -0.119089 1.191474
v -0.110595 -0.112892 1.189282
v -0.115837 -0.149583 1.191012
v -0.117261 -0.123375 1.191420
v -0.124041 -0.116172 1.189237
v -0.118834 -0.200172 1.190251
v -0.114087 -0.174947 1.190627
v -0.048656 -0.199137 1.190278
v -0.055304 -0.199137 1.190278
v -0.050101 -0.199137 1.190278
v -0.051835 -0.199137 1.190278
v -0.053859 -0.199137 1.190278
v -0.057768 -0.204909 1.188825
v -0.111517 -0.199752 1.190261
v -0.112746 -0.237678 1.187468
v -0.109020 -0.224684 1.189870
v -0.107351 -0.249708 1.189496
v -0.110522 -0.288848 1.187578
v -0.104650 -0.274925 1.189117
v -0.102155 -0.300062 1.188726
v -0.101042 -0.392528 1.186348
v -0.005591 -0.312235 1.188553
v -0.100097 -0.324823 1.188361
v -0.097539 -0.350085 1.187964
v -0.095700 -0.375049 1.187592
v -0.093411 -0.399917 1.187210
v -0.094322 -0.462729 1.183976
v -0.090806 -0.424996 1.186827
v -0.089784 -0.388433 1.187414
v -0.015418 -0.387969 1.187420
v -0.088422 -0.450426 1.186533
v -0.086075 -0.475049 1.186073
v -0.009045 -0.375086 1.187599
v -0.087992 -0.534775 1.184398
v -0.010717 -0.400146 1.187215
v -0.002627 -0.389851 1.186256
v -0.013031 -0.425209 1.186830
v -0.009470 -0.463803 1.186244
v -0.015591 -0.450265 1.186461
v -0.017527 -0.475279 1.186077
v -0.017151 -0.537454 1.182827
v -0.020414 -0.500067 1.185688
v -0.022357 -0.525284 1.185316
v -0.023080 -0.580422 1.183656
v -0.024292 -0.550476 1.184932
v -0.041644 -0.598939 1.183867
v -0.077120 -0.574820 1.184549
v -0.060723 -0.598451 1.184058
v -0.079796 -0.584036 1.182110
v -0.078699 -0.550553 1.184924
v -0.081578 -0.525329 1.185316
v -0.084335 -0.500389 1.185685
v -0.068795 0.596791 1.175615
v -0.109028 0.160955 1.181116
v -0.091596 0.361836 1.181530
v -0.083809 0.446838 1.180221
v -0.086939 0.413278 1.180744
v -0.068647 0.597065 1.159276
v -0.110292 0.160928 1.152411
v -0.109797 0.127560 1.152779
v -0.099872 0.324455 1.182046
v -0.098227 0.290983 1.182576
v -0.100931 0.261397 1.183016
v -0.104225 0.227791 1.183569
v -0.115843 0.149444 1.181232
v -0.111881 0.112241 1.180552
v -0.112467 0.112196 1.153086
v -0.111199 0.112027 1.155568
v -0.111199 0.112027 1.158442
v -0.111199 0.112027 1.175387
v -0.111199 0.112027 1.178161
v -0.113585 0.105070 1.166831
v -0.111199 0.112027 1.156956
v -0.111199 0.112027 1.176873
v -0.021484 -0.594878 1.154392
v -0.021898 -0.598767 1.159037
v -0.021898 -0.598767 1.152893
v -0.022028 -0.598477 1.152046
v -0.023882 -0.606497 1.157768
v -0.036736 -0.648918 1.154092
v -0.021898 -0.598767 1.162703
v -0.023827 -0.606495 1.176061
v -0.021898 -0.598767 1.171621
v -0.021898 -0.601342 1.180836
v -0.036783 -0.648953 1.178102
v -0.021898 -0.598767 1.180836
v -0.021381 -0.593837 1.181975
v -0.021627 -0.596151 1.177637
v -0.026876 -0.578164 1.182224
v -0.021898 -0.598767 1.175287
v 0.026020 -0.078548 1.143975
v 0.018316 -0.161664 1.151432
v 0.022857 -0.112619 1.153844
v 0.026020 -0.078548 1.189755
v 0.019648 -0.059712 1.143975
v 0.022853 -0.112431 1.179747
v 0.018481 -0.059029 1.189755
v 0.023256 -0.106736 1.189345
v 0.018670 -0.124163 1.189202
v 0.018261 -0.162452 1.182924
v 0.014735 -0.186712 1.188169
v 0.018250 -0.019336 1.143975
v 0.018624 -0.018659 1.189755
v 0.026020 0.001288 1.189755
v 0.019014 0.018885 1.189755
v 0.017487 0.019412 1.143975
v 0.016118 0.001085 1.141168
v 0.018582 0.059306 1.189755
v 0.019497 0.059407 1.143975
v 0.026020 0.078548 1.189755
v 0.026020 0.078548 1.143975
v 0.022857 0.112620 1.153844
v 0.018316 0.161665 1.151431
v -0.021396 0.594547 1.153652
v 0.022847 0.112529 1.179801
v 0.023231 0.107006 1.189357
v 0.019228 0.124360 1.189076
v 0.018224 0.162832 1.183012
v 0.016063 0.186712 1.188169
v -0.021898 0.598767 1.152893
v -0.021898 0.598767 1.159037
v -0.021978 0.599457 1.152154
v -0.021898 0.598767 1.162703
v -0.023885 0.606493 1.157752
v -0.037084 0.649293 1.155516
v -0.023813 0.606493 1.176097
v -0.021898 0.598767 1.171621
v -0.021898 0.601342 1.180836
v -0.021898 0.598767 1.180836
v -0.036943 0.649295 1.181792
v -0.034924 0.646662 1.175943
v -0.052081 0.657967 1.179283
v -0.021297 0.592839 1.181985
v -0.021642 0.596120 1.177577
v -0.021898 0.598767 1.175287
v -0.020629 0.526485 1.183001
v -0.022529 0.525460 1.179000
v -0.020465 0.499969 1.179392
v -0.011007 0.463425 1.183988
v -0.001867 0.381557 1.182144
v -0.006614 0.413342 1.184701
v -0.001737 0.298535 1.182405
v 0.001203 0.338055 1.185896
v -0.000345 0.361688 1.185500
v -0.085033 0.000730 1.152081
v -0.077919 0.019233 1.125347
v -0.070943 0.026896 1.152803
v -0.083875 0.001581 1.125267
v -0.069967 -0.025959 1.125236
v -0.071614 -0.026354 1.152729
v -0.075883 0.034396 1.170687
v -0.087348 -0.023040 1.170139
v -0.091900 0.013791 1.180548
v -0.081441 0.028315 1.183497
v -0.090183 -0.000308 1.165365
v -0.085404 0.014552 1.187661
v -0.088386 0.000659 1.188006
v -0.092903 -0.002054 1.183511
v -0.088324 -0.014871 1.191690
v -0.079610 -0.029821 1.183859
v -0.084116 -0.015068 1.186040
v -0.077802 -0.025618 1.187848
v -0.011712 -0.014790 1.170850
v -0.018362 -0.006808 1.151529
v -0.037107 -0.038916 1.170890
v -0.024630 -0.030657 1.183583
v -0.027032 -0.025084 1.185999
v -0.028526 -0.027094 1.191627
v -0.053612 -0.039337 1.184947
v -0.038663 -0.034776 1.188815
v -0.036661 -0.036550 1.184314
v -0.066736 -0.040261 1.179755
v -0.046554 -0.032852 1.152994
v -0.037199 -0.028378 1.125260
v -0.046103 -0.031496 1.125335
v -0.069967 -0.025959 1.125236
v -0.071614 -0.026354 1.152729
v -0.087348 -0.023040 1.170139
v -0.079610 -0.029821 1.183859
v -0.066751 -0.036194 1.191615
v -0.064939 -0.032774 1.186004
v -0.118196 0.018208 1.190040
v -0.125789 0.059549 1.189755
v -0.120312 0.018457 1.143929
v -0.120687 0.059561 1.143975
v -0.098803 0.055256 1.143965
v -0.103731 0.042493 1.140705
v -0.099295 0.056615 1.189755
v -0.090031 0.057945 1.143139
v -0.092639 0.062083 1.189755
v -0.132980 0.089005 1.189650
v -0.132940 0.088734 1.179849
v -0.131033 0.110561 1.189325
v -0.132980 0.066880 1.143975
v -0.132047 0.087847 1.173084
v -0.132940 0.096558 1.166725
v -0.129794 0.111563 1.144491
v -0.132047 0.089728 1.159667
v -0.132955 0.081988 1.164332
v -0.122316 0.161691 1.151505
v -0.127502 0.113050 1.152947
v -0.127428 0.113178 1.180858
v -0.123168 0.127481 1.189060
v -0.122218 0.162238 1.182805
v -0.119912 0.186712 1.188169
v -0.035037 0.596554 1.175848
v -0.021898 0.598767 1.171621
v -0.021898 0.598767 1.173603
v -0.021898 0.598767 1.175287
v -0.035234 0.597188 1.159482
v -0.021898 0.598767 1.162703
v -0.021898 0.598767 1.160820
v -0.021898 0.598767 1.159037
v -0.021396 0.594547 1.153652
v -0.016673 0.410049 1.180781
v 0.005645 0.159665 1.181143
v -0.035037 0.596554 1.175848
v -0.020893 0.455437 1.180084
v -0.011576 0.353658 1.181656
v -0.035234 0.597188 1.159482
v 0.005392 0.160948 1.153155
v -0.005093 0.324577 1.182031
v -0.003601 0.265638 1.182956
v 0.004862 0.158384 1.179747
v 0.004862 0.158384 1.154280
v 0.006596 0.133291 1.152906
v 0.004862 0.158384 1.179548
v 0.012540 0.149428 1.181234
v 0.007697 0.112078 1.180320
v 0.007728 0.112212 1.153475
v 0.007040 0.112027 1.158442
v 0.007040 0.112027 1.155568
v 0.008696 0.109459 1.156444
v 0.007040 0.112027 1.156956
v -0.056871 -0.591675 1.177812
v -0.055503 -0.593616 1.151803
v -0.059777 -0.596217 1.151803
v -0.062659 -0.596192 1.177963
v -0.055191 -0.593616 1.151803
v -0.051860 -0.591041 1.151704
v -0.046565 -0.589699 1.177691
v -0.048968 -0.593616 1.151803
v -0.045209 -0.596168 1.177918
v -0.048346 -0.593616 1.151803
v -0.044088 -0.596192 1.151803
v -0.039376 -0.590698 1.151734
v -0.040538 -0.591153 1.177898
v -0.055503 0.588466 1.151704
v -0.051870 0.591041 1.151704
v -0.048346 0.588466 1.151704
v -0.055191 0.593616 1.151803
v -0.048968 0.593616 1.151803
v -0.006950 -0.350235 1.181674
v -0.014741 -0.387589 1.181134
v -0.035099 -0.596508 1.175857
v -0.015289 -0.450789 1.180143
v -0.020874 -0.454911 1.180060
v 0.005680 -0.159620 1.181144
v -0.005085 -0.282781 1.182699
v -0.035099 -0.596508 1.175857
v -0.014741 -0.387589 1.181134
v -0.015364 -0.397890 1.180935
v -0.012252 -0.397890 1.180935
v -0.010240 -0.400712 1.180907
v -0.012563 -0.397890 1.180935
v -0.016632 -0.410521 1.180793
v -0.008543 -0.374668 1.181290
v -0.006950 -0.350235 1.181674
v -0.003665 -0.402570 1.182594
v -0.000725 -0.355870 1.185583
v -0.013471 -0.425016 1.180539
v -0.011007 -0.462274 1.184007
v -0.015289 -0.450789 1.180143
v -0.017778 -0.474066 1.179787
v -0.020874 -0.454911 1.180060
v -0.016621 -0.534841 1.182921
v -0.021898 -0.498329 1.179449
v -0.022084 -0.525386 1.179003
v -0.021627 -0.596151 1.177637
v -0.025410 -0.551095 1.178636
v -0.021898 -0.598767 1.175287
v -0.026946 -0.574549 1.178285
v 0.005680 -0.159620 1.181144
v 0.012193 -0.149425 1.181235
v 0.004862 -0.158384 1.179548
v 0.006934 -0.112051 1.177047
v 0.013342 -0.124207 1.181652
v 0.022853 -0.112431 1.179747
v 0.018261 -0.162452 1.182924
v 0.009388 -0.175074 1.184324
v 0.014735 -0.186712 1.188169
v 0.008077 -0.197189 1.184022
v 0.008986 -0.238047 1.187385
v 0.005795 -0.199589 1.183908
v 0.006417 -0.225342 1.183512
v 0.002523 -0.249793 1.183203
v -0.005085 -0.282781 1.182699
v 0.006618 -0.289248 1.183798
v 0.000490 -0.275237 1.182818
v -0.002158 -0.298780 1.182425
v -0.004086 -0.324475 1.182045
v -0.056528 0.589353 1.177868
v -0.057369 0.588466 1.151704
v -0.058303 0.588466 1.151704
v -0.056747 0.588466 1.151704
v -0.055503 0.588466 1.151704
v -0.051870 0.591041 1.151704
v -0.059236 0.588466 1.151704
v -0.064215 0.591041 1.177963
v -0.064174 0.592190 1.151753
v -0.048035 0.591041 1.177963
v -0.048346 0.588466 1.151704
v -0.047101 0.588466 1.151704
v -0.039875 0.592267 1.151753
v -0.040512 0.590633 1.177998
v -0.132878 -0.004513 1.148802
v -0.121072 -0.019387 1.143975
v -0.132980 -0.016740 1.189755
v -0.120272 -0.059083 1.189755
v -0.118854 -0.017351 1.190125
v -0.120505 -0.059281 1.143975
v -0.113854 -0.029249 1.142314
v -0.097642 -0.055088 1.143975
v -0.089061 -0.059072 1.190067
v -0.090982 -0.059630 1.143856
v -0.099026 -0.056385 1.189755
v -0.132980 0.001288 1.143975
v -0.132980 0.001288 1.149128
v -0.132980 0.001288 1.149722
v -0.132934 0.007194 1.149794
v -0.132980 0.016740 1.189755
v -0.118289 0.001107 1.153681
v -0.130536 -0.001661 1.157351
v -0.132723 -0.001411 1.181907
v -0.132980 0.001288 1.189755
v -0.132980 0.001288 1.184602
v -0.132980 0.001288 1.184007
v -0.132936 0.002346 1.177335
v -0.047126 0.073382 1.189755
v -0.045857 0.078548 1.189755
v -0.046934 0.071887 1.143975
v -0.045857 0.078548 1.143975
v -0.055191 -0.593616 1.151803
v -0.051860 -0.591041 1.151704
v -0.048968 -0.593616 1.151803
v -0.055503 -0.588466 1.151704
v -0.048346 -0.588466 1.151704
v -0.058310 0.203004 1.187912
v -0.050101 0.199102 1.187947
v -0.051835 0.199102 1.187947
v -0.046915 0.205406 1.189649
v -0.086257 -0.420878 1.180577
v -0.092914 -0.399753 1.180924
v -0.090854 -0.371007 1.181403
v -0.095333 -0.374677 1.181304
v -0.091181 -0.424951 1.180539
v -0.102905 -0.371314 1.181385
v -0.097528 -0.350223 1.181680
v -0.095358 -0.323203 1.182108
v -0.100237 -0.324464 1.182047
v -0.095241 -0.455959 1.180036
v -0.101970 -0.300083 1.182439
v -0.100992 -0.259399 1.183042
v -0.083275 -0.453402 1.180091
v -0.088659 -0.450649 1.180143
v -0.085878 -0.474068 1.179783
v -0.092604 -0.485302 1.181419
v -0.083709 -0.499703 1.179409
v -0.082488 -0.525395 1.179005
v -0.068959 -0.596346 1.176200
v -0.079653 -0.550878 1.178622
v -0.082261 -0.596102 1.177570
v -0.081951 -0.598767 1.175287
v -0.076951 -0.574365 1.178274
v -0.104686 -0.275289 1.182813
v -0.103587 -0.361685 1.185514
v -0.109477 -0.261397 1.186983
v -0.106809 -0.249771 1.183198
v -0.108906 -0.224523 1.183778
v -0.116175 -0.195759 1.184720
v -0.109028 -0.160955 1.181116
v -0.113814 -0.175021 1.184319
v -0.122156 -0.162792 1.182910
v -0.116747 -0.149347 1.181234
v -0.127405 -0.113227 1.180895
v -0.117622 -0.123810 1.181590
v -0.111803 -0.112031 1.180445
v -0.049759 0.038304 1.185387
v -0.045569 0.041187 1.171250
v -0.019293 0.028357 1.179018
v -0.037541 0.035973 1.184971
v -0.025644 0.027339 1.191682
v -0.027481 0.024924 1.185999
v -0.067237 0.037405 1.184114
v -0.052762 0.036511 1.188522
v -0.038361 0.030964 1.151367
v -0.075883 0.034396 1.170687
v -0.081441 0.028315 1.183497
v -0.075434 0.027094 1.191627
v -0.075742 0.025814 1.186001
v -0.070943 0.026896 1.152803
v -0.062198 0.029970 1.125298
v -0.033923 0.025936 1.125237
v -0.077919 0.019233 1.125347
v -0.057532 -0.078897 1.143992
v -0.057992 -0.078548 1.189755
v -0.055701 -0.082631 1.189752
v -0.053737 -0.070357 1.143975
v -0.053411 -0.072321 1.189755
v -0.058303 -0.078548 1.189755
v -0.058303 -0.078548 1.189755
v -0.057992 -0.078548 1.189755
v -0.057532 -0.078897 1.143992
v -0.055701 -0.082631 1.189752
v -0.046902 -0.079532 1.144006
v -0.046890 -0.079403 1.189755
v -0.018362 -0.006808 1.151529
v -0.019293 0.028357 1.179018
v -0.038361 0.030964 1.151367
v -0.033923 0.025936 1.125237
v -0.019985 -0.000752 1.125265
v -0.037199 -0.028378 1.125260
v -0.011712 -0.014790 1.170850
v -0.027481 0.024924 1.185999
v -0.025644 0.027339 1.191682
v -0.013132 -0.001992 1.185131
v -0.014700 0.015469 1.184012
v -0.015224 -0.000951 1.188086
v -0.019265 -0.013116 1.185996
v -0.013683 -0.014902 1.183471
v -0.016354 -0.014562 1.191642
v -0.024630 -0.030657 1.183583
v -0.028526 -0.027094 1.191627
v -0.027032 -0.025084 1.185999
v -0.009636 0.056057 1.137254
v -0.016932 0.058525 1.140936
v 0.011085 0.021361 1.141214
v -0.011406 0.065665 1.137055
v -0.021457 0.079113 1.138875
v -0.051845 0.071507 1.137169
v -0.003250 0.066987 1.137621
v -0.063719 0.065420 1.141162
v -0.007013 0.062196 1.134015
v -0.003527 0.058170 1.136697
v 0.018123 0.047628 1.138875
v 0.016560 0.024315 1.135790
v 0.024460 0.032521 1.136921
v 0.021907 0.027943 1.134577
v 0.028505 0.022070 1.137554
v 0.024417 0.021591 1.134413
v 0.019775 0.019239 1.137716
v 0.032965 0.002874 1.135900
v 0.011977 -0.025084 1.140081
v 0.020452 -0.018918 1.137133
v 0.028173 -0.023675 1.138875
v 0.026348 -0.024565 1.133791
v 0.020486 -0.024213 1.134025
v 0.019325 -0.045881 1.135535
v 0.018450 -0.027596 1.136994
v -0.005416 -0.058195 1.135599
v 0.003790 -0.061697 1.136755
v -0.004068 -0.065162 1.134191
v -0.005771 -0.068940 1.138875
v -0.010839 -0.062399 1.135814
v -0.021440 -0.059721 1.140802
v -0.046935 -0.080743 1.137986
v -0.019640 -0.078475 1.135133
v -0.050860 -0.072819 1.135883
v -0.050953 -0.078637 1.134059
v -0.056880 -0.083527 1.136163
v -0.055886 -0.075925 1.135046
v -0.076975 -0.064199 1.140389
v -0.087167 -0.077104 1.137259
v -0.090312 -0.059332 1.136685
v -0.092497 -0.065574 1.136913
v -0.100536 -0.067431 1.137281
v -0.096046 -0.061599 1.134043
v -0.106078 -0.042833 1.139064
v -0.100725 -0.058607 1.136906
v -0.098779 -0.066470 1.133504
v -0.116024 -0.055680 1.134861
v -0.117134 -0.016994 1.141239
v -0.120388 -0.024336 1.136075
v -0.123062 -0.018504 1.136873
v -0.127751 -0.020681 1.135391
v -0.129662 -0.026654 1.138875
v -0.125438 -0.042079 1.138875
v -0.125947 -0.027399 1.134500
v -0.136579 -0.005249 1.135892
v -0.124342 0.019956 1.135342
v -0.132320 0.021495 1.138506
v -0.130162 0.024773 1.134062
v -0.119743 0.025006 1.137128
v -0.106770 0.042081 1.141239
v -0.125306 0.028438 1.135777
v -0.127998 0.037732 1.135863
v -0.118343 0.052974 1.135270
v -0.099557 0.057006 1.136828
v -0.102739 0.065738 1.138875
v -0.092253 0.060355 1.138875
v -0.100238 0.064211 1.134165
v -0.093945 0.071120 1.137171
v -0.094053 0.062608 1.134372
v -0.075696 0.081415 1.136494
v -0.055838 0.077450 1.134876
v -0.051357 0.083174 1.138875
v -0.049894 0.075646 1.134684
v -0.052258 0.081326 1.134297
v -0.111192 -0.112029 1.156388
v -0.111803 -0.112031 1.180445
v -0.111199 -0.112027 1.175387
v -0.111199 -0.112027 1.178161
v -0.111192 -0.112029 1.156388
v -0.111199 -0.112027 1.175387
v -0.111803 -0.112031 1.180445
v -0.111199 -0.112027 1.176873
v -0.111199 -0.112027 1.178161
v -0.127405 -0.113227 1.180895
v -0.132591 -0.109452 1.144470
v -0.130754 -0.110683 1.189321
v -0.018164 0.057945 1.140705
v -0.015986 0.057945 1.143975
v -0.004477 0.055756 1.143956
v -0.046934 0.071887 1.143975
v -0.059883 0.071256 1.190063
v -0.057947 0.068638 1.143353
v -0.047126 0.073382 1.189755
v -0.002084 0.061862 1.189755
v -0.008777 0.056602 1.189755
v -0.009763 0.057945 1.143975
v -0.011630 0.057945 1.143975
v -0.037456 0.611644 1.175882
v -0.023813 0.606493 1.176097
v -0.065771 0.611644 1.175882
v -0.078192 0.607318 1.175918
v -0.067167 0.613370 1.180065
v -0.070725 0.646320 1.179491
v -0.062800 0.653849 1.175897
v -0.052720 0.644234 1.175870
v -0.052081 0.657967 1.179283
v -0.056121 0.632096 1.177952
v -0.034924 0.646662 1.175943
v -0.036804 0.612931 1.179423
v -0.046319 0.633729 1.176776
v 0.007040 -0.112027 1.155568
v 0.007736 -0.112213 1.153468
v 0.007040 -0.112027 1.156956
v 0.022857 -0.112619 1.153844
v 0.008656 -0.109456 1.156451
v 0.022853 -0.112431 1.179747
v 0.006934 -0.112051 1.177047
v 0.007728 0.112212 1.153475
v 0.007040 0.112027 1.155568
v 0.007040 0.112027 1.156956
v 0.022857 0.112620 1.153844
v 0.008696 0.109459 1.156444
v 0.022847 0.112529 1.179801
v 0.007697 0.112078 1.180320
v 0.005680 -0.159620 1.181144
v 0.004862 -0.158384 1.179747
v 0.004862 -0.158384 1.179548
v -0.111199 0.112027 1.155568
v -0.112467 0.112196 1.153086
v -0.111199 0.112027 1.156956
v -0.127502 0.113050 1.152947
v -0.113585 0.105070 1.166831
v -0.127428 0.113178 1.180858
v -0.111881 0.112241 1.180552
v -0.129794 0.111563 1.144491
v -0.131033 0.110561 1.189325
v -0.111199 0.112027 1.178161
v -0.111199 0.112027 1.176873
v -0.051915 -0.000047 1.190056
v -0.020618 0.003684 1.189690
v -0.031242 -0.022766 1.189806
v -0.036913 0.027478 1.189535
v -0.056472 -0.031248 1.189464
v -0.036549 -0.031633 1.186014
v -0.084202 -0.005672 1.189720
v -0.069687 -0.023940 1.186060
v -0.076419 0.017121 1.187673
v -0.051997 -0.034860 1.185999
v -0.067461 0.026112 1.186078
v -0.051521 0.030253 1.186033
v -0.036944 0.031770 1.185999
v -0.075742 0.025814 1.186001
v -0.037541 0.035973 1.184971
v -0.049759 0.038304 1.185387
v -0.052762 0.036511 1.188522
v -0.027481 0.024924 1.185999
v -0.019293 0.028357 1.179018
v -0.023838 0.011066 1.186056
v -0.065211 0.032532 1.186905
v -0.067237 0.037405 1.184114
v -0.068748 0.035131 1.191611
v -0.081441 0.028315 1.183497
v -0.075434 0.027094 1.191627
v -0.085404 0.014552 1.187661
v -0.088386 0.000659 1.188006
v -0.081291 -0.006738 1.186072
v -0.084116 -0.015068 1.186040
v -0.088271 -0.006975 1.185814
v -0.092903 -0.002054 1.183511
v -0.088324 -0.014871 1.191690
v -0.079610 -0.029821 1.183859
v -0.077802 -0.025618 1.187848
v -0.066736 -0.040261 1.179755
v -0.064939 -0.032774 1.186004
v -0.053612 -0.039337 1.184947
v -0.051919 -0.038328 1.191580
v -0.038663 -0.034776 1.188815
v -0.010506 0.073878 1.132853
v -0.051646 0.047222 1.132425
v -0.049894 0.075646 1.134684
v -0.036907 0.083499 1.132853
v -0.052258 0.081326 1.134297
v -0.055838 0.077450 1.134876
v -0.075696 0.081415 1.136494
v -0.093945 0.071120 1.137171
v -0.007013 0.062196 1.134015
v 0.012029 0.055786 1.132853
v -0.094053 0.062608 1.134372
v -0.100238 0.064211 1.134165
v -0.102739 0.065738 1.138875
v -0.118343 0.052974 1.135270
v -0.019409 0.033354 1.132225
v -0.080163 0.036399 1.131946
v -0.096486 0.013831 1.132246
v -0.005149 0.002644 1.132243
v -0.124342 0.019956 1.135342
v -0.125306 0.028438 1.135777
v -0.127998 0.037732 1.135863
v -0.130162 0.024773 1.134062
v -0.132320 0.021495 1.138506
v -0.136579 -0.005249 1.135892
v -0.127751 -0.020681 1.135391
v -0.131178 -0.030105 1.132853
v -0.117134 -0.016994 1.141239
v -0.123062 -0.018504 1.136873
v -0.125947 -0.027399 1.134500
v -0.120388 -0.024336 1.136075
v -0.129662 -0.026654 1.138875
v -0.116024 -0.055680 1.134861
v -0.094841 -0.012280 1.125219
v -0.085283 -0.032730 1.132773
v -0.057223 -0.046217 1.132399
v -0.096046 -0.061599 1.134043
v -0.098779 -0.066470 1.133504
v -0.100536 -0.067431 1.137281
v -0.087167 -0.077104 1.137259
v -0.055886 -0.075925 1.135046
v -0.056880 -0.083527 1.136163
v -0.050953 -0.078637 1.134059
v -0.037055 -0.083530 1.132853
v -0.050860 -0.072819 1.135883
v -0.019640 -0.078475 1.135133
v -0.032566 -0.042233 1.132621
v -0.010839 -0.062399 1.135814
v -0.004068 -0.065162 1.134191
v -0.005416 -0.058195 1.135599
v 0.019325 -0.045881 1.135535
v 0.003790 -0.061697 1.136755
v -0.018390 -0.033166 1.132731
v 0.020486 -0.024213 1.134025
v 0.026348 -0.024565 1.133791
v 0.032965 0.002874 1.135900
v 0.024417 0.021591 1.134413
v 0.028505 0.022070 1.137554
v 0.024460 0.032521 1.136921
v 0.016560 0.024315 1.135790
v 0.021907 0.027943 1.134577
v 0.018123 0.047628 1.138875
v 0.005645 0.159665 1.181143
v 0.004862 0.158384 1.179548
v 0.004862 0.158384 1.179747
v -0.132934 0.007194 1.149794
v -0.132980 0.001288 1.149722
v -0.132878 -0.004513 1.148802
v -0.051820 -0.037321 1.196655
v -0.037819 -0.033997 1.196655
v -0.025412 0.026063 1.196655
v -0.044766 -0.063947 1.194739
v -0.016344 -0.054450 1.192553
v -0.061171 -0.065569 1.195127
v -0.026078 -0.025902 1.196655
v -0.006778 -0.048315 1.194959
v 0.002901 -0.033807 1.192553
v 0.012063 -0.010327 1.192553
v -0.017958 -0.014087 1.196655
v -0.015155 0.000379 1.196655
v 0.013851 0.001589 1.196072
v -0.017813 0.013987 1.196655
v 0.000715 0.040096 1.195064
v -0.012184 0.052919 1.195062
v -0.037707 0.034427 1.196655
v -0.029627 0.060960 1.192553
v -0.042709 0.065561 1.195243
v -0.062307 0.064043 1.192553
v -0.051550 0.036878 1.196655
v -0.066256 0.034192 1.196655
v -0.073806 0.062506 1.194603
v -0.090237 0.054359 1.192569
v -0.078398 0.026418 1.196655
v -0.100500 0.045002 1.193917
v -0.110294 0.031147 1.195961
v -0.086142 0.013942 1.196655
v -0.116023 0.010321 1.192553
v -0.089372 0.000042 1.196655
v -0.085995 -0.014141 1.196655
v -0.117329 -0.010855 1.194090
v -0.111051 -0.029692 1.192584
v -0.096844 -0.047942 1.195140
v -0.078548 -0.026063 1.196655
v -0.066221 -0.034333 1.196655
v -0.074333 -0.060960 1.192553
v -0.062659 -0.596192 1.177963
v -0.059777 -0.596217 1.151803
v -0.064428 -0.590218 1.151728
v -0.063605 -0.590631 1.177875
v -0.035037 0.596554 1.175848
v -0.022529 0.525460 1.179000
v -0.020465 0.499969 1.179392
v -0.025052 0.550624 1.178811
v -0.021642 0.596120 1.177577
v -0.021898 0.598767 1.175287
v -0.027310 0.574643 1.178262
v -0.020893 0.455437 1.180084
v -0.018203 0.474095 1.179794
v -0.011007 0.463425 1.183988
v -0.015782 0.450632 1.180143
v -0.012486 0.424946 1.180539
v -0.016673 0.410049 1.180781
v -0.001867 0.381557 1.182144
v -0.010941 0.399360 1.180926
v -0.011576 0.353658 1.181656
v -0.008811 0.375280 1.181306
v -0.006116 0.350370 1.181674
v -0.005093 0.324577 1.182031
v -0.001737 0.298535 1.182405
v 0.005645 0.159665 1.181143
v -0.003601 0.265638 1.182956
v 0.000934 0.275235 1.182815
v 0.002859 0.249771 1.183197
v 0.007035 0.276917 1.183782
v 0.001203 0.338055 1.185896
v 0.005020 0.224434 1.183586
v 0.013574 0.212466 1.187773
v 0.006844 0.198616 1.184131
v 0.016063 0.186712 1.188169
v 0.009740 0.175035 1.184326
v 0.018224 0.162832 1.183012
v 0.012540 0.149428 1.181234
v 0.004862 0.158384 1.179548
v 0.022847 0.112529 1.179801
v 0.013364 0.124238 1.181586
v 0.007697 0.112078 1.180320
v -0.022366 0.525301 1.185307
v -0.083756 0.500069 1.185705
v -0.020231 0.500313 1.185697
v -0.023018 0.580037 1.183395
v -0.081731 0.525389 1.185308
v -0.079406 0.584391 1.182113
v -0.024690 0.550612 1.184928
v -0.044164 0.591988 1.184310
v -0.038059 0.598013 1.181899
v -0.065788 0.598813 1.181882
v -0.077142 0.574865 1.184570
v -0.078758 0.550539 1.184932
v -0.060116 0.592734 1.184295
v -0.036361 -0.572373 1.157931
v 0.000597 -0.114526 1.149906
v -0.099632 -0.101156 1.146811
v -0.021472 -0.088650 1.149362
v -0.081583 -0.092014 1.147001
v -0.066135 -0.571658 1.156493
v -0.104043 -0.106877 1.148533
v 0.000174 0.109452 1.149648
v -0.037463 0.572149 1.157244
v -0.099686 0.109452 1.146749
v -0.066470 0.572021 1.157054
v -0.105790 0.109580 1.150566
v -0.020797 0.089097 1.149362
v -0.081732 0.090163 1.148618
v -0.007278 0.094747 1.148579
v -0.119743 0.025006 1.137128
v -0.106770 0.042081 1.141239
v -0.092253 0.060355 1.138875
v -0.094053 0.062608 1.134372
v -0.093945 0.071120 1.137171
v -0.118196 0.018208 1.190040
v -0.120312 0.018457 1.143929
v -0.132980 0.016740 1.189755
v -0.008777 0.056602 1.189755
v -0.011630 0.057945 1.143975
v -0.008030 0.065894 1.143975
v -0.011614 0.065928 1.189755
v -0.002084 0.061862 1.189755
v -0.008030 0.065894 1.143975
v -0.004477 0.055756 1.143956
v -0.011614 0.065928 1.189755
v -0.077919 0.019233 1.125347
v -0.096670 0.009817 1.125370
v -0.083607 0.031553 1.125281
v -0.083875 0.001581 1.125267
v -0.062198 0.029970 1.125298
v -0.059763 0.043580 1.125216
v -0.069967 -0.025959 1.125236
v -0.040527 0.043219 1.125209
v -0.083564 -0.031590 1.125279
v -0.033923 0.025936 1.125237
v -0.063398 -0.043226 1.125209
v -0.020396 0.031590 1.125279
v -0.046103 -0.031496 1.125335
v -0.008441 0.008808 1.125264
v -0.044780 -0.043718 1.125231
v -0.019985 -0.000752 1.125265
v -0.037199 -0.028378 1.125260
v -0.016468 -0.026540 1.125261
v -0.059763 0.043580 1.125216
v -0.051646 0.047222 1.132425
v -0.040527 0.043219 1.125209
v -0.019409 0.033354 1.132225
v -0.020396 0.031590 1.125279
v -0.080163 0.036399 1.131946
v -0.083607 0.031553 1.125281
v -0.017918 0.014134 1.187487
v -0.014700 0.015469 1.184012
v -0.015224 -0.000951 1.188086
v -0.023780 -0.009697 1.186056
v -0.019265 -0.013116 1.185996
v -0.013132 -0.001992 1.185131
v -0.013683 -0.014902 1.183471
v -0.024630 -0.030657 1.183583
v -0.027032 -0.025084 1.185999
v -0.036661 -0.036550 1.184314
v -0.036920 -0.612722 1.157849
v -0.046147 -0.633842 1.157878
v -0.036736 -0.648918 1.154092
v -0.056263 -0.632212 1.155413
v -0.023882 -0.606497 1.157768
v -0.079218 -0.606494 1.158612
v -0.052754 -0.644205 1.157856
v -0.044890 -0.658080 1.156842
v -0.054870 -0.657983 1.154712
v -0.062799 -0.653853 1.157828
v -0.066910 -0.612653 1.157849
v -0.105790 0.109580 1.150566
v -0.066470 0.572021 1.157054
v -0.106308 0.105505 1.185381
v -0.086939 0.413278 1.180744
v -0.068795 0.596791 1.175615
v -0.091285 0.397890 1.180935
v -0.096211 -0.388004 1.185124
v -0.094322 -0.437485 1.184330
v -0.101042 -0.392528 1.186348
v -0.094037 -0.400983 1.184907
v -0.094322 -0.462729 1.183976
v -0.102415 -0.362760 1.185478
v -0.110522 -0.288848 1.187578
v -0.103826 -0.337515 1.185868
v -0.102704 -0.301162 1.186404
v -0.106705 -0.287025 1.186611
v -0.112746 -0.237678 1.187468
v -0.108196 -0.249663 1.187168
v -0.115421 -0.216340 1.187680
v -0.118834 -0.200172 1.190251
v -0.118153 -0.198174 1.187963
v -0.118022 -0.140605 1.188848
v -0.085915 -0.513287 1.183196
v -0.087992 -0.534775 1.184398
v -0.082164 -0.562742 1.182437
v -0.079796 -0.584036 1.182110
v -0.101961 -0.100190 1.185112
v -0.066135 -0.571658 1.156493
v -0.104043 -0.106877 1.148533
v -0.092102 -0.089762 1.152166
v -0.020797 0.089097 1.149362
v -0.086442 0.087322 1.184765
v -0.022520 0.088849 1.184800
v -0.081732 0.090163 1.148618
v -0.096359 0.092801 1.150454
v -0.106308 0.105505 1.185381
v -0.005383 0.097418 1.184862
v -0.007278 0.094747 1.148579
v 0.002061 0.106877 1.153091
v -0.000248 -0.337515 1.185868
v 0.000240 -0.359058 1.186963
v -0.003363 -0.362760 1.185478
v 0.002084 -0.312270 1.186255
v -0.002627 -0.389851 1.186256
v -0.008600 -0.376564 1.185279
v -0.010847 -0.461797 1.183957
v 0.006053 -0.294663 1.188339
v -0.011661 -0.487974 1.183586
v -0.015418 -0.487974 1.183586
v 0.003747 -0.257160 1.187066
v 0.007081 -0.237545 1.187405
v 0.011917 -0.217380 1.187665
v -0.023780 -0.009697 1.186056
v -0.031242 -0.022766 1.189806
v -0.020618 0.003684 1.189690
v -0.036549 -0.031633 1.186014
v -0.023838 0.011066 1.186056
v -0.036913 0.027478 1.189535
v -0.036944 0.031770 1.185999
v -0.037224 0.035365 1.191590
v -0.037541 0.035973 1.184971
v -0.036661 -0.036550 1.184314
v -0.038663 -0.034776 1.188815
v -0.096844 -0.047942 1.195140
v -0.111051 -0.029692 1.192584
v -0.074333 -0.060960 1.192553
v -0.061171 -0.065569 1.195127
v -0.044766 -0.063947 1.194739
v -0.117329 -0.010855 1.194090
v -0.116023 0.010321 1.192553
v -0.110294 0.031147 1.195961
v -0.090237 0.054359 1.192569
v -0.100500 0.045002 1.193917
v -0.073806 0.062506 1.194603
v -0.062307 0.064043 1.192553
v -0.042709 0.065561 1.195243
v -0.029627 0.060960 1.192553
v -0.012184 0.052919 1.195062
v 0.007138 0.029581 1.192498
v 0.000715 0.040096 1.195064
v -0.068667 -0.597116 1.159335
v -0.110370 -0.160920 1.152412
v -0.082462 -0.594559 1.153694
v -0.122316 -0.161691 1.151505
v -0.110550 -0.133157 1.152868
v -0.127476 -0.113181 1.148685
v -0.111192 -0.112029 1.156388
v -0.132591 -0.109452 1.144470
v 0.005392 0.160948 1.153155
v -0.021396 0.594547 1.153652
v -0.035234 0.597188 1.159482
v 0.018316 0.161665 1.151431
v 0.006596 0.133291 1.152906
v 0.022857 0.112620 1.153844
v 0.007728 0.112212 1.153475
v -0.118022 -0.140605 1.188848
v -0.118834 -0.200172 1.190251
v -0.124041 -0.116172 1.189237
v 0.007035 0.276917 1.183782
v -0.001362 0.302603 1.186386
v 0.005626 0.261397 1.186980
v 0.001203 0.338055 1.185896
v 0.007662 0.234529 1.187437
v 0.013574 0.212466 1.187773
v 0.009218 0.199589 1.187971
v 0.016063 0.186712 1.188169
v 0.002628 -0.107263 1.185492
v 0.000597 -0.114526 1.149906
v -0.036361 -0.572373 1.157931
v -0.000739 -0.101726 1.152992
v -0.079293 0.562630 1.182460
v -0.085744 0.537601 1.182833
v -0.079406 0.584391 1.182113
v -0.061084 0.591913 1.182005
v -0.070662 0.563784 1.182442
v -0.065788 0.598813 1.181882
v -0.061084 0.592923 1.181994
v 0.010883 0.174868 1.188348
v 0.008048 0.246927 1.189247
v 0.018258 0.163949 1.190021
v 0.018483 0.143146 1.188815
v 0.021577 0.120340 1.189180
v 0.014360 0.124770 1.189081
v 0.008052 0.113135 1.189260
v 0.009381 0.121841 1.189128
v 0.005103 0.237474 1.187359
v 0.004165 0.288164 1.186648
v -0.000247 0.337445 1.185863
v -0.000389 0.300081 1.186405
v -0.001608 0.362690 1.185487
v 0.000257 -0.338629 1.185950
v 0.006618 -0.289248 1.183798
v 0.004862 -0.248521 1.187178
v 0.008986 -0.238047 1.187385
v -0.000725 -0.355870 1.185583
v -0.003665 -0.402570 1.182594
v -0.009738 -0.424705 1.184507
v -0.011007 -0.462274 1.184007
v -0.023018 0.580037 1.183395
v -0.015093 0.513149 1.183202
v -0.023800 0.549501 1.182636
v -0.027557 0.576766 1.182238
v -0.038059 0.598013 1.181899
v -0.042876 0.592922 1.181959
v -0.033670 0.563110 1.182446
v 0.022857 -0.112619 1.153844
v 0.006591 -0.133283 1.152914
v 0.018316 -0.161664 1.151432
v 0.007736 -0.112213 1.153468
v 0.005321 -0.160950 1.153198
v -0.021484 -0.594878 1.154392
v -0.035248 -0.597101 1.159384
v -0.132047 -0.085510 1.160946
v -0.106600 -0.083638 1.167328
v -0.132047 -0.085489 1.173218
v -0.109064 -0.086672 1.173448
v -0.109852 -0.086256 1.160091
v -0.132335 -0.093908 1.170775
v -0.109955 -0.096575 1.168153
v -0.132943 -0.096576 1.162885
v -0.109064 -0.086672 1.173448
v -0.106600 -0.083638 1.167328
v -0.109852 -0.086256 1.160091
v -0.009470 -0.463803 1.186244
v -0.010847 -0.461797 1.183957
v -0.002627 -0.389851 1.186256
v -0.011661 -0.487974 1.183586
v -0.014858 -0.513219 1.183197
v -0.017151 -0.537454 1.182827
v -0.024713 -0.563179 1.182430
v -0.023080 -0.580422 1.183656
v -0.106308 0.105505 1.185381
v -0.096359 0.092801 1.150454
v -0.105790 0.109580 1.150566
v -0.092801 -0.066864 1.189755
v -0.090982 -0.059630 1.143856
v -0.098867 -0.066341 1.143975
v -0.089061 -0.059072 1.190067
v -0.102546 -0.065021 1.189755
v -0.102546 -0.065021 1.189755
v -0.098867 -0.066341 1.143975
v -0.097642 -0.055088 1.143975
v -0.099026 -0.056385 1.189755
v -0.036661 -0.036550 1.184314
v -0.024630 -0.030657 1.183583
v -0.053612 -0.039337 1.184947
v -0.132047 0.089728 1.159667
v -0.105623 0.093844 1.163981
v -0.132940 0.096558 1.166725
v -0.108566 0.088997 1.173609
v -0.132980 0.066880 1.143975
v -0.132047 0.087847 1.173084
v -0.132955 0.081988 1.164332
v -0.120687 0.059561 1.143975
v -0.125789 0.059549 1.189755
v -0.108566 0.088997 1.173609
v -0.109955 0.083699 1.161217
v -0.132940 0.096558 1.166725
v -0.118289 0.001099 1.179673
v -0.132936 0.002346 1.177335
v -0.132723 -0.001411 1.181907
v -0.120845 -0.003863 1.182917
v -0.118289 0.001099 1.179673
v -0.132723 -0.001411 1.181907
v -0.132936 0.002346 1.177335
v -0.120845 -0.003863 1.182917
v -0.021472 -0.088650 1.149362
v -0.010051 -0.091870 1.184800
v -0.092102 -0.089762 1.152166
v -0.089418 -0.088849 1.184800
v -0.006909 -0.094117 1.150046
v 0.002673 0.114731 1.184800
v -0.037463 0.572149 1.157244
v 0.000174 0.109452 1.149648
v -0.098947 0.387933 1.185075
v -0.100683 0.362690 1.185486
v -0.105921 0.337483 1.185858
v -0.102415 0.337445 1.185863
v -0.090031 0.057945 1.143139
v -0.092639 0.062083 1.189755
v -0.098688 0.065945 1.143975
v -0.102241 0.065743 1.189755
v -0.098688 0.065945 1.143975
v -0.099295 0.056615 1.189755
v -0.098803 0.055256 1.143965
v -0.102241 0.065743 1.189755
v -0.132980 -0.016740 1.189755
v -0.121072 -0.019387 1.143975
v -0.118854 -0.017351 1.190125
v -0.132934 0.007194 1.149794
v -0.118289 0.001107 1.153681
v -0.130536 -0.001661 1.157351
v -0.008034 -0.066307 1.143975
v -0.011862 -0.065250 1.189755
v -0.001571 -0.064681 1.189755
v -0.006376 -0.057059 1.143975
v -0.006459 -0.057189 1.189755
v -0.011862 -0.065250 1.189755
v -0.008034 -0.066307 1.143975
v 0.019257 -0.141933 1.188827
v 0.014360 -0.124840 1.189087
v 0.019860 -0.117585 1.189186
v 0.010594 -0.175947 1.188332
v 0.018398 -0.161793 1.189688
v 0.015490 -0.189406 1.188110
v 0.028173 -0.023675 1.138875
v 0.026348 -0.024565 1.133791
v 0.018450 -0.027596 1.136994
v -0.116024 -0.055680 1.134861
v -0.125438 -0.042079 1.138875
v -0.131178 -0.030105 1.132853
v -0.129662 -0.026654 1.138875
v -0.136579 -0.005249 1.135892
v -0.132320 0.021495 1.138506
v -0.130162 0.024773 1.134062
v -0.127998 0.037732 1.135863
v 0.013851 0.001589 1.196072
v 0.012063 -0.010327 1.192553
v 0.007138 0.029581 1.192498
v 0.000715 0.040096 1.195064
v -0.111198 0.281960 1.185122
v -0.104659 0.262137 1.186970
v -0.103572 0.338658 1.185890
v -0.112698 0.260623 1.187188
v -0.044780 -0.043718 1.125231
v -0.032566 -0.042233 1.132621
v -0.057223 -0.046217 1.132399
v -0.016468 -0.026540 1.125261
v -0.018390 -0.033166 1.132731
v -0.063398 -0.043226 1.125209
v -0.085283 -0.032730 1.132773
v -0.083564 -0.031590 1.125279
v -0.016468 -0.026540 1.125261
v -0.005149 0.002644 1.132243
v -0.018390 -0.033166 1.132731
v -0.008441 0.008808 1.125264
v -0.019409 0.033354 1.132225
v -0.020396 0.031590 1.125279
v -0.122316 0.161691 1.151505
v -0.110292 0.160928 1.152411
v -0.082428 0.594848 1.154334
v -0.068647 0.597065 1.159276
v -0.109797 0.127560 1.152779
v -0.127502 0.113050 1.152947
v -0.112467 0.112196 1.153086
v -0.008034 -0.066307 1.143975
v -0.001571 -0.064681 1.189755
v -0.006376 -0.057059 1.143975
v -0.006459 -0.057189 1.189755
v -0.075105 0.063096 1.141894
v -0.090031 0.057945 1.143139
v -0.044045 0.065671 1.140705
v -0.028743 0.063096 1.141894
v -0.018164 0.057945 1.140705
v -0.132943 -0.096576 1.162885
v -0.109852 -0.086256 1.160091
v -0.132047 -0.085510 1.160946
v -0.109955 -0.096575 1.168153
v -0.010272 0.462626 1.183956
v -0.015418 0.487904 1.183579
v -0.011661 0.487904 1.183579
v -0.076419 0.017121 1.187673
v -0.084202 -0.005672 1.189720
v -0.081291 -0.006738 1.186072
v -0.069687 -0.023940 1.186060
v -0.045209 -0.596168 1.177918
v -0.048968 -0.593616 1.151803
v -0.046565 -0.589699 1.177691
v -0.006614 0.413342 1.184701
v -0.006962 0.374712 1.185296
v -0.001867 0.381557 1.182144
v -0.000345 0.361688 1.185500
v -0.011007 0.463425 1.183988
v -0.013808 0.449397 1.184205
v -0.038663 -0.034776 1.188815
v -0.051997 -0.034860 1.185999
v -0.036549 -0.031633 1.186014
v -0.051919 -0.038328 1.191580
v -0.053612 -0.039337 1.184947
v -0.052258 0.081326 1.134297
v -0.051357 0.083174 1.138875
v -0.036907 0.083499 1.132853
v -0.075696 0.081415 1.136494
v -0.021457 0.079113 1.138875
v -0.010506 0.073878 1.132853
v -0.003250 0.066987 1.137621
v 0.012029 0.055786 1.132853
v 0.018123 0.047628 1.138875
v -0.037055 -0.083530 1.132853
v -0.019640 -0.078475 1.135133
v -0.046935 -0.080743 1.137986
v -0.056880 -0.083527 1.136163
v -0.004068 -0.065162 1.134191
v -0.005771 -0.068940 1.138875
v 0.003790 -0.061697 1.136755
v -0.132955 0.081988 1.164332
v -0.109955 0.083699 1.161217
v -0.132047 0.089728 1.159667
v -0.109955 0.088849 1.159532
v -0.105623 0.093844 1.163981
v -0.096670 0.009817 1.125370
v -0.094841 -0.012280 1.125219
v -0.096486 0.013831 1.132246
v -0.083607 0.031553 1.125281
v -0.080163 0.036399 1.131946
v -0.083564 -0.031590 1.125279
v -0.085283 -0.032730 1.132773
v -0.081729 0.387933 1.185075
v -0.087097 0.462659 1.183956
v -0.080651 0.435555 1.184396
v -0.108566 0.088997 1.173609
v -0.105623 0.093844 1.163981
v -0.109955 0.083699 1.161217
v -0.109955 0.088849 1.159532
v -0.037224 0.035365 1.191590
v -0.036944 0.031770 1.185999
v -0.037541 0.035973 1.184971
v -0.119156 0.146228 1.190201
v -0.116896 0.202058 1.189809
v -0.118022 0.140535 1.188858
v -0.132980 -0.060520 1.189755
v -0.120505 -0.059281 1.143975
v -0.132980 -0.067623 1.143975
v -0.120272 -0.059083 1.189755
v -0.038354 0.083986 1.189711
v -0.044324 0.084091 1.192014
v -0.086889 0.084247 1.190972
v -0.018889 0.083781 1.189733
v -0.003851 -0.109452 1.146749
v -0.021472 -0.088650 1.149362
v 0.000597 -0.114526 1.149906
v -0.097502 0.387933 1.185075
v -0.098947 0.414189 1.184687
v -0.093674 0.462657 1.183966
v -0.055838 0.077450 1.134876
v -0.052258 0.081326 1.134297
v -0.051357 0.083174 1.138875
v -0.113489 -0.006681 1.153210
v -0.112496 0.011761 1.180427
v -0.106565 -0.005979 1.180632
v -0.006778 -0.048315 1.194959
v -0.016344 -0.054450 1.192553
v 0.002901 -0.033807 1.192553
v -0.068748 0.035131 1.191611
v -0.065211 0.032532 1.186905
v -0.067237 0.037405 1.184114
v -0.066751 -0.036194 1.191615
v -0.066736 -0.040261 1.179755
v -0.064939 -0.032774 1.186004
v -0.040673 -0.084056 1.189711
v -0.018555 -0.084193 1.189704
v -0.033292 -0.085241 1.189707
v -0.119912 0.186712 1.188169
v -0.113688 0.186712 1.188169
v -0.113688 0.238219 1.187376
v -0.016354 -0.014562 1.191642
v -0.013683 -0.014902 1.183471
v -0.019265 -0.013116 1.185996
v -0.060821 -0.463266 1.186755
v -0.061039 -0.463041 1.186758
v -0.066125 -0.468570 1.186674
v -0.066781 -0.467880 1.186685
v -0.061808 -0.462149 1.186772
v -0.067742 -0.466736 1.186702
v -0.068608 -0.465539 1.186720
v -0.062486 -0.461200 1.186786
v -0.069425 -0.464211 1.186740
v -0.063102 -0.460134 1.186802
v -0.070133 -0.462826 1.186762
v -0.063615 -0.458998 1.186820
v -0.070741 -0.461358 1.186784
v -0.063992 -0.457884 1.186837
v -0.071204 -0.459943 1.186805
v -0.071577 -0.458422 1.186828
v -0.064276 -0.456680 1.186855
v -0.071829 -0.456883 1.186852
v -0.064438 -0.455455 1.186873
v -0.071960 -0.455322 1.186875
v -0.064478 -0.454215 1.186892
v -0.071969 -0.453751 1.186899
v -0.064397 -0.452982 1.186911
v -0.071856 -0.452193 1.186923
v -0.071621 -0.450650 1.186946
v -0.064207 -0.451825 1.186928
v -0.071319 -0.449326 1.186966
v -0.063891 -0.450634 1.186947
v -0.070903 -0.447951 1.186987
v -0.063459 -0.449476 1.186964
v -0.070342 -0.446495 1.187009
v -0.069671 -0.445092 1.187031
v -0.062917 -0.448372 1.186981
v -0.068887 -0.443740 1.187051
v -0.062321 -0.447404 1.186995
v -0.068129 -0.442629 1.187068
v -0.061649 -0.446504 1.187009
v -0.067183 -0.441431 1.187086
v -0.060821 -0.445586 1.187023
v -0.066125 -0.440282 1.187104
v -0.051980 -0.454426 1.186889
v -0.059879 -0.444735 1.187036
v -0.058883 -0.444004 1.187047
v -0.057917 -0.443427 1.187056
v -0.056798 -0.442891 1.187064
v -0.055645 -0.442471 1.187070
v -0.054461 -0.442171 1.187075
v -0.053237 -0.441988 1.187078
v -0.051983 -0.441927 1.187079
v -0.050737 -0.441987 1.187078
v -0.049524 -0.442166 1.187075
v -0.048338 -0.442464 1.187071
v -0.047174 -0.442886 1.187064
v -0.046100 -0.443396 1.187056
v -0.045032 -0.444034 1.187047
v -0.044046 -0.444763 1.187036
v -0.043139 -0.445586 1.187023
v -0.042921 -0.445811 1.187020
v -0.037835 -0.440282 1.187104
v -0.037179 -0.440972 1.187093
v -0.042152 -0.446703 1.187006
v -0.036218 -0.442116 1.187076
v -0.035352 -0.443313 1.187058
v -0.041474 -0.447652 1.186992
v -0.034535 -0.444641 1.187037
v -0.040858 -0.448718 1.186976
v -0.033827 -0.446026 1.187016
v -0.040345 -0.449855 1.186958
v -0.033219 -0.447495 1.186994
v -0.039968 -0.450968 1.186942
v -0.032756 -0.448909 1.186973
v -0.032383 -0.450430 1.186950
v -0.039684 -0.452173 1.186923
v -0.032131 -0.451969 1.186926
v -0.039522 -0.453398 1.186905
v -0.032000 -0.453530 1.186903
v -0.039482 -0.454637 1.186886
v -0.031991 -0.455101 1.186879
v -0.039563 -0.455870 1.186867
v -0.032104 -0.456659 1.186855
v -0.032339 -0.458201 1.186832
v -0.039753 -0.457026 1.186850
v -0.032641 -0.459526 1.186812
v -0.040069 -0.458218 1.186832
v -0.033057 -0.460901 1.186791
v -0.040501 -0.459376 1.186814
v -0.033618 -0.462357 1.186769
v -0.034289 -0.463760 1.186747
v -0.041043 -0.460480 1.186797
v -0.035073 -0.465112 1.186727
v -0.041639 -0.461448 1.186782
v -0.035831 -0.466223 1.186710
v -0.042311 -0.462348 1.186769
v -0.036777 -0.467421 1.186692
v -0.043139 -0.463266 1.186755
v -0.037835 -0.468570 1.186674
v -0.044081 -0.464117 1.186742
v -0.045077 -0.464848 1.186731
v -0.046043 -0.465425 1.186722
v -0.047162 -0.465961 1.186714
v -0.048314 -0.466381 1.186708
v -0.049499 -0.466681 1.186703
v -0.050723 -0.466864 1.186700
v -0.051977 -0.466925 1.186699
v -0.053223 -0.466865 1.186700
v -0.054436 -0.466686 1.186703
v -0.055622 -0.466388 1.186708
v -0.056786 -0.465966 1.186714
v -0.057860 -0.465456 1.186722
v -0.058928 -0.464818 1.186731
v -0.059914 -0.464088 1.186742
v -0.028248 -0.457995 1.186335
v -0.029046 -0.461492 1.186282
v -0.051980 -0.454418 1.186389
v -0.029046 -0.461499 1.186782
v -0.030357 -0.464830 1.186231
v -0.030357 -0.464838 1.186731
v -0.032150 -0.467944 1.186684
v -0.034289 -0.463760 1.186747
v -0.033618 -0.462357 1.186769
v -0.033057 -0.460901 1.186791
v -0.032641 -0.459526 1.186812
v -0.035073 -0.465112 1.186727
v -0.028248 -0.458003 1.186835
v -0.032339 -0.458201 1.186832
v -0.032104 -0.456659 1.186855
v -0.035831 -0.466223 1.186710
v -0.036777 -0.467421 1.186692
v -0.027980 -0.454426 1.186889
v -0.031991 -0.455101 1.186879
v -0.027980 -0.454418 1.186389
v -0.032000 -0.453530 1.186903
v -0.028248 -0.450849 1.186943
v -0.032131 -0.451969 1.186926
v -0.028248 -0.450842 1.186443
v -0.032383 -0.450430 1.186950
v -0.029046 -0.447353 1.186996
v -0.032756 -0.448909 1.186973
v -0.029046 -0.447345 1.186496
v -0.033219 -0.447495 1.186994
v -0.030357 -0.444014 1.187047
v -0.033827 -0.446026 1.187016
v -0.030357 -0.444006 1.186547
v -0.034535 -0.444641 1.187037
v -0.032150 -0.440908 1.187094
v -0.035352 -0.443313 1.187058
v -0.032150 -0.440900 1.186594
v -0.036218 -0.442116 1.187076
v -0.034387 -0.438104 1.187137
v -0.037179 -0.440972 1.187093
v -0.034387 -0.438096 1.186637
v -0.037835 -0.440282 1.187104
v -0.037016 -0.435657 1.186674
v -0.037016 -0.435664 1.187174
v -0.038971 -0.439229 1.187120
v -0.043139 -0.445586 1.187023
v -0.044046 -0.444763 1.187036
v -0.040187 -0.438269 1.187134
v -0.045032 -0.444034 1.187047
v -0.039980 -0.433636 1.186704
v -0.039980 -0.433644 1.187204
v -0.041483 -0.437403 1.187147
v -0.046100 -0.443396 1.187056
v -0.042899 -0.436608 1.187159
v -0.047174 -0.442886 1.187064
v -0.043212 -0.432080 1.186728
v -0.043212 -0.432088 1.187228
v -0.044259 -0.435975 1.187169
v -0.045726 -0.435423 1.187177
v -0.048338 -0.442464 1.187071
v -0.046640 -0.431023 1.186744
v -0.046640 -0.431030 1.187244
v -0.047214 -0.434995 1.187184
v -0.049524 -0.442166 1.187075
v -0.048727 -0.434687 1.187188
v -0.050737 -0.441987 1.187078
v -0.050186 -0.430488 1.186752
v -0.050186 -0.430496 1.187252
v -0.050271 -0.434498 1.187191
v -0.051983 -0.441927 1.187079
v -0.053774 -0.430488 1.186752
v -0.051850 -0.434429 1.187192
v -0.053774 -0.430496 1.187252
v -0.053443 -0.434480 1.187192
v -0.053237 -0.441988 1.187078
v -0.055008 -0.434652 1.187189
v -0.054461 -0.442171 1.187075
v -0.057321 -0.431023 1.186744
v -0.057321 -0.431030 1.187244
v -0.056532 -0.434944 1.187185
v -0.055645 -0.442471 1.187070
v -0.060748 -0.432080 1.186728
v -0.058021 -0.435354 1.187178
v -0.060748 -0.432088 1.187228
v -0.059479 -0.435883 1.187170
v -0.056798 -0.442891 1.187064
v -0.060911 -0.436532 1.187160
v -0.057917 -0.443427 1.187056
v -0.063980 -0.433636 1.186704
v -0.063980 -0.433644 1.187204
v -0.062209 -0.437241 1.187150
v -0.058883 -0.444004 1.187047
v -0.063483 -0.438062 1.187137
v -0.059879 -0.444735 1.187036
v -0.066944 -0.435657 1.186674
v -0.066944 -0.435664 1.187174
v -0.064722 -0.439005 1.187123
v -0.065818 -0.439980 1.187108
v -0.060821 -0.445586 1.187023
v -0.066125 -0.440282 1.187104
v -0.069573 -0.438104 1.187137
v -0.067183 -0.441431 1.187086
v -0.069573 -0.438096 1.186637
v -0.071810 -0.440900 1.186594
v -0.071810 -0.440908 1.187094
v -0.068129 -0.442629 1.187068
v -0.068887 -0.443740 1.187051
v -0.069671 -0.445092 1.187031
v -0.073603 -0.444006 1.186547
v -0.073603 -0.444014 1.187047
v -0.070342 -0.446495 1.187009
v -0.074914 -0.447353 1.186996
v -0.070903 -0.447951 1.186987
v -0.074914 -0.447345 1.186496
v -0.071319 -0.449326 1.186966
v -0.075712 -0.450849 1.186943
v -0.071621 -0.450650 1.186946
v -0.075712 -0.450842 1.186443
v -0.071856 -0.452193 1.186923
v -0.075980 -0.454426 1.186889
v -0.071969 -0.453751 1.186899
v -0.075980 -0.454418 1.186389
v -0.071960 -0.455322 1.186875
v -0.075712 -0.458003 1.186835
v -0.071829 -0.456883 1.186852
v -0.075712 -0.457995 1.186335
v -0.071577 -0.458422 1.186828
v -0.074914 -0.461499 1.186782
v -0.071204 -0.459943 1.186805
v -0.074914 -0.461492 1.186282
v -0.070741 -0.461358 1.186784
v -0.073603 -0.464838 1.186731
v -0.070133 -0.462826 1.186762
v -0.073603 -0.464830 1.186231
v -0.069425 -0.464211 1.186740
v -0.071810 -0.467944 1.186684
v -0.068608 -0.465539 1.186720
v -0.071810 -0.467937 1.186184
v -0.067742 -0.466736 1.186702
v -0.069573 -0.470748 1.186641
v -0.066781 -0.467880 1.186685
v -0.069573 -0.470741 1.186141
v -0.066125 -0.468570 1.186674
v -0.066944 -0.473180 1.186104
v -0.066944 -0.473188 1.186604
v -0.064989 -0.469623 1.186658
v -0.060821 -0.463266 1.186755
v -0.059914 -0.464088 1.186742
v -0.063773 -0.470583 1.186644
v -0.058928 -0.464818 1.186731
v -0.063980 -0.475201 1.186074
v -0.063980 -0.475208 1.186574
v -0.062477 -0.471449 1.186631
v -0.057860 -0.465456 1.186722
v -0.061061 -0.472244 1.186619
v -0.056786 -0.465966 1.186714
v -0.060748 -0.476757 1.186050
v -0.060748 -0.476764 1.186550
v -0.059701 -0.472877 1.186609
v -0.058234 -0.473429 1.186601
v -0.055622 -0.466388 1.186708
v -0.057321 -0.477814 1.186034
v -0.057321 -0.477822 1.186534
v -0.056746 -0.473857 1.186594
v -0.054436 -0.466686 1.186703
v -0.055233 -0.474165 1.186589
v -0.053223 -0.466865 1.186700
v -0.053774 -0.478349 1.186026
v -0.053774 -0.478356 1.186526
v -0.053689 -0.474354 1.186587
v -0.051977 -0.466925 1.186699
v -0.050186 -0.478349 1.186026
v -0.052110 -0.474423 1.186586
v -0.050186 -0.478356 1.186526
v -0.050517 -0.474373 1.186586
v -0.050723 -0.466864 1.186700
v -0.048952 -0.474200 1.186589
v -0.049499 -0.466681 1.186703
v -0.046640 -0.477814 1.186034
v -0.046640 -0.477822 1.186534
v -0.047428 -0.473908 1.186593
v -0.048314 -0.466381 1.186708
v -0.043212 -0.476757 1.186050
v -0.045939 -0.473498 1.186600
v -0.043212 -0.476764 1.186550
v -0.044481 -0.472969 1.186608
v -0.047162 -0.465961 1.186714
v -0.043049 -0.472320 1.186618
v -0.046043 -0.465425 1.186722
v -0.039980 -0.475201 1.186074
v -0.039980 -0.475208 1.186574
v -0.041751 -0.471611 1.186628
v -0.045077 -0.464848 1.186731
v -0.040477 -0.470790 1.186641
v -0.044081 -0.464117 1.186742
v -0.037016 -0.473180 1.186104
v -0.037016 -0.473188 1.186604
v -0.039238 -0.469847 1.186655
v -0.038142 -0.468872 1.186670
v -0.043139 -0.463266 1.186755
v -0.037835 -0.468570 1.186674
v -0.034387 -0.470748 1.186641
v -0.034387 -0.470741 1.186141
v -0.032150 -0.467937 1.186184
v -0.042311 -0.462348 1.186769
v -0.051980 -0.454426 1.186889
v -0.041639 -0.461448 1.186782
v -0.041043 -0.460480 1.186797
v -0.040501 -0.459376 1.186814
v -0.040069 -0.458218 1.186832
v -0.039753 -0.457026 1.186850
v -0.039563 -0.455870 1.186867
v -0.039482 -0.454637 1.186886
v -0.039522 -0.453398 1.186905
v -0.039684 -0.452173 1.186923
v -0.039968 -0.450968 1.186942
v -0.040345 -0.449855 1.186958
v -0.040858 -0.448718 1.186976
v -0.041474 -0.447652 1.186992
v -0.042152 -0.446703 1.187006
v -0.042921 -0.445811 1.187020
v -0.061039 -0.463041 1.186758
v -0.061808 -0.462149 1.186772
v -0.062486 -0.461200 1.186786
v -0.063102 -0.460134 1.186802
v -0.063615 -0.458998 1.186820
v -0.063992 -0.457884 1.186837
v -0.064276 -0.456680 1.186855
v -0.064438 -0.455455 1.186873
v -0.064478 -0.454215 1.186892
v -0.064397 -0.452982 1.186911
v -0.064207 -0.451825 1.186928
v -0.063891 -0.450634 1.186947
v -0.063459 -0.449476 1.186964
v -0.062917 -0.448372 1.186981
v -0.062321 -0.447404 1.186995
v -0.061649 -0.446504 1.187009
v -0.060821 0.463266 1.186755
v -0.060596 0.463484 1.186752
v -0.066125 0.468570 1.186674
v -0.065435 0.469225 1.186664
v -0.059704 0.464253 1.186740
v -0.068304 0.472017 1.186622
v -0.064291 0.470186 1.186650
v -0.063094 0.471052 1.186637
v -0.058755 0.464931 1.186730
v -0.065500 0.474253 1.186588
v -0.061766 0.471869 1.186624
v -0.057689 0.465547 1.186720
v -0.070744 0.469388 1.186662
v -0.067179 0.467434 1.186692
v -0.068139 0.466218 1.186710
v -0.072765 0.466425 1.186707
v -0.069005 0.464922 1.186730
v -0.069800 0.463506 1.186751
v -0.060381 0.472577 1.186614
v -0.056552 0.466059 1.186713
v -0.062393 0.476047 1.186561
v -0.058912 0.473185 1.186604
v -0.055438 0.466437 1.186707
v -0.074321 0.463193 1.186756
v -0.070434 0.462146 1.186772
v -0.070985 0.460679 1.186794
v -0.057497 0.473648 1.186597
v -0.075378 0.459766 1.186808
v -0.071413 0.459192 1.186817
v -0.071721 0.457678 1.186840
v -0.059054 0.477357 1.186541
v -0.055976 0.474021 1.186592
v -0.054234 0.466720 1.186703
v -0.075913 0.456219 1.186862
v -0.071910 0.456135 1.186863
v -0.071980 0.454556 1.186887
v -0.075913 0.452633 1.186916
v -0.071929 0.452963 1.186911
v -0.071756 0.451398 1.186935
v -0.054437 0.474273 1.186588
v -0.053009 0.466883 1.186700
v -0.055557 0.478155 1.186529
v -0.052876 0.474404 1.186586
v -0.051769 0.466923 1.186699
v -0.075378 0.449086 1.186970
v -0.071464 0.449874 1.186958
v -0.071054 0.448386 1.186981
v -0.074321 0.445659 1.187022
v -0.070525 0.446928 1.187003
v -0.069876 0.445496 1.187025
v -0.051305 0.474413 1.186586
v -0.050536 0.466841 1.186701
v -0.051980 0.478423 1.186525
v -0.049747 0.474299 1.186588
v -0.072765 0.442427 1.187071
v -0.069167 0.444198 1.187044
v -0.068345 0.442924 1.187064
v -0.048204 0.474065 1.186591
v -0.049379 0.466651 1.186703
v -0.048403 0.478155 1.186529
v -0.070744 0.439464 1.187116
v -0.067403 0.441685 1.187082
v -0.046879 0.473762 1.186596
v -0.048187 0.466336 1.186708
v -0.066427 0.440590 1.187099
v -0.045504 0.473347 1.186602
v -0.047030 0.465904 1.186715
v -0.044906 0.477357 1.186541
v -0.068304 0.436835 1.187156
v -0.066125 0.440282 1.187104
v -0.044048 0.472786 1.186610
v -0.042645 0.472115 1.186621
v -0.045925 0.465362 1.186723
v -0.041567 0.476047 1.186561
v -0.041293 0.471331 1.186632
v -0.044957 0.464766 1.186732
v -0.038460 0.474253 1.186588
v -0.040181 0.470573 1.186644
v -0.044057 0.464094 1.186742
v -0.038983 0.469628 1.186658
v -0.043139 0.463266 1.186755
v -0.037835 0.468570 1.186674
v -0.035656 0.472017 1.186622
v -0.037533 0.468262 1.186679
v -0.033216 0.469388 1.186662
v -0.036557 0.467167 1.186696
v -0.035615 0.465928 1.186715
v -0.031195 0.466425 1.186707
v -0.034793 0.464654 1.186734
v -0.034084 0.463356 1.186754
v -0.029639 0.463193 1.186756
v -0.033435 0.461924 1.186775
v -0.032906 0.460466 1.186797
v -0.028582 0.459766 1.186808
v -0.032496 0.458978 1.186820
v -0.032204 0.457454 1.186843
v -0.028047 0.456219 1.186862
v -0.032031 0.455889 1.186867
v -0.031980 0.454296 1.186891
v -0.028047 0.452633 1.186916
v -0.032050 0.452717 1.186915
v -0.032239 0.451174 1.186938
v -0.028582 0.449086 1.186970
v -0.032547 0.449660 1.186961
v -0.032975 0.448173 1.186984
v -0.029639 0.445659 1.187022
v -0.033527 0.446706 1.187006
v -0.034160 0.445346 1.187027
v -0.031195 0.442427 1.187071
v -0.034955 0.443930 1.187048
v -0.035821 0.442634 1.187068
v -0.033216 0.439464 1.187116
v -0.036782 0.441418 1.187086
v -0.029639 0.445651 1.186522
v -0.037835 0.440282 1.187104
v -0.031195 0.442420 1.186571
v -0.028582 0.449079 1.186470
v -0.051980 0.454418 1.186389
v -0.033216 0.439456 1.186616
v -0.028047 0.452625 1.186416
v -0.028047 0.456212 1.186362
v -0.028582 0.459758 1.186308
v -0.029639 0.463186 1.186256
v -0.031195 0.466417 1.186207
v -0.033216 0.469380 1.186162
v -0.035656 0.472010 1.186122
v -0.038460 0.474246 1.186088
v -0.041567 0.476039 1.186061
v -0.044906 0.477349 1.186041
v -0.048403 0.478148 1.186029
v -0.051980 0.478416 1.186025
v -0.055557 0.478148 1.186029
v -0.059054 0.477349 1.186041
v -0.062393 0.476039 1.186061
v -0.065500 0.474246 1.186088
v -0.068304 0.472010 1.186122
v -0.070744 0.469380 1.186162
v -0.072765 0.466417 1.186207
v -0.074321 0.463186 1.186256
v -0.075378 0.459758 1.186308
v -0.075913 0.456212 1.186362
v -0.075913 0.452625 1.186416
v -0.075378 0.449079 1.186470
v -0.074321 0.445651 1.186522
v -0.072765 0.442420 1.186571
v -0.070744 0.439456 1.186616
v -0.068304 0.436827 1.186656
v -0.065500 0.434591 1.186690
v -0.065500 0.434599 1.187190
v -0.062393 0.432798 1.186717
v -0.064977 0.439224 1.187120
v -0.060821 0.445586 1.187023
v -0.059903 0.444758 1.187036
v -0.063779 0.438279 1.187134
v -0.059003 0.444086 1.187046
v -0.062667 0.437521 1.187146
v -0.058035 0.443490 1.187055
v -0.061315 0.436737 1.187157
v -0.056930 0.442948 1.187063
v -0.062393 0.432805 1.187217
v -0.059912 0.436066 1.187168
v -0.058456 0.435505 1.187176
v -0.055773 0.442516 1.187070
v -0.059054 0.431495 1.187237
v -0.059054 0.431487 1.186737
v -0.057081 0.435089 1.187182
v -0.054581 0.442201 1.187075
v -0.055557 0.430689 1.186749
v -0.055557 0.430697 1.187249
v -0.055756 0.434787 1.187187
v -0.053424 0.442010 1.187077
v -0.051980 0.430421 1.186753
v -0.054213 0.434552 1.187190
v -0.051980 0.430429 1.187253
v -0.052655 0.434439 1.187192
v -0.052191 0.441929 1.187079
v -0.048403 0.430689 1.186749
v -0.051084 0.434448 1.187192
v -0.050951 0.441969 1.187078
v -0.048403 0.430697 1.187249
v -0.049523 0.434579 1.187190
v -0.049726 0.442132 1.187075
v -0.044906 0.431487 1.186737
v -0.047983 0.434831 1.187186
v -0.048522 0.442415 1.187071
v -0.044906 0.431495 1.187237
v -0.046463 0.435204 1.187181
v -0.045048 0.435667 1.187174
v -0.047408 0.442792 1.187066
v -0.041567 0.432798 1.186717
v -0.041567 0.432805 1.187217
v -0.043579 0.436275 1.187164
v -0.046271 0.443305 1.187058
v -0.038460 0.434591 1.186690
v -0.042194 0.436983 1.187154
v -0.045206 0.443921 1.187048
v -0.038460 0.434599 1.187190
v -0.040866 0.437800 1.187141
v -0.044256 0.444599 1.187038
v -0.035656 0.436827 1.186656
v -0.035656 0.436835 1.187156
v -0.039669 0.438666 1.187128
v -0.038525 0.439627 1.187114
v -0.043364 0.445368 1.187026
v -0.043139 0.445586 1.187023
v -0.042316 0.446493 1.187009
v -0.051980 0.454426 1.186889
v -0.041587 0.447479 1.186994
v -0.040949 0.448547 1.186978
v -0.040438 0.449621 1.186962
v -0.040017 0.450785 1.186944
v -0.039718 0.451970 1.186926
v -0.039540 0.453183 1.186908
v -0.039480 0.454429 1.186889
v -0.039541 0.455683 1.186870
v -0.039723 0.456906 1.186851
v -0.040024 0.458091 1.186833
v -0.040443 0.459244 1.186816
v -0.040980 0.460362 1.186799
v -0.041557 0.461328 1.186784
v -0.042287 0.462324 1.186769
v -0.061644 0.462359 1.186769
v -0.062373 0.461373 1.186784
v -0.063011 0.460305 1.186800
v -0.063522 0.459231 1.186816
v -0.063943 0.458067 1.186834
v -0.064242 0.456882 1.186852
v -0.064420 0.455669 1.186870
v -0.064480 0.454423 1.186889
v -0.064419 0.453169 1.186908
v -0.064237 0.451946 1.186927
v -0.063936 0.450761 1.186945
v -0.063516 0.449608 1.186962
v -0.062980 0.448490 1.186979
v -0.062403 0.447524 1.186994
v -0.061673 0.446528 1.187009
v -0.060821 0.463266 1.186755
v -0.051980 0.454426 1.186889
v -0.060596 0.463484 1.186752
v -0.059704 0.464253 1.186740
v -0.058755 0.464931 1.186730
v -0.057689 0.465547 1.186720
v -0.056552 0.466059 1.186713
v -0.055438 0.466437 1.186707
v -0.054234 0.466720 1.186703
v -0.053009 0.466883 1.186700
v -0.051769 0.466923 1.186699
v -0.050536 0.466841 1.186701
v -0.049379 0.466651 1.186703
v -0.048187 0.466336 1.186708
v -0.047030 0.465904 1.186715
v -0.045925 0.465362 1.186723
v -0.044957 0.464766 1.186732
v -0.044057 0.464094 1.186742
v -0.043139 0.463266 1.186755
v -0.037533 0.468262 1.186679
v -0.037835 0.468570 1.186674
v -0.042287 0.462324 1.186769
v -0.036557 0.467167 1.186696
v -0.035615 0.465928 1.186715
v -0.041557 0.461328 1.186784
v -0.034793 0.464654 1.186734
v -0.040980 0.460362 1.186799
v -0.034084 0.463356 1.186754
v -0.040443 0.459244 1.186816
v -0.033435 0.461924 1.186775
v -0.040024 0.458091 1.186833
v -0.032906 0.460466 1.186797
v -0.032496 0.458978 1.186820
v -0.039723 0.456906 1.186851
v -0.032204 0.457454 1.186843
v -0.039541 0.455683 1.186870
v -0.032031 0.455889 1.186867
v -0.039480 0.454429 1.186889
v -0.031980 0.454296 1.186891
v -0.032050 0.452717 1.186915
v -0.039540 0.453183 1.186908
v -0.032239 0.451174 1.186938
v -0.039718 0.451970 1.186926
v -0.032547 0.449660 1.186961
v -0.040017 0.450785 1.186944
v -0.032975 0.448173 1.186984
v -0.040438 0.449621 1.186962
v -0.033527 0.446706 1.187006
v -0.034160 0.445346 1.187027
v -0.040949 0.448547 1.186978
v -0.034955 0.443930 1.187048
v -0.041587 0.447479 1.186994
v -0.035821 0.442634 1.187068
v -0.042316 0.446493 1.187009
v -0.036782 0.441418 1.187086
v -0.043139 0.445586 1.187023
v -0.037835 0.440282 1.187104
v -0.043364 0.445368 1.187026
v -0.044256 0.444599 1.187038
v -0.045206 0.443921 1.187048
v -0.046271 0.443305 1.187058
v -0.047408 0.442792 1.187066
v -0.048522 0.442415 1.187071
v -0.049726 0.442132 1.187075
v -0.050951 0.441969 1.187078
v -0.052191 0.441929 1.187079
v -0.053424 0.442010 1.187077
v -0.054581 0.442201 1.187075
v -0.055773 0.442516 1.187070
v -0.056930 0.442948 1.187063
v -0.058035 0.443490 1.187055
v -0.059003 0.444086 1.187046
v -0.059903 0.444758 1.187036
v -0.060821 0.445586 1.187023
v -0.066427 0.440590 1.187099
v -0.066125 0.440282 1.187104
v -0.061673 0.446528 1.187009
v -0.067403 0.441685 1.187082
v -0.068345 0.442924 1.187064
v -0.062403 0.447524 1.186994
v -0.069167 0.444198 1.187044
v -0.062980 0.448490 1.186979
v -0.069876 0.445496 1.187025
v -0.063516 0.449608 1.186962
v -0.070525 0.446928 1.187003
v -0.063936 0.450761 1.186945
v -0.071054 0.448386 1.186981
v -0.071464 0.449874 1.186958
v -0.064237 0.451946 1.186927
v -0.071756 0.451398 1.186935
v -0.064419 0.453169 1.186908
v -0.071929 0.452963 1.186911
v -0.064480 0.454423 1.186889
v -0.071980 0.454556 1.186887
v -0.071910 0.456135 1.186863
v -0.064420 0.455669 1.186870
v -0.071721 0.457678 1.186840
v -0.064242 0.456882 1.186852
v -0.071413 0.459192 1.186817
v -0.063943 0.458067 1.186834
v -0.070985 0.460679 1.186794
v -0.063522 0.459231 1.186816
v -0.070434 0.462146 1.186772
v -0.069800 0.463506 1.186751
v -0.063011 0.460305 1.186800
v -0.069005 0.464922 1.186730
v -0.062373 0.461373 1.186784
v -0.068139 0.466218 1.186710
v -0.061644 0.462359 1.186769
v -0.067179 0.467434 1.186692
v -0.066125 0.468570 1.186674
vt 0.489243 0.924760
vt 0.489342 0.922023
vt 0.489403 0.922023
vt 0.489251 0.922023
vt 0.489944 0.922026
vt 0.489831 0.924781
vt 0.489190 0.922023
vt 0.489069 0.922023
vt 0.488726 0.922023
vt 0.488237 0.924772
vt 0.488370 0.922023
vt 0.488249 0.922023
vt 0.488188 0.922023
vt 0.487499 0.922026
vt 0.487580 0.924779
vt 0.302579 0.384074
vt 0.302547 0.384385
vt 0.302577 0.384385
vt 0.303847 0.384376
vt 0.302487 0.384385
vt 0.301565 0.384388
vt 0.302458 0.383803
vt 0.302727 0.383803
vt 0.299865 0.383803
vt 0.298470 0.384392
vt 0.303854 0.386172
vt 0.298645 0.386155
vt 0.299835 0.386151
vt 0.299701 0.386561
vt 0.300759 0.386354
vt 0.302609 0.386498
vt 0.302547 0.386151
vt 0.302487 0.386151
vt 0.299679 0.384104
vt 0.299686 0.384385
vt 0.299835 0.384385
vt 0.299805 0.383803
vt 0.298277 0.383814
vt 0.943891 0.804794
vt 0.942574 0.804299
vt 0.939575 0.804299
vt 0.938314 0.804793
vt 0.942576 0.804167
vt 0.942580 0.800685
vt 0.941525 0.801202
vt 0.940584 0.799966
vt 0.941809 0.799843
vt 0.940661 0.801188
vt 0.939275 0.800892
vt 0.939568 0.804176
vt 0.940533 0.802208
vt 0.941450 0.802400
vt 0.942481 0.804299
vt 0.309917 0.248535
vt 0.311663 0.297971
vt 0.311130 0.297756
vt 0.309933 0.297756
vt 0.309254 0.297925
vt 0.303192 0.251847
vt 0.307520 0.298344
vt 0.307582 0.298839
vt 0.302663 0.247446
vt 0.302700 0.251486
vt 0.305943 0.247322
vt 0.303862 0.246640
vt 0.306061 0.246235
vt 0.303808 0.242787
vt 0.306701 0.246674
vt 0.306283 0.246014
vt 0.304502 0.243739
vt 0.303949 0.240790
vt 0.302663 0.240790
vt 0.303881 0.239131
vt 0.304365 0.238729
vt 0.305475 0.236809
vt 0.310442 0.247506
vt 0.310282 0.247710
vt 0.312686 0.247009
vt 0.310940 0.248596
vt 0.310314 0.247900
vt 0.310941 0.248584
vt 0.313700 0.246511
vt 0.317951 0.248501
vt 0.313384 0.298375
vt 0.313331 0.298723
vt 0.314677 0.247319
vt 0.317339 0.246682
vt 0.311210 0.298502
vt 0.314836 0.246425
vt 0.317204 0.242782
vt 0.315440 0.245022
vt 0.316999 0.240809
vt 0.316579 0.238710
vt 0.317131 0.239039
vt 0.315438 0.236809
vt 0.315019 0.235528
vt 0.313703 0.235317
vt 0.317324 0.235176
vt 0.314677 0.234549
vt 0.314511 0.235317
vt 0.313912 0.235317
vt 0.314331 0.235317
vt 0.310936 0.233970
vt 0.311214 0.234571
vt 0.311040 0.233327
vt 0.309877 0.234284
vt 0.306792 0.235317
vt 0.317951 0.233327
vt 0.310275 0.233099
vt 0.311010 0.233327
vt 0.305949 0.235577
vt 0.305960 0.234544
vt 0.303845 0.235161
vt 0.302663 0.234454
vt 0.302969 0.230138
vt 0.311615 0.183705
vt 0.313392 0.183485
vt 0.310920 0.184072
vt 0.309754 0.184072
vt 0.309279 0.183713
vt 0.307524 0.183456
vt 0.307561 0.183154
vt 0.313336 0.183011
vt 0.309804 0.183323
vt 0.311101 0.183326
vt 0.310113 0.183575
vt 0.310801 0.183575
vt 0.312029 0.181833
vt 0.311884 0.178197
vt 0.311758 0.181833
vt 0.309095 0.181833
vt 0.311880 0.181701
vt 0.307569 0.182828
vt 0.308686 0.178405
vt 0.308969 0.181710
vt 0.309659 0.179647
vt 0.309155 0.181833
vt 0.309952 0.177473
vt 0.310981 0.178687
vt 0.311138 0.177350
vt 0.993733 0.182019
vt 0.993733 0.181771
vt 0.993646 0.182097
vt 0.993877 0.182398
vt 0.994349 0.182019
vt 0.994716 0.182019
vt 0.994236 0.181273
vt 0.993989 0.177350
vt 0.996040 0.181194
vt 0.995609 0.182019
vt 0.996532 0.181771
vt 0.996398 0.177429
vt 0.996532 0.182019
vt 0.996648 0.182621
vt 0.996212 0.182273
vt 0.995976 0.182019
vt 0.996731 0.187987
vt 0.996378 0.190635
vt 0.996847 0.194952
vt 0.996880 0.197691
vt 0.996463 0.196309
vt 0.996503 0.198800
vt 0.996537 0.200740
vt 0.996767 0.204280
vt 0.996691 0.210962
vt 0.997039 0.207131
vt 0.703515 0.879911
vt 0.700476 0.879911
vt 0.704856 0.879417
vt 0.699279 0.879417
vt 0.700476 0.880015
vt 0.700169 0.883307
vt 0.701775 0.881711
vt 0.701937 0.883030
vt 0.701526 0.884257
vt 0.703541 0.880025
vt 0.700633 0.879911
vt 0.702631 0.881994
vt 0.703552 0.883491
vt 0.702744 0.884368
vt 0.818234 0.341176
vt 0.818178 0.340852
vt 0.818208 0.340852
vt 0.818117 0.340852
vt 0.815394 0.340852
vt 0.819518 0.340869
vt 0.815240 0.341213
vt 0.815241 0.340852
vt 0.814071 0.340773
vt 0.815424 0.341448
vt 0.815363 0.341448
vt 0.814071 0.339147
vt 0.819512 0.339064
vt 0.814017 0.340568
vt 0.813941 0.340929
vt 0.813944 0.339003
vt 0.814017 0.339355
vt 0.814017 0.339336
vt 0.111550 0.437121
vt 0.111391 0.437121
vt 0.111700 0.441039
vt 0.111968 0.436623
vt 0.111043 0.436374
vt 0.111968 0.436374
vt 0.110148 0.436374
vt 0.112082 0.435662
vt 0.111640 0.436116
vt 0.111411 0.436374
vt 0.112189 0.429294
vt 0.111784 0.429283
vt 0.112027 0.425408
vt 0.109590 0.437121
vt 0.109086 0.436462
vt 0.109163 0.436374
vt 0.109079 0.441053
vt 0.109658 0.441698
vt 0.109737 0.437121
vt 0.109243 0.435967
vt 0.109779 0.436374
vt 0.108740 0.389442
vt 0.109023 0.394131
vt 0.112279 0.423118
vt 0.111888 0.422572
vt 0.112407 0.415244
vt 0.112023 0.414391
vt 0.112438 0.413460
vt 0.112129 0.407506
vt 0.281686 0.624472
vt 0.281776 0.625433
vt 0.282912 0.629852
vt 0.283212 0.626534
vt 0.283487 0.625184
vt 0.283741 0.628671
vt 0.282463 0.623352
vt 0.281956 0.621697
vt 0.281547 0.618100
vt 0.280658 0.611920
vt 0.280731 0.614211
vt 0.281013 0.610739
vt 0.280106 0.604041
vt 0.284236 0.630809
vt 0.285535 0.629328
vt 0.285423 0.630921
vt 0.286210 0.630037
vt 0.286053 0.626429
vt 0.283395 0.626429
vt 0.286200 0.626545
vt 0.287722 0.624707
vt 0.287671 0.625433
vt 0.286271 0.624470
vt 0.283334 0.626429
vt 0.287183 0.623192
vt 0.288189 0.619002
vt 0.287698 0.624931
vt 0.841935 0.635481
vt 0.842165 0.633669
vt 0.841820 0.633557
vt 0.842389 0.632236
vt 0.842390 0.633557
vt 0.842390 0.635934
vt 0.842390 0.633557
vt 0.061352 0.484158
vt 0.067979 0.485604
vt 0.067060 0.484066
vt 0.062125 0.481968
vt 0.061654 0.480823
vt 0.062313 0.479551
vt 0.062146 0.475976
vt 0.068170 0.483834
vt 0.062549 0.477121
vt 0.062871 0.474612
vt 0.062699 0.474722
vt 0.063101 0.466203
vt 0.062421 0.471076
vt 0.063011 0.472269
vt 0.063211 0.469873
vt 0.063101 0.463667
vt 0.071893 0.467465
vt 0.063475 0.467480
vt 0.063639 0.465044
vt 0.063615 0.458985
vt 0.071703 0.465021
vt 0.063912 0.462555
vt 0.064106 0.460225
vt 0.064350 0.457794
vt 0.063889 0.456547
vt 0.064387 0.451746
vt 0.071480 0.462600
vt 0.072340 0.466258
vt 0.072126 0.469879
vt 0.072585 0.468642
vt 0.072371 0.472258
vt 0.071740 0.458988
vt 0.072562 0.474706
vt 0.073147 0.475840
vt 0.072801 0.477125
vt 0.073525 0.479824
vt 0.071246 0.460154
vt 0.071029 0.457754
vt 0.073232 0.481957
vt 0.071271 0.454108
vt 0.071605 0.456547
vt 0.073450 0.484350
vt 0.074520 0.487839
vt 0.073692 0.486803
vt 0.073899 0.489191
vt 0.074844 0.492051
vt 0.061641 0.486846
vt 0.061132 0.489551
vt 0.074039 0.491661
vt 0.072337 0.492251
vt 0.073526 0.492747
vt 0.072453 0.494530
vt 0.063082 0.490940
vt 0.072265 0.490962
vt 0.071944 0.493632
vt 0.070901 0.495583
vt 0.070920 0.494648
vt 0.068423 0.495553
vt 0.067572 0.492406
vt 0.069292 0.494660
vt 0.067652 0.494650
vt 0.066027 0.494596
vt 0.064276 0.495538
vt 0.064392 0.494609
vt 0.063427 0.493648
vt 0.062797 0.494403
vt 0.062930 0.492177
vt 0.061993 0.492757
vt 0.061321 0.491810
vt 0.060495 0.492245
vt 0.461016 0.924768
vt 0.460797 0.922034
vt 0.461119 0.922034
vt 0.461150 0.922034
vt 0.461484 0.922023
vt 0.460685 0.924766
vt 0.460248 0.922028
vt 0.460244 0.924778
vt 0.461775 0.922034
vt 0.461869 0.924778
vt 0.462210 0.924755
vt 0.461838 0.922034
vt 0.462152 0.922034
vt 0.462689 0.922028
vt 0.462625 0.924781
vt 0.270233 0.565797
vt 0.270860 0.558478
vt 0.271586 0.556300
vt 0.270559 0.560726
vt 0.270230 0.556362
vt 0.270264 0.556109
vt 0.270274 0.563189
vt 0.269826 0.562071
vt 0.269422 0.564717
vt 0.269833 0.568132
vt 0.270147 0.569822
vt 0.270077 0.570764
vt 0.269582 0.570386
vt 0.269116 0.571767
vt 0.269414 0.572875
vt 0.268457 0.574814
vt 0.269763 0.574001
vt 0.269326 0.575485
vt 0.269295 0.578963
vt 0.268314 0.578350
vt 0.269024 0.577852
vt 0.268464 0.582569
vt 0.268704 0.580073
vt 0.267544 0.598340
vt 0.268191 0.585027
vt 0.268629 0.585798
vt 0.268015 0.587317
vt 0.268357 0.588651
vt 0.267326 0.586668
vt 0.268092 0.581199
vt 0.268026 0.591893
vt 0.267075 0.590887
vt 0.267175 0.588726
vt 0.267814 0.589780
vt 0.267531 0.592232
vt 0.267400 0.594748
vt 0.266450 0.595855
vt 0.267063 0.596977
vt 0.266219 0.598216
vt 0.266859 0.599450
vt 0.266733 0.601892
vt 0.265695 0.602949
vt 0.267257 0.603039
vt 0.639349 0.445458
vt 0.637931 0.445024
vt 0.637931 0.445212
vt 0.637931 0.445372
vt 0.637931 0.444180
vt 0.639381 0.443861
vt 0.637931 0.444001
vt 0.637931 0.443832
vt 0.637875 0.443326
vt 0.222631 0.566662
vt 0.224448 0.562953
vt 0.221901 0.562670
vt 0.224165 0.562072
vt 0.221209 0.559825
vt 0.224531 0.563930
vt 0.225088 0.562425
vt 0.225517 0.558845
vt 0.224038 0.558821
vt 0.224111 0.557104
vt 0.221396 0.557743
vt 0.222585 0.556109
vt 0.222153 0.556109
vt 0.228238 0.561539
vt 0.226831 0.559282
vt 0.225951 0.562737
vt 0.228986 0.560457
vt 0.229169 0.559123
vt 0.229556 0.560835
vt 0.230185 0.560835
vt 0.231026 0.559198
vt 0.232335 0.559591
vt 0.223858 0.566024
vt 0.230097 0.562664
vt 0.222649 0.568317
vt 0.221209 0.568297
vt 0.221209 0.566804
vt 0.222567 0.570097
vt 0.221209 0.570038
vt 0.224239 0.571276
vt 0.224315 0.572669
vt 0.224474 0.573867
vt 0.222431 0.574127
vt 0.225432 0.574126
vt 0.224136 0.574701
vt 0.221209 0.574266
vt 0.221209 0.576827
vt 0.230097 0.574178
vt 0.226146 0.577997
vt 0.225073 0.574879
vt 0.224423 0.578213
vt 0.221423 0.579111
vt 0.223722 0.579987
vt 0.222478 0.580480
vt 0.222705 0.582723
vt 0.222047 0.581976
vt 0.221745 0.579356
vt 0.222825 0.587327
vt 0.222675 0.582723
vt 0.223469 0.593666
vt 0.223270 0.587965
vt 0.224111 0.597646
vt 0.224035 0.603352
vt 0.227791 0.576007
vt 0.227460 0.577442
vt 0.228420 0.576007
vt 0.228640 0.576401
vt 0.229073 0.577553
vt 0.229487 0.576090
vt 0.231114 0.577581
vt 0.228860 0.575406
vt 0.228390 0.576007
vt 0.232321 0.577228
vt 0.227809 0.574762
vt 0.230351 0.574665
vt 0.232855 0.574723
vt 0.233845 0.574668
vt 0.236498 0.576007
vt 0.233593 0.578200
vt 0.235773 0.574122
vt 0.236232 0.578729
vt 0.233895 0.579738
vt 0.235791 0.580412
vt 0.233375 0.573944
vt 0.235786 0.570223
vt 0.236498 0.568297
vt 0.232398 0.573906
vt 0.233937 0.572369
vt 0.234691 0.568420
vt 0.235023 0.566451
vt 0.233152 0.562954
vt 0.232893 0.563401
vt 0.235824 0.566597
vt 0.230363 0.562179
vt 0.229464 0.561334
vt 0.232879 0.562054
vt 0.233795 0.562446
vt 0.235782 0.562693
vt 0.236498 0.560835
vt 0.229586 0.560835
vt 0.232979 0.558698
vt 0.236229 0.558086
vt 0.234284 0.556855
vt 0.235845 0.556410
vt 0.245986 0.561098
vt 0.248707 0.560969
vt 0.246588 0.603352
vt 0.248192 0.603295
vt 0.248571 0.560849
vt 0.248687 0.584053
vt 0.248673 0.585276
vt 0.246091 0.560849
vt 0.245958 0.558417
vt 0.248552 0.560849
vt 0.248716 0.559981
vt 0.248308 0.556360
vt 0.246012 0.556376
vt 0.246496 0.556358
vt 0.246217 0.556358
vt 0.246302 0.556109
vt 0.246352 0.556358
vt 0.552839 0.645208
vt 0.552417 0.643155
vt 0.550883 0.645182
vt 0.551409 0.646430
vt 0.550538 0.650589
vt 0.550029 0.657609
vt 0.550435 0.652844
vt 0.550140 0.659109
vt 0.549843 0.660370
vt 0.555398 0.643197
vt 0.555447 0.645230
vt 0.554657 0.640966
vt 0.552930 0.641068
vt 0.555385 0.639659
vt 0.552067 0.639949
vt 0.550965 0.644325
vt 0.552846 0.639216
vt 0.553501 0.640065
vt 0.553898 0.638816
vt 0.556921 0.645152
vt 0.556862 0.644325
vt 0.556589 0.646386
vt 0.556987 0.651608
vt 0.555770 0.646586
vt 0.311968 0.299995
vt 0.309095 0.299995
vt 0.311911 0.300096
vt 0.311758 0.299995
vt 0.311324 0.302102
vt 0.311917 0.303595
vt 0.310373 0.303336
vt 0.309602 0.302131
vt 0.310173 0.304471
vt 0.311133 0.304480
vt 0.309702 0.298504
vt 0.310801 0.298253
vt 0.310113 0.298253
vt 0.308791 0.303427
vt 0.309411 0.304072
vt 0.309013 0.300096
vt 0.309155 0.299995
vt 0.162311 0.914129
vt 0.162519 0.909492
vt 0.162963 0.909558
vt 0.163147 0.914099
vt 0.163784 0.909554
vt 0.163784 0.914099
vt 0.163817 0.914099
vt 0.163817 0.909554
vt 0.116262 0.399164
vt 0.113354 0.399161
vt 0.114056 0.441385
vt 0.115764 0.441310
vt 0.113400 0.396474
vt 0.116158 0.427473
vt 0.116207 0.424325
vt 0.116291 0.419497
vt 0.116362 0.414870
vt 0.116457 0.408694
vt 0.116274 0.398041
vt 0.116194 0.394428
vt 0.113757 0.394428
vt 0.117093 0.394298
vt 0.116240 0.394544
vt 0.117066 0.395671
vt 0.116444 0.399342
vt 0.117047 0.397170
vt 0.116627 0.402533
vt 0.117125 0.392010
vt 0.115214 0.392674
vt 0.112550 0.394179
vt 0.115462 0.391859
vt 0.117137 0.389442
vt 0.114415 0.392933
vt 0.114219 0.391861
vt 0.113304 0.392184
vt 0.112500 0.390130
vt 0.227474 0.554098
vt 0.228935 0.555313
vt 0.228935 0.554427
vt 0.228935 0.554240
vt 0.228935 0.554063
vt 0.228980 0.553602
vt 0.227490 0.555734
vt 0.228935 0.555510
vt 0.228935 0.555677
vt 0.285997 0.554097
vt 0.284543 0.554440
vt 0.284543 0.554252
vt 0.284543 0.554073
vt 0.284491 0.553602
vt 0.284543 0.555334
vt 0.285981 0.555734
vt 0.284543 0.555532
vt 0.284543 0.555701
vt 0.087532 0.459429
vt 0.087751 0.457017
vt 0.082540 0.456958
vt 0.088166 0.458721
vt 0.088515 0.456018
vt 0.087312 0.461828
vt 0.087595 0.466187
vt 0.087964 0.454597
vt 0.082511 0.457204
vt 0.087063 0.464274
vt 0.086845 0.466701
vt 0.087028 0.472408
vt 0.088799 0.453351
vt 0.086627 0.469112
vt 0.088188 0.452178
vt 0.088882 0.451432
vt 0.086518 0.450423
vt 0.086413 0.471540
vt 0.088941 0.449080
vt 0.087838 0.448952
vt 0.086666 0.449236
vt 0.087047 0.447208
vt 0.085733 0.447164
vt 0.085194 0.445854
vt 0.083610 0.446796
vt 0.083037 0.445841
vt 0.077355 0.450450
vt 0.082187 0.448402
vt 0.081972 0.446794
vt 0.080279 0.446797
vt 0.079890 0.446231
vt 0.078653 0.446807
vt 0.078509 0.445833
vt 0.077670 0.447740
vt 0.077315 0.446721
vt 0.077163 0.449225
vt 0.076217 0.448626
vt 0.075706 0.452171
vt 0.075567 0.449639
vt 0.074906 0.448943
vt 0.075414 0.457058
vt 0.075877 0.454621
vt 0.082259 0.456958
vt 0.081610 0.456958
vt 0.082118 0.456958
vt 0.081948 0.456958
vt 0.081751 0.456958
vt 0.081370 0.457516
vt 0.076127 0.457018
vt 0.076008 0.460682
vt 0.076371 0.459427
vt 0.076534 0.461844
vt 0.076224 0.465625
vt 0.076797 0.464280
vt 0.077041 0.466709
vt 0.077149 0.475642
vt 0.086459 0.467885
vt 0.077241 0.469101
vt 0.077491 0.471541
vt 0.077670 0.473953
vt 0.077893 0.476355
vt 0.077804 0.482424
vt 0.078148 0.478778
vt 0.078247 0.475246
vt 0.085500 0.475201
vt 0.078380 0.481235
vt 0.078609 0.483614
vt 0.086122 0.473957
vt 0.078422 0.489384
vt 0.085959 0.476378
vt 0.086748 0.475383
vt 0.085733 0.478799
vt 0.086080 0.482527
vt 0.085483 0.481220
vt 0.085295 0.483636
vt 0.085331 0.489643
vt 0.085013 0.486031
vt 0.084824 0.488467
vt 0.084753 0.493794
vt 0.084635 0.490901
vt 0.082943 0.495583
vt 0.079482 0.493253
vt 0.081082 0.495536
vt 0.079221 0.494143
vt 0.079328 0.490908
vt 0.079048 0.488471
vt 0.078779 0.486062
vt 0.124752 0.605818
vt 0.125294 0.633433
vt 0.125335 0.620705
vt 0.125206 0.615319
vt 0.125257 0.617446
vt 0.123141 0.605801
vt 0.122464 0.633435
vt 0.122501 0.635549
vt 0.125386 0.623073
vt 0.125438 0.625194
vt 0.125481 0.627069
vt 0.125536 0.629198
vt 0.125305 0.634162
vt 0.125238 0.636519
vt 0.122531 0.636522
vt 0.122776 0.636533
vt 0.123059 0.636533
vt 0.124729 0.636533
vt 0.125003 0.636533
vt 0.123886 0.636974
vt 0.122912 0.636533
vt 0.124876 0.636533
vt 0.319276 0.298319
vt 0.319719 0.298694
vt 0.319132 0.298694
vt 0.319052 0.298666
vt 0.319598 0.299441
vt 0.319247 0.303537
vt 0.320069 0.298694
vt 0.321344 0.299441
vt 0.320920 0.298694
vt 0.321800 0.298943
vt 0.321539 0.303540
vt 0.321800 0.298694
vt 0.321908 0.298218
vt 0.321494 0.298442
vt 0.321932 0.296705
vt 0.321270 0.298694
vt 0.318281 0.248464
vt 0.318993 0.256490
vt 0.319223 0.251754
vt 0.322651 0.248464
vt 0.318281 0.246646
vt 0.321696 0.251736
vt 0.322651 0.246580
vt 0.322612 0.251186
vt 0.322598 0.252869
vt 0.321999 0.256566
vt 0.322499 0.258908
vt 0.318281 0.242747
vt 0.322651 0.242682
vt 0.322651 0.240756
vt 0.322651 0.239057
vt 0.318281 0.239006
vt 0.318013 0.240775
vt 0.322651 0.235154
vt 0.318281 0.235144
vt 0.322651 0.233296
vt 0.318281 0.233296
vt 0.319223 0.230006
vt 0.318993 0.225270
vt 0.319205 0.183473
vt 0.321701 0.230015
vt 0.322613 0.230548
vt 0.322586 0.228872
vt 0.322007 0.225158
vt 0.322499 0.222852
vt 0.319132 0.183066
vt 0.319719 0.183066
vt 0.319062 0.182999
vt 0.320069 0.183066
vt 0.319596 0.182320
vt 0.319383 0.178187
vt 0.321347 0.182320
vt 0.320920 0.183066
vt 0.321800 0.182817
vt 0.321800 0.183066
vt 0.321891 0.178187
vt 0.321332 0.178441
vt 0.321651 0.177350
vt 0.321909 0.183638
vt 0.321488 0.183321
vt 0.321270 0.183066
vt 0.322006 0.190045
vt 0.321624 0.190144
vt 0.321662 0.192605
vt 0.322100 0.196134
vt 0.321924 0.204039
vt 0.322168 0.200969
vt 0.321949 0.212055
vt 0.322282 0.208239
vt 0.322245 0.205957
vt 0.072213 0.882669
vt 0.069591 0.880882
vt 0.072283 0.880142
vt 0.069583 0.882587
vt 0.069580 0.885248
vt 0.072276 0.885286
vt 0.074037 0.879417
vt 0.073983 0.884966
vt 0.075004 0.881408
vt 0.075293 0.880004
vt 0.073515 0.882770
vt 0.075702 0.881334
vt 0.075736 0.882676
vt 0.075295 0.882938
vt 0.076097 0.884176
vt 0.075329 0.885621
vt 0.075543 0.884195
vt 0.075720 0.885215
vt 0.657864 0.804320
vt 0.657208 0.802424
vt 0.655360 0.804324
vt 0.656590 0.805570
vt 0.656353 0.805807
vt 0.656206 0.806360
vt 0.653733 0.805704
vt 0.655207 0.806084
vt 0.655404 0.805642
vt 0.652439 0.805195
vt 0.654429 0.802568
vt 0.655351 0.799845
vt 0.654473 0.799853
vt 0.652121 0.799843
vt 0.651958 0.802542
vt 0.650407 0.804251
vt 0.651170 0.805597
vt 0.652438 0.806359
vt 0.652616 0.805808
vt 0.997454 0.238068
vt 0.997426 0.234077
vt 0.992835 0.238044
vt 0.992840 0.234076
vt 0.992839 0.234491
vt 0.992512 0.235724
vt 0.997426 0.234360
vt 0.992756 0.234232
vt 0.997426 0.233832
vt 0.997415 0.231233
vt 0.996433 0.231259
vt 0.997383 0.229152
vt 0.992840 0.233369
vt 0.995756 0.231345
vt 0.995119 0.230504
vt 0.992891 0.229055
vt 0.994412 0.231163
vt 0.994879 0.231911
vt 0.993594 0.224216
vt 0.993738 0.228912
vt 0.996534 0.228899
vt 0.997356 0.227519
vt 0.996729 0.224163
vt 0.997267 0.221800
vt 0.763209 0.445458
vt 0.764640 0.445052
vt 0.764640 0.445243
vt 0.764640 0.445404
vt 0.763188 0.443886
vt 0.764640 0.444196
vt 0.764640 0.444015
vt 0.764640 0.443843
vt 0.764694 0.443326
vt 0.239409 0.574236
vt 0.239446 0.598489
vt 0.238904 0.556170
vt 0.239337 0.569840
vt 0.239498 0.579698
vt 0.237232 0.556109
vt 0.236585 0.598365
vt 0.239536 0.582515
vt 0.239631 0.588224
vt 0.239303 0.598613
vt 0.236700 0.598613
vt 0.236560 0.601044
vt 0.239283 0.598613
vt 0.239455 0.599481
vt 0.239361 0.603098
vt 0.236618 0.603085
vt 0.237125 0.603103
vt 0.236832 0.603103
vt 0.236921 0.603352
vt 0.236973 0.603103
vt 0.474636 0.924766
vt 0.474780 0.922034
vt 0.474331 0.922034
vt 0.474028 0.924781
vt 0.474812 0.922034
vt 0.475162 0.922023
vt 0.475718 0.924753
vt 0.475466 0.922034
vt 0.475861 0.924777
vt 0.475531 0.922034
vt 0.475978 0.922034
vt 0.476473 0.922026
vt 0.476351 0.924775
vt 0.641633 0.166951
vt 0.642081 0.166667
vt 0.642514 0.166951
vt 0.641672 0.166382
vt 0.642438 0.166382
vt 0.314516 0.525662
vt 0.313750 0.529273
vt 0.311748 0.549467
vt 0.313696 0.535382
vt 0.313147 0.535780
vt 0.315759 0.507237
vt 0.314700 0.519142
vt 0.254417 0.602821
vt 0.256376 0.582677
vt 0.256316 0.583670
vt 0.256616 0.583670
vt 0.256809 0.583942
vt 0.256586 0.583670
vt 0.256194 0.584888
vt 0.256973 0.581431
vt 0.257126 0.579075
vt 0.257442 0.584121
vt 0.257725 0.579618
vt 0.256498 0.586286
vt 0.256735 0.589878
vt 0.256323 0.588771
vt 0.256084 0.591015
vt 0.255786 0.589168
vt 0.256195 0.596875
vt 0.255687 0.593354
vt 0.255670 0.595963
vt 0.255713 0.602787
vt 0.255349 0.598442
vt 0.255687 0.603039
vt 0.255202 0.600704
vt 0.258341 0.560696
vt 0.258968 0.559713
vt 0.258263 0.560576
vt 0.258462 0.556109
vt 0.259079 0.557281
vt 0.259994 0.556146
vt 0.259552 0.560969
vt 0.258698 0.562186
vt 0.259213 0.563308
vt 0.258572 0.564318
vt 0.258660 0.568258
vt 0.258352 0.564550
vt 0.258412 0.567033
vt 0.258038 0.569390
vt 0.257305 0.572571
vt 0.258432 0.573195
vt 0.257842 0.571844
vt 0.257587 0.574114
vt 0.257402 0.576591
vt 0.463522 0.924768
vt 0.463438 0.922023
vt 0.463344 0.922023
vt 0.463500 0.922023
vt 0.463625 0.922023
vt 0.463990 0.922023
vt 0.463250 0.922023
vt 0.462750 0.924778
vt 0.462754 0.922028
vt 0.464375 0.924778
vt 0.464344 0.922023
vt 0.464469 0.922023
vt 0.465195 0.922028
vt 0.465131 0.924781
vt 0.993323 0.240262
vt 0.992840 0.241698
vt 0.997426 0.241442
vt 0.997426 0.245530
vt 0.997463 0.241501
vt 0.992840 0.245549
vt 0.992673 0.242650
vt 0.992840 0.245144
vt 0.997457 0.245529
vt 0.992828 0.245583
vt 0.997426 0.245269
vt 0.992840 0.239702
vt 0.993356 0.239702
vt 0.993415 0.239702
vt 0.993423 0.239131
vt 0.997426 0.238210
vt 0.993812 0.239719
vt 0.994180 0.239986
vt 0.996640 0.239962
vt 0.997426 0.239702
vt 0.996909 0.239702
vt 0.996850 0.239702
vt 0.996182 0.239599
vt 0.841448 0.121640
vt 0.841448 0.120957
vt 0.836810 0.121838
vt 0.836810 0.120957
vt 0.642612 0.166951
vt 0.643022 0.166667
vt 0.643378 0.166951
vt 0.642573 0.166382
vt 0.643454 0.166382
vt 0.617824 0.145296
vt 0.618684 0.145648
vt 0.618502 0.145648
vt 0.619018 0.145079
vt 0.252704 0.585887
vt 0.252069 0.583850
vt 0.252266 0.581079
vt 0.251838 0.581433
vt 0.252234 0.586280
vt 0.251116 0.581108
vt 0.251629 0.579075
vt 0.251836 0.576470
vt 0.251370 0.576591
vt 0.251847 0.589270
vt 0.251205 0.574241
vt 0.251298 0.570318
vt 0.252989 0.589023
vt 0.252475 0.588758
vt 0.252741 0.591016
vt 0.252099 0.592099
vt 0.252947 0.593487
vt 0.253064 0.595965
vt 0.254355 0.602805
vt 0.253334 0.598422
vt 0.253086 0.602782
vt 0.253115 0.603039
vt 0.253592 0.600686
vt 0.250946 0.571850
vt 0.251051 0.580180
vt 0.250489 0.570511
vt 0.250743 0.569390
vt 0.250543 0.566955
vt 0.249849 0.564182
vt 0.250531 0.560826
vt 0.250075 0.562182
vt 0.249279 0.561003
vt 0.249795 0.559707
vt 0.248778 0.556224
vt 0.249711 0.557245
vt 0.250267 0.556109
vt 0.094359 0.891895
vt 0.094777 0.890509
vt 0.097400 0.891271
vt 0.095579 0.891855
vt 0.096766 0.892513
vt 0.096583 0.891955
vt 0.092614 0.891771
vt 0.094059 0.892203
vt 0.095497 0.888559
vt 0.091751 0.890454
vt 0.091196 0.891710
vt 0.091796 0.892507
vt 0.091765 0.891956
vt 0.092244 0.888700
vt 0.093117 0.886002
vt 0.095940 0.885996
vt 0.091548 0.886007
vt 0.991261 0.132752
vt 0.995896 0.132719
vt 0.995896 0.133116
vt 0.991259 0.131922
vt 0.995896 0.132113
vt 0.995896 0.132719
vt 0.181734 0.918829
vt 0.181767 0.918829
vt 0.181815 0.914191
vt 0.182006 0.918828
vt 0.182926 0.914193
vt 0.182928 0.918829
vt 0.773600 0.803454
vt 0.776296 0.800092
vt 0.773584 0.799843
vt 0.771021 0.800324
vt 0.771024 0.802875
vt 0.771023 0.805516
vt 0.775495 0.804217
vt 0.776981 0.800420
vt 0.777538 0.800190
vt 0.776895 0.802993
vt 0.776786 0.801324
vt 0.777185 0.802894
vt 0.776980 0.804057
vt 0.776733 0.804227
vt 0.777534 0.804195
vt 0.776744 0.805733
vt 0.777533 0.805393
vt 0.776981 0.805201
vt 0.911226 0.666518
vt 0.910514 0.666278
vt 0.913248 0.669896
vt 0.911053 0.665583
vt 0.910073 0.664274
vt 0.907108 0.665014
vt 0.911849 0.665454
vt 0.905949 0.665607
vt 0.911482 0.665920
vt 0.911822 0.666312
vt 0.913934 0.667339
vt 0.913782 0.669608
vt 0.914552 0.668809
vt 0.914303 0.669255
vt 0.914947 0.669827
vt 0.914548 0.669873
vt 0.914095 0.670102
vt 0.915382 0.671696
vt 0.913335 0.674417
vt 0.914161 0.673817
vt 0.914915 0.674280
vt 0.914737 0.674367
vt 0.914165 0.674332
vt 0.914052 0.676442
vt 0.913966 0.674662
vt 0.911638 0.677641
vt 0.912536 0.677981
vt 0.911769 0.678319
vt 0.911603 0.678687
vt 0.911109 0.678050
vt 0.910074 0.677789
vt 0.907587 0.679836
vt 0.910250 0.679615
vt 0.907204 0.679064
vt 0.907195 0.679631
vt 0.906617 0.680107
vt 0.906714 0.679367
vt 0.904656 0.678225
vt 0.903662 0.679481
vt 0.903355 0.677751
vt 0.903142 0.678359
vt 0.902357 0.678540
vt 0.902795 0.677972
vt 0.901817 0.676145
vt 0.902339 0.677681
vt 0.902529 0.678446
vt 0.900846 0.677396
vt 0.900738 0.673630
vt 0.900420 0.674344
vt 0.900159 0.673777
vt 0.899702 0.673989
vt 0.899516 0.674570
vt 0.899928 0.676072
vt 0.899878 0.674643
vt 0.898841 0.672486
vt 0.900035 0.670033
vt 0.899256 0.669883
vt 0.899467 0.669564
vt 0.900483 0.669541
vt 0.901749 0.667879
vt 0.899941 0.669207
vt 0.899678 0.668302
vt 0.900620 0.666818
vt 0.902453 0.666426
vt 0.902142 0.665576
vt 0.903165 0.666100
vt 0.902386 0.665724
vt 0.903000 0.665052
vt 0.902990 0.665881
vt 0.904781 0.664050
vt 0.906718 0.664436
vt 0.907155 0.663878
vt 0.907298 0.664611
vt 0.907067 0.664058
vt 0.665074 0.922023
vt 0.664813 0.924468
vt 0.665071 0.923954
vt 0.665071 0.924236
vt 0.489005 0.910641
vt 0.489004 0.912473
vt 0.488944 0.912960
vt 0.489004 0.912616
vt 0.489004 0.912740
vt 0.487389 0.913004
vt 0.486873 0.909492
vt 0.487056 0.913816
vt 0.931062 0.799843
vt 0.931272 0.800171
vt 0.932382 0.800169
vt 0.928285 0.800171
vt 0.927036 0.804794
vt 0.927223 0.800109
vt 0.928267 0.804763
vt 0.932613 0.804763
vt 0.931967 0.804763
vt 0.931872 0.800171
vt 0.931692 0.800171
vt 0.763686 0.883872
vt 0.765007 0.884368
vt 0.760945 0.883872
vt 0.759743 0.884288
vt 0.760810 0.883706
vt 0.760466 0.880537
vt 0.761233 0.879813
vt 0.762208 0.880738
vt 0.762270 0.879417
vt 0.761879 0.881905
vt 0.763931 0.880504
vt 0.763749 0.883748
vt 0.762828 0.881748
vt 0.470278 0.922244
vt 0.470344 0.922023
vt 0.470278 0.922389
vt 0.471774 0.922063
vt 0.470431 0.922336
vt 0.471774 0.924781
vt 0.470268 0.924498
vt 0.293642 0.922023
vt 0.293576 0.922238
vt 0.293576 0.922381
vt 0.295083 0.922061
vt 0.293734 0.922328
vt 0.295082 0.924728
vt 0.293639 0.924781
vt 0.732117 0.136565
vt 0.731888 0.136304
vt 0.731856 0.136304
vt 0.495584 0.910560
vt 0.495447 0.910321
vt 0.495584 0.910694
vt 0.493831 0.910308
vt 0.495327 0.911647
vt 0.493839 0.913000
vt 0.495510 0.912970
vt 0.493585 0.909492
vt 0.493452 0.913816
vt 0.495584 0.912739
vt 0.495584 0.912615
vt 0.971755 0.835591
vt 0.974804 0.835222
vt 0.973769 0.837838
vt 0.973216 0.832869
vt 0.971311 0.838676
vt 0.973252 0.838715
vt 0.968610 0.836147
vt 0.970024 0.837954
vt 0.969368 0.833893
vt 0.971747 0.839034
vt 0.970241 0.833004
vt 0.971794 0.832594
vt 0.973213 0.832444
vt 0.969434 0.833033
vt 0.973155 0.832029
vt 0.971965 0.831798
vt 0.971673 0.831975
vt 0.974135 0.833121
vt 0.974933 0.832782
vt 0.974490 0.834492
vt 0.970460 0.832369
vt 0.970263 0.831887
vt 0.970116 0.832112
vt 0.968879 0.832786
vt 0.969464 0.832907
vt 0.968493 0.834147
vt 0.968203 0.835521
vt 0.968894 0.836253
vt 0.968619 0.837076
vt 0.968214 0.836276
vt 0.967763 0.835789
vt 0.968209 0.837057
vt 0.969058 0.838535
vt 0.969234 0.838120
vt 0.970312 0.839568
vt 0.970487 0.838827
vt 0.971590 0.839476
vt 0.971755 0.839377
vt 0.973046 0.839025
vt 0.927745 0.664813
vt 0.923731 0.667403
vt 0.923902 0.664641
vt 0.925169 0.663878
vt 0.923671 0.664089
vt 0.923322 0.664466
vt 0.921385 0.664081
vt 0.919604 0.665081
vt 0.928086 0.665948
vt 0.929944 0.666571
vt 0.919594 0.665908
vt 0.918990 0.665752
vt 0.918746 0.665604
vt 0.917224 0.666844
vt 0.926876 0.668750
vt 0.920949 0.668454
vt 0.919356 0.670647
vt 0.928268 0.671734
vt 0.916639 0.670052
vt 0.916545 0.669228
vt 0.916282 0.668325
vt 0.916071 0.669584
vt 0.915860 0.669903
vt 0.915445 0.672501
vt 0.916306 0.674000
vt 0.915972 0.674916
vt 0.917342 0.673642
vt 0.916763 0.673789
vt 0.916482 0.674653
vt 0.917024 0.674355
vt 0.916120 0.674581
vt 0.917450 0.677401
vt 0.919517 0.673184
vt 0.920449 0.675171
vt 0.923187 0.676481
vt 0.919399 0.677976
vt 0.919133 0.678449
vt 0.918961 0.678542
vt 0.920266 0.679482
vt 0.923318 0.679368
vt 0.923221 0.680106
vt 0.923799 0.679631
vt 0.925155 0.680107
vt 0.923808 0.679066
vt 0.926854 0.679616
vt 0.925593 0.676094
vt 0.927713 0.678054
vt 0.928373 0.678322
vt 0.928242 0.677645
vt 0.930656 0.676449
vt 0.929140 0.677985
vt 0.926976 0.675213
vt 0.930769 0.674343
vt 0.931341 0.674378
vt 0.931986 0.671712
vt 0.931152 0.669893
vt 0.931551 0.669847
vt 0.931156 0.668831
vt 0.930386 0.669629
vt 0.930907 0.669276
vt 0.930538 0.667364
vt 0.732743 0.136304
vt 0.732482 0.136565
vt 0.732515 0.136565
vt 0.963006 0.317386
vt 0.962988 0.317988
vt 0.962745 0.318579
vt 0.347580 0.766326
vt 0.348944 0.766001
vt 0.350153 0.760147
vt 0.348267 0.768921
vt 0.351037 0.767995
vt 0.346669 0.769079
vt 0.350088 0.765212
vt 0.351969 0.767397
vt 0.352912 0.765983
vt 0.353805 0.763694
vt 0.350879 0.764061
vt 0.351153 0.762651
vt 0.353979 0.762533
vt 0.350893 0.761324
vt 0.352699 0.758779
vt 0.351442 0.757529
vt 0.348955 0.759332
vt 0.349742 0.756745
vt 0.348468 0.756297
vt 0.346558 0.756445
vt 0.347606 0.759093
vt 0.346173 0.759355
vt 0.345437 0.756595
vt 0.343836 0.757389
vt 0.344990 0.760112
vt 0.342836 0.758301
vt 0.341882 0.759651
vt 0.344235 0.761329
vt 0.341324 0.761681
vt 0.343921 0.762684
vt 0.344250 0.764066
vt 0.341197 0.763746
vt 0.341808 0.765582
vt 0.343193 0.767361
vt 0.344975 0.765228
vt 0.346177 0.766034
vt 0.345386 0.768630
vt 0.835496 0.114318
vt 0.832745 0.114320
vt 0.832737 0.113750
vt 0.835486 0.113790
vt 0.260056 0.556322
vt 0.261261 0.563178
vt 0.261460 0.565636
vt 0.261018 0.560751
vt 0.261347 0.556364
vt 0.261322 0.556109
vt 0.260801 0.558435
vt 0.261419 0.569930
vt 0.261678 0.568131
vt 0.262371 0.569160
vt 0.261911 0.570393
vt 0.262229 0.572870
vt 0.261825 0.574306
vt 0.263252 0.577054
vt 0.262378 0.575337
vt 0.262317 0.579744
vt 0.262583 0.577659
vt 0.262843 0.580061
vt 0.262941 0.582548
vt 0.263265 0.585059
vt 0.263976 0.598450
vt 0.263085 0.588232
vt 0.263522 0.587306
vt 0.263707 0.589762
vt 0.264110 0.587144
vt 0.263548 0.581249
vt 0.263916 0.592205
vt 0.264740 0.593359
vt 0.264091 0.594694
vt 0.264980 0.595842
vt 0.264370 0.596968
vt 0.265188 0.598145
vt 0.264640 0.599437
vt 0.263900 0.598574
vt 0.265633 0.602995
vt 0.264720 0.601866
vt 0.264173 0.603039
vt 0.070562 0.452934
vt 0.064581 0.455371
vt 0.070770 0.455348
vt 0.070498 0.447647
vt 0.064778 0.452926
vt 0.065005 0.447226
vt 0.070336 0.450489
vt 0.068438 0.446493
vt 0.069033 0.445911
vt 0.066331 0.445833
vt 0.065225 0.448147
vt 0.065068 0.450496
vt 0.066884 0.446421
vt 0.295525 0.602726
vt 0.299154 0.558603
vt 0.289311 0.557314
vt 0.296987 0.556109
vt 0.291084 0.556433
vt 0.292601 0.602657
vt 0.288878 0.557866
vt 0.309493 0.600761
vt 0.305843 0.556109
vt 0.299809 0.600761
vt 0.303030 0.556121
vt 0.299217 0.600749
vt 0.307459 0.602726
vt 0.301550 0.602623
vt 0.308770 0.602180
vt 0.067739 0.918829
vt 0.068266 0.917112
vt 0.067963 0.915274
vt 0.067385 0.915047
vt 0.067744 0.914191
vt 0.072965 0.918829
vt 0.072749 0.914191
vt 0.071459 0.918800
vt 0.832049 0.121838
vt 0.827412 0.121711
vt 0.827412 0.120960
vt 0.832049 0.120957
vt 0.176036 0.918829
vt 0.175486 0.914193
vt 0.175814 0.914191
vt 0.175155 0.918829
vt 0.921168 0.670122
vt 0.919338 0.671037
vt 0.920613 0.668925
vt 0.920587 0.671837
vt 0.922702 0.669079
vt 0.922939 0.667757
vt 0.921944 0.674513
vt 0.924816 0.667792
vt 0.920617 0.675060
vt 0.925460 0.669471
vt 0.922585 0.676191
vt 0.926780 0.668922
vt 0.924272 0.675051
vt 0.927947 0.671135
vt 0.924401 0.676239
vt 0.926820 0.672064
vt 0.925141 0.674748
vt 0.927163 0.674570
vt 0.755781 0.079291
vt 0.756566 0.080171
vt 0.757640 0.079290
vt 0.759681 0.080147
vt 0.759585 0.079299
vt 0.753810 0.080113
vt 0.753477 0.079299
vt 0.975067 0.834188
vt 0.975380 0.834056
vt 0.975329 0.835680
vt 0.974496 0.836545
vt 0.974935 0.836883
vt 0.975533 0.835783
vt 0.975479 0.837060
vt 0.974413 0.838618
vt 0.974179 0.838067
vt 0.973241 0.839201
vt 0.714820 0.880015
vt 0.713890 0.882041
vt 0.714839 0.883488
vt 0.712871 0.881885
vt 0.716134 0.879417
vt 0.710557 0.879417
vt 0.713225 0.883036
vt 0.714017 0.884368
vt 0.713011 0.884358
vt 0.712212 0.883962
vt 0.711798 0.880008
vt 0.242824 0.550143
vt 0.246064 0.525324
vt 0.246156 0.550715
vt 0.092861 0.723722
vt 0.094581 0.705858
vt 0.092449 0.725219
vt 0.309999 0.531148
vt 0.310193 0.535930
vt 0.309503 0.531585
vt 0.310223 0.532402
vt 0.310193 0.538370
vt 0.309362 0.528708
vt 0.308529 0.521564
vt 0.309217 0.526268
vt 0.309332 0.522755
vt 0.308921 0.521388
vt 0.308300 0.516619
vt 0.308768 0.517777
vt 0.308026 0.514557
vt 0.307675 0.512994
vt 0.307745 0.512801
vt 0.307758 0.507237
vt 0.311057 0.543256
vt 0.310844 0.545333
vt 0.311443 0.548036
vt 0.311686 0.550094
vt 0.316976 0.557118
vt 0.314083 0.602726
vt 0.313278 0.557765
vt 0.313645 0.556109
vt 0.586708 0.268907
vt 0.580293 0.272464
vt 0.586539 0.272467
vt 0.580753 0.268832
vt 0.579324 0.269016
vt 0.578352 0.272526
vt 0.588214 0.272473
vt 0.588029 0.268828
vt 0.588941 0.269281
vt 0.330822 0.615697
vt 0.330871 0.617787
vt 0.330508 0.618146
vt 0.331057 0.613248
vt 0.330582 0.620775
vt 0.329979 0.619485
vt 0.329753 0.627755
vt 0.331458 0.611539
vt 0.329670 0.630295
vt 0.329291 0.630295
vt 0.331225 0.607901
vt 0.331562 0.605998
vt 0.332050 0.604041
vt 0.976431 0.866685
vt 0.976885 0.867972
vt 0.976871 0.865367
vt 0.976426 0.868846
vt 0.976431 0.864640
vt 0.976852 0.863023
vt 0.976424 0.862600
vt 0.977101 0.862246
vt 0.976299 0.862186
vt 0.976220 0.869330
vt 0.976765 0.869155
vt 0.356042 0.767361
vt 0.354654 0.765582
vt 0.358240 0.768630
vt 0.359526 0.769079
vt 0.361128 0.768921
vt 0.354041 0.763746
vt 0.354169 0.761681
vt 0.354728 0.759651
vt 0.356687 0.757389
vt 0.355685 0.758301
vt 0.358292 0.756595
vt 0.359415 0.756445
vt 0.361329 0.756297
vt 0.362606 0.756745
vt 0.364310 0.757529
vt 0.366197 0.759804
vt 0.365570 0.758779
vt 0.245896 0.603352
vt 0.241849 0.561095
vt 0.244557 0.603105
vt 0.240690 0.561170
vt 0.241832 0.558405
vt 0.240189 0.556470
vt 0.241769 0.556359
vt 0.239693 0.556109
vt 0.275548 0.598323
vt 0.272976 0.556365
vt 0.271648 0.556109
vt 0.276789 0.598253
vt 0.275664 0.600999
vt 0.277225 0.602999
vt 0.275772 0.603039
vt 0.785999 0.823497
vt 0.785922 0.829230
vt 0.785429 0.821146
vt 0.030982 0.776631
vt 0.030105 0.774143
vt 0.030835 0.778134
vt 0.030373 0.770708
vt 0.031048 0.780737
vt 0.031665 0.782875
vt 0.031210 0.784122
vt 0.031925 0.785370
vt 0.252789 0.507771
vt 0.249404 0.508471
vt 0.250167 0.552600
vt 0.249698 0.507237
vt 0.057061 0.896057
vt 0.056421 0.898465
vt 0.057050 0.893963
vt 0.058867 0.893239
vt 0.057917 0.895946
vt 0.058400 0.892575
vt 0.058867 0.893142
vt 0.157050 0.656924
vt 0.156751 0.649977
vt 0.157827 0.657977
vt 0.157851 0.659983
vt 0.158177 0.662181
vt 0.157416 0.661754
vt 0.156751 0.662876
vt 0.156891 0.662037
vt 0.156440 0.650888
vt 0.156341 0.646001
vt 0.155876 0.641250
vt 0.155861 0.644852
vt 0.155732 0.638816
vt 0.001232 0.673687
vt 0.001910 0.668872
vt 0.001723 0.664900
vt 0.002163 0.663878
vt 0.001127 0.675369
vt 0.000813 0.679923
vt 0.000166 0.682082
vt 0.000030 0.685746
vt 0.754195 0.822925
vt 0.754982 0.829543
vt 0.754117 0.825946
vt 0.753744 0.823249
vt 0.752702 0.821146
vt 0.752224 0.821650
vt 0.753138 0.824600
vt 0.282864 0.556148
vt 0.281303 0.558148
vt 0.282428 0.560895
vt 0.281412 0.556109
vt 0.281181 0.560826
vt 0.278608 0.602824
vt 0.277287 0.603039
vt 0.756296 0.373247
vt 0.758741 0.373967
vt 0.756296 0.374631
vt 0.758505 0.374657
vt 0.758429 0.373150
vt 0.775157 0.167957
vt 0.777500 0.168203
vt 0.775093 0.168203
vt 0.777594 0.167290
vt 0.777852 0.167010
vt 0.777511 0.167251
vt 0.280358 0.692957
vt 0.280018 0.692763
vt 0.280360 0.685808
vt 0.279963 0.695293
vt 0.279905 0.697733
vt 0.279850 0.700076
vt 0.279790 0.702563
vt 0.279973 0.704229
vt 0.246523 0.552313
vt 0.243139 0.553540
vt 0.243149 0.551919
vt 0.060956 0.918797
vt 0.061159 0.914191
vt 0.060278 0.914203
vt 0.061373 0.918829
vt 0.059867 0.918797
vt 0.483678 0.139241
vt 0.479041 0.139381
vt 0.479041 0.138188
vt 0.483678 0.138325
vt 0.899827 0.155703
vt 0.900972 0.155105
vt 0.898214 0.155986
vt 0.967226 0.301722
vt 0.969894 0.302188
vt 0.967136 0.302484
vt 0.969597 0.303228
vt 0.178602 0.914191
vt 0.178695 0.917140
vt 0.178604 0.916253
vt 0.179833 0.914191
vt 0.179322 0.918829
vt 0.181047 0.917193
vt 0.180908 0.915938
vt 0.178606 0.916496
vt 0.977100 0.143437
vt 0.975594 0.143199
vt 0.975616 0.143665
vt 0.976837 0.143769
vt 0.978667 0.143437
vt 0.977182 0.143665
vt 0.977160 0.143199
vt 0.978404 0.143769
vt 0.551792 0.344329
vt 0.552917 0.347714
vt 0.544831 0.344597
vt 0.545095 0.347714
vt 0.553227 0.344394
vt 0.256235 0.551463
vt 0.253582 0.507237
vt 0.252850 0.551974
vt 0.498717 0.898840
vt 0.498498 0.901316
vt 0.497836 0.903787
vt 0.498279 0.903791
vt 0.190760 0.909492
vt 0.190505 0.914129
vt 0.189913 0.909575
vt 0.189566 0.914129
vt 0.986561 0.131922
vt 0.991197 0.132964
vt 0.986560 0.133116
vt 0.991197 0.131945
vt 0.063940 0.918791
vt 0.065210 0.914191
vt 0.065446 0.918829
vt 0.398840 0.172335
vt 0.400346 0.172941
vt 0.399086 0.173216
vt 0.176539 0.914191
vt 0.176095 0.918829
vt 0.177288 0.918829
vt 0.832111 0.120957
vt 0.836749 0.120969
vt 0.836749 0.121737
vt 0.832111 0.121838
vt 0.429424 0.874320
vt 0.428959 0.872620
vt 0.429482 0.871898
vt 0.428601 0.877703
vt 0.429343 0.876295
vt 0.429066 0.879042
vt 0.904106 0.152227
vt 0.903941 0.151658
vt 0.903225 0.152016
vt 0.548464 0.850846
vt 0.548844 0.849532
vt 0.548274 0.848376
vt 0.548844 0.848042
vt 0.548562 0.845975
vt 0.548809 0.843391
vt 0.548388 0.843075
vt 0.548559 0.841823
vt 0.518455 0.902621
vt 0.517894 0.903791
vt 0.517886 0.899873
vt 0.518295 0.898840
vt 0.435325 0.867832
vt 0.435956 0.869806
vt 0.436061 0.862186
vt 0.435180 0.869956
vt 0.934816 0.075220
vt 0.936028 0.076081
vt 0.933581 0.076055
vt 0.937626 0.075223
vt 0.937435 0.076094
vt 0.932968 0.075217
vt 0.930795 0.076098
vt 0.930966 0.075226
vt 0.089942 0.891864
vt 0.090765 0.889005
vt 0.090823 0.892513
vt 0.089942 0.888401
vt 0.090763 0.885996
vt 0.089944 0.886169
vt 0.283445 0.598248
vt 0.284648 0.598322
vt 0.287437 0.556324
vt 0.288816 0.556109
vt 0.284698 0.601552
vt 0.282926 0.602956
vt 0.284430 0.603039
vt 0.841510 0.121838
vt 0.846147 0.121683
vt 0.841510 0.120957
vt 0.846147 0.120969
vt 0.911289 0.075511
vt 0.909805 0.076098
vt 0.914376 0.075217
vt 0.915897 0.075511
vt 0.916949 0.076098
vt 0.516948 0.268767
vt 0.519393 0.267654
vt 0.517043 0.267574
vt 0.519382 0.268767
vt 0.692327 0.724594
vt 0.691758 0.722148
vt 0.692174 0.722148
vt 0.843325 0.904166
vt 0.843643 0.906393
vt 0.843075 0.906497
vt 0.843074 0.908177
vt 0.863691 0.114320
vt 0.860933 0.114095
vt 0.863667 0.113750
vt 0.319444 0.846728
vt 0.319405 0.850510
vt 0.319975 0.849840
vt 0.320145 0.851786
vt 0.318952 0.841823
vt 0.318639 0.843197
vt 0.760083 0.171909
vt 0.758661 0.171535
vt 0.760308 0.171537
vt 0.758669 0.172276
vt 0.758489 0.171395
vt 0.620393 0.049977
vt 0.620480 0.050410
vt 0.621869 0.049841
vt 0.618139 0.050185
vt 0.623355 0.050410
vt 0.624408 0.049841
vt 0.625106 0.050292
vt 0.626576 0.049841
vt 0.627162 0.050410
vt 0.725640 0.060179
vt 0.727331 0.060395
vt 0.724681 0.060664
vt 0.723715 0.060492
vt 0.728843 0.060305
vt 0.728677 0.060749
vt 0.729606 0.060548
vt 0.693326 0.168203
vt 0.695648 0.168031
vt 0.693418 0.167424
vt 0.695648 0.167513
vt 0.696085 0.167010
vt 0.706501 0.874525
vt 0.706483 0.876708
vt 0.707303 0.874128
vt 0.706490 0.872377
vt 0.707268 0.871898
vt 0.706490 0.878616
vt 0.707364 0.878728
vt 0.318799 0.879355
vt 0.318324 0.871898
vt 0.318894 0.874603
vt 0.685120 0.287254
vt 0.684090 0.286684
vt 0.683794 0.287877
vt 0.683614 0.287271
vt 0.461124 0.175863
vt 0.460379 0.176350
vt 0.460242 0.175780
vt 0.999347 0.067093
vt 0.999271 0.061748
vt 0.999086 0.067638
vt 0.177348 0.918829
vt 0.178520 0.914191
vt 0.177348 0.914191
vt 0.178542 0.918829
vt 0.801362 0.050465
vt 0.800790 0.050726
vt 0.796710 0.050608
vt 0.803227 0.050467
vt 0.329287 0.724114
vt 0.329503 0.722148
vt 0.329548 0.724594
vt 0.319107 0.879355
vt 0.318951 0.876735
vt 0.319520 0.871898
vt 0.923346 0.282240
vt 0.923274 0.281854
vt 0.923844 0.281670
vt 0.634116 0.374970
vt 0.636854 0.373151
vt 0.636874 0.374900
vt 0.472112 0.555100
vt 0.471208 0.555734
vt 0.473027 0.553602
vt 0.901286 0.163828
vt 0.900733 0.164132
vt 0.900405 0.163562
vt 0.961123 0.264216
vt 0.959930 0.264695
vt 0.960558 0.263814
vt 0.953038 0.087119
vt 0.955170 0.087149
vt 0.953749 0.087380
vt 0.202096 0.903791
vt 0.202666 0.903791
vt 0.202666 0.898840
vt 0.697067 0.356800
vt 0.697340 0.355919
vt 0.696770 0.356191
vt 0.011601 0.996101
vt 0.011601 0.996101
vt 0.011601 0.996101
vt 0.011601 0.996101
vt 0.011601 0.996101
vt 0.011601 0.996101
vt 0.011601 0.996101
vt 0.011601 0.996101
vt 0.011601 0.996101
vt 0.011601 0.996101
vt 0.011601 0.996101
vt 0.011601 0.996101
vt 0.011601 0.996101
vt 0.011601 0.996101
vt 0.011601 0.996101
vt 0.011601 0.996101
vt 0.011601 0.996101
vt 0.011601 0.996101
vt 0.011601 0.996101
vt 0.011601 0.996101
vt 0.011601 0.996101
vt 0.011601 0.996101
vt 0.011601 0.996101
vt 0.011601 0.996101
vt 0.011601 0.996101
vt 0.011601 0.996101
vt 0.011601 0.996101
vt 0.011601 0.996101
vt 0.011601 0.996101
vt 0.011601 0.996101
vt 0.011601 0.996101
vt 0.011601 0.996101
vt 0.011601 0.996101
vt 0.011601 0.996101
vt 0.011601 0.996101
vt 0.011601 0.996101
vt 0.011601 0.996101
vt 0.011601 0.996101
vt 0.011601 0.996101
vt 0.011601 0.996101
vt 0.011601 0.996101
vt 0.011601 0.996101
vt 0.011601 0.996101
vt 0.011601 0.996101
vt 0.011601 0.996101
vt 0.011601 0.996101
vt 0.011601 0.996101
vt 0.011601 0.996101
vt 0.011601 0.996101
vt 0.011601 0.996101
vt 0.011601 0.996101
vt 0.011601 0.996101
vt 0.011601 0.996101
vt 0.011601 0.996101
vt 0.011601 0.996101
vt 0.011601 0.996101
vt 0.011601 0.996101
vt 0.011601 0.996101
vt 0.011601 0.996101
vt 0.011601 0.996101
vt 0.011601 0.996101
vt 0.011601 0.996101
vt 0.011601 0.996101
vt 0.011601 0.996101
vt 0.011601 0.996101
vt 0.011601 0.996101
vt 0.011601 0.996101
vt 0.011601 0.996101
vt 0.011601 0.996101
vt 0.011601 0.996101
vt 0.011601 0.996101
vt 0.011601 0.996101
vt 0.011601 0.996101
vt 0.011601 0.996101
vt 0.011601 0.996101
vt 0.011601 0.996101
vt 0.011601 0.996101
vt 0.011601 0.996101
vt 0.011601 0.996101
vt 0.011601 0.996101
vt 0.011601 0.996101
vt 0.011601 0.996101
vt 0.011601 0.996101
vt 0.011601 0.996101
vt 0.011601 0.996101
vt 0.011601 0.996101
vt 0.011601 0.996101
vt 0.011601 0.996101
vt 0.011601 0.996101
vt 0.011601 0.996101
vt 0.011601 0.996101
vt 0.011601 0.996101
vt 0.011601 0.996101
vt 0.011601 0.996101
vt 0.011601 0.996101
vt 0.011601 0.996101
vt 0.011601 0.996101
vt 0.011601 0.996101
vt 0.011601 0.996101
vt 0.011601 0.996101
vt 0.011601 0.996101
vt 0.011601 0.996101
vt 0.011601 0.996101
vt 0.011601 0.996101
vt 0.011601 0.996101
vt 0.011601 0.996101
vt 0.011601 0.996101
vt 0.011601 0.996101
vt 0.011601 0.996101
vt 0.011601 0.996101
vt 0.011601 0.996101
vt 0.003900 0.996100
vt 0.003900 0.996100
vt 0.003900 0.996100
vt 0.003900 0.996100
vt 0.003900 0.996100
vt 0.003900 0.996100
vt 0.003900 0.996100
vt 0.003900 0.996100
vt 0.003900 0.996100
vt 0.003900 0.996100
vt 0.003900 0.996100
vt 0.003900 0.996100
vt 0.003900 0.996100
vt 0.003900 0.996100
vt 0.003900 0.996100
vt 0.003900 0.996100
vt 0.003900 0.996100
vt 0.003900 0.996100
vt 0.003900 0.996100
vt 0.003900 0.996100
vt 0.003900 0.996100
vt 0.003900 0.996100
vt 0.003900 0.996100
vt 0.003900 0.996100
vt 0.003900 0.996100
vt 0.003900 0.996100
vt 0.003900 0.996100
vt 0.003900 0.996100
vt 0.003900 0.996100
vt 0.003900 0.996100
vt 0.003900 0.996100
vt 0.003900 0.996100
vt 0.003900 0.996100
vt 0.003900 0.996100
vt 0.003900 0.996100
vt 0.003900 0.996100
vt 0.003900 0.996100
vt 0.003900 0.996100
vt 0.003900 0.996100
vt 0.003900 0.996100
vt 0.003900 0.996100
vt 0.003900 0.996100
vt 0.003900 0.996100
vt 0.003900 0.996100
vt 0.003900 0.996100
vt 0.003900 0.996100
vt 0.003900 0.996100
vt 0.003900 0.996100
vt 0.003900 0.996100
vt 0.003900 0.996100
vt 0.003900 0.996100
vt 0.003900 0.996100
vt 0.003900 0.996100
vt 0.003900 0.996100
vt 0.003900 0.996100
vt 0.003900 0.996100
vt 0.003900 0.996100
vt 0.003900 0.996100
vt 0.003900 0.996100
vt 0.003900 0.996100
vt 0.003900 0.996100
vt 0.003900 0.996100
vt 0.003900 0.996100
vt 0.003900 0.996100
vt 0.003900 0.996100
vt 0.003900 0.996100
vt 0.003900 0.996100
vt 0.003900 0.996100
vt 0.003900 0.996100
vt 0.003900 0.996100
vt 0.003900 0.996100
vt 0.003900 0.996100
vt 0.003900 0.996100
vt 0.003900 0.996100
vt 0.003900 0.996100
vt 0.003900 0.996100
vt 0.003900 0.996100
vt 0.003900 0.996100
vt 0.003900 0.996100
vt 0.003900 0.996100
vt 0.003900 0.996100
vt 0.003900 0.996100
vt 0.003900 0.996100
vt 0.003900 0.996100
vt 0.003900 0.996100
vt 0.003900 0.996100
vt 0.003900 0.996100
vt 0.003900 0.996100
vt 0.003900 0.996100
vt 0.003900 0.996100
vt 0.003900 0.996100
vt 0.003900 0.996100
vt 0.003900 0.996100
vt 0.003900 0.996100
vt 0.003900 0.996100
vt 0.003900 0.996100
vt 0.003900 0.996100
vt 0.003900 0.996100
vt 0.003900 0.996100
vt 0.003900 0.996100
vt 0.003900 0.996100
vt 0.003900 0.996100
vt 0.003900 0.996100
vt 0.003900 0.996100
vt 0.003900 0.996100
vt 0.003900 0.996100
vt 0.003900 0.996100
vt 0.003900 0.996100
vt 0.003900 0.996100
vt 0.003900 0.996100
vt 0.003900 0.996100
vt 0.003900 0.996100
vt 0.003900 0.996100
vt 0.003900 0.996100
vt 0.003900 0.996100
vt 0.003900 0.996100
vt 0.003900 0.996100
vt 0.003900 0.996100
vt 0.003900 0.996100
vt 0.003900 0.996100
vt 0.003900 0.996100
vt 0.003900 0.996100
vt 0.003900 0.996100
vt 0.003900 0.996100
vt 0.003900 0.996100
vt 0.003900 0.996100
vt 0.003900 0.996100
vt 0.003900 0.996100
vt 0.003900 0.996100
vt 0.003900 0.996100
vt 0.003900 0.996100
vt 0.003900 0.996100
vt 0.003900 0.996100
vt 0.003900 0.996100
vt 0.003900 0.996100
vt 0.003900 0.996100
vt 0.003900 0.996100
vt 0.003900 0.996100
vt 0.003900 0.996100
vt 0.003900 0.996100
vt 0.003900 0.996100
vt 0.003900 0.996100
vt 0.003900 0.996100
vt 0.003900 0.996100
vt 0.003900 0.996100
vt 0.003900 0.996100
vt 0.003900 0.996100
vt 0.003900 0.996100
vt 0.003900 0.996100
vt 0.003900 0.996100
vt 0.003900 0.996100
vt 0.003900 0.996100
vt 0.003900 0.996100
vt 0.003900 0.996100
vt 0.003900 0.996100
vt 0.003900 0.996100
vt 0.003900 0.996100
vt 0.003900 0.996100
vt 0.003900 0.996100
vt 0.003900 0.996100
vt 0.003900 0.996100
vt 0.003900 0.996100
vt 0.003900 0.996100
vt 0.003900 0.996100
vt 0.003900 0.996100
vt 0.003900 0.996100
vt 0.003900 0.996100
vt 0.003900 0.996100
vt 0.003900 0.996100
vt 0.003900 0.996100
vt 0.003900 0.996100
vt 0.003900 0.996100
vt 0.003900 0.996100
vt 0.003900 0.996100
vt 0.003900 0.996100
vt 0.003900 0.996100
vt 0.003900 0.996100
vt 0.003900 0.996100
vt 0.003900 0.996100
vt 0.003900 0.996100
vt 0.003900 0.996100
vt 0.003900 0.996100
vt 0.003900 0.996100
vt 0.003900 0.996100
vt 0.003900 0.996100
vt 0.003900 0.996100
vt 0.003900 0.996100
vt 0.003900 0.996100
vt 0.003900 0.996100
vt 0.003900 0.996100
vt 0.003900 0.996100
vt 0.003900 0.996100
vt 0.003900 0.996100
vt 0.003900 0.996100
vt 0.003900 0.996100
vt 0.003900 0.996100
vt 0.003900 0.996100
vt 0.003900 0.996100
vt 0.003900 0.996100
vt 0.003900 0.996100
vt 0.003900 0.996100
vt 0.003900 0.996100
vt 0.003900 0.996100
vt 0.003900 0.996100
vt 0.003900 0.996100
vt 0.003900 0.996100
vt 0.003900 0.996100
vt 0.003900 0.996100
vt 0.003900 0.996100
vt 0.003900 0.996100
vt 0.003900 0.996100
vt 0.003900 0.996100
vt 0.003900 0.996100
vt 0.003900 0.996100
vt 0.003900 0.996100
vt 0.003900 0.996100
vt 0.003900 0.996100
vt 0.003900 0.996100
vt 0.003900 0.996100
vt 0.003900 0.996100
vt 0.003900 0.996100
vt 0.003900 0.996100
vt 0.003900 0.996100
vt 0.003900 0.996100
vt 0.003900 0.996100
vt 0.003900 0.996100
vt 0.003900 0.996100
vt 0.003900 0.996100
vt 0.003900 0.996100
vt 0.003900 0.996100
vt 0.003900 0.996100
vt 0.003900 0.996100
vt 0.003900 0.996100
vt 0.003900 0.996100
vt 0.003900 0.996100
vt 0.003900 0.996100
vt 0.003900 0.996100
vt 0.003900 0.996100
vt 0.003900 0.996100
vt 0.003900 0.996100
vt 0.003900 0.996100
vt 0.003900 0.996100
vt 0.003900 0.996100
vt 0.003900 0.996100
vt 0.003900 0.996100
vt 0.003900 0.996100
vt 0.003900 0.996100
vt 0.003900 0.996100
vt 0.003900 0.996100
vt 0.003900 0.996100
vt 0.003900 0.996100
vt 0.003900 0.996100
vt 0.003900 0.996100
vt 0.003900 0.996100
vt 0.003900 0.996100
vt 0.003900 0.996100
vt 0.003900 0.996100
vt 0.003900 0.996100
vt 0.003900 0.996100
vt 0.003900 0.996100
vt 0.003900 0.996100
vt 0.003900 0.996100
vt 0.003900 0.996100
vt 0.003900 0.996100
vt 0.003900 0.996100
vt 0.003900 0.996100
vt 0.003900 0.996100
vt 0.003900 0.996100
vt 0.003900 0.996100
vt 0.003900 0.996100
vt 0.003900 0.996100
vt 0.003900 0.996100
vt 0.003900 0.996100
vt 0.003900 0.996100
vt 0.003900 0.996100
vt 0.003900 0.996100
vt 0.003900 0.996100
vt 0.003900 0.996100
vt 0.003900 0.996100
vt 0.003900 0.996100
vt 0.003900 0.996100
vt 0.003900 0.996100
vt 0.003900 0.996100
vt 0.003900 0.996100
vt 0.003900 0.996100
vt 0.003900 0.996100
vt 0.003900 0.996100
vt 0.003900 0.996100
vt 0.003900 0.996100
vt 0.003900 0.996100
vt 0.003900 0.996100
vt 0.003900 0.996100
vt 0.003900 0.996100
vt 0.003900 0.996100
vt 0.003900 0.996100
vt 0.003900 0.996100
vt 0.003900 0.996100
vt 0.003900 0.996100
vt 0.003900 0.996100
vt 0.003900 0.996100
vt 0.003900 0.996100
vt 0.003900 0.996100
vt 0.003900 0.996100
vt 0.003900 0.996100
vt 0.003900 0.996100
vt 0.003900 0.996100
vt 0.003900 0.996100
vt 0.003900 0.996100
vt 0.003900 0.996100
vt 0.003900 0.996100
vt 0.003900 0.996100
vt 0.003900 0.996100
vt 0.003900 0.996100
vt 0.003900 0.996100
vt 0.003900 0.996100
vt 0.003900 0.996100
vt 0.003900 0.996100
vt 0.003900 0.996100
vt 0.003900 0.996100
vt 0.003900 0.996100
vt 0.003900 0.996100
vt 0.003900 0.996100
vt 0.003900 0.996100
vt 0.003900 0.996100
vt 0.003900 0.996100
vt 0.003900 0.996100
vt 0.003900 0.996100
vt 0.003900 0.996100
vt 0.003900 0.996100
vt 0.003900 0.996100
vt 0.003900 0.996100
vt 0.003900 0.996100
vt 0.003900 0.996100
vt 0.003900 0.996100
vt 0.003900 0.996100
vt 0.003900 0.996100
vt 0.003900 0.996100
vt 0.003900 0.996100
vt 0.003900 0.996100
vt 0.003900 0.996100
vt 0.003900 0.996100
vt 0.003900 0.996100
vt 0.003900 0.996100
vt 0.003900 0.996100
vt 0.003900 0.996100
vt 0.003900 0.996100
vt 0.003900 0.996100
vt 0.003900 0.996100
vt 0.003900 0.996100
vt 0.003900 0.996100
vt 0.003900 0.996100
vt 0.003900 0.996100
vt 0.003900 0.996100
vt 0.003900 0.996100
vt 0.003900 0.996100
vt 0.003900 0.996100
vt 0.003900 0.996100
vt 0.003900 0.996100
vt 0.003900 0.996100
vt 0.003900 0.996100
vt 0.003900 0.996100
vt 0.003900 0.996100
vt 0.003900 0.996100
vt 0.003900 0.996100
vt 0.003900 0.996100
vt 0.003900 0.996100
vt 0.003900 0.996100
vt 0.003900 0.996100
vt 0.003900 0.996100
vt 0.003900 0.996100
vt 0.003900 0.996100
vt 0.003900 0.996100
vt 0.003900 0.996100
vt 0.003900 0.996100
vt 0.003900 0.996100
vt 0.003900 0.996100
vt 0.003900 0.996100
vt 0.003900 0.996100
vt 0.003900 0.996100
vt 0.003900 0.996100
vt 0.003900 0.996100
vt 0.003900 0.996100
vt 0.003900 0.996100
vt 0.003900 0.996100
vt 0.003900 0.996100
vt 0.003900 0.996100
vt 0.003900 0.996100
vt 0.003900 0.996100
vt 0.003900 0.996100
vt 0.003900 0.996100
vt 0.003900 0.996100
vt 0.003900 0.996100
vt 0.003900 0.996100
vt 0.003900 0.996100
vt 0.003900 0.996100
vt 0.003900 0.996100
vt 0.003900 0.996100
vt 0.003900 0.996100
vt 0.003900 0.996100
vt 0.003900 0.996100
vt 0.003900 0.996100
vt 0.003900 0.996100
vt 0.003900 0.996100
vt 0.003900 0.996100
vt 0.003900 0.996100
vt 0.003900 0.996100
vt 0.003900 0.996100
vt 0.003900 0.996100
vt 0.003900 0.996100
vt 0.003900 0.996100
vt 0.003900 0.996100
vt 0.003900 0.996100
vt 0.003900 0.996100
vt 0.003900 0.996100
vt 0.003900 0.996100
vt 0.003900 0.996100
vt 0.003900 0.996100
vt 0.003900 0.996100
vt 0.003900 0.996100
vt 0.003900 0.996100
vt 0.003900 0.996100
vt 0.003900 0.996100
vt 0.003900 0.996100
vt 0.003900 0.996100
vt 0.003900 0.996100
vt 0.003900 0.996100
vt 0.003900 0.996100
vt 0.003900 0.996100
vt 0.003900 0.996100
vt 0.003900 0.996100
vt 0.003900 0.996100
vt 0.003900 0.996100
vt 0.003900 0.996100
vt 0.003900 0.996100
vt 0.003900 0.996100
vt 0.003900 0.996100
vt 0.003900 0.996100
vt 0.003900 0.996100
vt 0.003900 0.996100
vt 0.003900 0.996100
vt 0.003900 0.996100
vt 0.003900 0.996100
vt 0.003900 0.996100
vt 0.003900 0.996100
vt 0.003900 0.996100
vt 0.003900 0.996100
vt 0.003900 0.996100
vt 0.003900 0.996100
vt 0.003900 0.996100
vt 0.003900 0.996100
vt 0.003900 0.996100
vt 0.003900 0.996100
vt 0.003900 0.996100
vt 0.003900 0.996100
vt 0.003900 0.996100
vt 0.003900 0.996100
vt 0.003900 0.996100
vt 0.003900 0.996100
vt 0.003900 0.996100
vt 0.003900 0.996100
vt 0.003900 0.996100
vt 0.003900 0.996100
vt 0.003900 0.996100
vt 0.003900 0.996100
vt 0.003900 0.996100
vt 0.003900 0.996100
vt 0.003900 0.996100
vt 0.003900 0.996100
vt 0.003900 0.996100
vt 0.003900 0.996100
vt 0.003900 0.996100
vt 0.003900 0.996100
vt 0.011601 0.996101
vt 0.011601 0.996101
vt 0.011601 0.996101
vt 0.011601 0.996101
vt 0.011601 0.996101
vt 0.011601 0.996101
vt 0.011601 0.996101
vt 0.011601 0.996101
vt 0.011601 0.996101
vt 0.011601 0.996101
vt 0.011601 0.996101
vt 0.011601 0.996101
vt 0.011601 0.996101
vt 0.011601 0.996101
vt 0.011601 0.996101
vt 0.011601 0.996101
vt 0.011601 0.996101
vt 0.011601 0.996101
vt 0.011601 0.996101
vt 0.011601 0.996101
vt 0.011601 0.996101
vt 0.011601 0.996101
vt 0.011601 0.996101
vt 0.011601 0.996101
vt 0.011601 0.996101
vt 0.011601 0.996101
vt 0.011601 0.996101
vt 0.011601 0.996101
vt 0.011601 0.996101
vt 0.011601 0.996101
vt 0.011601 0.996101
vt 0.011601 0.996101
vt 0.011601 0.996101
vt 0.011601 0.996101
vt 0.011601 0.996101
vt 0.011601 0.996101
vt 0.011601 0.996101
vt 0.011601 0.996101
vt 0.011601 0.996101
vt 0.011601 0.996101
vt 0.011601 0.996101
vt 0.011601 0.996101
vt 0.011601 0.996101
vt 0.011601 0.996101
vt 0.011601 0.996101
vt 0.011601 0.996101
vt 0.011601 0.996101
vt 0.011601 0.996101
vt 0.011601 0.996101
vt 0.011601 0.996101
vt 0.011601 0.996101
vt 0.011601 0.996101
vt 0.011601 0.996101
vt 0.011601 0.996101
vt 0.011601 0.996101
vt 0.011601 0.996101
vt 0.011601 0.996101
vt 0.011601 0.996101
vt 0.011601 0.996101
vt 0.011601 0.996101
vt 0.011601 0.996101
vt 0.011601 0.996101
vt 0.011601 0.996101
vt 0.011601 0.996101
vt 0.011601 0.996101
vt 0.011601 0.996101
vt 0.011601 0.996101
vt 0.011601 0.996101
vt 0.011601 0.996101
vt 0.011601 0.996101
vt 0.011601 0.996101
vt 0.011601 0.996101
vt 0.011601 0.996101
vt 0.011601 0.996101
vt 0.011601 0.996101
vt 0.011601 0.996101
vt 0.011601 0.996101
vt 0.011601 0.996101
vt 0.011601 0.996101
vt 0.011601 0.996101
vt 0.011601 0.996101
vt 0.011601 0.996101
vt 0.011601 0.996101
vt 0.011601 0.996101
vt 0.011601 0.996101
vt 0.011601 0.996101
vt 0.011601 0.996101
vt 0.011601 0.996101
vt 0.011601 0.996101
vt 0.011601 0.996101
vt 0.011601 0.996101
vt 0.011601 0.996101
vt 0.011601 0.996101
vt 0.011601 0.996101
vt 0.011601 0.996101
vt 0.011601 0.996101
vt 0.011601 0.996101
vt 0.011601 0.996101
vt 0.011601 0.996101
vt 0.011601 0.996101
vt 0.011601 0.996101
vt 0.011601 0.996101
vt 0.011601 0.996101
vt 0.011601 0.996101
vt 0.011601 0.996101
vt 0.011601 0.996101
vt 0.011601 0.996101
vt 0.011601 0.996101
vt 0.011601 0.996101
vt 0.011601 0.996101
vt 0.011601 0.996101
f 1/1 2/2 3/3
f 1/1 4/4 2/2
f 1/1 3/3 5/5
f 1/1 5/5 6/6
f 1/1 7/7 4/4
f 1/1 8/8 7/7
f 1/1 9/9 8/8
f 10/10 11/11 9/9
f 10/10 12/12 11/11
f 10/10 13/13 12/12
f 10/10 14/14 13/13
f 15/15 14/14 10/10
f 16/16 17/17 18/18
f 19/19 16/16 18/18
f 16/16 20/20 17/17
f 21/21 20/20 16/16
f 22/22 16/16 23/23
f 16/16 22/22 24/24
f 19/19 25/25 26/26
f 26/26 25/25 27/27
f 28/28 27/27 29/29
f 30/30 28/28 29/29
f 31/31 26/26 32/32
f 33/33 28/28 31/31
f 31/31 32/32 33/33
f 34/34 25/25 35/35
f 36/36 34/34 35/35
f 34/34 36/36 20/20
f 34/34 24/24 37/37
f 38/38 34/34 37/37
f 39/39 40/40 41/41
f 42/42 39/39 41/41
f 43/43 39/39 44/44
f 44/44 45/45 43/43
f 46/46 45/45 44/44
f 44/44 47/47 46/46
f 46/46 48/48 45/45
f 49/49 48/48 46/46
f 42/42 50/50 49/49
f 48/48 49/49 51/51
f 51/51 49/49 50/50
f 51/51 50/50 52/52
f 52/52 53/53 45/45
f 52/52 50/50 53/53
f 54/54 55/55 56/56
f 57/57 54/54 56/56
f 58/58 54/54 57/57
f 54/54 58/58 59/59
f 58/58 60/60 59/59
f 61/61 60/60 58/58
f 62/62 54/54 59/59
f 62/62 59/59 63/63
f 54/54 62/62 64/64
f 64/64 62/62 65/65
f 64/64 65/65 66/66
f 65/65 67/67 66/66
f 68/68 54/54 64/64
f 68/68 66/66 69/69
f 66/66 70/70 69/69
f 71/71 70/70 67/67
f 71/71 67/67 72/72
f 71/71 72/72 73/73
f 73/73 74/74 71/71
f 73/73 75/75 74/74
f 68/68 69/69 76/76
f 68/68 76/76 77/77
f 68/68 77/77 54/54
f 77/77 76/76 78/78
f 78/78 79/79 77/77
f 79/79 80/80 77/77
f 79/79 81/81 80/80
f 82/82 79/79 78/78
f 79/79 55/55 54/54
f 79/79 83/83 55/55
f 83/83 84/84 55/55
f 84/84 85/85 55/55
f 83/83 79/79 86/86
f 86/86 79/79 82/82
f 87/87 83/83 86/86
f 55/55 85/85 88/88
f 89/89 87/87 86/86
f 82/82 89/89 86/86
f 90/90 87/87 89/89
f 91/91 89/89 82/82
f 90/90 89/89 91/91
f 91/91 92/92 90/90
f 92/92 93/93 94/94
f 94/94 93/93 95/95
f 94/94 95/95 96/96
f 96/96 95/95 97/97
f 98/98 94/94 96/96
f 96/96 99/99 98/98
f 100/100 96/96 101/101
f 102/102 101/101 99/99
f 99/99 101/101 103/103
f 103/103 97/97 104/104
f 99/99 103/103 105/105
f 104/104 106/106 103/103
f 106/106 104/104 107/107
f 105/105 108/108 99/99
f 99/99 108/108 98/98
f 106/106 107/107 109/109
f 109/109 108/108 110/110
f 111/111 107/107 75/75
f 109/109 107/107 112/112
f 112/112 111/111 113/113
f 73/73 113/113 111/111
f 112/112 113/113 114/114
f 114/114 109/109 112/112
f 109/109 114/114 115/115
f 116/116 108/108 109/109
f 115/115 116/116 109/109
f 117/117 108/108 116/116
f 115/115 118/118 116/116
f 119/119 118/118 115/115
f 115/115 120/120 119/119
f 115/115 121/121 120/120
f 121/121 122/122 120/120
f 123/123 117/117 116/116
f 122/122 124/124 120/120
f 123/123 116/116 125/125
f 124/124 123/123 125/125
f 124/124 122/122 123/123
f 124/124 125/125 126/126
f 126/126 125/125 127/127
f 123/123 122/122 128/128
f 123/123 128/128 129/129
f 122/122 130/130 128/128
f 131/131 130/130 122/122
f 128/128 132/132 129/129
f 122/122 133/133 134/134
f 135/135 122/122 134/134
f 136/136 135/135 134/134
f 136/136 137/137 135/135
f 132/132 137/137 136/136
f 138/138 136/136 134/134
f 139/139 129/129 132/132
f 139/139 132/132 136/136
f 138/138 139/139 136/136
f 129/129 139/139 140/140
f 140/140 139/139 138/138
f 141/141 142/142 143/143
f 141/141 143/143 144/144
f 145/145 141/141 144/144
f 146/146 142/142 141/141
f 147/147 142/142 146/146
f 147/147 148/148 142/142
f 149/149 147/147 146/146
f 149/149 146/146 150/150
f 151/151 149/149 150/150
f 152/152 149/149 151/151
f 151/151 150/150 153/153
f 154/154 151/151 153/153
f 154/154 153/153 155/155
f 153/153 156/156 155/155
f 155/155 157/157 154/154
f 158/158 159/159 157/157
f 160/160 159/159 158/158
f 160/160 161/161 162/162
f 163/163 164/164 160/160
f 165/165 166/166 164/164
f 167/167 168/168 169/169
f 170/170 169/169 168/168
f 170/170 171/171 172/172
f 173/173 172/172 171/171
f 174/174 172/172 173/173
f 172/172 174/174 175/175
f 176/176 173/173 177/177
f 176/176 178/178 173/173
f 176/176 169/169 179/179
f 179/179 178/178 176/176
f 179/179 174/174 178/178
f 175/175 174/174 179/179
f 179/179 180/180 175/175
f 181/181 182/182 183/183
f 181/181 184/184 182/182
f 181/181 185/185 184/184
f 183/183 186/186 181/181
f 187/187 188/188 185/185
f 188/188 187/187 189/189
f 187/187 190/190 191/191
f 192/192 186/186 189/189
f 186/186 192/192 193/193
f 194/194 192/192 189/189
f 195/195 194/194 189/189
f 194/194 195/195 196/196
f 194/194 197/197 192/192
f 194/194 196/196 198/198
f 198/198 192/192 197/197
f 196/196 192/192 198/198
f 199/199 200/200 201/201
f 199/199 201/201 202/202
f 199/199 202/202 203/203
f 203/203 202/202 204/204
f 205/205 199/199 203/203
f 204/204 202/202 206/206
f 204/204 206/206 207/207
f 208/208 204/204 207/207
f 209/209 207/207 206/206
f 209/209 210/210 207/207
f 209/209 211/211 210/210
f 212/212 199/199 205/205
f 213/213 212/212 205/205
f 213/213 205/205 214/214
f 215/215 212/212 213/213
f 212/212 215/215 216/216
f 216/216 217/217 212/212
f 218/218 213/213 214/214
f 214/214 219/219 218/218
f 220/220 218/218 221/221
f 222/222 223/223 211/211
f 224/224 223/223 222/222
f 224/224 225/225 223/223
f 226/226 225/225 224/224
f 227/227 225/225 226/226
f 228/228 229/229 230/230
f 228/228 230/230 231/231
f 228/228 231/231 232/232
f 233/233 231/231 230/230
f 234/234 228/228 232/232
f 228/228 234/234 235/235
f 228/228 235/235 236/236
f 236/236 237/237 238/238
f 237/237 239/239 240/240
f 233/233 230/230 241/241
f 233/233 241/241 242/242
f 242/242 241/241 243/243
f 242/242 243/243 244/244
f 245/245 233/233 242/242
f 246/246 233/233 245/245
f 242/242 244/244 247/247
f 245/245 242/242 247/247
f 244/244 248/248 247/247
f 244/244 249/249 248/248
f 247/247 250/250 245/245
f 247/247 248/248 250/250
f 250/250 251/251 245/245
f 232/232 251/251 250/250
f 252/252 250/250 248/248
f 253/253 252/252 254/254
f 255/255 256/256 257/257
f 258/258 256/256 259/259
f 260/260 261/261 256/256
f 262/262 263/263 264/264
f 262/262 264/264 265/265
f 265/265 266/266 262/262
f 266/266 265/265 267/267
f 267/267 265/265 264/264
f 266/266 267/267 268/268
f 264/264 263/263 269/269
f 264/264 269/269 267/267
f 267/267 270/270 268/268
f 271/271 270/270 267/267
f 267/267 269/269 271/271
f 272/272 268/268 270/270
f 271/271 272/272 270/270
f 272/272 273/273 268/268
f 273/273 274/274 268/268
f 275/275 273/273 272/272
f 275/275 272/272 271/271
f 273/273 275/275 276/276
f 277/277 273/273 276/276
f 276/276 275/275 278/278
f 275/275 271/271 278/278
f 279/279 277/277 276/276
f 276/276 278/278 279/279
f 280/280 277/277 279/279
f 280/280 281/281 277/277
f 279/279 278/278 282/282
f 279/279 282/282 280/280
f 280/280 283/283 281/281
f 283/283 280/280 282/282
f 283/283 284/284 281/281
f 284/284 283/283 282/282
f 281/281 284/284 285/285
f 285/285 286/286 281/281
f 285/285 287/287 286/286
f 284/284 282/282 288/288
f 284/284 288/288 285/285
f 289/289 288/288 282/282
f 282/282 278/278 289/289
f 289/289 278/278 290/290
f 290/290 278/278 271/271
f 290/290 291/291 289/289
f 292/292 290/290 271/271
f 292/292 291/291 290/290
f 293/293 288/288 289/289
f 294/294 292/292 271/271
f 291/291 292/292 294/294
f 295/295 291/291 294/294
f 271/271 269/269 294/294
f 295/295 294/294 296/296
f 296/296 294/294 269/269
f 296/296 297/297 295/295
f 296/296 269/269 297/297
f 298/298 288/288 293/293
f 298/298 285/285 288/288
f 298/298 293/293 299/299
f 299/299 285/285 298/298
f 297/297 269/269 300/300
f 299/299 293/293 301/301
f 302/302 301/301 293/293
f 297/297 300/300 303/303
f 303/303 300/300 269/269
f 303/303 304/304 297/297
f 269/269 263/263 303/303
f 305/305 304/304 303/303
f 263/263 306/306 303/303
f 305/305 303/303 306/306
f 305/305 306/306 304/304
f 262/262 306/306 263/263
f 306/306 307/307 304/304
f 308/308 306/306 262/262
f 308/308 262/262 309/309
f 307/307 306/306 310/310
f 307/307 310/310 311/311
f 310/310 306/306 311/311
f 307/307 311/311 312/312
f 311/311 313/313 312/312
f 308/308 309/309 314/314
f 308/308 314/314 306/306
f 315/315 311/311 306/306
f 314/314 315/315 306/306
f 314/314 311/311 315/315
f 316/316 313/313 311/311
f 313/313 316/316 317/317
f 318/318 317/317 316/316
f 318/318 316/316 311/311
f 318/318 319/319 317/317
f 320/320 311/311 314/314
f 320/320 318/318 311/311
f 318/318 320/320 321/321
f 321/321 319/319 318/318
f 321/321 320/320 319/319
f 322/322 319/319 320/320
f 323/323 319/319 322/322
f 323/323 322/322 320/320
f 323/323 324/324 319/319
f 323/323 320/320 325/325
f 323/323 325/325 324/324
f 326/326 325/325 320/320
f 325/325 326/326 324/324
f 314/314 326/326 320/320
f 324/324 326/326 327/327
f 314/314 328/328 326/326
f 327/327 326/326 328/328
f 328/328 314/314 309/309
f 328/328 329/329 327/327
f 330/330 328/328 309/309
f 330/330 329/329 328/328
f 331/331 330/330 309/309
f 329/329 330/330 331/331
f 332/332 333/333 334/334
f 332/332 334/334 335/335
f 332/332 335/335 336/336
f 337/337 333/333 332/332
f 337/337 338/338 333/333
f 339/339 338/338 337/337
f 340/340 341/341 336/336
f 340/340 342/342 341/341
f 343/343 342/342 340/340
f 344/344 342/342 343/343
f 345/345 342/342 344/344
f 345/345 346/346 342/342
f 347/347 348/348 349/349
f 347/347 350/350 348/348
f 348/348 350/350 351/351
f 348/348 351/351 349/349
f 352/352 349/349 351/351
f 351/351 350/350 353/353
f 353/353 350/350 347/347
f 351/351 353/353 354/354
f 354/354 353/353 355/355
f 355/355 353/353 347/347
f 355/355 347/347 356/356
f 347/347 349/349 357/357
f 357/357 356/356 347/347
f 357/357 349/349 358/358
f 355/355 356/356 359/359
f 359/359 356/356 357/357
f 359/359 357/357 358/358
f 355/355 359/359 360/360
f 361/361 359/359 358/358
f 360/360 361/361 362/362
f 363/363 361/361 358/358
f 361/361 363/363 362/362
f 362/362 363/363 364/364
f 364/364 349/349 365/365
f 362/362 364/364 366/366
f 367/367 364/364 365/365
f 367/367 366/366 364/364
f 368/368 367/367 365/365
f 366/366 367/367 369/369
f 369/369 367/367 368/368
f 369/369 368/368 366/366
f 368/368 365/365 370/370
f 366/366 368/368 371/371
f 372/372 371/371 368/368
f 372/372 373/373 371/371
f 373/373 372/372 374/374
f 371/371 375/375 376/376
f 373/373 375/375 371/371
f 377/377 373/373 374/374
f 375/375 373/373 378/378
f 378/378 379/379 375/375
f 377/377 380/380 373/373
f 380/380 378/378 373/373
f 381/381 380/380 377/377
f 381/381 378/378 380/380
f 382/382 381/381 377/377
f 381/381 382/382 378/378
f 377/377 370/370 382/382
f 378/378 382/382 383/383
f 384/384 383/383 382/382
f 370/370 384/384 382/382
f 384/384 385/385 383/383
f 370/370 385/385 384/384
f 385/385 370/370 386/386
f 386/386 387/387 385/385
f 388/388 385/385 387/387
f 386/386 389/389 387/387
f 389/389 388/388 387/387
f 390/390 391/391 392/392
f 390/390 392/392 393/393
f 391/391 390/390 394/394
f 394/394 390/390 395/395
f 395/395 396/396 394/394
f 395/395 397/397 396/396
f 395/395 398/398 397/397
f 399/399 400/400 401/401
f 401/401 400/400 402/402
f 402/402 403/403 401/401
f 400/400 399/399 404/404
f 400/400 404/404 405/405
f 405/405 406/406 402/402
f 402/402 406/406 403/403
f 407/407 403/403 406/406
f 407/407 408/408 403/403
f 403/403 408/408 409/409
f 408/408 410/410 409/409
f 409/409 410/410 411/411
f 412/412 406/406 405/405
f 412/412 413/413 406/406
f 405/405 404/404 414/414
f 405/405 414/414 412/412
f 415/415 413/413 412/412
f 416/416 413/413 415/415
f 417/417 416/416 415/415
f 417/417 418/418 416/416
f 419/419 416/416 418/418
f 419/419 418/418 420/420
f 421/421 414/414 404/404
f 421/421 404/404 399/399
f 422/422 414/414 421/421
f 422/422 412/412 414/414
f 423/423 421/421 399/399
f 399/399 424/424 423/423
f 425/425 424/424 399/399
f 426/426 421/421 423/423
f 423/423 424/424 426/426
f 424/424 427/427 426/426
f 421/421 426/426 428/428
f 428/428 426/426 429/429
f 429/429 426/426 430/430
f 426/426 431/431 430/430
f 428/428 429/429 432/432
f 429/429 430/430 432/432
f 430/430 431/431 433/433
f 433/433 431/431 434/434
f 435/435 433/433 434/434
f 428/428 432/432 436/436
f 437/437 433/433 435/435
f 437/437 438/438 433/433
f 439/439 437/437 435/435
f 435/435 440/440 439/439
f 441/441 439/439 440/440
f 442/442 441/441 440/440
f 443/443 442/442 444/444
f 442/442 445/445 444/444
f 446/446 447/447 444/444
f 446/446 448/448 449/449
f 450/450 448/448 451/451
f 452/452 438/438 437/437
f 453/453 452/452 437/437
f 454/454 452/452 453/453
f 454/454 453/453 455/455
f 455/455 453/453 456/456
f 456/456 457/457 455/455
f 456/456 458/458 457/457
f 452/452 459/459 438/438
f 460/460 459/459 452/452
f 459/459 432/432 438/438
f 457/457 458/458 461/461
f 462/462 432/432 459/459
f 436/436 432/432 462/462
f 459/459 463/463 462/462
f 436/436 462/462 463/463
f 457/457 463/463 459/459
f 457/457 461/461 464/464
f 457/457 464/464 463/463
f 461/461 465/465 464/464
f 466/466 465/465 461/461
f 467/467 466/466 461/461
f 466/466 468/468 465/465
f 469/469 466/466 467/467
f 467/467 470/470 469/469
f 469/469 470/470 471/471
f 468/468 472/472 465/465
f 468/468 473/473 472/472
f 473/473 474/474 472/472
f 464/464 475/475 463/463
f 472/472 475/475 464/464
f 436/436 463/463 475/475
f 472/472 476/476 475/475
f 436/436 475/475 476/476
f 472/472 474/474 476/476
f 436/436 476/476 477/477
f 474/474 477/477 476/476
f 474/474 478/478 477/477
f 477/477 478/478 422/422
f 479/479 478/478 474/474
f 422/422 478/478 480/480
f 479/479 480/480 478/478
f 481/481 479/479 474/474
f 422/422 480/480 482/482
f 479/479 482/482 480/480
f 422/422 482/482 412/412
f 482/482 483/483 412/412
f 484/484 482/482 479/479
f 484/484 483/483 482/482
f 481/481 485/485 479/479
f 481/481 486/486 485/485
f 486/486 487/487 485/485
f 485/485 420/420 484/484
f 485/485 487/487 420/420
f 484/484 418/418 483/483
f 484/484 420/420 418/418
f 483/483 418/418 488/488
f 487/487 489/489 420/420
f 487/487 490/490 489/489
f 489/489 490/490 491/491
f 490/490 492/492 491/491
f 493/493 494/494 495/495
f 494/494 496/496 495/495
f 494/494 493/493 497/497
f 496/496 498/498 499/499
f 497/497 493/493 500/500
f 501/501 500/500 493/493
f 502/502 500/500 501/501
f 502/502 501/501 503/503
f 504/504 503/503 501/501
f 504/504 501/501 505/505
f 504/504 505/505 506/506
f 507/507 506/506 505/505
f 504/504 506/506 508/508
f 509/509 505/505 508/508
f 509/509 508/508 506/506
f 510/510 511/511 512/512
f 510/510 512/512 513/513
f 513/513 512/512 514/514
f 515/515 516/516 514/514
f 517/517 515/515 518/518
f 511/511 510/510 519/519
f 519/519 510/510 520/520
f 521/521 511/511 519/519
f 522/522 511/511 521/521
f 522/522 512/512 511/511
f 523/523 521/521 519/519
f 524/524 512/512 522/522
f 524/524 525/525 512/512
f 524/524 522/522 526/526
f 526/526 522/522 527/527
f 523/523 527/527 521/521
f 526/526 527/527 528/528
f 528/528 527/527 523/523
f 519/519 529/529 523/523
f 519/519 520/520 529/529
f 529/529 530/530 523/523
f 531/531 529/529 520/520
f 529/529 531/531 532/532
f 531/531 520/520 533/533
f 85/85 534/534 535/535
f 85/85 536/536 534/534
f 534/534 536/536 537/537
f 61/61 85/85 535/535
f 536/536 538/538 537/537
f 536/536 85/85 539/539
f 539/539 538/538 536/536
f 85/85 61/61 88/88
f 538/538 539/539 540/540
f 537/537 538/538 541/541
f 540/540 539/539 542/542
f 542/542 539/539 543/543
f 544/544 88/88 61/61
f 544/544 545/545 88/88
f 546/546 545/545 544/544
f 61/61 58/58 544/544
f 540/540 542/542 547/547
f 540/540 547/547 541/541
f 542/542 548/548 547/547
f 547/547 61/61 549/549
f 549/549 541/541 547/547
f 537/537 541/541 549/549
f 61/61 535/535 549/549
f 550/550 537/537 549/549
f 535/535 550/550 549/549
f 551/551 552/552 553/553
f 551/551 553/553 554/554
f 554/554 553/553 555/555
f 554/554 555/555 556/556
f 556/556 555/555 557/557
f 555/555 558/558 557/557
f 559/559 560/560 561/561
f 559/559 561/561 562/562
f 559/559 563/563 560/560
f 562/562 564/564 565/565
f 559/559 562/562 565/565
f 565/565 566/566 559/559
f 559/559 566/566 567/567
f 559/559 567/567 568/568
f 559/559 569/569 563/563
f 563/563 569/569 570/570
f 563/563 570/570 571/571
f 572/572 571/571 573/573
f 572/572 573/573 574/574
f 575/575 576/576 573/573
f 577/577 576/576 575/575
f 578/578 579/579 572/572
f 580/580 572/572 579/579
f 581/581 579/579 578/578
f 578/578 582/582 581/581
f 580/580 579/579 583/583
f 582/582 584/584 581/581
f 583/583 585/585 580/580
f 584/584 585/585 583/583
f 585/585 584/584 582/582
f 586/586 580/580 585/585
f 582/582 586/586 585/585
f 587/587 588/588 589/589
f 590/590 587/587 589/589
f 591/591 587/587 590/590
f 592/592 587/587 591/591
f 593/593 588/588 587/587
f 593/593 594/594 588/588
f 593/593 595/595 594/594
f 596/596 597/597 598/598
f 596/596 598/598 599/599
f 596/596 599/599 600/600
f 596/596 601/601 597/597
f 602/602 601/601 596/596
f 601/601 602/602 603/603
f 603/603 602/602 604/604
f 605/605 606/606 607/607
f 606/606 605/605 608/608
f 606/606 608/608 609/609
f 608/608 605/605 610/610
f 610/610 611/611 608/608
f 609/609 612/612 606/606
f 610/610 605/605 613/613
f 605/605 607/607 613/613
f 614/614 611/611 610/610
f 610/610 613/613 614/614
f 614/614 615/615 611/611
f 614/614 613/613 615/615
f 615/615 616/616 611/611
f 617/617 612/612 609/609
f 615/615 618/618 616/616
f 617/617 619/619 612/612
f 620/620 619/619 617/617
f 612/612 619/619 621/621
f 620/620 621/621 619/619
f 618/618 622/622 616/616
f 623/623 624/624 620/620
f 624/624 621/621 620/620
f 625/625 621/621 624/624
f 625/625 624/624 626/626
f 626/626 627/627 625/625
f 621/621 625/625 627/627
f 628/628 627/627 626/626
f 628/628 629/629 627/627
f 630/630 629/629 628/628
f 627/627 631/631 621/621
f 612/612 621/621 631/631
f 627/627 629/629 632/632
f 630/630 632/632 629/629
f 627/627 632/632 631/631
f 630/630 633/633 632/632
f 633/633 634/634 632/632
f 632/632 634/634 631/631
f 633/633 630/630 635/635
f 635/635 634/634 633/633
f 631/631 634/634 635/635
f 635/635 636/636 631/631
f 635/635 637/637 636/636
f 631/631 636/636 637/637
f 637/637 638/638 631/631
f 638/638 637/637 639/639
f 638/638 639/639 640/640
f 631/631 638/638 640/640
f 641/641 640/640 639/639
f 642/642 631/631 640/640
f 641/641 642/642 640/640
f 643/643 642/642 641/641
f 641/641 644/644 643/643
f 643/643 644/644 642/642
f 642/642 644/644 645/645
f 646/646 631/631 642/642
f 646/646 642/642 645/645
f 612/612 631/631 646/646
f 606/606 612/612 646/646
f 646/646 607/607 606/606
f 646/646 647/647 607/607
f 613/613 607/607 647/647
f 646/646 648/648 647/647
f 613/613 647/647 649/649
f 613/613 649/649 650/650
f 613/613 650/650 651/651
f 651/651 648/648 652/652
f 613/613 651/651 652/652
f 646/646 653/653 648/648
f 653/653 646/646 645/645
f 652/652 648/648 653/653
f 654/654 653/653 645/645
f 655/655 653/653 654/654
f 652/652 653/653 655/655
f 652/652 655/655 654/654
f 652/652 654/654 656/656
f 656/656 654/654 657/657
f 656/656 658/658 652/652
f 658/658 656/656 657/657
f 652/652 658/658 659/659
f 658/658 657/657 659/659
f 659/659 613/613 652/652
f 659/659 615/615 613/613
f 657/657 660/660 659/659
f 661/661 615/615 659/659
f 661/661 618/618 615/615
f 659/659 660/660 662/662
f 661/661 659/659 662/662
f 662/662 660/660 663/663
f 662/662 663/663 661/661
f 664/664 663/663 660/660
f 661/661 663/663 664/664
f 618/618 661/661 622/622
f 661/661 664/664 622/622
f 664/664 660/660 665/665
f 665/665 660/660 666/666
f 667/667 665/665 666/666
f 664/664 665/665 668/668
f 665/665 667/667 668/668
f 664/664 669/669 622/622
f 664/664 668/668 669/669
f 668/668 667/667 670/670
f 670/670 667/667 666/666
f 668/668 670/670 669/669
f 666/666 671/671 670/670
f 669/669 672/672 622/622
f 673/673 671/671 666/666
f 674/674 672/672 669/669
f 622/622 672/672 675/675
f 675/675 672/672 674/674
f 675/675 616/616 622/622
f 674/674 676/676 675/675
f 676/676 674/674 669/669
f 676/676 677/677 675/675
f 669/669 678/678 676/676
f 678/678 677/677 676/676
f 669/669 670/670 678/678
f 678/678 679/679 677/677
f 670/670 679/679 678/678
f 679/679 680/680 677/677
f 679/679 670/670 681/681
f 679/679 681/681 680/680
f 670/670 671/671 681/681
f 681/681 682/682 680/680
f 671/671 682/682 681/681
f 683/683 680/680 682/682
f 682/682 684/684 683/683
f 683/683 684/684 685/685
f 685/685 684/684 682/682
f 685/685 682/682 686/686
f 685/685 686/686 687/687
f 688/688 687/687 686/686
f 688/688 686/686 689/689
f 682/682 689/689 686/686
f 688/688 689/689 673/673
f 690/690 689/689 682/682
f 673/673 689/689 690/690
f 671/671 690/690 682/682
f 690/690 691/691 673/673
f 691/691 671/671 673/673
f 671/671 691/691 690/690
f 692/692 693/693 694/694
f 695/695 692/692 696/696
f 693/693 692/692 697/697
f 698/698 693/693 697/697
f 693/693 698/698 699/699
f 700/700 693/693 701/701
f 701/701 693/693 702/702
f 702/702 693/693 703/703
f 704/704 693/693 699/699
f 705/705 704/704 699/699
f 699/699 706/706 707/707
f 707/707 708/708 699/699
f 709/709 705/705 699/699
f 709/709 699/699 708/708
f 709/709 710/710 705/705
f 708/708 711/711 709/709
f 712/712 706/706 711/711
f 712/712 711/711 708/708
f 705/705 713/713 711/711
f 711/711 713/713 709/709
f 714/714 715/715 716/716
f 716/716 717/717 714/714
f 716/716 718/718 717/717
f 717/717 718/718 719/719
f 720/720 718/718 716/716
f 721/721 718/718 720/720
f 721/721 720/720 722/722
f 723/723 721/721 722/722
f 724/724 721/721 723/723
f 723/723 722/722 725/725
f 725/725 726/726 723/723
f 727/727 726/726 725/725
f 727/727 728/728 726/726
f 725/725 729/729 727/727
f 714/714 730/730 731/731
f 730/730 732/732 731/731
f 730/730 733/733 732/732
f 734/734 733/733 730/730
f 732/732 733/733 735/735
f 736/736 733/733 734/734
f 737/737 735/735 733/733
f 738/738 735/735 737/737
f 739/739 735/735 738/738
f 738/738 740/740 739/739
f 741/741 736/736 734/734
f 742/742 736/736 741/741
f 741/741 743/743 742/742
f 741/741 744/744 743/743
f 745/745 744/744 741/741
f 741/741 746/746 745/745
f 744/744 745/745 747/747
f 747/747 745/745 748/748
f 747/747 748/748 749/749
f 749/749 748/748 750/750
f 749/749 750/750 751/751
f 751/751 750/750 752/752
f 750/750 753/753 752/752
f 751/751 754/754 749/749
f 754/754 755/755 749/749
f 755/755 754/754 756/756
f 754/754 757/757 756/756
f 758/758 756/756 757/757
f 753/753 759/759 760/760
f 753/753 761/761 759/759
f 762/762 759/759 761/761
f 762/762 761/761 763/763
f 763/763 761/761 764/764
f 765/765 762/762 763/763
f 765/765 766/766 762/762
f 765/765 767/767 766/766
f 767/767 768/768 766/766
f 769/769 767/767 765/765
f 770/770 769/769 765/765
f 769/769 770/770 771/771
f 767/767 772/772 768/768
f 772/772 773/773 768/768
f 773/773 774/774 768/768
f 773/773 772/772 775/775
f 775/775 776/776 773/773
f 775/775 777/777 776/776
f 777/777 775/775 778/778
f 779/779 778/778 780/780
f 781/781 779/779 782/782
f 779/779 783/783 782/782
f 784/784 785/785 786/786
f 784/784 787/787 785/785
f 784/784 788/788 787/787
f 789/789 788/788 784/784
f 786/786 790/790 784/784
f 791/791 789/789 784/784
f 784/784 790/790 792/792
f 793/793 792/792 790/790
f 784/784 794/794 791/791
f 792/792 794/794 784/784
f 792/792 793/793 795/795
f 795/795 796/796 792/792
f 796/796 797/797 792/792
f 797/797 794/794 792/792
f 797/797 791/791 794/794
f 798/798 791/791 797/797
f 799/799 791/791 798/798
f 799/799 800/800 801/801
f 802/802 803/803 804/804
f 805/805 802/802 804/804
f 806/806 807/807 805/805
f 805/805 804/804 808/808
f 808/808 809/809 810/810
f 808/808 804/804 811/811
f 804/804 803/803 812/812
f 804/804 812/812 811/811
f 803/803 813/813 812/812
f 812/812 813/813 814/814
f 812/812 814/814 815/815
f 812/812 815/815 816/816
f 811/811 812/812 816/816
f 811/811 816/816 817/817
f 818/818 811/811 817/817
f 819/819 820/820 811/811
f 821/821 822/822 823/823
f 823/823 822/822 824/824
f 825/825 826/826 823/823
f 825/825 827/827 828/828
f 828/828 827/827 829/829
f 822/822 830/830 831/831
f 830/830 832/832 831/831
f 833/833 822/822 831/831
f 831/831 834/834 833/833
f 831/831 835/835 834/834
f 832/832 835/835 831/831
f 836/836 835/835 832/832
f 836/836 837/837 835/835
f 836/836 833/833 837/837
f 837/837 833/833 838/838
f 144/144 836/836 839/839
f 839/839 836/836 840/840
f 841/841 832/832 842/842
f 842/842 843/843 841/841
f 842/842 844/844 843/843
f 845/845 846/846 847/847
f 845/845 847/847 848/848
f 849/849 846/846 845/845
f 850/850 846/846 849/849
f 849/849 851/851 850/850
f 849/849 852/852 851/851
f 849/849 853/853 852/852
f 854/854 855/855 856/856
f 856/856 857/857 854/854
f 855/855 854/854 858/858
f 855/855 859/859 856/856
f 855/855 860/860 859/859
f 855/855 861/861 862/862
f 860/860 855/855 863/863
f 860/860 863/863 864/864
f 865/865 860/860 864/864
f 866/866 865/865 864/864
f 867/867 865/865 866/866
f 867/867 868/868 865/865
f 865/865 868/868 869/869
f 868/868 870/870 869/869
f 869/869 870/870 871/871
f 870/870 868/868 872/872
f 869/869 873/873 872/872
f 872/872 873/873 870/870
f 874/874 875/875 876/876
f 874/874 876/876 877/877
f 874/874 878/878 875/875
f 874/874 879/879 878/878
f 880/880 881/881 879/879
f 882/882 883/883 881/881
f 882/882 884/884 883/883
f 882/882 885/885 884/884
f 886/886 885/885 882/882
f 887/887 888/888 889/889
f 890/890 891/891 888/888
f 892/892 893/893 894/894
f 894/894 895/895 896/896
f 892/892 897/897 898/898
f 899/899 900/900 901/901
f 900/900 902/902 901/901
f 900/900 903/903 902/902
f 901/901 904/904 903/903
f 903/903 905/905 901/901
f 906/906 903/903 900/900
f 906/906 900/900 907/907
f 903/903 908/908 905/905
f 908/908 903/903 906/906
f 906/906 909/909 908/908
f 907/907 909/909 906/906
f 908/908 910/910 905/905
f 910/910 908/908 911/911
f 905/905 910/910 912/912
f 912/912 910/910 911/911
f 899/899 905/905 912/912
f 912/912 911/911 913/913
f 913/913 914/914 912/912
f 913/913 911/911 915/915
f 913/913 916/916 914/914
f 916/916 913/913 915/915
f 899/899 914/914 916/916
f 917/917 916/916 915/915
f 917/917 915/915 918/918
f 917/917 919/919 916/916
f 918/918 919/919 917/917
f 899/899 916/916 919/919
f 899/899 918/918 920/920
f 918/918 921/921 919/919
f 921/921 899/899 919/919
f 918/918 899/899 921/921
f 899/899 922/922 907/907
f 923/923 922/922 924/924
f 925/925 926/926 923/923
f 926/926 925/925 927/927
f 926/926 927/927 928/928
f 928/928 923/923 926/926
f 928/928 922/922 923/923
f 928/928 929/929 922/922
f 929/929 928/928 930/930
f 929/929 930/930 931/931
f 929/929 931/931 922/922
f 932/932 931/931 930/930
f 932/932 933/933 931/931
f 922/922 931/931 934/934
f 932/932 934/934 933/933
f 922/922 934/934 935/935
f 934/934 932/932 935/935
f 936/936 922/922 935/935
f 937/937 935/935 932/932
f 935/935 938/938 936/936
f 937/937 938/938 935/935
f 938/938 937/937 936/936
f 939/939 936/936 937/937
f 939/939 940/940 936/936
f 937/937 940/940 939/939
f 940/940 907/907 936/936
f 937/937 909/909 940/940
f 907/907 940/940 909/909
f 941/941 942/942 943/943
f 941/941 944/944 942/942
f 941/941 945/945 944/944
f 941/941 946/946 945/945
f 941/941 943/943 947/947
f 941/941 947/947 948/948
f 948/948 947/947 949/949
f 946/946 950/950 951/951
f 951/951 950/950 952/952
f 952/952 950/950 953/953
f 953/953 950/950 954/954
f 955/955 956/956 957/957
f 956/956 958/958 959/959
f 960/960 958/958 956/956
f 956/956 961/961 962/962
f 963/963 962/962 964/964
f 965/965 962/962 963/963
f 955/955 966/966 956/956
f 966/966 955/955 967/967
f 955/955 968/968 967/967
f 966/966 968/968 969/969
f 966/966 969/969 823/823
f 970/970 823/823 969/969
f 955/955 971/971 969/969
f 972/972 971/971 955/955
f 957/957 972/972 955/955
f 973/973 972/972 957/957
f 972/972 973/973 969/969
f 973/973 957/957 974/974
f 973/973 974/974 975/975
f 976/976 974/974 970/970
f 973/973 975/975 976/976
f 977/977 970/970 969/969
f 969/969 973/973 977/977
f 977/977 976/976 970/970
f 973/973 976/976 977/977
f 978/978 979/979 980/980
f 979/979 981/981 980/980
f 982/982 983/983 984/984
f 985/985 986/986 983/983
f 987/987 988/988 989/989
f 990/990 988/988 987/987
f 991/991 992/992 993/993
f 992/992 994/994 993/993
f 995/995 992/992 991/991
f 993/993 994/994 996/996
f 994/994 992/992 996/996
f 993/993 996/996 997/997
f 993/993 997/997 998/998
f 999/999 997/997 996/996
f 997/997 999/999 998/998
f 996/996 992/992 1000/1000
f 1000/1000 992/992 995/995
f 999/999 996/996 1001/1001
f 998/998 999/999 1001/1001
f 998/998 1001/1001 1002/1002
f 1003/1003 995/995 991/991
f 1004/1004 1000/1000 995/995
f 1004/1004 995/995 1003/1003
f 1004/1004 1003/1003 1000/1000
f 1000/1000 1003/1003 1005/1005
f 1005/1005 1006/1006 1000/1000
f 1007/1007 1005/1005 1003/1003
f 1007/1007 1006/1006 1005/1005
f 1007/1007 1008/1008 1006/1006
f 1009/1009 1007/1007 1003/1003
f 1009/1009 1008/1008 1007/1007
f 1010/1010 1008/1008 1009/1009
f 1008/1008 1010/1010 1011/1011
f 1009/1009 1012/1012 1011/1011
f 1013/1013 1011/1011 1010/1010
f 1009/1009 1011/1011 1013/1013
f 1013/1013 1010/1010 1009/1009
f 1014/1014 1001/1001 1015/1015
f 1001/1001 1014/1014 1002/1002
f 1014/1014 1015/1015 1016/1016
f 1002/1002 1014/1014 1017/1017
f 1017/1017 1014/1014 1016/1016
f 1017/1017 1018/1018 1002/1002
f 1017/1017 1016/1016 1018/1018
f 1019/1019 1018/1018 1016/1016
f 1020/1020 1002/1002 1018/1018
f 1019/1019 1020/1020 1018/1018
f 1021/1021 1020/1020 1019/1019
f 1021/1021 1019/1019 1022/1022
f 1021/1021 1022/1022 1020/1020
f 1022/1022 1023/1023 1020/1020
f 1024/1024 1023/1023 1022/1022
f 1025/1025 1023/1023 1024/1024
f 1025/1025 1026/1026 1023/1023
f 1025/1025 1024/1024 1026/1026
f 1027/1027 1028/1028 1029/1029
f 1030/1030 1027/1027 1029/1029
f 1031/1031 1032/1032 1029/1029
f 1033/1033 1028/1028 1027/1027
f 1033/1033 1027/1027 1034/1034
f 1035/1035 1029/1029 1028/1028
f 1033/1033 1036/1036 1028/1028
f 1035/1035 1028/1028 1036/1036
f 1037/1037 1036/1036 1033/1033
f 1038/1038 1037/1037 1039/1039
f 1035/1035 1036/1036 1040/1040
f 1040/1040 1041/1041 1035/1035
f 1035/1035 1041/1041 1042/1042
f 1040/1040 1043/1043 1041/1041
f 1044/1044 1045/1045 1046/1046
f 1047/1047 1048/1048 1044/1044
f 1044/1044 1048/1048 1049/1049
f 1050/1050 1051/1051 1052/1052
f 1052/1052 1053/1053 1054/1054
f 1054/1054 1053/1053 1055/1055
f 1056/1056 1057/1057 1058/1058
f 1058/1058 1059/1059 1056/1056
f 1056/1056 1059/1059 1060/1060
f 1056/1056 1060/1060 1061/1061
f 1056/1056 1062/1062 1057/1057
f 1057/1057 1063/1063 1064/1064
f 1065/1065 1057/1057 1062/1062
f 1066/1066 1057/1057 1065/1065
f 1066/1066 1065/1065 1067/1067
f 1065/1065 1068/1068 1067/1067
f 1065/1065 1062/1062 1069/1069
f 1068/1068 1069/1069 1070/1070
f 1069/1069 1062/1062 1071/1071
f 1072/1072 1073/1073 1071/1071
f 1074/1074 1075/1075 1076/1076
f 1077/1077 1075/1075 1074/1074
f 1077/1077 1078/1078 1075/1075
f 1075/1075 1078/1078 1079/1079
f 1077/1077 1080/1080 1078/1078
f 1081/1081 1075/1075 1079/1079
f 1077/1077 1082/1082 1080/1080
f 1074/1074 1082/1082 1077/1077
f 1080/1080 1082/1082 1083/1083
f 1083/1083 1082/1082 1074/1074
f 1083/1083 1084/1084 1080/1080
f 1083/1083 1074/1074 1084/1084
f 1084/1084 1074/1074 1085/1085
f 1076/1076 1085/1085 1074/1074
f 1086/1086 1084/1084 1085/1085
f 1085/1085 1087/1087 1086/1086
f 1086/1086 1087/1087 1088/1088
f 1088/1088 1087/1087 1089/1089
f 1090/1090 1089/1089 1085/1085
f 1088/1088 1089/1089 1090/1090
f 1090/1090 1085/1085 1076/1076
f 1091/1091 1088/1088 1090/1090
f 1092/1092 1090/1090 1076/1076
f 1091/1091 1090/1090 1093/1093
f 1092/1092 1093/1093 1090/1090
f 1093/1093 1094/1094 1091/1091
f 1091/1091 1094/1094 1095/1095
f 1093/1093 1095/1095 1094/1094
f 1096/1096 1095/1095 1093/1093
f 1095/1095 1094/1094 1097/1097
f 1095/1095 1096/1096 1098/1098
f 1098/1098 1096/1096 1093/1093
f 1094/1094 1098/1098 1097/1097
f 1092/1092 1098/1098 1093/1093
f 1097/1097 1098/1098 1092/1092
f 1099/1099 1097/1097 1092/1092
f 1097/1097 1099/1099 1100/1100
f 1101/1101 1100/1100 1099/1099
f 1101/1101 1102/1102 1100/1100
f 1092/1092 1103/1103 1099/1099
f 1103/1103 1102/1102 1101/1101
f 1104/1104 1103/1103 1092/1092
f 1105/1105 1102/1102 1103/1103
f 1105/1105 1103/1103 1104/1104
f 1105/1105 1106/1106 1102/1102
f 1104/1104 1107/1107 1105/1105
f 1108/1108 1105/1105 1107/1107
f 1105/1105 1108/1108 1109/1109
f 1109/1109 1108/1108 1110/1110
f 1111/1111 1107/1107 1104/1104
f 1111/1111 1110/1110 1107/1107
f 1109/1109 1110/1110 1112/1112
f 1112/1112 1110/1110 1111/1111
f 1113/1113 1112/1112 1111/1111
f 1113/1113 1114/1114 1112/1112
f 1112/1112 1114/1114 1115/1115
f 1113/1113 1116/1116 1114/1114
f 1114/1114 1116/1116 1115/1115
f 1113/1113 1111/1111 1117/1117
f 1118/1118 1116/1116 1113/1113
f 1117/1117 1118/1118 1113/1113
f 1118/1118 1119/1119 1116/1116
f 1115/1115 1119/1119 1118/1118
f 1120/1120 1115/1115 1118/1118
f 1120/1120 1118/1118 1117/1117
f 1117/1117 1111/1111 1121/1121
f 1117/1117 1122/1122 1120/1120
f 1117/1117 1123/1123 1122/1122
f 1121/1121 1123/1123 1117/1117
f 1122/1122 1123/1123 1124/1124
f 1125/1125 1120/1120 1122/1122
f 1125/1125 1126/1126 1120/1120
f 1125/1125 1127/1127 1124/1124
f 1124/1124 1128/1128 1125/1125
f 1128/1128 1124/1124 1121/1121
f 1128/1128 1121/1121 1129/1129
f 1130/1130 1128/1128 1129/1129
f 1131/1131 1130/1130 1129/1129
f 1129/1129 1121/1121 1132/1132
f 1121/1121 1133/1133 1132/1132
f 1132/1132 1134/1134 1129/1129
f 1135/1135 1130/1130 1134/1134
f 1135/1135 1134/1134 1136/1136
f 1134/1134 1132/1132 1136/1136
f 1137/1137 1136/1136 1132/1132
f 1137/1137 1138/1138 1136/1136
f 1137/1137 1132/1132 1139/1139
f 1139/1139 1133/1133 1081/1081
f 1140/1140 1138/1138 1137/1137
f 1140/1140 1141/1141 1138/1138
f 1137/1137 1142/1142 1140/1140
f 1142/1142 1141/1141 1140/1140
f 1137/1137 1139/1139 1142/1142
f 1143/1143 1141/1141 1139/1139
f 1081/1081 1079/1079 1139/1139
f 1079/1079 1143/1143 1139/1139
f 1144/1144 1143/1143 1079/1079
f 1143/1143 1144/1144 1145/1145
f 1079/1079 1146/1146 1144/1144
f 1145/1145 1147/1147 1146/1146
f 1146/1146 1079/1079 1078/1078
f 1078/1078 1145/1145 1146/1146
f 1148/1148 1149/1149 1150/1150
f 1150/1150 1149/1149 1151/1151
f 1152/1152 1153/1153 1154/1154
f 1154/1154 1153/1153 1155/1155
f 1154/1154 1155/1155 1156/1156
f 1154/1154 1157/1157 1152/1152
f 1158/1158 1152/1152 1159/1159
f 1160/1160 1161/1161 1162/1162
f 1160/1160 1163/1163 1161/1161
f 1164/1164 1163/1163 1165/1165
f 1166/1166 1163/1163 1164/1164
f 1167/1167 1162/1162 1168/1168
f 1168/1168 1162/1162 1169/1169
f 1168/1168 1169/1169 1170/1170
f 1171/1171 1172/1172 1173/1173
f 1173/1173 1172/1172 1174/1174
f 1175/1175 1174/1174 1176/1176
f 1177/1177 1175/1175 1176/1176
f 1177/1177 1178/1178 1175/1175
f 1179/1179 1178/1178 1177/1177
f 1180/1180 1175/1175 1178/1178
f 1181/1181 1178/1178 1179/1179
f 1182/1182 1173/1173 1180/1180
f 1181/1181 1183/1183 1178/1178
f 1182/1182 1180/1180 1183/1183
f 1172/1172 1183/1183 1181/1181
f 1182/1182 1183/1183 1172/1172
f 1184/1184 1185/1185 1186/1186
f 1187/1187 1188/1188 1185/1185
f 1189/1189 1188/1188 1187/1187
f 1190/1190 1188/1188 1189/1189
f 1191/1191 1192/1192 1193/1193
f 1194/1194 1191/1191 1195/1195
f 1194/1194 1195/1195 1196/1196
f 1196/1196 1195/1195 1197/1197
f 1198/1198 1199/1199 1200/1200
f 1201/1201 1202/1202 1203/1203
f 1202/1202 1204/1204 1205/1205
f 1204/1204 1206/1206 1205/1205
f 1205/1205 1206/1206 1207/1207
f 1208/1208 1206/1206 1204/1204
f 1208/1208 1209/1209 1206/1206
f 1207/1207 1210/1210 1211/1211
f 1212/1212 1213/1213 1214/1214
f 1212/1212 1215/1215 1213/1213
f 1212/1212 1214/1214 1216/1216
f 1216/1216 1214/1214 1217/1217
f 1212/1212 1216/1216 1218/1218
f 1219/1219 1218/1218 1216/1216
f 1212/1212 1218/1218 1220/1220
f 1221/1221 1216/1216 1217/1217
f 1219/1219 1216/1216 1221/1221
f 1212/1212 1222/1222 1215/1215
f 1212/1212 1220/1220 1222/1222
f 1223/1223 1215/1215 1222/1222
f 1224/1224 1215/1215 1223/1223
f 1225/1225 1222/1222 1220/1220
f 1224/1224 1223/1223 1226/1226
f 1226/1226 1223/1223 1227/1227
f 1227/1227 1223/1223 1228/1228
f 1226/1226 1229/1229 1224/1224
f 1229/1229 1226/1226 1230/1230
f 1229/1229 1231/1231 1224/1224
f 1228/1228 1223/1223 1232/1232
f 1232/1232 1223/1223 1222/1222
f 1232/1232 1222/1222 1225/1225
f 1233/1233 1228/1228 1232/1232
f 1234/1234 1233/1233 1232/1232
f 1232/1232 1225/1225 1233/1233
f 1233/1233 1225/1225 1235/1235
f 1236/1236 1225/1225 1235/1235
f 1237/1237 1235/1235 1225/1225
f 1225/1225 1220/1220 1237/1237
f 1237/1237 1220/1220 1238/1238
f 1238/1238 1220/1220 1239/1239
f 1240/1240 1238/1238 1239/1239
f 1240/1240 1239/1239 1219/1219
f 1240/1240 1241/1241 1238/1238
f 1242/1242 1238/1238 1241/1241
f 1243/1243 1242/1242 1241/1241
f 1243/1243 1241/1241 1240/1240
f 1240/1240 1244/1244 1243/1243
f 1245/1245 1240/1240 1219/1219
f 1245/1245 1246/1246 1244/1244
f 1247/1247 1245/1245 1219/1219
f 1245/1245 1247/1247 1246/1246
f 1247/1247 1219/1219 1221/1221
f 1247/1247 1248/1248 1246/1246
f 1247/1247 1221/1221 1248/1248
f 1248/1248 1249/1249 1221/1221
f 1221/1221 1250/1250 1248/1248
f 1251/1251 1252/1252 1253/1253
f 1251/1251 1253/1253 1254/1254
f 1254/1254 1253/1253 1255/1255
f 1252/1252 1256/1256 1253/1253
f 1255/1255 1256/1256 1257/1257
f 1257/1257 1256/1256 1252/1252
f 1252/1252 1258/1258 1257/1257
f 1251/1251 1259/1259 1252/1252
f 1260/1260 1259/1259 1251/1251
f 1259/1259 1260/1260 1252/1252
f 1261/1261 1258/1258 1252/1252
f 1262/1262 1258/1258 1261/1261
f 1262/1262 1263/1263 1258/1258
f 1264/1264 1263/1263 1262/1262
f 1261/1261 1264/1264 1262/1262
f 1261/1261 1252/1252 1264/1264
f 1260/1260 1265/1265 1252/1252
f 1252/1252 1266/1266 1264/1264
f 1264/1264 1266/1266 1267/1267
f 1260/1260 1268/1268 1265/1265
f 1264/1264 1267/1267 1269/1269
f 1264/1264 1269/1269 1270/1270
f 1270/1270 1271/1271 1264/1264
f 1272/1272 1271/1271 1270/1270
f 1270/1270 1273/1273 1272/1272
f 1269/1269 1274/1274 1272/1272
f 1269/1269 1267/1267 1274/1274
f 1275/1275 1274/1274 1267/1267
f 1275/1275 1276/1276 1274/1274
f 1277/1277 1275/1275 1278/1278
f 1279/1279 1276/1276 1275/1275
f 1275/1275 1267/1267 1280/1280
f 1280/1280 1279/1279 1281/1281
f 1279/1279 1282/1282 1276/1276
f 1280/1280 1282/1282 1279/1279
f 1280/1280 1267/1267 1282/1282
f 1267/1267 1283/1283 1282/1282
f 1282/1282 1283/1283 1284/1284
f 1282/1282 1284/1284 1285/1285
f 1285/1285 1286/1286 1282/1282
f 1282/1282 1286/1286 1287/1287
f 1286/1286 1285/1285 1287/1287
f 1287/1287 1288/1288 1282/1282
f 1288/1288 1286/1286 1287/1287
f 1287/1287 1289/1289 1288/1288
f 1287/1287 1285/1285 1289/1289
f 1290/1290 1289/1289 1285/1285
f 1290/1290 1291/1291 1289/1289
f 1292/1292 1291/1291 1290/1290
f 1292/1292 1293/1293 1291/1291
f 1290/1290 1285/1285 1294/1294
f 1293/1293 1292/1292 1295/1295
f 1294/1294 1295/1295 1292/1292
f 1294/1294 1285/1285 1295/1295
f 1285/1285 1296/1296 1295/1295
f 1296/1296 1297/1297 1295/1295
f 1295/1295 1297/1297 1298/1298
f 1296/1296 1299/1299 1297/1297
f 1300/1300 1298/1298 1299/1299
f 1300/1300 1299/1299 1296/1296
f 1301/1301 1298/1298 1300/1300
f 1296/1296 1302/1302 1300/1300
f 1300/1300 1302/1302 1268/1268
f 1268/1268 1303/1303 1300/1300
f 1300/1300 1303/1303 1304/1304
f 1305/1305 1304/1304 1303/1303
f 1305/1305 1303/1303 1268/1268
f 1306/1306 1305/1305 1268/1268
f 1306/1306 1307/1307 1305/1305
f 1306/1306 1308/1308 1307/1307
f 1306/1306 1268/1268 1309/1309
f 1309/1309 1268/1268 1260/1260
f 1310/1310 1308/1308 1306/1306
f 1309/1309 1260/1260 1310/1310
f 1310/1310 1260/1260 1308/1308
f 1260/1260 1311/1311 1308/1308
f 1312/1312 1313/1313 1314/1314
f 1315/1315 1316/1316 1317/1317
f 1318/1318 1319/1319 1320/1320
f 1321/1321 1319/1319 1318/1318
f 1321/1321 1322/1322 1319/1319
f 1321/1321 1318/1318 1323/1323
f 1319/1319 1322/1322 1324/1324
f 1324/1324 1322/1322 1325/1325
f 1324/1324 1325/1325 1326/1326
f 1327/1327 1324/1324 1326/1326
f 1319/1319 1324/1324 1328/1328
f 1327/1327 1328/1328 1324/1324
f 1328/1328 1320/1320 1319/1319
f 1329/1329 1328/1328 1327/1327
f 1328/1328 1329/1329 1320/1320
f 1330/1330 1329/1329 1327/1327
f 1331/1331 1329/1329 1330/1330
f 1320/1320 1329/1329 1331/1331
f 1320/1320 1331/1331 1330/1330
f 1332/1332 1320/1320 1330/1330
f 1333/1333 1320/1320 1332/1332
f 1334/1334 1320/1320 1333/1333
f 1335/1335 1334/1334 1333/1333
f 1336/1336 1334/1334 1335/1335
f 1337/1337 1334/1334 1336/1336
f 1337/1337 1338/1338 1334/1334
f 1334/1334 1338/1338 1320/1320
f 1339/1339 1338/1338 1337/1337
f 1320/1320 1338/1338 1339/1339
f 1337/1337 1340/1340 1339/1339
f 1339/1339 1340/1340 1341/1341
f 1341/1341 1342/1342 1339/1339
f 1343/1343 1342/1342 1341/1341
f 1344/1344 1342/1342 1343/1343
f 1342/1342 1345/1345 1339/1339
f 1345/1345 1342/1342 1344/1344
f 1339/1339 1345/1345 1320/1320
f 1346/1346 1345/1345 1344/1344
f 1347/1347 1320/1320 1345/1345
f 1347/1347 1345/1345 1346/1346
f 1347/1347 1346/1346 1348/1348
f 1347/1347 1348/1348 1320/1320
f 1349/1349 1348/1348 1346/1346
f 1350/1350 1348/1348 1349/1349
f 1351/1351 1348/1348 1350/1350
f 1320/1320 1348/1348 1352/1352
f 1351/1351 1352/1352 1348/1348
f 1320/1320 1352/1352 1318/1318
f 1353/1353 1352/1352 1351/1351
f 1353/1353 1318/1318 1352/1352
f 1353/1353 1351/1351 1354/1354
f 1323/1323 1318/1318 1353/1353
f 1353/1353 1354/1354 1323/1323
f 1355/1355 1356/1356 1357/1357
f 1355/1355 1357/1357 1358/1358
f 1359/1359 1360/1360 1361/1361
f 1359/1359 1362/1362 1360/1360
f 1360/1360 1362/1362 1363/1363
f 1359/1359 1364/1364 1363/1363
f 1365/1365 1363/1363 1362/1362
f 1363/1363 1365/1365 1359/1359
f 1359/1359 1365/1365 1362/1362
f 1359/1359 1361/1361 1366/1366
f 1366/1366 1361/1361 1367/1367
f 1367/1367 1361/1361 1368/1368
f 1369/1369 1366/1366 1367/1367
f 1369/1369 1367/1367 1368/1368
f 1369/1369 1370/1370 1366/1366
f 1369/1369 1368/1368 1370/1370
f 1366/1366 1370/1370 1371/1371
f 1372/1372 1370/1370 1368/1368
f 1370/1370 1373/1373 1371/1371
f 1372/1372 1373/1373 1370/1370
f 1371/1371 1373/1373 1374/1374
f 1372/1372 1375/1375 1373/1373
f 1373/1373 1375/1375 1374/1374
f 1374/1374 1375/1375 1372/1372
f 1374/1374 1372/1372 1376/1376
f 1377/1377 1376/1376 1372/1372
f 1374/1374 1376/1376 1377/1377
f 1377/1377 1372/1372 1378/1378
f 1379/1379 1374/1374 1377/1377
f 1377/1377 1378/1378 1380/1380
f 1381/1381 1380/1380 1378/1378
f 1381/1381 1382/1382 1380/1380
f 1381/1381 1378/1378 1383/1383
f 1381/1381 1383/1383 1382/1382
f 1383/1383 1378/1378 1384/1384
f 1382/1382 1385/1385 1380/1380
f 1383/1383 1385/1385 1382/1382
f 1379/1379 1380/1380 1385/1385
f 1386/1386 1385/1385 1383/1383
f 1387/1387 1385/1385 1386/1386
f 1379/1379 1385/1385 1387/1387
f 1387/1387 1386/1386 1388/1388
f 1388/1388 1389/1389 1387/1387
f 1389/1389 1379/1379 1387/1387
f 1389/1389 1388/1388 1390/1390
f 1389/1389 1390/1390 1379/1379
f 1391/1391 1379/1379 1390/1390
f 1379/1379 1391/1391 1392/1392
f 1391/1391 1390/1390 1393/1393
f 1393/1393 1394/1394 1391/1391
f 1394/1394 1395/1395 1391/1391
f 1394/1394 1393/1393 1395/1395
f 1396/1396 1397/1397 1398/1398
f 1398/1398 1397/1397 285/285
f 299/299 1398/1398 285/285
f 1398/1398 299/299 301/301
f 1396/1396 1398/1398 301/301
f 1397/1397 287/287 285/285
f 1396/1396 301/301 1399/1399
f 1397/1397 1400/1400 287/287
f 1396/1396 1400/1400 1397/1397
f 1401/1401 287/287 1400/1400
f 1402/1402 1396/1396 1399/1399
f 1396/1396 1402/1402 1403/1403
f 1402/1402 1399/1399 1403/1403
f 1400/1400 1396/1396 1403/1403
f 1403/1403 1399/1399 1404/1404
f 1404/1404 1405/1405 1403/1403
f 1401/1401 1406/1406 1405/1405
f 1407/1407 1401/1401 1400/1400
f 1406/1406 1401/1401 1407/1407
f 1403/1403 1407/1407 1400/1400
f 1405/1405 1406/1406 1407/1407
f 1403/1403 1408/1408 1407/1407
f 1408/1408 1405/1405 1407/1407
f 1405/1405 1408/1408 1403/1403
f 1409/1409 1410/1410 1411/1411
f 1410/1410 1412/1412 1411/1411
f 1411/1411 1412/1412 1413/1413
f 1414/1414 1409/1409 1411/1411
f 1414/1414 1411/1411 1415/1415
f 1416/1416 1417/1417 1418/1418
f 1417/1417 1419/1419 1418/1418
f 1419/1419 1420/1420 1418/1418
f 1416/1416 1418/1418 1421/1421
f 1418/1418 1422/1422 1421/1421
f 1421/1421 1423/1423 1416/1416
f 1424/1424 1425/1425 1426/1426
f 1427/1427 1426/1426 1428/1428
f 1429/1429 1430/1430 1431/1431
f 1432/1432 1433/1433 1434/1434
f 1432/1432 1434/1434 1435/1435
f 1436/1436 1437/1437 1438/1438
f 1439/1439 1437/1437 1436/1436
f 1440/1440 1441/1441 1442/1442
f 1443/1443 1441/1441 1440/1440
f 1440/1440 1442/1442 1444/1444
f 1443/1443 1283/1283 1441/1441
f 1444/1444 1442/1442 1445/1445
f 1446/1446 1283/1283 1443/1443
f 1444/1444 1445/1445 1447/1447
f 1446/1446 1448/1448 1283/1283
f 1444/1444 1447/1447 1449/1449
f 1446/1446 1450/1450 1448/1448
f 1449/1449 1447/1447 1451/1451
f 1452/1452 1450/1450 1446/1446
f 1449/1449 1451/1451 1453/1453
f 1452/1452 1454/1454 1450/1450
f 1449/1449 1453/1453 1455/1455
f 1456/1456 1454/1454 1452/1452
f 1455/1455 1453/1453 1457/1457
f 1456/1456 1457/1457 1454/1454
f 1455/1455 1457/1457 1456/1456
f 1458/1458 1459/1459 1460/1460
f 1460/1460 1459/1459 1461/1461
f 1460/1460 1461/1461 1462/1462
f 1458/1458 1463/1463 1459/1459
f 1464/1464 1463/1463 1458/1458
f 1229/1229 1230/1230 1465/1465
f 1465/1465 1230/1230 1466/1466
f 1229/1229 1465/1465 1231/1231
f 1466/1466 1467/1467 1465/1465
f 1465/1465 1467/1467 1231/1231
f 1467/1467 1468/1468 1231/1231
f 1468/1468 1467/1467 1469/1469
f 1470/1470 1471/1471 1469/1469
f 1472/1472 1469/1469 1471/1471
f 1473/1473 1468/1468 1469/1469
f 1473/1473 1469/1469 1472/1472
f 1473/1473 1217/1217 1468/1468
f 1472/1472 1474/1474 1473/1473
f 1474/1474 1217/1217 1473/1473
f 1475/1475 1476/1476 1477/1477
f 1475/1475 1478/1478 1476/1476
f 1479/1479 1475/1475 1477/1477
f 1480/1480 1475/1475 1479/1479
f 1481/1481 1477/1477 1476/1476
f 1481/1481 1482/1482 1477/1477
f 1481/1481 1483/1483 1482/1482
f 1481/1481 1484/1484 1483/1483
f 1485/1485 1478/1478 1475/1475
f 1478/1478 1485/1485 1481/1481
f 1485/1485 1475/1475 1480/1480
f 1481/1481 1485/1485 1484/1484
f 1485/1485 1480/1480 1484/1484
f 1486/1486 1487/1487 1488/1488
f 1489/1489 1490/1490 1491/1491
f 1492/1492 1493/1493 1494/1494
f 1495/1495 1493/1493 1492/1492
f 1493/1493 1496/1496 1494/1494
f 1492/1492 1494/1494 1497/1497
f 1497/1497 1494/1494 1498/1498
f 1498/1498 1499/1499 1497/1497
f 1498/1498 1500/1500 1499/1499
f 1498/1498 1501/1501 1500/1500
f 1498/1498 1502/1502 1501/1501
f 1502/1502 1503/1503 1501/1501
f 1504/1504 1502/1502 1505/1505
f 1504/1504 1505/1505 1506/1506
f 1506/1506 1505/1505 1507/1507
f 1508/1508 1509/1509 1496/1496
f 1510/1510 1509/1509 1508/1508
f 1510/1510 1511/1511 1509/1509
f 1512/1512 1513/1513 1514/1514
f 1515/1515 1512/1512 1514/1514
f 1516/1516 1517/1517 1518/1518
f 1519/1519 1517/1517 1516/1516
f 1517/1517 1520/1520 1521/1521
f 1522/1522 1523/1523 1516/1516
f 1522/1522 1524/1524 1523/1523
f 1525/1525 1526/1526 1527/1527
f 1526/1526 1525/1525 1528/1528
f 1527/1527 1526/1526 1529/1529
f 1527/1527 1529/1529 1530/1530
f 1529/1529 1531/1531 1530/1530
f 1526/1526 1528/1528 1532/1532
f 1531/1531 1533/1533 1534/1534
f 1535/1535 1532/1532 1528/1528
f 1536/1536 1532/1532 1535/1535
f 1536/1536 1537/1537 1532/1532
f 1538/1538 1539/1539 1540/1540
f 1541/1541 1539/1539 1538/1538
f 1542/1542 1538/1538 1540/1540
f 1542/1542 1540/1540 1543/1543
f 1542/1542 1543/1543 1544/1544
f 1544/1544 1545/1545 1546/1546
f 1547/1547 1548/1548 1541/1541
f 1549/1549 1550/1550 1551/1551
f 1552/1552 1551/1551 1553/1553
f 1554/1554 1555/1555 1550/1550
f 1556/1556 1557/1557 1555/1555
f 1558/1558 1557/1557 1556/1556
f 1559/1559 1560/1560 1557/1557
f 1561/1561 1562/1562 1560/1560
f 1563/1563 1564/1564 1562/1562
f 1565/1565 1564/1564 1563/1563
f 1566/1566 1567/1567 1568/1568
f 1568/1568 1567/1567 1569/1569
f 1569/1569 1567/1567 1570/1570
f 1571/1571 1569/1569 1570/1570
f 1571/1571 1570/1570 1572/1572
f 1573/1573 1571/1571 1572/1572
f 1574/1574 1575/1575 1576/1576
f 1577/1577 1575/1575 1574/1574
f 1577/1577 1574/1574 1578/1578
f 1579/1579 1577/1577 1578/1578
f 1580/1580 1579/1579 1578/1578
f 1581/1581 1582/1582 1583/1583
f 1584/1584 1585/1585 1586/1586
f 1584/1584 1587/1587 1585/1585
f 1584/1584 1586/1586 1588/1588
f 1584/1584 1588/1588 1589/1589
f 1589/1589 1590/1590 1591/1591
f 1592/1592 1593/1593 1594/1594
f 1592/1592 1595/1595 1593/1593
f 1596/1596 1597/1597 1598/1598
f 1598/1598 1599/1599 1600/1600
f 1601/1601 1602/1602 1598/1598
f 1603/1603 1604/1604 1605/1605
f 1606/1606 1603/1603 1605/1605
f 1606/1606 1605/1605 1607/1607
f 1607/1607 1608/1608 1606/1606
f 1609/1609 1610/1610 1607/1607
f 1611/1611 1612/1612 1604/1604
f 1613/1613 1612/1612 1614/1614
f 1613/1613 1615/1615 1612/1612
f 1616/1616 1617/1617 1618/1618
f 1618/1618 1617/1617 1619/1619
f 1617/1617 1616/1616 1620/1620
f 1621/1621 1620/1620 1622/1622
f 1621/1621 1622/1622 1623/1623
f 1624/1624 1625/1625 1626/1626
f 1627/1627 1628/1628 1624/1624
f 1629/1629 1628/1628 1630/1630
f 1631/1631 1632/1632 1633/1633
f 1632/1632 1631/1631 1634/1634
f 1633/1633 1632/1632 1635/1635
f 1635/1635 1636/1636 1633/1633
f 1637/1637 1636/1636 1635/1635
f 1638/1638 1639/1639 1640/1640
f 1640/1640 1639/1639 1641/1641
f 1638/1638 1642/1642 1639/1639
f 1643/1643 1644/1644 1645/1645
f 1643/1643 1646/1646 1644/1644
f 1647/1647 1644/1644 1646/1646
f 1647/1647 1648/1648 1644/1644
f 1649/1649 1650/1650 1651/1651
f 1649/1649 1652/1652 1650/1650
f 1649/1649 1653/1653 1652/1652
f 1654/1654 1653/1653 1649/1649
f 1655/1655 1654/1654 1656/1656
f 1657/1657 1658/1658 1659/1659
f 1660/1660 1661/1661 1662/1662
f 1663/1663 1661/1661 1660/1660
f 1662/1662 1664/1664 1660/1660
f 1665/1665 1666/1666 1667/1667
f 1665/1665 1667/1667 1668/1668
f 1669/1669 1670/1670 1671/1671
f 1672/1672 1673/1673 1674/1674
f 1674/1674 1673/1673 1675/1675
f 1676/1676 1677/1677 1678/1678
f 1676/1676 1679/1679 1680/1680
f 1677/1677 1681/1681 1678/1678
f 1678/1678 1681/1681 1682/1682
f 1683/1683 1681/1681 1677/1677
f 1684/1684 1685/1685 1686/1686
f 1684/1684 1686/1686 1687/1687
f 1688/1688 1689/1689 1690/1690
f 1691/1691 1689/1689 1688/1688
f 1692/1692 1693/1693 1694/1694
f 1694/1694 1693/1693 1695/1695
f 1693/1693 1692/1692 1696/1696
f 1697/1697 1698/1698 1699/1699
f 1700/1700 1701/1701 1702/1702
f 1703/1703 1702/1702 1701/1701
f 1704/1704 1705/1705 1706/1706
f 1706/1706 1705/1705 1707/1707
f 1708/1708 1709/1709 1710/1710
f 1708/1708 1711/1711 1709/1709
f 1712/1712 1713/1713 1714/1714
f 1715/1715 1716/1716 1717/1717
f 1718/1718 1719/1719 1720/1720
f 1721/1721 1722/1722 1723/1723
f 1721/1721 1723/1723 1724/1724
f 1725/1725 1726/1726 1727/1727
f 1728/1728 1725/1725 1729/1729
f 1728/1728 1729/1729 1730/1730
f 1731/1731 1732/1732 1733/1733
f 1734/1734 1735/1735 1736/1736
f 1736/1736 1735/1735 1737/1737
f 1736/1736 1737/1737 1738/1738
f 1738/1738 1739/1739 1740/1740
f 1740/1740 1739/1739 1741/1741
f 1742/1742 1743/1743 1744/1744
f 1745/1745 1742/1742 1744/1744
f 1746/1746 1747/1747 1748/1748
f 1749/1749 1747/1747 1746/1746
f 1750/1750 1751/1751 1752/1752
f 1753/1753 1751/1751 1750/1750
f 1753/1753 1754/1754 1751/1751
f 1750/1750 1752/1752 1755/1755
f 1755/1755 1752/1752 1756/1756
f 1755/1755 1756/1756 1757/1757
f 1758/1758 1759/1759 1760/1760
f 1761/1761 1759/1759 1758/1758
f 1761/1761 1762/1762 1759/1759
f 1763/1763 1762/1762 1761/1761
f 1764/1764 1765/1765 1766/1766
f 1766/1766 1765/1765 1767/1767
f 1768/1768 1765/1765 1764/1764
f 1768/1768 1764/1764 1769/1769
f 1768/1768 1769/1769 1770/1770
f 1771/1771 1772/1772 1773/1773
f 1773/1773 1772/1772 1774/1774
f 1775/1775 1776/1776 1777/1777
f 1778/1778 1777/1777 1779/1779
f 1780/1780 1781/1781 1782/1782
f 1780/1780 1783/1783 1781/1781
f 1784/1784 1785/1785 1786/1786
f 1787/1787 1788/1788 1789/1789
f 1789/1789 1788/1788 1790/1790
f 1791/1791 1792/1792 1793/1793
f 1794/1794 1795/1795 1796/1796
f 1796/1796 1795/1795 1797/1797
f 1798/1798 1799/1799 1794/1794
f 1800/1800 1801/1801 1802/1802
f 1801/1801 1803/1803 1804/1804
f 1805/1805 1806/1806 1807/1807
f 1808/1808 1806/1806 1805/1805
f 1807/1807 1806/1806 1809/1809
f 1807/1807 1809/1809 1810/1810
f 1810/1810 1809/1809 1811/1811
f 1810/1810 1811/1811 1812/1812
f 1812/1812 1811/1811 1813/1813
f 1814/1814 1815/1815 1816/1816
f 1814/1814 1816/1816 1817/1817
f 1818/1818 1819/1819 1815/1815
f 1820/1820 1819/1819 1818/1818
f 1821/1821 1822/1822 1823/1823
f 1823/1823 1822/1822 1824/1824
f 1823/1823 1824/1824 1825/1825
f 1826/1826 1827/1827 1828/1828
f 1826/1826 1828/1828 1829/1829
f 1829/1829 1828/1828 1830/1830
f 1831/1831 1832/1832 1827/1827
f 1833/1833 1834/1834 1835/1835
f 1836/1836 1837/1837 1838/1838
f 1838/1838 1837/1837 1839/1839
f 1840/1840 1841/1841 1842/1842
f 1843/1843 1844/1844 1845/1845
f 1846/1846 1847/1847 1848/1848
f 1849/1849 1847/1847 1846/1846
f 1850/1850 1851/1851 1852/1852
f 1850/1850 1853/1853 1851/1851
f 1854/1854 1855/1855 1856/1856
f 1857/1857 1858/1858 1859/1859
f 1860/1860 1861/1861 1862/1862
f 1863/1863 1864/1864 1865/1865
f 1866/1866 1867/1867 1868/1868
f 1869/1869 1870/1870 1871/1871
f 1872/1872 1873/1873 1874/1874
f 1875/1875 1876/1876 1877/1877
f 1878/1878 1879/1879 1880/1880
f 1881/1881 1882/1882 1883/1883
f 1884/1884 1885/1885 1886/1886
f 1886/1886 1885/1885 1887/1887
f 1887/1887 1885/1885 1888/1888
f 1887/1887 1888/1888 1889/1889
f 1889/1889 1888/1888 1890/1890
f 1890/1890 1888/1888 1891/1891
f 1890/1890 1891/1891 1892/1892
f 1892/1892 1891/1891 1893/1893
f 1892/1892 1893/1893 1894/1894
f 1894/1894 1893/1893 1895/1895
f 1894/1894 1895/1895 1896/1896
f 1896/1896 1895/1895 1897/1897
f 1896/1896 1897/1897 1898/1898
f 1898/1898 1897/1897 1899/1899
f 1899/1899 1897/1897 1900/1900
f 1899/1899 1900/1900 1901/1901
f 1901/1901 1900/1900 1902/1902
f 1901/1901 1902/1902 1903/1903
f 1903/1903 1902/1902 1904/1904
f 1903/1903 1904/1904 1905/1905
f 1905/1905 1904/1904 1906/1906
f 1905/1905 1906/1906 1907/1907
f 1907/1907 1906/1906 1908/1908
f 1908/1908 1906/1906 1909/1909
f 1908/1908 1909/1909 1910/1910
f 1910/1910 1909/1909 1911/1911
f 1910/1910 1911/1911 1912/1912
f 1912/1912 1911/1911 1913/1913
f 1912/1912 1913/1913 1914/1914
f 1914/1914 1913/1913 1915/1915
f 1915/1915 1913/1913 1916/1916
f 1915/1915 1916/1916 1917/1917
f 1917/1917 1916/1916 1918/1918
f 1917/1917 1918/1918 1919/1919
f 1919/1919 1918/1918 1920/1920
f 1919/1919 1920/1920 1921/1921
f 1921/1921 1920/1920 1922/1922
f 1921/1921 1922/1922 1923/1923
f 1924/1924 1925/1925 1922/1922
f 1924/1924 1926/1926 1925/1925
f 1924/1924 1927/1927 1926/1926
f 1924/1924 1928/1928 1927/1927
f 1924/1924 1929/1929 1928/1928
f 1924/1924 1930/1930 1929/1929
f 1924/1924 1931/1931 1930/1930
f 1924/1924 1932/1932 1931/1931
f 1924/1924 1933/1933 1932/1932
f 1924/1924 1934/1934 1933/1933
f 1924/1924 1935/1935 1934/1934
f 1924/1924 1936/1936 1935/1935
f 1924/1924 1937/1937 1936/1936
f 1924/1924 1938/1938 1937/1937
f 1924/1924 1939/1939 1938/1938
f 1940/1940 1939/1939 1924/1924
f 1940/1940 1941/1941 1942/1942
f 1942/1942 1941/1941 1943/1943
f 1943/1943 1941/1941 1944/1944
f 1943/1943 1944/1944 1945/1945
f 1945/1945 1944/1944 1946/1946
f 1946/1946 1944/1944 1947/1947
f 1946/1946 1947/1947 1948/1948
f 1948/1948 1947/1947 1949/1949
f 1948/1948 1949/1949 1950/1950
f 1950/1950 1949/1949 1951/1951
f 1950/1950 1951/1951 1952/1952
f 1952/1952 1951/1951 1953/1953
f 1952/1952 1953/1953 1954/1954
f 1954/1954 1953/1953 1955/1955
f 1955/1955 1953/1953 1956/1956
f 1955/1955 1956/1956 1957/1957
f 1957/1957 1956/1956 1958/1958
f 1957/1957 1958/1958 1959/1959
f 1959/1959 1958/1958 1960/1960
f 1959/1959 1960/1960 1961/1961
f 1961/1961 1960/1960 1962/1962
f 1961/1961 1962/1962 1963/1963
f 1963/1963 1962/1962 1964/1964
f 1964/1964 1962/1962 1965/1965
f 1964/1964 1965/1965 1966/1966
f 1966/1966 1965/1965 1967/1967
f 1966/1966 1967/1967 1968/1968
f 1968/1968 1967/1967 1969/1969
f 1968/1968 1969/1969 1970/1970
f 1970/1970 1969/1969 1971/1971
f 1971/1971 1969/1969 1972/1972
f 1971/1971 1972/1972 1973/1973
f 1973/1973 1972/1972 1974/1974
f 1973/1973 1974/1974 1975/1975
f 1975/1975 1974/1974 1976/1976
f 1975/1975 1976/1976 1977/1977
f 1977/1977 1976/1976 1978/1978
f 1977/1977 1978/1978 1979/1979
f 1924/1924 1980/1980 1978/1978
f 1924/1924 1981/1981 1980/1980
f 1924/1924 1982/1982 1981/1981
f 1924/1924 1983/1983 1982/1982
f 1924/1924 1984/1984 1983/1983
f 1924/1924 1985/1985 1984/1984
f 1924/1924 1986/1986 1985/1985
f 1924/1924 1987/1987 1986/1986
f 1924/1924 1988/1988 1987/1987
f 1924/1924 1989/1989 1988/1988
f 1924/1924 1990/1990 1989/1989
f 1924/1924 1991/1991 1990/1990
f 1924/1924 1992/1992 1991/1991
f 1924/1924 1993/1993 1992/1992
f 1924/1924 1994/1994 1993/1993
f 1884/1884 1994/1994 1924/1924
f 1995/1995 1996/1996 1997/1997
f 1998/1998 1996/1996 1995/1995
f 1997/1997 1996/1996 1999/1999
f 2000/2000 1999/1999 1996/1996
f 2000/2000 1996/1996 1998/1998
f 2001/2001 1999/1999 2000/2000
f 2000/2000 2002/2002 2001/2001
f 2000/2000 2003/2003 2002/2002
f 1998/1998 2003/2003 2000/2000
f 1998/1998 2004/2004 2003/2003
f 1998/1998 2005/2005 2004/2004
f 2001/2001 2002/2002 2006/2006
f 2007/2007 2005/2005 1998/1998
f 1998/1998 1995/1995 2007/2007
f 2007/2007 2008/2008 2005/2005
f 2007/2007 2009/2009 2008/2008
f 2001/2001 2006/2006 2010/2010
f 2001/2001 2010/2010 2011/2011
f 2012/2012 2009/2009 2007/2007
f 2012/2012 2013/2013 2009/2009
f 2007/2007 1995/1995 2014/2014
f 2007/2007 2014/2014 2012/2012
f 2012/2012 2015/2015 2013/2013
f 1997/1997 2014/2014 1995/1995
f 2016/2016 2015/2015 2012/2012
f 2016/2016 2017/2017 2015/2015
f 2012/2012 2014/2014 2018/2018
f 2012/2012 2018/2018 2016/2016
f 1997/1997 2018/2018 2014/2014
f 2016/2016 2019/2019 2017/2017
f 2020/2020 2019/2019 2016/2016
f 2020/2020 2021/2021 2019/2019
f 2016/2016 2018/2018 2022/2022
f 2016/2016 2022/2022 2020/2020
f 1997/1997 2022/2022 2018/2018
f 2020/2020 2023/2023 2021/2021
f 2024/2024 2023/2023 2020/2020
f 2024/2024 2025/2025 2023/2023
f 2020/2020 2022/2022 2026/2026
f 2020/2020 2026/2026 2024/2024
f 1997/1997 2026/2026 2022/2022
f 2024/2024 2027/2027 2025/2025
f 2028/2028 2027/2027 2024/2024
f 2028/2028 2029/2029 2027/2027
f 2024/2024 2026/2026 2030/2030
f 2024/2024 2030/2030 2028/2028
f 1997/1997 2030/2030 2026/2026
f 2028/2028 2031/2031 2029/2029
f 2032/2032 2031/2031 2028/2028
f 2032/2032 2033/2033 2031/2031
f 2028/2028 2030/2030 2034/2034
f 2028/2028 2034/2034 2032/2032
f 1997/1997 2034/2034 2030/2030
f 2032/2032 2035/2035 2033/2033
f 2032/2032 2034/2034 2036/2036
f 1997/1997 2036/2036 2034/2034
f 2037/2037 2035/2035 2032/2032
f 2032/2032 2036/2036 2037/2037
f 2037/2037 2038/2038 2035/2035
f 2035/2035 2038/2038 2039/2039
f 2039/2039 2038/2038 2040/2040
f 2040/2040 2038/2038 2041/2041
f 2037/2037 2041/2041 2038/2038
f 2040/2040 2041/2041 2042/2042
f 2037/2037 2036/2036 2043/2043
f 1997/1997 2043/2043 2036/2036
f 2044/2044 2041/2041 2037/2037
f 2037/2037 2043/2043 2044/2044
f 2042/2042 2041/2041 2045/2045
f 2044/2044 2045/2045 2041/2041
f 2042/2042 2045/2045 2046/2046
f 2046/2046 2045/2045 2047/2047
f 2044/2044 2047/2047 2045/2045
f 2046/2046 2047/2047 2048/2048
f 2044/2044 2043/2043 2049/2049
f 1997/1997 2049/2049 2043/2043
f 2050/2050 2047/2047 2044/2044
f 2044/2044 2049/2049 2050/2050
f 2048/2048 2047/2047 2051/2051
f 2050/2050 2051/2051 2047/2047
f 2048/2048 2051/2051 2052/2052
f 2050/2050 2052/2052 2051/2051
f 2048/2048 2052/2052 2053/2053
f 2050/2050 2049/2049 2054/2054
f 1997/1997 2054/2054 2049/2049
f 2055/2055 2052/2052 2050/2050
f 2050/2050 2054/2054 2055/2055
f 2053/2053 2052/2052 2056/2056
f 2055/2055 2056/2056 2052/2052
f 2053/2053 2056/2056 2057/2057
f 2057/2057 2056/2056 2058/2058
f 2055/2055 2058/2058 2056/2056
f 2057/2057 2058/2058 2059/2059
f 2055/2055 2054/2054 2060/2060
f 1997/1997 2060/2060 2054/2054
f 2061/2061 2058/2058 2055/2055
f 2055/2055 2060/2060 2061/2061
f 2059/2059 2058/2058 2062/2062
f 2061/2061 2062/2062 2058/2058
f 2059/2059 2062/2062 2063/2063
f 2061/2061 2060/2060 2064/2064
f 1997/1997 2064/2064 2060/2060
f 2061/2061 2065/2065 2062/2062
f 2063/2063 2062/2062 2065/2065
f 2061/2061 2064/2064 2066/2066
f 2066/2066 2065/2065 2061/2061
f 2063/2063 2065/2065 2067/2067
f 2066/2066 2067/2067 2065/2065
f 2063/2063 2067/2067 2068/2068
f 2068/2068 2067/2067 2069/2069
f 2066/2066 2069/2069 2067/2067
f 2068/2068 2069/2069 2070/2070
f 2066/2066 2064/2064 2071/2071
f 1997/1997 2071/2071 2064/2064
f 2072/2072 2069/2069 2066/2066
f 2066/2066 2071/2071 2072/2072
f 2070/2070 2069/2069 2073/2073
f 2072/2072 2073/2073 2069/2069
f 2070/2070 2073/2073 2074/2074
f 2072/2072 2071/2071 2075/2075
f 1997/1997 2075/2075 2071/2071
f 2072/2072 2076/2076 2073/2073
f 2074/2074 2073/2073 2076/2076
f 2072/2072 2075/2075 2077/2077
f 2077/2077 2076/2076 2072/2072
f 2074/2074 2076/2076 2078/2078
f 2077/2077 2078/2078 2076/2076
f 2074/2074 2078/2078 2079/2079
f 2079/2079 2078/2078 2080/2080
f 2077/2077 2080/2080 2078/2078
f 2079/2079 2080/2080 2081/2081
f 2077/2077 2075/2075 2082/2082
f 1997/1997 2082/2082 2075/2075
f 2083/2083 2080/2080 2077/2077
f 2077/2077 2082/2082 2083/2083
f 2081/2081 2080/2080 2084/2084
f 2083/2083 2084/2084 2080/2080
f 2081/2081 2084/2084 2085/2085
f 2085/2085 2084/2084 2086/2086
f 2083/2083 2086/2086 2084/2084
f 2085/2085 2086/2086 2087/2087
f 2083/2083 2082/2082 2088/2088
f 1997/1997 2088/2088 2082/2082
f 2089/2089 2086/2086 2083/2083
f 2083/2083 2088/2088 2089/2089
f 2087/2087 2086/2086 2090/2090
f 2089/2089 2090/2090 2086/2086
f 2087/2087 2090/2090 2091/2091
f 2089/2089 2091/2091 2090/2090
f 2087/2087 2091/2091 2092/2092
f 2092/2092 2091/2091 2093/2093
f 2094/2094 2093/2093 2091/2091
f 2094/2094 2091/2091 2089/2089
f 2094/2094 2095/2095 2093/2093
f 2089/2089 2088/2088 2096/2096
f 2089/2089 2096/2096 2094/2094
f 1997/1997 2096/2096 2088/2088
f 2094/2094 2096/2096 2097/2097
f 1997/1997 2097/2097 2096/2096
f 2098/2098 2095/2095 2094/2094
f 2094/2094 2097/2097 2098/2098
f 2098/2098 2099/2099 2095/2095
f 2098/2098 2100/2100 2099/2099
f 2098/2098 2101/2101 2100/2100
f 2098/2098 2097/2097 2102/2102
f 1997/1997 2102/2102 2097/2097
f 2103/2103 2101/2101 2098/2098
f 2098/2098 2102/2102 2103/2103
f 2103/2103 2104/2104 2101/2101
f 2105/2105 2104/2104 2103/2103
f 2105/2105 2106/2106 2104/2104
f 2103/2103 2102/2102 2107/2107
f 2103/2103 2107/2107 2105/2105
f 1997/1997 2107/2107 2102/2102
f 2105/2105 2108/2108 2106/2106
f 2109/2109 2108/2108 2105/2105
f 2109/2109 2110/2110 2108/2108
f 2105/2105 2107/2107 2111/2111
f 2105/2105 2111/2111 2109/2109
f 1997/1997 2111/2111 2107/2107
f 2109/2109 2112/2112 2110/2110
f 2113/2113 2112/2112 2109/2109
f 2113/2113 2114/2114 2112/2112
f 2109/2109 2111/2111 2115/2115
f 2109/2109 2115/2115 2113/2113
f 1997/1997 2115/2115 2111/2111
f 2113/2113 2116/2116 2114/2114
f 2117/2117 2116/2116 2113/2113
f 2117/2117 2118/2118 2116/2116
f 2113/2113 2115/2115 2119/2119
f 2113/2113 2119/2119 2117/2117
f 1997/1997 2119/2119 2115/2115
f 2117/2117 2120/2120 2118/2118
f 2121/2121 2120/2120 2117/2117
f 2121/2121 2122/2122 2120/2120
f 2117/2117 2119/2119 2123/2123
f 2117/2117 2123/2123 2121/2121
f 1997/1997 2123/2123 2119/2119
f 2121/2121 2124/2124 2122/2122
f 2125/2125 2124/2124 2121/2121
f 2125/2125 2126/2126 2124/2124
f 2121/2121 2123/2123 2127/2127
f 2121/2121 2127/2127 2125/2125
f 1997/1997 2127/2127 2123/2123
f 2125/2125 2128/2128 2126/2126
f 2129/2129 2128/2128 2125/2125
f 2129/2129 2130/2130 2128/2128
f 2125/2125 2127/2127 2131/2131
f 2125/2125 2131/2131 2129/2129
f 1997/1997 2131/2131 2127/2127
f 2129/2129 2132/2132 2130/2130
f 2133/2133 2132/2132 2129/2129
f 2133/2133 2134/2134 2132/2132
f 2129/2129 2131/2131 2135/2135
f 2129/2129 2135/2135 2133/2133
f 1997/1997 2135/2135 2131/2131
f 2133/2133 2136/2136 2134/2134
f 2133/2133 2135/2135 2137/2137
f 1997/1997 2137/2137 2135/2135
f 2138/2138 2136/2136 2133/2133
f 2133/2133 2137/2137 2138/2138
f 2138/2138 2139/2139 2136/2136
f 2136/2136 2139/2139 2140/2140
f 2140/2140 2139/2139 2141/2141
f 2141/2141 2139/2139 2142/2142
f 2138/2138 2142/2142 2139/2139
f 2141/2141 2142/2142 2143/2143
f 2138/2138 2137/2137 2144/2144
f 1997/1997 2144/2144 2137/2137
f 2145/2145 2142/2142 2138/2138
f 2138/2138 2144/2144 2145/2145
f 2143/2143 2142/2142 2146/2146
f 2145/2145 2146/2146 2142/2142
f 2143/2143 2146/2146 2147/2147
f 2147/2147 2146/2146 2148/2148
f 2145/2145 2148/2148 2146/2146
f 2147/2147 2148/2148 2149/2149
f 2145/2145 2144/2144 2150/2150
f 1997/1997 2150/2150 2144/2144
f 2151/2151 2148/2148 2145/2145
f 2145/2145 2150/2150 2151/2151
f 2149/2149 2148/2148 2152/2152
f 2151/2151 2152/2152 2148/2148
f 2149/2149 2152/2152 2153/2153
f 2151/2151 2153/2153 2152/2152
f 2149/2149 2153/2153 2154/2154
f 2151/2151 2150/2150 2155/2155
f 1997/1997 2155/2155 2150/2150
f 2156/2156 2153/2153 2151/2151
f 2151/2151 2155/2155 2156/2156
f 2154/2154 2153/2153 2157/2157
f 2156/2156 2157/2157 2153/2153
f 2154/2154 2157/2157 2158/2158
f 2158/2158 2157/2157 2159/2159
f 2156/2156 2159/2159 2157/2157
f 2158/2158 2159/2159 2160/2160
f 2156/2156 2155/2155 2161/2161
f 1997/1997 2161/2161 2155/2155
f 2162/2162 2159/2159 2156/2156
f 2156/2156 2161/2161 2162/2162
f 2160/2160 2159/2159 2163/2163
f 2162/2162 2163/2163 2159/2159
f 2160/2160 2163/2163 2164/2164
f 2162/2162 2161/2161 2165/2165
f 1997/1997 2165/2165 2161/2161
f 2162/2162 2166/2166 2163/2163
f 2164/2164 2163/2163 2166/2166
f 2162/2162 2165/2165 2167/2167
f 2167/2167 2166/2166 2162/2162
f 2164/2164 2166/2166 2168/2168
f 2168/2168 2166/2166 2167/2167
f 2164/2164 2168/2168 2169/2169
f 2169/2169 2168/2168 2170/2170
f 2167/2167 2170/2170 2168/2168
f 2169/2169 2170/2170 2171/2171
f 2167/2167 2165/2165 2172/2172
f 1997/1997 2172/2172 2165/2165
f 2173/2173 2170/2170 2167/2167
f 2167/2167 2172/2172 2173/2173
f 2171/2171 2170/2170 2174/2174
f 2173/2173 2174/2174 2170/2170
f 2171/2171 2174/2174 2175/2175
f 2173/2173 2172/2172 2176/2176
f 1997/1997 2176/2176 2172/2172
f 2173/2173 2177/2177 2174/2174
f 2175/2175 2174/2174 2177/2177
f 2173/2173 2176/2176 2178/2178
f 2178/2178 2177/2177 2173/2173
f 2175/2175 2177/2177 2179/2179
f 2178/2178 2179/2179 2177/2177
f 2175/2175 2179/2179 2180/2180
f 2180/2180 2179/2179 2181/2181
f 2178/2178 2181/2181 2179/2179
f 2180/2180 2181/2181 2182/2182
f 2178/2178 2176/2176 2183/2183
f 1997/1997 2183/2183 2176/2176
f 2184/2184 2181/2181 2178/2178
f 2178/2178 2183/2183 2184/2184
f 2182/2182 2181/2181 2185/2185
f 2184/2184 2185/2185 2181/2181
f 2182/2182 2185/2185 2186/2186
f 2186/2186 2185/2185 2187/2187
f 2184/2184 2187/2187 2185/2185
f 2186/2186 2187/2187 2188/2188
f 2184/2184 2183/2183 2189/2189
f 1997/1997 2189/2189 2183/2183
f 2190/2190 2187/2187 2184/2184
f 2184/2184 2189/2189 2190/2190
f 2188/2188 2187/2187 2191/2191
f 2190/2190 2191/2191 2187/2187
f 2188/2188 2191/2191 2192/2192
f 2190/2190 2192/2192 2191/2191
f 2188/2188 2192/2192 2193/2193
f 2193/2193 2192/2192 2194/2194
f 2195/2195 2194/2194 2192/2192
f 2195/2195 2192/2192 2190/2190
f 2195/2195 2011/2011 2194/2194
f 2001/2001 2011/2011 2195/2195
f 2190/2190 2196/2196 2195/2195
f 2190/2190 2189/2189 2196/2196
f 1997/1997 2196/2196 2189/2189
f 2195/2195 2196/2196 2197/2197
f 1997/1997 2197/2197 2196/2196
f 2195/2195 2197/2197 2001/2001
f 1997/1997 1999/1999 2197/2197
f 2001/2001 2197/2197 1999/1999
f 2198/2198 2199/2199 2193/2193
f 2200/2200 2199/2199 2198/2198
f 2201/2201 2199/2199 2200/2200
f 2202/2202 2199/2199 2201/2201
f 2203/2203 2199/2199 2202/2202
f 2204/2204 2199/2199 2203/2203
f 2205/2205 2199/2199 2204/2204
f 2206/2206 2199/2199 2205/2205
f 2207/2207 2199/2199 2206/2206
f 2208/2208 2199/2199 2207/2207
f 2209/2209 2199/2199 2208/2208
f 2210/2210 2199/2199 2209/2209
f 2211/2211 2199/2199 2210/2210
f 2212/2212 2199/2199 2211/2211
f 2213/2213 2199/2199 2212/2212
f 2214/2214 2199/2199 2213/2213
f 2039/2039 2199/2199 2214/2214
f 2140/2140 2199/2199 2215/2215
f 2215/2215 2199/2199 2216/2216
f 2216/2216 2199/2199 2217/2217
f 2217/2217 2199/2199 2218/2218
f 2218/2218 2199/2199 2219/2219
f 2219/2219 2199/2199 2220/2220
f 2220/2220 2199/2199 2221/2221
f 2221/2221 2199/2199 2222/2222
f 2222/2222 2199/2199 2223/2223
f 2223/2223 2199/2199 2224/2224
f 2224/2224 2199/2199 2225/2225
f 2225/2225 2199/2199 2226/2226
f 2226/2226 2199/2199 2227/2227
f 2227/2227 2199/2199 2228/2228
f 2228/2228 2199/2199 2229/2229
f 2229/2229 2199/2199 2230/2230
f 2230/2230 2199/2199 2092/2092
f 2231/2231 2232/2232 2233/2233
f 2233/2233 2232/2232 2234/2234
f 2234/2234 2232/2232 2235/2235
f 2236/2236 2233/2233 2234/2234
f 2234/2234 2235/2235 2237/2237
f 2236/2236 2234/2234 2237/2237
f 2237/2237 2235/2235 2238/2238
f 2238/2238 2235/2235 2239/2239
f 2240/2240 2237/2237 2238/2238
f 2236/2236 2237/2237 2240/2240
f 2238/2238 2239/2239 2241/2241
f 2240/2240 2238/2238 2241/2241
f 2241/2241 2239/2239 2242/2242
f 2243/2243 2233/2233 2236/2236
f 2243/2243 2244/2244 2233/2233
f 2243/2243 2245/2245 2244/2244
f 2246/2246 2245/2245 2243/2243
f 2246/2246 2247/2247 2245/2245
f 2246/2246 2248/2248 2247/2247
f 2241/2241 2242/2242 2249/2249
f 2249/2249 2242/2242 2250/2250
f 2251/2251 2241/2241 2249/2249
f 2240/2240 2241/2241 2251/2251
f 2249/2249 2250/2250 2252/2252
f 2251/2251 2249/2249 2252/2252
f 2252/2252 2250/2250 2253/2253
f 2254/2254 2248/2248 2246/2246
f 2254/2254 2255/2255 2248/2248
f 2254/2254 2256/2256 2255/2255
f 2252/2252 2253/2253 2257/2257
f 2258/2258 2256/2256 2254/2254
f 2258/2258 2259/2259 2256/2256
f 2258/2258 2260/2260 2259/2259
f 2261/2261 2252/2252 2257/2257
f 2251/2251 2252/2252 2261/2261
f 2257/2257 2253/2253 2262/2262
f 2261/2261 2257/2257 2262/2262
f 2262/2262 2253/2253 2263/2263
f 2264/2264 2260/2260 2258/2258
f 2264/2264 2265/2265 2260/2260
f 2264/2264 2266/2266 2265/2265
f 2267/2267 2266/2266 2264/2264
f 2268/2268 2266/2266 2267/2267
f 2267/2267 2269/2269 2268/2268
f 2262/2262 2263/2263 2270/2270
f 2270/2270 2263/2263 2271/2271
f 2272/2272 2262/2262 2270/2270
f 2261/2261 2262/2262 2272/2272
f 2270/2270 2271/2271 2273/2273
f 2272/2272 2270/2270 2273/2273
f 2273/2273 2271/2271 2274/2274
f 2275/2275 2269/2269 2267/2267
f 2275/2275 2276/2276 2269/2269
f 2275/2275 2277/2277 2276/2276
f 2278/2278 2277/2277 2275/2275
f 2278/2278 2279/2279 2277/2277
f 2278/2278 2280/2280 2279/2279
f 2273/2273 2274/2274 2281/2281
f 2281/2281 2274/2274 2282/2282
f 2283/2283 2273/2273 2281/2281
f 2272/2272 2273/2273 2283/2283
f 2281/2281 2282/2282 2284/2284
f 2283/2283 2281/2281 2284/2284
f 2285/2285 2280/2280 2278/2278
f 2285/2285 2286/2286 2280/2280
f 2285/2285 2287/2287 2286/2286
f 2284/2284 2282/2282 2288/2288
f 2288/2288 2282/2282 2289/2289
f 2283/2283 2284/2284 2290/2290
f 2290/2290 2284/2284 2288/2288
f 2291/2291 2287/2287 2285/2285
f 2291/2291 2292/2292 2287/2287
f 2288/2288 2289/2289 2293/2293
f 2290/2290 2288/2288 2293/2293
f 2293/2293 2289/2289 2294/2294
f 2291/2291 2295/2295 2292/2292
f 2293/2293 2294/2294 2296/2296
f 2296/2296 2294/2294 2297/2297
f 2290/2290 2293/2293 2298/2298
f 2298/2298 2293/2293 2296/2296
f 2299/2299 2295/2295 2291/2291
f 2299/2299 2300/2300 2295/2295
f 2296/2296 2297/2297 2301/2301
f 2298/2298 2296/2296 2301/2301
f 2301/2301 2297/2297 2302/2302
f 2302/2302 2297/2297 2303/2303
f 2298/2298 2301/2301 2304/2304
f 2304/2304 2301/2301 2302/2302
f 2302/2302 2303/2303 2305/2305
f 2305/2305 2303/2303 2306/2306
f 2304/2304 2302/2302 2307/2307
f 2307/2307 2302/2302 2305/2305
f 2305/2305 2306/2306 2308/2308
f 2307/2307 2305/2305 2308/2308
f 2308/2308 2306/2306 2309/2309
f 2308/2308 2309/2309 2310/2310
f 2307/2307 2308/2308 2310/2310
f 2310/2310 2309/2309 2311/2311
f 2310/2310 2311/2311 2312/2312
f 2313/2313 2310/2310 2312/2312
f 2307/2307 2310/2310 2313/2313
f 2313/2313 2312/2312 2314/2314
f 2313/2313 2314/2314 2315/2315
f 2315/2315 2314/2314 2316/2316
f 2315/2315 2316/2316 2317/2317
f 2315/2315 2317/2317 2318/2318
f 2318/2318 2317/2317 2319/2319
f 2318/2318 2319/2319 2320/2320
f 2318/2318 2320/2320 2321/2321
f 2321/2321 2320/2320 2322/2322
f 2321/2321 2322/2322 2323/2323
f 2321/2321 2323/2323 2324/2324
f 2324/2324 2323/2323 2325/2325
f 2324/2324 2325/2325 2326/2326
f 2324/2324 2326/2326 2327/2327
f 2327/2327 2326/2326 2328/2328
f 2327/2327 2328/2328 2329/2329
f 2327/2327 2329/2329 2330/2330
f 2330/2330 2329/2329 2331/2331
f 2330/2330 2331/2331 2332/2332
f 2330/2330 2332/2332 2333/2333
f 2333/2333 2332/2332 2334/2334
f 2333/2333 2334/2334 2335/2335
f 2333/2333 2335/2335 2336/2336
f 2336/2336 2335/2335 2337/2337
f 2336/2336 2337/2337 2338/2338
f 2336/2336 2338/2338 2339/2339
f 2339/2339 2338/2338 2340/2340
f 2339/2339 2340/2340 2341/2341
f 2339/2339 2341/2341 2342/2342
f 2342/2342 2341/2341 2343/2343
f 2339/2339 2344/2344 2336/2336
f 2342/2342 2343/2343 2345/2345
f 2339/2339 2346/2346 2344/2344
f 2342/2342 2346/2346 2339/2339
f 2336/2336 2344/2344 2347/2347
f 2336/2336 2347/2347 2333/2333
f 2348/2348 2344/2344 2346/2346
f 2348/2348 2347/2347 2344/2344
f 2342/2342 2349/2349 2346/2346
f 2348/2348 2346/2346 2349/2349
f 2333/2333 2347/2347 2350/2350
f 2348/2348 2350/2350 2347/2347
f 2333/2333 2350/2350 2330/2330
f 2330/2330 2350/2350 2351/2351
f 2348/2348 2351/2351 2350/2350
f 2330/2330 2351/2351 2327/2327
f 2327/2327 2351/2351 2352/2352
f 2348/2348 2352/2352 2351/2351
f 2327/2327 2352/2352 2324/2324
f 2324/2324 2352/2352 2353/2353
f 2348/2348 2353/2353 2352/2352
f 2324/2324 2353/2353 2321/2321
f 2321/2321 2353/2353 2354/2354
f 2348/2348 2354/2354 2353/2353
f 2321/2321 2354/2354 2318/2318
f 2318/2318 2354/2354 2355/2355
f 2348/2348 2355/2355 2354/2354
f 2318/2318 2355/2355 2315/2315
f 2315/2315 2355/2355 2356/2356
f 2348/2348 2356/2356 2355/2355
f 2315/2315 2356/2356 2313/2313
f 2313/2313 2356/2356 2357/2357
f 2348/2348 2357/2357 2356/2356
f 2313/2313 2357/2357 2307/2307
f 2307/2307 2357/2357 2358/2358
f 2348/2348 2358/2358 2357/2357
f 2307/2307 2358/2358 2304/2304
f 2304/2304 2358/2358 2359/2359
f 2348/2348 2359/2359 2358/2358
f 2304/2304 2359/2359 2298/2298
f 2298/2298 2359/2359 2360/2360
f 2348/2348 2360/2360 2359/2359
f 2298/2298 2360/2360 2290/2290
f 2290/2290 2360/2360 2361/2361
f 2348/2348 2361/2361 2360/2360
f 2290/2290 2361/2361 2283/2283
f 2283/2283 2361/2361 2362/2362
f 2348/2348 2362/2362 2361/2361
f 2283/2283 2362/2362 2272/2272
f 2272/2272 2362/2362 2363/2363
f 2348/2348 2363/2363 2362/2362
f 2272/2272 2363/2363 2261/2261
f 2261/2261 2363/2363 2364/2364
f 2348/2348 2364/2364 2363/2363
f 2261/2261 2364/2364 2251/2251
f 2251/2251 2364/2364 2365/2365
f 2348/2348 2365/2365 2364/2364
f 2251/2251 2365/2365 2240/2240
f 2240/2240 2365/2365 2366/2366
f 2348/2348 2366/2366 2365/2365
f 2240/2240 2366/2366 2236/2236
f 2236/2236 2366/2366 2367/2367
f 2348/2348 2367/2367 2366/2366
f 2236/2236 2367/2367 2243/2243
f 2243/2243 2367/2367 2368/2368
f 2348/2348 2368/2368 2367/2367
f 2243/2243 2368/2368 2246/2246
f 2246/2246 2368/2368 2369/2369
f 2348/2348 2369/2369 2368/2368
f 2246/2246 2369/2369 2254/2254
f 2254/2254 2369/2369 2370/2370
f 2348/2348 2370/2370 2369/2369
f 2254/2254 2370/2370 2258/2258
f 2258/2258 2370/2370 2371/2371
f 2348/2348 2371/2371 2370/2370
f 2258/2258 2371/2371 2264/2264
f 2264/2264 2371/2371 2372/2372
f 2348/2348 2372/2372 2371/2371
f 2264/2264 2372/2372 2267/2267
f 2267/2267 2372/2372 2373/2373
f 2348/2348 2373/2373 2372/2372
f 2267/2267 2373/2373 2275/2275
f 2275/2275 2373/2373 2374/2374
f 2348/2348 2374/2374 2373/2373
f 2275/2275 2374/2374 2278/2278
f 2278/2278 2374/2374 2375/2375
f 2348/2348 2375/2375 2374/2374
f 2278/2278 2375/2375 2285/2285
f 2285/2285 2375/2375 2376/2376
f 2348/2348 2376/2376 2375/2375
f 2285/2285 2376/2376 2291/2291
f 2291/2291 2376/2376 2377/2377
f 2348/2348 2377/2377 2376/2376
f 2291/2291 2377/2377 2299/2299
f 2299/2299 2377/2377 2378/2378
f 2348/2348 2378/2378 2377/2377
f 2299/2299 2378/2378 2379/2379
f 2348/2348 2380/2380 2378/2378
f 2379/2379 2378/2378 2380/2380
f 2379/2379 2381/2381 2299/2299
f 2299/2299 2381/2381 2300/2300
f 2381/2381 2382/2382 2300/2300
f 2381/2381 2383/2383 2382/2382
f 2384/2384 2383/2383 2381/2381
f 2379/2379 2384/2384 2381/2381
f 2384/2384 2385/2385 2383/2383
f 2386/2386 2385/2385 2384/2384
f 2379/2379 2386/2386 2384/2384
f 2386/2386 2387/2387 2385/2385
f 2388/2388 2387/2387 2386/2386
f 2379/2379 2388/2388 2386/2386
f 2388/2388 2389/2389 2387/2387
f 2390/2390 2388/2388 2379/2379
f 2379/2379 2380/2380 2390/2390
f 2391/2391 2389/2389 2388/2388
f 2390/2390 2391/2391 2388/2388
f 2392/2392 2389/2389 2391/2391
f 2392/2392 2393/2393 2389/2389
f 2394/2394 2391/2391 2390/2390
f 2394/2394 2392/2392 2391/2391
f 2390/2390 2380/2380 2395/2395
f 2390/2390 2395/2395 2394/2394
f 2348/2348 2395/2395 2380/2380
f 2396/2396 2393/2393 2392/2392
f 2394/2394 2396/2396 2392/2392
f 2396/2396 2397/2397 2393/2393
f 2394/2394 2395/2395 2398/2398
f 2398/2398 2395/2395 2348/2348
f 2399/2399 2396/2396 2394/2394
f 2394/2394 2398/2398 2399/2399
f 2400/2400 2397/2397 2396/2396
f 2399/2399 2400/2400 2396/2396
f 2400/2400 2401/2401 2397/2397
f 2399/2399 2398/2398 2402/2402
f 2348/2348 2402/2402 2398/2398
f 2399/2399 2403/2403 2400/2400
f 2403/2403 2401/2401 2400/2400
f 2399/2399 2402/2402 2404/2404
f 2404/2404 2403/2403 2399/2399
f 2405/2405 2401/2401 2403/2403
f 2404/2404 2405/2405 2403/2403
f 2405/2405 2406/2406 2401/2401
f 2404/2404 2402/2402 2407/2407
f 2348/2348 2407/2407 2402/2402
f 2404/2404 2408/2408 2405/2405
f 2408/2408 2406/2406 2405/2405
f 2408/2408 2409/2409 2406/2406
f 2410/2410 2408/2408 2404/2404
f 2404/2404 2407/2407 2410/2410
f 2411/2411 2409/2409 2408/2408
f 2410/2410 2411/2411 2408/2408
f 2411/2411 2412/2412 2409/2409
f 2410/2410 2407/2407 2413/2413
f 2348/2348 2413/2413 2407/2407
f 2410/2410 2414/2414 2411/2411
f 2414/2414 2412/2412 2411/2411
f 2414/2414 2415/2415 2412/2412
f 2416/2416 2414/2414 2410/2410
f 2410/2410 2413/2413 2416/2416
f 2417/2417 2415/2415 2414/2414
f 2416/2416 2417/2417 2414/2414
f 2418/2418 2415/2415 2417/2417
f 2416/2416 2418/2418 2417/2417
f 2418/2418 2419/2419 2415/2415
f 2416/2416 2413/2413 2420/2420
f 2348/2348 2420/2420 2413/2413
f 2421/2421 2418/2418 2416/2416
f 2416/2416 2420/2420 2421/2421
f 2422/2422 2419/2419 2418/2418
f 2421/2421 2422/2422 2418/2418
f 2422/2422 2423/2423 2419/2419
f 2421/2421 2420/2420 2424/2424
f 2348/2348 2424/2424 2420/2420
f 2421/2421 2425/2425 2422/2422
f 2425/2425 2423/2423 2422/2422
f 2425/2425 2426/2426 2423/2423
f 2427/2427 2425/2425 2421/2421
f 2421/2421 2424/2424 2427/2427
f 2428/2428 2426/2426 2425/2425
f 2427/2427 2428/2428 2425/2425
f 2428/2428 2429/2429 2426/2426
f 2348/2348 2430/2430 2424/2424
f 2427/2427 2424/2424 2430/2430
f 2348/2348 2349/2349 2430/2430
f 2431/2431 2430/2430 2349/2349
f 2427/2427 2430/2430 2431/2431
f 2431/2431 2349/2349 2342/2342
f 2342/2342 2345/2345 2431/2431
f 2427/2427 2432/2432 2428/2428
f 2432/2432 2429/2429 2428/2428
f 2431/2431 2432/2432 2427/2427
f 2433/2433 2429/2429 2432/2432
f 2431/2431 2433/2433 2432/2432
f 2431/2431 2345/2345 2433/2433
f 2433/2433 2434/2434 2429/2429
f 2345/2345 2434/2434 2433/2433
f 2435/2435 2434/2434 2345/2345
f 2435/2435 2436/2436 2437/2437
f 2437/2437 2436/2436 2438/2438
f 2437/2437 2438/2438 2439/2439
f 2437/2437 2439/2439 2440/2440
f 2437/2437 2440/2440 2441/2441
f 2437/2437 2441/2441 2442/2442
f 2437/2437 2442/2442 2443/2443
f 2437/2437 2443/2443 2444/2444
f 2437/2437 2444/2444 2445/2445
f 2437/2437 2445/2445 2446/2446
f 2437/2437 2446/2446 2447/2447
f 2437/2437 2447/2447 2448/2448
f 2437/2437 2448/2448 2449/2449
f 2437/2437 2449/2449 2450/2450
f 2437/2437 2450/2450 2451/2451
f 2437/2437 2451/2451 2311/2311
f 2231/2231 2452/2452 2437/2437
f 2437/2437 2452/2452 2453/2453
f 2437/2437 2453/2453 2454/2454
f 2437/2437 2454/2454 2455/2455
f 2437/2437 2455/2455 2456/2456
f 2437/2437 2456/2456 2457/2457
f 2437/2437 2457/2457 2458/2458
f 2437/2437 2458/2458 2459/2459
f 2437/2437 2459/2459 2460/2460
f 2437/2437 2460/2460 2461/2461
f 2437/2437 2461/2461 2462/2462
f 2437/2437 2462/2462 2463/2463
f 2437/2437 2463/2463 2464/2464
f 2437/2437 2464/2464 2465/2465
f 2437/2437 2465/2465 2466/2466
f 2437/2437 2466/2466 2382/2382
f 2467/2467 2468/2468 2469/2469
f 2469/2469 2468/2468 2470/2470
f 2470/2470 2468/2468 2471/2471
f 2471/2471 2468/2468 2472/2472
f 2472/2472 2468/2468 2473/2473
f 2473/2473 2468/2468 2474/2474
f 2474/2474 2468/2468 2475/2475
f 2475/2475 2468/2468 2476/2476
f 2476/2476 2468/2468 2477/2477
f 2477/2477 2468/2468 2478/2478
f 2478/2478 2468/2468 2479/2479
f 2479/2479 2468/2468 2480/2480
f 2480/2480 2468/2468 2481/2481
f 2481/2481 2468/2468 2482/2482
f 2482/2482 2468/2468 2483/2483
f 2483/2483 2468/2468 2484/2484
f 2484/2484 2468/2468 2485/2485
f 2485/2485 2486/2486 2487/2487
f 2488/2488 2486/2486 2485/2485
f 2488/2488 2489/2489 2486/2486
f 2488/2488 2490/2490 2489/2489
f 2491/2491 2490/2490 2488/2488
f 2491/2491 2492/2492 2490/2490
f 2493/2493 2492/2492 2491/2491
f 2493/2493 2494/2494 2492/2492
f 2495/2495 2494/2494 2493/2493
f 2495/2495 2496/2496 2494/2494
f 2497/2497 2496/2496 2495/2495
f 2497/2497 2498/2498 2496/2496
f 2497/2497 2499/2499 2498/2498
f 2500/2500 2499/2499 2497/2497
f 2500/2500 2501/2501 2499/2499
f 2502/2502 2501/2501 2500/2500
f 2502/2502 2503/2503 2501/2501
f 2504/2504 2503/2503 2502/2502
f 2504/2504 2505/2505 2503/2503
f 2504/2504 2506/2506 2505/2505
f 2507/2507 2506/2506 2504/2504
f 2507/2507 2508/2508 2506/2506
f 2509/2509 2508/2508 2507/2507
f 2509/2509 2510/2510 2508/2508
f 2511/2511 2510/2510 2509/2509
f 2511/2511 2512/2512 2510/2510
f 2513/2513 2512/2512 2511/2511
f 2513/2513 2514/2514 2512/2512
f 2513/2513 2515/2515 2514/2514
f 2516/2516 2515/2515 2513/2513
f 2516/2516 2517/2517 2515/2515
f 2518/2518 2517/2517 2516/2516
f 2518/2518 2519/2519 2517/2517
f 2520/2520 2519/2519 2518/2518
f 2520/2520 2521/2521 2519/2519
f 2522/2522 2521/2521 2520/2520
f 2523/2523 2521/2521 2522/2522
f 2522/2522 2468/2468 2524/2524
f 2524/2524 2468/2468 2525/2525
f 2525/2525 2468/2468 2526/2526
f 2526/2526 2468/2468 2527/2527
f 2527/2527 2468/2468 2528/2528
f 2528/2528 2468/2468 2529/2529
f 2529/2529 2468/2468 2530/2530
f 2530/2530 2468/2468 2531/2531
f 2531/2531 2468/2468 2532/2532
f 2532/2532 2468/2468 2533/2533
f 2533/2533 2468/2468 2534/2534
f 2534/2534 2468/2468 2535/2535
f 2535/2535 2468/2468 2536/2536
f 2536/2536 2468/2468 2537/2537
f 2537/2537 2468/2468 2538/2538
f 2538/2538 2468/2468 2539/2539
f 2539/2539 2468/2468 2540/2540
f 2540/2540 2541/2541 2542/2542
f 2543/2543 2541/2541 2540/2540
f 2543/2543 2544/2544 2541/2541
f 2543/2543 2545/2545 2544/2544
f 2546/2546 2545/2545 2543/2543
f 2546/2546 2547/2547 2545/2545
f 2548/2548 2547/2547 2546/2546
f 2548/2548 2549/2549 2547/2547
f 2550/2550 2549/2549 2548/2548
f 2550/2550 2551/2551 2549/2549
f 2552/2552 2551/2551 2550/2550
f 2552/2552 2553/2553 2551/2551
f 2552/2552 2554/2554 2553/2553
f 2555/2555 2554/2554 2552/2552
f 2555/2555 2556/2556 2554/2554
f 2557/2557 2556/2556 2555/2555
f 2557/2557 2558/2558 2556/2556
f 2559/2559 2558/2558 2557/2557
f 2559/2559 2560/2560 2558/2558
f 2559/2559 2561/2561 2560/2560
f 2562/2562 2561/2561 2559/2559
f 2562/2562 2563/2563 2561/2561
f 2564/2564 2563/2563 2562/2562
f 2564/2564 2565/2565 2563/2563
f 2566/2566 2565/2565 2564/2564
f 2566/2566 2567/2567 2565/2565
f 2568/2568 2567/2567 2566/2566
f 2568/2568 2569/2569 2567/2567
f 2568/2568 2570/2570 2569/2569
f 2571/2571 2570/2570 2568/2568
f 2571/2571 2572/2572 2570/2570
f 2573/2573 2572/2572 2571/2571
f 2573/2573 2574/2574 2572/2572
f 2575/2575 2574/2574 2573/2573
f 2575/2575 2576/2576 2574/2574
f 2467/2467 2576/2576 2575/2575
f 2577/2577 2576/2576 2467/2467
