# Perseverance visual mesh from JPL ops GLTF
mtllib rover.mtl
usemtl rover
v 0.124901 -0.014072 -0.075360
v 0.198743 -0.041443 -0.068927
v 0.111937 -0.003801 -0.081935
v 0.116534 -0.010789 -0.076258
v 0.118001 -0.014400 -0.073062
v 0.112573 -0.012565 -0.073289
v 0.121530 -0.018086 -0.070318
v 0.108623 -0.016890 -0.067857
v 0.111781 -0.019804 -0.074499
v 0.117271 -0.017506 -0.078350
v 0.096987 0.001691 -0.083170
v 0.094114 -0.004925 -0.075658
v 0.203694 -0.036887 -0.075072
v 0.199279 -0.046276 -0.064303
v 0.219564 -0.043728 -0.072571
v 0.215927 -0.046261 -0.077669
v 0.214678 -0.046932 -0.067993
v 0.087609 0.003453 -0.081374
v 0.086353 -0.001969 -0.074838
v 0.076816 0.011615 -0.073188
v 0.078627 0.005083 -0.067771
v 0.103065 -0.017815 -0.065363
v 0.096159 -0.020499 -0.060523
v 0.103658 -0.026142 -0.057164
v 0.108219 -0.031662 -0.052881
v 0.096172 -0.031290 -0.049693
v 0.117485 -0.038597 -0.048576
v 0.110328 -0.031236 -0.053916
v 0.113965 -0.029408 -0.056772
v 0.109708 -0.034376 -0.057821
v 0.109222 -0.035977 -0.056070
v 0.129980 -0.044130 -0.051347
v 0.144096 -0.045500 -0.049165
v 0.116233 -0.042560 -0.052924
v 0.104127 -0.038053 -0.045686
v 0.111899 -0.042855 -0.042758
v 0.104179 -0.045644 -0.038063
v 0.099926 -0.041389 -0.041501
v 0.096376 -0.045919 -0.035840
v 0.096375 -0.036774 -0.045247
v 0.143335 -0.051812 -0.048494
v 0.130628 -0.048941 -0.041960
v 0.117144 -0.048916 -0.038111
v 0.108187 -0.052825 -0.031640
v 0.096286 -0.052676 -0.028272
v 0.110422 -0.053900 -0.031218
v 0.107616 -0.056557 -0.034670
v 0.109728 -0.057114 -0.035272
v 0.156811 -0.049065 -0.049195
v 0.142939 -0.049722 -0.053373
v 0.158503 -0.051318 -0.055025
v 0.193045 -0.053227 -0.055520
v 0.189334 -0.054152 -0.053517
v 0.199822 -0.058301 -0.052429
v 0.187835 -0.057157 -0.050081
v 0.199225 -0.063783 -0.046682
v 0.208516 -0.062759 -0.050431
v 0.187012 -0.052908 -0.060873
v 0.172565 -0.049121 -0.056494
v 0.198569 -0.049459 -0.069495
v 0.199047 -0.053208 -0.057232
v 0.205537 -0.049639 -0.062696
v 0.221755 -0.049011 -0.067899
v 0.217873 -0.047364 -0.068487
v 0.214624 -0.052699 -0.070869
v 0.218407 -0.051248 -0.073402
v 0.214241 -0.052836 -0.061991
v 0.216248 -0.059366 -0.055960
v 0.219359 -0.067282 -0.048921
v 0.214753 -0.070512 -0.053047
v 0.215796 -0.073316 -0.050512
v 0.214646 -0.066322 -0.048588
v 0.213919 -0.068865 -0.045764
v 0.219921 -0.071976 -0.044307
v 0.201376 -0.074816 -0.036303
v 0.198968 -0.068419 -0.041951
v 0.203955 -0.069499 -0.056985
v 0.212098 -0.068931 -0.059038
v 0.206490 -0.069425 -0.064643
v 0.208213 -0.064939 -0.069493
v 0.200534 -0.067363 -0.064928
v 0.196566 -0.063841 -0.060691
v 0.124396 -0.017905 -0.079934
v 0.110352 -0.007642 -0.086230
v 0.202332 -0.040902 -0.079120
v 0.196827 -0.044921 -0.073640
v 0.198569 -0.049459 -0.069495
v 0.198743 -0.041443 -0.068927
v 0.124901 -0.014072 -0.075360
v 0.120702 -0.021585 -0.075217
v 0.121530 -0.018086 -0.070318
v 0.117271 -0.017506 -0.078350
v 0.108623 -0.016890 -0.067857
v 0.111781 -0.019804 -0.074499
v 0.116534 -0.010789 -0.076258
v 0.118001 -0.014400 -0.073062
v 0.112290 -0.015300 -0.079142
v 0.102513 -0.021480 -0.070027
v 0.103065 -0.017815 -0.065363
v 0.092091 -0.001952 -0.086784
v 0.092823 -0.009044 -0.079875
v 0.095047 -0.035499 -0.053928
v 0.083588 -0.007921 -0.080764
v 0.083353 -0.002035 -0.086834
v 0.077480 -0.001617 -0.074746
v 0.086353 -0.001969 -0.074838
v 0.069654 0.003003 -0.070063
v 0.078627 0.005083 -0.067771
v 0.070716 0.007104 -0.065724
v 0.062604 0.005588 -0.067205
v 0.057089 0.000718 -0.072041
v 0.063838 0.004803 -0.079935
v 0.070985 0.008045 -0.076729
v 0.102443 -0.030156 -0.061356
v 0.107364 -0.034326 -0.057001
v 0.109708 -0.034376 -0.057821
v 0.112488 -0.033442 -0.061008
v 0.110328 -0.031236 -0.053916
v 0.108219 -0.031662 -0.052881
v 0.116233 -0.042560 -0.052924
v 0.095299 -0.040277 -0.048739
v 0.103046 -0.041863 -0.049474
v 0.098982 -0.044917 -0.044917
v 0.095359 -0.048718 -0.040241
v 0.110506 -0.046861 -0.046920
v 0.129980 -0.044130 -0.051347
v 0.142939 -0.049722 -0.053373
v 0.158503 -0.051318 -0.055025
v 0.144096 -0.045500 -0.049165
v 0.111899 -0.042855 -0.042758
v 0.107616 -0.056557 -0.034670
v 0.103073 -0.049469 -0.041891
v 0.109728 -0.057114 -0.035272
v 0.110422 -0.053900 -0.031218
v 0.116213 -0.052625 -0.042811
v 0.158357 -0.055360 -0.052093
v 0.143335 -0.051812 -0.048494
v 0.130628 -0.048941 -0.041960
v 0.129489 -0.053153 -0.046195
v 0.117144 -0.048916 -0.038111
v 0.113831 -0.060776 -0.033986
v 0.114616 -0.056789 -0.029528
v 0.190582 -0.060094 -0.056532
v 0.172236 -0.057479 -0.050659
v 0.187835 -0.057157 -0.050081
v 0.188094 -0.057546 -0.058489
v 0.193045 -0.053227 -0.055520
v 0.192448 -0.057035 -0.060163
v 0.189334 -0.054152 -0.053517
v 0.108737 -0.029070 0.009807
v 0.108620 0.009751 -0.029107
v 0.108629 -0.010006 0.029027
v 0.108629 0.028947 -0.009899
v 0.104328 0.023245 -0.006794
v 0.104423 -0.002247 -0.012589
v 0.104348 -0.012887 -0.001947
v 0.103387 -0.008992 -0.010347
v 0.104411 0.003483 -0.018324
v 0.104388 0.007572 -0.023032
v 0.104234 0.002341 -0.020619
v 0.104312 -0.006753 0.023510
v 0.104442 -0.018492 0.003597
v 0.104268 -0.023120 0.007880
v 0.104156 -0.020544 0.002408
v 0.083728 0.029648 -0.010704
v 0.108629 -0.010006 0.029027
v 0.108629 0.028947 -0.009899
v 0.083749 -0.010899 0.029641
v 0.083566 -0.000416 0.037627
v 0.077031 -0.009562 0.030978
v 0.077031 0.000119 0.037627
v 0.075229 0.017794 0.022618
v 0.083566 0.019012 0.021401
v 0.104328 0.023245 -0.006794
v 0.077031 0.022669 -0.006608
v 0.104388 0.007572 -0.023032
v 0.104312 -0.006753 0.023510
v 0.077031 -0.006478 0.022850
v 0.095047 -0.035499 -0.053928
v 0.096159 -0.020499 -0.060523
v 0.092823 -0.009044 -0.079875
v 0.094114 -0.004925 -0.075658
v 0.096172 -0.031290 -0.049693
v 0.095299 -0.040277 -0.048739
v 0.096375 -0.036774 -0.045247
v 0.096376 -0.045919 -0.035840
v 0.095359 -0.048718 -0.040241
v 0.095131 -0.056731 -0.032644
v 0.096286 -0.052676 -0.028272
v 0.095675 -0.062817 -0.022796
v 0.093334 -0.079674 -0.009151
v 0.095441 -0.075177 -0.005522
v 0.083709 0.010601 -0.029752
v 0.083728 0.029648 -0.010704
v 0.108620 0.009751 -0.029107
v 0.098697 -0.001902 -0.018000
v 0.077031 0.030884 -0.009469
v 0.077031 0.000761 -0.037567
v 0.083566 0.000227 -0.037567
v 0.075419 -0.017477 -0.023003
v 0.083566 -0.037661 -0.000766
v 0.094109 -0.010597 -0.008605
v 0.097606 -0.006675 -0.012492
v 0.098868 -0.018067 -0.001835
v 0.083739 -0.029802 0.010738
v 0.099854 -0.012692 -0.006592
v 0.108737 -0.029070 0.009807
v 0.077031 0.005934 -0.022571
v 0.094109 -0.010597 -0.008605
v 0.094222 -0.003578 -0.013450
v 0.077031 -0.009325 -0.009152
v 0.094222 -0.013622 -0.003464
v 0.097606 -0.006675 -0.012492
v 0.094222 0.002760 -0.019764
v 0.098745 0.000641 -0.015477
v 0.104423 -0.002247 -0.012589
v 0.103387 -0.008992 -0.010347
v 0.104234 0.002341 -0.020619
v 0.104388 0.007572 -0.023032
v 0.077031 0.022669 -0.006608
v 0.104312 -0.006753 0.023510
v 0.077031 -0.022718 0.006611
v 0.077031 -0.006478 0.022850
v 0.104268 -0.023120 0.007880
v 0.104156 -0.020544 0.002408
v 0.094222 -0.013622 -0.003464
v 0.077031 -0.009325 -0.009152
v 0.094222 -0.019629 0.002976
v 0.098743 -0.015582 0.000747
v 0.104348 -0.012887 -0.001947
v 0.099854 -0.012692 -0.006592
v 0.103387 -0.008992 -0.010347
v 0.094109 -0.010597 -0.008605
v 0.077031 0.005934 -0.022571
v 0.094222 0.002760 -0.019764
v 0.104234 0.002341 -0.020619
v 0.104411 0.003483 -0.018324
v 0.098745 0.000641 -0.015477
v 0.104423 -0.002247 -0.012589
v 0.214241 -0.052836 -0.061991
v 0.213649 -0.059243 -0.069009
v 0.216248 -0.059366 -0.055960
v 0.212098 -0.068931 -0.059038
v 0.208213 -0.064939 -0.069493
v 0.208516 -0.062759 -0.050431
v 0.200534 -0.067363 -0.064928
v 0.193443 -0.063162 -0.056343
v 0.194026 -0.058203 -0.065533
v 0.192448 -0.057035 -0.060163
v 0.203494 -0.050819 -0.070591
v 0.190582 -0.060094 -0.056532
v 0.193045 -0.053227 -0.055520
v 0.197974 -0.068022 -0.050725
v 0.187835 -0.057157 -0.050081
v 0.199225 -0.063783 -0.046682
v 0.198968 -0.068419 -0.041951
v 0.197234 -0.073014 -0.045525
v 0.124541 -0.079691 -0.017974
v 0.166586 -0.072503 -0.028365
v 0.194026 -0.058203 -0.065533
v 0.203582 -0.063412 -0.069818
v 0.200534 -0.067363 -0.064928
v 0.201439 -0.061043 -0.070965
v 0.203494 -0.050819 -0.070591
v 0.214482 -0.058291 -0.071781
v 0.208213 -0.064939 -0.069493
v 0.211334 -0.069597 -0.065503
v 0.206490 -0.069425 -0.064643
v 0.220587 -0.062161 -0.063083
v 0.214624 -0.052699 -0.070869
v 0.214678 -0.046932 -0.067993
v 0.217873 -0.047364 -0.068487
v 0.213268 -0.050072 -0.073081
v 0.202332 -0.040902 -0.079120
v 0.198569 -0.049459 -0.069495
v 0.192448 -0.057035 -0.060163
v 0.187012 -0.052908 -0.060873
v 0.196827 -0.044921 -0.073640
v 0.124396 -0.017905 -0.079934
v 0.158503 -0.051318 -0.055025
v 0.172565 -0.049121 -0.056494
v 0.188094 -0.057546 -0.058489
v 0.158357 -0.055360 -0.052093
v 0.110506 -0.046861 -0.046920
v 0.193443 -0.063162 -0.056343
v 0.190582 -0.060094 -0.056532
v 0.189334 -0.054152 -0.053517
v 0.193045 -0.053227 -0.055520
v 0.203694 -0.036887 -0.075072
v 0.215927 -0.046261 -0.077669
v 0.111937 -0.003801 -0.081935
v 0.110352 -0.007642 -0.086230
v 0.096987 0.001691 -0.083170
v 0.117271 -0.017506 -0.078350
v 0.112290 -0.015300 -0.079142
v 0.111781 -0.019804 -0.074499
v 0.102513 -0.021480 -0.070027
v 0.112573 -0.012565 -0.073289
v 0.118001 -0.014400 -0.073062
v 0.092091 -0.001952 -0.086784
v 0.102443 -0.030156 -0.061356
v 0.095047 -0.035499 -0.053928
v 0.083353 -0.002035 -0.086834
v 0.092823 -0.009044 -0.079875
v 0.103658 -0.026142 -0.057164
v 0.112488 -0.033442 -0.061008
v 0.113965 -0.029408 -0.056772
v 0.116233 -0.042560 -0.052924
v 0.117485 -0.038597 -0.048576
v 0.109222 -0.035977 -0.056070
v 0.109708 -0.034376 -0.057821
v 0.107364 -0.034326 -0.057001
v 0.108219 -0.031662 -0.052881
v 0.110328 -0.031236 -0.053916
v 0.103046 -0.041863 -0.049474
v 0.103073 -0.049469 -0.041891
v 0.098982 -0.044917 -0.044917
v 0.095359 -0.048718 -0.040241
v 0.129980 -0.044130 -0.051347
v 0.142939 -0.049722 -0.053373
v 0.144096 -0.045500 -0.049165
v 0.143335 -0.051812 -0.048494
v 0.116213 -0.052625 -0.042811
v 0.129489 -0.053153 -0.046195
v 0.113831 -0.060776 -0.033986
v 0.109728 -0.057114 -0.035272
v 0.102513 -0.061333 -0.030107
v 0.095131 -0.056731 -0.032644
v 0.107616 -0.056557 -0.034670
v 0.110422 -0.053900 -0.031218
v 0.108187 -0.052825 -0.031640
v 0.211334 -0.069597 -0.065503
v 0.220587 -0.062161 -0.063083
v 0.214756 -0.070007 -0.056208
v 0.214624 -0.052699 -0.070869
v 0.218407 -0.051248 -0.073402
v 0.202349 -0.071996 -0.054483
v 0.206490 -0.069425 -0.064643
v 0.200534 -0.067363 -0.064928
v 0.193443 -0.063162 -0.056343
v 0.204998 -0.070148 -0.051059
v 0.197974 -0.068022 -0.050725
v 0.214753 -0.070512 -0.053047
v 0.219359 -0.067282 -0.048921
v 0.214646 -0.066322 -0.048588
v 0.197234 -0.073014 -0.045525
v 0.215796 -0.073316 -0.050512
v 0.218560 -0.076267 -0.048391
v 0.197790 -0.079171 -0.039509
v 0.201376 -0.074816 -0.036303
v 0.219921 -0.071976 -0.044307
v 0.142533 -0.081568 -0.017227
v 0.124541 -0.079691 -0.017974
v 0.113934 -0.080062 -0.014625
v 0.117814 -0.077781 -0.018020
v 0.120894 -0.074966 -0.021709
v 0.111969 -0.074694 -0.019455
v 0.118811 -0.074124 -0.013358
v 0.110661 -0.086094 -0.007597
v 0.112053 -0.081836 -0.003687
v 0.097320 -0.083064 0.001781
v 0.093334 -0.079674 -0.009151
v 0.092739 -0.086755 -0.001884
v 0.084025 -0.080722 -0.007773
v 0.084234 -0.086608 -0.001704
v 0.074847 -0.090681 -0.005731
v 0.074453 -0.084791 -0.011795
v 0.066048 -0.090744 -0.005759
v 0.221533 -0.019253 -0.006119
v 0.214770 -0.061475 -0.053409
v 0.207027 -0.062530 -0.050167
v 0.212169 -0.014299 -0.008196
v 0.199905 -0.058528 -0.052158
v 0.191002 -0.055134 -0.053046
v 0.220697 -0.012396 -0.011913
v 0.229842 -0.013612 -0.013660
v 0.219572 -0.010363 -0.012213
v 0.221497 -0.010818 -0.010794
v 0.198952 -0.053241 -0.057197
v 0.191070 -0.053061 -0.055115
v 0.185543 -0.054629 -0.050641
v 0.204759 -0.049675 -0.062399
v 0.185665 -0.049903 -0.054325
v 0.214777 -0.046950 -0.068018
v 0.212564 -0.051385 -0.063019
v 0.216482 -0.056458 -0.058955
v 0.216099 -0.040771 -0.071659
v 0.217472 -0.046860 -0.068900
v 0.222031 -0.044581 -0.070464
v 0.216767 -0.002730 -0.017571
v 0.208991 -0.045669 -0.062682
v 0.199601 -0.047012 -0.058606
v 0.225632 -0.004334 -0.018550
v 0.217070 -0.045898 -0.065447
v 0.220304 -0.053005 -0.059144
v 0.222031 -0.044581 -0.070464
v 0.214777 -0.046950 -0.068018
v 0.217472 -0.046860 -0.068900
v 0.216414 -0.043814 -0.067280
v 0.216099 -0.040771 -0.071659
v 0.185665 -0.049903 -0.054325
v 0.192281 -0.051024 -0.053164
v 0.197008 -0.053028 -0.051750
v 0.191236 -0.052792 -0.051070
v 0.199026 -0.059181 -0.046921
v 0.191002 -0.055134 -0.053046
v 0.191070 -0.053061 -0.055115
v 0.221497 -0.010818 -0.010794
v 0.230799 -0.009474 -0.014738
v 0.230528 -0.014851 -0.009285
v 0.219572 -0.010363 -0.012213
v 0.211117 -0.012223 -0.006396
v 0.217264 -0.017177 -0.003199
v 0.211290 -0.005447 -0.013268
v 0.217264 -0.017177 -0.003199
v 0.199026 -0.059181 -0.046921
v 0.211861 -0.062145 -0.046706
v 0.225314 -0.018025 -0.004730
v 0.221497 -0.010818 -0.010794
v 0.230528 -0.014851 -0.009285
v 0.219572 -0.010363 -0.012213
v 0.220697 -0.012396 -0.011913
v 0.225632 -0.004334 -0.018550
v 0.216767 -0.002730 -0.017571
v 0.211290 -0.005447 -0.013268
v 0.197008 -0.053028 -0.051750
v 0.192281 -0.051024 -0.053164
v 0.215001 -0.065573 -0.045085
v 0.219174 -0.058193 -0.052996
v 0.216099 -0.071518 -0.041536
v 0.218061 -0.065765 -0.045773
v 0.222154 -0.069885 -0.044931
v 0.217289 -0.068055 -0.047566
v 0.214479 -0.067385 -0.047396
v 0.185543 -0.054629 -0.050641
v 0.191236 -0.052792 -0.051070
v 0.185665 -0.049903 -0.054325
v 0.212201 -0.007689 -0.014893
v 0.198952 -0.053241 -0.057197
v 0.204759 -0.049675 -0.062399
v 0.212169 -0.014299 -0.008196
v 0.199905 -0.058528 -0.052158
v 0.073066 0.007673 -0.028395
v 0.074725 0.028367 -0.007878
v 0.075165 0.037533 -0.002820
v 0.073066 0.029680 0.000038
v 0.073066 0.000470 -0.037567
v 0.073066 0.025619 0.000384
v 0.073066 0.037533 0.002879
v 0.077066 0.029258 -0.001246
v 0.077066 0.027580 0.001563
v 0.074842 0.028365 -0.007898
v 0.073066 0.037533 -0.002820
v 0.073066 0.000200 -0.037567
v 0.073066 0.028079 0.007931
v 0.073066 0.023082 0.014145
v 0.073066 0.001252 -0.029279
v 0.073066 -0.001586 -0.027695
v 0.075066 -0.008186 -0.028182
v 0.073066 -0.000357 -0.023953
v 0.075059 -0.008162 -0.028202
v 0.074725 0.028367 -0.007878
v 0.077066 0.007976 -0.028378
v 0.075165 0.037533 -0.002820
v 0.077066 -0.000451 -0.037567
v 0.077066 0.029897 0.000994
v 0.077066 0.025417 -0.000137
v 0.077066 0.028189 0.008046
v 0.077066 0.037533 0.000579
v 0.077066 0.023252 0.014585
v 0.077066 0.001394 -0.029856
v 0.077066 0.023253 0.014646
v 0.077066 0.027580 0.001563
v 0.077066 0.023919 0.000324
v 0.077066 0.029258 -0.001246
v 0.074842 0.028365 -0.007898
v 0.077066 -0.000047 -0.037567
v 0.077066 -0.001319 -0.027734
v 0.077066 -0.000272 -0.023953
v 0.075059 -0.008162 -0.028202
v 0.075066 -0.008186 -0.028182
v 0.074842 0.028365 -0.007898
v 0.077066 -0.000047 -0.037567
v 0.077066 0.037533 0.000579
v 0.077066 -0.014174 -0.023077
v 0.073066 -0.014675 -0.023285
v 0.077066 -0.012513 -0.016649
v 0.073066 -0.012564 -0.017542
v 0.073066 -0.016999 -0.012309
v 0.077066 -0.000451 -0.037567
v 0.077066 -0.012454 -0.019693
v 0.073066 -0.012584 -0.017473
v 0.077066 -0.017515 -0.012473
v 0.073066 0.025619 0.000384
v 0.077066 0.023919 0.000324
v 0.073066 0.028079 0.007931
v 0.077066 0.028195 0.008091
v 0.077066 0.023253 0.014646
v 0.073066 0.023082 0.014145
v 0.077066 0.025417 -0.000137
v 0.074725 0.028367 -0.007878
v 0.077066 0.023252 0.014585
v 0.104000 -0.065588 -0.017604
v 0.095675 -0.062817 -0.022796
v 0.095441 -0.075177 -0.005522
v 0.103990 -0.057030 -0.026267
v 0.114021 -0.075105 -0.010947
v 0.113256 -0.070414 -0.015450
v 0.111969 -0.074694 -0.019455
v 0.120894 -0.074966 -0.021709
v 0.113934 -0.080062 -0.014625
v 0.118811 -0.074124 -0.013358
v 0.117814 -0.077781 -0.018020
v 0.093334 -0.079674 -0.009151
v 0.089725 -0.075686 -0.002782
v 0.097320 -0.083064 0.001781
v 0.087113 -0.080907 0.003972
v 0.084025 -0.080722 -0.007773
v 0.077501 -0.075003 -0.001978
v 0.074453 -0.084791 -0.011795
v 0.073530 -0.080159 -0.007025
v 0.066598 -0.079803 -0.006640
v 0.074463 -0.085303 -0.000364
v 0.066880 -0.085579 -0.000609
v 0.063518 -0.083770 -0.010733
v 0.057085 -0.078149 -0.005100
v 0.095675 -0.062817 -0.022796
v 0.102626 -0.069764 -0.021708
v 0.093334 -0.079674 -0.009151
v 0.111969 -0.074694 -0.019455
v 0.104000 -0.065588 -0.017604
v 0.113256 -0.070414 -0.015450
v 0.121792 -0.070205 -0.018091
v 0.120894 -0.074966 -0.021709
v 0.083739 -0.029802 0.010738
v 0.083709 0.010601 -0.029752
v 0.094109 -0.010597 -0.008605
v 0.097606 -0.006675 -0.012492
v 0.098697 -0.001902 -0.018000
v 0.103387 -0.008992 -0.010347
v 0.108620 0.009751 -0.029107
v 0.108737 -0.029070 0.009807
v 0.099854 -0.012692 -0.006592
v 0.098868 -0.018067 -0.001835
v 0.108629 -0.010006 0.029027
v 0.083749 -0.010899 0.029641
v 0.077031 -0.009562 0.030978
v 0.077031 -0.037661 0.000753
v 0.083566 -0.037661 -0.000766
v 0.075398 -0.023097 -0.017384
v 0.075419 -0.017477 -0.023003
v 0.079245 -0.074220 -0.020777
v 0.082909 -0.067221 -0.024701
v 0.075208 -0.070585 -0.028065
v 0.064880 -0.075562 -0.021942
v 0.064211 -0.070120 -0.027600
v 0.077106 -0.072703 -0.017770
v 0.086061 -0.066118 -0.012610
v 0.078136 -0.066239 -0.011452
v 0.082241 -0.058665 -0.005081
v 0.075775 -0.073434 -0.018738
v 0.074974 -0.070332 -0.015531
v 0.069112 -0.071272 -0.016038
v 0.065101 -0.069314 -0.014680
v 0.059997 -0.066701 -0.011784
v 0.055221 -0.065824 -0.012122
v 0.063483 -0.065400 -0.010634
v 0.058917 -0.065691 -0.010634
v 0.067523 -0.061515 -0.006438
v 0.082851 -0.074806 -0.018851
v 0.075208 -0.070585 -0.028065
v 0.082909 -0.067221 -0.024701
v 0.074779 -0.078223 -0.022268
v 0.066844 -0.078200 -0.022245
v 0.064211 -0.070120 -0.027600
v 0.075775 -0.073434 -0.018738
v 0.058671 -0.075001 -0.019046
v 0.057331 -0.066379 -0.023859
v 0.069112 -0.071272 -0.016038
v 0.077106 -0.072703 -0.017770
v 0.087262 -0.065099 -0.009144
v 0.074974 -0.070332 -0.015531
v 0.078136 -0.066239 -0.011452
v 0.059997 -0.066701 -0.011784
v 0.054122 -0.068135 -0.012180
v 0.077288 -0.059548 -0.004793
v 0.074411 -0.061701 -0.006967
v 0.081999 -0.057689 -0.001734
v 0.076195 -0.058602 -0.003660
v 0.067523 -0.061515 -0.006438
v 0.075650 -0.055165 0.000790
v 0.058917 -0.065691 -0.010634
v 0.063596 -0.055964 -0.000009
v 0.055893 -0.060957 -0.005002
v 0.063483 -0.065400 -0.010634
v 0.065101 -0.069314 -0.014680
v 0.201475 -0.056166 -0.069045
v 0.199047 -0.053208 -0.057232
v 0.196566 -0.063841 -0.060691
v 0.199822 -0.058301 -0.052429
v 0.203955 -0.069499 -0.056985
v 0.203582 -0.063412 -0.069818
v 0.200534 -0.067363 -0.064928
v 0.201475 -0.056166 -0.069045
v 0.205537 -0.049639 -0.062696
v 0.199047 -0.053208 -0.057232
v 0.213649 -0.059243 -0.069009
v 0.214241 -0.052836 -0.061991
v 0.193045 -0.053227 -0.055520
v 0.199822 -0.058301 -0.052429
v 0.189334 -0.054152 -0.053517
v 0.172565 -0.049121 -0.056494
v 0.158503 -0.051318 -0.055025
v 0.156811 -0.049065 -0.049195
v 0.158357 -0.055360 -0.052093
v 0.172236 -0.057479 -0.050659
v 0.187835 -0.057157 -0.050081
v 0.143335 -0.051812 -0.048494
v 0.111899 -0.042855 -0.042758
v 0.197974 -0.068022 -0.050725
v 0.199225 -0.063783 -0.046682
v 0.117485 -0.038597 -0.048576
v 0.144096 -0.045500 -0.049165
v 0.096172 -0.031290 -0.049693
v 0.104127 -0.038053 -0.045686
v 0.096375 -0.036774 -0.045247
v 0.099926 -0.041389 -0.041501
v 0.104179 -0.045644 -0.038063
v 0.117144 -0.048916 -0.038111
v 0.096376 -0.045919 -0.035840
v 0.108187 -0.052825 -0.031640
v 0.110422 -0.053900 -0.031218
v 0.107616 -0.056557 -0.034670
v 0.114616 -0.056789 -0.029528
v 0.103990 -0.057030 -0.026267
v 0.096286 -0.052676 -0.028272
v 0.095675 -0.062817 -0.022796
v 0.229842 -0.013612 -0.013660
v 0.212564 -0.051385 -0.063019
v 0.216482 -0.056458 -0.058955
v 0.221971 -0.005533 -0.019511
v 0.214770 -0.061475 -0.053409
v 0.221533 -0.019253 -0.006119
v 0.220697 -0.012396 -0.011913
v 0.219572 -0.010363 -0.012213
v 0.230799 -0.009474 -0.014738
v 0.219174 -0.058193 -0.052996
v 0.220304 -0.053005 -0.059144
v 0.225632 -0.004334 -0.018550
v 0.230528 -0.014851 -0.009285
v 0.225314 -0.018025 -0.004730
v 0.211861 -0.062145 -0.046706
v 0.222154 -0.069885 -0.044931
v 0.222031 -0.044581 -0.070464
v 0.067523 -0.061515 -0.006438
v 0.062508 -0.056375 -0.002921
v 0.074411 -0.061701 -0.006967
v 0.058917 -0.065691 -0.010634
v 0.055221 -0.065824 -0.012122
v 0.073780 -0.054919 -0.001382
v 0.059154 -0.052265 -0.009745
v 0.066342 -0.049184 -0.006664
v 0.075108 -0.048744 -0.006224
v 0.081712 -0.051933 -0.009413
v 0.082241 -0.058665 -0.005081
v 0.076195 -0.058602 -0.003660
v 0.077288 -0.059548 -0.004793
v 0.078136 -0.066239 -0.011452
v 0.086061 -0.066118 -0.012610
v 0.077106 -0.072703 -0.017770
v 0.074974 -0.070332 -0.015531
v 0.077031 -0.006478 0.022850
v 0.077031 0.013572 0.016762
v 0.077031 0.022669 -0.006608
v 0.077031 -0.009562 0.030978
v 0.077031 -0.022718 0.006611
v 0.077031 0.030884 -0.009469
v 0.077031 0.005934 -0.022571
v 0.077031 0.027613 -0.001965
v 0.077031 0.037533 -0.000386
v 0.077031 0.031522 -0.000242
v 0.077031 0.028469 0.002625
v 0.074754 0.022406 0.018006
v 0.077031 0.018050 0.013273
v 0.077031 0.002561 -0.028293
v 0.077031 0.000761 -0.037567
v 0.077031 -0.001341 -0.030641
v 0.075419 -0.017477 -0.023003
v 0.083566 0.000480 -0.030598
v 0.083566 -0.000785 -0.026799
v 0.077031 -0.001334 -0.026325
v 0.077031 -0.009325 -0.009152
v 0.077031 -0.014055 -0.017474
v 0.077031 -0.018307 -0.013645
v 0.077031 -0.026538 -0.001188
v 0.075398 -0.023097 -0.017384
v 0.073266 -0.016049 -0.018170
v 0.073266 -0.017031 -0.014671
v 0.077031 -0.031071 -0.000784
v 0.077031 -0.028218 0.002629
v 0.077031 -0.037661 0.000753
v 0.077031 0.000056 0.026203
v 0.075229 0.017794 0.022618
v 0.077031 -0.001939 0.030142
v 0.077031 0.002554 0.029779
v 0.077031 0.000119 0.037627
v 0.067988 -0.000967 -0.085707
v 0.076363 0.002769 -0.082013
v 0.087609 0.003453 -0.081374
v 0.076816 0.011615 -0.073188
v 0.070985 0.008045 -0.076729
v 0.066141 0.012667 -0.072097
v 0.063838 0.004803 -0.079935
v 0.058444 0.008261 -0.076464
v 0.056693 0.000867 -0.083834
v 0.063050 -0.004927 -0.089639
v 0.073786 -0.006085 -0.090837
v 0.065184 -0.011818 -0.084580
v 0.074157 -0.011980 -0.084778
v 0.083588 -0.007921 -0.080764
v 0.071064 -0.007564 -0.080556
v 0.083588 -0.007921 -0.080764
v 0.077480 -0.001617 -0.074746
v 0.074157 -0.011980 -0.084778
v 0.065184 -0.011818 -0.084580
v 0.092823 -0.009044 -0.079875
v 0.086353 -0.001969 -0.074838
v 0.094114 -0.004925 -0.075658
v 0.096987 0.001691 -0.083170
v 0.087609 0.003453 -0.081374
v 0.103065 -0.017815 -0.065363
v 0.108623 -0.016890 -0.067857
v 0.112573 -0.012565 -0.073289
v 0.118001 -0.014400 -0.073062
v 0.112290 -0.015300 -0.079142
v 0.116534 -0.010789 -0.076258
v 0.076363 0.002769 -0.082013
v 0.067988 -0.000967 -0.085707
v 0.063370 -0.003211 -0.076005
v 0.057756 -0.006725 -0.079471
v 0.057089 0.000718 -0.072041
v 0.069654 0.003003 -0.070063
v 0.108620 0.009751 -0.029107
v 0.083728 0.029648 -0.010704
v 0.108629 0.028947 -0.009899
v 0.077031 0.000761 -0.037567
v 0.083709 0.010601 -0.029752
v 0.077031 0.030884 -0.009469
v 0.083566 0.037533 0.000150
v 0.077031 0.037533 -0.000386
v 0.074754 0.022406 0.018006
v 0.083566 0.021307 0.019105
v 0.089725 -0.075686 -0.002782
v 0.077501 -0.075003 -0.001978
v 0.077282 -0.067234 0.005711
v 0.084025 -0.080722 -0.007773
v 0.073530 -0.080159 -0.007025
v 0.074847 -0.090681 -0.005731
v 0.074453 -0.084791 -0.011795
v 0.066048 -0.090744 -0.005759
v 0.063518 -0.083770 -0.010733
v 0.073843 -0.070999 0.002154
v 0.065074 -0.066644 0.006347
v 0.067159 -0.071049 0.002026
v 0.057486 -0.071892 0.001140
v 0.070805 -0.076634 0.008299
v 0.077006 -0.080247 0.004670
v 0.064080 -0.080462 0.004508
v 0.063017 -0.074166 -0.001164
v 0.057085 -0.078149 -0.005100
v 0.066598 -0.079803 -0.006640
v 0.077006 -0.080247 0.004670
v 0.074463 -0.085303 -0.000364
v 0.084234 -0.086608 -0.001704
v 0.074847 -0.090681 -0.005731
v 0.066048 -0.090744 -0.005759
v 0.066880 -0.085579 -0.000609
v 0.058256 -0.085780 -0.000776
v 0.064080 -0.080462 0.004508
v 0.057283 -0.078278 0.006712
v 0.064325 -0.072858 0.012093
v 0.070805 -0.076634 0.008299
v 0.097320 -0.083064 0.001781
v 0.092739 -0.086755 -0.001884
v 0.087113 -0.080907 0.003972
v 0.076794 -0.072941 0.011960
v 0.065074 -0.066644 0.006347
v 0.077282 -0.067234 0.005711
v 0.089725 -0.075686 -0.002782
v 0.112053 -0.081836 -0.003687
v 0.095441 -0.075177 -0.005522
v 0.114021 -0.075105 -0.010947
v 0.118811 -0.074124 -0.013358
v 0.142533 -0.081568 -0.017227
v 0.111969 -0.074694 -0.019455
v 0.113256 -0.070414 -0.015450
v 0.121792 -0.070205 -0.018091
v 0.124871 -0.074970 -0.014252
v 0.166586 -0.072503 -0.028365
v 0.201376 -0.074816 -0.036303
v 0.198968 -0.068419 -0.041951
v 0.213919 -0.068865 -0.045764
v 0.061193 -0.003404 -0.056844
v 0.064421 -0.009130 -0.063813
v 0.070766 -0.006042 -0.060776
v 0.059755 -0.011868 -0.065506
v 0.064793 -0.014260 -0.069064
v 0.055792 -0.010876 -0.064305
v 0.058939 -0.010848 -0.066151
v 0.075963 -0.003994 -0.058777
v 0.077139 -0.008848 -0.063780
v 0.077510 -0.004591 -0.059165
v 0.085766 -0.013457 -0.066977
v 0.082697 -0.005025 -0.058261
v 0.077251 -0.013561 -0.068010
v 0.076465 -0.017759 -0.072630
v 0.070580 -0.016519 -0.071214
v 0.075788 -0.022601 -0.076056
v 0.076524 -0.019070 -0.073830
v 0.071997 -0.001395 -0.054560
v 0.074814 -0.006713 -0.049045
v 0.082003 -0.009262 -0.051595
v 0.066162 -0.006640 -0.048973
v 0.060802 -0.008555 -0.050888
v 0.064421 -0.009130 -0.063813
v 0.066967 0.000881 -0.054887
v 0.070766 -0.006042 -0.060776
v 0.075963 -0.003994 -0.058777
v 0.077139 -0.008848 -0.063780
v 0.058939 -0.010848 -0.066151
v 0.077941 -0.000108 -0.055876
v 0.058379 -0.002541 -0.058309
v 0.077510 -0.004591 -0.059165
v 0.085338 -0.004714 -0.060482
v 0.087266 -0.013133 -0.068900
v 0.077251 -0.013561 -0.068010
v 0.054199 -0.008500 -0.064268
v 0.054569 -0.014254 -0.070021
v 0.064793 -0.014260 -0.069064
v 0.076465 -0.017759 -0.072630
v 0.070580 -0.016519 -0.071214
v 0.082597 -0.019319 -0.075087
v 0.055792 -0.010876 -0.064305
v 0.059755 -0.011868 -0.065506
v 0.058754 -0.019136 -0.074904
v 0.076524 -0.019070 -0.073830
v 0.067031 -0.022416 -0.078183
v 0.066681 -0.028296 -0.070628
v 0.059137 -0.025129 -0.067462
v 0.075777 -0.022125 -0.077892
v 0.082836 -0.024780 -0.067112
v 0.075386 -0.028275 -0.070608
v 0.077941 -0.000108 -0.055876
v 0.074814 -0.006713 -0.049045
v 0.082003 -0.009262 -0.051595
v 0.066967 0.000881 -0.054887
v 0.066162 -0.006640 -0.048973
v 0.060802 -0.008555 -0.050888
v 0.058379 -0.002541 -0.058309
v 0.075649 -0.082176 0.003453
v 0.074193 0.009133 -0.081107
v 0.073476 -0.078844 0.006784
v 0.075927 0.006152 -0.084834
v 0.072695 0.003458 -0.088081
v 0.072816 -0.085034 0.000594
v 0.067947 -0.079246 0.006383
v 0.066529 -0.040249 -0.035201
v 0.067825 -0.084330 0.001299
v 0.066023 0.005013 -0.086497
v 0.068456 0.010148 -0.081429
v 0.077066 -0.008049 0.028448
v 0.073066 -0.028466 0.007987
v 0.073066 -0.007801 0.028455
v 0.077066 -0.000400 0.025506
v 0.073066 0.000154 0.025216
v 0.077066 0.004951 0.028721
v 0.073066 0.007997 0.028288
v 0.073066 0.014101 0.023155
v 0.077066 0.014255 0.023140
v 0.077066 -0.000037 0.030541
v 0.073066 0.001810 0.029403
v 0.073066 -0.002125 0.029058
v 0.073066 0.001800 0.029589
v 0.077066 -0.000092 0.037627
v 0.077066 -0.028521 0.007934
v 0.077066 -0.008049 0.028448
v 0.077066 0.004951 0.028721
v 0.077066 0.014255 0.023140
v 0.077066 -0.000037 0.030541
v 0.077066 -0.000400 0.025506
v 0.077066 -0.037661 0.000309
v 0.077066 -0.030023 -0.000938
v 0.077066 -0.026202 0.002050
v 0.077066 -0.028263 -0.008206
v 0.077066 -0.023335 -0.014477
v 0.077066 -0.025664 -0.001206
v 0.075061 0.008010 0.028258
v 0.077066 -0.000118 0.025827
v 0.077066 0.000313 0.037627
v 0.077066 -0.007707 0.028467
v 0.077066 -0.037661 0.000484
v 0.077066 -0.029942 -0.000925
v 0.074524 -0.028489 0.007660
v 0.073066 -0.028284 -0.001822
v 0.073066 -0.028903 0.001334
v 0.075788 -0.022601 -0.076056
v 0.082836 -0.024780 -0.067112
v 0.085766 -0.013457 -0.066977
v 0.086388 -0.018588 -0.060921
v 0.082697 -0.005025 -0.058261
v 0.085571 -0.013361 -0.055693
v 0.082003 -0.009262 -0.051595
v 0.082836 -0.024780 -0.067112
v 0.082597 -0.019319 -0.075087
v 0.087266 -0.013133 -0.068900
v 0.086388 -0.018588 -0.060921
v 0.085571 -0.013361 -0.055693
v 0.085338 -0.004714 -0.060482
v 0.082003 -0.009262 -0.051595
v 0.077941 -0.000108 -0.055876
v 0.075788 -0.022601 -0.076056
v 0.075386 -0.028275 -0.070608
v 0.082836 -0.024780 -0.067112
v 0.066681 -0.028296 -0.070628
v 0.059253 -0.019240 -0.072434
v 0.059137 -0.025129 -0.067462
v 0.059755 -0.011868 -0.065506
v 0.055792 -0.010876 -0.064305
v 0.064793 -0.014260 -0.069064
v 0.070580 -0.016519 -0.071214
v 0.076465 -0.017759 -0.072630
v 0.085766 -0.013457 -0.066977
v 0.076524 -0.019070 -0.073830
v 0.077251 -0.013561 -0.068010
v 0.077139 -0.008848 -0.063780
v 0.056565 -0.012158 -0.054491
v 0.055792 -0.010876 -0.064305
v 0.061193 -0.003404 -0.056844
v 0.060802 -0.008555 -0.050888
v 0.055077 -0.018875 -0.061208
v 0.059253 -0.019240 -0.072434
v 0.059137 -0.025129 -0.067462
v 0.064880 -0.075562 -0.021942
v 0.057331 -0.066379 -0.023859
v 0.055221 -0.065824 -0.012122
v 0.064211 -0.070120 -0.027600
v 0.055203 -0.061593 -0.019073
v 0.055224 -0.056379 -0.013858
v 0.059154 -0.052265 -0.009745
v 0.062508 -0.056375 -0.002921
v 0.055203 -0.061593 -0.019073
v 0.054122 -0.068135 -0.012180
v 0.055224 -0.056379 -0.013858
v 0.057331 -0.066379 -0.023859
v 0.058671 -0.075001 -0.019046
v 0.055893 -0.060957 -0.005002
v 0.059154 -0.052265 -0.009745
v 0.063596 -0.055964 -0.000009
v 0.083566 0.026746 -0.000701
v 0.083566 0.016205 0.016255
v 0.083566 -0.000184 0.026310
v 0.083566 0.002747 0.029468
v 0.083566 0.019012 0.021401
v 0.083566 -0.000416 0.037627
v 0.083566 -0.001438 0.030641
v 0.083749 -0.010899 0.029641
v 0.083566 0.021307 0.019105
v 0.083728 0.029648 -0.010704
v 0.083566 0.030403 0.000626
v 0.083566 0.037533 0.000150
v 0.212201 -0.007689 -0.014893
v 0.204759 -0.049675 -0.062399
v 0.221971 -0.005533 -0.019511
v 0.212564 -0.051385 -0.063019
v 0.219572 -0.010363 -0.012213
v 0.212169 -0.014299 -0.008196
v 0.220697 -0.012396 -0.011913
v 0.229842 -0.013612 -0.013660
v 0.191070 -0.053061 -0.055115
v 0.214777 -0.046950 -0.068018
v 0.216414 -0.043814 -0.067280
v 0.217070 -0.045898 -0.065447
v 0.199601 -0.047012 -0.058606
v 0.217472 -0.046860 -0.068900
v 0.216482 -0.056458 -0.058955
v 0.217289 -0.068055 -0.047566
v 0.214770 -0.061475 -0.053409
v 0.222154 -0.069885 -0.044931
v 0.222031 -0.044581 -0.070464
v 0.216099 -0.071518 -0.041536
v 0.214479 -0.067385 -0.047396
v 0.207027 -0.062530 -0.050167
v 0.185543 -0.054629 -0.050641
v 0.191002 -0.055134 -0.053046
v 0.218061 -0.065765 -0.045773
v 0.215001 -0.065573 -0.045085
v 0.199905 -0.058528 -0.052158
v 0.198952 -0.053241 -0.057197
v 0.083566 -0.037661 -0.000766
v 0.083566 0.000227 -0.037567
v 0.083566 -0.017612 -0.017326
v 0.083566 0.000480 -0.030598
v 0.083709 0.010601 -0.029752
v 0.083566 -0.000785 -0.026799
v 0.083566 -0.026667 -0.001849
v 0.083566 -0.030740 -0.001248
v 0.083566 -0.028011 0.002297
v 0.083739 -0.029802 0.010738
v 0.066598 -0.079803 -0.006640
v 0.064080 -0.080462 0.004508
v 0.066880 -0.085579 -0.000609
v 0.063017 -0.074166 -0.001164
v 0.067159 -0.071049 0.002026
v 0.072695 0.003458 -0.088081
v 0.067825 -0.084330 0.001299
v 0.066023 0.005013 -0.086497
v 0.068456 0.010148 -0.081429
v 0.072816 -0.085034 0.000594
v 0.074193 0.009133 -0.081107
v 0.075927 0.006152 -0.084834
v 0.073476 -0.078844 0.006784
v 0.067947 -0.079246 0.006383
v 0.061445 -0.083261 0.002368
v 0.072958 -0.074892 0.010736
v 0.064621 -0.076724 0.008904
v 0.079611 -0.079257 0.006371
v 0.060346 -0.083485 0.005938
v 0.075649 -0.082176 0.003453
v 0.068655 -0.088164 -0.002535
v 0.070702 -0.091051 -0.001660
v 0.078191 -0.086194 -0.000565
v 0.081415 -0.083735 0.005688
v 0.211117 -0.012223 -0.006396
v 0.199026 -0.059181 -0.046921
v 0.217264 -0.017177 -0.003199
v 0.197008 -0.053028 -0.051750
v 0.211290 -0.005447 -0.013268
v 0.199601 -0.047012 -0.058606
v 0.216767 -0.002730 -0.017571
v 0.073066 0.007997 0.028288
v 0.073066 -0.000324 0.037627
v 0.073066 0.014101 0.023155
v 0.073066 0.001810 0.029403
v 0.073066 0.000154 0.025216
v 0.073066 -0.002125 0.029058
v 0.073066 -0.007801 0.028455
v 0.073066 -0.037661 0.000046
v 0.073066 -0.028466 0.007987
v 0.073066 -0.029950 0.001487
v 0.073066 -0.025668 -0.000511
v 0.073066 -0.029137 -0.004263
v 0.077066 -0.028263 -0.008206
v 0.073066 -0.022963 -0.013384
v 0.073066 -0.007613 0.028410
v 0.073066 0.000401 0.025180
v 0.073066 -0.000700 0.037627
v 0.074524 -0.028489 0.007660
v 0.073066 0.001800 0.029589
v 0.075061 0.008010 0.028258
v 0.073066 -0.024047 -0.000491
v 0.073066 -0.028903 0.001334
v 0.073066 -0.037661 -0.000347
v 0.073066 -0.028284 -0.001822
v 0.073066 -0.028297 -0.008079
v 0.073066 -0.022860 -0.013298
v 0.215472 -0.055589 -0.068285
v 0.218829 -0.044764 -0.054891
v 0.229380 -0.049763 -0.059309
v 0.208749 -0.056354 -0.061475
v 0.224689 -0.050524 -0.053122
v 0.224478 -0.052937 -0.050539
v 0.218446 -0.054692 -0.044933
v 0.214477 -0.067931 -0.055016
v 0.226558 -0.059221 -0.047025
v 0.209420 -0.063202 -0.055211
v 0.208749 -0.056354 -0.061475
v 0.218829 -0.044764 -0.054891
v 0.224478 -0.052937 -0.050539
v 0.231642 -0.056921 -0.053988
v 0.060346 -0.083485 0.005938
v 0.070702 -0.091051 -0.001660
v 0.081415 -0.083735 0.005688
v 0.078191 -0.086194 -0.000565
v 0.068655 -0.088164 -0.002535
v 0.061445 -0.083261 0.002368
v 0.109116 0.029880 -0.010115
v 0.109116 -0.030008 0.010174
v 0.109259 -0.010310 0.030075
v 0.109259 0.010182 -0.030015
v 0.109259 0.010182 -0.030015
v 0.109259 -0.010310 0.030075
v 0.109116 -0.030008 0.010174
v 0.109116 0.029880 -0.010115
v 0.077501 -0.075003 -0.001978
v 0.077006 -0.080247 0.004670
v 0.073843 -0.070999 0.002154
v 0.074463 -0.085303 -0.000364
v 0.073530 -0.080159 -0.007025
v 0.221755 -0.049011 -0.067899
v 0.219359 -0.067282 -0.048921
v 0.220587 -0.062161 -0.063083
v 0.218560 -0.076267 -0.048391
v 0.219921 -0.071976 -0.044307
v 0.218407 -0.051248 -0.073402
v 0.219564 -0.043728 -0.072571
v 0.215927 -0.046261 -0.077669
v 0.214482 -0.058291 -0.071781
v 0.214624 -0.052699 -0.070869
v 0.213268 -0.050072 -0.073081
v 0.214678 -0.046932 -0.067993
v 0.214753 -0.070512 -0.053047
v 0.214756 -0.070007 -0.056208
v 0.213919 -0.068865 -0.045764
v 0.215796 -0.073316 -0.050512
v 0.214646 -0.066322 -0.048588
v 0.229380 -0.049763 -0.059309
v 0.222365 -0.063026 -0.067016
v 0.215472 -0.055589 -0.068285
v 0.220496 -0.069022 -0.059346
v 0.217979 -0.063903 -0.062198
v 0.214477 -0.067931 -0.055016
v 0.226558 -0.059221 -0.047025
v 0.214477 -0.067931 -0.055016
v 0.220496 -0.069022 -0.059346
v 0.231642 -0.056921 -0.053988
v 0.209420 -0.063202 -0.055211
v 0.213293 -0.062540 -0.059381
v 0.217979 -0.063903 -0.062198
v 0.208749 -0.056354 -0.061475
v 0.214660 -0.059569 -0.063558
v 0.222365 -0.063026 -0.067016
v 0.215472 -0.055589 -0.068285
v 0.220619 -0.052277 -0.052756
v 0.224049 -0.052176 -0.055927
v 0.224689 -0.050524 -0.053122
v 0.224478 -0.052937 -0.050539
v 0.224393 -0.055620 -0.052800
v 0.217979 -0.063903 -0.062198
v 0.213293 -0.062540 -0.059381
v 0.220619 -0.052277 -0.052756
v 0.224478 -0.052937 -0.050539
v 0.208749 -0.056354 -0.061475
v 0.214660 -0.059569 -0.063558
v 0.217979 -0.063903 -0.062198
v 0.224049 -0.052176 -0.055927
v 0.214660 -0.059569 -0.063558
v 0.224393 -0.055620 -0.052800
v 0.224689 -0.050524 -0.053122
v 0.224478 -0.052937 -0.050539
v 0.077480 -0.001617 -0.074746
v 0.076363 0.002769 -0.082013
v 0.071064 -0.007564 -0.080556
v 0.070985 0.008045 -0.076729
v 0.069654 0.003003 -0.070063
v 0.072958 -0.074892 0.010736
v 0.071059 -0.076136 0.013254
v 0.079611 -0.079257 0.006371
v 0.081415 -0.083735 0.005688
v 0.064621 -0.076724 0.008904
v 0.060346 -0.083485 0.005938
v 0.074524 -0.028489 0.007660
v 0.077066 -0.007707 0.028467
v 0.077066 -0.037661 0.000484
v 0.073066 -0.007613 0.028410
v 0.077066 -0.000118 0.025827
v 0.073066 0.000401 0.025180
v 0.075061 0.008010 0.028258
v 0.073066 -0.000700 0.037627
v 0.073066 0.014207 0.023159
v 0.077066 0.014042 0.023133
v 0.074524 -0.028489 0.007660
v 0.073066 -0.037661 -0.000347
v 0.073066 -0.000700 0.037627
v 0.077066 -0.026202 0.002050
v 0.073066 -0.024047 -0.000491
v 0.077066 -0.025665 -0.001205
v 0.077066 -0.028229 -0.008204
v 0.073066 -0.028297 -0.008079
v 0.077066 -0.023333 -0.014475
v 0.073066 -0.022860 -0.013298
v 0.077066 -0.028521 0.007934
v 0.073066 -0.028466 0.007987
v 0.077066 -0.008049 0.028448
v 0.073066 -0.025668 -0.000511
v 0.073066 -0.022963 -0.013384
v 0.073066 -0.029137 -0.004263
v 0.073066 -0.029950 0.001487
v 0.077066 -0.030023 -0.000938
v 0.057756 -0.006725 -0.079471
v 0.056693 0.000867 -0.083834
v 0.063050 -0.004927 -0.089639
v 0.065184 -0.011818 -0.084580
v 0.057089 0.000718 -0.072041
v 0.058444 0.008261 -0.076464
v 0.062604 0.005588 -0.067205
v 0.063370 -0.003211 -0.076005
v 0.063838 0.004803 -0.079935
v 0.069654 0.003003 -0.070063
v 0.067988 -0.000967 -0.085707
v 0.054199 -0.008500 -0.064268
v 0.056565 -0.012158 -0.054491
v 0.058379 -0.002541 -0.058309
v 0.060802 -0.008555 -0.050888
v 0.055077 -0.018875 -0.061208
v 0.054569 -0.014254 -0.070021
v 0.058754 -0.019136 -0.074904
v 0.059137 -0.025129 -0.067462
v 0.077066 -0.000451 -0.037567
v 0.075059 -0.008162 -0.028202
v 0.077066 -0.014174 -0.023077
v 0.077066 -0.000047 -0.037567
v 0.075066 -0.008186 -0.028182
v 0.073066 0.037533 -0.002820
v 0.077066 0.037533 0.000579
v 0.073066 0.037533 0.002879
v 0.075165 0.037533 -0.002820
v 0.073066 -0.012564 -0.017542
v 0.073066 -0.014675 -0.023285
v 0.077066 -0.012513 -0.016649
v 0.073066 -0.016999 -0.012309
v 0.073066 -0.012584 -0.017473
v 0.077066 -0.012454 -0.019693
v 0.075059 -0.008162 -0.028202
v 0.073066 0.000470 -0.037567
v 0.073066 -0.014678 -0.023289
v 0.077066 -0.014174 -0.023077
v 0.075066 -0.008186 -0.028182
v 0.073066 0.000200 -0.037567
v 0.077066 -0.000277 -0.023953
v 0.073066 -0.000361 -0.023953
v 0.073066 0.007673 -0.028395
v 0.077066 0.007976 -0.028378
v 0.074725 0.028367 -0.007878
v 0.074842 0.028365 -0.007898
v 0.087262 -0.065099 -0.009144
v 0.081712 -0.051933 -0.009413
v 0.081999 -0.057689 -0.001734
v 0.086351 -0.057972 -0.015452
v 0.086308 -0.063386 -0.020866
v 0.082851 -0.074806 -0.018851
v 0.082909 -0.067221 -0.024701
v 0.066342 -0.049184 -0.006664
v 0.075650 -0.055165 0.000790
v 0.075108 -0.048744 -0.006224
v 0.081999 -0.057689 -0.001734
v 0.081712 -0.051933 -0.009413
v 0.063596 -0.055964 -0.000009
v 0.059154 -0.052265 -0.009745
v 0.086061 -0.066118 -0.012610
v 0.082909 -0.067221 -0.024701
v 0.079245 -0.074220 -0.020777
v 0.086308 -0.063386 -0.020866
v 0.086351 -0.057972 -0.015452
v 0.082241 -0.058665 -0.005081
v 0.081712 -0.051933 -0.009413
v 0.225632 -0.004334 -0.018550
v 0.220304 -0.053005 -0.059144
v 0.208991 -0.045669 -0.062682
v 0.217070 -0.045898 -0.065447
v 0.199601 -0.047012 -0.058606
v 0.064325 -0.072858 0.012093
v 0.065074 -0.066644 0.006347
v 0.057486 -0.071892 0.001140
v 0.057283 -0.078278 0.006712
v 0.057085 -0.078149 -0.005100
v 0.058256 -0.085780 -0.000776
v 0.063518 -0.083770 -0.010733
v 0.066048 -0.090744 -0.005759
v 0.083566 0.030403 0.000626
v 0.077031 0.031522 -0.000242
v 0.077031 0.027613 -0.001965
v 0.083566 0.026746 -0.000701
v 0.083566 0.026746 -0.000701
v 0.077031 0.027613 -0.001965
v 0.077031 0.028469 0.002625
v 0.073066 -0.029950 0.001487
v 0.077066 -0.026202 0.002050
v 0.077066 -0.030023 -0.000938
v 0.073066 -0.025668 -0.000511
v 0.077066 -0.029942 -0.000925
v 0.073066 -0.028903 0.001334
v 0.073066 -0.025668 -0.000511
v 0.077066 -0.030023 -0.000938
v 0.077066 -0.025664 -0.001206
v 0.102443 -0.030156 -0.061356
v 0.103065 -0.017815 -0.065363
v 0.103658 -0.026142 -0.057164
v 0.102513 -0.021480 -0.070027
v 0.077066 -0.023333 -0.014475
v 0.073066 -0.037661 -0.000347
v 0.073066 -0.022860 -0.013298
v 0.073066 -0.016946 -0.012345
v 0.077066 -0.017515 -0.012473
v 0.073066 -0.012584 -0.017473
v 0.077066 -0.012513 -0.016649
v 0.077066 -0.017903 -0.011822
v 0.073066 -0.022963 -0.013384
v 0.073066 -0.037661 0.000046
v 0.083566 -0.000785 -0.026799
v 0.077031 -0.001341 -0.030641
v 0.077031 -0.001334 -0.026325
v 0.083566 0.000480 -0.030598
v 0.109259 0.010182 -0.030015
v 0.083566 0.029973 -0.010209
v 0.083566 0.010647 -0.030480
v 0.109116 0.029880 -0.010115
v 0.083566 0.010647 -0.030480
v 0.109116 0.029880 -0.010115
v 0.109259 0.010182 -0.030015
v 0.083566 0.029973 -0.010209
v 0.109259 -0.010310 0.030075
v 0.083566 -0.030101 0.010268
v 0.083566 -0.010775 0.030540
v 0.109116 -0.030008 0.010174
v 0.109259 -0.010310 0.030075
v 0.083566 -0.010775 0.030540
v 0.109116 -0.030008 0.010174
v 0.083566 -0.030101 0.010268
v 0.073266 0.013969 0.017470
v 0.083566 0.016205 0.016255
v 0.073266 0.015963 0.014155
v 0.075229 0.017794 0.022618
v 0.083566 0.019012 0.021401
v 0.077066 -0.000118 0.025827
v 0.073066 -0.002125 0.029058
v 0.077066 -0.000037 0.030541
v 0.073066 0.000401 0.025180
v 0.077066 -0.000400 0.025506
v 0.073066 0.000154 0.025216
v 0.077031 -0.022718 0.006611
v 0.104156 -0.020544 0.002408
v 0.094222 -0.019629 0.002976
v 0.104442 -0.018492 0.003597
v 0.098743 -0.015582 0.000747
v 0.104348 -0.012887 -0.001947
v 0.083947 -0.040233 0.017405
v 0.085366 -0.046610 0.011100
v 0.085864 -0.033108 0.010275
v 0.085362 -0.039871 0.004371
v 0.083947 -0.040233 0.017405
v 0.085362 -0.039871 0.004371
v 0.085366 -0.046610 0.011100
v 0.079798 -0.034274 0.011471
v 0.083947 0.010679 -0.033507
v 0.085366 0.004302 -0.039811
v 0.085864 0.017804 -0.040637
v 0.085362 0.011041 -0.046541
v 0.083947 0.010679 -0.033507
v 0.085362 0.011041 -0.046541
v 0.085366 0.004302 -0.039811
v 0.079798 0.016637 -0.039441
v 0.077031 -0.031071 -0.000784
v 0.083566 -0.030740 -0.001248
v 0.077031 -0.026538 -0.001188
v 0.083566 -0.026667 -0.001849
v 0.077031 -0.028218 0.002629
v 0.083566 -0.028011 0.002297
v 0.077031 -0.031071 -0.000784
v 0.083566 -0.030740 -0.001248
v 0.085864 -0.033108 0.010275
v 0.079798 -0.034274 0.011471
v 0.083947 -0.040233 0.017405
v 0.080282 -0.040706 0.005175
v 0.085362 -0.039871 0.004371
v 0.073266 -0.047695 0.012227
v 0.076459 -0.040033 0.017214
v 0.085366 -0.046610 0.011100
v 0.076459 -0.040033 0.017214
v 0.073266 -0.032477 0.009611
v 0.073266 -0.040108 0.010852
v 0.073266 -0.047695 0.012227
v 0.073266 -0.038844 0.003364
v 0.074670 -0.057844 -0.000971
v 0.074670 -0.052045 -0.006781
v 0.079798 -0.034274 0.011471
v 0.076459 -0.040033 0.017214
v 0.078719 -0.040015 0.010946
v 0.080282 -0.040706 0.005175
v 0.080331 -0.045860 0.010329
v 0.078693 -0.053111 -0.005741
v 0.078728 -0.056791 -0.002062
v 0.076459 0.010878 -0.033697
v 0.073266 0.018434 -0.041301
v 0.073266 0.010804 -0.040059
v 0.073266 0.003217 -0.038684
v 0.073266 0.012068 -0.047548
v 0.075163 -0.007062 -0.053030
v 0.075163 -0.002279 -0.057823
v 0.085864 0.017804 -0.040637
v 0.079798 0.016637 -0.039441
v 0.083947 0.010679 -0.033507
v 0.080282 0.010206 -0.045737
v 0.085362 0.011041 -0.046541
v 0.073266 0.003217 -0.038684
v 0.076459 0.010878 -0.033697
v 0.085366 0.004302 -0.039811
v 0.079798 0.016637 -0.039441
v 0.076459 0.010878 -0.033697
v 0.078719 0.010897 -0.039966
v 0.080282 0.010206 -0.045737
v 0.080331 0.005052 -0.040583
v 0.078189 -0.003080 -0.057040
v 0.078219 -0.006269 -0.053852
v 0.074870 -0.083307 0.001963
v 0.080306 -0.079800 0.005490
v 0.073211 -0.078856 0.006466
v 0.075650 -0.075378 0.009896
v 0.079637 -0.084855 0.000447
v 0.068085 -0.075020 0.010314
v 0.073676 -0.088111 -0.002777
v 0.066892 -0.079760 0.005510
v 0.068550 -0.084263 0.001059
v 0.062124 -0.078244 0.007058
v 0.066112 -0.087693 -0.002419
v 0.061456 -0.083287 0.002004
v 0.073211 -0.078856 0.006466
v 0.080306 -0.079800 0.005490
v 0.074870 -0.083307 0.001963
v 0.079637 -0.084855 0.000447
v 0.075650 -0.075378 0.009896
v 0.073676 -0.088111 -0.002777
v 0.068085 -0.075020 0.010314
v 0.068550 -0.084263 0.001059
v 0.066892 -0.079760 0.005510
v 0.066112 -0.087693 -0.002419
v 0.062124 -0.078244 0.007058
v 0.061456 -0.083287 0.002004
v 0.224020 -0.054115 -0.055637
v 0.228866 -0.047894 -0.049080
v 0.222650 -0.055577 -0.052947
v 0.226641 -0.047537 -0.047937
v 0.221535 -0.052675 -0.054847
v 0.223573 -0.057221 -0.057225
v 0.219928 -0.054456 -0.056589
v 0.220531 -0.057202 -0.054393
v 0.120894 -0.074966 -0.021709
v 0.121792 -0.070205 -0.018091
v 0.124871 -0.074970 -0.014252
v 0.124541 -0.079691 -0.017974
v 0.166586 -0.072503 -0.028365
v 0.197234 -0.073014 -0.045525
v 0.198968 -0.068419 -0.041951
v 0.197974 -0.068022 -0.050725
v 0.204998 -0.070148 -0.051059
v 0.215796 -0.073316 -0.050512
v 0.218560 -0.076267 -0.048391
v 0.219359 -0.067282 -0.048921
v 0.213919 -0.068865 -0.045764
v 0.231642 -0.056921 -0.053988
v 0.224689 -0.050524 -0.053122
v 0.224478 -0.052937 -0.050539
v 0.229380 -0.049763 -0.059309
v 0.222365 -0.063026 -0.067016
v 0.220496 -0.069022 -0.059346
v 0.102513 -0.061333 -0.030107
v 0.102626 -0.069764 -0.021708
v 0.095675 -0.062817 -0.022796
v 0.095131 -0.056731 -0.032644
v 0.103990 -0.057030 -0.026267
v 0.113831 -0.060776 -0.033986
v 0.114616 -0.056789 -0.029528
v 0.083566 -0.000184 0.026310
v 0.077031 0.000056 0.026203
v 0.077031 -0.001939 0.030142
v 0.083566 -0.001438 0.030641
v 0.083566 -0.001438 0.030641
v 0.077031 -0.001939 0.030142
v 0.077031 0.002554 0.029779
v 0.083566 0.002747 0.029468
v 0.070716 0.007104 -0.065724
v 0.076816 0.011615 -0.073188
v 0.066141 0.012667 -0.072097
v 0.078627 0.005083 -0.067771
v 0.062604 0.005588 -0.067205
v 0.058444 0.008261 -0.076464
v 0.077031 -0.014055 -0.017474
v 0.073266 -0.017031 -0.014671
v 0.077031 -0.018307 -0.013645
v 0.075398 -0.023097 -0.017384
v 0.073266 -0.016049 -0.018170
v 0.077031 -0.014055 -0.017474
v 0.075419 -0.017477 -0.023003
v 0.073266 -0.017031 -0.014671
v 0.083566 -0.017612 -0.017326
v 0.217873 -0.047364 -0.068487
v 0.213268 -0.050072 -0.073081
v 0.214678 -0.046932 -0.067993
v 0.215927 -0.046261 -0.077669
v 0.217873 -0.047364 -0.068487
v 0.221755 -0.049011 -0.067899
v 0.219564 -0.043728 -0.072571
v 0.214678 -0.046932 -0.067993
v 0.205537 -0.049639 -0.062696
v 0.214241 -0.052836 -0.061991
v 0.213649 -0.059243 -0.069009
v 0.201475 -0.056166 -0.069045
v 0.203582 -0.063412 -0.069818
v 0.208213 -0.064939 -0.069493
v 0.077066 0.001394 -0.029856
v 0.073066 0.001252 -0.029279
v 0.077066 -0.001319 -0.027734
v 0.073066 -0.001597 -0.027614
v 0.077066 -0.001319 -0.027734
v 0.073066 0.001252 -0.029279
v 0.077066 0.001394 -0.029856
v 0.073066 -0.001597 -0.027614
v 0.077066 0.000313 0.037627
v 0.075061 0.008010 0.028258
v 0.077066 0.014042 0.023133
v 0.073066 0.014207 0.023159
v 0.077066 0.012005 0.016980
v 0.073066 0.011204 0.016685
v 0.077066 0.016809 0.011193
v 0.073066 0.011188 0.017011
v 0.077066 0.011695 0.018267
v 0.073066 0.016664 0.011717
v 0.077066 0.013196 0.012597
v 0.077066 0.018152 0.011904
v 0.077066 0.023253 0.014646
v 0.073066 0.023082 0.014145
v 0.073066 0.037533 0.002879
v 0.077066 0.037533 0.000579
v 0.077066 0.023252 0.014585
v 0.073066 0.016332 0.012062
v 0.077066 0.016809 0.011193
v 0.077066 0.012005 0.016980
v 0.073066 0.011204 0.016685
v 0.077066 0.014255 0.023140
v 0.073066 0.014101 0.023155
v 0.077066 -0.000092 0.037627
v 0.073066 -0.000324 0.037627
v 0.073066 0.011188 0.017011
v 0.077066 0.011695 0.018267
v 0.073066 0.016664 0.011717
v 0.077066 0.013196 0.012597
v 0.077066 0.013196 0.012597
v 0.077066 0.011695 0.018267
v 0.073066 0.011188 0.017011
v 0.073066 0.014101 0.023155
v 0.077066 0.014255 0.023140
v 0.077066 -0.017515 -0.012473
v 0.073066 -0.022860 -0.013298
v 0.077066 -0.023333 -0.014475
v 0.073066 -0.016946 -0.012345
v 0.077066 -0.012513 -0.016649
v 0.077066 -0.028229 -0.008204
v 0.073066 -0.028297 -0.008079
v 0.077066 -0.017903 -0.011822
v 0.073066 -0.022963 -0.013384
v 0.083566 0.016205 0.016255
v 0.074754 0.022406 0.018006
v 0.073266 0.015963 0.014155
v 0.083566 0.021307 0.019105
v 0.077031 0.013572 0.016762
v 0.073266 0.013969 0.017470
v 0.075229 0.017794 0.022618
v 0.073066 0.001800 0.029589
v 0.077066 -0.000118 0.025827
v 0.077066 -0.000037 0.030541
v 0.073066 0.000401 0.025180
v 0.085362 0.011041 -0.046541
v 0.073266 0.018434 -0.041301
v 0.085864 0.017804 -0.040637
v 0.073266 0.012068 -0.047548
v 0.080282 0.010206 -0.045737
v 0.075163 -0.002279 -0.057823
v 0.078189 -0.003080 -0.057040
v 0.078219 -0.006269 -0.053852
v 0.075163 -0.007062 -0.053030
v 0.085362 -0.039871 0.004371
v 0.073266 -0.032477 0.009611
v 0.085864 -0.033108 0.010275
v 0.073266 -0.038844 0.003364
v 0.080282 -0.040706 0.005175
v 0.074670 -0.052045 -0.006781
v 0.078693 -0.053111 -0.005741
v 0.078728 -0.056791 -0.002062
v 0.074670 -0.057844 -0.000971
v 0.073066 -0.029137 -0.004263
v 0.077066 -0.030023 -0.000938
v 0.073066 -0.025668 -0.000511
v 0.077066 -0.025664 -0.001206
v 0.077066 -0.026202 0.002050
v 0.073066 -0.028903 0.001334
v 0.073066 -0.028284 -0.001822
v 0.077066 -0.025665 -0.001205
v 0.073066 -0.028284 -0.001822
v 0.077066 -0.029942 -0.000925
v 0.077066 0.013196 0.012597
v 0.073066 0.011188 0.017011
v 0.073066 0.016664 0.011717
v 0.077066 0.018152 0.011904
v 0.073066 0.023082 0.014145
v 0.077066 0.023253 0.014646
v 0.077066 0.004951 0.028721
v 0.073066 0.001810 0.029403
v 0.077066 -0.000400 0.025506
v 0.073066 0.000154 0.025216
v 0.221535 -0.052675 -0.054847
v 0.223573 -0.057221 -0.057225
v 0.219928 -0.054456 -0.056589
v 0.224020 -0.054115 -0.055637
v 0.228866 -0.047894 -0.049080
v 0.226641 -0.047537 -0.047937
v 0.077066 0.027580 0.001563
v 0.073066 0.025619 0.000384
v 0.073066 0.029680 0.000038
v 0.077066 0.029897 0.000994
v 0.077066 0.025417 -0.000137
v 0.083566 0.026746 -0.000701
v 0.077031 0.028469 0.002625
v 0.083566 0.030403 0.000626
v 0.077031 0.031522 -0.000242
v 0.073066 0.025619 0.000384
v 0.077066 0.025417 -0.000137
v 0.073066 0.029680 0.000038
v 0.077066 0.029897 0.000994
v 0.077066 0.029258 -0.001246
v 0.073266 -0.016049 -0.018170
v 0.083566 -0.017612 -0.017326
v 0.073266 -0.017031 -0.014671
v 0.102513 -0.061333 -0.030107
v 0.104000 -0.065588 -0.017604
v 0.102626 -0.069764 -0.021708
v 0.103990 -0.057030 -0.026267
v 0.112290 -0.015300 -0.079142
v 0.112573 -0.012565 -0.073289
v 0.111781 -0.019804 -0.074499
v 0.073066 0.014207 0.023159
v 0.077066 0.012005 0.016980
v 0.073066 0.011204 0.016685
v 0.077066 0.014042 0.023133
v 0.077066 0.000313 0.037627
v 0.077066 0.016809 0.011193
v 0.073066 0.016332 0.012062
v 0.073066 0.016332 0.012062
v 0.077066 0.016809 0.011193
v 0.073066 0.011204 0.016685
v 0.073066 0.023092 0.014107
v 0.077066 0.023252 0.014585
v 0.079798 0.016637 -0.039441
v 0.085864 0.017804 -0.040637
v 0.073266 0.018434 -0.041301
v 0.076459 0.010878 -0.033697
v 0.083947 0.010679 -0.033507
v 0.080331 0.005052 -0.040583
v 0.085366 0.004302 -0.039811
v 0.079798 -0.034274 0.011471
v 0.073266 -0.032477 0.009611
v 0.076459 -0.040033 0.017214
v 0.085864 -0.033108 0.010275
v 0.083947 -0.040233 0.017405
v 0.080331 -0.045860 0.010329
v 0.085366 -0.046610 0.011100
v 0.198569 -0.049459 -0.069495
v 0.199279 -0.046276 -0.064303
v 0.198743 -0.041443 -0.068927
v 0.196827 -0.044921 -0.073640
v 0.191236 -0.052792 -0.051070
v 0.191070 -0.053061 -0.055115
v 0.192281 -0.051024 -0.053164
v 0.191002 -0.055134 -0.053046
v 0.077066 -0.037661 0.000484
v 0.073066 -0.037661 -0.000347
v 0.077066 -0.023333 -0.014475
v 0.073066 -0.000700 0.037627
v 0.077066 0.000313 0.037627
v 0.073066 0.014207 0.023159
v 0.073066 -0.000700 0.037627
v 0.077066 -0.037661 0.000484
v 0.073066 -0.037661 0.000046
v 0.077066 -0.037661 0.000309
v 0.077066 -0.000092 0.037627
v 0.077066 -0.023335 -0.014477
v 0.073066 -0.000324 0.037627
v 0.073066 0.037533 -0.002820
v 0.077066 -0.000047 -0.037567
v 0.073066 0.000200 -0.037567
v 0.073066 -0.014675 -0.023285
v 0.077066 -0.000451 -0.037567
v 0.073066 -0.014678 -0.023289
v 0.073066 0.000470 -0.037567
v 0.075165 0.037533 -0.002820
v 0.073266 0.015963 0.014155
v 0.077031 0.018050 0.013273
v 0.077031 0.013572 0.016762
v 0.074754 0.022406 0.018006
v 0.217289 -0.068055 -0.047566
v 0.215001 -0.065573 -0.045085
v 0.218061 -0.065765 -0.045773
v 0.214479 -0.067385 -0.047396
v 0.083566 0.002747 0.029468
v 0.077031 0.002554 0.029779
v 0.077031 0.000056 0.026203
v 0.083566 -0.000184 0.026310
v 0.077031 -0.026538 -0.001188
v 0.083566 -0.028011 0.002297
v 0.077031 -0.028218 0.002629
v 0.083566 -0.026667 -0.001849
v 0.077895 -0.029992 0.080053
v 0.081282 -0.034529 0.084591
v 0.077366 -0.015669 0.065729
v 0.087091 -0.039754 0.089816
v 0.111157 -0.049894 0.099958
v 0.077799 -0.005244 0.055302
v 0.077366 0.018030 0.032025
v 0.126427 -0.056049 0.106113
v 0.078061 0.042026 0.008025
v 0.191227 0.132133 -0.082093
v 0.088866 0.090506 -0.040460
v 0.077366 0.064782 -0.014734
v 0.078013 0.079550 -0.029504
v 0.228878 0.122781 -0.072740
v 0.204887 0.132159 -0.082120
v 0.262571 0.109018 -0.058975
v 0.306619 0.090365 -0.040320
v 0.336694 0.078645 -0.028599
v 0.347219 0.040502 0.009550
v 0.342029 0.072666 -0.022618
v 0.347766 0.060154 -0.010104
v 0.346769 0.065910 -0.015862
v 0.308550 -0.040944 0.091006
v 0.347766 0.023506 0.026549
v 0.321817 -0.035352 0.085414
v 0.347766 0.001145 0.048912
v 0.335444 -0.029333 0.079394
v 0.343624 -0.022955 0.073016
v 0.347237 -0.018197 0.068256
v 0.284267 -0.050211 0.100275
v 0.294382 -0.047074 0.097138
v 0.262789 -0.058978 0.109042
v 0.142649 -0.062927 0.112992
v 0.238761 -0.068093 0.118160
v 0.228766 -0.072910 0.122976
v 0.164655 -0.071685 0.121752
v 0.176927 -0.075587 0.125655
v 0.195854 -0.081537 0.131605
v 0.203466 -0.082348 0.132416
v 0.138056 0.104094 -0.058570
v 0.196048 0.125087 -0.079577
v 0.196212 0.128149 -0.074485
v 0.138794 0.107364 -0.053686
v 0.256152 0.104670 -0.059146
v 0.255720 0.107934 -0.054256
v 0.211305 0.128313 -0.083137
v 0.193568 0.130502 -0.085328
v 0.260876 0.107455 -0.062266
v 0.135700 0.107591 -0.062402
v 0.097689 0.091890 -0.046690
v 0.285519 0.092747 -0.047215
v 0.306152 0.089779 -0.044578
v 0.284797 0.096128 -0.042443
v 0.324317 0.076220 -0.030678
v 0.342543 0.073257 -0.028046
v 0.323211 0.079766 -0.026070
v 0.337006 0.070250 -0.024704
v 0.335774 0.073855 -0.020155
v 0.348182 0.065448 -0.020231
v 0.348451 0.063448 -0.018230
v 0.340484 0.064107 -0.018557
v 0.340975 0.051983 -0.006425
v 0.340975 0.025099 0.020477
v 0.348766 0.011629 0.033623
v 0.340975 0.007412 0.038175
v 0.348758 -0.018659 0.063931
v 0.340721 -0.018271 0.063875
v 0.340484 0.064107 -0.018557
v 0.339217 0.067772 -0.014069
v 0.335774 0.073855 -0.020155
v 0.337006 0.070250 -0.024704
v 0.340975 0.051983 -0.006425
v 0.339704 0.055768 -0.002057
v 0.340975 0.025099 0.020477
v 0.339704 0.029150 0.024578
v 0.339704 0.011639 0.042101
v 0.340975 0.007412 0.038175
v 0.339452 -0.013790 0.067547
v 0.340721 -0.018271 0.063875
v 0.337571 -0.018327 0.072087
v 0.338821 -0.022853 0.068460
v 0.338821 -0.022853 0.068460
v 0.322645 -0.026381 0.080146
v 0.337571 -0.018327 0.072087
v 0.323746 -0.030988 0.076600
v 0.287996 -0.040369 0.094143
v 0.342402 -0.029254 0.074533
v 0.346667 -0.023571 0.068846
v 0.340721 -0.018271 0.063875
v 0.348758 -0.018659 0.063931
v 0.306620 -0.045111 0.090400
v 0.288750 -0.045115 0.090737
v 0.260148 -0.051620 0.105401
v 0.258077 -0.064782 0.110084
v 0.260624 -0.056479 0.102108
v 0.217839 -0.069212 0.123005
v 0.225122 -0.078305 0.123616
v 0.217892 -0.074247 0.119887
v 0.204858 -0.074192 0.127988
v 0.212288 -0.083162 0.128476
v 0.204781 -0.079277 0.124921
v 0.197906 -0.075126 0.128923
v 0.204301 -0.085777 0.131093
v 0.197759 -0.080220 0.125865
v 0.193642 -0.085802 0.131118
v 0.189219 -0.078530 0.124173
v 0.185613 -0.083682 0.128996
v 0.189450 -0.073453 0.127248
v 0.174984 -0.079697 0.125009
v 0.160737 -0.066783 0.112419
v 0.162523 -0.074750 0.120059
v 0.161250 -0.061822 0.115610
v 0.126831 -0.059986 0.105285
v 0.122846 -0.051319 0.096945
v 0.123734 -0.046511 0.100290
v 0.102450 -0.049138 0.094430
v 0.088483 -0.036548 0.082164
v 0.089712 -0.031904 0.085672
v 0.077620 -0.033815 0.079097
v 0.089349 -0.044295 0.089584
v 0.082230 -0.040448 0.085734
v 0.084160 -0.029350 0.074961
v 0.076706 -0.031502 0.076783
v 0.089712 -0.031904 0.085672
v 0.084160 -0.029350 0.074961
v 0.085431 -0.024759 0.078523
v 0.088483 -0.036548 0.082164
v 0.084157 0.010612 0.034973
v 0.085428 0.014807 0.038931
v 0.085428 0.043401 0.010318
v 0.084157 0.039492 0.006074
v 0.085611 0.078628 -0.024932
v 0.084341 0.075071 -0.029528
v 0.087560 0.083839 -0.030146
v 0.086310 0.080335 -0.034795
v 0.086310 0.080335 -0.034795
v 0.087560 0.083839 -0.030146
v 0.079367 0.081927 -0.036721
v 0.086198 0.087633 -0.042430
v 0.084341 0.075071 -0.029528
v 0.076881 0.077498 -0.032289
v 0.076366 0.053912 -0.008687
v 0.084157 0.039492 0.006074
v 0.076366 0.023290 0.021955
v 0.084157 0.010612 0.034973
v 0.076366 0.008890 0.036364
v 0.084160 -0.029350 0.074961
v 0.076706 -0.031502 0.076783
v 0.211305 0.132557 -0.078896
v 0.193568 0.130502 -0.085328
v 0.193568 0.134746 -0.081086
v 0.211305 0.128313 -0.083137
v 0.196212 0.128149 -0.074485
v 0.138794 0.107364 -0.053686
v 0.255720 0.107934 -0.054256
v 0.135700 0.111835 -0.058160
v 0.135700 0.107591 -0.062402
v 0.097689 0.096134 -0.042449
v 0.087560 0.083839 -0.030146
v 0.097689 0.091890 -0.046690
v 0.086198 0.091877 -0.038189
v 0.086198 0.087633 -0.042430
v 0.079367 0.086171 -0.032480
v 0.085611 0.078628 -0.024932
v 0.076881 0.081742 -0.028047
v 0.076366 0.058156 -0.004446
v 0.085428 0.043401 0.010318
v 0.076366 0.013134 0.040605
v 0.085428 0.014807 0.038931
v 0.085431 -0.024759 0.078523
v 0.076706 -0.027258 0.081024
v 0.077620 -0.029571 0.083338
v 0.089712 -0.031904 0.085672
v 0.102450 -0.044894 0.098671
v 0.123734 -0.046511 0.100290
v 0.089349 -0.040051 0.093825
v 0.082230 -0.036204 0.089976
v 0.126831 -0.055742 0.109526
v 0.161250 -0.061822 0.115610
v 0.162523 -0.070506 0.124300
v 0.174984 -0.075453 0.129250
v 0.189450 -0.073453 0.127248
v 0.185613 -0.079438 0.133238
v 0.193642 -0.081558 0.135359
v 0.197906 -0.075126 0.128923
v 0.204301 -0.081533 0.135334
v 0.204858 -0.074192 0.127988
v 0.212288 -0.078918 0.132718
v 0.217839 -0.069212 0.123005
v 0.225122 -0.074061 0.127857
v 0.260148 -0.051620 0.105401
v 0.258077 -0.060538 0.114325
v 0.287996 -0.040369 0.094143
v 0.306620 -0.040867 0.094642
v 0.322645 -0.026381 0.080146
v 0.342402 -0.025010 0.078774
v 0.337571 -0.018327 0.072087
v 0.346667 -0.019327 0.073088
v 0.339452 -0.013790 0.067547
v 0.348758 -0.014415 0.068172
v 0.339704 0.011639 0.042101
v 0.348766 0.015873 0.037864
v 0.339704 0.029150 0.024578
v 0.348451 0.067692 -0.013988
v 0.339704 0.055768 -0.002057
v 0.339217 0.067772 -0.014069
v 0.335774 0.073855 -0.020155
v 0.348182 0.069692 -0.015990
v 0.342543 0.077501 -0.023804
v 0.323211 0.079766 -0.026070
v 0.306152 0.094023 -0.040337
v 0.284797 0.096128 -0.042443
v 0.306152 0.089779 -0.044578
v 0.342543 0.073257 -0.028046
v 0.260876 0.107455 -0.062266
v 0.260876 0.111699 -0.058024
v 0.079367 0.081927 -0.036721
v 0.079367 0.086171 -0.032480
v 0.086198 0.091877 -0.038189
v 0.086198 0.087633 -0.042430
v 0.076881 0.081742 -0.028047
v 0.076881 0.077498 -0.032289
v 0.076366 0.058156 -0.004446
v 0.076366 0.053912 -0.008687
v 0.076366 0.027534 0.026196
v 0.076366 0.023290 0.021955
v 0.076366 0.008890 0.036364
v 0.076366 0.013134 0.040605
v 0.076706 -0.027258 0.081024
v 0.076706 -0.031502 0.076783
v 0.077620 -0.033815 0.079097
v 0.077620 -0.029571 0.083338
v 0.082230 -0.036204 0.089976
v 0.082230 -0.040448 0.085734
v 0.089349 -0.044295 0.089584
v 0.089349 -0.040051 0.093825
v 0.089349 -0.044295 0.089584
v 0.102450 -0.044894 0.098671
v 0.089349 -0.040051 0.093825
v 0.102450 -0.049138 0.094430
v 0.126831 -0.055742 0.109526
v 0.126831 -0.059986 0.105285
v 0.162523 -0.070506 0.124300
v 0.162523 -0.074750 0.120059
v 0.174984 -0.075453 0.129250
v 0.174984 -0.079697 0.125009
v 0.185613 -0.079438 0.133238
v 0.185613 -0.083682 0.128996
v 0.193642 -0.081558 0.135359
v 0.193642 -0.085802 0.131118
v 0.204301 -0.085777 0.131093
v 0.204301 -0.081533 0.135334
v 0.212288 -0.083162 0.128476
v 0.212288 -0.078918 0.132718
v 0.225122 -0.078305 0.123616
v 0.225122 -0.074061 0.127857
v 0.258077 -0.064782 0.110084
v 0.258077 -0.060538 0.114325
v 0.306620 -0.045111 0.090400
v 0.306620 -0.040867 0.094642
v 0.342402 -0.029254 0.074533
v 0.342402 -0.025010 0.078774
v 0.342402 -0.029254 0.074533
v 0.346667 -0.023571 0.068846
v 0.346667 -0.019327 0.073088
v 0.342402 -0.025010 0.078774
v 0.348758 -0.014415 0.068172
v 0.348758 -0.018659 0.063931
v 0.348766 0.011629 0.033623
v 0.348766 0.015873 0.037864
v 0.348451 0.063448 -0.018230
v 0.348451 0.067692 -0.013988
v 0.348182 0.069692 -0.015990
v 0.348182 0.065448 -0.020231
v 0.342543 0.073257 -0.028046
v 0.342543 0.077501 -0.023804
v 0.256151 0.071093 -0.092702
v 0.138056 0.070517 -0.092126
v 0.196048 0.091510 -0.113132
v 0.288750 -0.078693 0.057181
v 0.285519 0.059169 -0.080771
v 0.086310 0.046758 -0.068351
v 0.340975 -0.008478 -0.013079
v 0.324317 0.042643 -0.064233
v 0.340975 0.018406 -0.039980
v 0.340483 0.030530 -0.052112
v 0.337006 0.036673 -0.058259
v 0.340975 -0.026165 0.004620
v 0.323746 -0.064565 0.043045
v 0.340721 -0.051848 0.030320
v 0.338821 -0.056430 0.034905
v 0.260624 -0.090056 0.068552
v 0.217892 -0.107824 0.086332
v 0.160737 -0.100360 0.078863
v 0.189219 -0.112107 0.090618
v 0.204781 -0.112854 0.091365
v 0.197759 -0.113798 0.092309
v 0.122846 -0.084897 0.063390
v 0.084157 0.005915 -0.027481
v 0.084341 0.041494 -0.063084
v 0.084157 -0.022965 0.001418
v 0.084160 -0.062927 0.041406
v 0.088483 -0.070125 0.048608
v 0.340975 0.018406 -0.039980
v 0.340483 0.030530 -0.052112
v 0.340484 0.064107 -0.018557
v 0.337006 0.036673 -0.058259
v 0.337006 0.070250 -0.024704
v 0.340975 0.051983 -0.006425
v 0.340975 -0.008478 -0.013079
v 0.340975 0.025099 0.020477
v 0.340975 -0.026165 0.004620
v 0.340975 0.007412 0.038175
v 0.340721 -0.051848 0.030320
v 0.340721 -0.018271 0.063875
v 0.338821 -0.022853 0.068460
v 0.338821 -0.056430 0.034905
v 0.323746 -0.064565 0.043045
v 0.323746 -0.030988 0.076600
v 0.337006 0.070250 -0.024704
v 0.324317 0.042643 -0.064233
v 0.324317 0.076220 -0.030678
v 0.337006 0.036673 -0.058259
v 0.285519 0.059169 -0.080771
v 0.285519 0.092747 -0.047215
v 0.256151 0.071093 -0.092702
v 0.256152 0.104670 -0.059146
v 0.196048 0.091510 -0.113132
v 0.196048 0.125087 -0.079577
v 0.138056 0.104094 -0.058570
v 0.138056 0.070517 -0.092126
v 0.086310 0.080335 -0.034795
v 0.086310 0.046758 -0.068351
v 0.084341 0.041494 -0.063084
v 0.084341 0.075071 -0.029528
v 0.086310 0.080335 -0.034795
v 0.086310 0.046758 -0.068351
v 0.084157 0.005915 -0.027481
v 0.084157 0.039492 0.006074
v 0.084157 -0.022965 0.001418
v 0.084157 0.010612 0.034973
v 0.084160 -0.062927 0.041406
v 0.084160 -0.029350 0.074961
v 0.088483 -0.070125 0.048608
v 0.088483 -0.036548 0.082164
v 0.088483 -0.070125 0.048608
v 0.122846 -0.051319 0.096945
v 0.088483 -0.036548 0.082164
v 0.122846 -0.084897 0.063390
v 0.160737 -0.066783 0.112419
v 0.160737 -0.100360 0.078863
v 0.189219 -0.078530 0.124173
v 0.189219 -0.112107 0.090618
v 0.197759 -0.080220 0.125865
v 0.197759 -0.113798 0.092309
v 0.204781 -0.112854 0.091365
v 0.204781 -0.079277 0.124921
v 0.217892 -0.107824 0.086332
v 0.217892 -0.074247 0.119887
v 0.260624 -0.090056 0.068552
v 0.260624 -0.056479 0.102108
v 0.288750 -0.078693 0.057181
v 0.288750 -0.045115 0.090737
v 0.323746 -0.064565 0.043045
v 0.323746 -0.030988 0.076600
v 0.078693 -0.053111 -0.005741
v 0.074670 -0.057844 -0.000971
v 0.074670 -0.052045 -0.006781
v 0.078728 -0.056791 -0.002062
v 0.080331 -0.045860 0.010329
v 0.073266 -0.047695 0.012227
v 0.085366 -0.046610 0.011100
v 0.078189 -0.003080 -0.057040
v 0.075163 -0.007062 -0.053030
v 0.075163 -0.002279 -0.057823
v 0.078219 -0.006269 -0.053852
v 0.080331 0.005052 -0.040583
v 0.073266 0.003217 -0.038684
v 0.085366 0.004302 -0.039811
vt 0.330815 0.345078
vt 0.337966 0.345695
vt 0.329560 0.344448
vt 0.330005 0.344992
vt 0.330147 0.345298
vt 0.329622 0.345277
vt 0.330489 0.345561
vt 0.329239 0.345797
vt 0.329545 0.345161
vt 0.330077 0.344791
vt 0.328112 0.344329
vt 0.327834 0.345049
vt 0.338445 0.345106
vt 0.338018 0.346138
vt 0.339982 0.345345
vt 0.339630 0.344857
vt 0.339509 0.345784
vt 0.327204 0.344501
vt 0.327083 0.345128
vt 0.326159 0.345286
vt 0.326334 0.345806
vt 0.328701 0.346037
vt 0.328032 0.346501
vt 0.328758 0.346823
vt 0.329200 0.347233
vt 0.328033 0.347539
vt 0.330097 0.347646
vt 0.329404 0.347134
vt 0.329756 0.346860
vt 0.329344 0.346760
vt 0.329297 0.346928
vt 0.331307 0.347381
vt 0.332674 0.347590
vt 0.329976 0.347229
vt 0.328804 0.347923
vt 0.329556 0.348204
vt 0.328809 0.348654
vt 0.328397 0.348325
vt 0.328053 0.348867
vt 0.328053 0.347965
vt 0.332601 0.347654
vt 0.331370 0.348281
vt 0.330064 0.348650
vt 0.329197 0.349270
vt 0.328044 0.349593
vt 0.329413 0.349311
vt 0.329142 0.348980
vt 0.329346 0.348922
vt 0.333905 0.347587
vt 0.332562 0.347186
vt 0.334069 0.347028
vt 0.337414 0.346980
vt 0.337055 0.347172
vt 0.338070 0.347277
vt 0.336910 0.347502
vt 0.338013 0.347828
vt 0.338912 0.347468
vt 0.336830 0.346467
vt 0.335431 0.346887
vt 0.337949 0.345640
vt 0.337995 0.346816
vt 0.338624 0.346292
vt 0.340194 0.345793
vt 0.339818 0.345737
vt 0.339504 0.345509
vt 0.339870 0.345266
vt 0.339467 0.346360
vt 0.339661 0.346938
vt 0.339962 0.347613
vt 0.339516 0.347217
vt 0.339617 0.347461
vt 0.339506 0.347645
vt 0.339436 0.347916
vt 0.340017 0.348056
vt 0.338221 0.348823
vt 0.337988 0.348282
vt 0.338471 0.346840
vt 0.339259 0.346643
vt 0.338716 0.346106
vt 0.338883 0.345641
vt 0.338139 0.346078
vt 0.337755 0.346485
vt 0.715230 0.390120
vt 0.713862 0.389501
vt 0.722816 0.390200
vt 0.722280 0.390739
vt 0.722450 0.391146
vt 0.722467 0.391202
vt 0.715279 0.390570
vt 0.714870 0.390584
vt 0.714951 0.391065
vt 0.714536 0.390276
vt 0.713694 0.391307
vt 0.714002 0.390654
vt 0.714464 0.390482
vt 0.714607 0.390796
vt 0.714051 0.390198
vt 0.713099 0.391094
vt 0.713153 0.391552
vt 0.712085 0.389447
vt 0.712156 0.390126
vt 0.712373 0.392676
vt 0.711257 0.390039
vt 0.711234 0.389442
vt 0.710663 0.390630
vt 0.711526 0.390621
vt 0.709901 0.391090
vt 0.710774 0.391316
vt 0.710004 0.391517
vt 0.709215 0.391371
vt 0.708678 0.390896
vt 0.709335 0.390120
vt 0.710030 0.390435
vt 0.713093 0.391946
vt 0.713572 0.392374
vt 0.713800 0.392294
vt 0.714070 0.391980
vt 0.713860 0.392677
vt 0.713655 0.392779
vt 0.714435 0.392775
vt 0.712397 0.393186
vt 0.713151 0.393114
vt 0.712756 0.393562
vt 0.712403 0.394022
vt 0.713877 0.393365
vt 0.715773 0.392930
vt 0.717035 0.392731
vt 0.718550 0.392569
vt 0.717147 0.393145
vt 0.714013 0.393774
vt 0.713596 0.394569
vt 0.713154 0.393859
vt 0.713802 0.394510
vt 0.713869 0.394908
vt 0.714433 0.393769
vt 0.718535 0.392857
vt 0.717073 0.393210
vt 0.715836 0.393853
vt 0.715725 0.393436
vt 0.714524 0.394231
vt 0.714201 0.394636
vt 0.714278 0.395075
vt 0.721672 0.392420
vt 0.719886 0.392998
vt 0.721405 0.393054
vt 0.721430 0.392228
vt 0.721912 0.392520
vt 0.721854 0.392064
vt 0.721551 0.392717
vt 0.662599 0.891573
vt 0.658866 0.887841
vt 0.664443 0.889740
vt 0.660708 0.885996
vt 0.204656 0.909492
vt 0.204079 0.912042
vt 0.205139 0.913106
vt 0.204302 0.912716
vt 0.203508 0.911469
vt 0.203038 0.911060
vt 0.203279 0.911583
vt 0.207676 0.912492
vt 0.205692 0.913667
vt 0.206118 0.914129
vt 0.205573 0.913872
vt 0.952020 0.904166
vt 0.954543 0.908089
vt 0.954543 0.904236
vt 0.952022 0.908177
vt 0.952003 0.907140
vt 0.951341 0.908045
vt 0.951341 0.907087
vt 0.951159 0.905339
vt 0.952003 0.905218
vt 0.202971 0.911110
vt 0.200219 0.911129
vt 0.202977 0.909492
vt 0.202969 0.914129
vt 0.200219 0.914064
vt 0.313614 0.874948
vt 0.312980 0.873452
vt 0.311121 0.872309
vt 0.311526 0.871898
vt 0.314021 0.874528
vt 0.314113 0.875425
vt 0.314448 0.875075
vt 0.315352 0.875988
vt 0.314929 0.876267
vt 0.315659 0.877066
vt 0.316079 0.876662
vt 0.316605 0.877673
vt 0.317916 0.879355
vt 0.318265 0.878906
vt 0.808517 0.873919
vt 0.808519 0.872021
vt 0.811048 0.874004
vt 0.810040 0.875165
vt 0.807839 0.871898
vt 0.807839 0.874900
vt 0.808502 0.874953
vt 0.807675 0.876717
vt 0.808502 0.878728
vt 0.809573 0.876032
vt 0.809929 0.875641
vt 0.810057 0.876776
vt 0.808520 0.877945
vt 0.810157 0.876240
vt 0.811059 0.877872
vt 0.808928 0.633941
vt 0.810648 0.635626
vt 0.810659 0.634911
vt 0.808928 0.635496
vt 0.810659 0.635934
vt 0.811000 0.635226
vt 0.810659 0.634265
vt 0.811114 0.634481
vt 0.811686 0.634775
vt 0.811582 0.635462
vt 0.811667 0.634308
vt 0.811683 0.633775
vt 0.808928 0.632236
vt 0.079845 0.918829
vt 0.077098 0.917128
vt 0.077098 0.918762
vt 0.079841 0.917256
vt 0.079830 0.916705
vt 0.078829 0.916114
vt 0.077098 0.915542
vt 0.078829 0.916762
vt 0.079285 0.916538
vt 0.079849 0.916267
vt 0.079397 0.915799
vt 0.079752 0.915421
vt 0.078818 0.915597
vt 0.077098 0.914191
vt 0.078829 0.914474
vt 0.079838 0.914388
vt 0.079855 0.914619
vt 0.079285 0.914905
vt 0.079857 0.915196
vt 0.473177 0.378163
vt 0.472508 0.378762
vt 0.473753 0.378774
vt 0.473459 0.379669
vt 0.472461 0.379296
vt 0.474280 0.379092
vt 0.398154 0.385383
vt 0.399013 0.384982
vt 0.398093 0.384508
vt 0.398631 0.384396
vt 0.397587 0.383803
vt 0.398994 0.384689
vt 0.399095 0.384033
vt 0.399575 0.385446
vt 0.399639 0.384408
vt 0.399979 0.385041
vt 0.400453 0.385484
vt 0.400095 0.385923
vt 0.402851 0.386561
vt 0.401812 0.385874
vt 0.644633 0.371970
vt 0.645561 0.372481
vt 0.645265 0.372870
vt 0.645353 0.372249
vt 0.645552 0.371244
vt 0.646619 0.371978
vt 0.646010 0.372631
vt 0.646313 0.373089
vt 0.645843 0.373072
vt 0.647212 0.372359
vt 0.646633 0.371429
vt 0.646638 0.370862
vt 0.646948 0.370905
vt 0.646501 0.371171
vt 0.645439 0.370270
vt 0.645074 0.371110
vt 0.644479 0.371855
vt 0.643952 0.371449
vt 0.644905 0.370664
vt 0.637871 0.368010
vt 0.641183 0.371293
vt 0.642549 0.371077
vt 0.644057 0.371905
vt 0.641169 0.371690
vt 0.636522 0.370855
vt 0.644576 0.372457
vt 0.644298 0.372155
vt 0.644177 0.371572
vt 0.644537 0.371481
vt 0.645572 0.369875
vt 0.646759 0.370796
vt 0.636661 0.366624
vt 0.636508 0.367002
vt 0.635210 0.366085
vt 0.637179 0.367971
vt 0.636696 0.367754
vt 0.636646 0.368197
vt 0.635746 0.368361
vt 0.636723 0.367485
vt 0.637250 0.367666
vt 0.634734 0.366442
vt 0.635739 0.369214
vt 0.635021 0.369739
vt 0.633886 0.366451
vt 0.634805 0.367139
vt 0.635857 0.368819
vt 0.636715 0.369537
vt 0.636858 0.369140
vt 0.637079 0.370433
vt 0.637200 0.370043
vt 0.636398 0.369786
vt 0.636445 0.369628
vt 0.636217 0.369623
vt 0.636300 0.369362
vt 0.636505 0.369320
vt 0.635798 0.370364
vt 0.635801 0.371111
vt 0.635403 0.370664
vt 0.635052 0.371038
vt 0.638413 0.370587
vt 0.639672 0.371136
vt 0.639784 0.370721
vt 0.639710 0.371342
vt 0.637077 0.371421
vt 0.638366 0.371473
vt 0.636845 0.372222
vt 0.636447 0.371863
vt 0.635746 0.372277
vt 0.635029 0.371825
vt 0.636242 0.371808
vt 0.636514 0.371547
vt 0.636297 0.371441
vt 0.723692 0.391539
vt 0.724593 0.391777
vt 0.724025 0.392452
vt 0.724012 0.391011
vt 0.724381 0.390762
vt 0.722818 0.392622
vt 0.723221 0.391623
vt 0.722641 0.391595
vt 0.721951 0.392439
vt 0.723075 0.392958
vt 0.722392 0.392991
vt 0.724025 0.392763
vt 0.724473 0.393168
vt 0.724015 0.393201
vt 0.722320 0.393502
vt 0.724127 0.393012
vt 0.724396 0.393221
vt 0.722374 0.394094
vt 0.722723 0.394409
vt 0.724528 0.393622
vt 0.716995 0.396284
vt 0.715244 0.396210
vt 0.714211 0.396539
vt 0.714589 0.396206
vt 0.714889 0.395843
vt 0.714020 0.396065
vt 0.714686 0.396664
vt 0.713893 0.397230
vt 0.714028 0.397614
vt 0.712594 0.398152
vt 0.712206 0.397077
vt 0.712148 0.397792
vt 0.711300 0.397213
vt 0.711320 0.397809
vt 0.710406 0.397414
vt 0.710368 0.396818
vt 0.709550 0.397411
vt 0.225348 0.905063
vt 0.224688 0.909324
vt 0.223932 0.909430
vt 0.224434 0.904563
vt 0.223237 0.909026
vt 0.222368 0.908684
vt 0.225267 0.904371
vt 0.226160 0.904494
vt 0.225157 0.904166
vt 0.225345 0.904212
vt 0.223144 0.908493
vt 0.222375 0.908475
vt 0.221835 0.908633
vt 0.223711 0.908133
vt 0.221847 0.908156
vt 0.224689 0.907858
vt 0.224473 0.908306
vt 0.224855 0.908817
vt 0.224818 0.907235
vt 0.224952 0.907849
vt 0.225397 0.907619
vt 0.837597 0.877294
vt 0.836852 0.872794
vt 0.835953 0.873200
vt 0.838446 0.877197
vt 0.837626 0.872518
vt 0.837936 0.873147
vt 0.838102 0.872018
vt 0.837407 0.872261
vt 0.837665 0.872173
vt 0.837563 0.872335
vt 0.837533 0.871898
vt 0.834617 0.873628
vt 0.835251 0.873743
vt 0.835704 0.873884
vt 0.835151 0.873952
vt 0.835897 0.874366
vt 0.835129 0.873755
vt 0.835135 0.873549
vt 0.838050 0.877971
vt 0.838942 0.877577
vt 0.838916 0.878121
vt 0.837866 0.877829
vt 0.837056 0.878409
vt 0.837645 0.878728
vt 0.837072 0.877724
vt 0.773757 0.873333
vt 0.772004 0.877503
vt 0.773237 0.877798
vt 0.774531 0.873417
vt 0.774164 0.872701
vt 0.775032 0.873102
vt 0.773979 0.872656
vt 0.774087 0.872858
vt 0.774561 0.872058
vt 0.773709 0.871898
vt 0.773183 0.872168
vt 0.771810 0.876892
vt 0.771355 0.876693
vt 0.773539 0.878138
vt 0.773940 0.877405
vt 0.773645 0.878728
vt 0.773833 0.878157
vt 0.774227 0.878566
vt 0.773759 0.878385
vt 0.773489 0.878318
vt 0.770708 0.877051
vt 0.771255 0.876869
vt 0.770719 0.876582
vt 0.769682 0.879417
vt 0.765574 0.883853
vt 0.765069 0.883505
vt 0.770332 0.880061
vt 0.766063 0.884368
vt 0.840508 0.882446
vt 0.842472 0.880347
vt 0.842956 0.879417
vt 0.843230 0.880213
vt 0.839630 0.883176
vt 0.843263 0.880625
vt 0.843502 0.879417
vt 0.843107 0.880256
vt 0.843376 0.880426
vt 0.842470 0.880347
vt 0.842956 0.879417
vt 0.839630 0.883204
vt 0.843986 0.880376
vt 0.844581 0.880883
vt 0.840423 0.883097
vt 0.840575 0.883385
vt 0.840528 0.884054
vt 0.840933 0.883260
vt 0.840527 0.884052
vt 0.837297 0.880347
vt 0.835231 0.882415
vt 0.837807 0.879417
vt 0.834304 0.883270
vt 0.838192 0.880191
vt 0.838078 0.880646
vt 0.838903 0.880365
vt 0.838150 0.879417
vt 0.839562 0.880865
vt 0.835082 0.883083
vt 0.839568 0.880865
vt 0.838249 0.880426
vt 0.838124 0.880798
vt 0.837966 0.880256
vt 0.837295 0.880347
vt 0.834304 0.883229
vt 0.835295 0.883358
vt 0.835677 0.883252
vt 0.835248 0.884052
vt 0.835250 0.884054
vt 0.215194 0.907157
vt 0.215510 0.904166
vt 0.215510 0.908012
vt 0.215510 0.905627
vt 0.214941 0.905606
vt 0.215510 0.906275
vt 0.214941 0.906185
vt 0.214941 0.906713
vt 0.215510 0.904166
vt 0.215510 0.905968
vt 0.214941 0.906192
vt 0.215510 0.906696
vt 0.214941 0.907992
vt 0.215510 0.907986
vt 0.214941 0.908753
vt 0.215510 0.908769
vt 0.215510 0.909430
vt 0.214941 0.909380
vt 0.215510 0.907940
vt 0.215177 0.907159
vt 0.215510 0.909424
vt 0.254279 0.384683
vt 0.253470 0.384155
vt 0.253447 0.385910
vt 0.254278 0.383803
vt 0.255253 0.385359
vt 0.255179 0.384901
vt 0.255054 0.384495
vt 0.255921 0.384266
vt 0.255245 0.384985
vt 0.255719 0.385114
vt 0.255622 0.384640
vt 0.253242 0.385541
vt 0.252891 0.386188
vt 0.253630 0.386651
vt 0.252637 0.386874
vt 0.252337 0.385681
vt 0.251703 0.386270
vt 0.251406 0.385273
vt 0.251317 0.385757
vt 0.250643 0.385796
vt 0.251407 0.386434
vt 0.250670 0.386409
vt 0.250343 0.385380
vt 0.249718 0.385953
vt 0.943240 0.342136
vt 0.943914 0.342885
vt 0.943013 0.343955
vt 0.944819 0.343417
vt 0.944047 0.342435
vt 0.944944 0.342955
vt 0.945771 0.342933
vt 0.945684 0.343447
vt 0.154386 0.896502
vt 0.154383 0.892575
vt 0.155439 0.894626
vt 0.155794 0.894249
vt 0.155905 0.893715
vt 0.156381 0.894457
vt 0.156912 0.892637
vt 0.156924 0.896412
vt 0.156022 0.894821
vt 0.155922 0.895283
vt 0.156913 0.898276
vt 0.154387 0.898336
vt 0.153705 0.898465
vt 0.153705 0.895534
vt 0.154369 0.895386
vt 0.153540 0.893774
vt 0.153542 0.893229
vt 0.101421 0.444102
vt 0.101786 0.443684
vt 0.101019 0.443326
vt 0.099990 0.443978
vt 0.099923 0.443376
vt 0.101208 0.444422
vt 0.102100 0.444970
vt 0.101310 0.445094
vt 0.101719 0.445771
vt 0.101075 0.444319
vt 0.100995 0.444660
vt 0.100412 0.444606
vt 0.100012 0.444750
vt 0.099504 0.445058
vt 0.099028 0.445022
vt 0.099851 0.445181
vt 0.099396 0.445181
vt 0.100253 0.445627
vt 0.890496 0.385885
vt 0.889716 0.385438
vt 0.890502 0.385081
vt 0.889672 0.386248
vt 0.888861 0.386245
vt 0.888592 0.385388
vt 0.889773 0.385740
vt 0.888027 0.385906
vt 0.887890 0.384992
vt 0.889093 0.385511
vt 0.889909 0.385662
vt 0.890947 0.384856
vt 0.889692 0.385411
vt 0.890015 0.384977
vt 0.888162 0.385026
vt 0.887562 0.385178
vt 0.889928 0.384267
vt 0.889634 0.384496
vt 0.890409 0.384070
vt 0.889816 0.384167
vt 0.888931 0.384476
vt 0.889761 0.383803
vt 0.888052 0.384919
vt 0.888530 0.383887
vt 0.887743 0.384417
vt 0.888518 0.384888
vt 0.888683 0.385303
vt 0.806815 0.426112
vt 0.808051 0.425782
vt 0.807689 0.426969
vt 0.808554 0.426351
vt 0.808077 0.427601
vt 0.806735 0.426922
vt 0.807246 0.427363
vt 0.335820 0.175781
vt 0.336215 0.175124
vt 0.335584 0.175483
vt 0.337004 0.176090
vt 0.337062 0.175445
vt 0.335001 0.175485
vt 0.335660 0.175996
vt 0.334640 0.175578
vt 0.333009 0.175071
vt 0.331642 0.175293
vt 0.331477 0.175066
vt 0.331628 0.175700
vt 0.332977 0.175913
vt 0.334494 0.175880
vt 0.330167 0.175342
vt 0.327110 0.174441
vt 0.335480 0.176974
vt 0.335601 0.176547
vt 0.327653 0.174012
vt 0.330241 0.174707
vt 0.325581 0.173276
vt 0.326354 0.173957
vt 0.325600 0.173828
vt 0.325946 0.174293
vt 0.326359 0.174721
vt 0.327620 0.175051
vt 0.325601 0.174749
vt 0.326749 0.175444
vt 0.326966 0.175552
vt 0.326694 0.175820
vt 0.327374 0.175843
vt 0.326341 0.175868
vt 0.325592 0.175429
vt 0.325532 0.176450
vt 0.893027 0.886801
vt 0.888189 0.890567
vt 0.888587 0.891073
vt 0.892453 0.885996
vt 0.889131 0.891573
vt 0.893766 0.887364
vt 0.893198 0.886680
vt 0.893169 0.886477
vt 0.285631 0.886507
vt 0.281838 0.891350
vt 0.281228 0.890835
vt 0.285253 0.885996
vt 0.286171 0.887042
vt 0.286623 0.887357
vt 0.282462 0.891743
vt 0.282638 0.892513
vt 0.280106 0.889997
vt 0.097121 0.444630
vt 0.096621 0.444105
vt 0.097806 0.444649
vt 0.096263 0.445056
vt 0.095895 0.445069
vt 0.097744 0.443956
vt 0.096287 0.443686
vt 0.097003 0.443371
vt 0.097876 0.443326
vt 0.098534 0.443652
vt 0.098586 0.444339
vt 0.097984 0.444332
vt 0.098093 0.444429
vt 0.098178 0.445112
vt 0.098967 0.445099
vt 0.098075 0.445771
vt 0.097863 0.445529
vt 0.042990 0.876263
vt 0.042386 0.874274
vt 0.040069 0.873372
vt 0.043796 0.876568
vt 0.041379 0.877873
vt 0.039785 0.872558
vt 0.038486 0.875032
vt 0.040529 0.872882
vt 0.040686 0.871898
vt 0.040700 0.872494
vt 0.040984 0.872797
vt 0.042509 0.873398
vt 0.042040 0.873830
vt 0.037918 0.875366
vt 0.036998 0.875545
vt 0.037685 0.875753
vt 0.038443 0.877353
vt 0.037690 0.875573
vt 0.038066 0.875698
vt 0.038113 0.875753
vt 0.039816 0.876545
vt 0.038991 0.877014
vt 0.039371 0.877436
vt 0.040606 0.878252
vt 0.039000 0.877911
vt 0.038922 0.877212
vt 0.039269 0.877309
vt 0.040646 0.878701
vt 0.040985 0.878419
vt 0.040799 0.879355
vt 0.043322 0.875615
vt 0.042967 0.873856
vt 0.043713 0.875813
vt 0.043677 0.875367
vt 0.044455 0.875608
vt 0.632394 0.366346
vt 0.633207 0.365979
vt 0.634299 0.365911
vt 0.633251 0.365109
vt 0.632685 0.365460
vt 0.632214 0.365006
vt 0.631991 0.365779
vt 0.631467 0.365439
vt 0.631297 0.366165
vt 0.631914 0.366735
vt 0.632957 0.366849
vt 0.632121 0.367412
vt 0.632993 0.367428
vt 0.633909 0.367029
vt 0.548375 0.300634
vt 0.549586 0.300669
vt 0.548995 0.300038
vt 0.548674 0.301076
vt 0.547806 0.301060
vt 0.550479 0.300782
vt 0.549853 0.300073
vt 0.550604 0.300369
vt 0.550882 0.299706
vt 0.549975 0.299529
vt 0.551470 0.301661
vt 0.552007 0.301569
vt 0.552389 0.301135
vt 0.552914 0.301319
vt 0.552361 0.301409
vt 0.552772 0.300957
vt 0.548887 0.299598
vt 0.548077 0.299972
vt 0.547631 0.300197
vt 0.547088 0.300550
vt 0.547023 0.299803
vt 0.548239 0.299574
vt 0.950470 0.886828
vt 0.947983 0.888640
vt 0.950471 0.888719
vt 0.947313 0.885996
vt 0.947981 0.886765
vt 0.947313 0.888761
vt 0.947966 0.889708
vt 0.947313 0.889655
vt 0.947086 0.891465
vt 0.947966 0.891573
vt 0.035684 0.444244
vt 0.034416 0.444174
vt 0.034393 0.443386
vt 0.035092 0.444755
vt 0.034004 0.444697
vt 0.034141 0.445765
vt 0.034100 0.445167
vt 0.033228 0.445771
vt 0.032966 0.445064
vt 0.034037 0.443768
vt 0.033127 0.443326
vt 0.033344 0.443773
vt 0.032341 0.443859
vt 0.033722 0.444340
vt 0.034365 0.444706
vt 0.033024 0.444728
vt 0.032914 0.444090
vt 0.032299 0.444494
vt 0.033285 0.444661
vt 0.583097 0.109493
vt 0.582848 0.110006
vt 0.583802 0.110139
vt 0.582886 0.110552
vt 0.582027 0.110558
vt 0.582108 0.110034
vt 0.581267 0.110055
vt 0.581835 0.109515
vt 0.581172 0.109294
vt 0.581859 0.108744
vt 0.582491 0.109127
vt 0.585079 0.109779
vt 0.584632 0.110154
vt 0.584083 0.109560
vt 0.583076 0.108752
vt 0.581932 0.108113
vt 0.583124 0.108173
vt 0.584338 0.109031
vt 0.586517 0.109655
vt 0.584896 0.108979
vt 0.586709 0.108972
vt 0.587177 0.108872
vt 0.589492 0.109627
vt 0.586509 0.108930
vt 0.586635 0.108496
vt 0.587468 0.108475
vt 0.587769 0.108958
vt 0.591840 0.108708
vt 0.595236 0.108942
vt 0.595001 0.108293
vt 0.596460 0.108339
vt 0.297577 0.920847
vt 0.297907 0.920137
vt 0.298558 0.920446
vt 0.297429 0.919965
vt 0.297946 0.919602
vt 0.297023 0.920087
vt 0.297346 0.919899
vt 0.299090 0.920650
vt 0.299211 0.920141
vt 0.299249 0.920611
vt 0.300095 0.919815
vt 0.299780 0.920703
vt 0.299222 0.919710
vt 0.299142 0.919239
vt 0.298539 0.919383
vt 0.299072 0.918890
vt 0.299148 0.919117
vt 0.298684 0.921080
vt 0.298972 0.921641
vt 0.299709 0.921382
vt 0.298086 0.921649
vt 0.297537 0.921454
vt 0.902393 0.385311
vt 0.902653 0.386248
vt 0.903042 0.385630
vt 0.903574 0.385839
vt 0.903695 0.385314
vt 0.901832 0.385065
vt 0.903777 0.386144
vt 0.901774 0.385888
vt 0.903733 0.385799
vt 0.904534 0.385660
vt 0.904731 0.384777
vt 0.903706 0.384870
vt 0.901347 0.385263
vt 0.901384 0.384659
vt 0.902431 0.384760
vt 0.903626 0.384385
vt 0.903023 0.384534
vt 0.904253 0.384127
vt 0.901510 0.385259
vt 0.901915 0.385133
vt 0.901813 0.384147
vt 0.903632 0.384259
vt 0.902660 0.383803
vt 0.902624 0.384595
vt 0.901852 0.384928
vt 0.903555 0.383833
vt 0.904278 0.384964
vt 0.903515 0.384598
vt 0.976679 0.249520
vt 0.976356 0.250297
vt 0.977100 0.250597
vt 0.975543 0.249403
vt 0.975460 0.250288
vt 0.974905 0.250514
vt 0.974655 0.249806
vt 0.680719 0.861214
vt 0.672397 0.852161
vt 0.681047 0.860884
vt 0.672030 0.852457
vt 0.671710 0.852724
vt 0.680437 0.861498
vt 0.748716 0.860995
vt 0.744676 0.857142
vt 0.748222 0.861498
vt 0.739693 0.852669
vt 0.740185 0.852161
vt 0.900661 0.911750
vt 0.900091 0.913816
vt 0.900091 0.911725
vt 0.900661 0.910975
vt 0.900091 0.910919
vt 0.900661 0.910434
vt 0.900091 0.910125
vt 0.900091 0.909508
vt 0.900661 0.909492
vt 0.900661 0.910939
vt 0.900091 0.910752
vt 0.900091 0.911150
vt 0.900091 0.910753
vt 0.085495 0.900209
vt 0.082496 0.902920
vt 0.084568 0.900967
vt 0.084596 0.899728
vt 0.084032 0.898840
vt 0.084780 0.900203
vt 0.084271 0.900238
vt 0.081725 0.903791
vt 0.081599 0.903063
vt 0.081901 0.902698
vt 0.080865 0.902895
vt 0.080232 0.902425
vt 0.081572 0.902647
vt 0.084549 0.899436
vt 0.084303 0.900211
vt 0.085495 0.900170
vt 0.084570 0.900935
vt 0.081743 0.903791
vt 0.081601 0.903055
vt 0.082468 0.902916
vt 0.081510 0.902897
vt 0.081829 0.902956
vt 0.440820 0.445223
vt 0.441714 0.445458
vt 0.441728 0.444236
vt 0.442333 0.444790
vt 0.442599 0.443326
vt 0.442856 0.444226
vt 0.443265 0.443783
vt 0.892465 0.724594
vt 0.891635 0.724052
vt 0.892279 0.723439
vt 0.893109 0.723980
vt 0.893653 0.723462
vt 0.893155 0.722605
vt 0.894080 0.723056
vt 0.893634 0.722148
vt 0.833220 0.343422
vt 0.833179 0.343953
vt 0.833942 0.343626
vt 0.832287 0.343955
vt 0.831526 0.343108
vt 0.831514 0.343658
vt 0.831577 0.342418
vt 0.831171 0.342325
vt 0.832093 0.342642
vt 0.832686 0.342853
vt 0.833289 0.342969
vt 0.834242 0.342567
vt 0.833295 0.343092
vt 0.833370 0.342576
vt 0.833358 0.342136
vt 0.948548 0.444185
vt 0.947577 0.444059
vt 0.948315 0.443326
vt 0.948904 0.443832
vt 0.947883 0.444845
vt 0.946772 0.444880
vt 0.947264 0.445458
vt 0.889376 0.724594
vt 0.889186 0.723630
vt 0.890349 0.723571
vt 0.888815 0.724022
vt 0.889660 0.723127
vt 0.890177 0.722580
vt 0.890584 0.722148
vt 0.891260 0.722580
vt 0.765559 0.923026
vt 0.766266 0.923730
vt 0.766093 0.922466
vt 0.765068 0.923541
vt 0.765562 0.924468
vt 0.767001 0.922958
vt 0.766515 0.922023
vt 0.767513 0.922421
vt 0.959637 0.880450
vt 0.961264 0.881459
vt 0.962229 0.883028
vt 0.962532 0.882748
vt 0.961758 0.881190
vt 0.963315 0.883051
vt 0.962645 0.883148
vt 0.962549 0.884054
vt 0.961538 0.880971
vt 0.958678 0.880172
vt 0.959765 0.880100
vt 0.959719 0.879417
vt 0.506392 0.891532
vt 0.505666 0.886799
vt 0.507346 0.891072
vt 0.506428 0.886738
vt 0.507112 0.891799
vt 0.506389 0.892200
vt 0.507222 0.891829
vt 0.508114 0.891655
vt 0.504330 0.887525
vt 0.506644 0.886240
vt 0.506804 0.886313
vt 0.506868 0.886496
vt 0.505162 0.887177
vt 0.506907 0.886152
vt 0.506810 0.887143
vt 0.506889 0.888277
vt 0.506643 0.887695
vt 0.507364 0.888540
vt 0.507352 0.885996
vt 0.506773 0.888878
vt 0.506615 0.888294
vt 0.505887 0.888018
vt 0.503790 0.887971
vt 0.504323 0.887731
vt 0.506965 0.888456
vt 0.506666 0.888524
vt 0.505192 0.887820
vt 0.505099 0.887318
vt 0.992599 0.884054
vt 0.989066 0.880414
vt 0.991009 0.882128
vt 0.989735 0.880389
vt 0.989816 0.879417
vt 0.990100 0.880511
vt 0.992495 0.882998
vt 0.992553 0.883389
vt 0.992893 0.883127
vt 0.993703 0.883299
vt 0.819892 0.388782
vt 0.821085 0.388850
vt 0.820538 0.389381
vt 0.820478 0.388198
vt 0.820820 0.387875
vt 0.387245 0.842482
vt 0.386752 0.851124
vt 0.386570 0.842329
vt 0.386816 0.841823
vt 0.387257 0.851194
vt 0.387397 0.841923
vt 0.387572 0.842216
vt 0.387324 0.850584
vt 0.386765 0.850624
vt 0.386107 0.851019
vt 0.387272 0.850195
vt 0.386428 0.850375
vt 0.387945 0.850625
vt 0.385995 0.851041
vt 0.387544 0.850912
vt 0.386836 0.851502
vt 0.387043 0.851786
vt 0.387801 0.851308
vt 0.388127 0.851066
vt 0.560424 0.893513
vt 0.556345 0.898152
vt 0.560746 0.894002
vt 0.555859 0.897544
vt 0.559732 0.892843
vt 0.555169 0.896950
vt 0.559299 0.892575
vt 0.125629 0.899424
vt 0.126535 0.900220
vt 0.125131 0.898840
vt 0.125737 0.900016
vt 0.125331 0.900174
vt 0.125704 0.900392
vt 0.125645 0.900935
vt 0.122888 0.903791
vt 0.123659 0.902912
vt 0.123028 0.903054
vt 0.122834 0.902644
vt 0.122470 0.902976
vt 0.122087 0.902892
vt 0.121585 0.902385
vt 0.125641 0.900917
vt 0.125327 0.900151
vt 0.126535 0.900256
vt 0.123627 0.902914
vt 0.125755 0.900017
vt 0.125626 0.899423
vt 0.122836 0.902489
vt 0.123013 0.902954
vt 0.122850 0.903791
vt 0.122707 0.902894
vt 0.122100 0.902896
vt 0.121593 0.902376
vt 0.981302 0.375030
vt 0.981649 0.376403
vt 0.982739 0.375950
vt 0.980607 0.375728
vt 0.982254 0.376585
vt 0.982232 0.376849
vt 0.344746 0.585604
vt 0.344322 0.587001
vt 0.345612 0.586082
vt 0.343782 0.586502
vt 0.343710 0.585779
vt 0.344787 0.584556
vt 0.345390 0.585418
vt 0.346155 0.585839
vt 0.771647 0.169144
vt 0.772695 0.168353
vt 0.773779 0.169118
vt 0.773453 0.168467
vt 0.772488 0.168262
vt 0.771758 0.168772
vt 0.201230 0.892575
vt 0.203219 0.898465
vt 0.205169 0.896528
vt 0.199279 0.894512
vt 0.205232 0.894512
vt 0.211122 0.896528
vt 0.209171 0.898465
vt 0.207182 0.892575
vt 0.908440 0.388296
vt 0.909118 0.388849
vt 0.908861 0.387875
vt 0.908604 0.389381
vt 0.907925 0.388839
vt 0.970633 0.632786
vt 0.972559 0.634686
vt 0.971122 0.634154
vt 0.972613 0.635621
vt 0.973027 0.635175
vt 0.970075 0.633019
vt 0.970160 0.632236
vt 0.969642 0.632500
vt 0.970240 0.633751
vt 0.970332 0.633169
vt 0.970108 0.632896
vt 0.970624 0.632570
vt 0.972140 0.635022
vt 0.971820 0.634970
vt 0.972879 0.634851
vt 0.972397 0.635314
vt 0.972593 0.634587
vt 0.472401 0.412624
vt 0.471692 0.413877
vt 0.470995 0.413175
vt 0.471503 0.414443
vt 0.471249 0.413960
vt 0.470895 0.414340
vt 0.535454 0.445458
vt 0.534164 0.444657
vt 0.534807 0.444223
vt 0.535997 0.444760
vt 0.533624 0.444637
vt 0.534037 0.444219
vt 0.534538 0.443937
vt 0.533552 0.444009
vt 0.534183 0.443800
vt 0.535006 0.443453
vt 0.534270 0.443326
vt 0.534820 0.444884
vt 0.535186 0.444566
vt 0.535254 0.444847
vt 0.535232 0.445106
vt 0.541002 0.287027
vt 0.540388 0.287877
vt 0.539939 0.287738
vt 0.540640 0.286684
vt 0.541010 0.286752
vt 0.539504 0.287102
vt 0.540070 0.287433
vt 0.987969 0.399719
vt 0.988695 0.398399
vt 0.987812 0.399231
vt 0.989057 0.398787
vt 0.989019 0.398213
vt 0.989318 0.398485
vt 0.138940 0.298807
vt 0.138214 0.298384
vt 0.138360 0.299381
vt 0.138742 0.297875
vt 0.139408 0.298361
vt 0.775116 0.168262
vt 0.774924 0.168386
vt 0.775789 0.168697
vt 0.775972 0.169144
vt 0.774273 0.168445
vt 0.773840 0.169119
vt 0.999296 0.393517
vt 0.999658 0.391534
vt 0.999658 0.394393
vt 0.999089 0.391525
vt 0.999658 0.390809
vt 0.999089 0.390760
vt 0.999373 0.390033
vt 0.999089 0.390865
vt 0.999089 0.389442
vt 0.999658 0.389458
vt 0.237705 0.906403
vt 0.237497 0.905594
vt 0.237497 0.909430
vt 0.238067 0.905836
vt 0.237497 0.905579
vt 0.238067 0.905507
vt 0.238067 0.904800
vt 0.237497 0.904813
vt 0.238067 0.904167
vt 0.237497 0.904285
vt 0.238067 0.906430
vt 0.237497 0.906436
vt 0.238067 0.908503
vt 0.237497 0.905577
vt 0.237497 0.904277
vt 0.237497 0.905198
vt 0.237497 0.905779
vt 0.238067 0.905534
vt 0.669543 0.444917
vt 0.669129 0.444111
vt 0.668577 0.444727
vt 0.669058 0.445458
vt 0.670249 0.444127
vt 0.669829 0.443326
vt 0.670709 0.443610
vt 0.972142 0.172276
vt 0.971764 0.171395
vt 0.972714 0.171593
vt 0.971208 0.172030
vt 0.454434 0.443889
vt 0.455430 0.444234
vt 0.455041 0.443326
vt 0.455797 0.443894
vt 0.454746 0.444868
vt 0.453849 0.444432
vt 0.453351 0.444893
vt 0.454109 0.445458
vt 0.960498 0.904166
vt 0.960212 0.905095
vt 0.960498 0.905603
vt 0.960498 0.904166
vt 0.960213 0.905097
vt 0.959928 0.907612
vt 0.960498 0.907949
vt 0.959928 0.908177
vt 0.960227 0.907612
vt 0.959928 0.906152
vt 0.959928 0.905583
vt 0.960498 0.906241
vt 0.959928 0.906671
vt 0.959928 0.906159
vt 0.960498 0.905939
vt 0.834272 0.913162
vt 0.833988 0.912295
vt 0.833988 0.913816
vt 0.834558 0.913766
vt 0.834273 0.913164
vt 0.833988 0.912322
vt 0.834558 0.912370
vt 0.833988 0.912378
vt 0.833988 0.911571
vt 0.834558 0.911540
vt 0.834225 0.909492
vt 0.834241 0.909492
vt 0.397998 0.585963
vt 0.397969 0.584556
vt 0.398787 0.585171
vt 0.397326 0.585201
vt 0.396750 0.585780
vt 0.396965 0.587001
vt 0.396342 0.586190
vt 0.532755 0.267923
vt 0.533751 0.268767
vt 0.533693 0.267973
vt 0.534431 0.268481
vt 0.534400 0.267611
vt 0.532461 0.268677
vt 0.531985 0.267574
vt 0.730668 0.444683
vt 0.729354 0.444789
vt 0.729780 0.445458
vt 0.729770 0.444422
vt 0.730359 0.443904
vt 0.731486 0.443970
vt 0.731015 0.443326
vt 0.906924 0.879417
vt 0.906360 0.884054
vt 0.905161 0.883355
vt 0.906017 0.883377
vt 0.904166 0.883483
vt 0.647526 0.922653
vt 0.646910 0.922023
vt 0.646353 0.922556
vt 0.646949 0.923203
vt 0.645684 0.923190
vt 0.646147 0.923965
vt 0.645081 0.923761
vt 0.645614 0.924468
vt 0.515635 0.175914
vt 0.514754 0.175780
vt 0.514754 0.176247
vt 0.515635 0.176350
vt 0.516575 0.175937
vt 0.515694 0.175780
vt 0.515694 0.176350
vt 0.983424 0.332355
vt 0.983994 0.331865
vt 0.983994 0.332365
vt 0.983424 0.331795
vt 0.983994 0.332354
vt 0.983424 0.332219
vt 0.979038 0.331796
vt 0.979608 0.332365
vt 0.979608 0.331795
vt 0.913742 0.287877
vt 0.913370 0.286684
vt 0.914131 0.287489
vt 0.912937 0.287038
vt 0.733054 0.723200
vt 0.732485 0.724594
vt 0.732485 0.723154
vt 0.732485 0.722579
vt 0.733054 0.722635
vt 0.732485 0.722155
vt 0.733054 0.722148
vt 0.733054 0.722672
vt 0.732485 0.723164
vt 0.732485 0.724594
vt 0.520334 0.176287
vt 0.519453 0.175780
vt 0.519453 0.176350
vt 0.520334 0.175786
vt 0.355546 0.443375
vt 0.353101 0.445448
vt 0.353101 0.443326
vt 0.355532 0.445458
vt 0.355607 0.443326
vt 0.358039 0.445458
vt 0.358052 0.443375
vt 0.355607 0.445448
vt 0.350533 0.445410
vt 0.348088 0.443336
vt 0.348088 0.445458
vt 0.350520 0.443326
vt 0.353040 0.445410
vt 0.350594 0.445458
vt 0.353026 0.443326
vt 0.350594 0.443336
vt 0.604040 0.298933
vt 0.605233 0.298807
vt 0.604040 0.298588
vt 0.604267 0.299469
vt 0.605233 0.299343
vt 0.868393 0.294270
vt 0.867823 0.294613
vt 0.868393 0.294771
vt 0.867823 0.294201
vt 0.868393 0.294236
vt 0.867823 0.294205
vt 0.670770 0.168203
vt 0.673499 0.167939
vt 0.672500 0.167828
vt 0.673528 0.167690
vt 0.672955 0.167337
vt 0.673519 0.167010
vt 0.944519 0.399008
vt 0.943790 0.399719
vt 0.943695 0.398213
vt 0.943013 0.398968
vt 0.843328 0.287260
vt 0.841822 0.287225
vt 0.842600 0.287877
vt 0.842643 0.286684
vt 0.942952 0.399008
vt 0.942224 0.399719
vt 0.942128 0.398213
vt 0.941446 0.398968
vt 0.844895 0.287260
vt 0.843388 0.287225
vt 0.844166 0.287877
vt 0.844209 0.286684
vt 0.512874 0.176350
vt 0.513755 0.176308
vt 0.512874 0.175780
vt 0.513755 0.175797
vt 0.516633 0.176350
vt 0.517514 0.176301
vt 0.516633 0.175849
vt 0.517514 0.175780
vt 0.801349 0.387875
vt 0.800774 0.387995
vt 0.801167 0.388610
vt 0.800820 0.388659
vt 0.801301 0.388573
vt 0.800155 0.389381
vt 0.800458 0.388590
vt 0.801301 0.389269
vt 0.653478 0.722877
vt 0.652703 0.722148
vt 0.652830 0.722884
vt 0.652970 0.723615
vt 0.652067 0.722762
vt 0.651625 0.724594
vt 0.651033 0.724034
vt 0.527866 0.443326
vt 0.528478 0.443871
vt 0.527811 0.443870
vt 0.527196 0.443935
vt 0.527745 0.444423
vt 0.526033 0.445110
vt 0.526425 0.445458
vt 0.470521 0.722873
vt 0.469750 0.722148
vt 0.469876 0.722880
vt 0.470015 0.723608
vt 0.469117 0.722759
vt 0.468561 0.724594
vt 0.468076 0.724135
vt 0.800095 0.387875
vt 0.799521 0.387995
vt 0.799914 0.388610
vt 0.799567 0.388659
vt 0.800048 0.388573
vt 0.798902 0.389381
vt 0.799205 0.388590
vt 0.800048 0.389269
vt 0.942350 0.922023
vt 0.942952 0.922638
vt 0.942295 0.922636
vt 0.941691 0.922710
vt 0.942231 0.923260
vt 0.940507 0.924128
vt 0.940841 0.924468
vt 0.490673 0.378708
vt 0.491198 0.379114
vt 0.490513 0.379226
vt 0.490748 0.379621
vt 0.491133 0.378534
vt 0.490018 0.379669
vt 0.490558 0.378163
vt 0.489903 0.379116
vt 0.490063 0.378604
vt 0.489443 0.379295
vt 0.489828 0.378204
vt 0.489379 0.378713
vt 0.492393 0.379226
vt 0.493077 0.379114
vt 0.492553 0.378708
vt 0.493013 0.378534
vt 0.492628 0.379621
vt 0.492438 0.378163
vt 0.491898 0.379669
vt 0.491943 0.378604
vt 0.491783 0.379116
vt 0.491708 0.378204
vt 0.491323 0.379295
vt 0.491258 0.378713
vt 0.624180 0.303751
vt 0.624657 0.304373
vt 0.624045 0.304007
vt 0.624438 0.304482
vt 0.623935 0.303826
vt 0.624136 0.303601
vt 0.623776 0.303661
vt 0.623836 0.303869
vt 0.978101 0.080969
vt 0.978189 0.080512
vt 0.978491 0.080970
vt 0.978459 0.081424
vt 0.982579 0.080732
vt 0.985583 0.080782
vt 0.985752 0.080340
vt 0.985655 0.080302
vt 0.986343 0.080506
vt 0.987402 0.080811
vt 0.987673 0.081094
vt 0.987751 0.080230
vt 0.987218 0.080383
vt 0.473900 0.413300
vt 0.473995 0.412696
vt 0.474280 0.412924
vt 0.473312 0.412624
vt 0.472461 0.413877
vt 0.473308 0.414443
vt 0.822580 0.267951
vt 0.822592 0.268767
vt 0.821832 0.268661
vt 0.821772 0.267704
vt 0.822742 0.268324
vt 0.823818 0.267574
vt 0.823904 0.268007
vt 0.514695 0.175794
vt 0.513814 0.175780
vt 0.513814 0.176286
vt 0.514695 0.176350
vt 0.518454 0.176289
vt 0.517573 0.176350
vt 0.517573 0.175804
vt 0.518454 0.175780
vt 0.728770 0.268767
vt 0.729415 0.267938
vt 0.728287 0.268059
vt 0.729606 0.268540
vt 0.727913 0.268603
vt 0.727474 0.267574
vt 0.921651 0.303601
vt 0.921081 0.303891
vt 0.921651 0.304015
vt 0.921404 0.304482
vt 0.601534 0.299099
vt 0.601970 0.299173
vt 0.601783 0.298588
vt 0.601534 0.299469
vt 0.602727 0.299189
vt 0.724329 0.391245
vt 0.723880 0.390794
vt 0.724018 0.391294
vt 0.724139 0.390343
vt 0.306266 0.553967
vt 0.306674 0.554133
vt 0.306443 0.553602
vt 0.305930 0.553924
vt 0.304969 0.554196
vt 0.305884 0.554517
vt 0.305822 0.555161
vt 0.304542 0.554852
vt 0.304763 0.555580
vt 0.305250 0.555734
vt 0.600849 0.114688
vt 0.600279 0.114700
vt 0.600849 0.114925
vt 0.600279 0.114949
vt 0.600222 0.114925
vt 0.599653 0.114700
vt 0.600222 0.114688
vt 0.599653 0.114949
vt 0.427290 0.924781
vt 0.427004 0.923804
vt 0.427290 0.923269
vt 0.426720 0.923272
vt 0.427290 0.922627
vt 0.426720 0.922596
vt 0.427290 0.922023
vt 0.448650 0.924781
vt 0.449220 0.924728
vt 0.448650 0.924208
vt 0.449220 0.924571
vt 0.449220 0.924052
vt 0.449220 0.923518
vt 0.448650 0.923536
vt 0.448650 0.922023
vt 0.449220 0.922023
vt 0.449220 0.923518
vt 0.448650 0.924243
vt 0.449220 0.924193
vt 0.449220 0.924696
vt 0.448650 0.924780
vt 0.322967 0.723226
vt 0.322397 0.723228
vt 0.322967 0.724594
vt 0.322397 0.724594
vt 0.322397 0.722648
vt 0.322967 0.722766
vt 0.322397 0.722148
vt 0.322967 0.722231
vt 0.856488 0.349654
vt 0.856488 0.350295
vt 0.855918 0.350153
vt 0.855918 0.350847
vt 0.856488 0.350846
vt 0.111857 0.403738
vt 0.112357 0.404317
vt 0.112412 0.403748
vt 0.111793 0.404307
vt 0.111380 0.403730
vt 0.112880 0.403756
vt 0.112876 0.404326
vt 0.111894 0.403739
vt 0.112367 0.404317
vt 0.603980 0.298807
vt 0.602959 0.298989
vt 0.602787 0.298588
vt 0.603980 0.299104
vt 0.603223 0.298860
vt 0.602787 0.298933
vt 0.603014 0.299469
vt 0.867196 0.294670
vt 0.867766 0.294270
vt 0.867766 0.294771
vt 0.867196 0.294201
vt 0.471727 0.722857
vt 0.470581 0.722148
vt 0.471775 0.722209
vt 0.470581 0.722759
vt 0.471246 0.722937
vt 0.470761 0.724135
vt 0.471048 0.724212
vt 0.471050 0.724517
vt 0.470761 0.724594
vt 0.654684 0.722861
vt 0.653539 0.722148
vt 0.654732 0.722209
vt 0.653539 0.722762
vt 0.654203 0.722942
vt 0.653672 0.724034
vt 0.654053 0.724137
vt 0.654056 0.724492
vt 0.653672 0.724594
vt 0.836808 0.175780
vt 0.837378 0.176080
vt 0.836808 0.176119
vt 0.837378 0.176056
vt 0.837378 0.176350
vt 0.836808 0.176285
vt 0.836808 0.176001
vt 0.779733 0.336808
vt 0.779164 0.337157
vt 0.779733 0.337378
vt 0.695460 0.318381
vt 0.694891 0.318579
vt 0.694891 0.318038
vt 0.695460 0.317890
vt 0.694891 0.317403
vt 0.695460 0.317386
vt 0.881550 0.294201
vt 0.880981 0.294536
vt 0.881550 0.294771
vt 0.880981 0.294712
vt 0.904950 0.299056
vt 0.905151 0.299469
vt 0.904791 0.299218
vt 0.905195 0.299187
vt 0.905672 0.298621
vt 0.905453 0.298588
vt 0.957052 0.320812
vt 0.956482 0.321061
vt 0.956482 0.320545
vt 0.957052 0.320517
vt 0.957052 0.321087
vt 0.512815 0.176350
vt 0.511934 0.176144
vt 0.512815 0.175914
vt 0.511934 0.175780
vt 0.955229 0.321061
vt 0.955799 0.321087
vt 0.955229 0.320545
vt 0.955799 0.320517
vt 0.955799 0.320598
vt 0.853413 0.145079
vt 0.854607 0.145216
vt 0.853413 0.145648
vt 0.964316 0.287087
vt 0.965509 0.287486
vt 0.965117 0.287877
vt 0.964682 0.286684
vt 0.605605 0.359385
vt 0.606175 0.359052
vt 0.606057 0.359933
vt 0.426094 0.923272
vt 0.426663 0.922627
vt 0.426094 0.922596
vt 0.426663 0.923269
vt 0.426663 0.924781
vt 0.426663 0.922023
vt 0.426094 0.922114
vt 0.704916 0.318071
vt 0.705485 0.318024
vt 0.704916 0.318579
vt 0.704916 0.317402
vt 0.705485 0.317386
vt 0.777591 0.172545
vt 0.778166 0.172410
vt 0.776972 0.172335
vt 0.777275 0.173195
vt 0.777984 0.173216
vt 0.777641 0.172416
vt 0.778118 0.172504
vt 0.778844 0.172545
vt 0.778225 0.172335
vt 0.778528 0.173195
vt 0.779419 0.172410
vt 0.779237 0.173216
vt 0.778895 0.172416
vt 0.779372 0.172503
vt 0.574982 0.304482
vt 0.575472 0.304132
vt 0.575036 0.303601
vt 0.574591 0.303983
vt 0.934182 0.337053
vt 0.933612 0.337090
vt 0.933887 0.336808
vt 0.933904 0.337378
vt 0.238693 0.905678
vt 0.238124 0.905594
vt 0.238693 0.904166
vt 0.238124 0.909430
vt 0.999032 0.390768
vt 0.998462 0.389442
vt 0.998462 0.390865
vt 0.999032 0.394393
vt 0.236871 0.905634
vt 0.237440 0.905660
vt 0.237440 0.909430
vt 0.237440 0.904166
vt 0.236871 0.909430
vt 0.216194 0.904166
vt 0.216763 0.907955
vt 0.216194 0.907930
vt 0.216194 0.909430
vt 0.216137 0.907996
vt 0.215567 0.909430
vt 0.215567 0.907903
vt 0.215866 0.904166
vt 0.545768 0.305183
vt 0.546337 0.304975
vt 0.546337 0.305422
vt 0.545993 0.304541
vt 0.966641 0.114688
vt 0.966277 0.114949
vt 0.966763 0.114876
vt 0.966194 0.114706
vt 0.519394 0.176300
vt 0.518513 0.176350
vt 0.518513 0.175780
vt 0.519394 0.175797
vt 0.510994 0.175864
vt 0.511875 0.176308
vt 0.510994 0.176350
vt 0.511875 0.175780
vt 0.768253 0.571929
vt 0.768582 0.572371
vt 0.768202 0.570531
vt 0.769146 0.572881
vt 0.771482 0.573870
vt 0.768244 0.569514
vt 0.768202 0.567244
vt 0.772965 0.574471
vt 0.768269 0.564902
vt 0.779257 0.556112
vt 0.769318 0.560173
vt 0.768202 0.562682
vt 0.768264 0.561242
vt 0.782912 0.557024
vt 0.780583 0.556109
vt 0.786183 0.558367
vt 0.790460 0.560186
vt 0.793380 0.561330
vt 0.794402 0.565051
vt 0.793898 0.561913
vt 0.794455 0.563134
vt 0.794358 0.562572
vt 0.790647 0.572997
vt 0.794455 0.566709
vt 0.791936 0.572451
vt 0.794455 0.568891
vt 0.793259 0.571864
vt 0.794053 0.571242
vt 0.794404 0.570778
vt 0.788290 0.573901
vt 0.789272 0.573595
vt 0.786205 0.574756
vt 0.774540 0.575142
vt 0.783872 0.575646
vt 0.782901 0.576116
vt 0.776677 0.575996
vt 0.777868 0.576377
vt 0.779706 0.576957
vt 0.780445 0.577036
vt 0.311115 0.367581
vt 0.316704 0.365560
vt 0.316720 0.366050
vt 0.311186 0.368051
vt 0.322496 0.367526
vt 0.322455 0.367996
vt 0.318174 0.365217
vt 0.316465 0.365006
vt 0.322952 0.367226
vt 0.310888 0.367213
vt 0.307224 0.368725
vt 0.325327 0.368674
vt 0.327315 0.368928
vt 0.325257 0.369133
vt 0.329066 0.370266
vt 0.330823 0.370519
vt 0.328959 0.370709
vt 0.330289 0.370841
vt 0.330170 0.371278
vt 0.331366 0.371271
vt 0.331392 0.371464
vt 0.330624 0.371432
vt 0.330672 0.372600
vt 0.330672 0.375189
vt 0.331422 0.376454
vt 0.330672 0.376892
vt 0.331422 0.379371
vt 0.330647 0.379366
vt 0.431075 0.853102
vt 0.431508 0.852749
vt 0.430921 0.852161
vt 0.430482 0.852509
vt 0.432245 0.854273
vt 0.432667 0.853908
vt 0.434840 0.856868
vt 0.435236 0.856477
vt 0.436926 0.858168
vt 0.436547 0.858576
vt 0.439381 0.860623
vt 0.439026 0.861055
vt 0.439819 0.861061
vt 0.439469 0.861498
vt 0.703584 0.125786
vt 0.702023 0.126127
vt 0.703463 0.125350
vt 0.702129 0.126571
vt 0.698679 0.127477
vt 0.703929 0.126404
vt 0.704341 0.125856
vt 0.703767 0.125344
vt 0.704543 0.125382
vt 0.700476 0.127934
vt 0.698752 0.127935
vt 0.695992 0.128563
vt 0.695792 0.129833
vt 0.696038 0.129031
vt 0.691909 0.130260
vt 0.692612 0.131138
vt 0.691914 0.130746
vt 0.690656 0.130741
vt 0.691373 0.131606
vt 0.690649 0.131232
vt 0.689985 0.130831
vt 0.690602 0.131859
vt 0.689971 0.131323
vt 0.689574 0.131861
vt 0.689147 0.131159
vt 0.688799 0.131657
vt 0.689169 0.130669
vt 0.687773 0.131272
vt 0.686398 0.130026
vt 0.686571 0.130795
vt 0.686448 0.129547
vt 0.683127 0.129370
vt 0.682742 0.128534
vt 0.682828 0.128070
vt 0.680774 0.128323
vt 0.679426 0.127108
vt 0.679545 0.126660
vt 0.678378 0.126844
vt 0.679509 0.127856
vt 0.678822 0.127484
vt 0.679009 0.126413
vt 0.678289 0.126621
vt 0.664129 0.752332
vt 0.663076 0.752080
vt 0.663426 0.751629
vt 0.663784 0.752788
vt 0.659145 0.748149
vt 0.659534 0.747737
vt 0.656722 0.744924
vt 0.656304 0.745308
vt 0.653256 0.741459
vt 0.652805 0.741808
vt 0.652744 0.740946
vt 0.652287 0.741291
vt 0.306127 0.369870
vt 0.306248 0.370317
vt 0.305458 0.369684
vt 0.306117 0.369135
vt 0.305938 0.370376
vt 0.305219 0.370111
vt 0.305169 0.372382
vt 0.305920 0.373803
vt 0.305169 0.375331
vt 0.305920 0.376584
vt 0.305169 0.376718
vt 0.305920 0.380433
vt 0.305202 0.380608
vt 0.754891 0.556728
vt 0.753182 0.556109
vt 0.753182 0.556517
vt 0.754891 0.556320
vt 0.753436 0.557153
vt 0.747903 0.559154
vt 0.759172 0.559099
vt 0.747604 0.558724
vt 0.747604 0.558316
vt 0.743941 0.560236
vt 0.742965 0.561420
vt 0.743941 0.559828
vt 0.742833 0.560646
vt 0.742833 0.560238
vt 0.742175 0.561195
vt 0.742777 0.561922
vt 0.741936 0.561622
vt 0.741886 0.563894
vt 0.742759 0.565315
vt 0.741886 0.568230
vt 0.742759 0.568069
vt 0.742760 0.571879
vt 0.741919 0.572120
vt 0.742007 0.572343
vt 0.743172 0.572567
vt 0.744400 0.573819
vt 0.746451 0.573974
vt 0.743137 0.573352
vt 0.742451 0.572982
vt 0.746750 0.574863
vt 0.750067 0.575449
vt 0.750189 0.576285
vt 0.751390 0.576762
vt 0.752785 0.576569
vt 0.752415 0.577146
vt 0.753189 0.577350
vt 0.753600 0.576730
vt 0.754216 0.577347
vt 0.754270 0.576640
vt 0.754986 0.577096
vt 0.755521 0.576161
vt 0.756223 0.576628
vt 0.759598 0.574466
vt 0.759399 0.575325
vt 0.762282 0.573383
vt 0.764077 0.573431
vt 0.765622 0.572036
vt 0.767526 0.571903
vt 0.767060 0.571260
vt 0.767937 0.571356
vt 0.767242 0.570823
vt 0.768138 0.570883
vt 0.767266 0.568374
vt 0.768139 0.567966
vt 0.767266 0.566687
vt 0.768109 0.562975
vt 0.767266 0.564124
vt 0.767219 0.562967
vt 0.766887 0.562382
vt 0.768083 0.562783
vt 0.767539 0.562030
vt 0.765676 0.561812
vt 0.764032 0.560439
vt 0.761974 0.560237
vt 0.764032 0.560031
vt 0.767539 0.561622
vt 0.759669 0.558329
vt 0.759669 0.558737
vt 0.909728 0.771665
vt 0.910135 0.771257
vt 0.909587 0.770708
vt 0.909179 0.771116
vt 0.910561 0.771683
vt 0.910154 0.772091
vt 0.912830 0.773951
vt 0.912422 0.774359
vt 0.915775 0.776896
vt 0.915367 0.777304
vt 0.916752 0.778689
vt 0.917160 0.778280
vt 0.921044 0.782165
vt 0.920637 0.782573
vt 0.920859 0.782796
vt 0.921267 0.782387
vt 0.921905 0.783025
vt 0.921497 0.783433
vt 0.921867 0.783803
vt 0.922275 0.783395
vt 0.866259 0.116875
vt 0.867521 0.116933
vt 0.866259 0.116463
vt 0.867521 0.117344
vt 0.869870 0.117984
vt 0.869870 0.118395
vt 0.873307 0.119414
vt 0.873307 0.119825
vt 0.874508 0.119894
vt 0.874508 0.120305
vt 0.875531 0.120280
vt 0.875531 0.120691
vt 0.876305 0.120485
vt 0.876305 0.120896
vt 0.877331 0.120894
vt 0.877331 0.120483
vt 0.878101 0.120641
vt 0.878101 0.120229
vt 0.879337 0.120170
vt 0.879337 0.119759
vt 0.882511 0.118860
vt 0.882511 0.118448
vt 0.887186 0.116954
vt 0.887186 0.116542
vt 0.890633 0.115417
vt 0.890633 0.115006
vt 0.062531 0.821084
vt 0.061984 0.820537
vt 0.062392 0.820129
vt 0.062939 0.820676
vt 0.061919 0.819656
vt 0.061511 0.820064
vt 0.058595 0.817149
vt 0.059003 0.816740
vt 0.053607 0.812161
vt 0.054015 0.811752
vt 0.053822 0.811560
vt 0.053414 0.811968
vt 0.052663 0.811217
vt 0.053071 0.810808
vt 0.811260 0.558097
vt 0.799764 0.558153
vt 0.805410 0.556109
vt 0.814434 0.572679
vt 0.814119 0.559257
vt 0.794727 0.560466
vt 0.819518 0.565843
vt 0.817896 0.560866
vt 0.819518 0.563226
vt 0.819470 0.562046
vt 0.819131 0.561448
vt 0.819518 0.567565
vt 0.817840 0.571304
vt 0.819493 0.570066
vt 0.819308 0.570512
vt 0.811696 0.573785
vt 0.807536 0.575515
vt 0.801972 0.574788
vt 0.804745 0.575932
vt 0.806260 0.576005
vt 0.805576 0.576097
vt 0.798284 0.573283
vt 0.794517 0.564442
vt 0.794535 0.560978
vt 0.794517 0.567254
vt 0.794518 0.571144
vt 0.794939 0.571845
vt 0.180691 0.790468
vt 0.179513 0.789290
vt 0.182771 0.786029
vt 0.178916 0.788694
vt 0.182174 0.785432
vt 0.183949 0.787207
vt 0.183303 0.793080
vt 0.186562 0.789818
vt 0.185022 0.794798
vt 0.188280 0.791536
vt 0.187517 0.797292
vt 0.190776 0.794031
vt 0.191221 0.794476
vt 0.187963 0.797738
vt 0.188753 0.798528
vt 0.192011 0.795266
vt 0.633114 0.162701
vt 0.631880 0.165421
vt 0.631880 0.162113
vt 0.633114 0.166009
vt 0.628108 0.163793
vt 0.628108 0.160485
vt 0.625253 0.162618
vt 0.625253 0.159311
vt 0.619410 0.160607
vt 0.619410 0.157299
vt 0.613771 0.159367
vt 0.613771 0.162675
vt 0.608741 0.161708
vt 0.608741 0.165016
vt 0.083251 0.774493
vt 0.086520 0.771221
vt 0.086007 0.770708
vt 0.082738 0.773980
vt 0.086719 0.777960
vt 0.089988 0.774688
vt 0.089534 0.780774
vt 0.092803 0.777502
vt 0.093429 0.784668
vt 0.096698 0.781396
vt 0.094131 0.785370
vt 0.097400 0.782098
vt 0.656360 0.149528
vt 0.659691 0.147692
vt 0.656360 0.146251
vt 0.659691 0.150970
vt 0.663364 0.149202
vt 0.663364 0.152479
vt 0.666125 0.150348
vt 0.666125 0.153626
vt 0.666953 0.150513
vt 0.666953 0.153791
vt 0.667634 0.153699
vt 0.667634 0.150421
vt 0.668905 0.153208
vt 0.668905 0.149930
vt 0.673047 0.151474
vt 0.673047 0.148196
vt 0.675774 0.150364
vt 0.675774 0.147087
vt 0.679167 0.148985
vt 0.679167 0.145708
vt 0.653761 0.412724
vt 0.653364 0.413180
vt 0.653364 0.412624
vt 0.653764 0.413076
vt 0.653922 0.414262
vt 0.653225 0.414443
vt 0.654419 0.414336
vt 0.531844 0.412699
vt 0.531545 0.413080
vt 0.531545 0.412624
vt 0.531847 0.413002
vt 0.532055 0.414263
vt 0.531358 0.414443
vt 0.532552 0.414336
f 1/1 2/2 3/3
f 4/4 1/1 3/3
f 1/1 4/4 5/5
f 4/4 3/3 6/6
f 1/1 5/5 7/7
f 5/5 8/8 7/7
f 3/3 8/8 6/6
f 9/9 5/5 10/10
f 11/11 8/8 3/3
f 12/12 8/8 11/11
f 3/3 2/2 13/13
f 13/13 2/2 14/14
f 15/15 16/16 13/13
f 17/17 15/15 13/13
f 17/17 13/13 14/14
f 12/12 18/18 19/19
f 19/19 18/18 20/20
f 19/19 20/20 21/21
f 22/22 12/12 23/23
f 22/22 23/23 24/24
f 25/25 24/24 23/23
f 25/25 23/23 26/26
f 25/25 26/26 27/27
f 28/28 24/24 25/25
f 27/27 28/28 25/25
f 29/29 24/24 28/28
f 29/29 28/28 27/27
f 28/28 30/30 31/31
f 32/32 27/27 33/33
f 27/27 32/32 34/34
f 35/35 36/36 27/27
f 37/37 36/36 35/35
f 38/38 37/37 35/35
f 39/39 37/37 38/38
f 40/40 39/39 38/38
f 41/41 36/36 42/42
f 42/42 36/36 43/43
f 39/39 44/44 43/43
f 45/45 44/44 39/39
f 44/44 45/45 46/46
f 47/47 46/46 48/48
f 36/36 49/49 50/50
f 50/50 49/49 51/51
f 49/49 52/52 51/51
f 49/49 53/53 52/52
f 54/54 49/49 55/55
f 55/55 56/56 54/54
f 54/54 56/56 57/57
f 52/52 58/58 59/59
f 14/14 58/58 52/52
f 14/14 60/60 58/58
f 52/52 61/61 14/14
f 14/14 61/61 62/62
f 17/17 14/14 62/62
f 17/17 62/62 63/63
f 17/17 63/63 64/64
f 65/65 64/64 66/66
f 63/63 67/67 68/68
f 63/63 68/68 69/69
f 69/69 70/70 71/71
f 72/72 69/69 68/68
f 57/57 72/72 68/68
f 57/57 73/73 72/72
f 69/69 73/73 74/74
f 74/74 73/73 75/75
f 73/73 57/57 56/56
f 56/56 76/76 73/73
f 57/57 77/77 54/54
f 57/57 78/78 77/77
f 78/78 79/79 77/77
f 80/80 79/79 78/78
f 81/81 77/77 79/79
f 81/81 82/82 77/77
f 83/83 84/84 85/85
f 86/86 85/85 87/87
f 88/88 83/83 86/86
f 89/89 83/83 88/88
f 83/83 89/89 90/90
f 91/91 90/90 89/89
f 90/90 92/92 83/83
f 93/93 90/90 91/91
f 94/94 92/92 90/90
f 93/93 94/94 90/90
f 95/95 92/92 96/96
f 95/95 97/97 92/92
f 93/93 98/98 94/94
f 99/99 98/98 93/93
f 98/98 100/100 84/84
f 101/101 100/100 98/98
f 98/98 102/102 101/101
f 103/103 104/104 101/101
f 103/103 101/101 105/105
f 105/105 106/106 107/107
f 107/107 106/106 108/108
f 108/108 109/109 107/107
f 107/107 109/109 110/110
f 107/107 110/110 111/111
f 107/107 112/112 113/113
f 114/114 115/115 102/102
f 114/114 116/116 115/115
f 114/114 117/117 116/116
f 118/118 115/115 116/116
f 119/119 115/115 118/118
f 116/116 117/117 120/120
f 102/102 120/120 121/121
f 121/121 120/120 122/122
f 123/123 121/121 122/122
f 124/124 121/121 123/123
f 125/125 120/120 126/126
f 125/125 127/127 128/128
f 129/129 130/130 127/127
f 131/131 124/124 132/132
f 132/132 133/133 131/131
f 125/125 133/133 132/132
f 134/134 131/131 133/133
f 135/135 133/133 125/125
f 125/125 136/136 137/137
f 138/138 139/139 137/137
f 139/139 138/138 135/135
f 135/135 138/138 140/140
f 135/135 140/140 141/141
f 141/141 140/140 142/142
f 136/136 143/143 144/144
f 144/144 143/143 145/145
f 146/146 143/143 136/136
f 147/147 146/146 148/148
f 149/149 146/146 147/147
f 150/150 151/151 152/152
f 152/152 151/151 153/153
f 154/154 155/155 156/156
f 156/156 155/155 157/157
f 158/158 155/155 154/154
f 159/159 158/158 154/154
f 158/158 159/159 160/160
f 154/154 156/156 161/161
f 156/156 162/162 161/161
f 161/161 162/162 163/163
f 162/162 164/164 163/163
f 165/165 166/166 167/167
f 165/165 168/168 166/166
f 169/169 170/170 168/168
f 171/171 170/170 169/169
f 172/172 171/171 169/169
f 173/173 172/172 169/169
f 174/174 175/175 176/176
f 175/175 174/174 177/177
f 175/175 177/177 178/178
f 179/179 180/180 181/181
f 181/181 180/180 182/182
f 179/179 183/183 180/180
f 184/184 183/183 179/179
f 184/184 185/185 183/183
f 185/185 184/184 186/186
f 184/184 187/187 186/186
f 186/186 187/187 188/188
f 186/186 188/188 189/189
f 189/189 188/188 190/190
f 190/190 191/191 192/192
f 193/193 194/194 195/195
f 193/193 195/195 196/196
f 197/197 194/194 198/198
f 198/198 193/193 199/199
f 199/199 200/200 198/198
f 199/199 201/201 200/200
f 202/202 193/193 203/203
f 202/202 204/204 205/205
f 206/206 204/204 202/202
f 206/206 207/207 204/204
f 208/208 209/209 210/210
f 208/208 211/211 212/212
f 210/210 209/209 213/213
f 214/214 208/208 210/210
f 210/210 215/215 214/214
f 210/210 216/216 215/215
f 210/210 213/213 216/216
f 217/217 216/216 213/213
f 208/208 218/218 219/219
f 219/219 220/220 208/208
f 221/221 222/222 223/223
f 224/224 222/222 221/221
f 222/222 224/224 225/225
f 226/226 227/227 222/222
f 228/228 226/226 222/222
f 229/229 226/226 228/228
f 229/229 230/230 226/226
f 226/226 230/230 231/231
f 232/232 231/231 230/230
f 226/226 231/231 233/233
f 226/226 233/233 234/234
f 234/234 235/235 236/236
f 235/235 237/237 236/236
f 237/237 235/235 238/238
f 238/238 239/239 237/237
f 240/240 241/241 242/242
f 242/242 241/241 243/243
f 244/244 243/243 241/241
f 242/242 243/243 245/245
f 246/246 247/247 248/248
f 249/249 248/248 247/247
f 249/249 250/250 248/248
f 251/251 252/252 249/249
f 251/251 247/247 253/253
f 254/254 251/251 253/253
f 255/255 253/253 256/256
f 257/257 256/256 253/253
f 258/258 259/259 257/257
f 260/260 261/261 262/262
f 263/263 261/261 260/260
f 263/263 260/260 264/264
f 265/265 261/261 263/263
f 264/264 265/265 263/263
f 265/265 266/266 261/261
f 265/265 267/267 266/266
f 266/266 267/267 268/268
f 265/265 269/269 267/267
f 264/264 270/270 265/265
f 270/270 271/271 272/272
f 273/273 270/270 264/264
f 274/274 273/273 264/264
f 275/275 274/274 264/264
f 275/275 264/264 276/276
f 276/276 277/277 275/275
f 278/278 279/279 274/274
f 276/276 280/280 277/277
f 277/277 280/280 281/281
f 280/280 276/276 282/282
f 283/283 280/280 282/282
f 284/284 280/280 283/283
f 276/276 285/285 286/286
f 282/282 287/287 286/286
f 286/286 287/287 288/288
f 289/289 290/290 274/274
f 289/289 274/274 291/291
f 291/291 274/274 292/292
f 291/291 292/292 293/293
f 294/294 292/292 279/279
f 295/295 292/292 294/294
f 296/296 292/292 295/295
f 297/297 292/292 296/296
f 296/296 298/298 299/299
f 293/293 292/292 300/300
f 301/301 302/302 297/297
f 303/303 293/293 300/300
f 304/304 303/303 300/300
f 305/305 306/306 301/301
f 307/307 306/306 305/305
f 306/306 307/307 308/308
f 308/308 307/307 309/309
f 302/302 310/310 308/308
f 310/310 311/311 308/308
f 310/310 302/302 312/312
f 313/313 310/310 312/312
f 314/314 310/310 313/313
f 308/308 284/284 315/315
f 284/284 316/316 315/315
f 315/315 316/316 317/317
f 316/316 318/318 317/317
f 284/284 319/319 320/320
f 320/320 319/319 321/321
f 284/284 322/322 323/323
f 323/323 322/322 324/324
f 325/325 326/326 323/323
f 325/325 327/327 326/326
f 328/328 326/326 327/327
f 328/328 329/329 326/326
f 318/318 329/329 328/328
f 330/330 329/329 331/331
f 332/332 333/333 334/334
f 335/335 336/336 333/333
f 337/337 332/332 334/334
f 337/337 338/338 332/332
f 337/337 339/339 338/338
f 337/337 340/340 339/339
f 334/334 341/341 337/337
f 340/340 337/337 341/341
f 342/342 340/340 341/341
f 343/343 341/341 334/334
f 343/343 344/344 345/345
f 341/341 343/343 346/346
f 347/347 346/346 343/343
f 347/347 343/343 348/348
f 348/348 343/343 333/333
f 349/349 346/346 348/348
f 348/348 350/350 349/349
f 348/348 351/351 350/350
f 349/349 350/350 352/352
f 352/352 346/346 349/349
f 352/352 353/353 346/346
f 354/354 353/353 352/352
f 355/355 353/353 354/354
f 355/355 356/356 353/353
f 356/356 355/355 357/357
f 355/355 358/358 357/357
f 357/357 354/354 359/359
f 359/359 354/354 352/352
f 352/352 360/360 359/359
f 359/359 360/360 361/361
f 359/359 362/362 357/357
f 359/359 361/361 363/363
f 359/359 363/363 362/362
f 362/362 363/363 364/364
f 364/364 363/363 365/365
f 364/364 365/365 366/366
f 367/367 366/366 368/368
f 369/369 370/370 371/371
f 371/371 372/372 369/369
f 373/373 372/372 371/371
f 373/373 371/371 374/374
f 372/372 375/375 369/369
f 375/375 376/376 369/369
f 372/372 377/377 375/375
f 375/375 377/377 378/378
f 379/379 374/374 380/380
f 380/380 374/374 381/381
f 380/380 382/382 379/379
f 380/380 381/381 383/383
f 383/383 384/384 380/380
f 384/384 385/385 382/382
f 384/384 386/386 385/385
f 383/383 387/387 384/384
f 388/388 384/384 387/387
f 388/388 387/387 389/389
f 390/390 391/391 392/392
f 393/393 391/391 390/390
f 394/394 391/391 395/395
f 396/396 394/394 395/395
f 397/397 394/394 398/398
f 396/396 399/399 394/394
f 399/399 396/396 400/400
f 392/392 399/399 400/400
f 400/400 401/401 392/392
f 402/402 392/392 401/401
f 392/392 402/402 403/403
f 401/401 404/404 402/402
f 405/405 402/402 404/404
f 402/402 406/406 404/404
f 402/402 407/407 406/406
f 393/393 408/408 409/409
f 410/410 409/409 408/408
f 393/393 411/411 408/408
f 412/412 408/408 411/411
f 413/413 408/408 412/412
f 414/414 412/412 411/411
f 415/415 416/416 417/417
f 415/415 417/417 418/418
f 419/419 415/415 418/418
f 420/420 419/419 418/418
f 419/419 421/421 422/422
f 423/423 424/424 421/421
f 421/421 424/424 425/425
f 416/416 426/426 427/427
f 416/416 428/428 417/417
f 428/428 429/429 417/417
f 428/428 416/416 430/430
f 431/431 429/429 428/428
f 428/428 430/430 431/431
f 431/431 432/432 429/429
f 431/431 430/430 432/432
f 433/433 431/431 434/434
f 435/435 430/430 416/416
f 416/416 436/436 435/435
f 435/435 436/436 437/437
f 438/438 439/439 440/440
f 441/441 439/439 438/438
f 439/439 441/441 442/442
f 443/443 444/444 445/445
f 444/444 446/446 445/445
f 443/443 445/445 447/447
f 446/446 444/444 448/448
f 446/446 449/449 445/445
f 450/450 448/448 451/451
f 446/446 450/450 451/451
f 446/446 452/452 448/448
f 443/443 452/452 453/453
f 452/452 446/446 453/453
f 449/449 453/453 446/446
f 454/454 443/443 453/453
f 448/448 455/455 446/446
f 455/455 446/446 448/448
f 446/446 455/455 449/449
f 446/446 455/455 449/449
f 455/455 456/456 449/449
f 455/455 456/456 449/449
f 454/454 457/457 443/443
f 447/447 457/457 443/443
f 457/457 454/454 458/458
f 458/458 454/454 459/459
f 458/458 459/459 460/460
f 460/460 457/457 458/458
f 457/457 460/460 443/443
f 443/443 457/457 460/460
f 447/447 458/458 457/457
f 460/460 457/457 458/458
f 461/461 458/458 447/447
f 460/460 458/458 461/461
f 462/462 463/463 464/464
f 464/464 463/463 465/465
f 466/466 462/462 464/464
f 467/467 462/462 466/466
f 467/467 466/466 468/468
f 469/469 466/466 464/464
f 466/466 469/469 468/468
f 470/470 468/468 469/469
f 471/471 465/465 463/463
f 468/468 469/469 472/472
f 468/468 473/473 469/469
f 468/468 474/474 473/473
f 469/469 473/473 475/475
f 473/473 474/474 475/475
f 475/475 476/476 469/469
f 476/476 475/475 474/474
f 476/476 463/463 477/477
f 463/463 471/471 477/477
f 477/477 471/471 478/478
f 463/463 478/478 471/471
f 465/465 471/471 478/478
f 471/471 463/463 478/478
f 479/479 478/478 463/463
f 465/465 478/478 480/480
f 481/481 478/478 479/479
f 478/478 481/481 477/477
f 478/478 463/463 479/479
f 478/478 479/479 480/480
f 482/482 483/483 484/484
f 485/485 486/486 483/483
f 485/485 487/487 486/486
f 486/486 487/487 488/488
f 487/487 489/489 488/488
f 485/485 486/486 490/490
f 491/491 486/486 485/485
f 492/492 491/491 487/487
f 492/492 486/486 491/491
f 492/492 493/493 489/489
f 494/494 482/482 495/495
f 495/495 496/496 494/494
f 497/497 496/496 495/495
f 497/497 498/498 496/496
f 496/496 498/498 499/499
f 494/494 500/500 496/496
f 501/501 500/500 494/494
f 496/496 500/500 497/497
f 497/497 502/502 496/496
f 496/496 502/502 499/499
f 503/503 504/504 505/505
f 503/503 506/506 504/504
f 503/503 505/505 507/507
f 503/503 507/507 508/508
f 507/507 509/509 508/508
f 508/508 510/510 509/509
f 507/507 511/511 509/509
f 511/511 507/507 512/512
f 511/511 512/512 513/513
f 505/505 514/514 515/515
f 515/515 516/516 505/505
f 517/517 516/516 515/515
f 514/514 518/518 515/515
f 518/518 519/519 515/515
f 520/520 521/521 518/518
f 520/520 522/522 521/521
f 523/523 521/521 522/522
f 523/523 522/522 524/524
f 525/525 522/522 520/520
f 526/526 522/522 525/525
f 527/527 528/528 529/529
f 529/529 528/528 530/530
f 531/531 530/530 528/528
f 532/532 530/530 531/531
f 533/533 534/534 532/532
f 535/535 536/536 537/537
f 538/538 536/536 539/539
f 539/539 540/540 538/538
f 539/539 541/541 540/540
f 541/541 542/542 540/540
f 540/540 542/542 543/543
f 535/535 544/544 542/542
f 545/545 535/535 542/542
f 546/546 535/535 545/545
f 547/547 535/535 546/546
f 535/535 547/547 548/548
f 535/535 548/548 549/549
f 549/549 548/548 550/550
f 549/549 550/550 551/551
f 552/552 553/553 554/554
f 552/552 554/554 555/555
f 555/555 554/554 556/556
f 557/557 558/558 552/552
f 559/559 560/560 557/557
f 557/557 552/552 561/561
f 561/561 552/552 555/555
f 562/562 557/557 561/561
f 561/561 563/563 562/562
f 563/563 561/561 555/555
f 563/563 555/555 564/564
f 564/564 565/565 563/563
f 565/565 564/564 555/555
f 565/565 555/555 566/566
f 565/565 567/567 564/564
f 568/568 565/565 566/566
f 568/568 567/567 565/565
f 568/568 569/569 567/567
f 570/570 571/571 572/572
f 573/573 571/571 570/570
f 574/574 571/571 573/573
f 574/574 575/575 571/571
f 570/570 576/576 573/573
f 576/576 574/574 573/573
f 575/575 574/574 577/577
f 575/575 577/577 578/578
f 576/576 579/579 574/574
f 570/570 580/580 576/576
f 580/580 579/579 576/576
f 580/580 570/570 581/581
f 579/579 580/580 582/582
f 582/582 580/580 583/583
f 581/581 583/583 580/580
f 579/579 584/584 574/574
f 584/584 577/577 574/574
f 584/584 585/585 577/577
f 586/586 583/583 581/581
f 586/586 587/587 583/583
f 588/588 586/586 581/581
f 589/589 587/587 586/586
f 588/588 589/589 586/586
f 587/587 589/589 590/590
f 591/591 589/589 588/588
f 590/590 589/589 591/591
f 592/592 590/590 591/591
f 592/592 585/585 584/584
f 593/593 592/592 591/591
f 594/594 585/585 592/592
f 594/594 592/592 593/593
f 592/592 595/595 590/590
f 584/584 595/595 592/592
f 584/584 596/596 595/595
f 597/597 598/598 599/599
f 600/600 599/599 598/598
f 600/600 601/601 599/599
f 602/602 597/597 599/599
f 599/599 603/603 602/602
f 604/604 605/605 606/606
f 605/605 607/607 608/608
f 609/609 610/610 606/606
f 609/609 611/611 610/610
f 609/609 612/612 613/613
f 614/614 610/610 611/611
f 615/615 616/616 614/614
f 617/617 614/614 616/616
f 614/614 618/618 615/615
f 618/618 614/614 619/619
f 617/617 620/620 621/621
f 622/622 619/619 623/623
f 622/622 624/624 625/625
f 625/625 624/624 626/626
f 625/625 626/626 627/627
f 628/628 629/629 619/619
f 630/630 629/629 628/628
f 629/629 631/631 632/632
f 633/633 632/632 631/631
f 629/629 632/632 634/634
f 635/635 634/634 632/632
f 636/636 635/635 632/632
f 637/637 635/635 636/636
f 638/638 639/639 640/640
f 641/641 639/639 638/638
f 638/638 640/640 642/642
f 638/638 642/642 643/643
f 641/641 644/644 645/645
f 646/646 647/647 648/648
f 646/646 648/648 649/649
f 650/650 647/647 646/646
f 651/651 647/647 650/650
f 651/651 652/652 647/647
f 648/648 647/647 653/653
f 648/648 653/653 654/654
f 655/655 656/656 657/657
f 658/658 656/656 655/655
f 659/659 656/656 658/658
f 657/657 656/656 660/660
f 656/656 661/661 662/662
f 656/656 662/662 660/660
f 660/660 662/662 663/663
f 660/660 663/663 664/664
f 660/660 664/664 665/665
f 666/666 657/657 660/660
f 666/666 660/660 665/665
f 666/666 667/667 657/657
f 665/665 667/667 666/666
f 657/657 667/667 668/668
f 668/668 667/667 665/665
f 669/669 670/670 665/665
f 668/668 670/670 671/671
f 672/672 673/673 674/674
f 675/675 673/673 672/672
f 676/676 675/675 672/672
f 674/674 673/673 677/677
f 674/674 677/677 678/678
f 677/677 673/673 679/679
f 679/679 680/680 677/677
f 679/679 681/681 680/680
f 682/682 680/680 681/681
f 679/679 673/673 682/682
f 683/683 680/680 682/682
f 683/683 682/682 684/684
f 684/684 682/682 673/673
f 678/678 677/677 685/685
f 686/686 685/685 677/677
f 687/687 685/685 686/686
f 686/686 688/688 687/687
f 689/689 685/685 687/687
f 690/690 685/685 689/689
f 690/690 691/691 685/685
f 678/678 685/685 691/691
f 687/687 688/688 691/691
f 678/678 691/691 692/692
f 691/691 688/688 693/693
f 691/691 693/693 692/692
f 692/692 693/693 694/694
f 692/692 694/694 695/695
f 695/695 676/676 692/692
f 696/696 695/695 694/694
f 688/688 696/696 697/697
f 697/697 696/696 698/698
f 695/695 696/696 699/699
f 676/676 695/695 700/700
f 701/701 699/699 696/696
f 699/699 701/701 700/700
f 676/676 700/700 675/675
f 700/700 701/701 675/675
f 702/702 673/673 675/675
f 703/703 673/673 702/702
f 675/675 704/704 702/702
f 705/705 703/703 702/702
f 706/706 704/704 675/675
f 706/706 703/703 705/705
f 706/706 705/705 704/704
f 303/303 707/707 708/708
f 708/708 293/293 303/303
f 708/708 709/709 293/293
f 708/708 710/710 709/709
f 711/711 710/710 708/708
f 711/711 712/712 710/710
f 713/713 712/712 711/711
f 713/713 714/714 712/712
f 714/714 713/713 715/715
f 715/715 713/713 716/716
f 716/716 713/713 707/707
f 716/716 707/707 717/717
f 707/707 303/303 717/717
f 718/718 716/716 717/717
f 718/718 717/717 719/719
f 719/719 717/717 303/303
f 719/719 303/303 720/720
f 721/721 722/722 723/723
f 722/722 721/721 724/724
f 721/721 725/725 724/724
f 726/726 727/727 723/723
f 728/728 727/727 726/726
f 729/729 730/730 728/728
f 728/728 731/731 732/732
f 733/733 732/732 734/734
f 733/733 735/735 736/736
f 721/721 737/737 738/738
f 721/721 738/738 739/739
f 725/725 721/721 739/739
f 725/725 739/739 740/740
f 740/740 739/739 741/741
f 742/742 741/741 739/739
f 743/743 744/744 745/745
f 746/746 744/744 747/747
f 748/748 749/749 744/744
f 750/750 749/749 748/748
f 751/751 749/749 750/750
f 749/749 751/751 752/752
f 753/753 754/754 755/755
f 754/754 756/756 757/757
f 756/756 758/758 759/759
f 759/759 760/760 761/761
f 755/755 754/754 762/762
f 762/762 763/763 755/755
f 763/763 762/762 764/764
f 763/763 764/764 765/765
f 766/766 764/764 762/762
f 762/762 767/767 766/766
f 768/768 764/764 766/766
f 765/765 764/764 769/769
f 765/765 769/769 770/770
f 770/770 769/769 771/771
f 772/772 773/773 774/774
f 773/773 775/775 774/774
f 773/773 776/776 775/775
f 776/776 773/773 777/777
f 777/777 778/778 776/776
f 779/779 778/778 777/777
f 779/779 780/780 778/778
f 780/780 779/779 781/781
f 781/781 779/779 782/782
f 772/772 774/774 783/783
f 783/783 774/774 784/784
f 785/785 772/772 783/783
f 772/772 786/786 782/782
f 781/781 782/782 786/786
f 772/772 785/785 786/786
f 786/786 787/787 781/781
f 786/786 788/788 787/787
f 785/785 788/788 786/786
f 785/785 789/789 788/788
f 783/783 790/790 791/791
f 791/791 790/790 792/792
f 792/792 790/790 793/793
f 793/793 790/790 794/794
f 795/795 793/793 796/796
f 793/793 797/797 796/796
f 797/797 793/793 798/798
f 794/794 798/798 793/793
f 794/794 799/799 798/798
f 800/800 799/799 794/794
f 801/801 799/799 800/800
f 802/802 801/801 800/800
f 803/803 804/804 805/805
f 804/804 806/806 807/807
f 806/806 804/804 803/803
f 808/808 809/809 806/806
f 808/808 806/806 803/803
f 810/810 803/803 805/805
f 810/810 805/805 811/811
f 810/810 811/811 812/812
f 812/812 811/811 813/813
f 814/814 812/812 813/813
f 814/814 810/810 812/812
f 815/815 816/816 813/813
f 817/817 816/816 815/815
f 816/816 818/818 819/819
f 820/820 810/810 814/814
f 820/820 803/803 810/810
f 821/821 820/820 814/814
f 821/821 814/814 822/822
f 823/823 820/820 821/821
f 823/823 803/803 820/820
f 824/824 803/803 823/823
f 825/825 826/826 827/827
f 826/826 828/828 827/827
f 827/827 828/828 829/829
f 825/825 830/830 826/826
f 831/831 828/828 826/826
f 830/830 832/832 826/826
f 831/831 833/833 828/828
f 829/829 828/828 833/833
f 834/834 833/833 831/831
f 833/833 834/834 835/835
f 829/829 833/833 835/835
f 829/829 835/835 836/836
f 832/832 830/830 837/837
f 837/837 830/830 838/838
f 839/839 830/830 825/825
f 840/840 836/836 835/835
f 836/836 840/840 841/841
f 840/840 835/835 842/842
f 830/830 843/843 844/844
f 838/838 830/830 845/845
f 845/845 830/830 839/839
f 840/840 845/845 839/839
f 840/840 842/842 846/846
f 840/840 847/847 845/845
f 846/846 847/847 840/840
f 848/848 845/845 847/847
f 849/849 845/845 848/848
f 846/846 850/850 847/847
f 846/846 842/842 850/850
f 848/848 847/847 850/850
f 851/851 850/850 842/842
f 848/848 850/850 852/852
f 852/852 850/850 851/851
f 853/853 854/854 855/855
f 856/856 854/854 853/853
f 856/856 857/857 854/854
f 856/856 858/858 857/857
f 859/859 858/858 856/856
f 860/860 861/861 862/862
f 863/863 861/861 860/860
f 863/863 860/860 864/864
f 864/864 860/860 865/865
f 866/866 867/867 868/868
f 867/867 869/869 868/868
f 867/867 866/866 870/870
f 867/867 870/870 869/869
f 871/871 872/872 873/873
f 873/873 874/874 871/871
f 875/875 874/874 873/873
f 875/875 876/876 874/874
f 877/877 876/876 875/875
f 878/878 876/876 877/877
f 879/879 876/876 878/878
f 880/880 881/881 876/876
f 880/880 882/882 881/881
f 880/880 882/882 883/883
f 884/884 885/885 886/886
f 884/884 887/887 888/888
f 884/884 889/889 887/887
f 889/889 884/884 886/886
f 889/889 886/886 890/890
f 891/891 885/885 884/884
f 891/891 892/892 885/885
f 885/885 892/892 893/893
f 892/892 891/891 894/894
f 895/895 894/894 891/891
f 892/892 894/894 896/896
f 897/897 889/889 898/898
f 889/889 897/897 899/899
f 900/900 898/898 889/889
f 900/900 889/889 899/899
f 901/901 900/900 899/899
f 894/894 901/901 895/895
f 894/894 902/902 901/901
f 894/894 896/896 902/902
f 902/902 903/903 901/901
f 893/893 903/903 902/902
f 902/902 904/904 905/905
f 906/906 907/907 908/908
f 908/908 907/907 909/909
f 909/909 910/910 908/908
f 911/911 910/910 909/909
f 912/912 910/910 911/911
f 913/913 914/914 915/915
f 913/913 915/915 916/916
f 915/915 917/917 916/916
f 918/918 917/917 915/915
f 918/918 919/919 917/917
f 920/920 919/919 918/918
f 921/921 922/922 923/923
f 921/921 924/924 922/922
f 925/925 926/926 924/924
f 925/925 924/924 921/921
f 927/927 928/928 925/925
f 921/921 927/927 925/925
f 929/929 927/927 921/921
f 929/929 921/921 930/930
f 930/930 931/931 929/929
f 921/921 931/931 930/930
f 932/932 931/931 933/933
f 933/933 921/921 932/932
f 934/934 932/932 935/935
f 936/936 937/937 938/938
f 936/936 938/938 939/939
f 940/940 937/937 936/936
f 937/937 940/940 941/941
f 941/941 940/940 942/942
f 943/943 944/944 945/945
f 943/943 946/946 944/944
f 945/945 944/944 947/947
f 945/945 947/947 948/948
f 945/945 948/948 949/949
f 945/945 949/949 950/950
f 951/951 952/952 953/953
f 954/954 952/952 951/951
f 954/954 955/955 952/952
f 953/953 952/952 956/956
f 953/953 956/956 957/957
f 957/957 956/956 958/958
f 959/959 960/960 961/961
f 961/961 960/960 962/962
f 963/963 962/962 960/960
f 963/963 964/964 962/962
f 962/962 964/964 965/965
f 966/966 965/965 964/964
f 965/965 966/966 961/961
f 961/961 966/966 959/959
f 967/967 960/960 959/959
f 959/959 966/966 968/968
f 959/959 969/969 967/967
f 959/959 968/968 969/969
f 967/967 969/969 970/970
f 970/970 969/969 968/968
f 971/971 972/972 973/973
f 973/973 972/972 974/974
f 973/973 975/975 971/971
f 971/971 975/975 976/976
f 977/977 973/973 978/978
f 979/979 980/980 972/972
f 981/981 982/982 980/980
f 983/983 982/982 981/981
f 981/981 984/984 982/982
f 981/981 980/980 984/984
f 984/984 985/985 980/980
f 984/984 986/986 985/985
f 985/985 986/986 987/987
f 984/984 988/988 986/986
f 989/989 988/988 984/984
f 990/990 986/986 988/988
f 987/987 986/986 991/991
f 991/991 986/986 990/990
f 987/987 991/991 992/992
f 990/990 993/993 991/991
f 992/992 991/991 994/994
f 994/994 991/991 993/993
f 991/991 995/995 996/996
f 997/997 994/994 998/998
f 999/999 1000/1000 1001/1001
f 1001/1001 1000/1000 1002/1002
f 1000/1000 1003/1003 1002/1002
f 1001/1001 1002/1002 1004/1004
f 1003/1003 1004/1004 1002/1002
f 1001/1001 1004/1004 1005/1005
f 1005/1005 1004/1004 1003/1003
f 1006/1006 1001/1001 1005/1005
f 1006/1006 999/999 1001/1001
f 1003/1003 1007/1007 1005/1005
f 999/999 1006/1006 1007/1007
f 1003/1003 1008/1008 1007/1007
f 1007/1007 1008/1008 999/999
f 1009/1009 1010/1010 1011/1011
f 1012/1012 1010/1010 1009/1009
f 1010/1010 1012/1012 1013/1013
f 1014/1014 1015/1015 1016/1016
f 1016/1016 1017/1017 1014/1014
f 1015/1015 1014/1014 1018/1018
f 1014/1014 1017/1017 1019/1019
f 1014/1014 1019/1019 1020/1020
f 1017/1017 1021/1021 1019/1019
f 1017/1017 1022/1022 1021/1021
f 1023/1023 1022/1022 1015/1015
f 1024/1024 1021/1021 1022/1022
f 1024/1024 1022/1022 1025/1025
f 1025/1025 1022/1022 1023/1023
f 1026/1026 1021/1021 1024/1024
f 1023/1023 1027/1027 1025/1025
f 1026/1026 1028/1028 1021/1021
f 1023/1023 1015/1015 1029/1029
f 1029/1029 1015/1015 1018/1018
f 1029/1029 1030/1030 1027/1027
f 1031/1031 1030/1030 1029/1029
f 1029/1029 1018/1018 1031/1031
f 1031/1031 1018/1018 1028/1028
f 1031/1031 1028/1028 1026/1026
f 1026/1026 1032/1032 1031/1031
f 1033/1033 1034/1034 1035/1035
f 1033/1033 1036/1036 1034/1034
f 1037/1037 1036/1036 1033/1033
f 1037/1037 1038/1038 1036/1036
f 1039/1039 1038/1038 1037/1037
f 1040/1040 1041/1041 1042/1042
f 1043/1043 1041/1041 1040/1040
f 1040/1040 1044/1044 1043/1043
f 1041/1041 1043/1043 1045/1045
f 1044/1044 1046/1046 1045/1045
f 1045/1045 1046/1046 1041/1041
f 1046/1046 1047/1047 1041/1041
f 1046/1046 1048/1048 1047/1047
f 1048/1048 1049/1049 1047/1047
f 1048/1048 1050/1050 1049/1049
f 1051/1051 1047/1047 1049/1049
f 1050/1050 1052/1052 1051/1051
f 1051/1051 1053/1053 1047/1047
f 1054/1054 1045/1045 1055/1055
f 1045/1045 1054/1054 1056/1056
f 1056/1056 1054/1054 1057/1057
f 1056/1056 1058/1058 1045/1045
f 1055/1055 1058/1058 1059/1059
f 1059/1059 1058/1058 1056/1056
f 1057/1057 1060/1060 1061/1061
f 1061/1061 1062/1062 1057/1057
f 1063/1063 1061/1061 1060/1060
f 1062/1062 1061/1061 1063/1063
f 1063/1063 1060/1060 1064/1064
f 1062/1062 1063/1063 1064/1064
f 1062/1062 1064/1064 1065/1065
f 1066/1066 1067/1067 1068/1068
f 1069/1069 1067/1067 1066/1066
f 1070/1070 1068/1068 1067/1067
f 1070/1070 1067/1067 1071/1071
f 1072/1072 1073/1073 1074/1074
f 1073/1073 1072/1072 1075/1075
f 1075/1075 1072/1072 1076/1076
f 1076/1076 1072/1072 1077/1077
f 1072/1072 1078/1078 1077/1077
f 1074/1074 1078/1078 1072/1072
f 1078/1078 1074/1074 1079/1079
f 1080/1080 1081/1081 1082/1082
f 1083/1083 1082/1082 1081/1081
f 1084/1084 1080/1080 1085/1085
f 1086/1086 1087/1087 1088/1088
f 1089/1089 1087/1087 1086/1086
f 1090/1090 1091/1091 1092/1092
f 1093/1093 1091/1091 1090/1090
f 1094/1094 1095/1095 1096/1096
f 1095/1095 1094/1094 1097/1097
f 1097/1097 1094/1094 1098/1098
f 1099/1099 1100/1100 1101/1101
f 1101/1101 1100/1100 1102/1102
f 1102/1102 1100/1100 1103/1103
f 1099/1099 1101/1101 1104/1104
f 1099/1099 1104/1104 1105/1105
f 1105/1105 1104/1104 1106/1106
f 1107/1107 1108/1108 1101/1101
f 1109/1109 1110/1110 1108/1108
f 1111/1111 1112/1112 1101/1101
f 1111/1111 1113/1113 1114/1114
f 1111/1111 1115/1115 1113/1113
f 1116/1116 1117/1117 1118/1118
f 1119/1119 1120/1120 1117/1117
f 1121/1121 1120/1120 1119/1119
f 1122/1122 1123/1123 1124/1124
f 1122/1122 1124/1124 1125/1125
f 1126/1126 1127/1127 1123/1123
f 1123/1123 1127/1127 1128/1128
f 1129/1129 1127/1127 1126/1126
f 1130/1130 1131/1131 1128/1128
f 1130/1130 1129/1129 1132/1132
f 1130/1130 1132/1132 1131/1131
f 1130/1130 1133/1133 1127/1127
f 1130/1130 1134/1134 1133/1133
f 1135/1135 1133/1133 1134/1134
f 1136/1136 1133/1133 1135/1135
f 1137/1137 1138/1138 1139/1139
f 1139/1139 1140/1140 1137/1137
f 1140/1140 1141/1141 1137/1137
f 1142/1142 1143/1143 1139/1139
f 1144/1144 1145/1145 1146/1146
f 1144/1144 1147/1147 1145/1145
f 1147/1147 1148/1148 1145/1145
f 1147/1147 1149/1149 1148/1148
f 1150/1150 1151/1151 1152/1152
f 1150/1150 1153/1153 1151/1151
f 1154/1154 1153/1153 1150/1150
f 1155/1155 1156/1156 1157/1157
f 1157/1157 1156/1156 1158/1158
f 1159/1159 1156/1156 1155/1155
f 1160/1160 1158/1158 1156/1156
f 1159/1159 1160/1160 1156/1156
f 1161/1161 1162/1162 1163/1163
f 1164/1164 1162/1162 1161/1161
f 1164/1164 1165/1165 1162/1162
f 1166/1166 1165/1165 1164/1164
f 1166/1166 1167/1167 1165/1165
f 1167/1167 1168/1168 1169/1169
f 1170/1170 1167/1167 1169/1169
f 1171/1171 1172/1172 1173/1173
f 1171/1171 1174/1174 1175/1175
f 1174/1174 1176/1176 1175/1175
f 1176/1176 1177/1177 1175/1175
f 1175/1175 1177/1177 1178/1178
f 1179/1179 1180/1180 1177/1177
f 1181/1181 1174/1174 1182/1182
f 1181/1181 1182/1182 1183/1183
f 1182/1182 1174/1174 1184/1184
f 1174/1174 1176/1176 1184/1184
f 1176/1176 1177/1177 1184/1184
f 1185/1185 1177/1177 1179/1179
f 1186/1186 1177/1177 1185/1185
f 1187/1187 1188/1188 1186/1186
f 1189/1189 1190/1190 1191/1191
f 1189/1189 1191/1191 1192/1192
f 1193/1193 1190/1190 1189/1189
f 1193/1193 1194/1194 1190/1190
f 1195/1195 1194/1194 1193/1193
f 1196/1196 1197/1197 1198/1198
f 1196/1196 1199/1199 1197/1197
f 1200/1200 1201/1201 1202/1202
f 1202/1202 1201/1201 1203/1203
f 1200/1200 1204/1204 1201/1201
f 1204/1204 1200/1200 1205/1205
f 1204/1204 1205/1205 1206/1206
f 1204/1204 1206/1206 1207/1207
f 1208/1208 1209/1209 1210/1210
f 1211/1211 1212/1212 1210/1210
f 1213/1213 1214/1214 1211/1211
f 1215/1215 1214/1214 1213/1213
f 1214/1214 1216/1216 1215/1215
f 1217/1217 1210/1210 1218/1218
f 1219/1219 1210/1210 1217/1217
f 1220/1220 1219/1219 1217/1217
f 1218/1218 1221/1221 1210/1210
f 1219/1219 1221/1221 1220/1220
f 1210/1210 1221/1221 1222/1222
f 1219/1219 1222/1222 1221/1221
f 1223/1223 1224/1224 1225/1225
f 1223/1223 1225/1225 1226/1226
f 1226/1226 1227/1227 1225/1225
f 1227/1227 1228/1228 1225/1225
f 1223/1223 1229/1229 1230/1230
f 1230/1230 1229/1229 1231/1231
f 1231/1231 1229/1229 1232/1232
f 1232/1232 1233/1233 1231/1231
f 1230/1230 1227/1227 1229/1229
f 1229/1229 1231/1231 1230/1230
f 1232/1232 1231/1231 1229/1229
f 1232/1232 1234/1234 1231/1231
f 1235/1235 1236/1236 1237/1237
f 1235/1235 1238/1238 1236/1236
f 1235/1235 1239/1239 1238/1238
f 1240/1240 1239/1239 1235/1235
f 1240/1240 1241/1241 1239/1239
f 1242/1242 1243/1243 1244/1244
f 1244/1244 1243/1243 1245/1245
f 1244/1244 1245/1245 1246/1246
f 1242/1242 1247/1247 1243/1243
f 1248/1248 1247/1247 1242/1242
f 1249/1249 1250/1250 1251/1251
f 1249/1249 1252/1252 1250/1250
f 1249/1249 1253/1253 1252/1252
f 1254/1254 1253/1253 1249/1249
f 1254/1254 1255/1255 1253/1253
f 1256/1256 1257/1257 1258/1258
f 1258/1258 1259/1259 1260/1260
f 1261/1261 1262/1262 1263/1263
f 1261/1261 1263/1263 1264/1264
f 1264/1264 1263/1263 1265/1265
f 1264/1264 1265/1265 1266/1266
f 1266/1266 1265/1265 1267/1267
f 1266/1266 1267/1267 1268/1268
f 1269/1269 1270/1270 1271/1271
f 1269/1269 1271/1271 1272/1272
f 1273/1273 1274/1274 1275/1275
f 1276/1276 1277/1277 1278/1278
f 1279/1279 1277/1277 1276/1276
f 1280/1280 1281/1281 1277/1277
f 1282/1282 1283/1283 1284/1284
f 1285/1285 1286/1286 1287/1287
f 1288/1288 1286/1286 1285/1285
f 1289/1289 1290/1290 1291/1291
f 1291/1291 1292/1292 1289/1289
f 1289/1289 1292/1292 1293/1293
f 1294/1294 1295/1295 1293/1293
f 1296/1296 1292/1292 1295/1295
f 1296/1296 1289/1289 1292/1292
f 1292/1292 1289/1289 1297/1297
f 1289/1289 1298/1298 1297/1297
f 1299/1299 1300/1300 1301/1301
f 1302/1302 1300/1300 1299/1299
f 1303/1303 1304/1304 1305/1305
f 1306/1306 1304/1304 1303/1303
f 1307/1307 1308/1308 1309/1309
f 1310/1310 1308/1308 1307/1307
f 1311/1311 1312/1312 1313/1313
f 1314/1314 1312/1312 1311/1311
f 1315/1315 1316/1316 1317/1317
f 1317/1317 1316/1316 1318/1318
f 1319/1319 1320/1320 1321/1321
f 1322/1322 1320/1320 1319/1319
f 1323/1323 1320/1320 1322/1322
f 1324/1324 1325/1325 1326/1326
f 1325/1325 1324/1324 1327/1327
f 1328/1328 1325/1325 1326/1326
f 1328/1328 1329/1329 1325/1325
f 1330/1330 1331/1331 1332/1332
f 1333/1333 1332/1332 1331/1331
f 1334/1334 1332/1332 1333/1333
f 1334/1334 1333/1333 1335/1335
f 1336/1336 1337/1337 1338/1338
f 1338/1338 1337/1337 1339/1339
f 1340/1340 1341/1341 1342/1342
f 1343/1343 1341/1341 1340/1340
f 1344/1344 1345/1345 1346/1346
f 1346/1346 1345/1345 1347/1347
f 1348/1348 1349/1349 1350/1350
f 1351/1351 1349/1349 1348/1348
f 1352/1352 1353/1353 1354/1354
f 1354/1354 1353/1353 1355/1355
f 1356/1356 1357/1357 1358/1358
f 1358/1358 1357/1357 1359/1359
f 1360/1360 1361/1361 1362/1362
f 1363/1363 1364/1364 1361/1361
f 1365/1365 1362/1362 1366/1366
f 1365/1365 1367/1367 1362/1362
f 1368/1368 1369/1369 1370/1370
f 1370/1370 1371/1371 1368/1368
f 1372/1372 1370/1370 1369/1369
f 1371/1371 1370/1370 1372/1372
f 1373/1373 1371/1371 1372/1372
f 1374/1374 1373/1373 1372/1372
f 1375/1375 1376/1376 1377/1377
f 1377/1377 1378/1378 1375/1375
f 1376/1376 1379/1379 1377/1377
f 1379/1379 1378/1378 1377/1377
f 1379/1379 1380/1380 1378/1378
f 1381/1381 1380/1380 1379/1379
f 1382/1382 1383/1383 1384/1384
f 1384/1384 1385/1385 1382/1382
f 1386/1386 1384/1384 1383/1383
f 1385/1385 1384/1384 1386/1386
f 1387/1387 1385/1385 1386/1386
f 1388/1388 1387/1387 1386/1386
f 1389/1389 1390/1390 1391/1391
f 1392/1392 1393/1393 1390/1390
f 1394/1394 1391/1391 1395/1395
f 1394/1394 1396/1396 1391/1391
f 1397/1397 1398/1398 1399/1399
f 1399/1399 1400/1400 1397/1397
f 1398/1398 1401/1401 1399/1399
f 1401/1401 1400/1400 1399/1399
f 1401/1401 1402/1402 1400/1400
f 1403/1403 1402/1402 1401/1401
f 1404/1404 1405/1405 1406/1406
f 1406/1406 1405/1405 1407/1407
f 1405/1405 1404/1404 1408/1408
f 1406/1406 1407/1407 1409/1409
f 1408/1408 1404/1404 1410/1410
f 1406/1406 1409/1409 1411/1411
f 1410/1410 1404/1404 1412/1412
f 1411/1411 1409/1409 1413/1413
f 1410/1410 1412/1412 1414/1414
f 1411/1411 1413/1413 1415/1415
f 1414/1414 1412/1412 1415/1415
f 1415/1415 1412/1412 1411/1411
f 1416/1416 1417/1417 1418/1418
f 1417/1417 1419/1419 1418/1418
f 1416/1416 1420/1420 1417/1417
f 1418/1418 1419/1419 1421/1421
f 1416/1416 1422/1422 1420/1420
f 1418/1418 1421/1421 1423/1423
f 1424/1424 1422/1422 1416/1416
f 1423/1423 1421/1421 1425/1425
f 1424/1424 1426/1426 1422/1422
f 1423/1423 1425/1425 1427/1427
f 1426/1426 1424/1424 1427/1427
f 1423/1423 1427/1427 1424/1424
f 1428/1428 1429/1429 1430/1430
f 1430/1430 1429/1429 1431/1431
f 1431/1431 1432/1432 1430/1430
f 1430/1430 1433/1433 1428/1428
f 1432/1432 1434/1434 1430/1430
f 1435/1435 1434/1434 1433/1433
f 1434/1434 1435/1435 1430/1430
f 1430/1430 1435/1435 1433/1433
f 1436/1436 1437/1437 1438/1438
f 1438/1438 1439/1439 1436/1436
f 1439/1439 1438/1438 1440/1440
f 1441/1441 1440/1440 1442/1442
f 1443/1443 1444/1444 1441/1441
f 1445/1445 1446/1446 1441/1441
f 1447/1447 1445/1445 1448/1448
f 1449/1449 1450/1450 1451/1451
f 1452/1452 1450/1450 1449/1449
f 1449/1449 1453/1453 1452/1452
f 1449/1449 1454/1454 1453/1453
f 1455/1455 1456/1456 1457/1457
f 1455/1455 1457/1457 1458/1458
f 1459/1459 1455/1455 1460/1460
f 1459/1459 1460/1460 1461/1461
f 1462/1462 1463/1463 1464/1464
f 1462/1462 1464/1464 1465/1465
f 1466/1466 1467/1467 1468/1468
f 1466/1466 1468/1468 1469/1469
f 1470/1470 1471/1471 1472/1472
f 1473/1473 1471/1471 1470/1470
f 1470/1470 1472/1472 1474/1474
f 1474/1474 1472/1472 1475/1475
f 1476/1476 1477/1477 1478/1478
f 1477/1477 1479/1479 1478/1478
f 1480/1480 1481/1481 1482/1482
f 1483/1483 1481/1481 1480/1480
f 1483/1483 1484/1484 1480/1480
f 1485/1485 1486/1486 336/336
f 1486/1486 1485/1485 1487/1487
f 336/336 1486/1486 1488/1488
f 1488/1488 1486/1486 85/85
f 1489/1489 1490/1490 1491/1491
f 1491/1491 1492/1492 1489/1489
f 1490/1490 1493/1493 1494/1494
f 1495/1495 1493/1493 1496/1496
f 1495/1495 1496/1496 1497/1497
f 1498/1498 1495/1495 1497/1497
f 1499/1499 1500/1500 1501/1501
f 1499/1499 1500/1500 1501/1501
f 1501/1501 1500/1500 1502/1502
f 1501/1501 1500/1500 1502/1502
f 1503/1503 1504/1504 1505/1505
f 1503/1503 1504/1504 1505/1505
f 1503/1503 1506/1506 1504/1504
f 1504/1504 1503/1503 1506/1506
f 1507/1507 1508/1508 1509/1509
f 1509/1509 1510/1510 1511/1511
f 1511/1511 1510/1510 1512/1512
f 1512/1512 1513/1513 1511/1511
f 1514/1514 1515/1515 1516/1516
f 1516/1516 1517/1517 1518/1518
f 1519/1519 1516/1516 1518/1518
f 1520/1520 1516/1516 1519/1519
f 1519/1519 1521/1521 1520/1520
f 1522/1522 1521/1521 1519/1519
f 1522/1522 1521/1521 1523/1523
f 1523/1523 1521/1521 1520/1520
f 1524/1524 1523/1523 1520/1520
f 1525/1525 1523/1523 1524/1524
f 1526/1526 1524/1524 1527/1527
f 1528/1528 1529/1529 1530/1530
f 1530/1530 1529/1529 1531/1531
f 1528/1528 1532/1532 1529/1529
f 1533/1533 1532/1532 1528/1528
f 1534/1534 1533/1533 1535/1535
f 1536/1536 1537/1537 1538/1538
f 1538/1538 1537/1537 1539/1539
f 1539/1539 1537/1537 1540/1540
f 1541/1541 1542/1542 1543/1543
f 1542/1542 1541/1541 1544/1544
f 1545/1545 1544/1544 1541/1541
f 1546/1546 1542/1542 1547/1547
f 1544/1544 1548/1548 1545/1545
f 1549/1549 1548/1548 1544/1544
f 1548/1548 1549/1549 1543/1543
f 1550/1550 1551/1551 1552/1552
f 1553/1553 1551/1551 1550/1550
f 1552/1552 1554/1554 1555/1555
f 1555/1555 1554/1554 1556/1556
f 1557/1557 1558/1558 1559/1559
f 1560/1560 1558/1558 1557/1557
f 1561/1561 1562/1562 1563/1563
f 1561/1561 1564/1564 1562/1562
f 1561/1561 1565/1565 1564/1564
f 1565/1565 1566/1566 1564/1564
f 1567/1567 1566/1566 1565/1565
f 1568/1568 1569/1569 1567/1567
f 1570/1570 1571/1571 1572/1572
f 1570/1570 1573/1573 1571/1571
f 1570/1570 1574/1574 1573/1573
f 1574/1574 1575/1575 1573/1573
f 1576/1576 1575/1575 1574/1574
f 1577/1577 1578/1578 1576/1576
f 1579/1579 1580/1580 1581/1581
f 1581/1581 1582/1582 1583/1583
f 1583/1583 1584/1584 1582/1582
f 1582/1582 1584/1584 1585/1585
f 1586/1586 1587/1587 1588/1588
f 1589/1589 1590/1590 1591/1591
f 1592/1592 1589/1589 1591/1591
f 1593/1593 1592/1592 1591/1591
f 1594/1594 1592/1592 1593/1593
f 1595/1595 1596/1596 1597/1597
f 1597/1597 1596/1596 1598/1598
f 1599/1599 1600/1600 1601/1601
f 1602/1602 1600/1600 1599/1599
f 1599/1599 1603/1603 1602/1602
f 1603/1603 1599/1599 1604/1604
f 1605/1605 1606/1606 1607/1607
f 1608/1608 1606/1606 1607/1607
f 1609/1609 1606/1606 1608/1608
f 1610/1610 1611/1611 1612/1612
f 1612/1612 1611/1611 1613/1613
f 1614/1614 1615/1615 1616/1616
f 1616/1616 1615/1615 1617/1617
f 1614/1614 1618/1618 1616/1616
f 1619/1619 1620/1620 1621/1621
f 1622/1622 1623/1623 1624/1624
f 1622/1622 1625/1625 1623/1623
f 1626/1626 1627/1627 1628/1628
f 1629/1629 1630/1630 1631/1631
f 1632/1632 1630/1630 1629/1629
f 1632/1632 1629/1629 1633/1633
f 1634/1634 1635/1635 1630/1630
f 1636/1636 1637/1637 1638/1638
f 1636/1636 1639/1639 1637/1637
f 1637/1637 1639/1639 1640/1640
f 1641/1641 1642/1642 1643/1643
f 1641/1641 1643/1643 1644/1644
f 1645/1645 1646/1646 1644/1644
f 1647/1647 1646/1646 1645/1645
f 1648/1648 1649/1649 1650/1650
f 1648/1648 1651/1651 1649/1649
f 1652/1652 1653/1653 1650/1650
f 1654/1654 1653/1653 1652/1652
f 1655/1655 1656/1656 1657/1657
f 1657/1657 1658/1658 1655/1655
f 1659/1659 1660/1660 1661/1661
f 1659/1659 1662/1662 1660/1660
f 1663/1663 1664/1664 1665/1665
f 1664/1664 1663/1663 1666/1666
f 1667/1667 1668/1668 1669/1669
f 1669/1669 1670/1670 1667/1667
f 1671/1671 1672/1672 1673/1673
f 1672/1672 1671/1671 1674/1674
f 1671/1671 1673/1673 1675/1675
f 1676/1676 1677/1677 1678/1678
f 1677/1677 1679/1679 1678/1678
f 1680/1680 1681/1681 1682/1682
f 1680/1680 1682/1682 1683/1683
f 1684/1684 1685/1685 1686/1686
f 1684/1684 1687/1687 1685/1685
f 1688/1688 1689/1689 1690/1690
f 1691/1691 1689/1689 1688/1688
f 1692/1692 1693/1693 1694/1694
f 1692/1692 1694/1694 1695/1695
f 1696/1696 1697/1697 1698/1698
f 1696/1696 1699/1699 1697/1697
f 1700/1700 1701/1701 1702/1702
f 1701/1701 1703/1703 1702/1702
f 1703/1703 1704/1704 1702/1702
f 1702/1702 1704/1704 1705/1705
f 1705/1705 1704/1704 1706/1706
f 1704/1704 1707/1707 1706/1706
f 1706/1706 1707/1707 1708/1708
f 1708/1708 1707/1707 1709/1709
f 1710/1710 1708/1708 1709/1709
f 1711/1711 1708/1708 1710/1710
f 1712/1712 1711/1711 1710/1710
f 1709/1709 1713/1713 1714/1714
f 1707/1707 1713/1713 1709/1709
f 1707/1707 1715/1715 1713/1713
f 1707/1707 1716/1716 1715/1715
f 1707/1707 1717/1717 1716/1716
f 1707/1707 1718/1718 1717/1717
f 1718/1718 1719/1719 1717/1717
f 1718/1718 1720/1720 1719/1719
f 1720/1720 1721/1721 1719/1719
f 1707/1707 1722/1722 1718/1718
f 1722/1722 1723/1723 1718/1718
f 1722/1722 1724/1724 1723/1723
f 1724/1724 1725/1725 1723/1723
f 1724/1724 1726/1726 1725/1725
f 1726/1726 1727/1727 1725/1725
f 1727/1727 1728/1728 1725/1725
f 1707/1707 1729/1729 1722/1722
f 1729/1729 1730/1730 1722/1722
f 1707/1707 1731/1731 1729/1729
f 1732/1732 1731/1731 1707/1707
f 1732/1732 1733/1733 1731/1731
f 1734/1734 1733/1733 1732/1732
f 1735/1735 1734/1734 1732/1732
f 1736/1736 1734/1734 1735/1735
f 1736/1736 1737/1737 1734/1734
f 1737/1737 1738/1738 1734/1734
f 1739/1739 1740/1740 1741/1741
f 1742/1742 1739/1739 1741/1741
f 1740/1740 1743/1743 1741/1741
f 1743/1743 1744/1744 1741/1741
f 1743/1743 1740/1740 1745/1745
f 1745/1745 1740/1740 1746/1746
f 1740/1740 1739/1739 1746/1746
f 1747/1747 1743/1743 1745/1745
f 1739/1739 1748/1748 1746/1746
f 1739/1739 1749/1749 1748/1748
f 1750/1750 1743/1743 1747/1747
f 1743/1743 1750/1750 1744/1744
f 1751/1751 1750/1750 1747/1747
f 1750/1750 1752/1752 1744/1744
f 1751/1751 1753/1753 1750/1750
f 1750/1750 1753/1753 1752/1752
f 1754/1754 1753/1753 1751/1751
f 1753/1753 1755/1755 1752/1752
f 1754/1754 1756/1756 1753/1753
f 1753/1753 1756/1756 1755/1755
f 1756/1756 1757/1757 1755/1755
f 1758/1758 1756/1756 1754/1754
f 1758/1758 1759/1759 1756/1756
f 1759/1759 1760/1760 1756/1756
f 1759/1759 1761/1761 1760/1760
f 1762/1762 1761/1761 1759/1759
f 1763/1763 1762/1762 1759/1759
f 1763/1763 1764/1764 1762/1762
f 1765/1765 1764/1764 1763/1763
f 1765/1765 1766/1766 1764/1764
f 1767/1767 1768/1768 1769/1769
f 1770/1770 1767/1767 1769/1769
f 1767/1767 1771/1771 1768/1768
f 1771/1771 1772/1772 1768/1768
f 1771/1771 1773/1773 1772/1772
f 1773/1773 1774/1774 1772/1772
f 1773/1773 1775/1775 1774/1774
f 1776/1776 1775/1775 1773/1773
f 1776/1776 1777/1777 1775/1775
f 1778/1778 1777/1777 1776/1776
f 1778/1778 1779/1779 1777/1777
f 1780/1780 1779/1779 1778/1778
f 1781/1781 1782/1782 1783/1783
f 1784/1784 1782/1782 1781/1781
f 1784/1784 1785/1785 1782/1782
f 1786/1786 1784/1784 1781/1781
f 1787/1787 1786/1786 1781/1781
f 1787/1787 1781/1781 1788/1788
f 1789/1789 1787/1787 1788/1788
f 1790/1790 1784/1784 1786/1786
f 1791/1791 1785/1785 1784/1784
f 1790/1790 1791/1791 1784/1784
f 1791/1791 1792/1792 1785/1785
f 1793/1793 1791/1791 1790/1790
f 1794/1794 1792/1792 1791/1791
f 1793/1793 1794/1794 1791/1791
f 1794/1794 1795/1795 1792/1792
f 1793/1793 1796/1796 1794/1794
f 1797/1797 1795/1795 1794/1794
f 1796/1796 1797/1797 1794/1794
f 1797/1797 1798/1798 1795/1795
f 1796/1796 1799/1799 1797/1797
f 1797/1797 1800/1800 1798/1798
f 1799/1799 1800/1800 1797/1797
f 1800/1800 1801/1801 1798/1798
f 1799/1799 1802/1802 1800/1800
f 1802/1802 1803/1803 1800/1800
f 1800/1800 1803/1803 1801/1801
f 1802/1802 1804/1804 1803/1803
f 1803/1803 1805/1805 1801/1801
f 1803/1803 1804/1804 1805/1805
f 1804/1804 1806/1806 1805/1805
f 1801/1801 1805/1805 1807/1807
f 1806/1806 1808/1808 1805/1805
f 1807/1807 1805/1805 1809/1809
f 1805/1805 1808/1808 1809/1809
f 1808/1808 1810/1810 1809/1809
f 1807/1807 1809/1809 1811/1811
f 1809/1809 1810/1810 1812/1812
f 1811/1811 1809/1809 1813/1813
f 1809/1809 1812/1812 1813/1813
f 1811/1811 1813/1813 1814/1814
f 1813/1813 1812/1812 1815/1815
f 1814/1814 1813/1813 1816/1816
f 1813/1813 1815/1815 1816/1816
f 1814/1814 1816/1816 1817/1817
f 1816/1816 1815/1815 1818/1818
f 1815/1815 1819/1819 1818/1818
f 1819/1819 1820/1820 1818/1818
f 1816/1816 1818/1818 1821/1821
f 1818/1818 1822/1822 1821/1821
f 1823/1823 1824/1824 1825/1825
f 1823/1823 1826/1826 1824/1824
f 1825/1825 1824/1824 1827/1827
f 1825/1825 1827/1827 1828/1828
f 1828/1828 1827/1827 1829/1829
f 1827/1827 1830/1830 1829/1829
f 1829/1829 1830/1830 1831/1831
f 1830/1830 1832/1832 1831/1831
f 1831/1831 1832/1832 1833/1833
f 1832/1832 1834/1834 1833/1833
f 1835/1835 1739/1739 1742/1742
f 1836/1836 1835/1835 1742/1742
f 1835/1835 1749/1749 1739/1739
f 1835/1835 1837/1837 1749/1749
f 1837/1837 1838/1838 1749/1749
f 1835/1835 1839/1839 1837/1837
f 1839/1839 1840/1840 1837/1837
f 1839/1839 1841/1841 1840/1840
f 1842/1842 1841/1841 1839/1839
f 1842/1842 1843/1843 1841/1841
f 1844/1844 1843/1843 1842/1842
f 1844/1844 1845/1845 1843/1843
f 1846/1846 1845/1845 1844/1844
f 1846/1846 1847/1847 1845/1845
f 1848/1848 1849/1849 1850/1850
f 1851/1851 1849/1849 1848/1848
f 1852/1852 1848/1848 1850/1850
f 1853/1853 1852/1852 1850/1850
f 1852/1852 1854/1854 1848/1848
f 1849/1849 1855/1855 1850/1850
f 1855/1855 1853/1853 1850/1850
f 1856/1856 1855/1855 1849/1849
f 1857/1857 1853/1853 1855/1855
f 1856/1856 1857/1857 1855/1855
f 1857/1857 1858/1858 1853/1853
f 1859/1859 1857/1857 1856/1856
f 1859/1859 1860/1860 1857/1857
f 1860/1860 1858/1858 1857/1857
f 1861/1861 1860/1860 1859/1859
f 1862/1862 1858/1858 1860/1860
f 1863/1863 1858/1858 1862/1862
f 1864/1864 1863/1863 1862/1862
f 1865/1865 1863/1863 1864/1864
f 1865/1865 1866/1866 1863/1863
f 1867/1867 1866/1866 1865/1865
f 1867/1867 1868/1868 1866/1866
f 1867/1867 1869/1869 1868/1868
f 1870/1870 1869/1869 1867/1867
f 1870/1870 1871/1871 1869/1869
f 1871/1871 1872/1872 1869/1869
f 1873/1873 1872/1872 1871/1871
f 1873/1873 1874/1874 1872/1872
f 1875/1875 1873/1873 1871/1871
f 1876/1876 1875/1875 1871/1871
f 1877/1877 1874/1874 1873/1873
f 1877/1877 1878/1878 1874/1874
f 1879/1879 1878/1878 1877/1877
f 1879/1879 1880/1880 1878/1878
f 1880/1880 1881/1881 1878/1878
f 1880/1880 1882/1882 1881/1881
f 1882/1882 1883/1883 1881/1881
f 1883/1883 1884/1884 1881/1881
f 1883/1883 1885/1885 1884/1884
f 1884/1884 1885/1885 1886/1886
f 1885/1885 1887/1887 1886/1886
f 1886/1886 1887/1887 1888/1888
f 1887/1887 1889/1889 1888/1888
f 1888/1888 1889/1889 1890/1890
f 1889/1889 1891/1891 1890/1890
f 1890/1890 1891/1891 1892/1892
f 1891/1891 1893/1893 1892/1892
f 1892/1892 1893/1893 1894/1894
f 1894/1894 1893/1893 1895/1895
f 1894/1894 1895/1895 1896/1896
f 1895/1895 1897/1897 1896/1896
f 1896/1896 1897/1897 1898/1898
f 1897/1897 1899/1899 1898/1898
f 1898/1898 1899/1899 1900/1900
f 1900/1900 1899/1899 1901/1901
f 1900/1900 1901/1901 1902/1902
f 1902/1902 1901/1901 1903/1903
f 1904/1904 1902/1902 1903/1903
f 1904/1904 1903/1903 1905/1905
f 1905/1905 1903/1903 1906/1906
f 1903/1903 1907/1907 1906/1906
f 1906/1906 1907/1907 1908/1908
f 1906/1906 1908/1908 1909/1909
f 1909/1909 1908/1908 1910/1910
f 1909/1909 1910/1910 1911/1911
f 1908/1908 1912/1912 1910/1910
f 1908/1908 1913/1913 1912/1912
f 1910/1910 1912/1912 1914/1914
f 1911/1911 1910/1910 1915/1915
f 1910/1910 1914/1914 1915/1915
f 1854/1854 1911/1911 1915/1915
f 1915/1915 1914/1914 1851/1851
f 1854/1854 1915/1915 1848/1848
f 1915/1915 1851/1851 1848/1848
f 1916/1916 1917/1917 1918/1918
f 1919/1919 1916/1916 1918/1918
f 1916/1916 1920/1920 1917/1917
f 1921/1921 1920/1920 1916/1916
f 1921/1921 1922/1922 1920/1920
f 1923/1923 1922/1922 1921/1921
f 1923/1923 1924/1924 1922/1922
f 1925/1925 1924/1924 1923/1923
f 1925/1925 1926/1926 1924/1924
f 1926/1926 1927/1927 1924/1924
f 1926/1926 1928/1928 1927/1927
f 1929/1929 1928/1928 1926/1926
f 1929/1929 1930/1930 1928/1928
f 1930/1930 1931/1931 1928/1928
f 1930/1930 1932/1932 1931/1931
f 1933/1933 1932/1932 1930/1930
f 1933/1933 1934/1934 1932/1932
f 1934/1934 1935/1935 1932/1932
f 1936/1936 1937/1937 1938/1938
f 1939/1939 1937/1937 1936/1936
f 1939/1939 1940/1940 1937/1937
f 1941/1941 1940/1940 1939/1939
f 1941/1941 1942/1942 1940/1940
f 1943/1943 1942/1942 1941/1941
f 1943/1943 1944/1944 1942/1942
f 1945/1945 1944/1944 1943/1943
f 1945/1945 1946/1946 1944/1944
f 1945/1945 1947/1947 1946/1946
f 1947/1947 1948/1948 1946/1946
f 1947/1947 1949/1949 1948/1948
f 1949/1949 1950/1950 1948/1948
f 1948/1948 1950/1950 1951/1951
f 1950/1950 1952/1952 1951/1951
f 1951/1951 1952/1952 1953/1953
f 1953/1953 1952/1952 1954/1954
f 1953/1953 1954/1954 1955/1955
f 1955/1955 1954/1954 1956/1956
f 1955/1955 1956/1956 1957/1957
f 1957/1957 1956/1956 1958/1958
f 1957/1957 1958/1958 1959/1959
f 1959/1959 1958/1958 1960/1960
f 1959/1959 1960/1960 1961/1961
f 1962/1962 1963/1963 1964/1964
f 1965/1965 1962/1962 1964/1964
f 1964/1964 1963/1963 1966/1966
f 1963/1963 1967/1967 1966/1966
f 1966/1966 1967/1967 1968/1968
f 1966/1966 1968/1968 1969/1969
f 1969/1969 1968/1968 1970/1970
f 1969/1969 1970/1970 1971/1971
f 1971/1971 1970/1970 1972/1972
f 1970/1970 1973/1973 1972/1972
f 1972/1972 1973/1973 1974/1974
f 1972/1972 1974/1974 1975/1975
f 1976/1976 1977/1977 1978/1978
f 1979/1979 1977/1977 1976/1976
f 1980/1980 1979/1979 1976/1976
f 1979/1979 1981/1981 1977/1977
f 1982/1982 1979/1979 1980/1980
f 1983/1983 1982/1982 1980/1980
f 1984/1984 1982/1982 1983/1983
f 1985/1985 1984/1984 1983/1983
f 1986/1986 1985/1985 1983/1983
f 1987/1987 1979/1979 1982/1982
f 1988/1988 1979/1979 1987/1987
f 1989/1989 1988/1988 1987/1987
f 1990/1990 1988/1988 1989/1989
f 1979/1979 1991/1991 1981/1981
f 1991/1991 1992/1992 1981/1981
f 1992/1992 1993/1993 1981/1981
f 1992/1992 1994/1994 1993/1993
f 1995/1995 1994/1994 1992/1992
f 1995/1995 1996/1996 1994/1994
f 1993/1993 1997/1997 1981/1981
f 1997/1997 1998/1998 1981/1981
f 1998/1998 1999/1999 1981/1981
f 1997/1997 2000/2000 1998/1998
f 1997/1997 2001/2001 2000/2000
f 1997/1997 2002/2002 2001/2001
f 2003/2003 2004/2004 2005/2005
f 2004/2004 2006/2006 2005/2005
f 2005/2005 2006/2006 2007/2007
f 2008/2008 2003/2003 2005/2005
f 2009/2009 2003/2003 2008/2008
f 2010/2010 2009/2009 2008/2008
f 2011/2011 2009/2009 2010/2010
f 2012/2012 2011/2011 2010/2010
f 2013/2013 2011/2011 2012/2012
f 2014/2014 2013/2013 2012/2012
f 2015/2015 2013/2013 2014/2014
f 2016/2016 2013/2013 2015/2015
f 2017/2017 2016/2016 2015/2015
f 2018/2018 2017/2017 2015/2015
f 2019/2019 2020/2020 2021/2021
f 2022/2022 2020/2020 2019/2019
f 2020/2020 2023/2023 2021/2021
f 2021/2021 2023/2023 2024/2024
f 2023/2023 2025/2025 2024/2024
f 2024/2024 2025/2025 2026/2026
f 2025/2025 2027/2027 2026/2026
f 2026/2026 2027/2027 2028/2028
f 2027/2027 2029/2029 2028/2028
f 2027/2027 2030/2030 2029/2029
f 2030/2030 2031/2031 2029/2029
f 2030/2030 2032/2032 2031/2031
f 2033/2033 2034/2034 2035/2035
f 2036/2036 2033/2033 2035/2035
f 2033/2033 2037/2037 2034/2034
f 2037/2037 2038/2038 2034/2034
f 2037/2037 2039/2039 2038/2038
f 2039/2039 2040/2040 2038/2038
f 2039/2039 2041/2041 2040/2040
f 2041/2041 2042/2042 2040/2040
f 2041/2041 2043/2043 2042/2042
f 2043/2043 2044/2044 2042/2042
f 2045/2045 2046/2046 2047/2047
f 2045/2045 2048/2048 2046/2046
f 2048/2048 2049/2049 2046/2046
f 2048/2048 2050/2050 2049/2049
f 2050/2050 2051/2051 2049/2049
f 2050/2050 2052/2052 2051/2051
f 2052/2052 2053/2053 2051/2051
f 2052/2052 2054/2054 2053/2053
f 2054/2054 2055/2055 2053/2053
f 2053/2053 2055/2055 2056/2056
f 2055/2055 2057/2057 2056/2056
f 2056/2056 2057/2057 2058/2058
f 2057/2057 2059/2059 2058/2058
f 2058/2058 2059/2059 2060/2060
f 2059/2059 2061/2061 2060/2060
f 2060/2060 2061/2061 2062/2062
f 2061/2061 2063/2063 2062/2062
f 2062/2062 2063/2063 2064/2064
f 2065/2065 2066/2066 2067/2067
f 2066/2066 2068/2068 2069/2069
f 2070/2070 2066/2066 2069/2069
f 2071/2071 2070/2070 2069/2069
f 2072/2072 2073/2073 2074/2074
f 2073/2073 2075/2075 2076/2076
f 2077/2077 2073/2073 2076/2076
f 2078/2078 2077/2077 2076/2076
