# Perseverance visual mesh from JPL ops GLTF
mtllib rover.mtl
usemtl rover
v -0.001390 0.022224 0.255179
v -0.002791 0.017457 0.253623
v -0.002791 0.017457 0.259979
v -0.002791 0.019225 0.248577
v -0.002791 0.017457 0.238825
v -0.002791 0.021886 0.247046
v -0.001289 0.021531 0.238579
v -0.000763 0.017415 0.232336
v -0.001290 0.018120 0.262940
v -0.002791 0.014422 0.259979
v -0.002791 0.014422 0.259781
v -0.002791 0.017457 0.259781
v -0.002791 0.014422 0.259582
v -0.002791 0.017457 0.259582
v -0.006073 0.013899 0.235182
v -0.006220 0.017457 0.233760
v -0.006220 0.011478 0.233760
v -0.002791 0.011273 0.259672
v -0.002791 0.010921 0.268623
v -0.002791 0.014422 0.253623
v -0.002791 0.012044 0.249123
v -0.002791 0.012883 0.237148
v -0.002791 0.009681 0.238563
v -0.002791 0.008561 0.257794
v 0.000209 0.010367 0.256809
v 0.000209 0.011106 0.260071
v -0.002791 -0.002237 0.260107
v -0.002791 0.001986 0.269916
v 0.000209 0.001456 0.270515
v 0.000209 -0.000600 0.268112
v -0.002791 -0.000979 0.268374
v -0.001299 -0.006949 0.270368
v -0.002791 -0.011335 0.260147
v -0.001514 -0.013079 0.267527
v -0.002791 -0.010568 0.256854
v -0.001291 -0.018250 0.262940
v 0.000209 -0.008973 0.258050
v 0.000209 -0.011980 0.259624
v -0.002791 -0.014551 0.253623
v -0.002791 -0.012195 0.247076
v -0.002791 -0.013110 0.235747
v -0.002791 -0.009930 0.237318
v -0.002791 -0.014551 0.259979
v -0.002807 -0.005137 0.234937
v -0.002791 -0.017586 0.259979
v -0.002791 -0.022336 0.255240
v -0.002791 -0.017586 0.259781
v -0.002791 -0.014551 0.259781
v -0.002791 -0.017586 0.253623
v -0.002791 -0.017586 0.259582
v -0.002791 -0.014551 0.259582
v -0.006073 -0.014031 0.235185
v -0.006220 -0.017586 0.233760
v -0.006220 -0.011608 0.233760
v -0.001294 -0.020064 0.249422
v -0.002791 -0.022862 0.247154
v 0.000209 -0.021584 0.247201
v -0.006220 -0.007101 0.233760
v -0.006246 -0.017179 0.231977
v -0.005548 -0.007034 0.232842
v -0.006363 -0.016115 0.230781
v -0.006363 -0.007101 0.230781
v -0.006720 -0.007101 0.229986
v -0.006363 -0.010044 0.230781
v -0.026600 -0.006140 0.199442
v -0.005205 -0.010044 0.230256
v -0.002950 -0.011989 0.224038
v -0.003210 -0.013079 0.229238
v -0.029559 -0.012456 0.196021
v -0.002791 -0.000766 0.226561
v -0.005127 -0.007048 0.220420
v -0.005136 0.006950 0.220187
v -0.002791 0.000600 0.228448
v -0.002805 0.003881 0.234914
v 0.000209 -0.009020 0.238228
v -0.005367 0.006890 0.233119
v -0.002791 0.011790 0.234526
v -0.006363 0.015985 0.230781
v -0.006363 0.006971 0.230781
v -0.006204 0.017432 0.232403
v -0.006220 0.006971 0.233760
v -0.006720 0.006971 0.229986
v -0.006363 0.009915 0.230781
v -0.006188 0.009915 0.230442
v -0.005791 0.015893 0.230781
v -0.026570 0.006061 0.199479
v -0.029524 0.012319 0.196021
v -0.029018 -0.013079 0.170000
v -0.029934 -0.009713 0.174668
v -0.029934 -0.005069 0.173039
v -0.029179 0.012950 0.170000
v -0.029934 -0.006027 0.177483
v -0.029934 0.006591 0.172186
v -0.029066 0.009826 0.175114
v -0.029934 0.005440 0.176641
v -0.029934 0.009667 0.189523
v -0.029934 0.006596 0.186563
v -0.029934 0.005353 0.191323
v -0.029934 -0.004361 0.189714
v -0.029934 -0.006727 0.186266
v -0.029934 -0.009348 0.189943
v -0.002791 -0.019806 0.247146
v -0.001236 -0.017215 0.231954
v -0.000765 -0.021615 0.238473
v -0.006246 -0.017179 0.231977
v -0.002791 -0.017586 0.253623
v -0.002791 -0.017586 0.259582
v -0.006220 -0.017586 0.233760
v -0.001236 -0.017215 0.231954
v -0.005791 -0.016023 0.230781
v -0.006363 -0.016115 0.230781
v -0.002791 -0.019806 0.247146
v -0.001294 -0.020064 0.249422
v 0.000209 -0.021584 0.247201
v -0.002791 -0.022862 0.247154
v -0.000765 -0.021615 0.238473
v 0.000209 -0.022222 0.255626
v -0.002791 -0.022336 0.255240
v -0.001291 -0.018250 0.262940
v -0.006220 0.017457 0.233760
v -0.002791 0.017457 0.259582
v -0.002791 0.017457 0.253623
v -0.002791 0.017457 0.238825
v -0.000763 0.017415 0.232336
v -0.006204 0.017432 0.232403
v -0.005791 0.015893 0.230781
v -0.006363 0.015985 0.230781
v 0.000209 -0.012262 0.248074
v 0.000209 -0.021584 0.247201
v -0.000765 -0.021615 0.238473
v -0.001294 -0.020064 0.249422
v 0.000209 -0.022222 0.255626
v 0.000209 -0.011850 0.236459
v -0.001236 -0.017215 0.231954
v 0.000209 -0.013079 0.230781
v 0.000209 -0.009020 0.238228
v 0.000209 -0.011980 0.259624
v -0.001291 -0.018250 0.262940
v 0.000209 -0.008973 0.258050
v -0.002791 -0.011335 0.260147
v -0.002791 -0.010568 0.256854
v 0.000209 -0.000600 0.268112
v -0.001514 -0.013079 0.267527
v -0.001299 -0.006949 0.270368
v 0.000209 0.001456 0.270515
v 0.000209 0.002178 0.260099
v 0.000209 0.011547 0.268285
v 0.000209 0.011106 0.260071
v 0.000209 0.010367 0.256809
v -0.001290 0.018120 0.262940
v -0.002791 0.011273 0.259672
v -0.002791 0.008561 0.257794
v 0.000209 0.012028 0.246618
v -0.001390 0.022224 0.255179
v 0.000209 0.019881 0.249225
v 0.000209 0.021759 0.246928
v -0.002791 0.021886 0.247046
v -0.002791 0.019225 0.248577
v -0.001289 0.021531 0.238579
v -0.000763 0.017415 0.232336
v 0.000209 0.010698 0.237994
v 0.000209 0.011253 0.235261
v 0.000209 0.012950 0.230781
v 0.000209 0.004046 0.236363
v -0.000527 0.011197 0.220285
v 0.000209 0.000128 0.228587
v 0.000209 -0.000269 0.226414
v -0.000408 -0.011611 0.220733
v -0.024934 0.008693 0.192404
v -0.024934 0.009823 0.191452
v -0.024934 0.009823 0.189863
v -0.023465 0.005998 0.197364
v -0.026570 0.006061 0.199479
v -0.026600 -0.006140 0.199442
v -0.023480 -0.006135 0.197358
v -0.005127 -0.007048 0.220420
v -0.024934 -0.005343 0.191209
v -0.024934 0.004331 0.189970
v -0.024934 -0.009313 0.192082
v -0.024934 -0.009952 0.191452
v -0.024934 -0.009952 0.189863
v -0.029934 -0.009348 0.189943
v -0.029934 -0.004361 0.189714
v -0.024934 -0.006610 0.186623
v -0.029934 -0.006727 0.186266
v -0.024934 -0.009952 0.188075
v -0.024934 -0.006597 0.177354
v -0.024934 0.006879 0.186263
v -0.024934 0.009823 0.188075
v -0.024934 0.009823 0.175760
v -0.024934 -0.009952 0.175959
v -0.024934 -0.009952 0.188274
v -0.024934 0.006521 0.177533
v -0.024934 0.009823 0.175959
v -0.024934 0.006345 0.172810
v -0.024934 -0.006443 0.172735
v -0.024934 -0.009952 0.170000
v -0.024934 -0.009952 0.173973
v -0.024934 0.009823 0.170000
v -0.024934 0.009823 0.173973
v -0.013994 -0.013079 0.184692
v -0.013969 -0.009952 0.184802
v -0.014034 0.012950 0.184675
v -0.014056 0.009823 0.184687
v -0.002791 0.014422 0.259582
v -0.006073 0.013899 0.235182
v -0.002791 0.014422 0.253623
v -0.002791 0.012883 0.237148
v -0.002791 0.011790 0.234526
v 0.000209 0.011253 0.235261
v 0.000209 0.010698 0.237994
v -0.002791 0.009681 0.238563
v 0.000209 0.012028 0.246618
v -0.002791 0.012044 0.249123
v 0.000209 0.010367 0.256809
v -0.002791 0.008561 0.257794
v 0.000209 0.011106 0.260071
v -0.002791 0.011273 0.259672
v -0.076984 0.019965 0.180164
v -0.076984 0.012528 0.180164
v -0.077736 0.013109 0.129024
v -0.076548 0.022824 0.189041
v -0.076984 0.019965 0.189041
v -0.077576 0.015960 0.182859
v -0.077606 0.014680 0.180390
v -0.076984 0.011786 0.188279
v -0.076984 0.013505 0.182661
v -0.076984 0.008001 0.184213
v -0.076984 0.006094 0.179443
v -0.076984 0.011317 0.172556
v -0.076984 0.006998 0.170217
v -0.076984 -0.000220 0.180164
v -0.076984 0.002563 0.187408
v -0.078407 -0.002096 0.188739
v -0.076984 0.002232 0.174026
v -0.076984 -0.006740 0.184353
v -0.077788 0.011053 0.128321
v -0.076984 -0.012614 0.180164
v -0.076984 -0.011836 0.188247
v -0.078839 -0.003718 0.178551
v -0.076984 -0.003620 0.172130
v -0.077345 -0.011456 0.128429
v -0.078810 -0.010418 0.171474
v -0.077284 -0.013720 0.181726
v -0.077642 -0.015804 0.183367
v -0.076918 -0.021341 0.189041
v -0.077392 -0.016253 0.180554
v -0.076984 -0.011189 0.176255
v -0.076984 -0.006948 0.180164
v -0.076897 -0.020749 0.119143
v -0.072665 -0.026874 0.119137
v -0.072115 -0.027248 0.189041
v -0.077084 -0.013266 0.127474
v -0.076984 -0.006417 0.119137
v -0.078377 -0.012260 0.126904
v -0.078377 -0.011552 0.126904
v -0.076984 0.009518 0.119137
v -0.077503 0.012752 0.126809
v -0.076811 0.021194 0.119137
v -0.071530 0.027161 0.119137
v -0.076927 0.028148 0.118487
v -0.079074 0.020673 0.112110
v -0.081164 0.010404 0.112110
v -0.080905 0.009805 0.118016
v -0.070444 0.041865 0.112111
v -0.081309 0.022694 0.112110
v -0.065096 0.049804 0.118812
v -0.057129 0.058564 0.112110
v -0.072665 -0.026874 0.119137
v -0.072115 -0.027248 0.189041
v -0.062589 -0.028054 0.119137
v -0.058889 -0.024884 0.189041
v -0.057789 -0.024214 0.119137
v -0.058174 0.030943 0.170178
v -0.078934 0.030943 0.133562
v -0.080816 0.030943 0.182014
v -0.080424 0.030947 0.199960
v -0.058174 0.030943 0.131342
v -0.076984 0.030943 0.126534
v -0.053297 0.028960 0.170178
v -0.047146 0.030943 0.131328
v -0.041105 0.030943 0.126534
v -0.053297 0.032319 0.206015
v -0.079022 0.031695 0.207621
v -0.077614 0.038835 0.214805
v -0.039015 0.030943 0.126534
v -0.075587 0.034941 0.121356
v 0.007702 0.029435 0.126101
v 0.015707 0.033774 0.121651
v -0.033418 0.039830 0.216004
v -0.031734 0.029758 0.207175
v -0.053297 0.018721 0.197010
v -0.030159 0.018222 0.199125
v -0.035164 0.045295 0.224637
v -0.075886 0.044643 0.223893
v -0.036758 0.048758 0.233170
v -0.074199 0.048760 0.233154
v -0.038932 0.051061 0.244329
v -0.071869 0.050662 0.244530
v -0.069929 0.050558 0.254359
v -0.040847 0.050542 0.254363
v -0.067927 0.048205 0.264696
v -0.042847 0.048350 0.264727
v -0.066439 0.044644 0.272816
v -0.044545 0.044708 0.272548
v -0.064672 0.038265 0.281799
v -0.046309 0.037382 0.282423
v -0.058174 -0.031029 0.131342
v -0.058174 -0.031029 0.170178
v -0.079370 -0.031029 0.133562
v -0.076984 -0.031029 0.126534
v -0.080816 -0.031029 0.180164
v -0.047081 -0.031028 0.131337
v -0.041105 -0.031029 0.126534
v -0.080816 -0.031029 0.183863
v -0.080449 -0.031058 0.199841
v -0.053297 -0.028411 0.170178
v -0.053001 -0.025910 0.131521
v -0.053297 -0.032241 0.205121
v -0.079071 -0.031222 0.207439
v -0.077253 -0.040022 0.216321
v -0.033389 -0.039896 0.215833
v -0.075777 -0.045383 0.224619
v -0.031655 -0.029470 0.206703
v -0.035631 -0.046879 0.227361
v -0.053297 -0.018867 0.197373
v -0.074141 -0.049016 0.233436
v -0.038426 -0.050863 0.241652
v -0.071879 -0.050875 0.244472
v -0.040559 -0.050523 0.252716
v -0.069919 -0.050638 0.254412
v -0.042847 -0.048482 0.264696
v -0.067927 -0.048476 0.264695
v -0.044622 -0.044670 0.272931
v -0.066433 -0.044729 0.272861
v -0.046072 -0.038728 0.281612
v -0.064704 -0.038730 0.281603
v -0.030088 -0.018950 0.197205
v -0.041105 -0.017218 0.170178
v -0.029959 -0.017218 0.170178
v -0.053297 -0.018269 0.137434
v -0.045120 -0.020643 0.133737
v -0.029959 -0.006663 0.172394
v -0.028816 -0.006185 0.131342
v -0.029959 -0.007257 0.176539
v -0.033344 -0.005905 0.179208
v -0.033184 -0.005401 0.171515
v 0.037270 0.082290 0.112110
v 0.023337 0.082290 0.112110
v 0.023554 0.085639 0.112110
v 0.021868 0.083107 0.115069
v 0.022640 0.082290 0.112110
v 0.022292 0.082290 0.112110
v 0.020911 0.083772 0.112110
v 0.011842 0.089727 0.112110
v -0.000002 0.082290 0.112110
v -0.002043 0.090492 0.112109
v -0.021947 0.082290 0.112110
v -0.022035 0.085106 0.112110
v -0.017070 0.088665 0.112110
v -0.027782 0.085353 0.114503
v -0.023905 0.084234 0.114275
v -0.019901 0.084594 0.115069
v -0.036925 0.082290 0.112110
v -0.008362 0.081582 0.112110
v -0.021947 0.079103 0.112110
v 0.005223 0.081936 0.112110
v -0.034835 0.074146 0.112110
v -0.044240 0.078749 0.112110
v 0.018809 0.079812 0.112110
v 0.032045 0.075562 0.112110
v 0.039360 0.081582 0.112110
v -0.045579 0.068260 0.112109
v 0.044318 0.069123 0.112110
v 0.051900 0.074146 0.112110
v 0.062309 0.063828 0.112110
v 0.059403 0.062465 0.115068
v 0.062994 0.059089 0.115068
v 0.061063 0.060988 0.112110
v 0.055036 0.060689 0.112110
v 0.072762 0.053630 0.112110
v 0.064441 0.050774 0.112110
v 0.072183 0.039248 0.112110
v 0.080318 0.041894 0.112112
v 0.083565 0.023959 0.112110
v 0.077677 0.027047 0.112110
v 0.086237 0.027681 0.114221
v 0.084374 0.021440 0.112110
v 0.080812 0.013591 0.112110
v 0.089521 0.014299 0.112110
v 0.082206 -0.000220 0.112110
v 0.090566 -0.000220 0.112110
v 0.084938 -0.021975 0.112110
v 0.089521 -0.014385 0.112110
v 0.080812 -0.013677 0.112110
v 0.086216 -0.028016 0.114121
v 0.081852 -0.024043 0.112110
v 0.074733 -0.034303 0.118691
v 0.080318 -0.041980 0.112111
v 0.072342 -0.039136 0.112110
v 0.063049 -0.061030 0.112110
v 0.072762 -0.053716 0.112110
v 0.064441 -0.050859 0.112110
v 0.058497 -0.060642 0.112110
v 0.061619 -0.063617 0.112110
v 0.040886 -0.071048 0.112110
v 0.059377 -0.062878 0.115068
v 0.063278 -0.059743 0.115068
v 0.051913 -0.074220 0.112109
v 0.022139 -0.083340 0.112110
v 0.018809 -0.079897 0.112110
v 0.039360 -0.081668 0.112110
v 0.024088 -0.085802 0.112110
v 0.000133 -0.081962 0.112110
v 0.011842 -0.089813 0.112110
v -0.022162 -0.081703 0.112110
v -0.021231 -0.086152 0.112110
v -0.002788 -0.090521 0.112110
v -0.031004 -0.085209 0.112110
v -0.019562 -0.084224 0.115069
v -0.023430 -0.084846 0.115069
v -0.041996 -0.080306 0.112110
v -0.040529 -0.071214 0.112109
v -0.060173 -0.060955 0.112110
v -0.056432 -0.071044 0.112110
v -0.057129 -0.058650 0.112110
v -0.063650 -0.061572 0.112110
v -0.070074 -0.042626 0.112110
v -0.074410 -0.051531 0.112111
v -0.083327 -0.022844 0.112110
v -0.082557 -0.036695 0.112110
v -0.078377 -0.023946 0.112110
v -0.081164 -0.010489 0.112110
v -0.086412 -0.012312 0.113625
v -0.086309 -0.022763 0.112109
v -0.083553 -0.019802 0.115069
v -0.085508 -0.023401 0.115069
v 0.015707 0.033774 0.121651
v 0.024452 0.080898 0.120946
v -0.075587 0.034941 0.121356
v 0.057842 0.061181 0.121033
v 0.045184 0.078934 0.118353
v 0.061264 0.066715 0.115941
v 0.015544 0.025095 0.121340
v 0.007702 0.029435 0.126101
v 0.061395 0.057700 0.121067
v -0.039015 0.030943 0.126534
v -0.011662 0.025116 0.126534
v -0.022986 0.015707 0.126946
v -0.041105 0.030943 0.126534
v -0.047146 0.030943 0.131328
v -0.024788 0.012766 0.130717
v -0.029115 0.006577 0.131342
v -0.053297 0.022333 0.132606
v -0.058174 0.030943 0.131342
v 0.059403 0.062465 0.115068
v 0.066844 0.061051 0.115897
v 0.062994 0.059089 0.115068
v 0.059098 0.058460 0.115069
v 0.062309 0.063828 0.112110
v 0.061063 0.060988 0.112110
v 0.078653 0.045730 0.118417
v 0.081009 0.024541 0.120930
v 0.056899 0.010325 0.121356
v 0.081413 0.019836 0.121229
v 0.025878 0.008160 0.120303
v 0.083729 -0.001651 0.121400
v 0.088136 0.019490 0.118536
v 0.088476 -0.019697 0.118397
v 0.082929 -0.019045 0.120765
v 0.022450 0.016912 0.121353
v 0.009607 0.025864 0.119343
v 0.020569 0.015776 0.119155
v 0.058825 -0.008607 0.121255
v 0.080185 -0.022431 0.121372
v 0.063153 -0.001622 0.120591
v 0.056308 -0.010397 0.119983
v 0.059321 -0.004277 0.119743
v 0.016938 -0.036008 0.121357
v 0.056542 -0.008305 0.120293
v 0.057973 -0.009609 0.119181
v 0.053839 -0.003778 0.119686
v 0.082710 -0.026310 0.120081
v 0.052513 -0.005283 0.121017
v 0.051223 -0.000306 0.120242
v 0.060734 -0.058125 0.121099
v 0.078610 -0.045880 0.118408
v 0.066849 -0.061135 0.115777
v 0.063278 -0.059743 0.115068
v 0.059377 -0.062878 0.115068
v 0.061264 -0.066801 0.115941
v 0.016405 -0.027133 0.121547
v 0.057635 -0.062153 0.120976
v 0.046042 -0.078440 0.118368
v 0.025471 -0.081680 0.120586
v 0.027133 -0.086339 0.115784
v 0.019461 -0.082163 0.121068
v 0.022679 -0.085507 0.115069
v 0.024522 -0.082119 0.115069
v 0.022139 -0.083340 0.112110
v 0.024088 -0.085802 0.112110
v 0.019508 -0.088385 0.115912
v 0.019875 -0.082607 0.115068
v 0.002196 -0.090959 0.118353
v -0.019443 -0.082077 0.121016
v -0.019540 -0.088385 0.116039
v -0.025176 -0.081392 0.120793
v -0.019562 -0.084224 0.115069
v -0.023430 -0.084846 0.115069
v -0.027523 -0.086165 0.116657
v -0.025240 -0.081403 0.115069
v -0.020536 -0.081220 0.115068
v -0.051039 -0.075380 0.118383
v -0.057859 -0.060913 0.121088
v -0.060954 -0.066789 0.115941
v -0.061934 -0.057822 0.120914
v -0.059475 -0.063177 0.115069
v -0.062775 -0.061128 0.115069
v -0.065981 -0.060463 0.115904
v -0.061313 -0.057644 0.115069
v -0.058857 -0.059990 0.115069
v -0.078712 -0.045331 0.118445
v -0.075255 -0.036052 0.121368
v 0.011096 -0.031644 0.124121
v -0.081113 -0.024972 0.120858
v -0.086367 -0.027455 0.116039
v -0.081319 -0.019638 0.121187
v -0.085508 -0.023401 0.115069
v -0.081087 -0.023765 0.115069
v -0.087434 -0.019343 0.116225
v -0.083553 -0.019802 0.115069
v -0.086997 -0.011432 0.116996
v -0.081099 -0.009937 0.119625
v -0.083327 -0.022844 0.112110
v -0.086309 -0.022763 0.112109
v 0.006965 -0.028394 0.126534
v -0.039015 -0.031029 0.126534
v -0.011687 -0.025188 0.126534
v -0.023579 -0.015202 0.127283
v -0.041105 -0.031029 0.126534
v -0.047081 -0.031028 0.131337
v -0.025009 -0.012433 0.131232
v -0.028816 -0.006185 0.131342
v -0.053001 -0.025910 0.131521
v -0.058174 -0.031029 0.131342
v -0.045120 -0.020643 0.133737
v -0.053297 -0.018269 0.137434
v 0.052117 0.004647 0.120978
v 0.055416 0.004985 0.120101
v 0.022163 -0.017064 0.121303
v 0.014529 -0.023900 0.121356
v 0.027073 -0.006879 0.121300
v 0.006799 -0.026210 0.119686
v 0.055732 0.006862 0.121356
v 0.055732 0.009341 0.121356
v 0.058171 0.006862 0.121356
v 0.057087 0.008257 0.120111
v 0.055732 0.008987 0.121356
v 0.056522 0.010026 0.119374
v 0.062189 0.004284 0.121030
v 0.058171 0.009341 0.121356
v 0.060311 0.003774 0.119931
v 0.026429 0.000676 0.119161
v 0.024101 -0.001778 0.119137
v 0.020309 -0.001840 0.119137
v 0.020522 0.002134 0.119137
v 0.018644 0.010358 0.119137
v 0.019442 -0.011063 0.119137
v 0.021176 -0.015945 0.119151
v 0.016854 0.003013 0.119137
v 0.014971 0.011916 0.119137
v 0.016370 -0.005886 0.119137
v 0.014970 -0.012305 0.119137
v 0.006478 0.015857 0.119137
v 0.018460 0.017840 0.119137
v 0.008707 -0.015093 0.119137
v 0.012190 0.017840 0.119137
v -0.005802 0.017090 0.119137
v -0.004737 0.019471 0.111000
v -0.008619 0.018940 0.111000
v 0.012190 -0.017926 0.119137
v 0.018460 -0.017926 0.119137
v 0.000100 -0.017218 0.119137
v 0.018112 -0.017926 0.119137
v 0.012190 -0.018280 0.119137
v 0.008865 -0.021571 0.119137
v 0.007662 -0.018280 0.119137
v -0.000002 -0.018280 0.119137
v 0.004609 -0.021336 0.119137
v 0.005920 -0.018280 0.119137
v -0.004572 -0.022140 0.119137
v -0.005923 -0.018280 0.119137
v -0.008696 -0.025409 0.119245
v -0.008795 -0.021684 0.119137
v -0.019812 -0.019375 0.119660
v -0.012193 -0.018280 0.119137
v -0.007665 -0.018280 0.119137
v -0.018115 -0.017926 0.119137
v -0.012193 -0.017926 0.119137
v -0.021431 -0.016304 0.119303
v -0.008710 -0.015093 0.119137
v -0.018464 -0.017926 0.119137
v -0.018557 -0.014585 0.119137
v -0.014621 -0.011743 0.119137
v -0.022644 -0.013322 0.119137
v -0.027227 -0.006887 0.119859
v -0.022644 -0.011906 0.119137
v -0.022644 -0.012614 0.119137
v -0.018123 -0.010315 0.119137
v -0.016854 -0.003281 0.119137
v -0.017411 0.009520 0.119137
v -0.020489 -0.001264 0.119137
v -0.021870 0.002388 0.119137
v -0.026072 -0.000390 0.119237
v -0.026312 0.009378 0.120214
v -0.021199 0.015797 0.119143
v -0.022247 -0.002531 0.111000
v -0.024112 0.001325 0.111000
v -0.018464 0.017840 0.119137
v -0.017124 0.015454 0.119137
v -0.012193 0.017840 0.119137
v -0.014125 0.012061 0.119137
v -0.008976 0.021381 0.119137
v -0.018115 0.017840 0.119137
v -0.010571 0.025870 0.119646
v -0.006620 0.023506 0.119137
v -0.000002 0.023506 0.119137
v -0.004277 0.021172 0.119137
v -0.005923 0.023506 0.119137
v -0.004086 0.025199 0.119141
v 0.006965 0.023506 0.119137
v 0.009193 0.021307 0.119137
v 0.004254 0.022247 0.119137
v 0.005920 0.023506 0.119137
v 0.005957 0.018675 0.119137
v 0.018112 0.017840 0.119137
v 0.045184 0.078934 0.118353
v 0.037270 0.082290 0.112110
v 0.027020 0.085504 0.115731
v 0.039360 0.081582 0.112110
v 0.023554 0.085639 0.112110
v 0.051900 0.074146 0.112110
v 0.061264 0.066715 0.115941
v 0.062309 0.063828 0.112110
v 0.024452 0.080898 0.120946
v 0.019508 0.088301 0.115792
v 0.023593 0.080136 0.115069
v 0.019311 0.082131 0.121047
v 0.019114 0.082428 0.115068
v 0.011842 0.089727 0.112110
v 0.066844 0.061051 0.115897
v 0.072762 0.053630 0.112110
v 0.002238 0.090876 0.118349
v -0.002043 0.090492 0.112109
v -0.017070 0.088665 0.112110
v -0.019509 0.088311 0.115890
v -0.018565 0.084180 0.120308
v -0.027782 0.085353 0.114503
v -0.022603 0.080946 0.115069
v -0.022949 0.080243 0.121294
v -0.026944 0.085141 0.118901
v -0.036925 0.082290 0.112110
v -0.048221 0.076861 0.118398
v -0.044240 0.078749 0.112110
v -0.055269 0.071577 0.112109
v -0.060957 0.066706 0.115919
v -0.022295 0.082290 0.112110
v -0.021947 0.082290 0.112110
v -0.022992 0.082290 0.112110
v -0.023905 0.084234 0.114275
v -0.026650 -0.077597 0.118884
v -0.026634 -0.018134 0.118508
v -0.011469 -0.029502 0.118241
v -0.002891 -0.031933 0.118741
v 0.012948 -0.029357 0.118498
v -0.034076 -0.006261 0.119138
v -0.032089 0.002401 0.118591
v -0.040629 -0.012628 0.119137
v -0.024963 0.020083 0.118717
v -0.035192 0.008099 0.119137
v -0.040984 0.012785 0.119137
v -0.057789 -0.024214 0.119137
v -0.056432 -0.014031 0.119137
v -0.057679 -0.058668 0.118444
v -0.062589 -0.028054 0.119137
v -0.076189 -0.029875 0.118649
v -0.072665 -0.026874 0.119137
v -0.076897 -0.020749 0.119143
v -0.081099 -0.009937 0.119625
v -0.076984 -0.006417 0.119137
v -0.076984 0.009518 0.119137
v -0.080905 0.009805 0.118016
v -0.076927 0.028148 0.118487
v -0.076811 0.021194 0.119137
v -0.065096 0.049804 0.118812
v -0.071530 0.027161 0.119137
v -0.060955 0.026932 0.119137
v -0.028810 0.077289 0.118687
v -0.023698 0.076532 0.119097
v -0.057138 0.023031 0.119137
v -0.056432 0.013945 0.119137
v -0.008900 0.030920 0.118453
v 0.010685 0.030094 0.118553
v 0.028066 0.016613 0.118507
v -0.005392 0.079816 0.118963
v 0.055416 0.004985 0.120101
v 0.051223 -0.000306 0.120242
v 0.032253 -0.000696 0.118619
v 0.026578 -0.018484 0.118626
v 0.053839 -0.003778 0.119686
v 0.056542 -0.008305 0.120293
v 0.057973 -0.009609 0.119181
v 0.056308 -0.010397 0.119983
v 0.025137 -0.077704 0.118808
v 0.000654 -0.082242 0.117823
v 0.058825 -0.008607 0.121255
v 0.050737 -0.064897 0.118492
v 0.059321 -0.004277 0.119743
v 0.082120 -0.000009 0.118473
v 0.063153 -0.001622 0.120591
v 0.060311 0.003774 0.119931
v 0.078251 0.023344 0.118785
v 0.057822 0.004738 0.119137
v 0.058172 0.009029 0.119264
v 0.057822 0.008987 0.119137
v 0.056522 0.010026 0.119374
v 0.065779 0.049417 0.118571
v 0.036415 0.073407 0.118609
v 0.008374 0.081484 0.118459
v 0.056081 0.009341 0.119137
v 0.056081 0.004738 0.119137
v 0.056081 0.008987 0.119137
v 0.057087 0.008257 0.120111
v -0.080816 0.011439 0.191242
v -0.080816 0.012528 0.197918
v -0.080816 0.012528 0.183863
v -0.080816 0.010477 0.185636
v -0.080816 0.006862 0.183863
v -0.080816 0.006795 0.193806
v -0.080828 -0.002076 0.198085
v -0.080816 0.002298 0.190276
v -0.080858 0.007748 0.198594
v -0.079947 0.022363 0.203510
v -0.080424 0.030947 0.199960
v -0.079022 0.031695 0.207621
v -0.080816 0.015361 0.183863
v -0.080816 0.030943 0.182014
v -0.080816 0.016658 0.181711
v -0.080816 0.015361 0.180164
v -0.077576 0.015960 0.182859
v -0.080816 0.015007 0.183863
v -0.080816 0.014299 0.183863
v -0.076984 0.013505 0.182661
v -0.080816 0.013258 0.182081
v -0.080816 0.018903 0.133562
v -0.078934 0.030943 0.133562
v -0.076984 0.030943 0.126534
v -0.080816 0.012528 0.180164
v -0.080816 0.014299 0.180164
v -0.080816 0.006508 0.180164
v -0.080816 0.010740 0.172962
v -0.080816 0.006508 0.183863
v -0.080816 0.003757 0.171875
v -0.080816 0.003861 0.185202
v -0.080816 0.003548 0.178422
v -0.080816 0.006862 0.180164
v -0.080816 -0.000220 0.180164
v -0.080816 -0.000220 0.183863
v -0.080816 0.011542 0.128611
v -0.080816 -0.012614 0.180164
v -0.080816 -0.004486 0.193204
v -0.078407 -0.002096 0.188739
v -0.080816 -0.003735 0.185506
v -0.080816 -0.006948 0.183863
v -0.080816 -0.010797 0.191963
v -0.080384 -0.018853 0.201700
v -0.079071 -0.031222 0.207439
v -0.080449 -0.031058 0.199841
v -0.080816 -0.031029 0.183863
v -0.080816 -0.015447 0.183863
v -0.080816 -0.012614 0.183863
v -0.080816 -0.010881 0.185996
v -0.080816 -0.016843 0.182055
v -0.080816 -0.015801 0.183863
v -0.080816 -0.031029 0.180164
v -0.080816 -0.015801 0.180164
v -0.080816 -0.013341 0.182150
v -0.080816 -0.014385 0.183863
v -0.080816 -0.014385 0.180164
v -0.080816 -0.006948 0.180164
v -0.080816 -0.010859 0.178055
v -0.080816 -0.018988 0.133562
v -0.080816 -0.015447 0.180164
v -0.079370 -0.031029 0.133562
v -0.076984 -0.031029 0.126534
v -0.081319 -0.019638 0.121187
v -0.075255 -0.036052 0.121368
v -0.081087 -0.023765 0.115069
v -0.081113 -0.024972 0.120858
v -0.083553 -0.019802 0.115069
v -0.083327 -0.022844 0.112110
v -0.080816 -0.013791 0.127774
v -0.081099 -0.009937 0.119625
v -0.080816 -0.011701 0.128413
v -0.080905 0.009805 0.118016
v -0.078810 -0.010418 0.171474
v -0.080816 -0.006604 0.170200
v -0.080816 -0.002325 0.174000
v -0.078839 -0.003718 0.178551
v -0.076984 -0.003620 0.172130
v -0.086997 -0.011432 0.116996
v -0.081164 -0.010489 0.112110
v -0.086412 -0.012312 0.113625
v -0.076189 -0.029875 0.118649
v -0.078377 -0.023946 0.112110
v -0.070074 -0.042626 0.112110
v -0.057679 -0.058668 0.118444
v -0.057129 -0.058650 0.112110
v -0.080816 0.013259 0.127332
v -0.081338 0.010404 0.121356
v -0.080638 0.020331 0.121358
v -0.075587 0.034941 0.121356
v -0.081224 0.022119 0.115068
v -0.082983 0.019506 0.115069
v -0.081309 0.022694 0.112110
v -0.081696 0.025526 0.120627
v -0.082641 0.025024 0.115069
v -0.032438 -0.009722 0.211617
v -0.058424 -0.000012 0.210296
v -0.058353 -0.009157 0.211500
v -0.032397 -0.000220 0.210493
v -0.032530 0.009319 0.211648
v -0.053299 -0.009804 0.211923
v -0.053297 -0.014149 0.200868
v -0.032156 -0.014175 0.200028
v -0.053297 -0.021414 0.217607
v -0.058522 -0.020061 0.213085
v -0.053298 -0.030840 0.226615
v -0.053298 0.009754 0.211942
v -0.033044 0.013895 0.199955
v -0.053297 0.014067 0.200863
v -0.058388 0.021138 0.216521
v -0.053297 0.017701 0.213725
v -0.053297 0.027662 0.223145
v 0.004609 -0.021336 0.119137
v 0.005217 -0.017222 0.111000
v 0.005920 -0.018280 0.119137
v 0.005658 -0.022546 0.111000
v 0.008800 -0.019636 0.111000
v 0.008865 -0.021571 0.119137
v 0.007662 -0.018280 0.119137
v 0.006965 -0.018280 0.119137
v 0.005217 -0.017222 0.111000
v 0.005920 -0.018280 0.119137
v -0.082455 0.010437 0.103598
v -0.080073 0.022529 0.103598
v -0.087914 0.011439 0.103598
v -0.098743 0.025456 0.103598
v -0.087914 0.011439 0.098062
v -0.082847 0.010663 0.097120
v -0.087914 0.011439 0.098102
v -0.088929 0.012440 0.092062
v -0.087914 0.011439 0.092887
v -0.087914 0.011439 0.103598
v -0.082455 0.010437 0.103598
v -0.087914 0.011439 0.097099
v -0.088118 0.009906 0.094331
v -0.082660 0.008523 0.094957
v -0.076984 0.008001 0.184213
v -0.080816 0.006862 0.183863
v -0.080816 0.003861 0.185202
v -0.080816 0.010477 0.185636
v -0.076984 0.002563 0.187408
v -0.032089 0.002401 0.118591
v -0.034525 0.007738 0.170176
v -0.035192 0.008099 0.119137
v -0.033094 0.009933 0.171704
v -0.040984 0.012785 0.119137
v -0.033094 0.005033 0.174184
v -0.029959 0.007891 0.172388
v -0.029959 0.004420 0.174784
v -0.029959 0.007479 0.177479
v -0.033094 0.010895 0.175405
v -0.033094 0.006154 0.177575
v -0.033094 0.006862 0.177575
v -0.033710 0.007351 0.179676
v -0.033094 0.002613 0.177575
v -0.033105 0.004882 0.170250
v -0.033536 0.006348 0.184051
v -0.040551 0.012419 0.189041
v -0.031308 0.005293 0.187129
v -0.033094 0.010341 0.186462
v -0.033094 -0.003467 0.191702
v -0.033094 0.003669 0.190942
v -0.031273 -0.004890 0.187986
v -0.033094 -0.007942 0.192706
v -0.033094 -0.002699 0.186452
v -0.033639 -0.006274 0.184152
v -0.033094 -0.008894 0.185587
v -0.033344 -0.005905 0.179208
v -0.034030 -0.009431 0.179396
v -0.033094 -0.010737 0.175406
v -0.029959 -0.007257 0.176539
v -0.029959 -0.006663 0.172394
v -0.033094 -0.009691 0.171183
v -0.033184 -0.005401 0.171515
v -0.035155 -0.008215 0.170177
v -0.034076 -0.006261 0.119138
v -0.026824 0.015361 0.111000
v -0.029959 0.007925 0.111000
v -0.030334 -0.005211 0.111000
v -0.024963 0.020083 0.118717
v -0.019537 0.023995 0.111000
v -0.026634 -0.018134 0.118508
v -0.023967 -0.019535 0.111000
v -0.029959 -0.006663 0.172394
v -0.028816 -0.006185 0.131342
v -0.029115 0.006577 0.131342
v -0.053297 0.022333 0.132606
v -0.043121 0.018337 0.134473
v -0.029959 0.007891 0.172388
v -0.029959 0.004420 0.174784
v -0.027227 -0.006887 0.119859
v -0.025009 -0.012433 0.131232
v -0.023579 -0.015202 0.127283
v -0.019812 -0.019375 0.119660
v -0.021431 -0.016304 0.119303
v -0.026312 0.009378 0.120214
v -0.024788 0.012766 0.130717
v -0.022986 0.015707 0.126946
v -0.021199 0.015797 0.119143
v -0.017644 0.015198 0.111000
v -0.019167 0.011213 0.111000
v -0.017411 0.009520 0.119137
v -0.014760 0.010979 0.111000
v -0.016900 -0.003032 0.111000
v -0.016854 -0.003281 0.119137
v -0.014211 -0.012226 0.111000
v -0.014621 -0.011743 0.119137
v -0.000205 0.082628 0.091298
v 0.017230 0.080600 0.110966
v -0.006506 0.081623 0.110900
v 0.015143 0.081269 0.091503
v -0.013716 0.081448 0.091520
v 0.025683 0.078636 0.091133
v -0.026347 0.078448 0.091554
v 0.041873 0.070516 0.111000
v -0.043640 0.069531 0.110992
v 0.035463 0.074541 0.091343
v -0.038473 0.073120 0.091725
v 0.049644 0.066225 0.091693
v 0.053965 0.061708 0.110941
v 0.058526 0.058151 0.090600
v -0.048511 0.066654 0.090600
v -0.053446 0.062096 0.110937
v -0.058133 0.058118 0.090600
v -0.013190 0.082175 0.107608
v -0.022878 0.085854 0.108052
v -0.009367 0.090156 0.109401
v 0.021271 0.083821 0.108070
v 0.005173 0.090384 0.110121
v 0.016906 0.088956 0.109456
v 0.009072 0.082673 0.107555
v 0.021979 0.080498 0.107923
v 0.022853 0.085417 0.108011
v 0.029915 0.085417 0.108011
v 0.023291 0.083037 0.111100
v 0.022110 0.082231 0.108091
v 0.023809 0.084486 0.108067
v 0.023596 0.085417 0.108011
v 0.059696 0.061086 0.108078
v 0.042181 0.080107 0.110430
v 0.060363 0.062462 0.108043
v 0.060023 0.061701 0.108091
v 0.053704 0.072674 0.109148
v 0.063340 0.063601 0.108011
v 0.061510 0.063117 0.108091
v 0.061882 0.063117 0.108091
v 0.062565 0.061103 0.108076
v 0.073033 0.053560 0.109711
v 0.064190 0.053400 0.107782
v 0.080036 0.042361 0.109109
v 0.077618 0.030716 0.107892
v 0.084838 0.024882 0.108063
v 0.081557 0.021638 0.107979
v 0.089016 0.016748 0.109409
v 0.085488 0.021738 0.108070
v 0.090515 0.004883 0.109234
v 0.084083 0.000468 0.107802
v 0.090157 -0.010501 0.109395
v 0.080403 -0.021886 0.107911
v 0.082815 -0.022368 0.108069
v 0.086148 -0.022532 0.108059
v 0.083069 -0.036346 0.109433
v 0.084405 -0.024256 0.108064
v 0.076730 -0.048350 0.109375
v 0.084927 -0.023957 0.108091
v 0.084555 -0.023957 0.108091
v 0.063909 -0.053745 0.107754
v 0.061187 -0.060911 0.108064
v 0.063654 -0.062180 0.108074
v 0.052926 -0.064790 0.107959
v 0.048129 -0.076697 0.109375
v 0.040631 -0.073458 0.108009
v 0.059280 -0.068556 0.109736
v 0.061799 -0.063308 0.108011
v 0.036234 -0.083068 0.108910
v 0.023024 -0.083018 0.108048
v 0.021678 -0.080493 0.107761
v 0.023076 -0.086006 0.108051
v 0.012435 -0.089655 0.108011
v 0.020910 -0.084707 0.108077
v 0.021366 -0.084838 0.108091
v -0.002707 -0.084225 0.107754
v -0.004519 -0.090512 0.109532
v -0.022526 -0.085264 0.108074
v -0.016919 -0.089086 0.109434
v -0.028263 -0.086152 0.109374
v -0.022272 -0.082815 0.108071
v -0.029703 -0.078244 0.107943
v -0.042195 -0.080237 0.109014
v -0.046984 -0.069269 0.107723
v -0.020979 -0.084097 0.111100
v -0.023644 -0.084175 0.111100
v -0.060043 -0.062640 0.108077
v -0.053718 -0.072804 0.109736
v -0.061244 -0.063306 0.108011
v -0.063438 -0.062933 0.108052
v -0.061323 -0.060313 0.108072
v -0.072674 -0.053690 0.109375
v -0.080108 -0.042363 0.109556
v -0.069966 -0.045559 0.107745
v -0.085312 -0.029974 0.109452
v -0.082608 -0.022511 0.108061
v -0.078986 -0.025996 0.107684
v -0.084653 -0.024061 0.108049
v -0.085312 -0.023603 0.108091
v -0.084940 -0.023603 0.108091
v -0.085131 -0.021535 0.108057
v -0.089029 -0.016878 0.109521
v -0.083330 -0.000604 0.107602
v -0.090508 -0.003322 0.108992
v -0.084640 0.021323 0.108068
v -0.089874 0.009359 0.109566
v -0.079223 0.024938 0.107734
v -0.085872 0.023673 0.108045
v -0.082550 0.023038 0.108051
v -0.074023 0.038434 0.107815
v -0.082710 0.036216 0.109392
v -0.058430 0.059429 0.107703
v -0.036274 0.082921 0.109761
v -0.037406 0.074691 0.107789
v -0.023482 0.082895 0.109095
v -0.022693 0.081819 0.108053
v -0.020907 0.083186 0.108085
v -0.014689 0.082585 0.108011
v -0.022123 0.082585 0.108011
v -0.021751 0.082585 0.108011
v -0.060484 0.060735 0.108077
v -0.048157 0.076543 0.109791
v -0.058921 0.068426 0.109702
v -0.061234 0.063157 0.108011
v -0.062267 0.062957 0.108075
v -0.068586 0.058870 0.109559
v -0.063201 0.061191 0.108053
v -0.077088 0.047219 0.109555
v -0.063010 0.061701 0.108091
v -0.063010 0.062055 0.108091
v -0.094233 0.018164 0.096096
v -0.095433 0.021156 0.095626
v -0.088929 0.012440 0.092062
v -0.094233 0.018164 0.096537
v -0.093490 0.021704 0.096056
v -0.094233 0.018164 0.096377
v -0.098634 0.025767 0.090600
v -0.098743 0.025456 0.103598
v -0.095798 0.021361 0.098202
v -0.094233 0.018164 0.097019
v -0.094241 0.019239 0.098285
v -0.087914 0.011439 0.098062
v -0.094233 0.018164 0.097460
v -0.094233 0.018164 0.097901
v -0.087914 0.011439 0.103598
v -0.094233 0.018164 0.097621
v -0.094233 0.018164 0.097500
v -0.094233 0.018164 0.097300
v -0.094233 0.018164 0.096698
v -0.093115 0.021349 0.096140
v -0.094233 0.018164 0.096497
v -0.092885 0.026094 0.098497
v -0.093261 0.026167 0.096029
v -0.093490 0.021704 0.095534
v -0.093490 0.021704 0.096056
v -0.095433 0.021156 0.095626
v -0.094233 0.018164 0.096096
v -0.094233 0.018164 0.096377
v -0.093115 0.021349 0.096140
v -0.093261 0.026167 0.096029
v -0.093490 0.021704 0.095534
v -0.096092 0.022412 0.095936
v -0.045587 0.069904 0.094397
v -0.037406 0.074691 0.107789
v -0.014528 0.082870 0.094287
v -0.058430 0.059429 0.107703
v -0.069829 0.046245 0.094458
v -0.013190 0.082175 0.107608
v 0.009072 0.082673 0.107555
v 0.011960 0.083614 0.094074
v 0.021979 0.080498 0.107923
v 0.031330 0.077509 0.094144
v 0.046012 0.069579 0.094284
v 0.059696 0.061086 0.108078
v 0.070883 0.045591 0.094397
v 0.060137 0.062088 0.111100
v 0.062565 0.061103 0.108076
v 0.063070 0.062039 0.111100
v 0.073033 0.053560 0.109711
v 0.063340 0.063601 0.108011
v -0.053297 -0.031325 0.208985
v -0.031655 -0.029470 0.206703
v -0.053297 -0.020833 0.205659
v -0.032156 -0.014175 0.200028
v -0.053297 -0.014149 0.200868
v -0.033389 -0.039896 0.215833
v -0.053297 -0.039173 0.216781
v -0.035631 -0.046879 0.227361
v -0.053297 -0.045193 0.226397
v -0.038426 -0.050863 0.241652
v -0.053297 -0.048735 0.236753
v -0.040559 -0.050523 0.252716
v -0.053297 -0.047770 0.248444
v -0.053297 -0.044810 0.245171
v -0.058522 -0.044942 0.245270
v -0.053297 -0.048735 0.258945
v -0.042847 -0.048482 0.264696
v -0.053297 -0.045193 0.269671
v -0.044622 -0.044670 0.272931
v -0.053297 -0.039173 0.279288
v -0.046072 -0.038728 0.281612
v 0.019311 0.082131 0.121047
v -0.022949 0.080243 0.121294
v -0.018565 0.084180 0.120308
v 0.002238 0.090876 0.118349
v 0.019508 0.088301 0.115792
v -0.048221 0.076861 0.118398
v -0.026944 0.085141 0.118901
v -0.057859 0.060588 0.121146
v -0.060957 0.066706 0.115919
v -0.061865 0.057698 0.120903
v -0.058589 0.062003 0.115069
v -0.064559 0.061396 0.115464
v -0.078891 0.045054 0.118408
v -0.061356 0.058507 0.115068
v -0.060418 0.061238 0.112110
v -0.081696 0.025526 0.120627
v -0.080638 0.020331 0.121358
v -0.086376 0.027045 0.115776
v -0.083829 0.018581 0.120436
v -0.081338 0.010404 0.121356
v -0.087433 0.011110 0.117323
v -0.086464 0.022666 0.115069
v -0.082641 0.025024 0.115069
v -0.085654 0.023299 0.112110
v -0.081224 0.022119 0.115068
v -0.082983 0.019506 0.115069
v -0.087148 0.019174 0.115740
v -0.084996 0.013670 0.114705
v -0.087434 0.013426 0.115029
v -0.081512 0.012883 0.115438
v -0.085312 -0.023957 0.097099
v -0.079723 -0.023685 0.094888
v -0.085312 -0.023957 0.098102
v -0.085080 -0.025530 0.094916
v -0.080108 -0.022676 0.103600
v -0.092480 -0.026078 0.096037
v -0.085312 -0.023957 0.092887
v -0.086647 -0.024396 0.091747
v -0.098634 -0.025897 0.090600
v -0.094169 -0.026532 0.098080
v -0.098699 -0.025711 0.103598
v -0.024934 0.009823 0.191452
v -0.024934 0.009823 0.189664
v -0.014056 0.009823 0.184687
v -0.000527 0.011197 0.220285
v -0.007450 0.011436 0.193058
v -0.004952 0.011368 0.189409
v 0.006025 0.011583 0.185493
v 0.006023 0.011835 0.188473
v -0.024934 0.009823 0.188274
v -0.024934 0.009823 0.175760
v -0.024934 0.009823 0.174171
v -0.024934 0.009823 0.170000
v -0.029066 0.009826 0.175114
v -0.024934 0.009823 0.175959
v -0.024934 0.009823 0.173973
v -0.024934 0.006521 0.177533
v -0.029934 0.005440 0.176641
v -0.024934 0.006345 0.172810
v -0.029934 0.006591 0.172186
v -0.024934 0.009915 0.189069
v -0.029934 0.009667 0.189523
v -0.024934 0.009823 0.188075
v -0.024934 0.009823 0.189863
v -0.024934 0.008693 0.192404
v -0.024934 0.006879 0.186263
v -0.029934 0.006596 0.186563
v -0.024934 0.004331 0.189970
v -0.029934 0.005353 0.191323
v 0.063909 -0.053745 0.107754
v 0.070198 -0.045318 0.094351
v 0.080403 -0.021886 0.107911
v 0.053997 -0.063814 0.094307
v 0.052926 -0.064790 0.107959
v 0.077548 -0.031089 0.094183
v 0.084083 0.000468 0.107802
v 0.083703 0.005752 0.094136
v 0.081049 0.018858 0.094449
v 0.081557 0.021638 0.107979
v 0.070883 0.045591 0.094397
v 0.077618 0.030716 0.107892
v 0.064190 0.053400 0.107782
v 0.059696 0.061086 0.108078
v 0.060023 0.062409 0.108091
v 0.060137 0.062088 0.111100
v 0.084874 0.022727 0.111100
v 0.084838 0.024882 0.108063
v 0.085610 0.029969 0.111100
v 0.089016 0.016748 0.109409
v 0.080036 0.042361 0.109109
v 0.071104 -0.041670 0.111061
v 0.067664 -0.047460 0.091218
v 0.059529 -0.057835 0.091851
v 0.060087 -0.058256 0.111082
v 0.074258 -0.036971 0.091430
v 0.079159 -0.024200 0.091308
v 0.081081 -0.015834 0.111100
v 0.081951 -0.012871 0.091508
v 0.082834 0.001411 0.091460
v 0.082571 0.001141 0.111060
v 0.081383 0.014771 0.091197
v 0.082212 0.020452 0.111079
v 0.078357 0.026564 0.091213
v 0.071509 0.040557 0.111049
v 0.073733 0.037646 0.091231
v 0.066711 0.048427 0.090600
v 0.058526 0.058151 0.090600
v 0.053965 0.061708 0.110941
v 0.023809 0.084486 0.108067
v 0.022767 0.085861 0.111100
v 0.021271 0.083821 0.108070
v 0.020918 0.084063 0.111100
v 0.023596 0.085417 0.111100
v 0.023968 0.085417 0.111100
v 0.005173 0.090384 0.110121
v -0.006506 0.081623 0.110900
v 0.017230 0.080600 0.110966
v -0.021206 0.084873 0.111100
v -0.009367 0.090156 0.109401
v -0.024358 0.086087 0.111100
v -0.023482 0.082895 0.109095
v -0.022878 0.085854 0.108052
v -0.043640 0.069531 0.110992
v 0.016906 0.088956 0.109456
v -0.036274 0.082921 0.109761
v -0.053446 0.062096 0.110937
v 0.020918 0.084063 0.111100
v 0.022767 0.085861 0.111100
v 0.023291 0.083037 0.111100
v 0.029915 0.085417 0.111100
v 0.023596 0.085417 0.111100
v 0.041873 0.070516 0.111000
v 0.023968 0.085417 0.111100
v 0.042181 0.080107 0.110430
v 0.053965 0.061708 0.110941
v 0.085610 0.029969 0.111100
v 0.071509 0.040557 0.111049
v 0.060137 0.062088 0.111100
v 0.053704 0.072674 0.109148
v 0.063070 0.062039 0.111100
v 0.063340 0.063601 0.108011
v 0.080036 0.042361 0.109109
v 0.073033 0.053560 0.109711
v 0.062565 0.061103 0.108076
v 0.061882 0.063117 0.108091
v 0.084874 0.022727 0.111100
v 0.089016 0.016748 0.109409
v 0.082212 0.020452 0.111079
v 0.090515 0.004883 0.109234
v 0.082571 0.001141 0.111060
v 0.090157 -0.010501 0.109395
v 0.081081 -0.015834 0.111100
v 0.085661 -0.022855 0.111100
v 0.082725 -0.022665 0.111100
v 0.083069 -0.036346 0.109433
v 0.071104 -0.041670 0.111061
v 0.076730 -0.048350 0.109375
v 0.064214 -0.061209 0.111100
v 0.063654 -0.062180 0.108074
v 0.060087 -0.058256 0.111082
v 0.059280 -0.068556 0.109736
v 0.061187 -0.060911 0.108064
v 0.060151 -0.062371 0.111100
v 0.060766 -0.063247 0.108091
v 0.048129 -0.076697 0.109375
v 0.051595 -0.063963 0.110984
v 0.036234 -0.083068 0.108910
v 0.023959 -0.086520 0.111100
v 0.023365 -0.083007 0.111100
v 0.023731 -0.078855 0.110973
v 0.020993 -0.084488 0.111100
v 0.010215 -0.090148 0.111100
v 0.006633 -0.081765 0.110967
v -0.004519 -0.090512 0.109532
v -0.020979 -0.084097 0.111100
v -0.016919 -0.089086 0.109434
v -0.017628 -0.080454 0.111031
v -0.023644 -0.084175 0.111100
v -0.032012 -0.076003 0.111100
v -0.022272 -0.082815 0.108071
v -0.022526 -0.085264 0.108074
v -0.028263 -0.086152 0.109374
v -0.047526 -0.066895 0.110992
v -0.060414 -0.061304 0.111100
v -0.042195 -0.080237 0.109014
v -0.053718 -0.072804 0.109736
v -0.063138 -0.062787 0.111100
v -0.067101 -0.047107 0.110998
v -0.080108 -0.042363 0.109556
v -0.072674 -0.053690 0.109375
v -0.085312 -0.029974 0.109452
v -0.083151 -0.023291 0.111100
v -0.074562 -0.034359 0.110958
v -0.085137 -0.021717 0.111100
v -0.081636 -0.009104 0.111049
v -0.089029 -0.016878 0.109521
v -0.090508 -0.003322 0.108992
v -0.089874 0.009359 0.109566
v -0.084928 0.021059 0.111100
v -0.085768 0.024458 0.111100
v -0.082265 0.006747 0.111100
v -0.082775 0.023103 0.111100
v -0.077513 0.027098 0.111006
v -0.066343 0.048091 0.110990
v -0.082710 0.036216 0.109392
v -0.060556 0.061333 0.111100
v -0.077088 0.047219 0.109555
v -0.048157 0.076543 0.109791
v -0.068586 0.058870 0.109559
v -0.058921 0.068426 0.109702
v -0.063036 0.061926 0.111100
v 0.022481 0.082231 0.108091
v 0.023225 0.082231 0.108091
v 0.023809 0.084486 0.108067
v 0.021271 0.083821 0.108070
v 0.022110 0.082231 0.108091
v 0.022110 0.082231 0.108091
v 0.023291 0.083037 0.111100
v 0.022853 0.082231 0.108091
v 0.023225 0.082231 0.108091
v 0.023809 0.084486 0.108067
v 0.023968 0.085417 0.111100
v 0.020918 0.084063 0.111100
v 0.021271 0.083821 0.108070
v -0.033094 -0.003467 0.191702
v -0.078407 -0.002096 0.188739
v -0.033094 0.003669 0.190942
v -0.076984 0.002563 0.187408
v -0.033094 -0.007942 0.192706
v -0.080816 -0.004486 0.193204
v -0.080816 -0.010797 0.191963
v -0.033094 -0.011256 0.189959
v -0.040690 -0.012605 0.189041
v -0.029959 -0.006380 0.191040
v -0.029959 -0.009044 0.187572
v -0.031273 -0.004890 0.187986
v -0.056432 -0.014031 0.189041
v -0.076984 -0.011836 0.188247
v -0.076918 -0.021341 0.189041
v -0.072115 -0.027248 0.189041
v -0.058889 -0.024884 0.189041
v -0.029959 0.005948 0.190906
v -0.033094 0.010036 0.191884
v -0.080816 0.006795 0.193806
v -0.080816 0.011439 0.191242
v -0.080816 0.002298 0.190276
v -0.033044 0.013895 0.199955
v -0.032397 0.006897 0.203200
v -0.032397 -0.007756 0.205234
v -0.032438 -0.009722 0.211617
v -0.032397 -0.000220 0.210493
v -0.032397 0.007392 0.206111
v -0.032530 0.009319 0.211648
v -0.034250 0.009442 0.204070
v -0.032156 -0.014175 0.200028
v -0.031053 -0.001645 0.197925
v -0.033563 -0.007074 0.202925
v -0.031734 0.029758 0.207175
v -0.030159 0.018222 0.199125
v -0.036925 -0.006240 0.204945
v -0.041619 -0.006745 0.206109
v -0.036925 -0.005886 0.204945
v -0.030088 -0.018950 0.197205
v -0.031655 -0.029470 0.206703
v -0.029959 -0.006380 0.191040
v -0.029959 -0.009044 0.187572
v -0.029959 -0.017218 0.170178
v -0.029959 0.005948 0.190906
v -0.029959 0.016820 0.192855
v -0.031273 -0.004890 0.187986
v -0.029959 -0.007257 0.176539
v -0.031308 0.005293 0.187129
v -0.029959 0.009191 0.188083
v -0.029959 0.007479 0.177479
v -0.029959 0.016778 0.170178
v -0.096463 0.022412 0.097019
v -0.093261 0.026167 0.096029
v -0.095798 0.021361 0.098202
v -0.092885 0.026094 0.098497
v -0.094241 0.019239 0.098285
v -0.069966 -0.045559 0.107745
v -0.069874 -0.046396 0.094128
v -0.046984 -0.069269 0.107723
v -0.076613 -0.032983 0.094223
v -0.078986 -0.025996 0.107684
v -0.079723 -0.023685 0.094888
v -0.080108 -0.022676 0.103600
v -0.082441 -0.010568 0.103598
v -0.083330 -0.000604 0.107602
v -0.082922 -0.008596 0.094538
v -0.082797 -0.010514 0.096973
v -0.082660 0.008523 0.094957
v -0.082455 0.010437 0.103598
v -0.079223 0.024938 0.107734
v -0.080073 0.022529 0.103598
v -0.079872 0.022961 0.095485
v -0.074023 0.038434 0.107815
v -0.069829 0.046245 0.094458
v -0.058430 0.059429 0.107703
v -0.082710 0.010377 0.098102
v -0.082847 0.010663 0.097120
v -0.082710 0.010377 0.097259
v -0.082710 0.036216 0.109392
v -0.036274 0.082921 0.109761
v -0.024358 0.086087 0.111100
v -0.022878 0.085854 0.108052
v -0.009367 0.090156 0.109401
v -0.085872 0.023673 0.108045
v -0.085768 0.024458 0.111100
v -0.089874 0.009359 0.109566
v -0.078878 -0.025276 0.091814
v -0.081636 -0.009104 0.111049
v -0.074562 -0.034359 0.110958
v -0.081405 -0.012984 0.090600
v -0.074178 -0.036547 0.091556
v -0.082767 -0.000524 0.091544
v -0.067101 -0.047107 0.110998
v -0.082265 0.006747 0.111100
v -0.068037 -0.047086 0.091481
v -0.059102 -0.057499 0.091113
v -0.047526 -0.066895 0.110992
v -0.081407 0.012855 0.090600
v -0.078561 0.025950 0.091873
v -0.077513 0.027098 0.111006
v -0.087914 0.011439 0.092887
v -0.088118 0.009906 0.094331
v -0.066343 0.048091 0.110990
v -0.072769 0.039174 0.091485
v -0.066736 0.048891 0.091690
v -0.058133 0.058118 0.090600
v -0.053446 0.062096 0.110937
v 0.058172 0.009029 0.119264
v 0.058171 0.008987 0.121356
v 0.058171 0.009341 0.121356
v 0.058171 0.008633 0.121356
v 0.057087 0.008257 0.120111
v 0.058171 0.006862 0.121356
v 0.057822 0.008633 0.119137
v 0.057822 0.004738 0.119137
v 0.057822 0.008987 0.119137
v -0.013969 -0.009952 0.184802
v -0.024934 -0.009952 0.170000
v -0.024934 -0.009952 0.174171
v -0.024934 -0.009952 0.175760
v -0.024934 -0.009952 0.188274
v -0.024934 -0.009952 0.189664
v -0.024934 -0.009952 0.191452
v -0.000408 -0.011611 0.220733
v -0.007419 -0.011787 0.193460
v -0.005093 -0.011499 0.189517
v 0.006016 -0.011840 0.185493
v 0.006049 -0.011798 0.188473
v -0.024934 -0.009952 0.188075
v -0.029934 -0.009348 0.189943
v -0.024934 -0.010044 0.189069
v -0.024934 -0.009952 0.189863
v -0.024934 -0.009313 0.192082
v -0.024934 -0.006610 0.186623
v -0.029934 -0.006727 0.186266
v -0.024934 -0.009952 0.175959
v -0.029934 -0.009713 0.174668
v -0.024934 -0.010044 0.174966
v -0.024934 -0.006597 0.177354
v -0.029934 -0.006027 0.177483
v -0.024934 -0.009952 0.173973
v -0.024934 -0.006443 0.172735
v -0.029934 -0.005069 0.173039
v -0.007665 -0.018280 0.119137
v -0.006758 -0.018820 0.111000
v -0.006620 -0.018280 0.119137
v -0.005923 -0.018280 0.119137
v 0.000209 0.012950 0.230781
v -0.005720 0.012950 0.230781
v -0.000763 0.017415 0.232336
v -0.005791 0.015893 0.230781
v -0.006188 0.009915 0.230442
v -0.003544 0.011491 0.229555
v -0.005006 0.012950 0.230781
v -0.006363 0.015893 0.230781
v -0.006363 0.015985 0.230781
v -0.006363 0.009915 0.230781
v -0.022986 0.015707 0.126946
v -0.010571 0.025870 0.119646
v -0.011662 0.025116 0.126534
v -0.021199 0.015797 0.119143
v -0.017644 0.015198 0.111000
v -0.017124 0.015454 0.119137
v 0.007702 0.029435 0.126101
v 0.007313 0.027047 0.121356
v 0.015544 0.025095 0.121340
v 0.009607 0.025864 0.119343
v 0.007273 0.023269 0.111000
v 0.005920 0.023506 0.119137
v 0.004254 0.022247 0.119137
v 0.006965 0.023506 0.119137
v 0.009193 0.021307 0.119137
v 0.008796 0.019395 0.111000
v 0.005957 0.018675 0.119137
v 0.004967 0.017876 0.111000
v 0.052926 -0.064790 0.107959
v 0.040631 -0.073458 0.108009
v 0.053997 -0.063814 0.094307
v 0.032941 -0.077091 0.094462
v 0.021678 -0.080493 0.107761
v -0.002707 -0.084225 0.107754
v -0.003136 -0.084206 0.094418
v -0.029703 -0.078244 0.107943
v -0.041359 -0.073164 0.094495
v -0.046984 -0.069269 0.107723
v -0.069874 -0.046396 0.094128
v 0.060151 -0.062371 0.111100
v 0.061882 -0.063247 0.108091
v 0.061138 -0.063247 0.108091
v 0.060766 -0.063247 0.108091
v 0.063654 -0.062180 0.108074
v 0.064214 -0.061209 0.111100
v 0.061799 -0.063308 0.108011
v 0.061510 -0.063247 0.108091
v -0.087914 -0.011568 0.103598
v -0.088826 -0.012458 0.092058
v -0.094233 -0.018294 0.097901
v -0.094233 -0.018294 0.097460
v -0.095900 -0.020376 0.098153
v -0.098699 -0.025711 0.103598
v -0.098634 -0.025897 0.090600
v -0.096092 -0.022541 0.097019
v -0.096092 -0.022541 0.096417
v -0.095274 -0.019331 0.095848
v -0.093289 -0.021609 0.097744
v -0.094233 -0.018294 0.097540
v -0.094304 -0.022009 0.095548
v -0.092480 -0.026078 0.096037
v -0.094169 -0.026532 0.098080
v -0.098699 -0.025711 0.103598
v -0.080108 -0.022676 0.103600
v -0.087914 -0.011568 0.103598
v -0.082441 -0.010568 0.103598
v -0.080816 -0.015801 0.180164
v -0.077392 -0.016253 0.180554
v -0.080816 -0.015093 0.180164
v -0.080816 -0.014385 0.180164
v -0.077284 -0.013720 0.181726
v -0.056432 0.013945 0.119137
v -0.040551 0.012419 0.189041
v -0.056432 0.013945 0.189041
v -0.040984 0.012785 0.119137
v -0.035192 0.008099 0.119137
v -0.034525 0.007738 0.170176
v -0.039363 0.011646 0.177415
v -0.033094 0.009933 0.171704
v -0.033710 0.007351 0.179676
v -0.033094 0.010895 0.175405
v -0.029959 0.007891 0.172388
v -0.029959 0.016778 0.170178
v -0.041105 0.016778 0.170178
v -0.033094 0.010341 0.186462
v -0.033094 0.010036 0.191884
v -0.029959 0.009191 0.188083
v -0.029959 0.005948 0.190906
v -0.080816 0.011439 0.191242
v -0.076984 0.011786 0.188279
v -0.080816 0.010477 0.185636
v -0.076984 0.008001 0.184213
v -0.078878 -0.025276 0.091814
v -0.087914 -0.011568 0.092887
v -0.082767 -0.000524 0.091544
v -0.088826 -0.012458 0.092058
v -0.088657 0.000112 0.093502
v -0.088123 -0.009984 0.094462
v -0.078561 0.025950 0.091873
v -0.088118 0.009906 0.094331
v -0.085312 -0.023957 0.092887
v -0.086647 -0.024396 0.091747
v -0.098634 -0.025897 0.090600
v -0.081595 -0.034576 0.093487
v -0.074178 -0.036547 0.091556
v -0.076763 -0.044841 0.093330
v -0.068037 -0.047086 0.091481
v -0.070072 -0.054398 0.093580
v -0.062638 -0.062893 0.093489
v -0.059102 -0.057499 0.091113
v -0.049497 -0.066412 0.091596
v -0.052602 -0.071388 0.093419
v -0.037987 -0.073407 0.091327
v -0.041451 -0.078467 0.093488
v -0.026344 -0.078527 0.091569
v -0.029185 -0.083776 0.093418
v -0.015202 -0.081280 0.091416
v -0.016547 -0.087316 0.093488
v -0.003166 -0.088732 0.093488
v 0.000503 -0.082758 0.091303
v 0.009843 -0.088378 0.093559
v 0.012581 -0.081753 0.091316
v 0.023225 -0.085900 0.093488
v 0.024262 -0.079227 0.091348
v 0.035491 -0.081299 0.093488
v 0.036744 -0.074191 0.091664
v 0.047385 -0.075281 0.093489
v 0.049359 -0.066524 0.091393
v 0.058165 -0.067494 0.093488
v 0.059529 -0.057835 0.091851
v 0.067457 -0.057937 0.093488
v 0.075263 -0.047318 0.093419
v 0.067664 -0.047460 0.091218
v 0.074258 -0.036971 0.091430
v 0.081582 -0.035638 0.093488
v 0.079159 -0.024200 0.091308
v 0.085670 -0.022895 0.093488
v 0.081951 -0.012871 0.091508
v 0.088272 -0.010153 0.093488
v 0.082834 0.001411 0.091460
v 0.088644 0.003298 0.093580
v 0.087157 0.016394 0.093488
v 0.081383 0.014771 0.091197
v 0.083812 0.029137 0.093489
v 0.078357 0.026564 0.091213
v 0.078608 0.041526 0.093419
v 0.073733 0.037646 0.091231
v 0.066711 0.048427 0.090600
v 0.071546 0.052498 0.093488
v 0.062997 0.062763 0.093558
v 0.049644 0.066225 0.091693
v 0.052961 0.071258 0.093330
v 0.035463 0.074541 0.091343
v 0.041810 0.078337 0.093488
v 0.029544 0.083647 0.093418
v 0.025683 0.078636 0.091133
v 0.015143 0.081269 0.091503
v 0.016906 0.087186 0.093397
v 0.003896 0.088602 0.093488
v -0.000205 0.082628 0.091298
v -0.009485 0.088248 0.093419
v -0.013716 0.081448 0.091520
v -0.022495 0.085770 0.093488
v -0.026347 0.078448 0.091554
v -0.035133 0.081523 0.093419
v -0.038473 0.073120 0.091725
v -0.046655 0.075506 0.093488
v -0.057435 0.067719 0.093488
v -0.066736 0.048891 0.091690
v -0.066727 0.058516 0.093488
v -0.074533 0.047897 0.093488
v -0.072769 0.039174 0.091485
v -0.080852 0.036216 0.093401
v -0.085312 0.023828 0.092887
v -0.088929 0.012440 0.092062
v -0.086413 0.024146 0.091931
v -0.098634 0.025767 0.090600
v -0.087914 0.011439 0.092887
v 0.060023 0.061701 0.108091
v 0.060023 0.062409 0.108091
v 0.059696 0.061086 0.108078
v 0.060023 0.062055 0.108091
v 0.060363 0.062462 0.108043
v 0.061510 0.063117 0.108091
v 0.063340 0.063601 0.108011
v 0.061138 0.063117 0.108091
v -0.032397 -0.007756 0.205234
v -0.036926 -0.007207 0.206205
v -0.036925 -0.006240 0.205685
v -0.036925 -0.008365 0.206055
v -0.036926 -0.008468 0.206016
v -0.036925 -0.009073 0.205685
v -0.041619 -0.006745 0.206109
v -0.036925 -0.006240 0.205315
v -0.036925 -0.007656 0.206055
v -0.036925 -0.008011 0.206055
v -0.039840 -0.009454 0.204518
v -0.042114 -0.007933 0.202830
v 0.061510 -0.063247 0.108091
v 0.061799 -0.063308 0.108011
v 0.061187 -0.060911 0.108064
v 0.060766 -0.063247 0.108091
v -0.053297 -0.021113 0.213822
v -0.053297 -0.021821 0.213822
v -0.058522 -0.020061 0.213085
v -0.058522 -0.024104 0.210091
v -0.053297 -0.019135 0.212415
v -0.053297 -0.018280 0.213822
v -0.053297 -0.021414 0.217607
v -0.053297 -0.032445 0.213822
v -0.053299 -0.009804 0.211923
v -0.053297 -0.014149 0.200868
v -0.053297 -0.019135 0.212415
v -0.053297 -0.021113 0.213822
v -0.053297 -0.020833 0.205659
v -0.053298 -0.030840 0.226615
v -0.053297 -0.031325 0.208985
v -0.053297 -0.024006 0.210073
v -0.053297 -0.021821 0.213822
v -0.053297 -0.039173 0.216781
v -0.053297 -0.045193 0.226397
v -0.053297 -0.036434 0.239363
v -0.053297 -0.040697 0.246877
v -0.053297 -0.040423 0.251814
v -0.053297 -0.044810 0.245171
v -0.053297 -0.048735 0.236753
v -0.053297 -0.047770 0.248444
v -0.053297 -0.048735 0.258945
v -0.053297 -0.045193 0.269671
v -0.053300 -0.033097 0.265566
v -0.053297 -0.039173 0.279288
v -0.053297 -0.022494 0.281577
v -0.053297 -0.024851 0.286011
v -0.053297 -0.028027 0.289494
v -0.053297 -0.021402 0.288265
v -0.058449 -0.029720 0.271981
v -0.053297 -0.018030 0.282701
v -0.053297 -0.018280 0.288534
v -0.053297 -0.021821 0.292973
v -0.053297 -0.005807 0.284875
v -0.053297 -0.000112 0.292233
v -0.053297 -0.006455 0.297310
v -0.053297 -0.000031 0.294343
v -0.053297 0.011112 0.296671
v -0.053298 0.026833 0.290186
v -0.053297 0.010050 0.288534
v -0.053297 0.008987 0.284466
v -0.053297 0.018719 0.286459
v -0.053297 0.021381 0.288534
v -0.053297 0.020153 0.281951
v -0.053297 0.024923 0.288534
v -0.053297 0.027259 0.273375
v -0.053297 0.024283 0.286327
v -0.053297 0.022090 0.288534
v -0.053297 0.039088 0.279288
v -0.053297 0.043967 0.250717
v -0.053297 0.036286 0.256196
v -0.053297 0.047365 0.263359
v -0.053297 0.040191 0.248905
v -0.053297 0.036289 0.239728
v -0.058522 0.042862 0.251171
v -0.058522 0.040766 0.246824
v -0.053297 0.043747 0.245544
v -0.053297 0.048571 0.236243
v -0.053297 0.050065 0.247849
v -0.053297 0.045108 0.226397
v -0.053297 0.027662 0.223145
v -0.053297 0.039088 0.216781
v -0.053297 0.030943 0.209014
v -0.053297 0.022181 0.213168
v -0.053297 0.017701 0.213725
v -0.053297 0.023679 0.208512
v -0.053297 0.020676 0.205589
v -0.053298 0.009754 0.211942
v -0.053297 0.014067 0.200863
v -0.005205 -0.010044 0.230256
v -0.005791 -0.016023 0.230781
v -0.006363 -0.010044 0.230781
v -0.006720 -0.007101 0.229986
v -0.006363 -0.016023 0.230781
v -0.006363 -0.016115 0.230781
v -0.001236 -0.017215 0.231954
v 0.000209 -0.013079 0.230781
v -0.005720 -0.013079 0.230781
v -0.005006 -0.013079 0.230781
v -0.003210 -0.013079 0.229238
v -0.005205 -0.010044 0.230256
v -0.005720 -0.013079 0.230781
v -0.005791 -0.016023 0.230781
v 0.055732 0.009341 0.121356
v 0.056899 0.010325 0.121356
v 0.052117 0.004647 0.120978
v 0.016906 0.088956 0.109456
v 0.029915 0.085417 0.111100
v 0.029915 0.085417 0.108011
v 0.042181 0.080107 0.110430
v -0.039015 -0.031029 0.126534
v -0.075255 -0.036052 0.121368
v 0.011096 -0.031644 0.124121
v -0.019812 -0.019375 0.119660
v -0.023579 -0.015202 0.127283
v -0.011687 -0.025188 0.126534
v -0.008696 -0.025409 0.119245
v 0.006965 -0.028394 0.126534
v 0.006799 -0.026210 0.119686
v 0.016405 -0.027133 0.121547
v 0.018112 0.017840 0.119137
v 0.018460 0.017840 0.119137
v 0.020569 0.015776 0.119155
v -0.077642 -0.015804 0.183367
v -0.080816 -0.015801 0.183863
v -0.080816 -0.015093 0.183863
v -0.080816 -0.014385 0.183863
v -0.080816 -0.013341 0.182150
v -0.077284 -0.013720 0.181726
v -0.036925 0.008987 0.204945
v -0.034250 0.009442 0.204070
v -0.036925 0.008987 0.205685
v -0.032397 0.007392 0.206111
v -0.036925 0.008242 0.203042
v -0.042067 0.007403 0.202808
v -0.036925 0.008987 0.205315
v -0.041637 0.008184 0.206158
v -0.003210 -0.013079 0.229238
v 0.000209 -0.013079 0.230781
v -0.005006 -0.013079 0.230781
v -0.000408 -0.011611 0.220733
v -0.002950 -0.011989 0.224038
v -0.007419 -0.011787 0.193460
v -0.013994 -0.013079 0.184692
v -0.005093 -0.011499 0.189517
v 0.006016 -0.011840 0.185493
v 0.006049 -0.011798 0.188473
v -0.029559 -0.012456 0.196021
v -0.005205 -0.010044 0.230256
v -0.029018 -0.013079 0.170000
v -0.024934 -0.009952 0.170000
v -0.095433 0.021156 0.095626
v -0.096092 0.022412 0.095936
v -0.096092 0.022412 0.096497
v -0.096092 0.022412 0.097019
v -0.095798 0.021361 0.098202
v -0.093261 0.026167 0.096029
v -0.092885 0.026094 0.098497
v -0.096463 0.022412 0.097019
v -0.086413 0.024146 0.091931
v -0.092885 0.026094 0.098497
v -0.085312 0.023828 0.098102
v -0.085312 0.023828 0.092887
v -0.093261 0.026167 0.096029
v -0.098634 0.025767 0.090600
v -0.098743 0.025456 0.103598
v -0.080073 0.022529 0.103598
v -0.079872 0.022961 0.095485
v -0.085312 0.023828 0.097099
v -0.085045 0.025175 0.095153
v -0.036925 -0.009073 0.205685
v -0.036925 -0.009073 0.205315
v -0.036926 -0.008468 0.206016
v -0.036925 -0.008365 0.206055
v -0.036925 -0.008011 0.206055
v -0.036925 -0.007656 0.206055
v -0.036926 -0.007207 0.206205
v -0.036925 -0.006240 0.205315
v -0.036925 -0.006240 0.205685
v -0.036925 -0.006240 0.204945
v -0.036925 -0.005886 0.204945
v 0.084405 -0.024256 0.108064
v 0.085661 -0.022855 0.111100
v 0.085299 -0.023957 0.108091
v 0.086148 -0.022532 0.108059
v 0.082725 -0.022665 0.111100
v 0.082815 -0.022368 0.108069
v 0.022853 -0.082360 0.108091
v 0.022481 -0.082360 0.108091
v 0.023024 -0.083018 0.108048
v 0.022110 -0.082360 0.108091
v 0.022853 -0.082360 0.108091
v 0.023365 -0.083007 0.111100
v 0.022110 -0.082360 0.108091
v 0.023024 -0.083018 0.108048
v 0.020993 -0.084488 0.111100
v 0.020910 -0.084707 0.108077
v -0.024934 0.009823 0.188274
v -0.024934 0.009823 0.189664
v -0.024934 0.009915 0.189069
v -0.024934 -0.009952 0.175760
v -0.024934 -0.009952 0.174171
v -0.024934 -0.010044 0.174966
v -0.084996 -0.013677 0.116918
v -0.086997 -0.011432 0.116996
v -0.084996 -0.012968 0.116918
v -0.087434 -0.014353 0.115893
v -0.084996 -0.014031 0.116918
v -0.084998 -0.012492 0.116865
v -0.084996 -0.011906 0.116548
v -0.081524 -0.012545 0.115346
v -0.084996 -0.013322 0.116918
v -0.083562 -0.014071 0.115768
v -0.041637 0.008184 0.206158
v -0.036925 0.007217 0.206055
v -0.036926 0.006759 0.206016
v -0.036925 0.007571 0.206055
v -0.036926 0.008009 0.206192
v -0.036925 0.008987 0.205315
v -0.039840 0.005773 0.204518
v -0.042067 0.007403 0.202808
v -0.032397 0.007392 0.206111
v -0.036925 0.006154 0.205685
v -0.036925 0.008987 0.205685
v -0.036925 0.006862 0.206055
v -0.063036 0.061926 0.111100
v -0.063201 0.061191 0.108053
v -0.063010 0.062409 0.108091
v -0.096092 -0.022541 0.095936
v -0.094304 -0.022009 0.095548
v -0.096092 -0.022541 0.096497
v -0.094169 -0.026532 0.098080
v -0.095900 -0.020376 0.098153
v -0.096092 -0.022541 0.097019
v -0.095274 -0.019331 0.095848
v 0.000209 0.012950 0.230781
v -0.000527 0.011197 0.220285
v -0.014034 0.012950 0.184675
v -0.007450 0.011436 0.193058
v -0.004952 0.011368 0.189409
v 0.006023 0.011835 0.188473
v 0.006025 0.011583 0.185493
v -0.029179 0.012950 0.170000
v -0.024934 0.009823 0.170000
v -0.029524 0.012319 0.196021
v -0.003016 0.011691 0.223938
v -0.003544 0.011491 0.229555
v -0.006188 0.009915 0.230442
v -0.061895 -0.063247 0.108091
v -0.063138 -0.062787 0.111100
v -0.061152 -0.063247 0.108091
v -0.062267 -0.063247 0.108091
v -0.063438 -0.062933 0.108052
v -0.060043 -0.062640 0.108077
v -0.060414 -0.061304 0.111100
v -0.061244 -0.063306 0.108011
v -0.061523 -0.063247 0.108091
v -0.063438 -0.062933 0.108052
v -0.062267 -0.063247 0.108091
v -0.061523 -0.063247 0.108091
v -0.079074 0.020673 0.112110
v -0.081164 0.010404 0.112110
v -0.086389 0.020673 0.112110
v -0.083951 0.020673 0.112110
v -0.081309 0.022694 0.112110
v -0.087434 0.021499 0.112110
v -0.087434 0.013426 0.115029
v -0.085654 0.023299 0.112110
v -0.087433 0.011110 0.117323
v -0.084299 0.020673 0.112110
v -0.082983 0.019506 0.115069
v -0.084999 0.012375 0.116519
v -0.081512 0.012883 0.115438
v -0.084996 0.013670 0.114705
v -0.070444 0.041865 0.112111
v -0.078983 0.043657 0.112110
v -0.063982 0.061768 0.112110
v -0.060418 0.061238 0.112110
v -0.055269 0.071577 0.112109
v -0.057129 0.058564 0.112110
v -0.082312 0.016407 0.131500
v -0.081946 0.016407 0.131230
v -0.080934 0.016407 0.131500
v -0.082284 0.017789 0.122255
v -0.080934 0.016407 0.131500
v -0.082284 0.017789 0.122255
v -0.083143 0.018935 0.131500
v -0.088095 -0.019065 0.119933
v -0.088134 0.018935 0.119960
v -0.082489 -0.018101 0.122323
v -0.083076 -0.019065 0.131500
v -0.080934 -0.016536 0.131500
v -0.081936 -0.012696 0.128026
v -0.081950 -0.016536 0.131239
v -0.081946 0.016407 0.131230
v -0.082672 0.012546 0.127162
v -0.083144 0.012538 0.128770
v 0.021176 -0.015945 0.119151
v 0.018460 -0.017926 0.119137
v 0.018112 -0.017926 0.119137
v -0.006073 -0.014031 0.235185
v -0.002791 -0.014551 0.259582
v -0.002791 -0.014551 0.253623
v -0.002791 -0.013110 0.235747
v -0.080816 0.015007 0.180164
v -0.077606 0.014680 0.180390
v -0.080816 0.015361 0.180164
v -0.080816 0.014299 0.180164
v -0.080816 0.016658 0.181711
v -0.078029 0.016070 0.180534
v -0.076984 0.019965 0.180164
v -0.076984 0.012528 0.180164
v -0.080816 0.013258 0.182081
v -0.078029 0.013237 0.181274
v -0.078029 0.015716 0.180534
v -0.078029 0.015361 0.180534
v -0.076984 -0.006948 0.180164
v -0.078839 -0.003718 0.178551
v -0.076984 -0.000220 0.180164
v -0.080816 -0.006948 0.180164
v -0.080816 -0.000220 0.180164
v -0.080816 -0.010859 0.178055
v -0.076984 -0.011189 0.176255
v -0.087914 -0.011568 0.092887
v -0.088826 -0.012458 0.092058
v -0.087914 -0.011568 0.103598
v -0.082441 -0.010568 0.103598
v -0.087914 -0.011568 0.098102
v -0.082797 -0.010514 0.096973
v -0.087914 -0.011568 0.098062
v -0.087914 -0.011568 0.097099
v -0.088123 -0.009984 0.094462
v -0.082922 -0.008596 0.094538
v -0.007097 0.022915 0.111000
v -0.005923 0.023506 0.119137
v -0.006620 0.023506 0.119137
v -0.008976 0.021381 0.119137
v -0.024934 -0.009952 0.189664
v -0.024934 -0.009952 0.188274
v -0.024934 -0.010044 0.189069
v -0.024934 -0.006597 0.177354
v -0.024934 -0.009952 0.188075
v -0.018464 -0.017926 0.119137
v -0.021431 -0.016304 0.119303
v -0.018115 -0.017926 0.119137
v -0.018464 0.017840 0.119137
v -0.018115 0.017840 0.119137
v -0.021199 0.015797 0.119143
v -0.036925 0.006154 0.205685
v -0.032397 0.007392 0.206111
v -0.039840 0.005773 0.204518
v -0.032397 0.006897 0.203200
v -0.042067 0.007403 0.202808
v -0.036925 0.006154 0.205315
v -0.036926 0.006759 0.206016
v -0.036925 0.006154 0.204945
v -0.085684 -0.023603 0.108091
v -0.084653 -0.024061 0.108049
v -0.084940 -0.023603 0.108091
v -0.085131 -0.021535 0.108057
v -0.085312 -0.023603 0.108091
v 0.055416 0.004985 0.120101
v 0.056081 0.004738 0.119137
v 0.057822 0.004738 0.119137
v 0.060311 0.003774 0.119931
v 0.062189 0.004284 0.121030
v -0.053297 0.021381 0.288534
v -0.058522 0.023202 0.289366
v -0.053297 0.022090 0.288534
v -0.053297 0.018719 0.286459
v -0.058522 0.018739 0.286461
v -0.035164 0.045295 0.224637
v -0.053297 0.039088 0.216781
v -0.033418 0.039830 0.216004
v -0.053297 0.045108 0.226397
v -0.036758 0.048758 0.233170
v -0.053297 0.048571 0.236243
v -0.038932 0.051061 0.244329
v -0.053297 0.050065 0.247849
v -0.040847 0.050542 0.254363
v -0.053297 0.047365 0.263359
v -0.042847 0.048350 0.264727
v -0.044545 0.044708 0.272548
v -0.053297 0.039088 0.279288
v -0.046309 0.037382 0.282423
v -0.091396 0.016908 0.164202
v -0.090535 0.016267 0.163842
v -0.082915 0.016908 0.164202
v -0.091913 0.016908 0.164202
v -0.082915 0.018412 0.164990
v -0.082915 -0.017037 0.164202
v -0.102934 0.018333 0.163499
v -0.097725 0.015237 0.162884
v -0.096877 0.012464 0.163083
v -0.094892 0.013154 0.162746
v -0.100337 0.010549 0.162880
v -0.102934 -0.018432 0.163407
v -0.100342 -0.010665 0.162845
v -0.097275 -0.012560 0.162971
v -0.097734 -0.015360 0.162892
v -0.090466 -0.016306 0.163815
v -0.095031 -0.013440 0.162986
v -0.091396 -0.017037 0.164202
v -0.091913 -0.017037 0.164202
v -0.082915 -0.018609 0.165053
v -0.082915 -0.017037 0.164202
v -0.082036 0.014949 0.179913
v -0.082915 0.016908 0.164202
v -0.082915 0.018412 0.164990
v -0.082915 -0.018609 0.165053
v -0.082752 0.019869 0.195200
v -0.082136 -0.013993 0.179859
v -0.081990 0.015006 0.184187
v -0.081739 -0.014798 0.184231
v -0.082781 -0.020043 0.195200
v -0.081901 -0.016337 0.180883
v -0.022693 0.081819 0.108053
v -0.020907 0.083186 0.108085
v -0.021751 0.082585 0.108011
v -0.021206 0.084873 0.111100
v -0.023482 0.082895 0.109095
v -0.021008 0.085063 0.108091
v -0.021008 0.085417 0.108091
v -0.022878 0.085854 0.108052
v -0.024358 0.086087 0.111100
v -0.014689 0.082585 0.108011
v -0.013190 0.082175 0.107608
v -0.020907 0.083186 0.108085
v -0.021008 0.085063 0.108091
v -0.021008 0.084709 0.108091
v -0.022878 0.085854 0.108052
v -0.021008 0.085417 0.108091
v -0.080816 0.013258 0.182081
v -0.078029 0.013237 0.182014
v -0.078029 0.013237 0.181274
v -0.077606 0.014680 0.180390
v -0.080816 0.014299 0.180164
v -0.076984 0.013505 0.182661
v -0.078029 0.013237 0.181644
v -0.080816 0.014299 0.183863
v -0.078029 0.013237 0.181274
v -0.078029 0.013237 0.181644
v -0.077606 0.014680 0.180390
v -0.076984 0.013505 0.182661
v -0.078029 0.015361 0.180534
v -0.078029 0.016070 0.180534
v -0.078029 0.015716 0.180534
v -0.077576 0.015960 0.182859
v -0.032397 -0.007756 0.205234
v -0.039840 -0.009454 0.204518
v -0.036925 -0.009073 0.205685
v -0.042114 -0.007933 0.202830
v -0.033563 -0.007074 0.202925
v -0.036925 -0.009073 0.205315
v -0.036925 -0.009073 0.204945
v -0.036926 -0.008468 0.206016
v -0.080816 0.012528 0.180164
v -0.078877 0.010627 0.178297
v -0.080816 0.006862 0.180164
v -0.076984 0.006094 0.179443
v -0.080816 0.003548 0.178422
v -0.076984 0.012528 0.180164
v 0.021366 -0.085546 0.108091
v 0.020910 -0.084707 0.108077
v 0.020993 -0.084488 0.111100
v 0.023076 -0.086006 0.108051
v 0.023959 -0.086520 0.111100
v 0.023076 -0.086006 0.108051
v 0.021366 -0.084838 0.108091
v 0.021366 -0.085192 0.108091
v 0.021366 -0.085546 0.108091
v 0.020910 -0.084707 0.108077
v -0.083143 0.018935 0.131500
v -0.083940 -0.012672 0.128007
v -0.083076 -0.019065 0.131500
v -0.082489 -0.018101 0.122323
v -0.083144 0.012538 0.128770
v -0.082672 0.012546 0.127162
v -0.082284 0.017789 0.122255
v -0.081950 -0.016536 0.131239
v -0.082312 -0.016536 0.131500
v -0.080934 -0.016536 0.131500
v -0.082489 -0.018101 0.122323
v -0.082312 0.016407 0.131500
v -0.082312 -0.016536 0.131500
v -0.081950 -0.016536 0.131239
v -0.081946 0.016407 0.131230
v -0.082437 0.016407 0.131500
v -0.082437 -0.016536 0.131500
v -0.083076 -0.019065 0.131500
v -0.080934 -0.016536 0.131500
v -0.083143 0.018935 0.131500
v -0.080934 0.016407 0.131500
v -0.086997 -0.011432 0.116996
v -0.084996 -0.011906 0.115808
v -0.084996 -0.011906 0.116548
v -0.086412 -0.012312 0.113625
v -0.081524 -0.012545 0.115346
v -0.084996 -0.011906 0.116178
v -0.084998 -0.012492 0.116865
v -0.084996 -0.011906 0.116548
v -0.084996 -0.011906 0.116178
v -0.084998 -0.012492 0.116865
v -0.006720 0.006971 0.229986
v -0.026570 0.006061 0.199479
v -0.005136 0.006950 0.220187
v -0.023465 0.005998 0.197364
v -0.006363 0.006971 0.230781
v -0.005367 0.006890 0.233119
v -0.005548 -0.007034 0.232842
v -0.006220 -0.007101 0.233760
v -0.006220 -0.011608 0.233760
v -0.006073 -0.014031 0.235185
v -0.002791 -0.013110 0.235747
v -0.002807 -0.005137 0.234937
v 0.000209 -0.011850 0.236459
v -0.002791 -0.009930 0.237318
v 0.000209 -0.009020 0.238228
v -0.002805 0.003881 0.234914
v 0.000209 0.004046 0.236363
v -0.002791 0.009681 0.238563
v 0.000209 0.010698 0.237994
v -0.002791 0.011790 0.234526
v -0.005367 0.006890 0.233119
v -0.006220 0.011478 0.233760
v -0.006073 0.013899 0.235182
v -0.006220 0.006971 0.233760
v 0.084927 -0.023957 0.108091
v 0.085299 -0.023957 0.108091
v 0.086148 -0.022532 0.108059
v 0.084405 -0.024256 0.108064
v 0.084555 -0.023957 0.108091
v -0.063036 0.061926 0.111100
v -0.063010 0.062409 0.108091
v -0.062267 0.062957 0.108075
v -0.061895 0.063117 0.108091
v -0.060556 0.061333 0.111100
v -0.061152 0.063117 0.108091
v -0.060484 0.060735 0.108077
v -0.061234 0.063157 0.108011
v -0.061523 0.063117 0.108091
v -0.063010 0.062055 0.108091
v -0.062267 0.062957 0.108075
v -0.063010 0.062409 0.108091
v -0.063201 0.061191 0.108053
v -0.063010 0.061701 0.108091
v -0.061895 0.063117 0.108091
v -0.061523 0.063117 0.108091
v -0.029018 -0.013079 0.170000
v -0.024934 0.009823 0.170000
v -0.024934 -0.009952 0.170000
v -0.029179 0.012950 0.170000
v 0.060363 0.062462 0.108043
v 0.060137 0.062088 0.111100
v 0.060023 0.062409 0.108091
v 0.061138 0.063117 0.108091
v 0.061882 0.063117 0.108091
v 0.063070 0.062039 0.111100
v -0.036925 0.008987 0.205315
v -0.036925 0.008987 0.205685
v -0.036926 0.008009 0.206192
v -0.036925 0.007571 0.206055
v -0.036925 0.006862 0.206055
v -0.036925 0.007217 0.206055
v -0.036926 0.006759 0.206016
v -0.036925 0.006154 0.205315
v -0.036925 0.006154 0.205685
v -0.036925 -0.006240 0.205315
v -0.041619 -0.006745 0.206109
v -0.036925 -0.006240 0.204945
v -0.042114 -0.007933 0.202830
v -0.033563 -0.007074 0.202925
v -0.031053 -0.001645 0.197925
v -0.032397 -0.007756 0.205234
v -0.036925 -0.005886 0.204945
v -0.036925 -0.006240 0.205685
v -0.077084 -0.013266 0.127474
v -0.078377 -0.011906 0.126904
v -0.078377 -0.012260 0.126904
v -0.080816 -0.011701 0.128413
v -0.080816 -0.013791 0.127774
v -0.078377 -0.011552 0.126904
v -0.078377 -0.013116 0.129297
v -0.080816 -0.011701 0.128413
v -0.078377 -0.011552 0.129123
v -0.080816 -0.013791 0.127774
v -0.077345 -0.011456 0.128429
v -0.078377 -0.011906 0.129123
v -0.078377 -0.012260 0.129123
v -0.078377 -0.011552 0.126904
v -0.078377 -0.011906 0.126904
v -0.077345 -0.011456 0.128429
v -0.077084 -0.013266 0.127474
v -0.078377 -0.013116 0.129297
v -0.078377 -0.011552 0.129123
v -0.078377 -0.012260 0.129123
v -0.084996 -0.013677 0.114329
v -0.084996 -0.014031 0.114329
v -0.083562 -0.014071 0.115768
v -0.086412 -0.012312 0.113625
v -0.087434 -0.014353 0.115893
v -0.084996 -0.013322 0.114329
v -0.081524 -0.012545 0.115346
v -0.087914 0.011439 0.097099
v -0.087914 0.011439 0.092887
v -0.088118 0.009906 0.094331
v -0.085312 -0.023957 0.092887
v -0.085080 -0.025530 0.094916
v -0.085312 -0.023957 0.097099
v -0.081595 -0.034576 0.093487
v -0.093490 0.021704 0.095695
v -0.095433 0.021156 0.095626
v -0.093490 0.021704 0.096056
v -0.093490 0.021704 0.095534
v -0.093115 0.021349 0.096140
v -0.022693 0.081819 0.108053
v -0.021751 0.082585 0.108011
v -0.022123 0.082585 0.108011
v -0.082983 0.019506 0.115069
v -0.083951 0.020673 0.112110
v -0.084299 0.020673 0.112110
v -0.081309 0.022694 0.112110
v -0.085654 0.023299 0.112110
v -0.086464 0.022666 0.115069
v -0.080638 0.020331 0.121358
v -0.083829 0.018581 0.120436
v -0.087148 0.019174 0.115740
v -0.085312 0.023828 0.097099
v -0.085045 0.025175 0.095153
v -0.085312 0.023828 0.092887
v -0.080852 0.036216 0.093401
v -0.029959 0.007479 0.177479
v -0.033094 0.006154 0.177575
v -0.033094 0.006862 0.177575
v -0.033094 0.010895 0.175405
v -0.029959 0.004420 0.174784
v -0.033094 0.005033 0.174184
v -0.088123 -0.009984 0.094462
v -0.087914 -0.011568 0.092887
v -0.087914 -0.011568 0.097099
v -0.082767 -0.000524 0.091544
v -0.078878 -0.025276 0.091814
v -0.081405 -0.012984 0.090600
v -0.078561 0.025950 0.091873
v -0.081407 0.012855 0.090600
v -0.036925 0.006154 0.204945
v -0.036925 0.006154 0.205685
v -0.039840 0.005773 0.204518
v -0.039840 -0.009454 0.204518
v -0.036925 -0.009073 0.204945
v -0.036925 -0.009073 0.205685
v -0.096463 0.022412 0.097019
v -0.095798 0.021361 0.098202
v -0.096092 0.022412 0.097019
v -0.096092 0.022412 0.096417
v -0.058522 -0.039173 0.216781
v -0.058411 -0.035436 0.234483
v -0.058522 -0.024104 0.210091
v -0.058522 -0.031383 0.209014
v -0.058522 -0.020670 0.205678
v -0.058522 -0.020061 0.213085
v -0.058353 -0.009157 0.211500
v -0.058522 -0.045193 0.226397
v -0.058522 -0.011198 0.199397
v -0.058503 -0.040125 0.244641
v -0.058522 -0.044942 0.245270
v -0.058522 -0.048735 0.236753
v -0.058522 -0.048013 0.248238
v -0.058424 -0.000012 0.210296
v -0.058522 -0.048735 0.258945
v -0.058522 -0.043344 0.251164
v -0.058522 -0.045193 0.269671
v -0.058449 -0.029720 0.271981
v -0.058509 -0.039678 0.249722
v -0.058522 -0.039173 0.279288
v -0.058522 -0.024619 0.284712
v -0.058507 -0.019182 0.282204
v -0.058521 -0.025730 0.290800
v -0.058522 -0.021355 0.288095
v -0.058522 0.000750 0.293129
v -0.058389 -0.009260 0.284604
v -0.063390 -0.031082 0.288758
v -0.064704 -0.038730 0.281603
v -0.062322 -0.022806 0.293858
v -0.060337 -0.011946 0.297213
v -0.058438 0.004578 0.285202
v -0.058522 -0.000603 0.295935
v -0.061627 -0.002702 0.298150
v -0.058522 0.018739 0.286461
v -0.058492 0.018646 0.281764
v -0.060786 0.010568 0.297635
v -0.058522 0.023202 0.289366
v -0.062325 0.022768 0.293848
v -0.058523 0.030916 0.287316
v -0.058522 0.024107 0.283722
v -0.058370 0.031195 0.270189
v -0.058522 0.039088 0.279288
v -0.058389 0.037501 0.248040
v -0.058522 0.039088 0.216781
v -0.058296 0.032867 0.229162
v -0.058522 0.031245 0.209030
v -0.058388 0.021138 0.216521
v -0.058522 0.023937 0.210296
v -0.058522 0.024328 0.204185
v -0.058522 0.019869 0.212869
v -0.058522 0.019825 0.207894
v -0.058522 0.011112 0.199397
v -0.058522 -0.000220 0.197918
v -0.058522 0.040766 0.246824
v -0.058522 0.045108 0.226397
v -0.058522 0.048570 0.236236
v -0.058522 0.042862 0.251171
v -0.058522 0.047117 0.264015
v -0.058522 0.045488 0.246551
v -0.058522 0.050065 0.247849
v -0.071869 0.050662 0.244530
v -0.058522 0.048570 0.236236
v -0.058522 0.050065 0.247849
v -0.074199 0.048760 0.233154
v -0.069929 0.050558 0.254359
v -0.058522 0.045108 0.226397
v -0.058522 0.047117 0.264015
v -0.075886 0.044643 0.223893
v -0.058522 0.039088 0.216781
v -0.077614 0.038835 0.214805
v -0.067927 0.048205 0.264696
v -0.066439 0.044644 0.272816
v -0.058522 0.039088 0.279288
v -0.064672 0.038265 0.281799
v -0.058523 0.030916 0.287316
v -0.063317 0.030505 0.289111
v -0.062325 0.022768 0.293848
v -0.026634 -0.018134 0.118508
v -0.023967 -0.019535 0.111000
v -0.015677 -0.027133 0.111000
v -0.011469 -0.029502 0.118241
v -0.008013 -0.030320 0.111000
v -0.000002 -0.031383 0.111000
v -0.002891 -0.031933 0.118741
v 0.012948 -0.029357 0.118498
v 0.012274 -0.028547 0.111000
v 0.026578 -0.018484 0.118626
v 0.021944 -0.022176 0.111000
v 0.080812 -0.013677 0.112110
v 0.074733 -0.034303 0.118691
v 0.082120 -0.000009 0.118473
v 0.082206 -0.000220 0.112110
v 0.080812 0.013591 0.112110
v 0.078251 0.023344 0.118785
v 0.077677 0.027047 0.112110
v 0.072183 0.039248 0.112110
v 0.065779 0.049417 0.118571
v 0.064441 0.050774 0.112110
v 0.055036 0.060689 0.112110
v 0.072342 -0.039136 0.112110
v 0.081852 -0.024043 0.112110
v 0.064441 -0.050859 0.112110
v 0.050737 -0.064897 0.118492
v 0.058497 -0.060642 0.112110
v 0.083384 -0.025021 0.115068
v 0.084938 -0.021975 0.112110
v 0.086553 -0.020493 0.115069
v 0.051595 -0.063963 0.110984
v 0.036744 -0.074191 0.091664
v 0.023731 -0.078855 0.110973
v 0.024262 -0.079227 0.091348
v 0.049359 -0.066524 0.091393
v 0.059529 -0.057835 0.091851
v 0.060087 -0.058256 0.111082
v 0.012581 -0.081753 0.091316
v 0.006633 -0.081765 0.110967
v 0.000503 -0.082758 0.091303
v -0.017628 -0.080454 0.111031
v -0.015202 -0.081280 0.091416
v -0.026344 -0.078527 0.091569
v -0.032012 -0.076003 0.111100
v -0.037987 -0.073407 0.091327
v -0.047526 -0.066895 0.110992
v -0.049497 -0.066412 0.091596
v -0.059102 -0.057499 0.091113
v -0.079947 0.022363 0.203510
v -0.058522 0.011112 0.199397
v -0.058522 0.024328 0.204185
v -0.080858 0.007748 0.198594
v -0.079022 0.031695 0.207621
v -0.058522 -0.000220 0.197918
v -0.058522 0.031245 0.209030
v -0.077614 0.038835 0.214805
v -0.058522 0.039088 0.216781
v -0.080828 -0.002076 0.198085
v -0.058522 -0.011198 0.199397
v -0.080384 -0.018853 0.201700
v -0.058522 -0.020670 0.205678
v -0.079071 -0.031222 0.207439
v -0.058522 -0.031383 0.209014
v -0.077253 -0.040022 0.216321
v -0.058522 -0.039173 0.216781
v -0.071879 -0.050875 0.244472
v -0.058522 -0.048013 0.248238
v -0.058522 -0.048735 0.236753
v -0.069919 -0.050638 0.254412
v -0.074141 -0.049016 0.233436
v -0.058522 -0.048735 0.258945
v -0.058522 -0.045193 0.226397
v -0.067927 -0.048476 0.264695
v -0.075777 -0.045383 0.224619
v -0.058522 -0.039173 0.216781
v -0.077253 -0.040022 0.216321
v -0.058522 -0.045193 0.269671
v -0.066433 -0.044729 0.272861
v -0.058522 -0.039173 0.279288
v -0.064704 -0.038730 0.281603
v -0.006101 0.016002 0.111000
v -0.005802 0.017090 0.119137
v -0.014760 0.010979 0.111000
v 0.006478 0.015857 0.119137
v 0.004967 0.017876 0.111000
v -0.014125 0.012061 0.119137
v 0.014971 0.011916 0.119137
v -0.017411 0.009520 0.119137
v -0.017644 0.015198 0.111000
v -0.017124 0.015454 0.119137
v 0.014504 0.011647 0.111000
v 0.017952 0.014780 0.111000
v 0.020569 0.015776 0.119155
v -0.012193 0.017840 0.111000
v -0.006101 0.016002 0.111000
v -0.014760 0.010979 0.111000
v -0.017644 0.015198 0.111000
v 0.004967 0.017876 0.111000
v -0.019537 0.023995 0.111000
v -0.026824 0.015361 0.111000
v -0.019167 0.011213 0.111000
v -0.008013 0.029880 0.111000
v -0.016900 -0.003032 0.111000
v -0.029959 0.007925 0.111000
v -0.007097 0.022915 0.111000
v -0.008619 0.018940 0.111000
v -0.004737 0.019471 0.111000
v -0.000002 0.030943 0.111000
v 0.007273 0.023269 0.111000
v 0.014025 0.027657 0.111000
v 0.008796 0.019395 0.111000
v 0.017952 0.014780 0.111000
v 0.014504 0.011647 0.111000
v 0.024899 0.018284 0.111000
v 0.030304 0.007925 0.111000
v 0.018745 0.010458 0.111000
v 0.016908 0.002704 0.111000
v 0.023909 0.001887 0.111000
v 0.031349 -0.000220 0.111000
v 0.022322 -0.002095 0.111000
v 0.019921 0.001169 0.111000
v 0.030304 -0.008011 0.111000
v 0.018873 -0.010760 0.111000
v 0.016370 -0.005886 0.111000
v 0.019149 -0.015193 0.111000
v 0.014945 -0.012095 0.111000
v 0.027169 -0.015801 0.111000
v 0.021944 -0.022176 0.111000
v 0.012274 -0.028547 0.111000
v 0.008800 -0.019636 0.111000
v 0.005658 -0.022546 0.111000
v 0.005217 -0.017222 0.111000
v -0.000002 -0.031383 0.111000
v -0.006891 -0.022693 0.111000
v -0.008013 -0.030320 0.111000
v -0.015677 -0.027133 0.111000
v -0.006758 -0.018820 0.111000
v -0.006337 -0.015998 0.111000
v -0.023967 -0.019535 0.111000
v -0.014211 -0.012226 0.111000
v -0.018431 -0.014793 0.111000
v -0.030334 -0.005211 0.111000
v -0.017899 -0.010453 0.111000
v -0.020017 0.001076 0.111000
v -0.022247 -0.002531 0.111000
v -0.024112 0.001325 0.111000
v -0.008900 0.030920 0.118453
v -0.019537 0.023995 0.111000
v -0.024963 0.020083 0.118717
v -0.008013 0.029880 0.111000
v -0.000002 0.030943 0.111000
v 0.010685 0.030094 0.118553
v 0.014025 0.027657 0.111000
v 0.028066 0.016613 0.118507
v 0.024899 0.018284 0.111000
v -0.060955 0.026932 0.119137
v -0.063990 0.028068 0.189041
v -0.071530 0.027161 0.119137
v -0.057596 0.023716 0.189041
v -0.071441 0.027253 0.189041
v -0.076548 0.022824 0.189041
v -0.006337 -0.015998 0.111000
v -0.008710 -0.015093 0.119137
v 0.000100 -0.017218 0.119137
v -0.014621 -0.011743 0.119137
v 0.005217 -0.017222 0.111000
v -0.014211 -0.012226 0.111000
v -0.018557 -0.014585 0.119137
v -0.018431 -0.014793 0.111000
v 0.008707 -0.015093 0.119137
v 0.014945 -0.012095 0.111000
v 0.014970 -0.012305 0.119137
v 0.019149 -0.015193 0.111000
v 0.021176 -0.015945 0.119151
v 0.014529 -0.023900 0.121356
v 0.022163 -0.017064 0.121303
v -0.081901 -0.016337 0.180883
v -0.080934 -0.021065 0.162200
v -0.080934 0.020935 0.162200
v -0.082781 -0.020043 0.195200
v -0.082136 -0.013993 0.179859
v -0.081739 -0.014798 0.184231
v -0.082752 0.019869 0.195200
v -0.082036 0.014949 0.179913
v -0.081990 0.015006 0.184187
v -0.029959 0.007891 0.172388
v -0.029115 0.006577 0.131342
v -0.043121 0.018337 0.134473
v -0.041105 0.016778 0.170178
v -0.053297 0.017152 0.139389
v -0.053297 0.022333 0.132606
v -0.053297 0.018721 0.197010
v -0.029959 0.016820 0.192855
v -0.030159 0.018222 0.199125
v -0.029959 0.016778 0.170178
v -0.080934 0.020935 0.162200
v -0.080934 -0.021065 0.162200
v -0.094892 0.013154 0.162746
v -0.095031 -0.013440 0.162986
v -0.097734 -0.015360 0.162892
v -0.097725 0.015237 0.162884
v -0.096877 0.012464 0.163083
v -0.090535 0.016267 0.163842
v -0.102934 0.018333 0.163499
v -0.100337 0.010549 0.162880
v -0.102934 -0.018432 0.163407
v -0.100342 -0.010665 0.162845
v -0.097275 -0.012560 0.162971
v -0.047820 0.028066 0.290751
v -0.062325 0.022768 0.293848
v -0.049026 0.016074 0.296708
v -0.060786 0.010568 0.297635
v -0.063317 0.030505 0.289111
v -0.046309 0.037382 0.282423
v -0.064672 0.038265 0.281799
v -0.049647 0.000126 0.298939
v -0.061627 -0.002702 0.298150
v -0.049275 -0.012136 0.297871
v -0.060337 -0.011946 0.297213
v -0.062322 -0.022806 0.293858
v -0.048404 -0.023017 0.293649
v -0.063390 -0.031082 0.288758
v -0.047514 -0.031261 0.288444
v -0.064704 -0.038730 0.281603
v -0.046072 -0.038728 0.281612
v 0.026578 -0.018484 0.118626
v 0.030304 -0.008011 0.111000
v 0.032253 -0.000696 0.118619
v 0.027169 -0.015801 0.111000
v 0.021944 -0.022176 0.111000
v 0.031349 -0.000220 0.111000
v 0.028066 0.016613 0.118507
v 0.030304 0.007925 0.111000
v 0.024899 0.018284 0.111000
v -0.040629 -0.012628 0.119137
v -0.039435 -0.011770 0.177388
v -0.035155 -0.008215 0.170177
v -0.034076 -0.006261 0.119138
v -0.033094 -0.010737 0.175406
v -0.033094 -0.009691 0.171183
v -0.034030 -0.009431 0.179396
v -0.033639 -0.006274 0.184152
v -0.040690 -0.012605 0.189041
v -0.056432 -0.014031 0.119137
v -0.056432 -0.014031 0.189041
v -0.076984 -0.011836 0.188247
v -0.080816 -0.010797 0.191963
v -0.080816 -0.010881 0.185996
v -0.033094 -0.008894 0.185587
v -0.033094 -0.011256 0.189959
v -0.029959 -0.009044 0.187572
v -0.092868 -0.010044 0.140435
v -0.084982 0.009915 0.139163
v -0.084365 -0.010044 0.138816
v -0.092173 0.009915 0.139908
v -0.095885 0.009915 0.143166
v -0.084982 0.009915 0.139163
v -0.092868 -0.010044 0.140435
v -0.084365 -0.010044 0.138816
v -0.092173 0.009915 0.139908
v -0.095885 0.009915 0.143166
v 0.016908 0.002704 0.111000
v 0.016370 -0.005886 0.119137
v 0.016854 0.003013 0.119137
v 0.014504 0.011647 0.111000
v 0.014971 0.011916 0.119137
v 0.016370 -0.005886 0.111000
v 0.014970 -0.012305 0.119137
v 0.014945 -0.012095 0.111000
v -0.045579 0.068260 0.112109
v -0.065096 0.049804 0.118812
v -0.057129 0.058564 0.112110
v -0.028810 0.077289 0.118687
v -0.034835 0.074146 0.112110
v -0.021947 0.079103 0.112110
v -0.008362 0.081582 0.112110
v 0.008374 0.081484 0.118459
v -0.005392 0.079816 0.118963
v 0.005223 0.081936 0.112110
v 0.018809 0.079812 0.112110
v 0.036415 0.073407 0.118609
v 0.032045 0.075562 0.112110
v 0.044318 0.069123 0.112110
v 0.055036 0.060689 0.112110
v 0.065779 0.049417 0.118571
v -0.081230 -0.010635 0.123225
v -0.081196 0.011468 0.128551
v -0.081203 -0.010044 0.089500
v -0.081185 0.009915 0.089500
v -0.081170 0.010617 0.123366
v -0.081180 -0.013941 0.125866
v -0.081212 -0.011094 0.127866
v -0.081243 -0.010444 0.133489
v -0.081184 -0.013898 0.129961
v -0.081162 0.013506 0.127581
v -0.081237 0.015340 0.124071
v -0.081116 0.015340 0.131926
v -0.081319 0.010343 0.133577
v -0.084365 -0.010044 0.138816
v -0.084982 0.009915 0.139163
v -0.081196 0.011468 0.128551
v -0.081230 -0.010635 0.123225
v -0.081203 -0.010044 0.089500
v -0.081180 -0.013941 0.125866
v -0.081185 0.009915 0.089500
v -0.081170 0.010617 0.123366
v -0.081212 -0.011094 0.127866
v -0.081162 0.013506 0.127581
v -0.081237 0.015340 0.124071
v -0.081116 0.015340 0.131926
v -0.081319 0.010343 0.133577
v -0.081243 -0.010444 0.133489
v -0.081184 -0.013898 0.129961
v -0.084982 0.009915 0.139163
v -0.084365 -0.010044 0.138816
v -0.057679 -0.058668 0.118444
v -0.040529 -0.071214 0.112109
v -0.057129 -0.058650 0.112110
v -0.026650 -0.077597 0.118884
v -0.022162 -0.081703 0.112110
v 0.000133 -0.081962 0.112110
v 0.000654 -0.082242 0.117823
v 0.018809 -0.079897 0.112110
v 0.025137 -0.077704 0.118808
v 0.040886 -0.071048 0.112110
v 0.050737 -0.064897 0.118492
v 0.058497 -0.060642 0.112110
v 0.059656 -0.059728 0.115068
v 0.061619 -0.063617 0.112110
v -0.005548 -0.007034 0.232842
v -0.005127 -0.007048 0.220420
v -0.006363 -0.007101 0.230781
v -0.002807 -0.005137 0.234937
v -0.006720 -0.007101 0.229986
v -0.026600 -0.006140 0.199442
v -0.023480 -0.006135 0.197358
v 0.080318 0.041894 0.112112
v 0.078653 0.045730 0.118417
v 0.086237 0.027681 0.114221
v 0.072762 0.053630 0.112110
v 0.066844 0.061051 0.115897
v 0.081009 0.024541 0.120930
v 0.083128 0.024825 0.115069
v 0.081413 0.019836 0.121229
v 0.080138 0.022410 0.115069
v 0.083565 0.023959 0.112110
v 0.083114 0.019606 0.115069
v 0.084374 0.021440 0.112110
v 0.062309 0.063828 0.112110
v 0.061264 0.066715 0.115941
v 0.059403 0.062465 0.115068
v 0.061063 0.060988 0.112110
v 0.057842 0.061181 0.121033
v 0.059098 0.058460 0.115069
v 0.086613 0.021455 0.115069
v 0.089521 0.014299 0.112110
v 0.088136 0.019490 0.118536
v 0.090566 -0.000220 0.112110
v 0.088476 -0.019697 0.118397
v 0.089521 -0.014385 0.112110
v 0.086553 -0.020493 0.115069
v 0.086216 -0.028016 0.114121
v 0.078610 -0.045880 0.118408
v 0.080318 -0.041980 0.112111
v 0.072762 -0.053716 0.112110
v 0.066849 -0.061135 0.115777
v 0.082710 -0.026310 0.120081
v 0.083384 -0.025021 0.115068
v 0.080185 -0.022431 0.121372
v 0.081227 -0.022236 0.115069
v 0.081852 -0.024043 0.112110
v 0.082929 -0.019045 0.120765
v 0.083347 -0.018824 0.115068
v -0.087148 0.019174 0.115740
v -0.087433 0.011110 0.117323
v -0.083829 0.018581 0.120436
v -0.087434 0.013426 0.115029
v -0.087434 0.021499 0.112110
v -0.086464 0.022666 0.115069
v -0.085654 0.023299 0.112110
v -0.086376 0.027045 0.115776
v -0.078983 0.043657 0.112110
v -0.078891 0.045054 0.118408
v -0.063982 0.061768 0.112110
v -0.064559 0.061396 0.115464
v -0.060957 0.066706 0.115919
v -0.055269 0.071577 0.112109
v -0.058589 0.062003 0.115069
v -0.057859 0.060588 0.121146
v -0.061356 0.058507 0.115068
v -0.060418 0.061238 0.112110
v -0.087434 -0.019343 0.116225
v -0.083553 -0.019802 0.115069
v -0.081319 -0.019638 0.121187
v -0.080816 0.015361 0.180164
v -0.077606 0.014680 0.180390
v -0.080816 0.016658 0.181711
v -0.077576 0.015960 0.182859
v -0.080816 0.015361 0.183863
v -0.078029 0.016070 0.180534
v -0.040551 0.012419 0.189041
v -0.076984 0.011786 0.188279
v -0.056432 0.013945 0.189041
v -0.076984 0.019965 0.189041
v -0.057596 0.023716 0.189041
v -0.071441 0.027253 0.189041
v -0.076548 0.022824 0.189041
v -0.063990 0.028068 0.189041
v -0.082752 0.019869 0.195200
v -0.080934 0.020935 0.162200
v -0.102942 0.020018 0.166125
v -0.102934 0.018333 0.163499
v -0.082915 0.018412 0.164990
v -0.082752 0.019869 0.195200
v -0.102942 0.020018 0.166125
v -0.102934 0.018333 0.163499
v -0.008795 -0.021684 0.119137
v -0.006758 -0.018820 0.111000
v -0.007665 -0.018280 0.119137
v -0.006891 -0.022693 0.111000
v -0.005923 -0.018280 0.119137
v -0.006758 -0.018820 0.111000
v -0.004572 -0.022140 0.119137
v -0.006891 -0.022693 0.111000
v -0.016547 -0.087316 0.093488
v -0.041359 -0.073164 0.094495
v -0.029185 -0.083776 0.093418
v -0.041451 -0.078467 0.093488
v -0.052602 -0.071388 0.093419
v -0.062638 -0.062893 0.093489
v -0.070072 -0.054398 0.093580
v -0.003136 -0.084206 0.094418
v -0.069874 -0.046396 0.094128
v -0.003166 -0.088732 0.093488
v -0.076763 -0.044841 0.093330
v 0.009843 -0.088378 0.093559
v -0.081595 -0.034576 0.093487
v -0.076613 -0.032983 0.094223
v -0.079723 -0.023685 0.094888
v -0.085080 -0.025530 0.094916
v 0.032941 -0.077091 0.094462
v 0.023225 -0.085900 0.093488
v 0.035491 -0.081299 0.093488
v 0.047385 -0.075281 0.093489
v 0.053997 -0.063814 0.094307
v 0.058165 -0.067494 0.093488
v 0.067457 -0.057937 0.093488
v 0.070198 -0.045318 0.094351
v 0.075263 -0.047318 0.093419
v 0.081582 -0.035638 0.093488
v 0.077548 -0.031089 0.094183
v 0.085670 -0.022895 0.093488
v 0.088272 -0.010153 0.093488
v 0.083703 0.005752 0.094136
v 0.088644 0.003298 0.093580
v 0.087157 0.016394 0.093488
v 0.081049 0.018858 0.094449
v 0.083812 0.029137 0.093489
v 0.070883 0.045591 0.094397
v 0.078608 0.041526 0.093419
v 0.071546 0.052498 0.093488
v 0.062997 0.062763 0.093558
v 0.046012 0.069579 0.094284
v 0.052961 0.071258 0.093330
v 0.041810 0.078337 0.093488
v 0.031330 0.077509 0.094144
v 0.029544 0.083647 0.093418
v 0.011960 0.083614 0.094074
v 0.016906 0.087186 0.093397
v 0.003896 0.088602 0.093488
v -0.014528 0.082870 0.094287
v -0.009485 0.088248 0.093419
v -0.022495 0.085770 0.093488
v -0.035133 0.081523 0.093419
v -0.045587 0.069904 0.094397
v -0.046655 0.075506 0.093488
v -0.057435 0.067719 0.093488
v -0.069829 0.046245 0.094458
v -0.066727 0.058516 0.093488
v -0.074533 0.047897 0.093488
v -0.080852 0.036216 0.093401
v -0.085045 0.025175 0.095153
v -0.079872 0.022961 0.095485
v -0.088062 0.013412 0.116210
v -0.088095 -0.019065 0.119933
v -0.088134 0.018935 0.119960
v -0.082489 -0.018101 0.122323
v -0.082284 0.017789 0.122255
v -0.088274 0.012265 0.114732
v -0.088293 0.018935 0.111500
v -0.088302 -0.013532 0.116219
v -0.088244 -0.019065 0.111500
v -0.088016 -0.012443 0.114742
v -0.088134 0.018935 0.119960
v -0.088095 -0.019065 0.119933
v -0.088062 0.013412 0.116210
v -0.088293 0.018935 0.111500
v -0.088302 -0.013532 0.116219
v -0.088244 -0.019065 0.111500
v -0.088274 0.012265 0.114732
v -0.088016 -0.012443 0.114742
v -0.053297 0.017152 0.139389
v -0.053297 0.028960 0.170178
v -0.053297 0.018721 0.197010
v -0.053297 0.032319 0.206015
v -0.053297 0.022333 0.132606
v -0.058174 0.030943 0.131342
v -0.053297 -0.028411 0.170178
v -0.053297 -0.018269 0.137434
v -0.053297 -0.018867 0.197373
v -0.053001 -0.025910 0.131521
v -0.053297 -0.032241 0.205121
v 0.018644 0.010358 0.119137
v 0.018745 0.010458 0.111000
v 0.014971 0.011916 0.119137
v 0.014504 0.011647 0.111000
v 0.020569 0.015776 0.119155
v 0.018745 0.010458 0.111000
v 0.018644 0.010358 0.119137
v 0.017952 0.014780 0.111000
v -0.081087 -0.023765 0.115069
v -0.086367 -0.027455 0.116039
v -0.081113 -0.024972 0.120858
v -0.083327 -0.022844 0.112110
v -0.085508 -0.023401 0.115069
v -0.086309 -0.022763 0.112109
v -0.086367 -0.027455 0.116039
v -0.086309 -0.022763 0.112109
v -0.082557 -0.036695 0.112110
v -0.085508 -0.023401 0.115069
v -0.078712 -0.045331 0.118445
v -0.074410 -0.051531 0.112111
v -0.065981 -0.060463 0.115904
v -0.087434 -0.019343 0.116225
v -0.086412 -0.012312 0.113625
v -0.087434 -0.014353 0.115893
v -0.086997 -0.011432 0.116996
v -0.063650 -0.061572 0.112110
v -0.060954 -0.066789 0.115941
v -0.056432 -0.071044 0.112110
v -0.057859 -0.060913 0.121088
v -0.059475 -0.063177 0.115069
v -0.058857 -0.059990 0.115069
v -0.060173 -0.060955 0.112110
v -0.051039 -0.075380 0.118383
v -0.031004 -0.085209 0.112110
v -0.027523 -0.086165 0.116657
v -0.041996 -0.080306 0.112110
v -0.056432 -0.071044 0.112110
v -0.060954 -0.066789 0.115941
v -0.021231 -0.086152 0.112110
v -0.025176 -0.081392 0.120793
v -0.025240 -0.081403 0.115069
v -0.019540 -0.088385 0.116039
v 0.002196 -0.090959 0.118353
v -0.002788 -0.090521 0.112110
v 0.011842 -0.089813 0.112110
v 0.019508 -0.088385 0.115912
v 0.024088 -0.085802 0.112110
v 0.027133 -0.086339 0.115784
v 0.039360 -0.081668 0.112110
v 0.046042 -0.078440 0.118368
v 0.051913 -0.074220 0.112109
v 0.061264 -0.066801 0.115941
v 0.061619 -0.063617 0.112110
v 0.066849 -0.061135 0.115777
v 0.072762 -0.053716 0.112110
v 0.063278 -0.059743 0.115068
v 0.060734 -0.058125 0.121099
v 0.059656 -0.059728 0.115068
v 0.058497 -0.060642 0.112110
v 0.063049 -0.061030 0.112110
v -0.058522 0.023202 0.289366
v -0.053297 0.024283 0.286327
v -0.053297 0.022090 0.288534
v -0.058522 0.024107 0.283722
v -0.053297 0.020153 0.281951
v -0.058492 0.018646 0.281764
v -0.053297 0.027259 0.273375
v -0.058370 0.031195 0.270189
v -0.053297 0.036286 0.256196
v -0.058389 0.037501 0.248040
v -0.053297 0.036289 0.239728
v -0.058296 0.032867 0.229162
v -0.053297 0.027662 0.223145
v -0.058388 0.021138 0.216521
v -0.063138 -0.062787 0.111100
v -0.063438 -0.062933 0.108052
v -0.053718 -0.072804 0.109736
v -0.072674 -0.053690 0.109375
v -0.061323 -0.060313 0.108072
v -0.060414 -0.061304 0.111100
v -0.060043 -0.062640 0.108077
v -0.053297 0.020676 0.205589
v -0.058522 0.019825 0.207894
v -0.053297 0.017701 0.213725
v -0.058522 0.019869 0.212869
v -0.058522 0.023937 0.210296
v -0.053297 0.023679 0.208512
v -0.053297 0.022181 0.213168
v -0.058522 0.019869 0.212869
v -0.053297 0.017701 0.213725
v -0.102944 -0.020028 0.166058
v -0.082781 -0.020043 0.195200
v -0.082915 -0.018609 0.165053
v -0.102934 -0.018432 0.163407
v 0.021176 -0.015945 0.119151
v 0.019442 -0.011063 0.119137
v 0.019149 -0.015193 0.111000
v 0.018873 -0.010760 0.111000
v 0.022163 -0.017064 0.121303
v 0.027073 -0.006879 0.121300
v 0.025878 0.008160 0.120303
v 0.026429 0.000676 0.119161
v 0.023909 0.001887 0.111000
v 0.024101 -0.001778 0.119137
v 0.022322 -0.002095 0.111000
v -0.007097 0.022915 0.111000
v -0.004277 0.021172 0.119137
v -0.005923 0.023506 0.119137
v -0.004737 0.019471 0.111000
v -0.005802 0.017090 0.119137
v -0.058449 -0.029720 0.271981
v -0.053300 -0.033097 0.265566
v -0.058509 -0.039678 0.249722
v -0.053297 -0.022494 0.281577
v -0.053297 -0.040423 0.251814
v -0.058503 -0.040125 0.244641
v -0.053297 -0.036434 0.239363
v -0.058411 -0.035436 0.234483
v -0.053298 -0.030840 0.226615
v -0.058522 -0.020061 0.213085
v -0.058522 -0.024619 0.284712
v -0.053297 -0.024851 0.286011
v -0.058522 -0.021355 0.288095
v -0.053297 -0.021402 0.288265
v -0.053297 -0.018030 0.282701
v -0.058507 -0.019182 0.282204
v -0.058522 -0.043344 0.251164
v -0.053297 -0.040423 0.251814
v -0.053297 -0.047770 0.248444
v -0.058509 -0.039678 0.249722
v -0.058522 -0.048013 0.248238
v -0.053297 -0.040697 0.246877
v -0.058503 -0.040125 0.244641
v -0.053297 -0.044810 0.245171
v -0.058522 -0.044942 0.245270
v -0.053297 -0.047770 0.248444
v -0.058522 -0.048013 0.248238
v -0.080934 -0.021065 0.162200
v -0.082781 -0.020043 0.195200
v -0.102944 -0.020028 0.166058
v -0.102934 -0.018432 0.163407
v -0.033418 0.039830 0.216004
v -0.053297 0.039088 0.216781
v -0.053297 0.030943 0.209014
v -0.031734 0.029758 0.207175
v -0.053297 0.020676 0.205589
v -0.033044 0.013895 0.199955
v -0.053297 0.014067 0.200863
v -0.030159 0.018222 0.199125
v -0.031053 -0.001645 0.197925
v -0.053297 0.023679 0.208512
v -0.058522 0.019825 0.207894
v -0.058522 0.023937 0.210296
v 0.019311 0.082131 0.121047
v 0.019114 0.082428 0.115068
v 0.019508 0.088301 0.115792
v 0.020522 0.002134 0.119137
v 0.023909 0.001887 0.111000
v 0.026429 0.000676 0.119161
v 0.019921 0.001169 0.111000
v 0.024101 -0.001778 0.119137
v 0.022322 -0.002095 0.111000
v 0.020309 -0.001840 0.119137
v -0.038473 0.073120 0.091725
v -0.058133 0.058118 0.090600
v -0.066736 0.048891 0.091690
v -0.048511 0.066654 0.090600
v 0.005658 -0.022546 0.111000
v 0.008865 -0.021571 0.119137
v 0.008800 -0.019636 0.111000
v 0.004609 -0.021336 0.119137
v 0.007273 0.023269 0.111000
v 0.004254 0.022247 0.119137
v 0.004967 0.017876 0.111000
v 0.005957 0.018675 0.119137
v -0.092480 -0.026078 0.096037
v -0.094304 -0.022009 0.095548
v -0.096092 -0.022541 0.095936
v -0.094169 -0.026532 0.098080
v -0.095274 -0.019331 0.095848
v -0.096092 -0.022541 0.096497
v 0.062994 0.059089 0.115068
v 0.061395 0.057700 0.121067
v 0.059098 0.058460 0.115069
v 0.057842 0.061181 0.121033
v 0.061063 0.060988 0.112110
v 0.059403 0.062465 0.115068
v -0.058492 0.018646 0.281764
v -0.053297 0.020153 0.281951
v -0.058438 0.004578 0.285202
v -0.058370 0.031195 0.270189
v -0.053297 0.027259 0.273375
v -0.053297 0.008987 0.284466
v -0.053297 -0.005807 0.284875
v -0.058389 -0.009260 0.284604
v -0.058507 -0.019182 0.282204
v -0.053297 -0.018030 0.282701
v -0.058449 -0.029720 0.271981
v -0.058522 0.018739 0.286461
v -0.053297 0.020153 0.281951
v -0.058492 0.018646 0.281764
v -0.053297 0.018719 0.286459
v -0.080828 -0.002076 0.198085
v -0.080816 -0.000220 0.183863
v -0.078407 -0.002096 0.188739
v -0.080816 -0.003735 0.185506
v -0.076984 -0.006740 0.184353
v -0.033094 -0.003467 0.191702
v -0.080816 -0.004486 0.193204
v -0.098109 -0.012960 0.157149
v -0.097571 0.012659 0.157149
v -0.100585 0.016608 0.155682
v -0.100585 -0.016737 0.156216
v -0.095057 -0.014608 0.157149
v -0.093329 -0.016707 0.154749
v -0.097178 0.014882 0.157149
v -0.093291 0.016605 0.156329
v -0.094016 0.009783 0.158573
v -0.098924 0.011494 0.162096
v -0.097170 -0.011000 0.162096
v -0.093291 0.016605 0.156329
v -0.093329 -0.016707 0.154749
v -0.093492 0.011980 0.154043
v -0.095057 -0.014608 0.157149
v -0.094016 0.009783 0.158573
v -0.097170 -0.011000 0.162096
v -0.096465 -0.013961 0.154749
v -0.098109 -0.012960 0.157149
v -0.093492 -0.012109 0.151246
v -0.018565 0.084180 0.120308
v -0.019901 0.084594 0.115069
v -0.022603 0.080946 0.115069
v -0.019509 0.088311 0.115890
v -0.022035 0.085106 0.112110
v -0.021947 0.082290 0.112110
v -0.088657 0.000112 0.093502
v -0.082922 -0.008596 0.094538
v -0.082660 0.008523 0.094957
v -0.088123 -0.009984 0.094462
v -0.088118 0.009906 0.094331
v 0.082212 0.020452 0.111079
v 0.085488 0.021738 0.108070
v 0.081557 0.021638 0.107979
v 0.084874 0.022727 0.111100
v -0.018557 -0.014585 0.119137
v -0.018431 -0.014793 0.111000
v -0.017899 -0.010453 0.111000
v -0.018123 -0.010315 0.119137
v -0.100585 -0.016737 0.156216
v -0.100299 0.011980 0.153761
v -0.100299 -0.012109 0.153766
v -0.100585 0.016608 0.155682
v 0.061619 -0.063617 0.112110
v 0.061264 -0.066801 0.115941
v 0.051913 -0.074220 0.112109
v 0.059377 -0.062878 0.115068
v 0.057635 -0.062153 0.120976
v 0.059656 -0.059728 0.115068
v 0.060734 -0.058125 0.121099
v 0.000209 -0.009020 0.238228
v -0.002791 -0.009930 0.237318
v -0.002791 -0.012195 0.247076
v 0.000209 -0.011850 0.236459
v -0.002791 -0.013110 0.235747
v 0.000209 -0.012262 0.248074
v -0.002791 -0.010568 0.256854
v 0.000209 -0.008973 0.258050
v 0.000209 -0.011980 0.259624
v -0.002791 -0.011335 0.260147
v -0.020536 -0.081220 0.115068
v -0.019443 -0.082077 0.121016
v -0.025240 -0.081403 0.115069
v -0.025176 -0.081392 0.120793
v 0.086553 -0.020493 0.115069
v 0.088476 -0.019697 0.118397
v 0.083347 -0.018824 0.115068
v 0.082929 -0.019045 0.120765
v 0.084938 -0.021975 0.112110
v 0.081227 -0.022236 0.115069
v 0.081852 -0.024043 0.112110
v -0.083562 -0.014071 0.115768
v -0.087434 -0.014353 0.115893
v -0.084996 -0.014031 0.116918
v -0.084996 -0.014031 0.114329
v -0.081524 -0.012545 0.115346
v -0.084996 -0.013677 0.114329
v -0.061865 0.057698 0.120903
v -0.061356 0.058507 0.115068
v -0.064559 0.061396 0.115464
v -0.057859 0.060588 0.121146
v -0.060418 0.061238 0.112110
v -0.063982 0.061768 0.112110
v -0.024112 0.001325 0.111000
v -0.021870 0.002388 0.119137
v -0.026072 -0.000390 0.119237
v -0.020017 0.001076 0.111000
v -0.020489 -0.001264 0.119137
v -0.022247 -0.002531 0.111000
v -0.026072 -0.000390 0.119237
v -0.080816 -0.010881 0.185996
v -0.076984 -0.006740 0.184353
v -0.080816 -0.006948 0.183863
v -0.080816 -0.003735 0.185506
v -0.076984 -0.011836 0.188247
v 0.024522 -0.082119 0.115069
v 0.019461 -0.082163 0.121068
v 0.019875 -0.082607 0.115068
v 0.025471 -0.081680 0.120586
v 0.022139 -0.083340 0.112110
v -0.053297 0.043967 0.250717
v -0.058522 0.045488 0.246551
v -0.053297 0.043747 0.245544
v -0.058522 0.042862 0.251171
v -0.058522 0.040766 0.246824
v -0.053297 0.040191 0.248905
v -0.053297 0.043747 0.245544
v -0.058522 0.045488 0.246551
v 0.088136 0.019490 0.118536
v 0.086613 0.021455 0.115069
v 0.083114 0.019606 0.115069
v 0.084374 0.021440 0.112110
v 0.081413 0.019836 0.121229
v 0.080138 0.022410 0.115069
v 0.083565 0.023959 0.112110
v 0.086613 0.021455 0.115069
v 0.083128 0.024825 0.115069
v 0.084374 0.021440 0.112110
v 0.081009 0.024541 0.120930
v 0.080138 0.022410 0.115069
v -0.059475 -0.063177 0.115069
v -0.063650 -0.061572 0.112110
v -0.062775 -0.061128 0.115069
v -0.060173 -0.060955 0.112110
v -0.065981 -0.060463 0.115904
v -0.074410 -0.051531 0.112111
v -0.063650 -0.061572 0.112110
v -0.062775 -0.061128 0.115069
v -0.060173 -0.060955 0.112110
v -0.058857 -0.059990 0.115069
v -0.061313 -0.057644 0.115069
v -0.061934 -0.057822 0.120914
v -0.057859 -0.060913 0.121088
v 0.021868 0.083107 0.115069
v 0.022292 0.082290 0.112110
v 0.020911 0.083772 0.112110
v 0.023554 0.085639 0.112110
v 0.023471 0.085026 0.115069
v 0.023471 0.085026 0.115069
v 0.021868 0.083107 0.115069
v 0.027020 0.085504 0.115731
v 0.019114 0.082428 0.115068
v 0.023593 0.080136 0.115069
v 0.021868 0.083107 0.115069
v 0.023554 0.085639 0.112110
v 0.023337 0.082290 0.112110
v 0.023471 0.085026 0.115069
v -0.085137 -0.021717 0.111100
v -0.083151 -0.023291 0.111100
v -0.085684 -0.023603 0.108091
v -0.084653 -0.024061 0.108049
v -0.082608 -0.022511 0.108061
v -0.019509 0.088311 0.115890
v -0.027782 0.085353 0.114503
v -0.023905 0.084234 0.114275
v -0.022603 0.080946 0.115069
v -0.019901 0.084594 0.115069
v 0.019875 -0.082607 0.115068
v 0.019461 -0.082163 0.121068
v 0.019508 -0.088385 0.115912
v 0.022679 -0.085507 0.115069
v 0.022139 -0.083340 0.112110
v 0.024088 -0.085802 0.112110
v 0.018873 -0.010760 0.111000
v 0.014970 -0.012305 0.119137
v 0.014945 -0.012095 0.111000
v 0.019442 -0.011063 0.119137
v -0.078377 -0.011552 0.129123
v -0.080816 -0.011701 0.128413
v -0.077345 -0.011456 0.128429
v -0.078377 -0.011552 0.126904
v -0.080816 -0.013791 0.127774
v -0.078377 -0.013116 0.129297
v -0.077084 -0.013266 0.127474
v -0.058522 -0.024104 0.210091
v -0.053297 -0.021821 0.213822
v -0.053297 -0.024006 0.210073
v -0.053297 -0.020833 0.205659
v -0.058522 -0.020670 0.205678
v -0.058522 -0.020670 0.205678
v -0.053297 -0.020833 0.205659
v -0.053297 -0.019135 0.212415
v -0.058522 -0.020061 0.213085
v -0.087433 0.011110 0.117323
v -0.081164 0.010404 0.112110
v -0.080905 0.009805 0.118016
v -0.081338 0.010404 0.121356
v -0.080816 0.011542 0.128611
v -0.023430 -0.084846 0.115069
v -0.021231 -0.086152 0.112110
v -0.022162 -0.081703 0.112110
v -0.020536 -0.081220 0.115068
v -0.019562 -0.084224 0.115069
v -0.019540 -0.088385 0.116039
v -0.019443 -0.082077 0.121016
v -0.020536 -0.081220 0.115068
v -0.022162 -0.081703 0.112110
v -0.021231 -0.086152 0.112110
v -0.053297 -0.022494 0.281577
v -0.058507 -0.019182 0.282204
v -0.058522 -0.024619 0.284712
v -0.053297 -0.018030 0.282701
v -0.005136 0.006950 0.220187
v -0.000408 -0.011611 0.220733
v -0.005127 -0.007048 0.220420
v -0.000527 0.011197 0.220285
v -0.097571 0.012659 0.157149
v -0.098109 -0.012960 0.157149
v -0.098924 0.011494 0.162096
v -0.096933 0.014107 0.154749
v -0.097178 0.014882 0.157149
v -0.097170 -0.011000 0.162096
v -0.095057 -0.014608 0.157149
v -0.096465 -0.013961 0.154749
v -0.093492 -0.012109 0.151246
v -0.100299 -0.012109 0.153766
v -0.080816 -0.010859 0.178055
v -0.078810 -0.010418 0.171474
v -0.080816 -0.018988 0.133562
v -0.076984 -0.011189 0.176255
v -0.077345 -0.011456 0.128429
v -0.029934 0.005440 0.176641
v -0.024934 0.006345 0.172810
v -0.029934 0.006591 0.172186
v -0.024934 0.006521 0.177533
v -0.018123 -0.010315 0.119137
v -0.017899 -0.010453 0.111000
v -0.014621 -0.011743 0.119137
v -0.014211 -0.012226 0.111000
v -0.076984 0.006998 0.170217
v -0.080816 0.010740 0.172962
v -0.080816 0.003757 0.171875
v -0.076984 0.011317 0.172556
v -0.076984 0.002232 0.174026
v -0.100585 -0.016737 0.156216
v -0.096465 -0.013961 0.154749
v -0.093329 -0.016707 0.154749
v -0.100299 -0.012109 0.153766
v -0.093492 0.011980 0.154043
v -0.100299 0.011980 0.153761
v -0.093492 -0.012109 0.151246
v -0.096933 0.014107 0.154749
v -0.100585 0.016608 0.155682
v -0.093291 0.016605 0.156329
v -0.053297 -0.028027 0.289494
v -0.048404 -0.023017 0.293649
v -0.047514 -0.031261 0.288444
v -0.053297 -0.039173 0.279288
v -0.046072 -0.038728 0.281612
v -0.053297 -0.021821 0.292973
v -0.049275 -0.012136 0.297871
v -0.053297 -0.006455 0.297310
v -0.049647 0.000126 0.298939
v -0.053297 0.011112 0.296671
v -0.049026 0.016074 0.296708
v -0.053298 0.026833 0.290186
v -0.047820 0.028066 0.290751
v -0.046309 0.037382 0.282423
v -0.053297 0.039088 0.279288
v -0.063036 0.061926 0.111100
v -0.060484 0.060735 0.108077
v -0.063201 0.061191 0.108053
v -0.060556 0.061333 0.111100
v -0.004572 -0.022140 0.119137
v -0.006891 -0.022693 0.111000
v -0.008795 -0.021684 0.119137
v -0.080816 -0.013341 0.182150
v -0.077642 -0.015804 0.183367
v -0.080816 -0.014385 0.183863
v -0.077284 -0.013720 0.181726
v -0.080816 -0.014385 0.180164
v -0.033536 0.006348 0.184051
v -0.033094 0.010341 0.186462
v -0.040551 0.012419 0.189041
v -0.029959 0.009191 0.188083
v -0.031308 0.005293 0.187129
v -0.057789 -0.024214 0.119137
v -0.058889 -0.024884 0.189041
v -0.056432 -0.014031 0.119137
v -0.056432 -0.014031 0.189041
v -0.002791 -0.002237 0.260107
v 0.000209 -0.008973 0.258050
v -0.002791 -0.010568 0.256854
v 0.000209 -0.011980 0.259624
v -0.002791 -0.011335 0.260147
v 0.000209 0.002178 0.260099
v -0.002791 0.008561 0.257794
v 0.000209 0.010367 0.256809
v 0.000209 0.011106 0.260071
v -0.002791 0.011273 0.259672
v 0.085661 -0.022855 0.111100
v 0.086148 -0.022532 0.108059
v 0.090157 -0.010501 0.109395
v 0.083069 -0.036346 0.109433
v 0.082815 -0.022368 0.108069
v 0.082725 -0.022665 0.111100
v -0.005802 0.017090 0.119137
v -0.008619 0.018940 0.111000
v -0.008976 0.021381 0.119137
v -0.007097 0.022915 0.111000
v -0.017411 0.009520 0.119137
v -0.014760 0.010979 0.111000
v -0.019167 0.011213 0.111000
v -0.014125 0.012061 0.119137
v -0.056432 0.013945 0.189041
v -0.057138 0.023031 0.119137
v -0.056432 0.013945 0.119137
v -0.057596 0.023716 0.189041
v -0.060955 0.026932 0.119137
v 0.000209 0.010698 0.237994
v -0.002791 0.011790 0.234526
v -0.002791 0.009681 0.238563
v 0.000209 0.011253 0.235261
v -0.076984 0.012528 0.180164
v -0.078877 0.010627 0.178297
v -0.076984 0.011317 0.172556
v -0.080816 0.010740 0.172962
v -0.080816 0.012528 0.180164
v -0.033094 -0.008894 0.185587
v -0.029959 -0.009044 0.187572
v -0.031273 -0.004890 0.187986
v -0.033639 -0.006274 0.184152
v -0.040690 -0.012605 0.189041
v -0.024934 0.009823 0.175959
v -0.024934 0.009823 0.175760
v -0.024934 0.006879 0.186263
v -0.085872 0.023673 0.108045
v -0.082775 0.023103 0.111100
v -0.085768 0.024458 0.111100
v -0.082550 0.023038 0.108051
v -0.084640 0.021323 0.108068
v -0.084928 0.021059 0.111100
v -0.082775 0.023103 0.111100
v -0.082550 0.023038 0.108051
v -0.085768 0.024458 0.111100
v -0.085872 0.023673 0.108045
v -0.095885 0.009915 0.143166
v -0.092868 -0.010044 0.140435
v -0.096496 -0.010044 0.144165
v -0.096767 -0.010044 0.156300
v -0.096600 0.009915 0.156300
v -0.092868 -0.010044 0.140435
v -0.095885 0.009915 0.143166
v -0.096496 -0.010044 0.144165
v -0.096600 0.009915 0.156300
v -0.096767 -0.010044 0.156300
v -0.053297 -0.040697 0.246877
v -0.058509 -0.039678 0.249722
v -0.058503 -0.040125 0.244641
v -0.053297 -0.040423 0.251814
v 0.020309 -0.001840 0.119137
v 0.022322 -0.002095 0.111000
v 0.019921 0.001169 0.111000
v 0.020522 0.002134 0.119137
v -0.081309 0.022694 0.112110
v -0.081224 0.022119 0.115068
v -0.085654 0.023299 0.112110
v -0.082641 0.025024 0.115069
v -0.086464 0.022666 0.115069
v -0.081696 0.025526 0.120627
v -0.086376 0.027045 0.115776
v -0.020489 -0.001264 0.119137
v -0.020017 0.001076 0.111000
v -0.022247 -0.002531 0.111000
v -0.021870 0.002388 0.119137
v 0.023959 -0.086520 0.111100
v 0.012435 -0.089655 0.108011
v 0.023076 -0.086006 0.108051
v 0.036234 -0.083068 0.108910
v 0.010215 -0.090148 0.111100
v -0.004519 -0.090512 0.109532
v 0.023076 -0.086006 0.108051
v 0.023959 -0.086520 0.111100
v 0.023365 -0.083007 0.111100
v 0.023024 -0.083018 0.108048
v 0.022853 -0.082360 0.108091
v 0.082212 0.020452 0.111079
v 0.081557 0.021638 0.107979
v 0.084874 0.022727 0.111100
v 0.084838 0.024882 0.108063
v 0.085488 0.021738 0.108070
v -0.060418 0.061238 0.112110
v -0.058589 0.062003 0.115069
v -0.063982 0.061768 0.112110
v -0.064559 0.061396 0.115464
v 0.024088 -0.085802 0.112110
v 0.022679 -0.085507 0.115069
v 0.024522 -0.082119 0.115069
v 0.027133 -0.086339 0.115784
v 0.025471 -0.081680 0.120586
v 0.056522 0.010026 0.119374
v 0.056899 0.010325 0.121356
v 0.055732 0.009341 0.121356
v 0.058172 0.009029 0.119264
v 0.058171 0.009341 0.121356
v -0.029934 -0.005069 0.173039
v -0.024934 -0.006443 0.172735
v -0.024934 -0.006597 0.177354
v -0.029934 -0.006027 0.177483
v 0.066711 0.048427 0.090600
v 0.058526 0.058151 0.090600
v 0.049644 0.066225 0.091693
v 0.086613 0.021455 0.115069
v 0.086237 0.027681 0.114221
v 0.083128 0.024825 0.115069
v 0.080138 0.022410 0.115069
v 0.083114 0.019606 0.115069
v -0.077788 0.011053 0.128321
v -0.080816 0.011542 0.128611
v -0.077736 0.013109 0.129024
v -0.080816 0.013259 0.127332
v -0.080816 0.013259 0.127332
v -0.077503 0.012752 0.126809
v -0.077736 0.013109 0.129024
v -0.029959 -0.006663 0.172394
v -0.029959 -0.017218 0.170178
v -0.041105 -0.017218 0.170178
v -0.077642 -0.015804 0.183367
v -0.080816 -0.016843 0.182055
v -0.080816 -0.015801 0.183863
v -0.077392 -0.016253 0.180554
v -0.080816 -0.015801 0.180164
v -0.033094 0.003669 0.190942
v -0.076984 0.002563 0.187408
v -0.080816 0.002298 0.190276
v -0.080816 0.003861 0.185202
v -0.031308 0.005293 0.187129
v -0.033536 0.006348 0.184051
v -0.029959 0.005948 0.190906
v -0.082608 -0.022511 0.108061
v -0.083151 -0.023291 0.111100
v -0.085137 -0.021717 0.111100
v -0.085131 -0.021535 0.108057
v -0.085684 -0.023603 0.108091
v 0.086216 -0.028016 0.114121
v 0.086553 -0.020493 0.115069
v 0.083384 -0.025021 0.115068
v 0.083347 -0.018824 0.115068
v 0.081227 -0.022236 0.115069
v 0.000209 -0.000600 0.268112
v -0.002791 -0.000979 0.268374
v 0.000209 0.001456 0.270515
v -0.002791 0.001986 0.269916
v 0.000209 -0.000600 0.268112
v -0.002791 0.001986 0.269916
v -0.002791 -0.000979 0.268374
v 0.000209 0.001456 0.270515
v -0.001299 -0.006949 0.270368
v 0.000209 0.011547 0.268285
v -0.002791 0.010921 0.268623
v -0.001290 0.018120 0.262940
v -0.042067 0.007403 0.202808
v -0.032397 0.006897 0.203200
v -0.036925 0.008242 0.203042
v -0.034250 0.009442 0.204070
v 0.022110 -0.082360 0.108091
v 0.023365 -0.083007 0.111100
v 0.023024 -0.083018 0.108048
v -0.002791 0.021886 0.247046
v 0.000209 0.021759 0.246928
v -0.001289 0.021531 0.238579
v -0.001390 0.022224 0.255179
v -0.002791 0.019225 0.248577
v 0.000209 0.019881 0.249225
v -0.053297 -0.000031 0.294343
v -0.058522 0.000750 0.293129
v -0.058522 -0.000603 0.295935
v -0.053297 -0.000112 0.292233
v -0.058522 0.000750 0.293129
v -0.053297 -0.000031 0.294343
v -0.058522 -0.000603 0.295935
v -0.053297 -0.000112 0.292233
v -0.076984 -0.003620 0.172130
v -0.080816 -0.006604 0.170200
v -0.078810 -0.010418 0.171474
v -0.080816 -0.002325 0.174000
v -0.094233 -0.018294 0.097901
v -0.093289 -0.021609 0.097744
v -0.095900 -0.020376 0.098153
v -0.094169 -0.026532 0.098080
v -0.076984 0.002232 0.174026
v -0.080816 0.003548 0.178422
v -0.076984 0.006094 0.179443
v -0.080816 0.003757 0.171875
v -0.029934 0.009667 0.189523
v -0.024934 0.008693 0.192404
v -0.029934 0.005353 0.191323
v -0.024934 0.004331 0.189970
v -0.077503 0.012752 0.126809
v -0.080816 0.011542 0.128611
v -0.077788 0.011053 0.128321
v -0.080816 0.013259 0.127332
v 0.006025 0.011583 0.185493
v -0.014056 0.009823 0.184687
v -0.014034 0.012950 0.184675
v 0.000209 0.000128 0.228587
v -0.002791 0.000600 0.228448
v 0.000209 -0.000269 0.226414
v -0.002791 -0.000766 0.226561
v -0.002791 -0.000766 0.226561
v 0.000209 0.000128 0.228587
v 0.000209 -0.000269 0.226414
v -0.002791 0.000600 0.228448
v -0.013969 -0.009952 0.184802
v 0.006016 -0.011840 0.185493
v -0.013994 -0.013079 0.184692
v -0.097571 0.012659 0.157149
v -0.096933 0.014107 0.154749
v -0.097178 0.014882 0.157149
v -0.002791 -0.022862 0.247154
v 0.000209 -0.021584 0.247201
v -0.002791 -0.019806 0.247146
v -0.115000 -0.000200 0.265300
v 0.115000 -0.012504 0.260204
v 0.115000 -0.000200 0.265300
v -0.115000 -0.012504 0.260204
v -0.115000 0.012104 0.260204
v 0.115000 0.012104 0.260204
v -0.115000 -0.012504 0.260204
v 0.115000 -0.017600 0.247900
v 0.115000 -0.012504 0.260204
v -0.115000 -0.017600 0.247900
v -0.115000 -0.012504 0.235596
v 0.115000 -0.012504 0.235596
v 0.115000 -0.012504 0.235596
v -0.115000 -0.000200 0.230500
v 0.115000 -0.000200 0.230500
v -0.115000 -0.012504 0.235596
v -0.115000 0.012104 0.235596
v 0.115000 0.012104 0.235596
v 0.115000 0.012104 0.235596
v -0.115000 0.017200 0.247900
v 0.115000 0.017200 0.247900
v -0.115000 0.012104 0.235596
v 0.115000 0.012104 0.260204
v -0.115000 0.012104 0.260204
v -0.221000 -0.011956 0.264180
v -0.221000 -0.000200 0.268000
v -0.221000 0.011556 0.264180
v -0.221000 -0.019221 0.254180
v -0.221000 -0.019221 0.241820
v -0.221000 0.018821 0.254180
v -0.221000 0.018821 0.241820
v -0.221000 0.011556 0.231820
v -0.221000 -0.000200 0.228000
v -0.221000 -0.011956 0.231820
v -0.221000 -0.000200 0.268000
v -0.205000 -0.011956 0.264180
v -0.205000 -0.000200 0.268000
v -0.221000 -0.011956 0.264180
v -0.221000 0.011556 0.264180
v -0.205000 0.011556 0.264180
v -0.221000 -0.011956 0.264180
v -0.205000 -0.019221 0.254180
v -0.205000 -0.011956 0.264180
v -0.221000 -0.019221 0.254180
v -0.221000 -0.019221 0.241820
v -0.205000 -0.019221 0.241820
v -0.221000 -0.011956 0.231820
v -0.205000 -0.011956 0.231820
v -0.205000 -0.011956 0.231820
v -0.221000 -0.000200 0.228000
v -0.205000 -0.000200 0.228000
v -0.221000 -0.011956 0.231820
v -0.221000 0.011556 0.231820
v -0.205000 0.011556 0.231820
v -0.205000 0.011556 0.231820
v -0.221000 0.018821 0.241820
v -0.205000 0.018821 0.241820
v -0.221000 0.011556 0.231820
v -0.205000 0.018821 0.254180
v -0.221000 0.018821 0.254180
v -0.205000 0.011556 0.264180
v -0.221000 0.011556 0.264180
v -0.048900 0.017021 0.253596
v -0.048900 0.010443 0.262649
v -0.048900 0.017021 0.242405
v -0.048900 0.010443 0.233351
v -0.048900 -0.000200 0.229893
v -0.048900 -0.010843 0.233351
v -0.048900 -0.017421 0.242404
v -0.048900 -0.000200 0.266107
v -0.048900 -0.010843 0.262649
v -0.048900 -0.017421 0.253596
v -0.205000 -0.011956 0.264180
v -0.205000 -0.007011 0.257375
v -0.205000 -0.000200 0.259588
v -0.205000 -0.011221 0.251581
v -0.205000 -0.000200 0.268000
v -0.205000 -0.019221 0.254180
v -0.205000 0.011556 0.264180
v -0.205000 -0.019221 0.241820
v -0.205000 0.006611 0.257375
v -0.205000 -0.011221 0.244419
v -0.205000 0.010821 0.251581
v -0.205000 -0.011956 0.231820
v -0.205000 0.018821 0.254180
v -0.205000 -0.007011 0.238625
v -0.205000 0.010821 0.244419
v -0.205000 -0.000200 0.236412
v -0.205000 0.018821 0.241820
v -0.205000 -0.000200 0.228000
v -0.205000 0.011556 0.231820
v -0.205000 0.006611 0.238625
v -0.205000 -0.000200 0.259588
v -0.200000 -0.007011 0.257375
v -0.200000 -0.000200 0.259588
v -0.205000 -0.007011 0.257375
v -0.205000 0.006611 0.257375
v -0.200000 0.006611 0.257375
v -0.205000 0.010821 0.251581
v -0.200000 0.006611 0.257375
v -0.200000 0.010821 0.251581
v -0.205000 0.006611 0.257375
v -0.205000 0.010821 0.244419
v -0.200000 0.010821 0.244419
v -0.200000 0.006611 0.238625
v -0.205000 0.006611 0.238625
v -0.200000 -0.000200 0.236412
v -0.205000 0.006611 0.238625
v -0.200000 0.006611 0.238625
v -0.205000 -0.000200 0.236412
v -0.200000 -0.007011 0.238625
v -0.205000 -0.007011 0.238625
v -0.200000 -0.011221 0.244419
v -0.205000 -0.007011 0.238625
v -0.200000 -0.007011 0.238625
v -0.205000 -0.011221 0.244419
v -0.200000 -0.011221 0.251581
v -0.205000 -0.011221 0.251581
v -0.205000 -0.007011 0.257375
v -0.200000 -0.007011 0.257375
v -0.200000 -0.015170 0.268604
v -0.200000 -0.000200 0.273468
v -0.200000 -0.000200 0.259588
v -0.200000 0.014769 0.268604
v -0.200000 -0.007011 0.257375
v -0.200000 0.006611 0.257375
v -0.200000 -0.011221 0.251581
v -0.200000 0.010821 0.251581
v -0.200000 -0.024421 0.255870
v -0.200000 0.024021 0.255870
v -0.200000 -0.024421 0.240130
v -0.200000 0.024021 0.240130
v -0.200000 -0.011221 0.244419
v -0.200000 0.010821 0.244419
v -0.200000 -0.015170 0.227396
v -0.200000 0.014769 0.227396
v -0.200000 -0.007011 0.238625
v -0.200000 0.006611 0.238625
v -0.200000 -0.000200 0.236412
v -0.200000 -0.000200 0.222532
v -0.200000 -0.000200 0.273468
v -0.189800 -0.015170 0.268604
v -0.189800 -0.000200 0.273468
v -0.200000 -0.015170 0.268604
v -0.200000 0.014769 0.268604
v -0.189800 0.014769 0.268604
v -0.200000 0.024021 0.255870
v -0.189800 0.014769 0.268604
v -0.189800 0.024021 0.255870
v -0.200000 0.014769 0.268604
v -0.200000 0.024021 0.240130
v -0.189800 0.024021 0.240130
v -0.189800 0.014769 0.227396
v -0.200000 0.014769 0.227396
v -0.189800 -0.000200 0.222532
v -0.200000 0.014769 0.227396
v -0.189800 0.014769 0.227396
v -0.200000 -0.000200 0.222532
v -0.189800 -0.015170 0.227396
v -0.200000 -0.015170 0.227396
v -0.189800 -0.024421 0.240130
v -0.200000 -0.015170 0.227396
v -0.189800 -0.015170 0.227396
v -0.200000 -0.024421 0.240130
v -0.189800 -0.024421 0.255870
v -0.200000 -0.024421 0.255870
v -0.200000 -0.015170 0.268604
v -0.189800 -0.015170 0.268604
v -0.189800 -0.000200 0.273468
v -0.189800 -0.012203 0.264521
v -0.189800 -0.000200 0.268421
v -0.189800 -0.015170 0.268604
v -0.189800 0.014769 0.268604
v -0.189800 -0.019621 0.254310
v -0.189800 0.011803 0.264521
v -0.189800 -0.024421 0.255870
v -0.189800 0.019221 0.254310
v -0.189800 -0.024421 0.240130
v -0.189800 0.024021 0.255870
v -0.189800 -0.019621 0.241690
v -0.189800 0.019221 0.241690
v -0.189800 -0.015170 0.227396
v -0.189800 0.024021 0.240130
v -0.189800 -0.012203 0.231479
v -0.189800 0.014769 0.227396
v -0.189800 -0.000200 0.227579
v -0.189800 0.011803 0.231479
v -0.189800 -0.000200 0.222532
v -0.189800 -0.000200 0.268421
v -0.180800 -0.011832 0.264010
v -0.180800 -0.000200 0.267790
v -0.189800 -0.012203 0.264521
v -0.180800 0.011432 0.264010
v -0.189800 0.011803 0.264521
v -0.180800 0.011432 0.264010
v -0.180800 0.018621 0.254115
v -0.189800 0.019221 0.254310
v -0.189800 0.011803 0.264521
v -0.189800 0.019221 0.241690
v -0.180800 0.018621 0.241885
v -0.180800 0.011432 0.231990
v -0.189800 0.011803 0.231479
v -0.180800 0.011432 0.231990
v -0.189800 -0.000200 0.227579
v -0.189800 0.011803 0.231479
v -0.180800 -0.000200 0.228210
v -0.180800 -0.011832 0.231990
v -0.189800 -0.012203 0.231479
v -0.189800 -0.019621 0.241690
v -0.189800 -0.012203 0.231479
v -0.180800 -0.011832 0.231990
v -0.180800 -0.019021 0.241885
v -0.180800 -0.019021 0.254115
v -0.189800 -0.019621 0.254310
v -0.180800 -0.011832 0.264010
v -0.189800 -0.012203 0.264521
v -0.180800 -0.000200 0.267790
v -0.179200 -0.008495 0.259417
v -0.179200 -0.000200 0.262112
v -0.180800 -0.011832 0.264010
v -0.180800 0.011432 0.264010
v -0.180800 -0.019021 0.254115
v -0.179200 0.008095 0.259417
v -0.179200 -0.013621 0.252361
v -0.179200 0.013221 0.252361
v -0.180800 -0.019021 0.241885
v -0.180800 0.018621 0.254115
v -0.179200 -0.013621 0.243639
v -0.179200 0.013221 0.243639
v -0.180800 -0.011832 0.231990
v -0.180800 0.018621 0.241885
v -0.179200 -0.008495 0.236583
v -0.180800 0.011432 0.231990
v -0.179200 -0.000200 0.233888
v -0.179200 0.008095 0.236583
v -0.180800 -0.000200 0.228210
v -0.179200 -0.000200 0.262112
v -0.157200 -0.008371 0.259247
v -0.157200 -0.000200 0.261902
v -0.179200 -0.008495 0.259417
v -0.157200 0.007971 0.259247
v -0.179200 0.008095 0.259417
v -0.157200 0.007971 0.259247
v -0.157200 0.013021 0.252296
v -0.179200 0.013221 0.252361
v -0.179200 0.008095 0.259417
v -0.179200 0.013221 0.243639
v -0.157200 0.013021 0.243704
v -0.157200 0.007971 0.236753
v -0.179200 0.008095 0.236583
v -0.157200 0.007971 0.236753
v -0.179200 -0.000200 0.233888
v -0.179200 0.008095 0.236583
v -0.157200 -0.000200 0.234098
v -0.157200 -0.008371 0.236753
v -0.179200 -0.008495 0.236583
v -0.179200 -0.013621 0.243639
v -0.179200 -0.008495 0.236583
v -0.157200 -0.008371 0.236753
v -0.157200 -0.013421 0.243704
v -0.179200 -0.013621 0.252361
v -0.157200 -0.013421 0.252296
v -0.157200 -0.008371 0.259247
v -0.179200 -0.008495 0.259417
v -0.157000 -0.009607 0.260948
v -0.157000 -0.000200 0.264004
v -0.157200 -0.000200 0.261902
v -0.157000 0.009207 0.260948
v -0.157200 -0.008371 0.259247
v -0.157200 0.007971 0.259247
v -0.157200 -0.013421 0.252296
v -0.157000 0.015021 0.252946
v -0.157000 -0.015421 0.252946
v -0.157200 0.013021 0.252296
v -0.157000 -0.015421 0.243054
v -0.157200 0.013021 0.243704
v -0.157200 -0.013421 0.243704
v -0.157000 0.015021 0.243054
v -0.157000 -0.009607 0.235052
v -0.157200 0.007971 0.236753
v -0.157200 -0.008371 0.236753
v -0.157000 0.009207 0.235052
v -0.157000 -0.000200 0.231996
v -0.157200 -0.000200 0.234098
v -0.157000 -0.009607 0.260948
v -0.154400 -0.000200 0.265056
v -0.157000 -0.000200 0.264004
v -0.157000 0.009207 0.260948
v -0.154400 -0.010225 0.261798
v -0.154400 0.009825 0.261798
v -0.147900 -0.009607 0.260948
v -0.147900 0.009207 0.260948
v -0.147900 -0.000200 0.264004
v -0.157000 0.009207 0.260948
v -0.154400 0.009825 0.261798
v -0.154400 0.016021 0.253271
v -0.147900 0.009207 0.260948
v -0.157000 0.015021 0.252946
v -0.147900 0.015021 0.252946
v -0.154400 0.016021 0.242729
v -0.157000 0.015021 0.243054
v -0.147900 0.015021 0.243054
v -0.157000 0.009207 0.235052
v -0.147900 0.009207 0.235052
v -0.154400 0.009825 0.234201
v -0.154400 -0.000200 0.230944
v -0.157000 0.009207 0.235052
v -0.154400 0.009825 0.234201
v -0.157000 -0.000200 0.231996
v -0.147900 0.009207 0.235052
v -0.157000 -0.009607 0.235052
v -0.147900 -0.000200 0.231996
v -0.154400 -0.010225 0.234201
v -0.147900 -0.009607 0.235052
v -0.154400 -0.016421 0.242729
v -0.157000 -0.015421 0.243054
v -0.157000 -0.009607 0.235052
v -0.154400 -0.010225 0.234201
v -0.147900 -0.009607 0.235052
v -0.147900 -0.015421 0.243054
v -0.157000 -0.015421 0.252946
v -0.147900 -0.015421 0.252946
v -0.154400 -0.016421 0.253271
v -0.157000 -0.009607 0.260948
v -0.147900 -0.009607 0.260948
v -0.154400 -0.010225 0.261798
v -0.147900 -0.009607 0.260948
v -0.147900 -0.008989 0.260097
v -0.147900 -0.000200 0.262953
v -0.147900 -0.014421 0.252621
v -0.147900 -0.000200 0.264004
v -0.147900 -0.015421 0.252946
v -0.147900 0.009207 0.260948
v -0.147900 -0.015421 0.243054
v -0.147900 0.008589 0.260097
v -0.147900 -0.014421 0.243379
v -0.147900 0.014021 0.252621
v -0.147900 -0.009607 0.235052
v -0.147900 0.015021 0.252946
v -0.147900 -0.008989 0.235903
v -0.147900 0.015021 0.243054
v -0.147900 -0.000200 0.233047
v -0.147900 0.014021 0.243379
v -0.147900 -0.000200 0.231996
v -0.147900 0.009207 0.235052
v -0.147900 0.008589 0.235903
v -0.147900 -0.000200 0.262953
v -0.143400 -0.008989 0.260097
v -0.143400 -0.000200 0.262953
v -0.147900 -0.008989 0.260097
v -0.147900 0.008589 0.260097
v -0.143400 0.008589 0.260097
v -0.132400 -0.000200 0.264004
v -0.132400 -0.009607 0.260948
v -0.132400 0.009207 0.260948
v -0.119900 -0.000200 0.267159
v -0.119900 -0.011461 0.263500
v -0.119900 0.011061 0.263500
v -0.147900 0.014021 0.252621
v -0.143400 0.008589 0.260097
v -0.143400 0.014021 0.252621
v -0.147900 0.008589 0.260097
v -0.147900 0.014021 0.243379
v -0.143400 0.014021 0.243379
v -0.143400 0.008589 0.235903
v -0.147900 0.008589 0.235903
v -0.132400 0.015021 0.243054
v -0.132400 0.009207 0.235052
v -0.132400 0.015021 0.252946
v -0.132400 0.009207 0.260948
v -0.119900 0.018021 0.253920
v -0.119900 0.011061 0.263500
v -0.119900 0.018021 0.242080
v -0.119900 0.011061 0.232500
v -0.143400 -0.000200 0.233047
v -0.147900 0.008589 0.235903
v -0.143400 0.008589 0.235903
v -0.147900 -0.000200 0.233047
v -0.143400 -0.008989 0.235903
v -0.147900 -0.008989 0.235903
v -0.132400 -0.000200 0.231996
v -0.132400 0.009207 0.235052
v -0.132400 -0.009607 0.235052
v -0.119900 -0.000200 0.228841
v -0.119900 0.011061 0.232500
v -0.119900 -0.011461 0.232500
v -0.143400 -0.014421 0.243379
v -0.147900 -0.008989 0.235903
v -0.143400 -0.008989 0.235903
v -0.147900 -0.014421 0.243379
v -0.132400 -0.015421 0.243054
v -0.143400 -0.014421 0.252621
v -0.147900 -0.014421 0.252621
v -0.147900 -0.008989 0.260097
v -0.132400 -0.009607 0.235052
v -0.143400 -0.008989 0.260097
v -0.119900 -0.018421 0.242080
v -0.119900 -0.011461 0.232500
v -0.132400 -0.015421 0.252946
v -0.132400 -0.009607 0.260948
v -0.119900 -0.018421 0.253920
v -0.119900 -0.011461 0.263500
v -0.117400 -0.018569 0.273282
v -0.117400 -0.000200 0.279251
v -0.119900 -0.000200 0.267159
v -0.117400 0.018169 0.273282
v -0.119900 -0.011461 0.263500
v -0.119900 0.011061 0.263500
v -0.119900 -0.018421 0.253920
v -0.119900 0.018021 0.253920
v -0.117400 -0.029921 0.257657
v -0.117400 0.029521 0.257657
v -0.117400 -0.029921 0.238343
v -0.119900 0.018021 0.242080
v -0.119900 -0.018421 0.242080
v -0.117400 0.029521 0.238343
v -0.117400 -0.018569 0.222718
v -0.117400 0.018169 0.222718
v -0.119900 -0.011461 0.232500
v -0.119900 0.011061 0.232500
v -0.119900 -0.000200 0.228841
v -0.117400 -0.000200 0.216749
v -0.117400 -0.018569 0.273282
v -0.105400 -0.000200 0.285559
v -0.117400 -0.000200 0.279251
v -0.117400 0.018169 0.273282
v -0.105400 -0.022277 0.278386
v -0.105400 -0.035921 0.259607
v -0.117400 -0.029921 0.257657
v -0.105400 -0.025367 0.282639
v -0.105400 -0.000200 0.290817
v -0.105400 -0.040921 0.261231
v -0.105400 0.024967 0.282639
v -0.105400 -0.040921 0.234769
v -0.105400 0.021877 0.278386
v -0.105400 -0.035921 0.236393
v -0.117400 -0.029921 0.238343
v -0.105400 -0.025367 0.213361
v -0.117400 -0.018569 0.222718
v -0.105400 -0.022277 0.217614
v -0.105400 -0.000200 0.210441
v -0.105400 -0.000200 0.205183
v -0.117400 -0.000200 0.216749
v -0.105400 0.024967 0.213361
v -0.117400 0.018169 0.222718
v -0.105400 0.021877 0.217614
v -0.105400 0.035521 0.236393
v -0.105400 0.040521 0.234769
v -0.117400 0.029521 0.238343
v -0.105400 0.040521 0.261231
v -0.117400 0.029521 0.257657
v -0.105400 0.035521 0.259607
v -0.105400 -0.000200 0.290817
v -0.087400 -0.023204 0.279662
v -0.087400 -0.000200 0.287137
v -0.105400 -0.025367 0.282639
v -0.068400 -0.000200 0.289240
v -0.068400 -0.024440 0.281363
v -0.087400 0.022804 0.279662
v -0.105400 0.024967 0.282639
v -0.068400 0.024040 0.281363
v -0.087400 0.022804 0.279662
v -0.087400 0.037021 0.260094
v -0.105400 0.040521 0.261231
v -0.105400 0.024967 0.282639
v -0.068400 0.039021 0.260744
v -0.068400 0.024040 0.281363
v -0.087400 0.037021 0.235906
v -0.105400 0.040521 0.234769
v -0.068400 0.039021 0.235256
v -0.087400 0.022804 0.216338
v -0.105400 0.024967 0.213361
v -0.068400 0.024040 0.214637
v -0.087400 0.022804 0.216338
v -0.105400 -0.000200 0.205183
v -0.105400 0.024967 0.213361
v -0.087400 -0.000200 0.208863
v -0.087400 -0.023204 0.216338
v -0.105400 -0.025367 0.213361
v -0.068400 -0.000200 0.206760
v -0.068400 0.024040 0.214637
v -0.068400 -0.024440 0.214637
v -0.105400 -0.040921 0.234769
v -0.105400 -0.025367 0.213361
v -0.087400 -0.023204 0.216338
v -0.087400 -0.037421 0.235906
v -0.068400 -0.039421 0.235256
v -0.068400 -0.024440 0.214637
v -0.087400 -0.037421 0.260094
v -0.105400 -0.040921 0.261231
v -0.068400 -0.039421 0.260744
v -0.087400 -0.023204 0.279662
v -0.105400 -0.025367 0.282639
v -0.068400 -0.024440 0.281363
v -0.068400 -0.024440 0.281363
v -0.068400 -0.000200 0.297651
v -0.068400 -0.000200 0.289240
v -0.068400 0.028984 0.288169
v -0.068400 -0.029384 0.288169
v -0.068400 0.024040 0.281363
v -0.068400 -0.039421 0.260744
v -0.068400 0.047021 0.263343
v -0.068400 -0.047421 0.263343
v -0.068400 0.039021 0.260744
v -0.068400 -0.047421 0.232657
v -0.068400 0.047021 0.232657
v -0.068400 -0.039421 0.235256
v -0.068400 0.039021 0.235256
v -0.068400 -0.029384 0.207831
v -0.068400 0.028984 0.207831
v -0.068400 -0.024440 0.214637
v -0.068400 0.024040 0.214637
v -0.068400 -0.000200 0.206760
v -0.068400 -0.000200 0.198349
v -0.068400 -0.000200 0.297651
v -0.058400 -0.029384 0.288169
v -0.058400 -0.000200 0.297651
v -0.068400 -0.029384 0.288169
v -0.068400 0.028984 0.288169
v -0.058400 0.028984 0.288169
v -0.068400 0.047021 0.263343
v -0.058400 0.028984 0.288169
v -0.058400 0.047021 0.263343
v -0.068400 0.028984 0.288169
v -0.068400 0.047021 0.232657
v -0.058400 0.047021 0.232657
v -0.058400 0.028984 0.207831
v -0.068400 0.028984 0.207831
v -0.058400 -0.000200 0.198349
v -0.068400 0.028984 0.207831
v -0.058400 0.028984 0.207831
v -0.068400 -0.000200 0.198349
v -0.058400 -0.029384 0.207831
v -0.068400 -0.029384 0.207831
v -0.058400 -0.047421 0.232657
v -0.068400 -0.029384 0.207831
v -0.058400 -0.029384 0.207831
v -0.068400 -0.047421 0.232657
v -0.058400 -0.047421 0.263343
v -0.068400 -0.047421 0.263343
v -0.068400 -0.029384 0.288169
v -0.058400 -0.029384 0.288169
v -0.058400 -0.029384 0.288169
v -0.058400 -0.023204 0.279662
v -0.058400 -0.000200 0.287137
v -0.058400 -0.037421 0.260094
v -0.058400 -0.000200 0.297651
v -0.058400 -0.047421 0.263343
v -0.058400 0.028984 0.288169
v -0.058400 -0.047421 0.232657
v -0.058400 0.022804 0.279662
v -0.058400 -0.037421 0.235906
v -0.058400 0.037021 0.260094
v -0.058400 -0.023204 0.216338
v -0.058400 0.047021 0.263343
v -0.058400 -0.029384 0.207831
v -0.058400 0.037021 0.235906
v -0.058400 -0.000200 0.208863
v -0.058400 0.047021 0.232657
v -0.058400 -0.000200 0.198349
v -0.058400 0.028984 0.207831
v -0.058400 0.022804 0.216338
v -0.058400 -0.000200 0.287137
v -0.053900 -0.022895 0.279237
v -0.053900 -0.000200 0.286611
v -0.058400 -0.023204 0.279662
v -0.053900 0.022495 0.279237
v -0.058400 0.022804 0.279662
v -0.053900 0.022495 0.279237
v -0.053900 0.036521 0.259932
v -0.058400 0.037021 0.260094
v -0.058400 0.022804 0.279662
v -0.053900 0.036521 0.236069
v -0.058400 0.037021 0.235906
v -0.053900 0.022495 0.216763
v -0.058400 0.022804 0.216338
v -0.053900 0.022495 0.216763
v -0.058400 -0.000200 0.208863
v -0.058400 0.022804 0.216338
v -0.053900 -0.000200 0.209389
v -0.053900 -0.022895 0.216763
v -0.058400 -0.023204 0.216338
v -0.058400 -0.037421 0.235906
v -0.058400 -0.023204 0.216338
v -0.053900 -0.022895 0.216763
v -0.053900 -0.036921 0.236069
v -0.053900 -0.036921 0.259931
v -0.058400 -0.037421 0.260094
v -0.053900 -0.022895 0.279237
v -0.058400 -0.023204 0.279662
v -0.053900 -0.022895 0.279237
v -0.053900 -0.015788 0.269454
v -0.053900 -0.000200 0.274519
v -0.053900 -0.025421 0.256195
v -0.053900 -0.000200 0.286611
v -0.053900 -0.036921 0.259931
v -0.053900 0.022495 0.279237
v -0.053900 -0.036921 0.236069
v -0.053900 0.015387 0.269454
v -0.053900 -0.025421 0.239805
v -0.053900 0.025021 0.256195
v -0.053900 -0.022895 0.216763
v -0.053900 0.036521 0.259932
v -0.053900 -0.015788 0.226546
v -0.053900 0.036521 0.236069
v -0.053900 -0.000200 0.221481
v -0.053900 0.025021 0.239805
v -0.053900 -0.000200 0.209389
v -0.053900 0.022495 0.216763
v -0.053900 0.015387 0.226546
v -0.053900 -0.000200 0.274519
v -0.051900 -0.015788 0.269454
v -0.051900 -0.000200 0.274519
v -0.053900 -0.015788 0.269454
v -0.053900 0.015387 0.269454
v -0.051900 0.015387 0.269454
v -0.053900 0.025021 0.256195
v -0.051900 0.015387 0.269454
v -0.051900 0.025021 0.256195
v -0.053900 0.015387 0.269454
v -0.053900 0.025021 0.239805
v -0.051900 0.025021 0.239805
v -0.051900 0.015387 0.226546
v -0.053900 0.015387 0.226546
v -0.051900 -0.000200 0.221481
v -0.053900 0.015387 0.226546
v -0.051900 0.015387 0.226546
v -0.053900 -0.000200 0.221481
v -0.051900 -0.015788 0.226546
v -0.053900 -0.015788 0.226546
v -0.051900 -0.025421 0.239805
v -0.053900 -0.015788 0.226546
v -0.051900 -0.015788 0.226546
v -0.053900 -0.025421 0.239805
v -0.051900 -0.025421 0.256195
v -0.053900 -0.025421 0.256195
v -0.053900 -0.015788 0.269454
v -0.051900 -0.015788 0.269454
v -0.051900 -0.000200 0.274519
v -0.051900 -0.011152 0.263074
v -0.051900 -0.000200 0.266633
v -0.051900 -0.015788 0.269454
v -0.051900 0.015387 0.269454
v -0.051900 -0.017921 0.253758
v -0.051900 0.010752 0.263074
v -0.051900 -0.025421 0.256195
v -0.051900 0.017521 0.253758
v -0.051900 -0.025421 0.239805
v -0.051900 0.025021 0.256195
v -0.051900 -0.017921 0.242242
v -0.051900 0.025021 0.239805
v -0.051900 -0.015788 0.226546
v -0.051900 0.017521 0.242242
v -0.051900 -0.011152 0.232926
v -0.051900 0.015387 0.226546
v -0.051900 -0.000200 0.229367
v -0.051900 0.010752 0.232926
v -0.051900 -0.000200 0.221481
v -0.051900 -0.000200 0.266633
v -0.048900 -0.010843 0.262649
v -0.048900 -0.000200 0.266107
v -0.051900 -0.011152 0.263074
v -0.048900 0.010443 0.262649
v -0.051900 0.010752 0.263074
v -0.048900 0.010443 0.262649
v -0.048900 0.017021 0.253596
v -0.051900 0.017521 0.253758
v -0.051900 0.010752 0.263074
v -0.048900 0.017021 0.242405
v -0.051900 0.017521 0.242242
v -0.048900 0.010443 0.233351
v -0.051900 0.010752 0.232926
v -0.048900 0.010443 0.233351
v -0.051900 -0.000200 0.229367
v -0.051900 0.010752 0.232926
v -0.048900 -0.000200 0.229893
v -0.048900 -0.010843 0.233351
v -0.051900 -0.011152 0.232926
v -0.051900 -0.017921 0.242242
v -0.051900 -0.011152 0.232926
v -0.048900 -0.010843 0.233351
v -0.048900 -0.017421 0.242404
v -0.051900 -0.017921 0.253758
v -0.048900 -0.017421 0.253596
v -0.048900 -0.010843 0.262649
v -0.051900 -0.011152 0.263074
vt 0.743171 0.351221
vt 0.743021 0.351679
vt 0.743632 0.351679
vt 0.742537 0.351509
vt 0.741601 0.351679
vt 0.742390 0.351254
vt 0.741577 0.351288
vt 0.740978 0.351683
vt 0.743916 0.351615
vt 0.743632 0.351970
vt 0.743613 0.351970
vt 0.743613 0.351679
vt 0.743593 0.351970
vt 0.743593 0.351679
vt 0.741251 0.352020
vt 0.741115 0.351679
vt 0.741115 0.352252
vt 0.743602 0.352272
vt 0.744461 0.352305
vt 0.743021 0.351970
vt 0.742589 0.352198
vt 0.741440 0.352117
vt 0.741576 0.352424
vt 0.743422 0.352532
vt 0.743327 0.352359
vt 0.743640 0.352288
vt 0.743644 0.353567
vt 0.744586 0.353162
vt 0.744643 0.353213
vt 0.744412 0.353410
vt 0.744438 0.353447
vt 0.744629 0.354019
vt 0.743648 0.354440
vt 0.744356 0.354607
vt 0.743332 0.354366
vt 0.743916 0.355103
vt 0.743446 0.354213
vt 0.743598 0.354502
vt 0.743021 0.354748
vt 0.742393 0.354522
vt 0.741305 0.354610
vt 0.741456 0.354305
vt 0.743632 0.354748
vt 0.741228 0.353846
vt 0.743632 0.355040
vt 0.743177 0.355495
vt 0.743613 0.355040
vt 0.743613 0.354748
vt 0.743021 0.355040
vt 0.743593 0.355040
vt 0.743593 0.354748
vt 0.741251 0.354699
vt 0.741115 0.355040
vt 0.741115 0.354466
vt 0.742618 0.355277
vt 0.742400 0.355546
vt 0.742405 0.355423
vt 0.741115 0.354034
vt 0.740943 0.355000
vt 0.741026 0.354027
vt 0.740829 0.354898
vt 0.740829 0.354034
vt 0.740752 0.354034
vt 0.740829 0.354316
vt 0.737820 0.353942
vt 0.740778 0.354316
vt 0.740181 0.354503
vt 0.740680 0.354607
vt 0.737492 0.354548
vt 0.740423 0.353426
vt 0.739834 0.354029
vt 0.739812 0.352686
vt 0.740605 0.353295
vt 0.741225 0.352981
vt 0.741543 0.354218
vt 0.741053 0.352692
vt 0.741188 0.352222
vt 0.740829 0.351820
vt 0.740829 0.352684
vt 0.740984 0.351681
vt 0.741115 0.352684
vt 0.740752 0.352684
vt 0.740829 0.352402
vt 0.740796 0.352402
vt 0.740829 0.351829
vt 0.737824 0.352772
vt 0.737492 0.352171
vt 0.734994 0.354607
vt 0.735442 0.354284
vt 0.735285 0.353839
vt 0.734994 0.352111
vt 0.735712 0.353931
vt 0.735203 0.352721
vt 0.735484 0.352410
vt 0.735631 0.352831
vt 0.736868 0.352426
vt 0.736584 0.352720
vt 0.737041 0.352839
vt 0.736886 0.353771
vt 0.736555 0.353998
vt 0.736908 0.354249
vt 0.742400 0.355252
vt 0.740941 0.355004
vt 0.741567 0.355426
vt 0.792652 0.587864
vt 0.793115 0.589932
vt 0.793115 0.590501
vt 0.792655 0.588035
vt 0.793323 0.587862
vt 0.792713 0.587750
vt 0.792636 0.587750
vt 0.793115 0.589313
vt 0.793315 0.589530
vt 0.793517 0.589318
vt 0.793115 0.589314
vt 0.793386 0.588485
vt 0.793517 0.590123
vt 0.793115 0.590086
vt 0.793316 0.590821
vt 0.445845 0.919176
vt 0.446194 0.921649
vt 0.446194 0.921078
vt 0.446194 0.919661
vt 0.446400 0.919039
vt 0.445847 0.919046
vt 0.445889 0.918890
vt 0.445830 0.918890
vt 0.732777 0.354577
vt 0.732693 0.355483
vt 0.731855 0.355487
vt 0.732906 0.355336
vt 0.733502 0.355546
vt 0.731662 0.354536
vt 0.731229 0.355058
vt 0.731117 0.354656
vt 0.731832 0.354261
vt 0.733886 0.354549
vt 0.734204 0.355159
vt 0.733735 0.354257
vt 0.733936 0.354486
vt 0.733620 0.354412
vt 0.734701 0.353442
vt 0.734644 0.354656
vt 0.734917 0.354060
vt 0.734931 0.353242
vt 0.733931 0.353172
vt 0.734717 0.352260
vt 0.733929 0.352303
vt 0.733616 0.352375
vt 0.734204 0.351621
vt 0.733890 0.352287
vt 0.733710 0.352551
vt 0.732637 0.352213
vt 0.733459 0.351221
vt 0.732887 0.351449
vt 0.732667 0.351267
vt 0.732678 0.351254
vt 0.732825 0.351513
vt 0.731865 0.351289
vt 0.731266 0.351689
vt 0.731809 0.352343
vt 0.731547 0.352289
vt 0.731117 0.352124
vt 0.731653 0.352990
vt 0.730109 0.352294
vt 0.730906 0.353371
vt 0.730698 0.353410
vt 0.730152 0.354513
vt 0.727433 0.352538
vt 0.727341 0.352428
vt 0.727189 0.352428
vt 0.727909 0.352800
vt 0.728112 0.352794
vt 0.728108 0.353981
vt 0.727908 0.353980
vt 0.730122 0.354069
vt 0.727318 0.353903
vt 0.727199 0.352962
vt 0.727402 0.354290
vt 0.727341 0.354352
vt 0.727189 0.354352
vt 0.727196 0.354293
vt 0.727174 0.353808
vt 0.726878 0.354027
vt 0.726843 0.354038
vt 0.727017 0.354352
vt 0.725988 0.354025
vt 0.726843 0.352714
vt 0.727017 0.352428
vt 0.725835 0.352428
vt 0.725854 0.354352
vt 0.727036 0.354352
vt 0.726005 0.352749
vt 0.725854 0.352428
vt 0.725552 0.352766
vt 0.725544 0.354010
vt 0.725282 0.354352
vt 0.725663 0.354352
vt 0.725282 0.352428
vt 0.725663 0.352428
vt 0.726692 0.354656
vt 0.726703 0.354352
vt 0.726691 0.352124
vt 0.726692 0.352428
vt 0.453334 0.724547
vt 0.453036 0.722211
vt 0.453334 0.723976
vt 0.453334 0.722399
vt 0.453334 0.722148
vt 0.453606 0.722219
vt 0.453606 0.722480
vt 0.453334 0.722535
vt 0.453606 0.723306
vt 0.453334 0.723546
vt 0.453606 0.724281
vt 0.453334 0.724376
vt 0.453606 0.724594
vt 0.453334 0.724555
vt 0.640712 0.824923
vt 0.640712 0.825651
vt 0.635756 0.825594
vt 0.641573 0.824643
vt 0.641573 0.824923
vt 0.640974 0.825315
vt 0.640734 0.825440
vt 0.641499 0.825723
vt 0.640955 0.825555
vt 0.641105 0.826094
vt 0.640643 0.826280
vt 0.639975 0.825769
vt 0.639748 0.826192
vt 0.640712 0.826898
vt 0.641415 0.826626
vt 0.641544 0.827082
vt 0.640118 0.826658
vt 0.641119 0.827536
vt 0.635688 0.825795
vt 0.640712 0.828111
vt 0.641496 0.828035
vt 0.640556 0.827240
vt 0.639934 0.827231
vt 0.635698 0.827998
vt 0.639870 0.827896
vt 0.640864 0.828219
vt 0.641023 0.828423
vt 0.641573 0.828965
vt 0.640750 0.828467
vt 0.640334 0.827972
vt 0.640712 0.827557
vt 0.634798 0.828907
vt 0.634797 0.829506
vt 0.641573 0.829543
vt 0.635605 0.828175
vt 0.634797 0.827505
vt 0.635550 0.828076
vt 0.635550 0.828007
vt 0.634797 0.825945
vt 0.635541 0.825629
vt 0.634797 0.824803
vt 0.634797 0.824219
vt 0.634734 0.824122
vt 0.634116 0.824854
vt 0.634116 0.825859
vt 0.634689 0.825917
vt 0.634116 0.822780
vt 0.634116 0.824656
vt 0.634766 0.822004
vt 0.634116 0.821146
vt 0.574592 0.871898
vt 0.574647 0.878728
vt 0.575612 0.871898
vt 0.575986 0.878728
vt 0.576098 0.871898
vt 0.604038 0.710587
vt 0.602030 0.707041
vt 0.601848 0.711734
vt 0.601886 0.713472
vt 0.604038 0.706826
vt 0.602219 0.706360
vt 0.604510 0.710587
vt 0.605105 0.706824
vt 0.605689 0.706360
vt 0.604510 0.714059
vt 0.602022 0.714214
vt 0.602158 0.714910
vt 0.605891 0.706360
vt 0.602354 0.705858
vt 0.610410 0.706318
vt 0.611184 0.705887
vt 0.606433 0.715026
vt 0.606596 0.714171
vt 0.604510 0.713187
vt 0.606748 0.713391
vt 0.606264 0.715863
vt 0.602325 0.715791
vt 0.606110 0.716689
vt 0.602488 0.716688
vt 0.605899 0.717770
vt 0.602714 0.717790
vt 0.602901 0.718742
vt 0.605714 0.718742
vt 0.603095 0.719743
vt 0.605521 0.719746
vt 0.603239 0.720529
vt 0.605357 0.720504
vt 0.603410 0.721400
vt 0.605186 0.721460
vt 0.653570 0.706829
vt 0.653570 0.710611
vt 0.651489 0.707045
vt 0.651723 0.706361
vt 0.651347 0.711583
vt 0.654659 0.706829
vt 0.655245 0.706361
vt 0.651347 0.711943
vt 0.651383 0.713499
vt 0.654048 0.710611
vt 0.654077 0.706847
vt 0.654048 0.714013
vt 0.651518 0.714238
vt 0.651697 0.715103
vt 0.656003 0.715056
vt 0.651842 0.715911
vt 0.656173 0.714167
vt 0.655783 0.716178
vt 0.654048 0.713258
vt 0.652002 0.716770
vt 0.655508 0.717569
vt 0.652224 0.717844
vt 0.655299 0.718647
vt 0.652417 0.718812
vt 0.655074 0.719813
vt 0.652612 0.719813
vt 0.654900 0.720615
vt 0.652759 0.720608
vt 0.654758 0.721460
vt 0.652929 0.721459
vt 0.656327 0.713242
vt 0.655245 0.710611
vt 0.656340 0.710611
vt 0.654048 0.707422
vt 0.654851 0.707063
vt 0.656340 0.710826
vt 0.656452 0.706829
vt 0.656340 0.711230
vt 0.656007 0.711490
vt 0.656023 0.710741
vt 0.511432 0.686600
vt 0.510089 0.686600
vt 0.510109 0.686277
vt 0.509947 0.686521
vt 0.510021 0.686600
vt 0.509988 0.686600
vt 0.509855 0.686457
vt 0.508980 0.685882
vt 0.507837 0.686600
vt 0.507641 0.685808
vt 0.505721 0.686600
vt 0.505712 0.686328
vt 0.506191 0.685985
vt 0.505158 0.686304
vt 0.505532 0.686413
vt 0.505918 0.686378
vt 0.504276 0.686600
vt 0.507031 0.686669
vt 0.505721 0.686908
vt 0.508341 0.686634
vt 0.504478 0.687387
vt 0.503571 0.686942
vt 0.509652 0.686840
vt 0.510928 0.687250
vt 0.511634 0.686669
vt 0.503442 0.687955
vt 0.512112 0.687872
vt 0.512843 0.687387
vt 0.513847 0.688383
vt 0.513567 0.688515
vt 0.513913 0.688841
vt 0.513727 0.688658
vt 0.513146 0.688686
vt 0.514856 0.689368
vt 0.514053 0.689644
vt 0.514800 0.690757
vt 0.515584 0.690502
vt 0.515898 0.692234
vt 0.515330 0.691935
vt 0.516155 0.691874
vt 0.515976 0.692477
vt 0.515632 0.693235
vt 0.516472 0.693167
vt 0.515766 0.694569
vt 0.516573 0.694569
vt 0.516030 0.696670
vt 0.516472 0.695937
vt 0.515632 0.695868
vt 0.516153 0.697253
vt 0.515732 0.696869
vt 0.515046 0.697860
vt 0.515584 0.698602
vt 0.514815 0.698327
vt 0.513919 0.700441
vt 0.514856 0.699735
vt 0.514053 0.699459
vt 0.513480 0.700404
vt 0.513781 0.700691
vt 0.511781 0.701409
vt 0.513565 0.700620
vt 0.513941 0.700317
vt 0.512845 0.701715
vt 0.509973 0.702596
vt 0.509652 0.702264
vt 0.511634 0.702435
vt 0.510161 0.702834
vt 0.507851 0.702463
vt 0.508980 0.703221
vt 0.505700 0.702438
vt 0.505790 0.702868
vt 0.507569 0.703290
vt 0.504847 0.702777
vt 0.505951 0.702681
vt 0.505578 0.702742
vt 0.503787 0.702303
vt 0.503929 0.701425
vt 0.502034 0.700434
vt 0.502395 0.701409
vt 0.502328 0.700212
vt 0.501699 0.700494
vt 0.501079 0.698664
vt 0.500661 0.699524
vt 0.499801 0.696754
vt 0.499875 0.698091
vt 0.500278 0.696860
vt 0.500009 0.695560
vt 0.499503 0.695737
vt 0.499513 0.696746
vt 0.499779 0.696460
vt 0.499590 0.696807
vt 0.438356 0.691396
vt 0.439209 0.686785
vt 0.429446 0.691282
vt 0.442468 0.688714
vt 0.441232 0.686977
vt 0.442802 0.688173
vt 0.438340 0.692246
vt 0.437574 0.691821
vt 0.442814 0.689055
vt 0.433015 0.691673
vt 0.435684 0.692244
vt 0.434579 0.693164
vt 0.432811 0.691673
vt 0.432221 0.691673
vt 0.434403 0.693452
vt 0.433981 0.694058
vt 0.431621 0.692516
vt 0.431145 0.691673
vt 0.442620 0.688589
vt 0.443346 0.688727
vt 0.442971 0.688919
vt 0.442590 0.688980
vt 0.442904 0.688455
vt 0.442782 0.688733
vt 0.444499 0.690226
vt 0.444729 0.692300
vt 0.442376 0.693691
vt 0.444768 0.692760
vt 0.439348 0.693903
vt 0.444994 0.694863
vt 0.445424 0.692794
vt 0.445458 0.696629
vt 0.444916 0.696565
vt 0.439014 0.693046
vt 0.437760 0.692170
vt 0.438830 0.693158
vt 0.442564 0.695544
vt 0.444648 0.696897
vt 0.442986 0.694860
vt 0.442318 0.695719
vt 0.442612 0.695120
vt 0.438476 0.698225
vt 0.442341 0.695514
vt 0.442481 0.695642
vt 0.442077 0.695071
vt 0.444895 0.697276
vt 0.441948 0.695218
vt 0.441822 0.694731
vt 0.442750 0.700390
vt 0.444495 0.699191
vt 0.443347 0.700684
vt 0.442998 0.700548
vt 0.442618 0.700855
vt 0.442802 0.701239
vt 0.438424 0.697357
vt 0.442448 0.700784
vt 0.441316 0.702378
vt 0.439308 0.702695
vt 0.439471 0.703151
vt 0.438722 0.702742
vt 0.439036 0.703069
vt 0.439216 0.702738
vt 0.438983 0.702857
vt 0.439173 0.703098
vt 0.438726 0.703351
vt 0.438762 0.702786
vt 0.437037 0.703603
vt 0.434925 0.702734
vt 0.434916 0.703351
vt 0.434366 0.702667
vt 0.434913 0.702944
vt 0.434536 0.703005
vt 0.434136 0.703134
vt 0.434359 0.702668
vt 0.434818 0.702650
vt 0.431841 0.702078
vt 0.431176 0.700662
vt 0.430874 0.701238
vt 0.430778 0.700360
vt 0.431018 0.700884
vt 0.430696 0.700684
vt 0.430383 0.700618
vt 0.430839 0.700343
vt 0.431078 0.700572
vt 0.429141 0.699138
vt 0.429478 0.698230
vt 0.437906 0.697798
vt 0.428906 0.697145
vt 0.428393 0.697388
vt 0.428886 0.696623
vt 0.428477 0.696992
vt 0.428909 0.697027
vt 0.428289 0.696594
vt 0.428668 0.696639
vt 0.428332 0.695820
vt 0.428908 0.695674
vt 0.428690 0.696937
vt 0.428399 0.696929
vt 0.437502 0.697480
vt 0.433015 0.697738
vt 0.435682 0.697166
vt 0.434521 0.696189
vt 0.432811 0.697738
vt 0.432228 0.697738
vt 0.434382 0.695918
vt 0.434010 0.695307
vt 0.431650 0.697237
vt 0.431145 0.697738
vt 0.432419 0.696722
vt 0.431621 0.696489
vt 0.441909 0.694247
vt 0.442231 0.694214
vt 0.438986 0.696371
vt 0.438241 0.697040
vt 0.439465 0.695375
vt 0.437486 0.697266
vt 0.442262 0.694030
vt 0.442262 0.693787
vt 0.442500 0.694030
vt 0.442394 0.693893
vt 0.442262 0.693822
vt 0.442339 0.693720
vt 0.442892 0.694282
vt 0.442500 0.693787
vt 0.442709 0.694332
vt 0.439402 0.694635
vt 0.439175 0.694875
vt 0.438805 0.694881
vt 0.438825 0.694493
vt 0.438642 0.693688
vt 0.438720 0.695784
vt 0.438889 0.696262
vt 0.438467 0.694407
vt 0.438284 0.693535
vt 0.438420 0.695277
vt 0.438284 0.695906
vt 0.437455 0.693150
vt 0.438624 0.692956
vt 0.437672 0.696178
vt 0.438012 0.692956
vt 0.436256 0.693029
vt 0.436360 0.692796
vt 0.435981 0.692848
vt 0.438012 0.696456
vt 0.438624 0.696456
vt 0.436832 0.696386
vt 0.438590 0.696456
vt 0.438012 0.696490
vt 0.437688 0.696812
vt 0.437570 0.696490
vt 0.436822 0.696490
vt 0.437272 0.696789
vt 0.437400 0.696490
vt 0.436376 0.696868
vt 0.436245 0.696490
vt 0.435974 0.697188
vt 0.435964 0.696823
vt 0.434889 0.696598
vt 0.435633 0.696490
vt 0.436075 0.696490
vt 0.435055 0.696456
vt 0.435633 0.696456
vt 0.434731 0.696297
vt 0.435973 0.696178
vt 0.435021 0.696456
vt 0.435012 0.696129
vt 0.435396 0.695851
vt 0.434613 0.696005
vt 0.434165 0.695375
vt 0.434613 0.695867
vt 0.434613 0.695936
vt 0.435054 0.695711
vt 0.435178 0.695023
vt 0.435123 0.693770
vt 0.434823 0.694825
vt 0.434688 0.694468
vt 0.434278 0.694740
vt 0.434255 0.693784
vt 0.434754 0.693156
vt 0.434651 0.694949
vt 0.434469 0.694572
vt 0.435021 0.692956
vt 0.435151 0.693189
vt 0.435633 0.692956
vt 0.435444 0.693521
vt 0.435947 0.692609
vt 0.435055 0.692956
vt 0.435791 0.692170
vt 0.436177 0.692401
vt 0.436822 0.692401
vt 0.436405 0.692630
vt 0.436245 0.692401
vt 0.436424 0.692235
vt 0.437502 0.692401
vt 0.437720 0.692616
vt 0.437238 0.692524
vt 0.437400 0.692401
vt 0.437404 0.692874
vt 0.438590 0.692956
vt 0.845326 0.041042
vt 0.844551 0.040443
vt 0.843547 0.040790
vt 0.844755 0.040443
vt 0.843207 0.040443
vt 0.845983 0.040443
vt 0.846900 0.040811
vt 0.847003 0.040443
vt 0.843295 0.041291
vt 0.842811 0.040796
vt 0.843211 0.040727
vt 0.842792 0.041300
vt 0.842773 0.040727
vt 0.842060 0.040443
vt 0.847447 0.040806
vt 0.848026 0.040443
vt 0.841120 0.041041
vt 0.840701 0.040443
vt 0.839229 0.040443
vt 0.838990 0.040806
vt 0.839083 0.041229
vt 0.838180 0.040673
vt 0.838687 0.040727
vt 0.838653 0.041324
vt 0.838262 0.041094
vt 0.837284 0.040443
vt 0.836178 0.041046
vt 0.836568 0.040443
vt 0.835488 0.040443
vt 0.834931 0.040808
vt 0.838717 0.040443
vt 0.838751 0.040443
vt 0.838649 0.040443
vt 0.838560 0.040651
vt 0.505267 0.702041
vt 0.505269 0.696299
vt 0.506732 0.697397
vt 0.507559 0.697631
vt 0.509086 0.697383
vt 0.504551 0.695152
vt 0.504743 0.694316
vt 0.503919 0.695767
vt 0.505430 0.692608
vt 0.504443 0.693765
vt 0.503885 0.693313
vt 0.502264 0.696886
vt 0.502395 0.695903
vt 0.502275 0.700213
vt 0.501801 0.697257
vt 0.500489 0.697433
vt 0.500829 0.697143
vt 0.500421 0.696551
vt 0.500016 0.695507
vt 0.500413 0.695167
vt 0.500413 0.693628
vt 0.500034 0.693601
vt 0.500418 0.691829
vt 0.500429 0.692501
vt 0.501559 0.689738
vt 0.500939 0.691924
vt 0.501959 0.691947
vt 0.505059 0.687083
vt 0.505552 0.687156
vt 0.502327 0.692323
vt 0.502395 0.693201
vt 0.506979 0.691561
vt 0.508868 0.691641
vt 0.510545 0.692943
vt 0.507318 0.686839
vt 0.513183 0.694066
vt 0.512778 0.694577
vt 0.510948 0.694615
vt 0.510401 0.696333
vt 0.513030 0.694912
vt 0.513291 0.695350
vt 0.513429 0.695475
vt 0.513269 0.695552
vt 0.510262 0.702052
vt 0.507901 0.702490
vt 0.513511 0.695379
vt 0.512731 0.700815
vt 0.513559 0.694961
vt 0.515758 0.694548
vt 0.513929 0.694704
vt 0.513655 0.694183
vt 0.515385 0.692293
vt 0.513415 0.694090
vt 0.513448 0.693676
vt 0.513415 0.693680
vt 0.513289 0.693579
vt 0.514182 0.689775
vt 0.511350 0.687458
vt 0.508645 0.686678
vt 0.513247 0.693645
vt 0.513247 0.694090
vt 0.513247 0.693680
vt 0.513344 0.693750
vt 0.517791 0.844088
vt 0.518444 0.843983
vt 0.517070 0.843983
vt 0.517243 0.844181
vt 0.517070 0.844530
vt 0.518042 0.844536
vt 0.518460 0.845391
vt 0.517697 0.844970
vt 0.518510 0.844444
vt 0.518991 0.843035
vt 0.518644 0.842208
vt 0.519392 0.842136
vt 0.517070 0.843710
vt 0.516889 0.842208
vt 0.516860 0.843585
vt 0.516708 0.843710
vt 0.516972 0.843653
vt 0.517070 0.843745
vt 0.517070 0.843813
vt 0.516953 0.843889
vt 0.516896 0.843913
vt 0.512153 0.843369
vt 0.512153 0.842208
vt 0.511466 0.842208
vt 0.516708 0.843983
vt 0.516708 0.843813
vt 0.516708 0.844564
vt 0.516005 0.844156
vt 0.517070 0.844564
vt 0.515898 0.844829
vt 0.517201 0.844819
vt 0.516538 0.844849
vt 0.516708 0.844530
vt 0.516708 0.845212
vt 0.517070 0.845212
vt 0.511669 0.844079
vt 0.516708 0.846407
vt 0.517983 0.845623
vt 0.517547 0.845393
vt 0.517231 0.845551
vt 0.517070 0.845861
vt 0.517862 0.846232
vt 0.518814 0.847008
vt 0.519375 0.848201
vt 0.518632 0.848185
vt 0.517070 0.848182
vt 0.517070 0.846680
vt 0.517070 0.846407
vt 0.517279 0.846240
vt 0.516893 0.846815
vt 0.517070 0.846714
vt 0.516708 0.848182
vt 0.516708 0.846714
vt 0.516903 0.846477
vt 0.517070 0.846578
vt 0.516708 0.846578
vt 0.516708 0.845861
vt 0.516502 0.846238
vt 0.512153 0.847021
vt 0.516708 0.846680
vt 0.512153 0.848182
vt 0.511466 0.848182
vt 0.510943 0.847084
vt 0.510961 0.848666
vt 0.510345 0.847482
vt 0.510911 0.847598
vt 0.510345 0.847100
vt 0.510056 0.847393
vt 0.511587 0.846520
vt 0.510791 0.846149
vt 0.511650 0.846319
vt 0.510634 0.844246
vt 0.515859 0.846195
vt 0.515734 0.845828
vt 0.516106 0.845415
vt 0.516551 0.845549
vt 0.515923 0.845540
vt 0.510534 0.846293
vt 0.510056 0.846202
vt 0.510204 0.846378
vt 0.510695 0.848071
vt 0.510056 0.847499
vt 0.510056 0.849300
vt 0.510675 0.850846
vt 0.510056 0.850844
vt 0.511544 0.843913
vt 0.510960 0.844188
vt 0.510960 0.843231
vt 0.510960 0.841823
vt 0.510345 0.843059
vt 0.510345 0.843311
vt 0.510056 0.843004
vt 0.510889 0.842731
vt 0.510345 0.842779
vt 0.475817 0.896339
vt 0.473099 0.895361
vt 0.473106 0.896282
vt 0.475821 0.895382
vt 0.475807 0.894422
vt 0.473635 0.896347
vt 0.473635 0.896785
vt 0.475847 0.896787
vt 0.473635 0.897516
vt 0.473088 0.897380
vt 0.473635 0.898465
vt 0.473635 0.894378
vt 0.475754 0.893961
vt 0.473635 0.893944
vt 0.473102 0.893232
vt 0.473635 0.893578
vt 0.473635 0.892575
vt 0.932615 0.154291
vt 0.931734 0.153851
vt 0.932615 0.153964
vt 0.931734 0.154420
vt 0.735864 0.355919
vt 0.735874 0.356800
vt 0.735686 0.356800
vt 0.735577 0.356800
vt 0.735304 0.355919
vt 0.735414 0.356800
vt 0.513522 0.379669
vt 0.513754 0.378456
vt 0.512990 0.379569
vt 0.511935 0.378163
vt 0.887962 0.334297
vt 0.888408 0.334200
vt 0.887962 0.334301
vt 0.887873 0.333676
vt 0.887962 0.333762
vt 0.887962 0.334870
vt 0.888443 0.334870
vt 0.887962 0.334198
vt 0.887944 0.333911
vt 0.888425 0.333976
vt 0.572967 0.357448
vt 0.572397 0.357575
vt 0.572397 0.357909
vt 0.572397 0.357172
vt 0.572967 0.358053
vt 0.828163 0.416650
vt 0.833266 0.416120
vt 0.828217 0.416084
vt 0.833417 0.415901
vt 0.828217 0.415618
vt 0.833663 0.416388
vt 0.833485 0.416104
vt 0.833722 0.416449
vt 0.833989 0.416145
vt 0.833784 0.415806
vt 0.833998 0.416277
vt 0.833998 0.416207
vt 0.834206 0.416158
vt 0.833998 0.416629
vt 0.833274 0.416403
vt 0.834639 0.416258
vt 0.835133 0.415655
vt 0.834943 0.416362
vt 0.834877 0.415861
vt 0.835396 0.417233
vt 0.835321 0.416524
vt 0.835028 0.417374
vt 0.835495 0.417677
vt 0.834877 0.417156
vt 0.834649 0.417511
vt 0.834791 0.417772
vt 0.834160 0.417475
vt 0.834178 0.417825
vt 0.833784 0.417955
vt 0.833896 0.417609
vt 0.833486 0.417550
vt 0.833366 0.417851
vt 0.833399 0.417425
vt 0.833266 0.417704
vt 0.828217 0.417510
vt 0.827412 0.415362
vt 0.827412 0.416101
vt 0.827412 0.417406
vt 0.828175 0.414893
vt 0.827412 0.414505
vt 0.828155 0.418690
vt 0.827412 0.418829
vt 0.807296 0.475144
vt 0.803360 0.475097
vt 0.803360 0.473828
vt 0.803481 0.472261
vt 0.803660 0.472658
vt 0.807295 0.473697
vt 0.807525 0.474042
vt 0.802259 0.475167
vt 0.803349 0.475718
vt 0.802971 0.475994
vt 0.802240 0.476409
vt 0.802206 0.476103
vt 0.802293 0.473549
vt 0.803300 0.473212
vt 0.802938 0.472920
vt 0.802190 0.472911
vt 0.801410 0.472970
vt 0.801410 0.473367
vt 0.802190 0.473535
vt 0.801410 0.473390
vt 0.801410 0.474783
vt 0.802190 0.474808
vt 0.801410 0.475698
vt 0.802190 0.475650
vt 0.707668 0.108186
vt 0.709344 0.110242
vt 0.707062 0.110235
vt 0.709144 0.108207
vt 0.706369 0.108209
vt 0.710157 0.108169
vt 0.705155 0.108213
vt 0.711714 0.110245
vt 0.703492 0.110244
vt 0.711097 0.108191
vt 0.703989 0.108231
vt 0.712461 0.108227
vt 0.712876 0.110239
vt 0.713315 0.108113
vt 0.703024 0.108113
vt 0.702549 0.110239
vt 0.702099 0.108113
vt 0.471784 0.686601
vt 0.470848 0.686246
vt 0.472153 0.685830
vt 0.475111 0.686442
vt 0.473557 0.685808
vt 0.474690 0.685946
vt 0.473933 0.686553
vt 0.475180 0.686764
vt 0.475264 0.686288
vt 0.475946 0.686288
vt 0.475307 0.686518
vt 0.475192 0.686596
vt 0.475357 0.686378
vt 0.475336 0.686288
vt 0.478822 0.688639
vt 0.477131 0.686801
vt 0.478887 0.688506
vt 0.478854 0.688580
vt 0.478243 0.687520
vt 0.479174 0.688396
vt 0.478997 0.688443
vt 0.479033 0.688443
vt 0.479099 0.688638
vt 0.480110 0.689367
vt 0.479256 0.689382
vt 0.480786 0.690449
vt 0.480553 0.691574
vt 0.481250 0.692138
vt 0.480933 0.692452
vt 0.481654 0.692924
vt 0.481313 0.692442
vt 0.481798 0.694071
vt 0.481177 0.694497
vt 0.481764 0.695557
vt 0.480822 0.696658
vt 0.481055 0.696704
vt 0.481377 0.696720
vt 0.481079 0.698055
vt 0.481208 0.696887
vt 0.480467 0.699215
vt 0.481259 0.696858
vt 0.481223 0.696858
vt 0.479229 0.699736
vt 0.478966 0.700429
vt 0.479204 0.700552
vt 0.478168 0.700804
vt 0.477705 0.701955
vt 0.476981 0.701641
vt 0.478782 0.701168
vt 0.479025 0.700661
vt 0.476556 0.702570
vt 0.475281 0.702565
vt 0.475151 0.702321
vt 0.475286 0.702854
vt 0.474258 0.703207
vt 0.475077 0.702729
vt 0.475121 0.702741
vt 0.472796 0.702682
vt 0.472621 0.703290
vt 0.470882 0.702782
vt 0.471423 0.703152
vt 0.470328 0.702868
vt 0.470906 0.702546
vt 0.470189 0.702104
vt 0.468983 0.702297
vt 0.468520 0.701237
vt 0.471031 0.702670
vt 0.470774 0.702677
vt 0.467259 0.700596
vt 0.467870 0.701578
vt 0.467143 0.700660
vt 0.466931 0.700624
vt 0.467135 0.700371
vt 0.466039 0.699731
vt 0.465321 0.698637
vt 0.466301 0.698945
vt 0.464819 0.697439
vt 0.465080 0.696718
vt 0.465430 0.697055
vt 0.464882 0.696868
vt 0.464819 0.696824
vt 0.464855 0.696824
vt 0.464836 0.696624
vt 0.464460 0.696174
vt 0.465010 0.694601
vt 0.464317 0.694864
vt 0.464884 0.692482
vt 0.464378 0.693638
vt 0.465407 0.692133
vt 0.464765 0.692255
vt 0.465085 0.692316
vt 0.465909 0.690829
vt 0.465070 0.691043
vt 0.467415 0.688800
vt 0.469554 0.686529
vt 0.469445 0.687325
vt 0.470790 0.686532
vt 0.470866 0.686636
vt 0.471038 0.686504
vt 0.471639 0.686562
vt 0.470921 0.686562
vt 0.470957 0.686562
vt 0.467216 0.688673
vt 0.468407 0.687146
vt 0.467367 0.687930
vt 0.467144 0.688439
vt 0.467044 0.688459
vt 0.466434 0.688854
vt 0.466954 0.688629
vt 0.465613 0.689980
vt 0.466972 0.688580
vt 0.466972 0.688546
vt 0.730617 0.388693
vt 0.730562 0.388387
vt 0.730149 0.389279
vt 0.730668 0.388693
vt 0.730612 0.388331
vt 0.730649 0.388693
vt 0.729980 0.387916
vt 0.731486 0.387947
vt 0.730861 0.388366
vt 0.730724 0.388693
vt 0.730870 0.388583
vt 0.730845 0.389381
vt 0.730775 0.388693
vt 0.730826 0.388693
vt 0.731486 0.389381
vt 0.730794 0.388693
vt 0.730780 0.388693
vt 0.730756 0.388693
vt 0.730687 0.388693
vt 0.730622 0.388367
vt 0.730663 0.388693
vt 0.730895 0.387882
vt 0.730609 0.387875
vt 0.730552 0.388331
vt 0.943863 0.356410
vt 0.943693 0.356471
vt 0.943798 0.356800
vt 0.943798 0.356800
vt 0.943896 0.356450
vt 0.943883 0.355919
vt 0.943863 0.356410
vt 0.943635 0.356333
vt 0.834753 0.104075
vt 0.835539 0.105506
vt 0.837736 0.104063
vt 0.833520 0.105496
vt 0.832425 0.104081
vt 0.837865 0.105486
vt 0.840003 0.105481
vt 0.840281 0.104040
vt 0.841243 0.105520
vt 0.842141 0.104048
vt 0.843551 0.104063
vt 0.844866 0.105537
vt 0.845940 0.104075
vt 0.844908 0.105859
vt 0.845141 0.105536
vt 0.845190 0.105859
vt 0.846147 0.105711
vt 0.845216 0.105529
vt 0.815103 0.853049
vt 0.817325 0.852823
vt 0.815103 0.852719
vt 0.817274 0.852161
vt 0.815103 0.852245
vt 0.817147 0.853727
vt 0.815103 0.853821
vt 0.816917 0.854870
vt 0.815103 0.854774
vt 0.816630 0.856285
vt 0.815103 0.855800
vt 0.816411 0.857382
vt 0.815103 0.856958
vt 0.815103 0.856634
vt 0.814567 0.856644
vt 0.815103 0.857999
vt 0.816176 0.858569
vt 0.815103 0.859062
vt 0.815994 0.859384
vt 0.815103 0.860014
vt 0.815845 0.860245
vt 0.438707 0.686664
vt 0.434583 0.686849
vt 0.435011 0.686463
vt 0.437041 0.685808
vt 0.438726 0.686060
vt 0.432116 0.687180
vt 0.434193 0.686369
vt 0.431176 0.688772
vt 0.430873 0.688173
vt 0.430785 0.689055
vt 0.431105 0.688634
vt 0.430522 0.688693
vt 0.429123 0.690292
vt 0.430834 0.688976
vt 0.430926 0.688709
vt 0.428849 0.692203
vt 0.428953 0.692712
vt 0.428393 0.692055
vt 0.428641 0.692883
vt 0.428884 0.693683
vt 0.428289 0.693614
vt 0.428384 0.692483
vt 0.428757 0.692253
vt 0.428463 0.692421
vt 0.428895 0.692537
vt 0.428724 0.692793
vt 0.428317 0.692825
vt 0.428527 0.693364
vt 0.428289 0.693388
vt 0.428867 0.693441
vt 0.481263 0.378916
vt 0.481799 0.378660
vt 0.481263 0.379032
vt 0.481286 0.378663
vt 0.481762 0.379669
vt 0.480576 0.378793
vt 0.481263 0.378428
vt 0.481136 0.378296
vt 0.479986 0.378163
vt 0.480414 0.379030
vt 0.479980 0.379669
vt 0.550670 0.881525
vt 0.550670 0.881350
vt 0.551789 0.880861
vt 0.553180 0.884359
vt 0.552468 0.881683
vt 0.552725 0.881325
vt 0.553854 0.880940
vt 0.553854 0.881233
vt 0.550670 0.881213
vt 0.550670 0.879983
vt 0.550670 0.879827
vt 0.550670 0.879417
vt 0.550245 0.879920
vt 0.550670 0.880003
vt 0.550670 0.879807
vt 0.550670 0.880157
vt 0.550156 0.880070
vt 0.550670 0.879693
vt 0.550156 0.879632
vt 0.550670 0.881291
vt 0.550156 0.881336
vt 0.550670 0.881193
vt 0.550670 0.881369
vt 0.550670 0.881619
vt 0.550670 0.881015
vt 0.550156 0.881045
vt 0.550670 0.881380
vt 0.550156 0.881513
vt 0.390588 0.752332
vt 0.389151 0.751506
vt 0.390605 0.749209
vt 0.389146 0.753319
vt 0.390610 0.753415
vt 0.389133 0.750111
vt 0.390593 0.747018
vt 0.389128 0.746500
vt 0.389162 0.745215
vt 0.390612 0.744943
vt 0.389156 0.742595
vt 0.390603 0.744053
vt 0.390591 0.741829
vt 0.390623 0.741076
vt 0.390624 0.740946
vt 0.390947 0.740977
vt 0.390947 0.744836
vt 0.390621 0.744625
vt 0.390947 0.744126
vt 0.390766 0.745422
vt 0.390734 0.742911
vt 0.710492 0.750881
vt 0.708428 0.751438
vt 0.708494 0.752435
vt 0.710494 0.752475
vt 0.708450 0.750430
vt 0.708437 0.749202
vt 0.710496 0.748398
vt 0.708458 0.748113
vt 0.708453 0.746741
vt 0.710492 0.746767
vt 0.708426 0.745457
vt 0.710494 0.744911
vt 0.708427 0.744323
vt 0.710491 0.742979
vt 0.708429 0.743258
vt 0.708364 0.742222
vt 0.708364 0.741288
vt 0.710479 0.740946
vt 0.955161 0.123460
vt 0.955072 0.123721
vt 0.954944 0.123460
vt 0.954913 0.123721
vt 0.955143 0.123721
vt 0.955174 0.123721
vt 0.491101 0.685808
vt 0.489973 0.686655
vt 0.492265 0.686754
vt 0.488553 0.686341
vt 0.489697 0.685830
vt 0.488249 0.686223
vt 0.488333 0.686532
vt 0.488392 0.686246
vt 0.486387 0.687823
vt 0.492234 0.685946
vt 0.487098 0.686529
vt 0.485440 0.688542
vt 0.492621 0.686419
vt 0.492800 0.686245
vt 0.492850 0.686518
vt 0.493490 0.686288
vt 0.492880 0.686288
vt 0.494645 0.687728
vt 0.492916 0.686288
vt 0.494675 0.686801
vt 0.495813 0.688579
vt 0.498869 0.691647
vt 0.497507 0.690623
vt 0.496409 0.688543
vt 0.495787 0.687520
vt 0.496692 0.688547
vt 0.496718 0.688396
vt 0.498330 0.690449
vt 0.497654 0.689367
vt 0.496643 0.688638
vt 0.496577 0.688443
vt 0.498797 0.692346
vt 0.499197 0.692924
vt 0.498540 0.692566
vt 0.499342 0.694071
vt 0.498575 0.694432
vt 0.499308 0.695557
vt 0.498431 0.696073
vt 0.498873 0.696751
vt 0.498590 0.696733
vt 0.498623 0.698055
vt 0.497468 0.698570
vt 0.498011 0.699215
vt 0.496802 0.700458
vt 0.496748 0.700552
vt 0.496404 0.700172
vt 0.496326 0.701168
vt 0.496510 0.700429
vt 0.496410 0.700570
vt 0.496469 0.700655
vt 0.495249 0.701955
vt 0.495584 0.700724
vt 0.494100 0.702570
vt 0.492915 0.702904
vt 0.492858 0.702564
vt 0.492893 0.702163
vt 0.492628 0.702707
vt 0.491588 0.703254
vt 0.491242 0.702444
vt 0.490165 0.703290
vt 0.488575 0.702670
vt 0.488967 0.703152
vt 0.488899 0.702318
vt 0.488318 0.702677
vt 0.487510 0.701887
vt 0.488450 0.702546
vt 0.488426 0.702782
vt 0.487872 0.702868
vt 0.486012 0.701007
vt 0.484767 0.700467
vt 0.486526 0.702297
vt 0.485414 0.701578
vt 0.484504 0.700610
vt 0.484121 0.699095
vt 0.482865 0.698637
vt 0.483583 0.699731
vt 0.482363 0.697439
vt 0.482571 0.696793
vt 0.483401 0.697863
vt 0.482379 0.696641
vt 0.482718 0.695422
vt 0.482004 0.696174
vt 0.481861 0.694864
vt 0.481922 0.693638
vt 0.482400 0.692508
vt 0.482319 0.692179
vt 0.482657 0.693891
vt 0.482608 0.692310
vt 0.483116 0.691924
vt 0.484194 0.689895
vt 0.482614 0.691043
vt 0.484753 0.688616
vt 0.483157 0.689980
vt 0.485951 0.687146
vt 0.483978 0.688854
vt 0.484911 0.687930
vt 0.484514 0.688558
vt 0.766441 0.131866
vt 0.766518 0.131866
vt 0.766578 0.131605
vt 0.766317 0.131682
vt 0.766403 0.131866
vt 0.955642 0.123462
vt 0.955743 0.123721
vt 0.955706 0.123462
vt 0.955737 0.123462
vt 0.955787 0.123460
vt 0.955801 0.123721
vt 0.955540 0.123721
vt 0.955570 0.123460
vt 0.538824 0.465428
vt 0.534413 0.465297
vt 0.538824 0.464746
vt 0.534552 0.464852
vt 0.538824 0.465856
vt 0.534179 0.465525
vt 0.534179 0.466129
vt 0.538824 0.466172
vt 0.538085 0.466301
vt 0.539129 0.465706
vt 0.539129 0.465961
vt 0.539002 0.465564
vt 0.536552 0.466438
vt 0.534552 0.466228
vt 0.534558 0.467136
vt 0.535026 0.467701
vt 0.536313 0.467475
vt 0.539129 0.464528
vt 0.538824 0.464137
vt 0.534179 0.464447
vt 0.534179 0.464003
vt 0.534179 0.464877
vt 0.809938 0.473100
vt 0.810249 0.473796
vt 0.810444 0.475253
vt 0.811056 0.475449
vt 0.810948 0.474504
vt 0.810528 0.473747
vt 0.811059 0.473555
vt 0.810333 0.473543
vt 0.809945 0.475891
vt 0.809743 0.474645
vt 0.810223 0.475185
vt 0.810630 0.471522
vt 0.809858 0.472670
vt 0.810416 0.475102
vt 0.810528 0.475153
vt 0.810416 0.475067
vt 0.809674 0.476366
vt 0.810585 0.477413
vt 0.809083 0.475116
vt 0.808751 0.475381
vt 0.807083 0.476194
vt 0.809070 0.473890
vt 0.809257 0.472809
vt 0.808791 0.474968
vt 0.807693 0.475203
vt 0.808708 0.473955
vt 0.808800 0.473568
vt 0.807783 0.473738
vt 0.807083 0.472813
vt 0.947397 0.359529
vt 0.947907 0.359052
vt 0.947503 0.359663
vt 0.947967 0.359061
vt 0.947751 0.359933
vt 0.782505 0.719140
vt 0.781045 0.719222
vt 0.782502 0.721460
vt 0.781056 0.717909
vt 0.782498 0.717225
vt 0.781127 0.716999
vt 0.782061 0.716900
vt 0.782060 0.715715
vt 0.782489 0.714740
vt 0.781089 0.715522
vt 0.781350 0.715710
vt 0.781134 0.713847
vt 0.782060 0.713660
vt 0.782504 0.712241
vt 0.782060 0.712476
vt 0.781191 0.712434
vt 0.782512 0.710920
vt 0.781081 0.710155
vt 0.782500 0.708865
vt 0.781471 0.713666
vt 0.781366 0.713638
vt 0.781381 0.713666
vt 0.782681 0.711137
vt 0.782721 0.706566
vt 0.782864 0.706256
vt 0.782538 0.706279
vt 0.782682 0.705858
vt 0.782537 0.712364
vt 0.782864 0.712288
vt 0.782700 0.713765
vt 0.263941 0.749392
vt 0.265942 0.747829
vt 0.265932 0.750270
vt 0.263815 0.748204
vt 0.263914 0.750481
vt 0.263913 0.746999
vt 0.265936 0.751502
vt 0.265947 0.746296
vt 0.263907 0.751500
vt 0.263868 0.752507
vt 0.265936 0.753415
vt 0.263815 0.745706
vt 0.263947 0.744440
vt 0.265937 0.744329
vt 0.264053 0.745843
vt 0.264203 0.745991
vt 0.265936 0.742300
vt 0.263907 0.743162
vt 0.263928 0.742222
vt 0.263815 0.741331
vt 0.265930 0.740946
vt 0.808625 0.320556
vt 0.808871 0.320561
vt 0.808871 0.320517
vt 0.808871 0.320605
vt 0.808725 0.320651
vt 0.808871 0.320824
vt 0.808610 0.320605
vt 0.808610 0.321087
vt 0.808610 0.320561
vt 0.450920 0.900285
vt 0.449793 0.898840
vt 0.449793 0.899247
vt 0.449793 0.899403
vt 0.449793 0.900624
vt 0.449793 0.900759
vt 0.449793 0.900934
vt 0.452313 0.903791
vt 0.451593 0.901130
vt 0.451832 0.900745
vt 0.452973 0.900352
vt 0.452977 0.900643
vt 0.449793 0.900604
vt 0.449279 0.900787
vt 0.449793 0.900701
vt 0.449793 0.900779
vt 0.449793 0.900995
vt 0.449793 0.900463
vt 0.449279 0.900428
vt 0.449793 0.899422
vt 0.449279 0.899296
vt 0.449793 0.899325
vt 0.449793 0.899558
vt 0.449279 0.899571
vt 0.449793 0.899228
vt 0.449793 0.899107
vt 0.449279 0.899137
vt 0.730289 0.356800
vt 0.730425 0.355919
vt 0.730446 0.356800
vt 0.730550 0.356800
vt 0.382489 0.359576
vt 0.381695 0.359576
vt 0.382359 0.359052
vt 0.381685 0.359231
vt 0.381632 0.359933
vt 0.381986 0.359748
vt 0.381790 0.359576
vt 0.381608 0.359231
vt 0.381608 0.359220
vt 0.381608 0.359933
vt 0.522900 0.303228
vt 0.524092 0.302539
vt 0.523987 0.303189
vt 0.523072 0.302491
vt 0.523413 0.301722
vt 0.523463 0.302490
vt 0.525846 0.303148
vt 0.525808 0.302700
vt 0.526598 0.302699
vt 0.526028 0.302510
vt 0.736279 0.355919
vt 0.736123 0.356800
vt 0.735931 0.356800
vt 0.736243 0.356800
vt 0.736500 0.356800
vt 0.736455 0.355919
vt 0.736127 0.356800
vt 0.736013 0.355919
vt 0.890528 0.103974
vt 0.889321 0.103980
vt 0.890633 0.102493
vt 0.888567 0.102510
vt 0.887461 0.103953
vt 0.885069 0.103952
vt 0.885026 0.102505
vt 0.882419 0.103973
vt 0.881276 0.102514
vt 0.880724 0.103949
vt 0.878477 0.102474
vt 0.542008 0.114949
vt 0.542251 0.114695
vt 0.542147 0.114695
vt 0.542095 0.114695
vt 0.542500 0.114693
vt 0.542578 0.114949
vt 0.542239 0.114688
vt 0.542199 0.114695
vt 0.567952 0.387875
vt 0.566615 0.387964
vt 0.567292 0.388552
vt 0.567241 0.388552
vt 0.567321 0.388761
vt 0.567952 0.389298
vt 0.566446 0.389317
vt 0.567190 0.388979
vt 0.567120 0.388979
vt 0.567054 0.388656
vt 0.567274 0.388885
vt 0.567250 0.388552
vt 0.567020 0.388926
vt 0.567076 0.389335
vt 0.567313 0.389381
vt 0.513815 0.379669
vt 0.515634 0.379367
vt 0.514870 0.378262
vt 0.515406 0.378163
vt 0.977785 0.119915
vt 0.978338 0.119961
vt 0.977785 0.119842
vt 0.977785 0.119769
vt 0.978355 0.119700
vt 0.946640 0.862186
vt 0.948186 0.869051
vt 0.946640 0.869051
vt 0.948144 0.862186
vt 0.948708 0.862186
vt 0.948773 0.867198
vt 0.948302 0.867909
vt 0.948912 0.867348
vt 0.948852 0.868131
vt 0.948912 0.867712
vt 0.949217 0.867415
vt 0.949217 0.867198
vt 0.948132 0.867198
vt 0.948912 0.868797
vt 0.948912 0.869330
vt 0.949217 0.868957
vt 0.949217 0.869234
vt 0.944267 0.869267
vt 0.944640 0.868976
vt 0.944267 0.868716
vt 0.944640 0.868577
vt 0.369109 0.674903
vt 0.368236 0.673576
vt 0.368733 0.672507
vt 0.368147 0.673662
vt 0.368164 0.672445
vt 0.368215 0.673423
vt 0.369140 0.669944
vt 0.368216 0.671497
vt 0.368487 0.674775
vt 0.368358 0.674818
vt 0.367199 0.674963
vt 0.368847 0.675803
vt 0.369564 0.675994
vt 0.369314 0.676797
vt 0.370158 0.677015
vt 0.369961 0.677723
vt 0.370680 0.678545
vt 0.371022 0.678023
vt 0.371950 0.678886
vt 0.371650 0.679367
vt 0.373063 0.679563
vt 0.372728 0.680053
vt 0.374189 0.680058
vt 0.373914 0.680567
vt 0.375266 0.680325
vt 0.375136 0.680909
vt 0.376430 0.681046
vt 0.376785 0.680468
vt 0.377688 0.681012
vt 0.377953 0.680371
vt 0.378982 0.680772
vt 0.379082 0.680126
vt 0.380168 0.680327
vt 0.380289 0.679639
vt 0.381318 0.679744
vt 0.381509 0.678896
vt 0.382360 0.678990
vt 0.382492 0.678055
vt 0.383259 0.678065
vt 0.384013 0.677037
vt 0.383279 0.677051
vt 0.383916 0.676035
vt 0.384624 0.675906
vt 0.384390 0.674799
vt 0.385020 0.674673
vt 0.384660 0.673702
vt 0.385271 0.673439
vt 0.384745 0.672320
vt 0.385307 0.672137
vt 0.385163 0.670869
vt 0.384605 0.671026
vt 0.384840 0.669635
vt 0.384312 0.669884
vt 0.384337 0.668436
vt 0.383865 0.668812
vt 0.383186 0.667768
vt 0.383654 0.667374
vt 0.382827 0.666380
vt 0.381536 0.666045
vt 0.381857 0.665557
vt 0.380165 0.665240
vt 0.380779 0.664872
vt 0.379593 0.664358
vt 0.379219 0.664843
vt 0.378200 0.664588
vt 0.378371 0.664015
vt 0.377113 0.663878
vt 0.376716 0.664457
vt 0.375819 0.663913
vt 0.375410 0.664571
vt 0.374561 0.664153
vt 0.374189 0.664861
vt 0.373339 0.664564
vt 0.373016 0.665377
vt 0.372225 0.665146
vt 0.371183 0.665900
vt 0.370283 0.667723
vt 0.370284 0.666791
vt 0.369529 0.667819
vt 0.369700 0.668664
vt 0.368918 0.668950
vt 0.368487 0.670149
vt 0.368138 0.671252
vt 0.368381 0.670118
vt 0.367199 0.669962
vt 0.368236 0.671349
vt 0.899829 0.114885
vt 0.899829 0.114811
vt 0.899778 0.114949
vt 0.899829 0.114848
vt 0.899882 0.114806
vt 0.900061 0.114738
vt 0.900347 0.114688
vt 0.900003 0.114738
vt 0.650347 0.110738
vt 0.649936 0.110694
vt 0.649936 0.110615
vt 0.649936 0.110788
vt 0.649936 0.110796
vt 0.649936 0.110845
vt 0.649510 0.110656
vt 0.649936 0.110615
vt 0.649936 0.110730
vt 0.649936 0.110759
vt 0.649672 0.110876
vt 0.649465 0.110753
vt 0.920014 0.131859
vt 0.920087 0.131866
vt 0.919932 0.131605
vt 0.919826 0.131859
vt 0.893142 0.295368
vt 0.893142 0.295449
vt 0.892572 0.295247
vt 0.892572 0.295711
vt 0.893142 0.295141
vt 0.353729 0.858837
vt 0.354096 0.859143
vt 0.353729 0.860220
vt 0.353545 0.858009
vt 0.352475 0.858433
vt 0.353593 0.858920
vt 0.353729 0.859113
vt 0.352939 0.859086
vt 0.354968 0.860063
vt 0.353261 0.860111
vt 0.353366 0.859396
vt 0.353729 0.859182
vt 0.354016 0.860877
vt 0.354946 0.861465
vt 0.356202 0.860610
vt 0.356929 0.861026
vt 0.357407 0.860999
vt 0.356764 0.861428
vt 0.355949 0.861811
vt 0.357081 0.861717
vt 0.358097 0.861811
vt 0.359135 0.861465
vt 0.358738 0.860284
vt 0.360066 0.860877
vt 0.360288 0.859248
vt 0.360717 0.859478
vt 0.361054 0.859788
vt 0.360935 0.859141
vt 0.359359 0.859954
vt 0.360397 0.858812
vt 0.360961 0.858837
vt 0.361391 0.859182
vt 0.360607 0.857618
vt 0.361320 0.857062
vt 0.361811 0.857682
vt 0.361524 0.857054
vt 0.361749 0.855966
vt 0.361121 0.854430
vt 0.360961 0.856070
vt 0.360568 0.856173
vt 0.360761 0.855223
vt 0.360961 0.854963
vt 0.360324 0.855083
vt 0.360961 0.854617
vt 0.359494 0.854389
vt 0.360748 0.854680
vt 0.360961 0.854894
vt 0.360066 0.853234
vt 0.357301 0.852757
vt 0.357831 0.853507
vt 0.358524 0.852425
vt 0.357125 0.853126
vt 0.356237 0.853507
vt 0.357345 0.852865
vt 0.356924 0.853070
vt 0.356800 0.852778
vt 0.355900 0.852307
vt 0.357023 0.852161
vt 0.354946 0.852646
vt 0.354632 0.854349
vt 0.354016 0.853234
vt 0.353264 0.854029
vt 0.353666 0.854885
vt 0.353720 0.855322
vt 0.353215 0.854738
vt 0.352932 0.855032
vt 0.353547 0.856099
vt 0.352475 0.855677
vt 0.576976 0.361906
vt 0.576902 0.362611
vt 0.576829 0.361906
vt 0.576784 0.361559
vt 0.576829 0.362611
vt 0.576829 0.362622
vt 0.577481 0.362752
vt 0.577665 0.362264
vt 0.576911 0.362264
vt 0.577002 0.362264
vt 0.577230 0.362264
vt 0.801718 0.271645
vt 0.801979 0.271934
vt 0.801979 0.272215
vt 0.841938 0.282395
vt 0.842077 0.282297
vt 0.841507 0.282866
vt 0.761935 0.087241
vt 0.763194 0.087380
vt 0.763194 0.087119
vt 0.764380 0.087323
vt 0.655451 0.706361
vt 0.651893 0.705858
vt 0.660370 0.706126
vt 0.985058 0.129148
vt 0.984680 0.129983
vt 0.985873 0.129901
vt 0.986173 0.129102
vt 0.987744 0.129901
vt 0.987727 0.129150
vt 0.988691 0.129354
vt 0.858109 0.131605
vt 0.858146 0.131605
vt 0.858370 0.131866
vt 0.977671 0.119961
vt 0.977159 0.119961
vt 0.977159 0.119886
vt 0.977159 0.119811
vt 0.977159 0.119700
vt 0.977728 0.119740
vt 0.919671 0.152021
vt 0.919915 0.151872
vt 0.919671 0.152147
vt 0.920083 0.152219
vt 0.919671 0.151697
vt 0.919202 0.151658
vt 0.919671 0.152084
vt 0.919241 0.152227
vt 0.136934 0.898316
vt 0.137259 0.898465
vt 0.136763 0.898465
vt 0.137200 0.897491
vt 0.136958 0.897812
vt 0.136534 0.894848
vt 0.135909 0.893999
vt 0.136755 0.894466
vt 0.137811 0.894076
vt 0.137814 0.894365
vt 0.134429 0.895097
vt 0.136744 0.898414
vt 0.134481 0.892575
vt 0.134869 0.892575
vt 0.859989 0.298217
vt 0.860017 0.298074
vt 0.860068 0.298074
vt 0.860115 0.298074
vt 0.860223 0.298194
vt 0.860025 0.297648
vt 0.860250 0.297656
vt 0.860115 0.298074
vt 0.488688 0.378317
vt 0.488064 0.379078
vt 0.488794 0.379032
vt 0.488794 0.378428
vt 0.488027 0.378792
vt 0.487509 0.378163
vt 0.487499 0.379669
vt 0.489299 0.379669
vt 0.489318 0.378729
vt 0.488794 0.378916
vt 0.488819 0.378691
vt 0.790280 0.123721
vt 0.790203 0.123721
vt 0.790348 0.123671
vt 0.790356 0.123663
vt 0.790356 0.123634
vt 0.790356 0.123605
vt 0.790387 0.123568
vt 0.790203 0.123489
vt 0.790280 0.123489
vt 0.790126 0.123489
vt 0.790126 0.123460
vt 0.932639 0.120327
vt 0.932848 0.120588
vt 0.932788 0.120330
vt 0.932929 0.120327
vt 0.932359 0.120588
vt 0.932374 0.120328
vt 0.907193 0.136304
vt 0.907087 0.136304
vt 0.907242 0.136565
vt 0.906981 0.136304
vt 0.953554 0.123463
vt 0.953608 0.123721
vt 0.953475 0.123463
vt 0.953572 0.123460
vt 0.953356 0.123721
vt 0.953347 0.123462
vt 0.791380 0.136565
vt 0.791641 0.136565
vt 0.791529 0.136304
vt 0.734623 0.136304
vt 0.734362 0.136304
vt 0.734493 0.136565
vt 0.993371 0.113322
vt 0.993178 0.113121
vt 0.993371 0.113259
vt 0.993136 0.113382
vt 0.993371 0.113354
vt 0.993371 0.113216
vt 0.993371 0.113164
vt 0.993706 0.113221
vt 0.993371 0.113290
vt 0.993509 0.113357
vt 0.658903 0.110680
vt 0.659333 0.110759
vt 0.659332 0.110796
vt 0.659333 0.110730
vt 0.659332 0.110695
vt 0.659333 0.110615
vt 0.659067 0.110876
vt 0.658864 0.110744
vt 0.659745 0.110745
vt 0.659333 0.110845
vt 0.659333 0.110615
vt 0.659333 0.110788
vt 0.959560 0.123563
vt 0.959299 0.123721
vt 0.959303 0.123460
vt 0.641669 0.359445
vt 0.641630 0.359380
vt 0.641725 0.359445
vt 0.641884 0.359933
vt 0.641891 0.359180
vt 0.641778 0.359445
vt 0.641660 0.359052
vt 0.140706 0.898465
vt 0.140636 0.897448
vt 0.139350 0.893997
vt 0.139977 0.894809
vt 0.140215 0.894456
vt 0.141260 0.894365
vt 0.141260 0.894076
vt 0.137908 0.892575
vt 0.138312 0.892575
vt 0.137875 0.895097
vt 0.140399 0.897802
vt 0.140349 0.898346
vt 0.140097 0.898432
vt 0.962693 0.120334
vt 0.962485 0.120588
vt 0.962818 0.120334
vt 0.962631 0.120334
vt 0.962434 0.120330
vt 0.963004 0.120332
vt 0.962942 0.120588
vt 0.962803 0.120327
vt 0.962756 0.120334
vt 0.888497 0.135991
vt 0.888657 0.136252
vt 0.888758 0.136252
vt 0.500211 0.692551
vt 0.500009 0.693543
vt 0.499505 0.692551
vt 0.499741 0.692551
vt 0.499995 0.692356
vt 0.499405 0.692471
vt 0.499405 0.693251
vt 0.499576 0.692297
vt 0.499405 0.693475
vt 0.499707 0.692551
vt 0.499834 0.692664
vt 0.499640 0.693352
vt 0.499976 0.693303
vt 0.499640 0.693227
vt 0.501043 0.690504
vt 0.500220 0.690331
vt 0.501667 0.688582
vt 0.502010 0.688633
vt 0.502507 0.687635
vt 0.502328 0.688892
vt 0.671392 0.304482
vt 0.671461 0.304456
vt 0.671653 0.304482
vt 0.671397 0.303601
vt 0.358053 0.632482
vt 0.357099 0.632348
vt 0.358053 0.632236
vt 0.356859 0.635934
vt 0.356862 0.632236
vt 0.357106 0.635840
vt 0.358053 0.635934
vt 0.358053 0.635688
vt 0.357694 0.635314
vt 0.358026 0.635688
vt 0.358025 0.632482
vt 0.357605 0.632858
vt 0.357771 0.632859
vt 0.942956 0.123460
vt 0.942725 0.123721
vt 0.942695 0.123721
vt 0.991570 0.722148
vt 0.992139 0.724594
vt 0.992139 0.723996
vt 0.992139 0.722205
vt 0.432673 0.359639
vt 0.433150 0.359678
vt 0.432673 0.359597
vt 0.432673 0.359723
vt 0.432673 0.359444
vt 0.433087 0.359513
vt 0.433242 0.359052
vt 0.433242 0.359933
vt 0.432673 0.359847
vt 0.433087 0.359849
vt 0.433087 0.359555
vt 0.433087 0.359597
vt 0.597089 0.350386
vt 0.596814 0.350034
vt 0.597089 0.349654
vt 0.596520 0.350386
vt 0.596520 0.349654
vt 0.596520 0.350811
vt 0.597089 0.350847
vt 0.886701 0.333762
vt 0.886620 0.333676
vt 0.886701 0.334870
vt 0.887190 0.334870
vt 0.886701 0.334302
vt 0.887158 0.334185
vt 0.886701 0.334297
vt 0.886701 0.334198
vt 0.886683 0.333925
vt 0.887147 0.333933
vt 0.731390 0.355919
vt 0.731490 0.356800
vt 0.731431 0.356800
vt 0.731229 0.356800
vt 0.996524 0.144380
vt 0.996389 0.144380
vt 0.996466 0.144395
vt 0.995331 0.143825
vt 0.996370 0.144380
vt 0.926917 0.120901
vt 0.926407 0.120640
vt 0.926977 0.120901
vt 0.921937 0.123460
vt 0.921966 0.123460
vt 0.921705 0.123721
vt 0.920611 0.152154
vt 0.921023 0.152227
vt 0.920345 0.151952
vt 0.921023 0.151725
vt 0.920142 0.151658
vt 0.920611 0.152090
vt 0.920611 0.152211
vt 0.920611 0.152026
vt 0.783234 0.131819
vt 0.783495 0.131866
vt 0.783423 0.131819
vt 0.783374 0.131605
vt 0.783328 0.131819
vt 0.909491 0.112941
vt 0.909577 0.112808
vt 0.909804 0.112808
vt 0.910127 0.112918
vt 0.910372 0.113069
vt 0.896275 0.295373
vt 0.895705 0.295141
vt 0.896275 0.295283
vt 0.896275 0.295711
vt 0.895705 0.295708
vt 0.107865 0.886843
vt 0.105920 0.886072
vt 0.108052 0.885996
vt 0.105920 0.887016
vt 0.107694 0.887680
vt 0.105920 0.887982
vt 0.107461 0.888775
vt 0.105920 0.889121
vt 0.107255 0.889760
vt 0.105920 0.890642
vt 0.107041 0.890777
vt 0.106859 0.891544
vt 0.105920 0.892205
vt 0.106670 0.892513
vt 0.618427 0.632387
vt 0.618519 0.632451
vt 0.619330 0.632387
vt 0.618372 0.632387
vt 0.619330 0.632236
vt 0.619330 0.635777
vt 0.617198 0.632244
vt 0.617753 0.632553
vt 0.617843 0.632830
vt 0.618055 0.632762
vt 0.617475 0.633022
vt 0.617198 0.635916
vt 0.617474 0.635141
vt 0.617801 0.635330
vt 0.617752 0.635610
vt 0.618526 0.635704
vt 0.618040 0.635418
vt 0.618427 0.635777
vt 0.618372 0.635777
vt 0.619330 0.635934
vt 0.380670 0.917900
vt 0.382227 0.914686
vt 0.380670 0.914489
vt 0.380748 0.914338
vt 0.380754 0.918058
vt 0.383741 0.914191
vt 0.382221 0.917594
vt 0.382650 0.914680
vt 0.382654 0.917675
vt 0.383741 0.918202
vt 0.382323 0.917830
vt 0.788322 0.337378
vt 0.788327 0.337195
vt 0.788315 0.337275
vt 0.788819 0.336970
vt 0.788492 0.337234
vt 0.788328 0.336945
vt 0.788328 0.336897
vt 0.788321 0.336839
vt 0.788819 0.336808
vt 0.788315 0.337275
vt 0.788249 0.337330
vt 0.970839 0.128733
vt 0.970825 0.128550
vt 0.970825 0.128584
vt 0.970577 0.128472
vt 0.970825 0.128515
vt 0.757234 0.338670
vt 0.757648 0.338659
vt 0.757648 0.338545
vt 0.757711 0.338409
vt 0.757234 0.338374
vt 0.757804 0.338759
vt 0.757648 0.338602
vt 0.757234 0.338944
vt 0.826247 0.125287
vt 0.826286 0.125287
vt 0.826154 0.125154
vt 0.826394 0.125262
vt 0.826169 0.125091
vt 0.826169 0.125026
vt 0.826169 0.125059
vt 0.826415 0.125036
vt 0.999971 0.110186
vt 0.999296 0.110127
vt 0.999560 0.110222
vt 0.999090 0.109989
vt 0.999865 0.109996
vt 0.999560 0.110192
vt 0.999560 0.110162
vt 0.999560 0.110250
vt 0.332109 0.304541
vt 0.332397 0.304727
vt 0.332109 0.305097
vt 0.332678 0.305172
vt 0.332109 0.305422
vt 0.332678 0.304541
vt 0.956832 0.123463
vt 0.956793 0.123462
vt 0.956800 0.123721
vt 0.956978 0.123460
vt 0.957054 0.123721
vt 0.706741 0.136252
vt 0.706535 0.136017
vt 0.706535 0.136088
vt 0.706535 0.136160
vt 0.706480 0.135991
vt 0.356800 0.632236
vt 0.356467 0.635312
vt 0.356800 0.635934
vt 0.355926 0.635840
vt 0.356540 0.632859
vt 0.356387 0.632858
vt 0.355919 0.632348
vt 0.745731 0.304457
vt 0.745670 0.304482
vt 0.745901 0.304482
vt 0.745640 0.303601
vt 0.358207 0.632482
vt 0.358207 0.635688
vt 0.358250 0.635688
vt 0.358250 0.632482
vt 0.358192 0.632482
vt 0.358192 0.635688
vt 0.358117 0.635934
vt 0.358370 0.635688
vt 0.358109 0.632236
vt 0.358370 0.632482
vt 0.962434 0.283493
vt 0.962643 0.283292
vt 0.962643 0.283417
vt 0.962495 0.282923
vt 0.963004 0.283214
vt 0.962643 0.283355
vt 0.962643 0.283471
vt 0.919026 0.136304
vt 0.918886 0.136304
vt 0.919147 0.136565
vt 0.552543 0.885313
vt 0.550502 0.882314
vt 0.552706 0.884350
vt 0.550821 0.882106
vt 0.552580 0.885391
vt 0.552682 0.885621
vt 0.743509 0.920958
vt 0.743450 0.920964
vt 0.743450 0.921409
vt 0.743463 0.921649
vt 0.743753 0.921558
vt 0.743752 0.920770
vt 0.744019 0.921433
vt 0.743753 0.921244
vt 0.744019 0.921154
vt 0.743752 0.919880
vt 0.744019 0.919863
vt 0.743753 0.919307
vt 0.744019 0.919206
vt 0.743753 0.919099
vt 0.743525 0.919582
vt 0.743450 0.919129
vt 0.743463 0.918890
vt 0.743450 0.919574
vt 0.988513 0.136207
vt 0.988569 0.136207
vt 0.988696 0.135991
vt 0.988435 0.136252
vt 0.988457 0.136207
vt 0.919199 0.123721
vt 0.919202 0.123466
vt 0.919278 0.123465
vt 0.919316 0.123466
vt 0.919453 0.123721
vt 0.919392 0.123466
vt 0.919460 0.123465
vt 0.919383 0.123460
vt 0.919354 0.123466
vt 0.879755 0.136135
vt 0.879871 0.136013
vt 0.879755 0.136087
vt 0.879725 0.136252
vt 0.879755 0.136183
vt 0.879929 0.135991
vt 0.879986 0.135991
vt 0.529812 0.924781
vt 0.530360 0.922355
vt 0.530360 0.924450
vt 0.529790 0.922023
vt 0.948990 0.123460
vt 0.948971 0.123721
vt 0.948961 0.123464
vt 0.949057 0.123464
vt 0.949120 0.123464
vt 0.949222 0.123721
vt 0.825841 0.125026
vt 0.825951 0.125026
vt 0.826102 0.125116
vt 0.826061 0.125157
vt 0.826061 0.125222
vt 0.826061 0.125189
vt 0.826049 0.125231
vt 0.825841 0.125287
vt 0.825951 0.125287
vt 0.855853 0.286539
vt 0.855346 0.286625
vt 0.855853 0.286499
vt 0.855293 0.286272
vt 0.856216 0.286282
vt 0.856486 0.285744
vt 0.856341 0.286531
vt 0.855853 0.286499
vt 0.855853 0.286579
vt 0.813255 0.114888
vt 0.813057 0.114729
vt 0.813057 0.114770
vt 0.812685 0.114705
vt 0.812685 0.114949
vt 0.813057 0.114688
vt 0.977872 0.120199
vt 0.977472 0.120041
vt 0.977872 0.120024
vt 0.977472 0.120275
vt 0.978042 0.120014
vt 0.977872 0.120064
vt 0.977872 0.120103
vt 0.922019 0.131619
vt 0.922019 0.131670
vt 0.922185 0.131605
vt 0.922081 0.131866
vt 0.922280 0.131844
vt 0.922261 0.131619
vt 0.922261 0.131721
vt 0.994624 0.113296
vt 0.994624 0.113341
vt 0.994763 0.113346
vt 0.994488 0.113121
vt 0.994389 0.113382
vt 0.994624 0.113251
vt 0.994959 0.113151
vt 0.433555 0.114688
vt 0.432986 0.114688
vt 0.433181 0.114949
vt 0.820517 0.349654
vt 0.820792 0.349831
vt 0.821087 0.349654
vt 0.820598 0.350847
vt 0.988653 0.131674
vt 0.988435 0.131645
vt 0.988653 0.131830
vt 0.988653 0.131605
vt 0.988696 0.131866
vt 0.904788 0.136565
vt 0.905049 0.136304
vt 0.904946 0.136304
vt 0.670079 0.303883
vt 0.669948 0.303601
vt 0.669901 0.303601
vt 0.670306 0.303601
vt 0.669718 0.303601
vt 0.669608 0.303883
vt 0.670397 0.304482
vt 0.669965 0.304394
vt 0.669516 0.303947
vt 0.833931 0.297276
vt 0.833668 0.297146
vt 0.833362 0.297276
vt 0.833431 0.296082
vt 0.602418 0.176081
vt 0.602156 0.176197
vt 0.602156 0.176135
vt 0.602156 0.175780
vt 0.602418 0.176350
vt 0.602156 0.176296
vt 0.276242 0.902313
vt 0.276029 0.902466
vt 0.276600 0.902466
vt 0.275847 0.901399
vt 0.275883 0.903791
vt 0.275719 0.902603
vt 0.275891 0.898840
vt 0.275719 0.900106
vt 0.749974 0.125122
vt 0.749974 0.125287
vt 0.749713 0.125026
vt 0.749400 0.125026
vt 0.749661 0.125122
vt 0.749661 0.125287
vt 0.967131 0.136079
vt 0.967392 0.136252
vt 0.967277 0.136079
vt 0.967277 0.135991
vt 0.081734 0.860877
vt 0.083439 0.860512
vt 0.081090 0.859405
vt 0.080987 0.860116
vt 0.080665 0.859070
vt 0.081378 0.859010
vt 0.081226 0.857946
vt 0.082660 0.861465
vt 0.080061 0.858145
vt 0.084417 0.860970
vt 0.084477 0.861441
vt 0.083657 0.861811
vt 0.084763 0.861740
vt 0.081110 0.857052
vt 0.085794 0.861811
vt 0.085044 0.861284
vt 0.086826 0.861465
vt 0.087049 0.859954
vt 0.084906 0.860926
vt 0.087752 0.860877
vt 0.088274 0.859456
vt 0.088033 0.858925
vt 0.088860 0.859564
vt 0.088600 0.859137
vt 0.089084 0.856978
vt 0.088264 0.857956
vt 0.088664 0.860087
vt 0.087975 0.860834
vt 0.089155 0.859279
vt 0.089478 0.858218
vt 0.088321 0.856604
vt 0.089355 0.857110
vt 0.089568 0.857315
vt 0.088442 0.855221
vt 0.087990 0.855230
vt 0.089518 0.856019
vt 0.088722 0.854785
vt 0.089154 0.854827
vt 0.088525 0.854032
vt 0.088179 0.854697
vt 0.086876 0.854004
vt 0.087752 0.853234
vt 0.084744 0.853389
vt 0.081734 0.853234
vt 0.082926 0.853841
vt 0.080988 0.854000
vt 0.081709 0.854987
vt 0.081110 0.854713
vt 0.080522 0.854675
vt 0.081358 0.855111
vt 0.080879 0.855115
vt 0.080061 0.855966
vt 0.079918 0.857073
vt 0.084627 0.853070
vt 0.082660 0.852646
vt 0.083607 0.852307
vt 0.085045 0.852865
vt 0.086282 0.852449
vt 0.084600 0.852609
vt 0.084725 0.852161
vt 0.223635 0.865108
vt 0.224907 0.864293
vt 0.224907 0.865435
vt 0.223413 0.863990
vt 0.223820 0.866075
vt 0.224907 0.863326
vt 0.224907 0.867024
vt 0.223253 0.863080
vt 0.224907 0.862381
vt 0.223088 0.862186
vt 0.224011 0.867091
vt 0.224153 0.867889
vt 0.224907 0.868525
vt 0.224321 0.868772
vt 0.224907 0.869314
vt 0.224450 0.869491
vt 0.224545 0.869956
vt 0.919517 0.080145
vt 0.919781 0.079290
vt 0.920601 0.079290
vt 0.921017 0.080114
vt 0.921359 0.079290
vt 0.922152 0.079290
vt 0.921866 0.080171
vt 0.923433 0.080144
vt 0.923366 0.079290
vt 0.924781 0.080158
vt 0.924323 0.079290
vt 0.470894 0.748144
vt 0.471763 0.750140
vt 0.471734 0.746821
vt 0.470894 0.746841
vt 0.470894 0.745505
vt 0.471775 0.744561
vt 0.470894 0.744202
vt 0.470894 0.743021
vt 0.471747 0.742037
vt 0.470894 0.741906
vt 0.470894 0.740946
vt 0.470894 0.750608
vt 0.470894 0.749147
vt 0.470894 0.751743
vt 0.471736 0.753102
vt 0.470894 0.752690
vt 0.471284 0.749242
vt 0.470894 0.748947
vt 0.471285 0.748804
vt 0.701215 0.110233
vt 0.699779 0.108172
vt 0.698520 0.110232
vt 0.698571 0.108138
vt 0.700999 0.108143
vt 0.701983 0.108192
vt 0.702036 0.110243
vt 0.697441 0.108135
vt 0.696866 0.110231
vt 0.696273 0.108133
vt 0.694519 0.110238
vt 0.694754 0.108145
vt 0.693676 0.108162
vt 0.693128 0.110245
vt 0.692550 0.108136
vt 0.691627 0.110234
vt 0.691436 0.108165
vt 0.690507 0.108113
vt 0.208451 0.863829
vt 0.210496 0.864934
vt 0.210496 0.863636
vt 0.208364 0.865265
vt 0.208539 0.862913
vt 0.210496 0.866047
vt 0.210496 0.862957
vt 0.208673 0.862211
vt 0.210496 0.862186
vt 0.208367 0.866229
vt 0.210496 0.867125
vt 0.208409 0.867877
vt 0.210496 0.868056
vt 0.208534 0.869092
vt 0.210496 0.869108
vt 0.208708 0.869956
vt 0.210496 0.869873
vt 0.365214 0.888806
vt 0.366511 0.889182
vt 0.366511 0.888036
vt 0.365404 0.889798
vt 0.364994 0.887704
vt 0.366511 0.890251
vt 0.366511 0.887002
vt 0.365598 0.890825
vt 0.364835 0.886824
vt 0.366511 0.886042
vt 0.364692 0.885996
vt 0.366511 0.891322
vt 0.365743 0.891640
vt 0.366511 0.892282
vt 0.365911 0.892513
vt 0.908103 0.130668
vt 0.908132 0.131548
vt 0.907265 0.130668
vt 0.909320 0.131548
vt 0.909174 0.130668
vt 0.907326 0.131548
vt 0.910142 0.131548
vt 0.907008 0.131548
vt 0.906986 0.130668
vt 0.907036 0.131548
vt 0.910097 0.130668
vt 0.910430 0.130668
vt 0.910683 0.131550
vt 0.495184 0.887300
vt 0.495766 0.887483
vt 0.494939 0.887983
vt 0.494664 0.887563
vt 0.496823 0.887297
vt 0.494483 0.886688
vt 0.493787 0.887547
vt 0.494518 0.887960
vt 0.495584 0.886102
vt 0.494735 0.889378
vt 0.493488 0.888287
vt 0.495671 0.886795
vt 0.495526 0.887191
vt 0.495896 0.887138
vt 0.496349 0.885996
vt 0.497043 0.886760
vt 0.497688 0.886323
vt 0.497189 0.887145
vt 0.498063 0.887605
vt 0.497734 0.887917
vt 0.498726 0.887256
vt 0.499243 0.888287
vt 0.498139 0.888035
vt 0.497963 0.888807
vt 0.498632 0.888888
vt 0.499342 0.889098
vt 0.498480 0.889284
vt 0.498251 0.888959
vt 0.499243 0.889873
vt 0.498151 0.890147
vt 0.497912 0.889662
vt 0.498177 0.890588
vt 0.497776 0.890280
vt 0.498943 0.890649
vt 0.498444 0.891283
vt 0.497521 0.891917
vt 0.497189 0.891030
vt 0.496889 0.891320
vt 0.496847 0.890790
vt 0.496349 0.892200
vt 0.495691 0.891335
vt 0.495584 0.892094
vt 0.494852 0.891777
vt 0.495703 0.890949
vt 0.495744 0.890668
vt 0.494060 0.891020
vt 0.494992 0.890293
vt 0.494589 0.890548
vt 0.493452 0.889594
vt 0.494640 0.890116
vt 0.494437 0.888969
vt 0.494224 0.889328
vt 0.494046 0.888944
vt 0.931763 0.080141
vt 0.930707 0.079290
vt 0.930169 0.080171
vt 0.931851 0.079290
vt 0.932647 0.079290
vt 0.933707 0.080152
vt 0.934039 0.079290
vt 0.935433 0.080147
vt 0.935118 0.079290
vt 0.577655 0.871898
vt 0.577363 0.878728
vt 0.576640 0.871898
vt 0.577977 0.878728
vt 0.576648 0.878728
vt 0.576158 0.878728
vt 0.694530 0.138188
vt 0.694297 0.139125
vt 0.695164 0.139125
vt 0.693714 0.139125
vt 0.695668 0.138188
vt 0.693755 0.138188
vt 0.693327 0.139125
vt 0.693339 0.138188
vt 0.696012 0.139125
vt 0.696627 0.138188
vt 0.696629 0.139125
vt 0.697041 0.138188
vt 0.697240 0.139127
vt 0.696586 0.139381
vt 0.697338 0.139375
vt 0.647310 0.907726
vt 0.645394 0.908177
vt 0.645394 0.904166
vt 0.648779 0.908080
vt 0.647205 0.907502
vt 0.647654 0.907579
vt 0.648779 0.904268
vt 0.647211 0.904738
vt 0.647649 0.904732
vt 0.920310 0.875844
vt 0.920395 0.871898
vt 0.918979 0.872199
vt 0.919183 0.875632
vt 0.917950 0.872672
vt 0.917950 0.872020
vt 0.917950 0.878212
vt 0.920310 0.877812
vt 0.920290 0.878415
vt 0.920310 0.875632
vt 0.650972 0.904166
vt 0.650972 0.908177
vt 0.649619 0.904909
vt 0.649606 0.907449
vt 0.649344 0.907632
vt 0.649345 0.904710
vt 0.649427 0.904975
vt 0.650042 0.904612
vt 0.648840 0.904415
vt 0.649092 0.905158
vt 0.648840 0.907926
vt 0.649091 0.907184
vt 0.649388 0.907365
vt 0.565275 0.811796
vt 0.563859 0.812309
vt 0.565157 0.812957
vt 0.564009 0.813490
vt 0.563762 0.811560
vt 0.565423 0.810894
vt 0.563630 0.810808
vt 0.565097 0.814502
vt 0.563927 0.814776
vt 0.565133 0.815689
vt 0.564053 0.815671
vt 0.563859 0.816723
vt 0.565218 0.816743
vt 0.563755 0.817524
vt 0.565305 0.817541
vt 0.563627 0.818265
vt 0.565446 0.818264
vt 0.959870 0.907811
vt 0.958989 0.906773
vt 0.959870 0.906048
vt 0.958989 0.907545
vt 0.958989 0.908177
vt 0.958989 0.906001
vt 0.959857 0.904332
vt 0.958989 0.905193
vt 0.958989 0.904166
vt 0.917477 0.862186
vt 0.917593 0.867900
vt 0.918010 0.867193
vt 0.918115 0.862187
vt 0.918210 0.867706
vt 0.918210 0.867292
vt 0.918119 0.868097
vt 0.918157 0.868564
vt 0.917471 0.869043
vt 0.915938 0.862186
vt 0.915938 0.869043
vt 0.913938 0.868965
vt 0.913565 0.869330
vt 0.913565 0.868745
vt 0.918210 0.868704
vt 0.918210 0.869133
vt 0.918515 0.868899
vt 0.806107 0.555734
vt 0.806924 0.553602
vt 0.806988 0.555734
vt 0.806179 0.553602
vt 0.805794 0.553602
vt 0.804104 0.553602
vt 0.803287 0.555734
vt 0.804168 0.555734
vt 0.803359 0.553602
vt 0.802975 0.553602
vt 0.604979 0.922953
vt 0.605860 0.923820
vt 0.605860 0.922922
vt 0.604979 0.922050
vt 0.605860 0.922023
vt 0.604979 0.923820
vt 0.605860 0.924468
vt 0.604979 0.924447
vt 0.863153 0.040443
vt 0.861247 0.041305
vt 0.862025 0.040443
vt 0.864791 0.041288
vt 0.864202 0.040443
vt 0.865461 0.040443
vt 0.866788 0.040443
vt 0.868422 0.041259
vt 0.867078 0.041324
vt 0.868115 0.040443
vt 0.869442 0.040443
vt 0.871161 0.041278
vt 0.870734 0.040443
vt 0.871933 0.040443
vt 0.872980 0.040443
vt 0.874029 0.041274
vt 0.745874 0.410024
vt 0.746405 0.407705
vt 0.742512 0.409962
vt 0.742512 0.407868
vt 0.745888 0.407794
vt 0.746137 0.410370
vt 0.746337 0.410072
vt 0.746897 0.410003
vt 0.746545 0.410366
vt 0.746308 0.407491
vt 0.745958 0.407299
vt 0.746741 0.407299
vt 0.746906 0.407823
vt 0.747428 0.409962
vt 0.747463 0.407868
vt 0.751417 0.407705
vt 0.750887 0.410024
vt 0.747525 0.409962
vt 0.751150 0.410370
vt 0.747525 0.407868
vt 0.750901 0.407794
vt 0.751349 0.410072
vt 0.751321 0.407491
vt 0.750971 0.407299
vt 0.751754 0.407299
vt 0.751918 0.407823
vt 0.751910 0.410003
vt 0.751558 0.410366
vt 0.752475 0.407868
vt 0.752441 0.409962
vt 0.983740 0.041267
vt 0.985398 0.040443
vt 0.983794 0.040443
vt 0.986739 0.041324
vt 0.987173 0.040443
vt 0.989327 0.040443
vt 0.989378 0.041186
vt 0.991132 0.040443
vt 0.991744 0.041314
vt 0.993266 0.040443
vt 0.994218 0.041273
vt 0.994968 0.040443
vt 0.995080 0.040828
vt 0.995270 0.040443
vt 0.461154 0.635728
vt 0.461197 0.634506
vt 0.461070 0.635525
vt 0.461436 0.635934
vt 0.461033 0.635447
vt 0.458990 0.632441
vt 0.459311 0.632236
vt 0.365005 0.743367
vt 0.365604 0.742993
vt 0.365205 0.744753
vt 0.365004 0.742222
vt 0.365365 0.741498
vt 0.365843 0.745059
vt 0.365286 0.745031
vt 0.365872 0.745518
vt 0.365286 0.745267
vt 0.365004 0.745116
vt 0.365286 0.745540
vt 0.365004 0.745362
vt 0.365004 0.741228
vt 0.365369 0.740946
vt 0.365286 0.741360
vt 0.365004 0.741504
vt 0.365853 0.741486
vt 0.365286 0.741751
vt 0.365286 0.745360
vt 0.365004 0.746058
vt 0.365616 0.745552
vt 0.365004 0.747474
vt 0.365602 0.749374
vt 0.365004 0.748855
vt 0.365286 0.749451
vt 0.365196 0.750185
vt 0.365603 0.751927
vt 0.365004 0.751547
vt 0.365004 0.752691
vt 0.365353 0.753415
vt 0.365763 0.750019
vt 0.365286 0.749893
vt 0.365885 0.749640
vt 0.365286 0.749621
vt 0.365004 0.749797
vt 0.365828 0.749310
vt 0.365286 0.749288
vt 0.168616 0.897680
vt 0.168771 0.898465
vt 0.169074 0.897737
vt 0.168547 0.898240
vt 0.168263 0.897453
vt 0.168551 0.897340
vt 0.168263 0.897278
vt 0.168620 0.896913
vt 0.168263 0.895295
vt 0.168877 0.895159
vt 0.168263 0.893530
vt 0.168590 0.893567
vt 0.168634 0.893049
vt 0.168262 0.892575
vt 0.168551 0.893507
vt 0.169144 0.893645
vt 0.168551 0.893848
vt 0.168263 0.893582
vt 0.908237 0.265487
vt 0.908598 0.265379
vt 0.908806 0.265949
vt 0.874400 0.338374
vt 0.874658 0.338409
vt 0.874400 0.338613
vt 0.874661 0.338789
vt 0.874400 0.338944
vt 0.874624 0.338431
vt 0.880295 0.336678
vt 0.876597 0.336749
vt 0.878683 0.336508
vt 0.876597 0.335835
vt 0.878565 0.335416
vt 0.877160 0.335021
vt 0.876642 0.335516
vt 0.877916 0.334930
vt 0.703114 0.917576
vt 0.703290 0.914191
vt 0.701158 0.914594
vt 0.701159 0.914324
vt 0.979902 0.587894
vt 0.979919 0.590821
vt 0.977787 0.588004
vt 0.977788 0.587750
vt 0.931675 0.154290
vt 0.930794 0.153920
vt 0.931675 0.153851
vt 0.930794 0.154420
vt 0.930735 0.153851
vt 0.929854 0.153920
vt 0.930735 0.154349
vt 0.929854 0.154420
vt 0.535502 0.680909
vt 0.533095 0.679539
vt 0.534276 0.680567
vt 0.533086 0.680053
vt 0.532004 0.679367
vt 0.531031 0.678545
vt 0.530309 0.677723
vt 0.536804 0.680608
vt 0.530329 0.676948
vt 0.536801 0.681046
vt 0.529660 0.676797
vt 0.538063 0.681012
vt 0.529191 0.675803
vt 0.529675 0.675649
vt 0.529373 0.674749
vt 0.528853 0.674928
vt 0.540304 0.679919
vt 0.539361 0.680772
vt 0.540551 0.680327
vt 0.541705 0.679744
vt 0.542347 0.678634
vt 0.542751 0.678990
vt 0.543653 0.678065
vt 0.543918 0.676843
vt 0.544410 0.677037
vt 0.545023 0.675906
vt 0.544632 0.675466
vt 0.545420 0.674673
vt 0.545672 0.673439
vt 0.545229 0.671899
vt 0.545708 0.672137
vt 0.545564 0.670869
vt 0.544971 0.670630
vt 0.545239 0.669635
vt 0.543985 0.668042
vt 0.544734 0.668436
vt 0.544049 0.667374
vt 0.543220 0.666380
vt 0.541572 0.665720
vt 0.542246 0.665557
vt 0.541164 0.664872
vt 0.540147 0.664952
vt 0.539974 0.664358
vt 0.538268 0.664361
vt 0.538748 0.664015
vt 0.537486 0.663878
vt 0.535698 0.664433
vt 0.536188 0.663913
vt 0.534925 0.664153
vt 0.533699 0.664564
vt 0.532685 0.665689
vt 0.532581 0.665146
vt 0.531535 0.665900
vt 0.530333 0.667979
vt 0.530634 0.666791
vt 0.529877 0.667819
vt 0.529263 0.668950
vt 0.528857 0.670019
vt 0.529359 0.670233
vt 0.354246 0.632774
vt 0.354656 0.635934
vt 0.354659 0.632236
vt 0.354920 0.635840
vt 0.354913 0.632348
vt 0.354083 0.632885
vt 0.353727 0.632236
vt 0.354247 0.635396
vt 0.353727 0.635934
vt 0.354084 0.635290
vt 0.355860 0.632236
vt 0.355858 0.635934
vt 0.355470 0.632774
vt 0.354979 0.632236
vt 0.355471 0.635396
vt 0.354979 0.635934
vt 0.355316 0.632885
vt 0.355317 0.635290
vt 0.673733 0.170709
vt 0.676679 0.169537
vt 0.679245 0.170553
vt 0.680107 0.169203
vt 0.673084 0.170195
vt 0.672963 0.169340
vt 0.712743 0.170296
vt 0.709565 0.169203
vt 0.715382 0.169268
vt 0.708991 0.170027
vt 0.716134 0.170709
vt 0.732727 0.356800
vt 0.732741 0.355919
vt 0.732234 0.356800
vt 0.732171 0.355919
vt 0.916637 0.153851
vt 0.915756 0.154410
vt 0.916635 0.154420
vt 0.915756 0.153955
vt 0.680109 0.304839
vt 0.679540 0.304936
vt 0.680107 0.305422
vt 0.679868 0.304541
vt 0.679632 0.304839
vt 0.679546 0.304541
vt 0.297408 0.894158
vt 0.297022 0.893695
vt 0.297022 0.895071
vt 0.297312 0.893758
vt 0.297644 0.895925
vt 0.297022 0.896537
vt 0.297394 0.897420
vt 0.297426 0.893357
vt 0.297171 0.892662
vt 0.297393 0.892864
vt 0.297501 0.892575
vt 0.297022 0.897529
vt 0.297398 0.898045
vt 0.297022 0.898465
vt 0.297903 0.897464
vt 0.297312 0.897688
vt 0.297312 0.897373
vt 0.297022 0.897468
vt 0.849060 0.041058
vt 0.851022 0.040443
vt 0.851363 0.040889
vt 0.849945 0.040443
vt 0.848532 0.040443
vt 0.848089 0.040819
vt 0.851979 0.040443
vt 0.851593 0.041294
vt 0.851586 0.040733
vt 0.852145 0.040828
vt 0.854273 0.041055
vt 0.853785 0.040443
vt 0.855218 0.040443
vt 0.855969 0.040816
vt 0.856417 0.040443
vt 0.856716 0.040803
vt 0.857913 0.040443
vt 0.858568 0.041056
vt 0.859142 0.040443
vt 0.860058 0.040819
vt 0.860093 0.040443
vt 0.860605 0.040802
vt 0.861184 0.040443
vt 0.860256 0.040733
vt 0.860006 0.041324
vt 0.859901 0.040733
vt 0.859787 0.040443
vt 0.860233 0.040443
vt 0.909803 0.869330
vt 0.910372 0.869032
vt 0.910372 0.869248
vt 0.909803 0.868776
vt 0.910372 0.868603
vt 0.909806 0.868584
vt 0.910372 0.867762
vt 0.909819 0.867449
vt 0.910372 0.866077
vt 0.909817 0.865277
vt 0.910372 0.864462
vt 0.909828 0.863426
vt 0.910372 0.862836
vt 0.909818 0.862186
vt 0.922311 0.106177
vt 0.922283 0.105916
vt 0.923215 0.106060
vt 0.921396 0.106029
vt 0.922486 0.105918
vt 0.922573 0.106177
vt 0.922608 0.105918
vt 0.737127 0.355919
vt 0.736557 0.356169
vt 0.737127 0.356800
vt 0.736557 0.356708
vt 0.937685 0.175780
vt 0.938255 0.175804
vt 0.938255 0.175941
vt 0.937685 0.176152
vt 0.938255 0.176350
vt 0.935807 0.588006
vt 0.937939 0.590821
vt 0.937925 0.587909
vt 0.935808 0.587750
vt 0.711187 0.724485
vt 0.711185 0.724012
vt 0.710243 0.724412
vt 0.710243 0.723982
vt 0.711436 0.724594
vt 0.711436 0.723606
vt 0.711321 0.722148
vt 0.711188 0.722874
vt 0.710243 0.722756
vt 0.711185 0.723112
vt 0.710243 0.723142
vt 0.935493 0.153903
vt 0.936374 0.154058
vt 0.936374 0.153851
vt 0.935493 0.154209
vt 0.936374 0.154420
vt 0.214009 0.877740
vt 0.214570 0.877104
vt 0.214002 0.875532
vt 0.214571 0.878692
vt 0.214571 0.875740
vt 0.214003 0.875028
vt 0.214571 0.874505
vt 0.214013 0.874021
vt 0.214570 0.873240
vt 0.214001 0.871898
vt 0.214001 0.879003
vt 0.214571 0.879131
vt 0.214001 0.879338
vt 0.214571 0.879355
vt 0.214571 0.878803
vt 0.214003 0.878754
vt 0.930166 0.333124
vt 0.930736 0.332815
vt 0.930736 0.333592
vt 0.930168 0.332736
vt 0.930166 0.333617
vt 0.615886 0.357236
vt 0.615319 0.357172
vt 0.615886 0.357696
vt 0.615317 0.357710
vt 0.615886 0.358026
vt 0.615317 0.358053
vt 0.701097 0.914191
vt 0.700918 0.917576
vt 0.698965 0.914587
vt 0.698966 0.914315
vt 0.732735 0.904166
vt 0.730802 0.904238
vt 0.730802 0.905026
vt 0.732899 0.905140
vt 0.730802 0.906019
vt 0.732772 0.906674
vt 0.730802 0.906658
vt 0.733052 0.906256
vt 0.732965 0.908177
vt 0.730802 0.905728
vt 0.730294 0.906101
vt 0.730294 0.905703
vt 0.831425 0.265949
vt 0.830856 0.265922
vt 0.830925 0.265379
vt 0.709384 0.356798
vt 0.709843 0.355919
vt 0.710184 0.356800
vt 0.709303 0.355919
vt 0.733994 0.356800
vt 0.733727 0.355919
vt 0.733424 0.356800
vt 0.894080 0.656359
vt 0.892161 0.657873
vt 0.891321 0.658804
vt 0.893100 0.657011
vt 0.734818 0.355919
vt 0.735247 0.356800
vt 0.735238 0.355919
vt 0.734678 0.356800
vt 0.934553 0.153851
vt 0.935434 0.153958
vt 0.934553 0.154420
vt 0.935434 0.154336
vt 0.642515 0.359877
vt 0.642228 0.359380
vt 0.641946 0.359445
vt 0.642249 0.359933
vt 0.642075 0.359052
vt 0.641946 0.359445
vt 0.847070 0.040727
vt 0.846913 0.041302
vt 0.846688 0.040727
vt 0.846565 0.041299
vt 0.846881 0.040443
vt 0.846718 0.040727
vt 0.108113 0.893788
vt 0.108681 0.893643
vt 0.108119 0.895149
vt 0.108126 0.892575
vt 0.108681 0.892955
vt 0.108681 0.894722
vt 0.108681 0.896153
vt 0.108124 0.896487
vt 0.108111 0.897446
vt 0.108681 0.897335
vt 0.108118 0.898465
vt 0.893199 0.295711
vt 0.893768 0.295164
vt 0.893202 0.295141
vt 0.893768 0.295711
vt 0.968389 0.285058
vt 0.968390 0.283551
vt 0.968625 0.284068
vt 0.968390 0.283725
vt 0.968763 0.283603
vt 0.973027 0.284382
vt 0.968390 0.284541
vt 0.978712 0.635238
vt 0.978777 0.632637
vt 0.978413 0.632236
vt 0.978413 0.635621
vt 0.979081 0.635405
vt 0.979289 0.635618
vt 0.978824 0.632411
vt 0.979294 0.632237
vt 0.979206 0.632929
vt 0.978613 0.632755
vt 0.978825 0.635039
vt 0.987744 0.632236
vt 0.987571 0.635621
vt 0.987493 0.632706
vt 0.987835 0.635408
vt 0.987991 0.632929
vt 0.988379 0.635041
vt 0.987571 0.635342
vt 0.987835 0.635240
vt 0.987185 0.635154
vt 0.674469 0.356413
vt 0.673906 0.356364
vt 0.673906 0.356800
vt 0.673995 0.355919
vt 0.673588 0.356303
vt 0.673588 0.356639
vt 0.842447 0.554652
vt 0.842992 0.555585
vt 0.843017 0.553750
vt 0.842498 0.555734
vt 0.842498 0.553602
vt 0.651752 0.114947
vt 0.652227 0.114695
vt 0.651658 0.114688
vt 0.652138 0.114949
vt 0.929795 0.154394
vt 0.928914 0.154420
vt 0.928914 0.153868
vt 0.929795 0.153851
vt 0.978357 0.635621
vt 0.978096 0.632706
vt 0.978097 0.635151
vt 0.978301 0.632236
vt 0.915130 0.378677
vt 0.915505 0.378975
vt 0.915130 0.379669
vt 0.915420 0.378608
vt 0.915999 0.378540
vt 0.915420 0.378313
vt 0.916011 0.378163
vt 0.989949 0.722397
vt 0.989688 0.722306
vt 0.989688 0.723284
vt 0.989949 0.722220
vt 0.989688 0.722148
vt 0.989949 0.723384
vt 0.989688 0.724263
vt 0.989949 0.724383
vt 0.989949 0.724541
vt 0.989688 0.724594
vt 0.855127 0.271645
vt 0.855235 0.272215
vt 0.854665 0.271645
vt 0.854671 0.272193
vt 0.798296 0.304842
vt 0.798530 0.305181
vt 0.797906 0.304842
vt 0.797855 0.305422
vt 0.798100 0.304541
vt 0.797648 0.304842
vt 0.797724 0.304541
vt 0.994136 0.113266
vt 0.993763 0.113279
vt 0.993998 0.113382
vt 0.993998 0.113121
vt 0.994332 0.113224
vt 0.993998 0.113121
vt 0.931461 0.304458
vt 0.931528 0.303889
vt 0.931107 0.303928
vt 0.931988 0.304482
vt 0.931652 0.303601
vt 0.931183 0.303601
vt 0.624900 0.355919
vt 0.625111 0.356789
vt 0.624715 0.356800
vt 0.625285 0.355919
vt 0.625911 0.356789
vt 0.625732 0.355919
vt 0.625342 0.356800
vt 0.806419 0.356696
vt 0.806989 0.356246
vt 0.806419 0.356269
vt 0.806419 0.355919
vt 0.806989 0.356800
vt 0.358591 0.304832
vt 0.358111 0.305422
vt 0.358150 0.304832
vt 0.358681 0.305374
vt 0.358365 0.304541
vt 0.917578 0.282820
vt 0.917008 0.282399
vt 0.917578 0.282297
vt 0.917008 0.282866
vt 0.970580 0.294709
vt 0.971149 0.294771
vt 0.971149 0.294389
vt 0.970580 0.294201
vt 0.842076 0.304222
vt 0.841908 0.303887
vt 0.841523 0.303887
vt 0.841661 0.303601
vt 0.841335 0.304482
vt 0.841195 0.303887
vt 0.564553 0.304541
vt 0.564821 0.304836
vt 0.564515 0.304836
vt 0.564624 0.304541
vt 0.564328 0.305422
vt 0.564252 0.304836
vt 0.453606 0.114949
vt 0.453036 0.114688
vt 0.453155 0.114949
vt 0.453510 0.114688
vt 0.834603 0.171768
vt 0.833677 0.171395
vt 0.834860 0.171395
vt 0.834956 0.171686
vt 0.835242 0.171395
vt 0.835386 0.171686
vt 0.835116 0.171686
vt 0.835048 0.172259
vt 0.835496 0.172276
vt 0.437004 0.349457
vt 0.436743 0.349596
vt 0.436743 0.349344
vt 0.436743 0.349026
vt 0.437004 0.349130
vt 0.439113 0.686381
vt 0.438957 0.686568
vt 0.439460 0.686334
vt 0.438688 0.686635
vt 0.439125 0.686859
vt 0.437631 0.349457
vt 0.437369 0.349026
vt 0.437369 0.349596
vt 0.437631 0.349130
vt 0.928644 0.123721
vt 0.928813 0.123721
vt 0.928598 0.123463
vt 0.928685 0.123460
vt 0.928859 0.123461
vt 0.991512 0.332736
vt 0.990631 0.333090
vt 0.991044 0.333224
vt 0.991182 0.333617
vt 0.991470 0.333181
vt 0.809218 0.153265
vt 0.809808 0.153224
vt 0.809301 0.153794
vt 0.809218 0.153530
vt 0.808927 0.153332
vt 0.808927 0.153557
vt 0.733295 0.355919
vt 0.732801 0.356800
vt 0.732798 0.355919
vt 0.733368 0.356800
vt 0.977246 0.120275
vt 0.976846 0.120191
vt 0.977415 0.120193
vt 0.977246 0.120014
vt 0.812059 0.114731
vt 0.812431 0.114949
vt 0.812628 0.114688
vt 0.707735 0.356397
vt 0.708305 0.356800
vt 0.708305 0.356396
vt 0.708305 0.355919
vt 0.707735 0.355921
vt 0.446457 0.359054
vt 0.447027 0.359052
vt 0.447027 0.359854
vt 0.446457 0.359933
vt 0.730606 0.461758
vt 0.731441 0.461183
vt 0.731475 0.461834
vt 0.731417 0.462202
vt 0.731487 0.463002
vt 0.783495 0.317177
vt 0.783234 0.317327
vt 0.783234 0.316814
vt 0.783495 0.316758
vt 0.424821 0.304910
vt 0.424917 0.305422
vt 0.425409 0.304646
vt 0.424821 0.304541
vt 0.424528 0.304600
vt 0.424528 0.305147
vt 0.588004 0.360589
vt 0.587436 0.360146
vt 0.587434 0.360873
vt 0.588004 0.359992
vt 0.459623 0.585011
vt 0.460193 0.587001
vt 0.459624 0.586512
vt 0.460178 0.584556
vt 0.138837 0.922255
vt 0.138837 0.924923
vt 0.139381 0.922376
vt 0.138573 0.922104
vt 0.138837 0.922023
vt 0.139381 0.924719
vt 0.138837 0.925095
vt 0.138573 0.925027
vt 0.138188 0.924834
vt 0.138465 0.924834
vt 0.764440 0.903791
vt 0.764738 0.903135
vt 0.764440 0.899353
vt 0.765009 0.903612
vt 0.764955 0.898840
vt 0.899151 0.294676
vt 0.899721 0.294268
vt 0.899151 0.294201
vt 0.899721 0.294771
vt 0.731545 0.356800
vt 0.731577 0.355919
vt 0.732055 0.356800
vt 0.732114 0.355919
vt 0.873092 0.304020
vt 0.872522 0.303657
vt 0.872522 0.304334
vt 0.873092 0.303601
vt 0.873092 0.304482
vt 0.977160 0.635621
vt 0.977657 0.635339
vt 0.978036 0.635618
vt 0.977194 0.635151
vt 0.978017 0.632706
vt 0.977194 0.632706
vt 0.978017 0.635151
vt 0.977601 0.632490
vt 0.977160 0.632236
vt 0.978041 0.632237
vt 0.401972 0.868850
vt 0.402568 0.868352
vt 0.402677 0.869171
vt 0.401972 0.869956
vt 0.402853 0.869912
vt 0.401972 0.868234
vt 0.402462 0.867272
vt 0.401972 0.866708
vt 0.402417 0.866055
vt 0.401972 0.864964
vt 0.402493 0.864471
vt 0.401972 0.863403
vt 0.402640 0.863281
vt 0.402824 0.862356
vt 0.401972 0.862186
vt 0.959002 0.123721
vt 0.959247 0.123462
vt 0.958986 0.123460
vt 0.959240 0.123721
vt 0.734621 0.356800
vt 0.734308 0.355919
vt 0.734051 0.356800
vt 0.874715 0.338680
vt 0.875227 0.338868
vt 0.874715 0.338944
vt 0.875285 0.338615
vt 0.874715 0.338374
vt 0.981397 0.286494
vt 0.981447 0.286001
vt 0.980606 0.285744
vt 0.981800 0.286143
vt 0.981648 0.286625
vt 0.728414 0.124896
vt 0.735245 0.124970
vt 0.728414 0.123777
vt 0.735245 0.123777
vt 0.975903 0.923444
vt 0.976164 0.924152
vt 0.975903 0.924320
vt 0.976164 0.924468
vt 0.975903 0.924400
vt 0.976164 0.922979
vt 0.975903 0.922308
vt 0.976164 0.922118
vt 0.976164 0.922041
vt 0.975903 0.922023
vt 0.896994 0.112756
vt 0.897052 0.112495
vt 0.897527 0.112609
vt 0.896687 0.112613
vt 0.896657 0.112496
vt 0.896646 0.112756
vt 0.928855 0.154420
vt 0.927974 0.154239
vt 0.928855 0.154001
vt 0.927974 0.153851
vt 0.730803 0.356800
vt 0.731103 0.355919
vt 0.730605 0.355919
vt 0.731175 0.356800
vt 0.728352 0.124970
vt 0.721522 0.124135
vt 0.721522 0.124970
vt 0.728352 0.124072
vt 0.721522 0.123777
vt 0.995588 0.337297
vt 0.995327 0.336808
vt 0.995327 0.337378
vt 0.995588 0.336912
vt 0.916951 0.358053
vt 0.916670 0.357837
vt 0.916951 0.357172
vt 0.916382 0.357219
vt 0.916382 0.358053
vt 0.937591 0.286201
vt 0.937940 0.286218
vt 0.937794 0.285744
vt 0.937531 0.285902
vt 0.936747 0.286625
vt 0.861895 0.110302
vt 0.861872 0.110302
vt 0.863065 0.110563
vt 0.916382 0.120640
vt 0.916913 0.120901
vt 0.916400 0.120901
vt 0.916951 0.120641
vt 0.915967 0.120642
vt 0.915917 0.120901
vt 0.916286 0.120901
vt 0.916325 0.120641
vt 0.915773 0.120901
vt 0.915755 0.120640
vt 0.804487 0.553602
vt 0.804228 0.555734
vt 0.804582 0.555734
vt 0.805734 0.555734
vt 0.805734 0.553602
vt 0.801409 0.555734
vt 0.801668 0.553602
vt 0.801763 0.555734
vt 0.802915 0.553602
vt 0.802915 0.555734
vt 0.676977 0.359327
vt 0.676407 0.359676
vt 0.676408 0.359052
vt 0.676977 0.359933
vt 0.934494 0.154386
vt 0.933613 0.154420
vt 0.933613 0.153981
vt 0.934494 0.153851
vt 0.959235 0.304541
vt 0.959245 0.304847
vt 0.958763 0.304541
vt 0.959091 0.304847
vt 0.958675 0.304847
vt 0.959193 0.305422
vt 0.958685 0.304920
vt 0.933555 0.154273
vt 0.932673 0.154002
vt 0.932673 0.154420
vt 0.933555 0.153851
vt 0.936418 0.072029
vt 0.935283 0.071768
vt 0.936331 0.071771
vt 0.937626 0.071844
vt 0.935065 0.072029
vt 0.933615 0.071896
vt 0.892570 0.337307
vt 0.892831 0.337378
vt 0.892831 0.336897
vt 0.892570 0.336898
vt 0.892574 0.336808
vt 0.651126 0.114947
vt 0.651031 0.114688
vt 0.651512 0.114949
vt 0.651506 0.114695
vt 0.651601 0.114695
vt 0.817466 0.271645
vt 0.817641 0.272148
vt 0.817126 0.271645
vt 0.817071 0.272215
vt 0.741884 0.154354
vt 0.742192 0.154318
vt 0.742192 0.153904
vt 0.742266 0.154420
vt 0.742765 0.153851
vt 0.873544 0.131619
vt 0.873585 0.131866
vt 0.873460 0.131866
vt 0.873721 0.131605
vt 0.873721 0.131866
vt 0.897272 0.297684
vt 0.897841 0.297648
vt 0.897841 0.298202
vt 0.897272 0.298217
vt 0.636248 0.427601
vt 0.635375 0.426607
vt 0.634429 0.425782
vt 0.867453 0.356598
vt 0.867420 0.355919
vt 0.867146 0.356231
vt 0.866883 0.356494
vt 0.867145 0.356800
vt 0.924782 0.123721
vt 0.924525 0.123663
vt 0.924786 0.123477
vt 0.924525 0.123460
vt 0.928913 0.120702
vt 0.929483 0.120640
vt 0.929443 0.120901
vt 0.501223 0.349654
vt 0.501223 0.350847
vt 0.500030 0.350847
vt 0.875870 0.338868
vt 0.875342 0.338666
vt 0.875342 0.338944
vt 0.875911 0.338434
vt 0.875342 0.338374
vt 0.996844 0.080171
vt 0.992572 0.079719
vt 0.992199 0.080086
vt 0.992199 0.079437
vt 0.997018 0.079684
vt 0.996801 0.079290
vt 0.997150 0.080167
vt 0.928545 0.123460
vt 0.928499 0.123721
vt 0.928331 0.123721
vt 0.928331 0.123460
vt 0.928284 0.123463
vt 0.721740 0.304482
vt 0.721776 0.303761
vt 0.721437 0.304195
vt 0.721433 0.303601
vt 0.721206 0.303928
vt 0.673220 0.125254
vt 0.672958 0.125287
vt 0.673220 0.125073
vt 0.672958 0.125026
vt 0.762819 0.723974
vt 0.762557 0.723722
vt 0.762557 0.724011
vt 0.762819 0.723774
vt 0.762687 0.724594
vt 0.762819 0.722789
vt 0.762557 0.722851
vt 0.762688 0.722148
vt 0.657924 0.110824
vt 0.658805 0.110876
vt 0.658393 0.110738
vt 0.658636 0.110615
vt 0.953034 0.123463
vt 0.953295 0.123721
vt 0.953224 0.123460
vt 0.655101 0.462111
vt 0.655362 0.462098
vt 0.655232 0.461183
vt 0.655223 0.463002
vt 0.655101 0.462279
vt 0.655362 0.462350
vt 0.894395 0.295466
vt 0.893825 0.295279
vt 0.893825 0.295711
vt 0.894395 0.295141
vt 0.895079 0.295279
vt 0.895648 0.295466
vt 0.895079 0.295711
vt 0.895648 0.295141
vt 0.816701 0.356060
vt 0.816131 0.356385
vt 0.816429 0.356800
vt 0.816131 0.355919
vt 0.622060 0.355919
vt 0.622154 0.356274
vt 0.621893 0.356142
vt 0.622066 0.356800
vt 0.954859 0.357423
vt 0.954289 0.357934
vt 0.954859 0.358053
vt 0.954289 0.357172
vt 0.915442 0.294201
vt 0.916012 0.294305
vt 0.915442 0.294662
vt 0.916012 0.294771
vt 0.928856 0.120700
vt 0.928287 0.120843
vt 0.928807 0.120901
vt 0.928287 0.120640
vt 0.787564 0.106030
vt 0.785431 0.106177
vt 0.785434 0.105916
vt 0.674159 0.125287
vt 0.673898 0.125270
vt 0.674159 0.125026
vt 0.673898 0.125044
vt 0.672645 0.125044
vt 0.672906 0.125287
vt 0.672906 0.125026
vt 0.672645 0.125270
vt 0.794206 0.105916
vt 0.796335 0.106073
vt 0.794203 0.106177
vt 0.917894 0.131866
vt 0.917633 0.131696
vt 0.917894 0.131605
vt 0.949901 0.123721
vt 0.950162 0.123612
vt 0.949901 0.123460
vt 0.830858 0.047932
vt 0.853039 0.049155
vt 0.853039 0.047932
vt 0.830858 0.049155
vt 0.830858 0.046710
vt 0.853039 0.046710
vt 0.808615 0.049155
vt 0.830796 0.047932
vt 0.830796 0.049155
vt 0.808615 0.047932
vt 0.808615 0.046710
vt 0.830796 0.046710
vt 0.897525 0.049155
vt 0.875345 0.047932
vt 0.897525 0.047932
vt 0.875345 0.049155
vt 0.875345 0.046710
vt 0.897525 0.046710
vt 0.875282 0.046710
vt 0.853101 0.047932
vt 0.875282 0.047932
vt 0.853101 0.046710
vt 0.875282 0.049155
vt 0.853101 0.049155
vt 0.861742 0.580403
vt 0.862125 0.579261
vt 0.861742 0.578118
vt 0.860739 0.581110
vt 0.859499 0.581110
vt 0.860739 0.577412
vt 0.859499 0.577412
vt 0.858497 0.578118
vt 0.858114 0.579261
vt 0.858497 0.580403
vt 0.869078 0.923246
vt 0.870584 0.924468
vt 0.870584 0.923246
vt 0.869078 0.924468
vt 0.869078 0.922023
vt 0.870584 0.922023
vt 0.689880 0.590821
vt 0.691386 0.589872
vt 0.691386 0.590821
vt 0.689880 0.589872
vt 0.689880 0.588699
vt 0.691386 0.588699
vt 0.689880 0.587750
vt 0.691386 0.587750
vt 0.872150 0.924468
vt 0.870644 0.923246
vt 0.872150 0.923246
vt 0.870644 0.924468
vt 0.870644 0.922023
vt 0.872150 0.922023
vt 0.689820 0.587750
vt 0.688313 0.588699
vt 0.689820 0.588699
vt 0.688313 0.587750
vt 0.689820 0.589872
vt 0.688313 0.589872
vt 0.689820 0.590821
vt 0.688313 0.590821
vt 0.920371 0.532612
vt 0.921295 0.533259
vt 0.919228 0.532612
vt 0.918304 0.533259
vt 0.917951 0.534304
vt 0.918304 0.535350
vt 0.919228 0.535997
vt 0.921648 0.534304
vt 0.921295 0.535350
vt 0.920371 0.535997
vt 0.865814 0.580403
vt 0.865132 0.579923
vt 0.865354 0.579261
vt 0.864551 0.580332
vt 0.866197 0.579261
vt 0.864811 0.581110
vt 0.865814 0.578118
vt 0.863572 0.581110
vt 0.865132 0.578599
vt 0.863833 0.580332
vt 0.864551 0.578189
vt 0.862569 0.580403
vt 0.864811 0.577412
vt 0.863252 0.579923
vt 0.863833 0.578189
vt 0.863030 0.579261
vt 0.863572 0.577412
vt 0.862186 0.579261
vt 0.862569 0.578118
vt 0.863252 0.578599
vt 0.890379 0.398966
vt 0.890949 0.399719
vt 0.890949 0.398966
vt 0.890379 0.399719
vt 0.890379 0.398213
vt 0.890949 0.398213
vt 0.772585 0.413881
vt 0.773154 0.414443
vt 0.773154 0.413881
vt 0.772585 0.414443
vt 0.772585 0.413186
vt 0.773154 0.413186
vt 0.773154 0.412624
vt 0.772585 0.412624
vt 0.891576 0.398966
vt 0.891006 0.398213
vt 0.891576 0.398213
vt 0.891006 0.398966
vt 0.891576 0.399719
vt 0.891006 0.399719
vt 0.773781 0.413186
vt 0.773211 0.412624
vt 0.773781 0.412624
vt 0.773211 0.413186
vt 0.773781 0.413881
vt 0.773211 0.413881
vt 0.773211 0.414443
vt 0.773781 0.414443
vt 0.869170 0.883169
vt 0.869643 0.881736
vt 0.868294 0.881736
vt 0.869170 0.880303
vt 0.868079 0.882388
vt 0.868079 0.881084
vt 0.867516 0.882791
vt 0.867516 0.880681
vt 0.867933 0.884054
vt 0.867933 0.879417
vt 0.866403 0.884054
vt 0.866403 0.879417
vt 0.866820 0.882791
vt 0.866820 0.880681
vt 0.865165 0.883169
vt 0.865165 0.880303
vt 0.866257 0.882388
vt 0.866257 0.881084
vt 0.866042 0.881736
vt 0.864693 0.881736
vt 0.006295 0.923559
vt 0.007489 0.925095
vt 0.007489 0.923559
vt 0.006295 0.925095
vt 0.006295 0.922023
vt 0.007489 0.922023
vt 0.784178 0.906938
vt 0.785371 0.908177
vt 0.785371 0.906938
vt 0.784178 0.908177
vt 0.784178 0.905406
vt 0.785371 0.905406
vt 0.785371 0.904166
vt 0.784178 0.904166
vt 0.006236 0.923559
vt 0.005042 0.922023
vt 0.006236 0.922023
vt 0.005042 0.923559
vt 0.006236 0.925095
vt 0.005042 0.925095
vt 0.784118 0.905406
vt 0.782925 0.904166
vt 0.784118 0.904166
vt 0.782925 0.905406
vt 0.784118 0.906938
vt 0.782925 0.906938
vt 0.782925 0.908177
vt 0.784118 0.908177
vt 0.864631 0.881736
vt 0.863761 0.882885
vt 0.864140 0.881736
vt 0.864158 0.883169
vt 0.864158 0.880303
vt 0.862769 0.883595
vt 0.863761 0.880587
vt 0.862920 0.884054
vt 0.862769 0.879876
vt 0.861390 0.884054
vt 0.862920 0.879417
vt 0.861542 0.883595
vt 0.861542 0.879876
vt 0.860153 0.883169
vt 0.861390 0.879417
vt 0.860550 0.882885
vt 0.860153 0.880303
vt 0.860171 0.881736
vt 0.860550 0.880587
vt 0.859680 0.881736
vt 0.683300 0.923246
vt 0.684181 0.924430
vt 0.684181 0.923246
vt 0.683300 0.924468
vt 0.684181 0.922061
vt 0.683300 0.922023
vt 0.691073 0.917523
vt 0.691073 0.916510
vt 0.690192 0.916530
vt 0.690192 0.917576
vt 0.690192 0.915237
vt 0.691073 0.915257
vt 0.691073 0.914243
vt 0.690192 0.914191
vt 0.685121 0.922061
vt 0.684240 0.923246
vt 0.684240 0.922023
vt 0.685121 0.923246
vt 0.685121 0.924430
vt 0.684240 0.924468
vt 0.689252 0.915237
vt 0.689252 0.914191
vt 0.690134 0.914243
vt 0.690134 0.915257
vt 0.690134 0.916510
vt 0.689252 0.916530
vt 0.690134 0.917523
vt 0.689252 0.917576
vt 0.878415 0.579261
vt 0.877567 0.580076
vt 0.877840 0.579261
vt 0.878032 0.580403
vt 0.878032 0.578118
vt 0.877029 0.581110
vt 0.877567 0.578446
vt 0.876852 0.580579
vt 0.876852 0.577942
vt 0.875790 0.581110
vt 0.877029 0.577412
vt 0.875968 0.580579
vt 0.875968 0.577942
vt 0.874787 0.580403
vt 0.875790 0.577412
vt 0.875253 0.580076
vt 0.874787 0.578118
vt 0.874980 0.579261
vt 0.875253 0.578446
vt 0.874404 0.579261
vt 0.901660 0.375940
vt 0.903792 0.376836
vt 0.903792 0.375940
vt 0.901660 0.376849
vt 0.903792 0.375044
vt 0.901660 0.375030
vt 0.447973 0.586983
vt 0.447973 0.586238
vt 0.445840 0.586245
vt 0.445840 0.587001
vt 0.445840 0.585311
vt 0.447973 0.585318
vt 0.447973 0.584574
vt 0.445840 0.584556
vt 0.905985 0.375044
vt 0.903853 0.375940
vt 0.903853 0.375030
vt 0.905985 0.375940
vt 0.905985 0.376836
vt 0.903853 0.376849
vt 0.443647 0.585311
vt 0.443647 0.584556
vt 0.445780 0.584574
vt 0.445780 0.585318
vt 0.443647 0.586245
vt 0.445780 0.586238
vt 0.445780 0.586983
vt 0.443647 0.587001
vt 0.847107 0.590235
vt 0.847400 0.589286
vt 0.847199 0.589286
vt 0.847107 0.588337
vt 0.846944 0.590110
vt 0.846944 0.588461
vt 0.846277 0.590620
vt 0.846339 0.587750
vt 0.846339 0.590821
vt 0.846277 0.587952
vt 0.845390 0.590821
vt 0.845452 0.587952
vt 0.845452 0.590620
vt 0.845390 0.587750
vt 0.844622 0.590235
vt 0.844786 0.588461
vt 0.844786 0.590110
vt 0.844622 0.588337
vt 0.844329 0.589286
vt 0.844531 0.589286
vt 0.753162 0.555668
vt 0.753414 0.554668
vt 0.753162 0.554668
vt 0.753162 0.553668
vt 0.753414 0.555734
vt 0.753414 0.553602
vt 0.754043 0.555668
vt 0.754043 0.553668
vt 0.754043 0.554668
vt 0.839628 0.921564
vt 0.839880 0.921649
vt 0.839880 0.920796
vt 0.840509 0.921564
vt 0.839628 0.920764
vt 0.840509 0.920764
vt 0.839880 0.919743
vt 0.839628 0.919775
vt 0.840509 0.919775
vt 0.839628 0.918975
vt 0.840509 0.918975
vt 0.839880 0.918890
vt 0.754354 0.554668
vt 0.754102 0.553668
vt 0.754354 0.553602
vt 0.754102 0.554668
vt 0.754983 0.553668
vt 0.754102 0.555668
vt 0.754983 0.554668
vt 0.754354 0.555734
vt 0.754983 0.555668
vt 0.840820 0.919743
vt 0.840568 0.919775
vt 0.840568 0.918975
vt 0.840820 0.918890
vt 0.841449 0.918975
vt 0.841449 0.919775
vt 0.840568 0.920764
vt 0.841449 0.920764
vt 0.840820 0.920796
vt 0.840568 0.921564
vt 0.841449 0.921564
vt 0.840820 0.921649
vt 0.843974 0.590235
vt 0.843893 0.590172
vt 0.844167 0.589286
vt 0.843175 0.590721
vt 0.844268 0.589286
vt 0.843206 0.590821
vt 0.843974 0.588337
vt 0.842257 0.590821
vt 0.843893 0.588399
vt 0.842288 0.590721
vt 0.843175 0.587851
vt 0.841489 0.590235
vt 0.843206 0.587750
vt 0.841571 0.590172
vt 0.842257 0.587750
vt 0.841297 0.589286
vt 0.842288 0.587851
vt 0.841196 0.589286
vt 0.841489 0.588337
vt 0.841571 0.588399
vt 0.221835 0.444392
vt 0.222278 0.445224
vt 0.222278 0.444392
vt 0.221835 0.445224
vt 0.221835 0.443560
vt 0.222278 0.443560
vt 0.223362 0.444392
vt 0.223362 0.445283
vt 0.223362 0.443502
vt 0.224593 0.444392
vt 0.224593 0.445458
vt 0.224593 0.443326
vt 0.021961 0.920884
vt 0.022404 0.921625
vt 0.022404 0.920884
vt 0.021961 0.921625
vt 0.021961 0.919968
vt 0.022404 0.919968
vt 0.022404 0.919227
vt 0.021961 0.919227
vt 0.023487 0.919936
vt 0.023487 0.919143
vt 0.023487 0.920916
vt 0.023487 0.921709
vt 0.024719 0.921013
vt 0.024719 0.921962
vt 0.024719 0.919840
vt 0.024719 0.918890
vt 0.225098 0.444392
vt 0.224655 0.443560
vt 0.225098 0.443560
vt 0.224655 0.444392
vt 0.225098 0.445224
vt 0.224655 0.445224
vt 0.226182 0.444392
vt 0.226182 0.443502
vt 0.226182 0.445283
vt 0.227413 0.444392
vt 0.227413 0.443326
vt 0.227413 0.445458
vt 0.019584 0.919968
vt 0.019141 0.919227
vt 0.019584 0.919227
vt 0.019141 0.919968
vt 0.020668 0.919936
vt 0.019584 0.920884
vt 0.019141 0.920884
vt 0.019141 0.921625
vt 0.020668 0.919143
vt 0.019584 0.921625
vt 0.021899 0.919840
vt 0.021899 0.918890
vt 0.020668 0.920916
vt 0.020668 0.921709
vt 0.021899 0.921013
vt 0.021899 0.921962
vt 0.592735 0.884182
vt 0.593327 0.882362
vt 0.592127 0.882362
vt 0.592735 0.880542
vt 0.591764 0.883478
vt 0.591764 0.881246
vt 0.590813 0.884168
vt 0.590813 0.880557
vt 0.591184 0.885307
vt 0.591184 0.879417
vt 0.589267 0.885307
vt 0.589638 0.880557
vt 0.589638 0.884168
vt 0.589267 0.879417
vt 0.587716 0.884182
vt 0.587716 0.880542
vt 0.588687 0.883478
vt 0.588687 0.881246
vt 0.588324 0.882362
vt 0.587124 0.882362
vt 0.342861 0.816673
vt 0.344065 0.814850
vt 0.343446 0.814850
vt 0.342861 0.813027
vt 0.343362 0.817041
vt 0.341520 0.818395
vt 0.341329 0.817799
vt 0.343779 0.817347
vt 0.344580 0.814850
vt 0.341680 0.818891
vt 0.343779 0.812352
vt 0.339085 0.818891
vt 0.343362 0.812658
vt 0.339244 0.818395
vt 0.339435 0.817799
vt 0.336986 0.817347
vt 0.337903 0.816673
vt 0.337403 0.817041
vt 0.336699 0.814850
vt 0.336184 0.814850
vt 0.337318 0.814850
vt 0.336986 0.812352
vt 0.337903 0.813027
vt 0.337403 0.812658
vt 0.339244 0.811304
vt 0.339085 0.810808
vt 0.339435 0.811900
vt 0.341680 0.810808
vt 0.341329 0.811900
vt 0.341520 0.811304
vt 0.557048 0.901316
vt 0.558847 0.903578
vt 0.558847 0.901316
vt 0.557048 0.903791
vt 0.560746 0.901316
vt 0.560746 0.903700
vt 0.558847 0.899053
vt 0.557048 0.898840
vt 0.560746 0.898932
vt 0.693872 0.878435
vt 0.693872 0.876506
vt 0.692073 0.876618
vt 0.692073 0.878728
vt 0.695771 0.876570
vt 0.695771 0.878603
vt 0.693872 0.874121
vt 0.692073 0.874009
vt 0.695771 0.874057
vt 0.693872 0.872192
vt 0.692073 0.871898
vt 0.695771 0.872024
vt 0.555088 0.899053
vt 0.553289 0.901316
vt 0.553289 0.898840
vt 0.555088 0.901316
vt 0.555088 0.903578
vt 0.553289 0.903791
vt 0.556987 0.901316
vt 0.556987 0.898932
vt 0.556987 0.903700
vt 0.695833 0.874009
vt 0.695833 0.871898
vt 0.697632 0.872192
vt 0.697632 0.874121
vt 0.699531 0.874057
vt 0.699531 0.872024
vt 0.697632 0.876506
vt 0.695833 0.876618
vt 0.699531 0.876570
vt 0.697632 0.878435
vt 0.695833 0.878728
vt 0.699531 0.878603
vt 0.441682 0.848888
vt 0.443265 0.846491
vt 0.442447 0.846491
vt 0.442343 0.843606
vt 0.442343 0.849376
vt 0.441682 0.844095
vt 0.439678 0.850368
vt 0.439931 0.841823
vt 0.439931 0.851159
vt 0.439678 0.842614
vt 0.436949 0.851159
vt 0.436949 0.841823
vt 0.437201 0.850368
vt 0.437201 0.842614
vt 0.434537 0.849376
vt 0.434537 0.843606
vt 0.435198 0.848888
vt 0.435198 0.844095
vt 0.434432 0.846491
vt 0.433615 0.846491
vt 0.626910 0.888784
vt 0.628103 0.891573
vt 0.628103 0.888784
vt 0.626910 0.891573
vt 0.626910 0.885996
vt 0.628103 0.885996
vt 0.870331 0.837167
vt 0.871524 0.839568
vt 0.871524 0.837167
vt 0.870331 0.839568
vt 0.870331 0.834199
vt 0.871524 0.834199
vt 0.871524 0.831798
vt 0.870331 0.831798
vt 0.999657 0.538847
vt 0.998463 0.536059
vt 0.999657 0.536059
vt 0.998463 0.538847
vt 0.999657 0.541636
vt 0.998463 0.541636
vt 0.872777 0.834199
vt 0.871584 0.831798
vt 0.872777 0.831798
vt 0.871584 0.834199
vt 0.872777 0.837167
vt 0.871584 0.837167
vt 0.871584 0.839568
vt 0.872777 0.839568
vt 0.432631 0.849376
vt 0.431805 0.848765
vt 0.432531 0.846491
vt 0.429903 0.850171
vt 0.433553 0.846491
vt 0.430219 0.851159
vt 0.432631 0.843606
vt 0.427237 0.851159
vt 0.431805 0.844217
vt 0.427553 0.850171
vt 0.429903 0.842812
vt 0.425651 0.848765
vt 0.430219 0.841823
vt 0.424825 0.849376
vt 0.427553 0.842812
vt 0.424925 0.846491
vt 0.427237 0.841823
vt 0.423903 0.846491
vt 0.424825 0.843606
vt 0.425651 0.844217
vt 0.091194 0.916510
vt 0.091763 0.918798
vt 0.091763 0.916510
vt 0.091194 0.918829
vt 0.091763 0.914222
vt 0.091194 0.914191
vt 0.483681 0.885579
vt 0.483681 0.883688
vt 0.483111 0.883704
vt 0.483111 0.885621
vt 0.483681 0.881350
vt 0.483111 0.881334
vt 0.483681 0.879459
vt 0.483111 0.879417
vt 0.091137 0.914222
vt 0.090567 0.916510
vt 0.090567 0.914191
vt 0.091137 0.916510
vt 0.091137 0.918798
vt 0.090567 0.918829
vt 0.482485 0.881334
vt 0.482485 0.879417
vt 0.483054 0.879459
vt 0.483054 0.881350
vt 0.483054 0.883688
vt 0.482485 0.883704
vt 0.483054 0.885579
vt 0.482485 0.885621
vt 0.642114 0.805622
vt 0.641169 0.804931
vt 0.641658 0.803415
vt 0.639889 0.805868
vt 0.642826 0.803415
vt 0.640250 0.806987
vt 0.642114 0.801207
vt 0.637946 0.806987
vt 0.641169 0.801899
vt 0.638306 0.805868
vt 0.639889 0.800962
vt 0.636081 0.805622
vt 0.640250 0.799843
vt 0.637026 0.804931
vt 0.637946 0.799843
vt 0.636537 0.803415
vt 0.638306 0.800962
vt 0.635369 0.803415
vt 0.636081 0.801207
vt 0.637026 0.801899
vt 0.950527 0.915727
vt 0.950788 0.917262
vt 0.950788 0.915727
vt 0.950527 0.917262
vt 0.950527 0.914191
vt 0.950788 0.914191
vt 0.858109 0.912480
vt 0.858370 0.913816
vt 0.858370 0.912480
vt 0.858109 0.913816
vt 0.858109 0.910828
vt 0.858370 0.910828
vt 0.858370 0.909492
vt 0.858109 0.909492
vt 0.950475 0.915727
vt 0.950214 0.914191
vt 0.950475 0.914191
vt 0.950214 0.915727
vt 0.950475 0.917262
vt 0.950214 0.917262
vt 0.858057 0.910828
vt 0.857796 0.909492
vt 0.858057 0.909492
vt 0.857796 0.910828
vt 0.858057 0.912480
vt 0.857796 0.912480
vt 0.857796 0.913816
vt 0.858057 0.913816
vt 0.058866 0.901316
vt 0.057730 0.902391
vt 0.058084 0.901316
vt 0.058364 0.902846
vt 0.058364 0.899786
vt 0.056806 0.903055
vt 0.057730 0.900241
vt 0.057048 0.903791
vt 0.056806 0.899577
vt 0.055421 0.903791
vt 0.057048 0.898840
vt 0.055663 0.903055
vt 0.055421 0.898840
vt 0.054105 0.902846
vt 0.055663 0.899577
vt 0.054738 0.902391
vt 0.054105 0.899786
vt 0.054385 0.901316
vt 0.054738 0.900241
vt 0.053602 0.901316
vt 0.863435 0.444392
vt 0.863696 0.445428
vt 0.863696 0.444392
vt 0.863435 0.445458
vt 0.863696 0.443356
vt 0.863435 0.443326
vt 0.240575 0.921918
vt 0.240575 0.920996
vt 0.240314 0.921013
vt 0.240314 0.921962
vt 0.240575 0.919856
vt 0.240314 0.919840
vt 0.240575 0.918934
vt 0.240314 0.918890
vt 0.863382 0.443356
vt 0.863121 0.444392
vt 0.863121 0.443326
vt 0.863382 0.444392
vt 0.863382 0.445428
vt 0.863121 0.445458
vt 0.240628 0.919840
vt 0.240628 0.918890
vt 0.240889 0.918934
vt 0.240889 0.919856
vt 0.240628 0.921013
vt 0.240889 0.920996
vt 0.240889 0.921918
vt 0.240628 0.921962
f 1/1 2/2 3/3
f 4/4 2/2 1/1
f 2/2 4/4 5/5
f 4/4 1/1 6/6
f 6/6 5/5 4/4
f 7/7 5/5 6/6
f 8/8 5/5 7/7
f 9/9 1/1 3/3
f 10/10 9/9 3/3
f 3/3 11/11 10/10
f 12/12 11/11 3/3
f 12/12 13/13 11/11
f 14/14 13/13 12/12
f 13/13 14/14 15/15
f 14/14 16/16 15/15
f 15/15 16/16 17/17
f 18/18 9/9 10/10
f 19/19 9/9 18/18
f 20/20 18/18 10/10
f 21/21 18/18 20/20
f 22/22 21/21 20/20
f 22/22 23/23 21/21
f 18/18 21/21 24/24
f 25/25 24/24 26/26
f 18/18 24/24 27/27
f 19/19 18/18 27/27
f 27/27 28/28 19/19
f 29/29 28/28 30/30
f 27/27 31/31 28/28
f 28/28 31/31 32/32
f 31/31 27/27 33/33
f 32/32 31/31 33/33
f 32/32 33/33 34/34
f 33/33 27/27 35/35
f 36/36 34/34 33/33
f 37/37 35/35 38/38
f 35/35 39/39 33/33
f 35/35 40/40 39/39
f 40/40 41/41 39/39
f 40/40 42/42 41/41
f 33/33 39/39 43/43
f 36/36 33/33 43/43
f 42/42 44/44 41/41
f 43/43 45/45 36/36
f 45/45 46/46 36/36
f 43/43 47/47 45/45
f 48/48 47/47 43/43
f 49/49 46/46 45/45
f 48/48 50/50 47/47
f 51/51 50/50 48/48
f 52/52 50/50 51/51
f 52/52 53/53 50/50
f 54/54 53/53 52/52
f 55/55 46/46 49/49
f 56/56 46/46 55/55
f 57/57 56/56 55/55
f 58/58 59/59 53/53
f 58/58 60/60 59/59
f 60/60 61/61 59/59
f 62/62 61/61 60/60
f 63/63 64/64 62/62
f 60/60 54/54 44/44
f 63/63 65/65 66/66
f 67/67 68/68 66/66
f 65/65 69/69 66/66
f 70/70 71/71 44/44
f 71/71 70/70 72/72
f 70/70 44/44 73/73
f 72/72 70/70 73/73
f 44/44 74/74 73/73
f 73/73 74/74 72/72
f 75/75 74/74 44/44
f 72/72 74/74 76/76
f 74/74 23/23 77/77
f 76/76 78/78 79/79
f 80/80 78/78 76/76
f 81/81 80/80 76/76
f 81/81 16/16 80/80
f 82/82 79/79 83/83
f 84/84 82/82 83/83
f 83/83 85/85 84/84
f 86/86 82/82 84/84
f 87/87 86/86 84/84
f 65/65 86/86 87/87
f 87/87 69/69 65/65
f 88/88 69/69 89/89
f 89/89 90/90 88/88
f 91/91 88/88 90/90
f 89/89 69/69 92/92
f 90/90 93/93 91/91
f 91/91 93/93 94/94
f 87/87 91/91 94/94
f 90/90 95/95 93/93
f 92/92 95/95 90/90
f 94/94 96/96 87/87
f 95/95 96/96 94/94
f 95/95 97/97 96/96
f 95/95 92/92 97/97
f 87/87 96/96 98/98
f 97/97 99/99 98/98
f 98/98 99/99 87/87
f 97/97 92/92 99/99
f 69/69 87/87 99/99
f 92/92 100/100 99/99
f 99/99 101/101 69/69
f 92/92 101/101 100/100
f 69/69 101/101 92/92
f 102/102 49/49 103/103
f 104/104 102/102 103/103
f 56/56 102/102 104/104
f 105/105 106/106 107/107
f 108/108 105/105 107/107
f 105/105 109/109 106/106
f 105/105 110/110 109/109
f 111/111 110/110 105/105
f 106/106 112/112 113/113
f 112/112 114/114 113/113
f 114/114 115/115 116/116
f 117/117 115/115 114/114
f 117/117 118/118 115/115
f 119/119 118/118 117/117
f 120/120 121/121 122/122
f 122/122 123/123 120/120
f 120/120 123/123 124/124
f 120/120 124/124 125/125
f 126/126 125/125 124/124
f 127/127 125/125 126/126
f 128/128 129/129 130/130
f 131/131 129/129 128/128
f 131/131 132/132 129/129
f 131/131 128/128 132/132
f 133/133 128/128 130/130
f 133/133 130/130 134/134
f 135/135 133/133 134/134
f 133/133 136/136 128/128
f 137/137 132/132 128/128
f 138/138 132/132 137/137
f 137/137 128/128 139/139
f 139/139 140/140 141/141
f 142/142 138/138 137/137
f 139/139 142/142 137/137
f 142/142 143/143 138/138
f 143/143 142/142 144/144
f 144/144 142/142 145/145
f 139/139 146/146 142/142
f 147/147 145/145 142/142
f 146/146 148/148 142/142
f 148/148 147/147 142/142
f 148/148 146/146 149/149
f 150/150 147/147 148/148
f 149/149 151/151 152/152
f 149/149 153/153 148/148
f 148/148 153/153 150/150
f 153/153 154/154 150/150
f 155/155 154/154 153/153
f 156/156 154/154 155/155
f 153/153 156/156 155/155
f 157/157 156/156 155/155
f 157/157 155/155 158/158
f 159/159 156/156 153/153
f 160/160 159/159 153/153
f 161/161 160/160 153/153
f 162/162 160/160 161/161
f 160/160 162/162 163/163
f 161/161 164/164 162/162
f 163/163 162/162 165/165
f 164/164 133/133 162/162
f 164/164 136/136 133/133
f 162/162 133/133 166/166
f 166/166 165/165 162/162
f 133/133 167/167 166/166
f 165/165 166/166 167/167
f 167/167 133/133 168/168
f 167/167 168/168 165/165
f 135/135 168/168 133/133
f 165/165 169/169 170/170
f 171/171 170/170 169/169
f 169/169 165/165 172/172
f 173/173 174/174 172/172
f 172/172 174/174 175/175
f 176/176 168/168 175/175
f 169/169 172/172 177/177
f 177/177 172/172 175/175
f 177/177 178/178 169/169
f 168/168 179/179 175/175
f 177/177 175/175 179/179
f 179/179 168/168 180/180
f 181/181 179/179 180/180
f 182/182 177/177 179/179
f 183/183 177/177 182/182
f 183/183 184/184 177/177
f 178/178 177/177 184/184
f 185/185 184/184 183/183
f 184/184 182/182 186/186
f 187/187 184/184 186/186
f 184/184 187/187 178/178
f 178/178 187/187 188/188
f 189/189 188/188 190/190
f 191/191 187/187 192/192
f 187/187 193/193 188/188
f 194/194 188/188 193/193
f 187/187 195/195 193/193
f 196/196 195/195 187/187
f 195/195 196/196 197/197
f 197/197 196/196 198/198
f 199/199 195/195 197/197
f 200/200 195/195 199/199
f 201/201 197/197 202/202
f 199/199 203/203 204/204
f 205/205 206/206 207/207
f 207/207 206/206 208/208
f 206/206 209/209 208/208
f 209/209 210/210 208/208
f 208/208 210/210 211/211
f 211/211 212/212 208/208
f 212/212 211/211 213/213
f 212/212 213/213 214/214
f 214/214 213/213 215/215
f 214/214 215/215 216/216
f 217/217 218/218 215/215
f 219/219 220/220 221/221
f 222/222 219/219 221/221
f 222/222 223/223 219/219
f 223/223 224/224 219/219
f 219/219 224/224 225/225
f 224/224 223/223 226/226
f 227/227 224/224 226/226
f 227/227 220/220 225/225
f 220/220 227/227 226/226
f 228/228 220/220 226/226
f 228/228 229/229 220/220
f 221/221 220/220 230/230
f 221/221 230/230 231/231
f 228/228 232/232 229/229
f 233/233 232/232 228/228
f 233/233 234/234 232/232
f 232/232 235/235 229/229
f 236/236 232/232 234/234
f 235/235 237/237 231/231
f 237/237 221/221 231/231
f 235/235 232/232 237/237
f 238/238 232/232 236/236
f 239/239 238/238 236/236
f 232/232 240/240 241/241
f 237/237 232/232 241/241
f 237/237 241/241 242/242
f 241/241 243/243 242/242
f 238/238 239/239 244/244
f 239/239 245/245 244/244
f 246/246 245/245 239/239
f 238/238 244/244 247/247
f 246/246 247/247 245/245
f 242/242 238/238 247/247
f 242/242 248/248 238/238
f 238/238 248/248 249/249
f 250/250 247/247 246/246
f 246/246 251/251 250/250
f 252/252 251/251 246/246
f 250/250 253/253 247/247
f 242/242 247/247 253/253
f 253/253 250/250 254/254
f 253/253 254/254 242/242
f 253/253 255/255 256/256
f 237/237 242/242 254/254
f 237/237 254/254 257/257
f 237/237 257/257 258/258
f 258/258 257/257 259/259
f 258/258 259/259 221/221
f 222/222 221/221 259/259
f 222/222 259/259 260/260
f 257/257 261/261 259/259
f 262/262 261/261 263/263
f 263/263 261/261 264/264
f 265/265 261/261 266/266
f 265/265 267/267 261/261
f 268/268 267/267 265/265
f 269/269 270/270 271/271
f 271/271 270/270 272/272
f 272/272 273/273 271/271
f 274/274 275/275 276/276
f 274/274 276/276 277/277
f 275/275 274/274 278/278
f 279/279 275/275 278/278
f 274/274 280/280 278/278
f 281/281 279/279 278/278
f 281/281 282/282 279/279
f 280/280 274/274 283/283
f 274/274 277/277 283/283
f 284/284 283/283 277/277
f 283/283 284/284 285/285
f 279/279 286/286 287/287
f 288/288 287/287 286/286
f 289/289 287/287 288/288
f 290/290 283/283 285/285
f 291/291 283/283 290/290
f 291/291 292/292 283/283
f 293/293 292/292 291/291
f 290/290 285/285 294/294
f 294/294 285/285 295/295
f 294/294 295/295 296/296
f 296/296 295/295 297/297
f 296/296 297/297 298/298
f 298/298 297/297 299/299
f 298/298 299/299 300/300
f 298/298 300/300 301/301
f 301/301 300/300 302/302
f 301/301 302/302 303/303
f 303/303 302/302 304/304
f 303/303 304/304 305/305
f 305/305 304/304 306/306
f 305/305 306/306 307/307
f 308/308 309/309 310/310
f 311/311 308/308 310/310
f 310/310 309/309 312/312
f 311/311 313/313 308/308
f 314/314 313/313 311/311
f 312/312 309/309 315/315
f 315/315 309/309 316/316
f 309/309 308/308 317/317
f 317/317 308/308 318/318
f 319/319 309/309 317/317
f 316/316 309/309 319/319
f 316/316 319/319 320/320
f 321/321 320/320 319/319
f 322/322 321/321 319/319
f 322/322 323/323 321/321
f 322/322 319/319 324/324
f 325/325 323/323 322/322
f 326/326 324/324 319/319
f 325/325 327/327 323/323
f 328/328 327/327 325/325
f 328/328 329/329 327/327
f 330/330 329/329 328/328
f 330/330 331/331 329/329
f 332/332 331/331 330/330
f 332/332 333/333 331/331
f 334/334 333/333 332/332
f 334/334 335/335 333/333
f 336/336 335/335 334/334
f 336/336 337/337 335/335
f 326/326 338/338 324/324
f 338/338 326/326 339/339
f 339/339 340/340 338/338
f 339/339 326/326 341/341
f 341/341 342/342 339/339
f 342/342 343/343 339/339
f 344/344 343/343 342/342
f 342/342 318/318 344/344
f 345/345 346/346 343/343
f 343/343 346/346 347/347
f 348/348 349/349 350/350
f 351/351 349/349 352/352
f 351/351 352/352 353/353
f 350/350 351/351 354/354
f 355/355 350/350 354/354
f 356/356 354/354 353/353
f 355/355 354/354 357/357
f 354/354 356/356 357/357
f 357/357 356/356 358/358
f 357/357 358/358 359/359
f 357/357 359/359 360/360
f 360/360 359/359 361/361
f 361/361 359/359 362/362
f 359/359 363/363 362/362
f 361/361 362/362 364/364
f 365/365 364/364 356/356
f 366/366 364/364 365/365
f 356/356 367/367 365/365
f 368/368 364/364 366/366
f 348/348 367/367 356/356
f 368/368 369/369 364/364
f 348/348 370/370 367/367
f 348/348 371/371 370/370
f 372/372 371/371 348/348
f 373/373 369/369 368/368
f 372/372 374/374 371/371
f 375/375 374/374 372/372
f 376/376 374/374 375/375
f 377/377 376/376 378/378
f 379/379 374/374 376/376
f 379/379 380/380 374/374
f 376/376 381/381 379/379
f 379/379 382/382 380/380
f 382/382 379/379 381/381
f 382/382 381/381 383/383
f 383/383 381/381 384/384
f 384/384 385/385 383/383
f 383/383 385/385 386/386
f 387/387 385/385 384/384
f 386/386 385/385 388/388
f 385/385 387/387 388/388
f 386/386 388/388 389/389
f 388/388 387/387 390/390
f 388/388 390/390 389/389
f 389/389 390/390 391/391
f 391/391 390/390 392/392
f 393/393 391/391 392/392
f 394/394 393/393 392/392
f 393/393 395/395 391/391
f 396/396 393/393 394/394
f 397/397 395/395 393/393
f 396/396 397/397 393/393
f 397/397 398/398 395/395
f 399/399 397/397 396/396
f 400/400 397/397 399/399
f 400/400 399/399 401/401
f 402/402 401/401 399/399
f 400/400 401/401 403/403
f 403/403 401/401 404/404
f 405/405 401/401 402/402
f 404/404 405/405 406/406
f 407/407 401/401 405/405
f 408/408 401/401 407/407
f 409/409 406/406 405/405
f 409/409 410/410 406/406
f 411/411 406/406 410/410
f 412/412 410/410 409/409
f 412/412 413/413 410/410
f 411/411 410/410 414/414
f 415/415 410/410 413/413
f 415/415 414/414 410/410
f 416/416 414/414 415/415
f 417/417 416/416 415/415
f 417/417 415/415 418/418
f 419/419 416/416 417/417
f 420/420 417/417 421/421
f 422/422 416/416 419/419
f 423/423 416/416 422/422
f 423/423 422/422 424/424
f 424/424 422/422 425/425
f 424/424 426/426 423/423
f 424/424 425/425 427/427
f 424/424 428/428 426/426
f 427/427 428/428 424/424
f 428/428 427/427 429/429
f 428/428 429/429 430/430
f 430/430 429/429 431/431
f 430/430 432/432 428/428
f 430/430 433/433 432/432
f 430/430 434/434 433/433
f 430/430 431/431 435/435
f 435/435 434/434 430/430
f 435/435 436/436 437/437
f 438/438 439/439 440/440
f 441/441 439/439 438/438
f 442/442 439/439 441/441
f 441/441 443/443 442/442
f 444/444 441/441 438/438
f 445/445 444/444 438/438
f 441/441 444/444 446/446
f 445/445 447/447 448/448
f 448/448 447/447 449/449
f 449/449 447/447 450/450
f 449/449 450/450 451/451
f 451/451 452/452 449/449
f 453/453 452/452 451/451
f 453/453 451/451 454/454
f 451/451 455/455 454/454
f 456/456 457/457 443/443
f 458/458 457/457 456/456
f 456/456 459/459 458/458
f 458/458 460/460 461/461
f 446/446 462/462 457/457
f 462/462 446/446 463/463
f 464/464 463/463 446/446
f 464/464 465/465 463/463
f 446/446 466/466 464/464
f 464/464 467/467 465/465
f 465/465 467/467 468/468
f 468/468 467/467 469/469
f 470/470 469/469 467/467
f 446/446 471/471 466/466
f 444/444 471/471 446/446
f 444/444 472/472 471/471
f 473/473 466/466 471/471
f 471/471 472/472 473/473
f 467/467 474/474 470/470
f 470/470 474/474 475/475
f 476/476 474/474 467/467
f 475/475 474/474 477/477
f 478/478 474/474 476/476
f 475/475 477/477 479/479
f 478/478 480/480 474/474
f 474/474 480/480 481/481
f 479/479 477/477 480/480
f 482/482 480/480 478/478
f 479/479 483/483 475/475
f 482/482 484/484 480/480
f 484/484 479/479 480/480
f 482/482 485/485 484/484
f 479/479 486/486 483/483
f 487/487 483/483 486/486
f 487/487 486/486 488/488
f 489/489 490/490 488/488
f 488/488 490/490 491/491
f 485/485 492/492 484/484
f 492/492 479/479 484/484
f 479/479 493/493 486/486
f 494/494 491/491 493/493
f 494/494 493/493 495/495
f 495/495 496/496 494/494
f 497/497 495/495 493/493
f 479/479 497/497 493/493
f 498/498 496/496 499/499
f 499/499 500/500 501/501
f 498/498 502/502 496/496
f 502/502 498/498 503/503
f 504/504 502/502 497/497
f 505/505 504/504 497/497
f 479/479 505/505 497/497
f 504/504 505/505 506/506
f 505/505 479/479 507/507
f 506/506 508/508 509/509
f 510/510 506/506 509/509
f 511/511 510/510 509/509
f 512/512 511/511 509/509
f 513/513 510/510 507/507
f 514/514 513/513 507/507
f 507/507 479/479 514/514
f 513/513 514/514 515/515
f 514/514 479/479 516/516
f 517/517 518/518 515/515
f 515/515 518/518 519/519
f 519/519 518/518 520/520
f 520/520 518/518 521/521
f 516/516 522/522 519/519
f 516/516 479/479 523/523
f 523/523 522/522 516/516
f 479/479 524/524 523/523
f 523/523 525/525 522/522
f 526/526 522/522 525/525
f 523/523 527/527 525/525
f 528/528 526/526 529/529
f 492/492 524/524 479/479
f 530/530 528/528 531/531
f 527/527 532/532 530/530
f 532/532 527/527 533/533
f 534/534 531/531 535/535
f 492/492 536/536 524/524
f 537/537 524/524 536/536
f 537/537 536/536 538/538
f 538/538 539/539 537/537
f 539/539 540/540 537/537
f 539/539 541/541 540/540
f 541/541 539/539 542/542
f 541/541 542/542 543/543
f 541/541 543/543 544/544
f 545/545 541/541 544/544
f 544/544 546/546 547/547
f 548/548 492/492 485/485
f 548/548 485/485 549/549
f 548/548 464/464 492/492
f 550/550 492/492 464/464
f 551/551 492/492 550/550
f 464/464 552/552 550/550
f 492/492 551/551 553/553
f 464/464 466/466 552/552
f 549/549 554/554 548/548
f 548/548 554/554 555/555
f 549/549 556/556 554/554
f 554/554 556/556 557/557
f 558/558 554/554 557/557
f 558/558 559/559 555/555
f 557/557 559/559 558/558
f 549/549 560/560 556/556
f 561/561 556/556 560/560
f 561/561 467/467 464/464
f 561/561 560/560 467/467
f 476/476 467/467 560/560
f 560/560 562/562 476/476
f 563/563 564/564 552/552
f 552/552 564/564 565/565
f 563/563 466/466 566/566
f 567/567 566/566 466/466
f 566/566 567/567 565/565
f 466/466 473/473 567/567
f 565/565 568/568 552/552
f 567/567 568/568 565/565
f 569/569 552/552 568/568
f 570/570 568/568 567/567
f 571/571 570/570 567/567
f 570/570 572/572 568/568
f 568/568 572/572 573/573
f 574/574 571/571 473/473
f 574/574 473/473 575/575
f 573/573 576/576 569/569
f 574/574 575/575 577/577
f 578/578 574/574 577/577
f 578/578 579/579 580/580
f 576/576 581/581 569/569
f 569/569 581/581 582/582
f 576/576 583/583 581/581
f 569/569 584/584 551/551
f 581/581 585/585 584/584
f 551/551 584/584 586/586
f 585/585 586/586 584/584
f 586/586 585/585 587/587
f 553/553 551/551 586/586
f 588/588 585/585 581/581
f 583/583 588/588 581/581
f 553/553 586/586 589/589
f 588/588 589/589 590/590
f 553/553 589/589 591/591
f 588/588 591/591 589/589
f 591/591 588/588 592/592
f 593/593 553/553 591/591
f 594/594 593/593 591/591
f 593/593 594/594 595/595
f 596/596 588/588 583/583
f 594/594 596/596 595/595
f 596/596 594/594 597/597
f 595/595 596/596 598/598
f 599/599 596/596 583/583
f 599/599 598/598 596/596
f 595/595 598/598 600/600
f 599/599 583/583 601/601
f 599/599 601/601 602/602
f 602/602 601/601 600/600
f 601/601 603/603 600/600
f 601/601 604/604 603/603
f 600/600 603/603 605/605
f 605/605 606/606 600/600
f 607/607 605/605 603/603
f 608/608 606/606 605/605
f 607/607 606/606 608/608
f 607/607 603/603 609/609
f 609/609 606/606 607/607
f 604/604 610/610 609/609
f 610/610 611/611 609/609
f 609/609 612/612 606/606
f 609/609 611/611 612/612
f 611/611 613/613 612/612
f 606/606 612/612 614/614
f 614/614 613/613 611/611
f 614/614 615/615 606/606
f 616/616 614/614 611/611
f 616/616 615/615 614/614
f 614/614 617/617 618/618
f 619/619 616/616 620/620
f 621/621 619/619 620/620
f 620/620 578/578 621/621
f 622/622 578/578 620/620
f 623/623 621/621 578/578
f 624/624 621/621 623/623
f 624/624 625/625 616/616
f 623/623 625/625 624/624
f 625/625 623/623 626/626
f 625/625 626/626 627/627
f 628/628 578/578 627/627
f 627/627 629/629 628/628
f 625/625 627/627 630/630
f 472/472 625/625 630/630
f 627/627 472/472 630/630
f 631/631 472/472 627/627
f 632/632 472/472 631/631
f 627/627 578/578 633/633
f 634/634 627/627 633/633
f 635/635 633/633 578/578
f 635/635 578/578 577/577
f 635/635 577/577 632/632
f 632/632 577/577 636/636
f 636/636 472/472 632/632
f 472/472 636/636 473/473
f 637/637 638/638 639/639
f 637/637 640/640 638/638
f 639/639 638/638 641/641
f 637/637 642/642 640/640
f 643/643 642/642 637/637
f 643/643 644/644 642/642
f 645/645 637/637 639/639
f 646/646 639/639 641/641
f 647/647 645/645 639/639
f 647/647 648/648 645/645
f 649/649 648/648 647/647
f 650/650 646/646 641/641
f 644/644 651/651 652/652
f 650/650 653/653 646/646
f 654/654 653/653 650/650
f 655/655 653/653 654/654
f 655/655 656/656 653/653
f 656/656 657/657 653/653
f 656/656 655/655 658/658
f 657/657 659/659 660/660
f 660/660 659/659 661/661
f 661/661 659/659 658/658
f 661/661 658/658 662/662
f 661/661 662/662 663/663
f 663/663 662/662 664/664
f 663/663 664/664 665/665
f 663/663 665/665 666/666
f 667/667 659/659 668/668
f 659/659 667/667 669/669
f 662/662 670/670 669/669
f 659/659 669/669 670/670
f 671/671 672/672 673/673
f 671/671 673/673 674/674
f 675/675 671/671 674/674
f 676/676 672/672 671/671
f 676/676 677/677 672/672
f 671/671 678/678 676/676
f 679/679 677/677 680/680
f 681/681 679/679 680/680
f 682/682 678/678 671/671
f 683/683 678/678 682/682
f 682/682 671/671 684/684
f 685/685 682/682 684/684
f 686/686 685/685 684/684
f 685/685 686/686 687/687
f 687/687 686/686 688/688
f 686/686 689/689 688/688
f 688/688 689/689 690/690
f 689/689 691/691 690/690
f 691/691 689/689 692/692
f 691/691 692/692 693/693
f 694/694 693/693 695/695
f 694/694 695/695 696/696
f 695/695 697/697 696/696
f 698/698 697/697 695/695
f 699/699 697/697 698/698
f 699/699 700/700 697/697
f 700/700 681/681 701/701
f 681/681 700/700 699/699
f 699/699 679/679 681/681
f 699/699 702/702 679/679
f 699/699 703/703 702/702
f 699/699 704/704 703/703
f 698/698 705/705 699/699
f 706/706 704/704 699/699
f 705/705 706/706 699/699
f 707/707 704/704 706/706
f 707/707 708/708 704/704
f 707/707 709/709 708/708
f 707/707 710/710 709/709
f 709/709 710/710 711/711
f 711/711 675/675 709/709
f 711/711 710/710 712/712
f 711/711 713/713 675/675
f 675/675 713/713 671/671
f 713/713 714/714 671/671
f 714/714 715/715 671/671
f 712/712 714/714 713/713
f 712/712 713/713 716/716
f 712/712 717/717 714/714
f 712/712 710/710 718/718
f 398/398 717/717 712/712
f 718/718 398/398 712/712
f 398/398 718/718 719/719
f 719/719 718/718 720/720
f 721/721 719/719 720/720
f 719/719 721/721 722/722
f 722/722 721/721 723/723
f 724/724 722/722 723/723
f 723/723 725/725 724/724
f 726/726 722/722 724/724
f 727/727 722/722 726/726
f 726/726 728/728 727/727
f 726/726 705/705 728/728
f 729/729 728/728 705/705
f 726/726 730/730 705/705
f 730/730 706/706 705/705
f 730/730 731/731 706/706
f 730/730 726/726 732/732
f 723/723 731/731 733/733
f 732/732 726/726 733/733
f 731/731 732/732 733/733
f 734/734 735/735 736/736
f 737/737 734/734 736/736
f 737/737 736/736 738/738
f 735/735 734/734 739/739
f 735/735 739/739 740/740
f 741/741 740/740 739/739
f 740/740 742/742 735/735
f 735/735 742/742 743/743
f 735/735 743/743 744/744
f 744/744 743/743 745/745
f 744/744 746/746 735/735
f 736/736 735/735 746/746
f 747/747 746/746 744/744
f 747/747 748/748 746/746
f 748/748 747/747 749/749
f 746/746 750/750 751/751
f 751/751 750/750 752/752
f 752/752 750/750 753/753
f 754/754 736/736 752/752
f 749/749 747/747 755/755
f 756/756 755/755 747/747
f 756/756 757/757 755/755
f 755/755 758/758 749/749
f 736/736 754/754 758/758
f 759/759 758/758 754/754
f 736/736 758/758 760/760
f 755/755 761/761 758/758
f 762/762 736/736 760/760
f 763/763 761/761 755/755
f 738/738 762/762 764/764
f 765/765 760/760 766/766
f 767/767 760/760 765/765
f 765/765 763/763 767/767
f 767/767 762/762 760/760
f 768/768 764/764 762/762
f 768/768 762/762 767/767
f 768/768 741/741 764/764
f 741/741 768/768 740/740
f 769/769 767/767 763/763
f 755/755 769/769 763/763
f 767/767 770/770 768/768
f 771/771 740/740 772/772
f 773/773 772/772 768/768
f 773/773 768/768 774/774
f 771/771 775/775 740/740
f 775/775 776/776 740/740
f 777/777 776/776 778/778
f 775/775 778/778 776/776
f 775/775 779/779 778/778
f 780/780 779/779 775/775
f 781/781 780/780 775/775
f 775/775 782/782 781/781
f 781/781 782/782 774/774
f 770/770 781/781 768/768
f 783/783 779/779 784/784
f 785/785 779/779 783/783
f 785/785 783/783 786/786
f 781/781 787/787 788/788
f 770/770 787/787 781/781
f 770/770 789/789 787/787
f 790/790 791/791 770/770
f 770/770 791/791 792/792
f 793/793 770/770 792/792
f 785/785 793/793 794/794
f 794/794 793/793 792/792
f 792/792 795/795 794/794
f 795/795 796/796 797/797
f 795/795 792/792 796/796
f 798/798 799/799 796/796
f 798/798 796/796 800/800
f 800/800 801/801 798/798
f 796/796 792/792 802/802
f 796/796 802/802 803/803
f 802/802 792/792 804/804
f 803/803 802/802 804/804
f 769/769 804/804 792/792
f 803/803 804/804 769/769
f 803/803 769/769 805/805
f 792/792 806/806 807/807
f 807/807 769/769 792/792
f 769/769 807/807 808/808
f 808/808 767/767 769/769
f 767/767 808/808 809/809
f 808/808 810/810 809/809
f 811/811 803/803 812/812
f 813/813 811/811 812/812
f 812/812 803/803 814/814
f 814/814 815/815 812/812
f 814/814 816/816 815/815
f 817/817 816/816 814/814
f 817/817 818/818 816/816
f 819/819 820/820 769/769
f 769/769 755/755 819/819
f 819/819 821/821 820/820
f 821/821 819/819 755/755
f 755/755 757/757 821/821
f 821/821 757/757 822/822
f 821/821 823/823 824/824
f 823/823 825/825 824/824
f 823/823 821/821 826/826
f 823/823 826/826 827/827
f 828/828 829/829 830/830
f 831/831 829/829 828/828
f 832/832 829/829 831/831
f 828/828 830/830 833/833
f 834/834 828/828 833/833
f 835/835 828/828 834/834
f 830/830 836/836 833/833
f 837/837 836/836 830/830
f 837/837 838/838 836/836
f 832/832 839/839 829/829
f 840/840 839/839 832/832
f 840/840 841/841 839/839
f 829/829 839/839 842/842
f 842/842 839/839 843/843
f 842/842 843/843 844/844
f 845/845 846/846 847/847
f 845/845 848/848 846/846
f 849/849 850/850 851/851
f 849/849 851/851 852/852
f 849/849 852/852 853/853
f 853/853 852/852 854/854
f 855/855 856/856 857/857
f 857/857 856/856 858/858
f 859/859 860/860 861/861
f 862/862 863/863 859/859
f 860/860 864/864 861/861
f 865/865 864/864 860/860
f 866/866 860/860 859/859
f 867/867 860/860 866/866
f 860/860 867/867 868/868
f 869/869 870/870 871/871
f 869/869 872/872 870/870
f 869/869 871/871 873/873
f 874/874 875/875 876/876
f 877/877 878/878 875/875
f 879/879 877/877 875/875
f 880/880 877/877 879/879
f 879/879 881/881 880/880
f 882/882 883/883 880/880
f 882/882 879/879 884/884
f 885/885 886/886 883/883
f 879/879 887/887 884/884
f 887/887 886/886 885/885
f 879/879 875/875 888/888
f 887/887 879/879 888/888
f 874/874 888/888 875/875
f 889/889 886/886 887/887
f 886/886 889/889 890/890
f 889/889 891/891 892/892
f 887/887 893/893 889/889
f 893/893 894/894 889/889
f 887/887 888/888 893/893
f 893/893 895/895 896/896
f 897/897 895/895 893/893
f 893/893 888/888 897/897
f 895/895 897/897 898/898
f 895/895 898/898 899/899
f 900/900 898/898 897/897
f 900/900 897/897 888/888
f 900/900 901/901 898/898
f 900/900 902/902 901/901
f 903/903 902/902 900/900
f 904/904 902/902 903/903
f 904/904 905/905 902/902
f 905/905 904/904 906/906
f 900/900 888/888 906/906
f 907/907 905/905 906/906
f 907/907 906/906 908/908
f 908/908 906/906 888/888
f 908/908 888/888 874/874
f 874/874 909/909 910/910
f 874/874 910/910 911/911
f 912/912 909/909 874/874
f 912/912 913/913 909/909
f 874/874 911/911 914/914
f 914/914 911/911 915/915
f 916/916 917/917 918/918
f 918/918 919/919 920/920
f 921/921 916/916 918/918
f 916/916 921/921 922/922
f 917/917 923/923 918/918
f 923/923 917/917 924/924
f 923/923 924/924 925/925
f 923/923 925/925 926/926
f 927/927 923/923 926/926
f 928/928 918/918 923/923
f 928/928 929/929 918/918
f 928/928 930/930 929/929
f 931/931 930/930 928/928
f 932/932 931/931 933/933
f 934/934 933/933 931/931
f 935/935 934/934 936/936
f 936/936 934/934 937/937
f 936/936 937/937 938/938
f 938/938 937/937 939/939
f 940/940 941/941 942/942
f 943/943 941/941 940/940
f 940/940 942/942 944/944
f 945/945 941/941 943/943
f 944/944 942/942 946/946
f 945/945 947/947 941/941
f 946/946 942/942 948/948
f 949/949 947/947 945/945
f 946/946 948/948 950/950
f 951/951 947/947 949/949
f 951/951 952/952 947/947
f 953/953 952/952 951/951
f 950/950 948/948 954/954
f 954/954 948/948 955/955
f 954/954 955/955 956/956
f 957/957 958/958 959/959
f 959/959 960/960 957/957
f 961/961 960/960 959/959
f 962/962 960/960 961/961
f 957/957 960/960 963/963
f 960/960 964/964 963/963
f 965/965 960/960 962/962
f 962/962 966/966 965/965
f 967/967 968/968 960/960
f 960/960 969/969 964/964
f 965/965 969/969 960/960
f 970/970 969/969 965/965
f 966/966 969/969 970/970
f 964/964 969/969 971/971
f 971/971 969/969 966/966
f 972/972 971/971 966/966
f 972/972 973/973 971/971
f 973/973 974/974 971/971
f 975/975 973/973 972/972
f 975/975 976/976 973/973
f 977/977 976/976 978/978
f 978/978 976/976 979/979
f 979/979 976/976 980/980
f 971/971 979/979 981/981
f 982/982 979/979 980/980
f 982/982 981/981 979/979
f 982/982 983/983 981/981
f 984/984 983/983 982/982
f 984/984 985/985 983/983
f 984/984 986/986 987/987
f 987/987 986/986 985/985
f 988/988 985/985 986/986
f 988/988 989/989 985/985
f 990/990 989/989 988/988
f 990/990 991/991 989/989
f 992/992 991/991 990/990
f 990/990 993/993 992/992
f 994/994 991/991 992/992
f 995/995 993/993 994/994
f 995/995 994/994 992/992
f 996/996 991/991 994/994
f 997/997 995/995 998/998
f 996/996 999/999 991/991
f 996/996 1000/1000 999/999
f 1001/1001 1000/1000 996/996
f 999/999 1000/1000 1002/1002
f 1003/1003 1002/1002 1000/1000
f 1003/1003 1004/1004 1002/1002
f 1003/1003 1000/1000 1005/1005
f 1001/1001 1005/1005 1006/1006
f 1005/1005 1000/1000 1006/1006
f 1007/1007 1004/1004 1003/1003
f 1008/1008 1004/1004 1007/1007
f 1008/1008 1009/1009 1004/1004
f 1008/1008 1007/1007 1010/1010
f 1008/1008 1011/1011 1009/1009
f 1012/1012 1011/1011 1008/1008
f 1010/1010 1011/1011 1012/1012
f 1010/1010 1012/1012 1013/1013
f 1011/1011 1014/1014 1009/1009
f 1015/1015 1014/1014 1011/1011
f 1015/1015 1016/1016 1014/1014
f 1017/1017 1016/1016 1015/1015
f 1018/1018 1016/1016 1017/1017
f 1019/1019 1014/1014 1016/1016
f 1016/1016 1018/1018 1019/1019
f 1014/1014 1019/1019 1020/1020
f 1019/1019 1018/1018 1020/1020
f 1020/1020 1018/1018 1021/1021
f 1020/1020 1021/1021 1022/1022
f 1023/1023 1016/1016 1024/1024
f 1019/1019 1023/1023 1024/1024
f 1022/1022 1021/1021 1025/1025
f 1025/1025 1021/1021 1026/1026
f 1026/1026 1027/1027 1025/1025
f 1028/1028 1027/1027 1026/1026
f 1022/1022 1025/1025 1029/1029
f 1028/1028 1030/1030 1029/1029
f 1031/1031 1029/1029 1030/1030
f 1029/1029 1032/1032 1022/1022
f 1031/1031 1032/1032 1029/1029
f 1033/1033 1032/1032 1031/1031
f 1034/1034 1032/1032 1033/1033
f 1034/1034 1035/1035 1032/1032
f 1033/1033 1036/1036 1034/1034
f 1036/1036 1037/1037 1038/1038
f 1039/1039 1036/1036 1033/1033
f 1033/1033 1040/1040 1039/1039
f 1041/1041 1035/1035 1034/1034
f 1041/1041 1034/1034 1039/1039
f 1040/1040 1041/1041 1039/1039
f 1042/1042 1041/1041 1040/1040
f 1041/1041 1042/1042 1043/1043
f 1044/1044 1043/1043 1042/1042
f 1045/1045 1041/1041 1043/1043
f 1043/1043 1044/1044 1046/1046
f 1047/1047 1045/1045 1043/1043
f 1047/1047 1048/1048 1045/1045
f 1048/1048 1047/1047 1046/1046
f 1048/1048 1046/1046 1049/1049
f 1048/1048 1049/1049 1050/1050
f 1050/1050 1051/1051 1052/1052
f 1052/1052 1051/1051 958/958
f 1053/1053 1052/1052 958/958
f 1054/1054 1052/1052 1053/1053
f 1054/1054 957/957 1052/1052
f 1053/1053 1055/1055 1054/1054
f 1056/1056 957/957 1054/1054
f 1056/1056 1055/1055 958/958
f 1056/1056 1054/1054 1057/1057
f 1056/1056 1058/1058 1055/1055
f 1059/1059 1051/1051 1049/1049
f 1059/1059 1060/1060 1051/1051
f 1061/1061 1060/1060 1059/1059
f 1062/1062 1061/1061 1059/1059
f 1063/1063 1061/1061 1062/1062
f 1064/1064 1061/1061 1063/1063
f 1065/1065 1059/1059 1049/1049
f 1063/1063 1065/1065 1064/1064
f 1066/1066 1065/1065 1049/1049
f 1066/1066 1064/1064 1065/1065
f 1067/1067 1065/1065 1068/1068
f 1069/1069 1070/1070 1071/1071
f 1071/1071 1072/1072 1069/1069
f 1073/1073 1069/1069 1074/1074
f 1070/1070 1075/1075 1071/1071
f 1070/1070 1076/1076 1075/1075
f 1077/1077 1076/1076 1070/1070
f 1078/1078 1072/1072 1071/1071
f 1077/1077 1079/1079 1076/1076
f 1071/1071 1080/1080 1078/1078
f 1080/1080 1081/1081 1078/1078
f 1082/1082 1081/1081 1080/1080
f 1080/1080 1083/1083 1082/1082
f 1083/1083 1076/1076 1079/1079
f 1079/1079 1082/1082 1083/1083
f 1079/1079 1084/1084 1082/1082
f 1079/1079 1085/1085 1084/1084
f 1079/1079 1086/1086 1085/1085
f 1079/1079 1078/1078 1086/1086
f 1079/1079 1087/1087 1078/1078
f 1088/1088 1087/1087 1079/1079
f 1088/1088 1089/1089 1087/1087
f 1088/1088 1074/1074 1089/1089
f 1079/1079 1090/1090 1088/1088
f 1088/1088 1090/1090 1091/1091
f 1091/1091 1092/1092 1088/1088
f 1093/1093 1094/1094 1095/1095
f 1093/1093 1096/1096 1097/1097
f 1098/1098 1094/1094 1099/1099
f 1094/1094 1098/1098 1100/1100
f 1101/1101 1102/1102 1103/1103
f 1101/1101 1104/1104 1102/1102
f 1101/1101 1105/1105 1104/1104
f 1103/1103 1102/1102 1106/1106
f 1103/1103 1106/1106 1107/1107
f 1103/1103 1107/1107 1108/1108
f 1108/1108 1107/1107 1109/1109
f 1108/1108 1109/1109 1110/1110
f 1110/1110 1109/1109 1111/1111
f 1111/1111 1109/1109 1112/1112
f 1112/1112 1113/1113 1111/1111
f 1112/1112 1114/1114 1115/1115
f 1115/1115 1114/1114 1116/1116
f 1117/1117 1118/1118 1116/1116
f 1119/1119 1120/1120 1121/1121
f 1121/1121 1120/1120 1122/1122
f 1121/1121 1122/1122 1123/1123
f 1119/1119 1124/1124 1120/1120
f 1125/1125 1124/1124 1119/1119
f 1125/1125 1126/1126 1124/1124
f 1127/1127 1126/1126 1125/1125
f 1127/1127 1128/1128 1126/1126
f 1129/1129 1128/1128 1127/1127
f 1129/1129 1130/1130 1128/1128
f 1131/1131 1130/1130 1129/1129
f 1132/1132 1133/1133 1131/1131
f 1134/1134 1130/1130 1131/1131
f 1134/1134 1135/1135 1130/1130
f 1136/1136 1135/1135 1134/1134
f 1136/1136 1137/1137 1135/1135
f 1138/1138 1137/1137 1136/1136
f 1138/1138 1139/1139 1137/1137
f 440/440 1140/1140 1141/1141
f 1140/1140 1142/1142 1141/1141
f 1140/1140 1143/1143 1142/1142
f 1143/1143 1140/1140 1144/1144
f 440/440 439/439 1140/1140
f 1145/1145 1141/1141 1146/1146
f 1145/1145 1147/1147 1141/1141
f 1147/1147 440/440 1141/1141
f 1147/1147 1145/1145 1148/1148
f 1149/1149 440/440 1147/1147
f 1150/1150 1148/1148 1151/1151
f 1149/1149 1151/1151 1152/1152
f 1152/1152 440/440 1149/1149
f 1153/1153 1154/1154 1151/1151
f 1155/1155 440/440 1152/1152
f 1155/1155 1156/1156 440/440
f 1155/1155 1152/1152 1157/1157
f 1158/1158 1159/1159 1156/1156
f 1158/1158 1160/1160 1159/1159
f 1161/1161 1162/1162 1157/1157
f 1163/1163 1164/1164 1162/1162
f 1165/1165 1161/1161 1166/1166
f 1160/1160 1167/1167 1168/1168
f 1160/1160 1169/1169 1167/1167
f 1170/1170 1171/1171 1172/1172
f 1173/1173 1171/1171 1170/1170
f 1174/1174 1172/1172 1171/1171
f 1174/1174 1175/1175 1172/1172
f 1175/1175 1176/1176 1172/1172
f 1177/1177 1176/1176 1175/1175
f 1175/1175 1178/1178 1177/1177
f 1175/1175 1174/1174 1179/1179
f 1179/1179 1178/1178 1175/1175
f 1179/1179 1174/1174 1180/1180
f 1179/1179 1180/1180 1178/1178
f 1181/1181 1182/1182 1183/1183
f 1183/1183 1184/1184 1181/1181
f 1183/1183 1185/1185 1184/1184
f 1186/1186 1185/1185 1183/1183
f 1186/1186 1187/1187 1188/1188
f 1186/1186 1183/1183 1187/1187
f 1183/1183 1182/1182 1189/1189
f 1189/1189 1190/1190 1183/1183
f 1183/1183 1190/1190 1191/1191
f 1191/1191 1192/1192 1183/1183
f 1191/1191 1190/1190 1193/1193
f 1194/1194 1193/1193 1190/1190
f 1195/1195 1191/1191 1193/1193
f 1196/1196 1193/1193 1194/1194
f 1196/1196 1197/1197 1193/1193
f 1195/1195 1193/1193 1198/1198
f 1198/1198 1193/1193 1199/1199
f 1189/1189 1200/1200 1201/1201
f 1200/1200 1182/1182 1201/1201
f 1201/1201 1202/1202 1189/1189
f 1201/1201 1182/1182 1203/1203
f 1201/1201 1203/1203 1204/1204
f 1201/1201 1205/1205 1202/1202
f 1206/1206 1205/1205 1201/1201
f 1205/1205 1206/1206 1207/1207
f 1207/1207 1206/1206 1208/1208
f 1209/1209 1210/1210 1211/1211
f 1209/1209 1212/1212 1210/1210
f 1213/1213 1212/1212 1209/1209
f 1211/1211 1210/1210 1214/1214
f 1211/1211 1214/1214 1215/1215
f 1215/1215 1214/1214 1216/1216
f 1217/1217 1215/1215 1216/1216
f 1215/1215 1217/1217 1218/1218
f 1218/1218 1217/1217 1219/1219
f 1218/1218 1219/1219 1220/1220
f 1219/1219 1221/1221 1220/1220
f 1222/1222 1221/1221 1219/1219
f 1223/1223 1224/1224 1222/1222
f 1225/1225 1218/1218 1226/1226
f 1227/1227 1228/1228 1226/1226
f 1227/1227 1226/1226 1229/1229
f 1230/1230 1231/1231 1232/1232
f 1230/1230 1232/1232 1233/1233
f 1230/1230 1234/1234 1231/1231
f 1230/1230 1235/1235 1234/1234
f 1236/1236 1235/1235 1230/1230
f 1236/1236 1237/1237 1235/1235
f 1236/1236 1238/1238 1237/1237
f 1239/1239 1238/1238 1236/1236
f 1239/1239 1240/1240 1238/1238
f 1241/1241 1240/1240 1239/1239
f 1241/1241 1242/1242 1240/1240
f 1243/1243 1242/1242 1241/1241
f 1243/1243 1244/1244 1242/1242
f 1243/1243 1245/1245 1244/1244
f 1243/1243 1246/1246 1245/1245
f 1247/1247 1246/1246 1243/1243
f 1248/1248 1249/1249 1250/1250
f 1250/1250 1249/1249 1251/1251
f 1248/1248 1252/1252 1249/1249
f 1248/1248 1253/1253 1252/1252
f 1254/1254 1255/1255 1256/1256
f 1257/1257 1255/1255 1254/1254
f 1257/1257 1254/1254 1258/1258
f 1259/1259 1257/1257 1258/1258
f 1255/1255 1257/1257 1260/1260
f 1261/1261 1259/1259 1260/1260
f 1260/1260 1262/1262 1255/1255
f 1260/1260 1259/1259 1262/1262
f 1256/1256 1263/1263 1254/1254
f 1264/1264 1262/1262 1259/1259
f 1264/1264 1265/1265 1262/1262
f 1266/1266 1263/1263 1256/1256
f 1263/1263 1266/1266 1267/1267
f 1256/1256 1268/1268 1266/1266
f 1269/1269 1263/1263 1267/1267
f 1270/1270 1269/1269 1267/1267
f 1256/1256 1271/1271 1268/1268
f 1269/1269 1268/1268 1271/1271
f 1268/1268 1269/1269 1272/1272
f 1269/1269 1271/1271 1273/1273
f 1273/1273 1271/1271 1274/1274
f 1275/1275 1273/1273 1274/1274
f 1274/1274 1276/1276 1275/1275
f 1277/1277 1273/1273 1275/1275
f 1277/1277 1278/1278 1273/1273
f 1278/1278 1277/1277 1279/1279
f 1275/1275 1279/1279 1277/1277
f 1278/1278 1279/1279 1280/1280
f 1281/1281 1279/1279 1275/1275
f 1282/1282 1279/1279 1281/1281
f 1283/1283 1279/1279 1284/1284
f 1276/1276 1285/1285 1275/1275
f 1286/1286 1275/1275 1285/1285
f 1276/1276 1287/1287 1285/1285
f 1286/1286 1285/1285 1288/1288
f 1289/1289 1285/1285 1287/1287
f 1288/1288 1285/1285 1289/1289
f 1288/1288 1289/1289 1290/1290
f 1291/1291 1290/1290 1289/1289
f 1292/1292 1290/1290 1291/1291
f 1292/1292 1291/1291 1293/1293
f 1293/1293 1294/1294 1292/1292
f 1291/1291 1295/1295 1293/1293
f 1293/1293 1295/1295 1294/1294
f 1295/1295 1296/1296 1294/1294
f 1297/1297 1296/1296 1295/1295
f 1297/1297 1298/1298 1296/1296
f 1295/1295 1299/1299 1297/1297
f 1300/1300 1298/1298 1297/1297
f 1298/1298 1297/1297 1301/1301
f 1301/1301 1297/1297 1299/1299
f 1302/1302 1300/1300 1297/1297
f 1301/1301 1299/1299 1302/1302
f 1302/1302 1303/1303 1301/1301
f 1300/1300 1302/1302 1304/1304
f 1302/1302 1299/1299 1305/1305
f 1304/1304 1302/1302 1305/1305
f 1304/1304 1305/1305 1306/1306
f 1306/1306 1305/1305 1307/1307
f 1308/1308 1307/1307 1305/1305
f 1308/1308 1305/1305 1309/1309
f 1309/1309 1310/1310 1308/1308
f 1310/1310 1311/1311 1307/1307
f 1311/1311 1310/1310 1309/1309
f 1312/1312 1311/1311 1309/1309
f 1312/1312 1313/1313 1311/1311
f 1314/1314 1313/1313 1312/1312
f 1314/1314 1315/1315 1313/1313
f 1316/1316 1314/1314 1312/1312
f 1317/1317 1315/1315 1314/1314
f 1317/1317 1314/1314 1316/1316
f 1318/1318 1317/1317 1316/1316
f 1314/1314 1319/1319 1320/1320
f 1317/1317 1320/1320 1319/1319
f 1317/1317 1321/1321 1315/1315
f 1317/1317 1318/1318 1321/1321
f 1321/1321 1318/1318 1322/1322
f 1322/1322 1323/1323 1321/1321
f 1323/1323 1324/1324 1321/1321
f 1323/1323 1325/1325 1324/1324
f 1326/1326 1325/1325 1323/1323
f 1327/1327 1323/1323 1322/1322
f 1327/1327 1326/1326 1323/1323
f 1327/1327 1328/1328 1326/1326
f 1326/1326 1328/1328 1329/1329
f 1327/1327 1330/1330 1328/1328
f 1331/1331 1330/1330 1327/1327
f 1332/1332 1331/1331 1327/1327
f 1333/1333 1330/1330 1331/1331
f 1332/1332 1334/1334 1331/1331
f 1334/1334 1333/1333 1331/1331
f 1335/1335 1330/1330 1333/1333
f 1335/1335 1333/1333 1334/1334
f 1335/1335 1334/1334 1336/1336
f 1337/1337 1336/1336 1334/1334
f 1334/1334 1338/1338 1337/1337
f 1337/1337 1338/1338 1339/1339
f 1334/1334 1340/1340 1338/1338
f 1340/1340 1341/1341 1338/1338
f 1341/1341 1340/1340 1342/1342
f 1342/1342 1343/1343 1341/1341
f 1341/1341 1343/1343 1339/1339
f 1339/1339 1343/1343 1344/1344
f 1344/1344 1343/1343 1265/1265
f 1264/1264 1344/1344 1265/1265
f 1345/1345 1344/1344 1264/1264
f 1345/1345 1346/1346 1344/1344
f 1347/1347 1345/1345 1264/1264
f 1348/1348 1346/1346 1345/1345
f 1349/1349 1345/1345 1347/1347
f 1350/1350 1348/1348 1345/1345
f 1349/1349 1348/1348 1350/1350
f 1349/1349 1350/1350 1345/1345
f 1351/1351 1352/1352 1353/1353
f 1351/1351 1353/1353 1354/1354
f 1351/1351 1354/1354 1355/1355
f 1356/1356 1357/1357 1358/1358
f 1358/1358 1357/1357 1359/1359
f 1359/1359 1357/1357 1360/1360
f 1357/1357 1361/1361 1360/1360
f 1362/1362 1357/1357 1363/1363
f 1364/1364 1365/1365 1366/1366
f 1366/1366 1365/1365 1367/1367
f 1368/1368 1369/1369 1364/1364
f 1368/1368 1370/1370 1369/1369
f 1371/1371 1370/1370 1368/1368
f 1371/1371 1372/1372 1370/1370
f 1368/1368 1373/1373 1371/1371
f 1371/1371 1373/1373 1374/1374
f 1373/1373 1368/1368 1375/1375
f 1376/1376 1377/1377 1372/1372
f 1376/1376 1378/1378 1377/1377
f 1379/1379 1378/1378 1376/1376
f 1379/1379 1376/1376 1380/1380
f 1381/1381 1366/1366 1382/1382
f 1366/1366 1383/1383 1382/1382
f 1384/1384 1382/1382 1383/1383
f 1366/1366 1385/1385 1383/1383
f 1386/1386 1387/1387 1388/1388
f 1388/1388 1387/1387 1389/1389
f 1389/1389 1387/1387 1390/1390
f 1387/1387 1391/1391 1390/1390
f 1390/1390 1391/1391 1392/1392
f 1391/1391 1393/1393 1392/1392
f 1386/1386 1393/1393 1387/1387
f 1386/1386 1392/1392 1393/1393
f 1389/1389 1394/1394 1388/1388
f 1386/1386 1388/1388 1395/1395
f 1388/1388 1394/1394 1396/1396
f 1395/1395 1396/1396 1394/1394
f 1397/1397 1386/1386 1398/1398
f 1399/1399 1400/1400 1396/1396
f 1399/1399 1396/1396 1401/1401
f 1395/1395 1394/1394 1402/1402
f 1403/1403 1402/1402 1394/1394
f 1395/1395 1404/1404 1398/1398
f 1402/1402 1404/1404 1395/1395
f 1405/1405 1404/1404 1402/1402
f 1402/1402 1406/1406 1405/1405
f 1404/1404 1407/1407 1398/1398
f 1398/1398 1407/1407 1408/1408
f 1404/1404 1409/1409 1407/1407
f 1405/1405 1406/1406 1410/1410
f 1405/1405 1410/1410 1409/1409
f 1406/1406 916/916 1410/1410
f 1411/1411 1407/1407 1409/1409
f 1409/1409 1410/1410 1411/1411
f 916/916 922/922 1410/1410
f 1411/1411 1410/1410 1412/1412
f 1412/1412 1410/1410 922/922
f 1407/1407 1412/1412 1408/1408
f 1413/1413 1412/1412 922/922
f 1408/1408 1412/1412 1413/1413
f 1414/1414 1408/1408 1413/1413
f 921/921 1414/1414 1413/1413
f 1415/1415 1416/1416 1417/1417
f 1417/1417 1418/1418 1419/1419
f 1420/1420 1421/1421 1422/1422
f 1420/1420 1423/1423 1421/1421
f 1424/1424 1423/1423 1420/1420
f 1424/1424 1425/1425 1423/1423
f 1426/1426 1425/1425 1424/1424
f 1426/1426 1424/1424 1427/1427
f 1427/1427 1424/1424 1428/1428
f 1428/1428 1429/1429 1427/1427
f 1429/1429 1430/1430 1427/1427
f 1428/1428 1431/1431 1429/1429
f 1428/1428 1432/1432 1431/1431
f 1432/1432 1428/1428 1433/1433
f 1432/1432 1433/1433 1434/1434
f 1433/1433 1435/1435 1434/1434
f 1435/1435 1433/1433 1436/1436
f 1436/1436 1437/1437 1435/1435
f 1437/1437 1436/1436 1438/1438
f 1431/1431 1432/1432 1439/1439
f 1439/1439 1432/1432 1440/1440
f 1441/1441 1431/1431 1439/1439
f 1440/1440 1441/1441 1439/1439
f 1441/1441 1441/1441 1431/1431
f 1431/1431 1441/1441 1440/1440
f 1442/1442 1443/1443 1438/1438
f 1443/1443 1444/1444 1445/1445
f 1445/1445 1444/1444 1446/1446
f 1447/1447 1448/1448 1442/1442
f 1449/1449 1448/1448 1447/1447
f 1450/1450 1451/1451 1452/1452
f 1453/1453 1451/1451 1450/1450
f 1450/1450 1452/1452 1454/1454
f 1455/1455 1451/1451 1453/1453
f 1454/1454 1452/1452 1456/1456
f 1455/1455 1457/1457 1451/1451
f 1454/1454 1456/1456 1458/1458
f 1458/1458 1456/1456 1459/1459
f 1460/1460 1459/1459 1456/1456
f 1461/1461 1457/1457 1455/1455
f 1462/1462 1457/1457 1461/1461
f 1462/1462 1463/1463 1457/1457
f 1464/1464 1462/1462 1465/1465
f 1462/1462 1466/1466 1463/1463
f 1467/1467 1466/1466 1462/1462
f 1468/1468 1466/1466 1467/1467
f 1469/1469 1466/1466 1468/1468
f 1469/1469 1470/1470 1466/1466
f 1471/1471 1472/1472 1473/1473
f 1471/1471 1474/1474 1472/1472
f 1471/1471 1475/1475 1474/1474
f 1475/1475 1476/1476 1474/1474
f 1477/1477 1475/1475 1471/1471
f 1478/1478 1475/1475 1477/1477
f 1477/1477 1471/1471 1479/1479
f 1480/1480 1481/1481 1482/1482
f 1483/1483 1480/1480 1482/1482
f 1484/1484 1480/1480 1483/1483
f 1484/1484 1485/1485 1480/1480
f 1480/1480 1485/1485 1486/1486
f 1487/1487 1480/1480 1486/1486
f 1488/1488 1480/1480 1487/1487
f 1489/1489 1480/1480 1488/1488
f 1489/1489 1490/1490 1480/1480
f 1491/1491 1490/1490 1489/1489
f 1492/1492 1493/1493 1484/1484
f 1494/1494 1484/1484 1493/1493
f 1485/1485 1494/1494 1493/1493
f 1493/1493 1495/1495 1485/1485
f 1493/1493 1496/1496 1495/1495
f 1497/1497 1498/1498 1493/1493
f 1499/1499 1483/1483 1500/1500
f 1483/1483 1501/1501 1500/1500
f 1499/1499 1500/1500 1502/1502
f 1502/1502 1500/1500 1503/1503
f 1501/1501 1482/1482 1500/1500
f 1504/1504 1500/1500 1482/1482
f 1505/1505 1500/1500 1504/1504
f 1505/1505 1506/1506 1500/1500
f 1507/1507 1508/1508 1509/1509
f 1509/1509 1508/1508 1510/1510
f 1511/1511 1512/1512 1513/1513
f 1513/1513 1512/1512 1514/1514
f 1514/1514 1512/1512 1515/1515
f 1515/1515 1512/1512 1516/1516
f 1511/1511 1516/1516 1517/1517
f 1516/1516 1512/1512 1517/1517
f 1518/1518 1519/1519 1514/1514
f 1518/1518 1514/1514 1520/1520
f 1521/1521 1522/1522 1523/1523
f 1521/1521 1524/1524 1522/1522
f 1524/1524 1525/1525 1526/1526
f 1527/1527 1523/1523 1522/1522
f 1528/1528 1527/1527 1522/1522
f 1527/1527 1528/1528 1529/1529
f 1522/1522 1530/1530 1528/1528
f 1530/1530 1529/1529 1528/1528
f 1531/1531 1532/1532 1533/1533
f 1531/1531 1534/1534 1532/1532
f 1531/1531 1535/1535 1534/1534
f 1535/1535 1531/1531 1536/1536
f 1536/1536 1537/1537 1535/1535
f 1538/1538 1537/1537 1536/1536
f 1539/1539 1540/1540 1541/1541
f 1540/1540 1542/1542 1541/1541
f 1543/1543 1542/1542 1540/1540
f 1544/1544 1542/1542 1543/1543
f 1544/1544 1545/1545 1542/1542
f 1546/1546 1545/1545 1544/1544
f 1546/1546 1547/1547 1545/1545
f 1548/1548 1547/1547 1546/1546
f 1548/1548 1549/1549 1547/1547
f 1550/1550 1551/1551 1552/1552
f 1550/1550 1552/1552 1553/1553
f 1550/1550 1554/1554 1551/1551
f 1555/1555 1554/1554 1550/1550
f 1554/1554 1556/1556 1551/1551
f 1551/1551 1556/1556 1557/1557
f 1558/1558 1559/1559 1560/1560
f 1561/1561 1560/1560 1559/1559
f 1562/1562 1558/1558 1560/1560
f 1558/1558 1562/1562 1563/1563
f 1563/1563 1562/1562 1564/1564
f 1565/1565 1562/1562 1566/1566
f 1567/1567 1564/1564 1562/1562
f 1564/1564 1567/1567 1559/1559
f 1561/1561 1559/1559 1567/1567
f 1567/1567 1568/1568 1561/1561
f 1569/1569 1568/1568 1560/1560
f 1561/1561 1568/1568 1569/1569
f 1567/1567 1570/1570 1568/1568
f 1571/1571 1568/1568 1570/1570
f 1572/1572 1568/1568 1571/1571
f 1573/1573 1574/1574 1575/1575
f 1575/1575 1574/1574 1576/1576
f 1577/1577 1578/1578 1579/1579
f 1578/1578 1580/1580 1579/1579
f 1581/1581 1580/1580 1578/1578
f 1582/1582 1583/1583 1584/1584
f 1585/1585 1583/1583 1582/1582
f 1585/1585 1586/1586 1587/1587
f 1583/1583 1585/1585 1588/1588
f 1588/1588 1585/1585 1589/1589
f 1590/1590 1583/1583 1588/1588
f 1590/1590 1588/1588 1591/1591
f 1589/1589 1591/1591 1588/1588
f 1592/1592 1591/1591 1589/1589
f 1593/1593 1592/1592 1594/1594
f 1583/1583 1595/1595 1596/1596
f 1595/1595 1597/1597 1596/1596
f 1598/1598 1596/1596 1597/1597
f 1599/1599 1583/1583 1596/1596
f 1583/1583 1599/1599 1600/1600
f 1600/1600 1599/1599 1601/1601
f 1600/1600 1601/1601 1602/1602
f 1603/1603 1604/1604 1605/1605
f 1604/1604 1603/1603 1606/1606
f 1607/1607 1605/1605 1608/1608
f 1607/1607 1609/1609 1605/1605
f 1610/1610 1609/1609 1607/1607
f 1606/1606 1603/1603 1611/1611
f 1606/1606 1611/1611 1612/1612
f 1606/1606 1612/1612 1613/1613
f 1611/1611 1603/1603 1614/1614
f 1614/1614 1603/1603 1615/1615
f 1614/1614 1615/1615 1616/1616
f 1616/1616 1615/1615 1617/1617
f 1616/1616 1617/1617 1618/1618
f 1618/1618 1617/1617 1619/1619
f 1617/1617 1620/1620 1619/1619
f 1619/1619 1620/1620 1621/1621
f 1621/1621 1622/1622 1619/1619
f 1623/1623 1622/1622 1621/1621
f 1623/1623 1624/1624 1622/1622
f 1625/1625 1624/1624 1623/1623
f 1625/1625 1626/1626 1624/1624
f 1627/1627 1626/1626 1625/1625
f 1627/1627 1628/1628 1626/1626
f 1628/1628 1627/1627 1629/1629
f 1629/1629 1627/1627 1630/1630
f 1629/1629 1630/1630 1631/1631
f 1631/1631 1630/1630 1632/1632
f 1631/1631 1632/1632 1633/1633
f 1633/1633 1632/1632 1634/1634
f 1633/1633 1634/1634 1635/1635
f 1635/1635 1634/1634 1636/1636
f 1635/1635 1636/1636 1637/1637
f 1637/1637 1636/1636 1638/1638
f 1637/1637 1638/1638 1639/1639
f 1639/1639 1638/1638 1640/1640
f 1641/1641 1639/1639 1640/1640
f 1642/1642 1641/1641 1640/1640
f 1642/1642 1640/1640 1643/1643
f 1642/1642 1643/1643 1644/1644
f 1642/1642 1644/1644 1645/1645
f 1645/1645 1644/1644 1646/1646
f 1645/1645 1646/1646 1647/1647
f 1647/1647 1646/1646 1648/1648
f 1649/1649 1647/1647 1648/1648
f 1650/1650 1649/1649 1648/1648
f 1650/1650 1651/1651 1649/1649
f 1652/1652 1651/1651 1650/1650
f 1653/1653 1652/1652 1650/1650
f 1653/1653 1654/1654 1652/1652
f 1655/1655 1654/1654 1653/1653
f 1655/1655 1656/1656 1654/1654
f 1657/1657 1656/1656 1655/1655
f 1658/1658 1656/1656 1657/1657
f 1658/1658 1659/1659 1656/1656
f 1658/1658 1660/1660 1659/1659
f 1660/1660 1658/1658 1661/1661
f 1660/1660 1661/1661 1662/1662
f 1662/1662 1661/1661 1663/1663
f 1662/1662 1663/1663 1664/1664
f 1664/1664 1663/1663 1665/1665
f 1665/1665 1663/1663 1666/1666
f 1665/1665 1666/1666 1667/1667
f 1665/1665 1667/1667 1668/1668
f 1667/1667 1669/1669 1668/1668
f 1670/1670 1669/1669 1667/1667
f 1670/1670 1671/1671 1669/1669
f 1672/1672 1671/1671 1670/1670
f 1673/1673 1671/1671 1672/1672
f 1673/1673 1672/1672 1674/1674
f 1673/1673 1674/1674 1675/1675
f 1675/1675 1674/1674 1676/1676
f 1675/1675 1676/1676 1677/1677
f 1677/1677 1676/1676 1678/1678
f 1678/1678 1676/1676 1679/1679
f 1680/1680 1678/1678 1679/1679
f 1681/1681 1680/1680 1679/1679
f 1681/1681 1679/1679 1682/1682
f 1681/1681 1682/1682 1683/1683
f 1683/1683 1682/1682 1684/1684
f 1684/1684 1682/1682 1685/1685
f 1685/1685 1686/1686 1684/1684
f 1687/1687 1686/1686 1685/1685
f 1685/1685 1682/1682 1688/1688
f 1688/1688 1682/1682 1609/1609
f 1689/1689 1690/1690 1691/1691
f 1692/1692 1693/1693 1690/1690
f 1693/1693 1692/1692 1689/1689
f 1694/1694 1693/1693 1695/1695
f 1694/1694 1696/1696 1693/1693
f 1697/1697 1698/1698 1699/1699
f 1697/1697 1700/1700 1698/1698
f 1697/1697 1701/1701 1700/1700
f 1697/1697 1702/1702 1701/1701
f 1698/1698 1703/1703 1704/1704
f 1703/1703 1698/1698 1705/1705
f 1706/1706 1703/1703 1705/1705
f 1701/1701 1703/1703 1706/1706
f 1701/1701 1707/1707 1703/1703
f 1708/1708 1703/1703 1707/1707
f 1709/1709 1710/1710 1711/1711
f 1712/1712 1709/1709 1711/1711
f 1713/1713 1714/1714 1715/1715
f 1715/1715 1714/1714 1716/1716
f 1713/1713 1715/1715 1717/1717
f 1718/1718 1719/1719 1720/1720
f 1718/1718 1721/1721 1719/1719
f 1722/1722 1721/1721 1718/1718
f 1723/1723 1722/1722 1718/1718
f 1723/1723 1718/1718 1724/1724
f 1725/1725 1722/1722 1723/1723
f 1720/1720 1719/1719 1726/1726
f 1727/1727 1725/1725 1728/1728
f 1728/1728 1720/1720 1727/1727
f 1729/1729 1720/1720 1728/1728
f 1720/1720 1730/1730 1727/1727
f 1731/1731 1730/1730 1720/1720
f 1720/1720 1726/1726 1731/1731
f 1731/1731 1726/1726 1732/1732
f 1731/1731 1732/1732 1733/1733
f 1733/1733 1732/1732 1734/1734
f 1733/1733 1735/1735 1731/1731
f 1736/1736 1731/1731 1735/1735
f 1735/1735 1737/1737 1736/1736
f 1734/1734 1738/1738 1737/1737
f 1738/1738 1734/1734 1739/1739
f 1740/1740 1739/1739 1734/1734
f 1740/1740 1741/1741 1739/1739
f 1742/1742 1741/1741 1740/1740
f 1743/1743 1741/1741 1742/1742
f 1743/1743 1744/1744 1741/1741
f 1745/1745 1744/1744 1743/1743
f 1746/1746 1747/1747 1742/1742
f 1745/1745 1748/1748 1744/1744
f 1747/1747 1748/1748 1745/1745
f 1749/1749 1744/1744 1748/1748
f 1747/1747 1750/1750 1748/1748
f 1748/1748 1750/1750 1749/1749
f 1749/1749 1750/1750 1751/1751
f 1751/1751 1752/1752 1749/1749
f 1753/1753 1752/1752 1751/1751
f 1754/1754 1752/1752 1753/1753
f 1751/1751 1754/1754 1753/1753
f 1754/1754 1751/1751 1755/1755
f 1751/1751 1750/1750 1756/1756
f 1757/1757 1756/1756 1750/1750
f 1758/1758 1756/1756 1757/1757
f 1759/1759 1756/1756 1758/1758
f 1758/1758 1757/1757 1760/1760
f 1751/1751 1756/1756 1761/1761
f 1751/1751 1761/1761 1755/1755
f 1755/1755 1761/1761 1762/1762
f 1760/1760 1762/1762 1763/1763
f 1763/1763 1762/1762 1761/1761
f 1763/1763 1761/1761 1764/1764
f 1755/1755 1762/1762 1765/1765
f 1765/1765 1762/1762 1766/1766
f 1767/1767 1766/1766 1762/1762
f 1765/1765 1766/1766 1768/1768
f 1766/1766 1767/1767 1769/1769
f 1769/1769 1767/1767 1770/1770
f 1769/1769 1771/1771 1766/1766
f 1769/1769 1772/1772 1771/1771
f 1769/1769 1770/1770 1773/1773
f 1766/1766 1773/1773 1768/1768
f 1774/1774 1768/1768 1773/1773
f 1774/1774 1775/1775 1768/1768
f 1776/1776 1774/1774 1773/1773
f 1773/1773 1770/1770 1777/1777
f 1776/1776 1773/1773 1777/1777
f 1776/1776 1777/1777 1778/1778
f 1778/1778 1777/1777 1779/1779
f 1779/1779 1777/1777 1780/1780
f 1780/1780 1777/1777 1781/1781
f 1779/1779 1780/1780 1782/1782
f 1783/1783 1779/1779 1782/1782
f 1783/1783 1781/1781 1784/1784
f 1783/1783 1784/1784 1785/1785
f 1786/1786 1787/1787 1788/1788
f 1789/1789 1786/1786 1788/1788
f 1788/1788 1787/1787 1790/1790
f 1790/1790 1787/1787 1791/1791
f 1792/1792 1787/1787 1793/1793
f 1793/1793 1787/1787 1794/1794
f 1786/1786 1795/1795 1794/1794
f 1786/1786 1796/1796 1795/1795
f 1797/1797 1798/1798 1799/1799
f 1800/1800 1801/1801 1802/1802
f 1803/1803 1804/1804 1805/1805
f 1805/1805 1804/1804 1806/1806
f 1807/1807 1808/1808 1809/1809
f 1807/1807 311/311 1808/1808
f 1810/1810 1811/1811 1812/1812
f 1810/1810 1812/1812 1813/1813
f 1814/1814 1813/1813 1812/1812
f 1815/1815 1813/1813 1814/1814
f 1814/1814 1816/1816 1815/1815
f 1817/1817 1818/1818 1819/1819
f 1820/1820 1821/1821 1822/1822
f 1823/1823 1820/1820 1822/1822
f 1824/1824 1825/1825 1820/1820
f 1826/1826 1827/1827 1828/1828
f 1829/1829 1828/1828 1827/1827
f 1830/1830 1827/1827 1826/1826
f 1831/1831 1830/1830 1826/1826
f 1831/1831 1826/1826 1832/1832
f 1831/1831 1832/1832 1833/1833
f 1834/1834 1835/1835 1836/1836
f 1834/1834 1837/1837 1835/1835
f 1837/1837 1834/1834 1838/1838
f 1839/1839 1837/1837 1838/1838
f 1838/1838 1840/1840 1839/1839
f 1839/1839 1840/1840 1841/1841
f 1842/1842 1841/1841 1840/1840
f 1842/1842 1843/1843 1841/1841
f 1840/1840 1838/1838 1844/1844
f 1845/1845 1844/1844 1838/1838
f 1844/1844 1846/1846 1840/1840
f 1846/1846 1847/1847 1840/1840
f 1848/1848 1849/1849 1850/1850
f 1848/1848 1850/1850 1851/1851
f 1852/1852 1848/1848 1851/1851
f 1852/1852 1853/1853 1854/1854
f 1849/1849 1853/1853 1850/1850
f 1850/1850 1853/1853 1855/1855
f 1856/1856 1857/1857 1858/1858
f 1856/1856 1858/1858 1859/1859
f 1857/1857 1856/1856 1860/1860
f 1861/1861 1860/1860 1856/1856
f 1862/1862 1860/1860 1861/1861
f 1862/1862 1857/1857 1860/1860
f 1858/1858 1857/1857 1862/1862
f 1862/1862 1863/1863 1858/1858
f 1858/1858 1863/1863 1864/1864
f 1864/1864 1865/1865 1858/1858
f 1864/1864 1866/1866 1865/1865
f 1867/1867 1868/1868 1869/1869
f 1870/1870 1869/1869 1871/1871
f 1872/1872 1873/1873 1870/1870
f 1874/1874 1875/1875 1873/1873
f 1876/1876 1877/1877 1875/1875
f 1878/1878 1879/1879 1880/1880
f 1880/1880 1879/1879 1881/1881
f 1878/1878 1882/1882 1879/1879
f 1883/1883 1882/1882 1878/1878
f 1884/1884 1885/1885 1886/1886
f 1885/1885 1887/1887 1886/1886
f 1888/1888 1889/1889 1890/1890
f 1891/1891 1889/1889 1892/1892
f 1891/1891 1892/1892 1893/1893
f 1894/1894 1895/1895 1896/1896
f 1897/1897 1898/1898 1899/1899
f 1900/1900 1901/1901 1902/1902
f 1900/1900 1903/1903 1901/1901
f 1904/1904 1903/1903 1900/1900
f 1902/1902 1901/1901 1905/1905
f 1905/1905 1901/1901 1906/1906
f 1907/1907 1902/1902 1905/1905
f 1902/1902 1907/1907 1908/1908
f 1904/1904 1908/1908 1909/1909
f 1908/1908 1907/1907 1909/1909
f 1910/1910 1911/1911 1912/1912
f 1910/1910 1913/1913 1911/1911
f 1910/1910 1914/1914 1913/1913
f 1910/1910 1915/1915 1914/1914
f 1910/1910 1912/1912 1916/1916
f 1916/1916 1917/1917 1910/1910
f 1912/1912 1918/1918 1919/1919
f 1918/1918 1914/1914 1920/1920
f 1921/1921 1918/1918 1912/1912
f 1914/1914 1918/1918 1921/1921
f 1922/1922 1923/1923 1924/1924
f 1925/1925 1926/1926 1927/1927
f 1928/1928 1925/1925 1927/1927
f 1928/1928 1927/1927 1929/1929
f 1927/1927 1929/1929 1930/1930
f 1927/1927 1931/1931 1929/1929
f 1932/1932 1933/1933 1934/1934
f 1934/1934 1933/1933 1935/1935
f 1936/1936 1934/1934 1935/1935
f 1937/1937 1938/1938 1936/1936
f 1938/1938 1934/1934 1936/1936
f 1939/1939 1934/1934 1940/1940
f 1941/1941 1934/1934 1939/1939
f 1932/1932 1934/1934 1942/1942
f 1941/1941 1942/1942 1934/1934
f 1932/1932 1942/1942 1943/1943
f 1941/1941 1944/1944 1942/1942
f 1944/1944 1943/1943 1942/1942
f 1945/1945 1946/1946 1947/1947
f 1948/1948 1946/1946 1945/1945
f 1949/1949 1946/1946 1948/1948
f 1947/1947 1946/1946 1950/1950
f 1950/1950 1946/1946 1951/1951
f 1950/1950 1952/1952 1947/1947
f 1953/1953 1952/1952 1949/1949
f 1947/1947 1952/1952 1953/1953
f 1954/1954 1955/1955 1956/1956
f 1957/1957 1958/1958 1959/1959
f 1957/1957 1960/1960 1961/1961
f 1961/1961 693/693 1957/1957
f 1958/1958 1962/1962 1959/1959
f 1958/1958 1963/1963 1962/1962
f 1959/1959 1962/1962 1964/1964
f 1965/1965 1963/1963 1958/1958
f 1959/1959 1964/1964 1966/1966
f 1967/1967 1966/1966 1964/1964
f 1963/1963 1968/1968 1965/1965
f 1965/1965 1968/1968 1969/1969
f 1968/1968 1963/1963 1970/1970
f 1969/1969 1968/1968 1970/1970
f 1971/1971 1961/1961 1964/1964
f 1964/1964 1972/1972 1971/1971
f 1972/1972 1973/1973 1971/1971
f 1971/1971 1973/1973 1974/1974
f 1973/1973 1975/1975 1974/1974
f 1974/1974 1976/1976 1971/1971
f 1975/1975 369/369 1974/1974
f 1974/1974 373/373 1976/1976
f 1974/1974 369/369 373/373
f 1977/1977 1978/1978 1979/1979
f 1978/1978 1980/1980 1979/1979
f 1981/1981 1982/1982 1983/1983
f 1984/1984 1985/1985 1982/1982
f 1986/1986 1984/1984 1982/1982
f 1987/1987 1986/1986 1988/1988
f 1982/1982 1989/1989 1986/1986
f 1986/1986 1989/1989 1990/1990
f 1989/1989 1991/1991 1990/1990
f 1992/1992 1982/1982 1991/1991
f 1992/1992 1989/1989 1982/1982
f 1989/1989 1993/1993 1991/1991
f 1991/1991 1993/1993 1992/1992
f 1992/1992 1993/1993 1989/1989
f 1994/1994 1995/1995 1996/1996
f 1997/1997 1998/1998 1999/1999
f 2000/2000 1997/1997 1999/1999
f 2001/2001 2002/2002 2003/2003
f 2004/2004 2002/2002 2001/2001
f 2005/2005 2002/2002 2006/2006
f 2007/2007 2002/2002 2008/2008
f 2009/2009 2010/2010 2002/2002
f 2002/2002 2011/2011 2012/2012
f 2013/2013 2014/2014 2015/2015
f 2016/2016 2014/2014 2013/2013
f 2017/2017 2014/2014 2016/2016
f 2013/2013 2018/2018 2016/2016
f 2019/2019 2018/2018 2013/2013
f 2020/2020 2021/2021 2022/2022
f 2023/2023 2024/2024 2022/2022
f 2025/2025 2024/2024 2023/2023
f 2025/2025 2026/2026 2024/2024
f 2026/2026 2025/2025 2027/2027
f 2027/2027 2025/2025 2028/2028
f 2028/2028 2025/2025 2029/2029
f 2030/2030 2031/2031 2032/2032
f 2030/2030 2032/2032 2033/2033
f 2034/2034 2035/2035 2036/2036
f 2037/2037 2038/2038 2035/2035
f 2039/2039 2040/2040 2041/2041
f 2042/2042 2043/2043 2044/2044
f 2045/2045 2046/2046 2047/2047
f 2047/2047 2046/2046 2048/2048
f 2047/2047 2048/2048 2049/2049
f 2050/2050 2047/2047 2051/2051
f 2052/2052 2047/2047 2050/2050
f 2053/2053 2054/2054 2055/2055
f 2054/2054 2056/2056 2057/2057
f 2056/2056 2053/2053 2057/2057
f 2058/2058 2059/2059 2060/2060
f 2058/2058 2060/2060 2061/2061
f 2058/2058 2061/2061 2062/2062
f 2063/2063 2064/2064 2065/2065
f 2066/2066 2064/2064 2063/2063
f 2066/2066 2067/2067 2064/2064
f 2068/2068 2069/2069 2070/2070
f 2068/2068 2071/2071 2069/2069
f 2072/2072 2071/2071 2068/2068
f 2072/2072 2073/2073 2071/2071
f 2074/2074 2073/2073 2072/2072
f 2074/2074 2075/2075 2073/2073
f 2076/2076 2075/2075 2074/2074
f 2076/2076 2077/2077 2075/2075
f 2078/2078 2077/2077 2076/2076
f 2079/2079 2077/2077 2078/2078
f 2079/2079 2080/2080 2077/2077
f 2081/2081 2080/2080 2079/2079
f 2082/2082 2083/2083 2084/2084
f 2085/2085 2083/2083 2082/2082
f 2084/2084 2086/2086 2085/2085
f 2087/2087 2084/2084 2083/2083
f 2086/2086 2088/2088 2085/2085
f 2083/2083 2085/2085 2088/2088
f 2083/2083 2088/2088 2089/2089
f 2089/2089 2088/2088 2090/2090
f 2091/2091 2083/2083 2089/2089
f 2083/2083 2090/2090 2091/2091
f 2092/2092 2090/2090 2088/2088
f 2088/2088 2093/2093 2092/2092
f 2094/2094 2092/2092 2093/2093
f 2095/2095 2094/2094 2093/2093
f 2095/2095 2093/2093 2096/2096
f 2083/2083 2091/2091 2097/2097
f 2083/2083 2097/2097 2087/2087
f 2093/2093 2097/2097 2096/2096
f 2091/2091 2098/2098 2097/2097
f 2096/2096 2097/2097 2098/2098
f 2087/2087 2097/2097 2099/2099
f 2097/2097 2100/2100 2099/2099
f 2097/2097 2093/2093 2100/2100
f 2100/2100 2101/2101 2087/2087
f 2101/2101 2100/2100 2093/2093
f 2102/2102 2103/2103 2104/2104
f 2103/2103 2105/2105 2104/2104
f 2102/2102 2106/2106 2103/2103
f 2103/2103 2107/2107 2105/2105
f 2108/2108 2103/2103 2106/2106
f 2103/2103 2109/2109 2107/2107
f 2108/2108 2109/2109 2103/2103
f 2107/2107 2109/2109 2110/2110
f 2108/2108 2110/2110 2109/2109
f 2110/2110 2111/2111 2107/2107
f 2108/2108 2106/2106 2112/2112
f 2111/2111 2110/2110 2112/2112
f 2112/2112 2106/2106 2111/2111
f 2113/2113 2114/2114 2115/2115
f 2116/2116 2114/2114 2117/2117
f 2114/2114 2116/2116 2118/2118
f 2116/2116 2119/2119 2118/2118
f 2120/2120 2119/2119 2116/2116
f 2120/2120 2116/2116 2121/2121
f 2122/2122 2120/2120 2123/2123
f 2124/2124 2125/2125 2126/2126
f 2126/2126 2127/2127 2124/2124
f 2127/2127 2126/2126 2128/2128
f 2129/2129 2130/2130 2131/2131
f 2129/2129 2132/2132 2133/2133
f 2129/2129 2134/2134 2130/2130
f 2130/2130 2134/2134 2135/2135
f 2136/2136 2134/2134 2129/2129
f 2137/2137 2138/2138 2139/2139
f 2138/2138 2140/2140 2139/2139
f 2139/2139 2141/2141 2142/2142
f 2142/2142 2143/2143 2144/2144
f 2139/2139 2144/2144 2143/2143
f 2145/2145 2146/2146 2147/2147
f 2146/2146 2145/2145 2148/2148
f 2148/2148 2145/2145 2149/2149
f 2146/2146 2150/2150 2151/2151
f 2146/2146 2152/2152 2150/2150
f 2153/2153 2154/2154 2155/2155
f 2156/2156 2155/2155 2154/2154
f 2156/2156 2157/2157 2155/2155
f 2158/2158 2156/2156 2154/2154
f 2159/2159 2160/2160 2161/2161
f 2159/2159 2161/2161 2162/2162
f 2162/2162 2161/2161 2163/2163
f 2164/2164 2165/2165 2166/2166
f 2166/2166 2167/2167 2164/2164
f 2167/2167 2165/2165 2168/2168
f 2169/2169 2170/2170 2171/2171
f 2170/2170 2172/2172 2171/2171
f 2170/2170 2169/2169 2173/2173
f 2174/2174 2172/2172 2170/2170
f 2174/2174 2170/2170 2173/2173
f 2175/2175 2173/2173 2169/2169
f 2175/2175 2172/2172 2174/2174
f 2175/2175 2174/2174 2173/2173
f 2176/2176 2177/2177 2178/2178
f 2179/2179 2176/2176 2178/2178
f 2180/2180 2181/2181 2182/2182
f 2180/2180 2182/2182 2183/2183
f 2184/2184 2181/2181 2180/2180
f 2184/2184 2185/2185 2181/2181
f 2184/2184 2186/2186 2185/2185
f 2186/2186 2187/2187 2185/2185
f 2186/2186 2184/2184 2188/2188
f 2189/2189 2188/2188 2184/2184
f 2190/2190 2191/2191 2192/2192
f 2190/2190 2193/2193 2191/2191
f 2194/2194 2191/2191 2193/2193
f 2194/2194 2195/2195 2191/2191
f 2194/2194 2196/2196 2195/2195
f 2197/2197 2198/2198 2199/2199
f 2200/2200 2201/2201 2202/2202
f 2202/2202 2201/2201 2203/2203
f 2203/2203 1184/1184 2202/2202
f 2200/2200 2202/2202 2204/2204
f 2204/2204 2202/2202 2205/2205
f 2206/2206 2207/2207 2208/2208
f 2209/2209 2210/2210 2208/2208
f 2211/2211 2208/2208 2210/2210
f 2212/2212 2213/2213 2210/2210
f 2214/2214 2211/2211 2213/2213
f 2214/2214 2213/2213 2212/2212
f 2215/2215 2214/2214 2216/2216
f 2215/2215 2216/2216 2217/2217
f 2217/2217 2216/2216 2218/2218
f 2215/2215 2219/2219 2220/2220
f 2220/2220 2219/2219 2221/2221
f 2221/2221 2219/2219 2222/2222
f 2220/2220 2221/2221 2223/2223
f 2224/2224 2225/2225 2226/2226
f 2224/2224 2226/2226 2227/2227
f 2228/2228 2227/2227 2225/2225
f 2229/2229 2230/2230 2231/2231
f 2229/2229 2231/2231 2232/2232
f 2229/2229 2232/2232 2233/2233
f 2233/2233 2232/2232 2234/2234
f 2233/2233 2234/2234 2235/2235
f 2236/2236 2235/2235 2234/2234
f 2236/2236 2237/2237 2231/2231
f 2236/2236 2234/2234 2237/2237
f 2238/2238 2239/2239 2240/2240
f 2238/2238 2241/2241 2239/2239
f 2242/2242 2240/2240 2241/2241
f 2243/2243 2239/2239 2244/2244
f 2245/2245 2246/2246 2247/2247
f 2248/2248 2246/2246 2245/2245
f 2249/2249 2250/2250 2251/2251
f 2252/2252 2250/2250 2249/2249
f 2253/2253 2250/2250 2252/2252
f 2253/2253 2254/2254 2250/2250
f 2255/2255 2256/2256 2257/2257
f 2258/2258 2257/2257 2259/2259
f 2260/2260 2259/2259 2261/2261
f 2262/2262 2261/2261 2263/2263
f 2264/2264 2265/2265 2266/2266
f 2267/2267 2268/2268 2265/2265
f 2268/2268 2269/2269 2270/2270
f 2270/2270 2271/2271 2268/2268
f 2270/2270 2272/2272 2271/2271
f 2273/2273 2274/2274 2275/2275
f 2273/2273 2276/2276 2277/2277
f 2278/2278 2276/2276 2273/2273
f 2279/2279 2280/2280 2281/2281
f 2280/2280 2279/2279 2282/2282
f 2283/2283 2284/2284 2281/2281
f 2283/2283 2279/2279 2285/2285
f 2283/2283 2285/2285 2284/2284
f 2286/2286 2287/2287 2288/2288
f 2289/2289 2288/2288 2287/2287
f 2289/2289 2290/2290 2288/2288
f 2291/2291 2292/2292 2290/2290
f 2293/2293 2294/2294 2295/2295
f 2294/2294 2296/2296 2297/2297
f 2298/2298 2296/2296 2294/2294
f 2293/2293 2299/2299 2298/2298
f 2298/2298 2299/2299 2296/2296
f 2300/2300 2301/2301 2302/2302
f 2303/2303 2304/2304 2305/2305
f 2304/2304 2303/2303 2306/2306
f 2307/2307 2308/2308 2309/2309
f 2308/2308 2307/2307 2310/2310
f 2310/2310 2309/2309 2311/2311
f 2312/2312 2313/2313 2314/2314
f 2315/2315 2316/2316 2317/2317
f 2315/2315 2318/2318 2316/2316
f 2315/2315 2319/2319 2320/2320
f 2321/2321 2315/2315 2322/2322
f 2322/2322 2315/2315 2323/2323
f 2324/2324 2325/2325 2326/2326
f 2327/2327 2326/2326 2325/2325
f 2328/2328 2329/2329 2330/2330
f 2328/2328 2330/2330 2331/2331
f 2332/2332 2333/2333 2328/2328
f 2334/2334 2335/2335 2336/2336
f 2334/2334 2337/2337 2335/2335
f 2338/2338 2337/2337 2339/2339
f 2340/2340 2341/2341 2337/2337
f 2342/2342 2343/2343 2344/2344
f 2345/2345 2346/2346 2347/2347
f 2348/2348 2349/2349 2350/2350
f 2348/2348 2350/2350 2351/2351
f 2352/2352 2353/2353 2354/2354
f 2354/2354 2355/2355 2352/2352
f 2356/2356 2355/2355 2354/2354
f 2357/2357 2354/2354 2353/2353
f 2357/2357 2358/2358 2356/2356
f 2359/2359 2353/2353 2352/2352
f 2356/2356 2358/2358 2360/2360
f 2359/2359 2361/2361 2353/2353
f 2362/2362 2361/2361 2359/2359
f 2362/2362 2359/2359 2363/2363
f 2362/2362 2363/2363 2364/2364
f 2360/2360 2358/2358 2365/2365
f 2364/2364 2366/2366 2367/2367
f 2367/2367 2366/2366 2368/2368
f 2369/2369 2367/2367 2368/2368
f 2370/2370 2367/2367 2369/2369
f 2371/2371 2369/2369 2368/2368
f 2372/2372 2369/2369 2371/2371
f 2373/2373 2369/2369 2372/2372
f 2374/2374 2372/2372 2371/2371
f 2374/2374 2375/2375 2372/2372
f 2376/2376 2373/2373 2375/2375
f 2376/2376 2375/2375 2374/2374
f 2376/2376 2377/2377 2373/2373
f 2378/2378 2374/2374 2371/2371
f 2378/2378 2371/2371 2379/2379
f 2380/2380 2374/2374 2378/2378
f 2381/2381 2374/2374 2380/2380
f 2381/2381 2376/2376 2374/2374
f 2382/2382 2377/2377 2376/2376
f 2383/2383 2376/2376 2381/2381
f 2384/2384 2383/2383 2381/2381
f 2376/2376 2385/2385 2382/2382
f 2385/2385 2386/2386 2382/2382
f 2387/2387 2383/2383 2384/2384
f 2387/2387 2376/2376 2383/2383
f 2376/2376 2387/2387 2385/2385
f 2385/2385 2387/2387 2388/2388
f 2389/2389 2388/2388 2387/2387
f 2389/2389 2390/2390 2388/2388
f 2388/2388 2390/2390 2391/2391
f 2391/2391 2392/2392 2386/2386
f 2391/2391 2390/2390 2392/2392
f 2392/2392 2390/2390 2393/2393
f 2392/2392 2393/2393 2394/2394
f 2394/2394 2393/2393 2395/2395
f 2394/2394 2395/2395 2396/2396
f 2397/2397 2396/2396 2395/2395
f 2397/2397 2398/2398 2396/2396
f 2399/2399 2398/2398 2397/2397
f 2400/2400 2399/2399 2397/2397
f 2401/2401 2398/2398 2399/2399
f 2400/2400 2402/2402 2399/2399
f 2401/2401 2365/2365 2398/2398
f 2403/2403 2402/2402 2400/2400
f 2401/2401 2402/2402 2403/2403
f 2401/2401 2403/2403 2365/2365
f 2403/2403 2360/2360 2365/2365
f 2404/2404 2360/2360 2403/2403
f 2395/2395 2393/2393 2405/2405
f 2406/2406 2395/2395 2405/2405
f 2406/2406 2405/2405 2407/2407
f 2405/2405 2393/2393 2408/2408
f 2409/2409 2408/2408 2393/2393
f 2410/2410 2407/2407 2405/2405
f 2408/2408 2409/2409 2410/2410
f 2409/2409 2407/2407 2410/2410
f 2411/2411 2407/2407 2409/2409
f 2412/2412 2413/2413 2414/2414
f 2415/2415 2413/2413 2412/2412
f 2412/2412 2414/2414 2416/2416
f 2415/2415 2417/2417 2413/2413
f 2416/2416 2414/2414 2418/2418
f 2419/2419 2417/2417 2415/2415
f 2419/2419 2420/2420 2417/2417
f 2421/2421 2420/2420 2419/2419
f 2416/2416 2418/2418 2422/2422
f 2422/2422 2418/2418 2423/2423
f 2423/2423 2418/2418 2424/2424
f 2423/2423 2424/2424 2425/2425
f 2425/2425 2424/2424 2426/2426
f 2425/2425 2426/2426 2427/2427
f 2427/2427 2426/2426 2428/2428
f 2429/2429 2430/2430 2431/2431
f 2429/2429 2431/2431 2432/2432
f 2432/2432 2431/2431 2433/2433
f 2432/2432 2433/2433 2434/2434
f 2435/2435 2432/2432 2434/2434
f 2436/2436 2435/2435 2434/2434
f 2436/2436 2434/2434 2437/2437
f 2436/2436 2437/2437 2438/2438
f 2438/2438 2437/2437 2439/2439
f 2440/2440 2441/2441 2442/2442
f 2440/2440 2442/2442 2443/2443
f 2443/2443 2442/2442 2444/2444
f 2444/2444 2442/2442 2445/2445
f 2444/2444 2445/2445 2446/2446
f 2446/2446 2445/2445 2447/2447
f 2447/2447 2445/2445 2448/2448
f 2447/2447 2448/2448 2449/2449
f 2449/2449 2448/2448 2450/2450
f 2451/2451 2441/2441 2452/2452
f 2453/2453 2441/2441 2451/2451
f 2453/2453 2454/2454 2441/2441
f 2455/2455 2454/2454 2453/2453
f 2452/2452 2456/2456 2457/2457
f 2457/2457 2456/2456 2458/2458
f 2459/2459 2460/2460 2461/2461
f 2461/2461 2460/2460 2462/2462
f 2459/2459 2463/2463 2460/2460
f 2459/2459 2464/2464 2463/2463
f 2465/2465 2464/2464 2459/2459
f 2461/2461 2462/2462 2466/2466
f 2461/2461 2466/2466 2467/2467
f 2467/2467 2466/2466 2468/2468
f 2467/2467 2468/2468 2469/2469
f 2469/2469 2468/2468 2470/2470
f 2469/2469 2470/2470 2471/2471
f 2469/2469 2471/2471 2472/2472
f 2472/2472 2471/2471 2473/2473
f 2472/2472 2473/2473 2474/2474
f 2474/2474 2473/2473 2475/2475
f 2474/2474 2475/2475 2476/2476
f 2477/2477 2478/2478 2479/2479
f 2480/2480 2478/2478 2477/2477
f 2477/2477 2479/2479 2481/2481
f 2480/2480 2482/2482 2478/2478
f 2481/2481 2479/2479 2483/2483
f 2481/2481 2483/2483 2484/2484
f 2484/2484 2483/2483 2485/2485
f 2486/2486 2482/2482 2480/2480
f 2486/2486 2487/2487 2482/2482
f 2488/2488 2487/2487 2486/2486
f 2488/2488 2489/2489 2487/2487
f 2490/2490 2489/2489 2488/2488
f 2490/2490 2491/2491 2489/2489
f 2492/2492 2491/2491 2490/2490
f 2492/2492 2493/2493 2491/2491
f 2494/2494 2495/2495 2496/2496
f 2497/2497 2495/2495 2494/2494
f 2494/2494 2496/2496 2498/2498
f 2497/2497 2499/2499 2495/2495
f 2498/2498 2496/2496 2500/2500
f 2501/2501 2499/2499 2497/2497
f 2498/2498 2500/2500 2502/2502
f 2502/2502 2500/2500 2503/2503
f 2502/2502 2503/2503 2504/2504
f 2501/2501 2505/2505 2499/2499
f 2506/2506 2505/2505 2501/2501
f 2506/2506 2507/2507 2505/2505
f 2508/2508 2507/2507 2506/2506
f 2509/2509 2510/2510 2511/2511
f 2509/2509 2512/2512 2510/2510
f 2513/2513 2512/2512 2509/2509
f 2511/2511 2510/2510 2514/2514
f 2513/2513 2515/2515 2512/2512
f 2511/2511 2514/2514 2516/2516
f 2511/2511 2514/2514 2517/2517
f 2517/2517 2514/2514 2518/2518
f 2519/2519 2515/2515 2513/2513
f 2515/2515 2519/2519 2520/2520
f 2515/2515 2520/2520 2521/2521
f 2522/2522 2523/2523 2524/2524
f 2525/2525 2522/2522 2524/2524
f 2526/2526 2523/2523 2522/2522
f 2525/2525 2527/2527 2522/2522
f 2528/2528 2527/2527 2525/2525
f 2529/2529 2528/2528 2525/2525
f 2527/2527 2530/2530 2522/2522
f 2529/2529 2524/2524 2531/2531
f 2532/2532 2528/2528 2529/2529
f 2522/2522 2530/2530 2533/2533
f 2533/2533 2534/2534 2522/2522
f 2522/2522 2534/2534 2535/2535
f 2533/2533 2530/2530 2536/2536
f 2533/2533 2536/2536 2535/2535
f 2522/2522 2535/2535 2526/2526
f 2536/2536 2526/2526 2535/2535
f 2536/2536 2537/2537 2526/2526
f 2538/2538 2537/2537 2536/2536
f 2538/2538 2539/2539 2537/2537
f 2526/2526 2539/2539 2540/2540
f 2538/2538 2540/2540 2539/2539
f 2540/2540 2541/2541 2526/2526
f 2542/2542 2540/2540 2538/2538
f 2542/2542 2543/2543 2540/2540
f 2544/2544 2540/2540 2543/2543
f 2545/2545 2541/2541 2544/2544
f 2544/2544 2543/2543 2546/2546
f 2547/2547 2546/2546 2543/2543
f 2546/2546 2547/2547 2548/2548
f 2546/2546 2549/2549 2544/2544
f 2548/2548 2547/2547 2550/2550
f 2551/2551 2544/2544 2549/2549
f 2549/2549 2548/2548 2551/2551
f 2545/2545 2544/2544 2551/2551
f 2548/2548 2550/2550 2551/2551
f 2552/2552 2545/2545 2551/2551
f 2553/2553 2551/2551 2550/2550
f 2552/2552 2551/2551 2554/2554
f 2553/2553 2550/2550 2555/2555
f 2553/2553 2555/2555 2556/2556
f 2554/2554 2553/2553 2556/2556
f 2556/2556 2557/2557 2554/2554
f 2554/2554 2557/2557 2558/2558
f 2557/2557 2559/2559 2558/2558
f 2558/2558 2560/2560 2554/2554
f 2561/2561 2559/2559 2557/2557
f 2561/2561 2560/2560 2559/2559
f 2562/2562 2560/2560 2561/2561
f 2563/2563 2562/2562 2561/2561
f 2564/2564 2562/2562 2563/2563
f 2565/2565 2560/2560 2562/2562
f 2565/2565 2562/2562 2564/2564
f 2565/2565 2566/2566 2560/2560
f 2565/2565 2564/2564 2567/2567
f 2565/2565 2568/2568 2566/2566
f 2569/2569 2565/2565 2567/2567
f 2568/2568 2565/2565 2569/2569
f 2567/2567 2570/2570 2569/2569
f 2569/2569 2570/2570 2571/2571
f 2571/2571 2531/2531 2568/2568
f 2531/2531 2571/2571 2529/2529
f 2529/2529 2571/2571 2572/2572
f 2532/2532 2529/2529 2572/2572
f 2571/2571 2573/2573 2572/2572
f 2571/2571 2570/2570 2573/2573
f 2574/2574 2532/2532 2572/2572
f 2574/2574 2570/2570 2532/2532
f 2570/2570 2574/2574 2573/2573
f 2575/2575 2576/2576 2577/2577
f 2575/2575 2578/2578 2576/2576
f 2575/2575 2579/2579 2578/2578
f 2580/2580 2579/2579 2575/2575
f 2580/2580 2581/2581 2579/2579
f 2581/2581 2580/2580 2582/2582
f 2582/2582 2583/2583 2581/2581
f 2584/2584 2585/2585 2586/2586
f 2584/2584 2587/2587 2585/2585
f 2586/2586 2585/2585 2588/2588
f 2589/2589 2586/2586 2588/2588
f 2590/2590 2591/2591 2592/2592
f 2590/2590 2593/2593 2591/2591
f 2590/2590 2592/2592 2594/2594
f 2595/2595 2593/2593 2590/2590
f 2593/2593 2595/2595 2596/2596
f 2596/2596 2595/2595 2597/2597
f 2594/2594 2592/2592 2598/2598
f 2594/2594 2598/2598 2599/2599
f 2599/2599 2598/2598 2600/2600
f 2599/2599 2600/2600 2601/2601
f 2601/2601 2600/2600 2602/2602
f 2602/2602 2603/2603 2604/2604
f 2605/2605 2606/2606 2607/2607
f 2606/2606 2605/2605 2608/2608
f 2609/2609 2605/2605 2607/2607
f 2605/2605 2610/2610 2608/2608
f 2608/2608 2610/2610 2611/2611
f 2607/2607 2612/2612 2609/2609
f 2610/2610 2609/2609 2612/2612
f 2607/2607 2611/2611 2612/2612
f 2613/2613 2611/2611 2610/2610
f 2613/2613 2612/2612 2611/2611
f 2613/2613 2610/2610 2612/2612
f 2614/2614 2615/2615 2616/2616
f 2614/2614 2616/2616 2617/2617
f 2616/2616 2618/2618 2617/2617
f 2616/2616 2619/2619 2618/2618
f 2618/2618 2620/2620 2617/2617
f 2617/2617 2620/2620 2621/2621
f 2620/2620 2622/2622 2621/2621
f 2621/2621 2623/2623 2617/2617
f 2624/2624 2625/2625 2626/2626
f 2627/2627 2626/2626 2625/2625
f 2627/2627 2625/2625 2628/2628
f 2626/2626 2629/2629 2624/2624
f 2630/2630 2631/2631 2626/2626
f 2632/2632 2624/2624 2629/2629
f 2629/2629 2630/2630 2633/2633
f 2633/2633 2632/2632 2629/2629
f 2634/2634 2632/2632 2633/2633
f 2625/2625 2634/2634 2628/2628
f 2635/2635 2634/2634 2633/2633
f 2635/2635 2628/2628 2634/2634
f 2628/2628 2635/2635 2636/2636
f 2637/2637 2638/2638 2639/2639
f 2639/2639 2638/2638 2640/2640
f 2637/2637 2641/2641 2638/2638
f 2642/2642 2641/2641 2637/2637
f 2642/2642 2643/2643 2641/2641
f 2639/2639 2640/2640 2644/2644
f 2644/2644 2640/2640 2645/2645
f 2644/2644 2645/2645 2646/2646
f 2646/2646 2645/2645 2647/2647
f 2646/2646 2647/2647 2648/2648
f 2646/2646 2648/2648 2649/2649
f 2649/2649 2648/2648 2650/2650
f 2649/2649 2650/2650 2651/2651
f 2651/2651 2650/2650 2652/2652
f 2651/2651 2652/2652 2653/2653
f 2654/2654 2655/2655 2656/2656
f 2654/2654 2657/2657 2655/2655
f 2654/2654 2658/2658 2657/2657
f 2656/2656 2655/2655 2659/2659
f 2656/2656 2659/2659 2660/2660
f 2660/2660 2659/2659 2661/2661
f 2660/2660 2661/2661 2662/2662
f 2663/2663 2664/2664 2665/2665
f 2663/2663 2665/2665 2666/2666
f 2664/2664 2667/2667 2665/2665
f 2665/2665 2667/2667 2668/2668
f 2664/2664 2669/2669 2667/2667
f 2664/2664 2670/2670 2669/2669
f 2664/2664 2671/2671 2670/2670
f 2663/2663 2671/2671 2664/2664
f 2663/2663 2672/2672 2671/2671
f 2671/2671 2672/2672 2673/2673
f 2674/2674 2675/2675 2671/2671
f 2675/2675 2674/2674 2676/2676
f 2677/2677 2671/2671 2678/2678
f 2678/2678 2679/2679 2677/2677
f 2680/2680 2681/2681 2682/2682
f 2683/2683 2681/2681 2680/2680
f 2683/2683 2680/2680 2684/2684
f 2685/2685 2686/2686 2687/2687
f 2688/2688 2686/2686 2685/2685
f 2686/2686 2688/2688 2689/2689
f 2690/2690 2691/2691 2692/2692
f 2690/2690 2692/2692 2693/2693
f 2693/2693 2692/2692 2694/2694
f 2695/2695 2691/2691 2690/2690
f 2695/2695 2696/2696 2691/2691
f 2697/2697 2696/2696 2695/2695
f 2698/2698 2699/2699 2700/2700
f 2698/2698 2701/2701 2699/2699
f 2702/2702 2701/2701 2698/2698
f 2703/2703 2701/2701 2702/2702
f 2704/2704 2701/2701 2703/2703
f 2705/2705 2701/2701 2704/2704
f 2701/2701 2705/2705 2706/2706
f 2704/2704 2707/2707 2705/2705
f 2708/2708 2705/2705 2707/2707
f 2708/2708 2709/2709 2705/2705
f 2710/2710 2709/2709 2708/2708
f 2711/2711 2709/2709 2710/2710
f 2712/2712 2709/2709 2711/2711
f 2712/2712 2713/2713 2709/2709
f 2714/2714 2715/2715 2716/2716
f 2717/2717 2716/2716 2718/2718
f 2716/2716 2715/2715 2718/2718
f 2714/2714 2719/2719 2720/2720
f 2714/2714 2720/2720 2715/2715
f 2720/2720 2721/2721 2715/2715
f 2722/2722 2721/2721 2720/2720
f 2715/2715 2723/2723 2718/2718
f 2724/2724 2718/2718 2723/2723
f 2724/2724 2723/2723 2725/2725
f 2726/2726 2725/2725 2723/2723
f 2726/2726 2723/2723 2715/2715
f 2715/2715 2721/2721 2726/2726
f 2726/2726 2721/2721 2727/2727
f 2726/2726 2727/2727 2728/2728
f 2729/2729 2730/2730 2731/2731
f 2729/2729 2732/2732 2730/2730
f 2731/2731 2733/2733 2734/2734
f 2729/2729 2731/2731 2734/2734
f 2729/2729 2735/2735 2732/2732
f 2729/2729 2734/2734 2736/2736
f 2737/2737 2736/2736 2734/2734
f 2736/2736 2737/2737 2738/2738
f 2738/2738 2739/2739 2736/2736
f 2739/2739 2729/2729 2736/2736
f 2735/2735 2729/2729 2740/2740
f 2729/2729 2739/2739 2740/2740
f 2740/2740 2741/2741 2735/2735
f 2742/2742 2740/2740 2739/2739
f 2742/2742 2743/2743 2740/2740
f 2744/2744 2745/2745 2746/2746
f 2747/2747 2745/2745 2744/2744
f 2747/2747 2748/2748 2745/2745
f 2747/2747 2749/2749 2748/2748
f 2750/2750 2749/2749 2747/2747
f 2749/2749 2750/2750 2751/2751
f 2751/2751 2750/2750 2752/2752
f 2751/2751 2752/2752 2753/2753
f 2753/2753 2752/2752 2754/2754
f 2753/2753 2754/2754 2755/2755
f 2755/2755 2756/2756 2757/2757
f 2758/2758 2759/2759 2760/2760
f 2759/2759 2758/2758 2761/2761
f 2760/2760 2759/2759 2762/2762
f 2762/2762 2759/2759 2763/2763
f 2763/2763 2759/2759 2764/2764
f 2765/2765 2766/2766 2767/2767
f 2768/2768 2766/2766 2765/2765
f 2768/2768 2769/2769 2766/2766
f 2766/2766 2770/2770 2767/2767
f 2771/2771 2767/2767 2770/2770
f 2772/2772 2773/2773 2770/2770
f 2774/2774 2771/2771 2775/2775
f 2775/2775 2776/2776 2774/2774
f 2769/2769 2777/2777 2778/2778
f 2779/2779 2780/2780 2777/2777
f 2779/2779 2778/2778 2781/2781
f 2779/2779 2781/2781 2782/2782
f 2783/2783 2784/2784 2767/2767
f 2785/2785 2784/2784 2783/2783
f 2785/2785 2786/2786 2784/2784
f 2787/2787 2786/2786 2785/2785
f 2786/2786 2787/2787 2788/2788
f 2788/2788 2787/2787 2789/2789
f 2788/2788 2789/2789 2790/2790
f 2790/2790 2791/2791 2792/2792
f 2792/2792 2791/2791 2793/2793
f 2793/2793 2791/2791 2794/2794
f 2790/2790 2795/2795 2791/2791
f 2796/2796 2795/2795 2790/2790
f 2795/2795 2796/2796 2797/2797
f 2797/2797 2796/2796 2798/2798
f 2799/2799 2798/2798 2796/2796
f 2797/2797 2798/2798 2800/2800
f 2800/2800 2798/2798 2801/2801
f 2802/2802 2803/2803 2804/2804
f 2805/2805 2803/2803 2802/2802
f 2805/2805 2802/2802 2806/2806
f 2802/2802 2807/2807 2806/2806
f 2806/2806 2807/2807 2808/2808
f 2808/2808 2807/2807 2809/2809
f 2808/2808 2809/2809 2810/2810
f 2810/2810 2809/2809 2811/2811
f 2810/2810 2811/2811 2812/2812
f 2812/2812 2811/2811 2813/2813
f 2812/2812 2813/2813 2814/2814
f 2814/2814 2815/2815 2812/2812
f 2814/2814 2816/2816 2817/2817
f 2818/2818 2817/2817 2816/2816
f 2816/2816 2819/2819 2818/2818
f 2820/2820 2821/2821 2822/2822
f 2823/2823 2824/2824 2825/2825
f 2825/2825 2826/2826 2827/2827
f 2825/2825 2828/2828 2826/2826
f 2829/2829 2830/2830 2831/2831
f 2831/2831 2830/2830 2832/2832
f 2832/2832 2833/2833 2831/2831
f 2833/2833 2832/2832 2834/2834
f 2834/2834 2832/2832 2835/2835
f 2836/2836 2833/2833 2834/2834
f 2837/2837 2838/2838 2839/2839
f 2839/2839 2838/2838 2840/2840
f 2841/2841 2842/2842 2843/2843
f 2841/2841 2843/2843 2844/2844
f 2845/2845 2846/2846 2847/2847
f 2848/2848 2846/2846 2845/2845
f 2849/2849 2850/2850 2851/2851
f 2851/2851 2850/2850 2852/2852
f 2853/2853 2854/2854 2855/2855
f 2855/2855 2854/2854 2856/2856
f 2856/2856 2854/2854 2857/2857
f 2857/2857 2854/2854 2858/2858
f 2858/2858 2854/2854 2859/2859
f 2853/2853 2860/2860 2854/2854
f 2859/2859 2854/2854 2861/2861
f 2862/2862 2860/2860 2853/2853
f 2859/2859 2861/2861 2863/2863
f 2862/2862 2864/2864 2860/2860
f 2863/2863 2861/2861 2865/2865
f 2865/2865 2861/2861 2866/2866
f 2865/2865 2866/2866 2867/2867
f 2867/2867 2868/2868 2865/2865
f 2860/2860 2864/2864 2869/2869
f 2869/2869 2864/2864 2870/2870
f 2869/2869 2870/2870 2871/2871
f 2869/2869 2871/2871 2872/2872
f 2869/2869 2872/2872 2873/2873
f 2873/2873 2872/2872 2874/2874
f 2875/2875 2873/2873 2874/2874
f 2875/2875 2876/2876 2873/2873
f 2877/2877 2876/2876 2875/2875
f 2878/2878 2876/2876 2877/2877
f 2878/2878 2879/2879 2876/2876
f 2880/2880 2879/2879 2878/2878
f 2881/2881 2879/2879 2880/2880
f 2881/2881 2882/2882 2879/2879
f 2883/2883 2882/2882 2881/2881
f 2884/2884 2882/2882 2883/2883
f 2884/2884 2885/2885 2882/2882
f 2886/2886 2885/2885 2884/2884
f 2887/2887 2885/2885 2886/2886
f 2887/2887 2886/2886 2888/2888
f 2887/2887 2888/2888 2889/2889
f 2887/2887 2889/2889 2890/2890
f 2887/2887 2890/2890 2891/2891
f 2892/2892 2891/2891 2890/2890
f 2893/2893 2891/2891 2892/2892
f 2893/2893 2894/2894 2891/2891
f 2895/2895 2894/2894 2893/2893
f 2895/2895 2896/2896 2894/2894
f 2897/2897 2896/2896 2895/2895
f 2897/2897 2898/2898 2896/2896
f 2896/2896 2898/2898 2899/2899
f 2899/2899 2898/2898 2900/2900
f 2899/2899 2900/2900 2901/2901
f 2901/2901 2902/2902 2899/2899
f 2899/2899 2902/2902 2903/2903
f 2903/2903 2902/2902 2904/2904
f 2903/2903 2904/2904 2905/2905
f 2903/2903 2905/2905 2906/2906
f 2905/2905 2907/2907 2906/2906
f 2908/2908 2906/2906 2907/2907
f 2909/2909 2906/2906 2908/2908
f 2910/2910 2906/2906 2909/2909
f 2910/2910 2911/2911 2906/2906
f 2912/2912 2913/2913 2914/2914
f 2913/2913 2915/2915 2914/2914
f 2914/2914 2915/2915 2916/2916
f 2917/2917 2913/2913 2912/2912
f 2918/2918 2912/2912 2914/2914
f 2912/2912 2918/2918 2917/2917
f 2917/2917 2919/2919 2913/2913
f 2917/2917 2918/2918 2919/2919
f 2913/2913 2919/2919 2920/2920
f 2918/2918 2921/2921 2919/2919
f 2920/2920 2919/2919 2921/2921
f 2920/2920 2921/2921 2918/2918
f 2922/2922 2923/2923 2924/2924
f 2924/2924 2925/2925 2922/2922
f 2923/2923 2926/2926 2924/2924
f 2926/2926 2923/2923 2927/2927
f 2925/2925 2924/2924 2928/2928
f 2924/2924 2926/2926 2929/2929
f 2926/2926 2927/2927 2929/2929
f 2924/2924 2929/2929 2928/2928
f 2927/2927 2925/2925 2929/2929
f 2925/2925 2928/2928 2929/2929
f 2930/2930 2931/2931 2932/2932
f 2933/2933 2932/2932 2931/2931
f 2930/2930 2934/2934 2931/2931
f 2935/2935 2931/2931 2934/2934
f 2936/2936 2937/2937 2938/2938
f 2936/2936 2939/2939 2937/2937
f 2940/2940 2936/2936 2938/2938
f 2941/2941 2942/2942 2943/2943
f 2943/2943 2942/2942 2944/2944
f 2945/2945 2946/2946 2947/2947
f 2945/2945 2948/2948 2946/2946
f 2949/2949 2950/2950 2951/2951
f 2952/2952 2953/2953 2949/2949
f 2954/2954 2953/2953 2952/2952
f 2955/2955 2956/2956 2957/2957
f 2955/2955 2958/2958 2956/2956
f 2955/2955 2957/2957 2959/2959
f 2959/2959 2957/2957 2960/2960
f 2959/2959 2960/2960 2961/2961
f 2962/2962 2956/2956 2958/2958
f 2962/2962 2963/2963 2956/2956
f 2963/2963 2962/2962 2964/2964
f 2962/2962 2965/2965 2964/2964
f 2966/2966 2967/2967 2961/2961
f 2967/2967 2966/2966 2968/2968
f 2969/2969 2970/2970 2967/2967
f 2970/2970 2969/2969 2971/2971
f 2971/2971 2972/2972 2970/2970
f 2973/2973 2974/2974 2975/2975
f 2973/2973 2976/2976 2974/2974
f 2973/2973 2977/2977 2976/2976
f 2978/2978 2977/2977 2973/2973
f 2975/2975 2974/2974 2979/2979
f 2980/2980 2975/2975 2981/2981
f 2979/2979 2982/2982 2975/2975
f 2982/2982 2979/2979 2983/2983
f 2983/2983 2979/2979 2984/2984
f 2983/2983 2984/2984 2985/2985
f 2983/2983 2985/2985 2986/2986
f 2986/2986 2985/2985 2987/2987
f 2986/2986 2987/2987 2988/2988
f 2989/2989 2988/2988 2987/2987
f 2989/2989 2990/2990 2988/2988
f 2991/2991 2990/2990 2989/2989
f 2991/2991 2992/2992 2990/2990
f 2992/2992 2993/2993 2994/2994
f 2995/2995 2994/2994 2993/2993
f 2996/2996 2994/2994 2997/2997
f 2997/2997 2998/2998 2996/2996
f 2998/2998 2999/2999 2996/2996
f 2996/2996 2999/2999 3000/3000
f 3001/3001 3002/3002 3003/3003
f 3002/3002 3001/3001 3004/3004
f 3004/3004 3005/3005 3002/3002
f 3006/3006 3005/3005 3004/3004
f 3006/3006 3007/3007 3005/3005
f 3008/3008 3009/3009 3007/3007
f 3010/3010 3009/3009 3008/3008
f 3010/3010 3011/3011 3009/3009
f 3012/3012 3011/3011 3010/3010
f 3012/3012 3013/3013 3011/3011
f 3014/3014 3013/3013 3012/3012
f 3015/3015 3016/3016 3017/3017
f 3016/3016 3015/3015 3018/3018
f 3019/3019 3015/3015 3016/3016
f 3015/3015 3019/3019 3020/3020
f 3021/3021 3020/3020 3019/3019
f 3022/3022 3023/3023 3024/3024
f 3024/3024 3023/3023 3025/3025
f 3026/3026 3027/3027 3028/3028
f 3028/3028 3029/3029 3026/3026
f 3030/3030 3029/3029 3028/3028
f 3031/3031 3032/3032 3033/3033
f 3031/3031 3033/3033 3034/3034
f 3035/3035 3036/3036 3037/3037
f 3037/3037 3036/3036 3038/3038
f 3035/3035 3039/3039 3040/3040
f 3040/3040 3041/3041 3042/3042
f 3042/3042 3043/3043 3044/3044
f 3044/3044 3043/3043 3045/3045
f 3046/3046 3047/3047 3048/3048
f 3047/3047 3046/3046 3049/3049
f 3049/3049 3050/3050 3047/3047
f 3051/3051 3052/3052 3053/3053
f 3051/3051 3054/3054 3052/3052
f 3053/3053 3052/3052 3055/3055
f 3053/3053 3055/3055 3056/3056
f 3056/3056 3055/3055 3057/3057
f 3056/3056 3057/3057 3058/3058
f 3058/3058 3057/3057 3059/3059
f 3058/3058 3059/3059 3060/3060
f 3054/3054 3061/3061 3062/3062
f 3062/3062 3061/3061 3063/3063
f 3062/3062 3063/3063 3064/3064
f 3063/3063 3065/3065 3064/3064
f 3066/3066 3065/3065 3063/3063
f 3067/3067 3068/3068 3069/3069
f 3070/3070 3068/3068 3067/3067
f 3067/3067 3069/3069 3071/3071
f 3072/3072 3073/3073 3074/3074
f 3074/3074 3073/3073 3075/3075
f 3076/3076 3075/3075 3077/3077
f 3078/3078 3079/3079 3080/3080
f 3078/3078 3080/3080 3081/3081
f 3082/3082 3083/3083 3084/3084
f 3082/3082 3084/3084 3085/3085
f 3085/3085 3084/3084 3086/3086
f 3085/3085 3086/3086 3087/3087
f 3087/3087 3086/3086 3088/3088
f 3089/3089 3087/3087 3090/3090
f 3091/3091 3092/3092 3086/3086
f 3093/3093 3092/3092 3091/3091
f 3094/3094 3095/3095 3096/3096
f 3097/3097 3098/3098 3099/3099
f 3098/3098 3097/3097 3100/3100
f 3101/3101 3102/3102 3103/3103
f 3104/3104 3105/3105 3106/3106
f 3104/3104 3107/3107 3105/3105
f 3108/3108 3109/3109 3110/3110
f 3108/3108 3111/3111 3109/3109
f 3112/3112 3113/3113 3114/3114
f 3114/3114 3113/3113 3115/3115
f 3116/3116 3117/3117 3118/3118
f 3116/3116 3118/3118 3119/3119
f 3117/3117 3120/3120 3121/3121
f 3122/3122 3123/3123 651/651
f 3123/3123 3122/3122 3124/3124
f 3123/3123 3124/3124 3125/3125
f 3122/3122 3126/3126 3127/3127
f 3128/3128 3129/3129 3130/3130
f 3131/3131 3132/3132 3128/3128
f 3130/3130 3129/3129 3133/3133
f 3130/3130 3133/3133 3134/3134
f 3130/3130 3134/3134 3135/3135
f 3135/3135 3134/3134 3136/3136
f 3136/3136 3134/3134 3137/3137
f 3136/3136 3137/3137 3138/3138
f 3139/3139 3140/3140 3141/3141
f 3139/3139 3142/3142 3140/3140
f 3143/3143 3144/3144 3145/3145
f 3146/3146 3147/3147 3145/3145
f 3148/3148 3149/3149 3145/3145
f 3150/3150 3151/3151 3152/3152
f 3152/3152 3153/3153 3150/3150
f 3154/3154 3150/3150 3153/3153
f 3154/3154 3153/3153 3155/3155
f 3151/3151 3156/3156 3152/3152
f 3152/3152 3156/3156 3157/3157
f 3151/3151 3157/3157 3156/3156
f 3151/3151 3158/3158 3157/3157
f 3151/3151 3159/3159 3158/3158
f 3160/3160 3158/3158 3159/3159
f 3161/3161 3162/3162 3163/3163
f 3162/3162 3161/3161 3164/3164
f 3164/3164 3161/3161 3165/3165
f 3165/3165 3166/3166 3164/3164
f 3164/3164 3167/3167 3168/3168
f 3167/3167 3169/3169 3163/3163
f 3170/3170 3171/3171 3172/3172
f 3171/3171 3170/3170 3173/3173
f 3174/3174 3172/3172 3171/3171
f 3175/3175 3172/3172 3174/3174
f 3176/3176 3177/3177 3178/3178
f 3179/3179 3177/3177 3176/3176
f 3176/3176 3178/3178 3180/3180
f 3181/3181 3182/3182 3183/3183
f 3184/3184 3182/3182 3181/3181
f 3185/3185 3186/3186 3187/3187
f 3185/3185 3187/3187 3188/3188
f 3189/3189 3190/3190 3191/3191
f 3189/3189 3192/3192 3190/3190
f 3193/3193 3194/3194 3195/3195
f 3196/3196 3197/3197 3194/3194
f 3193/3193 3198/3198 3196/3196
f 3197/3197 3196/3196 3198/3198
f 3199/3199 3197/3197 3198/3198
f 3200/3200 3201/3201 3202/3202
f 3203/3203 3201/3201 3200/3200
f 3201/3201 3203/3203 3204/3204
f 3200/3200 3202/3202 3205/3205
f 3206/3206 3205/3205 3202/3202
f 3206/3206 3207/3207 3205/3205
f 3208/3208 3206/3206 3209/3209
f 3210/3210 3211/3211 3212/3212
f 3212/3212 3211/3211 3213/3213
f 3214/3214 3215/3215 3216/3216
f 3215/3215 3217/3217 3216/3216
f 3218/3218 3214/3214 3219/3219
f 3218/3218 3219/3219 3220/3220
f 3221/3221 3222/3222 3223/3223
f 3224/3224 3222/3222 3221/3221
f 3221/3221 3225/3225 3226/3226
f 3227/3227 3228/3228 3229/3229
f 3228/3228 3227/3227 3230/3230
f 3229/3229 3231/3231 3232/3232
f 3233/3233 3234/3234 3235/3235
f 3236/3236 3234/3234 3233/3233
f 3237/3237 3238/3238 3239/3239
f 3240/3240 3241/3241 3242/3242
f 3242/3242 3241/3241 3243/3243
f 3240/3240 3244/3244 3241/3241
f 3245/3245 3246/3246 3247/3247
f 3245/3245 3248/3248 3246/3246
f 3247/3247 3249/3249 3245/3245
f 3250/3250 3251/3251 3252/3252
f 3250/3250 3253/3253 3251/3251
f 3254/3254 3255/3255 3256/3256
f 3256/3256 3257/3257 3254/3254
f 3258/3258 3259/3259 3260/3260
f 3259/3259 3261/3261 3260/3260
f 3258/3258 3260/3260 3262/3262
f 3262/3262 3260/3260 3263/3263
f 3264/3264 3265/3265 3266/3266
f 3267/3267 3265/3265 3264/3264
f 3268/3268 3269/3269 3266/3266
f 3270/3270 3271/3271 3272/3272
f 3270/3270 3273/3273 3271/3271
f 3274/3274 3275/3275 3276/3276
f 3277/3277 3276/3276 3278/3278
f 3277/3277 3278/3278 3279/3279
f 3280/3280 3281/3281 3274/3274
f 3279/3279 3281/3281 3280/3280
f 3282/3282 3281/3281 3279/3279
f 3283/3283 3284/3284 3285/3285
f 3286/3286 3287/3287 3283/3283
f 3288/3288 1144/1144 3289/3289
f 1144/1144 3288/3288 3290/3290
f 3290/3290 3288/3288 3289/3289
f 1144/1144 3291/3291 3289/3289
f 3290/3290 3289/3289 3292/3292
f 3291/3291 3292/3292 3289/3289
f 3293/3293 3294/3294 3295/3295
f 3296/3296 3294/3294 3293/3293
f 3297/3297 3298/3298 3299/3299
f 3298/3298 3300/3300 3299/3299
f 3300/3300 3298/3298 3301/3301
f 3302/3302 3303/3303 3304/3304
f 3304/3304 3303/3303 3305/3305
f 3306/3306 3302/3302 3304/3304
f 3307/3307 3308/3308 3309/3309
f 3310/3310 3311/3311 3307/3307
f 3310/3310 3312/3312 3311/3311
f 3313/3313 3314/3314 3315/3315
f 3313/3313 3316/3316 3314/3314
f 3317/3317 3318/3318 3319/3319
f 3319/3319 3318/3318 3320/3320
f 3321/3321 3322/3322 3323/3323
f 3324/3324 3325/3325 3326/3326
f 3324/3324 3326/3326 3327/3327
f 3328/3328 3324/3324 3327/3327
f 3329/3329 3330/3330 3331/3331
f 3329/3329 3331/3331 3332/3332
f 3333/3333 3334/3334 3335/3335
f 3336/3336 3333/3333 3335/3335
f 3336/3336 3335/3335 3337/3337
f 3338/3338 3339/3339 3340/3340
f 3338/3338 3340/3340 3341/3341
f 3342/3342 3343/3343 3344/3344
f 3342/3342 3344/3344 3345/3345
f 3346/3346 3342/3342 3345/3345
f 3347/3347 3342/3342 3346/3346
f 3348/3348 3349/3349 3350/3350
f 3349/3349 3348/3348 3351/3351
f 3352/3352 3353/3353 3354/3354
f 3355/3355 3353/3353 3352/3352
f 3356/3356 3357/3357 3358/3358
f 3359/3359 3356/3356 3360/3360
f 3358/3358 3357/3357 3361/3361
f 3362/3362 3361/3361 3357/3357
f 3357/3357 3363/3363 3362/3362
f 3364/3364 3363/3363 3365/3365
f 3366/3366 3367/3367 3368/3368
f 3369/3369 3367/3367 3366/3366
f 3370/3370 3367/3367 3369/3369
f 3371/3371 3372/3372 3373/3373
f 3372/3372 3371/3371 3374/3374
f 3375/3375 3376/3376 3377/3377
f 3377/3377 3376/3376 3378/3378
f 3379/3379 3380/3380 3381/3381
f 3382/3382 3380/3380 3379/3379
f 3381/3381 3383/3383 3379/3379
f 3384/3384 3385/3385 3386/3386
f 3384/3384 3387/3387 3385/3385
f 3388/3388 3386/3386 3385/3385
f 3389/3389 3390/3390 3387/3387
f 3388/3388 3390/3390 3389/3389
f 3388/3388 3389/3389 3391/3391
f 3392/3392 3391/3391 3389/3389
f 3391/3391 3393/3393 3388/3388
f 3391/3391 3392/3392 3393/3393
f 3394/3394 3395/3395 3396/3396
f 3394/3394 3396/3396 3397/3397
f 3397/3397 3396/3396 3398/3398
f 3399/3399 3395/3395 3394/3394
f 3399/3399 3400/3400 3395/3395
f 3401/3401 3400/3400 3399/3399
f 3401/3401 3402/3402 3400/3400
f 3402/3402 3401/3401 3403/3403
f 3402/3402 3403/3403 3404/3404
f 3404/3404 3403/3403 3405/3405
f 3404/3404 3405/3405 3406/3406
f 3406/3406 3405/3405 3407/3407
f 3407/3407 3405/3405 3408/3408
f 3409/3409 3410/3410 3411/3411
f 3412/3412 3410/3410 3409/3409
f 3413/3413 3414/3414 3415/3415
f 3416/3416 3417/3417 3418/3418
f 3419/3419 3416/3416 3420/3420
f 3421/3421 3422/3422 3423/3423
f 3424/3424 3422/3422 3425/3425
f 3426/3426 3427/3427 3428/3428
f 3428/3428 3427/3427 3429/3429
f 3430/3430 3431/3431 3432/3432
f 3433/3433 3434/3434 3431/3431
f 3430/3430 3435/3435 3431/3431
f 3436/3436 3435/3435 3430/3430
f 3436/3436 3437/3437 3435/3435
f 3438/3438 3436/3436 3439/3439
f 3440/3440 3441/3441 3442/3442
f 3443/3443 3441/3441 3440/3440
f 3441/3441 3440/3440 3444/3444
f 3444/3444 3440/3440 3445/3445
f 3446/3446 3447/3447 3448/3448
f 3449/3449 3448/3448 3447/3447
f 3450/3450 3451/3451 3452/3452
f 3453/3453 3451/3451 3450/3450
f 3454/3454 3455/3455 3456/3456
f 3457/3457 3455/3455 3454/3454
f 3455/3455 3457/3457 3458/3458
f 3459/3459 3460/3460 3461/3461
f 3462/3462 3460/3460 3459/3459
f 3463/3463 3464/3464 3465/3465
f 3464/3464 3466/3466 3465/3465
f 3467/3467 3466/3466 3464/3464
f 3468/3468 3469/3469 3470/3470
f 3468/3468 3471/3471 3472/3472
f 3473/3473 3474/3474 3475/3475
f 3476/3476 3477/3477 3478/3478
f 3479/3479 3477/3477 3476/3476
f 3480/3480 3481/3481 3482/3482
f 3480/3480 3482/3482 3483/3483
f 3481/3481 3480/3480 3484/3484
f 3485/3485 3484/3484 3480/3480
f 3486/3486 3487/3487 3488/3488
f 3489/3489 3486/3486 3488/3488
f 3490/3490 3486/3486 3489/3489
f 3491/3491 3492/3492 3493/3493
f 3494/3494 3493/3493 3492/3492
f 3495/3495 3493/3493 3494/3494
f 3496/3496 3497/3497 3498/3498
f 3497/3497 3496/3496 3499/3499
f 3500/3500 3501/3501 3502/3502
f 3502/3502 3503/3503 3500/3500
f 3504/3504 3505/3505 3506/3506
f 3506/3506 3507/3507 3508/3508
f 3509/3509 3510/3510 3507/3507
f 3511/3511 3512/3512 3513/3513
f 3512/3512 3511/3511 3514/3514
f 3515/3515 3516/3516 3517/3517
f 3515/3515 3517/3517 3518/3518
f 3519/3519 3516/3516 3515/3515
f 3520/3520 3516/3516 3519/3519
f 3521/3521 3522/3522 3523/3523
f 3521/3521 3523/3523 3524/3524
f 3524/3524 3523/3523 3525/3525
f 3526/3526 3527/3527 3528/3528
f 3528/3528 3529/3529 3530/3530
f 3531/3531 3532/3532 3533/3533
f 3533/3533 3532/3532 3534/3534
f 3535/3535 3536/3536 3537/3537
f 3538/3538 3539/3539 3537/3537
f 3540/3540 3541/3541 3542/3542
f 3543/3543 3541/3541 3540/3540
f 3543/3543 3544/3544 3541/3541
f 3545/3545 3546/3546 3547/3547
f 3547/3547 3548/3548 3545/3545
f 3549/3549 3550/3550 3551/3551
f 3552/3552 3553/3553 3554/3554
f 3555/3555 3556/3556 3554/3554
f 3557/3557 3558/3558 3559/3559
f 3559/3559 3558/3558 3560/3560
f 3561/3561 3562/3562 3563/3563
f 3564/3564 3565/3565 3566/3566
f 3567/3567 3568/3568 3569/3569
f 3568/3568 3567/3567 3570/3570
f 3568/3568 3570/3570 3571/3571
f 3572/3572 3573/3573 3574/3574
f 3573/3573 3575/3575 3574/3574
f 3572/3572 3576/3576 3577/3577
f 3578/3578 3576/3576 3572/3572
f 3579/3579 3580/3580 3581/3581
f 3579/3579 3581/3581 3582/3582
f 3581/3581 3583/3583 3582/3582
f 3584/3584 3585/3585 3586/3586
f 3585/3585 3587/3587 3588/3588
f 3589/3589 3590/3590 3591/3591
f 3591/3591 3590/3590 3592/3592
f 3593/3593 3594/3594 3595/3595
f 3596/3596 3594/3594 3597/3597
f 3598/3598 3594/3594 3596/3596
f 3598/3598 3599/3599 3594/3594
f 3600/3600 3599/3599 3598/3598
f 3601/3601 3602/3602 3603/3603
f 3603/3603 3602/3602 3604/3604
f 3605/3605 3606/3606 3607/3607
f 3608/3608 3609/3609 3610/3610
f 3609/3609 3608/3608 3611/3611
f 3612/3612 3609/3609 3608/3608
f 3612/3612 3613/3613 3609/3609
f 3614/3614 3615/3615 3616/3616
f 3617/3617 3615/3615 3614/3614
f 3618/3618 3619/3619 3620/3620
f 3618/3618 3621/3621 3619/3619
f 3622/3622 3623/3623 3624/3624
f 3623/3623 3622/3622 3625/3625
f 3626/3626 3627/3627 3628/3628
f 3629/3629 3628/3628 3627/3627
f 3630/3630 3631/3631 3632/3632
f 3630/3630 3633/3633 3631/3631
f 3634/3634 3635/3635 3636/3636
f 3637/3637 3636/3636 3635/3635
f 3638/3638 3639/3639 3640/3640
f 3638/3638 3641/3641 3639/3639
f 3642/3642 3643/3643 3644/3644
f 3645/3645 3646/3646 3647/3647
f 3647/3647 3646/3646 3648/3648
f 3649/3649 3650/3650 3651/3651
f 3652/3652 3650/3650 3649/3649
f 3653/3653 3654/3654 3655/3655
f 3656/3656 3657/3657 3658/3658
f 3659/3659 3660/3660 3661/3661
f 3662/3662 3663/3663 3664/3664
f 3665/3665 3663/3663 3662/3662
f 3662/3662 3664/3664 3666/3666
f 3666/3666 3664/3664 3667/3667
f 3668/3668 3669/3669 3670/3670
f 3671/3671 3669/3669 3668/3668
f 3669/3669 3671/3671 3672/3672
f 3669/3669 3672/3672 3673/3673
f 3674/3674 3675/3675 3676/3676
f 3674/3674 3677/3677 3675/3675
f 3676/3676 3675/3675 3678/3678
f 3676/3676 3678/3678 3679/3679
f 3680/3680 3681/3681 3682/3682
f 3680/3680 3683/3683 3681/3681
f 3681/3681 3684/3684 3682/3682
f 3685/3685 3684/3684 3681/3681
f 3686/3686 3687/3687 3688/3688
f 3689/3689 3686/3686 3688/3688
f 3690/3690 3689/3689 3688/3688
f 3690/3690 3688/3688 3691/3691
f 3690/3690 3691/3691 3692/3692
f 3693/3693 3690/3690 3692/3692
f 3694/3694 3690/3690 3693/3693
f 3695/3695 3690/3690 3694/3694
f 3696/3696 3697/3697 3698/3698
f 3699/3699 3697/3697 3696/3696
f 3696/3696 3698/3698 3700/3700
f 3700/3700 3698/3698 3701/3701
f 3702/3702 3703/3703 3704/3704
f 3705/3705 3703/3703 3702/3702
f 3703/3703 3705/3705 3706/3706
f 3703/3703 3706/3706 3707/3707
f 3707/3707 3706/3706 3708/3708
f 3707/3707 3708/3708 3709/3709
f 3710/3710 3711/3711 3712/3712
f 3710/3710 3713/3713 3711/3711
f 3712/3712 3711/3711 3714/3714
f 3712/3712 3714/3714 3715/3715
f 3716/3716 3717/3717 3718/3718
f 3716/3716 3719/3719 3717/3717
f 3717/3717 3720/3720 3718/3718
f 3721/3721 3720/3720 3717/3717
f 3721/3721 3722/3722 3720/3720
f 3723/3723 3722/3722 3721/3721
f 3724/3724 3725/3725 3726/3726
f 3725/3725 3727/3727 3726/3726
f 3725/3725 3728/3728 3727/3727
f 3729/3729 3728/3728 3725/3725
f 3730/3730 3729/3729 3725/3725
f 3731/3731 3730/3730 3725/3725
f 3732/3732 3730/3730 3731/3731
f 3733/3733 3730/3730 3732/3732
f 3734/3734 3735/3735 3736/3736
f 3734/3734 3737/3737 3735/3735
f 3738/3738 3734/3734 3736/3736
f 3734/3734 3739/3739 3737/3737
f 3738/3738 3736/3736 3740/3740
f 3739/3739 3741/3741 3737/3737
f 3736/3736 3742/3742 3740/3740
f 3737/3737 3741/3741 3743/3743
f 3742/3742 3744/3744 3740/3740
f 3741/3741 3745/3745 3743/3743
f 3740/3740 3744/3744 3746/3746
f 3743/3743 3745/3745 3747/3747
f 3744/3744 3748/3748 3746/3746
f 3747/3747 3745/3745 3749/3749
f 3746/3746 3748/3748 3750/3750
f 3749/3749 3745/3745 3751/3751
f 3748/3748 3752/3752 3750/3750
f 3749/3749 3751/3751 3752/3752
f 3748/3748 3753/3753 3752/3752
f 3753/3753 3749/3749 3752/3752
f 3754/3754 3755/3755 3756/3756
f 3757/3757 3755/3755 3754/3754
f 3754/3754 3756/3756 3758/3758
f 3758/3758 3756/3756 3759/3759
f 3760/3760 3761/3761 3762/3762
f 3763/3763 3761/3761 3760/3760
f 3760/3760 3762/3762 3764/3764
f 3764/3764 3762/3762 3765/3765
f 3766/3766 3764/3764 3765/3765
f 3766/3766 3767/3767 3764/3764
f 3768/3768 3769/3769 3770/3770
f 3768/3768 3771/3771 3769/3769
f 3772/3772 3771/3771 3768/3768
f 3772/3772 3773/3773 3771/3771
f 3774/3774 3775/3775 3776/3776
f 3774/3774 3777/3777 3775/3775
f 3778/3778 3777/3777 3774/3774
f 3778/3778 3779/3779 3777/3777
f 3779/3779 3778/3778 3780/3780
f 3780/3780 3778/3778 3781/3781
f 3782/3782 3783/3783 3784/3784
f 3784/3784 3783/3783 3785/3785
f 3786/3786 3782/3782 3784/3784
f 3787/3787 3784/3784 3785/3785
f 3788/3788 3782/3782 3786/3786
f 3789/3789 3787/3787 3785/3785
f 3790/3790 3782/3782 3788/3788
f 3789/3789 3785/3785 3791/3791
f 3792/3792 3790/3790 3788/3788
f 3789/3789 3791/3791 3793/3793
f 3792/3792 3788/3788 3794/3794
f 3795/3795 3789/3789 3793/3793
f 3796/3796 3792/3792 3794/3794
f 3797/3797 3795/3795 3793/3793
f 3796/3796 3794/3794 3798/3798
f 3799/3799 3795/3795 3797/3797
f 3796/3796 3798/3798 3800/3800
f 3800/3800 3799/3799 3797/3797
f 3796/3796 3800/3800 3801/3801
f 3801/3801 3800/3800 3797/3797
f 3802/3802 3803/3803 3804/3804
f 3805/3805 3803/3803 3802/3802
f 3802/3802 3804/3804 3806/3806
f 3806/3806 3804/3804 3807/3807
f 3808/3808 3809/3809 3810/3810
f 3811/3811 3809/3809 3808/3808
f 3808/3808 3810/3810 3812/3812
f 3812/3812 3810/3810 3813/3813
f 3814/3814 3812/3812 3813/3813
f 3814/3814 3815/3815 3812/3812
f 3816/3816 3817/3817 3818/3818
f 3816/3816 3819/3819 3817/3817
f 3820/3820 3819/3819 3816/3816
f 3820/3820 3821/3821 3819/3819
f 3822/3822 3823/3823 3824/3824
f 3822/3822 3825/3825 3823/3823
f 3826/3826 3825/3825 3822/3822
f 3826/3826 3827/3827 3825/3825
f 3827/3827 3826/3826 3828/3828
f 3828/3828 3826/3826 3829/3829
f 3830/3830 3831/3831 3832/3832
f 3833/3833 3831/3831 3830/3830
f 3830/3830 3832/3832 3834/3834
f 3833/3833 3835/3835 3831/3831
f 3832/3832 3836/3836 3834/3834
f 3837/3837 3835/3835 3833/3833
f 3834/3834 3836/3836 3838/3838
f 3837/3837 3839/3839 3835/3835
f 3834/3834 3838/3838 3840/3840
f 3835/3835 3839/3839 3841/3841
f 3838/3838 3842/3842 3840/3840
f 3841/3841 3839/3839 3843/3843
f 3840/3840 3842/3842 3844/3844
f 3841/3841 3843/3843 3845/3845
f 3842/3842 3846/3846 3844/3844
f 3845/3845 3843/3843 3847/3847
f 3848/3848 3846/3846 3842/3842
f 3848/3848 3847/3847 3846/3846
f 3847/3847 3843/3843 3849/3849
f 3847/3847 3849/3849 3846/3846
f 3850/3850 3851/3851 3852/3852
f 3853/3853 3851/3851 3850/3850
f 3850/3850 3852/3852 3854/3854
f 3850/3850 3854/3854 3855/3855
f 3856/3856 3857/3857 3858/3858
f 3859/3859 3856/3856 3858/3858
f 3858/3858 3857/3857 3860/3860
f 3857/3857 3861/3861 3860/3860
f 3861/3861 3862/3862 3860/3860
f 3862/3862 3863/3863 3860/3860
f 3864/3864 3865/3865 3866/3866
f 3867/3867 3865/3865 3864/3864
f 3867/3867 3868/3868 3865/3865
f 3868/3868 3869/3869 3865/3865
f 3870/3870 3871/3871 3872/3872
f 3873/3873 3870/3870 3872/3872
f 3874/3874 3870/3870 3873/3873
f 3875/3875 3870/3870 3874/3874
f 3875/3875 3874/3874 3876/3876
f 3877/3877 3875/3875 3876/3876
f 3878/3878 3879/3879 3880/3880
f 3881/3881 3879/3879 3878/3878
f 3878/3878 3880/3880 3882/3882
f 3881/3881 3883/3883 3879/3879
f 3880/3880 3884/3884 3882/3882
f 3883/3883 3885/3885 3879/3879
f 3882/3882 3884/3884 3886/3886
f 3883/3883 3887/3887 3885/3885
f 3882/3882 3886/3886 3888/3888
f 3885/3885 3887/3887 3889/3889
f 3886/3886 3890/3890 3888/3888
f 3889/3889 3887/3887 3891/3891
f 3888/3888 3890/3890 3892/3892
f 3889/3889 3891/3891 3893/3893
f 3890/3890 3894/3894 3892/3892
f 3893/3893 3891/3891 3895/3895
f 3896/3896 3894/3894 3890/3890
f 3896/3896 3895/3895 3894/3894
f 3895/3895 3891/3891 3897/3897
f 3895/3895 3897/3897 3894/3894
f 3898/3898 3899/3899 3900/3900
f 3901/3901 3899/3899 3898/3898
f 3898/3898 3900/3900 3902/3902
f 3898/3898 3902/3902 3903/3903
f 3904/3904 3905/3905 3906/3906
f 3907/3907 3904/3904 3906/3906
f 3906/3906 3905/3905 3908/3908
f 3905/3905 3909/3909 3908/3908
f 3909/3909 3910/3910 3908/3908
f 3910/3910 3911/3911 3908/3908
f 3912/3912 3913/3913 3914/3914
f 3915/3915 3913/3913 3912/3912
f 3915/3915 3916/3916 3913/3913
f 3916/3916 3917/3917 3913/3913
f 3918/3918 3919/3919 3920/3920
f 3921/3921 3918/3918 3920/3920
f 3922/3922 3918/3918 3921/3921
f 3923/3923 3922/3922 3921/3921
f 3922/3922 3923/3923 3924/3924
f 3925/3925 3922/3922 3924/3924
f 3926/3926 3927/3927 3928/3928
f 3928/3928 3927/3927 3929/3929
f 3930/3930 3926/3926 3928/3928
f 3931/3931 3928/3928 3929/3929
f 3932/3932 3926/3926 3930/3930
f 3931/3931 3929/3929 3933/3933
f 3932/3932 3934/3934 3926/3926
f 3935/3935 3931/3931 3933/3933
f 3936/3936 3934/3934 3932/3932
f 3937/3937 3935/3935 3933/3933
f 3936/3936 3932/3932 3938/3938
f 3937/3937 3933/3933 3939/3939
f 3936/3936 3938/3938 3940/3940
f 3941/3941 3937/3937 3939/3939
f 3940/3940 3938/3938 3942/3942
f 3943/3943 3941/3941 3939/3939
f 3940/3940 3942/3942 3944/3944
f 3944/3944 3941/3941 3943/3943
f 3942/3942 3945/3945 3944/3944
f 3944/3944 3945/3945 3941/3941
f 3946/3946 3947/3947 3948/3948
f 3948/3948 3947/3947 3949/3949
f 3946/3946 3950/3950 3947/3947
f 3949/3949 3947/3947 3951/3951
f 3950/3950 3952/3952 3947/3947
f 3947/3947 3953/3953 3951/3951
f 3947/3947 3952/3952 3954/3954
f 3947/3947 3954/3954 3953/3953
f 3955/3955 3956/3956 3957/3957
f 3956/3956 3958/3958 3957/3957
f 3959/3959 3955/3955 3957/3957
f 3958/3958 3960/3960 3957/3957
f 3959/3959 3957/3957 3961/3961
f 3957/3957 3960/3960 3961/3961
f 3962/3962 3959/3959 3961/3961
f 3960/3960 3963/3963 3961/3961
f 3964/3964 3962/3962 3961/3961
f 3963/3963 3965/3965 3961/3961
f 3966/3966 3964/3964 3961/3961
f 3965/3965 3966/3966 3961/3961
f 3967/3967 3968/3968 3969/3969
f 3967/3967 3970/3970 3968/3968
f 3971/3971 3967/3967 3969/3969
f 3972/3972 3970/3970 3967/3967
f 3973/3973 3967/3967 3971/3971
f 3974/3974 3972/3972 3967/3967
f 3973/3973 3975/3975 3967/3967
f 3975/3975 3974/3974 3967/3967
f 3976/3976 3977/3977 3978/3978
f 3979/3979 3976/3976 3978/3978
f 3976/3976 3979/3979 3980/3980
f 3981/3981 3976/3976 3980/3980
f 3976/3976 3982/3982 3977/3977
f 3983/3983 3976/3976 3981/3981
f 3976/3976 3984/3984 3982/3982
f 3984/3984 3976/3976 3983/3983
f 3982/3982 3984/3984 3985/3985
f 3984/3984 3983/3983 3986/3986
f 3984/3984 3987/3987 3985/3985
f 3987/3987 3984/3984 3986/3986
f 3988/3988 3989/3989 3990/3990
f 3988/3988 3991/3991 3989/3989
f 3992/3992 3988/3988 3990/3990
f 3993/3993 3991/3991 3988/3988
f 3992/3992 3990/3990 3994/3994
f 3993/3993 3995/3995 3991/3991
f 3990/3990 3996/3996 3994/3994
f 3991/3991 3995/3995 3997/3997
f 3994/3994 3996/3996 3998/3998
f 3997/3997 3995/3995 3999/3999
f 3994/3994 3998/3998 4000/4000
f 3997/3997 3999/3999 4001/4001
f 4000/4000 3998/3998 4002/4002
f 4001/4001 3999/3999 4003/4003
f 3998/3998 4004/4004 4002/4002
f 4003/4003 3999/3999 4005/4005
f 4004/4004 4006/4006 4002/4002
f 4003/4003 4005/4005 4006/4006
f 4007/4007 4006/4006 4004/4004
f 4007/4007 4003/4003 4006/4006
f 4008/4008 4009/4009 4010/4010
f 4011/4011 4009/4009 4008/4008
f 4008/4008 4010/4010 4012/4012
f 4012/4012 4010/4010 4013/4013
f 4009/4009 4014/4014 4010/4010
f 4010/4010 4014/4014 4013/4013
f 4009/4009 4015/4015 4014/4014
f 4013/4013 4014/4014 4016/4016
f 4015/4015 4017/4017 4014/4014
f 4014/4014 4017/4017 4016/4016
f 4015/4015 4018/4018 4017/4017
f 4016/4016 4017/4017 4019/4019
f 4020/4020 4021/4021 4022/4022
f 4023/4023 4021/4021 4020/4020
f 4020/4020 4022/4022 4024/4024
f 4024/4024 4022/4022 4025/4025
f 4026/4026 4024/4024 4025/4025
f 4026/4026 4027/4027 4024/4024
f 4026/4026 4025/4025 4028/4028
f 4025/4025 4022/4022 4028/4028
f 4029/4029 4026/4026 4028/4028
f 4022/4022 4021/4021 4030/4030
f 4022/4022 4030/4030 4028/4028
f 4021/4021 4031/4031 4030/4030
f 4030/4030 4031/4031 4032/4032
f 4028/4028 4030/4030 4032/4032
f 4031/4031 4033/4033 4032/4032
f 4028/4028 4032/4032 4034/4034
f 4029/4029 4028/4028 4034/4034
f 4035/4035 4029/4029 4034/4034
f 4036/4036 4037/4037 4038/4038
f 4036/4036 4039/4039 4037/4037
f 4040/4040 4039/4039 4036/4036
f 4040/4040 4041/4041 4039/4039
f 4042/4042 4036/4036 4038/4038
f 4040/4040 4036/4036 4042/4042
f 4042/4042 4038/4038 4043/4043
f 4044/4044 4040/4040 4042/4042
f 4045/4045 4042/4042 4043/4043
f 4044/4044 4042/4042 4045/4045
f 4045/4045 4043/4043 4046/4046
f 4047/4047 4044/4044 4045/4045
f 4048/4048 4049/4049 4050/4050
f 4048/4048 4051/4051 4049/4049
f 4052/4052 4048/4048 4050/4050
f 4053/4053 4051/4051 4048/4048
f 4052/4052 4053/4053 4048/4048
f 4053/4053 4054/4054 4051/4051
f 4054/4054 4053/4053 4055/4055
f 4056/4056 4052/4052 4050/4050
f 4055/4055 4053/4053 4057/4057
f 4058/4058 4052/4052 4056/4056
f 4059/4059 4058/4058 4056/4056
f 4052/4052 4060/4060 4053/4053
f 4053/4053 4060/4060 4057/4057
f 4058/4058 4060/4060 4052/4052
f 4060/4060 4061/4061 4057/4057
f 4058/4058 4062/4062 4060/4060
f 4060/4060 4062/4062 4061/4061
f 4062/4062 4063/4063 4061/4061
f 4064/4064 4065/4065 4066/4066
f 4066/4066 4065/4065 4067/4067
f 4068/4068 4064/4064 4066/4066
f 4069/4069 4066/4066 4067/4067
f 4070/4070 4064/4064 4068/4068
f 4071/4071 4069/4069 4067/4067
f 4072/4072 4064/4064 4070/4070
f 4071/4071 4067/4067 4073/4073
f 4074/4074 4072/4072 4070/4070
f 4075/4075 4071/4071 4073/4073
f 4074/4074 4070/4070 4076/4076
f 4075/4075 4073/4073 4077/4077
f 4078/4078 4074/4074 4076/4076
f 4079/4079 4075/4075 4077/4077
f 4078/4078 4076/4076 4080/4080
f 4081/4081 4075/4075 4079/4079
f 4078/4078 4080/4080 4082/4082
f 4082/4082 4081/4081 4079/4079
f 4078/4078 4082/4082 4083/4083
f 4083/4083 4082/4082 4079/4079
f 4084/4084 4085/4085 4086/4086
f 4086/4086 4085/4085 4087/4087
f 4084/4084 4088/4088 4085/4085
f 4089/4089 4088/4088 4084/4084
f 4090/4090 4089/4089 4084/4084
f 4088/4088 4091/4091 4085/4085
f 4089/4089 4091/4091 4088/4088
f 4091/4091 4092/4092 4085/4085
f 4089/4089 4093/4093 4091/4091
f 4085/4085 4092/4092 4094/4094
f 4095/4095 4093/4093 4089/4089
f 4096/4096 4085/4085 4094/4094
f 4087/4087 4085/4085 4096/4096
f 4095/4095 4089/4089 4097/4097
f 4097/4097 4089/4089 4090/4090
f 4097/4097 4090/4090 4098/4098
f 4095/4095 4097/4097 4099/4099
f 4097/4097 4098/4098 4100/4100
f 4099/4099 4097/4097 4101/4101
f 4101/4101 4097/4097 4100/4100
f 4099/4099 4101/4101 4102/4102
f 4101/4101 4100/4100 4102/4102
f 4099/4099 4102/4102 4103/4103
f 4100/4100 4104/4104 4102/4102
f 4103/4103 4102/4102 4105/4105
f 4102/4102 4104/4104 4106/4106
f 4102/4102 4107/4107 4105/4105
f 4102/4102 4106/4106 4107/4107
f 4105/4105 4107/4107 4108/4108
f 4107/4107 4106/4106 4108/4108
f 4105/4105 4108/4108 4109/4109
f 4106/4106 4110/4110 4108/4108
f 4108/4108 4111/4111 4109/4109
f 4110/4110 4112/4112 4108/4108
f 4108/4108 4113/4113 4111/4111
f 4112/4112 4113/4113 4108/4108
f 4113/4113 4094/4094 4111/4111
f 4112/4112 4087/4087 4113/4113
f 4096/4096 4094/4094 4113/4113
f 4087/4087 4096/4096 4113/4113
f 4114/4114 4115/4115 4116/4116
f 4117/4117 4115/4115 4114/4114
f 4115/4115 4118/4118 4116/4116
f 4115/4115 4119/4119 4118/4118
f 4114/4114 4116/4116 4120/4120
f 4116/4116 4118/4118 4120/4120
f 4114/4114 4120/4120 4121/4121
f 4120/4120 4118/4118 4122/4122
f 4123/4123 4124/4124 4125/4125
f 4126/4126 4123/4123 4125/4125
f 4124/4124 4123/4123 4127/4127
f 4123/4123 4128/4128 4127/4127
f 4124/4124 4129/4129 4125/4125
f 4129/4129 4124/4124 4127/4127
f 4125/4125 4129/4129 4130/4130
f 4129/4129 4127/4127 4131/4131
f 4129/4129 4132/4132 4130/4130
f 4132/4132 4129/4129 4131/4131
f 4132/4132 4133/4133 4130/4130
f 4134/4134 4132/4132 4131/4131
f 4135/4135 4136/4136 4137/4137
f 4138/4138 4136/4136 4135/4135
f 4138/4138 4139/4139 4136/4136
f 4139/4139 4140/4140 4136/4136
f 4141/4141 4138/4138 4135/4135
f 4139/4139 4138/4138 4141/4141
f 4141/4141 4135/4135 4142/4142
f 4143/4143 4139/4139 4141/4141
f 4144/4144 4145/4145 4146/4146
f 4147/4147 4144/4144 4146/4146
f 4148/4148 4147/4147 4146/4146
f 4149/4149 4148/4148 4146/4146
f 4150/4150 4144/4144 4147/4147
f 4148/4148 4150/4150 4147/4147
f 4151/4151 4144/4144 4150/4150
f 4148/4148 4152/4152 4150/4150
f 4151/4151 4150/4150 4153/4153
f 4150/4150 4152/4152 4153/4153
f 4154/4154 4151/4151 4153/4153
f 4152/4152 4155/4155 4153/4153
f 4156/4156 4157/4157 4158/4158
f 4158/4158 4157/4157 4159/4159
f 4156/4156 4160/4160 4157/4157
f 4161/4161 4158/4158 4159/4159
f 4162/4162 4160/4160 4156/4156
f 4161/4161 4159/4159 4163/4163
f 4162/4162 4164/4164 4160/4160
f 4165/4165 4161/4161 4163/4163
f 4166/4166 4164/4164 4162/4162
f 4165/4165 4163/4163 4167/4167
f 4166/4166 4162/4162 4168/4168
f 4169/4169 4165/4165 4167/4167
f 4166/4166 4168/4168 4170/4170
f 4171/4171 4169/4169 4167/4167
f 4170/4170 4168/4168 4172/4172
f 4171/4171 4173/4173 4169/4169
f 4170/4170 4172/4172 4174/4174
f 4174/4174 4173/4173 4171/4171
f 4170/4170 4174/4174 4175/4175
f 4175/4175 4174/4174 4171/4171
f 4176/4176 4177/4177 4178/4178
f 4179/4179 4177/4177 4176/4176
f 4176/4176 4178/4178 4180/4180
f 4180/4180 4178/4178 4181/4181
f 4182/4182 4183/4183 4184/4184
f 4185/4185 4183/4183 4182/4182
f 4182/4182 4184/4184 4186/4186
f 4186/4186 4184/4184 4187/4187
f 4188/4188 4186/4186 4187/4187
f 4188/4188 4189/4189 4186/4186
f 4190/4190 4191/4191 4192/4192
f 4190/4190 4193/4193 4191/4191
f 4194/4194 4193/4193 4190/4190
f 4194/4194 4195/4195 4193/4193
f 4196/4196 4197/4197 4198/4198
f 4196/4196 4199/4199 4197/4197
f 4200/4200 4199/4199 4196/4196
f 4200/4200 4201/4201 4199/4199
f 4201/4201 4200/4200 4202/4202
f 4202/4202 4200/4200 4203/4203
f 4204/4204 4205/4205 4206/4206
f 4204/4204 4207/4207 4205/4205
f 4208/4208 4204/4204 4206/4206
f 4209/4209 4207/4207 4204/4204
f 4208/4208 4206/4206 4210/4210
f 4209/4209 4211/4211 4207/4207
f 4206/4206 4212/4212 4210/4210
f 4207/4207 4211/4211 4213/4213
f 4210/4210 4212/4212 4214/4214
f 4213/4213 4211/4211 4215/4215
f 4210/4210 4214/4214 4216/4216
f 4211/4211 4217/4217 4215/4215
f 4214/4214 4218/4218 4216/4216
f 4215/4215 4217/4217 4219/4219
f 4216/4216 4218/4218 4220/4220
f 4219/4219 4217/4217 4221/4221
f 4218/4218 4222/4222 4220/4220
f 4219/4219 4221/4221 4222/4222
f 4223/4223 4222/4222 4218/4218
f 4223/4223 4219/4219 4222/4222
f 4224/4224 4225/4225 4226/4226
f 4227/4227 4225/4225 4224/4224
f 4224/4224 4226/4226 4228/4228
f 4224/4224 4228/4228 4229/4229
f 4230/4230 4231/4231 4232/4232
f 4233/4233 4230/4230 4232/4232
f 4231/4231 4234/4234 4232/4232
f 4232/4232 4234/4234 4235/4235
f 4234/4234 4236/4236 4235/4235
f 4236/4236 4237/4237 4235/4235
f 4238/4238 4239/4239 4240/4240
f 4241/4241 4239/4239 4238/4238
f 4241/4241 4242/4242 4239/4239
f 4242/4242 4243/4243 4239/4239
f 4244/4244 4245/4245 4246/4246
f 4247/4247 4244/4244 4246/4246
f 4248/4248 4244/4244 4247/4247
f 4249/4249 4244/4244 4248/4248
f 4249/4249 4248/4248 4250/4250
f 4251/4251 4249/4249 4250/4250
f 4252/4252 4253/4253 4254/4254
f 4252/4252 4255/4255 4253/4253
f 4256/4256 4252/4252 4254/4254
f 4257/4257 4255/4255 4252/4252
f 4256/4256 4254/4254 4258/4258
f 4257/4257 4259/4259 4255/4255
f 4254/4254 4260/4260 4258/4258
f 4255/4255 4259/4259 4261/4261
f 4258/4258 4260/4260 4262/4262
f 4261/4261 4259/4259 4263/4263
f 4258/4258 4262/4262 4264/4264
f 4261/4261 4263/4263 4265/4265
f 4264/4264 4262/4262 4266/4266
f 4265/4265 4263/4263 4267/4267
f 4262/4262 4268/4268 4266/4266
f 4267/4267 4263/4263 4269/4269
f 4268/4268 4270/4270 4266/4266
f 4267/4267 4269/4269 4270/4270
f 4271/4271 4270/4270 4268/4268
f 4271/4271 4267/4267 4270/4270
f 4272/4272 4273/4273 4274/4274
f 4275/4275 4273/4273 4272/4272
f 4272/4272 4274/4274 4276/4276
f 4276/4276 4274/4274 4277/4277
f 4278/4278 4279/4279 4280/4280
f 4281/4281 4279/4279 4278/4278
f 4278/4278 4280/4280 4282/4282
f 4282/4282 4280/4280 4283/4283
f 4284/4284 4282/4282 4283/4283
f 4284/4284 4285/4285 4282/4282
f 4286/4286 4287/4287 4288/4288
f 4286/4286 4289/4289 4287/4287
f 4290/4290 4289/4289 4286/4286
f 4290/4290 4291/4291 4289/4289
f 4292/4292 4293/4293 4294/4294
f 4292/4292 4295/4295 4293/4293
f 4296/4296 4295/4295 4292/4292
f 4296/4296 4297/4297 4295/4295
f 4297/4297 4296/4296 4298/4298
f 4298/4298 4296/4296 4299/4299
f 4300/4300 4301/4301 4302/4302
f 4303/4303 4301/4301 4300/4300
f 4300/4300 4302/4302 4304/4304
f 4303/4303 4305/4305 4301/4301
f 4302/4302 4306/4306 4304/4304
f 4307/4307 4305/4305 4303/4303
f 4304/4304 4306/4306 4308/4308
f 4307/4307 4309/4309 4305/4305
f 4304/4304 4308/4308 4310/4310
f 4305/4305 4309/4309 4311/4311
f 4310/4310 4308/4308 4312/4312
f 4311/4311 4309/4309 4313/4313
f 4308/4308 4314/4314 4312/4312
f 4311/4311 4313/4313 4315/4315
f 4314/4314 4316/4316 4312/4312
f 4315/4315 4313/4313 4317/4317
f 4318/4318 4316/4316 4314/4314
f 4318/4318 4317/4317 4316/4316
f 4317/4317 4313/4313 4319/4319
f 4317/4317 4319/4319 4316/4316
f 4320/4320 4321/4321 4322/4322
f 4323/4323 4321/4321 4320/4320
f 4320/4320 4322/4322 4324/4324
f 4320/4320 4324/4324 4325/4325
f 4326/4326 4327/4327 4328/4328
f 4329/4329 4326/4326 4328/4328
f 4327/4327 4330/4330 4328/4328
f 4328/4328 4330/4330 4331/4331
f 4330/4330 4332/4332 4331/4331
f 4332/4332 4333/4333 4331/4331
f 4334/4334 4335/4335 4336/4336
f 4337/4337 4335/4335 4334/4334
f 4337/4337 4338/4338 4335/4335
f 4338/4338 4339/4339 4335/4335
f 4340/4340 4341/4341 4342/4342
f 4343/4343 4340/4340 4342/4342
f 4344/4344 4340/4340 4343/4343
f 4345/4345 4344/4344 4343/4343
f 4344/4344 4345/4345 4346/4346
f 4347/4347 4344/4344 4346/4346
