# Perseverance visual mesh from JPL ops GLTF
mtllib rover.mtl
usemtl rover
v -0.035440 -0.031855 0.191184
v -0.107240 -0.030367 0.154498
v -0.110810 -0.032066 0.191143
v -0.034240 -0.028517 0.154499
v 0.117390 -0.033619 0.207417
v -0.112730 -0.033230 0.206723
v -0.019160 -0.031696 0.191080
v -0.031120 -0.019318 0.160468
v -0.033500 -0.017960 0.191108
v -0.016860 -0.029950 0.160468
v -0.011060 -0.023126 0.152467
v -0.017210 -0.024643 0.152467
v -0.008060 -0.028388 0.160468
v 0.017630 -0.032355 0.191220
v 0.009310 -0.028713 0.160468
v 0.038670 -0.033078 0.189797
v 0.118400 -0.036084 0.191774
v 0.119570 -0.038800 0.207088
v 0.128180 -0.042678 0.207338
v 0.128250 -0.042878 0.191308
v 0.017230 -0.032334 0.160468
v 0.031680 -0.018968 0.190942
v 0.031140 -0.019424 0.160468
v 0.010240 -0.024507 0.152467
v 0.016880 -0.026709 0.152467
v 0.017420 -0.024456 0.160468
v 0.020510 -0.019890 0.152467
v -0.067400 -0.000372 0.152467
v -0.013640 -0.013271 0.152235
v -0.082990 -0.058245 0.158436
v -0.089890 -0.038116 0.154616
v -0.091170 -0.019385 0.153615
v -0.115140 -0.025754 0.152538
v -0.082070 -0.059373 0.152467
v -0.094340 -0.067920 0.152597
v -0.085830 -0.065946 0.152467
v -0.078560 -0.085865 0.152546
v -0.080040 -0.072586 0.152467
v -0.045770 -0.046940 0.154041
v -0.064700 -0.070914 0.152467
v -0.075680 -0.065319 0.152467
v -0.048110 -0.081817 0.152467
v -0.047500 -0.063801 0.152467
v -0.051750 -0.104482 0.152597
v -0.044910 -0.092717 0.152467
v -0.045460 -0.100462 0.152467
v -0.036700 -0.099801 0.152467
v -0.035610 -0.090011 0.152467
v -0.007930 -0.116941 0.152541
v -0.027950 -0.095418 0.158436
v -0.028520 -0.059051 0.158436
v -0.028010 -0.095772 0.152467
v 0.043900 -0.108462 0.152654
v -0.027560 -0.059560 0.152467
v 0.070520 -0.092268 0.152531
v -0.040010 -0.057671 0.152467
v -0.043540 -0.055547 0.160468
v -0.036470 -0.054582 0.160468
v -0.042700 -0.051352 0.152467
v -0.036150 -0.052389 0.152467
v -0.017210 -0.024643 0.152467
v -0.013970 -0.020665 0.160468
v -0.016860 -0.029950 0.160468
v -0.011060 -0.023126 0.152467
v 0.000460 -0.025352 0.152467
v -0.002720 -0.019895 0.152337
v 0.010240 -0.024507 0.152467
v -0.003220 -0.021742 0.160041
v 0.000880 -0.022286 0.159624
v 0.016880 -0.026709 0.152467
v 0.013870 -0.013375 0.152256
v 0.020510 -0.019890 0.152467
v 0.046970 -0.057386 0.153921
v 0.098740 -0.060862 0.154365
v 0.035260 -0.015847 0.152775
v 0.018490 -0.005324 0.152242
v 0.025320 -0.003553 0.152467
v 0.031260 -0.001244 0.152467
v 0.034240 0.014991 0.152823
v 0.025670 0.003057 0.152467
v 0.017070 0.023029 0.152467
v 0.013810 0.012898 0.152139
v 0.039750 0.050452 0.153584
v 0.007490 0.029222 0.152467
v 0.010180 0.022184 0.152467
v 0.010740 0.025439 0.160468
v 0.015030 0.020181 0.160468
v -0.011230 0.026404 0.152467
v -0.003630 0.018867 0.152308
v 0.030980 0.066374 0.152467
v 0.047520 0.057318 0.154226
v 0.098720 0.061003 0.154272
v 0.005590 0.045831 0.152467
v -0.001750 0.037725 0.152467
v -0.016080 0.089936 0.152502
v -0.005580 0.047806 0.152467
v 0.057330 0.073309 0.154570
v 0.053750 0.087793 0.152603
v 0.078070 0.086194 0.152622
v 0.062280 0.094264 0.152658
v -0.008330 0.052319 0.152467
v -0.012290 0.044707 0.152467
v -0.018670 0.048916 0.152467
v -0.019490 0.041437 0.152467
v -0.030200 0.047996 0.155378
v -0.026000 0.073667 0.156445
v -0.031950 0.074099 0.153348
v -0.021000 0.097005 0.152670
v -0.032690 0.111653 0.152628
v -0.042790 0.094225 0.152467
v -0.049900 0.101240 0.152515
v -0.049380 0.088431 0.152467
v -0.054310 0.094050 0.152467
v -0.067700 0.094607 0.152550
v -0.054520 0.078124 0.154962
v -0.089930 0.072992 0.152466
v -0.069720 0.065042 0.152467
v -0.084730 0.065709 0.152467
v -0.091050 0.059610 0.152467
v -0.084150 0.054898 0.152467
v -0.112200 0.028959 0.152569
v -0.052050 0.059881 0.155100
v -0.069660 0.065971 0.158436
v -0.046640 0.051405 0.152467
v -0.040590 0.049689 0.152467
v -0.052550 0.038304 0.152467
v -0.052990 0.044156 0.154667
v -0.015640 0.022042 0.152467
v -0.086040 0.051727 0.158436
v -0.053340 0.037055 0.158436
v -0.089000 0.037508 0.154897
v -0.013470 0.013345 0.152214
v -0.024420 0.000246 0.152467
v -0.018340 -0.006475 0.152235
v -0.030290 -0.000673 0.152467
v -0.091270 0.019424 0.153410
v -0.084480 0.056629 0.160468
v -0.094000 0.061375 0.160468
v 0.032050 -0.113761 0.190828
v -0.007930 -0.116941 0.152541
v 0.043900 -0.108462 0.152654
v -0.028740 -0.114091 0.190824
v 0.072960 -0.091336 0.190903
v 0.070520 -0.092268 0.152531
v -0.051750 -0.104482 0.152597
v -0.069780 -0.094174 0.190953
v -0.078560 -0.085865 0.152546
v 0.097180 -0.099918 0.192296
v 0.089560 -0.097134 0.193097
v -0.040120 0.087060 0.207340
v -0.014270 0.085703 0.207296
v 0.060770 0.092031 0.207272
v -0.019300 0.082544 0.207263
v -0.023160 0.079289 0.207812
v 0.066680 0.085841 0.207339
v 0.065110 0.097630 0.207542
v 0.095530 0.071100 0.207498
v 0.087310 0.070621 0.207198
v 0.102030 0.055277 0.207353
v 0.083330 0.061748 0.207198
v 0.039650 0.057959 0.207881
v 0.106020 0.037818 0.197551
v 0.098540 0.056861 0.197551
v 0.108590 0.039535 0.207468
v 0.041800 0.056683 0.197552
v 0.041590 0.036685 0.197552
v 0.037450 0.037895 0.207580
v 0.117400 0.033550 0.207374
v 0.117550 0.038632 0.206988
v 0.011350 0.035086 0.207389
v 0.010700 0.043603 0.207782
v -0.000690 0.040541 0.207915
v 0.003210 0.049330 0.207901
v -0.009740 0.033832 0.207602
v -0.005170 0.050839 0.207872
v -0.011360 0.050939 0.207625
v -0.026020 0.039578 0.207275
v -0.034110 0.034283 0.207777
v -0.019970 0.054846 0.207182
v 0.126860 0.041345 0.207310
v 0.128240 0.070366 0.207361
v 0.122280 0.069731 0.207287
v 0.115250 0.084280 0.207562
v 0.081720 0.135636 0.207216
v 0.082160 0.139224 0.205859
v 0.066150 0.127743 0.207814
v 0.078170 0.145451 0.201935
v 0.075290 0.138023 0.202400
v 0.073590 0.142099 0.196853
v 0.079680 0.143460 0.197469
v -0.064650 -0.116814 0.191202
v -0.028740 -0.114091 0.190824
v 0.032050 -0.113761 0.190828
v -0.069780 -0.094174 0.190953
v -0.065980 -0.133918 0.191300
v -0.087360 -0.112087 0.192321
v -0.068740 -0.123392 0.191202
v -0.097540 -0.109824 0.193021
v 0.064350 -0.116907 0.191202
v 0.072960 -0.091336 0.190903
v -0.126840 -0.097183 0.190103
v 0.066040 -0.133925 0.191339
v 0.083200 -0.103253 0.193964
v 0.089560 -0.097134 0.193097
v 0.087600 -0.112139 0.193303
v 0.068640 -0.122632 0.191202
v 0.096950 -0.110292 0.192632
v 0.126900 -0.096621 0.190942
v 0.097180 -0.099918 0.192296
v 0.100030 -0.063633 0.190935
v 0.102390 -0.061745 0.177666
v 0.113340 -0.086683 0.191202
v 0.117130 -0.092955 0.191202
v 0.114820 -0.091500 0.195487
v 0.118750 -0.098180 0.195424
v 0.109940 -0.085053 0.195353
v 0.118330 -0.091596 0.195520
v 0.100910 -0.057337 0.191004
v 0.128250 -0.042878 0.191308
v 0.097170 -0.048305 0.191202
v 0.118400 -0.036084 0.191774
v 0.088720 -0.046708 0.191202
v 0.095960 -0.041525 0.191202
v 0.084160 -0.041913 0.191202
v 0.076820 -0.045924 0.191202
v 0.067580 -0.047579 0.191202
v 0.043510 -0.054491 0.190687
v 0.069900 -0.041491 0.191202
v 0.038670 -0.033078 0.189797
v -0.023780 -0.038754 0.207877
v -0.027310 -0.039747 0.160468
v -0.025390 -0.107462 0.208131
v -0.024130 -0.098316 0.160468
v -0.031240 -0.106880 0.160468
v -0.027540 -0.113717 0.195012
v -0.024860 -0.131169 0.207118
v -0.025700 -0.130774 0.195012
v -0.052700 0.034238 0.188123
v -0.069200 0.034377 0.187806
v -0.034980 0.029730 0.154499
v -0.106780 0.030556 0.154498
v -0.039570 0.033700 0.191279
v -0.080040 0.034341 0.191370
v -0.110880 0.031589 0.191111
v -0.083190 0.034149 0.203875
v -0.112690 0.036995 0.207104
v -0.124470 0.038854 0.207307
v -0.112860 0.038627 0.191706
v -0.126630 0.040988 0.191505
v -0.041650 0.034076 0.200921
v -0.034110 0.034283 0.207777
v -0.009740 0.033832 0.207602
v 0.011350 0.035086 0.207389
v -0.019120 0.031593 0.191072
v 0.003320 0.030760 0.160468
v 0.015640 0.032619 0.160468
v -0.017490 0.030154 0.160468
v 0.017770 0.032163 0.191196
v -0.030920 0.022418 0.191418
v -0.031270 0.018900 0.160467
v -0.011230 0.026404 0.152467
v -0.010470 0.024582 0.160468
v 0.036510 0.032732 0.189604
v 0.117400 0.033550 0.207374
v 0.117500 0.035661 0.194172
v 0.124420 0.038768 0.191551
v 0.117550 0.038632 0.206988
v 0.126860 0.041345 0.207310
v -0.051440 0.084135 0.160468
v -0.048430 0.084394 0.207567
v -0.071990 0.085919 0.160468
v -0.035650 0.085521 0.160468
v -0.057200 0.087959 0.207341
v -0.072290 0.087769 0.207434
v -0.081420 0.082681 0.207339
v -0.040120 0.087060 0.207340
v -0.023160 0.079289 0.207812
v -0.025470 0.079968 0.160468
v -0.018200 0.082212 0.156277
v -0.019300 0.082544 0.207263
v -0.014270 0.085703 0.207296
v 0.024150 0.082546 0.161234
v 0.018270 0.083451 0.156277
v 0.031550 0.082790 0.156277
v 0.066680 0.085841 0.207339
v 0.072320 0.085666 0.156277
v 0.087310 0.070621 0.207198
v 0.085090 0.075952 0.156277
v -0.089170 -0.065852 0.160468
v -0.101600 -0.049057 0.207285
v -0.085150 -0.078162 0.207637
v -0.103460 -0.046790 0.160467
v -0.099510 -0.036594 0.207316
v -0.098590 -0.037582 0.160468
v -0.083970 -0.074634 0.160468
v -0.068940 -0.091142 0.160468
v -0.085830 -0.065946 0.152467
v -0.080040 -0.072586 0.152467
v -0.079800 -0.062663 0.160468
v -0.082070 -0.059373 0.152467
v -0.089890 -0.038116 0.154616
v -0.082990 -0.058245 0.158436
v -0.099510 -0.036594 0.207316
v -0.098590 -0.037582 0.160468
v -0.023780 -0.038754 0.207877
v -0.027310 -0.039747 0.160468
v -0.018850 -0.039782 0.156277
v -0.017490 -0.036432 0.207202
v 0.037680 -0.037992 0.207670
v 0.034510 -0.039414 0.156277
v 0.041740 -0.036621 0.197552
v 0.108500 -0.038993 0.207527
v 0.105850 -0.037605 0.197551
v 0.109270 -0.041926 0.195012
v 0.119570 -0.038800 0.207088
v 0.121670 -0.045047 0.195777
v 0.128310 -0.048564 0.199323
v 0.122220 -0.048428 0.200609
v -0.101770 -0.061095 0.190952
v -0.078560 -0.085865 0.152546
v -0.069780 -0.094174 0.190953
v -0.087360 -0.112087 0.192321
v -0.082880 -0.106409 0.193763
v -0.094340 -0.067920 0.152597
v -0.100980 -0.061532 0.178058
v -0.115140 -0.025754 0.152538
v -0.103800 -0.054637 0.190766
v -0.110810 -0.032066 0.191143
v -0.114460 -0.020416 0.190727
v -0.110880 0.031589 0.191111
v -0.112830 -0.036543 0.196045
v -0.112730 -0.033230 0.206723
v -0.112850 -0.038736 0.206991
v -0.112200 0.028959 0.152569
v -0.112860 0.038627 0.191706
v -0.112690 0.036995 0.207104
v -0.089930 0.072992 0.152466
v -0.066160 0.097622 0.190918
v -0.064860 0.099961 0.169449
v -0.065010 0.127660 0.188768
v -0.096670 0.071756 0.207515
v -0.108280 0.043831 0.195012
v -0.097970 0.068204 0.195012
v -0.082160 0.137428 0.192221
v -0.078290 0.128969 0.191202
v -0.101790 -0.057528 0.195012
v -0.109550 -0.041787 0.195012
v -0.100950 -0.061422 0.207357
v -0.124830 -0.095691 0.207880
v -0.124850 -0.093462 0.195012
v -0.100080 -0.063044 0.195012
v -0.085150 -0.078162 0.207637
v -0.077280 -0.086442 0.195012
v -0.079200 0.144032 0.201165
v -0.078170 0.145404 0.195926
v -0.073060 0.142868 0.199289
v -0.081970 0.139112 0.206144
v -0.128260 0.070173 0.191338
v -0.102630 0.108110 0.191202
v -0.125660 0.072792 0.207980
v -0.128310 0.065619 0.199382
v -0.127750 0.044309 0.207169
v -0.126630 0.040988 0.191505
v -0.124470 0.038854 0.207307
v -0.128310 -0.054155 0.199436
v -0.126840 -0.097183 0.190103
v -0.104570 -0.061079 0.178517
v -0.127640 -0.044010 0.207678
v -0.127090 -0.041544 0.191526
v -0.124540 -0.038987 0.207310
v -0.123010 -0.057263 0.196654
v -0.122230 -0.054645 0.202658
v 0.052570 -0.103899 0.207870
v 0.056540 -0.099317 0.156277
v 0.032440 -0.109217 0.156277
v 0.080850 -0.082617 0.207408
v 0.071470 -0.089172 0.156277
v 0.022870 -0.112089 0.207248
v 0.004940 -0.114181 0.156277
v -0.001170 -0.115453 0.207390
v -0.018570 -0.109826 0.156277
v -0.019220 -0.112915 0.207600
v -0.025390 -0.107462 0.208131
v -0.031240 -0.106880 0.160468
v -0.035260 -0.109316 0.207314
v -0.052820 -0.104203 0.207817
v -0.048000 -0.101199 0.160468
v -0.068940 -0.091142 0.160468
v -0.085150 -0.078162 0.207637
v -0.036700 -0.099801 0.152467
v -0.045460 -0.100462 0.152467
v -0.037100 -0.096686 0.160468
v -0.062490 -0.112949 0.195343
v -0.054900 -0.104231 0.195012
v -0.064810 -0.130449 0.207447
v -0.068970 -0.127697 0.195520
v -0.066440 -0.120198 0.195520
v -0.068740 -0.123392 0.191202
v -0.064650 -0.116814 0.191202
v 0.072960 -0.091336 0.190903
v 0.070520 -0.092268 0.152531
v 0.100030 -0.063633 0.190935
v 0.098740 -0.060862 0.154365
v 0.102390 -0.061745 0.177666
v 0.100910 -0.057337 0.191004
v 0.126900 -0.096621 0.190942
v 0.128250 -0.042878 0.191308
v 0.128310 -0.048564 0.199323
v 0.128180 -0.042678 0.207338
v 0.125240 -0.094002 0.207454
v 0.124540 -0.093491 0.195012
v 0.099690 -0.059599 0.207912
v 0.101520 -0.057576 0.195012
v 0.109270 -0.041926 0.195012
v 0.108500 -0.038993 0.207527
v 0.100170 -0.062961 0.195012
v 0.080850 -0.082617 0.207408
v 0.077060 -0.086648 0.195012
v 0.040210 -0.019534 0.146018
v 0.040150 0.019133 0.146017
v 0.036780 0.019769 0.095511
v 0.035630 0.020732 0.150336
v 0.037720 -0.018887 0.095131
v 0.031770 0.024992 0.064933
v 0.026300 0.030076 0.149805
v 0.040350 0.013289 0.067884
v 0.040640 0.003572 0.065700
v 0.039820 -0.008270 0.065585
v 0.031570 -0.025331 0.064931
v 0.035570 -0.020841 0.150237
v 0.037980 0.033407 0.149397
v 0.036580 0.023627 0.069552
v 0.036450 0.036943 0.069611
v 0.036180 -0.023511 0.069552
v 0.037940 -0.033769 0.149410
v 0.039710 -0.033846 0.069611
v 0.040150 0.019133 0.146017
v 0.040210 -0.019534 0.146018
v 0.040620 -0.013856 0.068399
v 0.039710 -0.033846 0.069611
v 0.041250 -0.033394 0.134505
v 0.037940 -0.033769 0.149410
v 0.042830 -0.038649 0.134390
v 0.046380 -0.034875 0.140408
v 0.045870 -0.038687 0.149278
v 0.046210 -0.032656 0.149207
v 0.043630 0.033031 0.134705
v 0.037980 0.033407 0.149397
v 0.040350 0.013289 0.067884
v 0.036450 0.036943 0.069611
v 0.031770 0.024992 0.064933
v 0.036580 0.023627 0.069552
v 0.031060 0.026871 0.152337
v 0.035630 0.020732 0.150336
v 0.026000 0.033859 0.069551
v 0.026990 0.034133 0.149414
v 0.038410 0.037208 0.134065
v 0.046280 0.035963 0.138757
v 0.046240 0.032593 0.149183
v 0.045950 0.038551 0.149283
v 0.031570 -0.025331 0.064931
v 0.036180 -0.023511 0.069552
v 0.030850 -0.027192 0.152357
v 0.035570 -0.020841 0.150237
v 0.026230 -0.034154 0.069551
v 0.026790 -0.033908 0.149414
v -0.035800 -0.017754 0.149829
v -0.031790 -0.025426 0.064920
v -0.038580 -0.012289 0.064932
v -0.036740 -0.005750 0.150612
v -0.040750 0.000877 0.064926
v -0.038890 0.009275 0.149806
v -0.037330 0.015567 0.064926
v -0.030410 0.025535 0.149816
v -0.026590 0.030653 0.064921
v -0.031790 -0.025426 0.064920
v -0.037640 -0.015872 0.152357
v -0.038580 -0.012289 0.064932
v -0.027740 -0.030250 0.152349
v -0.040960 -0.000054 0.152344
v -0.040750 0.000877 0.064926
v -0.037330 0.015567 0.064926
v -0.038520 0.013992 0.152369
v -0.027690 0.030206 0.152351
v -0.026590 0.030653 0.064921
v -0.069200 0.034377 0.187806
v -0.028500 0.038593 0.160468
v -0.097960 0.037074 0.160468
v -0.080040 0.034341 0.191370
v -0.104190 0.039687 0.207192
v -0.083190 0.034149 0.203875
v -0.052700 0.034238 0.188123
v -0.039570 0.033700 0.191279
v -0.034110 0.034283 0.207777
v -0.041650 0.034076 0.200921
v -0.026020 0.039578 0.207275
v -0.104190 0.039687 0.207192
v -0.094000 0.061375 0.160468
v -0.081420 0.082681 0.207339
v -0.103400 0.046646 0.160468
v -0.097960 0.037074 0.160468
v -0.088380 0.067781 0.160468
v -0.091050 0.059610 0.152467
v -0.071990 0.085919 0.160468
v -0.113920 0.000409 0.154499
v -0.110880 0.031589 0.191111
v -0.114460 -0.020416 0.190727
v -0.106780 0.030556 0.154498
v -0.107240 -0.030367 0.154498
v -0.110810 -0.032066 0.191143
v -0.018570 -0.109826 0.156277
v -0.023780 -0.038754 0.207877
v -0.025390 -0.107462 0.208131
v -0.018850 -0.039782 0.156277
v 0.036530 -0.002469 0.188627
v 0.036430 -0.001885 0.160468
v 0.031140 -0.019424 0.160468
v 0.031680 -0.018968 0.190942
v 0.032960 0.016587 0.160467
v 0.032420 0.017333 0.190702
v 0.020440 0.026226 0.160468
v 0.017770 0.032163 0.191196
v 0.015640 0.032619 0.160468
v 0.017070 0.023029 0.152467
v 0.015030 0.020181 0.160468
v 0.119960 0.009324 0.155435
v 0.115260 0.031962 0.191040
v 0.118990 -0.010555 0.191139
v 0.115010 0.033131 0.153568
v 0.126210 -0.003927 0.154396
v 0.108830 0.036704 0.152052
v 0.103540 0.052288 0.191127
v 0.102180 0.052215 0.152574
v 0.112710 -0.018272 0.151912
v 0.122090 -0.008833 0.138767
v 0.129530 0.000436 0.137171
v 0.111720 -0.031308 0.191078
v 0.110440 -0.032498 0.152587
v 0.105920 -0.046392 0.152581
v 0.103150 -0.053295 0.191147
v 0.100310 -0.055007 0.152579
v 0.063700 -0.035057 0.189169
v 0.062600 0.035278 0.189169
v 0.116370 -0.008233 0.189170
v 0.112510 0.028547 0.189170
v 0.128240 0.070366 0.207361
v 0.118740 0.084775 0.190158
v 0.079680 0.143460 0.197469
v 0.082220 0.139216 0.192447
v 0.082160 0.139224 0.205859
v 0.078170 0.145451 0.201935
v 0.075290 0.138023 0.202400
v 0.073590 0.142099 0.196853
v 0.096880 0.067530 0.190776
v 0.096790 0.069971 0.178387
v 0.128200 0.070235 0.191344
v 0.128210 0.049529 0.199696
v 0.124420 0.038768 0.191551
v 0.126860 0.041345 0.207310
v 0.098540 0.056861 0.197551
v 0.041800 0.056683 0.197552
v 0.093480 0.048652 0.194985
v 0.099030 0.044950 0.197552
v 0.106020 0.037818 0.197551
v 0.093690 0.041278 0.195240
v 0.041590 0.036685 0.197552
v 0.068050 0.042438 0.197552
v 0.082200 0.040871 0.197552
v 0.070170 0.048804 0.197552
v 0.076760 0.044386 0.197552
v 0.084100 0.046622 0.197552
v 0.078730 0.043038 0.191202
v 0.081400 0.048158 0.191202
v 0.084310 0.128487 0.195367
v 0.110420 0.091386 0.195258
v 0.115250 0.084280 0.207562
v 0.113040 0.085083 0.195520
v 0.081720 0.135636 0.207216
v 0.081390 0.134776 0.195520
v 0.110330 0.086597 0.191202
v 0.107690 0.083846 0.191204
v 0.095910 0.111637 0.191202
v 0.098720 0.104973 0.193688
v 0.122950 0.071751 0.195012
v 0.116300 0.082399 0.195012
v 0.122280 0.069731 0.207287
v 0.117550 0.038632 0.206988
v 0.122220 0.048060 0.199475
v 0.121230 0.042973 0.195012
v 0.043920 0.054534 0.190847
v 0.100720 0.057707 0.190113
v 0.070820 0.048521 0.191202
v 0.068700 0.042461 0.191202
v 0.036510 0.032732 0.189604
v 0.117500 0.035661 0.194172
v 0.081400 0.048158 0.191202
v 0.078730 0.043038 0.191202
v 0.088580 0.044734 0.191202
v 0.093690 0.041278 0.195240
v 0.093480 0.048652 0.194985
v 0.099150 0.044521 0.191202
v 0.124420 0.038768 0.191551
v 0.128200 0.070235 0.191344
v 0.096880 0.067530 0.190776
v 0.118740 0.084775 0.190158
v 0.102940 0.080593 0.191202
v 0.094600 0.071684 0.190816
v 0.080230 0.084812 0.191018
v 0.107690 0.083846 0.191204
v 0.110330 0.086597 0.191202
v 0.082220 0.139216 0.192447
v 0.098720 0.104973 0.193688
v 0.092640 0.096780 0.192605
v 0.095910 0.111637 0.191202
v 0.089540 0.112941 0.193278
v 0.086000 0.098972 0.194323
v 0.083480 0.107814 0.193188
v 0.079420 0.129663 0.191202
v 0.067530 0.129511 0.190376
v 0.073490 0.125333 0.191202
v 0.067430 0.096005 0.190795
v 0.076450 0.136203 0.194652
v 0.079680 0.143460 0.197469
v 0.073590 0.142099 0.196853
v -0.040120 0.087060 0.207340
v 0.060770 0.092031 0.207272
v -0.022260 0.090032 0.177601
v 0.053750 0.087793 0.152603
v 0.062280 0.094264 0.152658
v -0.016080 0.089936 0.152502
v -0.047190 0.087142 0.160468
v -0.032330 0.091819 0.160468
v -0.048430 0.084394 0.207567
v -0.057200 0.087959 0.207341
v -0.055390 0.089973 0.160468
v -0.049380 0.088431 0.152467
v -0.042790 0.094225 0.152467
v -0.042910 0.094908 0.160468
v -0.049900 0.101240 0.152515
v -0.051060 0.097846 0.160468
v 0.078070 0.086194 0.152622
v 0.065190 0.098585 0.177577
v 0.080230 0.084812 0.191018
v 0.067430 0.096005 0.190795
v 0.096790 0.069971 0.178387
v 0.094600 0.071684 0.190816
v 0.118740 0.084775 0.190158
v 0.083330 0.061748 0.207198
v 0.039110 0.058812 0.156277
v 0.039650 0.057959 0.207881
v 0.084040 0.063878 0.156277
v 0.038920 -0.058712 0.156277
v 0.081720 -0.061348 0.156277
v 0.039760 -0.058168 0.207878
v 0.088100 -0.064874 0.206687
v -0.112730 -0.033230 0.206723
v -0.017490 -0.036432 0.207202
v 0.117390 -0.033619 0.207417
v 0.037680 -0.037992 0.207670
v 0.108500 -0.038993 0.207527
v 0.119570 -0.038800 0.207088
v -0.023780 -0.038754 0.207877
v -0.099510 -0.036594 0.207316
v -0.112850 -0.038736 0.206991
v -0.101600 -0.049057 0.207285
v -0.100950 -0.061422 0.207357
v -0.085150 -0.078162 0.207637
v -0.124210 -0.045107 0.195012
v -0.124540 -0.038987 0.207310
v -0.109550 -0.041787 0.195012
v 0.122280 -0.069806 0.207284
v 0.128180 -0.042678 0.207338
v 0.125240 -0.094002 0.207454
v 0.066830 -0.129334 0.207380
v 0.066240 -0.133859 0.207365
v 0.046890 -0.127968 0.207282
v 0.035920 -0.131370 0.207270
v -0.023110 -0.133359 0.207458
v 0.004990 -0.127964 0.207266
v -0.004980 -0.127969 0.207284
v -0.021360 -0.131094 0.207085
v -0.019220 -0.112915 0.207600
v -0.025390 -0.107462 0.208131
v -0.024860 -0.131169 0.207118
v -0.036930 -0.127972 0.207296
v -0.066180 -0.133916 0.207330
v -0.047910 -0.131372 0.207264
v -0.064810 -0.130449 0.207447
v -0.124830 -0.095691 0.207880
v -0.126310 -0.060492 0.207279
v -0.122280 -0.076665 0.207266
v -0.123590 -0.066418 0.207342
v -0.123740 -0.048605 0.207348
v -0.127640 -0.044010 0.207678
v -0.015860 0.036500 0.149806
v -0.026590 0.030653 0.064921
v -0.010900 0.038917 0.064926
v -0.030410 0.025535 0.149816
v -0.003870 0.035261 0.150819
v 0.004210 0.040516 0.066462
v 0.012220 0.037871 0.149812
v 0.015940 0.037020 0.064933
v 0.026300 0.030076 0.149805
v 0.031770 0.024992 0.064933
v -0.026590 0.030653 0.064921
v -0.013020 0.038678 0.152348
v -0.010900 0.038917 0.064926
v -0.027690 0.030206 0.152351
v 0.004920 0.040730 0.151549
v 0.004210 0.040516 0.066462
v 0.026990 0.034133 0.149414
v 0.018730 0.036495 0.151751
v 0.038410 0.037208 0.134065
v 0.037980 0.033407 0.149397
v 0.045950 0.038551 0.149283
v 0.046280 0.035963 0.138757
v 0.036450 0.036943 0.069611
v 0.043630 0.033031 0.134705
v 0.026000 0.033859 0.069551
v 0.015940 0.037020 0.064933
v 0.031770 0.024992 0.064933
v 0.036580 0.023627 0.069552
v 0.031060 0.026871 0.152337
v -0.065980 -0.133918 0.191300
v -0.066180 -0.133916 0.207330
v -0.126840 -0.097183 0.190103
v -0.104570 -0.061079 0.178517
v -0.101770 -0.061095 0.190952
v -0.124830 -0.095691 0.207880
v -0.042080 -0.133994 0.199279
v -0.045690 -0.128697 0.196429
v -0.042190 -0.127910 0.201515
v 0.000090 -0.133994 0.199536
v 0.066040 -0.133925 0.191339
v 0.041670 -0.133994 0.199178
v 0.066240 -0.133859 0.207365
v 0.126900 -0.096621 0.190942
v 0.125240 -0.094002 0.207454
v 0.041590 -0.127911 0.201785
v 0.038420 -0.128621 0.196464
v -0.025550 -0.040882 0.049713
v -0.095130 -0.001110 0.049713
v -0.019490 0.042772 0.049713
v -0.096290 -0.013585 0.049713
v -0.098810 -0.006625 0.049713
v 0.017140 -0.054413 0.049713
v 0.046290 -0.008458 0.049713
v 0.026890 -0.050409 0.049713
v 0.034700 -0.045272 0.049713
v 0.047000 -0.000051 0.049713
v 0.046150 0.009141 0.049713
v 0.026050 0.050756 0.049713
v 0.017140 0.054311 0.049713
v 0.034740 0.045058 0.049713
v -0.093870 -0.015527 0.055713
v -0.025550 -0.040882 0.055713
v -0.020350 0.042411 0.055713
v -0.098470 -0.010684 0.055713
v -0.096880 -0.003103 0.055713
v 0.017140 -0.054413 0.055713
v 0.046150 -0.009245 0.055713
v 0.025850 -0.050949 0.055713
v 0.034700 -0.045272 0.055713
v 0.047000 -0.000051 0.055713
v 0.046290 0.008354 0.055713
v 0.027100 0.050202 0.055713
v 0.034740 0.045058 0.055713
v 0.017140 0.054311 0.055713
v -0.065460 -0.073826 0.152092
v -0.060390 -0.106050 0.152745
v -0.050240 -0.084460 0.152397
v -0.045070 -0.081146 0.152375
v -0.079370 -0.073410 0.152467
v -0.064710 -0.066631 0.152117
v -0.075360 -0.068656 0.152467
v -0.076690 -0.063229 0.152467
v -0.042760 -0.055669 0.152467
v -0.050590 -0.061399 0.152071
v -0.082940 -0.062161 0.152467
v -0.044830 -0.064139 0.152076
v -0.086020 -0.059927 0.151995
v -0.086830 -0.067498 0.152467
v -0.040870 -0.050872 0.152467
v -0.099120 -0.076839 0.152030
v -0.037440 -0.045300 0.152403
v -0.033190 -0.048409 0.152279
v -0.036490 -0.052883 0.152467
v -0.032210 -0.100275 0.152142
v -0.083780 -0.072682 0.152467
v -0.037810 -0.056431 0.152467
v -0.040700 -0.091018 0.152467
v -0.036660 -0.093384 0.152467
v -0.045610 -0.093206 0.152467
v -0.036390 -0.100157 0.152467
v -0.038330 -0.110049 0.150426
v -0.047260 -0.097631 0.152467
v -0.044210 -0.103053 0.151969
v -0.043690 -0.127211 0.149511
v -0.033360 -0.115003 0.149327
v -0.050390 -0.127631 0.150204
v -0.058000 -0.126947 0.151119
v -0.078860 -0.118217 0.152942
v -0.089270 -0.110530 0.151761
v -0.099190 -0.114580 0.151688
v -0.114950 -0.125404 0.151927
v -0.102450 -0.125925 0.152422
v -0.112460 -0.132685 0.151885
v -0.098620 -0.130268 0.152032
v -0.099880 -0.142968 0.151643
v -0.062810 -0.162706 0.146593
v -0.082530 -0.139674 0.150310
v -0.059630 -0.159502 0.146176
v -0.054290 -0.103764 0.139534
v -0.080870 -0.116154 0.139991
v -0.084200 -0.068016 0.139767
v -0.070180 -0.123481 0.139792
v -0.091030 -0.110247 0.140251
v -0.045470 -0.128392 0.142665
v -0.098940 -0.076978 0.140027
v -0.101180 -0.115404 0.139823
v -0.115100 -0.125596 0.140455
v -0.102830 -0.122872 0.139843
v -0.112030 -0.133333 0.139945
v -0.099010 -0.129849 0.140175
v -0.085160 -0.152123 0.142460
v -0.088300 -0.135275 0.141390
v -0.062810 -0.162706 0.146593
v -0.059630 -0.159502 0.146176
v -0.086510 -0.060276 0.140213
v -0.081600 -0.064273 0.139767
v -0.043010 -0.054745 0.139767
v -0.080060 -0.070759 0.139767
v -0.040030 -0.050623 0.139767
v -0.036430 -0.045632 0.139745
v -0.032520 -0.048933 0.139809
v -0.036420 -0.053205 0.139767
v -0.038330 -0.056781 0.139767
v -0.077750 -0.066991 0.139767
v -0.065280 -0.074204 0.140171
v -0.065090 -0.067286 0.140344
v -0.050490 -0.061396 0.140071
v -0.044780 -0.064360 0.140379
v -0.044980 -0.080829 0.140238
v -0.044360 -0.096774 0.139767
v -0.051480 -0.084164 0.140189
v -0.040750 -0.093776 0.139767
v -0.040610 -0.100354 0.139767
v -0.037870 -0.097108 0.139767
v -0.032320 -0.100625 0.140116
v -0.038310 -0.109739 0.140893
v -0.033220 -0.114755 0.142994
v 0.089560 -0.097134 0.193097
v 0.109940 -0.085053 0.195353
v 0.077060 -0.086648 0.195012
v 0.083200 -0.103253 0.193964
v 0.100170 -0.062961 0.195012
v 0.054890 -0.104070 0.195012
v 0.112750 -0.082137 0.195376
v 0.113340 -0.086683 0.191202
v 0.097180 -0.099918 0.192296
v 0.114820 -0.091500 0.195487
v 0.118330 -0.091596 0.195520
v 0.117130 -0.092955 0.191202
v 0.118750 -0.098180 0.195424
v 0.096950 -0.110292 0.192632
v 0.064010 -0.112609 0.195296
v 0.063470 -0.116745 0.195490
v 0.087600 -0.112139 0.193303
v 0.075020 -0.124932 0.195294
v 0.068190 -0.122541 0.195520
v 0.069220 -0.127644 0.195520
v -0.014390 -0.033825 0.024919
v 0.032750 0.010800 0.021807
v -0.001860 -0.036665 0.025261
v 0.010160 -0.032437 0.021807
v -0.022260 -0.026690 0.021807
v -0.024220 -0.028640 0.025631
v -0.032410 -0.017068 0.024979
v 0.026080 -0.024973 0.024461
v 0.016220 -0.033752 0.025518
v 0.036330 -0.006441 0.025132
v 0.032940 -0.017706 0.025692
v -0.034490 -0.005125 0.021807
v 0.026840 0.021903 0.021807
v 0.019020 0.030575 0.024186
v 0.028870 0.024139 0.025629
v 0.035930 0.011155 0.025636
v -0.004050 0.033956 0.021807
v 0.010640 0.036176 0.025636
v -0.037330 0.001927 0.024852
v -0.003620 0.037572 0.025636
v -0.018940 0.031813 0.025606
v -0.026090 0.022673 0.022655
v -0.033790 0.017421 0.026017
v -0.034830 -0.015809 0.049836
v -0.024470 -0.029280 0.049836
v 0.032480 0.019945 0.049836
v -0.011370 -0.036381 0.049836
v 0.007840 -0.036976 0.049836
v 0.023850 -0.029613 0.049836
v 0.033370 -0.018195 0.049836
v 0.037700 -0.000429 0.049836
v 0.024320 0.029280 0.049836
v 0.011250 0.036407 0.049836
v -0.003130 0.038018 0.049836
v -0.017920 0.033717 0.049836
v -0.029460 0.024334 0.049836
v -0.037310 0.003738 0.049836
v -0.051850 0.088769 0.152467
v -0.091120 0.107072 0.152040
v -0.087110 0.066667 0.152467
v -0.054300 0.094254 0.152467
v -0.088260 0.114711 0.151734
v -0.097550 0.102929 0.152722
v -0.092040 0.123627 0.151841
v -0.105640 0.094750 0.152404
v -0.051760 0.098670 0.152467
v -0.111430 0.083904 0.151117
v -0.096520 0.138762 0.152010
v -0.053650 0.113356 0.151966
v -0.104180 0.138945 0.151847
v -0.045900 0.098664 0.152467
v -0.101780 0.125989 0.151846
v -0.039910 0.096945 0.151884
v -0.043020 0.091839 0.152467
v -0.123830 0.123178 0.151023
v -0.107460 0.122652 0.151918
v -0.118590 0.110598 0.150308
v -0.142830 0.092549 0.146133
v -0.145790 0.095774 0.145950
v -0.036140 0.046231 0.152421
v -0.047280 0.087771 0.152467
v -0.040930 0.052594 0.152467
v -0.041440 0.048387 0.152467
v -0.040110 0.042747 0.152266
v -0.044730 0.053828 0.152467
v -0.045530 0.047647 0.152467
v -0.048950 0.062722 0.152186
v -0.052780 0.057574 0.152105
v -0.047560 0.050994 0.152467
v -0.051150 0.077370 0.151930
v -0.058020 0.079756 0.152055
v -0.080450 0.059274 0.152467
v -0.067990 0.060559 0.152056
v -0.070930 0.063603 0.152377
v -0.086350 0.055395 0.152467
v -0.090940 0.052970 0.152075
v -0.081410 0.065222 0.152467
v -0.091580 0.060865 0.152467
v -0.071000 0.069749 0.152423
v -0.099160 0.061076 0.150429
v -0.113740 0.076590 0.150198
v -0.114220 0.068410 0.149413
v -0.104830 0.057101 0.149221
v -0.057660 0.079988 0.140105
v -0.085410 0.064397 0.139767
v -0.089020 0.110302 0.140262
v -0.096320 0.103616 0.139857
v -0.101200 0.099855 0.139729
v -0.053840 0.113151 0.139996
v -0.110710 0.086206 0.140602
v -0.089620 0.120916 0.140403
v -0.098210 0.139471 0.140410
v -0.098760 0.126246 0.140343
v -0.107330 0.137220 0.140022
v -0.106370 0.123809 0.140225
v -0.130020 0.115987 0.142435
v -0.119480 0.109882 0.141962
v -0.145790 0.095774 0.145950
v -0.142830 0.092549 0.146133
v -0.070840 0.068743 0.140190
v -0.082280 0.061619 0.139767
v -0.069660 0.061535 0.140219
v -0.084160 0.058231 0.139767
v -0.047050 0.052492 0.139767
v -0.054680 0.056793 0.139846
v -0.049350 0.060904 0.139855
v -0.046600 0.048559 0.139767
v -0.043580 0.053839 0.139767
v -0.091280 0.053197 0.140093
v -0.088280 0.058381 0.139767
v -0.040750 0.042308 0.139950
v -0.041500 0.048623 0.139767
v -0.036390 0.045859 0.139789
v -0.098910 0.061283 0.141081
v -0.040180 0.097405 0.140216
v -0.089030 0.062143 0.139767
v -0.114810 0.068885 0.142949
v -0.105060 0.057292 0.142901
v -0.050770 0.076841 0.140136
v -0.045260 0.093075 0.139767
v -0.047130 0.096933 0.139767
v -0.049180 0.090304 0.139767
v -0.051350 0.094815 0.139767
v 0.043920 0.054534 0.190847
v 0.098720 0.061003 0.154272
v 0.100720 0.057707 0.190113
v 0.047520 0.057318 0.154226
v 0.039750 0.050452 0.153584
v 0.005130 -0.018543 0.160463
v 0.013870 -0.013375 0.152256
v -0.013640 -0.013271 0.152235
v 0.014620 -0.011950 0.160460
v -0.014990 -0.013296 0.160468
v 0.105850 -0.037605 0.197551
v 0.041740 -0.036621 0.197552
v 0.095230 -0.040761 0.197552
v 0.096970 -0.047237 0.197552
v 0.098280 -0.057131 0.197551
v 0.074480 -0.041730 0.197552
v 0.088490 -0.044604 0.197552
v 0.066510 -0.046506 0.197552
v 0.076970 -0.047424 0.197552
v 0.041460 -0.056463 0.197552
v 0.069900 -0.041491 0.191202
v 0.067580 -0.047579 0.191202
v 0.101520 -0.057576 0.195012
v 0.124540 -0.093491 0.195012
v 0.123830 -0.070654 0.195012
v 0.109270 -0.041926 0.195012
v 0.121670 -0.045047 0.195777
v 0.122220 -0.048428 0.200609
v 0.128310 -0.048564 0.199323
v 0.024890 -0.108402 0.135252
v -0.002320 -0.111376 0.135838
v -0.006090 -0.043979 0.135198
v -0.021990 -0.109089 0.135180
v 0.049220 -0.099791 0.135180
v -0.016390 -0.039190 0.135327
v 0.035410 -0.039276 0.135649
v -0.046520 -0.101225 0.135292
v -0.072250 -0.084579 0.135060
v -0.030180 -0.030029 0.135669
v -0.093140 -0.060729 0.135325
v -0.040290 -0.016314 0.135119
v -0.106200 -0.033492 0.135325
v -0.041760 -0.001652 0.135533
v -0.111240 -0.003026 0.135235
v 0.048890 -0.039362 0.135182
v 0.074580 -0.082677 0.135652
v 0.092450 -0.061889 0.135266
v 0.105410 -0.035366 0.135137
v 0.048590 -0.000409 0.135445
v 0.111360 -0.002066 0.135767
v -0.006090 -0.043979 0.135198
v 0.003980 -0.097274 0.136770
v 0.025900 -0.044507 0.135425
v 0.001400 -0.087928 0.136673
v -0.005410 -0.094923 0.136646
v 0.035410 -0.039276 0.135649
v -0.016390 -0.039190 0.135327
v 0.060640 -0.068826 0.137117
v 0.048890 -0.039362 0.135182
v 0.052160 -0.075452 0.136778
v 0.056230 -0.085948 0.135773
v 0.059970 -0.078293 0.136589
v 0.074580 -0.082677 0.135652
v 0.049220 -0.099791 0.135180
v 0.024890 -0.108402 0.135252
v -0.002320 -0.111376 0.135838
v -0.021990 -0.109089 0.135180
v 0.092450 -0.061889 0.135266
v 0.048590 -0.000409 0.135445
v 0.111360 -0.002066 0.135767
v 0.105410 -0.035366 0.135137
v -0.046520 -0.101225 0.135292
v -0.093140 -0.060729 0.135325
v -0.072250 -0.084579 0.135060
v -0.030180 -0.030029 0.135669
v -0.040290 -0.016314 0.135119
v -0.106200 -0.033492 0.135325
v -0.092660 -0.024215 0.136423
v -0.096630 -0.018272 0.136627
v -0.088420 -0.014634 0.136774
v -0.111240 -0.003026 0.135235
v -0.041760 -0.001652 0.135533
v -0.020070 0.055943 0.156277
v -0.023160 0.079289 0.207812
v -0.019970 0.054846 0.207182
v -0.018200 0.082212 0.156277
v -0.077280 -0.086442 0.195012
v -0.100080 -0.063044 0.195012
v -0.111500 -0.086146 0.195414
v -0.112700 -0.082031 0.195364
v -0.116280 -0.092077 0.195520
v -0.119160 -0.097414 0.195425
v -0.096430 -0.099671 0.193771
v -0.097540 -0.109824 0.193021
v -0.086400 -0.098427 0.193154
v -0.062490 -0.112949 0.195343
v -0.054900 -0.104231 0.195012
v -0.082880 -0.106409 0.193763
v -0.073680 -0.124503 0.195335
v -0.087360 -0.112087 0.192321
v -0.066440 -0.120198 0.195520
v -0.068970 -0.127697 0.195520
v -0.068740 -0.123392 0.191202
v -0.064650 -0.116814 0.191202
v -0.112940 -0.086001 0.191202
v -0.101770 -0.061095 0.190952
v -0.115920 -0.090756 0.191202
v -0.118370 -0.094937 0.191202
v -0.096430 -0.099671 0.193771
v -0.086400 -0.098427 0.193154
v -0.082880 -0.106409 0.193763
v -0.127090 -0.041544 0.191526
v -0.103800 -0.054637 0.190766
v -0.112830 -0.036543 0.196045
v -0.100980 -0.061532 0.178058
v -0.104570 -0.061079 0.178517
v -0.112860 0.038627 0.191706
v -0.101740 0.080067 0.191202
v -0.066160 0.097622 0.190918
v -0.106740 0.083821 0.191202
v -0.128260 0.070173 0.191338
v -0.126630 0.040988 0.191505
v -0.111120 0.085419 0.191202
v -0.102630 0.108110 0.191202
v -0.096820 0.110121 0.192557
v -0.097580 0.100068 0.193536
v -0.089660 0.096739 0.193631
v -0.082160 0.137428 0.192221
v -0.084100 0.100957 0.193149
v -0.083170 0.108070 0.193380
v -0.088460 0.112653 0.193462
v -0.078290 0.128969 0.191202
v -0.084020 0.128867 0.195388
v -0.072880 0.125034 0.191202
v -0.065010 0.127660 0.188768
v -0.073070 0.123799 0.195484
v -0.077510 0.128909 0.195520
v -0.075660 0.137150 0.195640
v -0.078170 0.145404 0.195926
v -0.073060 0.142868 0.199289
v -0.079200 0.144032 0.201165
v -0.075340 0.139166 0.201498
v -0.104190 0.039687 0.207192
v -0.081420 0.082681 0.207339
v -0.096670 0.071756 0.207515
v -0.112690 0.036995 0.207104
v -0.083190 0.034149 0.203875
v -0.127750 0.044309 0.207169
v -0.124470 0.038854 0.207307
v -0.125660 0.072792 0.207980
v -0.122260 0.048816 0.207279
v -0.081970 0.139112 0.206144
v -0.113530 0.083096 0.207493
v -0.066790 0.124298 0.207198
v -0.075340 0.139166 0.201498
v -0.079200 0.144032 0.201165
v -0.073060 0.142868 0.199289
v -0.078170 0.145404 0.195926
v -0.075660 0.137150 0.195640
v -0.060040 0.099570 0.207128
v -0.072290 0.087769 0.207434
v -0.057200 0.087959 0.207341
v 0.019440 -0.032003 0.150406
v 0.016470 -0.036931 0.064933
v 0.009450 -0.038882 0.149809
v 0.025510 -0.027028 0.150646
v 0.003810 -0.040687 0.066553
v 0.031570 -0.025331 0.064931
v -0.002930 -0.040034 0.149821
v 0.035570 -0.020841 0.150237
v 0.029050 -0.020631 0.151583
v 0.037720 -0.018887 0.095131
v 0.040210 -0.019534 0.146018
v -0.006120 -0.040326 0.064927
v -0.015480 -0.036766 0.149805
v -0.019220 -0.035785 0.064923
v -0.024920 -0.027673 0.150643
v -0.031790 -0.025426 0.064920
v -0.035800 -0.017754 0.149829
v 0.003810 -0.040687 0.066553
v 0.042830 -0.038649 0.134390
v 0.002670 -0.040903 0.151568
v 0.039710 -0.033846 0.069611
v 0.037940 -0.033769 0.149410
v 0.045870 -0.038687 0.149278
v -0.006120 -0.040326 0.064927
v 0.016470 -0.036931 0.064933
v 0.026230 -0.034154 0.069551
v -0.015120 -0.038135 0.152347
v 0.026790 -0.033908 0.149414
v 0.018410 -0.036787 0.151702
v -0.019220 -0.035785 0.064923
v -0.027740 -0.030250 0.152349
v -0.031790 -0.025426 0.064920
v 0.106020 0.037818 0.197551
v 0.037450 0.037895 0.207580
v 0.108590 0.039535 0.207468
v 0.041590 0.036685 0.197552
v 0.117550 0.038632 0.206988
v 0.121230 0.042973 0.195012
v 0.108080 0.044331 0.195012
v 0.034210 0.039174 0.156277
v 0.011350 0.035086 0.207389
v 0.013740 0.039085 0.156277
v -0.064860 0.099961 0.169449
v -0.065010 0.127660 0.188768
v -0.060040 0.099570 0.207128
v -0.066790 0.124298 0.207198
v -0.075660 0.137150 0.195640
v -0.075340 0.139166 0.201498
v -0.079200 0.144032 0.201165
v -0.078170 0.145404 0.195926
v -0.055390 0.089973 0.160468
v -0.057200 0.087959 0.207341
v -0.058180 0.096546 0.160468
v -0.058500 0.099777 0.172618
v -0.035280 0.108692 0.171837
v -0.035550 0.104919 0.160468
v -0.029930 0.097243 0.173005
v -0.032330 0.091819 0.160468
v -0.022260 0.090032 0.177601
v -0.049380 0.088431 0.152467
v -0.054310 0.094050 0.152467
v -0.051060 0.097846 0.160468
v -0.049900 0.101240 0.152515
v -0.084020 0.128867 0.195388
v -0.110430 0.091403 0.195257
v -0.096820 0.110121 0.192557
v -0.113530 0.083096 0.207493
v -0.112610 0.085266 0.195520
v -0.081970 0.139112 0.206144
v -0.081200 0.134718 0.195520
v -0.116280 0.082380 0.195012
v -0.122210 0.069044 0.197562
v -0.125660 0.072792 0.207980
v -0.122220 0.064219 0.200331
v -0.124150 0.045699 0.195012
v -0.122260 0.048816 0.207279
v -0.127750 0.044309 0.207169
v 0.083820 -0.033946 0.179187
v 0.112710 -0.018272 0.151912
v 0.110170 -0.018312 0.187392
v 0.083680 -0.033993 0.187392
v 0.066190 -0.037971 0.152222
v 0.060600 -0.044372 0.179187
v 0.115720 -0.009942 0.139844
v 0.122090 -0.008833 0.138767
v 0.085030 -0.043612 0.191202
v 0.111720 -0.031308 0.191078
v 0.059120 0.050340 0.191074
v 0.095530 -0.043450 0.191202
v 0.095050 -0.047922 0.191202
v 0.103150 -0.053295 0.191147
v 0.080830 -0.046831 0.191202
v 0.063280 -0.054560 0.191138
v 0.069000 -0.046851 0.191202
v 0.071370 -0.042751 0.191202
v 0.068450 0.046335 0.191202
v 0.063260 0.054431 0.191157
v 0.071950 0.043344 0.191202
v 0.080710 0.046721 0.191202
v 0.094920 0.048086 0.191202
v 0.103540 0.052288 0.191127
v 0.084250 0.042690 0.191202
v 0.095160 0.043377 0.191202
v 0.115260 0.031962 0.191040
v 0.118990 -0.010555 0.191139
v 0.003280 -0.128552 0.196531
v 0.024530 -0.113388 0.195012
v -0.000840 -0.116316 0.195012
v 0.000090 -0.133994 0.199536
v -0.000830 -0.127898 0.200816
v 0.038420 -0.128621 0.196464
v -0.005670 -0.129054 0.195012
v -0.020370 -0.115995 0.195012
v -0.020760 -0.130482 0.195012
v 0.050860 -0.105674 0.195012
v 0.047560 -0.129138 0.195012
v 0.064320 -0.129822 0.195012
v 0.098280 -0.057131 0.197551
v 0.099690 -0.059599 0.207912
v 0.105850 -0.037605 0.197551
v 0.108500 -0.038993 0.207527
v 0.100170 -0.062961 0.195012
v 0.112750 -0.082137 0.195376
v 0.125240 -0.094002 0.207454
v 0.113340 -0.086683 0.191202
v 0.114820 -0.091500 0.195487
v 0.118330 -0.091596 0.195520
v 0.117130 -0.092955 0.191202
v 0.118750 -0.098180 0.195424
v 0.122280 -0.069806 0.207284
v 0.124540 -0.093491 0.195012
v 0.123830 -0.070654 0.195012
v 0.119570 -0.038800 0.207088
v 0.122220 -0.048428 0.200609
v 0.121670 -0.045047 0.195777
v 0.099690 -0.059599 0.207912
v 0.098280 -0.057131 0.197551
v 0.039760 -0.058168 0.207878
v 0.041460 -0.056463 0.197552
v 0.046970 -0.057386 0.153921
v 0.043510 -0.054491 0.190687
v 0.102390 -0.061745 0.177666
v 0.100910 -0.057337 0.191004
v 0.098740 -0.060862 0.154365
v 0.040000 -0.046843 0.155441
v 0.040010 -0.034946 0.171159
v 0.043510 -0.054491 0.190687
v 0.046970 -0.057386 0.153921
v 0.039940 -0.015562 0.159461
v 0.035260 -0.015847 0.152775
v 0.038670 -0.033078 0.189797
v 0.037560 0.014658 0.157575
v 0.032840 -0.015131 0.157139
v 0.033660 0.015022 0.157238
v 0.034240 0.014991 0.152823
v 0.039750 0.050452 0.153584
v 0.040010 0.034868 0.171119
v 0.036510 0.032732 0.189604
v 0.043920 0.054534 0.190847
v 0.032960 0.016587 0.160467
v 0.032420 0.017333 0.190702
v 0.020440 0.026226 0.160468
v 0.017070 0.023029 0.152467
v 0.007490 0.029222 0.152467
v 0.010740 0.025439 0.160468
v 0.112580 0.029307 0.140135
v 0.112510 0.028547 0.189170
v 0.062200 0.038546 0.152557
v 0.062600 0.035278 0.189169
v 0.098500 0.080254 0.195328
v 0.086000 0.098972 0.194323
v 0.067010 0.095344 0.195012
v 0.092640 0.096780 0.192605
v 0.068450 0.122972 0.195432
v 0.098720 0.104973 0.193688
v 0.097110 0.074520 0.195219
v 0.104150 0.080965 0.195520
v 0.113040 0.085083 0.195520
v 0.108060 0.084585 0.195520
v 0.110420 0.091386 0.195258
v 0.084310 0.128487 0.195367
v 0.089540 0.112941 0.193278
v 0.083480 0.107814 0.193188
v 0.074390 0.125606 0.195520
v 0.078110 0.129178 0.195520
v 0.081390 0.134776 0.195520
v 0.058170 0.049331 0.152514
v 0.063280 -0.054560 0.191138
v 0.059120 0.050340 0.191074
v 0.060640 -0.046209 0.152583
v 0.065810 -0.055059 0.152580
v 0.102180 0.052215 0.152574
v 0.064760 0.053126 0.152587
v 0.103540 0.052288 0.191127
v 0.063260 0.054431 0.191157
v 0.058170 0.049331 0.152514
v 0.059120 0.050340 0.191074
v -0.031270 0.018900 0.160467
v -0.030920 0.022418 0.191418
v -0.037520 0.009554 0.190793
v -0.037290 0.006240 0.184920
v -0.036430 -0.002091 0.160468
v -0.037700 -0.008401 0.187814
v -0.031120 -0.019318 0.160468
v -0.033500 -0.017960 0.191108
v 0.038920 -0.058712 0.156277
v 0.032440 -0.109217 0.156277
v 0.056540 -0.099317 0.156277
v 0.071470 -0.089172 0.156277
v 0.086490 -0.072696 0.156276
v 0.081720 -0.061348 0.156277
v 0.004940 -0.114181 0.156277
v -0.018850 -0.039782 0.156277
v -0.018570 -0.109826 0.156277
v 0.034510 -0.039414 0.156277
v -0.107710 0.027903 0.135853
v -0.041170 0.015655 0.135460
v -0.098000 0.046495 0.135373
v -0.089080 0.066702 0.135516
v -0.086970 0.021523 0.136463
v -0.095720 0.023136 0.137008
v -0.090820 0.013853 0.136742
v -0.041850 0.000186 0.135301
v -0.111150 0.004972 0.135315
v -0.031160 0.028939 0.135222
v -0.054000 0.097441 0.135329
v -0.070750 0.085789 0.135264
v -0.019390 0.037717 0.135293
v -0.007110 0.042757 0.135038
v -0.017120 0.110007 0.135543
v -0.038750 0.104265 0.135022
v -0.003570 0.069410 0.136702
v -0.003260 0.077817 0.136642
v 0.008940 0.110813 0.134948
v 0.005790 0.073306 0.136977
v 0.008500 0.045668 0.135659
v 0.032980 0.106310 0.135299
v 0.027490 0.043282 0.135461
v 0.051880 0.074661 0.136863
v 0.049480 0.099798 0.135156
v 0.061680 0.092733 0.135089
v 0.060990 0.068956 0.136808
v 0.060270 0.077927 0.136648
v 0.083110 0.073949 0.135146
v 0.048810 0.039325 0.135138
v 0.095710 0.056867 0.135400
v 0.048560 0.000172 0.135594
v 0.111200 0.003259 0.135671
v 0.106740 0.031514 0.135324
v -0.098000 0.046495 0.135373
v -0.041170 0.015655 0.135460
v -0.107710 0.027903 0.135853
v -0.111150 0.004972 0.135315
v -0.041850 0.000186 0.135301
v -0.031160 0.028939 0.135222
v -0.089080 0.066702 0.135516
v -0.070750 0.085789 0.135264
v -0.019390 0.037717 0.135293
v -0.054000 0.097441 0.135329
v -0.038750 0.104265 0.135022
v -0.007110 0.042757 0.135038
v -0.017120 0.110007 0.135543
v 0.008940 0.110813 0.134948
v 0.032980 0.106310 0.135299
v 0.049480 0.099798 0.135156
v 0.027490 0.043282 0.135461
v 0.048810 0.039325 0.135138
v 0.061680 0.092733 0.135089
v 0.083110 0.073949 0.135146
v 0.095710 0.056867 0.135400
v 0.106740 0.031514 0.135324
v 0.048560 0.000172 0.135594
v 0.111200 0.003259 0.135671
v -0.025470 0.079968 0.160468
v -0.026020 0.039578 0.207275
v -0.023160 0.079289 0.207812
v -0.028500 0.038593 0.160468
v -0.043540 -0.055547 0.160468
v -0.077110 -0.071201 0.160468
v -0.024130 -0.098316 0.160468
v -0.036470 -0.054582 0.160468
v -0.027310 -0.039747 0.160468
v -0.040740 -0.049866 0.160468
v -0.098590 -0.037582 0.160468
v -0.036150 -0.052389 0.152467
v -0.042700 -0.051352 0.152467
v -0.103460 -0.046790 0.160467
v -0.079800 -0.062663 0.160468
v -0.089170 -0.065852 0.160468
v -0.037100 -0.096686 0.160468
v -0.031240 -0.106880 0.160468
v -0.048000 -0.101199 0.160468
v -0.045600 -0.093863 0.160468
v -0.068940 -0.091142 0.160468
v -0.083970 -0.074634 0.160468
v 0.057330 0.073309 0.154570
v 0.018270 0.083451 0.156277
v -0.001450 0.054533 0.156277
v -0.018200 0.082212 0.156277
v -0.020070 0.055943 0.156277
v -0.011680 0.051310 0.156277
v 0.031550 0.082790 0.156277
v 0.010060 0.048652 0.156277
v 0.085090 0.075952 0.156277
v 0.072320 0.085666 0.156277
v 0.039110 0.058812 0.156277
v 0.084040 0.063878 0.156277
v 0.013740 0.039085 0.156277
v 0.034210 0.039174 0.156277
v 0.118750 -0.098180 0.195424
v 0.096950 -0.110292 0.192632
v 0.075020 -0.124932 0.195294
v 0.087600 -0.112139 0.193303
v 0.064350 -0.116907 0.191202
v 0.066830 -0.129334 0.207380
v 0.069220 -0.127644 0.195520
v 0.125240 -0.094002 0.207454
v 0.064320 -0.129822 0.195012
v 0.046890 -0.127968 0.207282
v 0.047560 -0.129138 0.195012
v 0.041590 -0.127911 0.201785
v 0.035920 -0.131370 0.207270
v 0.038420 -0.128621 0.196464
v 0.041670 -0.133994 0.199178
v 0.004990 -0.127964 0.207266
v 0.003280 -0.128552 0.196531
v -0.000830 -0.127898 0.200816
v -0.005670 -0.129054 0.195012
v -0.004980 -0.127969 0.207284
v -0.020760 -0.130482 0.195012
v -0.021360 -0.131094 0.207085
v -0.030920 0.022418 0.191418
v -0.034980 0.029730 0.154499
v -0.037520 0.009554 0.190793
v -0.039570 0.033700 0.191279
v -0.038650 0.004975 0.154499
v -0.037290 0.006240 0.184920
v -0.037700 -0.008401 0.187814
v -0.037780 -0.011140 0.154499
v -0.033500 -0.017960 0.191108
v -0.034240 -0.028517 0.154499
v -0.035440 -0.031855 0.191184
v -0.101790 -0.057528 0.195012
v -0.123800 -0.077597 0.195012
v -0.124850 -0.093462 0.195012
v -0.123450 -0.066052 0.195012
v -0.109550 -0.041787 0.195012
v -0.123010 -0.057263 0.196654
v -0.124210 -0.045107 0.195012
v -0.091270 0.019424 0.153410
v -0.091170 -0.019385 0.153615
v -0.034980 0.029730 0.154499
v -0.106780 0.030556 0.154498
v -0.113920 0.000409 0.154499
v -0.038650 0.004975 0.154499
v -0.107240 -0.030367 0.154498
v -0.037780 -0.011140 0.154499
v -0.034240 -0.028517 0.154499
v 0.108080 0.044331 0.195012
v 0.122950 0.071751 0.195012
v 0.095680 0.068903 0.195012
v 0.116300 0.082399 0.195012
v 0.121230 0.042973 0.195012
v 0.055100 0.002840 0.055078
v -0.049020 0.025018 0.055078
v -0.035660 0.041896 0.055078
v -0.054880 0.004304 0.055078
v -0.016850 0.052360 0.055078
v 0.004510 0.054819 0.055078
v 0.020190 0.051456 0.055078
v 0.034210 0.043088 0.055078
v 0.048040 0.026849 0.055078
v -0.054040 -0.011883 0.055078
v 0.054460 -0.009800 0.055078
v 0.049970 -0.023249 0.055078
v -0.047990 -0.027022 0.055078
v -0.035680 -0.042028 0.055078
v 0.035610 -0.042037 0.055078
v 0.018000 -0.051796 0.055078
v -0.014840 -0.053068 0.055078
v -0.049020 0.025018 0.055078
v 0.055100 0.002840 0.055078
v -0.035660 0.041896 0.055078
v -0.016850 0.052360 0.055078
v -0.054880 0.004304 0.055078
v 0.004510 0.054819 0.055078
v 0.020190 0.051456 0.055078
v 0.034210 0.043088 0.055078
v 0.048040 0.026849 0.055078
v -0.054040 -0.011883 0.055078
v 0.054460 -0.009800 0.055078
v 0.049970 -0.023249 0.055078
v -0.047990 -0.027022 0.055078
v -0.035680 -0.042028 0.055078
v 0.035610 -0.042037 0.055078
v 0.018000 -0.051796 0.055078
v -0.014840 -0.053068 0.055078
v 0.066340 0.041509 0.179187
v 0.115010 0.033131 0.153568
v 0.062200 0.038546 0.152557
v 0.060480 0.045591 0.179187
v 0.106320 0.035466 0.179187
v 0.112580 0.029307 0.140135
v 0.068450 0.046335 0.191202
v 0.071950 0.043344 0.191202
v 0.117910 0.030766 0.139669
v 0.115260 0.031962 0.191040
v 0.108830 0.036704 0.152052
v 0.127910 0.021935 0.154798
v 0.135150 0.022094 0.137614
v 0.137800 0.021184 0.154832
v 0.102180 0.052215 0.152574
v 0.099750 0.054308 0.179187
v 0.064760 0.053126 0.152587
v 0.066530 0.054118 0.179187
v 0.106320 0.035466 0.179187
v 0.108830 0.036704 0.152052
v 0.115010 0.033131 0.153568
v -0.037310 0.003738 0.049836
v -0.029460 0.024334 0.049836
v -0.033790 0.017421 0.026017
v -0.037330 0.001927 0.024852
v -0.037190 -0.007042 0.036729
v -0.032410 -0.017068 0.024979
v -0.034490 -0.005125 0.021807
v -0.033290 -0.017419 0.036728
v -0.034830 -0.015809 0.049836
v -0.024220 -0.028640 0.025631
v -0.024470 -0.029280 0.049836
v 0.119960 0.009324 0.155435
v 0.127910 0.021935 0.154798
v 0.115010 0.033131 0.153568
v 0.137800 0.021184 0.154832
v 0.139550 0.001998 0.155034
v 0.126210 -0.003927 0.154396
v 0.119580 0.013357 0.136887
v 0.129530 0.000436 0.137171
v 0.122090 -0.008833 0.138767
v 0.135150 0.022094 0.137614
v 0.139630 0.002174 0.137076
v 0.139250 0.015301 0.137665
v 0.117910 0.030766 0.139669
v 0.112580 0.029307 0.140135
v 0.115720 -0.009942 0.139844
v 0.063280 -0.054560 0.191138
v 0.065810 -0.055059 0.152580
v 0.103150 -0.053295 0.191147
v 0.100310 -0.055007 0.152579
v -0.027540 -0.113717 0.195012
v -0.051390 -0.105829 0.195012
v -0.045690 -0.128697 0.196429
v -0.064620 -0.129310 0.195012
v -0.036320 -0.129016 0.195012
v -0.025700 -0.130774 0.195012
v 0.097110 0.074520 0.195219
v 0.095530 0.071100 0.207498
v 0.115250 0.084280 0.207562
v 0.113040 0.085083 0.195520
v 0.067010 0.095344 0.195012
v 0.065110 0.097630 0.207542
v 0.107690 0.083846 0.191204
v 0.108060 0.084585 0.195520
v 0.102940 0.080593 0.191202
v 0.104150 0.080965 0.195520
v 0.098500 0.080254 0.195328
v -0.069840 0.095836 0.195012
v -0.066970 0.113096 0.195227
v -0.084100 0.100957 0.193149
v -0.083170 0.108070 0.193380
v -0.089660 0.096739 0.193631
v -0.073070 0.123799 0.195484
v -0.098170 0.080455 0.195253
v -0.088460 0.112653 0.193462
v -0.068300 0.124918 0.195520
v -0.097580 0.100068 0.193536
v -0.096020 0.074116 0.195293
v -0.110430 0.091403 0.195257
v -0.096820 0.110121 0.192557
v -0.103720 0.079785 0.195520
v -0.106090 0.084133 0.195520
v -0.112610 0.085266 0.195520
v -0.084020 0.128867 0.195388
v -0.082160 0.137428 0.192221
v -0.078290 0.128969 0.191202
v -0.077510 0.128909 0.195520
v -0.081200 0.134718 0.195520
v -0.091280 0.053197 0.140093
v -0.040750 0.042308 0.139950
v -0.090940 0.052970 0.152075
v -0.040110 0.042747 0.152266
v -0.036140 0.046231 0.152421
v -0.036390 0.045859 0.139789
v -0.099160 0.061076 0.150429
v -0.098910 0.061283 0.141081
v -0.104830 0.057101 0.149221
v -0.105060 0.057292 0.142901
v 0.115720 -0.009942 0.139844
v 0.066190 -0.037971 0.152222
v 0.116370 -0.008233 0.189170
v 0.063700 -0.035057 0.189169
v 0.061180 -0.033791 0.152575
v 0.115720 -0.009942 0.139844
v 0.116370 -0.008233 0.189170
v 0.112580 0.029307 0.140135
v 0.112510 0.028547 0.189170
v -0.108280 0.043831 0.195012
v -0.097970 0.068204 0.195012
v -0.122210 0.069044 0.197562
v -0.116280 0.082380 0.195012
v -0.124150 0.045699 0.195012
v -0.128310 0.065619 0.199382
v -0.122220 0.064219 0.200331
v 0.004850 0.017941 0.160462
v 0.015070 0.011594 0.160463
v 0.015030 0.020181 0.160468
v 0.010180 0.022184 0.152467
v 0.017070 0.023029 0.152467
v 0.010740 0.025439 0.160468
v 0.020440 0.026226 0.160468
v 0.015640 0.032619 0.160468
v 0.032960 0.016587 0.160467
v 0.003320 0.030760 0.160468
v -0.004580 0.018438 0.160462
v -0.010470 0.024582 0.160468
v -0.017490 0.030154 0.160468
v -0.016100 0.020815 0.160468
v -0.015640 0.022042 0.152467
v -0.011230 0.026404 0.152467
v -0.013850 0.012157 0.160455
v -0.031270 0.018900 0.160467
v -0.018380 0.004579 0.160463
v -0.025390 0.002531 0.160468
v -0.031170 -0.001388 0.160468
v -0.036430 -0.002091 0.160468
v -0.020440 -0.005990 0.160468
v -0.031120 -0.019318 0.160468
v -0.014990 -0.013296 0.160468
v -0.013970 -0.020665 0.160468
v -0.016860 -0.029950 0.160468
v -0.008060 -0.028388 0.160468
v -0.003220 -0.021742 0.160041
v 0.000590 -0.026219 0.159498
v 0.005130 -0.018543 0.160463
v 0.009310 -0.028713 0.160468
v 0.000880 -0.022286 0.159624
v 0.012180 -0.020316 0.160468
v 0.014620 -0.011950 0.160460
v 0.017420 -0.024456 0.160468
v 0.017230 -0.032334 0.160468
v 0.031140 -0.019424 0.160468
v 0.036430 -0.001885 0.160468
v 0.021620 -0.005500 0.160468
v 0.031010 0.001261 0.160468
v 0.021180 0.004719 0.160468
v 0.025320 -0.003553 0.152467
v 0.025670 0.003057 0.152467
v 0.066150 0.127743 0.207814
v 0.065110 0.097630 0.207542
v 0.068450 0.122972 0.195432
v 0.067010 0.095344 0.195012
v 0.026000 0.033859 0.069551
v 0.036450 0.036943 0.069611
v 0.026990 0.034133 0.149414
v 0.037980 0.033407 0.149397
v 0.046240 0.032593 0.149183
v 0.043630 0.033031 0.134705
v 0.064760 -0.052869 0.179187
v 0.099730 -0.054451 0.179187
v 0.065810 -0.055059 0.152580
v 0.100310 -0.055007 0.152579
v -0.081270 0.064517 0.160468
v -0.051440 0.084135 0.160468
v -0.071990 0.085919 0.160468
v -0.088380 0.067781 0.160468
v -0.047020 0.052507 0.160468
v -0.035650 0.085521 0.160468
v -0.084480 0.056629 0.160468
v -0.094000 0.061375 0.160468
v -0.103400 0.046646 0.160468
v -0.097960 0.037074 0.160468
v -0.040320 0.052941 0.160468
v -0.025470 0.079968 0.160468
v -0.028500 0.038593 0.160468
v -0.042670 0.047219 0.160468
v -0.046640 0.051405 0.152467
v -0.040590 0.049689 0.152467
v -0.098940 -0.076978 0.140027
v -0.115100 -0.125596 0.140455
v -0.099120 -0.076839 0.152030
v -0.086510 -0.060276 0.140213
v -0.086020 -0.059927 0.151995
v -0.114950 -0.125404 0.151927
v -0.112460 -0.132685 0.151885
v -0.112030 -0.133333 0.139945
v -0.099880 -0.142968 0.151643
v -0.085160 -0.152123 0.142460
v -0.062810 -0.162706 0.146593
v -0.086510 -0.060276 0.140213
v -0.086020 -0.059927 0.151995
v -0.036430 -0.045632 0.139745
v -0.037440 -0.045300 0.152403
v -0.033190 -0.048409 0.152279
v -0.032520 -0.048933 0.139809
v -0.039910 0.096945 0.151884
v -0.036390 0.045859 0.139789
v -0.040180 0.097405 0.140216
v -0.036140 0.046231 0.152421
v -0.053650 0.113356 0.151966
v -0.053840 0.113151 0.139996
v -0.071000 0.069749 0.152423
v -0.057660 0.079988 0.140105
v -0.058020 0.079756 0.152055
v -0.070840 0.068743 0.140190
v -0.051150 0.077370 0.151930
v -0.050770 0.076841 0.140136
v -0.051150 0.077370 0.151930
v -0.050770 0.076841 0.140136
v -0.048950 0.062722 0.152186
v -0.049350 0.060904 0.139855
v -0.052780 0.057574 0.152105
v 0.037700 -0.000429 0.049836
v 0.036330 -0.006441 0.025132
v 0.035930 0.011155 0.025636
v 0.032940 -0.017706 0.025692
v 0.032750 0.010800 0.021807
v 0.033370 -0.018195 0.049836
v 0.023850 -0.029613 0.049836
v 0.026080 -0.024973 0.024461
v 0.026840 0.021903 0.021807
v 0.019020 0.030575 0.024186
v 0.032480 0.019945 0.049836
v 0.028870 0.024139 0.025629
v 0.024320 0.029280 0.049836
v 0.019020 0.030575 0.024186
v 0.010640 0.036176 0.025636
v 0.024320 0.029280 0.049836
v 0.028870 0.024139 0.025629
v 0.011250 0.036407 0.049836
v -0.003130 0.038018 0.049836
v -0.003620 0.037572 0.025636
v -0.018940 0.031813 0.025606
v -0.004050 0.033956 0.021807
v -0.017920 0.033717 0.049836
v -0.029460 0.024334 0.049836
v -0.033790 0.017421 0.026017
v -0.026090 0.022673 0.022655
v 0.010060 0.048652 0.156277
v 0.010700 0.043603 0.207782
v 0.013740 0.039085 0.156277
v 0.011350 0.035086 0.207389
v -0.051480 -0.084164 0.140189
v -0.065280 -0.074204 0.140171
v -0.050240 -0.084460 0.152397
v -0.065460 -0.073826 0.152092
v -0.045070 -0.081146 0.152375
v -0.044980 -0.080829 0.140238
v -0.044980 -0.080829 0.140238
v -0.045070 -0.081146 0.152375
v -0.044780 -0.064360 0.140379
v -0.044830 -0.064139 0.152076
v -0.038330 -0.110049 0.150426
v -0.032320 -0.100625 0.140116
v -0.032210 -0.100275 0.152142
v -0.032520 -0.048933 0.139809
v -0.033190 -0.048409 0.152279
v -0.038310 -0.109739 0.140893
v -0.033220 -0.114755 0.142994
v -0.033360 -0.115003 0.149327
v -0.043690 -0.127211 0.149511
v -0.045470 -0.128392 0.142665
v 0.004850 0.017941 0.160462
v 0.013810 0.012898 0.152139
v 0.015070 0.011594 0.160463
v -0.003630 0.018867 0.152308
v -0.004580 0.018438 0.160462
v -0.013470 0.013345 0.152214
v -0.013850 0.012157 0.160455
v 0.078070 0.086194 0.152622
v 0.096790 0.069971 0.178387
v 0.098720 0.061003 0.154272
v 0.100720 0.057707 0.190113
v 0.096880 0.067530 0.190776
v 0.093480 0.048652 0.194985
v 0.088580 0.044734 0.191202
v 0.105920 -0.046392 0.152581
v 0.107250 -0.037909 0.179187
v 0.110440 -0.032498 0.152587
v 0.099730 -0.054451 0.179187
v 0.100310 -0.055007 0.152579
v 0.107760 -0.035998 0.187392
v 0.110170 -0.018312 0.187392
v 0.112710 -0.018272 0.151912
v 0.096110 -0.043246 0.179187
v 0.083820 -0.033946 0.179187
v 0.107250 -0.037909 0.179187
v 0.099730 -0.054451 0.179187
v 0.085010 -0.042835 0.179187
v 0.094470 -0.047767 0.179187
v 0.081580 -0.046683 0.179187
v 0.064760 -0.052869 0.179187
v 0.070090 -0.042478 0.179187
v 0.060600 -0.044372 0.179187
v 0.069990 -0.047094 0.179187
v -0.054680 0.056793 0.139846
v -0.067990 0.060559 0.152056
v -0.052780 0.057574 0.152105
v -0.069660 0.061535 0.140219
v -0.049350 0.060904 0.139855
v -0.014990 -0.013296 0.160468
v -0.018340 -0.006475 0.152235
v -0.018380 0.004579 0.160463
v -0.013640 -0.013271 0.152235
v -0.013470 0.013345 0.152214
v -0.013850 0.012157 0.160455
v -0.064860 0.099961 0.169449
v -0.067700 0.094607 0.152550
v -0.089930 0.072992 0.152466
v -0.049900 0.101240 0.152515
v -0.058500 0.099777 0.172618
v -0.060040 0.099570 0.207128
v -0.032690 0.111653 0.152628
v -0.035280 0.108692 0.171837
v -0.021230 0.096997 0.172800
v -0.035550 0.104919 0.160468
v -0.051060 0.097846 0.160468
v -0.042910 0.094908 0.160468
v -0.058180 0.096546 0.160468
v -0.055390 0.089973 0.160468
v -0.032330 0.091819 0.160468
v -0.047190 0.087142 0.160468
v 0.088100 -0.064874 0.206687
v 0.086490 -0.072696 0.156276
v 0.080850 -0.082617 0.207408
v 0.071470 -0.089172 0.156277
v 0.081720 -0.061348 0.156277
v 0.093690 0.041278 0.195240
v 0.117500 0.035661 0.194172
v 0.068700 0.042461 0.191202
v 0.099030 0.044950 0.197552
v 0.099150 0.044521 0.191202
v 0.068050 0.042438 0.197552
v 0.076760 0.044386 0.197552
v 0.078730 0.043038 0.191202
v 0.082200 0.040871 0.197552
v 0.084100 0.046622 0.197552
v 0.088580 0.044734 0.191202
v 0.026790 -0.033908 0.149414
v 0.002670 -0.040903 0.151568
v 0.037940 -0.033769 0.149410
v 0.046210 -0.032656 0.149207
v 0.045870 -0.038687 0.149278
v 0.040210 -0.019534 0.146018
v 0.035570 -0.020841 0.150237
v 0.029050 -0.020631 0.151583
v 0.030850 -0.027192 0.152357
v 0.025510 -0.027028 0.150646
v 0.018410 -0.036787 0.151702
v 0.019440 -0.032003 0.150406
v 0.011780 -0.033606 0.151199
v 0.004550 -0.033666 0.151293
v -0.003770 -0.032295 0.151702
v -0.015120 -0.038135 0.152347
v -0.013180 -0.033008 0.151181
v -0.027740 -0.030250 0.152349
v -0.024920 -0.027673 0.150643
v -0.026190 -0.019890 0.151228
v -0.037640 -0.015872 0.152357
v -0.031010 -0.013062 0.151180
v -0.036740 -0.005750 0.150612
v -0.040960 -0.000054 0.152344
v -0.035180 0.004349 0.151340
v -0.038520 0.013992 0.152369
v -0.030670 0.012790 0.151061
v -0.026060 0.019420 0.151880
v -0.027690 0.030206 0.152351
v -0.022990 0.027085 0.151257
v -0.013230 0.032884 0.151130
v -0.013020 0.038678 0.152348
v -0.003870 0.035261 0.150819
v 0.004920 0.040730 0.151549
v 0.004220 0.033377 0.151221
v 0.015230 0.031826 0.151081
v 0.018730 0.036495 0.151751
v 0.027510 0.022328 0.151312
v 0.031060 0.026871 0.152337
v 0.026990 0.034133 0.149414
v 0.035630 0.020732 0.150336
v 0.037980 0.033407 0.149397
v 0.040150 0.019133 0.146017
v 0.046240 0.032593 0.149183
v 0.045950 0.038551 0.149283
v 0.026790 -0.033908 0.149414
v 0.037940 -0.033769 0.149410
v 0.026230 -0.034154 0.069551
v 0.039710 -0.033846 0.069611
v 0.046210 -0.032656 0.149207
v 0.041250 -0.033394 0.134505
v 0.046380 -0.034875 0.140408
v -0.064810 -0.130449 0.207447
v -0.119160 -0.097414 0.195425
v -0.124830 -0.095691 0.207880
v -0.073680 -0.124503 0.195335
v -0.097540 -0.109824 0.193021
v -0.068970 -0.127697 0.195520
v -0.045690 -0.128697 0.196429
v -0.064620 -0.129310 0.195012
v -0.047910 -0.131372 0.207264
v -0.042190 -0.127910 0.201515
v -0.042080 -0.133994 0.199279
v -0.036930 -0.127972 0.207296
v -0.036320 -0.129016 0.195012
v -0.025700 -0.130774 0.195012
v -0.024860 -0.131169 0.207118
v -0.112700 -0.082031 0.195364
v -0.100950 -0.061422 0.207357
v -0.124830 -0.095691 0.207880
v -0.100080 -0.063044 0.195012
v -0.119160 -0.097414 0.195425
v -0.111500 -0.086146 0.195414
v -0.112940 -0.086001 0.191202
v -0.118370 -0.094937 0.191202
v -0.116280 -0.092077 0.195520
v -0.115920 -0.090756 0.191202
v -0.124850 -0.093462 0.195012
v -0.122280 -0.076665 0.207266
v -0.123800 -0.077597 0.195012
v -0.123450 -0.066052 0.195012
v -0.123590 -0.066418 0.207342
v -0.126310 -0.060492 0.207279
v -0.127640 -0.044010 0.207678
v -0.123010 -0.057263 0.196654
v -0.124210 -0.045107 0.195012
v -0.124540 -0.038987 0.207310
v -0.123740 -0.048605 0.207348
v -0.122230 -0.054645 0.202658
v -0.128310 -0.054155 0.199436
v 0.016220 -0.033752 0.025518
v 0.026080 -0.024973 0.024461
v 0.023850 -0.029613 0.049836
v 0.007840 -0.036976 0.049836
v -0.001860 -0.036665 0.025261
v 0.010160 -0.032437 0.021807
v -0.011370 -0.036381 0.049836
v -0.014390 -0.033825 0.024919
v -0.024220 -0.028640 0.025631
v -0.024470 -0.029280 0.049836
v -0.022260 -0.026690 0.021807
v -0.032410 -0.017068 0.024979
v 0.015070 0.011594 0.160463
v 0.013810 0.012898 0.152139
v 0.018490 -0.005324 0.152242
v 0.014620 -0.011950 0.160460
v 0.013870 -0.013375 0.152256
v -0.081970 0.139112 0.206144
v -0.081200 0.134718 0.195520
v -0.066790 0.124298 0.207198
v -0.068300 0.124918 0.195520
v -0.072880 0.125034 0.191202
v -0.073070 0.123799 0.195484
v -0.077510 0.128909 0.195520
v -0.078290 0.128969 0.191202
v -0.084020 0.128867 0.195388
v 0.036530 -0.002469 0.188627
v 0.038670 -0.033078 0.189797
v 0.036510 0.032732 0.189604
v 0.031680 -0.018968 0.190942
v 0.017630 -0.032355 0.191220
v 0.032420 0.017333 0.190702
v 0.017770 0.032163 0.191196
v 0.126210 -0.003927 0.154396
v 0.129530 0.000436 0.137171
v 0.139550 0.001998 0.155034
v 0.139630 0.002174 0.137076
v -0.097550 0.102929 0.152722
v -0.101200 0.099855 0.139729
v -0.105640 0.094750 0.152404
v -0.096320 0.103616 0.139857
v -0.091120 0.107072 0.152040
v -0.089020 0.110302 0.140262
v -0.110710 0.086206 0.140602
v -0.111430 0.083904 0.151117
v -0.113740 0.076590 0.150198
v -0.114810 0.068885 0.142949
v -0.114220 0.068410 0.149413
v -0.104830 0.057101 0.149221
v -0.105060 0.057292 0.142901
v -0.101180 -0.115404 0.139823
v -0.099190 -0.114580 0.151688
v -0.102450 -0.125925 0.152422
v -0.102830 -0.122872 0.139843
v -0.098620 -0.130268 0.152032
v -0.099010 -0.129849 0.140175
v -0.088300 -0.135275 0.141390
v -0.082530 -0.139674 0.150310
v -0.059630 -0.159502 0.146176
v -0.078860 -0.118217 0.152942
v -0.070180 -0.123481 0.139792
v -0.058000 -0.126947 0.151119
v -0.045470 -0.128392 0.142665
v -0.050390 -0.127631 0.150204
v -0.043690 -0.127211 0.149511
v -0.080870 -0.116154 0.139991
v -0.089270 -0.110530 0.151761
v -0.091030 -0.110247 0.140251
v -0.099190 -0.114580 0.151688
v -0.101180 -0.115404 0.139823
v 0.063700 -0.035057 0.189169
v 0.062200 0.038546 0.152557
v 0.062600 0.035278 0.189169
v 0.061180 -0.033791 0.152575
v 0.064760 0.053126 0.152587
v 0.060480 0.045591 0.179187
v 0.066530 0.054118 0.179187
v 0.063470 -0.116745 0.195490
v 0.052570 -0.103899 0.207870
v 0.066830 -0.129334 0.207380
v 0.054890 -0.104070 0.195012
v 0.069220 -0.127644 0.195520
v 0.068640 -0.122632 0.191202
v 0.068190 -0.122541 0.195520
v 0.064350 -0.116907 0.191202
v 0.064010 -0.112609 0.195296
v 0.065110 0.097630 0.207542
v 0.067530 0.129511 0.190376
v 0.065190 0.098585 0.177577
v 0.066150 0.127743 0.207814
v 0.060770 0.092031 0.207272
v 0.062280 0.094264 0.152658
v 0.075290 0.138023 0.202400
v 0.076450 0.136203 0.194652
v 0.073590 0.142099 0.196853
v 0.078170 0.145451 0.201935
v 0.079680 0.143460 0.197469
v -0.032690 0.111653 0.152628
v -0.021230 0.096997 0.172800
v -0.021000 0.097005 0.152670
v -0.016080 0.089936 0.152502
v -0.022260 0.090032 0.177601
v -0.040290 -0.100280 0.149673
v -0.040610 -0.100354 0.139767
v -0.044180 -0.098578 0.149673
v -0.044360 -0.096774 0.139767
v -0.043610 -0.093299 0.149673
v -0.040750 -0.093776 0.139767
v -0.037890 -0.096724 0.149673
v -0.039170 -0.092280 0.149673
v -0.037870 -0.097108 0.139767
v -0.040290 -0.100280 0.149673
v -0.040610 -0.100354 0.139767
v -0.036660 -0.093384 0.152467
v -0.035490 -0.097254 0.149673
v -0.036390 -0.100157 0.152467
v -0.040360 -0.102732 0.149673
v -0.044210 -0.103053 0.151969
v -0.031170 -0.001388 0.160468
v -0.030290 -0.000673 0.152467
v -0.025390 0.002531 0.160468
v -0.024420 0.000246 0.152467
v -0.020440 -0.005990 0.160468
v -0.020440 -0.005990 0.160468
v -0.030290 -0.000673 0.152467
v -0.031170 -0.001388 0.160468
v -0.024420 0.000246 0.152467
v -0.113530 0.083096 0.207493
v -0.096020 0.074116 0.195293
v -0.112610 0.085266 0.195520
v -0.096670 0.071756 0.207515
v -0.081420 0.082681 0.207339
v -0.069840 0.095836 0.195012
v -0.072290 0.087769 0.207434
v -0.106740 0.083821 0.191202
v -0.111120 0.085419 0.191202
v -0.106090 0.084133 0.195520
v -0.103720 0.079785 0.195520
v -0.101740 0.080067 0.191202
v -0.048800 0.090244 0.149673
v -0.049180 0.090304 0.139767
v -0.053280 0.094520 0.149673
v -0.045260 0.093075 0.139767
v -0.044140 0.093592 0.149673
v -0.084670 -0.065100 0.149673
v -0.081600 -0.064273 0.139767
v -0.079590 -0.064512 0.149673
v -0.077750 -0.066991 0.139767
v -0.078990 -0.062016 0.149673
v -0.082940 -0.062161 0.152467
v -0.076690 -0.063229 0.152467
v -0.082110 -0.071879 0.149673
v -0.084200 -0.068016 0.139767
v -0.084670 -0.065100 0.149673
v -0.081600 -0.064273 0.139767
v -0.082940 -0.062161 0.152467
v -0.086830 -0.067498 0.152467
v -0.086220 -0.070146 0.149673
v -0.083780 -0.072682 0.152467
v 0.116300 0.082399 0.195012
v 0.115250 0.084280 0.207562
v 0.095680 0.068903 0.195012
v 0.095530 0.071100 0.207498
v 0.102030 0.055277 0.207353
v 0.108080 0.044331 0.195012
v 0.108590 0.039535 0.207468
v 0.009310 -0.028713 0.160468
v 0.010240 -0.024507 0.152467
v 0.012180 -0.020316 0.160468
v 0.020510 -0.019890 0.152467
v 0.017420 -0.024456 0.160468
v 0.031010 0.001261 0.160468
v 0.031260 -0.001244 0.152467
v 0.021620 -0.005500 0.160468
v 0.025320 -0.003553 0.152467
v 0.037680 -0.037992 0.207670
v 0.038920 -0.058712 0.156277
v 0.039760 -0.058168 0.207878
v 0.034510 -0.039414 0.156277
v -0.082280 0.061619 0.139767
v -0.080620 0.061493 0.149673
v -0.081410 0.065222 0.152467
v -0.080450 0.059274 0.152467
v -0.084160 0.058231 0.139767
v -0.084330 0.056896 0.149673
v -0.088280 0.058381 0.139767
v -0.090140 0.060748 0.149673
v -0.084330 0.056896 0.149673
v -0.084160 0.058231 0.139767
v -0.086350 0.055395 0.152467
v -0.088990 0.055875 0.149673
v -0.080450 0.059274 0.152467
v 0.093690 0.041278 0.195240
v 0.082200 0.040871 0.197552
v 0.041590 0.036685 0.197552
v 0.068700 0.042461 0.191202
v 0.078730 0.043038 0.191202
v 0.070170 0.048804 0.197552
v 0.068050 0.042438 0.197552
v 0.070820 0.048521 0.191202
v 0.076760 0.044386 0.197552
v 0.081400 0.048158 0.191202
v 0.084100 0.046622 0.197552
v 0.088580 0.044734 0.191202
v 0.039650 0.057959 0.207881
v 0.034210 0.039174 0.156277
v 0.037450 0.037895 0.207580
v 0.039110 0.058812 0.156277
v -0.004700 0.041171 0.189852
v -0.005170 0.050839 0.207872
v -0.000690 0.040541 0.207915
v 0.003450 0.046644 0.187876
v 0.003210 0.049330 0.207901
v -0.001450 0.054533 0.156277
v 0.010060 0.048652 0.156277
v 0.010700 0.043603 0.207782
v -0.011680 0.051310 0.156277
v -0.011360 0.050939 0.207625
v -0.020070 0.055943 0.156277
v -0.019970 0.054846 0.207182
v 0.026000 0.033859 0.069551
v 0.004210 0.040516 0.066462
v 0.036450 0.036943 0.069611
v 0.040350 0.013289 0.067884
v 0.036580 0.023627 0.069552
v 0.047140 0.011025 0.068317
v 0.040640 0.003572 0.065700
v 0.047280 -0.011097 0.068227
v 0.039820 -0.008270 0.065585
v 0.040620 -0.013856 0.068399
v 0.031570 -0.025331 0.064931
v 0.026230 -0.034154 0.069551
v 0.016470 -0.036931 0.064933
v 0.036180 -0.023511 0.069552
v 0.039710 -0.033846 0.069611
v 0.003810 -0.040687 0.066553
v 0.066340 0.041509 0.179187
v 0.083250 0.042452 0.179187
v 0.106320 0.035466 0.179187
v 0.094480 0.042463 0.179187
v 0.095810 0.047002 0.179187
v 0.099750 0.054308 0.179187
v 0.081490 0.047539 0.179187
v 0.066530 0.054118 0.179187
v 0.070770 0.046664 0.179187
v 0.060480 0.045591 0.179187
v -0.092040 0.123627 0.151841
v -0.098760 0.126246 0.140343
v -0.089620 0.120916 0.140403
v -0.101780 0.125989 0.151846
v -0.106370 0.123809 0.140225
v -0.107460 0.122652 0.151918
v -0.118590 0.110598 0.150308
v -0.119480 0.109882 0.141962
v -0.142830 0.092549 0.146133
v -0.127090 -0.041544 0.191526
v -0.112850 -0.038736 0.206991
v -0.112830 -0.036543 0.196045
v -0.124540 -0.038987 0.207310
v -0.078290 0.128969 0.191202
v -0.077510 0.128909 0.195520
v -0.073070 0.123799 0.195484
v -0.084020 0.128867 0.195388
v -0.072880 0.125034 0.191202
v -0.068300 0.124918 0.195520
v -0.037100 -0.096686 0.160468
v -0.044910 -0.092717 0.152467
v -0.035610 -0.090011 0.152467
v -0.045600 -0.093863 0.160468
v 0.049480 -0.010400 0.064857
v 0.056740 -0.004001 0.064857
v 0.049680 0.009324 0.064857
v 0.053930 0.018014 0.064857
v 0.050910 -0.025414 0.064857
v 0.042310 0.027621 0.064857
v 0.045810 -0.021499 0.060625
v 0.042920 0.037278 0.064857
v 0.037660 -0.037248 0.064857
v 0.043330 -0.034142 0.058507
v 0.027140 0.042630 0.062743
v 0.030260 0.048437 0.061682
v 0.014940 0.054830 0.064857
v 0.010430 0.049415 0.061683
v -0.007190 0.056371 0.064857
v -0.009290 0.049640 0.061683
v -0.028240 0.049322 0.064857
v -0.026170 0.043233 0.060625
v -0.036560 0.034898 0.062743
v -0.041650 0.039084 0.061682
v -0.050910 0.025313 0.064857
v -0.046480 0.019828 0.061683
v -0.056380 0.009347 0.061682
v -0.050530 0.002128 0.062734
v -0.056420 -0.007247 0.064857
v -0.049390 -0.010936 0.060629
v -0.049370 -0.028290 0.064857
v -0.042350 -0.027654 0.061683
v -0.034810 -0.045035 0.064857
v -0.028560 -0.041760 0.061683
v -0.014940 -0.054932 0.064857
v -0.010430 -0.049516 0.061683
v 0.007200 -0.056473 0.064857
v 0.009300 -0.049742 0.061683
v 0.028240 -0.049424 0.064857
v 0.026180 -0.043335 0.060625
v 0.049480 -0.010400 0.064857
v 0.049680 0.009324 0.064857
v 0.050550 -0.000711 0.058507
v 0.045810 -0.021499 0.060625
v 0.048890 0.020483 0.058507
v 0.042310 0.027621 0.064857
v 0.036210 0.035226 0.058507
v 0.043330 -0.034142 0.058507
v 0.037660 -0.037248 0.064857
v 0.026180 -0.043335 0.060625
v 0.139250 0.015301 0.137665
v 0.138840 0.015238 0.152148
v 0.126070 0.010886 0.140403
v 0.126050 0.011091 0.152073
v 0.137800 0.021184 0.154832
v 0.135150 0.022094 0.137614
v 0.139550 0.001998 0.155034
v 0.139500 0.007999 0.151795
v 0.139280 0.010557 0.139410
v 0.139630 0.002174 0.137076
v 0.088720 -0.046708 0.191202
v 0.076970 -0.047424 0.197552
v 0.088490 -0.044604 0.197552
v 0.096970 -0.047237 0.197552
v 0.097170 -0.048305 0.191202
v 0.076820 -0.045924 0.191202
v 0.074480 -0.041730 0.197552
v 0.067580 -0.047579 0.191202
v 0.066510 -0.046506 0.197552
v 0.084160 -0.041913 0.191202
v 0.088490 -0.044604 0.197552
v 0.074480 -0.041730 0.197552
v 0.088720 -0.046708 0.191202
v 0.095960 -0.041525 0.191202
v 0.095230 -0.040761 0.197552
v 0.076820 -0.045924 0.191202
v 0.076970 -0.047424 0.197552
v 0.069900 -0.041491 0.191202
v 0.066510 -0.046506 0.197552
v -0.079800 -0.062663 0.160468
v -0.082070 -0.059373 0.152467
v -0.075680 -0.065319 0.152467
v -0.089170 -0.065852 0.160468
v -0.085830 -0.065946 0.152467
v 0.037680 -0.037992 0.207670
v 0.041460 -0.056463 0.197552
v 0.041740 -0.036621 0.197552
v 0.039760 -0.058168 0.207878
v -0.046760 0.098404 0.149673
v -0.047130 0.096933 0.139767
v -0.044140 0.093592 0.149673
v -0.045260 0.093075 0.139767
v -0.045900 0.098664 0.152467
v -0.043020 0.091839 0.152467
v -0.047700 0.087898 0.149673
v -0.043610 -0.093299 0.149673
v -0.040750 -0.093776 0.139767
v -0.039170 -0.092280 0.149673
v -0.044360 -0.096774 0.139767
v -0.040700 -0.091018 0.152467
v -0.036660 -0.093384 0.152467
v -0.045610 -0.093206 0.152467
v -0.046940 -0.095868 0.149673
v 0.021180 0.004719 0.160468
v 0.025670 0.003057 0.152467
v 0.031010 0.001261 0.160468
v 0.031260 -0.001244 0.152467
v 0.060640 -0.046209 0.152583
v 0.058170 0.049331 0.152514
v 0.061180 -0.033791 0.152575
v 0.066190 -0.037971 0.152222
v 0.062200 0.038546 0.152557
v 0.064760 0.053126 0.152587
v 0.060640 -0.046209 0.152583
v 0.066190 -0.037971 0.152222
v 0.060600 -0.044372 0.179187
v 0.064760 -0.052869 0.179187
v 0.065810 -0.055059 0.152580
v -0.089680 0.015262 0.146445
v -0.090820 0.013853 0.136742
v -0.086970 0.021523 0.136463
v -0.089390 0.018932 0.146201
v -0.089950 0.023052 0.146455
v -0.089280 0.019921 0.146493
v -0.087810 0.015567 0.152110
v -0.087590 0.020194 0.152077
v -0.095120 0.019294 0.146488
v -0.095720 0.023136 0.137008
v -0.090820 0.013853 0.136742
v -0.089680 0.015262 0.146445
v -0.096800 0.017988 0.152364
v -0.087810 0.015567 0.152110
v -0.087590 0.020194 0.152077
v -0.092160 0.021998 0.152126
v -0.089280 0.019921 0.146493
v 0.081390 0.134776 0.195520
v 0.081720 0.135636 0.207216
v 0.068450 0.122972 0.195432
v 0.066150 0.127743 0.207814
v 0.073490 0.125333 0.191202
v 0.074390 0.125606 0.195520
v 0.079420 0.129663 0.191202
v 0.078110 0.129178 0.195520
v 0.084310 0.128487 0.195367
v -0.122210 0.069044 0.197562
v -0.113530 0.083096 0.207493
v -0.125660 0.072792 0.207980
v -0.122220 0.064219 0.200331
v -0.128310 0.065619 0.199382
v -0.116280 0.082380 0.195012
v -0.096670 0.071756 0.207515
v -0.097970 0.068204 0.195012
v -0.077880 -0.068567 0.149673
v -0.080060 -0.070759 0.139767
v -0.082110 -0.071879 0.149673
v -0.084200 -0.068016 0.139767
v -0.079370 -0.073410 0.152467
v -0.077250 -0.072075 0.149673
v -0.083780 -0.072682 0.152467
v -0.086220 -0.070146 0.149673
v -0.048940 -0.082169 0.158436
v -0.064480 -0.070201 0.158436
v -0.046650 -0.064483 0.158436
v -0.088260 0.114711 0.151734
v -0.089020 0.110302 0.140262
v -0.091120 0.107072 0.152040
v -0.089620 0.120916 0.140403
v -0.092040 0.123627 0.151841
v 0.102940 0.080593 0.191202
v 0.104150 0.080965 0.195520
v 0.098500 0.080254 0.195328
v 0.107690 0.083846 0.191204
v 0.108060 0.084585 0.195520
v 0.110330 0.086597 0.191202
v 0.113040 0.085083 0.195520
v -0.127750 0.044309 0.207169
v -0.108280 0.043831 0.195012
v -0.124150 0.045699 0.195012
v -0.112690 0.036995 0.207104
v -0.050490 -0.061396 0.140071
v -0.064710 -0.066631 0.152117
v -0.065090 -0.067286 0.140344
v -0.050590 -0.061399 0.152071
v -0.044780 -0.064360 0.140379
v -0.044830 -0.064139 0.152076
v 0.139280 0.010557 0.139410
v 0.126070 0.010886 0.140403
v 0.139500 0.007999 0.151795
v 0.126050 0.011091 0.152073
v 0.139250 0.015301 0.137665
v 0.126050 0.011091 0.152073
v 0.138840 0.015238 0.152148
v 0.139500 0.007999 0.151795
v -0.050630 0.098034 0.149949
v -0.052330 0.099038 0.161063
v -0.053020 0.090843 0.149985
v -0.051650 0.087572 0.161132
v -0.052330 0.099038 0.161063
v -0.050630 0.098034 0.149949
v -0.053020 0.090843 0.149985
v -0.055290 0.093410 0.161184
v -0.051650 0.087572 0.161132
v -0.005410 -0.094923 0.136646
v -0.003600 -0.094554 0.146449
v -0.000690 -0.091679 0.146458
v 0.001400 -0.087928 0.136673
v 0.002510 -0.090234 0.146498
v 0.000800 -0.093784 0.152182
v 0.002810 -0.095928 0.146452
v -0.001050 -0.089423 0.152048
v 0.005200 -0.092328 0.152253
v -0.003230 -0.089526 0.146526
v 0.003980 -0.097274 0.136770
v 0.002810 -0.095928 0.146452
v -0.003600 -0.094554 0.146449
v -0.005410 -0.094923 0.136646
v 0.002510 -0.090234 0.146498
v -0.001050 -0.089423 0.152048
v 0.005200 -0.092328 0.152253
v -0.002400 -0.098307 0.152226
v -0.001860 -0.098232 0.146620
v -0.066970 0.113096 0.195227
v -0.072290 0.087769 0.207434
v -0.066790 0.124298 0.207198
v -0.069840 0.095836 0.195012
v -0.068300 0.124918 0.195520
v -0.088380 0.067781 0.160468
v -0.084730 0.065709 0.152467
v -0.081270 0.064517 0.160468
v -0.091050 0.059610 0.152467
v -0.098210 0.139471 0.140410
v -0.096520 0.138762 0.152010
v -0.053650 0.113356 0.151966
v -0.053840 0.113151 0.139996
v -0.104180 0.138945 0.151847
v -0.107330 0.137220 0.140022
v -0.123830 0.123178 0.151023
v -0.130020 0.115987 0.142435
v -0.145790 0.095774 0.145950
v 0.003450 0.046644 0.187876
v 0.003210 0.049330 0.207901
v -0.005170 0.050839 0.207872
v -0.004700 0.041171 0.189852
v -0.085580 -0.068536 0.149981
v -0.084560 -0.072662 0.161326
v -0.077850 -0.071007 0.149977
v -0.074670 -0.064819 0.160962
v -0.087270 -0.065485 0.161083
v -0.079980 -0.062935 0.149997
v -0.081570 -0.061404 0.161219
v -0.084560 -0.072662 0.161326
v -0.085580 -0.068536 0.149981
v -0.077850 -0.071007 0.149977
v -0.076310 -0.072352 0.161048
v -0.087270 -0.065485 0.161083
v -0.081570 -0.061404 0.161219
v -0.079980 -0.062935 0.149997
v -0.074670 -0.064819 0.160962
v 0.075290 0.138023 0.202400
v 0.066150 0.127743 0.207814
v 0.082160 0.139224 0.205859
v 0.067530 0.129511 0.190376
v 0.076450 0.136203 0.194652
v 0.082220 0.139216 0.192447
v 0.079680 0.143460 0.197469
v 0.073590 0.142099 0.196853
v 0.078170 0.145451 0.201935
v 0.107760 -0.035998 0.187392
v 0.083680 -0.033993 0.187392
v 0.110170 -0.018312 0.187392
v 0.001530 0.069987 0.146460
v 0.005790 0.073306 0.136977
v -0.000720 0.077418 0.146490
v -0.001700 0.076868 0.152058
v -0.003910 0.072949 0.146425
v 0.000870 0.072426 0.152182
v 0.004560 0.074701 0.146637
v 0.004230 0.076762 0.152242
v -0.001070 0.068081 0.152407
v -0.000720 0.077418 0.146490
v -0.003260 0.077817 0.136642
v -0.003910 0.072949 0.146425
v -0.003570 0.069410 0.136702
v -0.001700 0.076868 0.152058
v -0.001070 0.068081 0.152407
v 0.000870 0.072426 0.152182
v 0.001530 0.069987 0.146460
v 0.043330 -0.034142 0.058507
v 0.045810 -0.021499 0.060625
v 0.054930 -0.014822 0.058507
v 0.050550 -0.000711 0.058507
v 0.056400 0.007322 0.058507
v 0.048890 0.020483 0.058507
v 0.036210 0.035226 0.058507
v 0.042800 0.037413 0.058507
v 0.030260 0.048437 0.061682
v 0.027140 0.042630 0.062743
v 0.042310 0.027621 0.064857
v 0.014770 0.054876 0.058507
v 0.010430 0.049415 0.061683
v -0.007370 0.056348 0.058507
v -0.009290 0.049640 0.061683
v -0.028390 0.049233 0.058507
v -0.026170 0.043233 0.060625
v -0.041650 0.039084 0.061682
v -0.036560 0.034898 0.062743
v -0.050990 0.025152 0.058507
v -0.046480 0.019828 0.061683
v -0.056380 0.009347 0.061682
v -0.050530 0.002128 0.062734
v -0.056400 -0.007424 0.058507
v -0.049390 -0.010936 0.060629
v -0.049280 -0.028445 0.058507
v -0.042350 -0.027654 0.061683
v -0.034670 -0.045144 0.058507
v -0.028560 -0.041760 0.061683
v -0.014770 -0.054978 0.058507
v -0.010430 -0.049516 0.061683
v 0.007370 -0.056450 0.058507
v 0.009300 -0.049742 0.061683
v 0.028400 -0.049335 0.058507
v 0.026180 -0.043335 0.060625
v 0.050910 -0.025414 0.064857
v 0.043330 -0.034142 0.058507
v 0.054930 -0.014822 0.058507
v 0.056740 -0.004001 0.064857
v 0.056400 0.007322 0.058507
v 0.053930 0.018014 0.064857
v 0.048890 0.020483 0.058507
v 0.042920 0.037278 0.064857
v 0.042800 0.037413 0.058507
v 0.037660 -0.037248 0.064857
v 0.028400 -0.049335 0.058507
v 0.028240 -0.049424 0.064857
v -0.013970 -0.020665 0.160468
v -0.011060 -0.023126 0.152467
v -0.008060 -0.028388 0.160468
v -0.017210 -0.024643 0.152467
v -0.085410 0.064397 0.139767
v -0.081410 0.065222 0.152467
v -0.087090 0.065699 0.149673
v -0.082280 0.061619 0.139767
v -0.089030 0.062143 0.139767
v -0.087110 0.066667 0.152467
v -0.090460 0.065070 0.149673
v -0.021630 0.050299 0.067960
v -0.001030 0.055802 0.067174
v -0.035010 0.043090 0.067355
v -0.009610 0.054321 0.067825
v -0.044400 0.034460 0.066934
v -0.052530 0.016967 0.067263
v -0.039960 0.035067 0.068064
v -0.023840 0.045633 0.066727
v -0.008560 0.050763 0.066727
v 0.008510 0.051507 0.066941
v 0.023890 0.046417 0.066938
v 0.015680 0.053772 0.067234
v 0.033960 0.039857 0.066936
v 0.030860 0.046701 0.067278
v 0.042950 0.030776 0.067766
v 0.045890 0.032702 0.066668
v 0.051870 0.018229 0.067774
v 0.055430 -0.006720 0.067385
v 0.055270 0.004785 0.067852
v 0.052180 0.000391 0.066917
v 0.051990 -0.016499 0.067910
v 0.046680 -0.031663 0.066690
v 0.047040 -0.024517 0.067540
v 0.034930 -0.043750 0.067156
v 0.038650 -0.036525 0.068053
v 0.016990 -0.053428 0.067237
v 0.024640 -0.046107 0.066934
v 0.000440 -0.056102 0.067307
v 0.009350 -0.051444 0.066936
v -0.020500 -0.052552 0.066729
v -0.006830 -0.051844 0.066939
v -0.029910 -0.046932 0.067628
v -0.022350 -0.047276 0.066942
v -0.040660 -0.038714 0.066811
v -0.035730 -0.038180 0.066945
v -0.041470 -0.033788 0.068510
v -0.049580 -0.024459 0.067780
v -0.049450 -0.016332 0.066870
v -0.055480 -0.009743 0.066736
v -0.053300 -0.006947 0.068087
v -0.053820 0.004897 0.067699
v -0.079800 -0.062663 0.160468
v -0.075680 -0.065319 0.152467
v -0.077110 -0.071201 0.160468
v -0.080040 -0.072586 0.152467
v -0.083970 -0.074634 0.160468
v 0.052160 -0.075452 0.136778
v 0.057430 -0.075467 0.146461
v 0.052950 -0.073926 0.146623
v 0.059970 -0.078293 0.136589
v 0.061050 -0.075567 0.146509
v 0.058290 -0.076667 0.152225
v 0.054010 -0.072729 0.152084
v 0.057740 -0.069720 0.146458
v 0.060080 -0.070174 0.152036
v 0.060640 -0.068826 0.137117
v 0.057740 -0.069720 0.146458
v 0.061050 -0.075567 0.146509
v 0.059970 -0.078293 0.136589
v 0.060080 -0.070174 0.152036
v 0.058290 -0.076667 0.152225
v -0.027540 -0.113717 0.195012
v -0.035260 -0.109316 0.207314
v -0.052820 -0.104203 0.207817
v -0.025390 -0.107462 0.208131
v -0.051390 -0.105829 0.195012
v -0.064620 -0.129310 0.195012
v -0.064810 -0.130449 0.207447
v -0.054900 -0.104231 0.195012
v -0.077280 -0.086442 0.195012
v -0.085150 -0.078162 0.207637
v -0.090140 0.060748 0.149673
v -0.088990 0.055875 0.149673
v -0.084330 0.056896 0.149673
v -0.087090 0.065699 0.149673
v -0.090460 0.065070 0.149673
v -0.084150 0.054898 0.152467
v -0.081270 0.064517 0.160468
v -0.084730 0.065709 0.152467
v -0.084480 0.056629 0.160468
v -0.044340 0.088976 0.161255
v -0.046480 0.088464 0.149985
v -0.043960 0.095622 0.149990
v -0.041550 0.095027 0.161109
v -0.044950 0.099622 0.161005
v -0.046480 0.088464 0.149985
v -0.044340 0.088976 0.161255
v -0.043960 0.095622 0.149990
v -0.044950 0.099622 0.161005
v -0.053280 0.094520 0.149673
v -0.051350 0.094815 0.139767
v -0.051760 0.098670 0.152467
v -0.049180 0.090304 0.139767
v -0.054300 0.094254 0.152467
v -0.053730 0.090979 0.149673
v -0.051850 0.088769 0.152467
v -0.046760 0.098404 0.149673
v -0.051350 0.094815 0.139767
v -0.047130 0.096933 0.139767
v -0.051760 0.098670 0.152467
v -0.045900 0.098664 0.152467
v 0.087310 0.070621 0.207198
v 0.084040 0.063878 0.156277
v 0.083330 0.061748 0.207198
v 0.085090 0.075952 0.156277
v -0.115920 -0.090756 0.191202
v -0.116280 -0.092077 0.195520
v -0.111500 -0.086146 0.195414
v -0.118370 -0.094937 0.191202
v -0.119160 -0.097414 0.195425
v -0.112700 -0.082031 0.195364
v -0.112940 -0.086001 0.191202
v 0.002510 -0.090234 0.146498
v 0.000800 -0.093784 0.152182
v -0.001050 -0.089423 0.152048
v 0.002810 -0.095928 0.146452
v -0.003600 -0.094554 0.146449
v -0.003230 -0.089526 0.146526
v -0.002400 -0.098307 0.152226
v -0.001860 -0.098232 0.146620
v -0.002590 0.051175 0.185868
v -0.005580 0.047806 0.152467
v 0.005590 0.045831 0.152467
v 0.006460 0.044800 0.185868
v -0.003220 0.039712 0.185868
v -0.001750 0.037725 0.152467
v -0.005580 0.047806 0.152467
v -0.002590 0.051175 0.185868
v 0.073490 0.125333 0.191202
v 0.068450 0.122972 0.195432
v 0.074390 0.125606 0.195520
v 0.078110 0.129178 0.195520
v 0.079420 0.129663 0.191202
v 0.084310 0.128487 0.195367
v 0.054080 0.075135 0.146600
v 0.056220 0.069865 0.152067
v 0.060020 0.070343 0.146453
v 0.056330 0.078309 0.152134
v 0.057800 0.077208 0.146458
v 0.063050 0.073461 0.152204
v 0.062560 0.074297 0.146561
v 0.060270 0.077927 0.136648
v 0.051880 0.074661 0.136863
v 0.060020 0.070343 0.146453
v 0.057450 0.074535 0.152182
v 0.057800 0.077208 0.146458
v 0.056220 0.069865 0.152067
v 0.051880 0.074661 0.136863
v 0.054320 0.070919 0.146423
v 0.052360 0.073118 0.152104
v 0.054080 0.075135 0.146600
v 0.056330 0.078309 0.152134
v 0.060270 0.077927 0.136648
v 0.057800 0.077208 0.146458
v 0.060020 0.070343 0.146453
v 0.060990 0.068956 0.136808
v 0.063050 0.073461 0.152204
v 0.062560 0.074297 0.146561
v 0.056220 0.069865 0.152067
v 0.054320 0.070919 0.146423
v 0.060020 0.070343 0.146453
v 0.063050 0.073461 0.152204
v 0.060990 0.068956 0.136808
v 0.051880 0.074661 0.136863
v 0.052360 0.073118 0.152104
v 0.054080 0.075135 0.146600
v 0.057450 0.074535 0.152182
v 0.057800 0.077208 0.146458
v -0.044950 0.099622 0.161005
v -0.050630 0.098034 0.149949
v -0.052330 0.099038 0.161063
v -0.043960 0.095622 0.149990
v -0.050630 0.098034 0.149949
v -0.044950 0.099622 0.161005
v -0.052330 0.099038 0.161063
v -0.043960 0.095622 0.149990
v -0.045850 -0.101467 0.161510
v -0.042280 -0.101915 0.149990
v -0.040430 -0.103785 0.160911
v -0.036720 -0.099554 0.149949
v -0.035870 -0.100158 0.161430
v -0.035870 -0.100158 0.161430
v -0.042280 -0.101915 0.149990
v -0.045850 -0.101467 0.161510
v -0.036720 -0.099554 0.149949
v -0.041980 -0.090092 0.161185
v -0.036720 -0.099554 0.149949
v -0.035870 -0.100158 0.161430
v -0.036010 -0.093165 0.161079
v -0.038980 -0.092618 0.149974
v -0.046730 -0.093995 0.161072
v -0.045970 -0.095658 0.150012
v 0.042920 0.037278 0.064857
v 0.042800 0.037413 0.058507
v 0.030260 0.048437 0.061682
v 0.014940 0.054830 0.064857
v 0.014770 0.054876 0.058507
v -0.007190 0.056371 0.064857
v -0.007370 0.056348 0.058507
v -0.028240 0.049322 0.064857
v -0.028390 0.049233 0.058507
v -0.041650 0.039084 0.061682
v -0.000720 0.077418 0.146490
v 0.004560 0.074701 0.146637
v 0.001530 0.069987 0.146460
v -0.030670 0.012790 0.151061
v -0.038890 0.009275 0.149806
v -0.030410 0.025535 0.149816
v -0.035180 0.004349 0.151340
v -0.036740 -0.005750 0.150612
v -0.026060 0.019420 0.151880
v -0.022990 0.027085 0.151257
v -0.015860 0.036500 0.149806
v -0.013230 0.032884 0.151130
v -0.003870 0.035261 0.150819
v -0.031010 -0.013062 0.151180
v -0.035800 -0.017754 0.149829
v -0.026190 -0.019890 0.151228
v -0.024920 -0.027673 0.150643
v 0.012220 0.037871 0.149812
v 0.004220 0.033377 0.151221
v 0.015230 0.031826 0.151081
v 0.026300 0.030076 0.149805
v 0.027510 0.022328 0.151312
v 0.035630 0.020732 0.150336
v -0.015480 -0.036766 0.149805
v -0.013180 -0.033008 0.151181
v -0.003770 -0.032295 0.151702
v -0.002930 -0.040034 0.149821
v 0.004550 -0.033666 0.151293
v 0.009450 -0.038882 0.149809
v 0.011780 -0.033606 0.151199
v 0.019440 -0.032003 0.150406
v -0.042700 -0.051352 0.152467
v -0.043540 -0.055547 0.160468
v -0.040010 -0.057671 0.152467
v -0.040740 -0.049866 0.160468
v 0.077060 -0.086648 0.195012
v 0.080850 -0.082617 0.207408
v 0.054890 -0.104070 0.195012
v 0.052570 -0.103899 0.207870
v 0.050860 -0.105674 0.195012
v 0.066830 -0.129334 0.207380
v 0.064320 -0.129822 0.195012
v 0.022870 -0.112089 0.207248
v 0.024530 -0.113388 0.195012
v -0.001170 -0.115453 0.207390
v -0.000840 -0.116316 0.195012
v -0.020370 -0.115995 0.195012
v -0.019220 -0.112915 0.207600
v 0.039760 -0.058168 0.207878
v 0.088100 -0.064874 0.206687
v 0.099690 -0.059599 0.207912
v 0.080850 -0.082617 0.207408
v 0.001530 0.069987 0.146460
v -0.003570 0.069410 0.136702
v 0.005790 0.073306 0.136977
v -0.003910 0.072949 0.146425
v -0.001070 0.068081 0.152407
v -0.000720 0.077418 0.146490
v 0.005790 0.073306 0.136977
v -0.003260 0.077817 0.136642
v 0.004230 0.076762 0.152242
v 0.004560 0.074701 0.146637
v -0.001700 0.076868 0.152058
v -0.041980 -0.090092 0.161185
v -0.038980 -0.092618 0.149974
v -0.045970 -0.095658 0.150012
v -0.036010 -0.093165 0.161079
v -0.046730 -0.093995 0.161072
v -0.036010 -0.093165 0.161079
v -0.041980 -0.090092 0.161185
v -0.035870 -0.100158 0.161430
v -0.040430 -0.103785 0.160911
v -0.045850 -0.101467 0.161510
v 0.023890 0.046417 0.066938
v 0.023220 0.050366 0.067863
v 0.008510 0.051507 0.066941
v 0.030860 0.046701 0.067278
v 0.015680 0.053772 0.067234
v 0.037040 0.041185 0.068000
v 0.007230 0.054896 0.067916
v 0.033960 0.039857 0.066936
v -0.001030 0.055802 0.067174
v 0.042950 0.030776 0.067766
v -0.008560 0.050763 0.066727
v 0.045890 0.032702 0.066668
v -0.009610 0.054321 0.067825
v 0.051870 0.018229 0.067774
v -0.021630 0.050299 0.067960
v 0.052180 0.000391 0.066917
v -0.023840 0.045633 0.066727
v 0.055270 0.004785 0.067852
v 0.055430 -0.006720 0.067385
v 0.051990 -0.016499 0.067910
v -0.035010 0.043090 0.067355
v -0.039960 0.035067 0.068064
v -0.044400 0.034460 0.066934
v -0.052530 0.016967 0.067263
v 0.046680 -0.031663 0.066690
v 0.047040 -0.024517 0.067540
v 0.038650 -0.036525 0.068053
v 0.034930 -0.043750 0.067156
v 0.024640 -0.046107 0.066934
v 0.024460 -0.049930 0.067872
v 0.016990 -0.053428 0.067237
v 0.009350 -0.051444 0.066936
v 0.008570 -0.054856 0.067927
v 0.000440 -0.056102 0.067307
v -0.006830 -0.051844 0.066939
v -0.010560 -0.054079 0.068161
v -0.022350 -0.047276 0.066942
v -0.029910 -0.046932 0.067628
v -0.020500 -0.052552 0.066729
v -0.035730 -0.038180 0.066945
v -0.041470 -0.033788 0.068510
v -0.040660 -0.038714 0.066811
v -0.049580 -0.024459 0.067780
v -0.049450 -0.016332 0.066870
v -0.053300 -0.006947 0.068087
v -0.055480 -0.009743 0.066736
v -0.053820 0.004897 0.067699
v 0.052160 -0.075452 0.136778
v 0.057740 -0.069720 0.146458
v 0.060640 -0.068826 0.137117
v 0.052950 -0.073926 0.146623
v 0.054010 -0.072729 0.152084
v 0.060080 -0.070174 0.152036
v 0.058290 -0.076667 0.152225
v 0.061050 -0.075567 0.146509
v 0.033660 0.015022 0.157238
v 0.039940 -0.015562 0.159461
v 0.032840 -0.015131 0.157139
v 0.037560 0.014658 0.157575
v -0.112610 0.085266 0.195520
v -0.111120 0.085419 0.191202
v -0.106090 0.084133 0.195520
v -0.106740 0.083821 0.191202
v -0.103720 0.079785 0.195520
v -0.101740 0.080067 0.191202
v -0.098170 0.080455 0.195253
v 0.057430 -0.075467 0.146461
v 0.057740 -0.069720 0.146458
v 0.052950 -0.073926 0.146623
v 0.061050 -0.075567 0.146509
v -0.095120 0.019294 0.146488
v -0.096800 0.017988 0.152364
v -0.089950 0.023052 0.146455
v -0.095720 0.023136 0.137008
v -0.086970 0.021523 0.136463
v -0.092160 0.021998 0.152126
v -0.089680 0.015262 0.146445
v -0.087590 0.020194 0.152077
v -0.089680 0.015262 0.146445
v -0.087590 0.020194 0.152077
v -0.089280 0.019921 0.146493
v -0.087810 0.015567 0.152110
v -0.092160 0.021998 0.152126
v -0.096800 0.017988 0.152364
v -0.020370 -0.115995 0.195012
v -0.019220 -0.112915 0.207600
v -0.020760 -0.130482 0.195012
v -0.021360 -0.131094 0.207085
v -0.030920 0.022418 0.191418
v -0.019120 0.031593 0.191072
v -0.039570 0.033700 0.191279
v -0.035440 -0.031855 0.191184
v -0.019160 -0.031696 0.191080
v -0.033500 -0.017960 0.191108
v -0.035280 0.108692 0.171837
v -0.029930 0.097243 0.173005
v -0.021230 0.096997 0.172800
v -0.022260 0.090032 0.177601
v 0.025850 -0.050949 0.055713
v 0.026890 -0.050409 0.049713
v 0.034700 -0.045272 0.055713
v 0.034700 -0.045272 0.049713
v 0.017140 -0.054413 0.049713
v 0.017140 -0.054413 0.055713
v -0.025550 -0.040882 0.055713
v -0.025550 -0.040882 0.049713
v -0.093870 -0.015527 0.055713
v -0.096290 -0.013585 0.049713
v -0.079980 -0.062935 0.149997
v -0.074670 -0.064819 0.160962
v -0.077850 -0.071007 0.149977
v -0.076310 -0.072352 0.161048
v 0.122090 -0.008833 0.138767
v 0.117910 0.030766 0.139669
v 0.119580 0.013357 0.136887
v 0.068640 -0.122632 0.191202
v 0.068190 -0.122541 0.195520
v 0.063470 -0.116745 0.195490
v 0.069220 -0.127644 0.195520
v 0.064350 -0.116907 0.191202
v 0.064010 -0.112609 0.195296
v 0.001400 -0.087928 0.136673
v 0.002810 -0.095928 0.146452
v 0.003980 -0.097274 0.136770
v 0.002510 -0.090234 0.146498
v 0.005200 -0.092328 0.152253
v -0.015640 0.022042 0.152467
v -0.017490 0.030154 0.160468
v -0.016100 0.020815 0.160468
v 0.102030 0.055277 0.207353
v 0.041800 0.056683 0.197552
v 0.098540 0.056861 0.197551
v 0.039650 0.057959 0.207881
v -0.003230 -0.089526 0.146526
v 0.002510 -0.090234 0.146498
v -0.003600 -0.094554 0.146449
v -0.001860 -0.098232 0.146620
v 0.002810 -0.095928 0.146452
v 0.006460 0.044800 0.185868
v 0.005590 0.045831 0.152467
v -0.003220 0.039712 0.185868
v -0.001750 0.037725 0.152467
v -0.047560 0.050994 0.152467
v -0.047050 0.052492 0.139767
v -0.044730 0.053828 0.152467
v -0.046600 0.048559 0.139767
v -0.045530 0.047647 0.152467
v -0.041440 0.048387 0.152467
v -0.041500 0.048623 0.139767
v -0.045530 0.047647 0.152467
v -0.046600 0.048559 0.139767
v -0.088420 -0.014634 0.136774
v -0.088630 -0.022758 0.146455
v -0.092660 -0.024215 0.136423
v -0.089680 -0.015689 0.146461
v -0.087660 -0.015936 0.152184
v -0.090500 -0.024776 0.152346
v -0.096630 -0.018272 0.136627
v -0.089680 -0.015689 0.146461
v -0.088420 -0.014634 0.136774
v -0.095670 -0.020093 0.146451
v -0.095690 -0.016617 0.152161
v -0.087660 -0.015936 0.152184
v -0.095670 -0.020093 0.146451
v -0.092660 -0.024215 0.136423
v -0.088630 -0.022758 0.146455
v -0.096630 -0.018272 0.136627
v -0.090500 -0.024776 0.152346
v -0.095690 -0.016617 0.152161
v -0.046730 -0.093995 0.161072
v -0.045970 -0.095658 0.150012
v -0.045850 -0.101467 0.161510
v -0.042280 -0.101915 0.149990
v -0.045850 -0.101467 0.161510
v -0.042280 -0.101915 0.149990
v -0.045970 -0.095658 0.150012
v -0.046730 -0.093995 0.161072
v 0.046150 -0.009245 0.055713
v 0.034700 -0.045272 0.049713
v 0.046290 -0.008458 0.049713
v 0.034700 -0.045272 0.055713
v 0.047000 -0.000051 0.055713
v 0.047000 -0.000051 0.049713
v 0.046290 0.008354 0.055713
v 0.046150 0.009141 0.049713
v 0.034740 0.045058 0.055713
v 0.034740 0.045058 0.049713
v -0.077250 -0.072075 0.149673
v -0.075360 -0.068656 0.152467
v -0.075190 -0.066557 0.149673
v -0.079370 -0.073410 0.152467
v -0.076690 -0.063229 0.152467
v -0.078990 -0.062016 0.149673
v -0.019490 0.042772 0.049713
v -0.020350 0.042411 0.055713
v 0.017140 0.054311 0.055713
v -0.095130 -0.001110 0.049713
v -0.096880 -0.003103 0.055713
v 0.017140 0.054311 0.049713
v 0.026050 0.050756 0.049713
v 0.027100 0.050202 0.055713
v 0.034740 0.045058 0.049713
v 0.034740 0.045058 0.055713
v 0.000870 0.072426 0.152182
v 0.004230 0.076762 0.152242
v -0.001700 0.076868 0.152058
v -0.001070 0.068081 0.152407
v -0.019490 0.041437 0.152467
v -0.012500 0.041964 0.205934
v -0.012290 0.044707 0.152467
v -0.020390 0.041072 0.205934
v -0.018670 0.048916 0.152467
v -0.016750 0.048380 0.205934
v -0.019490 0.041437 0.152467
v -0.020390 0.041072 0.205934
v 0.047150 0.036596 0.168839
v 0.046850 -0.035603 0.172845
v 0.047090 -0.037654 0.167916
v 0.046880 0.034254 0.172678
v 0.046880 0.034254 0.172678
v 0.041230 -0.033099 0.168794
v 0.046850 -0.035603 0.172845
v 0.040060 -0.037239 0.168807
v 0.041570 0.032685 0.168559
v 0.047150 0.036596 0.168839
v 0.040050 0.036766 0.168944
v 0.060020 0.070343 0.146453
v 0.057800 0.077208 0.146458
v 0.054320 0.070919 0.146423
v 0.047150 0.036596 0.168839
v 0.047090 -0.037654 0.167916
v 0.041570 0.032685 0.168559
v 0.040050 0.036766 0.168944
v 0.041230 -0.033099 0.168794
v 0.040060 -0.037239 0.168807
v -0.091580 0.060865 0.152467
v -0.090460 0.065070 0.149673
v -0.087110 0.066667 0.152467
v -0.090140 0.060748 0.149673
v -0.088990 0.055875 0.149673
v -0.086350 0.055395 0.152467
v -0.089030 0.062143 0.139767
v -0.087090 0.065699 0.149673
v -0.088280 0.058381 0.139767
v 0.067430 0.096005 0.190795
v 0.065190 0.098585 0.177577
v 0.067530 0.129511 0.190376
v -0.077880 -0.068567 0.149673
v -0.077750 -0.066991 0.139767
v -0.080060 -0.070759 0.139767
v -0.079590 -0.064512 0.149673
v -0.044730 0.053828 0.152467
v -0.047050 0.052492 0.139767
v -0.043580 0.053839 0.139767
v -0.040930 0.052594 0.152467
v -0.037100 -0.096686 0.160468
v -0.035610 -0.090011 0.152467
v -0.036700 -0.099801 0.152467
v 0.046970 -0.057386 0.153921
v 0.039940 -0.015562 0.159461
v 0.040000 -0.046843 0.155441
v -0.037810 -0.056431 0.152467
v -0.038330 -0.056781 0.139767
v -0.042760 -0.055669 0.152467
v -0.043010 -0.054745 0.139767
v -0.040870 -0.050872 0.152467
v -0.040030 -0.050623 0.139767
v -0.036490 -0.052883 0.152467
v -0.043010 -0.054745 0.139767
v -0.042760 -0.055669 0.152467
v -0.036420 -0.053205 0.139767
v -0.037810 -0.056431 0.152467
v -0.038330 -0.056781 0.139767
v 0.060080 -0.070174 0.152036
v 0.061050 -0.075567 0.146509
v 0.058290 -0.076667 0.152225
v 0.057740 -0.069720 0.146458
v -0.003910 0.072949 0.146425
v 0.001530 0.069987 0.146460
v -0.000720 0.077418 0.146490
v -0.069660 0.061535 0.140219
v -0.071000 0.069749 0.152423
v -0.070930 0.063603 0.152377
v -0.070840 0.068743 0.140190
v -0.067990 0.060559 0.152056
v 0.028240 -0.049424 0.064857
v 0.007370 -0.056450 0.058507
v 0.028400 -0.049335 0.058507
v 0.007200 -0.056473 0.064857
v -0.014770 -0.054978 0.058507
v -0.014940 -0.054932 0.064857
v -0.034670 -0.045144 0.058507
v -0.034810 -0.045035 0.064857
v -0.052550 0.038304 0.152467
v -0.089000 0.037508 0.154897
v -0.053340 0.037055 0.158436
v 0.004410 0.037434 0.038304
v -0.011030 0.043225 0.038447
v -0.016690 0.033845 0.038315
v -0.026410 0.036430 0.038304
v 0.007940 0.044173 0.038658
v -0.031690 0.020986 0.038640
v 0.023980 0.029169 0.038461
v -0.037920 0.023675 0.038316
v 0.026530 0.035952 0.038232
v -0.037560 0.004541 0.038308
v 0.041780 0.015651 0.038351
v -0.044530 0.006765 0.038390
v 0.035690 0.013134 0.038130
v -0.042960 -0.012325 0.038511
v -0.035350 -0.014143 0.038515
v -0.031980 -0.026808 0.038354
v 0.039470 -0.000054 0.038465
v 0.044570 -0.004517 0.038404
v 0.034190 -0.016407 0.038356
v 0.039090 -0.022617 0.038356
v 0.026440 -0.027668 0.038250
v 0.026770 -0.035829 0.038486
v 0.015040 -0.034839 0.038354
v 0.004600 -0.044486 0.038202
v -0.001470 -0.038256 0.038464
v -0.019380 -0.040262 0.038355
v -0.016240 -0.034300 0.038358
v -0.011030 0.043225 0.038447
v 0.004410 0.037434 0.038304
v -0.016690 0.033845 0.038315
v 0.007940 0.044173 0.038658
v -0.026410 0.036430 0.038304
v 0.026530 0.035952 0.038232
v -0.037920 0.023675 0.038316
v 0.023980 0.029169 0.038461
v -0.031690 0.020986 0.038640
v 0.041780 0.015651 0.038351
v -0.037560 0.004541 0.038308
v 0.035690 0.013134 0.038130
v -0.044530 0.006765 0.038390
v 0.039470 -0.000054 0.038465
v -0.042960 -0.012325 0.038511
v -0.035350 -0.014143 0.038515
v -0.031980 -0.026808 0.038354
v 0.044570 -0.004517 0.038404
v 0.034190 -0.016407 0.038356
v 0.039090 -0.022617 0.038356
v 0.026440 -0.027668 0.038250
v 0.026770 -0.035829 0.038486
v 0.015040 -0.034839 0.038354
v 0.004600 -0.044486 0.038202
v -0.001470 -0.038256 0.038464
v -0.019380 -0.040262 0.038355
v -0.016240 -0.034300 0.038358
v -0.003600 -0.094554 0.146449
v 0.002810 -0.095928 0.146452
v -0.000690 -0.091679 0.146458
v 0.002510 -0.090234 0.146498
v -0.089680 0.015262 0.146445
v -0.089390 0.018932 0.146201
v -0.095120 0.019294 0.146488
v -0.089950 0.023052 0.146455
v -0.077250 -0.072075 0.149673
v -0.077880 -0.068567 0.149673
v -0.082110 -0.071879 0.149673
v -0.075190 -0.066557 0.149673
v -0.079590 -0.064512 0.149673
v -0.078990 -0.062016 0.149673
v -0.084670 -0.065100 0.149673
v -0.086220 -0.070146 0.149673
v 0.045820 -0.006031 0.044601
v 0.064590 -0.005535 0.044123
v 0.044190 0.013810 0.044426
v 0.063360 0.013138 0.044907
v 0.064590 -0.005535 0.044123
v 0.045820 -0.006031 0.044601
v 0.044190 0.013810 0.044426
v 0.063360 0.013138 0.044907
v -0.012290 0.044707 0.152467
v -0.012500 0.041964 0.205934
v -0.016750 0.048380 0.205934
v -0.018670 0.048916 0.152467
v -0.053020 0.090843 0.149985
v -0.051650 0.087572 0.161132
v -0.044340 0.088976 0.161255
v -0.046480 0.088464 0.149985
v -0.046480 0.088464 0.149985
v -0.044340 0.088976 0.161255
v -0.051650 0.087572 0.161132
v -0.053020 0.090843 0.149985
v -0.048000 -0.101199 0.160468
v -0.045460 -0.100462 0.152467
v -0.045600 -0.093863 0.160468
v -0.044910 -0.092717 0.152467
v -0.096290 -0.013585 0.049713
v -0.098470 -0.010684 0.055713
v -0.098810 -0.006625 0.049713
v -0.093870 -0.015527 0.055713
v -0.096880 -0.003103 0.055713
v -0.095130 -0.001110 0.049713
v 0.063050 0.073461 0.152204
v 0.057450 0.074535 0.152182
v 0.056220 0.069865 0.152067
v 0.052360 0.073118 0.152104
v 0.056330 0.078309 0.152134
v -0.001050 -0.089423 0.152048
v -0.002400 -0.098307 0.152226
v 0.000800 -0.093784 0.152182
v 0.005200 -0.092328 0.152253
v -0.089680 -0.015689 0.146461
v -0.095670 -0.020093 0.146451
v -0.088630 -0.022758 0.146455
v -0.089680 -0.015689 0.146461
v -0.088630 -0.022758 0.146455
v -0.095670 -0.020093 0.146451
v -0.002590 0.051175 0.185868
v 0.006460 0.044800 0.185868
v -0.003220 0.039712 0.185868
v -0.040360 -0.102732 0.149673
v -0.044180 -0.098578 0.149673
v -0.046940 -0.095868 0.149673
v -0.043610 -0.093299 0.149673
v -0.040290 -0.100280 0.149673
v -0.035490 -0.097254 0.149673
v -0.037890 -0.096724 0.149673
v -0.039170 -0.092280 0.149673
v 0.047090 -0.037654 0.167916
v 0.040090 -0.035724 0.173693
v 0.040060 -0.037239 0.168807
v 0.046850 -0.035603 0.172845
v 0.041230 -0.033099 0.168794
v 0.083680 -0.033993 0.187392
v 0.107760 -0.035998 0.187392
v 0.083820 -0.033946 0.179187
v 0.107250 -0.037909 0.179187
v 0.119290 0.037684 0.197114
v 0.119270 -0.038634 0.193832
v 0.117520 -0.035601 0.197049
v 0.119200 -0.038626 0.200378
v 0.120410 -0.035640 0.196910
v 0.119290 0.037684 0.197114
v 0.119200 -0.038626 0.200378
v 0.119270 -0.038634 0.193832
v -0.035620 0.016872 0.049662
v -0.035650 0.016674 0.039335
v -0.026440 0.029249 0.049662
v -0.026550 0.029076 0.039335
v -0.039310 0.001734 0.039335
v -0.039350 0.001925 0.049662
v -0.036970 -0.013468 0.039335
v -0.037080 -0.013311 0.049662
v -0.028990 -0.026616 0.039335
v -0.029150 -0.026513 0.049662
v -0.039350 0.001925 0.049662
v -0.035620 0.016872 0.049662
v -0.035650 0.016674 0.039335
v -0.026550 0.029076 0.039335
v -0.026440 0.029249 0.049662
v -0.039310 0.001734 0.039335
v -0.037080 -0.013311 0.049662
v -0.036970 -0.013468 0.039335
v -0.029150 -0.026513 0.049662
v -0.028990 -0.026616 0.039335
v -0.026550 0.029076 0.039335
v -0.026440 0.029249 0.049662
v -0.013400 0.037051 0.039335
v -0.013230 0.037170 0.049662
v 0.001800 0.039385 0.039335
v 0.002000 0.039429 0.049662
v 0.016740 0.035723 0.039335
v 0.016940 0.035685 0.049662
v 0.029130 0.026625 0.039335
v 0.029310 0.026510 0.049662
v -0.026440 0.029249 0.049662
v -0.026550 0.029076 0.039335
v -0.013230 0.037170 0.049662
v -0.013400 0.037051 0.039335
v 0.002000 0.039429 0.049662
v 0.001800 0.039385 0.039335
v 0.016940 0.035685 0.049662
v 0.016740 0.035723 0.039335
v 0.029310 0.026510 0.049662
v 0.029130 0.026625 0.039335
v -0.016770 -0.035673 0.049662
v -0.029150 -0.026513 0.049662
v -0.028990 -0.026616 0.039335
v -0.016590 -0.035708 0.039335
v -0.001840 -0.039399 0.049662
v -0.001650 -0.039362 0.039335
v 0.013380 -0.037128 0.049662
v 0.013540 -0.037023 0.039335
v 0.026580 -0.029209 0.049662
v 0.026690 -0.029049 0.039335
v -0.029150 -0.026513 0.049662
v -0.016590 -0.035708 0.039335
v -0.028990 -0.026616 0.039335
v -0.016770 -0.035673 0.049662
v -0.001650 -0.039362 0.039335
v -0.001840 -0.039399 0.049662
v 0.013540 -0.037023 0.039335
v 0.013380 -0.037128 0.049662
v 0.026690 -0.029049 0.039335
v 0.026580 -0.029209 0.049662
v 0.037220 0.013306 0.049662
v 0.029310 0.026510 0.049662
v 0.029130 0.026625 0.039335
v 0.037110 0.013477 0.039335
v 0.039480 -0.001918 0.049662
v 0.039440 -0.001720 0.039335
v 0.035740 -0.016847 0.049662
v 0.035780 -0.016653 0.039335
v 0.026580 -0.029209 0.049662
v 0.026690 -0.029049 0.039335
v 0.029310 0.026510 0.049662
v 0.037110 0.013477 0.039335
v 0.029130 0.026625 0.039335
v 0.037220 0.013306 0.049662
v 0.039440 -0.001720 0.039335
v 0.039480 -0.001918 0.049662
v 0.035780 -0.016653 0.039335
v 0.035740 -0.016847 0.049662
v 0.026690 -0.029049 0.039335
v 0.026580 -0.029209 0.049662
v 0.047280 -0.011097 0.068227
v 0.047140 0.011025 0.068317
v 0.040620 -0.013856 0.068399
v 0.040350 0.013289 0.067884
v -0.047700 0.087898 0.149673
v -0.047280 0.087771 0.152467
v -0.043020 0.091839 0.152467
v -0.051850 0.088769 0.152467
v -0.053730 0.090979 0.149673
v -0.114470 -0.038617 0.201096
v -0.114410 -0.038636 0.194531
v -0.112820 0.035544 0.197726
v -0.114490 0.038527 0.194527
v -0.114560 0.038509 0.201112
v -0.115340 0.035163 0.197805
v -0.115630 -0.035579 0.197728
v -0.114470 -0.038617 0.201096
v -0.114410 -0.038636 0.194531
v -0.114560 0.038509 0.201112
v -0.114490 0.038527 0.194527
v -0.034670 -0.045144 0.058507
v -0.034810 -0.045035 0.064857
v -0.049280 -0.028445 0.058507
v -0.049370 -0.028290 0.064857
v -0.056400 -0.007424 0.058507
v -0.056420 -0.007247 0.064857
v -0.056380 0.009347 0.061682
v -0.050910 0.025313 0.064857
v -0.050990 0.025152 0.058507
v -0.041650 0.039084 0.061682
v 0.066340 0.041509 0.179187
v 0.071950 0.043344 0.191202
v 0.070770 0.046664 0.179187
v 0.068450 0.046335 0.191202
v -0.010470 0.024582 0.160468
v -0.011230 0.026404 0.152467
v -0.015640 0.022042 0.152467
v -0.016100 0.020815 0.160468
v -0.095690 -0.016617 0.152161
v -0.090500 -0.024776 0.152346
v -0.087660 -0.015936 0.152184
v 0.096970 -0.047237 0.197552
v 0.095960 -0.041525 0.191202
v 0.097170 -0.048305 0.191202
v 0.095230 -0.040761 0.197552
v -0.065460 -0.073826 0.152092
v -0.065280 -0.074204 0.140171
v -0.064710 -0.066631 0.152117
v -0.065090 -0.067286 0.140344
v 0.099030 0.044950 0.197552
v 0.093480 0.048652 0.194985
v 0.099150 0.044521 0.191202
v -0.084560 -0.072662 0.161326
v -0.076310 -0.072352 0.161048
v -0.074670 -0.064819 0.160962
v -0.087270 -0.065485 0.161083
v -0.081570 -0.061404 0.161219
v -0.098170 0.080455 0.195253
v -0.101740 0.080067 0.191202
v -0.103720 0.079785 0.195520
v -0.048110 -0.081817 0.152467
v -0.046650 -0.064483 0.158436
v -0.047500 -0.063801 0.152467
v -0.048940 -0.082169 0.158436
v -0.046650 -0.064483 0.158436
v -0.064480 -0.070201 0.158436
v -0.047500 -0.063801 0.152467
v -0.064700 -0.070914 0.152467
v 0.051990 -0.016499 0.067910
v 0.055430 -0.006720 0.067385
v 0.046680 -0.031663 0.066690
v 0.051990 -0.016499 0.067910
v 0.046680 -0.031663 0.066690
v 0.055430 -0.006720 0.067385
v -0.052990 0.044156 0.154667
v -0.052550 0.038304 0.152467
v -0.053340 0.037055 0.158436
v -0.064700 -0.070914 0.152467
v -0.048940 -0.082169 0.158436
v -0.048110 -0.081817 0.152467
v -0.064480 -0.070201 0.158436
v -0.028010 -0.095772 0.152467
v -0.027950 -0.095418 0.158436
v -0.027560 -0.059560 0.152467
v -0.028520 -0.059051 0.158436
v -0.028010 -0.095772 0.152467
v -0.035610 -0.090011 0.152467
v -0.027950 -0.095418 0.158436
v -0.028520 -0.059051 0.158436
v -0.027560 -0.059560 0.152467
v -0.040320 0.052941 0.160468
v -0.046640 0.051405 0.152467
v -0.040590 0.049689 0.152467
v -0.047020 0.052507 0.160468
v -0.036150 -0.052389 0.152467
v -0.036470 -0.054582 0.160468
v -0.040740 -0.049866 0.160468
v -0.040010 -0.057671 0.152467
v 0.000880 -0.022286 0.159624
v -0.002720 -0.019895 0.152337
v 0.000460 -0.025352 0.152467
v 0.000590 -0.026219 0.159498
v -0.003220 -0.021742 0.160041
v 0.000460 -0.025352 0.152467
v -0.002720 -0.019895 0.152337
v 0.000590 -0.026219 0.159498
v 0.046880 0.034254 0.172678
v 0.041570 0.032685 0.168559
v 0.040110 0.035175 0.173706
v 0.047150 0.036596 0.168839
v 0.040050 0.036766 0.168944
v 0.046880 0.034254 0.172678
v 0.040110 0.035175 0.173706
v 0.041570 0.032685 0.168559
v 0.040050 0.036766 0.168944
v 0.047150 0.036596 0.168839
v 0.117500 0.035661 0.194172
v 0.117550 0.038632 0.206988
v 0.117400 0.033550 0.207374
v -0.016750 0.048380 0.205934
v -0.012500 0.041964 0.205934
v -0.020390 0.041072 0.205934
v -0.040930 0.052594 0.152467
v -0.043580 0.053839 0.139767
v -0.041500 0.048623 0.139767
v -0.041440 0.048387 0.152467
v -0.069720 0.065042 0.152467
v -0.054520 0.078124 0.154962
v -0.069660 0.065971 0.158436
v -0.052050 0.059881 0.155100
v -0.069720 0.065042 0.152467
v -0.069660 0.065971 0.158436
v -0.053820 0.004897 0.067699
v -0.052530 0.016967 0.067263
v -0.055480 -0.009743 0.066736
v -0.053820 0.004897 0.067699
v -0.055480 -0.009743 0.066736
v -0.052530 0.016967 0.067263
v -0.039960 0.035067 0.068064
v -0.035010 0.043090 0.067355
v 0.083250 0.042452 0.179187
v 0.084250 0.042690 0.191202
v 0.081490 0.047539 0.179187
v 0.080710 0.046721 0.191202
v 0.081490 0.047539 0.179187
v 0.080710 0.046721 0.191202
v 0.083250 0.042452 0.179187
v 0.084250 0.042690 0.191202
v 0.054320 0.070919 0.146423
v 0.054080 0.075135 0.146600
v 0.060020 0.070343 0.146453
v 0.062560 0.074297 0.146561
v 0.057800 0.077208 0.146458
v 0.046850 -0.035603 0.172845
v 0.040060 -0.037239 0.168807
v 0.040090 -0.035724 0.173693
v 0.041230 -0.033099 0.168794
v -0.043000 0.008165 0.047674
v -0.042900 -0.008955 0.041324
v -0.043060 0.008142 0.041324
v -0.042850 -0.008907 0.047674
v -0.036210 -0.024688 0.041324
v -0.036180 -0.024624 0.047674
v -0.036600 0.023994 0.047674
v -0.036670 0.023998 0.041324
v -0.024630 0.036170 0.047674
v -0.024690 0.036199 0.041324
v -0.042850 -0.008907 0.047674
v -0.043000 0.008165 0.047674
v -0.043060 0.008142 0.041324
v -0.036670 0.023998 0.041324
v -0.042900 -0.008955 0.041324
v -0.036180 -0.024624 0.047674
v -0.036210 -0.024688 0.041324
v -0.036600 0.023994 0.047674
v -0.024690 0.036199 0.041324
v -0.024630 0.036170 0.047674
v -0.036180 -0.024624 0.047674
v -0.024010 -0.036663 0.041324
v -0.036210 -0.024688 0.041324
v -0.024010 -0.036593 0.047674
v -0.008160 -0.043057 0.041324
v -0.008180 -0.042992 0.047674
v 0.008930 -0.042897 0.041324
v 0.008890 -0.042847 0.047674
v 0.024670 -0.036209 0.041324
v 0.024610 -0.036181 0.047674
v -0.024010 -0.036593 0.047674
v -0.036180 -0.024624 0.047674
v -0.036210 -0.024688 0.041324
v -0.024010 -0.036663 0.041324
v -0.008180 -0.042992 0.047674
v -0.008160 -0.043057 0.041324
v 0.008890 -0.042847 0.047674
v 0.008930 -0.042897 0.041324
v 0.024610 -0.036181 0.047674
v 0.024670 -0.036209 0.041324
v -0.024690 0.036199 0.041324
v -0.024630 0.036170 0.047674
v -0.008960 0.042886 0.041324
v -0.008910 0.042837 0.047674
v 0.008140 0.043043 0.041324
v 0.008160 0.042982 0.047674
v 0.023990 0.036646 0.041324
v 0.023990 0.036582 0.047674
v 0.036190 0.024668 0.041324
v 0.036170 0.024611 0.047674
v -0.024630 0.036170 0.047674
v -0.024690 0.036199 0.041324
v -0.008910 0.042837 0.047674
v -0.008960 0.042886 0.041324
v 0.008160 0.042982 0.047674
v 0.008140 0.043043 0.041324
v 0.023990 0.036582 0.047674
v 0.023990 0.036646 0.041324
v 0.036170 0.024611 0.047674
v 0.036190 0.024668 0.041324
v 0.042830 0.008893 0.047674
v 0.036170 0.024611 0.047674
v 0.036190 0.024668 0.041324
v 0.042880 0.008935 0.041324
v 0.042980 -0.008179 0.047674
v 0.043040 -0.008158 0.041324
v 0.036580 -0.024007 0.047674
v 0.036640 -0.024010 0.041324
v 0.024610 -0.036181 0.047674
v 0.024670 -0.036209 0.041324
v 0.036170 0.024611 0.047674
v 0.042880 0.008935 0.041324
v 0.036190 0.024668 0.041324
v 0.042830 0.008893 0.047674
v 0.043040 -0.008158 0.041324
v 0.042980 -0.008179 0.047674
v 0.036640 -0.024010 0.041324
v 0.036580 -0.024007 0.047674
v 0.024670 -0.036209 0.041324
v 0.024610 -0.036181 0.047674
v -0.052330 0.099038 0.161063
v -0.055290 0.093410 0.161184
v -0.051650 0.087572 0.161132
v 0.000090 -0.133994 0.199536
v -0.000830 -0.127898 0.200816
v 0.003280 -0.128552 0.196531
v 0.035260 -0.015847 0.152775
v 0.032840 -0.015131 0.157139
v 0.039940 -0.015562 0.159461
v -0.044340 0.088976 0.161255
v -0.041550 0.095027 0.161109
v -0.044950 0.099622 0.161005
v 0.080830 -0.046831 0.191202
v 0.081580 -0.046683 0.179187
v 0.085030 -0.043612 0.191202
v 0.085010 -0.042835 0.179187
v 0.085030 -0.043612 0.191202
v 0.081580 -0.046683 0.179187
v 0.080830 -0.046831 0.191202
v 0.085010 -0.042835 0.179187
v 0.070090 -0.042478 0.179187
v 0.069000 -0.046851 0.191202
v 0.069990 -0.047094 0.179187
v 0.071370 -0.042751 0.191202
v 0.069990 -0.047094 0.179187
v 0.071370 -0.042751 0.191202
v 0.070090 -0.042478 0.179187
v 0.069000 -0.046851 0.191202
v 0.033660 0.015022 0.157238
v 0.034240 0.014991 0.152823
v 0.037560 0.014658 0.157575
v 0.095810 0.047002 0.179187
v 0.095160 0.043377 0.191202
v 0.094920 0.048086 0.191202
v 0.094480 0.042463 0.179187
v 0.095810 0.047002 0.179187
v 0.094920 0.048086 0.191202
v 0.095160 0.043377 0.191202
v 0.094480 0.042463 0.179187
v 0.096110 -0.043246 0.179187
v 0.095530 -0.043450 0.191202
v 0.094470 -0.047767 0.179187
v 0.095050 -0.047922 0.191202
v 0.094470 -0.047767 0.179187
v 0.095050 -0.047922 0.191202
v 0.096110 -0.043246 0.179187
v 0.095530 -0.043450 0.191202
v -0.048800 0.090244 0.149673
v -0.053730 0.090979 0.149673
v -0.047700 0.087898 0.149673
v -0.053280 0.094520 0.149673
v -0.044140 0.093592 0.149673
v 0.045890 0.032702 0.066668
v 0.030860 0.046701 0.067278
v 0.037040 0.041185 0.068000
v 0.023220 0.050366 0.067863
v 0.015680 0.053772 0.067234
v 0.007230 0.054896 0.067916
v -0.001030 0.055802 0.067174
v -0.101770 -0.061095 0.190952
v -0.104570 -0.061079 0.178517
v -0.100980 -0.061532 0.178058
v -0.089950 0.023052 0.146455
v -0.089280 0.019921 0.146493
v -0.095120 0.019294 0.146488
v 0.008570 -0.054856 0.067927
v 0.000440 -0.056102 0.067307
v 0.016990 -0.053428 0.067237
v -0.010560 -0.054079 0.068161
v -0.020500 -0.052552 0.066729
v 0.024460 -0.049930 0.067872
v 0.034930 -0.043750 0.067156
v -0.047260 -0.097631 0.152467
v -0.044210 -0.103053 0.151969
v -0.046940 -0.095868 0.149673
v -0.045610 -0.093206 0.152467
vt 0.736871 0.085507
vt 0.729888 0.081992
vt 0.729541 0.085503
vt 0.736987 0.081993
vt 0.751732 0.087062
vt 0.729355 0.086995
vt 0.738454 0.085497
vt 0.737291 0.082564
vt 0.737059 0.085500
vt 0.738677 0.082564
vt 0.739241 0.081798
vt 0.738643 0.081798
vt 0.739533 0.082564
vt 0.742031 0.085510
vt 0.741222 0.082564
vt 0.744077 0.085374
vt 0.751830 0.085563
vt 0.751944 0.087030
vt 0.752782 0.087054
vt 0.752788 0.085519
vt 0.741992 0.082564
vt 0.743397 0.085484
vt 0.743345 0.082564
vt 0.741313 0.081798
vt 0.741958 0.081798
vt 0.742011 0.082564
vt 0.742311 0.081798
vt 0.358643 0.649686
vt 0.363824 0.650937
vt 0.357140 0.655301
vt 0.356475 0.653348
vt 0.356352 0.651530
vt 0.354041 0.652148
vt 0.357229 0.655410
vt 0.356046 0.656240
vt 0.356866 0.656048
vt 0.357567 0.657981
vt 0.357424 0.656693
vt 0.360727 0.654204
vt 0.358903 0.656530
vt 0.357845 0.655987
vt 0.360502 0.657588
vt 0.360561 0.655840
vt 0.360151 0.659787
vt 0.360810 0.658646
vt 0.360757 0.659397
vt 0.361601 0.659333
vt 0.361707 0.658383
vt 0.364374 0.660996
vt 0.362445 0.658908
vt 0.362390 0.655379
vt 0.362439 0.658942
vt 0.369370 0.660174
vt 0.362482 0.655429
vt 0.371936 0.658602
vt 0.361282 0.655245
vt 0.360942 0.655039
vt 0.361624 0.654946
vt 0.361023 0.654632
vt 0.361654 0.654733
vt 0.363480 0.652041
vt 0.363792 0.651655
vt 0.363514 0.652556
vt 0.364073 0.651893
vt 0.365183 0.652109
vt 0.364877 0.651580
vt 0.366126 0.652027
vt 0.364828 0.651759
vt 0.365224 0.651812
vt 0.366766 0.652241
vt 0.366476 0.650947
vt 0.367115 0.651579
vt 0.369666 0.655218
vt 0.374655 0.655555
vt 0.368537 0.651187
vt 0.366921 0.650166
vt 0.367579 0.649994
vt 0.368152 0.649770
vt 0.368439 0.648195
vt 0.367613 0.649353
vt 0.366784 0.647415
vt 0.366470 0.648398
vt 0.368970 0.644754
vt 0.365861 0.646814
vt 0.366120 0.647497
vt 0.366174 0.647181
vt 0.366587 0.647691
vt 0.364056 0.647087
vt 0.364789 0.647819
vt 0.368125 0.643209
vt 0.369719 0.644088
vt 0.374654 0.643730
vt 0.365677 0.645202
vt 0.364970 0.645989
vt 0.363589 0.640923
vt 0.364601 0.645011
vt 0.370664 0.642536
vt 0.370319 0.641131
vt 0.372663 0.641286
vt 0.371141 0.640503
vt 0.364336 0.644573
vt 0.363954 0.645312
vt 0.363339 0.644903
vt 0.363260 0.645629
vt 0.362228 0.644992
vt 0.362633 0.642502
vt 0.362059 0.642460
vt 0.363115 0.640237
vt 0.361988 0.638816
vt 0.361015 0.640507
vt 0.360329 0.639826
vt 0.360379 0.641069
vt 0.359904 0.640524
vt 0.358614 0.640470
vt 0.359884 0.642069
vt 0.356471 0.642567
vt 0.358419 0.643338
vt 0.356972 0.643274
vt 0.356363 0.643865
vt 0.357028 0.644323
vt 0.354325 0.646840
vt 0.360122 0.643839
vt 0.358425 0.643248
vt 0.360643 0.644662
vt 0.361227 0.644828
vt 0.360074 0.645933
vt 0.360031 0.645365
vt 0.363631 0.647511
vt 0.356846 0.644630
vt 0.359998 0.646054
vt 0.356561 0.646010
vt 0.363840 0.648355
vt 0.362785 0.649626
vt 0.363371 0.650278
vt 0.362219 0.649715
vt 0.356342 0.647765
vt 0.356996 0.644155
vt 0.356079 0.643694
vt 0.638656 0.107828
vt 0.634751 0.104042
vt 0.639814 0.104053
vt 0.632718 0.107827
vt 0.642653 0.107835
vt 0.642415 0.104041
vt 0.630470 0.104047
vt 0.628708 0.107840
vt 0.627851 0.104042
vt 0.645019 0.107973
vt 0.644275 0.108052
vt 0.169204 0.433978
vt 0.171696 0.434111
vt 0.178929 0.433494
vt 0.171211 0.434418
vt 0.170839 0.434736
vt 0.179499 0.434097
vt 0.179347 0.432949
vt 0.182280 0.435533
vt 0.181487 0.435580
vt 0.182906 0.437075
vt 0.181104 0.436445
vt 0.176893 0.436814
vt 0.183291 0.438776
vt 0.182570 0.436921
vt 0.183538 0.438609
vt 0.177100 0.436938
vt 0.177080 0.438886
vt 0.176681 0.438769
vt 0.184388 0.439192
vt 0.184402 0.438697
vt 0.174165 0.439042
vt 0.174103 0.438212
vt 0.173005 0.438511
vt 0.173381 0.437654
vt 0.172132 0.439164
vt 0.172573 0.437507
vt 0.171976 0.437498
vt 0.170563 0.438605
vt 0.169783 0.439121
vt 0.171146 0.437117
vt 0.185299 0.438432
vt 0.185432 0.435605
vt 0.184858 0.435667
vt 0.184180 0.434249
vt 0.180948 0.429246
vt 0.180991 0.428896
vt 0.179448 0.430015
vt 0.180606 0.428289
vt 0.180329 0.429013
vt 0.180165 0.428616
vt 0.180752 0.428483
vt 0.590028 0.265509
vt 0.593500 0.265240
vt 0.599377 0.265207
vt 0.589532 0.263272
vt 0.589899 0.267199
vt 0.587832 0.265042
vt 0.589633 0.266159
vt 0.586848 0.264818
vt 0.602500 0.265518
vt 0.603332 0.262992
vt 0.584015 0.263570
vt 0.602663 0.267199
vt 0.604322 0.264169
vt 0.604937 0.263565
vt 0.604748 0.265047
vt 0.602915 0.266084
vt 0.605652 0.264865
vt 0.608548 0.263514
vt 0.605674 0.263840
vt 0.605950 0.260255
vt 0.606178 0.260069
vt 0.607237 0.262532
vt 0.607603 0.263152
vt 0.607380 0.263008
vt 0.607760 0.263668
vt 0.606908 0.262371
vt 0.607719 0.263018
vt 0.606035 0.259633
vt 0.608678 0.258205
vt 0.605673 0.258741
vt 0.607726 0.257534
vt 0.604856 0.258583
vt 0.605556 0.258071
vt 0.604415 0.258109
vt 0.603706 0.258506
vt 0.602812 0.258669
vt 0.600485 0.259352
vt 0.603037 0.258068
vt 0.600017 0.257237
vt 0.730834 0.841823
vt 0.726221 0.841920
vt 0.730859 0.848531
vt 0.726221 0.847638
vt 0.726221 0.848475
vt 0.729582 0.849142
vt 0.730760 0.850846
vt 0.729582 0.850807
vt 0.591504 0.085393
vt 0.589897 0.085361
vt 0.593230 0.082003
vt 0.586238 0.082003
vt 0.592783 0.085711
vt 0.588842 0.085721
vt 0.585838 0.085694
vt 0.588535 0.086982
vt 0.585662 0.087307
vt 0.584515 0.087328
vt 0.585645 0.085755
vt 0.584304 0.085734
vt 0.592580 0.086684
vt 0.593315 0.087375
vt 0.595688 0.087357
vt 0.597742 0.087336
vt 0.594775 0.085691
vt 0.596960 0.082605
vt 0.598160 0.082605
vt 0.594933 0.082605
vt 0.598367 0.085703
vt 0.593625 0.085725
vt 0.593591 0.082605
vt 0.595543 0.081798
vt 0.595617 0.082605
vt 0.600192 0.085543
vt 0.608070 0.087334
vt 0.608080 0.086003
vt 0.608754 0.085739
vt 0.608085 0.087296
vt 0.608991 0.087328
vt 0.528291 0.133579
vt 0.528580 0.138103
vt 0.526314 0.133579
vt 0.529809 0.133579
vt 0.527737 0.138082
vt 0.526285 0.138091
vt 0.525407 0.138082
vt 0.529379 0.138082
vt 0.531011 0.138127
vt 0.530788 0.133579
vt 0.531488 0.133176
vt 0.531382 0.138074
vt 0.531866 0.138077
vt 0.535561 0.133652
vt 0.534995 0.133176
vt 0.536272 0.133176
vt 0.539651 0.138082
vt 0.540194 0.133176
vt 0.541635 0.138068
vt 0.541422 0.133176
vt 0.756433 0.895398
vt 0.760900 0.893777
vt 0.760934 0.896586
vt 0.756433 0.893559
vt 0.760903 0.892575
vt 0.756433 0.892670
vt 0.756433 0.896246
vt 0.756433 0.897839
vt 0.755670 0.895407
vt 0.755670 0.896048
vt 0.756433 0.895090
vt 0.755670 0.894773
vt 0.755875 0.892722
vt 0.756240 0.894664
vt 0.799217 0.086695
vt 0.799306 0.082200
vt 0.806590 0.086748
vt 0.806246 0.082200
vt 0.807070 0.081798
vt 0.807202 0.086684
vt 0.812574 0.086729
vt 0.812265 0.081798
vt 0.812969 0.085758
vt 0.819469 0.086715
vt 0.819211 0.085758
vt 0.819544 0.085514
vt 0.820546 0.086673
vt 0.820751 0.085588
vt 0.821397 0.085928
vt 0.820804 0.086051
vt 0.049950 0.658865
vt 0.046092 0.661270
vt 0.049950 0.662077
vt 0.050088 0.663816
vt 0.050232 0.663265
vt 0.046097 0.659528
vt 0.048655 0.658907
vt 0.046091 0.655434
vt 0.049931 0.658238
vt 0.049969 0.656047
vt 0.049927 0.654915
vt 0.049966 0.649866
vt 0.050462 0.656481
vt 0.051534 0.656160
vt 0.051561 0.656694
vt 0.046094 0.650122
vt 0.050026 0.649183
vt 0.051573 0.649341
vt 0.046084 0.645846
vt 0.049947 0.643455
vt 0.047790 0.643228
vt 0.049731 0.640539
vt 0.051614 0.645966
vt 0.050358 0.648678
vt 0.050358 0.646311
vt 0.050078 0.639590
vt 0.049975 0.640411
vt 0.050358 0.658519
vt 0.050358 0.656990
vt 0.051598 0.658897
vt 0.051651 0.662224
vt 0.050358 0.662008
vt 0.050358 0.659054
vt 0.051626 0.660522
vt 0.050358 0.661326
vt 0.050976 0.638949
vt 0.050450 0.638816
vt 0.050788 0.639062
vt 0.051476 0.639427
vt 0.049989 0.646120
vt 0.049975 0.642437
vt 0.051661 0.645866
vt 0.050797 0.646562
vt 0.051579 0.648631
vt 0.050006 0.648954
vt 0.051593 0.649161
vt 0.050802 0.658191
vt 0.049865 0.662369
vt 0.048701 0.658863
vt 0.051630 0.657206
vt 0.050008 0.656967
vt 0.051593 0.656718
vt 0.050523 0.658493
vt 0.051126 0.658239
vt 0.908232 0.151259
vt 0.908620 0.146089
vt 0.906264 0.146089
vt 0.910996 0.151212
vt 0.910079 0.146089
vt 0.905328 0.151196
vt 0.903575 0.146089
vt 0.902978 0.151211
vt 0.901277 0.146089
vt 0.901213 0.151232
vt 0.900610 0.151285
vt 0.900038 0.146509
vt 0.899645 0.151203
vt 0.897929 0.151253
vt 0.898400 0.146509
vt 0.896353 0.146509
vt 0.894768 0.151235
vt 0.899505 0.145708
vt 0.898648 0.145708
vt 0.899465 0.146509
vt 0.896983 0.150004
vt 0.897725 0.149970
vt 0.896757 0.151216
vt 0.896350 0.150021
vt 0.896597 0.150021
vt 0.896372 0.149589
vt 0.896772 0.149589
vt 0.731652 0.891062
vt 0.727788 0.891152
vt 0.731655 0.888381
vt 0.727973 0.888112
vt 0.730319 0.888198
vt 0.731662 0.887771
vt 0.731656 0.891573
vt 0.731693 0.886372
vt 0.732500 0.886922
vt 0.733307 0.886353
vt 0.733319 0.891320
vt 0.732066 0.891270
vt 0.733365 0.887990
vt 0.732066 0.887794
vt 0.732066 0.886280
vt 0.733326 0.885996
vt 0.732066 0.888315
vt 0.733314 0.890218
vt 0.732066 0.890608
vt 0.802803 0.596959
vt 0.802802 0.593228
vt 0.797837 0.593167
vt 0.803227 0.593074
vt 0.797800 0.596897
vt 0.794831 0.592663
vt 0.803175 0.592172
vt 0.795121 0.593792
vt 0.794906 0.594730
vt 0.794895 0.595872
vt 0.794831 0.597518
vt 0.803217 0.597085
vt 0.803135 0.591851
vt 0.795285 0.592795
vt 0.795291 0.591510
vt 0.795285 0.597343
vt 0.803136 0.598332
vt 0.795291 0.598340
vt 0.875926 0.787307
vt 0.875926 0.791040
vt 0.868472 0.790492
vt 0.868588 0.792421
vt 0.874821 0.792378
vt 0.876252 0.792414
vt 0.874810 0.792885
vt 0.875388 0.792521
vt 0.876240 0.792889
vt 0.876233 0.792306
vt 0.874840 0.785965
vt 0.876251 0.785929
vt 0.868422 0.787871
vt 0.868588 0.785587
vt 0.868139 0.786741
vt 0.868583 0.786873
vt 0.876533 0.786560
vt 0.876341 0.787152
vt 0.868583 0.785885
vt 0.876253 0.785859
vt 0.874779 0.785562
vt 0.875229 0.785682
vt 0.876230 0.786007
vt 0.876240 0.785432
vt 0.868139 0.791599
vt 0.868583 0.791424
vt 0.876535 0.791779
vt 0.876332 0.791166
vt 0.868583 0.792451
vt 0.876253 0.792427
vt 0.479529 0.491374
vt 0.471209 0.492137
vt 0.471210 0.490830
vt 0.479605 0.490180
vt 0.471210 0.489521
vt 0.479527 0.488686
vt 0.471210 0.488060
vt 0.479528 0.487069
vt 0.471209 0.486560
vt 0.463064 0.502635
vt 0.471459 0.501711
vt 0.463065 0.501365
vt 0.471458 0.503102
vt 0.471458 0.500181
vt 0.463064 0.500091
vt 0.463064 0.498671
vt 0.471460 0.498823
vt 0.471458 0.497255
vt 0.463064 0.497211
vt 0.686466 0.430969
vt 0.690512 0.428289
vt 0.683608 0.428289
vt 0.685389 0.431318
vt 0.682988 0.432869
vt 0.685076 0.432544
vt 0.688106 0.431000
vt 0.689412 0.431309
vt 0.689954 0.432926
vt 0.689205 0.432254
vt 0.690758 0.432877
vt 0.749015 0.884103
vt 0.744533 0.881905
vt 0.749029 0.879745
vt 0.744533 0.883397
vt 0.744533 0.884368
vt 0.744533 0.881255
vt 0.743765 0.882083
vt 0.744533 0.879417
vt 0.330858 0.882456
vt 0.334552 0.879417
vt 0.334514 0.884485
vt 0.330858 0.879518
vt 0.330858 0.885455
vt 0.334556 0.885621
vt 0.913878 0.817638
vt 0.918804 0.810808
vt 0.918829 0.817411
vt 0.913878 0.810907
vt 0.242205 0.907715
vt 0.239517 0.907656
vt 0.239517 0.909430
vt 0.242426 0.909384
vt 0.239516 0.905788
vt 0.242403 0.905712
vt 0.239517 0.904813
vt 0.242450 0.904212
vt 0.239517 0.904166
vt 0.238753 0.905136
vt 0.239517 0.905424
vt 0.170672 0.825387
vt 0.174144 0.823152
vt 0.174154 0.827349
vt 0.170490 0.823037
vt 0.170570 0.826694
vt 0.170342 0.822684
vt 0.174153 0.821146
vt 0.170393 0.821154
vt 0.170328 0.828110
vt 0.169046 0.827179
vt 0.168891 0.826264
vt 0.174148 0.829397
vt 0.170394 0.829514
vt 0.170393 0.830886
vt 0.174155 0.831567
vt 0.170393 0.831736
vt 0.492307 0.878728
vt 0.492199 0.871898
vt 0.497463 0.876123
vt 0.497085 0.872552
vt 0.078603 0.818041
vt 0.076966 0.816653
vt 0.077662 0.811000
vt 0.077184 0.811409
vt 0.078460 0.811408
vt 0.078087 0.810808
vt 0.078131 0.811524
vt 0.077603 0.811131
vt 0.077025 0.818314
vt 0.075845 0.818079
vt 0.077079 0.818053
vt 0.077874 0.820048
vt 0.077098 0.821084
vt 0.078599 0.820836
vt 0.508647 0.299529
vt 0.503184 0.299548
vt 0.508160 0.300397
vt 0.508694 0.300788
vt 0.509367 0.301542
vt 0.508180 0.301176
vt 0.503164 0.301661
vt 0.505712 0.301053
vt 0.507074 0.301219
vt 0.505916 0.300381
vt 0.506550 0.300847
vt 0.507257 0.300611
vt 0.506740 0.300990
vt 0.506997 0.300449
vt 0.414654 0.852849
vt 0.414642 0.856420
vt 0.416010 0.857104
vt 0.414671 0.857027
vt 0.415971 0.852161
vt 0.414671 0.852244
vt 0.414191 0.856881
vt 0.414191 0.857146
vt 0.414191 0.854471
vt 0.414467 0.855113
vt 0.414614 0.858310
vt 0.414614 0.857285
vt 0.415979 0.858505
vt 0.415946 0.861498
vt 0.415111 0.860590
vt 0.414614 0.861080
vt 0.111976 0.808599
vt 0.117565 0.808287
vt 0.114623 0.809191
vt 0.114414 0.809788
vt 0.111247 0.810746
vt 0.119217 0.810457
vt 0.115664 0.809227
vt 0.115401 0.809731
vt 0.116371 0.809564
vt 0.116874 0.809904
vt 0.116853 0.809178
vt 0.117411 0.809585
vt 0.119898 0.810151
vt 0.120270 0.807053
vt 0.117188 0.807319
vt 0.119339 0.805622
vt 0.117784 0.806033
vt 0.116963 0.806910
vt 0.115549 0.805618
vt 0.118251 0.805713
vt 0.118511 0.805442
vt 0.115745 0.800261
vt 0.117369 0.803633
vt 0.116770 0.804439
vt 0.117092 0.802977
vt 0.116465 0.802848
vt 0.116117 0.804224
vt 0.115869 0.803353
vt 0.115469 0.801202
vt 0.114299 0.801217
vt 0.114886 0.801628
vt 0.114289 0.804516
vt 0.115177 0.800558
vt 0.115495 0.799843
vt 0.114896 0.799977
vt 0.851948 0.130586
vt 0.861793 0.130580
vt 0.853691 0.127745
vt 0.861108 0.125357
vt 0.861941 0.125363
vt 0.854294 0.125348
vt 0.851259 0.126109
vt 0.852709 0.126109
vt 0.851138 0.130608
vt 0.850282 0.130587
vt 0.850458 0.126109
vt 0.851045 0.125344
vt 0.851688 0.125344
vt 0.851676 0.126109
vt 0.850994 0.125349
vt 0.850881 0.126109
vt 0.863481 0.125359
vt 0.862225 0.127743
vt 0.863692 0.129027
vt 0.862443 0.129006
vt 0.865308 0.127820
vt 0.865094 0.129008
vt 0.867450 0.128945
vt 0.150590 0.903726
vt 0.146334 0.898840
vt 0.146386 0.903791
vt 0.150658 0.898840
vt 0.150720 0.898840
vt 0.155029 0.898840
vt 0.150805 0.903791
vt 0.155671 0.903677
vt 0.560681 0.257237
vt 0.569871 0.257553
vt 0.582887 0.257275
vt 0.575195 0.257708
vt 0.582030 0.257807
vt 0.583098 0.257788
vt 0.569264 0.257783
vt 0.561956 0.257570
vt 0.560669 0.257781
vt 0.561755 0.258803
vt 0.561817 0.260026
vt 0.563342 0.261683
vt 0.559573 0.258412
vt 0.559541 0.257806
vt 0.560987 0.258083
vt 0.583359 0.260856
vt 0.583929 0.258172
vt 0.583645 0.263250
vt 0.578008 0.266746
vt 0.577951 0.267194
vt 0.576084 0.266611
vt 0.575025 0.266948
vt 0.569329 0.267144
vt 0.572041 0.266611
vt 0.571079 0.266611
vt 0.569498 0.266920
vt 0.569704 0.265121
vt 0.569109 0.264582
vt 0.569160 0.266928
vt 0.567995 0.266611
vt 0.565173 0.267199
vt 0.566936 0.266948
vt 0.565305 0.266856
vt 0.559513 0.263417
vt 0.559370 0.259934
vt 0.559759 0.261535
vt 0.559633 0.260521
vt 0.559618 0.258758
vt 0.559242 0.258303
vt 0.625543 0.829444
vt 0.624472 0.821146
vt 0.626038 0.821147
vt 0.624091 0.829445
vt 0.626739 0.829543
vt 0.627545 0.821297
vt 0.628344 0.829444
vt 0.628715 0.821148
vt 0.629749 0.829444
vt 0.630295 0.821148
vt 0.439047 0.821146
vt 0.440358 0.829543
vt 0.440562 0.821147
vt 0.438941 0.829543
vt 0.442090 0.829466
vt 0.442021 0.821294
vt 0.444221 0.829261
vt 0.443424 0.829485
vt 0.445324 0.827787
vt 0.445283 0.829259
vt 0.446052 0.829248
vt 0.446084 0.828237
vt 0.445135 0.821597
vt 0.445828 0.827848
vt 0.444126 0.821591
vt 0.443154 0.821148
vt 0.444683 0.821148
vt 0.445148 0.821591
vt 0.444614 0.829542
vt 0.676379 0.058072
vt 0.676359 0.059749
vt 0.670457 0.057947
vt 0.672624 0.056735
vt 0.672896 0.058036
vt 0.670653 0.059806
vt 0.678704 0.058907
vt 0.678353 0.058609
vt 0.678693 0.059141
vt 0.682807 0.058934
vt 0.689223 0.058076
vt 0.686852 0.058896
vt 0.689242 0.059753
vt 0.695144 0.058035
vt 0.694983 0.059762
vt 0.686844 0.059169
vt 0.686536 0.058612
vt 0.337284 0.480794
vt 0.330586 0.476920
vt 0.337867 0.472646
vt 0.330474 0.478135
vt 0.330232 0.477457
vt 0.341393 0.482112
vt 0.344199 0.477636
vt 0.342331 0.481722
vt 0.343083 0.481221
vt 0.344267 0.476817
vt 0.344185 0.475922
vt 0.342250 0.471869
vt 0.341393 0.471522
vt 0.343087 0.472424
vt 0.362944 0.598312
vt 0.369535 0.600781
vt 0.370037 0.592669
vt 0.362500 0.597840
vt 0.362653 0.597102
vt 0.373654 0.602099
vt 0.376453 0.597700
vt 0.374495 0.601762
vt 0.375348 0.601209
vt 0.376535 0.596804
vt 0.376467 0.595986
vt 0.374615 0.591910
vt 0.375352 0.592411
vt 0.373654 0.591510
vt 0.286508 0.788233
vt 0.287003 0.791398
vt 0.287994 0.789278
vt 0.288500 0.788952
vt 0.285149 0.788193
vt 0.286581 0.787527
vt 0.285540 0.787726
vt 0.285410 0.787193
vt 0.288725 0.786450
vt 0.287960 0.787013
vt 0.284800 0.787088
vt 0.288523 0.787282
vt 0.284499 0.786869
vt 0.284420 0.787612
vt 0.288910 0.785979
vt 0.283219 0.788529
vt 0.289245 0.785432
vt 0.289660 0.785737
vt 0.289338 0.786177
vt 0.289756 0.790831
vt 0.284718 0.788121
vt 0.289209 0.786525
vt 0.288926 0.789922
vt 0.289321 0.790154
vt 0.288447 0.790136
vt 0.289348 0.790819
vt 0.289158 0.791790
vt 0.288286 0.790571
vt 0.288584 0.791103
vt 0.288634 0.793476
vt 0.289644 0.792277
vt 0.287980 0.793517
vt 0.287236 0.793450
vt 0.285198 0.792593
vt 0.284181 0.791838
vt 0.283212 0.792235
vt 0.281673 0.793298
vt 0.282894 0.793349
vt 0.281916 0.794013
vt 0.283268 0.793776
vt 0.283145 0.795023
vt 0.286766 0.796961
vt 0.284840 0.794700
vt 0.287077 0.796647
vt 0.330217 0.791157
vt 0.327622 0.792377
vt 0.327296 0.787636
vt 0.328665 0.793099
vt 0.326630 0.791795
vt 0.331078 0.793582
vt 0.325857 0.788519
vt 0.325638 0.792303
vt 0.324279 0.793307
vt 0.325477 0.793039
vt 0.324579 0.794069
vt 0.325850 0.793726
vt 0.327203 0.795919
vt 0.326896 0.794260
vt 0.329385 0.796961
vt 0.329696 0.796646
vt 0.327071 0.786874
vt 0.327550 0.787268
vt 0.331319 0.786330
vt 0.327701 0.787907
vt 0.331610 0.785924
vt 0.331961 0.785432
vt 0.332343 0.785757
vt 0.331962 0.786178
vt 0.331776 0.786530
vt 0.327926 0.787536
vt 0.329144 0.788246
vt 0.329163 0.787565
vt 0.330588 0.786985
vt 0.331146 0.787276
vt 0.331126 0.788898
vt 0.331187 0.790469
vt 0.330491 0.789227
vt 0.331539 0.790173
vt 0.331553 0.790821
vt 0.331820 0.790501
vt 0.332362 0.790848
vt 0.331777 0.791745
vt 0.332274 0.792239
vt 0.130592 0.882694
vt 0.132572 0.881536
vt 0.129378 0.881689
vt 0.129974 0.883281
vt 0.131623 0.879417
vt 0.127224 0.883360
vt 0.132845 0.881256
vt 0.132902 0.881692
vt 0.131332 0.882961
vt 0.133046 0.882154
vt 0.133387 0.882163
vt 0.133270 0.882294
vt 0.133428 0.882795
vt 0.131310 0.883956
vt 0.128110 0.884179
vt 0.128057 0.884575
vt 0.130402 0.884134
vt 0.129180 0.885360
vt 0.128516 0.885131
vt 0.128616 0.885621
vt 0.692419 0.869057
vt 0.696990 0.864763
vt 0.693634 0.869330
vt 0.694799 0.868923
vt 0.691655 0.868370
vt 0.691465 0.868558
vt 0.690671 0.867444
vt 0.696343 0.868205
vt 0.695387 0.869050
vt 0.697337 0.866422
vt 0.697009 0.867506
vt 0.690469 0.866295
vt 0.696417 0.863694
vt 0.695659 0.862860
vt 0.696614 0.863479
vt 0.697299 0.864728
vt 0.693421 0.862534
vt 0.694846 0.862321
vt 0.690194 0.865616
vt 0.693463 0.862186
vt 0.691977 0.862741
vt 0.691284 0.863620
vt 0.690537 0.864125
vt 0.258423 0.877250
vt 0.259453 0.878590
vt 0.265114 0.873695
vt 0.260755 0.879296
vt 0.262665 0.879355
vt 0.264256 0.878623
vt 0.265203 0.877487
vt 0.265633 0.875721
vt 0.264303 0.872767
vt 0.263004 0.872058
vt 0.261574 0.871898
vt 0.260104 0.872326
vt 0.258957 0.873259
vt 0.258176 0.875307
vt 0.670757 0.790302
vt 0.666965 0.788525
vt 0.667352 0.792447
vt 0.670521 0.789769
vt 0.667241 0.787784
vt 0.666344 0.788928
vt 0.666876 0.786919
vt 0.665563 0.789721
vt 0.670766 0.789341
vt 0.665004 0.790774
vt 0.666443 0.785450
vt 0.670584 0.787916
vt 0.665704 0.785432
vt 0.671332 0.789342
vt 0.665936 0.786690
vt 0.671911 0.789508
vt 0.671610 0.790004
vt 0.663806 0.786962
vt 0.665387 0.787013
vt 0.664312 0.788183
vt 0.661971 0.789935
vt 0.661685 0.789622
vt 0.672275 0.794430
vt 0.671199 0.790399
vt 0.671812 0.793813
vt 0.671763 0.794221
vt 0.671891 0.794768
vt 0.671445 0.793693
vt 0.671368 0.794293
vt 0.671037 0.792830
vt 0.670668 0.793329
vt 0.671172 0.793968
vt 0.670825 0.791408
vt 0.670162 0.791177
vt 0.667995 0.793164
vt 0.669199 0.793040
vt 0.668915 0.792744
vt 0.667426 0.793541
vt 0.666982 0.793776
vt 0.667903 0.792587
vt 0.666921 0.793010
vt 0.668908 0.792148
vt 0.666189 0.792989
vt 0.664780 0.791484
vt 0.664734 0.792278
vt 0.665641 0.793375
vt 0.680867 0.791148
vt 0.678181 0.792646
vt 0.677832 0.788235
vt 0.677125 0.788877
vt 0.676653 0.789239
vt 0.681237 0.787961
vt 0.675732 0.790550
vt 0.677774 0.787215
vt 0.676942 0.785432
vt 0.676889 0.786703
vt 0.676060 0.785648
vt 0.676153 0.786937
vt 0.673863 0.787689
vt 0.674884 0.788275
vt 0.672337 0.789631
vt 0.672623 0.789941
vt 0.679592 0.792228
vt 0.678484 0.792913
vt 0.679706 0.792921
vt 0.678302 0.793238
vt 0.681894 0.793790
vt 0.681156 0.793377
vt 0.681672 0.792982
vt 0.681938 0.794168
vt 0.682230 0.793660
vt 0.677613 0.793722
vt 0.677904 0.793224
vt 0.682504 0.794768
vt 0.682432 0.794162
vt 0.682926 0.794427
vt 0.676875 0.792945
vt 0.682559 0.789474
vt 0.677831 0.792862
vt 0.675336 0.792215
vt 0.676279 0.793329
vt 0.681534 0.791450
vt 0.682068 0.789890
vt 0.681887 0.789520
vt 0.681688 0.790156
vt 0.681478 0.789723
vt 0.779569 0.431987
vt 0.784864 0.428357
vt 0.785057 0.431914
vt 0.779917 0.428353
vt 0.779166 0.428289
vt 0.872418 0.155985
vt 0.873325 0.155107
vt 0.870472 0.155105
vt 0.873403 0.155985
vt 0.870331 0.155986
vt 0.515633 0.299632
vt 0.509456 0.299529
vt 0.514610 0.299960
vt 0.514778 0.300633
vt 0.514904 0.301661
vt 0.512611 0.300060
vt 0.513961 0.300359
vt 0.511843 0.300557
vt 0.512851 0.300652
vt 0.509430 0.301592
vt 0.512170 0.300035
vt 0.511946 0.300668
vt 0.174843 0.900343
vt 0.177213 0.903791
vt 0.177140 0.901599
vt 0.175641 0.898840
vt 0.176917 0.899140
vt 0.176974 0.899465
vt 0.177601 0.899478
vt 0.838400 0.316093
vt 0.835766 0.316385
vt 0.835401 0.309763
vt 0.833861 0.316160
vt 0.840756 0.315247
vt 0.834403 0.309293
vt 0.839419 0.309301
vt 0.831486 0.315388
vt 0.828995 0.313752
vt 0.833068 0.308392
vt 0.826972 0.311409
vt 0.832089 0.307045
vt 0.825707 0.308733
vt 0.831947 0.305604
vt 0.825219 0.305739
vt 0.840724 0.309309
vt 0.843212 0.313565
vt 0.844942 0.311523
vt 0.846197 0.308917
vt 0.840695 0.305482
vt 0.846773 0.305645
vt 0.857017 0.309763
vt 0.857992 0.314999
vt 0.860115 0.309815
vt 0.857743 0.314081
vt 0.857083 0.314768
vt 0.861036 0.309301
vt 0.856020 0.309293
vt 0.863479 0.312204
vt 0.862341 0.309309
vt 0.862658 0.312855
vt 0.863052 0.313887
vt 0.863414 0.313134
vt 0.864828 0.313565
vt 0.862373 0.315247
vt 0.860017 0.316093
vt 0.857382 0.316385
vt 0.855478 0.316160
vt 0.866559 0.311523
vt 0.862312 0.305482
vt 0.868390 0.305645
vt 0.867814 0.308917
vt 0.853103 0.315388
vt 0.848588 0.311409
vt 0.850611 0.313752
vt 0.854685 0.308392
vt 0.853706 0.307045
vt 0.847324 0.308733
vt 0.848635 0.307821
vt 0.848250 0.307237
vt 0.849045 0.306880
vt 0.846836 0.305739
vt 0.853563 0.305604
vt 0.413565 0.386450
vt 0.418515 0.384097
vt 0.418455 0.386561
vt 0.413565 0.383803
vt 0.139099 0.881662
vt 0.136898 0.879417
vt 0.135796 0.881634
vt 0.135680 0.881239
vt 0.135334 0.882203
vt 0.135056 0.882715
vt 0.137250 0.882931
vt 0.137143 0.883906
vt 0.138219 0.882812
vt 0.140527 0.884206
vt 0.141260 0.883369
vt 0.138559 0.883578
vt 0.139447 0.885314
vt 0.138126 0.884123
vt 0.140146 0.884901
vt 0.139901 0.885621
vt 0.139924 0.885208
vt 0.140318 0.884576
vt 0.585359 0.262465
vt 0.586439 0.260004
vt 0.585071 0.262935
vt 0.584834 0.263348
vt 0.586955 0.263815
vt 0.587925 0.263693
vt 0.588265 0.264481
vt 0.583991 0.258073
vt 0.586243 0.259366
vt 0.585370 0.257579
vt 0.586516 0.260048
vt 0.586168 0.260003
vt 0.064511 0.821084
vt 0.065602 0.817096
vt 0.069092 0.815407
vt 0.065112 0.816735
vt 0.063001 0.818048
vt 0.063161 0.820857
vt 0.064682 0.816581
vt 0.065515 0.814397
vt 0.066085 0.814204
vt 0.066010 0.815171
vt 0.066787 0.815492
vt 0.067523 0.811576
vt 0.067332 0.815086
vt 0.067423 0.814401
vt 0.066905 0.813960
vt 0.067902 0.812390
vt 0.067340 0.812400
vt 0.068433 0.812768
vt 0.069205 0.812516
vt 0.068414 0.812887
vt 0.067979 0.812396
vt 0.068160 0.811602
vt 0.067914 0.810808
vt 0.068415 0.811052
vt 0.067813 0.810940
vt 0.068191 0.811408
vt 0.083766 0.810203
vt 0.085970 0.805990
vt 0.084494 0.807060
vt 0.082943 0.810467
vt 0.085799 0.810746
vt 0.081485 0.809750
vt 0.081802 0.810285
vt 0.081687 0.806959
vt 0.082016 0.809308
vt 0.085917 0.800460
vt 0.082861 0.805949
vt 0.087386 0.801911
vt 0.086559 0.800454
vt 0.086185 0.799978
vt 0.086779 0.800092
vt 0.086285 0.799843
vt 0.086528 0.800652
vt 0.088040 0.804335
vt 0.086854 0.805491
vt 0.088315 0.805473
vt 0.547743 0.829429
vt 0.547452 0.821148
vt 0.546763 0.829371
vt 0.548339 0.829452
vt 0.546210 0.821305
vt 0.548933 0.821147
vt 0.545549 0.829372
vt 0.549326 0.829412
vt 0.548686 0.829543
vt 0.549537 0.824073
vt 0.549781 0.829004
vt 0.545236 0.821147
vt 0.544318 0.829371
vt 0.543951 0.821147
vt 0.543392 0.829452
vt 0.542718 0.821146
vt 0.542324 0.829373
vt 0.449565 0.821303
vt 0.453311 0.827818
vt 0.449455 0.829468
vt 0.453012 0.821597
vt 0.452842 0.829261
vt 0.453603 0.829248
vt 0.448611 0.821147
vt 0.450780 0.821148
vt 0.451717 0.821591
vt 0.447747 0.829543
vt 0.451771 0.829261
vt 0.450966 0.829481
vt 0.447353 0.821147
vt 0.446535 0.829543
vt 0.446146 0.821146
vt 0.993804 0.393425
vt 0.987196 0.394393
vt 0.994051 0.394382
vt 0.987595 0.393425
vt 0.994915 0.394335
vt 0.995270 0.393180
vt 0.994002 0.393180
vt 0.986883 0.389442
vt 0.984680 0.394374
vt 0.984911 0.389442
vt 0.757926 0.890408
vt 0.759779 0.887719
vt 0.761540 0.890446
vt 0.761547 0.888045
vt 0.760438 0.886797
vt 0.761000 0.886602
vt 0.760968 0.886129
vt 0.760466 0.885996
vt 0.757064 0.891378
vt 0.761560 0.891573
vt 0.757064 0.890739
vt 0.758230 0.890426
vt 0.758155 0.889560
vt 0.757064 0.889926
vt 0.758267 0.890672
vt 0.757064 0.891198
vt 0.758708 0.891372
vt 0.756297 0.891527
vt 0.756297 0.890982
vt 0.757064 0.890613
vt 0.756301 0.890284
vt 0.681384 0.853170
vt 0.681372 0.856860
vt 0.681108 0.855016
vt 0.682566 0.857678
vt 0.681397 0.857464
vt 0.682435 0.852161
vt 0.681397 0.852594
vt 0.681348 0.857748
vt 0.681597 0.859062
vt 0.682614 0.858693
vt 0.681867 0.859537
vt 0.681348 0.861361
vt 0.682546 0.861054
vt 0.682535 0.861498
vt 0.730326 0.501066
vt 0.733093 0.498465
vt 0.732850 0.501849
vt 0.730312 0.501849
vt 0.728637 0.498495
vt 0.728101 0.501066
vt 0.733381 0.497314
vt 0.733992 0.497211
vt 0.311164 0.809369
vt 0.313790 0.808173
vt 0.308615 0.800241
vt 0.312197 0.809353
vt 0.312150 0.809788
vt 0.312947 0.810310
vt 0.310751 0.809682
vt 0.309024 0.810432
vt 0.309587 0.809684
vt 0.309820 0.809285
vt 0.309533 0.800630
vt 0.309022 0.799843
vt 0.309877 0.800920
vt 0.310739 0.800592
vt 0.312137 0.800460
vt 0.312985 0.800051
vt 0.311087 0.800984
vt 0.312161 0.800917
vt 0.314138 0.802026
vt 0.314505 0.806157
vt 0.717942 0.271056
vt 0.720040 0.269579
vt 0.717536 0.269864
vt 0.717628 0.271586
vt 0.717537 0.270992
vt 0.721410 0.271063
vt 0.717059 0.271105
vt 0.715608 0.269833
vt 0.715570 0.271244
vt 0.722638 0.268828
vt 0.722312 0.271113
vt 0.723966 0.271180
vt 0.159869 0.894474
vt 0.160997 0.894714
vt 0.159869 0.892575
vt 0.160955 0.892710
vt 0.159593 0.895041
vt 0.159633 0.896905
vt 0.160947 0.898059
vt 0.159178 0.897347
vt 0.159645 0.897816
vt 0.159648 0.897825
vt 0.159178 0.897957
vt 0.159638 0.898465
vt 0.160929 0.895706
vt 0.159593 0.898009
vt 0.159593 0.895789
vt 0.160908 0.892691
vt 0.160202 0.893627
vt 0.159676 0.893299
vt 0.922275 0.124970
vt 0.922136 0.123777
vt 0.916384 0.124966
vt 0.916551 0.123777
vt 0.809274 0.428289
vt 0.808928 0.431955
vt 0.814819 0.430657
vt 0.814671 0.431987
vt 0.814453 0.428333
vt 0.024099 0.809719
vt 0.025626 0.808560
vt 0.027523 0.810464
vt 0.023952 0.810746
vt 0.024490 0.806672
vt 0.023840 0.806699
vt 0.027436 0.808378
vt 0.024307 0.803728
vt 0.024264 0.806630
vt 0.024274 0.803692
vt 0.023845 0.803695
vt 0.023919 0.800241
vt 0.025622 0.801759
vt 0.027417 0.801967
vt 0.027538 0.799843
vt 0.282551 0.633010
vt 0.282499 0.635934
vt 0.281349 0.633010
vt 0.281025 0.632236
vt 0.280106 0.632236
vt 0.280418 0.633010
vt 0.534117 0.898840
vt 0.534110 0.903791
vt 0.529166 0.900095
vt 0.529206 0.903791
vt 0.183968 0.897905
vt 0.182709 0.896075
vt 0.180795 0.896430
vt 0.183377 0.896289
vt 0.180940 0.893729
vt 0.183990 0.895488
vt 0.183828 0.898465
vt 0.184537 0.897835
vt 0.185433 0.897433
vt 0.184931 0.897481
vt 0.185169 0.896816
vt 0.182538 0.893190
vt 0.183065 0.894709
vt 0.182455 0.895211
vt 0.181539 0.893471
vt 0.181914 0.893122
vt 0.182244 0.892575
vt 0.239692 0.821245
vt 0.243390 0.831374
vt 0.243384 0.821146
vt 0.239699 0.830560
vt 0.239699 0.831423
vt 0.778035 0.577417
vt 0.774468 0.577419
vt 0.778165 0.581107
vt 0.774326 0.581110
vt 0.773840 0.577412
vt 0.773931 0.581102
vt 0.686747 0.904504
vt 0.689819 0.904166
vt 0.689757 0.905402
vt 0.689174 0.905721
vt 0.686748 0.906522
vt 0.689461 0.907128
vt 0.686748 0.908177
vt 0.689788 0.908047
vt 0.976845 0.742871
vt 0.976213 0.747907
vt 0.978563 0.746920
vt 0.980020 0.745908
vt 0.981485 0.744265
vt 0.981020 0.743133
vt 0.973530 0.748403
vt 0.971209 0.740983
vt 0.971236 0.747968
vt 0.976414 0.740946
vt 0.890402 0.313652
vt 0.896852 0.314859
vt 0.891344 0.311820
vt 0.892208 0.309829
vt 0.892413 0.314281
vt 0.891565 0.314122
vt 0.892040 0.315037
vt 0.896787 0.316384
vt 0.890069 0.315912
vt 0.897823 0.313550
vt 0.895609 0.306800
vt 0.893985 0.307948
vt 0.898964 0.312685
vt 0.900154 0.312189
vt 0.899184 0.305562
vt 0.897087 0.306128
vt 0.900497 0.309562
vt 0.900527 0.308734
vt 0.901710 0.305482
vt 0.901405 0.309178
vt 0.901667 0.311902
vt 0.904040 0.305926
vt 0.903508 0.312137
vt 0.905873 0.309045
vt 0.905640 0.306568
vt 0.906823 0.307264
vt 0.906756 0.309607
vt 0.906686 0.308723
vt 0.908900 0.309115
vt 0.905575 0.312527
vt 0.910121 0.310798
vt 0.905551 0.316385
vt 0.911623 0.316081
vt 0.911191 0.313296
vt 0.869727 0.311820
vt 0.875236 0.314859
vt 0.868786 0.313652
vt 0.868452 0.315912
vt 0.875170 0.316384
vt 0.876206 0.313550
vt 0.870592 0.309829
vt 0.872369 0.307948
vt 0.877347 0.312685
vt 0.873992 0.306800
vt 0.875471 0.306128
vt 0.878538 0.312189
vt 0.877567 0.305562
vt 0.880094 0.305482
vt 0.882424 0.305926
vt 0.884023 0.306568
vt 0.881892 0.312137
vt 0.883958 0.312527
vt 0.885206 0.307264
vt 0.887283 0.309115
vt 0.888505 0.310798
vt 0.889574 0.313296
vt 0.883934 0.316385
vt 0.890006 0.316081
vt 0.969956 0.497211
vt 0.974541 0.501127
vt 0.974593 0.497277
vt 0.969956 0.501222
vt 0.966113 0.787203
vt 0.962825 0.788746
vt 0.968014 0.791418
vt 0.966805 0.787108
vt 0.967703 0.785645
vt 0.966387 0.786643
vt 0.960721 0.785432
vt 0.966837 0.786891
vt 0.966195 0.786789
vt 0.960244 0.786340
vt 0.962561 0.787904
vt 0.961644 0.788218
vt 0.966744 0.791257
vt 0.967318 0.792262
vt 0.965676 0.791702
vt 0.965911 0.790979
vt 0.963625 0.790711
vt 0.962153 0.789084
vt 0.398572 0.408529
vt 0.394755 0.407520
vt 0.392828 0.410399
vt 0.391191 0.407643
vt 0.391009 0.410258
vt 0.391828 0.410719
vt 0.396053 0.407585
vt 0.393953 0.410984
vt 0.401285 0.408266
vt 0.400037 0.407299
vt 0.396792 0.409973
vt 0.401182 0.409468
vt 0.394312 0.411936
vt 0.396313 0.411928
vt 0.831727 0.104513
vt 0.829593 0.104200
vt 0.827447 0.104498
vt 0.828678 0.104276
vt 0.826403 0.104040
vt 0.826645 0.105851
vt 0.826879 0.104524
vt 0.832362 0.105859
vt 0.826400 0.104467
vt 0.824694 0.105840
vt 0.824759 0.104467
vt 0.824175 0.105225
vt 0.823620 0.105839
vt 0.823865 0.104629
vt 0.824183 0.104933
vt 0.820593 0.105838
vt 0.820425 0.104637
vt 0.820023 0.105116
vt 0.819549 0.104467
vt 0.819617 0.105840
vt 0.818072 0.104467
vt 0.818014 0.105818
vt 0.338002 0.887118
vt 0.334304 0.886391
vt 0.337939 0.888396
vt 0.337988 0.885996
vt 0.334304 0.888852
vt 0.337351 0.888726
vt 0.337641 0.890181
vt 0.334304 0.890454
vt 0.337971 0.891132
vt 0.334304 0.892181
vt 0.337978 0.892513
vt 0.134994 0.900348
vt 0.132661 0.902271
vt 0.132549 0.903791
vt 0.132698 0.901165
vt 0.134172 0.898840
vt 0.132744 0.900323
vt 0.132617 0.899159
vt 0.891024 0.537135
vt 0.891034 0.540887
vt 0.896513 0.536138
vt 0.889512 0.536059
vt 0.888816 0.538973
vt 0.896155 0.538532
vt 0.889467 0.541949
vt 0.896240 0.540090
vt 0.896585 0.541770
vt 0.505358 0.918064
vt 0.506862 0.915275
vt 0.504103 0.915564
vt 0.506189 0.914191
vt 0.506688 0.918202
vt 0.167262 0.804945
vt 0.157237 0.802768
vt 0.158523 0.801112
vt 0.156673 0.804801
vt 0.160334 0.800085
vt 0.162391 0.799843
vt 0.163901 0.800173
vt 0.165251 0.800995
vt 0.166582 0.802588
vt 0.156754 0.806390
vt 0.167200 0.806186
vt 0.166768 0.807506
vt 0.157336 0.807876
vt 0.158521 0.809349
vt 0.165385 0.809350
vt 0.163690 0.810308
vt 0.160528 0.810432
vt 0.146585 0.802768
vt 0.156610 0.804945
vt 0.147872 0.801112
vt 0.149683 0.800085
vt 0.146021 0.804801
vt 0.151739 0.799843
vt 0.153249 0.800173
vt 0.154599 0.800995
vt 0.155931 0.802588
vt 0.146102 0.806390
vt 0.156549 0.806186
vt 0.156117 0.807506
vt 0.146684 0.807876
vt 0.147870 0.809349
vt 0.154734 0.809350
vt 0.153038 0.810308
vt 0.149876 0.810432
vt 0.561060 0.490643
vt 0.565754 0.488127
vt 0.560661 0.488028
vt 0.560495 0.490643
vt 0.564915 0.490643
vt 0.565519 0.486807
vt 0.561263 0.491824
vt 0.561601 0.491824
vt 0.566033 0.486762
vt 0.565778 0.491808
vt 0.565158 0.487978
vt 0.566998 0.488248
vt 0.567696 0.486560
vt 0.567951 0.488251
vt 0.467377 0.383856
vt 0.467137 0.386561
vt 0.463690 0.383857
vt 0.463864 0.386561
vt 0.467785 0.386561
vt 0.468032 0.383803
vt 0.468641 0.383957
vt 0.035997 0.900863
vt 0.035997 0.898840
vt 0.033653 0.899519
vt 0.033538 0.901040
vt 0.034707 0.901921
vt 0.033551 0.902905
vt 0.033239 0.901733
vt 0.034707 0.902940
vt 0.035997 0.902782
vt 0.033615 0.904042
vt 0.035997 0.904104
vt 0.615185 0.634612
vt 0.615978 0.633353
vt 0.614692 0.632236
vt 0.616963 0.633428
vt 0.617137 0.635343
vt 0.615808 0.635934
vt 0.914905 0.905882
vt 0.915919 0.907155
vt 0.915161 0.908068
vt 0.916492 0.905021
vt 0.916949 0.906983
vt 0.916911 0.905690
vt 0.914735 0.904166
vt 0.914191 0.904310
vt 0.914511 0.908177
vt 0.870332 0.581109
vt 0.870586 0.577412
vt 0.874343 0.581110
vt 0.874057 0.577412
vt 0.654556 0.384576
vt 0.652290 0.383803
vt 0.652832 0.386044
vt 0.651033 0.386104
vt 0.653722 0.386075
vt 0.654731 0.386248
vt 0.912652 0.283998
vt 0.912496 0.285364
vt 0.914443 0.285371
vt 0.914225 0.284032
vt 0.909680 0.283975
vt 0.909492 0.285368
vt 0.913696 0.283552
vt 0.913733 0.284032
vt 0.913227 0.283552
vt 0.913347 0.284032
vt 0.912789 0.284010
vt 0.494352 0.883492
vt 0.494643 0.881801
vt 0.492903 0.882991
vt 0.492997 0.882294
vt 0.492338 0.883404
vt 0.494023 0.880752
vt 0.491473 0.885000
vt 0.492460 0.881845
vt 0.494508 0.880643
vt 0.491533 0.883078
vt 0.491692 0.885621
vt 0.490227 0.883927
vt 0.491610 0.882093
vt 0.490909 0.885065
vt 0.490668 0.884639
vt 0.490006 0.884528
vt 0.492911 0.880256
vt 0.493100 0.879417
vt 0.493493 0.880246
vt 0.493572 0.880252
vt 0.493197 0.879683
vt 0.750457 0.123805
vt 0.755464 0.123792
vt 0.750491 0.124937
vt 0.755528 0.124956
vt 0.755921 0.124970
vt 0.755897 0.123777
vt 0.749676 0.124782
vt 0.749701 0.123899
vt 0.749114 0.124668
vt 0.749091 0.124071
vt 0.738316 0.879417
vt 0.733591 0.880659
vt 0.738378 0.884368
vt 0.733354 0.884367
vt 0.733114 0.880695
vt 0.873465 0.490571
vt 0.878415 0.490396
vt 0.873494 0.486560
vt 0.878415 0.486637
vt 0.211332 0.635934
vt 0.212375 0.633596
vt 0.209921 0.633516
vt 0.210522 0.632236
vt 0.209725 0.635755
vt 0.209304 0.633844
vt 0.209920 0.633978
vt 0.698940 0.801316
vt 0.699942 0.801953
vt 0.699938 0.801091
vt 0.699463 0.800890
vt 0.700139 0.800805
vt 0.699518 0.800563
vt 0.700469 0.800484
vt 0.699998 0.799843
vt 0.701696 0.801452
vt 0.698790 0.800030
vt 0.698016 0.801266
vt 0.697438 0.800649
vt 0.696750 0.800090
vt 0.696886 0.801027
vt 0.696932 0.800904
vt 0.697364 0.800467
vt 0.697107 0.801896
vt 0.695399 0.801220
vt 0.696663 0.802656
vt 0.695976 0.802862
vt 0.695409 0.803255
vt 0.694893 0.803326
vt 0.696461 0.803717
vt 0.695414 0.805054
vt 0.696995 0.804450
vt 0.697095 0.805189
vt 0.696812 0.806121
vt 0.697675 0.805964
vt 0.698149 0.805297
vt 0.698523 0.805746
vt 0.698968 0.804976
vt 0.699378 0.805997
vt 0.698551 0.805352
vt 0.699659 0.805154
vt 0.699898 0.804315
vt 0.700173 0.805570
vt 0.700154 0.806360
vt 0.701518 0.805065
vt 0.702037 0.803305
vt 0.700585 0.803668
vt 0.701505 0.802989
vt 0.700541 0.802642
vt 0.700947 0.803472
vt 0.700982 0.802809
vt 0.685121 0.587750
vt 0.685095 0.590605
vt 0.683966 0.588202
vt 0.683927 0.590821
vt 0.956171 0.831798
vt 0.957272 0.831804
vt 0.956275 0.839568
vt 0.957433 0.839566
vt 0.958303 0.839545
vt 0.958028 0.838137
vt 0.996585 0.466761
vt 0.999914 0.466761
vt 0.996685 0.464003
vt 0.999969 0.464003
vt 0.946473 0.473691
vt 0.949447 0.471703
vt 0.947398 0.471522
vt 0.945764 0.473361
vt 0.949888 0.474909
vt 0.951022 0.471563
vt 0.946153 0.474491
vt 0.945204 0.474010
vt 0.944267 0.475503
vt 0.944809 0.476473
vt 0.950556 0.474865
vt 0.952037 0.472125
vt 0.951734 0.476319
vt 0.950322 0.475445
vt 0.949926 0.475020
vt 0.950529 0.475194
vt 0.163885 0.843476
vt 0.163927 0.848189
vt 0.165070 0.843462
vt 0.163903 0.841857
vt 0.165067 0.841823
vt 0.165060 0.848170
vt 0.165056 0.848876
vt 0.163877 0.848939
vt 0.165032 0.849873
vt 0.164125 0.850760
vt 0.164533 0.851786
vt 0.778853 0.131966
vt 0.778901 0.133077
vt 0.783736 0.131922
vt 0.783637 0.133116
vt 0.784052 0.133104
vt 0.784117 0.131928
vt 0.010571 0.881001
vt 0.009428 0.885934
vt 0.009469 0.880957
vt 0.010622 0.885898
vt 0.010579 0.879417
vt 0.009448 0.879437
vt 0.723088 0.268767
vt 0.724494 0.267574
vt 0.724456 0.268732
vt 0.723105 0.267582
vt 0.725180 0.268719
vt 0.725220 0.267577
vt 0.873692 0.553602
vt 0.872551 0.553659
vt 0.873717 0.555179
vt 0.872524 0.555375
vt 0.873709 0.555734
vt 0.194205 0.895609
vt 0.191774 0.896197
vt 0.191823 0.894475
vt 0.191829 0.897300
vt 0.191447 0.894510
vt 0.194205 0.897348
vt 0.194205 0.898465
vt 0.191708 0.898011
vt 0.191447 0.893424
vt 0.191681 0.892575
vt 0.194205 0.893615
vt 0.191823 0.893205
vt 0.194205 0.892702
vt 0.935397 0.344563
vt 0.934568 0.344706
vt 0.935922 0.347087
vt 0.936373 0.344705
vt 0.934628 0.347087
vt 0.933204 0.347087
vt 0.933156 0.344706
vt 0.931639 0.344703
vt 0.933113 0.344329
vt 0.931740 0.347087
vt 0.930598 0.347087
vt 0.930169 0.344743
vt 0.930931 0.344412
vt 0.940507 0.250657
vt 0.945458 0.251217
vt 0.940507 0.251719
vt 0.945420 0.252163
vt 0.696035 0.267575
vt 0.694598 0.267574
vt 0.696164 0.268767
vt 0.694579 0.268737
vt 0.696702 0.268765
vt 0.696711 0.267580
vt 0.925155 0.427567
vt 0.926349 0.427601
vt 0.925169 0.425806
vt 0.926319 0.425782
vt 0.932437 0.837786
vt 0.931450 0.836870
vt 0.932601 0.836837
vt 0.931421 0.831849
vt 0.932614 0.831798
vt 0.931525 0.837756
vt 0.931726 0.838243
vt 0.932332 0.838267
vt 0.932349 0.839453
vt 0.931694 0.839568
vt 0.905636 0.155986
vt 0.906491 0.155105
vt 0.906611 0.155986
vt 0.904827 0.155122
vt 0.904737 0.155986
vt 0.903889 0.155113
vt 0.903853 0.155985
vt 0.572713 0.904166
vt 0.575343 0.905736
vt 0.572881 0.906603
vt 0.576539 0.906922
vt 0.576607 0.905972
vt 0.577037 0.907798
vt 0.576651 0.908177
vt 0.687125 0.635067
vt 0.689663 0.634213
vt 0.687125 0.633668
vt 0.689663 0.635878
vt 0.687124 0.635934
vt 0.690445 0.634021
vt 0.690445 0.632240
vt 0.687061 0.632236
vt 0.365403 0.343103
vt 0.364181 0.342136
vt 0.366510 0.342548
vt 0.365763 0.344268
vt 0.364300 0.343060
vt 0.365240 0.343573
vt 0.363959 0.343460
vt 0.362287 0.344103
vt 0.362816 0.343023
vt 0.361873 0.343220
vt 0.362806 0.343503
vt 0.718082 0.267574
vt 0.716684 0.268762
vt 0.718281 0.268767
vt 0.716509 0.267610
vt 0.718641 0.267575
vt 0.375910 0.924781
vt 0.375032 0.924075
vt 0.375910 0.922931
vt 0.375032 0.924779
vt 0.375029 0.922023
vt 0.375909 0.922146
vt 0.659478 0.498847
vt 0.659196 0.497220
vt 0.656986 0.497211
vt 0.660966 0.497216
vt 0.660111 0.499152
vt 0.659958 0.502475
vt 0.662677 0.497227
vt 0.662419 0.499077
vt 0.663816 0.499170
vt 0.687008 0.375030
vt 0.685541 0.375754
vt 0.686312 0.376055
vt 0.684868 0.375887
vt 0.685132 0.376560
vt 0.687313 0.376371
vt 0.685907 0.376849
vt 0.443508 0.384152
vt 0.438627 0.384928
vt 0.443578 0.385911
vt 0.438628 0.386561
vt 0.438628 0.383803
vt 0.924904 0.074952
vt 0.927287 0.074856
vt 0.922402 0.074590
vt 0.925438 0.075159
vt 0.925450 0.074590
vt 0.922337 0.075159
vt 0.923209 0.075159
vt 0.923406 0.074590
vt 0.923753 0.075159
vt 0.923944 0.075159
vt 0.924392 0.074590
vt 0.317332 0.818199
vt 0.315009 0.818891
vt 0.318405 0.818185
vt 0.319202 0.818075
vt 0.319169 0.818672
vt 0.318624 0.816775
vt 0.318177 0.816905
vt 0.317549 0.816884
vt 0.317723 0.817534
vt 0.317208 0.817517
vt 0.316525 0.818484
vt 0.316624 0.818010
vt 0.315886 0.818169
vt 0.315190 0.818175
vt 0.314389 0.818039
vt 0.313296 0.818617
vt 0.313483 0.818109
vt 0.312081 0.817836
vt 0.312353 0.817581
vt 0.312230 0.816811
vt 0.311128 0.816413
vt 0.311766 0.816134
vt 0.311214 0.815410
vt 0.310808 0.814846
vt 0.311365 0.814410
vt 0.311043 0.813456
vt 0.311799 0.813575
vt 0.312243 0.812918
vt 0.312086 0.811850
vt 0.312538 0.812159
vt 0.313478 0.811585
vt 0.313498 0.811011
vt 0.314379 0.811350
vt 0.315226 0.810808
vt 0.315158 0.811536
vt 0.316219 0.811690
vt 0.316556 0.811227
vt 0.317401 0.812630
vt 0.317743 0.812180
vt 0.317351 0.811461
vt 0.318183 0.812788
vt 0.318409 0.811533
vt 0.318618 0.812947
vt 0.319204 0.811614
vt 0.319177 0.811024
vt 0.954037 0.839568
vt 0.955217 0.839568
vt 0.953978 0.831798
vt 0.955404 0.831804
vt 0.956092 0.839548
vt 0.955567 0.838117
vt 0.956110 0.838692
vt 0.731702 0.107695
vt 0.726456 0.106477
vt 0.725908 0.107739
vt 0.730846 0.106468
vt 0.728542 0.106233
vt 0.731300 0.106486
vt 0.733547 0.106579
vt 0.731720 0.106435
vt 0.733333 0.107677
vt 0.733885 0.107094
vt 0.733896 0.106867
vt 0.734393 0.107680
vt 0.734452 0.106435
vt 0.735477 0.106435
vt 0.735558 0.107662
vt 0.996412 0.540167
vt 0.997720 0.538200
vt 0.997777 0.541471
vt 0.996373 0.538355
vt 0.996418 0.541636
vt 0.996417 0.540560
vt 0.995958 0.540546
vt 0.995958 0.541399
vt 0.996429 0.541126
vt 0.995958 0.541000
vt 0.996373 0.541258
vt 0.997710 0.539655
vt 0.996373 0.539744
vt 0.996373 0.538642
vt 0.997718 0.538677
vt 0.997711 0.538111
vt 0.997755 0.536538
vt 0.996552 0.537803
vt 0.996373 0.536643
vt 0.997715 0.536059
vt 0.997719 0.536977
vt 0.997207 0.537553
vt 0.996856 0.537506
vt 0.989891 0.344694
vt 0.990884 0.344590
vt 0.990659 0.347087
vt 0.989047 0.347087
vt 0.988070 0.344669
vt 0.989281 0.344329
vt 0.987112 0.347087
vt 0.986808 0.344635
vt 0.985818 0.344705
vt 0.985793 0.347087
vt 0.986016 0.344329
vt 0.984993 0.344641
vt 0.472715 0.922160
vt 0.471834 0.922023
vt 0.471845 0.923936
vt 0.472715 0.924632
vt 0.471846 0.924781
vt 0.728317 0.379570
vt 0.728398 0.378570
vt 0.729920 0.379669
vt 0.729760 0.378570
vt 0.729277 0.378163
vt 0.729257 0.378566
vt 0.728788 0.378570
vt 0.728705 0.378163
vt 0.728100 0.378557
vt 0.264790 0.889482
vt 0.265007 0.892513
vt 0.264788 0.885996
vt 0.264299 0.891116
vt 0.262875 0.892441
vt 0.264374 0.887521
vt 0.262889 0.886052
vt 0.555481 0.427537
vt 0.555854 0.425792
vt 0.556978 0.427601
vt 0.556987 0.425782
vt 0.055108 0.904896
vt 0.053602 0.905200
vt 0.055071 0.905705
vt 0.053616 0.904828
vt 0.055029 0.904486
vt 0.053663 0.904166
vt 0.053703 0.906550
vt 0.054922 0.906778
vt 0.054815 0.907502
vt 0.053975 0.908264
vt 0.054724 0.908311
vt 0.054702 0.909430
vt 0.053969 0.909411
vt 0.477473 0.909571
vt 0.478597 0.909492
vt 0.478667 0.910584
vt 0.477475 0.910290
vt 0.478630 0.911002
vt 0.477507 0.910962
vt 0.477622 0.911484
vt 0.478467 0.911908
vt 0.478075 0.913816
vt 0.971181 0.170709
vt 0.972023 0.169203
vt 0.973205 0.170500
vt 0.974420 0.169532
vt 0.973943 0.170396
vt 0.974593 0.170316
vt 0.970986 0.169226
vt 0.970171 0.170574
vt 0.970001 0.169256
vt 0.969209 0.170566
vt 0.969016 0.169207
vt 0.535997 0.840508
vt 0.532299 0.833319
vt 0.535997 0.833638
vt 0.532301 0.840384
vt 0.532302 0.831895
vt 0.534989 0.832631
vt 0.534989 0.831798
vt 0.511150 0.723383
vt 0.512501 0.722148
vt 0.512448 0.724594
vt 0.511098 0.722165
vt 0.511153 0.724431
vt 0.510682 0.723949
vt 0.511153 0.723940
vt 0.510682 0.723399
vt 0.511129 0.722986
vt 0.777512 0.897287
vt 0.775874 0.894145
vt 0.774652 0.897193
vt 0.777538 0.894320
vt 0.777486 0.897839
vt 0.772274 0.897619
vt 0.777021 0.893307
vt 0.776282 0.893486
vt 0.776492 0.892905
vt 0.776977 0.892575
vt 0.776551 0.892771
vt 0.408251 0.443326
vt 0.410216 0.444765
vt 0.408255 0.444764
vt 0.408239 0.445458
vt 0.410684 0.445449
vt 0.773153 0.299460
vt 0.771960 0.299469
vt 0.773153 0.299248
vt 0.771960 0.299022
vt 0.773153 0.298588
vt 0.886621 0.293115
vt 0.887552 0.293442
vt 0.887552 0.292950
vt 0.886621 0.293485
vt 0.887552 0.293836
vt 0.886621 0.293844
vt 0.887815 0.293072
vt 0.887552 0.293501
vt 0.887815 0.293822
vt 0.887552 0.294108
vt 0.887768 0.294143
vt 0.941759 0.286625
vt 0.941857 0.285744
vt 0.942402 0.286625
vt 0.942510 0.285744
vt 0.942953 0.286625
vt 0.941700 0.286625
vt 0.940604 0.285744
vt 0.940506 0.286625
vt 0.941257 0.285744
vt 0.691447 0.320456
vt 0.693180 0.319096
vt 0.691538 0.319121
vt 0.693116 0.320458
vt 0.694625 0.320439
vt 0.695771 0.319064
vt 0.695529 0.320449
vt 0.692119 0.318639
vt 0.691685 0.318639
vt 0.692183 0.319121
vt 0.692418 0.319121
vt 0.692614 0.318639
vt 0.798394 0.362752
vt 0.798357 0.361559
vt 0.797962 0.362752
vt 0.798735 0.361559
vt 0.798843 0.362752
vt 0.911057 0.293881
vt 0.911396 0.292950
vt 0.911618 0.293881
vt 0.911821 0.292950
vt 0.911684 0.293881
vt 0.911248 0.294143
vt 0.911938 0.294143
vt 0.888805 0.294052
vt 0.887874 0.293614
vt 0.888805 0.293283
vt 0.887874 0.293189
vt 0.889068 0.292950
vt 0.889068 0.293555
vt 0.888805 0.293855
vt 0.889068 0.294143
vt 0.503163 0.909674
vt 0.504356 0.909492
vt 0.503163 0.910978
vt 0.504350 0.910766
vt 0.504336 0.912295
vt 0.503163 0.913353
vt 0.504347 0.913816
vt 0.830230 0.286625
vt 0.830329 0.285744
vt 0.830536 0.286625
vt 0.831424 0.285744
vt 0.831095 0.286625
vt 0.945750 0.299469
vt 0.945773 0.298588
vt 0.944892 0.299469
vt 0.945230 0.298588
vt 0.702643 0.299529
vt 0.697713 0.301661
vt 0.702663 0.301605
vt 0.697713 0.299676
vt 0.750656 0.172716
vt 0.751587 0.172730
vt 0.751850 0.172335
vt 0.751850 0.172965
vt 0.750656 0.173075
vt 0.751587 0.173216
vt 0.897755 0.292950
vt 0.897586 0.293881
vt 0.898114 0.293881
vt 0.898130 0.292950
vt 0.897930 0.294143
vt 0.897690 0.293881
vt 0.898467 0.294143
vt 0.976786 0.060541
vt 0.975625 0.060749
vt 0.971522 0.060749
vt 0.974261 0.060179
vt 0.975275 0.060179
vt 0.974410 0.060749
vt 0.974196 0.060749
vt 0.974475 0.060179
vt 0.975076 0.060749
vt 0.975544 0.060179
vt 0.975817 0.060749
vt 0.976270 0.060179
vt 0.697651 0.299616
vt 0.692700 0.301531
vt 0.697622 0.301661
vt 0.692700 0.299529
vt 0.136590 0.902059
vt 0.136543 0.903787
vt 0.136990 0.903791
vt 0.137403 0.901870
vt 0.137380 0.903790
vt 0.136914 0.898840
vt 0.138063 0.898840
vt 0.138127 0.903778
vt 0.135893 0.898840
vt 0.135925 0.903763
vt 0.135056 0.898840
vt 0.135066 0.903721
vt 0.923291 0.852824
vt 0.921123 0.852161
vt 0.924330 0.852517
vt 0.924718 0.854872
vt 0.924343 0.853843
vt 0.925394 0.855097
vt 0.924747 0.855839
vt 0.925408 0.857299
vt 0.924666 0.857018
vt 0.924745 0.857574
vt 0.923845 0.858716
vt 0.923314 0.859594
vt 0.922343 0.859871
vt 0.924304 0.858535
vt 0.924655 0.859564
vt 0.921084 0.860245
vt 0.804822 0.300765
vt 0.806532 0.300674
vt 0.808866 0.301348
vt 0.807669 0.300673
vt 0.807803 0.300234
vt 0.808202 0.299529
vt 0.806354 0.300183
vt 0.804841 0.299547
vt 0.805270 0.300267
vt 0.804229 0.300371
vt 0.794529 0.133108
vt 0.793864 0.131934
vt 0.794769 0.131940
vt 0.793566 0.133108
vt 0.793112 0.131922
vt 0.793004 0.133116
vt 0.791903 0.132951
vt 0.791815 0.132099
vt 0.789505 0.132525
vt 0.111381 0.403672
vt 0.112883 0.402193
vt 0.111839 0.402173
vt 0.112892 0.403429
vt 0.861795 0.143199
vt 0.861869 0.143769
vt 0.862295 0.143764
vt 0.861246 0.143751
vt 0.862313 0.143199
vt 0.862752 0.143769
vt 0.740394 0.299469
vt 0.739461 0.298588
vt 0.740572 0.298588
vt 0.739378 0.299469
vt 0.567252 0.791883
vt 0.567951 0.791265
vt 0.567271 0.789978
vt 0.567681 0.789138
vt 0.567390 0.793334
vt 0.566561 0.788210
vt 0.566898 0.792956
vt 0.566620 0.787277
vt 0.566113 0.794477
vt 0.566659 0.794177
vt 0.565099 0.786760
vt 0.565400 0.786199
vt 0.563924 0.785581
vt 0.563489 0.786104
vt 0.561792 0.785432
vt 0.561590 0.786083
vt 0.559764 0.786113
vt 0.559963 0.786702
vt 0.558962 0.787507
vt 0.558472 0.787102
vt 0.557580 0.788433
vt 0.558006 0.788963
vt 0.557053 0.789975
vt 0.557616 0.790673
vt 0.557049 0.791579
vt 0.557726 0.791935
vt 0.557728 0.793612
vt 0.558404 0.793550
vt 0.559131 0.795230
vt 0.559733 0.794913
vt 0.561045 0.796186
vt 0.561480 0.795663
vt 0.563178 0.796335
vt 0.563381 0.795684
vt 0.565205 0.795654
vt 0.565007 0.795065
vt 0.320147 0.866699
vt 0.320147 0.864748
vt 0.319577 0.865741
vt 0.319767 0.867797
vt 0.319577 0.863645
vt 0.320147 0.862939
vt 0.319577 0.862186
vt 0.319577 0.869047
vt 0.320147 0.869354
vt 0.319767 0.869956
vt 0.696519 0.554323
vt 0.697986 0.554329
vt 0.696796 0.554791
vt 0.697978 0.554769
vt 0.698258 0.553698
vt 0.696513 0.553602
vt 0.698278 0.555734
vt 0.697950 0.555097
vt 0.696695 0.554826
vt 0.696459 0.555715
vt 0.955890 0.087435
vt 0.954713 0.088004
vt 0.955867 0.088004
vt 0.956716 0.088004
vt 0.956736 0.087435
vt 0.954698 0.087435
vt 0.954463 0.088004
vt 0.953772 0.087435
vt 0.953665 0.088004
vt 0.957385 0.101846
vt 0.957837 0.102415
vt 0.956376 0.102415
vt 0.957861 0.101846
vt 0.958616 0.101846
vt 0.958540 0.102415
vt 0.956620 0.101846
vt 0.956635 0.102415
vt 0.955898 0.101846
vt 0.955544 0.102415
vt 0.598821 0.173216
vt 0.598567 0.172335
vt 0.599281 0.172335
vt 0.597775 0.173216
vt 0.598147 0.172335
vt 0.128749 0.632451
vt 0.131435 0.633807
vt 0.128549 0.633807
vt 0.131683 0.632423
vt 0.901963 0.292978
vt 0.901032 0.293142
vt 0.901963 0.293512
vt 0.901032 0.293569
vt 0.902226 0.292950
vt 0.902226 0.293706
vt 0.901963 0.294143
vt 0.906118 0.293881
vt 0.906450 0.292950
vt 0.906634 0.293881
vt 0.906031 0.292950
vt 0.906456 0.294143
vt 0.906925 0.294143
vt 0.905886 0.294143
vt 0.905732 0.293881
vt 0.691759 0.299469
vt 0.692291 0.298588
vt 0.692923 0.299469
vt 0.692953 0.298588
vt 0.268784 0.861811
vt 0.268513 0.852530
vt 0.268844 0.860605
vt 0.269394 0.861011
vt 0.268956 0.853578
vt 0.269237 0.852161
vt 0.656709 0.374028
vt 0.656672 0.373151
vt 0.659431 0.373832
vt 0.659431 0.374737
vt 0.656709 0.374970
vt 0.965903 0.172141
vt 0.964969 0.172276
vt 0.964942 0.171542
vt 0.965880 0.171790
vt 0.965904 0.171395
vt 0.965908 0.171695
vt 0.966449 0.172112
vt 0.966445 0.171669
vt 0.133988 0.298814
vt 0.133931 0.297900
vt 0.134400 0.297875
vt 0.134509 0.298810
vt 0.133828 0.299381
vt 0.134688 0.299356
vt 0.134709 0.299353
vt 0.134272 0.299358
vt 0.134547 0.298815
vt 0.473988 0.426255
vt 0.474021 0.427536
vt 0.472692 0.426245
vt 0.472461 0.427601
vt 0.473197 0.425782
vt 0.473287 0.426255
vt 0.473791 0.425782
vt 0.473659 0.426255
vt 0.474280 0.426238
vt 0.460836 0.167244
vt 0.461679 0.168158
vt 0.460501 0.168203
vt 0.460835 0.167499
vt 0.460244 0.167412
vt 0.461412 0.167010
vt 0.463315 0.168160
vt 0.463189 0.167010
vt 0.878042 0.293881
vt 0.877827 0.292950
vt 0.877626 0.293881
vt 0.877421 0.292950
vt 0.877895 0.294143
vt 0.878103 0.293881
vt 0.877462 0.294143
vt 0.877222 0.293881
vt 0.620037 0.427601
vt 0.618451 0.426370
vt 0.620270 0.425782
vt 0.687283 0.462163
vt 0.686120 0.462647
vt 0.687313 0.463002
vt 0.686134 0.461481
vt 0.687293 0.461183
vt 0.575051 0.143825
vt 0.575177 0.144395
vt 0.574592 0.144370
vt 0.575544 0.143826
vt 0.575582 0.144395
vt 0.575817 0.143825
vt 0.576098 0.144395
vt 0.826158 0.268767
vt 0.827977 0.267574
vt 0.826494 0.267574
vt 0.827565 0.268761
vt 0.715849 0.267574
vt 0.714356 0.268767
vt 0.714316 0.267601
vt 0.715838 0.268763
vt 0.716448 0.267604
vt 0.716443 0.268763
vt 0.873066 0.388057
vt 0.871586 0.388161
vt 0.873090 0.389352
vt 0.871584 0.389381
vt 0.873062 0.387875
vt 0.607173 0.172840
vt 0.608605 0.172335
vt 0.608679 0.173216
vt 0.934554 0.333781
vt 0.935740 0.333676
vt 0.934557 0.334529
vt 0.935747 0.334870
vt 0.936987 0.333676
vt 0.935807 0.333781
vt 0.935811 0.334529
vt 0.937000 0.334262
vt 0.936995 0.334870
vt 0.139467 0.297875
vt 0.139671 0.298821
vt 0.139998 0.298822
vt 0.140233 0.297877
vt 0.140358 0.298826
vt 0.140166 0.299374
vt 0.140392 0.298821
vt 0.139958 0.299361
vt 0.140661 0.299381
vt 0.139712 0.298828
vt 0.141777 0.297887
vt 0.141645 0.298821
vt 0.140924 0.298821
vt 0.140720 0.297875
vt 0.141611 0.298826
vt 0.141211 0.299361
vt 0.141914 0.299381
vt 0.141059 0.299378
vt 0.141120 0.298837
vt 0.597482 0.633413
vt 0.598654 0.635934
vt 0.598632 0.632298
vt 0.597461 0.635131
vt 0.597510 0.632236
vt 0.832436 0.299469
vt 0.832881 0.298588
vt 0.833304 0.299469
vt 0.832110 0.298588
vt 0.911645 0.106274
vt 0.911811 0.107426
vt 0.916009 0.107422
vt 0.915990 0.106233
vt 0.911061 0.107410
vt 0.910752 0.106235
vt 0.909136 0.107328
vt 0.908530 0.106475
vt 0.906986 0.106824
vt 0.776913 0.553602
vt 0.776888 0.555734
vt 0.776032 0.555731
vt 0.776080 0.553812
vt 0.976380 0.292950
vt 0.976477 0.294143
vt 0.977113 0.292950
vt 0.977414 0.294105
vt 0.976220 0.294118
vt 0.976911 0.292952
vt 0.976760 0.294132
vt 0.977730 0.294143
vt 0.977634 0.292950
vt 0.978366 0.292950
vt 0.978512 0.294114
vt 0.977473 0.294118
vt 0.978013 0.294132
vt 0.978164 0.292952
vt 0.978667 0.294105
vt 0.792553 0.427036
vt 0.791697 0.427601
vt 0.793197 0.427397
vt 0.791826 0.425782
vt 0.792662 0.426228
vt 0.793203 0.425998
vt 0.792965 0.426522
vt 0.792394 0.426458
vt 0.792823 0.426988
vt 0.637563 0.376849
vt 0.635056 0.376643
vt 0.637814 0.375030
vt 0.269753 0.173036
vt 0.268827 0.172723
vt 0.269756 0.172335
vt 0.270299 0.172387
vt 0.269749 0.172757
vt 0.270311 0.172806
vt 0.269770 0.172592
vt 0.270317 0.172397
vt 0.270333 0.173216
vt 0.951786 0.171431
vt 0.950845 0.171395
vt 0.951779 0.171836
vt 0.950850 0.172156
vt 0.952317 0.171481
vt 0.952351 0.172276
vt 0.952329 0.171883
vt 0.951783 0.172104
vt 0.612114 0.794179
vt 0.612354 0.792957
vt 0.613235 0.792311
vt 0.612812 0.790947
vt 0.613377 0.790171
vt 0.612651 0.788899
vt 0.611426 0.787474
vt 0.612063 0.787262
vt 0.610851 0.786197
vt 0.610549 0.786758
vt 0.612015 0.788209
vt 0.609354 0.785574
vt 0.608934 0.786102
vt 0.607214 0.785432
vt 0.607028 0.786081
vt 0.605182 0.786120
vt 0.605397 0.786700
vt 0.603900 0.787101
vt 0.604392 0.787505
vt 0.602998 0.788447
vt 0.603434 0.788962
vt 0.602477 0.789975
vt 0.603042 0.790673
vt 0.602475 0.791596
vt 0.603152 0.791936
vt 0.603163 0.793628
vt 0.603833 0.793551
vt 0.604575 0.795242
vt 0.605166 0.794915
vt 0.606498 0.796192
vt 0.606918 0.795665
vt 0.608638 0.796335
vt 0.608825 0.795686
vt 0.610671 0.795647
vt 0.610456 0.795067
vt 0.516889 0.827221
vt 0.516319 0.828065
vt 0.516319 0.826197
vt 0.516889 0.825151
vt 0.516319 0.824056
vt 0.516889 0.823022
vt 0.516319 0.822783
vt 0.516889 0.821159
vt 0.516319 0.821146
vt 0.516889 0.828366
vt 0.516319 0.829534
vt 0.516889 0.829543
vt 0.768825 0.304482
vt 0.769105 0.303601
vt 0.769394 0.304482
vt 0.768513 0.303601
vt 0.894945 0.292950
vt 0.895334 0.294143
vt 0.894781 0.293881
vt 0.895249 0.292950
vt 0.894592 0.292950
vt 0.894779 0.294143
vt 0.894453 0.293881
vt 0.041892 0.800379
vt 0.043917 0.799843
vt 0.040577 0.801082
vt 0.043074 0.799987
vt 0.039654 0.801923
vt 0.038855 0.803627
vt 0.040091 0.801863
vt 0.041675 0.800834
vt 0.043177 0.800334
vt 0.044855 0.800262
vt 0.046367 0.800758
vt 0.045560 0.800041
vt 0.047357 0.801397
vt 0.047052 0.800730
vt 0.048241 0.802281
vt 0.048530 0.802094
vt 0.049118 0.803504
vt 0.049468 0.805935
vt 0.049452 0.804814
vt 0.049148 0.805242
vt 0.049129 0.806887
vt 0.048607 0.808365
vt 0.048643 0.807669
vt 0.047452 0.809542
vt 0.047818 0.808838
vt 0.045689 0.810485
vt 0.046441 0.809772
vt 0.044062 0.810746
vt 0.044938 0.810292
vt 0.042004 0.810400
vt 0.043347 0.810331
vt 0.041079 0.809852
vt 0.041822 0.809886
vt 0.040022 0.809052
vt 0.040506 0.809000
vt 0.039942 0.808572
vt 0.039145 0.807663
vt 0.039158 0.806871
vt 0.038565 0.806229
vt 0.038779 0.805957
vt 0.038728 0.804803
vt 0.754670 0.317386
vt 0.753789 0.317651
vt 0.754670 0.318237
vt 0.753789 0.318375
vt 0.754670 0.318579
vt 0.128502 0.297893
vt 0.129024 0.298826
vt 0.128580 0.298841
vt 0.129276 0.297875
vt 0.129383 0.298830
vt 0.129109 0.299381
vt 0.128685 0.299367
vt 0.129055 0.298825
vt 0.129287 0.299363
vt 0.972825 0.171395
vt 0.973725 0.171478
vt 0.973730 0.172023
vt 0.972775 0.172276
vt 0.974262 0.171521
vt 0.974281 0.172125
vt 0.939293 0.169203
vt 0.938532 0.170615
vt 0.936802 0.170673
vt 0.939505 0.170709
vt 0.936943 0.169203
vt 0.935639 0.169203
vt 0.935620 0.170631
vt 0.936597 0.169203
vt 0.934391 0.169203
vt 0.933615 0.170653
vt 0.864407 0.362160
vt 0.864513 0.362752
vt 0.864946 0.362628
vt 0.864690 0.361559
vt 0.864377 0.361635
vt 0.693638 0.350847
vt 0.694520 0.349785
vt 0.693638 0.349654
vt 0.694520 0.350656
vt 0.383429 0.350793
vt 0.382235 0.350847
vt 0.382236 0.350082
vt 0.383413 0.350145
vt 0.383402 0.349654
vt 0.380982 0.350847
vt 0.382176 0.350793
vt 0.380983 0.350082
vt 0.382149 0.349654
vt 0.909795 0.293450
vt 0.908864 0.293414
vt 0.910058 0.292950
vt 0.908864 0.293958
vt 0.910058 0.293482
vt 0.909795 0.293877
vt 0.910058 0.294143
vt 0.881467 0.293881
vt 0.881021 0.292950
vt 0.881431 0.292950
vt 0.880981 0.294143
vt 0.881550 0.294143
vt 0.955483 0.251222
vt 0.950532 0.251937
vt 0.955483 0.252163
vt 0.950532 0.250657
vt 0.323337 0.388729
vt 0.323906 0.388858
vt 0.323892 0.388278
vt 0.323337 0.389138
vt 0.323894 0.389381
vt 0.323886 0.387875
vt 0.323337 0.388263
vt 0.489695 0.304621
vt 0.490255 0.304973
vt 0.490242 0.304541
vt 0.489690 0.305186
vt 0.489690 0.305050
vt 0.489698 0.304551
vt 0.490260 0.305422
vt 0.489707 0.305414
vt 0.965552 0.635621
vt 0.965255 0.632236
vt 0.966363 0.632236
vt 0.966449 0.635621
vt 0.697338 0.303006
vt 0.693953 0.303228
vt 0.693953 0.302099
vt 0.697338 0.301722
vt 0.825697 0.143199
vt 0.825218 0.143757
vt 0.825782 0.143769
vt 0.826135 0.143769
vt 0.826260 0.143199
vt 0.826724 0.143748
vt 0.245879 0.388838
vt 0.246108 0.389368
vt 0.246514 0.388824
vt 0.246119 0.389374
vt 0.246276 0.388825
vt 0.246837 0.389381
vt 0.246785 0.388835
vt 0.246540 0.387875
vt 0.245644 0.387896
vt 0.283868 0.173166
vt 0.284431 0.172729
vt 0.283868 0.172450
vt 0.284420 0.173216
vt 0.282925 0.172716
vt 0.283865 0.173106
vt 0.284423 0.172877
vt 0.283882 0.172666
vt 0.284426 0.172335
vt 0.990005 0.171395
vt 0.990955 0.171466
vt 0.990954 0.172140
vt 0.990021 0.172276
vt 0.991511 0.171834
vt 0.990965 0.171752
vt 0.321609 0.389367
vt 0.321406 0.388815
vt 0.322015 0.388818
vt 0.322339 0.389381
vt 0.322118 0.387875
vt 0.321145 0.387880
vt 0.321196 0.389371
vt 0.321380 0.388833
vt 0.321740 0.389379
vt 0.321778 0.388819
vt 0.516157 0.350841
vt 0.515559 0.349654
vt 0.515380 0.350847
vt 0.516261 0.349658
vt 0.514619 0.349654
vt 0.515217 0.350841
vt 0.514440 0.350847
vt 0.515321 0.349658
vt 0.863752 0.334870
vt 0.864179 0.333681
vt 0.864400 0.334808
vt 0.864843 0.333676
vt 0.864945 0.334862
vt 0.866198 0.334862
vt 0.865432 0.333681
vt 0.865005 0.334870
vt 0.866097 0.333676
vt 0.928203 0.333676
vt 0.927035 0.334798
vt 0.928228 0.334870
vt 0.928192 0.334041
vt 0.927037 0.333976
vt 0.928191 0.334139
vt 0.927041 0.334336
vt 0.767199 0.050410
vt 0.767188 0.049841
vt 0.765943 0.050125
vt 0.764422 0.050410
vt 0.764405 0.049841
vt 0.762224 0.050410
vt 0.762206 0.049841
vt 0.760134 0.050410
vt 0.760120 0.049841
vt 0.758803 0.050125
vt 0.438312 0.359052
vt 0.438881 0.359374
vt 0.438554 0.359933
vt 0.430644 0.813209
vt 0.429856 0.813545
vt 0.430669 0.811989
vt 0.430211 0.814017
vt 0.430062 0.814983
vt 0.431085 0.812574
vt 0.431380 0.811840
vt 0.432063 0.810939
vt 0.432315 0.811285
vt 0.433213 0.811058
vt 0.430611 0.815683
vt 0.430152 0.816132
vt 0.431073 0.816337
vt 0.431195 0.817082
vt 0.434755 0.810808
vt 0.433988 0.811238
vt 0.435043 0.811387
vt 0.436105 0.811554
vt 0.436221 0.812296
vt 0.436999 0.812448
vt 0.432100 0.817952
vt 0.432320 0.817592
vt 0.433222 0.817524
vt 0.433303 0.818265
vt 0.434020 0.817655
vt 0.434489 0.818154
vt 0.434713 0.817649
vt 0.435447 0.817496
vt 0.948651 0.356087
vt 0.949532 0.356560
vt 0.948651 0.356800
vt 0.949532 0.355919
vt 0.948217 0.080230
vt 0.948590 0.081381
vt 0.946035 0.080230
vt 0.945807 0.081424
vt 0.945639 0.080230
vt 0.947210 0.081378
vt 0.946963 0.080230
vt 0.942884 0.081366
vt 0.943047 0.080230
vt 0.940517 0.081379
vt 0.940550 0.080230
vt 0.938628 0.080230
vt 0.938741 0.081399
vt 0.791071 0.339003
vt 0.795822 0.339674
vt 0.796961 0.339146
vt 0.795110 0.341448
vt 0.098921 0.298811
vt 0.098458 0.297875
vt 0.099308 0.297901
vt 0.098427 0.298807
vt 0.098685 0.299381
vt 0.146293 0.298826
vt 0.146927 0.297907
vt 0.146046 0.297875
vt 0.146775 0.299381
vt 0.146807 0.298840
vt 0.146198 0.299363
vt 0.458579 0.350847
vt 0.458913 0.349654
vt 0.458135 0.349658
vt 0.459243 0.350836
vt 0.458050 0.350835
vt 0.863362 0.398551
vt 0.862648 0.398213
vt 0.863379 0.399320
vt 0.862833 0.399719
vt 0.862185 0.399464
vt 0.035402 0.800758
vt 0.035336 0.800373
vt 0.033890 0.800262
vt 0.036087 0.800730
vt 0.034595 0.800041
vt 0.036695 0.801267
vt 0.033765 0.799931
vt 0.036392 0.801397
vt 0.032953 0.799843
vt 0.037276 0.802281
vt 0.032212 0.800334
vt 0.037565 0.802094
vt 0.032109 0.799987
vt 0.038153 0.803504
vt 0.030928 0.800379
vt 0.038183 0.805242
vt 0.030710 0.800834
vt 0.038487 0.804814
vt 0.038503 0.805935
vt 0.038165 0.806887
vt 0.029612 0.801082
vt 0.029126 0.801863
vt 0.028689 0.801923
vt 0.027890 0.803627
vt 0.037643 0.808365
vt 0.037678 0.807669
vt 0.036853 0.808838
vt 0.036488 0.809542
vt 0.035476 0.809772
vt 0.035458 0.810144
vt 0.034724 0.810485
vt 0.033973 0.810292
vt 0.033896 0.810624
vt 0.033097 0.810746
vt 0.032382 0.810331
vt 0.032016 0.810549
vt 0.030857 0.809886
vt 0.030114 0.809852
vt 0.031039 0.810400
vt 0.029541 0.809000
vt 0.028977 0.808572
vt 0.029057 0.809052
vt 0.028180 0.807663
vt 0.028193 0.806871
vt 0.027814 0.805957
vt 0.027600 0.806229
vt 0.027763 0.804803
vt 0.301095 0.387875
vt 0.301648 0.388819
vt 0.301935 0.387908
vt 0.301173 0.388835
vt 0.301278 0.389367
vt 0.301880 0.389362
vt 0.301702 0.389381
vt 0.301976 0.388824
vt 0.137349 0.918890
vt 0.138129 0.921962
vt 0.137247 0.921919
vt 0.137833 0.918927
vt 0.583990 0.144395
vt 0.584145 0.143825
vt 0.584670 0.144395
vt 0.584602 0.143825
vt 0.584917 0.144395
vt 0.585124 0.143825
vt 0.585496 0.144360
vt 0.976394 0.154410
vt 0.976428 0.153851
vt 0.975907 0.154260
vt 0.976788 0.154420
vt 0.082815 0.394424
vt 0.082611 0.394981
vt 0.083442 0.394421
vt 0.082742 0.393526
vt 0.083804 0.393475
vt 0.083174 0.394958
vt 0.083475 0.394420
vt 0.083729 0.394954
vt 0.701525 0.304482
vt 0.701725 0.303837
vt 0.701563 0.303872
vt 0.701704 0.304442
vt 0.701288 0.303601
vt 0.700844 0.304125
vt 0.470581 0.426090
vt 0.471775 0.425782
vt 0.470581 0.427540
vt 0.471726 0.427601
vt 0.702060 0.268767
vt 0.703290 0.267797
vt 0.701158 0.267574
vt 0.846522 0.379669
vt 0.848341 0.379652
vt 0.846738 0.378163
vt 0.801409 0.412624
vt 0.801982 0.413740
vt 0.802915 0.413764
vt 0.802804 0.414443
vt 0.930183 0.040385
vt 0.930284 0.039815
vt 0.931047 0.040385
vt 0.931047 0.039815
vt 0.929333 0.039815
vt 0.929333 0.040385
vt 0.925167 0.040385
vt 0.925167 0.039815
vt 0.918500 0.040385
vt 0.918264 0.039815
vt 0.851536 0.285744
vt 0.852718 0.285920
vt 0.851534 0.286499
vt 0.852727 0.286625
vt 0.456343 0.918202
vt 0.456428 0.914191
vt 0.456166 0.915955
vt 0.537309 0.388879
vt 0.537879 0.388870
vt 0.537875 0.388289
vt 0.537879 0.389381
vt 0.537309 0.388305
vt 0.537849 0.387875
vt 0.982173 0.171395
vt 0.983118 0.172149
vt 0.982182 0.172276
vt 0.983123 0.171613
vt 0.983679 0.171810
vt 0.573651 0.304366
vt 0.574532 0.303601
vt 0.574532 0.304482
vt 0.898152 0.124909
vt 0.892162 0.123777
vt 0.897805 0.123777
vt 0.891948 0.124970
vt 0.738157 0.304541
vt 0.738667 0.304612
vt 0.738124 0.305050
vt 0.738278 0.305422
vt 0.738693 0.305189
vt 0.930107 0.152397
vt 0.926723 0.152285
vt 0.930107 0.152950
vt 0.926723 0.153166
vt 0.917577 0.144087
vt 0.916383 0.143949
vt 0.917577 0.143825
vt 0.916383 0.144311
vt 0.917577 0.144395
vt 0.889696 0.294143
vt 0.889689 0.292950
vt 0.889244 0.294143
vt 0.889126 0.292950
vt 0.522306 0.286684
vt 0.523222 0.287640
vt 0.522273 0.287811
vt 0.523223 0.286808
vt 0.523764 0.286837
vt 0.523779 0.287877
vt 0.244704 0.387875
vt 0.245386 0.388827
vt 0.245510 0.387889
vt 0.244798 0.388826
vt 0.244796 0.389379
vt 0.245585 0.389381
vt 0.922031 0.171771
vt 0.921083 0.172216
vt 0.922032 0.172058
vt 0.921102 0.171574
vt 0.922589 0.172276
vt 0.922571 0.171395
vt 0.719850 0.285744
vt 0.718704 0.285929
vt 0.719895 0.286575
vt 0.718702 0.286625
vt 0.718642 0.286575
vt 0.717448 0.286625
vt 0.717451 0.285929
vt 0.718596 0.285744
vt 0.315134 0.837034
vt 0.314565 0.840508
vt 0.314565 0.836958
vt 0.315134 0.840508
vt 0.315134 0.836147
vt 0.314565 0.836147
vt 0.315134 0.835337
vt 0.314565 0.835261
vt 0.315134 0.831798
vt 0.314565 0.831798
vt 0.988748 0.334730
vt 0.989009 0.334372
vt 0.988748 0.334152
vt 0.989009 0.334870
vt 0.989009 0.333804
vt 0.988748 0.333676
vt 0.994702 0.032923
vt 0.994619 0.033493
vt 0.998260 0.033493
vt 0.987357 0.032923
vt 0.987187 0.033493
vt 0.998260 0.032923
vt 0.999125 0.032923
vt 0.999227 0.033493
vt 0.999969 0.032923
vt 0.999969 0.033493
vt 0.599586 0.304986
vt 0.599909 0.304551
vt 0.599339 0.304541
vt 0.599400 0.305422
vt 0.005453 0.904166
vt 0.006213 0.909430
vt 0.006236 0.904166
vt 0.005355 0.909430
vt 0.898214 0.079290
vt 0.903478 0.079350
vt 0.898214 0.080130
vt 0.903478 0.080171
vt 0.689045 0.862186
vt 0.689508 0.869133
vt 0.688938 0.869330
vt 0.689489 0.862412
vt 0.746804 0.862429
vt 0.746103 0.868930
vt 0.746801 0.869172
vt 0.745958 0.869330
vt 0.746145 0.862580
vt 0.746838 0.862203
vt 0.745957 0.862186
vt 0.335185 0.360873
vt 0.334963 0.359992
vt 0.334615 0.360799
vt 0.644708 0.862203
vt 0.644700 0.869330
vt 0.644015 0.862578
vt 0.643826 0.862186
vt 0.643973 0.868893
vt 0.643828 0.869290
vt 0.877163 0.293564
vt 0.876901 0.293119
vt 0.877163 0.292950
vt 0.876901 0.293576
vt 0.876901 0.294092
vt 0.877163 0.294143
vt 0.875970 0.293429
vt 0.876901 0.293052
vt 0.875970 0.293827
vt 0.940133 0.635621
vt 0.938627 0.635360
vt 0.940085 0.632236
vt 0.981173 0.150461
vt 0.979980 0.150317
vt 0.979980 0.150661
vt 0.981173 0.150091
vt 0.881823 0.294143
vt 0.881607 0.292950
vt 0.881930 0.292950
vt 0.882177 0.294143
vt 0.882803 0.362372
vt 0.881922 0.361559
vt 0.881922 0.362752
vt 0.666324 0.908177
vt 0.665443 0.904166
vt 0.665450 0.907166
vt 0.892202 0.294143
vt 0.892145 0.292950
vt 0.891660 0.294143
vt 0.891632 0.292950
vt 0.918830 0.143849
vt 0.917636 0.143825
vt 0.918830 0.144035
vt 0.917636 0.144207
vt 0.918830 0.144292
vt 0.917636 0.144064
vt 0.918830 0.144363
vt 0.917636 0.144395
vt 0.910354 0.359110
vt 0.909808 0.359794
vt 0.910372 0.359933
vt 0.909803 0.359052
vt 0.438938 0.359582
vt 0.439508 0.359933
vt 0.439272 0.359052
vt 0.927351 0.173123
vt 0.928542 0.172335
vt 0.928537 0.172924
vt 0.927348 0.172432
vt 0.928506 0.173216
vt 0.985856 0.059182
vt 0.983807 0.058612
vt 0.985871 0.058612
vt 0.983791 0.059182
vt 0.981634 0.058612
vt 0.981618 0.059182
vt 0.979681 0.058612
vt 0.979668 0.059182
vt 0.662876 0.087435
vt 0.659179 0.087666
vt 0.662796 0.088004
vt 0.549615 0.832460
vt 0.548105 0.831891
vt 0.547552 0.832813
vt 0.546602 0.832559
vt 0.549960 0.831798
vt 0.546086 0.834076
vt 0.551528 0.833272
vt 0.545477 0.833812
vt 0.551777 0.832606
vt 0.545512 0.835691
vt 0.553268 0.834600
vt 0.544831 0.835473
vt 0.552672 0.834847
vt 0.544984 0.837348
vt 0.545728 0.837527
vt 0.546057 0.838771
vt 0.553042 0.836143
vt 0.553540 0.836581
vt 0.552526 0.837749
vt 0.553005 0.838359
vt 0.551768 0.838856
vt 0.551800 0.839657
vt 0.550654 0.839560
vt 0.549633 0.840508
vt 0.549040 0.839896
vt 0.547289 0.840093
vt 0.547596 0.839507
vt 0.539333 0.831891
vt 0.540843 0.832460
vt 0.538780 0.832813
vt 0.541188 0.831798
vt 0.537830 0.832559
vt 0.543005 0.832606
vt 0.536705 0.833812
vt 0.542756 0.833272
vt 0.537314 0.834076
vt 0.544496 0.834600
vt 0.536740 0.835691
vt 0.543900 0.834847
vt 0.536059 0.835473
vt 0.544270 0.836143
vt 0.536212 0.837348
vt 0.536956 0.837527
vt 0.537285 0.838771
vt 0.544768 0.836581
vt 0.543754 0.837749
vt 0.544233 0.838359
vt 0.542996 0.838856
vt 0.543028 0.839657
vt 0.541882 0.839560
vt 0.540861 0.840508
vt 0.540268 0.839896
vt 0.538517 0.840093
vt 0.538824 0.839507
vt 0.696144 0.176213
vt 0.696713 0.176350
vt 0.696402 0.175925
vt 0.696687 0.175780
vt 0.738038 0.358053
vt 0.738067 0.357638
vt 0.737497 0.357597
vt 0.738011 0.357172
vt 0.567416 0.350847
vt 0.567348 0.350431
vt 0.566891 0.350824
vt 0.567639 0.350193
vt 0.567163 0.349950
vt 0.567228 0.349654
vt 0.566614 0.350020
vt 0.566446 0.350618
vt 0.568497 0.555734
vt 0.570458 0.555681
vt 0.568326 0.553602
vt 0.570330 0.553674
vt 0.567325 0.555681
vt 0.565364 0.555734
vt 0.565193 0.553602
vt 0.567197 0.553674
vt 0.903540 0.079823
vt 0.908804 0.080171
vt 0.908804 0.079358
vt 0.903540 0.079290
vt 0.380042 0.349654
vt 0.380181 0.350834
vt 0.380923 0.350847
vt 0.380706 0.349654
vt 0.384152 0.349654
vt 0.384369 0.350847
vt 0.383627 0.350834
vt 0.383488 0.349654
vt 0.998404 0.305422
vt 0.997523 0.305345
vt 0.998404 0.304660
vt 0.997523 0.304541
vt 0.867196 0.389178
vt 0.867766 0.388875
vt 0.867196 0.388451
vt 0.867766 0.389381
vt 0.867766 0.388083
vt 0.867196 0.387875
vt 0.952978 0.286250
vt 0.952352 0.286137
vt 0.952215 0.286625
vt 0.951784 0.286285
vt 0.952227 0.285744
vt 0.488908 0.304541
vt 0.488751 0.305422
vt 0.489122 0.304973
vt 0.489632 0.304829
vt 0.773335 0.359052
vt 0.772586 0.359601
vt 0.773467 0.359933
vt 0.774275 0.359052
vt 0.774407 0.359933
vt 0.773526 0.359601
vt 0.938683 0.333676
vt 0.939507 0.334340
vt 0.938626 0.334870
vt 0.288960 0.791072
vt 0.288586 0.790664
vt 0.288317 0.790398
vt 0.288642 0.790146
vt 0.288967 0.790831
vt 0.289435 0.790534
vt 0.289201 0.790482
vt 0.289076 0.790046
vt 0.735560 0.166382
vt 0.734682 0.166951
vt 0.734679 0.166470
vt 0.735529 0.166868
vt 0.734825 0.166468
vt 0.955858 0.167890
vt 0.958303 0.167890
vt 0.955872 0.167009
vt 0.958251 0.167009
vt 0.627977 0.810808
vt 0.627536 0.818265
vt 0.627969 0.817968
vt 0.628417 0.818264
vt 0.627010 0.817972
vt 0.627038 0.810808
vt 0.627477 0.818264
vt 0.626596 0.818265
vt 0.665070 0.893810
vt 0.663877 0.893830
vt 0.665070 0.892575
vt 0.663877 0.892592
vt 0.663877 0.895322
vt 0.665070 0.895303
vt 0.663877 0.896839
vt 0.665070 0.896824
vt 0.663877 0.898152
vt 0.665070 0.898142
vt 0.666324 0.895303
vt 0.666324 0.893810
vt 0.665130 0.893830
vt 0.665130 0.892592
vt 0.666324 0.892575
vt 0.665130 0.895322
vt 0.666324 0.896824
vt 0.665130 0.896839
vt 0.666324 0.898142
vt 0.665130 0.898152
vt 0.723402 0.131922
vt 0.723413 0.133116
vt 0.724715 0.131922
vt 0.724732 0.133116
vt 0.726232 0.131922
vt 0.726252 0.133116
vt 0.727724 0.131922
vt 0.727744 0.133116
vt 0.728961 0.131922
vt 0.728979 0.133116
vt 0.717774 0.133116
vt 0.717763 0.131922
vt 0.719093 0.133116
vt 0.719076 0.131922
vt 0.720613 0.133116
vt 0.720593 0.131922
vt 0.722105 0.133116
vt 0.722085 0.131922
vt 0.723340 0.133116
vt 0.723322 0.131922
vt 0.730277 0.133116
vt 0.729041 0.133116
vt 0.729057 0.131922
vt 0.730295 0.131922
vt 0.731769 0.133116
vt 0.731788 0.131922
vt 0.733289 0.133116
vt 0.733305 0.131922
vt 0.734607 0.133116
vt 0.734618 0.131922
vt 0.734680 0.133116
vt 0.735935 0.131922
vt 0.734696 0.131922
vt 0.735917 0.133116
vt 0.737427 0.131922
vt 0.737408 0.133116
vt 0.738944 0.131922
vt 0.738928 0.133116
vt 0.740257 0.131922
vt 0.740246 0.133116
vt 0.675095 0.893905
vt 0.675095 0.892586
vt 0.673902 0.892575
vt 0.673902 0.893888
vt 0.675095 0.895426
vt 0.673902 0.895406
vt 0.675095 0.896917
vt 0.673902 0.896898
vt 0.675095 0.898152
vt 0.673902 0.898136
vt 0.676349 0.892586
vt 0.675155 0.893888
vt 0.675155 0.892575
vt 0.676349 0.893905
vt 0.675155 0.895406
vt 0.676349 0.895426
vt 0.675155 0.896898
vt 0.676349 0.896917
vt 0.675155 0.898136
vt 0.676349 0.898152
vt 0.985873 0.921368
vt 0.985855 0.919120
vt 0.985026 0.921649
vt 0.984992 0.918890
vt 0.781090 0.110302
vt 0.781137 0.110563
vt 0.781612 0.110563
vt 0.780628 0.110563
vt 0.780418 0.110302
vt 0.555106 0.818263
vt 0.554228 0.818265
vt 0.554655 0.811096
vt 0.554227 0.810808
vt 0.555108 0.810810
vt 0.555606 0.811133
vt 0.555596 0.817969
vt 0.556046 0.818263
vt 0.555168 0.818265
vt 0.556048 0.810810
vt 0.555167 0.810808
vt 0.365630 0.818891
vt 0.366200 0.818881
vt 0.365630 0.817289
vt 0.366200 0.817274
vt 0.365630 0.815271
vt 0.366200 0.815254
vt 0.365915 0.813662
vt 0.366200 0.812130
vt 0.365630 0.812145
vt 0.365915 0.810808
vt 0.422336 0.145648
vt 0.423529 0.145445
vt 0.422336 0.145079
vt 0.423529 0.145115
vt 0.948593 0.356800
vt 0.948516 0.355919
vt 0.948070 0.355919
vt 0.948023 0.356800
vt 0.541069 0.304609
vt 0.541639 0.305422
vt 0.541951 0.304541
vt 0.972403 0.357929
vt 0.971833 0.357261
vt 0.971833 0.358053
vt 0.972403 0.357172
vt 0.938564 0.264651
vt 0.937373 0.264695
vt 0.938567 0.263814
vt 0.937391 0.263890
vt 0.780661 0.176350
vt 0.780104 0.176120
vt 0.780673 0.175780
vt 0.975224 0.294143
vt 0.976005 0.294110
vt 0.976161 0.293312
vt 0.974967 0.293382
vt 0.975507 0.292950
vt 0.836124 0.283458
vt 0.835758 0.282923
vt 0.835555 0.283493
vt 0.340567 0.427566
vt 0.341137 0.425850
vt 0.340567 0.425782
vt 0.341137 0.427601
vt 0.918516 0.138129
vt 0.916719 0.138129
vt 0.918430 0.137560
vt 0.916697 0.137560
vt 0.796340 0.723107
vt 0.796227 0.722148
vt 0.796079 0.724594
vt 0.796653 0.723107
vt 0.796392 0.724594
vt 0.796541 0.722148
vt 0.747419 0.359052
vt 0.747209 0.359778
vt 0.747779 0.359933
vt 0.713376 0.143199
vt 0.715104 0.143769
vt 0.715195 0.143199
vt 0.713400 0.143769
vt 0.702096 0.635934
vt 0.702666 0.635898
vt 0.702096 0.632288
vt 0.702666 0.632236
vt 0.701470 0.635934
vt 0.701470 0.635354
vt 0.702039 0.635898
vt 0.702039 0.632236
vt 0.701470 0.632288
vt 0.950472 0.356800
vt 0.949641 0.355919
vt 0.950436 0.355919
vt 0.949591 0.356800
vt 0.947084 0.356204
vt 0.947966 0.356451
vt 0.947966 0.355919
vt 0.947084 0.356800
vt 0.547590 0.166597
vt 0.546709 0.166382
vt 0.546724 0.166873
vt 0.547574 0.166951
vt 0.851788 0.154643
vt 0.850921 0.154969
vt 0.850907 0.154477
vt 0.851726 0.155047
vt 0.692293 0.166838
vt 0.691634 0.166382
vt 0.691453 0.166951
vt 0.692327 0.166413
vt 0.691445 0.166424
vt 0.693233 0.166838
vt 0.692393 0.166951
vt 0.692574 0.166382
vt 0.692385 0.166424
vt 0.693266 0.166413
vt 0.829917 0.144158
vt 0.831379 0.143825
vt 0.831424 0.144395
vt 0.611025 0.357172
vt 0.611499 0.357946
vt 0.610618 0.358053
vt 0.920083 0.143956
vt 0.918889 0.143825
vt 0.918889 0.144370
vt 0.920083 0.144395
vt 0.911371 0.143199
vt 0.912877 0.143437
vt 0.911377 0.143769
vt 0.974907 0.137811
vt 0.973088 0.137560
vt 0.973094 0.138129
vt 0.343959 0.923270
vt 0.343841 0.922023
vt 0.343698 0.924781
vt 0.110804 0.907972
vt 0.110615 0.909430
vt 0.110719 0.906769
vt 0.110876 0.904966
vt 0.110737 0.904166
vt 0.433614 0.145648
vt 0.434807 0.145622
vt 0.433614 0.145079
vt 0.434807 0.145170
vt 0.426095 0.145079
vt 0.427288 0.145170
vt 0.426095 0.145648
vt 0.427288 0.145622
vt 0.998488 0.305348
vt 0.998463 0.304807
vt 0.999080 0.305422
vt 0.999344 0.304914
vt 0.998849 0.304541
vt 0.887815 0.166853
vt 0.886934 0.166383
vt 0.886938 0.166951
vt 0.887086 0.166382
vt 0.117766 0.895287
vt 0.117196 0.896943
vt 0.117196 0.895289
vt 0.117766 0.896939
vt 0.117196 0.898465
vt 0.117766 0.898459
vt 0.117766 0.893756
vt 0.117196 0.893755
vt 0.117766 0.892578
vt 0.117196 0.892575
vt 0.117139 0.896939
vt 0.117139 0.895287
vt 0.116570 0.895289
vt 0.116570 0.893755
vt 0.116570 0.896943
vt 0.117139 0.898459
vt 0.116570 0.898465
vt 0.117139 0.893756
vt 0.116570 0.892575
vt 0.117139 0.892578
vt 0.699909 0.060749
vt 0.701086 0.060179
vt 0.699906 0.060179
vt 0.701086 0.060749
vt 0.702620 0.060179
vt 0.702618 0.060749
vt 0.704273 0.060179
vt 0.704269 0.060749
vt 0.705796 0.060179
vt 0.705790 0.060749
vt 0.707038 0.060749
vt 0.705861 0.060749
vt 0.705858 0.060179
vt 0.707038 0.060179
vt 0.708570 0.060749
vt 0.708572 0.060179
vt 0.710222 0.060749
vt 0.710226 0.060179
vt 0.711743 0.060749
vt 0.711748 0.060179
vt 0.711810 0.060179
vt 0.711816 0.060749
vt 0.713332 0.060179
vt 0.713337 0.060749
vt 0.714987 0.060179
vt 0.714989 0.060749
vt 0.716520 0.060179
vt 0.716520 0.060749
vt 0.717701 0.060179
vt 0.717699 0.060749
vt 0.693959 0.060749
vt 0.693953 0.060179
vt 0.695480 0.060749
vt 0.695475 0.060179
vt 0.697132 0.060749
vt 0.697130 0.060179
vt 0.698663 0.060749
vt 0.698663 0.060179
vt 0.699842 0.060749
vt 0.699844 0.060179
vt 0.118393 0.894101
vt 0.118393 0.892580
vt 0.117823 0.892575
vt 0.117823 0.894097
vt 0.118393 0.895753
vt 0.117823 0.895751
vt 0.118393 0.897285
vt 0.117823 0.897285
vt 0.118393 0.898463
vt 0.117823 0.898465
vt 0.119019 0.892580
vt 0.118450 0.894097
vt 0.118450 0.892575
vt 0.119019 0.894101
vt 0.118450 0.895751
vt 0.119019 0.895753
vt 0.118450 0.897285
vt 0.119019 0.897285
vt 0.118450 0.898465
vt 0.119019 0.898463
vt 0.937522 0.333676
vt 0.937059 0.334262
vt 0.937628 0.334870
vt 0.949363 0.265949
vt 0.949533 0.265379
vt 0.948963 0.265440
vt 0.750643 0.359052
vt 0.750343 0.359627
vt 0.751224 0.359933
vt 0.803702 0.350847
vt 0.804170 0.350169
vt 0.803600 0.349654
vt 0.424782 0.145648
vt 0.423589 0.145627
vt 0.424782 0.145189
vt 0.423589 0.145079
vt 0.428542 0.145189
vt 0.427348 0.145627
vt 0.428542 0.145648
vt 0.427348 0.145079
vt 0.424842 0.145079
vt 0.426035 0.145618
vt 0.424842 0.145648
vt 0.426035 0.145112
vt 0.421082 0.145648
vt 0.422276 0.145112
vt 0.421082 0.145079
vt 0.422276 0.145618
vt 0.643199 0.321046
vt 0.643284 0.320517
vt 0.643768 0.321087
vt 0.431108 0.145188
vt 0.432301 0.145556
vt 0.432301 0.145079
vt 0.431108 0.145648
vt 0.429854 0.145188
vt 0.431048 0.145079
vt 0.431048 0.145556
vt 0.429854 0.145648
vt 0.432361 0.145079
vt 0.433554 0.145103
vt 0.432361 0.145629
vt 0.433554 0.145648
vt 0.428601 0.145629
vt 0.429795 0.145648
vt 0.428601 0.145079
vt 0.429795 0.145103
vt 0.321284 0.304170
vt 0.320831 0.304072
vt 0.321385 0.304482
vt 0.320873 0.303601
vt 0.321712 0.303724
vt 0.849593 0.059550
vt 0.848108 0.059669
vt 0.848718 0.059811
vt 0.847353 0.059784
vt 0.846607 0.059661
vt 0.845772 0.059794
vt 0.844956 0.059649
vt 0.903982 0.287877
vt 0.903537 0.286726
vt 0.904107 0.286684
vt 0.919079 0.281044
vt 0.919144 0.281518
vt 0.918575 0.281613
vt 0.832217 0.058515
vt 0.831398 0.058402
vt 0.833064 0.058389
vt 0.830292 0.058558
vt 0.829292 0.058297
vt 0.833815 0.058505
vt 0.834869 0.058375
vt 0.846778 0.362095
vt 0.846732 0.362752
vt 0.846517 0.361881
vt 0.846778 0.361559
f 1/1 2/2 3/3
f 1/1 4/4 2/2
f 5/5 1/1 3/3
f 6/6 5/5 3/3
f 5/5 7/7 1/1
f 7/7 8/8 9/9
f 7/7 10/10 8/8
f 10/10 11/11 12/12
f 13/13 11/11 10/10
f 13/13 10/10 7/7
f 14/14 13/13 7/7
f 5/5 14/14 7/7
f 14/14 15/15 13/13
f 16/16 14/14 5/5
f 17/17 16/16 5/5
f 17/17 5/5 18/18
f 19/19 17/17 18/18
f 20/20 17/17 19/19
f 15/15 14/14 21/21
f 22/22 21/21 14/14
f 22/22 23/23 21/21
f 24/24 15/15 25/25
f 25/25 15/15 26/26
f 25/25 26/26 27/27
f 28/28 29/29 30/30
f 30/30 31/31 28/28
f 28/28 31/31 32/32
f 31/31 33/33 32/32
f 32/32 33/33 28/28
f 31/31 34/34 33/33
f 34/34 35/35 33/33
f 34/34 36/36 35/35
f 36/36 37/37 35/35
f 38/38 37/37 36/36
f 30/30 39/39 34/34
f 38/38 40/40 37/37
f 38/38 41/41 40/40
f 34/34 39/39 41/41
f 39/39 40/40 41/41
f 42/42 37/37 40/40
f 43/43 40/40 39/39
f 42/42 44/44 37/37
f 45/45 44/44 42/42
f 46/46 44/44 45/45
f 47/47 44/44 46/46
f 48/48 45/45 42/42
f 48/48 42/42 43/43
f 47/47 49/49 44/44
f 50/50 48/48 51/51
f 47/47 52/52 49/49
f 52/52 47/47 48/48
f 53/53 49/49 52/52
f 43/43 54/54 48/48
f 52/52 55/55 53/53
f 56/56 54/54 43/43
f 56/56 57/57 58/58
f 43/43 59/59 56/56
f 39/39 59/59 43/43
f 60/60 54/54 56/56
f 59/59 39/39 61/61
f 59/59 61/61 60/60
f 30/30 61/61 39/39
f 60/60 61/61 54/54
f 62/62 63/63 61/61
f 30/30 29/29 61/61
f 64/64 54/54 61/61
f 61/61 29/29 64/64
f 54/54 64/64 65/65
f 64/64 29/29 66/66
f 64/64 66/66 65/65
f 65/65 67/67 54/54
f 67/67 65/65 66/66
f 54/54 67/67 52/52
f 68/68 66/66 69/69
f 52/52 67/67 70/70
f 66/66 71/71 67/67
f 66/66 29/29 71/71
f 67/67 71/71 72/72
f 70/70 73/73 52/52
f 73/73 70/70 72/72
f 73/73 55/55 52/52
f 55/55 73/73 74/74
f 72/72 75/75 73/73
f 75/75 72/72 71/71
f 75/75 71/71 76/76
f 76/76 77/77 75/75
f 75/75 77/77 78/78
f 78/78 79/79 75/75
f 80/80 77/77 76/76
f 79/79 78/78 80/80
f 80/80 76/76 81/81
f 79/79 80/80 81/81
f 76/76 82/82 81/81
f 83/83 79/79 81/81
f 83/83 81/81 84/84
f 81/81 82/82 85/85
f 85/85 86/86 87/87
f 84/84 86/86 85/85
f 85/85 82/82 88/88
f 84/84 85/85 88/88
f 82/82 89/89 88/88
f 83/83 84/84 90/90
f 90/90 91/91 83/83
f 90/90 92/92 91/91
f 90/90 84/84 93/93
f 84/84 94/94 93/93
f 84/84 88/88 94/94
f 95/95 90/90 93/93
f 93/93 96/96 95/95
f 88/88 96/96 94/94
f 97/97 92/92 90/90
f 92/92 97/97 98/98
f 97/97 90/90 98/98
f 98/98 99/99 92/92
f 100/100 99/99 98/98
f 90/90 95/95 98/98
f 101/101 96/96 88/88
f 95/95 96/96 101/101
f 102/102 101/101 88/88
f 101/101 102/102 103/103
f 102/102 88/88 104/104
f 105/105 101/101 103/103
f 104/104 105/105 103/103
f 95/95 101/101 105/105
f 104/104 88/88 105/105
f 105/105 106/106 95/95
f 95/95 106/106 107/107
f 106/106 105/105 107/107
f 107/107 108/108 95/95
f 107/107 109/109 108/108
f 109/109 107/107 110/110
f 109/109 110/110 111/111
f 110/110 107/107 112/112
f 113/113 114/114 111/111
f 112/112 114/114 113/113
f 115/115 114/114 112/112
f 115/115 112/112 107/107
f 114/114 115/115 116/116
f 116/116 115/115 117/117
f 117/117 118/118 116/116
f 116/116 118/118 119/119
f 120/120 118/118 117/117
f 119/119 121/121 116/116
f 120/120 117/117 122/122
f 122/122 115/115 107/107
f 115/115 122/122 123/123
f 124/124 122/122 107/107
f 120/120 122/122 124/124
f 124/124 107/107 125/125
f 105/105 125/125 107/107
f 125/125 105/105 126/126
f 125/125 126/126 124/124
f 88/88 126/126 105/105
f 127/127 124/124 126/126
f 127/127 120/120 124/124
f 88/88 128/128 126/126
f 127/127 129/129 120/120
f 129/129 127/127 130/130
f 89/89 128/128 88/88
f 130/130 131/131 129/129
f 129/129 131/131 120/120
f 89/89 132/132 128/128
f 128/128 132/132 133/133
f 133/133 132/132 134/134
f 134/134 135/135 133/133
f 135/135 128/128 133/133
f 29/29 135/135 134/134
f 135/135 29/29 28/28
f 28/28 128/128 135/135
f 28/28 126/126 128/128
f 126/126 28/28 131/131
f 136/136 131/131 28/28
f 33/33 136/136 28/28
f 121/121 136/136 33/33
f 136/136 121/121 119/119
f 131/131 136/136 119/119
f 131/131 119/119 120/120
f 137/137 120/120 119/119
f 137/137 119/119 138/138
f 139/139 140/140 141/141
f 142/142 140/140 139/139
f 139/139 141/141 143/143
f 143/143 141/141 144/144
f 142/142 145/145 140/140
f 146/146 145/145 142/142
f 146/146 147/147 145/145
f 148/148 149/149 143/143
f 150/150 151/151 152/152
f 153/153 151/151 150/150
f 154/154 153/153 150/150
f 151/151 155/155 152/152
f 155/155 156/156 152/152
f 157/157 156/156 155/155
f 155/155 158/158 157/157
f 158/158 159/159 157/157
f 160/160 159/159 158/158
f 161/161 159/159 160/160
f 162/162 159/159 163/163
f 162/162 164/164 159/159
f 165/165 161/161 166/166
f 166/166 161/161 167/167
f 168/168 164/164 167/167
f 164/164 168/168 169/169
f 168/168 167/167 170/170
f 171/171 172/172 170/170
f 173/173 172/172 171/171
f 172/172 174/174 170/170
f 175/175 174/174 172/172
f 176/176 174/174 175/175
f 176/176 177/177 174/174
f 174/174 177/177 178/178
f 176/176 179/179 177/177
f 177/177 179/179 154/154
f 180/180 181/181 169/169
f 182/182 169/169 181/181
f 182/182 181/181 183/183
f 181/181 184/184 183/183
f 181/181 185/185 184/184
f 184/184 185/185 186/186
f 187/187 188/188 185/185
f 187/187 189/189 190/190
f 191/191 192/192 193/193
f 192/192 191/191 194/194
f 193/193 195/195 191/191
f 196/196 194/194 191/191
f 196/196 191/191 197/197
f 191/191 195/195 197/197
f 196/196 197/197 198/198
f 197/197 195/195 198/198
f 199/199 195/195 193/193
f 200/200 199/199 193/193
f 198/198 195/195 201/201
f 199/199 202/202 195/195
f 203/203 199/199 200/200
f 203/203 200/200 204/204
f 205/205 199/199 203/203
f 202/202 199/199 206/206
f 206/206 199/199 207/207
f 206/206 207/207 202/202
f 207/207 208/208 202/202
f 209/209 208/208 207/207
f 210/210 209/209 200/200
f 211/211 208/208 210/210
f 210/210 212/212 209/209
f 208/208 212/212 210/210
f 213/213 208/208 209/209
f 209/209 212/212 213/213
f 208/208 213/213 212/212
f 212/212 214/214 213/213
f 213/213 214/214 215/215
f 212/212 216/216 214/214
f 213/213 214/214 217/217
f 212/212 217/217 214/214
f 208/208 218/218 219/219
f 220/220 219/219 218/218
f 221/221 219/219 220/220
f 220/220 218/218 222/222
f 220/220 223/223 221/221
f 224/224 223/223 222/222
f 221/221 223/223 224/224
f 218/218 225/225 222/222
f 226/226 225/225 218/218
f 226/226 218/218 227/227
f 224/224 225/225 228/228
f 228/228 226/226 227/227
f 224/224 228/228 221/221
f 229/229 228/228 227/227
f 229/229 221/221 228/228
f 230/230 231/231 232/232
f 232/232 231/231 233/233
f 234/234 232/232 233/233
f 232/232 235/235 236/236
f 236/236 235/235 237/237
f 238/238 239/239 240/240
f 240/240 239/239 241/241
f 238/238 240/240 242/242
f 241/241 239/239 243/243
f 244/244 241/241 243/243
f 244/244 243/243 245/245
f 244/244 245/245 246/246
f 247/247 248/248 246/246
f 249/249 248/248 247/247
f 250/250 242/242 251/251
f 251/251 242/242 252/252
f 242/242 253/253 252/252
f 254/254 253/253 242/242
f 255/255 253/253 254/254
f 256/256 253/253 255/255
f 254/254 257/257 255/255
f 256/256 258/258 253/253
f 257/257 254/254 259/259
f 257/257 259/259 260/260
f 257/257 261/261 262/262
f 258/258 263/263 253/253
f 264/264 253/253 263/263
f 265/265 264/264 263/263
f 265/265 266/266 267/267
f 267/267 266/266 268/268
f 269/269 270/270 271/271
f 272/272 270/270 269/269
f 271/271 270/270 273/273
f 274/274 271/271 273/273
f 275/275 271/271 274/274
f 270/270 272/272 276/276
f 276/276 272/272 277/277
f 277/277 272/272 278/278
f 279/279 280/280 277/277
f 279/279 281/281 280/280
f 282/282 281/281 279/279
f 283/283 282/282 279/279
f 282/282 283/283 284/284
f 282/282 285/285 281/281
f 282/282 284/284 286/286
f 286/286 285/285 282/282
f 285/285 286/286 287/287
f 287/287 286/286 288/288
f 289/289 290/290 291/291
f 292/292 290/290 289/289
f 290/290 292/292 293/293
f 293/293 292/292 294/294
f 289/289 291/291 295/295
f 295/295 291/291 296/296
f 295/295 297/297 289/289
f 295/295 298/298 297/297
f 299/299 297/297 300/300
f 300/300 301/301 302/302
f 303/303 304/304 305/305
f 305/305 304/304 306/306
f 307/307 308/308 305/305
f 308/308 307/307 309/309
f 309/309 307/307 310/310
f 309/309 311/311 312/312
f 312/312 311/311 313/313
f 314/314 315/315 312/312
f 316/316 315/315 314/314
f 317/317 318/318 316/316
f 319/319 320/320 321/321
f 321/321 322/322 323/323
f 319/319 324/324 320/320
f 319/319 325/325 324/324
f 324/324 325/325 326/326
f 327/327 326/326 325/325
f 327/327 328/328 326/326
f 329/329 326/326 328/328
f 330/330 326/326 329/329
f 328/328 327/327 331/331
f 331/331 332/332 328/328
f 333/333 332/332 331/331
f 330/330 334/334 326/326
f 335/335 334/334 330/330
f 336/336 335/335 330/330
f 335/335 337/337 334/334
f 338/338 337/337 335/335
f 339/339 337/337 338/338
f 339/339 338/338 340/340
f 341/341 342/342 336/336
f 341/341 343/343 342/342
f 338/338 344/344 345/345
f 346/346 333/333 347/347
f 348/348 333/333 346/346
f 348/348 346/346 349/349
f 349/349 346/346 350/350
f 351/351 352/352 348/348
f 353/353 352/352 351/351
f 354/354 355/355 344/344
f 355/355 356/356 354/354
f 357/357 354/354 344/344
f 357/357 344/344 358/358
f 358/358 344/344 359/359
f 358/358 360/360 357/357
f 358/358 361/361 360/360
f 360/360 361/361 362/362
f 361/361 358/358 362/362
f 362/362 358/358 363/363
f 362/362 363/363 364/364
f 349/349 365/365 366/366
f 367/367 366/366 327/327
f 349/349 368/368 365/365
f 365/365 369/369 366/366
f 365/365 368/368 369/369
f 370/370 369/369 368/368
f 365/365 371/371 372/372
f 373/373 374/374 375/375
f 376/376 374/374 373/373
f 376/376 377/377 374/374
f 373/373 375/375 378/378
f 378/378 375/375 379/379
f 378/378 379/379 380/380
f 380/380 379/379 381/381
f 380/380 381/381 382/382
f 381/381 383/383 382/382
f 384/384 385/385 383/383
f 384/384 386/386 385/385
f 387/387 386/386 384/384
f 388/388 386/386 387/387
f 388/388 389/389 386/386
f 387/387 390/390 391/391
f 392/392 390/390 387/387
f 393/393 386/386 394/394
f 395/395 386/386 393/393
f 393/393 396/396 395/395
f 397/397 398/398 396/396
f 393/393 399/399 397/397
f 397/397 399/399 398/398
f 400/400 401/401 402/402
f 401/401 403/403 402/402
f 403/403 404/404 402/402
f 404/404 405/405 406/406
f 407/407 408/408 406/406
f 407/407 409/409 408/408
f 410/410 406/406 408/408
f 409/409 410/410 408/408
f 411/411 412/412 410/410
f 413/413 412/412 411/411
f 414/414 412/412 413/413
f 415/415 412/412 414/414
f 416/416 412/412 417/417
f 416/416 417/417 418/418
f 419/419 420/420 421/421
f 420/420 422/422 421/421
f 421/421 423/423 419/419
f 422/422 424/424 421/421
f 425/425 424/424 422/422
f 426/426 421/421 424/424
f 427/427 421/421 426/426
f 421/421 427/427 423/423
f 428/428 423/423 427/427
f 429/429 423/423 428/428
f 423/423 429/429 430/430
f 431/431 432/432 422/422
f 433/433 432/432 431/431
f 430/430 434/434 435/435
f 435/435 434/434 436/436
f 437/437 438/438 439/439
f 440/440 439/439 438/438
f 438/438 441/441 440/440
f 442/442 441/441 438/438
f 443/443 440/440 441/441
f 444/444 443/443 441/441
f 444/444 445/445 443/443
f 445/445 444/444 446/446
f 437/437 439/439 447/447
f 448/448 437/437 447/447
f 439/439 449/449 447/447
f 447/447 449/449 450/450
f 449/449 451/451 452/452
f 453/453 454/454 452/452
f 453/453 451/451 455/455
f 453/453 455/455 456/456
f 457/457 458/458 447/447
f 459/459 447/447 458/458
f 460/460 459/459 458/458
f 461/461 439/439 462/462
f 461/461 462/462 463/463
f 464/464 463/463 462/462
f 461/461 463/463 465/465
f 463/463 466/466 465/465
f 467/467 468/468 469/469
f 467/467 469/469 470/470
f 470/470 469/469 471/471
f 470/470 471/471 472/472
f 472/472 471/471 473/473
f 472/472 473/473 474/474
f 474/474 473/473 475/475
f 476/476 477/477 478/478
f 476/476 479/479 477/477
f 478/478 477/477 480/480
f 478/478 480/480 481/481
f 481/481 480/480 482/482
f 482/482 480/480 483/483
f 482/482 483/483 484/484
f 482/482 484/484 485/485
f 486/486 487/487 488/488
f 486/486 488/488 489/489
f 490/490 489/489 488/488
f 491/491 489/489 490/490
f 486/486 492/492 487/487
f 487/487 492/492 493/493
f 487/487 493/493 494/494
f 494/494 493/493 495/495
f 487/487 494/494 496/496
f 497/497 498/498 499/499
f 497/497 500/500 498/498
f 497/497 501/501 500/500
f 499/499 498/498 502/502
f 498/498 503/503 502/502
f 499/499 502/502 504/504
f 505/505 506/506 507/507
f 508/508 506/506 505/505
f 505/505 507/507 509/509
f 509/509 507/507 510/510
f 511/511 512/512 513/513
f 514/514 512/512 511/511
f 515/515 516/516 517/517
f 515/515 517/517 518/518
f 515/515 519/519 516/516
f 520/520 519/519 515/515
f 521/521 520/520 522/522
f 521/521 522/522 523/523
f 524/524 525/525 521/521
f 526/526 527/527 528/528
f 529/529 527/527 526/526
f 526/526 528/528 530/530
f 527/527 531/531 532/532
f 533/533 532/532 531/531
f 534/534 530/530 528/528
f 535/535 530/530 534/534
f 530/530 535/535 536/536
f 537/537 534/534 528/528
f 534/534 537/537 538/538
f 538/538 537/537 539/539
f 539/539 537/537 540/540
f 539/539 540/540 541/541
f 542/542 543/543 544/544
f 543/543 545/545 544/544
f 546/546 547/547 548/548
f 549/549 548/548 547/547
f 548/548 550/550 546/546
f 551/551 550/550 548/548
f 551/551 552/552 553/553
f 554/554 555/555 547/547
f 546/546 556/556 547/547
f 546/546 557/557 556/556
f 557/557 558/558 556/556
f 559/559 557/557 546/546
f 558/558 557/557 559/559
f 560/560 561/561 562/562
f 562/562 563/563 560/560
f 564/564 560/560 563/563
f 564/564 563/563 565/565
f 565/565 566/566 564/564
f 561/561 566/566 567/567
f 567/567 566/566 568/568
f 569/569 561/561 567/567
f 567/567 568/568 570/570
f 569/569 571/571 561/561
f 569/569 570/570 571/571
f 571/571 562/562 561/561
f 571/571 565/565 562/562
f 565/565 571/571 568/568
f 572/572 568/568 571/571
f 570/570 572/572 573/573
f 574/574 575/575 576/576
f 575/575 577/577 576/576
f 578/578 574/574 576/576
f 574/574 578/578 579/579
f 577/577 580/580 581/581
f 582/582 580/580 583/583
f 584/584 576/576 585/585
f 586/586 576/576 584/584
f 586/586 584/584 587/587
f 588/588 587/587 584/584
f 588/588 589/589 587/587
f 588/588 584/584 589/589
f 590/590 591/591 592/592
f 592/592 593/593 590/590
f 593/593 594/594 590/590
f 593/593 595/595 594/594
f 596/596 592/592 591/591
f 596/596 597/597 592/592
f 591/591 598/598 596/596
f 597/597 598/598 599/599
f 599/599 598/598 600/600
f 601/601 595/595 599/599
f 591/591 601/601 600/600
f 602/602 595/595 601/601
f 602/602 601/601 591/591
f 602/602 591/591 603/603
f 591/591 604/604 603/603
f 603/603 604/604 605/605
f 606/606 605/605 607/607
f 606/606 607/607 608/608
f 609/609 605/605 606/606
f 606/606 608/608 609/609
f 610/610 605/605 609/609
f 605/605 610/610 611/611
f 612/612 610/610 609/609
f 612/612 609/609 613/613
f 613/613 609/609 608/608
f 611/611 610/610 614/614
f 614/614 612/612 615/615
f 613/613 608/608 616/616
f 616/616 608/608 617/617
f 615/615 618/618 614/614
f 617/617 618/618 615/615
f 618/618 611/611 614/614
f 617/617 608/608 618/618
f 611/611 618/618 619/619
f 608/608 620/620 618/618
f 620/620 619/619 618/618
f 621/621 620/620 608/608
f 621/621 619/619 620/620
f 611/611 622/622 623/623
f 622/622 624/624 623/623
f 625/625 626/626 627/627
f 626/626 628/628 627/627
f 626/626 629/629 628/628
f 628/628 630/630 627/627
f 631/631 625/625 627/627
f 631/631 627/627 632/632
f 625/625 631/631 633/633
f 633/633 631/631 634/634
f 634/634 631/631 635/635
f 631/631 636/636 635/635
f 631/631 637/637 636/636
f 638/638 637/637 631/631
f 638/638 639/639 637/637
f 640/640 639/639 638/638
f 641/641 629/629 642/642
f 641/641 642/642 643/643
f 642/642 644/644 643/643
f 643/643 645/645 641/641
f 646/646 645/645 643/643
f 647/647 645/645 646/646
f 648/648 649/649 650/650
f 651/651 649/649 648/648
f 652/652 653/653 654/654
f 654/654 653/653 655/655
f 656/656 657/657 658/658
f 658/658 657/657 659/659
f 660/660 658/658 659/659
f 660/660 661/661 658/658
f 656/656 662/662 657/657
f 662/662 656/656 663/663
f 656/656 664/664 663/663
f 663/663 664/664 665/665
f 664/664 666/666 665/665
f 667/667 665/665 666/666
f 668/668 664/664 669/669
f 670/670 664/664 668/668
f 671/671 672/672 661/661
f 671/671 673/673 672/672
f 674/674 675/675 673/673
f 674/674 676/676 675/675
f 676/676 677/677 675/675
f 678/678 675/675 677/677
f 677/677 679/679 678/678
f 678/678 679/679 680/680
f 680/680 681/681 678/678
f 678/678 681/681 682/682
f 683/683 678/678 682/682
f 683/683 684/684 678/678
f 678/678 684/684 685/685
f 675/675 678/678 686/686
f 687/687 678/678 685/685
f 686/686 678/678 687/687
f 687/687 688/688 686/686
f 689/689 686/686 688/688
f 690/690 689/689 691/691
f 691/691 692/692 690/690
f 690/690 693/693 694/694
f 695/695 696/696 697/697
f 698/698 696/696 695/695
f 695/695 697/697 699/699
f 699/699 697/697 700/700
f 699/699 700/700 701/701
f 701/701 700/700 702/702
f 701/701 702/702 703/703
f 703/703 702/702 704/704
f 705/705 706/706 707/707
f 705/705 708/708 706/706
f 707/707 706/706 709/709
f 707/707 709/709 710/710
f 711/711 709/709 712/712
f 713/713 710/710 709/709
f 714/714 713/713 709/709
f 713/713 714/714 715/715
f 713/713 715/715 716/716
f 710/710 713/713 717/717
f 718/718 717/717 713/713
f 710/710 719/719 720/720
f 719/719 721/721 720/720
f 722/722 721/721 723/723
f 724/724 725/725 726/726
f 726/726 727/727 728/728
f 726/726 725/725 729/729
f 730/730 725/725 724/724
f 731/731 730/730 732/732
f 733/733 730/730 724/724
f 730/730 733/733 725/725
f 733/733 724/724 734/734
f 735/735 725/725 733/733
f 733/733 734/734 735/735
f 736/736 725/725 735/735
f 735/735 734/734 736/736
f 734/734 737/737 736/736
f 737/737 738/738 736/736
f 735/735 739/739 740/740
f 741/741 742/742 743/743
f 741/741 744/744 742/742
f 744/744 745/745 742/742
f 746/746 741/741 743/743
f 747/747 746/746 743/743
f 748/748 746/746 747/747
f 749/749 748/748 747/747
f 750/750 747/747 743/743
f 751/751 750/750 743/743
f 751/751 743/743 752/752
f 752/752 743/743 753/753
f 754/754 751/751 752/752
f 755/755 756/756 757/757
f 758/758 755/755 759/759
f 759/759 755/755 757/757
f 756/756 760/760 757/757
f 760/760 761/761 757/757
f 760/760 762/762 761/761
f 762/762 763/763 761/761
f 761/761 764/764 757/757
f 764/764 765/765 757/757
f 757/757 765/765 766/766
f 765/765 767/767 766/766
f 757/757 766/766 768/768
f 769/769 770/770 771/771
f 771/771 770/770 772/772
f 769/769 773/773 770/770
f 774/774 773/773 769/769
f 774/774 775/775 773/773
f 775/775 774/774 776/776
f 776/776 774/774 777/777
f 778/778 777/777 774/774
f 776/776 777/777 779/779
f 780/780 777/777 778/778
f 779/779 777/777 781/781
f 781/781 782/782 779/779
f 781/781 777/777 783/783
f 781/781 784/784 782/782
f 785/785 781/781 783/783
f 783/783 786/786 785/785
f 787/787 786/786 783/783
f 788/788 786/786 787/787
f 784/784 789/789 782/782
f 787/787 790/790 788/788
f 777/777 780/780 790/790
f 780/780 791/791 790/790
f 780/780 772/772 791/791
f 790/790 791/791 792/792
f 790/790 792/792 788/788
f 772/772 793/793 791/791
f 788/788 792/792 794/794
f 793/793 772/772 770/770
f 795/795 788/788 794/794
f 793/793 770/770 796/796
f 797/797 795/795 794/794
f 770/770 797/797 796/796
f 797/797 770/770 795/795
f 795/795 798/798 799/799
f 795/795 800/800 798/798
f 795/795 801/801 800/800
f 770/770 801/801 795/795
f 802/802 801/801 770/770
f 802/802 770/770 803/803
f 803/803 770/770 789/789
f 789/789 770/770 773/773
f 789/789 804/804 803/803
f 805/805 804/804 789/789
f 805/805 789/789 784/784
f 806/806 804/804 805/805
f 806/806 805/805 807/807
f 806/806 807/807 808/808
f 807/807 809/809 808/808
f 810/810 808/808 809/809
f 810/810 811/811 808/808
f 811/811 810/810 812/812
f 813/813 814/814 815/815
f 814/814 813/813 816/816
f 815/815 814/814 817/817
f 813/813 818/818 816/816
f 815/815 817/817 819/819
f 819/819 817/817 820/820
f 819/819 820/820 821/821
f 821/821 820/820 822/822
f 822/822 823/823 821/821
f 824/824 823/823 822/822
f 823/823 824/824 825/825
f 825/825 824/824 826/826
f 825/825 826/826 827/827
f 827/827 826/826 828/828
f 819/819 829/829 815/815
f 815/815 829/829 830/830
f 831/831 830/830 829/829
f 832/832 813/813 815/815
f 829/829 833/833 831/831
f 829/829 834/834 833/833
f 833/833 834/834 835/835
f 836/836 833/833 835/835
f 836/836 835/835 837/837
f 831/831 838/838 830/830
f 838/838 839/839 832/832
f 838/838 840/840 839/839
f 841/841 840/840 838/838
f 841/841 838/838 831/831
f 841/841 831/831 842/842
f 842/842 831/831 843/843
f 843/843 831/831 837/837
f 837/837 835/835 843/843
f 839/839 844/844 832/832
f 839/839 845/845 844/844
f 844/844 845/845 843/843
f 844/844 813/813 832/832
f 844/844 843/843 846/846
f 846/846 843/843 835/835
f 847/847 813/813 844/844
f 846/846 835/835 848/848
f 835/835 849/849 848/848
f 849/849 847/847 848/848
f 849/849 850/850 847/847
f 847/847 850/850 813/813
f 850/850 818/818 813/813
f 818/818 850/850 851/851
f 852/852 853/853 854/854
f 854/854 855/855 852/852
f 856/856 854/854 853/853
f 857/857 855/855 854/854
f 856/856 853/853 858/858
f 859/859 858/858 853/853
f 852/852 860/860 853/853
f 861/861 853/853 860/860
f 861/861 862/862 858/858
f 861/861 863/863 862/862
f 861/861 860/860 864/864
f 864/864 860/860 865/865
f 855/855 857/857 866/866
f 866/866 857/857 867/867
f 866/866 868/868 855/855
f 868/868 869/869 865/865
f 868/868 866/866 869/869
f 870/870 866/866 867/867
f 869/869 866/866 870/870
f 867/867 871/871 870/870
f 869/869 870/870 871/871
f 872/872 873/873 874/874
f 874/874 873/873 875/875
f 876/876 873/873 872/872
f 877/877 878/878 872/872
f 878/878 873/873 876/876
f 875/875 873/873 879/879
f 879/879 880/880 875/875
f 879/879 873/873 881/881
f 882/882 879/879 881/881
f 883/883 873/873 878/878
f 884/884 873/873 883/883
f 885/885 884/884 883/883
f 885/885 886/886 887/887
f 888/888 885/885 883/883
f 888/888 889/889 885/885
f 890/890 888/888 883/883
f 891/891 889/889 892/892
f 893/893 892/892 888/888
f 893/893 888/888 890/890
f 890/890 894/894 893/893
f 895/895 896/896 897/897
f 896/896 898/898 897/897
f 898/898 899/899 897/897
f 899/899 900/900 897/897
f 900/900 901/901 897/897
f 901/901 902/902 897/897
f 903/903 895/895 897/897
f 904/904 895/895 903/903
f 905/905 895/895 904/904
f 906/906 895/895 905/905
f 907/907 895/895 906/906
f 908/908 895/895 907/907
f 909/909 910/910 911/911
f 912/912 910/910 909/909
f 912/912 913/913 910/910
f 914/914 911/911 910/910
f 912/912 915/915 913/913
f 911/911 914/914 916/916
f 917/917 915/915 912/912
f 911/911 916/916 918/918
f 915/915 917/917 919/919
f 917/917 920/920 919/919
f 921/921 915/915 919/919
f 920/920 917/917 922/922
f 921/921 923/923 915/915
f 920/920 922/922 924/924
f 924/924 922/922 925/925
f 921/921 926/926 923/923
f 923/923 926/926 927/927
f 927/927 926/926 928/928
f 928/928 926/926 929/929
f 929/929 926/926 930/930
f 925/925 931/931 924/924
f 932/932 931/931 925/925
f 932/932 933/933 931/931
f 934/934 931/931 933/933
f 931/931 934/934 935/935
f 932/932 936/936 933/933
f 937/937 935/935 934/934
f 932/932 938/938 936/936
f 936/936 938/938 939/939
f 939/939 940/940 936/936
f 939/939 937/937 940/940
f 941/941 938/938 932/932
f 941/941 932/932 942/942
f 939/939 943/943 937/937
f 937/937 943/943 935/935
f 944/944 943/943 939/939
f 945/945 943/943 944/944
f 946/946 935/935 943/943
f 947/947 935/935 946/946
f 945/945 948/948 943/943
f 949/949 947/947 946/946
f 950/950 948/948 945/945
f 950/950 942/942 948/948
f 932/932 948/948 942/942
f 932/932 911/911 948/948
f 909/909 911/911 932/932
f 951/951 947/947 949/949
f 951/951 949/949 911/911
f 911/911 918/918 951/951
f 951/951 918/918 952/952
f 951/951 952/952 953/953
f 951/951 953/953 954/954
f 955/955 956/956 957/957
f 956/956 958/958 957/957
f 958/958 956/956 959/959
f 957/957 960/960 955/955
f 959/959 956/956 961/961
f 962/962 960/960 957/957
f 963/963 960/960 962/962
f 962/962 964/964 963/963
f 964/964 965/965 963/963
f 966/966 965/965 964/964
f 965/965 966/966 967/967
f 967/967 966/966 968/968
f 967/967 968/968 969/969
f 969/969 968/968 970/970
f 955/955 971/971 956/956
f 956/956 971/971 972/972
f 972/972 971/971 973/973
f 972/972 973/973 974/974
f 973/973 975/975 974/974
f 976/976 975/975 973/973
f 977/977 975/975 976/976
f 974/974 975/975 978/978
f 977/977 979/979 975/975
f 974/974 978/978 980/980
f 974/974 980/980 981/981
f 978/978 982/982 980/980
f 978/978 983/983 982/982
f 982/982 983/983 984/984
f 985/985 981/981 980/980
f 986/986 984/984 983/983
f 979/979 986/986 983/983
f 985/985 987/987 981/981
f 956/956 987/987 985/985
f 961/961 956/956 985/985
f 988/988 961/961 985/985
f 988/988 985/985 989/989
f 977/977 990/990 979/979
f 979/979 991/991 986/986
f 991/991 992/992 986/986
f 979/979 993/993 991/991
f 992/992 960/960 986/986
f 979/979 994/994 993/993
f 960/960 992/992 994/994
f 990/990 994/994 979/979
f 994/994 955/955 960/960
f 994/994 990/990 955/955
f 995/995 996/996 997/997
f 998/998 996/996 995/995
f 998/998 995/995 999/999
f 1000/1000 1001/1001 1002/1002
f 1003/1003 1001/1001 1000/1000
f 1000/1000 1002/1002 1004/1004
f 1005/1005 1006/1006 1007/1007
f 1005/1005 1007/1007 1008/1008
f 1009/1009 1005/1005 1008/1008
f 1010/1010 1007/1007 1006/1006
f 1010/1010 1011/1011 1007/1007
f 1008/1008 1011/1011 1009/1009
f 1010/1010 1006/1006 1012/1012
f 1013/1013 1009/1009 1011/1011
f 1014/1014 1009/1009 1013/1013
f 1014/1014 1013/1013 1012/1012
f 1006/1006 1014/1014 1012/1012
f 1015/1015 1012/1012 1016/1016
f 1017/1017 1018/1018 1019/1019
f 1017/1017 1019/1019 1020/1020
f 1021/1021 1020/1020 1019/1019
f 1022/1022 1023/1023 1021/1021
f 1024/1024 1025/1025 1026/1026
f 1027/1027 1026/1026 1025/1025
f 1024/1024 1026/1026 1028/1028
f 1027/1027 1029/1029 1026/1026
f 1030/1030 1028/1028 1026/1026
f 1031/1031 1029/1029 1027/1027
f 1032/1032 1029/1029 1031/1031
f 1032/1032 1033/1033 1029/1029
f 1034/1034 1033/1033 1032/1032
f 1034/1034 1035/1035 1033/1033
f 1036/1036 1035/1035 1034/1034
f 1036/1036 1037/1037 1035/1035
f 1038/1038 1037/1037 1036/1036
f 1030/1030 1039/1039 1028/1028
f 1039/1039 1040/1040 1028/1028
f 1039/1039 1041/1041 1040/1040
f 1039/1039 1042/1042 1041/1041
f 1039/1039 1043/1043 1042/1042
f 1043/1043 1044/1044 1042/1042
f 1045/1045 1046/1046 1047/1047
f 1045/1045 1048/1048 1046/1046
f 1048/1048 1045/1045 1049/1049
f 1045/1045 1047/1047 1050/1050
f 1049/1049 1045/1045 1051/1051
f 1047/1047 1052/1052 1050/1050
f 1050/1050 1052/1052 1053/1053
f 1054/1054 1052/1052 1047/1047
f 1054/1054 1047/1047 1055/1055
f 1055/1055 1047/1047 1046/1046
f 1056/1056 1054/1054 1055/1055
f 1057/1057 1052/1052 1056/1056
f 1056/1056 1055/1055 1057/1057
f 1057/1057 1055/1055 1058/1058
f 1058/1058 1055/1055 1046/1046
f 1058/1058 1046/1046 1059/1059
f 1059/1059 1046/1046 1060/1060
f 1049/1049 1060/1060 1046/1046
f 1049/1049 1061/1061 1060/1060
f 1057/1057 1062/1062 1052/1052
f 1052/1052 1062/1062 1053/1053
f 1063/1063 1053/1053 1062/1062
f 1063/1063 1062/1062 1064/1064
f 1064/1064 1062/1062 1065/1065
f 1049/1049 1066/1066 1061/1061
f 1067/1067 1066/1066 1049/1049
f 1067/1067 1068/1068 1066/1066
f 1049/1049 1051/1051 1067/1067
f 1067/1067 1051/1051 1069/1069
f 1067/1067 1069/1069 1070/1070
f 1070/1070 1071/1071 1067/1067
f 1070/1070 1072/1072 1071/1071
f 1071/1071 1072/1072 1073/1073
f 1070/1070 1074/1074 1072/1072
f 1071/1071 1073/1073 1075/1075
f 1075/1075 1073/1073 1074/1074
f 1076/1076 1074/1074 1070/1070
f 1075/1075 1074/1074 1076/1076
f 1077/1077 1078/1078 1079/1079
f 1080/1080 1078/1078 1077/1077
f 1081/1081 1082/1082 1083/1083
f 1082/1082 1084/1084 1083/1083
f 1083/1083 1084/1084 1085/1085
f 1085/1085 1084/1084 1086/1086
f 1086/1086 1083/1083 1085/1085
f 1083/1083 1086/1086 1087/1087
f 1087/1087 1081/1081 1083/1083
f 1086/1086 1088/1088 1087/1087
f 1089/1089 1081/1081 1087/1087
f 1089/1089 1090/1090 1081/1081
f 1091/1091 1081/1081 1090/1090
f 1092/1092 1090/1090 1089/1089
f 1092/1092 1093/1093 1090/1090
f 1093/1093 1094/1094 1088/1088
f 1092/1092 1094/1094 1093/1093
f 1095/1095 1090/1090 1093/1093
f 1096/1096 1090/1090 1095/1095
f 1096/1096 1097/1097 1093/1093
f 1097/1097 1095/1095 1093/1093
f 1095/1095 1098/1098 1090/1090
f 1098/1098 1095/1095 1097/1097
f 194/194 1099/1099 1100/1100
f 1100/1100 1099/1099 201/201
f 1101/1101 1099/1099 194/194
f 1101/1101 201/201 1099/1099
f 1101/1101 194/194 1102/1102
f 1101/1101 1102/1102 201/201
f 1102/1102 198/198 201/201
f 1102/1102 1103/1103 198/198
f 1102/1102 1104/1104 1103/1103
f 194/194 1104/1104 1102/1102
f 194/194 1105/1105 1104/1104
f 1106/1106 1107/1107 201/201
f 1108/1108 1107/1107 1106/1106
f 1107/1107 1109/1109 1110/1110
f 1111/1111 1112/1112 1113/1113
f 1112/1112 1111/1111 1114/1114
f 1113/1113 1112/1112 1114/1114
f 1115/1115 1111/1111 1116/1116
f 1115/1115 1114/1114 1111/1111
f 1117/1117 1114/1114 1115/1115
f 1117/1117 1115/1115 1118/1118
f 1117/1117 1118/1118 1114/1114
f 1119/1119 1114/1114 1118/1118
f 1120/1120 1114/1114 1119/1119
f 1121/1121 1114/1114 1120/1120
f 1121/1121 1113/1113 1114/1114
f 1119/1119 1118/1118 1122/1122
f 1123/1123 1113/1113 1121/1121
f 1123/1123 1124/1124 1113/1113
f 1113/1113 1124/1124 1125/1125
f 1119/1119 1122/1122 1125/1125
f 1125/1125 1122/1122 1113/1113
f 1126/1126 1127/1127 1122/1122
f 1113/1113 1126/1126 1128/1128
f 1129/1129 1113/1113 1128/1128
f 1129/1129 1128/1128 1126/1126
f 1126/1126 1122/1122 1129/1129
f 1128/1128 1130/1130 1131/1131
f 1129/1129 1122/1122 1132/1132
f 1133/1133 1132/1132 1122/1122
f 1134/1134 1132/1132 1133/1133
f 1135/1135 1134/1134 1136/1136
f 1137/1137 1138/1138 1139/1139
f 1139/1139 1140/1140 1137/1137
f 1137/1137 1140/1140 1141/1141
f 1142/1142 1143/1143 1140/1140
f 1144/1144 1142/1142 1145/1145
f 1146/1146 1144/1144 1147/1147
f 1148/1148 1149/1149 1146/1146
f 1146/1146 1149/1149 1150/1150
f 1149/1149 1151/1151 1150/1150
f 1152/1152 1150/1150 1151/1151
f 1152/1152 1153/1153 1151/1151
f 1154/1154 1148/1148 1155/1155
f 1156/1156 1154/1154 1155/1155
f 1157/1157 1158/1158 1159/1159
f 1160/1160 1158/1158 1157/1157
f 1159/1159 1158/1158 1161/1161
f 1160/1160 1162/1162 1158/1158
f 1159/1159 1161/1161 1163/1163
f 1164/1164 1162/1162 1160/1160
f 1165/1165 1164/1164 1160/1160
f 1166/1166 1164/1164 1167/1167
f 1163/1163 1161/1161 1168/1168
f 1163/1163 1168/1168 1169/1169
f 1169/1169 1168/1168 1170/1170
f 1169/1169 1170/1170 1171/1171
f 1171/1171 1170/1170 1172/1172
f 1171/1171 1172/1172 1173/1173
f 1174/1174 1175/1175 1176/1176
f 1177/1177 1175/1175 1174/1174
f 1178/1178 1176/1176 1175/1175
f 1179/1179 1178/1178 1175/1175
f 1174/1174 1176/1176 1180/1180
f 1181/1181 1182/1182 1174/1174
f 1180/1180 1176/1176 1183/1183
f 1184/1184 1185/1185 1176/1176
f 1180/1180 1183/1183 1186/1186
f 1186/1186 1183/1183 1187/1187
f 1186/1186 1187/1187 1188/1188
f 1189/1189 1190/1190 1191/1191
f 1192/1192 1190/1190 1189/1189
f 1193/1193 1194/1194 1191/1191
f 1191/1191 1194/1194 1195/1195
f 1196/1196 1197/1197 1190/1190
f 1198/1198 1197/1197 1196/1196
f 1199/1199 1200/1200 1201/1201
f 1201/1201 1200/1200 1202/1202
f 1200/1200 1203/1203 1202/1202
f 1204/1204 1202/1202 1203/1203
f 1205/1205 1204/1204 1203/1203
f 1205/1205 1203/1203 1206/1206
f 1207/1207 1201/1201 1208/1208
f 1209/1209 1201/1201 1207/1207
f 1210/1210 1201/1201 1209/1209
f 1209/1209 1211/1211 1210/1210
f 1212/1212 1211/1211 1209/1209
f 1212/1212 1213/1213 1211/1211
f 1213/1213 1212/1212 1214/1214
f 1213/1213 1214/1214 1215/1215
f 1207/1207 1216/1216 1217/1217
f 1207/1207 1217/1217 1218/1218
f 1218/1218 1217/1217 1219/1219
f 1220/1220 1221/1221 1222/1222
f 1223/1223 1221/1221 1220/1220
f 1221/1221 1223/1223 1224/1224
f 1223/1223 1220/1220 1225/1225
f 1220/1220 1226/1226 1225/1225
f 1227/1227 1223/1223 1228/1228
f 1229/1229 1230/1230 1228/1228
f 1228/1228 1230/1230 1231/1231
f 1229/1229 1232/1232 1230/1230
f 1232/1232 1231/1231 1230/1230
f 1231/1231 1232/1232 1233/1233
f 1234/1234 1235/1235 1236/1236
f 1237/1237 1234/1234 1236/1236
f 1234/1234 1238/1238 1235/1235
f 1239/1239 1238/1238 1234/1234
f 1238/1238 1240/1240 1235/1235
f 1241/1241 1235/1235 1240/1240
f 1242/1242 1243/1243 1244/1244
f 1245/1245 1243/1243 1242/1242
f 1245/1245 1242/1242 1246/1246
f 1247/1247 1245/1245 1246/1246
f 1246/1246 1242/1242 1247/1247
f 1243/1243 1245/1245 1247/1247
f 1248/1248 1247/1247 1242/1242
f 1242/1242 1244/1244 1248/1248
f 1248/1248 1249/1249 1247/1247
f 1248/1248 1250/1250 1249/1249
f 1250/1250 1244/1244 1249/1249
f 1248/1248 1251/1251 1250/1250
f 1251/1251 1244/1244 1250/1250
f 1248/1248 1244/1244 1251/1251
f 1243/1243 1252/1252 1244/1244
f 1252/1252 1253/1253 1244/1244
f 1243/1243 1254/1254 1252/1252
f 1252/1252 1255/1255 1253/1253
f 1254/1254 1255/1255 1252/1252
f 1256/1256 1253/1253 1255/1255
f 1256/1256 1257/1257 1253/1253
f 1255/1255 1254/1254 1258/1258
f 1258/1258 1256/1256 1255/1255
f 1243/1243 1258/1258 1254/1254
f 1257/1257 1256/1256 1259/1259
f 1259/1259 1256/1256 1258/1258
f 1259/1259 1258/1258 1243/1243
f 1259/1259 1260/1260 1257/1257
f 1261/1261 1259/1259 1243/1243
f 1261/1261 1260/1260 1259/1259
f 1262/1262 1263/1263 1264/1264
f 1265/1265 1262/1262 1266/1266
f 1267/1267 1263/1263 1262/1262
f 1268/1268 1262/1262 1264/1264
f 1269/1269 1268/1268 1264/1264
f 1269/1269 1270/1270 1268/1268
f 1271/1271 1263/1263 1267/1267
f 1267/1267 1272/1272 1271/1271
f 1271/1271 1272/1272 1273/1273
f 1274/1274 1275/1275 1276/1276
f 1276/1276 1275/1275 1277/1277
f 1278/1278 1279/1279 1275/1275
f 1275/1275 1279/1279 1280/1280
f 1281/1281 1282/1282 1279/1279
f 1279/1279 1283/1283 1280/1280
f 1284/1284 1283/1283 1281/1281
f 1283/1283 1284/1284 1285/1285
f 1285/1285 1280/1280 1283/1283
f 1280/1280 1286/1286 1287/1287
f 1287/1287 1286/1286 1288/1288
f 1286/1286 1289/1289 1288/1288
f 1290/1290 1288/1288 1289/1289
f 1291/1291 1288/1288 1290/1290
f 1289/1289 1291/1291 1290/1290
f 1292/1292 1293/1293 1294/1294
f 1294/1294 1293/1293 1295/1295
f 1296/1296 1297/1297 1298/1298
f 1297/1297 1299/1299 1298/1298
f 1300/1300 1296/1296 1298/1298
f 1301/1301 1302/1302 1303/1303
f 1303/1303 1304/1304 1301/1301
f 1302/1302 1301/1301 1305/1305
f 1304/1304 1306/1306 1305/1305
f 1303/1303 1302/1302 1307/1307
f 1308/1308 1302/1302 1305/1305
f 1309/1309 1306/1306 1310/1310
f 1310/1310 1306/1306 1311/1311
f 1312/1312 1308/1308 1311/1311
f 1308/1308 1312/1312 1302/1302
f 1302/1302 1313/1313 1307/1307
f 1312/1312 1313/1313 1302/1302
f 1314/1314 1307/1307 1313/1313
f 1314/1314 1313/1313 1312/1312
f 1315/1315 1314/1314 1312/1312
f 1316/1316 1317/1317 1318/1318
f 1319/1319 1318/1318 1320/1320
f 1320/1320 1318/1318 1321/1321
f 1322/1322 1323/1323 1324/1324
f 1324/1324 1323/1323 1325/1325
f 1326/1326 1327/1327 1328/1328
f 1326/1326 1329/1329 1327/1327
f 1328/1328 1327/1327 1330/1330
f 1329/1329 1326/1326 1331/1331
f 1332/1332 1326/1326 1328/1328
f 1326/1326 1332/1332 1333/1333
f 1333/1333 1332/1332 1334/1334
f 1333/1333 1334/1334 1335/1335
f 1326/1326 1333/1333 1335/1335
f 1335/1335 1334/1334 1336/1336
f 1336/1336 1326/1326 1335/1335
f 1331/1331 1326/1326 1336/1336
f 1331/1331 1336/1336 1337/1337
f 1338/1338 1331/1331 1337/1337
f 1339/1339 1338/1338 1337/1337
f 1327/1327 1339/1339 1330/1330
f 1330/1330 1339/1339 1337/1337
f 1330/1330 1337/1337 1340/1340
f 1337/1337 1341/1341 1340/1340
f 1330/1330 1340/1340 1341/1341
f 1337/1337 1342/1342 1341/1341
f 1342/1342 1330/1330 1341/1341
f 1343/1343 1344/1344 1345/1345
f 1346/1346 1344/1344 1343/1343
f 1346/1346 1347/1347 1344/1344
f 1348/1348 1349/1349 1350/1350
f 1350/1350 1349/1349 1351/1351
f 1351/1351 1349/1349 1352/1352
f 1351/1351 1352/1352 1353/1353
f 1354/1354 1355/1355 1356/1356
f 1356/1356 1357/1357 1354/1354
f 1358/1358 1354/1354 1357/1357
f 1358/1358 1357/1357 1359/1359
f 1360/1360 1358/1358 1359/1359
f 1360/1360 1359/1359 1361/1361
f 1362/1362 1363/1363 1364/1364
f 1362/1362 1364/1364 1365/1365
f 1362/1362 1365/1365 1366/1366
f 1367/1367 1362/1362 1366/1366
f 1362/1362 1368/1368 1363/1363
f 1369/1369 1368/1368 1362/1362
f 1369/1369 1370/1370 1368/1368
f 1362/1362 1371/1371 1369/1369
f 1372/1372 1373/1373 1374/1374
f 1374/1374 1373/1373 1375/1375
f 1376/1376 1373/1373 1372/1372
f 1377/1377 1376/1376 1372/1372
f 1372/1372 1378/1378 1377/1377
f 1373/1373 1376/1376 1379/1379
f 1379/1379 1376/1376 1378/1378
f 1380/1380 1378/1378 1372/1372
f 1379/1379 1378/1378 1380/1380
f 1381/1381 1375/1375 1373/1373
f 1381/1381 1382/1382 1375/1375
f 1382/1382 1383/1383 1375/1375
f 1384/1384 1382/1382 1381/1381
f 1385/1385 1382/1382 1384/1384
f 1382/1382 1386/1386 1387/1387
f 1386/1386 1382/1382 1385/1385
f 1388/1388 1386/1386 1385/1385
f 1389/1389 1386/1386 1388/1388
f 1389/1389 1390/1390 1386/1386
f 1391/1391 1388/1388 1385/1385
f 1391/1391 1390/1390 1389/1389
f 1391/1391 1385/1385 1392/1392
f 1391/1391 1392/1392 1390/1390
f 1393/1393 1390/1390 1392/1392
f 1392/1392 1385/1385 1394/1394
f 1393/1393 1392/1392 1394/1394
f 1393/1393 1394/1394 1395/1395
f 1396/1396 1393/1393 1395/1395
f 1396/1396 1395/1395 1397/1397
f 1398/1398 1395/1395 1394/1394
f 1399/1399 1397/1397 1395/1395
f 1397/1397 1399/1399 1400/1400
f 1398/1398 1394/1394 1401/1401
f 1400/1400 1399/1399 1402/1402
f 1402/1402 1399/1399 1398/1398
f 1402/1402 1398/1398 1401/1401
f 1403/1403 1402/1402 1401/1401
f 1404/1404 1402/1402 1403/1403
f 1405/1405 1402/1402 1404/1404
f 1406/1406 1407/1407 1408/1408
f 1408/1408 1407/1407 1409/1409
f 1409/1409 1407/1407 1410/1410
f 1406/1406 1411/1411 1407/1407
f 1412/1412 1411/1411 1406/1406
f 1413/1413 1411/1411 1412/1412
f 1413/1413 1414/1414 1411/1411
f 1415/1415 1414/1414 1413/1413
f 1416/1416 1414/1414 1415/1415
f 1416/1416 1417/1417 1414/1414
f 1418/1418 1417/1417 1416/1416
f 1419/1419 1417/1417 1418/1418
f 1420/1420 1417/1417 1419/1419
f 1420/1420 1421/1421 1417/1417
f 1422/1422 1417/1417 1421/1421
f 1422/1422 1421/1421 1423/1423
f 1424/1424 1423/1423 1421/1421
f 1423/1423 1424/1424 1425/1425
f 1423/1423 1425/1425 1426/1426
f 1423/1423 1426/1426 1427/1427
f 1428/1428 1423/1423 1427/1427
f 1428/1428 1427/1427 1429/1429
f 1430/1430 1431/1431 1432/1432
f 1433/1433 1431/1431 1430/1430
f 1434/1434 1435/1435 1436/1436
f 1434/1434 1436/1436 1437/1437
f 1436/1436 1438/1438 1437/1437
f 1438/1438 1439/1439 1437/1437
f 1438/1438 1440/1440 1439/1439
f 1434/1434 1439/1439 1440/1440
f 1441/1441 1439/1439 1442/1442
f 1434/1434 1440/1440 1443/1443
f 1443/1443 1444/1444 1434/1434
f 1443/1443 1445/1445 1444/1444
f 1435/1435 1434/1434 1444/1444
f 1435/1435 1446/1446 1436/1436
f 1436/1436 1446/1446 1447/1447
f 1447/1447 1446/1446 1448/1448
f 1435/1435 1449/1449 1446/1446
f 1448/1448 1449/1449 1450/1450
f 1450/1450 1449/1449 1435/1435
f 1435/1435 1451/1451 1450/1450
f 1452/1452 1453/1453 1454/1454
f 1453/1453 1455/1455 1454/1454
f 1456/1456 1454/1454 1455/1455
f 1456/1456 1457/1457 1454/1454
f 1458/1458 1453/1453 1452/1452
f 1459/1459 1452/1452 1454/1454
f 1458/1458 1452/1452 1460/1460
f 1460/1460 1452/1452 1459/1459
f 1458/1458 1460/1460 1461/1461
f 1459/1459 1462/1462 1460/1460
f 1462/1462 1463/1463 1460/1460
f 1464/1464 1462/1462 1459/1459
f 1464/1464 1465/1465 1462/1462
f 1466/1466 1467/1467 1468/1468
f 1469/1469 1467/1467 1470/1470
f 1466/1466 1468/1468 1471/1471
f 1468/1468 1472/1472 1471/1471
f 1473/1473 1466/1466 1471/1471
f 1474/1474 1475/1475 1471/1471
f 1476/1476 1475/1475 1474/1474
f 1476/1476 1477/1477 1475/1475
f 1478/1478 1475/1475 1477/1477
f 1477/1477 1476/1476 1479/1479
f 1479/1479 1478/1478 1477/1477
f 1480/1480 1479/1479 1477/1477
f 1479/1479 1481/1481 1478/1478
f 1482/1482 1481/1481 1479/1479
f 1481/1481 1482/1482 1483/1483
f 1482/1482 1484/1484 1483/1483
f 1481/1481 1483/1483 1485/1485
f 1483/1483 1484/1484 1485/1485
f 1484/1484 1486/1486 1485/1485
f 1485/1485 1486/1486 1487/1487
f 1488/1488 1489/1489 1490/1490
f 1491/1491 1489/1489 1488/1488
f 1490/1490 1489/1489 1492/1492
f 1490/1490 1492/1492 1493/1493
f 1494/1494 1493/1493 1492/1492
f 1492/1492 1495/1495 1494/1494
f 1494/1494 1495/1495 1496/1496
f 1496/1496 1495/1495 1497/1497
f 1497/1497 1498/1498 1496/1496
f 1499/1499 1500/1500 1501/1501
f 1499/1499 1502/1502 1500/1500
f 1502/1502 1499/1499 1503/1503
f 1504/1504 1502/1502 1503/1503
f 1505/1505 1504/1504 1503/1503
f 1506/1506 1507/1507 1508/1508
f 1508/1508 1509/1509 1506/1506
f 1506/1506 1509/1509 1510/1510
f 1510/1510 1507/1507 1506/1506
f 1507/1507 1511/1511 1508/1508
f 1512/1512 1507/1507 1510/1510
f 1507/1507 1513/1513 1511/1511
f 1512/1512 1514/1514 1507/1507
f 1507/1507 1514/1514 1513/1513
f 1515/1515 1516/1516 1517/1517
f 1517/1517 1516/1516 1518/1518
f 1519/1519 1516/1516 1515/1515
f 1520/1520 1521/1521 1522/1522
f 1520/1520 1523/1523 1521/1521
f 1520/1520 1522/1522 1524/1524
f 1520/1520 1524/1524 1525/1525
f 1526/1526 1520/1520 1525/1525
f 1527/1527 1520/1520 1526/1526
f 1528/1528 1520/1520 1527/1527
f 1529/1529 1523/1523 1520/1520
f 1530/1530 1529/1529 1520/1520
f 1531/1531 1529/1529 1530/1530
f 1531/1531 1532/1532 1529/1529
f 1533/1533 1532/1532 1531/1531
f 1534/1534 1533/1533 1531/1531
f 1534/1534 1535/1535 1533/1533
f 1535/1535 1536/1536 1533/1533
f 1537/1537 1538/1538 1539/1539
f 1539/1539 1538/1538 1540/1540
f 1541/1541 1538/1538 1537/1537
f 1540/1540 1538/1538 1542/1542
f 1538/1538 1543/1543 1542/1542
f 1538/1538 1544/1544 1543/1543
f 1538/1538 1545/1545 1544/1544
f 1541/1541 1546/1546 1538/1538
f 1546/1546 1547/1547 1538/1538
f 1546/1546 1548/1548 1547/1547
f 1549/1549 1548/1548 1546/1546
f 1549/1549 1550/1550 1548/1548
f 1550/1550 1551/1551 1548/1548
f 1552/1552 1551/1551 1550/1550
f 1553/1553 1552/1552 1550/1550
f 1554/1554 1555/1555 1556/1556
f 1556/1556 1557/1557 1554/1554
f 1555/1555 1554/1554 1558/1558
f 1559/1559 1556/1556 1555/1555
f 1554/1554 1560/1560 1561/1561
f 1559/1559 1555/1555 1562/1562
f 1563/1563 1555/1555 1564/1564
f 1565/1565 1562/1562 1555/1555
f 1565/1565 1566/1566 1562/1562
f 1566/1566 1565/1565 1567/1567
f 1568/1568 1569/1569 1570/1570
f 1570/1570 1569/1569 1571/1571
f 1569/1569 1568/1568 1572/1572
f 1572/1572 1568/1568 1573/1573
f 1572/1572 1573/1573 1574/1574
f 1575/1575 1576/1576 1577/1577
f 1575/1575 1577/1577 1578/1578
f 1575/1575 1578/1578 1579/1579
f 1580/1580 1579/1579 1578/1578
f 1580/1580 1578/1578 1581/1581
f 1575/1575 1579/1579 1582/1582
f 1582/1582 1579/1579 1580/1580
f 1583/1583 1575/1575 1582/1582
f 1584/1584 1582/1582 1580/1580
f 1583/1583 1582/1582 1584/1584
f 1585/1585 1583/1583 1584/1584
f 1586/1586 1587/1587 1588/1588
f 1586/1586 1589/1589 1587/1587
f 1590/1590 1589/1589 1586/1586
f 1586/1586 1591/1591 1590/1590
f 1592/1592 1593/1593 1594/1594
f 1595/1595 1593/1593 1592/1592
f 1593/1593 1595/1595 1596/1596
f 1595/1595 1597/1597 1596/1596
f 1598/1598 1595/1595 1592/1592
f 1598/1598 1594/1594 1599/1599
f 1600/1600 1599/1599 1594/1594
f 1601/1601 1602/1602 1603/1603
f 1603/1603 1602/1602 1604/1604
f 1605/1605 1606/1606 1607/1607
f 1607/1607 1606/1606 1608/1608
f 1607/1607 1609/1609 1605/1605
f 1605/1605 1609/1609 1610/1610
f 1611/1611 1612/1612 1613/1613
f 1613/1613 1614/1614 1611/1611
f 1615/1615 1612/1612 1611/1611
f 1615/1615 1616/1616 1612/1612
f 1614/1614 1617/1617 1618/1618
f 1618/1618 1617/1617 1619/1619
f 1618/1618 1619/1619 1620/1620
f 1620/1620 1619/1619 1621/1621
f 1622/1622 1623/1623 1624/1624
f 1623/1623 1625/1625 1624/1624
f 1622/1622 1624/1624 1626/1626
f 1627/1627 1625/1625 1623/1623
f 1622/1622 1626/1626 1628/1628
f 1629/1629 1625/1625 1627/1627
f 1627/1627 1623/1623 1630/1630
f 1628/1628 1626/1626 1631/1631
f 1628/1628 1632/1632 1622/1622
f 1628/1628 1631/1631 1633/1633
f 1634/1634 1633/1633 1631/1631
f 1628/1628 1635/1635 1632/1632
f 1636/1636 1628/1628 1633/1633
f 1632/1632 1635/1635 1637/1637
f 1637/1637 1635/1635 1636/1636
f 1636/1636 1633/1633 1637/1637
f 1629/1629 1638/1638 1634/1634
f 1627/1627 1638/1638 1629/1629
f 1639/1639 1638/1638 1640/1640
f 1641/1641 1638/1638 1627/1627
f 1642/1642 1638/1638 1641/1641
f 1627/1627 1630/1630 1641/1641
f 1630/1630 1642/1642 1641/1641
f 1643/1643 1644/1644 1645/1645
f 1645/1645 1644/1644 1646/1646
f 1646/1646 1644/1644 1647/1647
f 1648/1648 1647/1647 1644/1644
f 1649/1649 1643/1643 1645/1645
f 1650/1650 1643/1643 1649/1649
f 1649/1649 1651/1651 1650/1650
f 1650/1650 1651/1651 1652/1652
f 1653/1653 1654/1654 1655/1655
f 1655/1655 1654/1654 1656/1656
f 1657/1657 1656/1656 1654/1654
f 1658/1658 1659/1659 1660/1660
f 1660/1660 1659/1659 1661/1661
f 1662/1662 1663/1663 1664/1664
f 1664/1664 1663/1663 1665/1665
f 1664/1664 1666/1666 1662/1662
f 1664/1664 1667/1667 1668/1668
f 1669/1669 1670/1670 1671/1671
f 1672/1672 1671/1671 1673/1673
f 1669/1669 1671/1671 1674/1674
f 1675/1675 1671/1671 1670/1670
f 1676/1676 1674/1674 1675/1675
f 1670/1670 1677/1677 1675/1675
f 1674/1674 1676/1676 1678/1678
f 1679/1679 1669/1669 1674/1674
f 1674/1674 1678/1678 1679/1679
f 1678/1678 1680/1680 1679/1679
f 1681/1681 1680/1680 1678/1678
f 1679/1679 1680/1680 1682/1682
f 1681/1681 1683/1683 1684/1684
f 1682/1682 1685/1685 1679/1679
f 1686/1686 1682/1682 1681/1681
f 1687/1687 1685/1685 1682/1682
f 1686/1686 1687/1687 1682/1682
f 1686/1686 1688/1688 1687/1687
f 1686/1686 1689/1689 1688/1688
f 1690/1690 1689/1689 1686/1686
f 1688/1688 1691/1691 1687/1687
f 1689/1689 1690/1690 1691/1691
f 1690/1690 1692/1692 1691/1691
f 1691/1691 1693/1693 1687/1687
f 1693/1693 1691/1691 1692/1692
f 1693/1693 1692/1692 1694/1694
f 1695/1695 1694/1694 1692/1692
f 1693/1693 1694/1694 1696/1696
f 1696/1696 1697/1697 1693/1693
f 1697/1697 1696/1696 1698/1698
f 1697/1697 1699/1699 1693/1693
f 1698/1698 1696/1696 1700/1700
f 1701/1701 1699/1699 1697/1697
f 1698/1698 1700/1700 1701/1701
f 1701/1701 1700/1700 1699/1699
f 1700/1700 1702/1702 1699/1699
f 1703/1703 1699/1699 1702/1702
f 1703/1703 1702/1702 1704/1704
f 1705/1705 1704/1704 1700/1700
f 1705/1705 1706/1706 1704/1704
f 1704/1704 1706/1706 1707/1707
f 1708/1708 1703/1703 1704/1704
f 1707/1707 1708/1708 1704/1704
f 1670/1670 1703/1703 1708/1708
f 1708/1708 1707/1707 1709/1709
f 1709/1709 1707/1707 1677/1677
f 1710/1710 1670/1670 1708/1708
f 1709/1709 1677/1677 1710/1710
f 1710/1710 1677/1677 1670/1670
f 1708/1708 1711/1711 1710/1710
f 1712/1712 1710/1710 1711/1711
f 1713/1713 1714/1714 1715/1715
f 1715/1715 1714/1714 1716/1716
f 1717/1717 1718/1718 1719/1719
f 1719/1719 1718/1718 1720/1720
f 1721/1721 1720/1720 1722/1722
f 1723/1723 1724/1724 1725/1725
f 1725/1725 1724/1724 1726/1726
f 1727/1727 1728/1728 1729/1729
f 1730/1730 1727/1727 1729/1729
f 1731/1731 1728/1728 1727/1727
f 1731/1731 1732/1732 1728/1728
f 1733/1733 1731/1731 1727/1727
f 1734/1734 1735/1735 1733/1733
f 1733/1733 1735/1735 1731/1731
f 1731/1731 1735/1735 1736/1736
f 1731/1731 1737/1737 1732/1732
f 1737/1737 1738/1738 1732/1732
f 1739/1739 1738/1738 1737/1737
f 1736/1736 1740/1740 1731/1731
f 1736/1736 1739/1739 1740/1740
f 1740/1740 1739/1739 1737/1737
f 1740/1740 1741/1741 1731/1731
f 1737/1737 1742/1742 1740/1740
f 1740/1740 1742/1742 1741/1741
f 1743/1743 1744/1744 1745/1745
f 1743/1743 1745/1745 1746/1746
f 1746/1746 1745/1745 1747/1747
f 1744/1744 1748/1748 1745/1745
f 1744/1744 1749/1749 1748/1748
f 1750/1750 1749/1749 1744/1744
f 1749/1749 1750/1750 1751/1751
f 1751/1751 1750/1750 1752/1752
f 1751/1751 1752/1752 1753/1753
f 1754/1754 1755/1755 1756/1756
f 1756/1756 1755/1755 1757/1757
f 1757/1757 1758/1758 1756/1756
f 1756/1756 1758/1758 1759/1759
f 1760/1760 1761/1761 1762/1762
f 1763/1763 1761/1761 1760/1760
f 1762/1762 1764/1764 1760/1760
f 1765/1765 1764/1764 1762/1762
f 1766/1766 1767/1767 1768/1768
f 1769/1769 1767/1767 1766/1766
f 1768/1768 1767/1767 1770/1770
f 1770/1770 1767/1767 1771/1771
f 1772/1772 1773/1773 1774/1774
f 1774/1774 1773/1773 1775/1775
f 1775/1775 1776/1776 1774/1774
f 1777/1777 1778/1778 1779/1779
f 1777/1777 1780/1780 1778/1778
f 1779/1779 1778/1778 1781/1781
f 1782/1782 1780/1780 1777/1777
f 1782/1782 1783/1783 1780/1780
f 1783/1783 1784/1784 1780/1780
f 1785/1785 1779/1779 1781/1781
f 1786/1786 1779/1779 1785/1785
f 1777/1777 1779/1779 1787/1787
f 1779/1779 1788/1788 1787/1787
f 1789/1789 1787/1787 1788/1788
f 1790/1790 1791/1791 1792/1792
f 1793/1793 1790/1790 1792/1792
f 1794/1794 1792/1792 1791/1791
f 1794/1794 1791/1791 1795/1795
f 1791/1791 1796/1796 1795/1795
f 1797/1797 1795/1795 1796/1796
f 1797/1797 1791/1791 1798/1798
f 1799/1799 1795/1795 1797/1797
f 1800/1800 1799/1799 1797/1797
f 1801/1801 1800/1800 1797/1797
f 1797/1797 1802/1802 1801/1801
f 1803/1803 1804/1804 1805/1805
f 1805/1805 1804/1804 1806/1806
f 1807/1807 1808/1808 1809/1809
f 1809/1809 1808/1808 1810/1810
f 1811/1811 1807/1807 1809/1809
f 1811/1811 1812/1812 1807/1807
f 1813/1813 1814/1814 1815/1815
f 1815/1815 1814/1814 1816/1816
f 1817/1817 1818/1818 1819/1819
f 1820/1820 1819/1819 1818/1818
f 1821/1821 1819/1819 1820/1820
f 1822/1822 1818/1818 1817/1817
f 1822/1822 1817/1817 1823/1823
f 1823/1823 1817/1817 1824/1824
f 1825/1825 1823/1823 1824/1824
f 1826/1826 1823/1823 1825/1825
f 1827/1827 1828/1828 1829/1829
f 1827/1827 1830/1830 1828/1828
f 1831/1831 1830/1830 1827/1827
f 1831/1831 1832/1832 1830/1830
f 1833/1833 1832/1832 1831/1831
f 1834/1834 1835/1835 1836/1836
f 1837/1837 1836/1836 1835/1835
f 1837/1837 1835/1835 1838/1838
f 1839/1839 1840/1840 1837/1837
f 1841/1841 1842/1842 1843/1843
f 1841/1841 1844/1844 1842/1842
f 1845/1845 1844/1844 1841/1841
f 1846/1846 1843/1843 1842/1842
f 1847/1847 1843/1843 1846/1846
f 1847/1847 1848/1848 1843/1843
f 1849/1849 1850/1850 1851/1851
f 1849/1849 1851/1851 1852/1852
f 1853/1853 1850/1850 1849/1849
f 1852/1852 1854/1854 1849/1849
f 1855/1855 1849/1849 1854/1854
f 1855/1855 1854/1854 1852/1852
f 1853/1853 1849/1849 1855/1855
f 1855/1855 1852/1852 1856/1856
f 1857/1857 1850/1850 1853/1853
f 1855/1855 1857/1857 1853/1853
f 1858/1858 1850/1850 1857/1857
f 1855/1855 1856/1856 1859/1859
f 1858/1858 1859/1859 1856/1856
f 1855/1855 1859/1859 1857/1857
f 1857/1857 1859/1859 1858/1858
f 1860/1860 1861/1861 1862/1862
f 1863/1863 1861/1861 1860/1860
f 1860/1860 1862/1862 1864/1864
f 1865/1865 1866/1866 1867/1867
f 1865/1865 1868/1868 1866/1866
f 1867/1867 1866/1866 1869/1869
f 1867/1867 1869/1869 1870/1870
f 1871/1871 1872/1872 1873/1873
f 1874/1874 1872/1872 1871/1871
f 1875/1875 1874/1874 1871/1871
f 1875/1875 1871/1871 1876/1876
f 1875/1875 1877/1877 1874/1874
f 1878/1878 1877/1877 1875/1875
f 1877/1877 1878/1878 1879/1879
f 1880/1880 1881/1881 1882/1882
f 1880/1880 1883/1883 1881/1881
f 1881/1881 1883/1883 1884/1884
f 1880/1880 1882/1882 1885/1885
f 1886/1886 1885/1885 1882/1882
f 1887/1887 1888/1888 1889/1889
f 1889/1889 1888/1888 1890/1890
f 1888/1888 1887/1887 1891/1891
f 1892/1892 1893/1893 1894/1894
f 1895/1895 1896/1896 1892/1892
f 1894/1894 1897/1897 1898/1898
f 1894/1894 1898/1898 1899/1899
f 1899/1899 1898/1898 1900/1900
f 1899/1899 1901/1901 1902/1902
f 1903/1903 1904/1904 1905/1905
f 1906/1906 1905/1905 1907/1907
f 1905/1905 1908/1908 1909/1909
f 1909/1909 1910/1910 1911/1911
f 1911/1911 1910/1910 1912/1912
f 1903/1903 1911/1911 1913/1913
f 1911/1911 1912/1912 1913/1913
f 1913/1913 1912/1912 1914/1914
f 1913/1913 1914/1914 1915/1915
f 1913/1913 1915/1915 1904/1904
f 1904/1904 1915/1915 1916/1916
f 1916/1916 1917/1917 1904/1904
f 1918/1918 1904/1904 1917/1917
f 1918/1918 1917/1917 1919/1919
f 1918/1918 1919/1919 1920/1920
f 1920/1920 1919/1919 1921/1921
f 1920/1920 1921/1921 1922/1922
f 1922/1922 1923/1923 1920/1920
f 1924/1924 1923/1923 1922/1922
f 1925/1925 1923/1923 1924/1924
f 1925/1925 1926/1926 1923/1923
f 1927/1927 1926/1926 1925/1925
f 1927/1927 1928/1928 1926/1926
f 1929/1929 1928/1928 1927/1927
f 1930/1930 1928/1928 1929/1929
f 1931/1931 1928/1928 1930/1930
f 1932/1932 1931/1931 1930/1930
f 1933/1933 1931/1931 1932/1932
f 1933/1933 1934/1934 1931/1931
f 1935/1935 1934/1934 1933/1933
f 1935/1935 1936/1936 1934/1934
f 1937/1937 1936/1936 1935/1935
f 1938/1938 1936/1936 1937/1937
f 1938/1938 1939/1939 1936/1936
f 1940/1940 1939/1939 1938/1938
f 1940/1940 1941/1941 1939/1939
f 1941/1941 1942/1942 1939/1939
f 1940/1940 1943/1943 1941/1941
f 1942/1942 1944/1944 1936/1936
f 1945/1945 1944/1944 1943/1943
f 1944/1944 1946/1946 1947/1947
f 1948/1948 1949/1949 1950/1950
f 1950/1950 1949/1949 1951/1951
f 1952/1952 1953/1953 1949/1949
f 1954/1954 1953/1953 1952/1952
f 1955/1955 1956/1956 1957/1957
f 1956/1956 1955/1955 1958/1958
f 1956/1956 1958/1958 1959/1959
f 1955/1955 1960/1960 1958/1958
f 1955/1955 1961/1961 1962/1962
f 1963/1963 1961/1961 1955/1955
f 1961/1961 1963/1963 1964/1964
f 1964/1964 1965/1965 1961/1961
f 1963/1963 1966/1966 1964/1964
f 1964/1964 1967/1967 1961/1961
f 1967/1967 1964/1964 1966/1966
f 1967/1967 1966/1966 1968/1968
f 1968/1968 1966/1966 1969/1969
f 1970/1970 1971/1971 1972/1972
f 1973/1973 1971/1971 1970/1970
f 1970/1970 1972/1972 1974/1974
f 1975/1975 1976/1976 1970/1970
f 1974/1974 1977/1977 1978/1978
f 1979/1979 1975/1975 1978/1978
f 1978/1978 1977/1977 1979/1979
f 1972/1972 1980/1980 1981/1981
f 1981/1981 1980/1980 1982/1982
f 1981/1981 1982/1982 1983/1983
f 1984/1984 1981/1981 1983/1983
f 1983/1983 1985/1985 1984/1984
f 1986/1986 1972/1972 1985/1985
f 1987/1987 1985/1985 1983/1983
f 1986/1986 1988/1988 1989/1989
f 1988/1988 1986/1986 1990/1990
f 1991/1991 1990/1990 1985/1985
f 1988/1988 1990/1990 1991/1991
f 1985/1985 1987/1987 1991/1991
f 1987/1987 1988/1988 1991/1991
f 1992/1992 1991/1991 1987/1987
f 1993/1993 1994/1994 1995/1995
f 1996/1996 1993/1993 1995/1995
f 1996/1996 1997/1997 1993/1993
f 1998/1998 1993/1993 1997/1997
f 1996/1996 1999/1999 1997/1997
f 1997/1997 1999/1999 2000/2000
f 1999/1999 2001/2001 2000/2000
f 2002/2002 2001/2001 1999/1999
f 2003/2003 2000/2000 2004/2004
f 2005/2005 2006/2006 2007/2007
f 2008/2008 2005/2005 2007/2007
f 2008/2008 2007/2007 2009/2009
f 2010/2010 2011/2011 2012/2012
f 2012/2012 2011/2011 2013/2013
f 2014/2014 2013/2013 2015/2015
f 2014/2014 2016/2016 2017/2017
f 2017/2017 2016/2016 2018/2018
f 2019/2019 2020/2020 2021/2021
f 2022/2022 2020/2020 2019/2019
f 2023/2023 2020/2020 2022/2022
f 2019/2019 2021/2021 2024/2024
f 2021/2021 2025/2025 2024/2024
f 2026/2026 2027/2027 2028/2028
f 2028/2028 2027/2027 2029/2029
f 2030/2030 2031/2031 2032/2032
f 2033/2033 2031/2031 2030/2030
f 2034/2034 2033/2033 2030/2030
f 2034/2034 2035/2035 2033/2033
f 2032/2032 2031/2031 2036/2036
f 2032/2032 2036/2036 2037/2037
f 2037/2037 2036/2036 2038/2038
f 2038/2038 2036/2036 2039/2039
f 2038/2038 2039/2039 2040/2040
f 2039/2039 2041/2041 2040/2040
f 2042/2042 2041/2041 2039/2039
f 2043/2043 2044/2044 2045/2045
f 2043/2043 2045/2045 2046/2046
f 2046/2046 2045/2045 2047/2047
f 2046/2046 2047/2047 2048/2048
f 2047/2047 2049/2049 2048/2048
f 2049/2049 2047/2047 2050/2050
f 2049/2049 2050/2050 2051/2051
f 2052/2052 2053/2053 2054/2054
f 2053/2053 2055/2055 2054/2054
f 2055/2055 2056/2056 2054/2054
f 2055/2055 2057/2057 2056/2056
f 2053/2053 2052/2052 2058/2058
f 2058/2058 2052/2052 2059/2059
f 2058/2058 2059/2059 2060/2060
f 2060/2060 2059/2059 2061/2061
f 2060/2060 2061/2061 2062/2062
f 2063/2063 2064/2064 2065/2065
f 2066/2066 2064/2064 2063/2063
f 2067/2067 2068/2068 2064/2064
f 2067/2067 2069/2069 2068/2068
f 2070/2070 2071/2071 2072/2072
f 2073/2073 2071/2071 2070/2070
f 2070/2070 2072/2072 2074/2074
f 2074/2074 2075/2075 2076/2076
f 2077/2077 2076/2076 2075/2075
f 2077/2077 2070/2070 2076/2076
f 2070/2070 2077/2077 2078/2078
f 2079/2079 2080/2080 2081/2081
f 2082/2082 2080/2080 2079/2079
f 2081/2081 2083/2083 2079/2079
f 2083/2083 2081/2081 2084/2084
f 2082/2082 2085/2085 2086/2086
f 2087/2087 2086/2086 2085/2085
f 2085/2085 2088/2088 2087/2087
f 2089/2089 2085/2085 2088/2088
f 2090/2090 2091/2091 2092/2092
f 2091/2091 2093/2093 2092/2092
f 2094/2094 2093/2093 2091/2091
f 2095/2095 2096/2096 2097/2097
f 2096/2096 2098/2098 2097/2097
f 2097/2097 2098/2098 2099/2099
f 2100/2100 2101/2101 2102/2102
f 2101/2101 2100/2100 2103/2103
f 2101/2101 2103/2103 2104/2104
f 2104/2104 2103/2103 2105/2105
f 2106/2106 2102/2102 2107/2107
f 2106/2106 2107/2107 2108/2108
f 2108/2108 2107/2107 2109/2109
f 2108/2108 2109/2109 2110/2110
f 2111/2111 2112/2112 2113/2113
f 2113/2113 2112/2112 2114/2114
f 2113/2113 2114/2114 2115/2115
f 2116/2116 2117/2117 2118/2118
f 2116/2116 2119/2119 2117/2117
f 2120/2120 2121/2121 2122/2122
f 2123/2123 2121/2121 2120/2120
f 2121/2121 2123/2123 2124/2124
f 2121/2121 2124/2124 2125/2125
f 2125/2125 2124/2124 2126/2126
f 2122/2122 2127/2127 2128/2128
f 2129/2129 2127/2127 2122/2122
f 2130/2130 2127/2127 2129/2129
f 2130/2130 2131/2131 2129/2129
f 2132/2132 2133/2133 2134/2134
f 2132/2132 2135/2135 2133/2133
f 2135/2135 2132/2132 2136/2136
f 2137/2137 2138/2138 2139/2139
f 2139/2139 2138/2138 2140/2140
f 2141/2141 2142/2142 2137/2137
f 2141/2141 2143/2143 2142/2142
f 2144/2144 2145/2145 2146/2146
f 2146/2146 2145/2145 2147/2147
f 2146/2146 2148/2148 2149/2149
f 2146/2146 2149/2149 2150/2150
f 2150/2150 2149/2149 2151/2151
f 2152/2152 2153/2153 2154/2154
f 2154/2154 2153/2153 2155/2155
f 2156/2156 2154/2154 2155/2155
f 2156/2156 2157/2157 2154/2154
f 2158/2158 2157/2157 2156/2156
f 2159/2159 2160/2160 2161/2161
f 2162/2162 2161/2161 2160/2160
f 2162/2162 2163/2163 2161/2161
f 2164/2164 2165/2165 2166/2166
f 2166/2166 2165/2165 2167/2167
f 2168/2168 2169/2169 2170/2170
f 2171/2171 2169/2169 2168/2168
f 2172/2172 2173/2173 2174/2174
f 2174/2174 2173/2173 2175/2175
f 2176/2176 2173/2173 2172/2172
f 2175/2175 2173/2173 2177/2177
f 2176/2176 2177/2177 2173/2173
f 2178/2178 2179/2179 2180/2180
f 2178/2178 2180/2180 2181/2181
f 2182/2182 2180/2180 2183/2183
f 2184/2184 2180/2180 2182/2182
f 2185/2185 2186/2186 2187/2187
f 2185/2185 2188/2188 2189/2189
f 2188/2188 2190/2190 2191/2191
f 2192/2192 2190/2190 2188/2188
f 2189/2189 2193/2193 2192/2192
f 2192/2192 2193/2193 2190/2190
f 2193/2193 2194/2194 2195/2195
f 2195/2195 2194/2194 2196/2196
f 2197/2197 2198/2198 2199/2199
f 2200/2200 2198/2198 2197/2197
f 2201/2201 2202/2202 2203/2203
f 2201/2201 2203/2203 2204/2204
f 2204/2204 2203/2203 2205/2205
f 2206/2206 2202/2202 2205/2205
f 2206/2206 2205/2205 2207/2207
f 2207/2207 2205/2205 2208/2208
f 2202/2202 2206/2206 2209/2209
f 2202/2202 2209/2209 2210/2210
f 2210/2210 2209/2209 2211/2211
f 2210/2210 2211/2211 2212/2212
f 2213/2213 2214/2214 2215/2215
f 2216/2216 2217/2217 2215/2215
f 2216/2216 2218/2218 2219/2219
f 2219/2219 2218/2218 2220/2220
f 2220/2220 2221/2221 2219/2219
f 2222/2222 2221/2221 2220/2220
f 2222/2222 2223/2223 2221/2221
f 2223/2223 2224/2224 2225/2225
f 2226/2226 2222/2222 2227/2227
f 2228/2228 2224/2224 2227/2227
f 2229/2229 2230/2230 2231/2231
f 2230/2230 2232/2232 2231/2231
f 2232/2232 2233/2233 2231/2231
f 2230/2230 2233/2233 2232/2232
f 2231/2231 2233/2233 2234/2234
f 2233/2233 2230/2230 2234/2234
f 2234/2234 2230/2230 2235/2235
f 2229/2229 2235/2235 2230/2230
f 2236/2236 2234/2234 2235/2235
f 2237/2237 2235/2235 2229/2229
f 2235/2235 2237/2237 2236/2236
f 2237/2237 2229/2229 2238/2238
f 2236/2236 2237/2237 2238/2238
f 2239/2239 2240/2240 2241/2241
f 2242/2242 2240/2240 2239/2239
f 2242/2242 2243/2243 2240/2240
f 2244/2244 2243/2243 2242/2242
f 2245/2245 2243/2243 2244/2244
f 2245/2245 2246/2246 2243/2243
f 2247/2247 2246/2246 2245/2245
f 2248/2248 2249/2249 2250/2250
f 2251/2251 2249/2249 2248/2248
f 2252/2252 2253/2253 2254/2254
f 2252/2252 2255/2255 2253/2253
f 2252/2252 2254/2254 2256/2256
f 2256/2256 2254/2254 2257/2257
f 2258/2258 2259/2259 2260/2260
f 2261/2261 2259/2259 2258/2258
f 2262/2262 2263/2263 2264/2264
f 2264/2264 2263/2263 2265/2265
f 2262/2262 2266/2266 2263/2263
f 2267/2267 2264/2264 2265/2265
f 2268/2268 2266/2266 2262/2262
f 2267/2267 2265/2265 2269/2269
f 2270/2270 2266/2266 2268/2268
f 2270/2270 2271/2271 2266/2266
f 2272/2272 2267/2267 2269/2269
f 2272/2272 2269/2269 2273/2273
f 2272/2272 2273/2273 2274/2274
f 2275/2275 2272/2272 2274/2274
f 2275/2275 2274/2274 2276/2276
f 2277/2277 2275/2275 2276/2276
f 2278/2278 2277/2277 2276/2276
f 2279/2279 2277/2277 2278/2278
f 2280/2280 2279/2279 2278/2278
f 2281/2281 2280/2280 2278/2278
f 2282/2282 2280/2280 2281/2281
f 2282/2282 2283/2283 2280/2280
f 2284/2284 2283/2283 2282/2282
f 2284/2284 2285/2285 2283/2283
f 2286/2286 2285/2285 2284/2284
f 2286/2286 2287/2287 2285/2285
f 2288/2288 2287/2287 2286/2286
f 2288/2288 2289/2289 2287/2287
f 2288/2288 2290/2290 2289/2289
f 2290/2290 2291/2291 2289/2289
f 2290/2290 2292/2292 2291/2291
f 2292/2292 2293/2293 2291/2291
f 2292/2292 2294/2294 2293/2293
f 2294/2294 2295/2295 2293/2293
f 2294/2294 2296/2296 2295/2295
f 2295/2295 2296/2296 2297/2297
f 2297/2297 2296/2296 2270/2270
f 2298/2298 2299/2299 2300/2300
f 2301/2301 2298/2298 2300/2300
f 2300/2300 2299/2299 2302/2302
f 2299/2299 2303/2303 2302/2302
f 2302/2302 2303/2303 2304/2304
f 2305/2305 2306/2306 2301/2301
f 2307/2307 2306/2306 2305/2305
f 2308/2308 2309/2309 2310/2310
f 2310/2310 2309/2309 2311/2311
f 2309/2309 2308/2308 2312/2312
f 2313/2313 2312/2312 2308/2308
f 2309/2309 2312/2312 2314/2314
f 2309/2309 2314/2314 2315/2315
f 2316/2316 2315/2315 2314/2314
f 2316/2316 2317/2317 2308/2308
f 2317/2317 2316/2316 2314/2314
f 2318/2318 2319/2319 2320/2320
f 2321/2321 2318/2318 2320/2320
f 2321/2321 2322/2322 2318/2318
f 2323/2323 2319/2319 2318/2318
f 2323/2323 2324/2324 2319/2319
f 2325/2325 2319/2319 2323/2323
f 2325/2325 2326/2326 2319/2319
f 2327/2327 2328/2328 2329/2329
f 2330/2330 2328/2328 2327/2327
f 2328/2328 2330/2330 2331/2331
f 2328/2328 2331/2331 2332/2332
f 2327/2327 2329/2329 2333/2333
f 2333/2333 2334/2334 2329/2329
f 2333/2333 2329/2329 2335/2335
f 2335/2335 2329/2329 2336/2336
f 2337/2337 2338/2338 2339/2339
f 2340/2340 2341/2341 2337/2337
f 2342/2342 2343/2343 2344/2344
f 2345/2345 2343/2343 2342/2342
f 2346/2346 2347/2347 2348/2348
f 2348/2348 2347/2347 2349/2349
f 2348/2348 2350/2350 2346/2346
f 2348/2348 2351/2351 2350/2350
f 2352/2352 2351/2351 2348/2348
f 2353/2353 2354/2354 2355/2355
f 2353/2353 2356/2356 2354/2354
f 2357/2357 2353/2353 2355/2355
f 2357/2357 2355/2355 2358/2358
f 2359/2359 2353/2353 2357/2357
f 2359/2359 2360/2360 2353/2353
f 2361/2361 2362/2362 2363/2363
f 2363/2363 2362/2362 2364/2364
f 2365/2365 2366/2366 2367/2367
f 2367/2367 2368/2368 2365/2365
f 2366/2366 2369/2369 2367/2367
f 2369/2369 2366/2366 2370/2370
f 2371/2371 2372/2372 2373/2373
f 2374/2374 2371/2371 2373/2373
f 2374/2374 2375/2375 2371/2371
f 2376/2376 2377/2377 2378/2378
f 2376/2376 2378/2378 2379/2379
f 2379/2379 2378/2378 2380/2380
f 2381/2381 2382/2382 2376/2376
f 2381/2381 2383/2383 2382/2382
f 2380/2380 2383/2383 2381/2381
f 2384/2384 2385/2385 2386/2386
f 2384/2384 2386/2386 2387/2387
f 2387/2387 2388/2388 2384/2384
f 2387/2387 2389/2389 2388/2388
f 2384/2384 2390/2390 2391/2391
f 2392/2392 2390/2390 2384/2384
f 2393/2393 2394/2394 2395/2395
f 2395/2395 2394/2394 2396/2396
f 2397/2397 2398/2398 2395/2395
f 2398/2398 2397/2397 2399/2399
f 2398/2398 2399/2399 2400/2400
f 2399/2399 2401/2401 2400/2400
f 2402/2402 2403/2403 2404/2404
f 2405/2405 2406/2406 2402/2402
f 2403/2403 2407/2407 2408/2408
f 2408/2408 2407/2407 2409/2409
f 2410/2410 2411/2411 2412/2412
f 2412/2412 2411/2411 2413/2413
f 2412/2412 2414/2414 2415/2415
f 2412/2412 2416/2416 2414/2414
f 2416/2416 2412/2412 2417/2417
f 2418/2418 2419/2419 2420/2420
f 2421/2421 2422/2422 2423/2423
f 2421/2421 2424/2424 2422/2422
f 2425/2425 2424/2424 2421/2421
f 2426/2426 2427/2427 2428/2428
f 2429/2429 2427/2427 2426/2426
f 2429/2429 2430/2430 2427/2427
f 2431/2431 2430/2430 2429/2429
f 2431/2431 2432/2432 2430/2430
f 2433/2433 2434/2434 2435/2435
f 2436/2436 2434/2434 2433/2433
f 2437/2437 2438/2438 2439/2439
f 2440/2440 2438/2438 2437/2437
f 2440/2440 2437/2437 2441/2441
f 2440/2440 2441/2441 2442/2442
f 2443/2443 2444/2444 2445/2445
f 2445/2445 2444/2444 2446/2446
f 2447/2447 2444/2444 2443/2443
f 2448/2448 2449/2449 2450/2450
f 2451/2451 2452/2452 2453/2453
f 2453/2453 2452/2452 2454/2454
f 2455/2455 2456/2456 2457/2457
f 2455/2455 2457/2457 2458/2458
f 2458/2458 2457/2457 2459/2459
f 2460/2460 2461/2461 2462/2462
f 2460/2460 2462/2462 2463/2463
f 2463/2463 2462/2462 2464/2464
f 2461/2461 2465/2465 2466/2466
f 2461/2461 2467/2467 2465/2465
f 2464/2464 2467/2467 2468/2468
f 2469/2469 2467/2467 2464/2464
f 2470/2470 2471/2471 2472/2472
f 2470/2470 2472/2472 2473/2473
f 2474/2474 2475/2475 2472/2472
f 2471/2471 2476/2476 2477/2477
f 2471/2471 2477/2477 2478/2478
f 2479/2479 2480/2480 2481/2481
f 2482/2482 2480/2480 2479/2479
f 2479/2479 2481/2481 2483/2483
f 2484/2484 2485/2485 2486/2486
f 2484/2484 2487/2487 2485/2485
f 2488/2488 2489/2489 2490/2490
f 2491/2491 2488/2488 2490/2490
f 2489/2489 2488/2488 2492/2492
f 2492/2492 2488/2488 2493/2493
f 2492/2492 2493/2493 2494/2494
f 2495/2495 2494/2494 2493/2493
f 2496/2496 2494/2494 2495/2495
f 2497/2497 2498/2498 2499/2499
f 2497/2497 2499/2499 2500/2500
f 2501/2501 2502/2502 2503/2503
f 2503/2503 2502/2502 2504/2504
f 2505/2505 2506/2506 2501/2501
f 2506/2506 2507/2507 2504/2504
f 2507/2507 2506/2506 2505/2505
f 2508/2508 2509/2509 2510/2510
f 2508/2508 2510/2510 2511/2511
f 2512/2512 2509/2509 2508/2508
f 2509/2509 2513/2513 2508/2508
f 2514/2514 2513/2513 2509/2509
f 2510/2510 2515/2515 2514/2514
f 2514/2514 2515/2515 2513/2513
f 2516/2516 2517/2517 2518/2518
f 2519/2519 2517/2517 2520/2520
f 2521/2521 2519/2519 2520/2520
f 2522/2522 2523/2523 2516/2516
f 2523/2523 2524/2524 2522/2522
f 2525/2525 2526/2526 2527/2527
f 2528/2528 2529/2529 2530/2530
f 2531/2531 2532/2532 2530/2530
f 2533/2533 2532/2532 2531/2531
f 2533/2533 2528/2528 2532/2532
f 2534/2534 2535/2535 2528/2528
f 2528/2528 2535/2535 2536/2536
f 2537/2537 2538/2538 2539/2539
f 2539/2539 2538/2538 2540/2540
f 2539/2539 2541/2541 2537/2537
f 2539/2539 2542/2542 2541/2541
f 2541/2541 2537/2537 2543/2543
f 2543/2543 2537/2537 2544/2544
f 2545/2545 2546/2546 2547/2547
f 2547/2547 2546/2546 2548/2548
f 2547/2547 2548/2548 2549/2549
f 2549/2549 2548/2548 2550/2550
f 2550/2550 2551/2551 2552/2552
f 2552/2552 2551/2551 2553/2553
f 2551/2551 2554/2554 2553/2553
f 2555/2555 2554/2554 2551/2551
f 2553/2553 2554/2554 2556/2556
f 2554/2554 2557/2557 2556/2556
f 2556/2556 2557/2557 2558/2558
f 2557/2557 2559/2559 2558/2558
f 2559/2559 2560/2560 2558/2558
f 2559/2559 2561/2561 2560/2560
f 2561/2561 2562/2562 2560/2560
f 2563/2563 2562/2562 2561/2561
f 2563/2563 2564/2564 2562/2562
f 2565/2565 2564/2564 2563/2563
f 2565/2565 2566/2566 2564/2564
f 2567/2567 2566/2566 2565/2565
f 2567/2567 2568/2568 2566/2566
f 2569/2569 2568/2568 2567/2567
f 2569/2569 2570/2570 2568/2568
f 2571/2571 2570/2570 2569/2569
f 2572/2572 2570/2570 2571/2571
f 2573/2573 2572/2572 2571/2571
f 2574/2574 2572/2572 2573/2573
f 2575/2575 2574/2574 2573/2573
f 2576/2576 2574/2574 2575/2575
f 2577/2577 2576/2576 2575/2575
f 2578/2578 2576/2576 2577/2577
f 2578/2578 2577/2577 2579/2579
f 2578/2578 2579/2579 2545/2545
f 2580/2580 2581/2581 2582/2582
f 2580/2580 2582/2582 2583/2583
f 2583/2583 2582/2582 2584/2584
f 2583/2583 2584/2584 2585/2585
f 2585/2585 2584/2584 2586/2586
f 2585/2585 2586/2586 2587/2587
f 2587/2587 2586/2586 2588/2588
f 2589/2589 2590/2590 2581/2581
f 2591/2591 2590/2590 2589/2589
f 2592/2592 2593/2593 2594/2594
f 2592/2592 2595/2595 2593/2593
f 2596/2596 2597/2597 2598/2598
f 2599/2599 2597/2597 2596/2596
f 2596/2596 2598/2598 2600/2600
f 2601/2601 2598/2598 2597/2597
f 2601/2601 2602/2602 2598/2598
f 2603/2603 2604/2604 2605/2605
f 2606/2606 2604/2604 2603/2603
f 2607/2607 2605/2605 2608/2608
f 2609/2609 2605/2605 2610/2610
f 2610/2610 2605/2605 2604/2604
f 2610/2610 2604/2604 2611/2611
f 2611/2611 2604/2604 2612/2612
f 2612/2612 2604/2604 2613/2613
f 2613/2613 2604/2604 2614/2614
f 2613/2613 2614/2614 2615/2615
f 2615/2615 2614/2614 2616/2616
f 2615/2615 2616/2616 2617/2617
f 2617/2617 2616/2616 2618/2618
f 2617/2617 2618/2618 2619/2619
f 2618/2618 2619/2619 2620/2620
f 2620/2620 2619/2619 2621/2621
f 2622/2622 2618/2618 2620/2620
f 2622/2622 2620/2620 2623/2623
f 2623/2623 2624/2624 2625/2625
f 2625/2625 2624/2624 2626/2626
f 2625/2625 2626/2626 2627/2627
f 2627/2627 2626/2626 2628/2628
f 2627/2627 2628/2628 2629/2629
f 2629/2629 2628/2628 2630/2630
f 2629/2629 2630/2630 2631/2631
f 2631/2631 2630/2630 2632/2632
f 2631/2631 2632/2632 2633/2633
f 2633/2633 2632/2632 2634/2634
f 2633/2633 2634/2634 2635/2635
f 2635/2635 2634/2634 2636/2636
f 2635/2635 2636/2636 2637/2637
f 2637/2637 2636/2636 2638/2638
f 2638/2638 2636/2636 2639/2639
f 2638/2638 2639/2639 2640/2640
f 2640/2640 2639/2639 2641/2641
f 2640/2640 2641/2641 2642/2642
f 2642/2642 2641/2641 2643/2643
f 2644/2644 2645/2645 2646/2646
f 2646/2646 2645/2645 2647/2647
f 2646/2646 2647/2647 2648/2648
f 2649/2649 2650/2650 2651/2651
f 2652/2652 2650/2650 2649/2649
f 2652/2652 2653/2653 2650/2650
f 2653/2653 2654/2654 2651/2651
f 2651/2651 2654/2654 2655/2655
f 2655/2655 2651/2651 2656/2656
f 2655/2655 2656/2656 2657/2657
f 2658/2658 2659/2659 2660/2660
f 2658/2658 2660/2660 2661/2661
f 2659/2659 2662/2662 2660/2660
f 2660/2660 2662/2662 2663/2663
f 2664/2664 2665/2665 2666/2666
f 2664/2664 2667/2667 2665/2665
f 2664/2664 2666/2666 2668/2668
f 2668/2668 2666/2666 2669/2669
f 2669/2669 2666/2666 2670/2670
f 2671/2671 2666/2666 2672/2672
f 2672/2672 2666/2666 2673/2673
f 2674/2674 2675/2675 2676/2676
f 2674/2674 2677/2677 2678/2678
f 2679/2679 2680/2680 2681/2681
f 2679/2679 2682/2682 2680/2680
f 2683/2683 2684/2684 2685/2685
f 2683/2683 2685/2685 2686/2686
f 2686/2686 2685/2685 2687/2687
f 2688/2688 2689/2689 2690/2690
f 2690/2690 2689/2689 2691/2691
f 2692/2692 2693/2693 2694/2694
f 2692/2692 2695/2695 2693/2693
f 2692/2692 2694/2694 2696/2696
f 2692/2692 2696/2696 2697/2697
f 2697/2697 2696/2696 2698/2698
f 2699/2699 2700/2700 2701/2701
f 2702/2702 2700/2700 2699/2699
f 2699/2699 2703/2703 2702/2702
f 2704/2704 2705/2705 2706/2706
f 2704/2704 2707/2707 2705/2705
f 2708/2708 2709/2709 2710/2710
f 2711/2711 2709/2709 2708/2708
f 2711/2711 2712/2712 2709/2709
f 2713/2713 2714/2714 2710/2710
f 2715/2715 2716/2716 2717/2717
f 2718/2718 2716/2716 2715/2715
f 2719/2719 2717/2717 2720/2720
f 2719/2719 2721/2721 2717/2717
f 2722/2722 2721/2721 2719/2719
f 2723/2723 2724/2724 2725/2725
f 2723/2723 2725/2725 2726/2726
f 2727/2727 2728/2728 2729/2729
f 2727/2727 2729/2729 2730/2730
f 2731/2731 2732/2732 2733/2733
f 2734/2734 2731/2731 2733/2733
f 2734/2734 2735/2735 2731/2731
f 2736/2736 2735/2735 2734/2734
f 2737/2737 2738/2738 2739/2739
f 2740/2740 2741/2741 2737/2737
f 2742/2742 2741/2741 2740/2740
f 2742/2742 2743/2743 2741/2741
f 2741/2741 2744/2744 2745/2745
f 2746/2746 2747/2747 2748/2748
f 2746/2746 2749/2749 2747/2747
f 2750/2750 2751/2751 2748/2748
f 2752/2752 2753/2753 2751/2751
f 2754/2754 2753/2753 2752/2752
f 2755/2755 2756/2756 2757/2757
f 2755/2755 2757/2757 2758/2758
f 2759/2759 2757/2757 2760/2760
f 2761/2761 2762/2762 2763/2763
f 2761/2761 2763/2763 2764/2764
f 2765/2765 2763/2763 2762/2762
f 2765/2765 2762/2762 2766/2766
f 2767/2767 2762/2762 2761/2761
f 2768/2768 2769/2769 2761/2761
f 2770/2770 2769/2769 2768/2768
f 2771/2771 2772/2772 2773/2773
f 2771/2771 2774/2774 2772/2772
f 2775/2775 2776/2776 2777/2777
f 2778/2778 2776/2776 2775/2775
f 2779/2779 2780/2780 2781/2781
f 2781/2781 2780/2780 2782/2782
f 2781/2781 2782/2782 2783/2783
f 2784/2784 2785/2785 2786/2786
f 2784/2784 2787/2787 2785/2785
f 2788/2788 2789/2789 2790/2790
f 2790/2790 2789/2789 2791/2791
f 2791/2791 2789/2789 2792/2792
f 2788/2788 2792/2792 2789/2789
f 2793/2793 2792/2792 2788/2788
f 2793/2793 2794/2794 2792/2792
f 2795/2795 2796/2796 2797/2797
f 2798/2798 2797/2797 2799/2799
f 2798/2798 2799/2799 2800/2800
f 2800/2800 2799/2799 2801/2801
f 2802/2802 2800/2800 2801/2801
f 2803/2803 2802/2802 2801/2801
f 2804/2804 2802/2802 2803/2803
f 2805/2805 2806/2806 2807/2807
f 2808/2808 2809/2809 2810/2810
f 2811/2811 2809/2809 2808/2808
f 2811/2811 2812/2812 2809/2809
f 2810/2810 2813/2813 2808/2808
f 2810/2810 2814/2814 2813/2813
f 2815/2815 2814/2814 2810/2810
f 2815/2815 2816/2816 2814/2814
f 2815/2815 2817/2817 2816/2816
f 2818/2818 2819/2819 2812/2812
f 2818/2818 2820/2820 2819/2819
f 2819/2819 2820/2820 2821/2821
f 2822/2822 2823/2823 2817/2817
f 2822/2822 2824/2824 2823/2823
f 2825/2825 2824/2824 2822/2822
f 2825/2825 2826/2826 2824/2824
f 2827/2827 2826/2826 2825/2825
f 2828/2828 2821/2821 2829/2829
f 2828/2828 2829/2829 2830/2830
f 2831/2831 2828/2828 2830/2830
f 2831/2831 2830/2830 2832/2832
f 2832/2832 2833/2833 2831/2831
f 2834/2834 2833/2833 2832/2832
f 2834/2834 2835/2835 2833/2833
f 2836/2836 2837/2837 2838/2838
f 2836/2836 2839/2839 2837/2837
f 2840/2840 2841/2841 2842/2842
f 2842/2842 2841/2841 2843/2843
f 2844/2844 2845/2845 2843/2843
f 2846/2846 2845/2845 2844/2844
f 2847/2847 2844/2844 2843/2843
f 2847/2847 2848/2848 2844/2844
f 2849/2849 2848/2848 2847/2847
f 2849/2849 2850/2850 2848/2848
f 2849/2849 2851/2851 2850/2850
f 2852/2852 2851/2851 2849/2849
f 2853/2853 2854/2854 2855/2855
f 2854/2854 2856/2856 2855/2855
f 2857/2857 2858/2858 2859/2859
f 2860/2860 2858/2858 2857/2857
f 2857/2857 2861/2861 2860/2860
f 2862/2862 2863/2863 2864/2864
f 2862/2862 2865/2865 2866/2866
f 2862/2862 2867/2867 2865/2865
f 2868/2868 2869/2869 2870/2870
f 2871/2871 2869/2869 2868/2868
f 2868/2868 2870/2870 2872/2872
f 2873/2873 2874/2874 2875/2875
f 2876/2876 2875/2875 2877/2877
f 2878/2878 2879/2879 2880/2880
f 2878/2878 2881/2881 2879/2879
f 2880/2880 2879/2879 2882/2882
f 2878/2878 2883/2883 2881/2881
f 2880/2880 2882/2882 2884/2884
f 2885/2885 2883/2883 2878/2878
f 2880/2880 2884/2884 2886/2886
f 2885/2885 2887/2887 2883/2883
f 2880/2880 2886/2886 2888/2888
f 2883/2883 2887/2887 2889/2889
f 2888/2888 2886/2886 2890/2890
f 2889/2889 2887/2887 2891/2891
f 2888/2888 2890/2890 2892/2892
f 2891/2891 2889/2889 2893/2893
f 2888/2888 2892/2892 2894/2894
f 2893/2893 2895/2895 2891/2891
f 2896/2896 2895/2895 2893/2893
f 2893/2893 2897/2897 2896/2896
f 2894/2894 2892/2892 2898/2898
f 2894/2894 2898/2898 2899/2899
f 2900/2900 2899/2899 2898/2898
f 2901/2901 2899/2899 2900/2900
f 2902/2902 2897/2897 2903/2903
f 2903/2903 2904/2904 2902/2902
f 2902/2902 2904/2904 2905/2905
f 2906/2906 2905/2905 2904/2904
f 2906/2906 2907/2907 2905/2905
f 2906/2906 2908/2908 2907/2907
f 2909/2909 2908/2908 2906/2906
f 2909/2909 2910/2910 2908/2908
f 2909/2909 2911/2911 2910/2910
f 2912/2912 2911/2911 2909/2909
f 2912/2912 2913/2913 2911/2911
f 2914/2914 2913/2913 2912/2912
f 2914/2914 2915/2915 2913/2913
f 2913/2913 2915/2915 2916/2916
f 2917/2917 2915/2915 2914/2914
f 2917/2917 2918/2918 2915/2915
f 2915/2915 2918/2918 2919/2919
f 2919/2919 2918/2918 2920/2920
f 2921/2921 2920/2920 2918/2918
f 2921/2921 2922/2922 2920/2920
f 2920/2920 2922/2922 2923/2923
f 2923/2923 2922/2922 2924/2924
f 2925/2925 2926/2926 2927/2927
f 2925/2925 2928/2928 2926/2926
f 2928/2928 2929/2929 2926/2926
f 2926/2926 2929/2929 2930/2930
f 2931/2931 2928/2928 2929/2929
f 2931/2931 2932/2932 2928/2928
f 2933/2933 2934/2934 2935/2935
f 2936/2936 2934/2934 2933/2933
f 2937/2937 2938/2938 2939/2939
f 2939/2939 2938/2938 2940/2940
f 2940/2940 2941/2941 2939/2939
f 2939/2939 2942/2942 2943/2943
f 2944/2944 2945/2945 2946/2946
f 2944/2944 2947/2947 2945/2945
f 2948/2948 2949/2949 2950/2950
f 2950/2950 2951/2951 2948/2948
f 2950/2950 2952/2952 2951/2951
f 2950/2950 2949/2949 2953/2953
f 2948/2948 2953/2953 2954/2954
f 2950/2950 2953/2953 2955/2955
f 2954/2954 2953/2953 2955/2955
f 2956/2956 2957/2957 2958/2958
f 2959/2959 2957/2957 2960/2960
f 2959/2959 2960/2960 2961/2961
f 2962/2962 2963/2963 2964/2964
f 2964/2964 2963/2963 2965/2965
f 2966/2966 2967/2967 2968/2968
f 2969/2969 2970/2970 2971/2971
f 2972/2972 2973/2973 2974/2974
f 2973/2973 2975/2975 2974/2974
f 2976/2976 2977/2977 2978/2978
f 2978/2978 2977/2977 2979/2979
f 2976/2976 2980/2980 2977/2977
f 2981/2981 2980/2980 2976/2976
f 2980/2980 2981/2981 2982/2982
f 2980/2980 2982/2982 2983/2983
f 2983/2983 2982/2982 2984/2984
f 2983/2983 2984/2984 2985/2985
f 2986/2986 2987/2987 2988/2988
f 2988/2988 2987/2987 2989/2989
f 2990/2990 2991/2991 2992/2992
f 2993/2993 2994/2994 2995/2995
f 2994/2994 2993/2993 2996/2996
f 2993/2993 2995/2995 2997/2997
f 2997/2997 2995/2995 2998/2998
f 2999/2999 3000/3000 3001/3001
f 2999/2999 3002/3002 3000/3000
f 3002/3002 3003/3003 3000/3000
f 3004/3004 3005/3005 3006/3006
f 3007/3007 3008/3008 3009/3009
f 3010/3010 3008/3008 3007/3007
f 3011/3011 3012/3012 3013/3013
f 3014/3014 3013/3013 3015/3015
f 3016/3016 3017/3017 3018/3018
f 3018/3018 3017/3017 3019/3019
f 3020/3020 3021/3021 3022/3022
f 3020/3020 3023/3023 3021/3021
f 3024/3024 3023/3023 3020/3020
f 3025/3025 3026/3026 3027/3027
f 3027/3027 3026/3026 3028/3028
f 3029/3029 3030/3030 3031/3031
f 3029/3029 3032/3032 3030/3030
f 3032/3032 3033/3033 3030/3030
f 3030/3030 3033/3033 3034/3034
f 3035/3035 3036/3036 3037/3037
f 3035/3035 3038/3038 3036/3036
f 3038/3038 3039/3039 3036/3036
f 3036/3036 3039/3039 3040/3040
f 3041/3041 3042/3042 3043/3043
f 3042/3042 3041/3041 3044/3044
f 3043/3043 3045/3045 3041/3041
f 3041/3041 3045/3045 3046/3046
f 3047/3047 3048/3048 3049/3049
f 3049/3049 3048/3048 3050/3050
f 3051/3051 3052/3052 3053/3053
f 3051/3051 3053/3053 3054/3054
f 3055/3055 3056/3056 3057/3057
f 3058/3058 3056/3056 3055/3055
f 3055/3055 3057/3057 3059/3059
f 3059/3059 3057/3057 3060/3060
f 3059/3059 3060/3060 3061/3061
f 3061/3061 3060/3060 3062/3062
f 3061/3061 3062/3062 3063/3063
f 3063/3063 3062/3062 3064/3064
f 3065/3065 3066/3066 3067/3067
f 3065/3065 3068/3068 3066/3066
f 3067/3067 3066/3066 3069/3069
f 3067/3067 3069/3069 3070/3070
f 3071/3071 3072/3072 3073/3073
f 3074/3074 3072/3072 3071/3071
f 3074/3074 3075/3075 3072/3072
f 3071/3071 3073/3073 3076/3076
f 3073/3073 3077/3077 3076/3076
f 3078/3078 3077/3077 3073/3073
f 3078/3078 3079/3079 3077/3077
f 3080/3080 3079/3079 3078/3078
f 3081/3081 3082/3082 3083/3083
f 3082/3082 3081/3081 3084/3084
f 3084/3084 3081/3081 3083/3083
f 3085/3085 3086/3086 3087/3087
f 3085/3085 3088/3088 3086/3086
f 3089/3089 3090/3090 3091/3091
f 3091/3091 3090/3090 3092/3092
f 3093/3093 3094/3094 3095/3095
f 3096/3096 3094/3094 3093/3093
f 3097/3097 3098/3098 3099/3099
f 3099/3099 3098/3098 3100/3100
f 3101/3101 3098/3098 3097/3097
f 3102/3102 3103/3103 3101/3101
f 3104/3104 3105/3105 3106/3106
f 3107/3107 3108/3108 3109/3109
f 3110/3110 3107/3107 3109/3109
f 3108/3108 3111/3111 3109/3109
f 3108/3108 3112/3112 3111/3111
f 3113/3113 3114/3114 3115/3115
f 3113/3113 3116/3116 3114/3114
f 3113/3113 3117/3117 3116/3116
f 3118/3118 3117/3117 3113/3113
f 3119/3119 3120/3120 3116/3116
f 3119/3119 3116/3116 3121/3121
f 3122/3122 3123/3123 3124/3124
f 3125/3125 3126/3126 3127/3127
f 3128/3128 3126/3126 3125/3125
f 3129/3129 3130/3130 3131/3131
f 3129/3129 3131/3131 3132/3132
f 3133/3133 3134/3134 3135/3135
f 3136/3136 3137/3137 3138/3138
f 3139/3139 3140/3140 3141/3141
f 3141/3141 3140/3140 3142/3142
f 3143/3143 3144/3144 3145/3145
f 3144/3144 3143/3143 3146/3146
f 3146/3146 3143/3143 3147/3147
f 3145/3145 3144/3144 3148/3148
f 3145/3145 3148/3148 3149/3149
f 3149/3149 3148/3148 3150/3150
f 3151/3151 3152/3152 3153/3153
f 3151/3151 3154/3154 3152/3152
f 3155/3155 3156/3156 3157/3157
f 3158/3158 3159/3159 3160/3160
f 3161/3161 3159/3159 3158/3158
f 3158/3158 3160/3160 3162/3162
f 3163/3163 3164/3164 3165/3165
f 3166/3166 3164/3164 3163/3163
f 3164/3164 3166/3166 3167/3167
f 3166/3166 3168/3168 3167/3167
f 3167/3167 3168/3168 3169/3169
f 3168/3168 3170/3170 3169/3169
f 3171/3171 3172/3172 3173/3173
f 3174/3174 3175/3175 3176/3176
f 3176/3176 3175/3175 3177/3177
f 3174/3174 3178/3178 3175/3175
f 3176/3176 3177/3177 3179/3179
f 3180/3180 3178/3178 3174/3174
f 3179/3179 3177/3177 3181/3181
f 3180/3180 3182/3182 3178/3178
f 3179/3179 3181/3181 3183/3183
f 3180/3180 3184/3184 3182/3182
f 3183/3183 3181/3181 3185/3185
f 3186/3186 3184/3184 3180/3180
f 3183/3183 3185/3185 3187/3187
f 3183/3183 3187/3187 3188/3188
f 3188/3188 3187/3187 3189/3189
f 3190/3190 3184/3184 3186/3186
f 3184/3184 3190/3190 3191/3191
f 3192/3192 3191/3191 3190/3190
f 3192/3192 3193/3193 3191/3191
f 3194/3194 3193/3193 3192/3192
f 3194/3194 3195/3195 3193/3193
f 3196/3196 3195/3195 3194/3194
f 3196/3196 3197/3197 3195/3195
f 3198/3198 3197/3197 3196/3196
f 3198/3198 3199/3199 3197/3197
f 3200/3200 3199/3199 3198/3198
f 3189/3189 3199/3199 3200/3200
f 3201/3201 3202/3202 3203/3203
f 3204/3204 3202/3202 3201/3201
f 3201/3201 3203/3203 3205/3205
f 3206/3206 3202/3202 3204/3204
f 3205/3205 3203/3203 3207/3207
f 3206/3206 3208/3208 3202/3202
f 3207/3207 3203/3203 3209/3209
f 3210/3210 3208/3208 3206/3206
f 3207/3207 3209/3209 3211/3211
f 3210/3210 3212/3212 3208/3208
f 3207/3207 3211/3211 3213/3213
f 3210/3210 3214/3214 3212/3212
f 3213/3213 3211/3211 3215/3215
f 3215/3215 3211/3211 3216/3216
f 3215/3215 3216/3216 3217/3217
f 3218/3218 3214/3214 3210/3210
f 3218/3218 3219/3219 3214/3214
f 3220/3220 3219/3219 3218/3218
f 3220/3220 3221/3221 3219/3219
f 3222/3222 3221/3221 3220/3220
f 3222/3222 3223/3223 3221/3221
f 3224/3224 3223/3223 3222/3222
f 3224/3224 3225/3225 3223/3223
f 3226/3226 3225/3225 3224/3224
f 3226/3226 3227/3227 3225/3225
f 3226/3226 3217/3217 3227/3227
f 3228/3228 3229/3229 3230/3230
f 3231/3231 3230/3230 3229/3229
f 3232/3232 3233/3233 3234/3234
f 3234/3234 3233/3233 3235/3235
f 3236/3236 3237/3237 3238/3238
f 3239/3239 3237/3237 3236/3236
f 3239/3239 3240/3240 3237/3237
f 3241/3241 3240/3240 3239/3239
f 3242/3242 3240/3240 3241/3241
f 3243/3243 3238/3238 3242/3242
f 3244/3244 3245/3245 3246/3246
f 3245/3245 3247/3247 3246/3246
f 3248/3248 3249/3249 3250/3250
f 3251/3251 3248/3248 3250/3250
f 3252/3252 3253/3253 3254/3254
f 3252/3252 3254/3254 3255/3255
f 3256/3256 3257/3257 3258/3258
f 3256/3256 3258/3258 3259/3259
f 3260/3260 3261/3261 3262/3262
f 3262/3262 3263/3263 3260/3260
f 3264/3264 3265/3265 3266/3266
f 3266/3266 3265/3265 3267/3267
f 3268/3268 3269/3269 3270/3270
f 3268/3268 3271/3271 3269/3269
f 3270/3270 3269/3269 3272/3272
f 3270/3270 3272/3272 3273/3273
f 3274/3274 3275/3275 3276/3276
f 3277/3277 3276/3276 3275/3275
f 3278/3278 3275/3275 3274/3274
f 3277/3277 3275/3275 3278/3278
f 3279/3279 3280/3280 3281/3281
f 3281/3281 3280/3280 3282/3282
f 3281/3281 3282/3282 3279/3279
f 3283/3283 3284/3284 3285/3285
f 3286/3286 3287/3287 3288/3288
f 3289/3289 3290/3290 3291/3291
f 3292/3292 3293/3293 797/797
f 3293/3293 3294/3294 797/797
f 3295/3295 3294/3294 3293/3293
f 3293/3293 3292/3292 3296/3296
f 3296/3296 3292/3292 3297/3297
f 3296/3296 3297/3297 3298/3298
f 3298/3298 3297/3297 3299/3299
f 3300/3300 3301/3301 3302/3302
f 3303/3303 3301/3301 3300/3300
f 3303/3303 3301/3301 3304/3304
f 3305/3305 3306/3306 3307/3307
f 3307/3307 3306/3306 3308/3308
f 3309/3309 3310/3310 3311/3311
f 3310/3310 3312/3312 3311/3311
f 3309/3309 3311/3311 3312/3312
f 3313/3313 3314/3314 3315/3315
f 3314/3314 3313/3313 3316/3316
f 3316/3316 3313/3313 3315/3315
f 3317/3317 3318/3318 3319/3319
f 3319/3319 3318/3318 3320/3320
f 3317/3317 3321/3321 3318/3318
f 3322/3322 3321/3321 3317/3317
f 3322/3322 3323/3323 3321/3321
f 3324/3324 3323/3323 3322/3322
f 3324/3324 3325/3325 3323/3323
f 3326/3326 3325/3325 3324/3324
f 3327/3327 3328/3328 3329/3329
f 3329/3329 3328/3328 3330/3330
f 3328/3328 3331/3331 3330/3330
f 3332/3332 3327/3327 3329/3329
f 3333/3333 3327/3327 3332/3332
f 3334/3334 3333/3333 3332/3332
f 3335/3335 3333/3333 3334/3334
f 3336/3336 3335/3335 3334/3334
f 3337/3337 3338/3338 3339/3339
f 3338/3338 3340/3340 3339/3339
f 3339/3339 3340/3340 3341/3341
f 3340/3340 3342/3342 3341/3341
f 3342/3342 3343/3343 3341/3341
f 3344/3344 3343/3343 3342/3342
f 3344/3344 3345/3345 3343/3343
f 3346/3346 3345/3345 3344/3344
f 3347/3347 3348/3348 3349/3349
f 3349/3349 3348/3348 3350/3350
f 3349/3349 3350/3350 3351/3351
f 3351/3351 3350/3350 3352/3352
f 3353/3353 3351/3351 3352/3352
f 3354/3354 3353/3353 3352/3352
f 3355/3355 3353/3353 3354/3354
f 3356/3356 3355/3355 3354/3354
f 3357/3357 3358/3358 3359/3359
f 3360/3360 3357/3357 3359/3359
f 3361/3361 3357/3357 3360/3360
f 3362/3362 3361/3361 3360/3360
f 3361/3361 3362/3362 3363/3363
f 3363/3363 3362/3362 3364/3364
f 3363/3363 3364/3364 3365/3365
f 3365/3365 3364/3364 3366/3366
f 3367/3367 3368/3368 3369/3369
f 3370/3370 3368/3368 3367/3367
f 3370/3370 3371/3371 3368/3368
f 3372/3372 3371/3371 3370/3370
f 3371/3371 3372/3372 3373/3373
f 3372/3372 3374/3374 3373/3373
f 3373/3373 3374/3374 3375/3375
f 3374/3374 3376/3376 3375/3375
f 3377/3377 3378/3378 3379/3379
f 3380/3380 3377/3377 3379/3379
f 3381/3381 3377/3377 3380/3380
f 3382/3382 3381/3381 3380/3380
f 3383/3383 3381/3381 3382/3382
f 3384/3384 3383/3383 3382/3382
f 3385/3385 3383/3383 3384/3384
f 3386/3386 3385/3385 3384/3384
f 3387/3387 3388/3388 3389/3389
f 3390/3390 3388/3388 3387/3387
f 3390/3390 3391/3391 3388/3388
f 3392/3392 3391/3391 3390/3390
f 3392/3392 3393/3393 3391/3391
f 3394/3394 3393/3393 3392/3392
f 3394/3394 3395/3395 3393/3393
f 3396/3396 3395/3395 3394/3394
f 3397/3397 3398/3398 3399/3399
f 3398/3398 3400/3400 3399/3399
f 3401/3401 3402/3402 3403/3403
f 3401/3401 3404/3404 3402/3402
f 3405/3405 3404/3404 3401/3401
f 3406/3406 3407/3407 3408/3408
f 3409/3409 3408/3408 3407/3407
f 3408/3408 3410/3410 3406/3406
f 3408/3408 3409/3409 3410/3410
f 3411/3411 3412/3412 3413/3413
f 3414/3414 3413/3413 3412/3412
f 3411/3411 3414/3414 3412/3412
f 3413/3413 3415/3415 3411/3411
f 3411/3411 3416/3416 3414/3414
f 3416/3416 3411/3411 3415/3415
f 3417/3417 3418/3418 3419/3419
f 3418/3418 3420/3420 3419/3419
f 3419/3419 3420/3420 3421/3421
f 3420/3420 3422/3422 3421/3421
f 3421/3421 3422/3422 3423/3423
f 3423/3423 3424/3424 3425/3425
f 3425/3425 3424/3424 3426/3426
f 3427/3427 3428/3428 3429/3429
f 3429/3429 3428/3428 3430/3430
f 3429/3429 3430/3430 3427/3427
f 3431/3431 3432/3432 3433/3433
f 3431/3431 3433/3433 3434/3434
f 3435/3435 3436/3436 3437/3437
f 3438/3438 3439/3439 3440/3440
f 3441/3441 3439/3439 3438/3438
f 3442/3442 3443/3443 3444/3444
f 3444/3444 3443/3443 3445/3445
f 3446/3446 3447/3447 3448/3448
f 3449/3449 3450/3450 3451/3451
f 3452/3452 3449/3449 3453/3453
f 3454/3454 3455/3455 3456/3456
f 3457/3457 3458/3458 3459/3459
f 3460/3460 3458/3458 3457/3457
f 3461/3461 3462/3462 3463/3463
f 3463/3463 3462/3462 3464/3464
f 3465/3465 3466/3466 3467/3467
f 3468/3468 3469/3469 3470/3470
f 3471/3471 3472/3472 3473/3473
f 3474/3474 3475/3475 3476/3476
f 3477/3477 3475/3475 3474/3474
f 3478/3478 3479/3479 3480/3480
f 3480/3480 3479/3479 3481/3481
f 3482/3482 3483/3483 3484/3484
f 3485/3485 3483/3483 3486/3486
f 3487/3487 3488/3488 3489/3489
f 3490/3490 3488/3488 3487/3487
f 3491/3491 3492/3492 3493/3493
f 3494/3494 3492/3492 3491/3491
f 3495/3495 3496/3496 3497/3497
f 3495/3495 3497/3497 3498/3498
f 3499/3499 3500/3500 3501/3501
f 3502/3502 3500/3500 3499/3499
f 3503/3503 3504/3504 3505/3505
f 3506/3506 3504/3504 3503/3503
f 3503/3503 3507/3507 3505/3505
f 3506/3506 3507/3507 3503/3503
f 3508/3508 3509/3509 3510/3510
f 3508/3508 3509/3509 3511/3511
f 3508/3508 3511/3511 3512/3512
f 3513/3513 3514/3514 3515/3515
f 3516/3516 3517/3517 3518/3518
f 3519/3519 3520/3520 3521/3521
f 3519/3519 3521/3521 3522/3522
f 3523/3523 3524/3524 3525/3525
f 3526/3526 3527/3527 3528/3528
f 3529/3529 3530/3530 3531/3531
f 3532/3532 3533/3533 3534/3534
f 3535/3535 3534/3534 3536/3536
f 3537/3537 3538/3538 3539/3539
f 3539/3539 3538/3538 3540/3540
f 3541/3541 3542/3542 3543/3543
f 3543/3543 3542/3542 3544/3544
f 3545/3545 3546/3546 3547/3547
f 3548/3548 3547/3547 3549/3549
f 3550/3550 3551/3551 3552/3552
f 3552/3552 3550/3550 3553/3553
f 3554/3554 3555/3555 3556/3556
f 3557/3557 3555/3555 3554/3554
f 3557/3557 3558/3558 3555/3555
f 3559/3559 3558/3558 3557/3557
f 3554/3554 3556/3556 3560/3560
f 3560/3560 3556/3556 3561/3561
f 3560/3560 3561/3561 3562/3562
f 3562/3562 3561/3561 3563/3563
f 3564/3564 3565/3565 3566/3566
f 3566/3566 3565/3565 3567/3567
f 3568/3568 3564/3564 3566/3566
f 3569/3569 3564/3564 3568/3568
f 3570/3570 3569/3569 3568/3568
f 3565/3565 3571/3571 3567/3567
f 3567/3567 3571/3571 3572/3572
f 3571/3571 3573/3573 3572/3572
f 3574/3574 3575/3575 3576/3576
f 3577/3577 3575/3575 3574/3574
f 3577/3577 3578/3578 3575/3575
f 3579/3579 3578/3578 3577/3577
f 3579/3579 3580/3580 3578/3578
f 3581/3581 3580/3580 3579/3579
f 3580/3580 3581/3581 3582/3582
f 3581/3581 3583/3583 3582/3582
f 3584/3584 3585/3585 3586/3586
f 3587/3587 3584/3584 3586/3586
f 3588/3588 3584/3584 3587/3587
f 3589/3589 3588/3588 3587/3587
f 3588/3588 3589/3589 3590/3590
f 3590/3590 3589/3589 3591/3591
f 3590/3590 3591/3591 3592/3592
f 3592/3592 3591/3591 3593/3593
f 3594/3594 3595/3595 3596/3596
f 3595/3595 3597/3597 3596/3596
f 3596/3596 3597/3597 3598/3598
f 3597/3597 3599/3599 3598/3598
f 3599/3599 3600/3600 3598/3598
f 3601/3601 3600/3600 3599/3599
f 3601/3601 3602/3602 3600/3600
f 3603/3603 3602/3602 3601/3601
f 3604/3604 3605/3605 3606/3606
f 3606/3606 3605/3605 3607/3607
f 3608/3608 3606/3606 3607/3607
f 3609/3609 3608/3608 3607/3607
f 3610/3610 3608/3608 3609/3609
f 3611/3611 3610/3610 3609/3609
f 3612/3612 3610/3610 3611/3611
f 3613/3613 3612/3612 3611/3611
f 3614/3614 3615/3615 3616/3616
f 3617/3617 3614/3614 3616/3616
f 3618/3618 3614/3614 3617/3617
f 3619/3619 3618/3618 3617/3617
f 3620/3620 3618/3618 3619/3619
f 3621/3621 3620/3620 3619/3619
f 3622/3622 3620/3620 3621/3621
f 3623/3623 3622/3622 3621/3621
f 3624/3624 3625/3625 3626/3626
f 3627/3627 3625/3625 3624/3624
f 3627/3627 3628/3628 3625/3625
f 3629/3629 3628/3628 3627/3627
f 3629/3629 3630/3630 3628/3628
f 3631/3631 3630/3630 3629/3629
f 3631/3631 3632/3632 3630/3630
f 3633/3633 3632/3632 3631/3631
f 3634/3634 3635/3635 3636/3636
f 3637/3637 3638/3638 3639/3639
f 3640/3640 3641/3641 3642/3642
f 3643/3643 3644/3644 3645/3645
f 3646/3646 3647/3647 3648/3648
f 3648/3648 3647/3647 3649/3649
f 3650/3650 3651/3651 3652/3652
f 3650/3650 3653/3653 3651/3651
f 3654/3654 3655/3655 3656/3656
f 3654/3654 3657/3657 3655/3655
f 3658/3658 3659/3659 3660/3660
f 3658/3658 3661/3661 3659/3659
f 3662/3662 3663/3663 3664/3664
f 3665/3665 3666/3666 3667/3667
f 3668/3668 3666/3666 3665/3665
f 3669/3669 3670/3670 3671/3671
f 3669/3669 3671/3671 3672/3672
f 3673/3673 3674/3674 3675/3675
f 3675/3675 3674/3674 3676/3676
f 3677/3677 3678/3678 3679/3679
f 3679/3679 3678/3678 3680/3680
f 3681/3681 3682/3682 3683/3683
f 3684/3684 3682/3682 3681/3681
f 3681/3681 3683/3683 3685/3685
f 3686/3686 3687/3687 3688/3688
f 3689/3689 3687/3687 3690/3690
f 3691/3691 3690/3690 3692/3692
f 3693/3693 3694/3694 3695/3695
f 3696/3696 3697/3697 3698/3698
f 3699/3699 3700/3700 3701/3701
f 3702/3702 3703/3703 3700/3700
f 3704/3704 3701/3701 3705/3705
f 3706/3706 3707/3707 3708/3708
f 3706/3706 3708/3708 3709/3709
