# Perseverance visual mesh from JPL ops GLTF
mtllib rover.mtl
usemtl rover
v -0.030473 0.045878 -0.158680
v -0.021691 0.051361 -0.099008
v -0.017564 0.052690 -0.158863
v -0.034224 0.043455 -0.099153
v -0.043821 0.034257 -0.158828
v -0.005419 0.055018 -0.099170
v -0.003324 0.055072 -0.158748
v 0.004323 0.054982 -0.099193
v 0.018198 0.052102 -0.099251
v 0.011686 0.053886 -0.158782
v 0.020034 0.051210 -0.158430
v 0.027912 0.047938 -0.158801
v 0.026987 0.048510 -0.099183
v 0.033200 0.042248 -0.152525
v 0.030706 0.044176 -0.152656
v 0.039099 0.039113 -0.158752
v 0.034418 0.040984 -0.149677
v 0.030723 0.045644 -0.139123
v 0.030723 0.045644 -0.149840
v 0.030314 0.045066 -0.118693
v 0.030723 0.045644 -0.138819
v 0.030723 0.045644 -0.118457
v 0.030723 0.045644 -0.108124
v 0.029725 0.044706 -0.106359
v 0.032370 0.043175 -0.105147
v 0.032603 0.044472 -0.099192
v 0.039333 0.039335 -0.098155
v 0.034371 0.041351 -0.107178
v 0.037931 0.037943 -0.159668
v 0.037753 0.037770 -0.098590
v 0.041386 0.034321 -0.138055
v 0.043163 0.032863 -0.136883
v 0.044321 0.032368 -0.121174
v 0.041068 0.034435 -0.118972
v 0.034375 0.041267 -0.118131
v 0.031243 0.043927 -0.111264
v 0.031480 0.043975 -0.121480
v 0.034334 0.041465 -0.138044
v 0.033577 0.041390 -0.141482
v 0.032256 0.043138 -0.136195
v 0.030047 0.044612 -0.137080
v 0.033131 0.043787 -0.141599
v 0.032580 0.043069 -0.146882
v 0.030643 0.044075 -0.142008
v -0.043821 0.034257 -0.158828
v -0.045342 0.031760 -0.099157
v -0.034224 0.043455 -0.099153
v -0.051650 0.020569 -0.158875
v -0.051072 0.020834 -0.099276
v -0.054381 0.009889 -0.099185
v -0.055071 0.005295 -0.158835
v -0.055382 -0.006289 -0.099061
v -0.054215 -0.009907 -0.158735
v -0.050536 -0.023517 -0.099147
v -0.046140 -0.030344 -0.158385
v -0.045997 -0.030468 -0.099610
v -0.044456 -0.032760 -0.099197
v -0.043254 -0.032202 -0.104947
v -0.044770 -0.029779 -0.106332
v -0.039434 -0.039407 -0.098112
v -0.041422 -0.034441 -0.107147
v -0.045696 -0.030807 -0.150083
v -0.045687 -0.030818 -0.139002
v -0.045388 -0.030224 -0.118236
v -0.044659 -0.031399 -0.110315
v -0.044279 -0.032614 -0.121198
v -0.043850 -0.033183 -0.136949
v -0.042822 -0.032987 -0.115880
v -0.041035 -0.034466 -0.118765
v -0.044053 -0.030102 -0.136542
v -0.041447 -0.034156 -0.137678
v -0.041254 -0.034563 -0.149607
v -0.043023 -0.032928 -0.141937
v -0.042797 -0.032936 -0.146861
v -0.038942 -0.038927 -0.158729
v -0.038034 -0.038016 -0.159660
v -0.042850 -0.033018 -0.152398
v -0.041650 -0.041636 -0.160198
v -0.033196 -0.043856 -0.141604
v -0.034364 -0.041378 -0.137962
v -0.051136 -0.030728 -0.159427
v -0.042735 -0.042718 -0.173818
v -0.053535 -0.028338 -0.173915
v -0.058228 -0.015224 -0.160290
v -0.059831 -0.009077 -0.174038
v -0.059560 0.005747 -0.159598
v -0.059397 0.010377 -0.173885
v -0.054918 0.026006 -0.174068
v -0.056214 0.020153 -0.159588
v -0.049035 0.036027 -0.174069
v -0.045637 0.039126 -0.160214
v -0.037012 0.048288 -0.174073
v -0.042043 -0.042028 -0.175376
v -0.078861 -0.078848 -0.175296
v -0.062046 -0.062032 -0.174073
v 0.015755 -0.000195 -0.071491
v 0.013956 -0.010789 -0.072778
v -0.000367 -0.004934 -0.071491
v 0.004554 -0.001613 -0.071491
v 0.012772 0.009577 -0.071375
v 0.017078 0.004776 -0.071491
v 0.013906 0.010770 -0.071445
v 0.013609 0.010847 -0.071244
v 0.002833 0.004260 -0.071491
v 0.010049 0.010614 -0.071346
v -0.002439 0.004171 -0.071491
v 0.003614 0.017262 -0.073235
v 0.011006 0.013537 -0.071405
v -0.005471 0.016701 -0.072983
v -0.016090 -0.000124 -0.071491
v -0.004957 -0.000173 -0.072854
v -0.008702 0.021450 -0.074998
v -0.008065 -0.015756 -0.071491
v -0.015169 -0.009113 -0.071491
v -0.002599 -0.017366 -0.072986
v -0.012007 0.012774 -0.073519
v -0.016160 0.007153 -0.073707
v 0.005500 -0.016847 -0.073700
v -0.000362 -0.022970 -0.074998
v -0.013197 -0.011845 -0.074998
v 0.019491 -0.025809 -0.074998
v -0.019554 0.014890 -0.074998
v 0.003940 -0.026797 -0.074998
v -0.014517 -0.026645 -0.074998
v -0.004130 -0.027756 -0.074998
v -0.017482 -0.002576 -0.074998
v -0.016565 0.027546 -0.074998
v -0.024503 0.026574 -0.074998
v -0.015216 0.031514 -0.074998
v -0.024476 0.018304 -0.074998
v -0.031288 0.018007 -0.074998
v -0.027827 0.013380 -0.074998
v -0.013323 0.028567 -0.074998
v -0.002860 0.035952 -0.074998
v -0.030682 0.001680 -0.074998
v -0.035107 0.008749 -0.074998
v -0.023025 0.009863 -0.074998
v -0.035376 -0.007523 -0.074998
v -0.024308 0.001938 -0.074998
v -0.026703 -0.003561 -0.074998
v -0.024476 -0.009235 -0.074998
v -0.027828 -0.014151 -0.074998
v -0.019554 -0.012650 -0.074998
v -0.029727 -0.020870 -0.074998
v -0.023052 -0.017688 -0.074998
v -0.021434 -0.028184 -0.074998
v -0.019361 -0.026842 -0.074998
v -0.015219 -0.029539 -0.074998
v -0.013917 -0.033503 -0.074061
v 0.000312 -0.032179 -0.074998
v 0.002689 -0.036027 -0.074998
v 0.014894 -0.027845 -0.074998
v 0.014802 -0.031491 -0.074998
v 0.019291 -0.029237 -0.074997
v 0.021046 -0.027433 -0.074998
v 0.021046 -0.029086 -0.074998
v 0.021046 -0.026883 -0.074998
v 0.028403 -0.022149 -0.074998
v 0.024207 -0.018318 -0.074998
v 0.027532 -0.012886 -0.074998
v 0.019503 -0.014953 -0.074998
v 0.034983 -0.009307 -0.074096
v 0.017615 -0.001720 -0.074998
v 0.021844 -0.009719 -0.074998
v 0.019503 0.012587 -0.074998
v 0.014561 0.009594 -0.074943
v 0.030667 -0.001672 -0.074998
v 0.021843 0.017821 -0.074998
v 0.012635 0.013070 -0.074873
v 0.024207 0.009222 -0.074998
v 0.024277 -0.002034 -0.074998
v 0.026554 0.003473 -0.074998
v 0.035373 0.007818 -0.074998
v 0.027556 0.014515 -0.074998
v 0.028905 0.021415 -0.073610
v 0.020766 0.029263 -0.074998
v 0.015310 0.029901 -0.074997
v 0.011734 0.034116 -0.074998
v 0.014147 0.027253 -0.074998
v 0.004067 0.027744 -0.074998
v 0.000312 0.022900 -0.074998
v -0.000362 0.032110 -0.074998
v -0.004042 0.026951 -0.074998
v 0.039761 0.024824 -0.071244
v 0.034267 0.011122 -0.071244
v 0.016788 0.031982 -0.071245
v 0.035933 -0.000031 -0.071242
v 0.040623 0.030623 -0.071244
v 0.044965 0.027287 -0.071244
v 0.036310 0.048457 -0.070372
v 0.040024 0.015662 -0.071244
v 0.044291 0.033077 -0.071244
v 0.050143 0.028650 -0.071244
v 0.007549 0.035082 -0.071244
v 0.040434 0.010269 -0.071244
v 0.045539 0.012294 -0.071244
v 0.042704 0.006635 -0.071244
v 0.046391 0.038931 -0.070162
v 0.049733 0.009344 -0.069822
v 0.055485 0.023246 -0.069138
v 0.055426 0.036750 -0.068504
v 0.046111 0.048025 -0.068504
v 0.063694 0.019172 -0.068504
v 0.032860 0.057869 -0.068504
v 0.060581 0.004448 -0.068504
v 0.066493 0.002585 -0.068504
v 0.065470 -0.011747 -0.068504
v 0.059774 -0.010270 -0.070215
v 0.028207 0.053533 -0.068504
v 0.015157 0.058684 -0.070142
v 0.019944 0.063448 -0.068504
v -0.004182 0.035824 -0.071244
v 0.003418 0.066534 -0.068504
v -0.014761 0.032878 -0.071244
v -0.001494 0.060436 -0.069552
v -0.016620 0.064544 -0.068504
v -0.016978 0.058142 -0.069395
v -0.029635 0.059592 -0.068504
v -0.032361 0.051372 -0.070166
v -0.044299 0.049909 -0.068504
v -0.041405 0.029737 -0.071244
v -0.025433 0.025721 -0.071244
v -0.043683 0.041967 -0.069666
v -0.033513 0.013905 -0.071244
v -0.056052 0.035805 -0.068504
v -0.042869 0.034258 -0.071244
v -0.053109 0.029314 -0.068511
v -0.062688 0.022689 -0.068504
v -0.051962 0.029543 -0.071244
v -0.045484 0.030881 -0.071244
v -0.047601 0.027471 -0.071244
v -0.040001 0.024857 -0.071244
v -0.039893 0.016020 -0.071244
v -0.058143 0.017441 -0.069662
v -0.057523 0.010677 -0.071244
v -0.066510 0.005061 -0.068504
v -0.036013 -0.000698 -0.071244
v -0.060667 0.003233 -0.070032
v -0.065021 -0.015216 -0.068504
v -0.056904 0.005890 -0.071244
v -0.059383 -0.012287 -0.070354
v -0.049756 0.009379 -0.070432
v -0.055086 -0.025602 -0.069685
v -0.057786 -0.033470 -0.068504
v -0.046988 -0.038449 -0.069874
v -0.045811 -0.048466 -0.068513
v -0.036468 -0.048480 -0.070421
v -0.029852 -0.059781 -0.068504
v -0.032977 -0.015211 -0.071244
v -0.024864 -0.026248 -0.071240
v -0.014557 -0.059057 -0.069549
v -0.016072 -0.067780 -0.067260
v -0.002860 -0.036015 -0.071244
v -0.024016 -0.052255 -0.071244
v -0.023575 -0.055799 -0.071244
v -0.013648 -0.054694 -0.071244
v -0.000410 -0.056177 -0.071245
v 0.023957 -0.052361 -0.071244
v 0.013593 -0.054682 -0.071244
v 0.014570 -0.058996 -0.069955
v 0.036537 -0.048527 -0.070436
v 0.012440 -0.034012 -0.071243
v 0.021046 -0.029086 -0.071244
v 0.029199 -0.021085 -0.071244
v 0.023525 -0.055799 -0.068504
v 0.031370 -0.058989 -0.068504
v 0.015904 -0.067001 -0.067651
v 0.046210 -0.047897 -0.068504
v 0.046662 -0.038449 -0.070160
v 0.058895 -0.031435 -0.068504
v 0.054837 -0.026075 -0.070032
v 0.052129 0.001422 -0.071244
v 0.053861 0.005127 -0.071244
v 0.058745 0.009883 -0.071244
v 0.003452 -0.020862 -0.066997
v 0.016129 -0.014038 -0.066997
v -0.004229 -0.005917 -0.066997
v -0.002792 -0.020314 -0.066997
v 0.007435 -0.025707 -0.066997
v -0.016733 -0.014986 -0.066997
v -0.007610 -0.026419 -0.066997
v 0.004727 -0.006107 -0.066997
v 0.014099 -0.027527 -0.066997
v 0.014435 -0.002648 -0.066997
v 0.004092 -0.033318 -0.066997
v 0.019847 -0.019651 -0.066997
v 0.018827 -0.008084 -0.066997
v 0.019837 -0.026637 -0.066997
v 0.014435 0.002585 -0.066997
v 0.015764 -0.029691 -0.066997
v 0.045012 -0.041267 -0.066997
v 0.029351 -0.019294 -0.066997
v 0.007074 0.001492 -0.066997
v 0.056718 -0.033858 -0.066998
v 0.030274 -0.010523 -0.066997
v 0.056010 -0.005134 -0.066997
v 0.047051 0.000298 -0.066997
v 0.036119 0.002547 -0.066997
v 0.029997 -0.002610 -0.066997
v 0.024572 -0.004910 -0.066997
v 0.029566 0.003781 -0.066997
v 0.029351 0.008245 -0.066997
v 0.024318 0.002040 -0.066997
v 0.030546 0.016295 -0.066997
v 0.035093 0.039213 -0.066997
v 0.021337 0.007052 -0.066997
v 0.023398 0.021549 -0.066997
v 0.015834 -0.000116 -0.066997
v 0.014435 -0.000169 -0.066997
v 0.015755 -0.000195 -0.071491
v 0.014435 0.000106 -0.066997
v 0.013108 0.010124 -0.067115
v 0.016759 0.015119 -0.066997
v 0.010196 0.010403 -0.067117
v -0.000512 0.007168 -0.066997
v 0.011445 0.013268 -0.067130
v -0.000293 0.020272 -0.066997
v -0.018084 0.009088 -0.066997
v 0.006981 0.026137 -0.066997
v -0.007485 0.001833 -0.066997
v 0.015933 0.028035 -0.066997
v 0.013466 0.029065 -0.066997
v 0.002072 0.034449 -0.066997
v 0.014966 0.065874 -0.066997
v -0.001047 0.067642 -0.066997
v 0.023242 0.063354 -0.066998
v -0.016219 0.065598 -0.066998
v 0.035539 0.059155 -0.066997
v 0.041538 0.059731 -0.066997
v 0.040404 0.063079 -0.066997
v 0.043344 0.054277 -0.066997
v 0.045366 0.059780 -0.066997
v 0.044019 0.064314 -0.066997
v 0.047113 0.039180 -0.066997
v 0.052773 0.043082 -0.066997
v 0.060576 0.043687 -0.066997
v 0.057334 0.045162 -0.066997
v 0.061767 0.046900 -0.066997
v 0.064876 0.042957 -0.066997
v 0.061992 0.040197 -0.066997
v 0.059378 0.036106 -0.066997
v 0.063921 0.020851 -0.066997
v 0.060838 0.018589 -0.066997
v 0.059057 0.016905 -0.066997
v 0.059808 0.014021 -0.066997
v 0.059057 0.015528 -0.066997
v 0.065951 0.013878 -0.066997
v 0.016863 0.050630 -0.159410
v 0.009623 0.053384 -0.097298
v -0.000809 0.053537 -0.098363
v -0.015998 0.051426 -0.097871
v -0.003733 0.053665 -0.159797
v -0.020618 0.049328 -0.159817
v -0.036934 0.039416 -0.097880
v -0.038016 0.037738 -0.159745
v 0.029725 0.044706 -0.106359
v 0.028132 0.045624 -0.097828
v 0.032370 0.043175 -0.105147
v 0.028698 0.045094 -0.109405
v 0.031243 0.043927 -0.111264
v 0.031581 0.042939 -0.115362
v 0.028756 0.045006 -0.119277
v 0.034371 0.041351 -0.107178
v 0.037753 0.037770 -0.098590
v 0.032353 0.043798 -0.116255
v 0.030314 0.045066 -0.118693
v 0.031480 0.043975 -0.121480
v 0.030047 0.044612 -0.137080
v 0.033603 0.041391 -0.110547
v 0.034375 0.041267 -0.118131
v 0.028600 0.045138 -0.140190
v 0.030643 0.044075 -0.142008
v 0.032256 0.043138 -0.136195
v 0.033539 0.041400 -0.120957
v 0.034334 0.041465 -0.138044
v 0.028544 0.045125 -0.149784
v 0.031229 0.043180 -0.159812
v 0.030138 0.044086 -0.147336
v 0.030706 0.044176 -0.152656
v 0.033200 0.042248 -0.152525
v 0.033577 0.041390 -0.141482
v 0.037931 0.037943 -0.159668
v 0.034418 0.040984 -0.149677
v 0.039333 0.039335 -0.098155
v 0.032580 0.043069 -0.146882
v 0.030723 0.045644 -0.139123
v 0.030723 0.045644 -0.148848
v 0.041343 0.034388 -0.149923
v 0.041526 0.033711 -0.141337
v 0.042678 0.033012 -0.147195
v 0.041298 0.034335 -0.107144
v 0.041171 0.033788 -0.110578
v 0.043156 0.031103 -0.098439
v 0.043203 0.032402 -0.105231
v 0.044007 0.031136 -0.111103
v 0.042971 0.032792 -0.115908
v 0.041068 0.034435 -0.118972
v 0.041938 0.033025 -0.121695
v 0.044321 0.032368 -0.121174
v 0.041386 0.034321 -0.138055
v 0.043163 0.032863 -0.136883
v -0.053946 -0.004042 -0.159781
v -0.051367 -0.016113 -0.098060
v -0.045996 -0.027166 -0.158974
v -0.054002 0.009069 -0.097306
v -0.050652 0.017695 -0.098273
v -0.036934 0.039416 -0.097880
v -0.050220 0.019559 -0.159792
v -0.038016 0.037738 -0.159745
v -0.038034 -0.038016 -0.159660
v -0.050305 -0.023620 -0.160934
v -0.034448 -0.041051 -0.150736
v -0.033775 -0.041486 -0.147712
v -0.030773 -0.044040 -0.142153
v -0.031381 -0.044095 -0.146950
v -0.033731 -0.041384 -0.141364
v -0.033196 -0.043856 -0.141604
v -0.042850 -0.033018 -0.152398
v -0.041254 -0.034563 -0.149607
v -0.043855 -0.030823 -0.152798
v -0.045696 -0.030807 -0.150083
v -0.045051 -0.028896 -0.149972
v -0.044094 -0.030362 -0.147089
v -0.042797 -0.032936 -0.146861
v -0.043703 -0.030635 -0.142418
v -0.043023 -0.032928 -0.141937
v -0.045687 -0.030818 -0.139002
v -0.045324 -0.028718 -0.140139
v -0.044053 -0.030102 -0.136542
v -0.043850 -0.033183 -0.136949
v -0.044159 -0.030173 -0.121385
v -0.042020 -0.033077 -0.121695
v -0.041447 -0.034156 -0.137678
v -0.044279 -0.032614 -0.121198
v -0.045388 -0.030224 -0.118236
v -0.041035 -0.034466 -0.118765
v -0.037839 -0.037827 -0.098580
v -0.040790 -0.034411 -0.109917
v -0.044084 -0.030078 -0.115513
v -0.042822 -0.032987 -0.115880
v -0.042969 -0.031567 -0.111992
v -0.041422 -0.034441 -0.107147
v -0.045286 -0.028791 -0.109306
v -0.044659 -0.031399 -0.110315
v -0.044770 -0.029779 -0.106332
v -0.045997 -0.030468 -0.099610
v -0.043233 -0.031050 -0.098401
v -0.043254 -0.032202 -0.104947
v -0.040539 -0.034470 -0.140596
v -0.038942 -0.038927 -0.158729
v -0.041650 -0.041636 -0.160198
v -0.034512 -0.040814 -0.106399
v -0.033594 -0.041506 -0.110600
v -0.034338 -0.042501 -0.108639
v -0.032038 -0.042861 -0.104945
v -0.031965 -0.044864 -0.106233
v -0.031131 -0.043966 -0.111232
v -0.030378 -0.043796 -0.115315
v -0.029047 -0.044914 -0.107840
v -0.029417 -0.045033 -0.118487
v -0.052030 -0.028122 -0.175193
v -0.042043 -0.042028 -0.175376
v -0.042735 -0.042718 -0.173818
v -0.078861 -0.078848 -0.175296
v -0.046602 -0.034147 -0.161099
v -0.056740 -0.011895 -0.161416
v -0.059273 -0.002914 -0.175446
v -0.057854 0.001114 -0.161282
v -0.054568 0.022798 -0.174876
v -0.056501 0.012103 -0.161192
v -0.047694 0.033015 -0.161389
v -0.041071 0.042195 -0.175025
v -0.036186 0.045474 -0.161380
v 0.110331 0.007902 -0.216317
v 0.106536 0.030198 -0.176071
v 0.106902 0.033188 -0.216317
v 0.110235 -0.001396 -0.176087
v 0.109782 -0.015788 -0.216318
v 0.108830 -0.016977 -0.175916
v 0.101140 -0.045383 -0.216317
v 0.100796 -0.044851 -0.176013
v 0.090016 -0.063773 -0.175955
v 0.088605 -0.066155 -0.216317
v 0.081620 -0.074138 -0.176008
v 0.071012 -0.085242 -0.216317
v 0.097010 0.052939 -0.216317
v 0.091449 0.062707 -0.176276
v 0.088605 0.066418 -0.216317
v 0.086269 0.070861 -0.209513
v 0.084797 0.072263 -0.205918
v 0.086274 0.070998 -0.188756
v 0.084496 0.071668 -0.212643
v 0.083341 0.074187 -0.212064
v 0.078139 0.078153 -0.216317
v 0.082000 0.075562 -0.189348
v 0.082714 0.074043 -0.192445
v 0.084501 0.071830 -0.185402
v 0.083093 0.074424 -0.186110
v 0.078187 0.078201 -0.175242
v 0.075460 0.082025 -0.189766
v 0.074073 0.082754 -0.185564
v 0.073721 0.084628 -0.186666
v 0.071265 0.084951 -0.185663
v 0.074179 0.083383 -0.212112
v 0.075484 0.081822 -0.208651
v 0.072475 0.084337 -0.192257
v 0.074100 0.083625 -0.205856
v 0.042470 0.042485 -0.173784
v 0.041808 0.041821 -0.175180
v 0.041532 0.041545 -0.160734
v 0.011279 0.057995 -0.175179
v 0.029766 0.050179 -0.174260
v 0.052030 0.028026 -0.175288
v 0.046552 0.034072 -0.161143
v 0.054324 0.019547 -0.161162
v 0.058096 0.006277 -0.174034
v 0.057869 0.003365 -0.161316
v 0.059419 -0.004059 -0.175328
v 0.057493 -0.005649 -0.161170
v 0.052964 -0.023614 -0.161371
v 0.052470 -0.026450 -0.174944
v 0.041051 -0.042497 -0.175569
v 0.035865 -0.045694 -0.161339
v 0.050759 0.016680 -0.159521
v 0.044241 0.029489 -0.159141
v 0.045032 0.028514 -0.149279
v 0.044192 0.030216 -0.152666
v 0.043112 0.032539 -0.152602
v 0.045614 0.030754 -0.150095
v 0.037931 0.037943 -0.159668
v 0.041343 0.034388 -0.149923
v 0.043788 0.030635 -0.146638
v 0.042678 0.033012 -0.147195
v 0.043848 0.031298 -0.142387
v 0.041526 0.033711 -0.141337
v 0.045197 0.029735 -0.139969
v 0.037753 0.037770 -0.098590
v 0.039099 0.039113 -0.158752
v 0.039333 0.039335 -0.098155
v 0.034418 0.040984 -0.149677
v 0.033577 0.041390 -0.141482
v 0.032580 0.043069 -0.146882
v 0.034334 0.041465 -0.138044
v 0.033131 0.043787 -0.141599
v 0.049419 0.025200 -0.158817
v 0.045630 0.030738 -0.139123
v 0.044321 0.032368 -0.121174
v 0.043961 0.030494 -0.121702
v 0.045630 0.030738 -0.119673
v 0.041938 0.033025 -0.121695
v 0.043956 0.029985 -0.136363
v 0.043163 0.032863 -0.136883
v 0.041068 0.034435 -0.118972
v 0.041386 0.034321 -0.138055
v 0.041171 0.033788 -0.110578
v 0.044997 0.029472 -0.118397
v 0.045630 0.030738 -0.119065
v 0.045630 0.030738 -0.118761
v 0.044007 0.031136 -0.111103
v 0.052161 0.013403 -0.097676
v 0.054240 -0.000874 -0.160331
v 0.052472 -0.012901 -0.097992
v 0.051065 -0.015951 -0.159870
v 0.046657 -0.025603 -0.159843
v 0.036889 -0.039369 -0.097734
v 0.037945 -0.037779 -0.159745
v 0.043989 0.029977 -0.115554
v 0.042971 0.032792 -0.115908
v 0.045175 0.028514 -0.108902
v 0.044892 0.030136 -0.106771
v 0.043156 0.031103 -0.098439
v 0.043203 0.032402 -0.105231
v 0.041298 0.034335 -0.107144
v 0.033603 0.041391 -0.110547
v 0.034371 0.041351 -0.107178
v 0.031243 0.043927 -0.111264
v 0.031581 0.042939 -0.115362
v 0.028132 0.045624 -0.097828
v 0.032370 0.043175 -0.105147
v 0.034375 0.041267 -0.118131
v 0.032353 0.043798 -0.116255
v 0.033539 0.041400 -0.120957
v 0.031480 0.043975 -0.121480
v 0.030047 0.044612 -0.137080
v 0.030756 0.045612 -0.109456
v 0.030723 0.045644 -0.108124
v 0.112234 0.007902 -0.214190
v 0.106966 0.035775 -0.174856
v 0.112587 -0.005124 -0.174420
v 0.111693 -0.015498 -0.214189
v 0.102600 -0.046770 -0.175565
v 0.107633 0.035998 -0.214190
v 0.104702 -0.045087 -0.214188
v 0.098596 0.053890 -0.214190
v 0.088250 0.069477 -0.174958
v 0.090032 0.067528 -0.214190
v 0.090793 -0.068066 -0.214190
v 0.089518 -0.067049 -0.174272
v 0.068016 -0.090996 -0.175599
v 0.073354 -0.085796 -0.214190
v 0.095681 -0.063258 -0.216621
v 0.081503 -0.079204 -0.216568
v 0.080835 -0.081220 -0.214190
v 0.108007 -0.037999 -0.216622
v 0.081108 -0.079692 -0.230305
v 0.077039 -0.084884 -0.218330
v 0.076705 -0.085134 -0.220447
v 0.107952 -0.037927 -0.230297
v 0.109257 -0.030720 -0.220647
v 0.108997 -0.031362 -0.218493
v 0.110770 -0.024103 -0.230297
v 0.109873 -0.029003 -0.218506
v 0.112075 -0.024290 -0.214190
v 0.113607 -0.005337 -0.230297
v 0.114295 -0.008114 -0.214190
v 0.114236 0.012231 -0.230297
v 0.113907 0.014690 -0.214190
v 0.107926 0.035766 -0.230297
v 0.096901 0.059772 -0.230297
v 0.097197 0.061136 -0.214190
v 0.080327 0.080341 -0.230297
v 0.080072 0.080086 -0.214947
v 0.083341 0.074187 -0.212064
v 0.082335 0.075607 -0.208957
v 0.082218 0.074576 -0.206377
v 0.086269 0.070861 -0.209513
v 0.079715 0.079727 -0.177086
v 0.084732 0.072321 -0.191983
v 0.084797 0.072263 -0.205918
v 0.086274 0.070998 -0.188756
v 0.082000 0.075562 -0.189348
v 0.083093 0.074424 -0.186110
v 0.075484 0.081822 -0.208651
v 0.074100 0.083625 -0.205856
v 0.073721 0.084628 -0.186666
v 0.075460 0.082025 -0.189766
v -0.058993 -0.002267 0.013424
v -0.059560 0.019447 0.008451
v -0.059131 0.013575 -0.049375
v -0.059133 0.013577 -0.060998
v -0.059097 0.001953 -0.060998
v -0.059864 0.019542 -0.060998
v -0.059695 -0.035887 -0.060998
v -0.059191 0.001989 -0.049391
v -0.066425 0.012767 -0.055230
v -0.066391 0.002661 -0.055197
v -0.060555 0.024318 -0.060997
v -0.060555 0.024318 -0.050060
v -0.060555 0.024318 -0.029612
v -0.060555 0.024318 0.000109
v -0.058415 0.024263 0.009093
v -0.058993 0.020228 0.013424
v -0.058993 0.020042 0.013424
v -0.056250 0.024319 0.023295
v -0.058105 -0.006852 0.017606
v -0.051421 0.000473 0.032661
v -0.045635 0.024318 0.040070
v -0.036915 0.008178 0.048248
v -0.059412 -0.003926 0.011727
v -0.060441 -0.013658 0.004072
v -0.060555 -0.036100 -0.052841
v -0.060554 -0.042007 -0.052793
v -0.060555 -0.050232 -0.060997
v -0.058950 -0.050774 -0.052913
v -0.054048 -0.056739 -0.052913
v -0.054048 -0.056739 -0.060998
v -0.055349 0.016138 -0.029850
v -0.055349 0.016138 -0.009877
v -0.056804 0.015229 -0.008253
v -0.057212 0.014998 -0.030947
v -0.053884 0.016337 -0.011690
v -0.055349 0.016138 -0.014632
v -0.054299 0.016266 -0.017658
v -0.055349 0.016138 -0.015584
v -0.052332 0.021343 -0.012086
v -0.055424 0.021344 -0.014878
v -0.049105 0.016323 -0.008229
v -0.053665 0.016294 -0.006302
v -0.051772 0.016324 -0.003546
v -0.056137 0.015679 -0.002448
v -0.057368 0.014563 0.001375
v -0.053105 0.016377 -0.029745
v -0.055349 0.016138 -0.029612
v -0.052041 0.016324 -0.023933
v -0.049693 0.016324 -0.021330
v -0.047077 0.016324 -0.019227
v -0.047034 0.016323 -0.024884
v -0.049121 0.016324 -0.028625
v -0.050180 0.016324 -0.033833
v -0.046233 0.016324 -0.032190
v -0.041816 0.016324 -0.034582
v -0.041111 0.016324 -0.030959
v -0.043437 0.016324 -0.038524
v -0.037004 0.016324 -0.035022
v -0.040344 0.016324 -0.037655
v -0.038199 0.016324 -0.042772
v -0.039462 0.016324 -0.046125
v -0.033216 0.016324 -0.045140
v -0.030445 0.016324 -0.048846
v -0.035501 0.021343 -0.044001
v -0.030174 0.016324 -0.041622
v -0.028590 0.016324 -0.045101
v -0.025100 0.016324 -0.044149
v -0.025626 0.016324 -0.049566
v -0.024907 0.016324 -0.053694
v -0.016022 0.016324 -0.055036
v -0.018811 0.016324 -0.051897
v -0.018820 0.016324 -0.058978
v -0.017741 0.016324 -0.048218
v -0.021302 0.021343 -0.051999
v -0.014348 0.016324 -0.052064
v -0.012336 0.016324 -0.049214
v -0.009354 0.016324 -0.056133
v -0.007719 0.016324 -0.060998
v -0.004345 0.016324 -0.053439
v -0.000708 0.016324 -0.057118
v 0.007637 0.016324 -0.060998
v -0.001272 0.016324 -0.053695
v 0.001759 0.016324 -0.050614
v 0.003158 0.016324 -0.055464
v 0.009421 0.016324 -0.056037
v 0.018709 0.016324 -0.058854
v 0.016029 0.016324 -0.054965
v 0.013129 0.016324 -0.052321
v 0.011869 0.016323 -0.049685
v 0.016848 0.016323 -0.050108
v 0.021438 0.016324 -0.052141
v 0.025010 0.016324 -0.050722
v 0.026095 0.016324 -0.054561
v 0.030362 0.016324 -0.048906
v 0.028254 0.016324 -0.045248
v 0.026232 0.016324 -0.043049
v 0.031916 0.016324 -0.043642
v 0.039379 0.016324 -0.046125
v 0.036946 0.016324 -0.043236
v 0.044010 0.016323 -0.037027
v 0.040865 0.016324 -0.037938
v 0.037056 0.016324 -0.034708
v 0.041021 0.016324 -0.034512
v 0.042434 0.016324 -0.031475
v 0.048205 0.016324 -0.030353
v 0.051424 0.016324 -0.031795
v 0.053445 0.016324 -0.029612
v 0.054226 0.016324 -0.029612
v 0.052001 0.016324 -0.023835
v 0.047173 0.016324 -0.024234
v 0.053827 0.016296 -0.017957
v 0.054486 0.016324 -0.029612
v 0.050657 0.016324 -0.020550
v 0.046438 0.016324 -0.019732
v 0.055362 0.016139 -0.029667
v 0.054131 0.016237 -0.013405
v 0.056507 0.015754 -0.009159
v 0.056829 0.015022 -0.030801
v 0.053137 0.016353 -0.008848
v 0.049022 0.016322 -0.007514
v 0.054471 0.016161 -0.003018
v 0.054695 0.016259 -0.005529
v 0.056829 0.015022 -0.001793
v 0.056829 0.015022 -0.007737
v 0.054299 -0.009943 -0.099185
v 0.054978 -0.005297 -0.158782
v 0.055300 0.006235 -0.099061
v 0.050891 -0.021089 -0.099282
v 0.054102 0.010151 -0.158815
v 0.051568 -0.020623 -0.158876
v 0.045260 -0.031814 -0.099157
v 0.043736 -0.034305 -0.158820
v 0.034142 -0.043509 -0.099153
v 0.050454 0.023463 -0.099147
v 0.049419 0.025200 -0.158817
v 0.045614 0.030754 -0.150095
v 0.045197 0.029735 -0.139969
v 0.044321 0.032368 -0.121174
v 0.043163 0.032863 -0.136883
v 0.045630 0.030738 -0.119673
v 0.045630 0.030738 -0.139123
v 0.045630 0.030738 -0.119065
v 0.045630 0.030738 -0.118761
v 0.044892 0.030136 -0.106771
v 0.045630 0.030738 -0.108732
v 0.043203 0.032402 -0.105231
v 0.044374 0.032706 -0.099197
v 0.039333 0.039335 -0.098155
v 0.041068 0.034435 -0.118972
v 0.041298 0.034335 -0.107144
v 0.042971 0.032792 -0.115908
v 0.044007 0.031136 -0.111103
v 0.044997 0.029472 -0.118397
v 0.044049 0.033014 -0.158691
v 0.043112 0.032539 -0.152602
v 0.039099 0.039113 -0.158752
v 0.041343 0.034388 -0.149923
v 0.041386 0.034321 -0.138055
v 0.037931 0.037943 -0.159668
v 0.041526 0.033711 -0.141337
v 0.037753 0.037770 -0.098590
v 0.041532 0.041545 -0.160734
v 0.042678 0.033012 -0.147195
v 0.043848 0.031298 -0.142387
v 0.033131 0.043787 -0.141599
v 0.034334 0.041465 -0.138044
v 0.041808 0.041821 -0.175180
v 0.042470 0.042485 -0.173784
v 0.078187 0.078201 -0.175242
v 0.052491 0.029164 -0.159868
v 0.053478 0.028259 -0.173930
v 0.059021 0.013975 -0.174042
v 0.058732 0.009196 -0.159459
v 0.060389 0.004606 -0.174016
v 0.058449 -0.014551 -0.159886
v 0.059328 -0.010431 -0.173934
v 0.052432 -0.030110 -0.174068
v 0.045609 -0.039147 -0.160221
v 0.038086 -0.047368 -0.174073
v -0.055424 0.021344 -0.014878
v -0.055349 0.016138 -0.015108
v -0.055349 0.016138 -0.015584
v -0.055349 0.016138 -0.014632
v -0.054299 0.016266 -0.017658
v -0.053507 0.021343 -0.018109
v -0.053884 0.016337 -0.011690
v -0.055002 0.024203 -0.010298
v -0.055349 0.016138 -0.009877
v -0.056804 0.015229 -0.008253
v -0.056725 0.024165 -0.007440
v -0.055220 0.003736 -0.071244
v -0.053048 0.005890 -0.071244
v -0.051412 0.002617 -0.071244
v -0.053564 0.005343 -0.060997
v -0.052194 0.001413 -0.060998
v -0.048090 0.005890 -0.071244
v -0.045073 0.006710 -0.071244
v -0.040956 0.007592 -0.071244
v -0.043457 0.011061 -0.071244
v -0.046001 0.014206 -0.069282
v -0.057419 0.010378 -0.067737
v -0.039871 0.024054 -0.067737
v -0.040316 0.015430 -0.067737
v -0.046532 0.026426 -0.067737
v -0.053030 0.027338 -0.067737
v -0.051395 0.028748 -0.067737
v -0.049467 0.028748 -0.067737
v -0.027069 -0.048564 -0.099183
v -0.030806 -0.045698 -0.139123
v -0.027994 -0.047992 -0.158801
v -0.030806 -0.045698 -0.118761
v -0.030806 -0.045698 -0.118457
v -0.030806 -0.045698 -0.108124
v -0.031965 -0.044864 -0.106233
v -0.032685 -0.044526 -0.099192
v -0.016803 -0.053056 -0.099083
v -0.039434 -0.039407 -0.098112
v -0.034338 -0.042501 -0.108639
v -0.032454 -0.043873 -0.116262
v -0.031131 -0.043966 -0.111232
v -0.019662 -0.051455 -0.158661
v -0.011777 -0.053944 -0.158817
v -0.004041 -0.055012 -0.099202
v 0.003199 -0.055142 -0.158805
v 0.005337 -0.055071 -0.099170
v 0.017482 -0.052744 -0.158863
v 0.021609 -0.051414 -0.099008
v 0.030377 -0.045910 -0.158598
v 0.034142 -0.043509 -0.099153
v 0.043736 -0.034305 -0.158820
v -0.029454 -0.045196 -0.149874
v -0.031088 -0.044220 -0.152792
v -0.038942 -0.038927 -0.158729
v -0.031381 -0.044095 -0.146950
v -0.033187 -0.042365 -0.152555
v -0.033775 -0.041486 -0.147712
v -0.033196 -0.043856 -0.141604
v -0.030773 -0.044040 -0.142153
v -0.034169 -0.041505 -0.120178
v -0.032313 -0.043388 -0.121732
v -0.037839 -0.037827 -0.098580
v -0.034364 -0.041378 -0.137962
v -0.033731 -0.041384 -0.141364
v -0.032089 -0.043432 -0.136086
v -0.029417 -0.045033 -0.118487
v -0.041447 -0.034156 -0.137678
v -0.043850 -0.033183 -0.136949
v -0.041035 -0.034466 -0.118765
v -0.044279 -0.032614 -0.121198
v -0.041254 -0.034563 -0.149607
v -0.043023 -0.032928 -0.141937
v -0.042797 -0.032936 -0.146861
v -0.045696 -0.030807 -0.150083
v -0.045687 -0.030818 -0.139002
v -0.043703 -0.030635 -0.142418
v -0.044053 -0.030102 -0.136542
v -0.046140 -0.030344 -0.158385
v -0.042850 -0.033018 -0.152398
v -0.045388 -0.030224 -0.118236
v -0.045997 -0.030468 -0.099610
v -0.044084 -0.030078 -0.115513
v -0.044159 -0.030173 -0.121385
v -0.029454 -0.045196 -0.149874
v -0.028679 -0.045186 -0.140192
v -0.012082 -0.052445 -0.159914
v -0.031381 -0.044095 -0.146950
v -0.030773 -0.044040 -0.142153
v -0.029606 -0.044543 -0.159930
v -0.031088 -0.044220 -0.152792
v -0.033187 -0.042365 -0.152555
v -0.029694 -0.044517 -0.137142
v -0.038034 -0.038016 -0.159660
v -0.034448 -0.041051 -0.150736
v -0.033775 -0.041486 -0.147712
v -0.033731 -0.041384 -0.141364
v -0.037839 -0.037827 -0.098580
v -0.039434 -0.039407 -0.098112
v -0.029652 -0.044330 -0.121887
v -0.032089 -0.043432 -0.136086
v -0.030806 -0.045698 -0.138515
v -0.032313 -0.043388 -0.121732
v -0.034364 -0.041378 -0.137962
v -0.029417 -0.045033 -0.118487
v -0.030806 -0.045698 -0.118761
v -0.030806 -0.045698 -0.118457
v -0.030806 -0.045698 -0.117849
v -0.034169 -0.041505 -0.120178
v -0.030378 -0.043796 -0.115315
v -0.032454 -0.043873 -0.116262
v -0.033926 -0.041367 -0.116842
v -0.033594 -0.041506 -0.110600
v -0.031131 -0.043966 -0.111232
v -0.029047 -0.044914 -0.107840
v -0.041422 -0.034441 -0.107147
v -0.040790 -0.034411 -0.109917
v -0.042969 -0.031567 -0.111992
v -0.044659 -0.031399 -0.110315
v -0.042822 -0.032987 -0.115880
v -0.041035 -0.034466 -0.118765
v -0.042020 -0.033077 -0.121695
v -0.044279 -0.032614 -0.121198
v -0.034512 -0.040814 -0.106399
v -0.030878 -0.043002 -0.099821
v -0.032038 -0.042861 -0.104945
v -0.031965 -0.044864 -0.106233
v -0.030806 -0.045698 -0.108124
v -0.030838 -0.045666 -0.109456
v -0.015635 -0.051518 -0.097476
v 0.000667 -0.053643 -0.098096
v 0.017560 -0.051226 -0.097432
v 0.013173 -0.052276 -0.159442
v 0.036889 -0.039369 -0.097734
v 0.037945 -0.037779 -0.159745
v -0.040539 -0.034470 -0.140596
v -0.041447 -0.034156 -0.137678
v -0.043023 -0.032928 -0.141937
v -0.042797 -0.032936 -0.146861
v -0.041254 -0.034563 -0.149607
v 0.030010 0.016323 0.044538
v 0.029220 0.024199 0.044770
v 0.027804 0.016226 0.046979
v 0.027975 0.024167 0.047859
v 0.028719 0.023946 0.048376
v 0.028719 0.015766 0.048376
v 0.039809 0.024192 0.036543
v 0.029220 0.024199 0.044770
v 0.031084 0.024227 0.047805
v 0.029795 0.024319 0.040367
v 0.017527 0.024318 0.046712
v 0.027975 0.024167 0.047859
v 0.039130 0.024318 0.031257
v 0.004071 0.024319 0.050007
v 0.035595 0.024318 0.048899
v 0.042774 0.024318 0.042670
v 0.042777 0.024205 0.038105
v 0.049021 0.024318 0.035537
v 0.043216 0.024181 0.034688
v 0.046255 0.024316 0.019307
v 0.016420 0.024187 0.051336
v 0.023676 0.024318 0.055934
v 0.016631 0.024181 0.054863
v 0.004870 0.024318 0.060493
v 0.013443 0.024249 0.052842
v 0.048544 0.024189 0.024077
v 0.001899 0.024183 0.054122
v 0.050555 0.024254 0.020672
v -0.000007 0.024197 0.057414
v 0.052371 0.024201 0.023396
v 0.056617 0.024328 0.022314
v -0.009541 0.024318 0.059789
v 0.054429 0.024224 0.010052
v 0.056653 0.024183 0.007271
v 0.059692 0.024318 0.009382
v 0.060473 0.024318 0.000109
v -0.002120 0.024198 0.054410
v 0.053076 0.024237 0.006860
v 0.056024 0.024200 -0.006991
v 0.049907 0.024321 0.003358
v 0.060473 0.024318 -0.037646
v -0.015391 0.024232 0.051369
v -0.014198 0.024153 0.054654
v -0.017217 0.024219 0.054179
v -0.018651 0.024318 0.057649
v -0.027863 0.024256 0.047192
v -0.012861 0.024312 0.048421
v -0.033041 0.024317 0.050879
v -0.025724 0.022886 0.042811
v -0.030000 0.024195 0.044337
v -0.031622 0.024230 0.047705
v -0.036066 0.024319 0.035093
v -0.045635 0.024318 0.040070
v -0.040251 0.024217 0.037346
v -0.043388 0.024157 0.037720
v -0.042561 0.024213 0.034527
v -0.046086 0.024316 0.020068
v -0.049770 0.024130 0.025106
v -0.056250 0.024319 0.023295
v -0.052514 0.024207 0.023063
v -0.050148 0.024252 0.021006
v -0.049623 0.024318 0.006767
v -0.053628 0.024169 0.009062
v -0.058415 0.024263 0.009093
v -0.049661 0.023704 -0.007449
v -0.055765 0.024187 0.005919
v -0.060555 0.024318 0.000109
v -0.052778 0.024212 -0.007151
v -0.056725 0.024165 -0.007440
v -0.060555 0.024318 -0.029612
v -0.050615 0.024200 -0.020760
v -0.055002 0.024203 -0.010298
v -0.052288 0.024217 -0.023693
v -0.044205 0.024318 -0.023868
v -0.048654 0.024183 -0.024038
v -0.045988 0.024318 -0.050060
v -0.060555 0.024318 -0.050060
v -0.043924 0.024221 -0.036532
v -0.040999 0.024144 -0.034545
v -0.036089 0.024318 -0.034605
v -0.028655 0.024318 -0.041099
v -0.060555 0.024318 -0.050536
v -0.040569 0.024226 -0.038028
v -0.029146 0.024180 -0.044708
v -0.059004 0.025802 -0.052856
v -0.060555 0.024318 -0.060997
v -0.018531 0.024317 -0.046645
v -0.046674 0.038169 -0.060996
v -0.031836 0.024226 -0.047294
v -0.045355 0.037759 -0.052913
v -0.035569 0.038261 -0.052913
v -0.035569 0.038261 -0.060998
v -0.028850 0.024166 -0.048414
v -0.033468 0.024381 -0.051012
v -0.041743 0.025312 -0.052431
v -0.046497 0.026555 -0.055126
v -0.041323 0.026572 -0.056004
v -0.036616 0.027207 -0.052888
v -0.043382 0.028172 -0.060998
v -0.047828 0.030291 -0.056004
v -0.033839 0.024628 -0.060997
v -0.017036 0.024210 -0.051450
v -0.003884 0.023135 -0.050088
v -0.016043 0.024173 -0.055114
v -0.013555 0.024167 -0.052212
v -0.001218 0.024217 -0.053533
v -0.007823 0.024318 -0.060998
v -0.001982 0.024166 -0.056805
v 0.003832 0.024318 -0.060998
v 0.008630 0.024319 -0.049435
v 0.001510 0.024189 -0.056143
v 0.013437 0.024212 -0.052400
v 0.015703 0.024201 -0.055219
v 0.017302 0.024176 -0.051883
v 0.033310 0.024348 -0.050960
v 0.034394 0.025086 -0.060998
v 0.030910 0.024210 -0.048439
v 0.027689 0.024173 -0.046973
v 0.021692 0.024318 -0.045067
v 0.030921 0.024213 -0.045145
v 0.032137 0.024320 -0.038431
v 0.058924 0.025802 -0.052856
v 0.040102 0.024205 -0.036930
v 0.041733 0.024318 -0.027472
v 0.041211 0.024157 -0.033840
v 0.043801 0.024202 -0.036352
v 0.048477 0.024231 -0.024016
v 0.045897 0.024318 -0.019626
v 0.050661 0.024217 -0.020753
v 0.048760 0.024318 -0.011066
v 0.053606 0.024189 -0.009122
v 0.052207 0.024214 -0.023672
v 0.060473 0.024318 -0.050060
v 0.060473 0.024318 -0.050536
v 0.060473 0.024318 -0.060998
v 0.047659 0.037049 -0.060997
v 0.045617 0.038002 -0.052913
v 0.035486 0.038261 -0.060998
v 0.036983 0.036235 -0.052913
v 0.027866 0.021343 0.041959
v 0.032878 0.016240 0.042934
v 0.025729 0.016324 0.043467
v 0.034558 0.021343 0.044136
v 0.038005 0.014392 0.043269
v 0.038136 0.021346 0.041970
v 0.042097 0.003939 0.039363
v 0.032121 0.015685 0.046276
v 0.026010 0.009879 0.051514
v 0.022584 0.014653 0.052668
v 0.031084 0.024227 0.047805
v 0.028719 0.015580 0.048376
v 0.028719 0.023946 0.048376
v 0.027804 0.016226 0.046979
v 0.027975 0.024167 0.047859
v 0.015355 0.014461 0.055337
v 0.007452 0.012688 0.057352
v 0.021460 0.021342 0.052128
v 0.025282 0.021345 0.050500
v 0.018176 0.016251 0.051829
v 0.015985 0.016324 0.048097
v 0.017473 0.021343 0.048091
v 0.012355 0.021343 0.049154
v 0.010933 0.016324 0.050411
v 0.016631 0.024181 0.054863
v 0.013443 0.024249 0.052842
v 0.012765 0.016184 0.053198
v 0.016420 0.024187 0.051336
v 0.009652 0.021349 0.055897
v 0.005220 0.021341 0.055879
v 0.002970 0.016285 0.054759
v 0.001814 0.016324 0.052192
v 0.001307 0.021343 0.050465
v -0.001726 0.016324 0.050558
v -0.004144 0.021343 0.052796
v -0.004936 0.016229 0.054941
v -0.008964 0.021344 0.056137
v -0.008098 0.012638 0.057102
v 0.001909 0.015341 0.056661
v -0.012815 0.016189 0.053759
v -0.016936 0.014709 0.054841
v -0.014198 0.024153 0.054654
v -0.017217 0.024219 0.054179
v -0.026092 0.009879 0.051514
v -0.001993 0.015580 0.056223
v -0.000007 0.024197 0.057414
v -0.001993 0.023946 0.056223
v 0.001911 0.023946 0.056223
v 0.001911 0.015580 0.056223
v -0.023416 0.014379 0.052520
v -0.031233 0.013992 0.048341
v -0.042178 0.003940 0.039364
v -0.036844 0.014465 0.044073
v -0.032201 0.015698 0.046302
v -0.038213 0.021345 0.042099
v -0.032868 0.021344 0.042782
v -0.033838 0.016217 0.043618
v -0.029044 0.016324 0.041564
v -0.025724 0.022886 0.042811
v -0.031925 0.016138 0.045523
v -0.031925 0.015952 0.045523
v -0.036066 0.024319 0.035093
v -0.037106 0.021344 0.034612
v -0.037288 0.016324 0.034188
v -0.042264 0.021343 0.031407
v -0.042976 0.016308 0.031604
v -0.048193 0.014597 0.031568
v -0.048367 0.021346 0.031454
v -0.012861 0.024312 0.048421
v -0.015693 0.021343 0.047682
v 0.004071 0.024319 0.050007
v 0.017527 0.024318 0.046712
v 0.029795 0.024319 0.040367
v 0.036251 0.021344 0.035366
v 0.039079 0.021343 0.031931
v 0.039130 0.024318 0.031257
v 0.043397 0.016215 0.031808
v 0.037082 0.016324 0.034331
v 0.046206 0.021346 0.032031
v 0.048654 0.014560 0.030648
v -0.011877 0.016323 0.049780
v -0.011330 0.021343 0.050006
v -0.018755 0.016272 0.049671
v -0.022000 0.021345 0.052384
v -0.025247 0.021343 0.050327
v -0.026783 0.015408 0.049779
v -0.028801 0.015580 0.048376
v -0.031622 0.024230 0.047705
v -0.028801 0.015766 0.048376
v -0.028801 0.023946 0.048376
v -0.026711 0.016245 0.046426
v 0.029220 0.024199 0.044770
v 0.030010 0.016323 0.044538
v 0.031842 0.023946 0.045523
v 0.031842 0.016138 0.045523
v 0.032878 0.016240 0.042934
v 0.031842 0.015952 0.045523
v 0.031084 0.024227 0.047805
v 0.032121 0.015685 0.046276
v 0.057349 0.014279 -0.031514
v 0.057467 0.014373 0.000855
v 0.056829 0.015022 -0.030801
v 0.055371 0.021234 -0.029586
v 0.056238 0.020899 -0.052017
v 0.055612 -0.042656 -0.052813
v 0.058263 -0.012326 0.006715
v 0.056313 -0.044977 -0.056005
v 0.059005 -0.047547 -0.054514
v 0.056213 -0.051771 -0.056004
v 0.055684 -0.048961 -0.060998
v 0.059344 -0.051019 -0.052913
v 0.060474 -0.041972 -0.052747
v 0.056825 0.014798 0.007058
v 0.055300 0.014416 0.016095
v 0.056829 0.015022 -0.001793
v 0.056717 0.021343 -0.001876
v 0.054471 0.016161 -0.003018
v 0.056331 0.021343 0.002095
v 0.051690 0.021343 -0.003546
v 0.053122 0.016284 0.003280
v 0.049022 0.016322 -0.007514
v 0.050288 0.021343 0.005479
v 0.049454 0.021343 -0.008679
v 0.049162 0.016323 0.007495
v 0.054131 0.016237 -0.013405
v 0.054588 0.021343 -0.013793
v 0.053827 0.016296 -0.017957
v 0.053944 0.021342 -0.017701
v 0.049907 0.024321 0.003358
v 0.048760 0.024318 -0.011066
v 0.046255 0.024316 0.019307
v 0.045288 0.021343 -0.022735
v 0.045897 0.024318 -0.019626
v 0.041733 0.024318 -0.027472
v 0.032137 0.024320 -0.038431
v 0.037155 0.021344 -0.034126
v 0.038317 0.021343 -0.042289
v 0.037056 0.016324 -0.034708
v 0.036946 0.016324 -0.043236
v 0.046438 0.016324 -0.019732
v 0.048306 0.021343 -0.018025
v 0.047173 0.016324 -0.024234
v 0.048205 0.016324 -0.030353
v 0.049021 0.021343 -0.028731
v 0.045725 0.021343 -0.032216
v 0.049609 0.021343 0.010317
v 0.053095 0.016313 0.011103
v 0.046305 0.021343 0.020014
v 0.039130 0.024318 0.031257
v 0.054735 0.021346 0.015201
v 0.039079 0.021343 0.031931
v 0.056653 0.024183 0.007271
v 0.054429 0.024224 0.010052
v 0.052895 0.021343 0.018357
v 0.051468 0.016140 0.020322
v 0.052371 0.024201 0.023396
v 0.050555 0.024254 0.020672
v 0.052526 0.014116 0.023304
v 0.052134 -0.002500 0.026613
v 0.048654 0.014560 0.030648
v 0.042097 0.003939 0.039363
v 0.048133 0.016144 0.027581
v 0.050322 0.015580 0.025075
v 0.050322 0.015766 0.025075
v 0.047303 0.021343 0.026780
v 0.046206 0.021346 0.032031
v 0.044880 0.016322 0.023430
v 0.047622 0.016323 0.018129
v 0.042144 0.014690 0.038722
v 0.038005 0.014392 0.043269
v 0.041212 0.015580 0.038390
v 0.041212 0.015766 0.038390
v 0.038136 0.021346 0.041970
v 0.039420 0.016228 0.038428
v 0.036251 0.021344 0.035366
v 0.037082 0.016324 0.034331
v 0.029795 0.024319 0.040367
v 0.043216 0.024181 0.034688
v 0.042777 0.024205 0.038105
v 0.042405 0.016241 0.034489
v 0.043397 0.016215 0.031808
v 0.043570 -0.054396 -0.066997
v 0.024061 -0.052361 -0.066997
v 0.035142 -0.058191 -0.066997
v 0.036829 -0.063593 -0.066997
v 0.034748 -0.065296 -0.066997
v 0.036149 -0.069700 -0.066998
v 0.032822 -0.066834 -0.066997
v 0.029914 -0.068039 -0.067039
v 0.026292 -0.064978 -0.067100
v 0.015904 -0.067001 -0.067651
v 0.013597 -0.054694 -0.066997
v 0.000514 -0.056111 -0.067001
v -0.004830 -0.033594 -0.066997
v -0.013643 -0.054681 -0.066997
v -0.013989 -0.029787 -0.066997
v -0.016072 -0.067780 -0.067260
v -0.024064 -0.052198 -0.066997
v -0.036250 -0.061226 -0.067092
v -0.015289 -0.027094 -0.066997
v -0.016690 -0.026056 -0.066997
v -0.016690 -0.028535 -0.066997
v -0.017791 -0.029086 -0.066997
v -0.016690 -0.029086 -0.066997
v -0.020057 -0.026803 -0.066997
v -0.021923 -0.029086 -0.066997
v -0.025254 -0.020867 -0.066997
v -0.045078 -0.041511 -0.066997
v -0.031449 -0.015666 -0.066997
v -0.056746 -0.033552 -0.066997
v -0.055636 -0.004469 -0.066997
v -0.046327 -0.056331 -0.066997
v -0.029330 -0.008239 -0.066997
v -0.030565 -0.001972 -0.066997
v -0.046967 0.000332 -0.066997
v -0.036800 0.001986 -0.066997
v -0.022979 -0.006208 -0.066997
v -0.028119 0.005644 -0.066997
v -0.024349 -0.002070 -0.066997
v -0.033135 0.014170 -0.066997
v -0.023811 0.004335 -0.066997
v -0.024308 0.001938 -0.074998
v -0.030682 0.001680 -0.074998
v -0.018390 -0.008799 -0.066997
v -0.015801 -0.000097 -0.066997
v -0.016179 0.013976 -0.066997
v -0.007485 0.025644 -0.066997
v -0.016689 0.024066 -0.066997
v -0.018390 0.018741 -0.066997
v -0.013936 0.028317 -0.066997
v -0.016689 0.028197 -0.066997
v -0.005368 0.033285 -0.066997
v -0.015924 0.030098 -0.066997
v -0.016689 0.031226 -0.066997
v -0.016689 0.028748 -0.066997
v -0.024300 0.021594 -0.066997
v -0.030074 0.018198 -0.066997
v -0.027126 0.063492 -0.066998
v -0.035144 0.039213 -0.066997
v -0.035781 0.058476 -0.066997
v -0.048461 0.047267 -0.066997
v -0.046966 0.039209 -0.066997
v -0.036939 0.064919 -0.066997
v -0.054762 0.031636 -0.066997
v -0.032474 0.066517 -0.066997
v -0.031977 0.069716 -0.066997
v -0.029911 0.067854 -0.066997
v -0.035799 0.067787 -0.066997
v -0.033501 0.065472 -0.074998
v -0.033133 0.069756 -0.074998
v -0.059121 0.035560 -0.066997
v -0.064593 0.036570 -0.066997
v -0.065772 0.032332 -0.066997
v -0.068397 0.030089 -0.066997
v -0.062699 0.026034 -0.066997
v -0.067591 0.034505 -0.066997
v -0.069455 0.036023 -0.066997
v -0.066047 0.013950 -0.066998
v -0.060528 0.018317 -0.066997
v -0.059429 0.014230 -0.066997
v -0.038438 0.016174 0.040082
v -0.036844 0.014465 0.044073
v -0.042203 0.014706 0.038698
v -0.040124 0.016212 0.036855
v -0.037288 0.016324 0.034188
v -0.042866 0.016138 0.034496
v -0.042976 0.016308 0.031604
v -0.048193 0.014597 0.031568
v -0.032201 0.015698 0.046302
v -0.033838 0.016217 0.043618
v -0.031925 0.015952 0.045523
v -0.030000 0.016327 0.044541
v -0.031925 0.016138 0.045523
v -0.029044 0.016324 0.041564
v -0.026711 0.016245 0.046426
v -0.025724 0.022886 0.042811
v -0.025247 0.021343 0.050327
v -0.026783 0.015408 0.049779
v -0.028801 0.015766 0.048376
v -0.048991 0.016183 0.026090
v -0.053508 0.015075 0.019757
v -0.045521 0.016324 0.024867
v -0.047112 0.021342 0.026567
v -0.046862 0.016324 0.021459
v -0.050848 0.016167 0.021083
v -0.050505 0.016258 0.018178
v -0.056743 0.014689 0.009026
v -0.053833 0.016118 0.012710
v -0.053188 0.016330 0.008791
v -0.049137 0.016323 0.007364
v -0.054126 0.016229 0.003128
v -0.054661 0.016322 0.005654
v -0.033041 0.024317 0.050879
v -0.036915 0.008178 0.048248
v -0.015225 0.013608 0.059218
v -0.045635 0.024318 0.040070
v -0.018651 0.024318 0.057649
v -0.009541 0.024318 0.059789
v 0.004870 0.024318 0.060493
v 0.009678 0.013966 0.060065
v 0.023676 0.024318 0.055934
v 0.031855 0.009899 0.051804
v 0.035595 0.024318 0.048899
v 0.042774 0.024318 0.042670
v 0.047113 0.003316 0.038146
v -0.056830 0.021044 -0.030862
v -0.055349 0.016138 -0.029612
v -0.055349 0.016138 -0.029850
v -0.057212 0.014998 -0.030947
v -0.056957 0.021041 -0.051783
v -0.057126 -0.041112 -0.051733
v -0.057105 -0.010962 0.009413
v -0.057368 0.014563 0.001375
v -0.056743 0.014689 0.009026
v -0.058415 0.024263 0.009093
v -0.055765 0.024187 0.005919
v -0.054661 0.016322 0.005654
v -0.053508 0.015075 0.019757
v -0.051625 -0.002845 0.025903
v -0.048193 0.014597 0.031568
v -0.042178 0.003940 0.039364
v -0.042203 0.014706 0.038698
v -0.036844 0.014465 0.044073
v -0.041295 0.015580 0.038390
v -0.041295 0.015766 0.038390
v -0.042866 0.016138 0.034496
v -0.043388 0.024157 0.037720
v -0.042561 0.024213 0.034527
v -0.048367 0.021346 0.031454
v -0.047112 0.021342 0.026567
v -0.048991 0.016183 0.026090
v -0.052514 0.024207 0.023063
v -0.049770 0.024130 0.025106
v -0.053763 0.021347 0.017794
v -0.054638 0.021346 0.013671
v -0.053833 0.016118 0.012710
v -0.050123 0.021343 0.010684
v -0.049137 0.016323 0.007364
v -0.049363 0.021343 0.007956
v -0.049623 0.021343 0.007004
v -0.049623 0.021343 0.006291
v -0.051772 0.021343 0.003526
v -0.054126 0.016229 0.003128
v -0.056635 0.021345 0.001984
v -0.056576 0.021342 -0.002121
v -0.056137 0.015679 -0.002448
v -0.051772 0.016324 -0.003546
v -0.050403 0.021343 -0.005301
v -0.049105 0.016323 -0.008229
v -0.049661 0.023704 -0.007449
v -0.052332 0.021343 -0.012086
v -0.049623 0.021343 0.006767
v -0.049623 0.024318 0.006767
v -0.046086 0.024316 0.020068
v -0.046475 0.021343 0.019429
v -0.037106 0.021344 0.034612
v -0.036066 0.024319 0.035093
v -0.046862 0.016324 0.021459
v -0.045521 0.016324 0.024867
v -0.038438 0.016174 0.040082
v -0.037288 0.016324 0.034188
v -0.038213 0.021345 0.042099
v -0.046420 0.021343 -0.020030
v -0.044205 0.024318 -0.023868
v -0.038975 0.021343 -0.032080
v -0.036089 0.024318 -0.034605
v -0.037004 0.016324 -0.035022
v -0.036822 0.021343 -0.036809
v -0.038999 0.021343 -0.041659
v -0.038199 0.016324 -0.042772
v -0.053507 0.021343 -0.018109
v -0.047077 0.016324 -0.019227
v -0.054299 0.016266 -0.017658
v -0.047034 0.016323 -0.024884
v -0.045545 0.021342 -0.024995
v -0.049121 0.016324 -0.028625
v -0.048660 0.021343 -0.029640
v -0.046233 0.016324 -0.032190
v -0.060574 -0.044979 -0.175897
v -0.107875 -0.023477 -0.176134
v -0.104467 0.036075 -0.176047
v -0.109617 -0.012524 -0.176180
v -0.110439 0.009532 -0.176330
v -0.096793 0.053199 -0.176094
v -0.101352 -0.044788 -0.175985
v -0.083246 0.072666 -0.176341
v -0.054568 0.022798 -0.174876
v -0.041071 0.042195 -0.175025
v -0.059273 -0.002914 -0.175446
v -0.015926 0.058679 -0.175879
v -0.053431 0.096787 -0.176253
v -0.036170 0.104181 -0.176001
v 0.031052 0.105766 -0.175959
v -0.014329 0.109543 -0.176381
v -0.003275 0.110340 -0.176239
v 0.012371 0.109849 -0.176432
v 0.011279 0.057995 -0.175179
v -0.021991 0.054508 -0.174171
v 0.050427 0.098140 -0.176096
v 0.040357 0.102657 -0.176155
v 0.065194 0.089156 -0.176214
v 0.041808 0.041821 -0.175180
v 0.078187 0.078201 -0.175242
v 0.056128 0.050127 -0.175009
v 0.059776 0.050997 -0.175095
v 0.055321 0.046178 -0.175058
v 0.061559 0.048894 -0.175175
v 0.091449 0.062707 -0.176276
v 0.060498 0.045617 -0.174849
v 0.052030 0.028026 -0.175288
v 0.057162 0.043790 -0.175459
v 0.106536 0.030198 -0.176071
v 0.059419 -0.004059 -0.175328
v 0.108830 -0.016977 -0.175916
v 0.110235 -0.001396 -0.176087
v 0.052470 -0.026450 -0.174944
v 0.041051 -0.042497 -0.175569
v 0.059661 -0.058755 -0.175003
v 0.063339 -0.056924 -0.175002
v 0.065622 -0.059922 -0.174930
v 0.059948 -0.062204 -0.174986
v 0.090016 -0.063773 -0.175955
v 0.100796 -0.044851 -0.176013
v 0.065826 -0.062531 -0.175442
v 0.063022 -0.063086 -0.174723
v 0.057368 -0.081518 -0.175493
v 0.081620 -0.074138 -0.176008
v 0.061871 -0.082807 -0.175038
v 0.061573 -0.086995 -0.175106
v 0.064171 -0.089783 -0.176046
v 0.057233 -0.082790 -0.174553
v 0.046990 -0.099807 -0.175952
v 0.057714 -0.087633 -0.174966
v 0.055348 -0.085877 -0.175612
v 0.017199 -0.108843 -0.175922
v 0.016407 -0.093101 -0.174976
v 0.016127 -0.089233 -0.175208
v 0.022452 -0.054759 -0.175214
v 0.013792 -0.094167 -0.174729
v 0.012262 -0.089182 -0.174877
v 0.011439 -0.092711 -0.175152
v 0.006302 -0.093589 -0.175897
v -0.005246 -0.059011 -0.175038
v 0.000780 -0.097636 -0.175024
v 0.002561 -0.110124 -0.175935
v -0.031225 -0.050228 -0.175687
v -0.003100 -0.098059 -0.175072
v 0.000733 -0.093796 -0.175103
v -0.020815 -0.073449 -0.174073
v -0.000675 -0.100567 -0.174073
v -0.017602 -0.109414 -0.176075
v -0.003949 -0.094083 -0.175135
v -0.046088 -0.061149 -0.174789
v -0.044233 -0.057510 -0.175371
v -0.046223 -0.055307 -0.174971
v -0.042043 -0.042028 -0.175376
v -0.050077 -0.056339 -0.174936
v -0.050250 -0.060664 -0.175269
v -0.060777 -0.063300 -0.175897
v -0.061617 -0.074896 -0.175527
v -0.064055 -0.072978 -0.174985
v -0.062941 -0.078159 -0.175008
v -0.045167 -0.100931 -0.176278
v -0.060441 -0.092387 -0.176005
v -0.066626 -0.078809 -0.174895
v -0.067809 -0.073831 -0.175076
v -0.069153 -0.077146 -0.175454
v -0.078861 -0.078848 -0.175296
v -0.056472 -0.050447 -0.174946
v -0.055846 -0.046700 -0.174868
v -0.059548 -0.050910 -0.175038
v -0.056015 -0.044411 -0.175897
v -0.052030 -0.028122 -0.175193
v -0.059693 -0.045760 -0.174314
v -0.061639 -0.048977 -0.175234
v -0.078429 -0.063060 -0.175088
v -0.102642 -0.046174 -0.175897
v -0.099894 -0.052019 -0.175808
v -0.092414 -0.064323 -0.175840
v -0.078796 -0.067192 -0.175050
v -0.074563 -0.062616 -0.174910
v -0.074207 -0.068177 -0.175203
v -0.072242 -0.064268 -0.175530
v -0.104007 -0.042496 -0.174644
v -0.059693 -0.045760 -0.174314
v -0.112308 -0.008878 -0.175005
v -0.110621 0.019862 -0.175228
v -0.102119 0.046759 -0.174779
v -0.087486 0.070224 -0.174447
v -0.061639 -0.048977 -0.175234
v -0.078429 -0.063060 -0.175088
v -0.059548 -0.050910 -0.175038
v -0.092414 -0.064323 -0.175840
v -0.099894 -0.052019 -0.175808
v -0.074563 -0.062616 -0.174910
v -0.078796 -0.067192 -0.175050
v -0.056472 -0.050447 -0.174946
v -0.078861 -0.078848 -0.175296
v -0.042735 -0.042718 -0.173818
v -0.074207 -0.068177 -0.175203
v -0.055846 -0.046700 -0.174868
v -0.053535 -0.028338 -0.173915
v -0.059831 -0.009077 -0.174038
v -0.059397 0.010377 -0.173885
v -0.054918 0.026006 -0.174068
v -0.049035 0.036027 -0.174069
v -0.037012 0.048288 -0.174073
v -0.061582 0.094614 -0.175065
v -0.022984 0.055936 -0.173885
v -0.030569 0.107722 -0.174483
v -0.009674 0.059462 -0.173813
v 0.010426 0.059809 -0.174016
v 0.017328 0.110685 -0.174443
v -0.006120 0.112045 -0.174994
v 0.028673 0.053277 -0.173690
v 0.042470 0.042485 -0.173784
v 0.065866 0.090743 -0.174644
v 0.043866 0.103973 -0.175688
v 0.078187 0.078201 -0.175242
v 0.079715 0.079727 -0.177086
v 0.088250 0.069477 -0.174958
v 0.056128 0.050127 -0.175009
v 0.055321 0.046178 -0.175058
v 0.059776 0.050997 -0.175095
v 0.053478 0.028259 -0.173930
v 0.061559 0.048894 -0.175175
v 0.060498 0.045617 -0.174849
v 0.059021 0.013975 -0.174042
v 0.106966 0.035775 -0.174856
v 0.060389 0.004606 -0.174016
v 0.112587 -0.005124 -0.174420
v 0.059328 -0.010431 -0.173934
v 0.052432 -0.030110 -0.174068
v 0.025242 -0.065278 -0.174065
v 0.038086 -0.047368 -0.174073
v 0.025713 -0.054299 -0.173523
v 0.017133 -0.057719 -0.173802
v 0.059661 -0.058755 -0.175003
v 0.063339 -0.056924 -0.175002
v 0.059948 -0.062204 -0.174986
v 0.089518 -0.067049 -0.174272
v 0.102600 -0.046770 -0.175565
v 0.065622 -0.059922 -0.174930
v 0.063022 -0.063086 -0.174723
v 0.061871 -0.082807 -0.175038
v 0.057233 -0.082790 -0.174553
v 0.062068 -0.091547 -0.174073
v 0.068016 -0.090996 -0.175599
v 0.061573 -0.086995 -0.175106
v 0.057714 -0.087633 -0.174966
v 0.031809 -0.107362 -0.174421
v 0.016407 -0.093101 -0.174976
v 0.016127 -0.089233 -0.175208
v 0.012262 -0.089182 -0.174877
v 0.013792 -0.094167 -0.174729
v 0.006302 -0.093589 -0.174073
v 0.011439 -0.092711 -0.175152
v 0.001180 -0.060268 -0.173952
v -0.020815 -0.073449 -0.174073
v -0.015079 -0.058888 -0.174037
v -0.029657 -0.052845 -0.173639
v 0.000733 -0.093796 -0.175103
v 0.000780 -0.097636 -0.175024
v -0.003949 -0.094083 -0.175135
v -0.003100 -0.098059 -0.175072
v -0.000675 -0.100567 -0.174073
v -0.046223 -0.055307 -0.174971
v -0.050077 -0.056339 -0.174936
v -0.046088 -0.061149 -0.174789
v -0.062046 -0.062032 -0.174073
v -0.034630 -0.106768 -0.174519
v -0.004012 -0.113019 -0.175488
v -0.050250 -0.060664 -0.175269
v -0.064055 -0.072978 -0.174985
v -0.062941 -0.078159 -0.175008
v -0.067809 -0.073831 -0.175076
v -0.062018 -0.093711 -0.174631
v -0.066626 -0.078809 -0.174895
v 0.105573 -0.039355 -0.216621
v 0.095681 -0.063258 -0.216621
v 0.108689 -0.030547 -0.216462
v 0.108007 -0.037999 -0.216622
v 0.106525 -0.036500 -0.216621
v 0.101140 -0.045383 -0.216317
v 0.088605 -0.066155 -0.216317
v 0.109782 -0.015788 -0.216318
v 0.081503 -0.079204 -0.216568
v 0.109855 -0.023972 -0.216317
v 0.071012 -0.085242 -0.216317
v 0.112767 0.000927 -0.216317
v 0.110331 0.007902 -0.216317
v 0.106902 0.033188 -0.216317
v 0.062548 -0.093993 -0.216276
v 0.045315 -0.101208 -0.216317
v 0.034518 -0.107485 -0.216317
v 0.015721 -0.109850 -0.216318
v 0.001819 -0.112821 -0.216317
v -0.007970 -0.110399 -0.216317
v -0.031895 -0.107372 -0.216317
v 0.097010 0.052939 -0.216317
v 0.093325 0.063145 -0.216317
v 0.088605 0.066418 -0.216317
v 0.080072 0.080086 -0.214947
v 0.078139 0.078153 -0.216317
v 0.060785 0.094852 -0.216317
v 0.065928 0.088461 -0.216317
v 0.052608 0.097341 -0.216317
v 0.030690 0.107515 -0.216317
v -0.060867 -0.094906 -0.216317
v -0.053007 -0.097078 -0.216317
v -0.066486 -0.088673 -0.216317
v -0.079729 -0.079715 -0.215249
v -0.002144 0.016139 0.055123
v -0.001993 0.015766 0.056223
v 0.001909 0.015341 0.056661
v -0.002120 0.024198 0.054410
v 0.001814 0.016324 0.052192
v 0.001899 0.024183 0.054122
v 0.064436 -0.027506 -0.073984
v 0.065392 -0.025781 -0.074998
v 0.068082 -0.016038 -0.074535
v 0.065392 -0.026883 -0.074998
v 0.067871 -0.029912 -0.074998
v 0.066017 -0.028396 -0.074998
v 0.070032 -0.031457 -0.066997
v 0.069905 -0.031402 -0.074998
v 0.067871 -0.029912 -0.066997
v 0.067871 -0.029912 -0.073984
v 0.063648 -0.027323 -0.066997
v 0.067017 -0.009781 -0.073984
v 0.066897 -0.009771 -0.066997
v 0.067320 0.001759 -0.066997
v 0.067320 0.004788 -0.073984
v 0.067320 0.001759 -0.060998
v 0.067320 0.005890 -0.060998
v 0.065951 0.013878 -0.066997
v 0.065943 0.013876 -0.060998
v 0.066680 0.018589 -0.074291
v 0.063921 0.020851 -0.066997
v 0.059846 0.035211 -0.074243
v 0.059378 0.036106 -0.066997
v 0.062640 0.039375 -0.074761
v 0.061536 0.024617 -0.060998
v 0.047113 0.039180 -0.066997
v 0.060838 0.018589 -0.066997
v 0.059670 0.017773 -0.060998
v 0.059057 0.016905 -0.066997
v 0.059057 0.016355 -0.066997
v 0.059057 0.015528 -0.066997
v 0.059808 0.014021 -0.066997
v 0.059936 0.013976 -0.060998
v 0.061992 0.040197 -0.066997
v 0.064876 0.042957 -0.066997
v 0.064666 0.044205 -0.074566
v 0.061767 0.046900 -0.066997
v 0.060504 0.043186 -0.074998
v 0.060576 0.043687 -0.066997
v 0.062233 -0.023773 -0.074998
v 0.068082 -0.016038 -0.074535
v 0.065392 -0.025781 -0.074998
v 0.065392 -0.032115 -0.074998
v 0.066630 -0.002247 -0.074998
v 0.070120 -0.000239 -0.074531
v 0.064196 0.017428 -0.074998
v 0.066680 0.018589 -0.074291
v 0.059846 0.035211 -0.074243
v 0.064650 -0.034363 -0.074998
v 0.056396 0.035230 -0.074998
v 0.053674 -0.039508 -0.074998
v 0.062640 0.039375 -0.074761
v 0.060504 0.043186 -0.074998
v 0.064666 0.044205 -0.074566
v 0.055742 0.055174 -0.074652
v 0.046111 0.048025 -0.074998
v 0.062488 -0.047554 -0.074908
v 0.043028 0.061773 -0.074998
v 0.045022 0.064144 -0.074474
v 0.038959 0.062875 -0.074498
v 0.041671 0.059578 -0.074998
v 0.034429 0.056948 -0.074998
v 0.035495 0.060220 -0.074479
v 0.016721 0.064520 -0.074998
v 0.018363 0.066927 -0.074267
v 0.000268 0.069132 -0.074338
v -0.003593 0.066525 -0.074998
v -0.014771 0.067207 -0.074246
v -0.019995 0.063448 -0.074998
v -0.027863 0.065126 -0.074392
v -0.029911 0.067854 -0.074998
v -0.033501 0.065472 -0.074998
v -0.033133 0.069756 -0.074998
v -0.032474 0.066517 -0.066997
v -0.035799 0.067787 -0.066997
v -0.047260 0.062824 -0.074998
v -0.032315 0.058311 -0.074998
v -0.046162 0.048025 -0.074998
v -0.055069 0.037306 -0.074998
v -0.061948 0.048430 -0.074998
v -0.063511 0.020627 -0.074998
v -0.066339 0.034794 -0.074998
v -0.070076 0.032323 -0.074936
v -0.066164 0.032200 -0.074998
v -0.064350 0.027351 -0.074195
v -0.067318 0.012376 -0.074177
v -0.070170 0.000161 -0.074522
v -0.066708 0.000121 -0.074998
v -0.067394 -0.019772 -0.074551
v -0.063637 -0.020414 -0.074998
v -0.061264 -0.036140 -0.074949
v -0.056077 -0.035971 -0.074998
v -0.059517 -0.041623 -0.074998
v -0.063352 -0.041498 -0.074998
v -0.062209 -0.043470 -0.066867
v -0.061119 -0.041447 -0.065944
v -0.053973 -0.045996 -0.074998
v -0.050208 -0.045140 -0.074998
v -0.060590 -0.044204 -0.074998
v -0.064341 -0.045059 -0.074998
v -0.056983 -0.054006 -0.074998
v -0.053367 -0.050251 -0.074998
v -0.046155 -0.048179 -0.074998
v -0.044214 -0.060631 -0.074998
v -0.043794 -0.064750 -0.074998
v -0.040373 -0.062511 -0.074998
v -0.041467 -0.059915 -0.074998
v -0.034880 -0.061196 -0.074997
v -0.031420 -0.058990 -0.074998
v -0.015978 -0.066817 -0.074996
v 0.055362 0.016139 -0.029667
v 0.055371 0.021234 -0.029586
v 0.056829 0.015022 -0.030801
v 0.054486 0.016324 -0.029612
v 0.054226 0.016324 -0.029612
v 0.051424 0.016324 -0.031795
v 0.050240 0.021017 -0.033874
v 0.043817 0.020878 -0.038228
v 0.044010 0.016323 -0.037027
v 0.043801 0.024202 -0.036352
v 0.041211 0.024157 -0.033840
v 0.041021 0.016324 -0.034512
v 0.045630 0.030738 -0.109036
v 0.045630 0.030738 -0.118761
v 0.044007 0.031136 -0.111103
v 0.045630 0.030738 -0.108732
v 0.044892 0.030136 -0.106771
v -0.101352 -0.044788 -0.175985
v -0.102642 -0.046174 -0.175897
v -0.102642 -0.046174 -0.176505
v -0.102642 -0.046174 -0.176809
v -0.102642 -0.046174 -0.177112
v -0.101332 -0.045020 -0.216317
v -0.102642 -0.046174 -0.216317
v -0.107638 -0.030905 -0.216317
v -0.102642 -0.046174 -0.214190
v -0.103676 -0.046705 -0.216474
v -0.107875 -0.023477 -0.176134
v -0.105816 -0.041893 -0.230296
v -0.110096 -0.024131 -0.230297
v -0.090908 -0.068058 -0.230297
v -0.111297 -0.006638 -0.216316
v -0.109617 -0.012524 -0.176180
v -0.090906 -0.068057 -0.216925
v -0.112835 0.001834 -0.230297
v -0.110439 0.009532 -0.176330
v -0.110102 0.017074 -0.216317
v -0.107521 0.036524 -0.230297
v -0.104467 0.036075 -0.176047
v -0.103714 0.040965 -0.216318
v -0.096793 0.053199 -0.176094
v -0.092734 0.062022 -0.216317
v -0.083246 0.072666 -0.176341
v -0.094565 0.063549 -0.230297
v -0.074297 0.083514 -0.216317
v -0.073145 0.087124 -0.230297
v -0.086229 -0.073913 -0.223523
v -0.084047 -0.076171 -0.224983
v -0.084528 -0.074932 -0.218155
v -0.080494 -0.080479 -0.230297
v -0.082256 -0.078183 -0.222804
v -0.080426 -0.080412 -0.216925
v -0.082347 -0.077653 -0.219484
v -0.086270 -0.074626 -0.220339
v -0.102642 -0.046174 -0.176201
v -0.104007 -0.042496 -0.174644
v -0.102642 -0.046174 -0.176505
v -0.102642 -0.046174 -0.177112
v -0.102642 -0.046174 -0.175897
v -0.099894 -0.052019 -0.175808
v -0.102642 -0.046174 -0.214190
v -0.108683 -0.033521 -0.214190
v -0.112308 -0.008878 -0.175005
v -0.103676 -0.046705 -0.216474
v -0.113218 -0.008098 -0.214190
v -0.110814 0.021694 -0.214191
v -0.110621 0.019862 -0.175228
v -0.102119 0.046759 -0.174779
v -0.100553 0.051270 -0.214189
v -0.087486 0.070224 -0.174447
v -0.087776 0.072611 -0.214190
v -0.114318 -0.012285 -0.230297
v -0.113864 0.015745 -0.214190
v -0.105816 -0.041893 -0.230296
v -0.113446 0.018577 -0.230297
v -0.100739 -0.055054 -0.230297
v -0.105782 0.044848 -0.214190
v -0.100739 -0.055054 -0.216925
v -0.107521 0.036524 -0.230297
v -0.090908 -0.068058 -0.230297
v -0.094565 0.063549 -0.230297
v -0.073145 0.087124 -0.230297
v -0.090906 -0.068057 -0.216925
v -0.086270 -0.074626 -0.220339
v -0.080426 -0.080412 -0.216925
v -0.080494 -0.080479 -0.230297
v -0.086229 -0.073913 -0.223523
v -0.082256 -0.078183 -0.222804
v -0.084047 -0.076171 -0.224983
v 0.060473 0.024318 -0.050060
v 0.060473 0.024318 -0.037646
v 0.059733 0.019053 -0.060998
v 0.060473 0.024318 -0.060998
v 0.059302 0.018908 0.011730
v 0.060473 0.024318 0.000109
v 0.059692 0.024318 0.009382
v 0.056617 0.024328 0.022314
v 0.059036 0.013580 -0.049342
v 0.059093 0.013562 -0.060998
v 0.066343 0.012767 -0.055232
v 0.066309 0.002661 -0.055195
v 0.059060 0.001972 -0.049383
v 0.059593 -0.035891 -0.060998
v 0.056665 0.001292 -0.060998
v 0.058572 -0.007816 0.015680
v 0.052134 -0.002500 0.026613
v 0.047113 0.003316 0.038146
v 0.049021 0.024318 0.035537
v 0.042774 0.024318 0.042670
v 0.059338 -0.004027 0.011469
v 0.058263 -0.012326 0.006715
v 0.060389 -0.036113 -0.052637
v 0.060474 -0.041972 -0.052747
v 0.060473 -0.050232 -0.060998
v 0.059344 -0.051019 -0.052913
v 0.050322 0.023946 0.025075
v 0.048684 0.016272 0.023806
v 0.048544 0.024189 0.024077
v 0.050322 0.015766 0.025075
v 0.052371 0.024201 0.023396
v 0.050322 0.015580 0.025075
v 0.052526 0.014116 0.023304
v 0.045285 -0.055799 -0.073984
v 0.045285 -0.055799 -0.066997
v 0.042630 -0.054168 -0.073984
v 0.043570 -0.054396 -0.066997
v 0.044578 -0.053909 -0.060998
v 0.035142 -0.058191 -0.066997
v 0.035029 -0.058442 -0.073984
v 0.047147 -0.057387 -0.073984
v 0.045285 -0.055799 -0.060998
v 0.047158 -0.057323 -0.060998
v 0.052997 -0.057727 -0.060998
v 0.050569 -0.060060 -0.074502
v 0.025329 -0.065443 -0.074997
v 0.029802 -0.059781 -0.074998
v 0.026830 -0.065438 -0.074998
v 0.015808 -0.066370 -0.074998
v 0.033183 -0.064755 -0.074998
v 0.028571 -0.066181 -0.074997
v 0.050569 -0.060060 -0.074502
v 0.033643 -0.067201 -0.074998
v 0.031631 -0.070254 -0.074998
v 0.036543 -0.069542 -0.074485
v 0.042530 -0.051118 -0.074998
v 0.052641 -0.050232 -0.074998
v 0.053321 -0.046222 -0.074998
v 0.067372 -0.033792 -0.074998
v 0.069767 -0.036006 -0.074517
v 0.069905 -0.031402 -0.074998
v 0.067871 -0.029912 -0.074998
v 0.066017 -0.028396 -0.074998
v 0.065392 -0.026883 -0.074998
v 0.026292 -0.064978 -0.067100
v 0.025329 -0.065443 -0.074997
v 0.026830 -0.065438 -0.074998
v 0.015904 -0.067001 -0.067651
v 0.015808 -0.066370 -0.074998
v 0.026830 -0.065438 -0.067628
v 0.028571 -0.066181 -0.074997
v 0.029914 -0.068039 -0.067039
v 0.031631 -0.070254 -0.074998
v 0.036149 -0.069700 -0.066998
v 0.036543 -0.069542 -0.074485
v -0.026711 0.016245 0.046426
v -0.028801 0.023946 0.048376
v -0.027863 0.024256 0.047192
v -0.030000 0.016327 0.044541
v -0.030000 0.024195 0.044337
v -0.032201 0.015698 0.046302
v -0.031622 0.024230 0.047705
v -0.031233 0.013992 0.048341
v -0.031925 0.015952 0.045523
v -0.031925 0.023946 0.045523
v 0.052997 0.005890 -0.060998
v 0.055243 0.003504 -0.060998
v 0.067320 0.005890 -0.060998
v 0.067320 0.001759 -0.060998
v 0.059325 0.001094 -0.060998
v 0.056095 -0.005136 -0.060998
v 0.060515 -0.034957 -0.060998
v 0.051370 0.002599 -0.060998
v 0.056660 -0.033882 -0.060998
v 0.047019 0.000268 -0.060998
v 0.048039 0.005890 -0.060998
v 0.052700 -0.046224 -0.060998
v 0.061528 -0.049040 -0.060998
v 0.044935 -0.041260 -0.060997
v 0.053223 -0.050279 -0.060998
v 0.052997 -0.057727 -0.060998
v 0.047158 -0.057323 -0.060998
v 0.044578 -0.053909 -0.060998
v 0.045285 -0.055799 -0.060998
v 0.036330 0.002453 -0.060998
v 0.045023 0.006710 -0.060998
v 0.040652 0.008114 -0.060998
v 0.045612 0.013829 -0.060998
v 0.043588 0.011083 -0.060998
v 0.049930 0.009334 -0.060998
v 0.037916 0.015473 -0.060998
v 0.038036 0.024817 -0.060997
v 0.055609 0.009880 -0.060998
v 0.035093 0.039213 -0.060998
v 0.040860 0.030781 -0.060998
v 0.045181 0.026961 -0.060998
v 0.044303 0.033326 -0.060998
v 0.050920 0.029778 -0.060998
v 0.046923 0.039211 -0.060997
v 0.061536 0.024617 -0.060998
v 0.056825 0.024858 -0.060998
v 0.059670 0.017773 -0.060998
v 0.059936 0.013976 -0.060998
v 0.065943 0.013876 -0.060998
v -0.050569 0.028748 -0.067737
v -0.051962 0.029543 -0.071244
v -0.049467 0.028748 -0.067737
v -0.051395 0.028748 -0.067737
v -0.053030 0.027338 -0.067737
v -0.057523 0.010677 -0.071244
v -0.057419 0.010378 -0.067737
v -0.047601 0.027471 -0.071244
v -0.046532 0.026426 -0.067737
v -0.040001 0.024857 -0.071244
v -0.039871 0.024054 -0.067737
v 0.106525 -0.036500 -0.230297
v 0.106525 -0.036500 -0.216621
v 0.106683 -0.036025 -0.216621
v 0.106683 -0.036659 -0.230297
v 0.108007 -0.037999 -0.216622
v 0.107001 -0.036976 -0.230297
v 0.107952 -0.037927 -0.230297
v 0.106683 -0.036025 -0.230297
v 0.108689 -0.030547 -0.216462
v 0.105573 -0.039355 -0.216621
v 0.108997 -0.031362 -0.218493
v 0.109855 -0.023972 -0.216317
v 0.109257 -0.030720 -0.220647
v 0.110770 -0.024103 -0.230297
v 0.109873 -0.029003 -0.218506
v 0.113607 -0.005337 -0.230297
v 0.112767 0.000927 -0.216317
v 0.107926 0.035766 -0.230297
v 0.096901 0.059772 -0.230297
v 0.093325 0.063145 -0.216317
v 0.080327 0.080341 -0.230297
v 0.080072 0.080086 -0.214947
v 0.107001 -0.036976 -0.230297
v 0.106525 -0.036500 -0.230297
v 0.106683 -0.036025 -0.230297
v 0.107952 -0.037927 -0.230297
v 0.110770 -0.024103 -0.230297
v 0.031084 0.024227 0.047805
v 0.029220 0.024199 0.044770
v 0.031842 0.023946 0.045523
v 0.028719 0.023946 0.048376
v 0.027975 0.024167 0.047859
v 0.001899 0.024183 0.054122
v 0.002970 0.016285 0.054759
v 0.001911 0.023946 0.056223
v 0.001911 0.015766 0.056223
v 0.001814 0.016324 0.052192
v -0.000007 0.024197 0.057414
v 0.001911 0.015580 0.056223
v 0.001909 0.015341 0.056661
v 0.001911 0.015766 0.056223
v 0.002970 0.016285 0.054759
v 0.007452 0.012688 0.057352
v -0.004936 0.016229 0.054941
v -0.002144 0.016139 0.055123
v -0.001726 0.016324 0.050558
v 0.001814 0.016324 0.052192
v 0.012765 0.016184 0.053198
v 0.015355 0.014461 0.055337
v 0.022584 0.014653 0.052668
v 0.018176 0.016251 0.051829
v 0.015985 0.016324 0.048097
v 0.010933 0.016324 0.050411
v 0.025550 0.016221 0.048957
v 0.032121 0.015685 0.046276
v 0.027804 0.016226 0.046979
v 0.025729 0.016324 0.043467
v 0.030010 0.016323 0.044538
v 0.032878 0.016240 0.042934
v 0.031842 0.016138 0.045523
v 0.031842 0.015952 0.045523
v 0.038005 0.014392 0.043269
v 0.039420 0.016228 0.038428
v 0.042144 0.014690 0.038722
v 0.043397 0.016215 0.031808
v 0.048654 0.014560 0.030648
v 0.037082 0.016324 0.034331
v 0.042405 0.016241 0.034489
v 0.048133 0.016144 0.027581
v 0.052526 0.014116 0.023304
v 0.051468 0.016140 0.020322
v 0.055300 0.014416 0.016095
v 0.048684 0.016272 0.023806
v 0.050322 0.015766 0.025075
v 0.047622 0.016323 0.018129
v 0.044880 0.016322 0.023430
v 0.053095 0.016313 0.011103
v 0.056825 0.014798 0.007058
v 0.053122 0.016284 0.003280
v 0.057467 0.014373 0.000855
v 0.053356 0.016323 0.006462
v 0.049162 0.016323 0.007495
v -0.002144 0.016139 0.055123
v -0.002120 0.024198 0.054410
v -0.001993 0.023946 0.056223
v -0.001993 0.015766 0.056223
v -0.030806 -0.045698 -0.138515
v -0.030806 -0.045698 -0.118761
v -0.032089 -0.043432 -0.136086
v -0.029694 -0.044517 -0.137142
v -0.030806 -0.045698 -0.138819
v -0.030806 -0.045698 -0.139123
v -0.030773 -0.044040 -0.142153
v -0.031381 -0.044095 -0.146950
v -0.027994 -0.047992 -0.158801
v -0.029454 -0.045196 -0.149874
v -0.050148 0.024252 0.021006
v -0.049623 0.024318 0.006767
v -0.049661 0.023704 -0.007449
v -0.046862 0.016324 0.021459
v -0.049770 0.024130 0.025106
v -0.048991 0.016183 0.026090
v -0.050403 0.021343 -0.005301
v -0.049623 0.021343 0.006291
v -0.051772 0.021343 0.003526
v -0.056576 0.021342 -0.002121
v -0.056635 0.021345 0.001984
v -0.055349 -0.042610 -0.052913
v -0.055349 0.002566 -0.052913
v -0.057126 -0.041112 -0.051733
v -0.055610 0.003310 -0.052913
v -0.056957 0.021041 -0.051783
v -0.055349 0.003868 -0.052913
v -0.055349 0.020228 -0.052913
v -0.060554 -0.042007 -0.052793
v -0.054643 0.020985 -0.052876
v -0.058094 -0.044506 -0.052913
v -0.058950 -0.050774 -0.052913
v -0.057599 -0.045573 -0.056004
v -0.053354 -0.042463 -0.052913
v -0.056727 -0.051332 -0.056004
v -0.054355 -0.051006 -0.060998
v -0.054133 -0.045465 -0.060998
v -0.054558 0.001070 -0.052913
v -0.055349 0.002380 -0.052913
v -0.052365 -0.004677 -0.052913
v -0.049938 0.001422 -0.052913
v -0.052174 -0.036836 -0.052913
v -0.046740 -0.044680 -0.052913
v -0.048292 -0.046869 -0.056004
v -0.052062 -0.043352 -0.056007
v -0.045182 0.003590 -0.052913
v -0.037293 0.003763 -0.052913
v -0.053551 0.005585 -0.052913
v -0.049060 0.010204 -0.052913
v -0.055349 0.004054 -0.052913
v -0.044093 0.014863 -0.054459
v -0.035391 0.021042 -0.052856
v -0.038320 0.012031 -0.052913
v -0.039326 0.012009 -0.056004
v -0.046679 0.011715 -0.056004
v -0.046796 -0.051961 -0.052913
v -0.049947 -0.051092 -0.056004
v -0.052031 -0.054349 -0.054468
v -0.047777 -0.056278 -0.052913
v -0.054048 -0.056739 -0.052913
v 0.030723 0.045644 -0.117849
v 0.030314 0.045066 -0.118693
v 0.030723 0.045644 -0.118457
v 0.032353 0.043798 -0.116255
v 0.030723 0.045644 -0.108124
v 0.031243 0.043927 -0.111264
v 0.034375 0.041267 -0.118131
v 0.030756 0.045612 -0.109456
v 0.029725 0.044706 -0.106359
v 0.026987 0.048510 -0.099183
v 0.030723 0.045644 -0.139123
v 0.030047 0.044612 -0.137080
v 0.030723 0.045644 -0.138819
v 0.030643 0.044075 -0.142008
v 0.032580 0.043069 -0.146882
v 0.030723 0.045644 -0.148848
v 0.030138 0.044086 -0.147336
v 0.030723 0.045644 -0.149456
v 0.030723 0.045644 -0.149840
v 0.030706 0.044176 -0.152656
v 0.027912 0.047938 -0.158801
v 0.013609 0.010847 -0.071244
v 0.013609 0.010847 -0.074641
v 0.013906 0.010770 -0.071445
v 0.014561 0.009594 -0.074943
v 0.017078 0.004776 -0.071491
v 0.012635 0.013070 -0.074873
v 0.017615 -0.001720 -0.074998
v 0.015755 -0.000195 -0.071491
v 0.013956 -0.010789 -0.072778
v 0.013609 0.010847 -0.071162
v 0.012772 0.009577 -0.071375
v 0.013108 0.010124 -0.067115
v 0.011445 0.013268 -0.067130
v 0.066343 0.012767 -0.055232
v 0.066459 0.012605 -0.060998
v 0.066199 0.012791 -0.060998
v 0.065938 0.012977 -0.060998
v 0.065418 0.013349 -0.060998
v 0.059093 0.013562 -0.060998
v 0.059036 0.013580 -0.049342
v 0.045285 -0.055799 -0.066997
v 0.045285 -0.055799 -0.060998
v 0.044578 -0.053909 -0.060998
v 0.044935 -0.041260 -0.060997
v 0.043570 -0.054396 -0.066997
v 0.045012 -0.041267 -0.066997
v 0.056718 -0.033858 -0.066998
v 0.056660 -0.033882 -0.060998
v 0.051726 -0.043759 -0.096485
v 0.042776 -0.050138 -0.096879
v 0.044520 -0.051883 -0.096879
v 0.030020 -0.061426 -0.098422
v 0.043309 -0.051867 -0.096210
v 0.042934 -0.050297 -0.096879
v 0.034511 -0.056864 -0.096586
v 0.017560 -0.051226 -0.097432
v 0.023770 -0.062003 -0.096745
v 0.010391 -0.065556 -0.096564
v -0.000311 -0.067691 -0.096380
v 0.036889 -0.039369 -0.097734
v 0.057152 -0.033545 -0.096786
v -0.015635 -0.051518 -0.097476
v 0.052472 -0.012901 -0.097992
v -0.011806 -0.066736 -0.096221
v -0.025139 -0.061481 -0.096759
v -0.039127 -0.053551 -0.096793
v -0.030878 -0.043002 -0.099821
v 0.065617 -0.009432 -0.096845
v 0.062360 -0.022748 -0.096646
v 0.052161 0.013403 -0.097676
v 0.067382 -0.000195 -0.096337
v 0.066678 0.011633 -0.096311
v 0.060631 0.026722 -0.096825
v 0.039333 0.039335 -0.098155
v 0.052992 0.039871 -0.096452
v 0.047345 0.047360 -0.097760
v 0.032819 0.057750 -0.096841
v 0.037753 0.037770 -0.098590
v 0.043156 0.031103 -0.098439
v 0.028132 0.045624 -0.097828
v 0.009623 0.053384 -0.097298
v 0.018798 0.063727 -0.096734
v 0.011669 0.066729 -0.096030
v 0.000308 0.067526 -0.096495
v -0.013806 0.064794 -0.096844
v -0.015998 0.051426 -0.097871
v -0.030339 0.058948 -0.096851
v -0.036934 0.039416 -0.097880
v -0.043282 0.051675 -0.096447
v -0.054002 0.009069 -0.097306
v -0.051446 0.043169 -0.096580
v -0.058454 0.031535 -0.096625
v -0.062451 0.022625 -0.096659
v -0.067528 -0.000369 -0.096503
v -0.066827 -0.011698 -0.096139
v -0.051367 -0.016113 -0.098060
v -0.063714 -0.019124 -0.096736
v -0.057845 -0.032908 -0.096834
v -0.039434 -0.039407 -0.098112
v -0.053065 -0.039955 -0.096452
v -0.043233 -0.031050 -0.098401
v -0.047466 -0.047452 -0.097832
v -0.037839 -0.037827 -0.098580
v 0.041212 0.023946 0.038390
v 0.041212 0.015766 0.038390
v 0.039420 0.016228 0.038428
v 0.042144 0.014690 0.038722
v 0.039809 0.024192 0.036543
v 0.042777 0.024205 0.038105
v 0.041212 0.015580 0.038390
v 0.037216 -0.063946 -0.073984
v 0.045285 -0.055799 -0.073984
v 0.042630 -0.054168 -0.073984
v 0.035029 -0.058442 -0.073984
v 0.047147 -0.057387 -0.073984
v 0.036543 -0.069542 -0.074485
v 0.050569 -0.060060 -0.074502
v 0.019837 -0.026637 -0.066997
v 0.021046 -0.026883 -0.074998
v 0.021046 -0.027433 -0.074998
v 0.019491 -0.025809 -0.074998
v 0.019291 -0.029237 -0.074997
v 0.021046 -0.029086 -0.071244
v 0.021046 -0.029086 -0.074998
v 0.028403 -0.022149 -0.074998
v 0.029199 -0.021085 -0.071244
v 0.019291 -0.029237 -0.074997
v 0.012440 -0.034012 -0.071243
v 0.014802 -0.031491 -0.074998
v 0.002689 -0.036027 -0.074998
v -0.002860 -0.036015 -0.071244
v -0.013917 -0.033503 -0.074061
v -0.024864 -0.026248 -0.071240
v -0.021434 -0.028184 -0.074998
v -0.029727 -0.020870 -0.074998
v -0.020057 -0.026803 -0.066997
v -0.019361 -0.026842 -0.074998
v 0.028719 0.015580 0.048376
v 0.032121 0.015685 0.046276
v 0.028719 0.015766 0.048376
v 0.027804 0.016226 0.046979
v 0.001909 0.015341 0.056661
v 0.001911 0.015580 0.056223
v 0.001911 0.015766 0.056223
v 0.001909 0.015341 0.056661
v -0.001993 0.015766 0.056223
v -0.001993 0.015580 0.056223
v -0.029911 0.067854 -0.073984
v -0.029911 0.067854 -0.066997
v -0.027126 0.063492 -0.066998
v -0.027863 0.065126 -0.074392
v -0.029911 0.067854 -0.074998
v -0.025685 0.062712 -0.073984
v -0.016219 0.065598 -0.066998
v -0.014771 0.067207 -0.074246
v -0.001047 0.067642 -0.066997
v 0.000268 0.069132 -0.074338
v 0.014966 0.065874 -0.066997
v 0.018363 0.066927 -0.074267
v 0.023525 0.063172 -0.073984
v 0.023242 0.063354 -0.066998
v 0.035539 0.059155 -0.066997
v 0.035495 0.060220 -0.074479
v 0.038959 0.062875 -0.074498
v 0.040404 0.063079 -0.066997
v 0.044019 0.064314 -0.066997
v 0.045022 0.064144 -0.074474
v -0.028801 0.023946 0.048376
v -0.031622 0.024230 0.047705
v -0.027863 0.024256 0.047192
v -0.031925 0.023946 0.045523
v -0.030000 0.024195 0.044337
v -0.042203 0.014706 0.038698
v -0.041295 0.015766 0.038390
v -0.040124 0.016212 0.036855
v -0.041295 0.023946 0.038390
v -0.040251 0.024217 0.037346
v -0.042561 0.024213 0.034527
v -0.042866 0.016138 0.034496
v -0.049623 0.021343 0.006767
v -0.049623 0.021343 0.006291
v -0.050403 0.021343 -0.005301
v -0.094636 -0.060392 -0.228926
v -0.055555 -0.032603 -0.228399
v -0.104042 -0.042682 -0.228508
v -0.060028 -0.021003 -0.229293
v -0.054146 -0.034894 -0.228618
v -0.093774 -0.061711 -0.230025
v -0.056428 -0.019873 -0.229232
v -0.057589 -0.019858 -0.229087
v -0.056657 -0.009820 -0.228707
v -0.056895 -0.019487 -0.228316
v -0.048520 -0.020756 -0.228726
v -0.053062 -0.026562 -0.228518
v -0.046693 -0.008676 -0.228404
v -0.046402 -0.023861 -0.228770
v -0.044677 -0.019913 -0.228730
v -0.049745 -0.032018 -0.228786
v -0.045016 -0.014840 -0.229625
v -0.039684 -0.025661 -0.228778
v -0.057455 -0.007120 -0.228755
v -0.110561 -0.020410 -0.228966
v -0.059417 0.010372 -0.228300
v -0.112232 -0.005862 -0.228899
v -0.111061 0.016802 -0.228894
v -0.105743 0.037361 -0.228799
v -0.098667 0.053723 -0.228648
v -0.052586 0.010972 -0.228882
v -0.051033 0.019382 -0.228660
v -0.049897 0.008445 -0.228881
v -0.085621 0.072845 -0.228961
v -0.047268 -0.004588 -0.228638
v -0.048754 0.011686 -0.228664
v -0.046539 0.009309 -0.228708
v -0.040499 0.024592 -0.229145
v -0.045814 0.035798 -0.229553
v -0.068077 0.089531 -0.228648
v -0.014093 0.056558 -0.228895
v 0.001386 0.053449 -0.228702
v -0.048334 0.101348 -0.228965
v -0.006145 0.046860 -0.229001
v -0.031371 0.107907 -0.228810
v 0.006770 0.046851 -0.228771
v 0.004450 0.055367 -0.228844
v -0.009618 0.111832 -0.228703
v 0.008476 0.050001 -0.228883
v 0.011805 0.048947 -0.228751
v 0.022997 0.041424 -0.228863
v 0.011221 0.052475 -0.228763
v 0.029209 0.049734 -0.228832
v 0.008796 0.111744 -0.228799
v 0.030412 0.108055 -0.228973
v 0.050922 0.100091 -0.228443
v 0.031920 0.048151 -0.228845
v 0.064673 0.091929 -0.228925
v 0.038627 0.035892 -0.228799
v 0.026924 0.039148 -0.228629
v 0.084440 0.073928 -0.228575
v 0.036141 0.032722 -0.228957
v 0.040467 0.032624 -0.228768
v 0.039439 0.025883 -0.229252
v 0.094090 0.061038 -0.229333
v 0.102689 0.045501 -0.228479
v 0.046256 0.023701 -0.228825
v 0.044572 0.019739 -0.228637
v 0.046699 0.008676 -0.228954
v 0.048428 0.020686 -0.228780
v 0.056983 0.009567 -0.228802
v 0.086543 0.018632 -0.228300
v 0.110221 0.022126 -0.228828
v 0.112030 0.005993 -0.228801
v 0.111729 -0.008864 -0.228801
v 0.057311 0.006458 -0.228800
v 0.109606 -0.023333 -0.228873
v 0.051462 -0.008994 -0.228684
v 0.105661 -0.037415 -0.228801
v 0.099893 -0.051109 -0.228801
v 0.047189 0.004070 -0.228674
v 0.087219 -0.070957 -0.228868
v 0.048798 -0.011738 -0.228838
v 0.045042 -0.014479 -0.228705
v 0.052296 -0.012633 -0.228692
v 0.050913 -0.019477 -0.228401
v 0.072879 -0.085423 -0.228801
v 0.037411 -0.029208 -0.228301
v 0.027327 -0.038542 -0.229160
v 0.033715 -0.046769 -0.229671
v 0.061125 -0.094098 -0.228737
v 0.031961 -0.048817 -0.228300
v -0.001366 -0.053525 -0.228633
v 0.048251 -0.101401 -0.228801
v 0.029394 -0.048981 -0.228300
v 0.029051 -0.108648 -0.228825
v 0.031052 -0.050429 -0.230137
v 0.024013 -0.040695 -0.229299
v 0.012119 -0.045987 -0.228301
v 0.001242 -0.047242 -0.229246
v -0.004448 -0.055449 -0.228788
v -0.007728 -0.046646 -0.228809
v -0.014692 -0.058499 -0.228300
v 0.005978 -0.112098 -0.228801
v -0.008562 -0.050044 -0.228899
v -0.008878 -0.111797 -0.228801
v -0.011884 -0.049002 -0.228748
v -0.011337 -0.052500 -0.228773
v -0.023011 -0.041493 -0.228870
v -0.023347 -0.109674 -0.228801
v -0.029292 -0.049788 -0.228834
v -0.037429 -0.105729 -0.228901
v -0.051124 -0.099961 -0.228901
v -0.063704 -0.092684 -0.228823
v -0.031999 -0.048219 -0.228800
v -0.081745 -0.077213 -0.228745
v -0.038614 -0.035883 -0.228793
v -0.027033 -0.039184 -0.228895
v -0.040576 -0.032694 -0.228801
v -0.036231 -0.032782 -0.228640
v -0.039325 -0.026218 -0.229248
v -0.061851 -0.020816 -0.229817
v -0.057915 -0.034477 -0.230030
v -0.094636 -0.060392 -0.228926
v -0.054117 -0.035059 -0.230204
v -0.093774 -0.061711 -0.230025
v -0.060028 -0.021003 -0.229293
v -0.039325 -0.026218 -0.229248
v -0.040576 -0.032694 -0.228801
v -0.036231 -0.032782 -0.228640
v -0.027033 -0.039184 -0.228895
v -0.038614 -0.035883 -0.228793
v -0.081745 -0.077213 -0.228745
v -0.031999 -0.048219 -0.228800
v -0.063704 -0.092684 -0.228823
v -0.029292 -0.049788 -0.228834
v -0.011337 -0.052500 -0.228773
v -0.051124 -0.099961 -0.228901
v -0.011884 -0.049002 -0.228748
v -0.023011 -0.041493 -0.228870
v -0.007728 -0.046646 -0.228809
v -0.008562 -0.050044 -0.228899
v -0.004448 -0.055449 -0.228788
v 0.001242 -0.047242 -0.229246
v 0.004216 -0.087268 -0.229392
v -0.037429 -0.105729 -0.228901
v -0.023347 -0.109674 -0.228801
v -0.008878 -0.111797 -0.228801
v 0.005978 -0.112098 -0.228801
v -0.001366 -0.053525 -0.228633
v 0.029051 -0.108648 -0.228825
v 0.003982 -0.049570 -0.230057
v 0.012475 -0.046725 -0.230062
v 0.012119 -0.045987 -0.228301
v 0.024013 -0.040695 -0.229299
v 0.023380 -0.043849 -0.230005
v 0.028517 -0.050653 -0.229671
v 0.031052 -0.050429 -0.230137
v 0.050746 -0.078051 -0.229529
v 0.048251 -0.101401 -0.228801
v 0.061125 -0.094098 -0.228737
v 0.072879 -0.085423 -0.228801
v 0.087219 -0.070957 -0.228868
v 0.033860 -0.050206 -0.229913
v 0.033715 -0.046769 -0.229671
v 0.029394 -0.048981 -0.228300
v 0.031961 -0.048817 -0.228300
v 0.050913 -0.019477 -0.228401
v 0.043547 -0.023870 -0.229863
v 0.078012 -0.039216 -0.229436
v 0.099893 -0.051109 -0.228801
v 0.105661 -0.037415 -0.228801
v 0.109606 -0.023333 -0.228873
v 0.042432 -0.020628 -0.229597
v 0.086543 0.018632 -0.229302
v 0.111729 -0.008864 -0.228801
v 0.112030 0.005993 -0.228801
v 0.110221 0.022126 -0.228828
v 0.102689 0.045501 -0.228479
v 0.037242 -0.030545 -0.230094
v 0.030468 -0.039261 -0.230073
v 0.027327 -0.038542 -0.229160
v 0.037411 -0.029208 -0.228301
v 0.045042 -0.014479 -0.228705
v 0.051250 -0.019282 -0.229302
v 0.048798 -0.011738 -0.228838
v 0.047189 0.004070 -0.228674
v 0.051462 -0.008994 -0.228684
v 0.052296 -0.012633 -0.228692
v 0.057311 0.006458 -0.228800
v 0.059335 -0.010425 -0.229302
v 0.056983 0.009567 -0.228802
v 0.048428 0.020686 -0.228780
v 0.046699 0.008676 -0.228954
v 0.044572 0.019739 -0.228637
v 0.039439 0.025883 -0.229252
v 0.094090 0.061038 -0.229333
v 0.046256 0.023701 -0.228825
v 0.040467 0.032624 -0.228768
v 0.036141 0.032722 -0.228957
v 0.026924 0.039148 -0.228629
v 0.038627 0.035892 -0.228799
v 0.031920 0.048151 -0.228845
v 0.084440 0.073928 -0.228575
v 0.064673 0.091929 -0.228925
v 0.029209 0.049734 -0.228832
v 0.011221 0.052475 -0.228763
v 0.011805 0.048947 -0.228751
v 0.022997 0.041424 -0.228863
v 0.004450 0.055367 -0.228844
v 0.006770 0.046851 -0.228771
v 0.008476 0.050001 -0.228883
v 0.050922 0.100091 -0.228443
v 0.030412 0.108055 -0.228973
v -0.001568 0.047178 -0.229704
v -0.006145 0.046860 -0.229001
v -0.002710 0.066571 -0.229298
v 0.001386 0.053449 -0.228702
v -0.004642 0.087208 -0.229489
v 0.008796 0.111744 -0.228799
v -0.009618 0.111832 -0.228703
v -0.031371 0.107907 -0.228810
v -0.004226 0.054945 -0.229935
v -0.014991 0.058944 -0.229861
v -0.010754 0.056986 -0.229727
v -0.008332 0.053695 -0.230136
v -0.014093 0.056558 -0.228895
v -0.048334 0.101348 -0.228965
v -0.047702 0.037769 -0.229810
v -0.030298 0.051082 -0.229883
v -0.045814 0.035798 -0.229553
v -0.034428 0.048403 -0.229941
v -0.050609 0.078140 -0.229575
v -0.068077 0.089531 -0.228648
v -0.085621 0.072845 -0.228961
v -0.077941 0.039492 -0.229449
v -0.098667 0.053723 -0.228648
v -0.105743 0.037361 -0.228799
v -0.111061 0.016802 -0.228894
v -0.047893 0.033224 -0.229663
v -0.045656 0.029017 -0.230099
v -0.040499 0.024592 -0.229145
v -0.048618 0.026179 -0.229782
v -0.051033 0.019382 -0.228660
v -0.112232 -0.005862 -0.228899
v -0.110561 -0.020410 -0.228966
v -0.042524 0.020575 -0.229616
v -0.046539 0.009309 -0.228708
v -0.052586 0.010972 -0.228882
v -0.104042 -0.042682 -0.228508
v -0.048754 0.011686 -0.228664
v -0.049897 0.008445 -0.228881
v -0.047268 -0.004588 -0.228638
v -0.057455 -0.007120 -0.228755
v -0.056657 -0.009820 -0.228707
v -0.045016 -0.014840 -0.229625
v -0.046693 -0.008676 -0.228404
v -0.056428 -0.019873 -0.229232
v -0.048520 -0.020756 -0.228726
v -0.044677 -0.019913 -0.228730
v -0.039684 -0.025661 -0.228778
v -0.046402 -0.023861 -0.228770
v -0.049745 -0.032018 -0.228786
v -0.053062 -0.026562 -0.228518
v -0.054355 -0.034513 -0.228895
v -0.054355 -0.034513 -0.229051
v -0.055555 -0.032603 -0.228399
v -0.054117 -0.035059 -0.230204
v -0.060028 -0.021003 -0.229293
v -0.054146 -0.034894 -0.228618
v -0.093774 -0.061711 -0.230025
v -0.081745 -0.077213 -0.228745
v -0.094636 -0.060392 -0.228926
v -0.055349 0.002380 -0.052913
v -0.055369 0.003221 -0.060998
v -0.055349 0.002566 -0.052913
v -0.054558 0.001070 -0.052913
v -0.055610 0.003310 -0.052913
v -0.055349 0.003868 -0.052913
v -0.055349 0.004054 -0.052913
v -0.053551 0.005585 -0.052913
v -0.051303 0.004434 -0.060998
v -0.057589 -0.019858 -0.228954
v -0.056428 -0.019873 -0.229232
v -0.056895 -0.019487 -0.228316
v -0.048520 -0.020756 -0.228726
v -0.057589 -0.019858 -0.229087
v -0.060028 -0.021003 -0.229293
v -0.058240 0.038825 -0.078037
v -0.053528 0.044896 -0.076194
v -0.058238 0.038199 -0.078037
v -0.058557 0.038508 -0.078037
v -0.065366 0.025948 -0.078031
v -0.059191 0.037874 -0.078037
v -0.064205 0.032871 -0.078037
v -0.069152 0.031538 -0.078037
v -0.064828 0.036940 -0.078037
v -0.069449 0.034713 -0.074997
v -0.069241 0.035490 -0.078037
v -0.060841 0.037134 -0.074997
v -0.065139 0.026844 -0.075000
v -0.053528 0.044896 -0.076194
v -0.051434 0.042807 -0.075984
v -0.065323 0.014611 -0.076581
v -0.064545 0.032635 -0.074997
v -0.067194 0.037206 -0.074997
v -0.068762 0.031492 -0.074997
v -0.068865 0.012660 -0.074997
v -0.069228 0.000153 -0.075463
v -0.066719 0.000343 -0.077451
v -0.066503 0.012671 -0.060999
v -0.065500 0.013349 -0.060998
v -0.059133 0.013577 -0.060998
v -0.066352 0.002616 -0.060982
v -0.055369 0.003221 -0.060998
v -0.059097 0.001953 -0.060998
v -0.052127 -0.036753 -0.060998
v -0.059695 -0.035887 -0.060998
v -0.052404 -0.004703 -0.060998
v -0.050558 0.000721 -0.060998
v -0.054133 -0.045465 -0.060998
v -0.060555 -0.050232 -0.060997
v -0.045947 -0.042917 -0.060998
v -0.054355 -0.051006 -0.060998
v -0.049934 -0.048841 -0.060997
v -0.054048 -0.056739 -0.060998
v -0.047335 -0.055389 -0.060998
v -0.051303 0.004434 -0.060998
v -0.037038 0.003249 -0.060998
v -0.045887 0.009740 -0.060998
v -0.043062 0.005036 -0.060998
v -0.040025 0.009347 -0.060998
v -0.059864 0.019542 -0.060998
v -0.035356 0.021091 -0.060998
v -0.043382 0.028172 -0.060998
v -0.045795 0.032807 -0.060998
v -0.046674 0.038169 -0.060996
v -0.060555 0.024318 -0.060997
v -0.040145 0.032573 -0.060998
v -0.035569 0.038261 -0.060998
v -0.033839 0.024628 -0.060997
v -0.007823 0.024318 -0.060998
v -0.018603 0.021023 -0.060998
v 0.003832 0.024318 -0.060998
v -0.007719 0.016324 -0.060998
v -0.018820 0.016324 -0.058978
v 0.007637 0.016324 -0.060998
v -0.029552 0.021065 -0.050880
v -0.024907 0.016324 -0.053694
v -0.030445 0.016324 -0.048846
v -0.039462 0.016324 -0.046125
v -0.040008 0.020978 -0.046036
v -0.043437 0.016324 -0.038524
v -0.044318 0.020856 -0.037882
v 0.018325 0.020846 -0.060972
v 0.018709 0.016324 -0.058854
v 0.034394 0.025086 -0.060998
v 0.019303 0.021045 -0.057820
v 0.026095 0.016324 -0.054561
v 0.030054 0.020833 -0.050436
v 0.035274 0.021091 -0.060998
v 0.039379 0.016324 -0.046125
v 0.030362 0.016324 -0.048906
v 0.039954 0.020984 -0.046008
v 0.044010 0.016323 -0.037027
v 0.043817 0.020878 -0.038228
v 0.042407 0.027470 -0.060998
v 0.040531 0.033112 -0.060998
v 0.035486 0.038261 -0.060998
v 0.047659 0.037049 -0.060997
v 0.045871 0.031807 -0.060998
v 0.045926 0.009236 -0.060998
v 0.060473 0.024318 -0.060998
v 0.059733 0.019053 -0.060998
v 0.059093 0.013562 -0.060998
v 0.040674 0.011524 -0.060998
v 0.036769 0.003438 -0.060998
v 0.040869 0.006503 -0.060998
v 0.048633 0.000679 -0.060998
v 0.050189 0.004559 -0.060998
v 0.051126 -0.000662 -0.060998
v 0.055826 0.004349 -0.060999
v 0.066308 0.002490 -0.060997
v 0.065418 0.013349 -0.060998
v 0.056665 0.001292 -0.060998
v 0.065938 0.012977 -0.060998
v 0.066459 0.012605 -0.060998
v 0.059593 -0.035891 -0.060998
v 0.052002 -0.036991 -0.060998
v 0.051246 -0.045695 -0.060998
v 0.045974 -0.042732 -0.060998
v 0.046942 -0.055063 -0.060998
v 0.055684 -0.048961 -0.060998
v 0.051073 -0.050780 -0.060998
v 0.060473 -0.050232 -0.060998
v 0.053966 -0.056739 -0.060998
v -0.060841 0.037134 -0.074997
v -0.053528 0.044896 -0.076194
v -0.058240 0.038825 -0.078037
v -0.053044 0.044415 -0.087461
v -0.058238 0.038199 -0.078037
v -0.056913 0.037685 -0.098469
v -0.065366 0.025948 -0.078031
v -0.043282 0.051675 -0.096447
v -0.051446 0.043169 -0.096580
v -0.043681 0.052178 -0.076149
v -0.044483 0.052976 -0.087461
v -0.037500 0.058951 -0.078031
v -0.037248 0.060653 -0.074997
v -0.036671 0.064651 -0.078037
v -0.037192 0.066841 -0.074997
v -0.035892 0.068766 -0.078037
v -0.035059 0.069207 -0.074997
v -0.066101 0.017566 -0.098086
v -0.068865 0.012660 -0.074997
v -0.065139 0.026844 -0.075000
v -0.068762 0.031492 -0.074997
v -0.069262 0.000220 -0.087475
v -0.069228 0.000153 -0.075463
v -0.067528 -0.000369 -0.096503
v -0.067558 -0.003763 -0.098690
v -0.066827 -0.011698 -0.096139
v -0.061309 -0.031311 -0.097969
v -0.069152 0.031538 -0.078037
v -0.069449 0.034713 -0.074997
v -0.069241 0.035490 -0.078037
v -0.067194 0.037206 -0.074997
v -0.064545 0.032635 -0.074997
v -0.064828 0.036940 -0.078037
v -0.064205 0.032871 -0.078037
v -0.060603 -0.033654 -0.087760
v -0.068327 -0.012337 -0.087181
v -0.066003 -0.023152 -0.075545
v -0.068867 -0.012450 -0.076016
v -0.060256 -0.035605 -0.078036
v -0.060884 -0.035050 -0.074998
v -0.063331 -0.039309 -0.078037
v -0.063589 -0.039673 -0.074997
v -0.063997 -0.042869 -0.078037
v -0.064206 -0.043351 -0.074997
v -0.055703 -0.055688 -0.078037
v -0.055703 -0.055689 -0.074997
v -0.047985 -0.047961 -0.075702
v -0.053805 -0.044444 -0.078153
v -0.048707 -0.048691 -0.087849
v -0.049196 -0.049182 -0.078197
v -0.047466 -0.047452 -0.097832
v -0.107638 -0.030905 -0.216317
v -0.102642 -0.046174 -0.216317
v -0.103676 -0.046705 -0.216474
v -0.101332 -0.045020 -0.216317
v -0.065760 0.013163 -0.060998
v -0.066425 0.012767 -0.055230
v -0.065500 0.013349 -0.060998
v -0.059133 0.013577 -0.060998
v -0.059131 0.013575 -0.049375
v -0.066021 0.012977 -0.060998
v -0.066503 0.012671 -0.060999
v 0.056829 0.015022 -0.007737
v 0.056507 0.015754 -0.009159
v 0.056024 0.024200 -0.006991
v 0.054695 0.016259 -0.005529
v 0.045630 0.030738 -0.119673
v 0.043961 0.030494 -0.121702
v 0.045630 0.030738 -0.119065
v -0.015219 -0.029539 -0.074998
v -0.016690 -0.028535 -0.066997
v -0.016690 -0.029086 -0.066997
v -0.013989 -0.029787 -0.066997
v -0.015289 -0.027094 -0.066997
v -0.014517 -0.026645 -0.074998
v -0.016565 0.027546 -0.074998
v -0.016689 0.028748 -0.066997
v -0.016689 0.028197 -0.066997
v -0.015924 0.030098 -0.066997
v -0.015216 0.031514 -0.074998
v -0.030806 -0.045698 -0.117849
v -0.030806 -0.045698 -0.108124
v -0.032454 -0.043873 -0.116262
v -0.034338 -0.042501 -0.108639
v -0.034169 -0.041505 -0.120178
v -0.030838 -0.045666 -0.109456
v -0.031131 -0.043966 -0.111232
v -0.029047 -0.044914 -0.107840
v -0.033133 0.069756 -0.074998
v -0.029911 0.067854 -0.066997
v -0.029911 0.067854 -0.074998
v -0.031977 0.069716 -0.066997
v -0.037565 0.068006 -0.073978
v -0.035799 0.067787 -0.066997
v -0.047260 0.062824 -0.074998
v -0.061948 0.048430 -0.074998
v -0.055608 0.055543 -0.073977
v -0.026711 0.016245 0.046426
v -0.027863 0.024256 0.047192
v -0.030000 0.016327 0.044541
v -0.031925 0.023946 0.045523
v -0.031925 0.016138 0.045523
v -0.030000 0.024195 0.044337
v -0.041295 0.015580 0.038390
v -0.043388 0.024157 0.037720
v -0.041295 0.023946 0.038390
v -0.040251 0.024217 0.037346
v -0.042203 0.014706 0.038698
v -0.059191 0.037874 -0.078037
v -0.060841 0.037134 -0.074997
v -0.058240 0.038825 -0.078037
v -0.064828 0.036940 -0.078037
v -0.067194 0.037206 -0.074997
v -0.069241 0.035490 -0.078037
v -0.065500 0.013349 -0.060998
v -0.066503 0.012671 -0.060999
v -0.066021 0.012977 -0.060998
v -0.079729 -0.079715 -0.215249
v -0.062018 -0.093711 -0.174631
v -0.078861 -0.078848 -0.175296
v -0.060542 -0.095972 -0.214190
v -0.034630 -0.106768 -0.174519
v -0.062229 -0.095291 -0.230297
v -0.080494 -0.080479 -0.230297
v -0.039765 -0.106513 -0.230297
v -0.084047 -0.076171 -0.224983
v -0.086229 -0.073913 -0.223523
v -0.033282 -0.108862 -0.214190
v -0.004012 -0.113019 -0.175488
v -0.016369 -0.112735 -0.230297
v -0.008095 -0.113175 -0.214190
v 0.014618 -0.112881 -0.230297
v 0.016563 -0.112365 -0.214190
v 0.031809 -0.107362 -0.174421
v 0.044846 -0.104951 -0.230297
v 0.044418 -0.104401 -0.214189
v 0.068016 -0.090996 -0.175599
v 0.073354 -0.085796 -0.214190
v 0.065714 -0.094260 -0.214172
v 0.068069 -0.090972 -0.230297
v 0.076705 -0.085134 -0.220447
v 0.081108 -0.079692 -0.230305
v 0.077039 -0.084884 -0.218330
v 0.080835 -0.081220 -0.214190
v 0.076695 -0.083143 -0.218578
v 0.075321 -0.084343 -0.220312
v 0.075054 -0.084371 -0.217055
v -0.007970 -0.110399 -0.216317
v -0.017602 -0.109414 -0.176075
v 0.002561 -0.110124 -0.175935
v 0.015721 -0.109850 -0.216318
v 0.017199 -0.108843 -0.175922
v 0.045315 -0.101208 -0.216317
v 0.046990 -0.099807 -0.175952
v 0.064171 -0.089783 -0.176046
v 0.071012 -0.085242 -0.216317
v 0.081620 -0.074138 -0.176008
v -0.031895 -0.107372 -0.216317
v -0.045167 -0.100931 -0.176278
v -0.053007 -0.097078 -0.216317
v -0.060441 -0.092387 -0.176005
v -0.066486 -0.088673 -0.216317
v -0.079729 -0.079715 -0.215249
v -0.078861 -0.078848 -0.175296
v -0.080494 -0.080479 -0.230297
v -0.062229 -0.095291 -0.230297
v -0.060867 -0.094906 -0.216317
v -0.039765 -0.106513 -0.230297
v -0.016369 -0.112735 -0.230297
v 0.001819 -0.112821 -0.216317
v 0.014618 -0.112881 -0.230297
v 0.034518 -0.107485 -0.216317
v 0.044846 -0.104951 -0.230297
v 0.062548 -0.093993 -0.216276
v 0.068069 -0.090972 -0.230297
v 0.075321 -0.084343 -0.220312
v 0.081108 -0.079692 -0.230305
v 0.081503 -0.079204 -0.216568
v 0.075054 -0.084371 -0.217055
v 0.076695 -0.083143 -0.218578
v 0.077039 -0.084884 -0.218330
v 0.076705 -0.085134 -0.220447
v -0.019475 -0.054447 -0.161115
v -0.031225 -0.050228 -0.175687
v -0.034711 -0.046229 -0.161317
v -0.041650 -0.041636 -0.160198
v -0.042043 -0.042028 -0.175376
v -0.042735 -0.042718 -0.173818
v -0.005246 -0.059011 -0.175038
v -0.011498 -0.056761 -0.161089
v 0.000252 -0.058071 -0.161383
v 0.022452 -0.054759 -0.175214
v 0.017008 -0.055082 -0.161261
v 0.035865 -0.045694 -0.161339
v 0.041051 -0.042497 -0.175569
v 0.034933 0.107805 -0.214190
v 0.043866 0.103973 -0.175688
v 0.056895 0.098531 -0.214190
v 0.017328 0.110685 -0.174443
v 0.065866 0.090743 -0.174644
v 0.011096 0.113017 -0.214190
v -0.006120 0.112045 -0.174994
v 0.016322 0.112655 -0.230297
v 0.039683 0.106460 -0.230297
v -0.014694 0.112822 -0.230297
v 0.062142 0.095246 -0.230297
v -0.015694 0.112615 -0.214190
v -0.044928 0.104890 -0.230297
v -0.030569 0.107722 -0.174483
v -0.037440 0.106978 -0.214190
v -0.061582 0.094614 -0.175065
v -0.064650 0.094904 -0.214190
v -0.073145 0.087124 -0.230297
v -0.087776 0.072611 -0.214190
v -0.058233 0.096663 -0.214190
v -0.076318 0.082911 -0.214190
v -0.087486 0.070224 -0.174447
v 0.080072 0.080086 -0.214947
v 0.080327 0.080341 -0.230297
v 0.078187 0.078201 -0.175242
v 0.078139 0.078153 -0.216317
v 0.079715 0.079727 -0.177086
v 0.075484 0.081822 -0.208651
v 0.074179 0.083383 -0.212112
v 0.067673 0.089888 -0.214190
v 0.072662 0.086260 -0.211175
v 0.070865 0.086226 -0.208949
v 0.073721 0.084628 -0.186666
v 0.070686 0.086279 -0.188937
v 0.072475 0.084337 -0.192257
v 0.074100 0.083625 -0.205856
v 0.075460 0.082025 -0.189766
v -0.056830 0.021044 -0.030862
v -0.055349 0.016138 -0.029850
v -0.057212 0.014998 -0.030947
v -0.053813 0.021061 -0.029945
v -0.055349 0.016138 -0.029612
v -0.053105 0.016377 -0.029745
v -0.050180 0.016324 -0.033833
v -0.044318 0.020856 -0.037882
v -0.043437 0.016324 -0.038524
v -0.043924 0.024221 -0.036532
v -0.041816 0.016324 -0.034582
v -0.040999 0.024144 -0.034545
v 0.032603 0.044472 -0.099192
v 0.031030 0.061384 -0.097876
v 0.047345 0.047360 -0.097760
v 0.026987 0.048510 -0.099183
v 0.039333 0.039335 -0.098155
v 0.056315 0.038577 -0.098262
v 0.044374 0.032706 -0.099197
v 0.050454 0.023463 -0.099147
v 0.066504 0.014918 -0.098341
v 0.055300 0.006235 -0.099061
v 0.054299 -0.009943 -0.099185
v 0.065985 -0.017693 -0.098123
v 0.050891 -0.021089 -0.099282
v 0.055653 -0.039116 -0.098500
v 0.045260 -0.031814 -0.099157
v 0.034142 -0.043509 -0.099153
v 0.030020 -0.061426 -0.098422
v 0.021609 -0.051414 -0.099008
v 0.051726 -0.043759 -0.096485
v 0.044520 -0.051883 -0.096879
v 0.011833 -0.067095 -0.098534
v 0.005337 -0.055071 -0.099170
v -0.004041 -0.055012 -0.099202
v -0.020012 -0.065195 -0.098227
v -0.016803 -0.053056 -0.099083
v -0.027069 -0.048564 -0.099183
v -0.037833 -0.056888 -0.098044
v -0.032685 -0.044526 -0.099192
v -0.047466 -0.047452 -0.097832
v -0.039434 -0.039407 -0.098112
v -0.061309 -0.031311 -0.097969
v -0.044456 -0.032760 -0.099197
v -0.050536 -0.023517 -0.099147
v -0.067558 -0.003763 -0.098690
v -0.055382 -0.006289 -0.099061
v -0.054381 0.009889 -0.099185
v -0.066101 0.017566 -0.098086
v -0.051072 0.020834 -0.099276
v -0.056913 0.037685 -0.098469
v -0.045342 0.031760 -0.099157
v -0.034224 0.043455 -0.099153
v -0.034817 0.058395 -0.098522
v -0.021691 0.051361 -0.099008
v 0.002099 0.067557 -0.098822
v -0.019174 0.065797 -0.097580
v -0.005419 0.055018 -0.099170
v 0.004323 0.054982 -0.099193
v 0.018198 0.052102 -0.099251
v 0.050240 0.021017 -0.033874
v 0.056238 0.020899 -0.052017
v 0.055371 0.021234 -0.029586
v 0.043817 0.020878 -0.038228
v 0.039954 0.020984 -0.046008
v 0.035309 0.021042 -0.052856
v 0.030054 0.020833 -0.050436
v 0.035274 0.021091 -0.060998
v 0.019303 0.021045 -0.057820
v 0.018325 0.020846 -0.060972
v -0.044371 -0.053788 -0.078067
v -0.048707 -0.048691 -0.087849
v -0.039862 -0.056486 -0.087971
v -0.049196 -0.049182 -0.078197
v -0.047985 -0.047961 -0.075702
v -0.055703 -0.055688 -0.078037
v -0.034616 -0.060829 -0.076449
v -0.037833 -0.056888 -0.098044
v -0.047466 -0.047452 -0.097832
v -0.020012 -0.065195 -0.098227
v -0.042643 -0.064495 -0.078037
v -0.055703 -0.055689 -0.074997
v -0.043026 -0.064284 -0.074997
v -0.039194 -0.063157 -0.074997
v -0.038383 -0.062252 -0.078037
v -0.025395 -0.064658 -0.086858
v -0.012660 -0.069350 -0.075347
v -0.012326 -0.068169 -0.087413
v -0.011806 -0.066736 -0.096221
v -0.000311 -0.067691 -0.096380
v 0.011833 -0.067095 -0.098534
v 0.000171 -0.069256 -0.087465
v 0.013986 -0.068172 -0.074896
v 0.000333 -0.068452 -0.075762
v 0.030020 -0.061426 -0.098422
v 0.055653 -0.039116 -0.098500
v 0.051726 -0.043759 -0.096485
v 0.053281 -0.044153 -0.087458
v 0.051348 -0.042218 -0.077466
v 0.053331 -0.044200 -0.075456
v 0.044085 -0.053348 -0.087458
v 0.043309 -0.051867 -0.096210
v 0.037421 -0.058996 -0.078031
v 0.026344 -0.065493 -0.078032
v 0.026998 -0.065117 -0.074999
v 0.031500 -0.069191 -0.074997
v 0.033052 -0.069103 -0.078037
v 0.035300 -0.069098 -0.074997
v 0.037115 -0.066068 -0.078037
v 0.037063 -0.065759 -0.074997
v 0.032631 -0.064524 -0.078037
v 0.032875 -0.064178 -0.074997
v -0.066391 -0.012164 -0.075859
v -0.057845 -0.032908 -0.096834
v -0.063714 -0.019124 -0.096736
v -0.066827 -0.011698 -0.096139
v -0.056751 -0.036253 -0.075648
v -0.053065 -0.039955 -0.096452
v -0.047466 -0.047452 -0.097832
v -0.047985 -0.047961 -0.075702
v -0.048707 -0.048691 -0.087849
v -0.049196 -0.049182 -0.078197
v -0.055703 -0.055689 -0.074997
v -0.055703 -0.055688 -0.078037
v -0.036210 -0.056949 -0.075506
v -0.025139 -0.061481 -0.096759
v -0.039127 -0.053551 -0.096793
v -0.047466 -0.047452 -0.097832
v -0.047985 -0.047961 -0.075702
v -0.012238 -0.066452 -0.076206
v -0.011806 -0.066736 -0.096221
v -0.055703 -0.055688 -0.078037
v -0.049196 -0.049182 -0.078197
v 0.052608 0.097341 -0.216317
v 0.040357 0.102657 -0.176155
v 0.030690 0.107515 -0.216317
v 0.050427 0.098140 -0.176096
v 0.031052 0.105766 -0.175959
v 0.065194 0.089156 -0.176214
v 0.012371 0.109849 -0.176432
v 0.065928 0.088461 -0.216317
v 0.000035 0.111587 -0.216317
v -0.003275 0.110340 -0.176239
v -0.014329 0.109543 -0.176381
v -0.025572 0.107649 -0.216317
v -0.036170 0.104181 -0.176001
v -0.049125 0.099927 -0.216316
v -0.053431 0.096787 -0.176253
v -0.074297 0.083514 -0.216317
v -0.083246 0.072666 -0.176341
v -0.073145 0.087124 -0.230297
v -0.044928 0.104890 -0.230297
v -0.034601 0.107431 -0.216317
v -0.014694 0.112822 -0.230297
v 0.016322 0.112655 -0.230297
v 0.039683 0.106460 -0.230297
v 0.060785 0.094852 -0.216317
v 0.062142 0.095246 -0.230297
v 0.080072 0.080086 -0.214947
v 0.080327 0.080341 -0.230297
v 0.079715 0.079727 -0.177086
v 0.078187 0.078201 -0.175242
v 0.078139 0.078153 -0.216317
v 0.083093 0.074424 -0.186110
v 0.082000 0.075562 -0.189348
v 0.074073 0.082754 -0.185564
v 0.075460 0.082025 -0.189766
v 0.072475 0.084337 -0.192257
v 0.071265 0.084951 -0.185663
v 0.070686 0.086279 -0.188937
v 0.073721 0.084628 -0.186666
v 0.071180 0.084961 -0.205542
v 0.074100 0.083625 -0.205856
v 0.070865 0.086226 -0.208949
v 0.071627 0.084553 -0.212633
v 0.074179 0.083383 -0.212112
v 0.083341 0.074187 -0.212064
v 0.082218 0.074576 -0.206377
v 0.082714 0.074043 -0.192445
v 0.084732 0.072321 -0.191983
v 0.084797 0.072263 -0.205918
v 0.082335 0.075607 -0.208957
v 0.086274 0.070998 -0.188756
v 0.091449 0.062707 -0.176276
v 0.084501 0.071830 -0.185402
v -0.067670 0.001745 -0.066997
v -0.067318 0.012376 -0.074177
v -0.067154 -0.006517 -0.073987
v -0.065592 -0.016507 -0.066997
v -0.062187 -0.027263 -0.073984
v -0.061586 -0.027984 -0.066997
v -0.061264 -0.036140 -0.074949
v -0.060257 -0.034371 -0.066997
v -0.067095 0.006716 -0.060998
v -0.067646 0.001759 -0.060998
v -0.066047 0.013950 -0.066998
v -0.065993 0.013876 -0.060997
v -0.064350 0.027351 -0.074195
v -0.062699 0.026034 -0.066997
v -0.068397 0.030089 -0.066997
v -0.070076 0.032323 -0.074936
v -0.063511 0.020627 -0.074998
v -0.066164 0.032200 -0.074998
v -0.065772 0.032332 -0.066997
v -0.066339 0.034794 -0.074998
v -0.064593 0.036570 -0.066997
v -0.060215 0.018126 -0.060997
v -0.061586 0.024617 -0.060998
v -0.060528 0.018317 -0.066997
v -0.059429 0.014230 -0.066997
v -0.059533 0.014229 -0.060998
v -0.065323 0.014611 -0.076581
v -0.062451 0.022625 -0.096659
v -0.051434 0.042807 -0.075984
v -0.058454 0.031535 -0.096625
v -0.051446 0.043169 -0.096580
v -0.067528 -0.000369 -0.096503
v -0.066719 0.000343 -0.077451
v -0.045818 0.014478 -0.066997
v -0.044312 0.025246 -0.066997
v -0.050958 0.029654 -0.066997
v -0.056876 0.024858 -0.066997
v -0.038235 0.015258 -0.066997
v -0.038941 0.025290 -0.066997
v -0.049714 0.009391 -0.066997
v -0.055578 0.009822 -0.066997
v -0.043681 0.052178 -0.076149
v -0.030339 0.058948 -0.096851
v -0.018148 0.065016 -0.075851
v -0.043282 0.051675 -0.096447
v -0.013806 0.064794 -0.096844
v 0.000308 0.067526 -0.096495
v -0.000249 0.068699 -0.075826
v -0.044483 0.052976 -0.087461
v -0.037500 0.058951 -0.078031
v -0.034817 0.058395 -0.098522
v -0.043282 0.051675 -0.096447
v -0.056913 0.037685 -0.098469
v -0.026583 0.064622 -0.078029
v -0.053044 0.044415 -0.087461
v -0.051446 0.043169 -0.096580
v -0.051434 0.042807 -0.075984
v -0.053528 0.044896 -0.076194
v -0.019174 0.065797 -0.097580
v -0.012727 0.068797 -0.074997
v -0.027068 0.065057 -0.075000
v -0.000288 0.069194 -0.087475
v -0.000249 0.068699 -0.075826
v 0.000308 0.067526 -0.096495
v 0.002099 0.067557 -0.098822
v 0.011669 0.066729 -0.096030
v -0.031597 0.068932 -0.074997
v 0.031030 0.061384 -0.097876
v -0.031448 0.068839 -0.078037
v -0.032672 0.064501 -0.078037
v -0.032985 0.064104 -0.074997
v -0.035892 0.068766 -0.078037
v -0.035059 0.069207 -0.074997
v 0.027990 0.063381 -0.086872
v 0.012241 0.068108 -0.087443
v 0.012535 0.069145 -0.075807
v 0.034209 0.060777 -0.076117
v 0.048625 0.048636 -0.087855
v 0.042987 0.056596 -0.078048
v 0.047345 0.047360 -0.097760
v 0.047901 0.047913 -0.075705
v 0.056315 0.038577 -0.098262
v 0.039149 0.063149 -0.074997
v 0.039047 0.061486 -0.078037
v 0.042681 0.064469 -0.078037
v 0.042946 0.064233 -0.074997
v 0.055621 0.055635 -0.076328
v 0.043483 0.053119 -0.073984
v 0.052773 0.043082 -0.066997
v 0.053739 0.042693 -0.073984
v 0.043344 0.054277 -0.066997
v 0.046646 0.059120 -0.073984
v 0.045366 0.059780 -0.066997
v 0.045022 0.064144 -0.074474
v 0.044019 0.064314 -0.066997
v -0.042735 -0.042718 -0.173818
v -0.032122 -0.050464 -0.159503
v -0.041650 -0.041636 -0.160198
v -0.042043 -0.042028 -0.175376
v -0.029657 -0.052845 -0.173639
v -0.011577 -0.059346 -0.159794
v -0.015079 -0.058888 -0.174037
v 0.001180 -0.060268 -0.173952
v 0.017057 -0.057461 -0.159597
v 0.017133 -0.057719 -0.173802
v 0.025713 -0.054299 -0.173523
v 0.038086 -0.047368 -0.174073
v 0.031825 -0.050250 -0.159535
v 0.045609 -0.039147 -0.160221
v 0.032819 0.057750 -0.096841
v 0.047901 0.047913 -0.075705
v 0.028555 0.060548 -0.076654
v 0.047345 0.047360 -0.097760
v 0.048625 0.048636 -0.087855
v 0.018798 0.063727 -0.096734
v 0.011669 0.066729 -0.096030
v 0.012096 0.066340 -0.075842
v 0.028555 0.060548 -0.076654
v 0.047901 0.047913 -0.075705
v 0.034209 0.060777 -0.076117
v 0.012096 0.066340 -0.075842
v 0.012535 0.069145 -0.075807
v 0.041312 0.059249 -0.074997
v 0.039149 0.063149 -0.074997
v 0.042946 0.064233 -0.074997
v 0.045042 0.060786 -0.076660
v 0.055621 0.055635 -0.076328
v 0.060360 0.044684 -0.074997
v 0.064420 0.042705 -0.074997
v 0.064006 0.041974 -0.078037
v 0.059434 0.043549 -0.078037
v 0.059776 0.040789 -0.074997
v 0.061335 0.036280 -0.074998
v 0.056777 0.036153 -0.075546
v 0.065928 0.023126 -0.074997
v 0.065649 0.012138 -0.076643
v 0.068264 0.012377 -0.075646
v 0.056777 0.036153 -0.075546
v 0.052992 0.039871 -0.096452
v 0.060631 0.026722 -0.096825
v 0.047345 0.047360 -0.097760
v 0.065649 0.012138 -0.076643
v 0.066678 0.011633 -0.096311
v 0.047901 0.047913 -0.075705
v 0.055621 0.055635 -0.076328
v 0.049156 0.049170 -0.078077
v 0.048625 0.048636 -0.087855
v 0.053632 0.044524 -0.078090
v 0.062022 0.031031 -0.088169
v 0.048625 0.048636 -0.087855
v 0.049156 0.049170 -0.078077
v 0.060762 0.034090 -0.078033
v 0.042987 0.056596 -0.078048
v 0.047901 0.047913 -0.075705
v 0.055621 0.055635 -0.076328
v 0.056315 0.038577 -0.098262
v 0.039047 0.061486 -0.078037
v 0.041312 0.059249 -0.074997
v 0.042946 0.064233 -0.074997
v 0.066504 0.014918 -0.098341
v 0.066678 0.011633 -0.096311
v 0.067382 -0.000195 -0.096337
v 0.068101 0.012258 -0.087413
v 0.065985 -0.017693 -0.098123
v 0.065928 0.023126 -0.074997
v 0.068264 0.012377 -0.075646
v 0.061335 0.036280 -0.074998
v 0.061455 0.038958 -0.078037
v 0.064006 0.041974 -0.078037
v 0.064420 0.042705 -0.074997
v 0.059776 0.040789 -0.074997
v 0.059434 0.043549 -0.078037
v 0.060360 0.044684 -0.074997
v 0.069349 -0.000215 -0.087185
v 0.068262 -0.013014 -0.074888
v 0.068521 -0.000373 -0.075618
v 0.065580 -0.025779 -0.078035
v 0.065062 -0.026912 -0.074999
v 0.068676 -0.031498 -0.074997
v 0.059202 -0.037477 -0.078051
v 0.055653 -0.039116 -0.098500
v 0.051726 -0.043759 -0.096485
v 0.053281 -0.044153 -0.087458
v 0.053331 -0.044200 -0.075456
v 0.059854 -0.037184 -0.074997
v 0.069095 -0.031590 -0.078037
v 0.068963 -0.035929 -0.074997
v 0.068946 -0.035398 -0.078037
v 0.064278 -0.032914 -0.074997
v 0.064051 -0.033250 -0.078037
v 0.021692 0.024318 -0.045067
v 0.008630 0.024319 -0.049435
v 0.012780 0.021343 -0.048828
v 0.002348 0.021343 -0.050852
v -0.003884 0.023135 -0.050088
v 0.027104 0.021343 -0.041982
v 0.032137 0.024320 -0.038431
v 0.037155 0.021344 -0.034126
v 0.003158 0.016324 -0.055464
v 0.006888 0.021343 -0.056437
v 0.001759 0.016324 -0.050614
v -0.004345 0.016324 -0.053439
v -0.005243 0.021343 -0.055910
v -0.009354 0.016324 -0.056133
v -0.009670 0.021343 -0.055883
v -0.011116 0.021343 -0.050462
v -0.012336 0.016324 -0.049214
v -0.015365 0.021343 -0.048048
v -0.017741 0.016324 -0.048218
v -0.018531 0.024317 -0.046645
v -0.021302 0.021343 -0.051999
v -0.025688 0.021343 -0.043324
v -0.028655 0.024318 -0.041099
v -0.025113 0.021343 -0.050872
v -0.024907 0.016324 -0.053694
v -0.018811 0.016324 -0.051897
v -0.038975 0.021343 -0.032080
v -0.036089 0.024318 -0.034605
v -0.016022 0.016324 -0.055036
v -0.016043 0.024173 -0.055114
v -0.017036 0.024210 -0.051450
v -0.025100 0.016324 -0.044149
v -0.030174 0.016324 -0.041622
v -0.030685 0.021344 -0.041348
v -0.035501 0.021343 -0.044001
v -0.038999 0.021343 -0.041659
v -0.038199 0.016324 -0.042772
v -0.033216 0.016324 -0.045140
v -0.030445 0.016324 -0.048846
v -0.031836 0.024226 -0.047294
v -0.028850 0.024166 -0.048414
v -0.041111 0.016324 -0.030959
v -0.037004 0.016324 -0.035022
v -0.045382 0.021343 -0.032218
v -0.046233 0.016324 -0.032190
v -0.048660 0.021343 -0.029640
v 0.049419 0.025200 -0.158817
v 0.052491 0.029164 -0.159868
v 0.044049 0.033014 -0.158691
v 0.039099 0.039113 -0.158752
v 0.058732 0.009196 -0.159459
v 0.041532 0.041545 -0.160734
v 0.054102 0.010151 -0.158815
v 0.054978 -0.005297 -0.158782
v 0.058449 -0.014551 -0.159886
v 0.051568 -0.020623 -0.158876
v 0.043736 -0.034305 -0.158820
v 0.045609 -0.039147 -0.160221
v 0.031825 -0.050250 -0.159535
v 0.030377 -0.045910 -0.158598
v 0.017057 -0.057461 -0.159597
v 0.017482 -0.052744 -0.158863
v 0.003199 -0.055142 -0.158805
v -0.011577 -0.059346 -0.159794
v -0.011777 -0.053944 -0.158817
v -0.019662 -0.051455 -0.158661
v -0.032122 -0.050464 -0.159503
v -0.027994 -0.047992 -0.158801
v -0.038942 -0.038927 -0.158729
v -0.041650 -0.041636 -0.160198
v -0.051136 -0.030728 -0.159427
v -0.046140 -0.030344 -0.158385
v -0.054215 -0.009907 -0.158735
v -0.059560 0.005747 -0.159598
v -0.058228 -0.015224 -0.160290
v -0.055071 0.005295 -0.158835
v -0.056214 0.020153 -0.159588
v -0.051650 0.020569 -0.158875
v -0.043821 0.034257 -0.158828
v -0.045637 0.039126 -0.160214
v -0.033371 0.049118 -0.159440
v -0.030473 0.045878 -0.158680
v -0.017564 0.052690 -0.158863
v -0.018503 0.056953 -0.159669
v -0.003324 0.055072 -0.158748
v 0.009987 0.059668 -0.159965
v 0.011686 0.053886 -0.158782
v 0.033452 0.049436 -0.159643
v 0.020034 0.051210 -0.158430
v 0.027912 0.047938 -0.158801
v 0.062488 -0.047554 -0.074908
v 0.061528 -0.049040 -0.060998
v 0.050569 -0.060060 -0.074502
v 0.052997 -0.057727 -0.060998
v 0.062507 -0.039910 -0.066997
v 0.062149 -0.039496 -0.073984
v 0.069767 -0.036006 -0.074517
v 0.069424 -0.036230 -0.066998
v 0.060515 -0.034957 -0.060998
v 0.060088 -0.034271 -0.066997
v 0.059325 0.001094 -0.060998
v 0.059311 0.001009 -0.066997
v -0.036238 0.002501 -0.060998
v -0.033135 0.014170 -0.066997
v -0.035144 0.039213 -0.066997
v -0.035144 0.039213 -0.060998
v -0.036800 0.001986 -0.066997
v -0.028119 0.005644 -0.066997
v -0.030074 0.009279 -0.070997
v -0.031449 0.015603 -0.070997
v -0.030074 0.018198 -0.066997
v -0.027466 0.020448 -0.070997
v -0.030565 -0.001972 -0.066997
v -0.030682 0.001680 -0.074998
v -0.026703 -0.003561 -0.074998
v 0.032860 0.057869 -0.068504
v 0.034429 0.056948 -0.074998
v 0.046111 0.048025 -0.068504
v 0.046111 0.048025 -0.074998
v 0.016721 0.064520 -0.074998
v 0.019944 0.063448 -0.068504
v 0.003418 0.066534 -0.068504
v -0.003593 0.066525 -0.074998
v -0.016620 0.064544 -0.068504
v -0.019995 0.063448 -0.074998
v -0.032315 0.058311 -0.074998
v -0.029635 0.059592 -0.068504
v -0.044299 0.049909 -0.068504
v -0.046162 0.048025 -0.074998
v 0.010391 -0.065556 -0.096564
v 0.021303 -0.064100 -0.076491
v 0.023770 -0.062003 -0.096745
v 0.034511 -0.056864 -0.096586
v -0.000311 -0.067691 -0.096380
v 0.000333 -0.068452 -0.075762
v 0.043309 -0.051867 -0.096210
v 0.043435 -0.052700 -0.076270
v 0.026554 0.003473 -0.074998
v 0.024318 0.002040 -0.066997
v 0.024277 -0.002034 -0.074998
v 0.024572 -0.004910 -0.066997
v 0.029566 0.003781 -0.066997
v 0.030667 -0.001672 -0.074998
v 0.029566 0.003781 -0.066997
v 0.026554 0.003473 -0.074998
v 0.029997 -0.002610 -0.066997
v 0.062360 -0.022748 -0.096646
v 0.065377 -0.014352 -0.076817
v 0.065617 -0.009432 -0.096845
v 0.067382 -0.000195 -0.096337
v 0.068521 -0.000373 -0.075618
v 0.058585 -0.033198 -0.075497
v 0.057152 -0.033545 -0.096786
v 0.051726 -0.043759 -0.096485
v 0.051348 -0.042218 -0.077466
v -0.045811 -0.048466 -0.068513
v -0.031420 -0.058990 -0.074998
v -0.046155 -0.048179 -0.074998
v -0.050208 -0.045140 -0.074998
v -0.029852 -0.059781 -0.068504
v -0.015978 -0.066817 -0.074996
v -0.016072 -0.067780 -0.067260
v -0.057786 -0.033470 -0.068504
v -0.056077 -0.035971 -0.074998
v -0.063637 -0.020414 -0.074998
v -0.065021 -0.015216 -0.068504
v -0.066708 0.000121 -0.074998
v -0.066510 0.005061 -0.068504
v -0.063511 0.020627 -0.074998
v -0.062688 0.022689 -0.068504
v -0.056052 0.035805 -0.068504
v -0.055069 0.037306 -0.074998
v -0.044299 0.049909 -0.068504
v -0.046162 0.048025 -0.074998
v -0.051823 -0.046121 -0.060998
v -0.053973 -0.045996 -0.074998
v -0.055128 -0.048160 -0.060998
v 0.045958 0.025916 -0.067737
v 0.057495 0.010166 -0.067737
v 0.050568 0.028668 -0.067737
v 0.045662 0.014371 -0.067737
v 0.039650 0.024777 -0.067737
v 0.039995 0.015568 -0.067737
v 0.044010 0.014863 -0.054453
v 0.056238 0.020899 -0.052017
v 0.035309 0.021042 -0.052856
v 0.037513 0.011314 -0.054488
v 0.036209 0.006006 -0.052913
v 0.047884 0.012131 -0.052913
v 0.055050 0.005573 -0.052936
v 0.056627 0.003416 -0.052182
v 0.049912 0.006264 -0.052913
v 0.046822 0.011713 -0.056004
v 0.039686 0.012360 -0.056004
v 0.038767 0.006385 -0.056004
v 0.047575 0.007270 -0.056004
v 0.045926 0.009236 -0.060998
v 0.044253 0.002772 -0.052913
v 0.049721 0.001337 -0.052913
v 0.043367 0.003882 -0.056004
v 0.040869 0.006503 -0.060998
v 0.038697 0.002843 -0.052913
v 0.055230 0.001093 -0.052910
v 0.052279 -0.004609 -0.052913
v 0.051253 -0.040917 -0.052913
v 0.055612 -0.042656 -0.052813
v 0.059005 -0.047547 -0.054514
v 0.060474 -0.041972 -0.052747
v 0.056313 -0.044977 -0.056005
v 0.056213 -0.051771 -0.056004
v 0.048410 -0.046769 -0.056004
v 0.052007 -0.043507 -0.056006
v 0.046233 -0.044205 -0.052913
v 0.049658 -0.052697 -0.056004
v 0.051479 -0.051025 -0.056004
v 0.053173 -0.055693 -0.052913
v 0.046766 -0.052264 -0.052913
v 0.047964 -0.056411 -0.052913
v -0.061586 -0.048962 -0.060997
v -0.056983 -0.054006 -0.074998
v -0.053314 -0.057719 -0.066997
v -0.053323 -0.057727 -0.060998
v -0.061586 -0.048914 -0.066997
v -0.064341 -0.045059 -0.074998
v -0.062209 -0.043470 -0.066867
v -0.065297 -0.042748 -0.066997
v -0.061119 -0.041447 -0.065944
v -0.063352 -0.041498 -0.074998
v -0.061369 -0.036730 -0.060997
v -0.061948 -0.037851 -0.066997
v -0.059297 0.000887 -0.060998
v -0.059398 0.001025 -0.066997
v -0.058183 -0.033641 -0.060998
v -0.056235 0.010280 -0.060998
v -0.056853 0.024957 -0.060997
v -0.060215 0.018126 -0.060997
v -0.061586 0.024617 -0.060998
v -0.059533 0.014229 -0.060998
v -0.050994 0.029663 -0.060998
v -0.046979 0.039174 -0.060992
v -0.044573 0.032907 -0.060998
v -0.035144 0.039213 -0.060998
v -0.043469 0.028867 -0.060997
v -0.044621 0.025166 -0.060997
v -0.039992 0.031135 -0.060998
v -0.037883 0.024703 -0.060998
v -0.036238 0.002501 -0.060998
v -0.038207 0.015258 -0.060998
v -0.040225 0.008720 -0.060998
v -0.043961 0.010815 -0.060998
v -0.046742 0.013832 -0.060998
v -0.043488 0.006584 -0.060998
v -0.049746 0.009363 -0.060998
v -0.053564 0.005343 -0.060997
v -0.046960 0.000341 -0.060998
v -0.052194 0.001413 -0.060998
v -0.050544 -0.002022 -0.060997
v -0.056403 -0.005417 -0.060998
v -0.059297 0.000887 -0.060998
v -0.058183 -0.033641 -0.060998
v -0.067095 0.006716 -0.060998
v -0.067646 0.001759 -0.060998
v -0.065993 0.013876 -0.060997
v -0.051823 -0.046121 -0.060998
v -0.045260 -0.041220 -0.060998
v -0.051136 -0.050326 -0.060998
v -0.045917 -0.055881 -0.060998
v -0.053323 -0.057727 -0.060998
v -0.055128 -0.048160 -0.060998
v -0.061369 -0.036730 -0.060997
v -0.061586 -0.048962 -0.060997
v 0.055426 0.036750 -0.068504
v 0.056396 0.035230 -0.074998
v 0.063694 0.019172 -0.068504
v 0.046111 0.048025 -0.074998
v 0.046111 0.048025 -0.068504
v 0.064196 0.017428 -0.074998
v 0.066493 0.002585 -0.068504
v 0.066630 -0.002247 -0.074998
v 0.065470 -0.011747 -0.068504
v 0.062233 -0.023773 -0.074998
v 0.058895 -0.031435 -0.068504
v 0.053674 -0.039508 -0.074998
v 0.046210 -0.047897 -0.068504
v 0.042530 -0.051118 -0.074998
v 0.031370 -0.058989 -0.068504
v 0.029802 -0.059781 -0.074998
v 0.015904 -0.067001 -0.067651
v 0.015808 -0.066370 -0.074998
v 0.006981 0.026137 -0.066997
v 0.005291 0.033318 -0.070997
v 0.007435 0.025644 -0.070997
v 0.002072 0.034449 -0.066997
v -0.000360 0.033958 -0.070997
v -0.005368 0.033285 -0.066997
v -0.005485 0.032945 -0.070997
v 0.004067 0.027744 -0.074998
v -0.000362 0.032110 -0.074998
v -0.021991 0.054508 -0.174171
v -0.036186 0.045474 -0.161380
v -0.041071 0.042195 -0.175025
v -0.015926 0.058679 -0.175879
v -0.017163 0.054993 -0.161182
v -0.000334 0.058017 -0.161383
v 0.011279 0.057995 -0.175179
v 0.019173 0.054489 -0.161178
v 0.029766 0.050179 -0.174260
v 0.033451 0.047003 -0.161108
v 0.041532 0.041545 -0.160734
v 0.041808 0.041821 -0.175180
v -0.049623 0.021343 0.007004
v -0.046475 0.021343 0.019429
v -0.049363 0.021343 0.007956
v 0.028673 0.053277 -0.173690
v 0.033452 0.049436 -0.159643
v 0.042470 0.042485 -0.173784
v 0.041532 0.041545 -0.160734
v 0.009987 0.059668 -0.159965
v 0.010426 0.059809 -0.174016
v -0.009674 0.059462 -0.173813
v -0.018503 0.056953 -0.159669
v -0.022984 0.055936 -0.173885
v -0.037012 0.048288 -0.174073
v -0.033371 0.049118 -0.159440
v -0.045637 0.039126 -0.160214
v 0.016759 0.015119 -0.066997
v 0.021337 0.007052 -0.066997
v 0.019839 0.009357 -0.070997
v 0.017677 0.014395 -0.070997
v 0.018339 0.018741 -0.070997
v 0.019503 0.012587 -0.074998
v 0.021843 0.017821 -0.074998
v 0.027556 0.014515 -0.074998
v 0.023712 0.019491 -0.070997
v 0.021843 0.017821 -0.074998
v 0.017677 0.014395 -0.070997
v 0.029902 0.014299 -0.070997
v 0.023398 0.021549 -0.066997
v 0.029351 0.019231 -0.070997
v 0.030546 0.016295 -0.066997
v 0.018339 0.018741 -0.070997
v 0.016759 0.015119 -0.066997
v 0.012635 0.013070 -0.074873
v 0.011006 0.013537 -0.071405
v 0.003614 0.017262 -0.073235
v 0.011445 0.013268 -0.067130
v 0.010049 0.010614 -0.071346
v 0.010196 0.010403 -0.067117
v -0.055578 0.009822 -0.066997
v -0.056876 0.024858 -0.066997
v -0.056235 0.010280 -0.060998
v -0.056853 0.024957 -0.060997
v -0.047331 0.048396 -0.073984
v -0.055608 0.055543 -0.073977
v -0.067647 0.037456 -0.073978
v -0.059135 0.035722 -0.073984
v -0.061948 0.048430 -0.074998
v -0.035542 0.059989 -0.073984
v -0.037565 0.068006 -0.073978
v -0.047260 0.062824 -0.074998
v -0.035501 0.021343 -0.044001
v -0.030685 0.021344 -0.041348
v -0.036822 0.021343 -0.036809
v -0.038999 0.021343 -0.041659
v -0.025688 0.021343 -0.043324
v -0.038975 0.021343 -0.032080
v -0.021302 0.021343 -0.051999
v -0.025113 0.021343 -0.050872
v -0.015365 0.021343 -0.048048
v -0.003884 0.023135 -0.050088
v -0.011116 0.021343 -0.050462
v -0.009670 0.021343 -0.055883
v -0.005243 0.021343 -0.055910
v -0.045382 0.021343 -0.032218
v -0.045545 0.021342 -0.024995
v -0.048660 0.021343 -0.029640
v -0.046420 0.021343 -0.020030
v -0.049661 0.023704 -0.007449
v -0.052332 0.021343 -0.012086
v -0.053507 0.021343 -0.018109
v -0.055424 0.021344 -0.014878
v 0.021460 0.021342 0.052128
v 0.017473 0.021343 0.048091
v 0.024682 0.021343 0.046035
v 0.025282 0.021345 0.050500
v 0.012355 0.021343 0.049154
v 0.027866 0.021343 0.041959
v 0.009652 0.021349 0.055897
v 0.005220 0.021341 0.055879
v 0.001307 0.021343 0.050465
v 0.034558 0.021343 0.044136
v 0.036251 0.021344 0.035366
v 0.038136 0.021346 0.041970
v -0.004144 0.021343 0.052796
v -0.015693 0.021343 0.047682
v -0.011330 0.021343 0.050006
v -0.008964 0.021344 0.056137
v -0.022000 0.021345 0.052384
v -0.025247 0.021343 0.050327
v -0.025724 0.022886 0.042811
v -0.032868 0.021344 0.042782
v -0.037106 0.021344 0.034612
v -0.038213 0.021345 0.042099
v -0.042264 0.021343 0.031407
v -0.046475 0.021343 0.019429
v -0.047112 0.021342 0.026567
v -0.048367 0.021346 0.031454
v -0.050123 0.021343 0.010684
v -0.049363 0.021343 0.007956
v -0.054638 0.021346 0.013671
v -0.053763 0.021347 0.017794
v -0.027068 0.065057 -0.075000
v -0.043681 0.052178 -0.076149
v -0.018148 0.065016 -0.075851
v -0.037248 0.060653 -0.074997
v -0.012727 0.068797 -0.074997
v -0.000249 0.068699 -0.075826
v -0.032985 0.064104 -0.074997
v -0.037192 0.066841 -0.074997
v -0.031597 0.068932 -0.074997
v -0.024686 -0.006644 -0.070997
v -0.029330 -0.008239 -0.066997
v -0.031449 -0.011937 -0.070997
v -0.022979 -0.006208 -0.066997
v -0.018390 -0.008799 -0.066997
v -0.018084 -0.009151 -0.070997
v -0.060884 -0.035050 -0.074998
v -0.056751 -0.036253 -0.075648
v -0.066003 -0.023152 -0.075545
v -0.066391 -0.012164 -0.075859
v -0.068867 -0.012450 -0.076016
v -0.059842 -0.040857 -0.074997
v -0.063589 -0.039673 -0.074997
v -0.064206 -0.043351 -0.074997
v -0.047985 -0.047961 -0.075702
v -0.055703 -0.055689 -0.074997
v -0.060508 -0.044973 -0.076517
v -0.036210 -0.056949 -0.075506
v -0.012660 -0.069350 -0.075347
v -0.012238 -0.066452 -0.076206
v -0.034616 -0.060829 -0.076449
v -0.039194 -0.063157 -0.074997
v -0.041477 -0.059227 -0.074997
v -0.043026 -0.064284 -0.074997
v -0.044863 -0.060557 -0.076942
v -0.040845 -0.059853 -0.078037
v -0.000362 0.032110 -0.074998
v -0.004050 0.028032 -0.070997
v -0.004042 0.026951 -0.074998
v 0.001972 0.021617 -0.070997
v -0.000360 0.033958 -0.070997
v 0.033496 0.021343 -0.043216
v 0.037155 0.021344 -0.034126
v 0.027104 0.021343 -0.041982
v 0.038317 0.021343 -0.042289
v 0.041028 0.021343 -0.030959
v 0.045288 0.021343 -0.022735
v 0.045725 0.021343 -0.032216
v 0.049021 0.021343 -0.028731
v 0.012780 0.021343 -0.048828
v 0.017659 0.021343 -0.048218
v 0.025536 0.021343 -0.049560
v 0.022066 0.021343 -0.052224
v 0.010738 0.021343 -0.054896
v 0.002348 0.021343 -0.050852
v 0.006888 0.021343 -0.056437
v 0.048306 0.021343 -0.018025
v 0.049454 0.021343 -0.008679
v 0.054588 0.021343 -0.013793
v 0.053944 0.021342 -0.017701
v 0.051690 0.021343 -0.003546
v 0.050288 0.021343 0.005479
v 0.056331 0.021343 0.002095
v 0.056717 0.021343 -0.001876
v 0.026232 0.016324 -0.043049
v 0.027104 0.021343 -0.041982
v 0.025536 0.021343 -0.049560
v 0.025010 0.016324 -0.050722
v 0.056760 0.025017 -0.066997
v 0.045213 0.014415 -0.066997
v 0.056293 0.010358 -0.066997
v 0.049877 0.009357 -0.066997
v 0.050275 0.029659 -0.066997
v 0.044115 0.025601 -0.066997
v 0.038272 0.014970 -0.066997
v 0.038087 0.025468 -0.066997
v 0.112075 -0.024290 -0.214190
v 0.111693 -0.015498 -0.214189
v 0.104702 -0.045087 -0.214188
v 0.108007 -0.037999 -0.216622
v 0.108997 -0.031362 -0.218493
v 0.114295 -0.008114 -0.214190
v 0.112234 0.007902 -0.214190
v 0.113907 0.014690 -0.214190
v 0.107633 0.035998 -0.214190
v 0.097197 0.061136 -0.214190
v 0.098596 0.053890 -0.214190
v 0.090032 0.067528 -0.214190
v 0.080072 0.080086 -0.214947
v 0.072662 0.086260 -0.211175
v 0.074179 0.083383 -0.212112
v 0.042483 0.035667 -0.138143
v 0.042426 0.035692 -0.119958
v 0.041156 0.037256 -0.102748
v 0.047303 0.028934 -0.121446
v 0.047303 0.028933 -0.136549
v 0.042439 0.035667 -0.109430
v 0.043028 0.035042 -0.116177
v 0.047303 0.028934 -0.113077
v 0.043148 0.034915 -0.105587
v 0.047303 0.028934 -0.103856
v 0.042454 0.035705 -0.148574
v 0.043103 0.034851 -0.141868
v 0.047303 0.028934 -0.144111
v 0.038758 0.039789 -0.155248
v 0.043606 0.034685 -0.153689
v 0.047303 0.028934 -0.153578
v 0.034838 0.043127 -0.152377
v 0.028862 0.047262 -0.154136
v 0.035652 0.042515 -0.148623
v 0.035021 0.043041 -0.141820
v 0.028919 0.047317 -0.144910
v 0.035608 0.042491 -0.137924
v 0.035716 0.042415 -0.119709
v 0.028919 0.047317 -0.136549
v 0.028919 0.047317 -0.121446
v 0.035285 0.042832 -0.110713
v 0.034957 0.043110 -0.116118
v 0.028919 0.047317 -0.113898
v 0.035573 0.042510 -0.106757
v 0.034346 0.043576 -0.102749
v 0.028919 0.047317 -0.104405
v 0.042426 0.035692 -0.119958
v 0.042483 0.035667 -0.138143
v 0.041156 0.037256 -0.102748
v 0.047303 0.028934 -0.121446
v 0.047303 0.028933 -0.136549
v 0.042439 0.035667 -0.109430
v 0.043028 0.035042 -0.116177
v 0.047303 0.028934 -0.113077
v 0.043148 0.034915 -0.105587
v 0.047303 0.028934 -0.103856
v 0.042454 0.035705 -0.148574
v 0.043103 0.034851 -0.141868
v 0.047303 0.028934 -0.144111
v 0.038758 0.039789 -0.155248
v 0.043606 0.034685 -0.153689
v 0.047303 0.028934 -0.153578
v 0.028862 0.047262 -0.154136
v 0.034838 0.043127 -0.152377
v 0.035652 0.042515 -0.148623
v 0.028919 0.047317 -0.144910
v 0.035021 0.043041 -0.141820
v 0.035608 0.042491 -0.137924
v 0.035716 0.042415 -0.119709
v 0.028919 0.047317 -0.136549
v 0.028919 0.047317 -0.121446
v 0.035285 0.042832 -0.110713
v 0.034957 0.043110 -0.116118
v 0.028919 0.047317 -0.113898
v 0.035573 0.042510 -0.106757
v 0.034346 0.043576 -0.102749
v 0.028919 0.047317 -0.104405
v -0.035795 -0.042472 -0.119718
v -0.035717 -0.042562 -0.138108
v -0.038839 -0.039846 -0.155248
v -0.029002 -0.047370 -0.136549
v -0.029001 -0.047371 -0.121446
v -0.035736 -0.042567 -0.148627
v -0.034918 -0.043188 -0.141872
v -0.029002 -0.047371 -0.144906
v -0.034920 -0.043181 -0.152377
v -0.028944 -0.047315 -0.154136
v -0.043688 -0.034738 -0.153689
v -0.047385 -0.028987 -0.153578
v -0.042537 -0.035759 -0.148574
v -0.043185 -0.034904 -0.141868
v -0.047385 -0.028987 -0.144111
v -0.042563 -0.035723 -0.138147
v -0.047385 -0.028987 -0.121446
v -0.047385 -0.028987 -0.136549
v -0.042531 -0.035764 -0.119773
v -0.040593 -0.038082 -0.102746
v -0.042523 -0.035719 -0.109433
v -0.043204 -0.034910 -0.116125
v -0.047385 -0.028987 -0.113080
v -0.043230 -0.034968 -0.105587
v -0.047385 -0.028987 -0.103853
v -0.034941 -0.043028 -0.110818
v -0.035101 -0.043212 -0.116121
v -0.029002 -0.047371 -0.113905
v -0.035743 -0.042630 -0.107141
v -0.031402 -0.045576 -0.103458
v -0.035717 -0.042562 -0.138108
v -0.035795 -0.042472 -0.119718
v -0.038839 -0.039846 -0.155248
v -0.029002 -0.047370 -0.136549
v -0.029001 -0.047371 -0.121446
v -0.035736 -0.042567 -0.148627
v -0.034918 -0.043188 -0.141872
v -0.029002 -0.047371 -0.144906
v -0.034920 -0.043181 -0.152377
v -0.028944 -0.047315 -0.154136
v -0.047385 -0.028987 -0.153578
v -0.043688 -0.034738 -0.153689
v -0.042537 -0.035759 -0.148574
v -0.047385 -0.028987 -0.144111
v -0.043185 -0.034904 -0.141868
v -0.042563 -0.035723 -0.138147
v -0.047385 -0.028987 -0.121446
v -0.047385 -0.028987 -0.136549
v -0.042531 -0.035764 -0.119773
v -0.040593 -0.038082 -0.102746
v -0.042523 -0.035719 -0.109433
v -0.043204 -0.034910 -0.116125
v -0.047385 -0.028987 -0.113080
v -0.043230 -0.034968 -0.105587
v -0.047385 -0.028987 -0.103853
v -0.035743 -0.042630 -0.107141
v -0.031402 -0.045576 -0.103458
v -0.035101 -0.043212 -0.116121
v -0.034941 -0.043028 -0.110818
v -0.029002 -0.047371 -0.113905
v 0.064436 -0.027506 -0.073984
v 0.066017 -0.028396 -0.074998
v 0.065392 -0.026883 -0.074998
v 0.068082 -0.016038 -0.074535
v 0.067017 -0.009781 -0.073984
v 0.070120 -0.000239 -0.074531
v 0.067320 0.004788 -0.073984
v 0.066680 0.018589 -0.074291
v 0.066907 -0.032713 -0.066997
v 0.067871 -0.029912 -0.066997
v 0.063648 -0.027323 -0.066997
v 0.070032 -0.031457 -0.066997
v 0.069424 -0.036230 -0.066998
v 0.065279 -0.034840 -0.066997
v 0.062507 -0.039910 -0.066997
v 0.060088 -0.034271 -0.066997
v 0.059311 0.001009 -0.066997
v 0.066897 -0.009771 -0.066997
v 0.067320 0.001759 -0.066997
v 0.061536 0.024617 -0.060998
v 0.047113 0.039180 -0.066997
v 0.046923 0.039211 -0.060997
v 0.035093 0.039213 -0.066997
v 0.035093 0.039213 -0.060998
v -0.017791 0.013065 -0.070997
v -0.019554 0.014890 -0.074998
v -0.023025 0.009863 -0.074998
v -0.018084 0.009088 -0.066997
v -0.018390 0.008736 -0.070997
v -0.016179 0.013976 -0.066997
v -0.020315 0.019825 -0.070997
v -0.018390 0.018741 -0.066997
v -0.017952 -0.014519 -0.070997
v -0.019554 -0.012650 -0.074998
v -0.023052 -0.017688 -0.074998
v -0.018390 -0.018804 -0.070997
v -0.016733 -0.014986 -0.066997
v -0.018084 -0.009151 -0.070997
v -0.018390 -0.008799 -0.066997
v 0.029351 0.008245 -0.066997
v 0.028129 0.010074 -0.070997
v 0.023398 0.005928 -0.070997
v 0.021337 0.007052 -0.066997
v 0.019839 0.009357 -0.070997
v 0.024207 0.009222 -0.074998
v 0.019503 0.012587 -0.074998
v 0.050555 0.024254 0.020672
v 0.048684 0.016272 0.023806
v 0.051468 0.016140 0.020322
v 0.048544 0.024189 0.024077
v 0.046305 0.021343 0.020014
v 0.049609 0.021343 0.010317
v 0.052895 0.021343 0.018357
v 0.054735 0.021346 0.015201
v 0.047303 0.021343 0.026780
v 0.039079 0.021343 0.031931
v 0.046206 0.021346 0.032031
v -0.018603 0.021023 -0.060998
v -0.029552 0.021065 -0.050880
v -0.035356 0.021091 -0.060998
v -0.035391 0.021042 -0.052856
v -0.040008 0.020978 -0.046036
v -0.056957 0.021041 -0.051783
v -0.054643 0.020985 -0.052876
v -0.044318 0.020856 -0.037882
v -0.053813 0.021061 -0.029945
v -0.056830 0.021044 -0.030862
v -0.035356 0.021091 -0.060998
v -0.035391 0.021042 -0.052856
v -0.037038 0.003249 -0.060998
v -0.037293 0.003763 -0.052913
v -0.035569 0.038261 -0.060998
v -0.035569 0.038261 -0.052913
v -0.036616 0.027207 -0.052888
v -0.033839 0.024628 -0.060997
v -0.041323 0.026572 -0.056004
v -0.036616 0.027207 -0.052888
v -0.038255 0.030522 -0.056004
v -0.041743 0.025312 -0.052431
v -0.033468 0.024381 -0.051012
v -0.038346 0.034568 -0.052913
v -0.035569 0.038261 -0.052913
v -0.045355 0.037759 -0.052913
v -0.039712 0.034689 -0.056004
v -0.040145 0.032573 -0.060998
v -0.043382 0.028172 -0.060998
v -0.046497 0.026555 -0.055126
v -0.047828 0.030291 -0.056004
v -0.048697 0.031973 -0.052913
v -0.059004 0.025802 -0.052856
v 0.041212 0.023946 0.038390
v 0.039420 0.016228 0.038428
v 0.039809 0.024192 0.036543
v 0.042405 0.016241 0.034489
v 0.043216 0.024181 0.034688
v -0.036250 -0.061226 -0.067092
v -0.034880 -0.061196 -0.074997
v -0.016072 -0.067780 -0.067260
v -0.015978 -0.066817 -0.074996
v -0.040373 -0.062511 -0.074998
v -0.042539 -0.064860 -0.066997
v -0.041304 -0.061292 -0.066997
v -0.041467 -0.059915 -0.074998
v -0.043794 -0.064750 -0.074998
v -0.053314 -0.057719 -0.066997
v -0.056983 -0.054006 -0.074998
v -0.046327 -0.056331 -0.066997
v -0.053323 -0.057727 -0.060998
v -0.045917 -0.055881 -0.060998
v 0.007435 -0.025707 -0.066997
v 0.007435 -0.029436 -0.070997
v 0.004092 -0.033318 -0.066997
v 0.003452 -0.034281 -0.070997
v 0.006060 -0.023112 -0.070997
v 0.003452 -0.020862 -0.066997
v -0.022530 -0.010139 -0.070997
v -0.019554 -0.012650 -0.074998
v -0.017952 -0.014519 -0.070997
v -0.024476 -0.009235 -0.074998
v -0.027817 -0.013330 -0.070997
v 0.051246 -0.045695 -0.060998
v 0.048410 -0.046769 -0.056004
v 0.051073 -0.050780 -0.060998
v 0.051479 -0.051025 -0.056004
v 0.046233 -0.044205 -0.052913
v 0.049658 -0.052697 -0.056004
v 0.046766 -0.052264 -0.052913
v 0.046942 -0.055063 -0.060998
v 0.046233 -0.044205 -0.052913
v 0.045974 -0.042732 -0.060998
v 0.046766 -0.052264 -0.052913
v 0.047964 -0.056411 -0.052913
v 0.057334 0.045162 -0.066997
v 0.053739 0.042693 -0.073984
v 0.052773 0.043082 -0.066997
v 0.059226 0.046793 -0.073984
v 0.061767 0.046900 -0.066997
v 0.064666 0.044205 -0.074566
v -0.001448 0.000776 -0.074504
v 0.000580 0.002889 -0.065237
v -0.002754 0.000019 -0.066340
v -0.002380 -0.000965 -0.063682
v 0.003867 0.000891 -0.074504
v 0.001470 -0.003259 -0.074504
v 0.000407 -0.002811 -0.066340
v 0.002889 -0.000085 -0.066340
v 0.002599 -0.001189 -0.063682
v 0.003867 0.000891 -0.074504
v 0.000580 0.002889 -0.065237
v -0.015391 0.024232 0.051369
v -0.016967 0.016291 0.051481
v -0.012815 0.016189 0.053759
v -0.014198 0.024153 0.054654
v 0.019839 -0.018182 -0.070997
v 0.024207 -0.018318 -0.074998
v 0.019503 -0.014953 -0.074998
v 0.028230 -0.017551 -0.070997
v 0.019847 -0.019651 -0.066997
v 0.023398 -0.021612 -0.070997
v 0.029351 -0.019294 -0.066997
v 0.023589 -0.007742 -0.070997
v 0.021844 -0.009719 -0.074998
v 0.027532 -0.012886 -0.074998
v 0.017695 -0.013140 -0.070997
v 0.029741 -0.013157 -0.070997
v 0.018827 -0.008084 -0.066997
v 0.018339 -0.008799 -0.070997
v 0.024572 -0.004910 -0.066997
v 0.029351 -0.008308 -0.070997
v 0.030274 -0.010523 -0.066997
v 0.042407 0.027470 -0.060998
v 0.039388 0.028535 -0.056004
v 0.045661 0.029655 -0.056004
v 0.039415 0.026493 -0.052913
v 0.036161 0.027735 -0.052885
v 0.043912 0.025191 -0.056012
v 0.047156 0.026739 -0.052967
v 0.048460 0.029325 -0.056004
v -0.047034 0.016323 -0.024884
v -0.048654 0.024183 -0.024038
v -0.052041 0.016324 -0.023933
v -0.052288 0.024217 -0.023693
v -0.049693 0.016324 -0.021330
v -0.048654 0.024183 -0.024038
v -0.047034 0.016323 -0.024884
v -0.050615 0.024200 -0.020760
v 0.046646 0.059120 -0.073984
v 0.043483 0.053119 -0.073984
v 0.059226 0.046793 -0.073984
v 0.053739 0.042693 -0.073984
v 0.055742 0.055174 -0.074652
v 0.064666 0.044205 -0.074566
v 0.045022 0.064144 -0.074474
v -0.052174 -0.036836 -0.052913
v -0.052404 -0.004703 -0.060998
v -0.052365 -0.004677 -0.052913
v -0.049938 0.001422 -0.052913
v -0.050558 0.000721 -0.060998
v -0.052127 -0.036753 -0.060998
v -0.045947 -0.042917 -0.060998
v -0.046740 -0.044680 -0.052913
v -0.046796 -0.051961 -0.052913
v -0.047335 -0.055389 -0.060998
v -0.047777 -0.056278 -0.052913
v -0.050558 0.000721 -0.060998
v -0.037038 0.003249 -0.060998
v -0.049938 0.001422 -0.052913
v -0.037293 0.003763 -0.052913
v -0.023811 0.004335 -0.066997
v -0.018390 0.008736 -0.070997
v -0.024403 0.007806 -0.070997
v -0.018084 0.009088 -0.066997
v -0.028119 0.005644 -0.066997
v -0.030074 0.009279 -0.070997
v -0.017791 0.013065 -0.070997
v -0.023025 0.009863 -0.074998
v -0.027827 0.013380 -0.074998
v -0.023811 0.004335 -0.066997
v -0.024308 0.001938 -0.074998
v -0.024349 -0.002070 -0.066997
v -0.026703 -0.003561 -0.074998
v -0.024349 -0.002070 -0.066997
v -0.026703 -0.003561 -0.074998
v -0.030565 -0.001972 -0.066997
v -0.047784 0.007388 -0.056004
v -0.045887 0.009740 -0.060998
v -0.046679 0.011715 -0.056004
v -0.043062 0.005036 -0.060998
v -0.049060 0.010204 -0.052913
v -0.045182 0.003590 -0.052913
v -0.044093 0.014863 -0.054459
v 0.031916 0.016324 -0.043642
v 0.033496 0.021343 -0.043216
v 0.026232 0.016324 -0.043049
v 0.036946 0.016324 -0.043236
v 0.038317 0.021343 -0.042289
v -0.028590 0.016324 -0.045101
v -0.028850 0.024166 -0.048414
v -0.030445 0.016324 -0.048846
v -0.029146 0.024180 -0.044708
v 0.055612 -0.042656 -0.052813
v 0.060474 -0.041972 -0.052747
v 0.058263 -0.012326 0.006715
v 0.058572 -0.007816 0.015680
v 0.052134 -0.002500 0.026613
v 0.051253 -0.040917 -0.052913
v 0.052007 -0.043507 -0.056006
v 0.056313 -0.044977 -0.056005
v 0.051246 -0.045695 -0.060998
v 0.055684 -0.048961 -0.060998
v 0.048410 -0.046769 -0.056004
v 0.047113 0.003316 0.038146
v 0.042097 0.003939 0.039363
v 0.031855 0.009899 0.051804
v 0.026010 0.009879 0.051514
v 0.009678 0.013966 0.060065
v -0.015225 0.013608 0.059218
v -0.008098 0.012638 0.057102
v -0.026092 0.009879 0.051514
v -0.036915 0.008178 0.048248
v -0.042178 0.003940 0.039364
v -0.051421 0.000473 0.032661
v -0.051625 -0.002845 0.025903
v -0.058105 -0.006852 0.017606
v -0.057105 -0.010962 0.009413
v -0.060441 -0.013658 0.004072
v -0.057126 -0.041112 -0.051733
v -0.060554 -0.042007 -0.052793
v 0.055050 0.005573 -0.052936
v 0.055826 0.004349 -0.060999
v 0.056627 0.003416 -0.052182
v 0.056665 0.001292 -0.060998
v 0.055230 0.001093 -0.052910
v 0.049721 0.001337 -0.052913
v 0.038697 0.002843 -0.052913
v 0.048633 0.000679 -0.060998
v 0.036769 0.003438 -0.060998
v 0.051126 -0.000662 -0.060998
v 0.052279 -0.004609 -0.052913
v 0.051126 -0.000662 -0.060998
v 0.051253 -0.040917 -0.052913
v 0.052279 -0.004609 -0.052913
v 0.048633 0.000679 -0.060998
v 0.049721 0.001337 -0.052913
v 0.052002 -0.036991 -0.060998
v 0.046233 -0.044205 -0.052913
v 0.045974 -0.042732 -0.060998
v 0.056653 0.024183 0.007271
v 0.053356 0.016323 0.006462
v 0.056825 0.014798 0.007058
v 0.053076 0.024237 0.006860
v 0.040531 0.033112 -0.060998
v 0.039388 0.028535 -0.056004
v 0.042407 0.027470 -0.060998
v 0.038685 0.033981 -0.056004
v 0.036161 0.027735 -0.052885
v 0.036983 0.036235 -0.052913
v 0.044253 0.037312 -0.056004
v 0.046824 0.034209 -0.056004
v 0.039415 0.026493 -0.052913
v 0.033310 0.024348 -0.050960
v 0.058924 0.025802 -0.052856
v 0.047156 0.026739 -0.052967
v 0.048437 0.032746 -0.052913
v 0.045617 0.038002 -0.052913
v 0.045661 0.029655 -0.056004
v 0.048460 0.029325 -0.056004
v 0.043912 0.025191 -0.056012
v -0.007094 -0.027923 -0.070997
v -0.004830 -0.033594 -0.066997
v -0.001472 -0.033386 -0.070997
v 0.004092 -0.033318 -0.066997
v 0.003452 -0.034281 -0.070997
v 0.003992 -0.028124 -0.070997
v 0.000312 -0.032179 -0.074998
v -0.004130 -0.027756 -0.074998
v -0.031288 0.018007 -0.074998
v -0.033513 0.013905 -0.071244
v -0.025433 0.025721 -0.071244
v -0.024503 0.026574 -0.074998
v -0.035107 0.008749 -0.074998
v -0.036013 -0.000698 -0.071244
v -0.035376 -0.007523 -0.074998
v -0.032977 -0.015211 -0.071244
v -0.029727 -0.020870 -0.074998
v -0.024864 -0.026248 -0.071240
v -0.054762 0.031636 -0.066997
v -0.061586 0.024617 -0.060998
v -0.046979 0.039174 -0.060992
v -0.062699 0.026034 -0.066997
v -0.046966 0.039209 -0.066997
v -0.035144 0.039213 -0.066997
v -0.035144 0.039213 -0.060998
v -0.023575 -0.055799 -0.071244
v -0.014557 -0.059057 -0.069549
v -0.036468 -0.048480 -0.070421
v 0.037421 -0.058996 -0.078031
v 0.044085 -0.053348 -0.087458
v 0.043435 -0.052700 -0.076270
v 0.043309 -0.051867 -0.096210
v 0.037128 -0.060775 -0.074997
v 0.037115 -0.066068 -0.078037
v 0.037063 -0.065759 -0.074997
v 0.035300 -0.069098 -0.074997
v 0.050920 0.029778 -0.060998
v 0.056760 0.025017 -0.066997
v 0.056825 0.024858 -0.060998
v 0.050275 0.029659 -0.066997
v 0.045181 0.026961 -0.060998
v 0.044115 0.025601 -0.066997
v 0.038036 0.024817 -0.060997
v 0.038087 0.025468 -0.066997
v -0.053628 0.024169 0.009062
v -0.054661 0.016322 0.005654
v -0.053188 0.016330 0.008791
v -0.055765 0.024187 0.005919
v 0.064278 -0.032914 -0.074997
v 0.059854 -0.037184 -0.074997
v 0.064604 -0.036759 -0.074997
v 0.058585 -0.033198 -0.075497
v 0.053331 -0.044200 -0.075456
v 0.051348 -0.042218 -0.077466
v 0.065062 -0.026912 -0.074999
v 0.068676 -0.031498 -0.074997
v 0.068262 -0.013014 -0.074888
v 0.065377 -0.014352 -0.076817
v 0.068521 -0.000373 -0.075618
v 0.065618 -0.037147 -0.078037
v 0.059202 -0.037477 -0.078051
v 0.064051 -0.033250 -0.078037
v 0.065580 -0.025779 -0.078035
v 0.069095 -0.031590 -0.078037
v 0.047964 -0.056411 -0.052913
v 0.053966 -0.056739 -0.060998
v 0.053173 -0.055693 -0.052913
v 0.046942 -0.055063 -0.060998
v 0.060473 -0.050232 -0.060998
v 0.059344 -0.051019 -0.052913
v 0.055684 -0.048961 -0.060998
v 0.051479 -0.051025 -0.056004
v 0.056213 -0.051771 -0.056004
v 0.051073 -0.050780 -0.060998
v 0.059344 -0.051019 -0.052913
v 0.053173 -0.055693 -0.052913
v 0.049658 -0.052697 -0.056004
v 0.046766 -0.052264 -0.052913
v 0.062149 -0.039496 -0.073984
v 0.062488 -0.047554 -0.074908
v 0.069767 -0.036006 -0.074517
v 0.066907 -0.032713 -0.066997
v 0.064650 -0.034363 -0.074998
v 0.065392 -0.032115 -0.074998
v 0.067372 -0.033792 -0.074998
v 0.065279 -0.034840 -0.066997
v 0.053137 0.016353 -0.008848
v 0.053606 0.024189 -0.009122
v 0.054695 0.016259 -0.005529
v 0.056024 0.024200 -0.006991
v -0.035542 0.059989 -0.073984
v -0.036939 0.064919 -0.066997
v -0.037565 0.068006 -0.073978
v -0.035799 0.067787 -0.066997
v -0.035781 0.058476 -0.066997
v -0.047331 0.048396 -0.073984
v -0.048461 0.047267 -0.066997
v -0.059135 0.035722 -0.073984
v -0.059121 0.035560 -0.066997
v 0.017302 0.024176 -0.051883
v 0.016029 0.016324 -0.054965
v 0.016848 0.016323 -0.050108
v 0.015703 0.024201 -0.055219
v -0.031449 -0.011937 -0.070997
v -0.029330 -0.008239 -0.066997
v -0.031449 -0.015666 -0.066997
v -0.030074 -0.018261 -0.070997
v 0.052997 0.005890 -0.060998
v 0.053861 0.005127 -0.071244
v 0.055243 0.003504 -0.060998
v 0.052129 0.001422 -0.071244
v 0.051370 0.002599 -0.060998
v 0.053861 0.005127 -0.071244
v 0.052997 0.005890 -0.060998
v 0.051370 0.002599 -0.060998
v 0.052129 0.001422 -0.071244
v -0.043961 0.010815 -0.060998
v -0.045073 0.006710 -0.071244
v -0.043457 0.011061 -0.071244
v -0.043488 0.006584 -0.060998
v -0.040225 0.008720 -0.060998
v -0.043457 0.011061 -0.071244
v -0.040956 0.007592 -0.071244
v -0.043961 0.010815 -0.060998
v -0.043488 0.006584 -0.060998
v -0.045073 0.006710 -0.071244
v -0.043469 0.028867 -0.060997
v -0.045484 0.030881 -0.071244
v -0.044573 0.032907 -0.060998
v -0.042869 0.034258 -0.071244
v -0.039992 0.031135 -0.060998
v -0.041405 0.029737 -0.071244
v -0.043469 0.028867 -0.060997
v -0.045484 0.030881 -0.071244
v -0.029417 -0.045033 -0.118487
v -0.030806 -0.045698 -0.117849
v -0.032454 -0.043873 -0.116262
v -0.030378 -0.043796 -0.115315
v -0.033926 -0.041367 -0.116842
v -0.016565 0.027546 -0.074998
v -0.016689 0.028197 -0.066997
v -0.013936 0.028317 -0.066997
v -0.013323 0.028567 -0.074998
v 0.026998 -0.065117 -0.074999
v 0.037128 -0.060775 -0.074997
v 0.043435 -0.052700 -0.076270
v 0.021303 -0.064100 -0.076491
v 0.013986 -0.068172 -0.074896
v 0.000333 -0.068452 -0.075762
v 0.032875 -0.064178 -0.074997
v 0.031500 -0.069191 -0.074997
v 0.037063 -0.065759 -0.074997
v 0.066343 0.012767 -0.055232
v 0.066308 0.002490 -0.060997
v 0.066459 0.012605 -0.060998
v 0.066309 0.002661 -0.055195
v -0.046475 0.021343 0.019429
v -0.050505 0.016258 0.018178
v -0.053763 0.021347 0.017794
v -0.053508 0.015075 0.019757
v -0.046862 0.016324 0.021459
v -0.004048 -0.027038 -0.070997
v -0.000362 -0.022970 -0.074998
v 0.000814 -0.021588 -0.070997
v -0.004130 -0.027756 -0.074998
v -0.001472 -0.033386 -0.070997
v -0.007094 -0.027923 -0.070997
v -0.002792 -0.020314 -0.066997
v -0.007610 -0.026419 -0.066997
v -0.003549 -0.020894 -0.070997
v -0.004830 -0.033594 -0.066997
v 0.036330 0.002453 -0.060998
v 0.047051 0.000298 -0.066997
v 0.047019 0.000268 -0.060998
v 0.056010 -0.005134 -0.066997
v 0.056095 -0.005136 -0.060998
v 0.036119 0.002547 -0.066997
v 0.035093 0.039213 -0.060998
v 0.035093 0.039213 -0.066997
v -0.059097 0.001953 -0.060998
v -0.059131 0.013575 -0.049375
v -0.059191 0.001989 -0.049391
v -0.066425 0.012767 -0.055230
v -0.066503 0.012671 -0.060999
v -0.066391 0.002661 -0.055197
v -0.066352 0.002616 -0.060982
v -0.016043 0.024173 -0.055114
v -0.016022 0.016324 -0.055036
v -0.014348 0.016324 -0.052064
v -0.013555 0.024167 -0.052212
v -0.049947 -0.051092 -0.056004
v -0.054355 -0.051006 -0.060998
v -0.056727 -0.051332 -0.056004
v -0.049934 -0.048841 -0.060997
v -0.058950 -0.050774 -0.052913
v -0.052031 -0.054349 -0.054468
v -0.059398 0.001025 -0.066997
v -0.067670 0.001745 -0.066997
v -0.065592 -0.016507 -0.066997
v -0.061586 -0.027984 -0.066997
v -0.060257 -0.034371 -0.066997
v -0.001448 0.000776 -0.074504
v 0.000407 -0.002811 -0.066340
v 0.001470 -0.003259 -0.074504
v 0.004554 -0.001613 -0.071491
v 0.003867 0.000891 -0.074504
v 0.002833 0.004260 -0.071491
v -0.056725 0.024165 -0.007440
v -0.053665 0.016294 -0.006302
v -0.056804 0.015229 -0.008253
v -0.052778 0.024212 -0.007151
v 0.038767 0.006385 -0.056004
v 0.040869 0.006503 -0.060998
v 0.039686 0.012360 -0.056004
v 0.040674 0.011524 -0.060998
v 0.038697 0.002843 -0.052913
v 0.036209 0.006006 -0.052913
v 0.037513 0.011314 -0.054488
v -0.057599 -0.045573 -0.056004
v -0.054133 -0.045465 -0.060998
v -0.052062 -0.043352 -0.056007
v -0.048292 -0.046869 -0.056004
v -0.049934 -0.048841 -0.060997
v -0.053354 -0.042463 -0.052913
v -0.058094 -0.044506 -0.052913
v -0.046740 -0.044680 -0.052913
v -0.049947 -0.051092 -0.056004
v -0.048292 -0.046869 -0.056004
v -0.049934 -0.048841 -0.060997
v -0.046796 -0.051961 -0.052913
v -0.046740 -0.044680 -0.052913
v 0.015355 0.014461 0.055337
v 0.016631 0.024181 0.054863
v 0.018176 0.016251 0.051829
v 0.016420 0.024187 0.051336
v -0.090908 -0.068058 -0.230297
v -0.086270 -0.074626 -0.220339
v -0.084528 -0.074932 -0.218155
v -0.080426 -0.080412 -0.216925
v -0.082256 -0.078183 -0.222804
v -0.046674 0.034208 -0.056004
v -0.045795 0.032807 -0.060998
v -0.039712 0.034689 -0.056004
v -0.040145 0.032573 -0.060998
v -0.038346 0.034568 -0.052913
v -0.043852 0.037404 -0.056004
v -0.045355 0.037759 -0.052913
v -0.012082 -0.052445 -0.159914
v -0.019475 -0.054447 -0.161115
v -0.029606 -0.044543 -0.159930
v -0.034711 -0.046229 -0.161317
v -0.011498 -0.056761 -0.161089
v -0.041650 -0.041636 -0.160198
v -0.038034 -0.038016 -0.159660
v -0.046602 -0.034147 -0.161099
v -0.050305 -0.023620 -0.160934
v 0.013173 -0.052276 -0.159442
v -0.056740 -0.011895 -0.161416
v 0.017008 -0.055082 -0.161261
v 0.000252 -0.058071 -0.161383
v 0.035865 -0.045694 -0.161339
v 0.037945 -0.037779 -0.159745
v 0.046657 -0.025603 -0.159843
v 0.052964 -0.023614 -0.161371
v 0.051065 -0.015951 -0.159870
v 0.057493 -0.005649 -0.161170
v 0.054240 -0.000874 -0.160331
v 0.057869 0.003365 -0.161316
v 0.050759 0.016680 -0.159521
v 0.046552 0.034072 -0.161143
v 0.054324 0.019547 -0.161162
v 0.044241 0.029489 -0.159141
v 0.037931 0.037943 -0.159668
v 0.041532 0.041545 -0.160734
v 0.033451 0.047003 -0.161108
v 0.031229 0.043180 -0.159812
v 0.019173 0.054489 -0.161178
v 0.016863 0.050630 -0.159410
v -0.003733 0.053665 -0.159797
v -0.000334 0.058017 -0.161383
v -0.017163 0.054993 -0.161182
v -0.020618 0.049328 -0.159817
v -0.036186 0.045474 -0.161380
v -0.038016 0.037738 -0.159745
v -0.050220 0.019559 -0.159792
v -0.047694 0.033015 -0.161389
v -0.056501 0.012103 -0.161192
v -0.053946 -0.004042 -0.159781
v -0.057854 0.001114 -0.161282
v -0.045996 -0.027166 -0.158974
v 0.000580 0.002889 -0.065237
v -0.004021 0.006052 -0.063682
v -0.002380 -0.000965 -0.063682
v -0.007485 -0.001896 -0.063682
v 0.004727 0.006044 -0.063682
v -0.000752 -0.007189 -0.063682
v 0.007066 -0.001489 -0.063682
v 0.002599 -0.001189 -0.063682
v -0.067591 0.034505 -0.066997
v -0.066339 0.034794 -0.074998
v -0.064593 0.036570 -0.066997
v -0.066164 0.032200 -0.074998
v -0.065772 0.032332 -0.066997
v -0.067647 0.037456 -0.073978
v -0.069455 0.036023 -0.066997
v -0.064593 0.036570 -0.066997
v -0.059135 0.035722 -0.073984
v -0.059121 0.035560 -0.066997
v 0.042678 0.033012 -0.147195
v 0.043848 0.031298 -0.142387
v 0.045614 0.030754 -0.150095
v 0.045197 0.029735 -0.139969
v 0.041343 0.034388 -0.149923
v 0.041526 0.033711 -0.141337
v 0.043788 0.030635 -0.146638
v 0.044192 0.030216 -0.152666
v 0.049419 0.025200 -0.158817
v 0.043112 0.032539 -0.152602
v -0.039326 0.012009 -0.056004
v -0.040025 0.009347 -0.060998
v -0.038815 0.005933 -0.056004
v -0.038320 0.012031 -0.052913
v -0.037293 0.003763 -0.052913
v -0.043630 0.003691 -0.056004
v -0.043062 0.005036 -0.060998
v -0.038815 0.005933 -0.056004
v -0.040025 0.009347 -0.060998
v -0.043630 0.003691 -0.056004
v -0.045182 0.003590 -0.052913
v -0.037293 0.003763 -0.052913
v -0.047784 0.007388 -0.056004
v -0.043062 0.005036 -0.060998
v 0.056293 0.010358 -0.066997
v 0.056825 0.024858 -0.060998
v 0.056760 0.025017 -0.066997
v 0.055609 0.009880 -0.060998
v -0.053805 -0.044444 -0.078153
v -0.055703 -0.055688 -0.078037
v -0.059207 -0.041496 -0.078037
v -0.060256 -0.035605 -0.078036
v -0.063331 -0.039309 -0.078037
v -0.063997 -0.042869 -0.078037
v -0.049196 -0.049182 -0.078197
v -0.060508 -0.044973 -0.076517
v -0.059842 -0.040857 -0.074997
v -0.044371 -0.053788 -0.078067
v -0.044863 -0.060557 -0.076942
v -0.042643 -0.064495 -0.078037
v -0.040845 -0.059853 -0.078037
v -0.038383 -0.062252 -0.078037
v -0.034616 -0.060829 -0.076449
v -0.016967 0.016291 0.051481
v -0.017217 0.024219 0.054179
v -0.016936 0.014709 0.054841
v -0.015391 0.024232 0.051369
v 0.045871 0.031807 -0.060998
v 0.046824 0.034209 -0.056004
v 0.040531 0.033112 -0.060998
v 0.038685 0.033981 -0.056004
v 0.036983 0.036235 -0.052913
v 0.045617 0.038002 -0.052913
v 0.044253 0.037312 -0.056004
v 0.045871 0.031807 -0.060998
v 0.045661 0.029655 -0.056004
v 0.046824 0.034209 -0.056004
v 0.042407 0.027470 -0.060998
v 0.048437 0.032746 -0.052913
v 0.044253 0.037312 -0.056004
v 0.045617 0.038002 -0.052913
v 0.048460 0.029325 -0.056004
v 0.047156 0.026739 -0.052967
v 0.049930 0.009334 -0.060998
v 0.049877 0.009357 -0.066997
v 0.045612 0.013829 -0.060998
v 0.045213 0.014415 -0.066997
v 0.038272 0.014970 -0.066997
v 0.037916 0.015473 -0.060998
v 0.034394 0.025086 -0.060998
v 0.036161 0.027735 -0.052885
v 0.035486 0.038261 -0.060998
v 0.036983 0.036235 -0.052913
v 0.033310 0.024348 -0.050960
v -0.049746 0.009363 -0.060998
v -0.055578 0.009822 -0.066997
v -0.056235 0.010280 -0.060998
v -0.049714 0.009391 -0.066997
v -0.046742 0.013832 -0.060998
v -0.045818 0.014478 -0.066997
v -0.038207 0.015258 -0.060998
v -0.045818 0.014478 -0.066997
v -0.046742 0.013832 -0.060998
v -0.038235 0.015258 -0.066997
v 0.040404 0.063079 -0.066997
v 0.043028 0.061773 -0.074998
v 0.045366 0.059780 -0.066997
v 0.041671 0.059578 -0.074998
v 0.045366 0.059780 -0.066997
v 0.041671 0.059578 -0.074998
v 0.041538 0.059731 -0.066997
v 0.055621 0.055635 -0.076328
v 0.049156 0.049170 -0.078077
v 0.045042 0.060786 -0.076660
v 0.042681 0.064469 -0.078037
v 0.042987 0.056596 -0.078048
v 0.041312 0.059249 -0.074997
v 0.034209 0.060777 -0.076117
v 0.039047 0.061486 -0.078037
v 0.059434 0.043549 -0.078037
v 0.053632 0.044524 -0.078090
v 0.064006 0.041974 -0.078037
v 0.060762 0.034090 -0.078033
v 0.061455 0.038958 -0.078037
v 0.059776 0.040789 -0.074997
v -0.033216 0.016324 -0.045140
v -0.031836 0.024226 -0.047294
v -0.029146 0.024180 -0.044708
v -0.028590 0.016324 -0.045101
v -0.025626 0.016324 -0.049566
v -0.025688 0.021343 -0.043324
v -0.025100 0.016324 -0.044149
v -0.025113 0.021343 -0.050872
v -0.024907 0.016324 -0.053694
v 0.090793 -0.068066 -0.214190
v 0.073354 -0.085796 -0.214190
v 0.080835 -0.081220 -0.214190
v 0.065714 -0.094260 -0.214172
v 0.044418 -0.104401 -0.214189
v 0.030362 0.016324 -0.048906
v 0.027689 0.024173 -0.046973
v 0.028254 0.016324 -0.045248
v 0.030910 0.024210 -0.048439
v 0.030921 0.024213 -0.045145
v 0.031916 0.016324 -0.043642
v 0.030054 0.020833 -0.050436
v 0.026095 0.016324 -0.054561
v 0.031916 0.016324 -0.043642
v 0.030921 0.024213 -0.045145
v 0.030362 0.016324 -0.048906
v 0.030910 0.024210 -0.048439
v 0.024207 0.009222 -0.074998
v 0.028129 0.010074 -0.070997
v 0.027556 0.014515 -0.074998
v 0.029902 0.014299 -0.070997
v 0.029351 0.008245 -0.066997
v 0.030546 0.016295 -0.066997
v 0.029351 0.019231 -0.070997
v 0.040623 0.030623 -0.071244
v 0.040860 0.030781 -0.060998
v 0.044965 0.027287 -0.071244
v 0.045181 0.026961 -0.060998
v 0.045181 0.026961 -0.060998
v 0.044291 0.033077 -0.071244
v 0.044965 0.027287 -0.071244
v 0.044303 0.033326 -0.060998
v 0.000312 0.022900 -0.074998
v 0.001972 0.021617 -0.070997
v 0.003990 0.026947 -0.070997
v 0.004067 0.027744 -0.074998
v -0.000360 0.033958 -0.070997
v 0.006981 0.026137 -0.066997
v 0.007435 0.025644 -0.070997
v 0.001972 0.021617 -0.070997
v -0.000293 0.020272 -0.066997
v -0.002792 0.020251 -0.070997
v -0.007485 0.025644 -0.066997
v -0.004042 0.026951 -0.074998
v 0.000312 0.022900 -0.074998
v -0.051303 0.004434 -0.060998
v -0.049938 0.001422 -0.052913
v -0.053551 0.005585 -0.052913
v -0.050558 0.000721 -0.060998
v 0.040102 0.024205 -0.036930
v 0.041021 0.016324 -0.034512
v 0.040865 0.016324 -0.037938
v 0.041211 0.024157 -0.033840
v 0.013437 0.024212 -0.052400
v 0.016848 0.016323 -0.050108
v 0.013129 0.016324 -0.052321
v 0.017302 0.024176 -0.051883
v 0.015703 0.024201 -0.055219
v 0.013129 0.016324 -0.052321
v 0.016029 0.016324 -0.054965
v 0.013437 0.024212 -0.052400
v -0.022521 0.017398 -0.070997
v -0.019554 0.014890 -0.074998
v -0.017791 0.013065 -0.070997
v -0.024476 0.018304 -0.074998
v -0.027817 0.014209 -0.070997
v 0.052371 0.024201 0.023396
v 0.050322 0.023946 0.025075
v 0.048544 0.024189 0.024077
v -0.001448 0.000776 -0.074504
v -0.000216 0.004882 -0.074504
v 0.003867 0.000891 -0.074504
v -0.002749 -0.003982 -0.074504
v 0.001470 -0.003259 -0.074504
v -0.032313 -0.043388 -0.121732
v -0.034364 -0.041378 -0.137962
v -0.034169 -0.041505 -0.120178
v -0.033731 -0.041384 -0.141364
v -0.033196 -0.043856 -0.141604
v -0.033926 -0.041367 -0.116842
v -0.032454 -0.043873 -0.116262
v -0.030806 -0.045698 -0.108124
v -0.030838 -0.045666 -0.109456
v -0.024403 -0.019734 -0.070997
v -0.025254 -0.020867 -0.066997
v -0.018390 -0.018804 -0.070997
v -0.016733 -0.014986 -0.066997
v -0.030074 -0.018261 -0.070997
v -0.031449 -0.015666 -0.066997
v -0.023052 -0.017688 -0.074998
v -0.027828 -0.014151 -0.074998
v -0.017952 -0.014519 -0.070997
v -0.027817 -0.013330 -0.070997
v -0.030074 -0.018261 -0.070997
v -0.024403 -0.019734 -0.070997
v -0.031449 -0.011937 -0.070997
v -0.024686 -0.006644 -0.070997
v -0.022530 -0.010139 -0.070997
v -0.018084 -0.009151 -0.070997
v -0.017952 -0.014519 -0.070997
v -0.018390 -0.018804 -0.070997
v 0.040434 0.010269 -0.071244
v 0.040652 0.008114 -0.060998
v 0.042704 0.006635 -0.071244
v 0.043588 0.011083 -0.060998
v 0.045539 0.012294 -0.071244
v 0.026344 -0.065493 -0.078032
v 0.032631 -0.064524 -0.078037
v 0.033052 -0.069103 -0.078037
v 0.037421 -0.058996 -0.078031
v 0.037115 -0.066068 -0.078037
v -0.047828 0.030291 -0.056004
v -0.043382 0.028172 -0.060998
v -0.045795 0.032807 -0.060998
v -0.046674 0.034208 -0.056004
v -0.048697 0.031973 -0.052913
v -0.046497 0.026555 -0.055126
v -0.045355 0.037759 -0.052913
v -0.043852 0.037404 -0.056004
v -0.011877 0.016323 0.049780
v -0.011330 0.021343 0.050006
v -0.008964 0.021344 0.056137
v -0.012815 0.016189 0.053759
v 0.017695 -0.013140 -0.070997
v 0.016129 -0.014038 -0.066997
v 0.019839 -0.018182 -0.070997
v 0.019847 -0.019651 -0.066997
v 0.018827 -0.008084 -0.066997
v 0.018339 -0.008799 -0.070997
v 0.019503 -0.014953 -0.074998
v 0.021844 -0.009719 -0.074998
v 0.024682 0.021343 0.046035
v 0.025550 0.016221 0.048957
v 0.025282 0.021345 0.050500
v 0.022584 0.014653 0.052668
v 0.025729 0.016324 0.043467
v 0.027866 0.021343 0.041959
v -0.055369 0.003221 -0.060998
v -0.054558 0.001070 -0.052913
v -0.050558 0.000721 -0.060998
v -0.049938 0.001422 -0.052913
v -0.058233 0.096663 -0.214190
v -0.064650 0.094904 -0.214190
v -0.076318 0.082911 -0.214190
v -0.037440 0.106978 -0.214190
v -0.087776 0.072611 -0.214190
v -0.100553 0.051270 -0.214189
v -0.105782 0.044848 -0.214190
v -0.110814 0.021694 -0.214191
v -0.113864 0.015745 -0.214190
v -0.113218 -0.008098 -0.214190
v -0.053367 -0.050251 -0.074998
v -0.051136 -0.050326 -0.060998
v -0.050208 -0.045140 -0.074998
v -0.051823 -0.046121 -0.060998
v -0.053973 -0.045996 -0.074998
v -0.055128 -0.048160 -0.060998
v -0.053367 -0.050251 -0.074998
v -0.051136 -0.050326 -0.060998
v 0.047173 0.016324 -0.024234
v 0.052001 0.016324 -0.023835
v 0.048477 0.024231 -0.024016
v 0.052207 0.024214 -0.023672
v 0.048306 0.021343 -0.018025
v 0.053827 0.016296 -0.017957
v 0.053944 0.021342 -0.017701
v 0.046438 0.016324 -0.019732
v 0.048477 0.024231 -0.024016
v 0.050657 0.016324 -0.020550
v 0.047173 0.016324 -0.024234
v 0.050661 0.024217 -0.020753
v -0.016090 -0.000124 -0.071491
v -0.017482 -0.002576 -0.074998
v -0.016160 0.007153 -0.073707
v -0.015169 -0.009113 -0.071491
v -0.013197 -0.011845 -0.074998
v -0.008065 -0.015756 -0.071491
v -0.002599 -0.017366 -0.072986
v 0.033183 -0.064755 -0.074998
v 0.034748 -0.065296 -0.066997
v 0.032822 -0.066834 -0.066997
v 0.033643 -0.067201 -0.074998
v 0.036543 -0.069542 -0.074485
v 0.036829 -0.063593 -0.066997
v 0.036149 -0.069700 -0.066998
v 0.037216 -0.063946 -0.073984
v 0.035029 -0.058442 -0.073984
v 0.035142 -0.058191 -0.066997
v 0.033643 -0.067201 -0.074998
v 0.032822 -0.066834 -0.066997
v 0.034748 -0.065296 -0.066997
v 0.033183 -0.064755 -0.074998
v -0.053628 0.024169 0.009062
v -0.053188 0.016330 0.008791
v -0.056743 0.014689 0.009026
v -0.058415 0.024263 0.009093
v -0.014517 -0.026645 -0.074998
v -0.013989 -0.029787 -0.066997
v -0.015289 -0.027094 -0.066997
v -0.015219 -0.029539 -0.074998
v -0.033501 0.065472 -0.074998
v -0.032474 0.066517 -0.066997
v -0.033133 0.069756 -0.074998
v 0.003990 0.026947 -0.070997
v 0.005291 0.033318 -0.070997
v -0.000360 0.033958 -0.070997
v 0.007435 0.025644 -0.070997
v 0.001972 0.021617 -0.070997
v -0.004050 0.028032 -0.070997
v -0.005485 0.032945 -0.070997
v -0.007610 0.026357 -0.070997
v -0.002792 0.020251 -0.070997
v 0.010049 0.010614 -0.071346
v 0.013108 0.010124 -0.067115
v 0.012772 0.009577 -0.071375
v 0.010196 0.010403 -0.067117
v -0.039326 0.012009 -0.056004
v -0.045887 0.009740 -0.060998
v -0.040025 0.009347 -0.060998
v -0.046679 0.011715 -0.056004
v -0.038320 0.012031 -0.052913
v -0.044093 0.014863 -0.054459
v -0.047335 -0.055389 -0.060998
v -0.054048 -0.056739 -0.052913
v -0.054048 -0.056739 -0.060998
v -0.047777 -0.056278 -0.052913
v -0.058950 -0.050774 -0.052913
v -0.060555 -0.050232 -0.060997
v -0.050994 0.029663 -0.060998
v -0.050958 0.029654 -0.066997
v -0.044621 0.025166 -0.060997
v -0.056853 0.024957 -0.060997
v -0.056876 0.024858 -0.066997
v -0.044312 0.025246 -0.066997
v -0.038941 0.025290 -0.066997
v -0.037883 0.024703 -0.060998
v 0.039686 0.012360 -0.056004
v 0.040674 0.011524 -0.060998
v 0.046822 0.011713 -0.056004
v 0.045926 0.009236 -0.060998
v 0.037513 0.011314 -0.054488
v 0.044010 0.014863 -0.054453
v 0.047884 0.012131 -0.052913
v -0.052041 0.016324 -0.023933
v -0.052288 0.024217 -0.023693
v -0.049693 0.016324 -0.021330
v -0.050615 0.024200 -0.020760
v 0.024277 -0.002034 -0.074998
v 0.024572 -0.004910 -0.066997
v 0.029997 -0.002610 -0.066997
v 0.030667 -0.001672 -0.074998
v 0.012355 0.021343 0.049154
v 0.010933 0.016324 0.050411
v 0.009652 0.021349 0.055897
v 0.012765 0.016184 0.053198
v 0.036769 0.003438 -0.060998
v 0.036209 0.006006 -0.052913
v 0.035309 0.021042 -0.052856
v 0.038697 0.002843 -0.052913
v 0.035274 0.021091 -0.060998
v 0.019837 -0.026637 -0.066997
v 0.019291 -0.029237 -0.074997
v 0.019491 -0.025809 -0.074998
v 0.015764 -0.029691 -0.066997
v 0.014894 -0.027845 -0.074998
v 0.014802 -0.031491 -0.074998
v 0.014099 -0.027527 -0.066997
v 0.014894 -0.027845 -0.074998
v 0.014099 -0.027527 -0.066997
v 0.014802 -0.031491 -0.074998
v 0.015764 -0.029691 -0.066997
v -0.055002 0.024203 -0.010298
v -0.053884 0.016337 -0.011690
v -0.052778 0.024212 -0.007151
v -0.053665 0.016294 -0.006302
v 0.047622 0.016323 0.018129
v 0.046305 0.021343 0.020014
v 0.052895 0.021343 0.018357
v 0.051468 0.016140 0.020322
v 0.055826 0.004349 -0.060999
v 0.055050 0.005573 -0.052936
v 0.050189 0.004559 -0.060998
v 0.049912 0.006264 -0.052913
v 0.049721 0.001337 -0.052913
v 0.056665 0.001292 -0.060998
v 0.051126 -0.000662 -0.060998
v 0.055230 0.001093 -0.052910
v -0.003549 -0.020894 -0.070997
v -0.004048 -0.027038 -0.070997
v 0.000814 -0.021588 -0.070997
v -0.007094 -0.027923 -0.070997
v -0.001472 -0.033386 -0.070997
v 0.006060 -0.023112 -0.070997
v 0.003992 -0.028124 -0.070997
v 0.003452 -0.034281 -0.070997
v 0.007435 -0.029436 -0.070997
v -0.052514 0.024207 0.023063
v -0.053508 0.015075 0.019757
v -0.050848 0.016167 0.021083
v -0.050148 0.024252 0.021006
v -0.046862 0.016324 0.021459
v -0.001218 0.024217 -0.053533
v 0.003158 0.016324 -0.055464
v -0.001272 0.016324 -0.053695
v 0.001510 0.024189 -0.056143
v -0.001982 0.024166 -0.056805
v -0.001272 0.016324 -0.053695
v -0.000708 0.016324 -0.057118
v -0.037883 0.024703 -0.060998
v -0.038941 0.025290 -0.066997
v -0.038235 0.015258 -0.066997
v -0.038207 0.015258 -0.060998
v -0.053314 -0.057719 -0.066997
v -0.043800 -0.060387 -0.066997
v -0.042539 -0.064860 -0.066997
v -0.041304 -0.061292 -0.066997
v -0.067154 -0.006517 -0.073987
v -0.067394 -0.019772 -0.074551
v -0.062187 -0.027263 -0.073984
v -0.061264 -0.036140 -0.074949
v -0.070170 0.000161 -0.074522
v -0.067318 0.012376 -0.074177
v 0.041028 0.021343 -0.030959
v 0.042434 0.016324 -0.031475
v 0.045725 0.021343 -0.032216
v 0.048205 0.016324 -0.030353
v 0.037056 0.016324 -0.034708
v 0.056627 0.003416 -0.052182
v 0.055612 -0.042656 -0.052813
v 0.056238 0.020899 -0.052017
v 0.007549 0.035082 -0.071244
v 0.011734 0.034116 -0.074998
v -0.002860 0.035952 -0.074998
v 0.016788 0.031982 -0.071245
v 0.020766 0.029263 -0.074998
v 0.028905 0.021415 -0.073610
v -0.004182 0.035824 -0.071244
v -0.015216 0.031514 -0.074998
v -0.014761 0.032878 -0.071244
v -0.024503 0.026574 -0.074998
v -0.025433 0.025721 -0.071244
v 0.025010 0.016324 -0.050722
v 0.022066 0.021343 -0.052224
v 0.021438 0.016324 -0.052141
v 0.025536 0.021343 -0.049560
v 0.017659 0.021343 -0.048218
v 0.016848 0.016323 -0.050108
v 0.011869 0.016323 -0.049685
v 0.010738 0.021343 -0.054896
v 0.009421 0.016324 -0.056037
v -0.041816 0.016324 -0.034582
v -0.040999 0.024144 -0.034545
v -0.040344 0.016324 -0.037655
v -0.040569 0.024226 -0.038028
v -0.056403 -0.005417 -0.060998
v -0.055636 -0.004469 -0.066997
v -0.050544 -0.002022 -0.060997
v -0.046967 0.000332 -0.066997
v -0.046960 0.000341 -0.060998
v -0.036800 0.001986 -0.066997
v -0.036238 0.002501 -0.060998
v -0.055636 -0.004469 -0.066997
v -0.056403 -0.005417 -0.060998
v -0.056746 -0.033552 -0.066997
v -0.058183 -0.033641 -0.060998
v 0.053356 0.016323 0.006462
v 0.053076 0.024237 0.006860
v 0.053095 0.016313 0.011103
v 0.054429 0.024224 0.010052
v -0.043852 0.037404 -0.056004
v -0.046674 0.034208 -0.056004
v -0.039712 0.034689 -0.056004
v 0.014435 0.000106 -0.066997
v 0.015755 -0.000195 -0.071491
v 0.015834 -0.000116 -0.066997
v 0.015834 -0.000116 -0.066997
v 0.015755 -0.000195 -0.071491
v 0.014435 -0.000169 -0.066997
v 0.049721 0.001337 -0.052913
v 0.050189 0.004559 -0.060998
v 0.049912 0.006264 -0.052913
v 0.051126 -0.000662 -0.060998
v 0.058745 0.009883 -0.071244
v 0.055485 0.023246 -0.069138
v 0.060581 0.004448 -0.068504
v 0.059774 -0.010270 -0.070215
v 0.029741 -0.013157 -0.070997
v 0.029351 -0.019294 -0.066997
v 0.030274 -0.010523 -0.066997
v 0.029351 -0.008308 -0.070997
v 0.028230 -0.017551 -0.070997
v 0.027532 -0.012886 -0.074998
v 0.024207 -0.018318 -0.074998
v 0.012096 0.066340 -0.075842
v 0.012241 0.068108 -0.087443
v 0.011669 0.066729 -0.096030
v 0.012535 0.069145 -0.075807
v 0.003992 -0.028124 -0.070997
v 0.003940 -0.026797 -0.074998
v 0.000312 -0.032179 -0.074998
v 0.000814 -0.021588 -0.070997
v 0.059060 0.001972 -0.049383
v 0.056665 0.001292 -0.060998
v 0.066308 0.002490 -0.060997
v 0.066309 0.002661 -0.055195
v -0.026583 0.064622 -0.078029
v -0.032672 0.064501 -0.078037
v -0.031448 0.068839 -0.078037
v -0.037500 0.058951 -0.078031
v -0.036671 0.064651 -0.078037
v -0.070076 0.032323 -0.074936
v -0.069455 0.036023 -0.066997
v -0.067647 0.037456 -0.073978
v -0.068397 0.030089 -0.066997
v -0.061948 0.048430 -0.074998
v 0.045539 0.012294 -0.071244
v 0.045023 0.006710 -0.060998
v 0.043588 0.011083 -0.060998
v 0.042704 0.006635 -0.071244
v 0.044291 0.033077 -0.071244
v 0.044303 0.033326 -0.060998
v 0.040860 0.030781 -0.060998
v 0.040623 0.030623 -0.071244
v 0.058745 0.009883 -0.071244
v 0.042704 0.006635 -0.071244
v 0.049733 0.009344 -0.069822
v 0.057495 0.010166 -0.067737
v 0.045023 0.006710 -0.060998
v 0.040652 0.008114 -0.060998
v 0.045539 0.012294 -0.071244
v 0.045662 0.014371 -0.067737
v 0.040024 0.015662 -0.071244
v 0.039995 0.015568 -0.067737
v 0.067320 0.001759 -0.066997
v 0.059325 0.001094 -0.060998
v 0.059311 0.001009 -0.066997
v 0.067320 0.001759 -0.060998
v -0.055349 0.016138 -0.029612
v -0.054299 0.016266 -0.017658
v -0.055349 0.016138 -0.029850
v 0.006888 0.021343 -0.056437
v 0.003158 0.016324 -0.055464
v 0.009421 0.016324 -0.056037
v 0.010738 0.021343 -0.054896
v 0.001510 0.024189 -0.056143
v -0.000708 0.016324 -0.057118
v -0.001982 0.024166 -0.056805
v 0.053223 -0.050279 -0.060998
v 0.053321 -0.046222 -0.074998
v 0.052641 -0.050232 -0.074998
v 0.052700 -0.046224 -0.060998
v 0.052700 -0.046224 -0.060998
v 0.052641 -0.050232 -0.074998
v 0.053321 -0.046222 -0.074998
v 0.053223 -0.050279 -0.060998
v 0.038087 0.025468 -0.066997
v 0.038036 0.024817 -0.060997
v 0.038272 0.014970 -0.066997
v 0.037916 0.015473 -0.060998
v -0.033501 0.065472 -0.074998
v -0.036939 0.064919 -0.066997
v -0.032474 0.066517 -0.066997
v -0.027863 0.065126 -0.074392
v -0.019995 0.063448 -0.074998
v -0.018811 0.016324 -0.051897
v -0.017036 0.024210 -0.051450
v -0.014348 0.016324 -0.052064
v -0.013555 0.024167 -0.052212
v -0.067646 0.001759 -0.060998
v -0.059398 0.001025 -0.066997
v -0.059297 0.000887 -0.060998
v -0.067670 0.001745 -0.066997
v -0.059429 0.014230 -0.066997
v -0.065993 0.013876 -0.060997
v -0.059533 0.014229 -0.060998
v -0.066047 0.013950 -0.066998
v -0.004229 -0.005917 -0.066997
v -0.000752 -0.007189 -0.063682
v -0.007485 -0.001896 -0.063682
v 0.004727 -0.006107 -0.066997
v 0.007066 -0.001489 -0.063682
v 0.003452 -0.020862 -0.066997
v -0.002792 -0.020314 -0.066997
v 0.000814 -0.021588 -0.070997
v -0.003549 -0.020894 -0.070997
v 0.006060 -0.023112 -0.070997
v -0.000362 -0.022970 -0.074998
v 0.003940 -0.026797 -0.074998
v -0.024403 0.007806 -0.070997
v -0.027827 0.013380 -0.074998
v -0.027817 0.014209 -0.070997
v -0.024476 0.018304 -0.074998
v -0.024300 0.021594 -0.066997
v -0.020315 0.019825 -0.070997
v -0.018390 0.018741 -0.066997
v -0.027466 0.020448 -0.070997
v -0.030074 0.018198 -0.066997
v -0.027466 0.020448 -0.070997
v -0.027817 0.014209 -0.070997
v -0.022521 0.017398 -0.070997
v -0.020315 0.019825 -0.070997
v -0.017791 0.013065 -0.070997
v -0.031449 0.015603 -0.070997
v -0.030074 0.009279 -0.070997
v -0.024403 0.007806 -0.070997
v -0.018390 0.008736 -0.070997
v -0.044214 -0.060631 -0.074998
v -0.043800 -0.060387 -0.066997
v -0.040373 -0.062511 -0.074998
v -0.041304 -0.061292 -0.066997
v -0.007485 0.001833 -0.066997
v -0.004021 0.006052 -0.063682
v -0.000512 0.007168 -0.066997
v 0.004727 0.006044 -0.063682
v 0.007074 0.001492 -0.066997
v 0.056293 0.010358 -0.066997
v 0.049877 0.009357 -0.066997
v 0.055609 0.009880 -0.060998
v 0.049930 0.009334 -0.060998
v 0.064604 -0.036759 -0.074997
v 0.059202 -0.037477 -0.078051
v 0.065618 -0.037147 -0.078037
v 0.059854 -0.037184 -0.074997
v 0.068963 -0.035929 -0.074997
v 0.068946 -0.035398 -0.078037
v 0.068676 -0.031498 -0.074997
v 0.068946 -0.035398 -0.078037
v 0.068963 -0.035929 -0.074997
v 0.069095 -0.031590 -0.078037
v 0.064604 -0.036759 -0.074997
v 0.065618 -0.037147 -0.078037
v 0.064278 -0.032914 -0.074997
v 0.064051 -0.033250 -0.078037
v -0.061119 -0.041447 -0.065944
v -0.059517 -0.041623 -0.074998
v -0.059348 -0.043208 -0.065981
v -0.063352 -0.041498 -0.074998
v -0.058183 -0.033641 -0.060998
v -0.045260 -0.041220 -0.060998
v -0.056746 -0.033552 -0.066997
v -0.045078 -0.041511 -0.066997
v -0.060257 -0.034371 -0.066997
v -0.061369 -0.036730 -0.060997
v 0.053606 0.024189 -0.009122
v 0.053137 0.016353 -0.008848
v 0.056507 0.015754 -0.009159
v 0.056024 0.024200 -0.006991
v -0.035059 0.069207 -0.074997
v -0.035892 0.068766 -0.078037
v -0.031597 0.068932 -0.074997
v -0.031448 0.068839 -0.078037
v -0.037192 0.066841 -0.074997
v -0.032672 0.064501 -0.078037
v -0.036671 0.064651 -0.078037
v -0.032985 0.064104 -0.074997
v 0.069767 -0.036006 -0.074517
v 0.070032 -0.031457 -0.066997
v 0.069424 -0.036230 -0.066998
v 0.069905 -0.031402 -0.074998
v -0.066391 0.002661 -0.055197
v -0.059097 0.001953 -0.060998
v -0.059191 0.001989 -0.049391
v -0.066352 0.002616 -0.060982
v 0.056095 -0.005136 -0.060998
v 0.056718 -0.033858 -0.066998
v 0.056660 -0.033882 -0.060998
v 0.056010 -0.005134 -0.066997
v -0.062209 -0.043470 -0.066867
v -0.060590 -0.044204 -0.074998
v -0.063352 -0.041498 -0.074998
v -0.059348 -0.043208 -0.065981
v -0.059517 -0.041623 -0.074998
v -0.061119 -0.041447 -0.065944
v -0.013323 0.028567 -0.074998
v -0.013936 0.028317 -0.066997
v -0.015216 0.031514 -0.074998
v -0.015924 0.030098 -0.066997
v -0.063997 -0.042869 -0.078037
v -0.064206 -0.043351 -0.074997
v -0.060508 -0.044973 -0.076517
v -0.064206 -0.043351 -0.074997
v -0.063997 -0.042869 -0.078037
v -0.059842 -0.040857 -0.074997
v -0.059207 -0.041496 -0.078037
v 0.042681 0.064469 -0.078037
v 0.045042 0.060786 -0.076660
v 0.042946 0.064233 -0.074997
v 0.039047 0.061486 -0.078037
v 0.039995 0.015568 -0.067737
v 0.040024 0.015662 -0.071244
v 0.039650 0.024777 -0.067737
v 0.039761 0.024824 -0.071244
v 0.114236 0.012231 -0.230297
v 0.113607 -0.005337 -0.230297
v 0.107926 0.035766 -0.230297
v -0.056804 0.015229 -0.008253
v -0.056137 0.015679 -0.002448
v -0.057212 0.014998 -0.030947
v -0.068327 -0.012337 -0.087181
v -0.066391 -0.012164 -0.075859
v -0.066827 -0.011698 -0.096139
v -0.068867 -0.012450 -0.076016
v -0.000367 -0.004934 -0.071491
v 0.001470 -0.003259 -0.074504
v 0.004554 -0.001613 -0.071491
v -0.002749 -0.003982 -0.074504
v 0.000407 -0.002811 -0.066340
v -0.002380 -0.000965 -0.063682
v 0.002599 -0.001189 -0.063682
v -0.002754 0.000019 -0.066340
v -0.001448 0.000776 -0.074504
v -0.046327 -0.056331 -0.066997
v -0.045078 -0.041511 -0.066997
v -0.045917 -0.055881 -0.060998
v -0.045260 -0.041220 -0.060998
v 0.001899 0.024183 0.054122
v 0.001911 0.023946 0.056223
v -0.000007 0.024197 0.057414
v -0.001993 0.023946 0.056223
v -0.002120 0.024198 0.054410
v 0.033052 -0.069103 -0.078037
v 0.035300 -0.069098 -0.074997
v 0.037115 -0.066068 -0.078037
v 0.037063 -0.065759 -0.074997
v 0.031500 -0.069191 -0.074997
v 0.013597 -0.054694 -0.066997
v 0.014570 -0.058996 -0.069955
v 0.015904 -0.067001 -0.067651
v 0.013593 -0.054682 -0.071244
v -0.039992 0.031135 -0.060998
v -0.042869 0.034258 -0.071244
v -0.041405 0.029737 -0.071244
v -0.044573 0.032907 -0.060998
v -0.027817 -0.013330 -0.070997
v -0.027828 -0.014151 -0.074998
v -0.024476 -0.009235 -0.074998
v -0.024403 -0.019734 -0.070997
v 0.040102 0.024205 -0.036930
v 0.040865 0.016324 -0.037938
v 0.043801 0.024202 -0.036352
v 0.044010 0.016323 -0.037027
v 0.035933 -0.000031 -0.071242
v 0.034983 -0.009307 -0.074096
v 0.035373 0.007818 -0.074998
v 0.034267 0.011122 -0.071244
v 0.028905 0.021415 -0.073610
v 0.029199 -0.021085 -0.071244
v 0.028403 -0.022149 -0.074998
v 0.065649 0.012138 -0.076643
v 0.066678 0.011633 -0.096311
v 0.068101 0.012258 -0.087413
v 0.068264 0.012377 -0.075646
v -0.105816 -0.041893 -0.230296
v -0.090908 -0.068058 -0.230297
v -0.100739 -0.055054 -0.230297
v -0.110096 -0.024131 -0.230297
v -0.114318 -0.012285 -0.230297
v -0.112835 0.001834 -0.230297
v -0.113446 0.018577 -0.230297
v -0.107521 0.036524 -0.230297
v 0.050661 0.024217 -0.020753
v 0.052001 0.016324 -0.023835
v 0.050657 0.016324 -0.020550
v 0.052207 0.024214 -0.023672
v 0.067382 -0.000195 -0.096337
v 0.068521 -0.000373 -0.075618
v 0.069349 -0.000215 -0.087185
v -0.012326 -0.068169 -0.087413
v -0.011806 -0.066736 -0.096221
v -0.012238 -0.066452 -0.076206
v -0.012660 -0.069350 -0.075347
v -0.002439 0.004171 -0.071491
v -0.000216 0.004882 -0.074504
v -0.004957 -0.000173 -0.072854
v -0.002749 -0.003982 -0.074504
v -0.000367 -0.004934 -0.071491
v 0.064420 0.042705 -0.074997
v 0.064006 0.041974 -0.078037
v 0.059776 0.040789 -0.074997
v 0.007074 0.001492 -0.066997
v 0.007066 -0.001489 -0.063682
v 0.004727 -0.006107 -0.066997
v 0.004727 0.006044 -0.063682
v -0.007485 0.025644 -0.066997
v -0.002792 0.020251 -0.070997
v -0.007610 0.026357 -0.070997
v -0.005368 0.033285 -0.066997
v -0.005485 0.032945 -0.070997
v -0.016967 0.016291 0.051481
v -0.011877 0.016323 0.049780
v -0.012815 0.016189 0.053759
v -0.018755 0.016272 0.049671
v -0.016936 0.014709 0.054841
v -0.023416 0.014379 0.052520
v -0.014557 -0.059057 -0.069549
v -0.013643 -0.054681 -0.066997
v -0.016072 -0.067780 -0.067260
v -0.013648 -0.054694 -0.071244
v 0.031500 -0.069191 -0.074997
v 0.033052 -0.069103 -0.078037
v 0.032631 -0.064524 -0.078037
v 0.032875 -0.064178 -0.074997
v 0.023525 0.063172 -0.073984
v 0.035495 0.060220 -0.074479
v 0.018363 0.066927 -0.074267
v -0.064828 0.036940 -0.078037
v -0.067194 0.037206 -0.074997
v -0.069449 0.034713 -0.074997
v -0.069241 0.035490 -0.078037
v -0.068762 0.031492 -0.074997
v -0.069152 0.031538 -0.078037
v -0.066719 0.000343 -0.077451
v -0.069262 0.000220 -0.087475
v -0.067528 -0.000369 -0.096503
v -0.069228 0.000153 -0.075463
v 0.058745 0.009883 -0.071244
v 0.057495 0.010166 -0.067737
v 0.055485 0.023246 -0.069138
v 0.050143 0.028650 -0.071244
v 0.050568 0.028668 -0.067737
v -0.049756 0.009379 -0.070432
v -0.057523 0.010677 -0.071244
v -0.057419 0.010378 -0.067737
v 0.039650 0.024777 -0.067737
v 0.044965 0.027287 -0.071244
v 0.045958 0.025916 -0.067737
v 0.039761 0.024824 -0.071244
v 0.050143 0.028650 -0.071244
v 0.050568 0.028668 -0.067737
v 0.000333 -0.068452 -0.075762
v -0.000311 -0.067691 -0.096380
v 0.000171 -0.069256 -0.087465
v -0.035059 0.069207 -0.074997
v -0.036671 0.064651 -0.078037
v -0.035892 0.068766 -0.078037
v -0.037192 0.066841 -0.074997
v 0.068963 -0.035929 -0.074997
v 0.068946 -0.035398 -0.078037
v 0.064604 -0.036759 -0.074997
v 0.065618 -0.037147 -0.078037
v -0.090906 -0.068057 -0.216925
v -0.103676 -0.046705 -0.216474
v -0.100739 -0.055054 -0.216925
v 0.059936 0.013976 -0.060998
v 0.065951 0.013878 -0.066997
v 0.059808 0.014021 -0.066997
v 0.065943 0.013876 -0.060998
v -0.042643 -0.064495 -0.078037
v -0.043026 -0.064284 -0.074997
v -0.040845 -0.059853 -0.078037
v -0.041477 -0.059227 -0.074997
v -0.042643 -0.064495 -0.078037
v -0.044863 -0.060557 -0.076942
v -0.043026 -0.064284 -0.074997
v 0.029902 0.014299 -0.070997
v 0.029351 0.019231 -0.070997
v 0.023712 0.019491 -0.070997
v 0.018339 0.018741 -0.070997
v 0.017677 0.014395 -0.070997
v 0.041538 0.059731 -0.066997
v 0.043028 0.061773 -0.074998
v 0.040404 0.063079 -0.066997
v 0.041671 0.059578 -0.074998
v 0.029351 -0.008308 -0.070997
v 0.023589 -0.007742 -0.070997
v 0.029741 -0.013157 -0.070997
v 0.018339 -0.008799 -0.070997
v 0.017695 -0.013140 -0.070997
v 0.023398 -0.021612 -0.070997
v 0.028230 -0.017551 -0.070997
v 0.019839 -0.018182 -0.070997
v 0.019839 0.009357 -0.070997
v 0.023398 0.005928 -0.070997
v 0.028129 0.010074 -0.070997
v -0.039893 0.016020 -0.071244
v -0.040316 0.015430 -0.067737
v -0.039871 0.024054 -0.067737
v -0.046001 0.014206 -0.069282
v -0.040001 0.024857 -0.071244
v -0.041467 -0.059915 -0.074998
v -0.041304 -0.061292 -0.066997
v -0.043800 -0.060387 -0.066997
v -0.044214 -0.060631 -0.074998
v 0.002833 0.004260 -0.071491
v -0.000216 0.004882 -0.074504
v -0.002439 0.004171 -0.071491
v 0.003867 0.000891 -0.074504
v -0.043437 0.016324 -0.038524
v -0.040569 0.024226 -0.038028
v -0.043924 0.024221 -0.036532
v -0.040344 0.016324 -0.037655
v 0.033577 0.041390 -0.141482
v 0.033131 0.043787 -0.141599
v 0.030643 0.044075 -0.142008
v -0.004229 -0.005917 -0.066997
v -0.007485 -0.001896 -0.063682
v -0.007485 0.001833 -0.066997
v -0.004021 0.006052 -0.063682
v 0.013593 -0.054682 -0.071244
v 0.000514 -0.056111 -0.067001
v -0.000410 -0.056177 -0.071245
v 0.013597 -0.054694 -0.066997
v -0.013643 -0.054681 -0.066997
v -0.013648 -0.054694 -0.071244
v -0.061119 -0.041447 -0.065944
v -0.061948 -0.037851 -0.066997
v -0.062209 -0.043470 -0.066867
v -0.065297 -0.042748 -0.066997
v -0.061586 -0.048914 -0.066997
v 0.015933 0.028035 -0.066997
v 0.014147 0.027253 -0.074998
v 0.013466 0.029065 -0.066997
v 0.015310 0.029901 -0.074997
v 0.015310 0.029901 -0.074997
v 0.015933 0.028035 -0.066997
v 0.013466 0.029065 -0.066997
v 0.014147 0.027253 -0.074998
v -0.025572 0.107649 -0.216317
v -0.034601 0.107431 -0.216317
v 0.000035 0.111587 -0.216317
v -0.049125 0.099927 -0.216316
v -0.020057 -0.026803 -0.066997
v -0.019361 -0.026842 -0.074998
v -0.021434 -0.028184 -0.074998
v 0.077039 -0.084884 -0.218330
v 0.076695 -0.083143 -0.218578
v 0.076705 -0.085134 -0.220447
v 0.042432 -0.020628 -0.229597
v 0.051250 -0.019282 -0.229302
v 0.050913 -0.019477 -0.228401
v 0.078012 -0.039216 -0.229436
v -0.014771 0.067207 -0.074246
v -0.027863 0.065126 -0.074392
v -0.025685 0.062712 -0.073984
vt 0.455611 0.497306
vt 0.456479 0.503020
vt 0.456886 0.497289
vt 0.455240 0.503006
vt 0.454292 0.497292
vt 0.458086 0.503005
vt 0.458293 0.497300
vt 0.459049 0.503002
vt 0.460420 0.502997
vt 0.459777 0.497296
vt 0.460602 0.497330
vt 0.461380 0.497294
vt 0.461289 0.503003
vt 0.461903 0.497895
vt 0.461656 0.497883
vt 0.462485 0.497299
vt 0.462023 0.498168
vt 0.461658 0.499179
vt 0.461658 0.498153
vt 0.461617 0.501135
vt 0.461658 0.499208
vt 0.461658 0.501158
vt 0.461658 0.502147
vt 0.461559 0.502316
vt 0.461821 0.502432
vt 0.461844 0.503003
vt 0.462509 0.503102
vt 0.462018 0.502238
vt 0.462370 0.497211
vt 0.462352 0.503060
vt 0.462711 0.499281
vt 0.462887 0.499393
vt 0.463001 0.500898
vt 0.462680 0.501108
vt 0.462019 0.501189
vt 0.461709 0.501847
vt 0.461733 0.500868
vt 0.462015 0.499282
vt 0.461940 0.498953
vt 0.461809 0.499459
vt 0.461591 0.499374
vt 0.461896 0.498942
vt 0.461841 0.498436
vt 0.461650 0.498903
vt 0.400751 0.742322
vt 0.406510 0.742567
vt 0.406510 0.741420
vt 0.400746 0.743665
vt 0.406498 0.743639
vt 0.406507 0.744712
vt 0.400750 0.745163
vt 0.406519 0.746299
vt 0.400760 0.746653
vt 0.406511 0.747988
vt 0.400794 0.748658
vt 0.406466 0.748670
vt 0.406506 0.748895
vt 0.405951 0.748840
vt 0.405817 0.748602
vt 0.406611 0.749547
vt 0.405739 0.749060
vt 0.401595 0.748703
vt 0.402664 0.748704
vt 0.404668 0.748646
vt 0.405433 0.748761
vt 0.404383 0.748881
vt 0.402862 0.748936
vt 0.404896 0.748917
vt 0.404617 0.749062
vt 0.402902 0.748634
vt 0.402792 0.749032
vt 0.401641 0.749072
vt 0.402381 0.748911
vt 0.401906 0.748912
vt 0.400760 0.749500
vt 0.400671 0.749410
vt 0.401371 0.748920
vt 0.400619 0.749765
vt 0.402413 0.749983
vt 0.402765 0.749740
vt 0.400693 0.748696
vt 0.399304 0.749871
vt 0.399295 0.748461
vt 0.400610 0.747175
vt 0.399283 0.746572
vt 0.400677 0.745118
vt 0.399298 0.744664
vt 0.399280 0.743131
vt 0.400678 0.743705
vt 0.399280 0.742148
vt 0.400617 0.741845
vt 0.399280 0.740946
vt 0.399154 0.749804
vt 0.399162 0.753415
vt 0.399280 0.751766
vt 0.214078 0.791938
vt 0.213905 0.792971
vt 0.212528 0.792400
vt 0.213001 0.792076
vt 0.213791 0.790985
vt 0.214205 0.791454
vt 0.213900 0.790869
vt 0.213871 0.790862
vt 0.212836 0.791504
vt 0.213529 0.790884
vt 0.212329 0.791513
vt 0.212911 0.790236
vt 0.213621 0.790599
vt 0.212038 0.790291
vt 0.211017 0.791931
vt 0.212087 0.791936
vt 0.211727 0.789828
vt 0.211788 0.793455
vt 0.211106 0.792808
vt 0.212314 0.793612
vt 0.211410 0.790674
vt 0.211010 0.791222
vt 0.213092 0.793562
vt 0.212529 0.794159
vt 0.211295 0.793074
vt 0.214437 0.794436
vt 0.210684 0.790467
vt 0.212942 0.794532
vt 0.211168 0.794517
vt 0.212167 0.794625
vt 0.210883 0.792170
vt 0.210971 0.789234
vt 0.210209 0.789328
vt 0.211101 0.788847
vt 0.210211 0.790135
vt 0.209557 0.790164
vt 0.209889 0.790615
vt 0.211283 0.789134
vt 0.212289 0.788414
vt 0.209615 0.791755
vt 0.209190 0.791066
vt 0.210351 0.790958
vt 0.209164 0.792653
vt 0.210227 0.791730
vt 0.209997 0.792266
vt 0.210211 0.792820
vt 0.209889 0.793299
vt 0.210684 0.793153
vt 0.209707 0.793954
vt 0.210348 0.793644
vt 0.210504 0.794667
vt 0.210703 0.794536
vt 0.211101 0.794799
vt 0.211226 0.795186
vt 0.212593 0.795057
vt 0.212822 0.795432
vt 0.213995 0.794634
vt 0.213986 0.794990
vt 0.214417 0.794770
vt 0.214586 0.794594
vt 0.214586 0.794755
vt 0.214586 0.794540
vt 0.215293 0.794079
vt 0.214890 0.793705
vt 0.215209 0.793176
vt 0.214438 0.793377
vt 0.215926 0.792827
vt 0.214256 0.792087
vt 0.214663 0.792867
vt 0.214438 0.790692
vt 0.213963 0.790984
vt 0.215511 0.792082
vt 0.214663 0.790182
vt 0.213778 0.790645
vt 0.214890 0.791020
vt 0.214897 0.792118
vt 0.215115 0.791581
vt 0.215963 0.791157
vt 0.215212 0.790504
vt 0.215341 0.789831
vt 0.214559 0.789066
vt 0.214035 0.789004
vt 0.213691 0.788593
vt 0.213923 0.789262
vt 0.212954 0.789214
vt 0.212593 0.789686
vt 0.212529 0.788788
vt 0.212175 0.789292
vt 0.216385 0.789499
vt 0.215857 0.790835
vt 0.214177 0.788801
vt 0.216017 0.791922
vt 0.216468 0.788934
vt 0.216885 0.789259
vt 0.216053 0.787195
vt 0.216410 0.790392
vt 0.216820 0.788694
vt 0.217382 0.789126
vt 0.213289 0.788499
vt 0.216449 0.790918
vt 0.216940 0.790721
vt 0.216668 0.791272
vt 0.217022 0.788123
vt 0.217343 0.791008
vt 0.217896 0.789653
vt 0.217890 0.788336
vt 0.216995 0.787237
vt 0.218685 0.790050
vt 0.215721 0.786277
vt 0.218386 0.791486
vt 0.218954 0.791667
vt 0.218855 0.793065
vt 0.218308 0.792921
vt 0.215274 0.786700
vt 0.214020 0.786198
vt 0.214480 0.785733
vt 0.212162 0.788426
vt 0.212892 0.785432
vt 0.211145 0.788714
vt 0.212420 0.786027
vt 0.210966 0.785626
vt 0.210932 0.786250
vt 0.209715 0.786109
vt 0.209453 0.786910
vt 0.208306 0.787053
vt 0.208584 0.789020
vt 0.210119 0.789411
vt 0.208365 0.787827
vt 0.209343 0.790563
vt 0.207177 0.788428
vt 0.208444 0.788579
vt 0.207459 0.789061
vt 0.206539 0.789707
vt 0.207570 0.789039
vt 0.208192 0.788908
vt 0.207989 0.789241
vt 0.208719 0.789496
vt 0.208730 0.790357
vt 0.206976 0.790219
vt 0.207035 0.790878
vt 0.206172 0.791426
vt 0.209102 0.791987
vt 0.206733 0.791604
vt 0.206315 0.793403
vt 0.207095 0.791345
vt 0.206856 0.793117
vt 0.207782 0.791005
vt 0.207269 0.794415
vt 0.207010 0.795183
vt 0.208048 0.795668
vt 0.208161 0.796645
vt 0.209059 0.796646
vt 0.209695 0.797748
vt 0.209394 0.793402
vt 0.210174 0.794478
vt 0.211164 0.797677
vt 0.211019 0.798528
vt 0.212289 0.795431
vt 0.210255 0.797014
vt 0.210298 0.797360
vt 0.211252 0.797252
vt 0.212524 0.797396
vt 0.214866 0.797024
vt 0.213870 0.797251
vt 0.213964 0.797671
vt 0.216075 0.796651
vt 0.213759 0.795235
vt 0.214586 0.794755
vt 0.215370 0.793975
vt 0.214824 0.797360
vt 0.215578 0.797671
vt 0.214092 0.798452
vt 0.217004 0.796589
vt 0.217048 0.795668
vt 0.218224 0.794984
vt 0.217834 0.794461
vt 0.217573 0.791781
vt 0.217740 0.791419
vt 0.218209 0.790956
vt 0.116731 0.765010
vt 0.117957 0.764354
vt 0.115989 0.763573
vt 0.116127 0.764957
vt 0.117117 0.765476
vt 0.114779 0.764445
vt 0.115662 0.765544
vt 0.116855 0.763591
vt 0.117761 0.765651
vt 0.117794 0.763259
vt 0.116793 0.766208
vt 0.118317 0.764893
vt 0.118218 0.763781
vt 0.118316 0.765565
vt 0.117794 0.762755
vt 0.117922 0.765859
vt 0.120751 0.766972
vt 0.119236 0.764859
vt 0.117082 0.762860
vt 0.121883 0.766259
vt 0.119325 0.764016
vt 0.121814 0.763498
vt 0.120948 0.762975
vt 0.119891 0.762759
vt 0.119299 0.763255
vt 0.118774 0.763476
vt 0.119257 0.762640
vt 0.119236 0.762211
vt 0.118749 0.762808
vt 0.119352 0.761437
vt 0.119791 0.759234
vt 0.118461 0.762326
vt 0.118660 0.760932
vt 0.117929 0.763015
vt 0.117794 0.763020
vt 0.117921 0.763023
vt 0.117794 0.762994
vt 0.117665 0.762031
vt 0.118018 0.761550
vt 0.117384 0.762004
vt 0.116348 0.762315
vt 0.117504 0.761728
vt 0.116369 0.761055
vt 0.114649 0.762130
vt 0.117073 0.760491
vt 0.115674 0.762828
vt 0.117938 0.760308
vt 0.117700 0.760209
vt 0.116598 0.759692
vt 0.117845 0.756670
vt 0.116296 0.756500
vt 0.118645 0.756912
vt 0.114829 0.756697
vt 0.119835 0.757316
vt 0.120415 0.757261
vt 0.120305 0.756939
vt 0.120589 0.757785
vt 0.120785 0.757256
vt 0.120655 0.756820
vt 0.120954 0.759237
vt 0.121501 0.758862
vt 0.122256 0.758803
vt 0.121942 0.758662
vt 0.122371 0.758494
vt 0.122672 0.758874
vt 0.122393 0.759139
vt 0.122140 0.759532
vt 0.122580 0.760999
vt 0.122281 0.761217
vt 0.122109 0.761379
vt 0.122182 0.761656
vt 0.122109 0.761511
vt 0.122776 0.761670
vt 0.854103 0.536099
vt 0.853392 0.542262
vt 0.852368 0.542157
vt 0.850877 0.542205
vt 0.852081 0.536061
vt 0.850423 0.536059
vt 0.848822 0.542204
vt 0.848715 0.536066
vt 0.855366 0.541363
vt 0.855209 0.542210
vt 0.855625 0.541483
vt 0.855265 0.541061
vt 0.855515 0.540876
vt 0.855548 0.540470
vt 0.855270 0.540081
vt 0.855822 0.541282
vt 0.856154 0.542134
vt 0.855624 0.540381
vt 0.855423 0.540139
vt 0.855538 0.539863
vt 0.855397 0.538315
vt 0.855746 0.540948
vt 0.855822 0.540195
vt 0.855255 0.538006
vt 0.855456 0.537826
vt 0.855614 0.538403
vt 0.855740 0.539915
vt 0.855818 0.538219
vt 0.855250 0.537054
vt 0.855513 0.536059
vt 0.855406 0.537297
vt 0.855462 0.536769
vt 0.855707 0.536782
vt 0.855744 0.537878
vt 0.856171 0.536073
vt 0.855826 0.537065
vt 0.856309 0.542177
vt 0.855646 0.537342
vt 0.855464 0.538112
vt 0.855464 0.537147
vt 0.856506 0.537040
vt 0.856524 0.537892
vt 0.856637 0.537311
vt 0.856502 0.541285
vt 0.856489 0.540944
vt 0.856684 0.542149
vt 0.856689 0.541475
vt 0.856768 0.540892
vt 0.856666 0.540416
vt 0.856479 0.540112
vt 0.856565 0.539841
vt 0.856798 0.539893
vt 0.856510 0.538218
vt 0.856685 0.538334
vt 0.486238 0.745787
vt 0.492375 0.746968
vt 0.486318 0.748048
vt 0.492450 0.744505
vt 0.492354 0.743662
vt 0.492393 0.741538
vt 0.486237 0.743480
vt 0.486241 0.741702
vt 0.486250 0.749109
vt 0.486123 0.747702
vt 0.487137 0.749406
vt 0.487438 0.749449
vt 0.487991 0.749698
vt 0.487514 0.749704
vt 0.488069 0.749439
vt 0.488045 0.749680
vt 0.486972 0.748621
vt 0.487250 0.748772
vt 0.486932 0.748406
vt 0.487202 0.748404
vt 0.487213 0.748218
vt 0.487500 0.748361
vt 0.487523 0.748613
vt 0.487964 0.748388
vt 0.488012 0.748612
vt 0.488304 0.748405
vt 0.488191 0.748200
vt 0.488549 0.748335
vt 0.488508 0.748637
vt 0.490056 0.748342
vt 0.490025 0.748626
vt 0.488436 0.748732
vt 0.490074 0.748581
vt 0.490369 0.748347
vt 0.490316 0.748762
vt 0.492323 0.749091
vt 0.491196 0.748757
vt 0.490640 0.748333
vt 0.490603 0.748618
vt 0.490990 0.748479
vt 0.491472 0.748760
vt 0.491257 0.748207
vt 0.491157 0.748462
vt 0.491553 0.748304
vt 0.492221 0.748371
vt 0.492341 0.748428
vt 0.491690 0.748541
vt 0.488146 0.748763
vt 0.486342 0.749198
vt 0.486196 0.749463
vt 0.491546 0.749383
vt 0.491128 0.749451
vt 0.491323 0.749548
vt 0.491691 0.749583
vt 0.491562 0.749779
vt 0.491065 0.749691
vt 0.490659 0.749674
vt 0.491403 0.749784
vt 0.490344 0.749795
vt 0.484705 0.748142
vt 0.484687 0.749502
vt 0.484842 0.749569
vt 0.484695 0.753102
vt 0.486107 0.748731
vt 0.486075 0.746555
vt 0.484680 0.745677
vt 0.486089 0.745283
vt 0.484737 0.743163
vt 0.486098 0.744209
vt 0.486078 0.742164
vt 0.484722 0.741267
vt 0.486079 0.740946
vt 0.807143 0.671367
vt 0.811022 0.669200
vt 0.807143 0.668909
vt 0.811020 0.672271
vt 0.807143 0.673669
vt 0.811037 0.673785
vt 0.807143 0.676546
vt 0.811028 0.676494
vt 0.811033 0.678333
vt 0.807143 0.678565
vt 0.811028 0.679341
vt 0.807143 0.680420
vt 0.807143 0.666990
vt 0.811002 0.666040
vt 0.807143 0.665680
vt 0.807799 0.665248
vt 0.808145 0.665112
vt 0.809799 0.665234
vt 0.807497 0.665169
vt 0.807553 0.664925
vt 0.807143 0.664539
vt 0.809742 0.664791
vt 0.809444 0.664939
vt 0.810123 0.665154
vt 0.810054 0.664901
vt 0.811102 0.664534
vt 0.809702 0.664163
vt 0.810107 0.664092
vt 0.810001 0.663910
vt 0.810098 0.663878
vt 0.807548 0.664031
vt 0.807882 0.664182
vt 0.809462 0.663938
vt 0.808151 0.664007
vt 0.811242 0.668006
vt 0.811108 0.668070
vt 0.812500 0.668097
vt 0.811108 0.666498
vt 0.811197 0.667258
vt 0.811097 0.669411
vt 0.812461 0.668823
vt 0.812459 0.670235
vt 0.811218 0.671525
vt 0.812444 0.671808
vt 0.811094 0.672529
vt 0.812458 0.672684
vt 0.812439 0.674430
vt 0.811131 0.674706
vt 0.811070 0.676265
vt 0.812442 0.676576
vt 0.812617 0.670514
vt 0.812654 0.669269
vt 0.813604 0.669364
vt 0.813278 0.669198
vt 0.813284 0.668972
vt 0.813526 0.669146
vt 0.812603 0.668447
vt 0.813542 0.668793
vt 0.813859 0.669157
vt 0.813805 0.668926
vt 0.814269 0.669093
vt 0.814370 0.668859
vt 0.814502 0.669245
vt 0.818490 0.668464
vt 0.812691 0.668333
vt 0.818532 0.668312
vt 0.813566 0.668152
vt 0.814356 0.668112
vt 0.813835 0.667949
vt 0.814687 0.668105
vt 0.814344 0.667879
vt 0.812685 0.669686
vt 0.814583 0.669147
vt 0.816313 0.668989
vt 0.816262 0.669171
vt 0.816458 0.669147
vt 0.816263 0.668925
vt 0.814849 0.669221
vt 0.814799 0.668941
vt 0.816525 0.668788
vt 0.814686 0.668799
vt 0.817334 0.668851
vt 0.816581 0.669271
vt 0.816516 0.669147
vt 0.816546 0.669147
vt 0.817284 0.669109
vt 0.818578 0.670832
vt 0.812539 0.672220
vt 0.818547 0.673389
vt 0.812583 0.673685
vt 0.812586 0.674623
vt 0.818572 0.675961
vt 0.812596 0.675807
vt 0.816855 0.669221
vt 0.816821 0.668948
vt 0.817496 0.669364
vt 0.817701 0.669206
vt 0.818504 0.669112
vt 0.817850 0.668986
vt 0.817665 0.668798
vt 0.817337 0.668112
vt 0.817662 0.668116
vt 0.817268 0.667866
vt 0.816873 0.667962
vt 0.818563 0.667701
vt 0.817858 0.667939
vt 0.816606 0.668124
vt 0.816787 0.667878
vt 0.816334 0.668111
vt 0.816284 0.667861
vt 0.814780 0.667799
vt 0.817442 0.667702
vt 0.817571 0.667699
vt 0.727199 0.671379
vt 0.731114 0.668654
vt 0.731157 0.672652
vt 0.727199 0.673666
vt 0.731043 0.676723
vt 0.727199 0.668632
vt 0.727199 0.676559
vt 0.727199 0.666883
vt 0.731104 0.665359
vt 0.727199 0.665550
vt 0.727199 0.678805
vt 0.731172 0.678706
vt 0.731040 0.681046
vt 0.727199 0.680538
vt 0.726957 0.678335
vt 0.726962 0.679894
vt 0.727199 0.680091
vt 0.726957 0.675866
vt 0.725595 0.679941
vt 0.726787 0.680449
vt 0.726576 0.680473
vt 0.725596 0.675859
vt 0.726556 0.675154
vt 0.726771 0.675217
vt 0.725596 0.674507
vt 0.726769 0.674986
vt 0.727199 0.674526
vt 0.725596 0.672673
vt 0.727199 0.672944
vt 0.725596 0.670955
vt 0.727199 0.670715
vt 0.725596 0.668655
vt 0.725596 0.666308
vt 0.727199 0.666175
vt 0.725596 0.664297
vt 0.727123 0.664322
vt 0.727410 0.664899
vt 0.727720 0.664760
vt 0.727977 0.664861
vt 0.727664 0.665224
vt 0.730892 0.664357
vt 0.729409 0.665081
vt 0.728022 0.665087
vt 0.729730 0.665211
vt 0.729671 0.664765
vt 0.729994 0.664876
vt 0.727750 0.664153
vt 0.728028 0.663976
vt 0.729938 0.663878
vt 0.729630 0.664133
vt 0.989701 0.728143
vt 0.989219 0.726062
vt 0.983614 0.726625
vt 0.982487 0.726625
vt 0.982487 0.727739
vt 0.982487 0.726053
vt 0.982487 0.731366
vt 0.983612 0.727735
vt 0.983046 0.726702
vt 0.983050 0.727671
vt 0.982487 0.725595
vt 0.983548 0.725595
vt 0.985530 0.725595
vt 0.988410 0.725595
vt 0.989281 0.725600
vt 0.989701 0.725987
vt 0.989701 0.726005
vt 0.990658 0.725595
vt 0.990106 0.728583
vt 0.991566 0.727881
vt 0.992284 0.725595
vt 0.993077 0.727142
vt 0.989537 0.728302
vt 0.988795 0.729235
vt 0.983278 0.731387
vt 0.983283 0.731953
vt 0.982487 0.732741
vt 0.983271 0.732793
vt 0.983271 0.733365
vt 0.982487 0.733365
vt 0.954490 0.759347
vt 0.954490 0.761303
vt 0.954347 0.761462
vt 0.954307 0.759240
vt 0.954634 0.761126
vt 0.954490 0.760838
vt 0.954593 0.760541
vt 0.954490 0.760744
vt 0.954786 0.761087
vt 0.954483 0.760814
vt 0.955103 0.761465
vt 0.954655 0.761653
vt 0.954841 0.761923
vt 0.954413 0.762031
vt 0.954292 0.762405
vt 0.954710 0.759358
vt 0.954490 0.759371
vt 0.954815 0.759927
vt 0.955046 0.760182
vt 0.955303 0.760388
vt 0.955307 0.759834
vt 0.955102 0.759467
vt 0.954998 0.758957
vt 0.955385 0.759118
vt 0.955819 0.758884
vt 0.955889 0.759239
vt 0.955660 0.758498
vt 0.956292 0.758841
vt 0.955964 0.758583
vt 0.956174 0.758082
vt 0.956050 0.757753
vt 0.956664 0.757850
vt 0.956936 0.757487
vt 0.956439 0.757961
vt 0.956963 0.758194
vt 0.957118 0.757854
vt 0.957461 0.757947
vt 0.957409 0.757416
vt 0.957480 0.757012
vt 0.958353 0.756881
vt 0.958079 0.757188
vt 0.958078 0.756495
vt 0.958184 0.757548
vt 0.957834 0.757178
vt 0.958517 0.757172
vt 0.958715 0.757451
vt 0.959008 0.756773
vt 0.959168 0.756297
vt 0.959499 0.757037
vt 0.959857 0.756677
vt 0.960676 0.756297
vt 0.959801 0.757012
vt 0.960099 0.757314
vt 0.960236 0.756839
vt 0.960851 0.756783
vt 0.961764 0.756507
vt 0.961501 0.756888
vt 0.961216 0.757147
vt 0.961092 0.757405
vt 0.961581 0.757363
vt 0.962032 0.757164
vt 0.962383 0.757303
vt 0.962489 0.756927
vt 0.962908 0.757481
vt 0.962701 0.757839
vt 0.962503 0.758055
vt 0.963061 0.757997
vt 0.963794 0.757753
vt 0.963555 0.758036
vt 0.964249 0.758644
vt 0.963940 0.758555
vt 0.963566 0.758872
vt 0.963955 0.758891
vt 0.964094 0.759188
vt 0.964661 0.759298
vt 0.964977 0.759157
vt 0.965175 0.759371
vt 0.965252 0.759371
vt 0.965034 0.759936
vt 0.964559 0.759897
vt 0.965213 0.760512
vt 0.965278 0.759371
vt 0.964902 0.760258
vt 0.964487 0.760338
vt 0.965364 0.759365
vt 0.965243 0.760958
vt 0.965476 0.761374
vt 0.965508 0.759254
vt 0.965145 0.761404
vt 0.964741 0.761535
vt 0.965276 0.761975
vt 0.965298 0.761729
vt 0.965508 0.762095
vt 0.965508 0.761513
vt 0.479193 0.749479
vt 0.473428 0.749029
vt 0.479205 0.747913
vt 0.479183 0.750558
vt 0.473425 0.747534
vt 0.473419 0.750513
vt 0.479195 0.751596
vt 0.473424 0.751837
vt 0.479196 0.752728
vt 0.479196 0.746245
vt 0.473424 0.746077
vt 0.474268 0.745539
vt 0.475248 0.745638
vt 0.477066 0.745383
vt 0.475546 0.745335
vt 0.477211 0.745541
vt 0.475329 0.745541
vt 0.477270 0.745541
vt 0.477299 0.745541
vt 0.478459 0.745599
vt 0.478269 0.745541
vt 0.478608 0.745380
vt 0.479191 0.745350
vt 0.479292 0.744708
vt 0.477279 0.745183
vt 0.478423 0.745192
vt 0.477575 0.745342
vt 0.478040 0.745502
vt 0.477334 0.745663
vt 0.473437 0.745320
vt 0.474026 0.745366
vt 0.473431 0.744730
vt 0.474285 0.745187
vt 0.475433 0.745194
vt 0.473342 0.744843
vt 0.475115 0.745253
vt 0.479250 0.744860
vt 0.473239 0.744494
vt 0.474549 0.745320
vt 0.475014 0.745486
vt 0.475090 0.744277
vt 0.475434 0.744502
vt 0.471842 0.744468
vt 0.471977 0.744403
vt 0.471836 0.740946
vt 0.473323 0.745693
vt 0.471962 0.745781
vt 0.471952 0.747163
vt 0.473362 0.747626
vt 0.471954 0.748070
vt 0.473321 0.749925
vt 0.471962 0.749526
vt 0.471949 0.751431
vt 0.473289 0.752306
vt 0.471949 0.753102
vt 0.958411 0.286024
vt 0.958386 0.286536
vt 0.958332 0.286536
vt 0.958439 0.286536
vt 0.958100 0.286523
vt 0.958050 0.286024
vt 0.958768 0.286516
vt 0.958924 0.285744
vt 0.958971 0.286536
vt 0.959152 0.286625
vt 0.959243 0.285747
vt 0.207257 0.791555
vt 0.207465 0.791345
vt 0.207623 0.791664
vt 0.207416 0.791398
vt 0.207547 0.791781
vt 0.207942 0.791345
vt 0.208232 0.791265
vt 0.208627 0.791179
vt 0.208387 0.790841
vt 0.208143 0.790534
vt 0.207045 0.790907
vt 0.208732 0.789574
vt 0.208689 0.790415
vt 0.208092 0.789343
vt 0.207467 0.789254
vt 0.207624 0.789116
vt 0.207809 0.789116
vt 0.429511 0.492346
vt 0.429149 0.488474
vt 0.429421 0.486566
vt 0.429149 0.490448
vt 0.429149 0.490478
vt 0.429149 0.491479
vt 0.429036 0.491663
vt 0.428967 0.492345
vt 0.430506 0.492356
vt 0.428313 0.492450
vt 0.428806 0.491430
vt 0.428989 0.490690
vt 0.429117 0.491178
vt 0.430229 0.486579
vt 0.430993 0.486564
vt 0.431742 0.492345
vt 0.432444 0.486565
vt 0.432651 0.492348
vt 0.433828 0.486560
vt 0.434228 0.492363
vt 0.435078 0.486586
vt 0.435443 0.492349
vt 0.436372 0.486564
vt 0.429280 0.487431
vt 0.429121 0.487148
vt 0.428360 0.486573
vt 0.429093 0.487715
vt 0.428918 0.487171
vt 0.428861 0.487641
vt 0.428917 0.488233
vt 0.429152 0.488180
vt 0.428823 0.490311
vt 0.429003 0.490160
vt 0.428467 0.492405
vt 0.428804 0.488586
vt 0.428865 0.488257
vt 0.429024 0.488768
vt 0.429283 0.490475
vt 0.428117 0.488614
vt 0.427885 0.488685
vt 0.428157 0.490448
vt 0.427843 0.490212
vt 0.428136 0.487457
vt 0.427965 0.488201
vt 0.427987 0.487724
vt 0.427706 0.487411
vt 0.427707 0.488486
vt 0.427899 0.488154
vt 0.427865 0.488724
vt 0.427663 0.486606
vt 0.427982 0.487187
vt 0.427736 0.490499
vt 0.427677 0.492305
vt 0.427862 0.490763
vt 0.427855 0.490194
vt 0.833912 0.537057
vt 0.833988 0.538018
vt 0.835612 0.536060
vt 0.833724 0.537347
vt 0.833783 0.537823
vt 0.833898 0.536059
vt 0.833753 0.536767
vt 0.833547 0.536791
vt 0.833889 0.538321
vt 0.833073 0.536085
vt 0.833424 0.536971
vt 0.833490 0.537271
vt 0.833494 0.537901
vt 0.833092 0.542148
vt 0.832936 0.542195
vt 0.833893 0.539835
vt 0.833655 0.538425
vt 0.833780 0.538184
vt 0.833633 0.539850
vt 0.833432 0.538239
vt 0.833916 0.540172
vt 0.833780 0.540145
vt 0.833780 0.540175
vt 0.833780 0.540236
vt 0.833451 0.540004
vt 0.833822 0.540487
vt 0.833619 0.540393
vt 0.833475 0.540336
vt 0.833507 0.540955
vt 0.833748 0.540892
vt 0.833952 0.541229
vt 0.832741 0.541298
vt 0.832803 0.541023
vt 0.832590 0.540817
vt 0.832425 0.540983
vt 0.832604 0.540431
vt 0.832779 0.540145
vt 0.832683 0.539854
vt 0.832462 0.539903
vt 0.833417 0.541372
vt 0.833773 0.542025
vt 0.833660 0.541516
vt 0.833667 0.541389
vt 0.833780 0.541201
vt 0.833777 0.541069
vt 0.835265 0.542258
vt 0.836860 0.542196
vt 0.838513 0.542262
vt 0.838084 0.536107
vt 0.840404 0.542232
vt 0.840508 0.536077
vt 0.832828 0.537978
vt 0.832739 0.538267
vt 0.832585 0.537845
vt 0.832607 0.537356
vt 0.832758 0.537083
vt 0.822710 0.333559
vt 0.822745 0.332736
vt 0.823072 0.333569
vt 0.823203 0.332739
vt 0.823280 0.332763
vt 0.823280 0.333617
vt 0.605716 0.750454
vt 0.604680 0.751256
vt 0.604863 0.751552
vt 0.604736 0.750827
vt 0.603536 0.751445
vt 0.604558 0.751557
vt 0.605650 0.749939
vt 0.602219 0.751766
vt 0.605304 0.751658
vt 0.606006 0.751051
vt 0.606007 0.750606
vt 0.606618 0.750356
vt 0.606050 0.750273
vt 0.606347 0.748774
vt 0.603428 0.751896
vt 0.604138 0.752344
vt 0.603448 0.752240
vt 0.602298 0.752788
vt 0.603136 0.752043
vt 0.606571 0.749239
vt 0.602007 0.752167
vt 0.606768 0.748907
vt 0.601820 0.752488
vt 0.606946 0.749172
vt 0.607361 0.749067
vt 0.600887 0.752720
vt 0.607147 0.747872
vt 0.607364 0.747600
vt 0.607662 0.747806
vt 0.607738 0.746902
vt 0.601614 0.752195
vt 0.607014 0.747560
vt 0.607303 0.746210
vt 0.606704 0.747219
vt 0.607738 0.743222
vt 0.600315 0.751899
vt 0.600432 0.752219
vt 0.600136 0.752173
vt 0.599996 0.752511
vt 0.599095 0.751492
vt 0.600563 0.751612
vt 0.598588 0.751851
vt 0.599304 0.751065
vt 0.598886 0.751214
vt 0.598727 0.751542
vt 0.598292 0.750313
vt 0.597356 0.750798
vt 0.597883 0.750532
vt 0.597576 0.750569
vt 0.597656 0.750257
vt 0.597312 0.748848
vt 0.596951 0.749339
vt 0.596317 0.749162
vt 0.596683 0.749140
vt 0.596914 0.748939
vt 0.596965 0.747551
vt 0.596574 0.747775
vt 0.596105 0.747778
vt 0.596962 0.746166
vt 0.596364 0.747469
vt 0.595896 0.746902
vt 0.596657 0.746195
vt 0.596271 0.746167
vt 0.595896 0.744005
vt 0.596868 0.744868
vt 0.596439 0.745888
vt 0.596705 0.744582
vt 0.597496 0.744565
vt 0.597060 0.744549
vt 0.597321 0.742012
vt 0.595896 0.742012
vt 0.597523 0.743331
vt 0.597809 0.743524
vt 0.598290 0.743519
vt 0.599017 0.742886
vt 0.595896 0.741966
vt 0.597851 0.743185
vt 0.598969 0.742534
vt 0.596048 0.741740
vt 0.595896 0.740946
vt 0.600008 0.742345
vt 0.597254 0.740946
vt 0.598706 0.742282
vt 0.597383 0.741734
vt 0.598341 0.741734
vt 0.598341 0.740946
vt 0.598998 0.742173
vt 0.598546 0.741919
vt 0.597737 0.741781
vt 0.597271 0.741518
vt 0.597778 0.741433
vt 0.598238 0.741736
vt 0.597576 0.740946
vt 0.597141 0.741433
vt 0.598510 0.740946
vt 0.600154 0.741877
vt 0.601441 0.742009
vt 0.600251 0.741520
vt 0.600495 0.741802
vt 0.601702 0.741674
vt 0.601056 0.740946
vt 0.601627 0.741355
vt 0.602196 0.740946
vt 0.602665 0.742073
vt 0.601969 0.741419
vt 0.603136 0.741784
vt 0.603358 0.741509
vt 0.603514 0.741834
vt 0.605080 0.741924
vt 0.605186 0.740946
vt 0.604846 0.742170
vt 0.604530 0.742313
vt 0.603944 0.742499
vt 0.604847 0.742491
vt 0.604966 0.743146
vt 0.607587 0.741740
vt 0.605745 0.743292
vt 0.605905 0.744214
vt 0.605853 0.743593
vt 0.606107 0.743348
vt 0.606564 0.744551
vt 0.606312 0.744979
vt 0.606778 0.744869
vt 0.606592 0.745813
vt 0.607066 0.746003
vt 0.606929 0.744584
vt 0.607738 0.742012
vt 0.607738 0.741966
vt 0.607738 0.740946
vt 0.606484 0.740946
vt 0.606285 0.741734
vt 0.605293 0.740946
vt 0.605440 0.741734
vt 0.721339 0.111244
vt 0.721822 0.111778
vt 0.721134 0.111769
vt 0.721983 0.111244
vt 0.722315 0.111971
vt 0.722328 0.111244
vt 0.722709 0.113065
vt 0.721749 0.111836
vt 0.721161 0.112443
vt 0.720831 0.111944
vt 0.721649 0.110942
vt 0.721421 0.111847
vt 0.721421 0.110972
vt 0.721333 0.111779
vt 0.721350 0.110949
vt 0.720135 0.111964
vt 0.719375 0.112149
vt 0.720723 0.111244
vt 0.721091 0.111244
vt 0.720407 0.111777
vt 0.720196 0.111769
vt 0.720339 0.111244
vt 0.719847 0.111244
vt 0.719710 0.111769
vt 0.720258 0.110947
vt 0.719952 0.110940
vt 0.719886 0.111784
vt 0.720238 0.110947
vt 0.719587 0.111243
vt 0.719160 0.111244
vt 0.718944 0.111773
vt 0.718832 0.111769
vt 0.718784 0.111244
vt 0.718492 0.111769
vt 0.718259 0.111244
vt 0.718183 0.111779
vt 0.717795 0.111244
vt 0.717879 0.112155
vt 0.718842 0.111872
vt 0.717425 0.111783
vt 0.717028 0.111938
vt 0.717292 0.110950
vt 0.717001 0.110943
vt 0.716147 0.112443
vt 0.718466 0.111847
vt 0.718657 0.110945
vt 0.718466 0.110972
vt 0.718842 0.110972
vt 0.718842 0.111847
vt 0.716405 0.111973
vt 0.715652 0.112013
vt 0.714599 0.113065
vt 0.715112 0.111964
vt 0.715559 0.111835
vt 0.714981 0.111244
vt 0.715495 0.111244
vt 0.715402 0.111780
vt 0.715863 0.111769
vt 0.716182 0.111083
vt 0.715586 0.111789
vt 0.715586 0.111808
vt 0.715187 0.110933
vt 0.715087 0.111244
vt 0.715070 0.111769
vt 0.714591 0.111244
vt 0.714522 0.111771
vt 0.714020 0.111950
vt 0.714004 0.111244
vt 0.717420 0.110933
vt 0.717148 0.111244
vt 0.719050 0.110933
vt 0.720344 0.110933
vt 0.721525 0.110933
vt 0.722146 0.111244
vt 0.722418 0.111244
vt 0.722423 0.110933
vt 0.722834 0.111781
vt 0.722226 0.111769
vt 0.723104 0.111244
vt 0.723340 0.111954
vt 0.717515 0.111769
vt 0.717568 0.111244
vt 0.716853 0.111775
vt 0.716541 0.111244
vt 0.716228 0.111244
vt 0.716081 0.111865
vt 0.715886 0.111847
vt 0.715615 0.110942
vt 0.715886 0.111827
vt 0.715886 0.110972
vt 0.716087 0.111777
vt 0.931008 0.304544
vt 0.930980 0.305356
vt 0.931096 0.304570
vt 0.931096 0.305375
vt 0.930793 0.305365
vt 0.931096 0.305394
vt 0.931363 0.304541
vt 0.931184 0.305422
vt 0.748238 0.786416
vt 0.751428 0.786407
vt 0.748308 0.786343
vt 0.748428 0.785735
vt 0.746217 0.785767
vt 0.746139 0.791996
vt 0.752005 0.789023
vt 0.745824 0.792223
vt 0.745971 0.792475
vt 0.745824 0.792889
vt 0.745332 0.792613
vt 0.746129 0.792815
vt 0.746145 0.791928
vt 0.752039 0.786365
vt 0.752930 0.786403
vt 0.751167 0.786343
vt 0.751159 0.785724
vt 0.751046 0.786232
vt 0.751550 0.785724
vt 0.750994 0.785724
vt 0.751667 0.786220
vt 0.750603 0.786216
vt 0.751884 0.785724
vt 0.750488 0.785724
vt 0.752082 0.786216
vt 0.750022 0.786224
vt 0.749984 0.785724
vt 0.749574 0.786218
vt 0.749599 0.785724
vt 0.751675 0.785432
vt 0.750253 0.785432
vt 0.753246 0.785433
vt 0.749103 0.785724
vt 0.749409 0.785432
vt 0.748636 0.785432
vt 0.747556 0.785432
vt 0.747980 0.785724
vt 0.747176 0.785724
vt 0.747923 0.786216
vt 0.747082 0.786216
vt 0.749399 0.786216
vt 0.749567 0.785724
vt 0.748955 0.786216
vt 0.748352 0.786216
vt 0.748512 0.785724
vt 0.748169 0.785724
vt 0.752360 0.785724
vt 0.752438 0.786217
vt 0.753316 0.785724
vt 0.754424 0.785432
vt 0.752842 0.785724
vt 0.754491 0.785724
vt 0.752060 0.785446
vt 0.752334 0.785442
vt 0.753153 0.785724
vt 0.753346 0.786234
vt 0.753649 0.785444
vt 0.753381 0.785439
vt 0.753640 0.786432
vt 0.753966 0.788060
vt 0.754364 0.786389
vt 0.755223 0.787429
vt 0.754062 0.786233
vt 0.753815 0.786289
vt 0.753815 0.786270
vt 0.753983 0.785724
vt 0.754500 0.785724
vt 0.753653 0.786216
vt 0.753130 0.786216
vt 0.755160 0.786376
vt 0.755608 0.786405
vt 0.755127 0.786289
vt 0.755127 0.786270
vt 0.755480 0.785724
vt 0.755131 0.786225
vt 0.754829 0.785724
vt 0.754727 0.786216
vt 0.755322 0.785432
vt 0.754762 0.785446
vt 0.755099 0.785443
vt 0.754743 0.786224
vt 0.754478 0.786226
vt 0.120611 0.768234
vt 0.118725 0.768039
vt 0.119796 0.768599
vt 0.119959 0.769118
vt 0.119758 0.769282
vt 0.119894 0.769706
vt 0.119572 0.769430
vt 0.119291 0.769546
vt 0.118940 0.769252
vt 0.117936 0.769446
vt 0.117713 0.768263
vt 0.116447 0.768399
vt 0.115930 0.766234
vt 0.115078 0.768262
vt 0.115045 0.765868
vt 0.114843 0.769521
vt 0.114070 0.768023
vt 0.112892 0.768891
vt 0.114919 0.765609
vt 0.114783 0.765509
vt 0.114783 0.765748
vt 0.114677 0.765801
vt 0.114783 0.765801
vt 0.114458 0.765581
vt 0.114277 0.765801
vt 0.113955 0.765010
vt 0.112038 0.766995
vt 0.113356 0.764510
vt 0.110909 0.766230
vt 0.111017 0.763434
vt 0.111917 0.768420
vt 0.113561 0.763796
vt 0.113441 0.763194
vt 0.111855 0.762972
vt 0.112838 0.762813
vt 0.114175 0.763601
vt 0.113678 0.762461
vt 0.114043 0.763203
vt 0.113193 0.761642
vt 0.114095 0.762587
vt 0.114047 0.762818
vt 0.113430 0.762842
vt 0.114619 0.763850
vt 0.114869 0.763013
vt 0.114833 0.761660
vt 0.115674 0.760538
vt 0.114783 0.760690
vt 0.114619 0.761202
vt 0.115050 0.760281
vt 0.114783 0.760293
vt 0.115878 0.759804
vt 0.114857 0.760110
vt 0.114783 0.760002
vt 0.114783 0.760240
vt 0.114047 0.760928
vt 0.113489 0.761254
vt 0.113774 0.756899
vt 0.112999 0.759234
vt 0.112937 0.757381
vt 0.111711 0.758459
vt 0.111855 0.759234
vt 0.112825 0.756762
vt 0.111101 0.759962
vt 0.113257 0.756608
vt 0.113305 0.756301
vt 0.113505 0.756480
vt 0.112935 0.756486
vt 0.113158 0.756709
vt 0.113193 0.756297
vt 0.110680 0.759585
vt 0.110151 0.759488
vt 0.110036 0.759895
vt 0.109783 0.760111
vt 0.110334 0.760501
vt 0.109861 0.759686
vt 0.109680 0.759540
vt 0.110010 0.761663
vt 0.110544 0.761243
vt 0.110650 0.761636
vt 0.956151 0.766196
vt 0.956308 0.766587
vt 0.955781 0.766061
vt 0.955985 0.765880
vt 0.956264 0.765619
vt 0.955716 0.765649
vt 0.955705 0.765366
vt 0.955193 0.765362
vt 0.956764 0.766805
vt 0.956603 0.766542
vt 0.956791 0.766729
vt 0.956980 0.766633
vt 0.956791 0.766729
vt 0.957074 0.766341
vt 0.957303 0.766817
vt 0.957400 0.766463
vt 0.957447 0.767199
vt 0.957296 0.767146
vt 0.957098 0.767008
vt 0.955115 0.764826
vt 0.954671 0.764206
vt 0.955455 0.764706
vt 0.955299 0.764872
vt 0.955324 0.764372
vt 0.954932 0.764335
vt 0.954966 0.764051
vt 0.954353 0.763155
vt 0.954639 0.763515
vt 0.954702 0.763132
vt 0.955100 0.762992
vt 0.954610 0.762577
vt 0.954558 0.762824
vt 0.411657 0.169203
vt 0.411280 0.170842
vt 0.413391 0.170291
vt 0.410432 0.169203
vt 0.413057 0.169203
vt 0.413944 0.169203
vt 0.415345 0.169203
vt 0.415813 0.170254
vt 0.417175 0.169203
vt 0.417971 0.170667
vt 0.418335 0.169203
vt 0.419033 0.169203
vt 0.419455 0.171335
vt 0.338848 0.497538
vt 0.338970 0.498026
vt 0.338947 0.498026
vt 0.338840 0.498140
vt 0.336811 0.497538
vt 0.336815 0.503728
vt 0.342771 0.500725
vt 0.341988 0.498183
vt 0.342733 0.498171
vt 0.342740 0.497217
vt 0.342431 0.497225
vt 0.342405 0.498008
vt 0.343778 0.498132
vt 0.344377 0.499917
vt 0.344929 0.498180
vt 0.345688 0.499241
vt 0.345623 0.498169
vt 0.346147 0.498193
vt 0.345593 0.498082
vt 0.345593 0.498063
vt 0.345214 0.498026
vt 0.345528 0.497228
vt 0.345217 0.497222
vt 0.344918 0.497508
vt 0.344442 0.497508
vt 0.344395 0.498022
vt 0.344100 0.497223
vt 0.344299 0.497230
vt 0.343587 0.497507
vt 0.343186 0.497508
vt 0.343092 0.498028
vt 0.342895 0.497508
vt 0.342571 0.498008
vt 0.342629 0.497508
vt 0.342536 0.497508
vt 0.342467 0.497508
vt 0.342198 0.497508
vt 0.342159 0.498017
vt 0.342047 0.497508
vt 0.341648 0.497508
vt 0.341616 0.498072
vt 0.341509 0.498008
vt 0.341338 0.497508
vt 0.341053 0.498008
vt 0.341129 0.497273
vt 0.340677 0.497508
vt 0.342513 0.497508
vt 0.342513 0.497212
vt 0.343809 0.497212
vt 0.343747 0.497508
vt 0.345225 0.497508
vt 0.345272 0.497211
vt 0.343944 0.498008
vt 0.344276 0.498008
vt 0.345758 0.498023
vt 0.345184 0.498008
vt 0.345955 0.497508
vt 0.339903 0.497508
vt 0.339529 0.497212
vt 0.338730 0.497508
vt 0.338484 0.497212
vt 0.338443 0.498008
vt 0.338269 0.497508
vt 0.337797 0.497508
vt 0.337688 0.498008
vt 0.340090 0.497508
vt 0.339981 0.498008
vt 0.340134 0.498014
vt 0.339431 0.498008
vt 0.339420 0.497508
vt 0.339066 0.498008
vt 0.338967 0.497508
vt 0.338719 0.498008
vt 0.618239 0.653780
vt 0.613687 0.651708
vt 0.614015 0.645971
vt 0.613519 0.650653
vt 0.613440 0.648528
vt 0.614753 0.644321
vt 0.614314 0.653762
vt 0.616057 0.642445
vt 0.618818 0.647250
vt 0.620117 0.645381
vt 0.618365 0.649727
vt 0.622537 0.643793
vt 0.618927 0.640121
vt 0.620588 0.639409
vt 0.627059 0.639256
vt 0.622691 0.638892
vt 0.623755 0.638816
vt 0.625261 0.638863
vt 0.625156 0.643859
vt 0.621953 0.644195
vt 0.628924 0.639991
vt 0.627954 0.639556
vt 0.630345 0.640857
vt 0.628094 0.645417
vt 0.631596 0.641912
vt 0.629472 0.644617
vt 0.629824 0.644533
vt 0.629395 0.644997
vt 0.629995 0.644736
vt 0.632872 0.643405
vt 0.629893 0.645051
vt 0.629078 0.646746
vt 0.629572 0.645227
vt 0.634324 0.646537
vt 0.629789 0.649838
vt 0.634545 0.651082
vt 0.634681 0.649581
vt 0.629120 0.651995
vt 0.628021 0.653541
vt 0.629813 0.655107
vt 0.630167 0.654931
vt 0.630386 0.655220
vt 0.629840 0.655440
vt 0.632734 0.655591
vt 0.633772 0.653768
vt 0.630406 0.655471
vt 0.630136 0.655525
vt 0.629592 0.657300
vt 0.631926 0.656589
vt 0.630025 0.657425
vt 0.629997 0.657828
vt 0.630247 0.658097
vt 0.629579 0.657423
vt 0.628593 0.659063
vt 0.629625 0.657890
vt 0.629397 0.657720
vt 0.625725 0.659933
vt 0.625649 0.658416
vt 0.625622 0.658044
vt 0.626231 0.654722
vt 0.625398 0.658519
vt 0.625250 0.658039
vt 0.625171 0.658379
vt 0.624677 0.658463
vt 0.623565 0.655132
vt 0.624145 0.658853
vt 0.624316 0.660056
vt 0.621064 0.654286
vt 0.623772 0.658894
vt 0.624141 0.658483
vt 0.622066 0.656523
vt 0.624005 0.659136
vt 0.622376 0.659988
vt 0.623690 0.658511
vt 0.619634 0.655338
vt 0.619812 0.654987
vt 0.619621 0.654775
vt 0.620023 0.653496
vt 0.619250 0.654875
vt 0.619233 0.655291
vt 0.618220 0.655545
vt 0.618139 0.656662
vt 0.617904 0.656478
vt 0.618012 0.656977
vt 0.619722 0.659171
vt 0.618252 0.658348
vt 0.617657 0.657039
vt 0.617543 0.656560
vt 0.617414 0.656879
vt 0.616479 0.657043
vt 0.618634 0.654307
vt 0.618695 0.653946
vt 0.618338 0.654351
vt 0.618678 0.653725
vt 0.619062 0.652156
vt 0.618324 0.653855
vt 0.618137 0.654165
vt 0.616521 0.655522
vt 0.614190 0.653895
vt 0.614455 0.654458
vt 0.615175 0.655644
vt 0.616486 0.655920
vt 0.616893 0.655479
vt 0.616927 0.656015
vt 0.617116 0.655638
vt 0.383357 0.653831
vt 0.387666 0.654148
vt 0.382550 0.650565
vt 0.382714 0.647772
vt 0.383541 0.645159
vt 0.384964 0.642879
vt 0.387477 0.654461
vt 0.385844 0.655829
vt 0.387680 0.654648
vt 0.384484 0.655952
vt 0.383757 0.654756
vt 0.386220 0.655786
vt 0.385809 0.656230
vt 0.387979 0.654604
vt 0.385802 0.657363
vt 0.389315 0.653853
vt 0.386255 0.656326
vt 0.388040 0.654239
vt 0.388265 0.652455
vt 0.387653 0.650584
vt 0.387695 0.648694
vt 0.388130 0.647175
vt 0.388702 0.646202
vt 0.389871 0.645010
vt 0.387482 0.640509
vt 0.391235 0.644267
vt 0.390498 0.639236
vt 0.392530 0.643925
vt 0.394484 0.643891
vt 0.395155 0.638948
vt 0.392875 0.638816
vt 0.396258 0.644526
vt 0.397600 0.645574
vt 0.399875 0.640885
vt 0.397735 0.639600
vt 0.401073 0.642104
vt 0.401221 0.641956
vt 0.402051 0.642952
vt 0.398928 0.644832
vt 0.398849 0.645215
vt 0.399282 0.644747
vt 0.398670 0.646956
vt 0.399456 0.644951
vt 0.399353 0.645270
vt 0.399209 0.648344
vt 0.403871 0.646226
vt 0.399342 0.649255
vt 0.404417 0.650200
vt 0.399239 0.650716
vt 0.398568 0.652628
vt 0.395925 0.656044
vt 0.397173 0.654304
vt 0.395970 0.654978
vt 0.395136 0.655310
vt 0.399271 0.655411
vt 0.399629 0.655233
vt 0.399299 0.655746
vt 0.402174 0.656217
vt 0.403446 0.654246
vt 0.399851 0.655524
vt 0.399598 0.655832
vt 0.399486 0.657748
vt 0.399035 0.657746
vt 0.399505 0.658597
vt 0.400084 0.658543
vt 0.399457 0.658155
vt 0.399082 0.658217
vt 0.396563 0.660133
vt 0.395065 0.658748
vt 0.395038 0.658372
vt 0.394662 0.658367
vt 0.394811 0.658851
vt 0.394083 0.658795
vt 0.394582 0.658710
vt 0.393585 0.655558
vt 0.391446 0.656838
vt 0.392004 0.655424
vt 0.390586 0.654836
vt 0.393541 0.658815
vt 0.393546 0.659188
vt 0.393086 0.658843
vt 0.393169 0.659230
vt 0.393405 0.659473
vt 0.388976 0.655076
vt 0.388601 0.655176
vt 0.388989 0.655643
vt 0.387437 0.655729
vt 0.390103 0.660076
vt 0.393080 0.660683
vt 0.388584 0.655596
vt 0.387242 0.656793
vt 0.387350 0.657296
vt 0.386877 0.656875
vt 0.387440 0.658807
vt 0.386992 0.657359
vt 0.652777 0.652974
vt 0.651815 0.655279
vt 0.653081 0.652125
vt 0.653014 0.652844
vt 0.652870 0.652699
vt 0.652346 0.653555
vt 0.651126 0.655558
vt 0.653187 0.650702
vt 0.650435 0.656816
vt 0.653194 0.651491
vt 0.649414 0.657398
vt 0.653478 0.649091
vt 0.653240 0.648419
vt 0.652907 0.645981
vt 0.648590 0.658241
vt 0.646913 0.658937
vt 0.645862 0.659542
vt 0.644033 0.659770
vt 0.642680 0.660056
vt 0.641727 0.659823
vt 0.639398 0.659531
vt 0.651944 0.644077
vt 0.651585 0.643093
vt 0.651126 0.642778
vt 0.650296 0.641460
vt 0.650107 0.641646
vt 0.648418 0.640036
vt 0.648919 0.640653
vt 0.647623 0.639796
vt 0.645489 0.638816
vt 0.636579 0.658329
vt 0.637344 0.658539
vt 0.636032 0.657729
vt 0.634743 0.656865
vt 0.516319 0.305342
vt 0.516340 0.305379
vt 0.516889 0.305422
vt 0.516323 0.304541
vt 0.516875 0.305324
vt 0.516887 0.304542
vt 0.386104 0.869565
vt 0.385995 0.869394
vt 0.386045 0.868427
vt 0.385995 0.869503
vt 0.385995 0.869803
vt 0.385995 0.869653
vt 0.386856 0.869956
vt 0.385995 0.869951
vt 0.386856 0.869803
vt 0.386104 0.869803
vt 0.386856 0.869546
vt 0.386104 0.867807
vt 0.386856 0.867806
vt 0.386856 0.866663
vt 0.386104 0.866362
vt 0.387501 0.866663
vt 0.387501 0.866253
vt 0.386856 0.865461
vt 0.387501 0.865461
vt 0.386071 0.864994
vt 0.386856 0.864770
vt 0.386076 0.863346
vt 0.386856 0.863257
vt 0.386021 0.862933
vt 0.387501 0.864396
vt 0.386856 0.862952
vt 0.386856 0.864994
vt 0.387501 0.865075
vt 0.386856 0.865161
vt 0.386856 0.865215
vt 0.386856 0.865297
vt 0.386856 0.865447
vt 0.387501 0.865451
vt 0.386856 0.862851
vt 0.386856 0.862577
vt 0.386041 0.862454
vt 0.386856 0.862186
vt 0.385995 0.862555
vt 0.386856 0.862505
vt 0.622318 0.779874
vt 0.622890 0.779116
vt 0.622627 0.780071
vt 0.622627 0.780692
vt 0.622748 0.777765
vt 0.623089 0.777568
vt 0.622510 0.775836
vt 0.622753 0.775723
vt 0.622084 0.774094
vt 0.622554 0.780912
vt 0.621747 0.774092
vt 0.621480 0.781417
vt 0.622357 0.773685
vt 0.622149 0.773312
vt 0.622556 0.773212
vt 0.621683 0.772137
vt 0.620741 0.772838
vt 0.622343 0.782205
vt 0.620439 0.771490
vt 0.620634 0.771258
vt 0.620041 0.771382
vt 0.620306 0.771705
vt 0.619598 0.771963
vt 0.619702 0.771643
vt 0.617866 0.771221
vt 0.618027 0.770985
vt 0.616257 0.770769
vt 0.615879 0.771025
vt 0.614786 0.770958
vt 0.614275 0.771326
vt 0.613505 0.771162
vt 0.613305 0.770894
vt 0.612954 0.771128
vt 0.612990 0.770708
vt 0.613054 0.771025
vt 0.612729 0.770901
vt 0.611608 0.771387
vt 0.613070 0.771830
vt 0.611715 0.772838
vt 0.610844 0.773888
vt 0.610171 0.772798
vt 0.610018 0.775523
vt 0.609742 0.774134
vt 0.609376 0.774377
vt 0.609759 0.774389
vt 0.609936 0.774864
vt 0.609646 0.776332
vt 0.609367 0.777529
vt 0.609706 0.777533
vt 0.609639 0.779482
vt 0.610006 0.779545
vt 0.610238 0.781087
vt 0.610745 0.781070
vt 0.610409 0.781624
vt 0.610034 0.781612
vt 0.610146 0.781805
vt 0.610252 0.781607
vt 0.610951 0.782053
vt 0.611320 0.781969
vt 0.610304 0.781877
vt 0.609937 0.781961
vt 0.610657 0.782838
vt 0.611011 0.782470
vt 0.611716 0.782266
vt 0.611906 0.783487
vt 0.611947 0.783891
vt 0.612282 0.783671
vt 0.612175 0.783417
vt 0.612819 0.783542
vt 0.613157 0.783326
vt 0.614668 0.784093
vt 0.945945 0.172169
vt 0.945946 0.171680
vt 0.946085 0.172276
vt 0.945862 0.172151
vt 0.945837 0.172151
vt 0.945570 0.172151
vt 0.945457 0.171701
vt 0.944845 0.171714
vt 0.944864 0.172152
vt 0.944844 0.171395
vt 0.944597 0.171400
vt 0.944579 0.172151
vt 0.744648 0.318354
vt 0.744648 0.317386
vt 0.744387 0.318148
vt 0.744648 0.318384
vt 0.744529 0.318579
vt 0.997768 0.676651
vt 0.997776 0.676785
vt 0.997717 0.676785
vt 0.997688 0.676785
vt 0.997658 0.676785
vt 0.993865 0.676673
vt 0.993865 0.676785
vt 0.993865 0.675307
vt 0.994071 0.676785
vt 0.993850 0.676836
vt 0.997753 0.674587
vt 0.992512 0.676371
vt 0.992512 0.674651
vt 0.992512 0.678904
vt 0.993865 0.672957
vt 0.997749 0.673527
vt 0.993806 0.678904
vt 0.992512 0.672137
vt 0.997734 0.671391
vt 0.993865 0.670661
vt 0.992512 0.668778
vt 0.997762 0.668821
vt 0.993865 0.668348
vt 0.997757 0.667163
vt 0.993865 0.666309
vt 0.997733 0.665278
vt 0.992512 0.666161
vt 0.993865 0.664228
vt 0.992512 0.663878
vt 0.993168 0.679471
vt 0.993026 0.679690
vt 0.993687 0.679570
vt 0.992512 0.680107
vt 0.993237 0.679884
vt 0.993806 0.680100
vt 0.993558 0.679833
vt 0.993476 0.679540
vt 0.992275 0.676785
vt 0.992431 0.676429
vt 0.992245 0.676785
vt 0.992184 0.676785
vt 0.992305 0.676785
vt 0.992314 0.677351
vt 0.988482 0.676785
vt 0.988482 0.675560
vt 0.992395 0.673174
vt 0.988253 0.676836
vt 0.988482 0.673098
vt 0.988481 0.670214
vt 0.992372 0.670391
vt 0.992417 0.667787
vt 0.988482 0.667350
vt 0.992450 0.665515
vt 0.988482 0.665284
vt 0.986873 0.673504
vt 0.988482 0.670790
vt 0.986873 0.676371
vt 0.986873 0.670515
vt 0.986873 0.677645
vt 0.988482 0.667972
vt 0.988208 0.677645
vt 0.986873 0.668778
vt 0.986873 0.678904
vt 0.986873 0.666161
vt 0.986873 0.663878
vt 0.988208 0.678904
vt 0.987867 0.679540
vt 0.988208 0.680100
vt 0.986873 0.680107
vt 0.987550 0.679471
vt 0.987621 0.679884
vt 0.987404 0.679690
vt 0.756721 0.785433
vt 0.757914 0.785433
vt 0.755670 0.785954
vt 0.755670 0.785433
vt 0.762660 0.785968
vt 0.761543 0.785433
vt 0.762434 0.785433
vt 0.763677 0.785432
vt 0.756790 0.786496
vt 0.755670 0.786498
vt 0.756224 0.786576
vt 0.756228 0.787576
vt 0.756786 0.787645
vt 0.755670 0.791392
vt 0.755670 0.787712
vt 0.763039 0.788613
vt 0.764090 0.788087
vt 0.765198 0.787512
vt 0.764948 0.785433
vt 0.765633 0.785433
vt 0.762635 0.788238
vt 0.762178 0.789060
vt 0.756474 0.791414
vt 0.756463 0.791993
vt 0.755670 0.792811
vt 0.756447 0.792889
vt 0.602100 0.361589
vt 0.601866 0.362497
vt 0.601846 0.361560
vt 0.602100 0.362557
vt 0.602393 0.361559
vt 0.602100 0.362579
vt 0.602415 0.362752
vt 0.676507 0.378221
vt 0.676507 0.379000
vt 0.676238 0.378221
vt 0.676334 0.379000
vt 0.676436 0.379669
vt 0.675480 0.379000
vt 0.675469 0.378221
vt 0.676696 0.378221
vt 0.676507 0.379669
vt 0.676697 0.379669
vt 0.677288 0.379669
vt 0.677042 0.378163
vt 0.618708 0.783958
vt 0.619146 0.783404
vt 0.618855 0.783958
vt 0.617777 0.784049
vt 0.619476 0.783891
vt 0.619025 0.784031
vt 0.621177 0.783431
vt 0.619521 0.784131
vt 0.619324 0.784430
vt 0.619805 0.784360
vt 0.620390 0.782555
vt 0.621379 0.782468
vt 0.621446 0.782075
vt 0.622820 0.780856
vt 0.623055 0.781073
vt 0.623068 0.780622
vt 0.622869 0.780476
vt 0.622688 0.780328
vt 0.622627 0.780179
vt 0.869216 0.169132
vt 0.869117 0.168263
vt 0.869272 0.168262
vt 0.868148 0.169072
vt 0.868138 0.168262
vt 0.869272 0.169074
vt 0.869451 0.168263
vt 0.869589 0.169139
vt 0.869765 0.168262
vt 0.870230 0.169144
vt 0.870270 0.168319
vt 0.927015 0.356800
vt 0.927290 0.355953
vt 0.927123 0.355919
vt 0.926749 0.356791
vt 0.926720 0.355926
vt 0.364760 0.362553
vt 0.364890 0.361559
vt 0.364949 0.362752
vt 0.364688 0.362524
vt 0.364688 0.361592
vt 0.425609 0.855371
vt 0.425823 0.855601
vt 0.426974 0.855371
vt 0.426974 0.855769
vt 0.426212 0.855833
vt 0.425904 0.856433
vt 0.426326 0.859305
vt 0.425454 0.855688
vt 0.425958 0.859201
vt 0.425039 0.855912
vt 0.425137 0.855371
vt 0.425581 0.860390
vt 0.426422 0.860661
vt 0.424841 0.859912
vt 0.425631 0.860780
vt 0.425609 0.861498
vt 0.425053 0.861459
vt 0.424807 0.861130
vt 0.424874 0.861312
vt 0.424021 0.855702
vt 0.424849 0.855292
vt 0.424433 0.855157
vt 0.424905 0.854606
vt 0.424713 0.854871
vt 0.425317 0.855039
vt 0.424172 0.854448
vt 0.424183 0.853548
vt 0.425858 0.854986
vt 0.423903 0.852161
vt 0.424453 0.852974
vt 0.424864 0.853341
vt 0.424781 0.852728
vt 0.425411 0.853070
vt 0.425030 0.852162
vt 0.426423 0.853567
vt 0.425974 0.853544
vt 0.426245 0.854226
vt 0.426271 0.854592
vt 0.426843 0.854602
vt 0.977564 0.138129
vt 0.977420 0.137560
vt 0.977678 0.138129
vt 0.977479 0.138129
vt 0.977310 0.138129
vt 0.976847 0.137560
vt 0.976858 0.138129
vt 0.977870 0.137560
vt 0.977980 0.138129
vt 0.978653 0.137560
vt 0.978666 0.138129
vt 0.805796 0.675683
vt 0.807114 0.675683
vt 0.807114 0.675636
vt 0.805796 0.675698
vt 0.807114 0.675828
vt 0.805796 0.675729
vt 0.805796 0.675821
vt 0.805796 0.675636
vt 0.807129 0.675104
vt 0.807114 0.675960
vt 0.806933 0.675183
vt 0.807143 0.674465
vt 0.806726 0.675121
vt 0.805796 0.674478
vt 0.806932 0.674954
vt 0.805796 0.672654
vt 0.807143 0.672045
vt 0.805796 0.668659
vt 0.805796 0.666326
vt 0.807143 0.665998
vt 0.805796 0.664326
vt 0.807275 0.664351
vt 0.811809 0.399616
vt 0.811745 0.399564
vt 0.811766 0.399512
vt 0.811937 0.399719
vt 0.812315 0.398213
vt 0.726677 0.338854
vt 0.726402 0.338374
vt 0.726789 0.338493
vt 0.726329 0.338944
vt 0.726219 0.338862
vt 0.840527 0.332736
vt 0.840617 0.333563
vt 0.840824 0.332761
vt 0.840824 0.333617
vt 0.840254 0.333559
vt 0.631895 0.752529
vt 0.632083 0.752413
vt 0.632083 0.752455
vt 0.632083 0.752413
vt 0.632187 0.752269
vt 0.632625 0.752523
vt 0.631413 0.752287
vt 0.631686 0.752305
vt 0.631727 0.751858
vt 0.632074 0.752018
vt 0.633145 0.752117
vt 0.633399 0.752326
vt 0.634106 0.752065
vt 0.633675 0.751983
vt 0.633460 0.751618
vt 0.632966 0.751844
vt 0.634396 0.751702
vt 0.635039 0.751440
vt 0.634617 0.751508
vt 0.634414 0.751165
vt 0.634833 0.751270
vt 0.635113 0.751113
vt 0.635012 0.751366
vt 0.635012 0.751366
vt 0.635615 0.751145
vt 0.635753 0.750672
vt 0.636020 0.750701
vt 0.636142 0.750024
vt 0.636657 0.749911
vt 0.635525 0.750271
vt 0.636045 0.750287
vt 0.636606 0.749611
vt 0.637036 0.749192
vt 0.636932 0.748901
vt 0.637307 0.748487
vt 0.636660 0.749242
vt 0.636820 0.749366
vt 0.636556 0.748686
vt 0.636288 0.749205
vt 0.637091 0.747999
vt 0.637456 0.747603
vt 0.637094 0.747234
vt 0.637519 0.746996
vt 0.637117 0.747545
vt 0.636707 0.747646
vt 0.825630 0.333578
vt 0.825527 0.332736
vt 0.825788 0.332762
vt 0.825788 0.333617
vt 0.867038 0.077066
vt 0.869017 0.077066
vt 0.867281 0.076783
vt 0.867175 0.076918
vt 0.867007 0.077066
vt 0.866977 0.077066
vt 0.866673 0.076859
vt 0.866193 0.076866
vt 0.865006 0.077353
vt 0.865900 0.077003
vt 0.895133 0.152292
vt 0.893696 0.152285
vt 0.892261 0.152352
vt 0.895179 0.153151
vt 0.895547 0.152305
vt 0.895646 0.153166
vt 0.827880 0.333676
vt 0.827978 0.334870
vt 0.827708 0.334585
vt 0.827104 0.334004
vt 0.827097 0.334426
vt 0.453857 0.816910
vt 0.453857 0.812579
vt 0.453684 0.816767
vt 0.453832 0.812508
vt 0.453701 0.810808
vt 0.453857 0.812454
vt 0.453857 0.810886
vt 0.453351 0.816852
vt 0.453926 0.810813
vt 0.453590 0.817092
vt 0.453507 0.817693
vt 0.453639 0.817194
vt 0.454051 0.816896
vt 0.453723 0.817746
vt 0.453954 0.817715
vt 0.453975 0.817184
vt 0.453934 0.812723
vt 0.453857 0.812597
vt 0.454147 0.813274
vt 0.454383 0.812689
vt 0.454166 0.816357
vt 0.454694 0.817109
vt 0.454543 0.817318
vt 0.454177 0.816981
vt 0.454845 0.812481
vt 0.455612 0.812465
vt 0.454032 0.812290
vt 0.454468 0.811847
vt 0.453857 0.812437
vt 0.454951 0.811400
vt 0.455797 0.810808
vt 0.455512 0.811672
vt 0.455414 0.811674
vt 0.454700 0.811702
vt 0.454688 0.817807
vt 0.454382 0.817723
vt 0.454180 0.818036
vt 0.454593 0.818220
vt 0.453984 0.818265
vt 0.806709 0.079639
vt 0.806625 0.079709
vt 0.806649 0.079639
vt 0.806866 0.079863
vt 0.807670 0.079639
vt 0.807359 0.079848
vt 0.806681 0.080171
vt 0.807538 0.079643
vt 0.807844 0.079753
vt 0.808553 0.079290
vt 0.804607 0.079639
vt 0.804809 0.079764
vt 0.804637 0.079639
vt 0.804322 0.079830
vt 0.803840 0.079952
vt 0.803646 0.079639
vt 0.803795 0.079828
vt 0.803586 0.079639
vt 0.803548 0.079639
vt 0.803270 0.079817
vt 0.802663 0.079360
vt 0.664296 0.922269
vt 0.663916 0.922269
vt 0.664274 0.922277
vt 0.663883 0.922396
vt 0.664268 0.922886
vt 0.663890 0.922043
vt 0.663876 0.923546
vt 0.664268 0.923391
vt 0.664125 0.924468
vt 0.664305 0.922269
vt 0.664281 0.922398
vt 0.664758 0.922343
vt 0.664756 0.922023
vt 0.788491 0.334267
vt 0.788504 0.333676
vt 0.788474 0.333676
vt 0.788443 0.333676
vt 0.788381 0.333676
vt 0.787630 0.333676
vt 0.787623 0.334870
vt 0.849026 0.445458
vt 0.849595 0.445458
vt 0.849595 0.445275
vt 0.849596 0.444045
vt 0.849026 0.445322
vt 0.849026 0.444046
vt 0.849026 0.443326
vt 0.849595 0.443329
vt 0.950203 0.781486
vt 0.949335 0.782103
vt 0.949504 0.782272
vt 0.948097 0.783197
vt 0.949386 0.782271
vt 0.949350 0.782119
vt 0.948532 0.782755
vt 0.946887 0.782209
vt 0.947490 0.783253
vt 0.946191 0.783597
vt 0.945152 0.783803
vt 0.948763 0.781060
vt 0.950730 0.780496
vt 0.943665 0.782237
vt 0.950276 0.778497
vt 0.944037 0.783711
vt 0.942742 0.783202
vt 0.941384 0.782434
vt 0.942185 0.781412
vt 0.951552 0.778161
vt 0.951236 0.779451
vt 0.950246 0.775950
vt 0.951723 0.777267
vt 0.951655 0.776121
vt 0.951068 0.774660
vt 0.949001 0.773438
vt 0.950326 0.773386
vt 0.949778 0.772661
vt 0.948368 0.771655
vt 0.948847 0.773590
vt 0.949372 0.774235
vt 0.947913 0.772829
vt 0.946117 0.772078
vt 0.947007 0.771076
vt 0.946315 0.770785
vt 0.945212 0.770708
vt 0.943842 0.770972
vt 0.943630 0.772267
vt 0.942238 0.771539
vt 0.941597 0.773430
vt 0.940981 0.772243
vt 0.939941 0.776369
vt 0.940189 0.773067
vt 0.939508 0.774194
vt 0.939120 0.775056
vt 0.938628 0.777283
vt 0.938696 0.778381
vt 0.940196 0.778808
vt 0.938998 0.779100
vt 0.939568 0.780435
vt 0.941355 0.781064
vt 0.940032 0.781117
vt 0.940986 0.780255
vt 0.940575 0.781843
vt 0.941510 0.780911
vt 0.412613 0.303625
vt 0.412613 0.304382
vt 0.412309 0.304339
vt 0.412771 0.304482
vt 0.412375 0.303602
vt 0.412879 0.303601
vt 0.412613 0.304399
vt 0.262147 0.388833
vt 0.262929 0.388035
vt 0.262672 0.387875
vt 0.261935 0.388293
vt 0.263109 0.388190
vt 0.262082 0.389381
vt 0.263441 0.388452
vt 0.641261 0.154615
vt 0.640380 0.154656
vt 0.640380 0.154747
vt 0.640380 0.154477
vt 0.640380 0.155047
vt 0.825595 0.079703
vt 0.825595 0.079290
vt 0.826331 0.079290
vt 0.826410 0.079703
vt 0.825420 0.079290
vt 0.824735 0.079704
vt 0.824971 0.079290
vt 0.823760 0.079290
vt 0.823205 0.079703
vt 0.822100 0.079393
vt 0.821006 0.079704
vt 0.821349 0.079290
vt 0.820520 0.079290
vt 0.821486 0.080171
vt 0.821556 0.079290
vt 0.962242 0.114636
vt 0.962691 0.114593
vt 0.962242 0.114560
vt 0.962121 0.114374
vt 0.925412 0.136565
vt 0.925151 0.136419
vt 0.925151 0.136304
vt 0.668518 0.114949
vt 0.667948 0.114688
vt 0.667948 0.114802
vt 0.967136 0.070943
vt 0.967136 0.071712
vt 0.967413 0.071712
vt 0.967340 0.070898
vt 0.967136 0.070831
vt 0.967557 0.070943
vt 0.968499 0.071712
vt 0.968643 0.070914
vt 0.970009 0.071712
vt 0.970140 0.070904
vt 0.971602 0.071712
vt 0.971940 0.070912
vt 0.972454 0.070943
vt 0.972426 0.071712
vt 0.973649 0.071712
vt 0.973645 0.070889
vt 0.973990 0.070886
vt 0.974133 0.071712
vt 0.974493 0.071712
vt 0.974593 0.070889
vt 0.977597 0.337378
vt 0.977201 0.337283
vt 0.977728 0.337211
vt 0.977159 0.336975
vt 0.977429 0.336808
vt 0.413819 0.304482
vt 0.413777 0.304384
vt 0.413569 0.304342
vt 0.413777 0.303626
vt 0.413635 0.303601
vt 0.413253 0.303601
vt 0.413249 0.304349
vt 0.999974 0.297276
vt 0.999974 0.297229
vt 0.999713 0.296082
vt 0.406196 0.655393
vt 0.410006 0.652718
vt 0.405278 0.653688
vt 0.409570 0.651602
vt 0.410144 0.652939
vt 0.406280 0.655520
vt 0.409921 0.651493
vt 0.409808 0.651491
vt 0.409899 0.650525
vt 0.409876 0.651456
vt 0.410692 0.651578
vt 0.410249 0.652137
vt 0.410870 0.650415
vt 0.410899 0.651877
vt 0.411067 0.651497
vt 0.410573 0.652662
vt 0.411034 0.651008
vt 0.411554 0.652050
vt 0.409821 0.650265
vt 0.404643 0.651544
vt 0.409630 0.648582
vt 0.404480 0.650144
vt 0.404594 0.647963
vt 0.405113 0.645984
vt 0.405803 0.644409
vt 0.410296 0.648524
vt 0.410447 0.647714
vt 0.410558 0.648767
vt 0.407075 0.642568
vt 0.410814 0.650022
vt 0.410669 0.648455
vt 0.410885 0.648684
vt 0.411474 0.647213
vt 0.410956 0.646134
vt 0.408785 0.640962
vt 0.414049 0.644136
vt 0.415559 0.644435
vt 0.410710 0.639825
vt 0.414824 0.645069
vt 0.412364 0.639193
vt 0.416084 0.645070
vt 0.415857 0.644251
vt 0.414486 0.638816
vt 0.416250 0.644767
vt 0.416574 0.644869
vt 0.417666 0.645593
vt 0.416518 0.644529
vt 0.418271 0.644793
vt 0.416281 0.638824
vt 0.418389 0.639179
vt 0.420389 0.639946
vt 0.418536 0.644945
vt 0.421730 0.640731
vt 0.419190 0.646125
vt 0.418049 0.645812
vt 0.423657 0.642464
vt 0.418947 0.646430
vt 0.419369 0.646440
vt 0.419269 0.647089
vt 0.424598 0.643705
vt 0.425436 0.645200
vt 0.419934 0.647299
vt 0.419770 0.647680
vt 0.419977 0.648745
vt 0.420146 0.647589
vt 0.420980 0.648659
vt 0.423862 0.647787
vt 0.426171 0.647450
vt 0.426347 0.649003
vt 0.426318 0.650433
vt 0.421012 0.648958
vt 0.426111 0.651826
vt 0.420441 0.650446
vt 0.425726 0.653181
vt 0.425164 0.654499
vt 0.420025 0.649188
vt 0.423928 0.656410
vt 0.420182 0.650710
vt 0.419815 0.650974
vt 0.420523 0.650796
vt 0.420388 0.651455
vt 0.422530 0.657802
vt 0.419071 0.652391
vt 0.418088 0.653290
vt 0.418711 0.654082
vt 0.421384 0.658637
vt 0.418540 0.654279
vt 0.415290 0.654732
vt 0.420128 0.659340
vt 0.418290 0.654295
vt 0.418256 0.660038
vt 0.418451 0.654434
vt 0.417765 0.653497
vt 0.416605 0.654006
vt 0.415544 0.654127
vt 0.414990 0.654917
vt 0.414670 0.654070
vt 0.413991 0.655211
vt 0.416006 0.660370
vt 0.414589 0.654397
vt 0.414558 0.660341
vt 0.414265 0.654297
vt 0.414318 0.654633
vt 0.413180 0.653574
vt 0.413147 0.660136
vt 0.412567 0.654372
vt 0.411774 0.659757
vt 0.410438 0.659202
vt 0.409212 0.658501
vt 0.412303 0.654221
vt 0.407453 0.657012
vt 0.411658 0.653034
vt 0.412787 0.653352
vt 0.411467 0.652727
vt 0.411891 0.652735
vt 0.411589 0.652103
vt 0.431322 0.651584
vt 0.431706 0.652898
vt 0.428125 0.655393
vt 0.432076 0.652954
vt 0.428209 0.655520
vt 0.431500 0.651602
vt 0.433519 0.652103
vt 0.433397 0.652727
vt 0.433820 0.652735
vt 0.434717 0.653352
vt 0.433588 0.653034
vt 0.429382 0.657012
vt 0.434233 0.654221
vt 0.431142 0.658501
vt 0.434497 0.654372
vt 0.436248 0.654633
vt 0.432368 0.659202
vt 0.436194 0.654297
vt 0.435109 0.653574
vt 0.436600 0.654070
vt 0.436518 0.654397
vt 0.436919 0.654917
vt 0.437474 0.654127
vt 0.437764 0.657980
vt 0.433704 0.659757
vt 0.435077 0.660136
vt 0.436488 0.660341
vt 0.437936 0.660370
vt 0.437220 0.654732
vt 0.440186 0.660038
vt 0.437741 0.654351
vt 0.438570 0.654077
vt 0.438535 0.654006
vt 0.439695 0.653497
vt 0.439633 0.653801
vt 0.440134 0.654455
vt 0.440381 0.654434
vt 0.442301 0.657093
vt 0.442058 0.659340
vt 0.443313 0.658637
vt 0.444459 0.657802
vt 0.445858 0.656410
vt 0.440655 0.654412
vt 0.440641 0.654082
vt 0.440219 0.654295
vt 0.440470 0.654279
vt 0.442318 0.651455
vt 0.441599 0.651878
vt 0.444960 0.653355
vt 0.447094 0.654499
vt 0.447656 0.653181
vt 0.448041 0.651826
vt 0.441491 0.651565
vt 0.445792 0.647787
vt 0.448248 0.650433
vt 0.448277 0.649003
vt 0.448101 0.647450
vt 0.447366 0.645200
vt 0.440985 0.652520
vt 0.440324 0.653359
vt 0.440018 0.653290
vt 0.441001 0.652391
vt 0.441745 0.650974
vt 0.442351 0.651436
vt 0.442111 0.650710
vt 0.441955 0.649188
vt 0.442371 0.650446
vt 0.442452 0.650796
vt 0.442941 0.648958
vt 0.443139 0.650583
vt 0.442910 0.648659
vt 0.442075 0.647589
vt 0.441907 0.648745
vt 0.441699 0.647680
vt 0.441199 0.647089
vt 0.446528 0.643705
vt 0.441864 0.647299
vt 0.441299 0.646440
vt 0.440877 0.646430
vt 0.439979 0.645812
vt 0.441120 0.646125
vt 0.440466 0.644945
vt 0.445587 0.642464
vt 0.443659 0.640731
vt 0.440201 0.644793
vt 0.438447 0.644529
vt 0.438504 0.644869
vt 0.439596 0.645593
vt 0.437787 0.644251
vt 0.438013 0.645070
vt 0.438180 0.644767
vt 0.442318 0.639946
vt 0.440319 0.639179
vt 0.437200 0.645039
vt 0.436754 0.645069
vt 0.437089 0.643172
vt 0.437488 0.644435
vt 0.436901 0.641186
vt 0.438211 0.638824
vt 0.436415 0.638816
vt 0.434294 0.639193
vt 0.436941 0.644291
vt 0.435891 0.643906
vt 0.436305 0.644095
vt 0.436541 0.644412
vt 0.435979 0.644136
vt 0.432640 0.639825
vt 0.432702 0.645945
vt 0.434399 0.644663
vt 0.432886 0.646134
vt 0.433996 0.644921
vt 0.432418 0.642059
vt 0.430715 0.640962
vt 0.429004 0.642568
vt 0.429753 0.645779
vt 0.427732 0.644409
vt 0.427042 0.645984
vt 0.426524 0.647963
vt 0.432683 0.646382
vt 0.432901 0.646787
vt 0.433404 0.647213
vt 0.432613 0.647060
vt 0.432377 0.647714
vt 0.426410 0.650144
vt 0.426573 0.651544
vt 0.433207 0.647600
vt 0.432815 0.648684
vt 0.432226 0.648524
vt 0.427208 0.653688
vt 0.432599 0.648455
vt 0.432488 0.648767
vt 0.432744 0.650022
vt 0.431751 0.650265
vt 0.431829 0.650525
vt 0.432964 0.651008
vt 0.432800 0.650415
vt 0.431851 0.651493
vt 0.432622 0.651578
vt 0.432997 0.651497
vt 0.433484 0.652050
vt 0.432829 0.651877
vt 0.432503 0.652662
vt 0.432179 0.652137
vt 0.616130 0.893915
vt 0.616108 0.893915
vt 0.616202 0.893726
vt 0.615941 0.893969
vt 0.616073 0.892575
vt 0.616170 0.893953
vt 0.615967 0.896614
vt 0.616152 0.898152
vt 0.616126 0.896483
vt 0.982427 0.154255
vt 0.981546 0.154149
vt 0.982427 0.154231
vt 0.982427 0.154420
vt 0.982427 0.154138
vt 0.982427 0.154067
vt 0.982427 0.154044
vt 0.982427 0.153851
vt 0.981546 0.153996
vt 0.994330 0.110079
vt 0.994451 0.110005
vt 0.994402 0.110250
vt 0.995271 0.110140
vt 0.994330 0.110044
vt 0.994077 0.109989
vt 0.690000 0.413207
vt 0.690446 0.412624
vt 0.690000 0.413267
vt 0.689970 0.413238
vt 0.689326 0.414443
vt 0.689910 0.413298
vt 0.689436 0.413779
vt 0.688968 0.413907
vt 0.689377 0.413388
vt 0.688940 0.413602
vt 0.688960 0.413527
vt 0.505274 0.910242
vt 0.504834 0.911237
vt 0.506021 0.909492
vt 0.506235 0.909694
vt 0.504815 0.912419
vt 0.504895 0.910677
vt 0.504624 0.910235
vt 0.504464 0.910787
vt 0.504453 0.912607
vt 0.504416 0.913816
vt 0.504673 0.913798
vt 0.412312 0.474037
vt 0.412408 0.473971
vt 0.413020 0.473948
vt 0.412326 0.475025
vt 0.413382 0.474966
vt 0.413024 0.475091
vt 0.413694 0.478894
vt 0.412966 0.478809
vt 0.413667 0.475745
vt 0.413845 0.475212
vt 0.413501 0.479751
vt 0.412884 0.480219
vt 0.414288 0.479500
vt 0.413480 0.480295
vt 0.413905 0.480082
vt 0.413509 0.480859
vt 0.414155 0.480726
vt 0.413773 0.474847
vt 0.415145 0.474963
vt 0.414294 0.474325
vt 0.414565 0.474788
vt 0.414857 0.474364
vt 0.412950 0.473362
vt 0.415306 0.473210
vt 0.414535 0.472514
vt 0.414303 0.472058
vt 0.414218 0.471531
vt 0.412884 0.472893
vt 0.414846 0.472081
vt 0.415286 0.471522
vt 0.415452 0.472862
vt 0.417953 0.472893
vt 0.416917 0.473216
vt 0.419074 0.472893
vt 0.417963 0.473678
vt 0.416896 0.473678
vt 0.419439 0.473678
vt 0.415864 0.473212
vt 0.416311 0.473678
vt 0.415778 0.473678
vt 0.414911 0.473678
vt 0.414859 0.473221
vt 0.414529 0.473678
vt 0.414445 0.473233
vt 0.420467 0.473234
vt 0.420504 0.473678
vt 0.422012 0.472817
vt 0.420561 0.473214
vt 0.421214 0.473678
vt 0.421594 0.473235
vt 0.422096 0.473210
vt 0.422491 0.473678
vt 0.421624 0.473678
vt 0.422546 0.473220
vt 0.422936 0.473678
vt 0.422917 0.473231
vt 0.422782 0.472583
vt 0.422602 0.472028
vt 0.422117 0.471522
vt 0.423287 0.471641
vt 0.423115 0.472157
vt 0.423120 0.474375
vt 0.424519 0.472893
vt 0.424448 0.473410
vt 0.424386 0.473950
vt 0.422615 0.474150
vt 0.422240 0.474945
vt 0.422634 0.474643
vt 0.423380 0.475216
vt 0.423530 0.474834
vt 0.423620 0.475348
vt 0.424072 0.474855
vt 0.425080 0.475038
vt 0.424994 0.473971
vt 0.424153 0.475156
vt 0.425044 0.474007
vt 0.425094 0.474044
vt 0.424434 0.478810
vt 0.423704 0.478918
vt 0.423632 0.479773
vt 0.423125 0.479482
vt 0.423218 0.480694
vt 0.424058 0.480094
vt 0.423615 0.480273
vt 0.424519 0.480219
vt 0.423893 0.480859
vt 0.484305 0.744067
vt 0.484182 0.743312
vt 0.483992 0.743903
vt 0.483019 0.743359
vt 0.483992 0.743964
vt 0.481883 0.744014
vt 0.483992 0.745156
vt 0.482092 0.742652
vt 0.482078 0.743480
vt 0.484186 0.742603
vt 0.483019 0.742526
vt 0.483992 0.741944
vt 0.484305 0.741778
vt 0.483992 0.741389
vt 0.484305 0.741176
vt 0.483992 0.740989
vt 0.484305 0.740946
vt 0.481922 0.745972
vt 0.484305 0.746449
vt 0.484305 0.745069
vt 0.484305 0.744617
vt 0.483018 0.747660
vt 0.484257 0.747667
vt 0.482086 0.747718
vt 0.481860 0.748048
vt 0.482123 0.748820
vt 0.481935 0.750729
vt 0.483992 0.744612
vt 0.484305 0.744303
vt 0.483992 0.744228
vt 0.484305 0.744061
vt 0.484305 0.744505
vt 0.483992 0.744086
vt 0.483992 0.744482
vt 0.482988 0.750957
vt 0.483048 0.748882
vt 0.484249 0.749935
vt 0.484200 0.748893
vt 0.483992 0.751147
vt 0.484305 0.751093
vt 0.483992 0.751507
vt 0.484305 0.751543
vt 0.483992 0.751854
vt 0.484305 0.751901
vt 0.483992 0.753102
vt 0.484305 0.753102
vt 0.484233 0.752349
vt 0.483980 0.752007
vt 0.482979 0.752421
vt 0.483975 0.752468
vt 0.481949 0.752300
vt 0.109528 0.402849
vt 0.110975 0.402373
vt 0.111028 0.402465
vt 0.110863 0.402256
vt 0.808076 0.333677
vt 0.807996 0.334269
vt 0.808107 0.333677
vt 0.808868 0.333677
vt 0.808868 0.334870
vt 0.808044 0.333677
vt 0.807987 0.333676
vt 0.750581 0.786343
vt 0.750441 0.786272
vt 0.750655 0.785444
vt 0.750799 0.786222
vt 0.994022 0.128673
vt 0.993760 0.128472
vt 0.994022 0.128733
vt 0.866884 0.112422
vt 0.867765 0.112339
vt 0.867765 0.112384
vt 0.867765 0.112443
vt 0.867765 0.112219
vt 0.866884 0.112181
vt 0.639440 0.155047
vt 0.640321 0.154874
vt 0.640321 0.154953
vt 0.640321 0.154680
vt 0.639440 0.154477
vt 0.986784 0.144395
vt 0.987725 0.144395
vt 0.986937 0.144147
vt 0.987675 0.143961
vt 0.986559 0.143825
vt 0.987596 0.144391
vt 0.987424 0.144160
vt 0.987752 0.144289
vt 0.993708 0.152285
vt 0.994017 0.153166
vt 0.994017 0.152285
vt 0.993819 0.153166
vt 0.993283 0.152397
vt 0.993452 0.153166
vt 0.992354 0.152285
vt 0.990946 0.152285
vt 0.991553 0.152397
vt 0.795711 0.356789
vt 0.795585 0.355919
vt 0.795352 0.356780
vt 0.795141 0.355953
vt 0.795141 0.356800
vt 0.795352 0.355926
vt 0.413108 0.304401
vt 0.412933 0.303606
vt 0.413108 0.303626
vt 0.413194 0.303601
vt 0.413032 0.304482
vt 0.726371 0.110302
vt 0.726192 0.110563
vt 0.726474 0.110302
vt 0.725759 0.110302
vt 0.725503 0.110563
vt 0.725280 0.110302
vt 0.865575 0.136304
vt 0.865314 0.136565
vt 0.865440 0.136448
vt 0.432497 0.140945
vt 0.434200 0.144998
vt 0.432581 0.144932
vt 0.434342 0.141050
vt 0.436834 0.145009
vt 0.434180 0.139443
vt 0.432424 0.139443
vt 0.436340 0.139443
vt 0.432082 0.139973
vt 0.431872 0.140119
vt 0.436964 0.141050
vt 0.439778 0.144913
vt 0.438590 0.139443
vt 0.439386 0.141050
vt 0.441570 0.139443
vt 0.441757 0.141050
vt 0.443223 0.145019
vt 0.444477 0.139443
vt 0.444436 0.141050
vt 0.446705 0.144902
vt 0.447218 0.141050
vt 0.446483 0.141052
vt 0.446710 0.139443
vt 0.447540 0.140426
vt 0.447964 0.139442
vt 0.447572 0.140637
vt 0.447938 0.141050
vt 0.447539 0.140612
vt 0.447407 0.140439
vt 0.447382 0.140764
vt 0.471610 0.140781
vt 0.470683 0.144631
vt 0.472623 0.144645
vt 0.473890 0.140780
vt 0.474032 0.144646
vt 0.476738 0.140781
vt 0.476899 0.144643
vt 0.478553 0.144634
vt 0.479211 0.140781
vt 0.480232 0.144638
vt 0.469307 0.140781
vt 0.468030 0.144612
vt 0.467276 0.140781
vt 0.466560 0.144638
vt 0.465978 0.140781
vt 0.464704 0.140883
vt 0.464787 0.144706
vt 0.464630 0.139443
vt 0.466388 0.139443
vt 0.466519 0.140781
vt 0.468550 0.139443
vt 0.470802 0.139443
vt 0.472552 0.140781
vt 0.473784 0.139443
vt 0.475699 0.140781
vt 0.476693 0.139443
vt 0.478396 0.140784
vt 0.478928 0.139443
vt 0.479626 0.140398
vt 0.480183 0.139442
vt 0.480221 0.140757
vt 0.479600 0.140710
vt 0.479758 0.140564
vt 0.479791 0.140588
vt 0.479759 0.140385
vt 0.860984 0.123314
vt 0.859851 0.121897
vt 0.859514 0.123295
vt 0.858845 0.123403
vt 0.858807 0.121928
vt 0.858740 0.122079
vt 0.862357 0.121960
vt 0.861754 0.123317
vt 0.862888 0.123288
vt 0.865029 0.121943
vt 0.864504 0.123300
vt 0.866323 0.123293
vt 0.866824 0.121909
vt 0.890323 0.147316
vt 0.891186 0.151160
vt 0.892444 0.147316
vt 0.888624 0.151285
vt 0.893310 0.151265
vt 0.888022 0.147316
vt 0.886360 0.151230
vt 0.888527 0.145708
vt 0.890782 0.145708
vt 0.885532 0.145708
vt 0.892950 0.145708
vt 0.885436 0.147316
vt 0.882614 0.145708
vt 0.884000 0.151281
vt 0.883337 0.147316
vt 0.881006 0.151223
vt 0.880710 0.147316
vt 0.879890 0.145708
vt 0.878477 0.147316
vt 0.881329 0.147316
vt 0.879583 0.147316
vt 0.878505 0.151284
vt 0.894681 0.147240
vt 0.894706 0.145708
vt 0.894499 0.151205
vt 0.894494 0.147104
vt 0.894647 0.151021
vt 0.894238 0.147869
vt 0.894112 0.147523
vt 0.893484 0.147316
vt 0.893966 0.147617
vt 0.893792 0.147839
vt 0.894068 0.150064
vt 0.893775 0.149838
vt 0.893948 0.149506
vt 0.894104 0.148148
vt 0.894236 0.149755
vt 0.998499 0.156661
vt 0.998637 0.157130
vt 0.998464 0.157239
vt 0.998779 0.156660
vt 0.998637 0.157130
vt 0.998845 0.157107
vt 0.999117 0.157112
vt 0.999662 0.156679
vt 0.999743 0.157112
vt 0.999698 0.156358
vt 0.999894 0.157112
vt 0.999970 0.156365
vt 0.201858 0.787677
vt 0.201704 0.786033
vt 0.203298 0.787396
vt 0.201309 0.787285
vt 0.202515 0.788177
vt 0.204174 0.788251
vt 0.203008 0.788822
vt 0.203602 0.789721
vt 0.205169 0.790552
vt 0.204075 0.791396
vt 0.203977 0.792969
vt 0.205119 0.793723
vt 0.203644 0.794053
vt 0.204109 0.795807
vt 0.203094 0.795096
vt 0.202008 0.796234
vt 0.201605 0.797976
vt 0.200784 0.797003
vt 0.203726 0.796258
vt 0.203022 0.797048
vt 0.199829 0.798528
vt 0.199194 0.797358
vt 0.198278 0.797353
vt 0.196718 0.798343
vt 0.197032 0.797162
vt 0.196029 0.796726
vt 0.194977 0.797535
vt 0.195480 0.796333
vt 0.194036 0.796617
vt 0.194821 0.795835
vt 0.192684 0.795048
vt 0.194330 0.795188
vt 0.193737 0.794290
vt 0.192074 0.792368
vt 0.193263 0.792614
vt 0.193361 0.791041
vt 0.192216 0.790294
vt 0.193684 0.789976
vt 0.193114 0.788337
vt 0.194244 0.788914
vt 0.195330 0.787776
vt 0.195272 0.786323
vt 0.196554 0.787007
vt 0.198878 0.785432
vt 0.196800 0.785603
vt 0.198144 0.786652
vt 0.199095 0.786655
vt 0.200451 0.786935
vt 0.870311 0.529312
vt 0.870897 0.527538
vt 0.870812 0.529731
vt 0.869685 0.528886
vt 0.869308 0.528125
vt 0.868855 0.527456
vt 0.868343 0.527692
vt 0.868852 0.526660
vt 0.867294 0.526971
vt 0.867199 0.526662
vt 0.604211 0.113050
vt 0.603786 0.112038
vt 0.604652 0.112025
vt 0.603738 0.113036
vt 0.603857 0.113295
vt 0.603101 0.113053
vt 0.605166 0.113217
vt 0.604851 0.110984
vt 0.603908 0.111005
vt 0.606596 0.110965
vt 0.604380 0.113053
vt 0.603101 0.113368
vt 0.604343 0.113368
vt 0.604718 0.113368
vt 0.604797 0.113053
vt 0.606069 0.112141
vt 0.607316 0.113331
vt 0.607348 0.112083
vt 0.607399 0.111172
vt 0.608525 0.111156
vt 0.609714 0.110933
vt 0.608572 0.112078
vt 0.609924 0.113378
vt 0.608588 0.113288
vt 0.611494 0.110944
vt 0.614004 0.110936
vt 0.613619 0.111145
vt 0.613772 0.112079
vt 0.613582 0.113112
vt 0.613777 0.113320
vt 0.612871 0.112079
vt 0.612795 0.111173
vt 0.612219 0.113054
vt 0.611134 0.113054
vt 0.611198 0.113367
vt 0.611639 0.113368
vt 0.611791 0.113053
vt 0.612011 0.113368
vt 0.612189 0.113053
vt 0.612184 0.113368
vt 0.611750 0.113053
vt 0.611774 0.113368
vt 0.674689 0.909538
vt 0.672443 0.911577
vt 0.672454 0.910222
vt 0.672518 0.909492
vt 0.674712 0.911906
vt 0.672484 0.912270
vt 0.672336 0.913007
vt 0.674706 0.913057
vt 0.673405 0.913128
vt 0.674439 0.913177
vt 0.674781 0.913816
vt 0.674456 0.913816
vt 0.414545 0.344268
vt 0.415636 0.342238
vt 0.414258 0.342235
vt 0.413436 0.342136
vt 0.413385 0.344249
vt 0.416907 0.344201
vt 0.416949 0.342290
vt 0.412625 0.344026
vt 0.413266 0.344011
vt 0.880620 0.126681
vt 0.879438 0.130521
vt 0.878505 0.126681
vt 0.880409 0.130526
vt 0.878540 0.130540
vt 0.881834 0.130515
vt 0.876738 0.130494
vt 0.881905 0.126681
vt 0.875548 0.126681
vt 0.875228 0.130513
vt 0.874162 0.130499
vt 0.873077 0.126681
vt 0.872054 0.130536
vt 0.870804 0.126681
vt 0.870389 0.130511
vt 0.868376 0.126681
vt 0.867512 0.130503
vt 0.868487 0.125344
vt 0.871209 0.125344
vt 0.872206 0.126681
vt 0.874126 0.125344
vt 0.877119 0.125344
vt 0.879373 0.125344
vt 0.881409 0.126681
vt 0.881540 0.125344
vt 0.883270 0.126812
vt 0.883294 0.125344
vt 0.883235 0.130432
vt 0.883088 0.130608
vt 0.883083 0.126681
vt 0.883561 0.129569
vt 0.883456 0.129259
vt 0.882691 0.129621
vt 0.882825 0.129219
vt 0.882537 0.128981
vt 0.882420 0.129612
vt 0.882364 0.129299
vt 0.882657 0.129516
vt 0.882412 0.127711
vt 0.882693 0.127681
vt 0.882381 0.127385
vt 0.882455 0.127033
vt 0.882701 0.127083
vt 0.883585 0.127088
vt 0.883477 0.127631
vt 0.883525 0.128963
vt 0.883719 0.129008
vt 0.883725 0.127675
vt 0.883488 0.127385
vt 0.883868 0.129316
vt 0.884367 0.130509
vt 0.883697 0.129637
vt 0.757156 0.855609
vt 0.756384 0.854557
vt 0.756405 0.856427
vt 0.757156 0.857417
vt 0.756405 0.858481
vt 0.757156 0.858553
vt 0.756301 0.859360
vt 0.757156 0.859185
vt 0.757802 0.855117
vt 0.757802 0.855608
vt 0.757156 0.854401
vt 0.757802 0.854408
vt 0.756382 0.853074
vt 0.757156 0.853205
vt 0.757156 0.852803
vt 0.756302 0.852582
vt 0.756296 0.853740
vt 0.756296 0.852594
vt 0.757156 0.852581
vt 0.756296 0.852337
vt 0.757156 0.852161
vt 0.757802 0.853988
vt 0.757802 0.853345
vt 0.757156 0.853969
vt 0.757156 0.854373
vt 0.757802 0.854373
vt 0.762439 0.912328
vt 0.760369 0.911532
vt 0.762501 0.909528
vt 0.760372 0.910648
vt 0.760377 0.909492
vt 0.760385 0.913816
vt 0.762350 0.913746
vt 0.639894 0.555199
vt 0.640041 0.554066
vt 0.639392 0.553602
vt 0.638815 0.554107
vt 0.640634 0.555117
vt 0.640565 0.554061
vt 0.639514 0.555734
vt 0.638941 0.555689
vt 0.408239 0.344235
vt 0.409550 0.342136
vt 0.410749 0.344265
vt 0.408278 0.342177
vt 0.411176 0.342136
vt 0.412563 0.342172
vt 0.412508 0.344268
vt 0.593333 0.112099
vt 0.594006 0.113067
vt 0.594264 0.110964
vt 0.593449 0.111177
vt 0.592136 0.110969
vt 0.595057 0.113067
vt 0.592509 0.112099
vt 0.592663 0.111163
vt 0.592664 0.113277
vt 0.592462 0.113255
vt 0.595770 0.111060
vt 0.596391 0.113378
vt 0.595010 0.113378
vt 0.597589 0.112097
vt 0.597593 0.113293
vt 0.597646 0.111172
vt 0.597819 0.110933
vt 0.598740 0.111219
vt 0.594574 0.113378
vt 0.600604 0.111030
vt 0.594588 0.113066
vt 0.594471 0.113066
vt 0.594440 0.113378
vt 0.594160 0.113066
vt 0.594241 0.113378
vt 0.600312 0.112159
vt 0.598795 0.112101
vt 0.598823 0.113295
vt 0.600910 0.113263
vt 0.602299 0.112058
vt 0.601756 0.113065
vt 0.602175 0.111042
vt 0.602229 0.113305
vt 0.603039 0.110990
vt 0.601386 0.113378
vt 0.601376 0.113066
vt 0.601726 0.113066
vt 0.601752 0.113378
vt 0.602972 0.113241
vt 0.979724 0.444430
vt 0.980547 0.445420
vt 0.979724 0.445458
vt 0.980547 0.444316
vt 0.979724 0.443838
vt 0.980547 0.443773
vt 0.979666 0.443343
vt 0.980547 0.443326
vt 0.960871 0.108261
vt 0.961917 0.109619
vt 0.960978 0.109553
vt 0.960939 0.108113
vt 0.962160 0.108278
vt 0.963943 0.109591
vt 0.963597 0.108240
vt 0.965200 0.108248
vt 0.966766 0.109610
vt 0.966773 0.108262
vt 0.967619 0.108289
vt 0.968839 0.108236
vt 0.968221 0.109616
vt 0.969580 0.109551
vt 0.584541 0.342225
vt 0.586050 0.344268
vt 0.584114 0.344176
vt 0.585994 0.342136
vt 0.586122 0.343093
vt 0.583138 0.342235
vt 0.582424 0.342303
vt 0.582467 0.344255
vt 0.853482 0.886837
vt 0.855403 0.888073
vt 0.854044 0.886815
vt 0.851848 0.886270
vt 0.851892 0.885996
vt 0.854749 0.886964
vt 0.854534 0.886582
vt 0.854911 0.886476
vt 0.855119 0.886814
vt 0.856170 0.887318
vt 0.856640 0.888389
vt 0.857043 0.888583
vt 0.857002 0.888654
vt 0.856548 0.888500
vt 0.856582 0.888770
vt 0.856737 0.889211
vt 0.856285 0.889224
vt 0.857193 0.890498
vt 0.857166 0.891573
vt 0.857425 0.891550
vt 0.661624 0.911407
vt 0.659617 0.911041
vt 0.659581 0.912333
vt 0.659492 0.910305
vt 0.661518 0.913767
vt 0.659631 0.913816
vt 0.661608 0.910251
vt 0.661549 0.909492
vt 0.661381 0.910127
vt 0.660442 0.910180
vt 0.033472 0.823071
vt 0.032429 0.824389
vt 0.032461 0.822670
vt 0.033474 0.822617
vt 0.033478 0.824090
vt 0.033477 0.821892
vt 0.033719 0.822740
vt 0.033655 0.821986
vt 0.031383 0.823652
vt 0.033478 0.821415
vt 0.033793 0.821633
vt 0.033793 0.821146
vt 0.031375 0.825962
vt 0.031586 0.826283
vt 0.031583 0.827438
vt 0.032507 0.826222
vt 0.031398 0.829147
vt 0.033793 0.825161
vt 0.033726 0.826211
vt 0.033793 0.823876
vt 0.033478 0.823615
vt 0.033478 0.823320
vt 0.033793 0.823249
vt 0.033793 0.823436
vt 0.033478 0.823166
vt 0.033793 0.823056
vt 0.032531 0.827440
vt 0.033804 0.828690
vt 0.033728 0.827456
vt 0.033478 0.829937
vt 0.033792 0.830047
vt 0.033793 0.830495
vt 0.033477 0.831079
vt 0.031359 0.831239
vt 0.031567 0.831693
vt 0.032502 0.831731
vt 0.033745 0.831736
vt 0.033793 0.831051
vt 0.033478 0.830504
vt 0.033793 0.830928
vt 0.033478 0.830876
vt 0.033793 0.830634
vt 0.033478 0.830666
vt 0.757438 0.060807
vt 0.756180 0.060806
vt 0.756580 0.061134
vt 0.755574 0.061134
vt 0.754973 0.060937
vt 0.757960 0.061134
vt 0.758445 0.060806
vt 0.758929 0.061134
vt 0.755652 0.061687
vt 0.756012 0.061134
vt 0.755517 0.061687
vt 0.754929 0.061687
vt 0.754842 0.061134
vt 0.754446 0.061687
vt 0.754416 0.061134
vt 0.754276 0.061134
vt 0.754159 0.061687
vt 0.753867 0.061134
vt 0.753638 0.061687
vt 0.753562 0.060807
vt 0.753295 0.061134
vt 0.752872 0.061134
vt 0.752586 0.060807
vt 0.752927 0.061134
vt 0.752947 0.061687
vt 0.753535 0.061687
vt 0.751591 0.061134
vt 0.751869 0.060807
vt 0.753803 0.061687
vt 0.753801 0.060822
vt 0.753706 0.060818
vt 0.752928 0.061687
vt 0.752439 0.061687
vt 0.752390 0.061134
vt 0.751926 0.061134
vt 0.751589 0.061134
vt 0.751666 0.061687
vt 0.752146 0.061687
vt 0.752413 0.061687
vt 0.752279 0.060817
vt 0.752567 0.060823
vt 0.751385 0.061687
vt 0.751781 0.061687
vt 0.750974 0.061134
vt 0.750892 0.061687
vt 0.750658 0.061134
vt 0.446743 0.759636
vt 0.447042 0.759252
vt 0.446219 0.758879
vt 0.445737 0.758288
vt 0.447651 0.761186
vt 0.445974 0.758052
vt 0.447199 0.761094
vt 0.447285 0.762590
vt 0.447623 0.763487
vt 0.446952 0.764075
vt 0.446189 0.765400
vt 0.446372 0.765869
vt 0.445028 0.766945
vt 0.444887 0.766524
vt 0.443589 0.767643
vt 0.443630 0.767186
vt 0.442238 0.767419
vt 0.440798 0.767826
vt 0.440778 0.767303
vt 0.440010 0.767062
vt 0.438796 0.766966
vt 0.439198 0.766726
vt 0.438131 0.765848
vt 0.437867 0.766110
vt 0.436942 0.765054
vt 0.437429 0.765016
vt 0.436642 0.763037
vt 0.436121 0.761520
vt 0.436251 0.763552
vt 0.436559 0.761564
vt 0.436448 0.760125
vt 0.436892 0.760084
vt 0.437655 0.758758
vt 0.437478 0.758287
vt 0.438674 0.757319
vt 0.438956 0.757633
vt 0.440214 0.756973
vt 0.440123 0.756560
vt 0.441602 0.756742
vt 0.442900 0.756297
vt 0.443065 0.756857
vt 0.445187 0.757288
vt 0.443879 0.757116
vt 0.444647 0.757433
vt 0.071459 0.897261
vt 0.072965 0.897404
vt 0.071503 0.898465
vt 0.072965 0.898241
vt 0.072315 0.896524
vt 0.071559 0.896484
vt 0.071501 0.896148
vt 0.072315 0.896170
vt 0.072965 0.896047
vt 0.072315 0.895981
vt 0.072965 0.892575
vt 0.072315 0.892583
vt 0.879982 0.913203
vt 0.879337 0.912024
vt 0.879337 0.909492
vt 0.879982 0.909492
vt 0.879337 0.913255
vt 0.879337 0.912886
vt 0.878907 0.912518
vt 0.878907 0.911879
vt 0.879337 0.911617
vt 0.878907 0.911389
vt 0.879337 0.913656
vt 0.878476 0.913286
vt 0.878476 0.913816
vt 0.653122 0.050410
vt 0.653275 0.049841
vt 0.654418 0.050410
vt 0.654418 0.049841
vt 0.651544 0.049841
vt 0.651859 0.050410
vt 0.650243 0.050410
vt 0.649557 0.049841
vt 0.648283 0.050410
vt 0.647953 0.049841
vt 0.646749 0.049841
vt 0.647011 0.050410
vt 0.645577 0.050410
vt 0.645395 0.049841
vt 0.422455 0.342154
vt 0.423533 0.344194
vt 0.423777 0.342136
vt 0.424839 0.342152
vt 0.421397 0.342173
vt 0.421460 0.344268
vt 0.425709 0.342190
vt 0.425721 0.344216
vt 0.760054 0.304572
vt 0.760936 0.304717
vt 0.760054 0.305130
vt 0.760936 0.305422
vt 0.760936 0.304541
vt 0.645079 0.154963
vt 0.645961 0.154477
vt 0.645079 0.154505
vt 0.645961 0.155047
vt 0.757256 0.911731
vt 0.759236 0.910897
vt 0.757236 0.910409
vt 0.757287 0.909492
vt 0.759356 0.909510
vt 0.759368 0.912768
vt 0.757242 0.912802
vt 0.757272 0.913816
vt 0.759171 0.913663
vt 0.263259 0.795069
vt 0.262561 0.796100
vt 0.262561 0.795041
vt 0.262561 0.794743
vt 0.263260 0.796178
vt 0.262562 0.796867
vt 0.263394 0.796961
vt 0.263260 0.793600
vt 0.262561 0.793845
vt 0.262561 0.792321
vt 0.263260 0.791812
vt 0.262561 0.790310
vt 0.263260 0.789826
vt 0.262561 0.788301
vt 0.263260 0.788099
vt 0.263260 0.786814
vt 0.262561 0.786667
vt 0.263260 0.785432
vt 0.262561 0.785617
vt 0.264068 0.794840
vt 0.262561 0.794827
vt 0.264068 0.795039
vt 0.216980 0.789392
vt 0.218089 0.790928
vt 0.217423 0.789124
vt 0.216952 0.790518
vt 0.216374 0.789503
vt 0.216407 0.790401
vt 0.478320 0.811403
vt 0.479508 0.810822
vt 0.477474 0.810808
vt 0.477688 0.811745
vt 0.477562 0.812256
vt 0.478696 0.811666
vt 0.479392 0.812297
vt 0.479546 0.812505
vt 0.478893 0.812231
vt 0.478593 0.811706
vt 0.477899 0.811644
vt 0.477810 0.812219
vt 0.478666 0.812134
vt 0.478506 0.811945
vt 0.478343 0.812567
vt 0.478875 0.812705
vt 0.478257 0.812460
vt 0.478014 0.812208
vt 0.477803 0.812560
vt 0.479410 0.812729
vt 0.479123 0.813278
vt 0.479023 0.816773
vt 0.479447 0.816940
vt 0.479777 0.817411
vt 0.479919 0.816875
vt 0.479515 0.817164
vt 0.479505 0.817818
vt 0.478747 0.817336
vt 0.479097 0.817022
vt 0.478536 0.817090
vt 0.478868 0.817907
vt 0.479045 0.817746
vt 0.479210 0.818196
vt 0.478587 0.817865
vt 0.478704 0.818265
vt 0.757802 0.860630
vt 0.756296 0.861129
vt 0.757156 0.861497
vt 0.757802 0.861498
vt 0.757156 0.860625
vt 0.756296 0.860243
vt 0.757170 0.860086
vt 0.757156 0.860015
vt 0.757270 0.859886
vt 0.756296 0.859891
vt 0.757802 0.859419
vt 0.757156 0.859530
vt 0.757802 0.855694
vt 0.757156 0.855681
vt 0.757802 0.859113
vt 0.428224 0.854948
vt 0.428160 0.853534
vt 0.427810 0.854192
vt 0.427667 0.853567
vt 0.427881 0.854568
vt 0.428770 0.853081
vt 0.429188 0.852165
vt 0.429438 0.852769
vt 0.430420 0.852161
vt 0.429553 0.853158
vt 0.429433 0.853514
vt 0.429916 0.852939
vt 0.430135 0.853559
vt 0.430306 0.855697
vt 0.430101 0.854469
vt 0.429891 0.855098
vt 0.429502 0.854896
vt 0.429213 0.854606
vt 0.429551 0.855304
vt 0.428900 0.855036
vt 0.428502 0.855423
vt 0.429190 0.855905
vt 0.428645 0.855802
vt 0.428817 0.856133
vt 0.428207 0.856460
vt 0.427905 0.855853
vt 0.428021 0.859178
vt 0.427093 0.855291
vt 0.427036 0.855769
vt 0.427208 0.854602
vt 0.428683 0.860380
vt 0.429367 0.859908
vt 0.428755 0.860785
vt 0.429299 0.861320
vt 0.428527 0.861498
vt 0.428339 0.860576
vt 0.427689 0.859475
vt 0.427667 0.860654
vt 0.772738 0.757396
vt 0.771959 0.757544
vt 0.772738 0.759110
vt 0.771959 0.756297
vt 0.772738 0.756297
vt 0.771959 0.759280
vt 0.772738 0.760728
vt 0.771959 0.761199
vt 0.772738 0.762125
vt 0.771959 0.763298
vt 0.772738 0.764045
vt 0.771959 0.764832
vt 0.772738 0.765650
vt 0.771959 0.765964
vt 0.772738 0.766732
vt 0.771959 0.766809
vt 0.772840 0.767513
vt 0.771959 0.767451
vt 0.702936 0.173216
vt 0.702780 0.172776
vt 0.702978 0.172776
vt 0.702482 0.173216
vt 0.702258 0.172776
vt 0.701795 0.173216
vt 0.701784 0.172776
vt 0.702667 0.172335
vt 0.702257 0.172335
vt 0.893183 0.122067
vt 0.891798 0.123339
vt 0.891322 0.121982
vt 0.893774 0.121897
vt 0.893654 0.123359
vt 0.895295 0.123339
vt 0.896428 0.121967
vt 0.897197 0.123359
vt 0.898231 0.122058
vt 0.898590 0.123366
vt 0.899378 0.123403
vt 0.899405 0.121967
vt 0.813309 0.296082
vt 0.813570 0.297276
vt 0.813331 0.296174
vt 0.985760 0.108152
vt 0.986233 0.109598
vt 0.987124 0.108143
vt 0.987032 0.109486
vt 0.983913 0.109565
vt 0.983957 0.108119
vt 0.981970 0.108140
vt 0.981097 0.109595
vt 0.980654 0.108132
vt 0.979267 0.108113
vt 0.979627 0.109619
vt 0.978415 0.109539
vt 0.981800 0.317756
vt 0.981800 0.318579
vt 0.981360 0.318344
vt 0.981360 0.317829
vt 0.981360 0.317386
vt 0.980919 0.318014
vt 0.980919 0.317480
vt 0.551962 0.172335
vt 0.551542 0.172776
vt 0.551337 0.172335
vt 0.550882 0.172776
vt 0.552218 0.172776
vt 0.551507 0.173216
vt 0.552158 0.172776
vt 0.552288 0.173216
vt 0.550955 0.172776
vt 0.550782 0.173216
vt 0.947966 0.303601
vt 0.947806 0.303995
vt 0.947084 0.303787
vt 0.947849 0.304480
vt 0.947713 0.304001
vt 0.947727 0.304482
vt 0.457422 0.389381
vt 0.457422 0.387885
vt 0.457991 0.389335
vt 0.457992 0.387875
vt 0.734430 0.589616
vt 0.733639 0.588936
vt 0.732487 0.590656
vt 0.733301 0.590821
vt 0.733032 0.589612
vt 0.735558 0.588513
vt 0.735365 0.587750
vt 0.734437 0.588243
vt 0.846556 0.880557
vt 0.847019 0.880810
vt 0.846429 0.881245
vt 0.846220 0.880781
vt 0.847499 0.880621
vt 0.846222 0.881697
vt 0.847920 0.879791
vt 0.847554 0.879899
vt 0.848490 0.880169
vt 0.849593 0.879974
vt 0.848898 0.879938
vt 0.849037 0.879419
vt 0.849463 0.879417
vt 0.845607 0.881684
vt 0.845591 0.882375
vt 0.845292 0.881931
vt 0.845507 0.882850
vt 0.845196 0.884054
vt 0.844939 0.883611
vt 0.844827 0.883034
vt 0.844642 0.883343
vt 0.748034 0.418756
vt 0.747646 0.418368
vt 0.748347 0.418170
vt 0.748405 0.418599
vt 0.747148 0.418470
vt 0.748657 0.417777
vt 0.746885 0.419119
vt 0.746454 0.419117
vt 0.746074 0.418596
vt 0.749308 0.417987
vt 0.749472 0.417143
vt 0.749656 0.417778
vt 0.745544 0.418820
vt 0.744420 0.418328
vt 0.744845 0.418552
vt 0.745075 0.419142
vt 0.743807 0.418781
vt 0.743491 0.418583
vt 0.743445 0.417859
vt 0.742750 0.417857
vt 0.742338 0.417070
vt 0.742230 0.417791
vt 0.741836 0.416762
vt 0.741427 0.415609
vt 0.741365 0.416296
vt 0.741243 0.416766
vt 0.741072 0.414767
vt 0.741146 0.414505
vt 0.740633 0.415055
vt 0.740718 0.415451
vt 0.697487 0.319060
vt 0.695833 0.320458
vt 0.698375 0.319065
vt 0.696473 0.319538
vt 0.698915 0.318654
vt 0.700157 0.318665
vt 0.696898 0.319164
vt 0.696479 0.318866
vt 0.697036 0.318639
vt 0.775855 0.143825
vt 0.775332 0.144395
vt 0.775093 0.143825
vt 0.776047 0.144395
vt 0.776564 0.144395
vt 0.776599 0.143825
vt 0.817546 0.888228
vt 0.817954 0.888345
vt 0.817042 0.887067
vt 0.817004 0.885996
vt 0.816760 0.886024
vt 0.817649 0.888794
vt 0.817280 0.888679
vt 0.817219 0.889037
vt 0.818817 0.889487
vt 0.818057 0.890241
vt 0.817584 0.889196
vt 0.819977 0.890364
vt 0.822296 0.891573
vt 0.822337 0.891290
vt 0.820134 0.890742
vt 0.819683 0.890969
vt 0.819458 0.890586
vt 0.819305 0.891079
vt 0.819124 0.890715
vt 0.819520 0.890647
vt 0.863437 0.296261
vt 0.864007 0.296656
vt 0.863437 0.296760
vt 0.864007 0.297276
vt 0.864007 0.296082
vt 0.021844 0.893900
vt 0.022198 0.894810
vt 0.021225 0.894023
vt 0.022310 0.893992
vt 0.022573 0.895128
vt 0.022985 0.895952
vt 0.023028 0.895002
vt 0.023347 0.895351
vt 0.019838 0.893337
vt 0.020310 0.893398
vt 0.021073 0.893264
vt 0.020737 0.892997
vt 0.019640 0.892729
vt 0.018828 0.893134
vt 0.019267 0.892575
vt 0.023278 0.896424
vt 0.023389 0.897360
vt 0.023886 0.896848
vt 0.023823 0.896456
vt 0.023605 0.897874
vt 0.023469 0.898778
vt 0.024054 0.898439
vt 0.024092 0.898042
vt 0.969475 0.153794
vt 0.969582 0.153224
vt 0.968818 0.153224
vt 0.968701 0.153794
vt 0.620897 0.554089
vt 0.619772 0.555203
vt 0.620852 0.555629
vt 0.620227 0.555734
vt 0.620265 0.553602
vt 0.619665 0.554028
vt 0.619096 0.555144
vt 0.619078 0.554042
vt 0.339668 0.767055
vt 0.339631 0.766200
vt 0.338957 0.769079
vt 0.339276 0.768389
vt 0.339371 0.767743
vt 0.339881 0.765481
vt 0.339683 0.763922
vt 0.339844 0.763262
vt 0.339240 0.761188
vt 0.338234 0.758742
vt 0.338369 0.759447
vt 0.337544 0.758120
vt 0.336584 0.756898
vt 0.335870 0.756297
vt 0.336017 0.756577
vt 0.168667 0.905881
vt 0.168662 0.907705
vt 0.168536 0.909430
vt 0.169143 0.907555
vt 0.169143 0.906041
vt 0.168663 0.908760
vt 0.168721 0.908084
vt 0.169143 0.908395
vt 0.168733 0.909146
vt 0.169143 0.909319
vt 0.168664 0.904835
vt 0.168728 0.905508
vt 0.169143 0.905283
vt 0.168300 0.904166
vt 0.168778 0.904323
vt 0.169143 0.904334
vt 0.167913 0.904454
vt 0.167324 0.904278
vt 0.167993 0.904831
vt 0.167931 0.905513
vt 0.167329 0.905203
vt 0.167989 0.905903
vt 0.168000 0.907730
vt 0.167329 0.906041
vt 0.167329 0.907555
vt 0.167957 0.908632
vt 0.167925 0.908090
vt 0.167329 0.908312
vt 0.167986 0.909028
vt 0.167865 0.909430
vt 0.167329 0.909264
vt 0.166782 0.907705
vt 0.166787 0.905881
vt 0.166657 0.909430
vt 0.167263 0.907555
vt 0.167263 0.906041
vt 0.166783 0.908760
vt 0.166841 0.908084
vt 0.167263 0.908395
vt 0.166853 0.909146
vt 0.167263 0.909319
vt 0.166785 0.904835
vt 0.166849 0.905508
vt 0.167263 0.905283
vt 0.166420 0.904166
vt 0.166898 0.904323
vt 0.167263 0.904334
vt 0.165444 0.904278
vt 0.166033 0.904454
vt 0.166114 0.904831
vt 0.165449 0.905203
vt 0.166051 0.905513
vt 0.166109 0.905903
vt 0.166120 0.907730
vt 0.165449 0.906041
vt 0.165449 0.907555
vt 0.166077 0.908632
vt 0.166045 0.908090
vt 0.165449 0.908312
vt 0.166106 0.909028
vt 0.165985 0.909430
vt 0.165449 0.909264
vt 0.851338 0.284886
vt 0.849494 0.284895
vt 0.847775 0.284626
vt 0.849650 0.285371
vt 0.851164 0.285371
vt 0.848439 0.284895
vt 0.849116 0.284957
vt 0.848812 0.285371
vt 0.848063 0.284956
vt 0.847887 0.285365
vt 0.847932 0.284121
vt 0.847943 0.283552
vt 0.848444 0.284222
vt 0.849117 0.284137
vt 0.848892 0.283552
vt 0.849490 0.284218
vt 0.851164 0.283552
vt 0.849650 0.283552
vt 0.851332 0.284222
vt 0.853039 0.284452
vt 0.852369 0.284218
vt 0.851698 0.284138
vt 0.852003 0.283552
vt 0.852754 0.284143
vt 0.852928 0.283552
vt 0.852230 0.284941
vt 0.851698 0.284959
vt 0.851920 0.285371
vt 0.852599 0.284902
vt 0.852968 0.285193
vt 0.164715 0.905885
vt 0.164707 0.907729
vt 0.164407 0.904166
vt 0.165377 0.906041
vt 0.165378 0.907555
vt 0.164713 0.904830
vt 0.164794 0.905507
vt 0.165377 0.905203
vt 0.164794 0.904454
vt 0.165383 0.904278
vt 0.163564 0.904334
vt 0.163929 0.904323
vt 0.164042 0.904835
vt 0.163564 0.905283
vt 0.163978 0.905508
vt 0.164040 0.905881
vt 0.163564 0.907555
vt 0.163564 0.906041
vt 0.164043 0.907723
vt 0.164234 0.909430
vt 0.164044 0.908760
vt 0.163977 0.908089
vt 0.163564 0.908394
vt 0.163974 0.909145
vt 0.163564 0.909319
vt 0.164713 0.908990
vt 0.165141 0.909359
vt 0.164776 0.908089
vt 0.164792 0.908621
vt 0.165377 0.908311
vt 0.106231 0.914042
vt 0.106390 0.914129
vt 0.106327 0.913980
vt 0.106597 0.912910
vt 0.106490 0.912292
vt 0.106801 0.911350
vt 0.106521 0.910854
vt 0.106456 0.909492
vt 0.699497 0.907484
vt 0.699604 0.907215
vt 0.699134 0.906966
vt 0.699845 0.907363
vt 0.699777 0.907823
vt 0.699316 0.907689
vt 0.699007 0.908177
vt 0.698738 0.907634
vt 0.698651 0.904238
vt 0.699496 0.905276
vt 0.699543 0.904166
vt 0.815759 0.114320
vt 0.814254 0.113750
vt 0.814235 0.114320
vt 0.813001 0.113750
vt 0.813001 0.114320
vt 0.536811 0.350381
vt 0.536370 0.350185
vt 0.536370 0.350726
vt 0.537251 0.350809
vt 0.536811 0.350847
vt 0.537251 0.350283
vt 0.536811 0.349654
vt 0.537251 0.349771
vt 0.684367 0.362241
vt 0.683927 0.362018
vt 0.683927 0.362619
vt 0.684367 0.362752
vt 0.684808 0.362297
vt 0.684367 0.361601
vt 0.684808 0.361559
vt 0.808241 0.299469
vt 0.808093 0.299029
vt 0.807519 0.299029
vt 0.807270 0.299469
vt 0.807088 0.299029
vt 0.807617 0.298588
vt 0.807047 0.298588
vt 0.799267 0.355919
vt 0.799742 0.356786
vt 0.799214 0.356800
vt 0.799784 0.355926
vt 0.951540 0.444278
vt 0.951858 0.443326
vt 0.952174 0.444116
vt 0.952351 0.443806
vt 0.951636 0.444943
vt 0.950845 0.445448
vt 0.951530 0.445458
vt 0.859618 0.526660
vt 0.858563 0.527661
vt 0.858003 0.526660
vt 0.858000 0.527465
vt 0.857555 0.528140
vt 0.855921 0.527571
vt 0.856144 0.527463
vt 0.857139 0.528946
vt 0.856224 0.529731
vt 0.855933 0.529640
vt 0.613438 0.425782
vt 0.614319 0.425787
vt 0.613438 0.427601
vt 0.614313 0.427549
vt 0.887247 0.398213
vt 0.888126 0.398213
vt 0.888129 0.399434
vt 0.887248 0.399719
vt 0.745458 0.374419
vt 0.745909 0.374350
vt 0.745752 0.373990
vt 0.745418 0.374556
vt 0.746210 0.374657
vt 0.745743 0.373551
vt 0.746009 0.373150
vt 0.745072 0.373205
vt 0.745612 0.373538
vt 0.745571 0.373768
vt 0.745261 0.374245
vt 0.744962 0.374421
vt 0.744835 0.374015
vt 0.744752 0.373833
vt 0.743765 0.374502
vt 0.505292 0.357199
vt 0.505297 0.358053
vt 0.505025 0.357172
vt 0.504728 0.358052
vt 0.504757 0.357173
vt 0.979502 0.300379
vt 0.979636 0.299529
vt 0.981476 0.300361
vt 0.981485 0.299529
vt 0.979099 0.299529
vt 0.978887 0.300390
vt 0.979008 0.300390
vt 0.978992 0.299529
vt 0.978765 0.299529
vt 0.977833 0.300390
vt 0.977474 0.299529
vt 0.978517 0.300390
vt 0.977832 0.301035
vt 0.978557 0.301035
vt 0.978668 0.398757
vt 0.978099 0.399175
vt 0.978668 0.399611
vt 0.978099 0.399719
vt 0.978099 0.398466
vt 0.978668 0.398213
vt 0.994404 0.150661
vt 0.994764 0.150091
vt 0.994958 0.150661
vt 0.994168 0.150091
vt 0.993764 0.150661
vt 0.987498 0.304695
vt 0.988042 0.304807
vt 0.987498 0.305223
vt 0.988042 0.305248
vt 0.988379 0.304541
vt 0.988042 0.305422
vt 0.988379 0.305377
vt 0.868764 0.399571
vt 0.869645 0.398375
vt 0.868764 0.398213
vt 0.869645 0.399263
vt 0.869645 0.399719
vt 0.952868 0.264695
vt 0.952508 0.263882
vt 0.952411 0.264695
vt 0.953058 0.263882
vt 0.953313 0.264695
vt 0.953604 0.263814
vt 0.686607 0.349654
vt 0.686877 0.350676
vt 0.686433 0.350554
vt 0.686483 0.350847
vt 0.687314 0.349654
vt 0.723087 0.145648
vt 0.723988 0.145607
vt 0.723988 0.145354
vt 0.724281 0.145456
vt 0.723087 0.145264
vt 0.724109 0.145079
vt 0.886933 0.355919
vt 0.886953 0.356789
vt 0.887348 0.356800
vt 0.887503 0.355928
vt 0.805835 0.299029
vt 0.806364 0.298588
vt 0.805794 0.298588
vt 0.806852 0.299029
vt 0.805836 0.299469
vt 0.806266 0.299029
vt 0.806988 0.299469
vt 0.795075 0.172776
vt 0.794910 0.172335
vt 0.795449 0.172335
vt 0.794516 0.172776
vt 0.795659 0.172776
vt 0.794623 0.173216
vt 0.794577 0.172776
vt 0.795169 0.173216
vt 0.795622 0.172776
vt 0.795709 0.173216
vt 0.906651 0.172335
vt 0.906358 0.172878
vt 0.906967 0.172878
vt 0.906361 0.173213
vt 0.906045 0.173216
vt 0.906797 0.172877
vt 0.907112 0.173207
vt 0.907238 0.172878
vt 0.602728 0.358053
vt 0.602553 0.357176
vt 0.602186 0.358053
vt 0.602159 0.357172
vt 0.643063 0.358053
vt 0.642689 0.357174
vt 0.642572 0.358053
vt 0.643142 0.357172
vt 0.235625 0.554101
vt 0.235306 0.554698
vt 0.236891 0.555326
vt 0.236338 0.555734
vt 0.236540 0.554493
vt 0.237438 0.555584
vt 0.235461 0.553602
vt 0.714570 0.889694
vt 0.713688 0.886588
vt 0.714570 0.886585
vt 0.714570 0.885996
vt 0.713688 0.886064
vt 0.713688 0.889686
vt 0.713688 0.890282
vt 0.714570 0.890452
vt 0.714570 0.891156
vt 0.713688 0.891487
vt 0.714570 0.891573
vt 0.593075 0.172335
vt 0.594581 0.172335
vt 0.593144 0.173216
vt 0.594553 0.173216
vt 0.911666 0.173216
vt 0.912193 0.172776
vt 0.911608 0.172776
vt 0.912222 0.173216
vt 0.911247 0.173216
vt 0.911057 0.172776
vt 0.912251 0.172776
vt 0.911742 0.172335
vt 0.911276 0.172335
vt 0.951412 0.355919
vt 0.950531 0.356187
vt 0.951412 0.356634
vt 0.950531 0.356800
vt 0.955485 0.356800
vt 0.955270 0.355919
vt 0.954916 0.356800
vt 0.373067 0.350445
vt 0.372523 0.350196
vt 0.373067 0.349987
vt 0.372523 0.350694
vt 0.373404 0.350147
vt 0.373404 0.350847
vt 0.373236 0.349654
vt 0.758424 0.061687
vt 0.758576 0.061134
vt 0.757876 0.061687
vt 0.758909 0.061687
vt 0.759041 0.061134
vt 0.687887 0.358053
vt 0.687431 0.357174
vt 0.687372 0.358053
vt 0.687941 0.357172
vt 0.637338 0.741747
vt 0.637813 0.741753
vt 0.637597 0.747570
vt 0.637627 0.748447
vt 0.636997 0.749516
vt 0.636911 0.741737
vt 0.636985 0.741434
vt 0.637406 0.741434
vt 0.636910 0.740946
vt 0.637345 0.740946
vt 0.636633 0.741434
vt 0.636506 0.750644
vt 0.636015 0.750763
vt 0.635013 0.751980
vt 0.634441 0.751952
vt 0.632843 0.752788
vt 0.630406 0.752706
vt 0.631104 0.752499
vt 0.629343 0.751952
vt 0.628284 0.751632
vt 0.627769 0.750763
vt 0.626865 0.750108
vt 0.626845 0.749447
vt 0.626211 0.748635
vt 0.626309 0.747834
vt 0.625982 0.747311
vt 0.626306 0.741852
vt 0.625971 0.741749
vt 0.867063 0.153224
vt 0.866257 0.153380
vt 0.867139 0.153498
vt 0.866258 0.153768
vt 0.867066 0.153794
vt 0.997528 0.172276
vt 0.996458 0.172276
vt 0.997423 0.171395
vt 0.996271 0.171395
vt 0.997665 0.171395
vt 0.997777 0.172276
vt 0.214628 0.914395
vt 0.215509 0.918494
vt 0.215509 0.914797
vt 0.214628 0.914258
vt 0.215509 0.914191
vt 0.214628 0.918094
vt 0.215509 0.918829
vt 0.214628 0.918679
vt 0.473630 0.303606
vt 0.473129 0.304340
vt 0.473656 0.304482
vt 0.473086 0.303601
vt 0.731923 0.373690
vt 0.731814 0.374195
vt 0.732102 0.374312
vt 0.731747 0.373594
vt 0.731506 0.374283
vt 0.731584 0.373345
vt 0.732278 0.373227
vt 0.732524 0.373569
vt 0.731816 0.374420
vt 0.731234 0.374657
vt 0.733679 0.374496
vt 0.732555 0.374393
vt 0.732678 0.373730
vt 0.732408 0.373150
vt 0.732413 0.374071
vt 0.732680 0.374108
vt 0.732246 0.374564
vt 0.832737 0.286184
vt 0.832978 0.286625
vt 0.833336 0.286184
vt 0.833930 0.286625
vt 0.833862 0.286184
vt 0.833919 0.286184
vt 0.833527 0.285744
vt 0.833053 0.285744
vt 0.111557 0.905020
vt 0.112126 0.905429
vt 0.112126 0.904251
vt 0.111557 0.904166
vt 0.111557 0.905943
vt 0.112126 0.906884
vt 0.111557 0.907564
vt 0.112126 0.908330
vt 0.111557 0.908894
vt 0.112127 0.909430
vt 0.661539 0.113750
vt 0.660856 0.114319
vt 0.662319 0.114320
vt 0.660745 0.113750
vt 0.662320 0.113750
vt 0.663503 0.113750
vt 0.663503 0.114319
vt 0.980608 0.087119
vt 0.981486 0.087380
vt 0.979354 0.087246
vt 0.951732 0.375783
vt 0.950785 0.375187
vt 0.951909 0.375118
vt 0.949905 0.375030
vt 0.952037 0.375971
vt 0.951732 0.376530
vt 0.952037 0.376497
vt 0.952037 0.376849
vt 0.842756 0.138129
vt 0.843322 0.137560
vt 0.843328 0.138129
vt 0.842694 0.137560
vt 0.842201 0.138129
vt 0.842098 0.137560
vt 0.841509 0.138129
vt 0.841514 0.137560
vt 0.676977 0.357174
vt 0.676407 0.358053
vt 0.676931 0.358052
vt 0.676451 0.357172
vt 0.710034 0.912703
vt 0.709570 0.913124
vt 0.710069 0.913082
vt 0.709437 0.912731
vt 0.708885 0.913816
vt 0.708677 0.913621
vt 0.710117 0.912111
vt 0.710496 0.912563
vt 0.710453 0.910739
vt 0.710150 0.910871
vt 0.710480 0.909492
vt 0.971982 0.318546
vt 0.971208 0.318579
vt 0.971793 0.318148
vt 0.971977 0.317386
vt 0.972401 0.317979
vt 0.591623 0.173216
vt 0.592291 0.172335
vt 0.592202 0.173216
vt 0.591509 0.172335
vt 0.593015 0.172335
vt 0.592889 0.173216
vt 0.796615 0.172335
vt 0.796216 0.172879
vt 0.796666 0.172879
vt 0.796178 0.172335
vt 0.796963 0.173216
vt 0.796377 0.173216
vt 0.796044 0.172879
vt 0.795769 0.173216
vt 0.880668 0.334037
vt 0.880708 0.334870
vt 0.881550 0.333676
vt 0.869645 0.112239
vt 0.868764 0.112397
vt 0.868764 0.112181
vt 0.868764 0.112342
vt 0.869645 0.112443
vt 0.540440 0.358043
vt 0.540482 0.357173
vt 0.540581 0.358053
vt 0.540701 0.357172
vt 0.666383 0.588509
vt 0.667264 0.588042
vt 0.666384 0.587750
vt 0.667264 0.587771
vt 0.667264 0.588652
vt 0.666383 0.589606
vt 0.667264 0.589713
vt 0.666383 0.590806
vt 0.667264 0.590821
vt 0.641691 0.357175
vt 0.641348 0.358053
vt 0.641889 0.358053
vt 0.641319 0.357172
vt 0.661683 0.361999
vt 0.662252 0.361559
vt 0.662252 0.362443
vt 0.661683 0.362752
vt 0.868391 0.145079
vt 0.867198 0.145176
vt 0.868391 0.145383
vt 0.867198 0.145648
vt 0.868391 0.145498
vt 0.865945 0.145176
vt 0.867138 0.145079
vt 0.867138 0.145498
vt 0.865945 0.145648
vt 0.869644 0.145110
vt 0.868451 0.145632
vt 0.868451 0.145079
vt 0.869644 0.145648
vt 0.356801 0.362752
vt 0.356421 0.361559
vt 0.356715 0.361559
vt 0.356362 0.362752
vt 0.356418 0.362752
vt 0.356231 0.361559
vt 0.865885 0.145648
vt 0.864691 0.145435
vt 0.865885 0.145221
vt 0.864691 0.145079
vt 0.352102 0.362752
vt 0.351955 0.361559
vt 0.351741 0.362752
vt 0.351532 0.361559
vt 0.923217 0.320999
vt 0.923042 0.321087
vt 0.922834 0.320847
vt 0.923096 0.320837
vt 0.922648 0.320517
vt 0.952430 0.355919
vt 0.952409 0.356800
vt 0.952875 0.356800
vt 0.952979 0.355919
vt 0.707280 0.320009
vt 0.708296 0.319530
vt 0.708929 0.318639
vt 0.706709 0.319897
vt 0.705975 0.320346
vt 0.704605 0.320377
vt 0.707870 0.319905
vt 0.707732 0.320458
vt 0.708290 0.320080
vt 0.332675 0.361559
vt 0.332109 0.362752
vt 0.332109 0.361577
vt 0.332678 0.362732
vt 0.546650 0.166382
vt 0.546163 0.166844
vt 0.545769 0.166382
vt 0.545800 0.166951
vt 0.546603 0.166838
vt 0.884997 0.317937
vt 0.884427 0.317526
vt 0.884997 0.317386
vt 0.884427 0.318010
vt 0.884997 0.318579
vt 0.150091 0.440743
vt 0.150661 0.439880
vt 0.150661 0.440572
vt 0.150091 0.439946
vt 0.150661 0.441386
vt 0.585811 0.913076
vt 0.585241 0.913286
vt 0.585811 0.913289
vt 0.585241 0.913816
vt 0.585811 0.913816
vt 0.585241 0.913067
vt 0.585811 0.909492
vt 0.585241 0.909492
vt 0.808927 0.334870
vt 0.810121 0.333676
vt 0.810119 0.334866
vt 0.546334 0.361559
vt 0.545768 0.361570
vt 0.546337 0.362747
vt 0.545770 0.362752
vt 0.689876 0.357172
vt 0.689882 0.358053
vt 0.690137 0.358053
vt 0.690124 0.357173
vt 0.993390 0.304145
vt 0.992960 0.303601
vt 0.992728 0.304145
vt 0.993392 0.303601
vt 0.992511 0.304482
vt 0.993187 0.304312
vt 0.835810 0.632310
vt 0.834929 0.632236
vt 0.835150 0.634105
vt 0.835577 0.635280
vt 0.835719 0.635934
vt 0.704290 0.356327
vt 0.705171 0.356748
vt 0.704290 0.356800
vt 0.704615 0.356607
vt 0.704290 0.356314
vt 0.704615 0.355919
vt 0.330553 0.304545
vt 0.330986 0.305317
vt 0.330542 0.305422
vt 0.331112 0.304541
vt 0.411914 0.304154
vt 0.411370 0.304143
vt 0.411914 0.303601
vt 0.411370 0.303678
vt 0.412251 0.304482
vt 0.412251 0.304189
vt 0.412080 0.303698
vt 0.798954 0.286288
vt 0.799318 0.285744
vt 0.799536 0.286288
vt 0.799932 0.286288
vt 0.799760 0.285744
vt 0.799400 0.286625
vt 0.798902 0.286625
vt 0.800095 0.286625
vt 0.823255 0.356695
vt 0.823255 0.356184
vt 0.822711 0.356423
vt 0.823592 0.356800
vt 0.823592 0.355919
vt 0.864007 0.299469
vt 0.863939 0.298589
vt 0.863507 0.299307
vt 0.863437 0.298588
vt 0.431422 0.139443
vt 0.431868 0.140437
vt 0.432036 0.140655
vt 0.432430 0.140777
vt 0.432254 0.140191
vt 0.938939 0.333280
vt 0.939032 0.332736
vt 0.939676 0.333280
vt 0.939630 0.332736
vt 0.939820 0.333617
vt 0.939238 0.333280
vt 0.939079 0.333617
vt 0.578716 0.766969
vt 0.577999 0.767163
vt 0.577017 0.766206
vt 0.576522 0.766369
vt 0.578772 0.767386
vt 0.575850 0.765925
vt 0.576200 0.765575
vt 0.575370 0.765201
vt 0.575011 0.764184
vt 0.581163 0.766953
vt 0.574387 0.763051
vt 0.581535 0.767224
vt 0.579911 0.767513
vt 0.583363 0.766317
vt 0.583564 0.765552
vt 0.584409 0.764376
vt 0.585020 0.764184
vt 0.584836 0.763443
vt 0.585459 0.762448
vt 0.585143 0.761987
vt 0.585495 0.761577
vt 0.584806 0.760291
vt 0.584398 0.758610
vt 0.585152 0.760014
vt 0.584174 0.759053
vt 0.583563 0.758236
vt 0.583912 0.757888
vt 0.583129 0.757361
vt 0.582913 0.757730
vt 0.581745 0.756638
vt 0.581521 0.757011
vt 0.579525 0.756717
vt 0.579854 0.756297
vt 0.578223 0.756589
vt 0.577888 0.757136
vt 0.576379 0.757509
vt 0.576202 0.758256
vt 0.575019 0.760012
vt 0.575264 0.758712
vt 0.574410 0.760733
vt 0.574658 0.762293
vt 0.574279 0.761795
vt 0.575429 0.764527
vt 0.812895 0.388235
vt 0.812419 0.387875
vt 0.812589 0.388673
vt 0.812060 0.388779
vt 0.813324 0.387876
vt 0.812757 0.389381
vt 0.813566 0.388733
vt 0.813104 0.388698
vt 0.642201 0.154746
vt 0.641320 0.154709
vt 0.642201 0.154477
vt 0.641320 0.155047
vt 0.642201 0.155030
vt 0.587958 0.298589
vt 0.587749 0.299469
vt 0.588311 0.299469
vt 0.588941 0.298588
vt 0.588943 0.299469
vt 0.735137 0.413746
vt 0.735265 0.414210
vt 0.735458 0.413466
vt 0.735412 0.414443
vt 0.734992 0.413483
vt 0.735012 0.414311
vt 0.735259 0.413800
vt 0.735303 0.413218
vt 0.735873 0.412624
vt 0.735185 0.413224
vt 0.925699 0.332738
vt 0.925155 0.333020
vt 0.925699 0.333380
vt 0.926036 0.332736
vt 0.926036 0.333610
vt 0.925699 0.333617
vt 0.925155 0.333475
vt 0.549922 0.299133
vt 0.549785 0.298588
vt 0.549375 0.299133
vt 0.549198 0.299469
vt 0.550095 0.299469
vt 0.548902 0.299133
vt 0.549439 0.298588
vt 0.456482 0.389333
vt 0.457052 0.387891
vt 0.456482 0.387875
vt 0.457052 0.389381
vt 0.313753 0.919734
vt 0.313554 0.920808
vt 0.313188 0.919453
vt 0.313078 0.918890
vt 0.312757 0.919244
vt 0.312687 0.919584
vt 0.314235 0.920187
vt 0.313052 0.919785
vt 0.313122 0.919392
vt 0.314739 0.920626
vt 0.314688 0.921273
vt 0.314920 0.921649
vt 0.315108 0.921205
vt 0.315365 0.921434
vt 0.315759 0.921299
vt 0.404182 0.304336
vt 0.404625 0.303602
vt 0.404733 0.304482
vt 0.404164 0.303601
vt 0.811885 0.298588
vt 0.812000 0.299133
vt 0.811237 0.298588
vt 0.811013 0.299133
vt 0.810807 0.299469
vt 0.811854 0.299469
vt 0.811688 0.299133
vt 0.388501 0.350310
vt 0.389045 0.350538
vt 0.389045 0.350056
vt 0.388501 0.350770
vt 0.389382 0.350211
vt 0.389045 0.349727
vt 0.389382 0.349654
vt 0.389045 0.350573
vt 0.389376 0.350847
vt 0.436060 0.145648
vt 0.436055 0.145079
vt 0.435631 0.145648
vt 0.435592 0.145079
vt 0.434902 0.145079
vt 0.434867 0.145648
vt 0.767260 0.399639
vt 0.768225 0.399353
vt 0.767260 0.398213
vt 0.768222 0.398432
vt 0.768454 0.399719
vt 0.824082 0.145648
vt 0.823413 0.145079
vt 0.823338 0.145648
vt 0.824085 0.145079
vt 0.824426 0.145648
vt 0.824532 0.145079
vt 0.693893 0.154420
vt 0.693107 0.153851
vt 0.693012 0.154420
vt 0.693890 0.153851
vt 0.643141 0.154477
vt 0.642260 0.154690
vt 0.643141 0.155014
vt 0.642260 0.155047
vt 0.954859 0.356800
vt 0.954309 0.355919
vt 0.954289 0.356800
vt 0.181749 0.919784
vt 0.181083 0.920437
vt 0.180659 0.919263
vt 0.180415 0.918890
vt 0.180447 0.919686
vt 0.180274 0.919418
vt 0.179542 0.919264
vt 0.180041 0.919192
vt 0.182142 0.921005
vt 0.181544 0.920907
vt 0.182613 0.921165
vt 0.182279 0.921962
vt 0.182350 0.921470
vt 0.182177 0.921284
vt 0.586808 0.358053
vt 0.586978 0.357172
vt 0.587309 0.357177
vt 0.587378 0.358053
vt 0.832585 0.145648
vt 0.833304 0.145079
vt 0.833209 0.145648
vt 0.832435 0.145079
vt 0.832110 0.145648
vt 0.751222 0.577412
vt 0.749478 0.579216
vt 0.750226 0.578750
vt 0.748714 0.580077
vt 0.746585 0.581110
vt 0.903530 0.286625
vt 0.903741 0.285748
vt 0.903930 0.286625
vt 0.903581 0.285744
vt 0.903941 0.285744
vt 0.904105 0.286625
vt 0.903363 0.286121
vt 0.902912 0.286625
vt 0.614946 0.358053
vt 0.614784 0.357172
vt 0.614377 0.358053
vt 0.614427 0.357173
vt 0.588688 0.350741
vt 0.589129 0.350649
vt 0.588688 0.350166
vt 0.589129 0.350190
vt 0.589570 0.350847
vt 0.589570 0.349973
vt 0.589129 0.349654
vt 0.355605 0.361559
vt 0.355635 0.362752
vt 0.356148 0.361559
vt 0.356175 0.362752
vt 0.872151 0.145648
vt 0.870957 0.145101
vt 0.870957 0.145619
vt 0.872151 0.145079
vt 0.862810 0.297152
vt 0.863380 0.297276
vt 0.863380 0.296760
vt 0.862810 0.296683
vt 0.863380 0.296082
vt 0.350175 0.173216
vt 0.350221 0.172776
vt 0.349669 0.172776
vt 0.349440 0.173216
vt 0.349188 0.172776
vt 0.348714 0.173216
vt 0.349062 0.172335
vt 0.349501 0.172335
vt 0.982486 0.153985
vt 0.983367 0.154338
vt 0.983367 0.153851
vt 0.982486 0.154420
vt 0.623289 0.357172
vt 0.623625 0.358053
vt 0.623149 0.358053
vt 0.623718 0.357178
vt 0.613792 0.357172
vt 0.614258 0.358053
vt 0.613750 0.358053
vt 0.614320 0.357176
vt 0.615941 0.357173
vt 0.616202 0.358053
vt 0.615964 0.358053
vt 0.616195 0.357172
vt 0.986876 0.145648
vt 0.987229 0.145079
vt 0.987439 0.145648
vt 0.986643 0.145079
vt 0.986245 0.145648
vt 0.723029 0.114688
vt 0.722724 0.114949
vt 0.722460 0.114794
vt 0.212424 0.791844
vt 0.212543 0.791443
vt 0.212935 0.791832
vt 0.212299 0.792307
vt 0.212705 0.792237
vt 0.767704 0.087700
vt 0.766063 0.087436
vt 0.767861 0.087453
vt 0.765719 0.087437
vt 0.765695 0.087762
vt 0.768198 0.087435
vt 0.768257 0.087764
vt 0.769080 0.088004
vt 0.768945 0.088000
vt 0.385463 0.172776
vt 0.385376 0.173216
vt 0.386078 0.172776
vt 0.386248 0.173216
vt 0.384883 0.172776
vt 0.384742 0.173216
vt 0.385601 0.172335
vt 0.385112 0.172335
vt 0.386123 0.172776
vt 0.948117 0.398982
vt 0.947865 0.399550
vt 0.948498 0.399719
vt 0.947712 0.398822
vt 0.948467 0.398213
vt 0.948707 0.398615
vt 0.949203 0.398502
vt 0.949218 0.399119
vt 0.949169 0.399612
vt 0.869704 0.145282
vt 0.870897 0.145499
vt 0.869704 0.145648
vt 0.870897 0.145201
vt 0.869704 0.145079
vt 0.538564 0.350421
vt 0.539241 0.350307
vt 0.539286 0.350847
vt 0.539757 0.349654
vt 0.539724 0.350489
vt 0.464859 0.350449
vt 0.464315 0.350675
vt 0.464315 0.350181
vt 0.464859 0.350032
vt 0.465196 0.350270
vt 0.464955 0.350847
vt 0.465196 0.349654
vt 0.464859 0.349692
vt 0.758487 0.176335
vt 0.758507 0.175780
vt 0.759057 0.175780
vt 0.758844 0.176350
vt 0.860119 0.334198
vt 0.860560 0.334291
vt 0.860119 0.334718
vt 0.860560 0.334870
vt 0.860560 0.333676
vt 0.860119 0.333750
vt 0.859679 0.334385
vt 0.859679 0.333845
vt 0.948479 0.285744
vt 0.948805 0.286418
vt 0.948977 0.285744
vt 0.949218 0.286625
vt 0.948193 0.286405
vt 0.948025 0.285744
vt 0.821457 0.355919
vt 0.821542 0.356800
vt 0.821962 0.355919
vt 0.822027 0.356800
vt 0.762351 0.757302
vt 0.761725 0.757474
vt 0.760587 0.758642
vt 0.764380 0.756297
vt 0.759469 0.759646
vt 0.758222 0.761726
vt 0.757712 0.762352
vt 0.757221 0.764609
vt 0.756923 0.765189
vt 0.756986 0.767513
vt 0.656045 0.144387
vt 0.657551 0.144395
vt 0.656045 0.143825
vt 0.657551 0.143933
vt 0.652912 0.143825
vt 0.654418 0.144110
vt 0.652912 0.144385
vt 0.654418 0.144395
vt 0.580229 0.358053
vt 0.580775 0.358053
vt 0.580377 0.357172
vt 0.580799 0.357174
vt 0.993043 0.154477
vt 0.993691 0.155047
vt 0.993705 0.154477
vt 0.992824 0.155044
vt 0.580889 0.357172
vt 0.581425 0.358053
vt 0.580856 0.358053
vt 0.581394 0.357174
vt 0.946087 0.722874
vt 0.945517 0.723119
vt 0.945727 0.722148
vt 0.946087 0.723770
vt 0.945517 0.724043
vt 0.946087 0.724433
vt 0.945844 0.724594
vt 0.871583 0.112181
vt 0.872464 0.112239
vt 0.872464 0.112403
vt 0.871583 0.112443
vt 0.916696 0.334854
vt 0.917577 0.334237
vt 0.917577 0.334870
vt 0.916755 0.334273
vt 0.916755 0.333702
vt 0.917577 0.333676
vt 0.867824 0.112443
vt 0.868705 0.112403
vt 0.868705 0.112239
vt 0.867824 0.112181
vt 0.355813 0.303609
vt 0.355861 0.304331
vt 0.355474 0.304482
vt 0.355292 0.303601
vt 0.872523 0.112181
vt 0.873404 0.112443
vt 0.873404 0.112219
vt 0.872523 0.112422
vt 0.638501 0.155047
vt 0.639382 0.154908
vt 0.638501 0.154477
vt 0.527194 0.388645
vt 0.527324 0.387945
vt 0.526758 0.387875
vt 0.527539 0.388788
vt 0.526992 0.389231
vt 0.526389 0.388526
vt 0.526245 0.387986
vt 0.526033 0.388710
vt 0.526515 0.389381
vt 0.792946 0.336812
vt 0.793207 0.337378
vt 0.793178 0.336808
vt 0.792958 0.337377
vt 0.911832 0.333280
vt 0.911140 0.332736
vt 0.911758 0.332736
vt 0.911057 0.333280
vt 0.911938 0.333617
vt 0.911330 0.333449
vt 0.644707 0.172335
vt 0.643942 0.173216
vt 0.643942 0.172335
vt 0.644656 0.173216
vt 0.643383 0.173216
vt 0.643201 0.172335
vt 0.815757 0.138129
vt 0.815760 0.137560
vt 0.816367 0.138129
vt 0.815195 0.138129
vt 0.815193 0.137560
vt 0.816397 0.137560
vt 0.816911 0.137560
vt 0.817012 0.138129
vt 0.579227 0.299133
vt 0.579341 0.298588
vt 0.580048 0.299133
vt 0.579945 0.298588
vt 0.578977 0.299298
vt 0.579725 0.299302
vt 0.580171 0.299469
vt 0.606229 0.358053
vt 0.606249 0.357172
vt 0.606443 0.358053
vt 0.606490 0.357174
vt 0.951783 0.355919
vt 0.951809 0.356800
vt 0.952293 0.356800
vt 0.952352 0.355919
vt 0.926408 0.166383
vt 0.926572 0.166936
vt 0.927289 0.166382
vt 0.926936 0.166951
vt 0.426095 0.427542
vt 0.426969 0.427286
vt 0.426976 0.425787
vt 0.426969 0.427601
vt 0.426095 0.425782
vt 0.638442 0.154615
vt 0.637561 0.155047
vt 0.637561 0.154477
vt 0.636562 0.154788
vt 0.635681 0.154523
vt 0.635681 0.155047
vt 0.636562 0.154477
vt 0.644140 0.154523
vt 0.645021 0.154477
vt 0.644140 0.155047
vt 0.645021 0.154788
vt 0.570978 0.357173
vt 0.570830 0.358049
vt 0.571310 0.357172
vt 0.571400 0.358053
vt 0.478276 0.176330
vt 0.478100 0.175780
vt 0.478981 0.175780
vt 0.478790 0.176350
vt 0.820460 0.355919
vt 0.820386 0.356798
vt 0.819917 0.355919
vt 0.819891 0.356800
vt 0.818952 0.356800
vt 0.819833 0.355919
vt 0.819130 0.355919
vt 0.819651 0.356800
vt 0.821513 0.387875
vt 0.821461 0.388566
vt 0.821965 0.387953
vt 0.821145 0.388666
vt 0.821728 0.389280
vt 0.822509 0.388124
vt 0.822295 0.388688
vt 0.822239 0.389381
vt 0.822652 0.388836
vt 0.744835 0.303605
vt 0.744704 0.304482
vt 0.745056 0.304377
vt 0.745149 0.303601
vt 0.745585 0.304362
vt 0.607178 0.357172
vt 0.607741 0.358053
vt 0.607171 0.358053
vt 0.607529 0.357175
vt 0.606595 0.357178
vt 0.607089 0.358053
vt 0.606545 0.358053
vt 0.650974 0.361629
vt 0.650404 0.361559
vt 0.650404 0.362752
vt 0.650974 0.362752
vt 0.111241 0.768554
vt 0.112161 0.768810
vt 0.112283 0.769240
vt 0.112403 0.768897
vt 0.943623 0.881223
vt 0.943600 0.882490
vt 0.944115 0.883206
vt 0.944206 0.884054
vt 0.943325 0.880584
vt 0.943607 0.879417
vt 0.759302 0.061134
vt 0.759438 0.061687
vt 0.759755 0.061134
vt 0.759994 0.061687
vt 0.758919 0.061687
vt 0.377480 0.881123
vt 0.377219 0.885621
vt 0.377380 0.879417
vt 0.942762 0.060749
vt 0.943168 0.060179
vt 0.941754 0.060179
vt 0.943657 0.060748
vt 0.944043 0.060179
vt 0.944831 0.060390
vt 0.941626 0.060749
vt 0.940557 0.060179
vt 0.940601 0.060749
vt 0.939657 0.060179
vt 0.939567 0.060749
vt 0.757758 0.061687
vt 0.757475 0.061134
vt 0.757414 0.061687
vt 0.757809 0.061134
vt 0.757050 0.061134
vt 0.756972 0.061687
vt 0.756492 0.061687
vt 0.756383 0.061134
vt 0.756256 0.061687
vt 0.587998 0.358053
vt 0.588004 0.357181
vt 0.587496 0.358053
vt 0.587434 0.357172
vt 0.599654 0.138129
vt 0.599736 0.137560
vt 0.600274 0.138129
vt 0.600652 0.137560
vt 0.600653 0.138129
vt 0.601727 0.137560
vt 0.601787 0.138129
vt 0.337435 0.918890
vt 0.338004 0.918980
vt 0.337435 0.921640
vt 0.338004 0.921649
vt 0.566758 0.358052
vt 0.566807 0.357172
vt 0.567327 0.358053
vt 0.567198 0.357174
vt 0.845938 0.112808
vt 0.845581 0.113069
vt 0.846462 0.113030
vt 0.936743 0.321087
vt 0.936989 0.320517
vt 0.937004 0.321087
vt 0.936064 0.321087
vt 0.936049 0.320517
vt 0.935803 0.321087
vt 0.821399 0.356546
vt 0.820518 0.356136
vt 0.821399 0.355919
vt 0.820518 0.356800
vt 0.934863 0.633586
vt 0.935064 0.632236
vt 0.935124 0.634135
vt 0.934961 0.635621
vt 0.588189 0.350181
vt 0.588630 0.350847
vt 0.588630 0.349895
vt 0.588189 0.349654
vt 0.588189 0.350658
vt 0.587749 0.350151
vt 0.587749 0.350741
vt 0.997460 0.105864
vt 0.996237 0.105699
vt 0.995331 0.105827
vt 0.997463 0.105603
vt 0.839257 0.350390
vt 0.838688 0.350241
vt 0.838688 0.350847
vt 0.839257 0.349654
vt 0.813531 0.334870
vt 0.813313 0.333676
vt 0.814194 0.333677
vt 0.814194 0.334273
vt 0.634055 0.350163
vt 0.633390 0.350177
vt 0.633524 0.349654
vt 0.632862 0.350847
vt 0.632953 0.350159
vt 0.366264 0.427380
vt 0.367139 0.427013
vt 0.366370 0.426871
vt 0.367139 0.427601
vt 0.366257 0.425782
vt 0.872210 0.145079
vt 0.873404 0.145641
vt 0.873404 0.145201
vt 0.872210 0.145648
vt 0.355546 0.361559
vt 0.355548 0.362752
vt 0.355015 0.362752
vt 0.354978 0.361559
vt 0.890007 0.267574
vt 0.888451 0.267574
vt 0.889133 0.267739
vt 0.889886 0.267982
vt 0.888676 0.268767
vt 0.888252 0.268767
vt 0.888726 0.267574
vt 0.888738 0.267982
vt 0.888191 0.267574
vt 0.888188 0.267982
vt 0.630923 0.154477
vt 0.630043 0.155047
vt 0.630042 0.154477
vt 0.630923 0.155047
vt 0.938936 0.296106
vt 0.939197 0.297276
vt 0.938936 0.296082
vt 0.738957 0.172654
vt 0.738607 0.173216
vt 0.739195 0.173216
vt 0.739319 0.172654
vt 0.738453 0.172335
vt 0.738245 0.173216
vt 0.738125 0.172338
vt 0.652852 0.144395
vt 0.651346 0.143825
vt 0.651346 0.144388
vt 0.652852 0.143826
vt 0.655985 0.143826
vt 0.654479 0.144388
vt 0.654479 0.143825
vt 0.655985 0.144395
vt 0.888500 0.349654
vt 0.889069 0.349728
vt 0.888500 0.350847
vt 0.889069 0.350790
vt 0.775775 0.171395
vt 0.775406 0.172276
vt 0.775886 0.172276
vt 0.776381 0.171462
vt 0.777225 0.171395
vt 0.618136 0.358053
vt 0.618329 0.357172
vt 0.618620 0.358053
vt 0.618706 0.357177
vt 0.785120 0.154420
vt 0.785988 0.153851
vt 0.785998 0.154420
vt 0.785117 0.153851
vt 0.462063 0.175780
vt 0.461189 0.176350
vt 0.462050 0.176350
vt 0.461182 0.175780
vt 0.571796 0.143825
vt 0.572156 0.144395
vt 0.571459 0.144395
vt 0.572723 0.143825
vt 0.572965 0.144395
vt 0.979995 0.299469
vt 0.979422 0.299469
vt 0.979753 0.299029
vt 0.979353 0.299029
vt 0.980234 0.299029
vt 0.979645 0.298588
vt 0.980039 0.298588
vt 0.888443 0.350847
vt 0.887873 0.350214
vt 0.888443 0.350119
vt 0.887873 0.349654
vt 0.539467 0.145648
vt 0.539874 0.145079
vt 0.540070 0.145648
vt 0.539143 0.145079
vt 0.538877 0.145648
vt 0.749843 0.286684
vt 0.749804 0.287273
vt 0.750388 0.286972
vt 0.750631 0.286743
vt 0.750910 0.287381
vt 0.749404 0.287141
vt 0.749555 0.287738
vt 0.750181 0.287877
vt 0.750844 0.287790
vt 0.953663 0.355919
vt 0.953724 0.356800
vt 0.954232 0.355919
vt 0.954094 0.356800
vt 0.991258 0.143199
vt 0.991617 0.143769
vt 0.991980 0.143199
vt 0.992522 0.143769
vt 0.992764 0.143199
vt 0.692327 0.175780
vt 0.691758 0.175780
vt 0.692267 0.176350
vt 0.691763 0.176350
vt 0.645114 0.110876
vt 0.644453 0.110615
vt 0.645238 0.110616
vt 0.644533 0.110876
vt 0.645647 0.110876
vt 0.645645 0.110616
vt 0.879047 0.331795
vt 0.878785 0.332297
vt 0.879047 0.332365
vt 0.878785 0.331807
vt 0.826102 0.337325
vt 0.825841 0.337378
vt 0.826102 0.336808
vt 0.825841 0.336853
vt 0.911374 0.304482
vt 0.911602 0.303601
vt 0.911626 0.304478
vt 0.911056 0.303601
vt 0.781401 0.143768
vt 0.782844 0.143768
vt 0.781562 0.143199
vt 0.782864 0.143199
vt 0.781170 0.143199
vt 0.781045 0.143769
vt 0.809945 0.332737
vt 0.809866 0.333555
vt 0.810435 0.333617
vt 0.810354 0.332736
vt 0.858845 0.114636
vt 0.858738 0.114374
vt 0.859288 0.114636
vt 0.859307 0.114374
vt 0.804226 0.114636
vt 0.804796 0.114374
vt 0.804292 0.114374
vt 0.804757 0.114636
vt 0.636674 0.155020
vt 0.637502 0.154484
vt 0.637502 0.155047
vt 0.636621 0.154477
vt 0.817385 0.334273
vt 0.818266 0.333676
vt 0.818255 0.334870
vt 0.817390 0.333678
vt 0.479295 0.918890
vt 0.478725 0.921646
vt 0.479295 0.921649
vt 0.478725 0.918890
vt 0.910592 0.304392
vt 0.910822 0.303601
vt 0.910429 0.303601
vt 0.910999 0.304478
vt 0.910975 0.303601
vt 0.910747 0.304482
vt 0.953295 0.355919
vt 0.953233 0.356800
vt 0.953105 0.355919
vt 0.953034 0.356800
vt 0.838407 0.114688
vt 0.838374 0.114949
vt 0.838944 0.114818
vt 0.488437 0.114636
vt 0.488461 0.114374
vt 0.488934 0.114636
vt 0.489007 0.114374
vt 0.914534 0.113121
vt 0.914759 0.113240
vt 0.914559 0.113382
vt 0.914189 0.113121
vt 0.659746 0.304482
vt 0.659176 0.304473
vt 0.659746 0.303605
vt 0.659176 0.303601
vt 0.839884 0.906463
vt 0.839827 0.908177
vt 0.839314 0.904166
vt 0.577506 0.921087
vt 0.577668 0.921649
vt 0.577407 0.918890
vt 0.626963 0.554544
vt 0.627167 0.555734
vt 0.627121 0.553602
vt 0.626906 0.555717
vt 0.939227 0.112756
vt 0.939448 0.112495
vt 0.939820 0.112756
vt 0.938939 0.112495
vt 0.686142 0.350554
vt 0.685845 0.350847
vt 0.686375 0.350847
vt 0.685805 0.350554
vt 0.685944 0.349654
vt 0.478099 0.389381
vt 0.478099 0.387904
vt 0.478668 0.389336
vt 0.478668 0.387875
vt 0.541950 0.338374
vt 0.541951 0.338738
vt 0.541680 0.338944
vt 0.541400 0.338738
vt 0.541382 0.338424
vt 0.708833 0.113435
vt 0.709061 0.113696
vt 0.709245 0.113435
vt 0.709239 0.113696
vt 0.708675 0.113696
vt 0.877791 0.296084
vt 0.877394 0.296500
vt 0.877703 0.297276
vt 0.877221 0.296082
vt 0.354921 0.362752
vt 0.354564 0.361559
vt 0.354746 0.361559
vt 0.354352 0.362752
vt 0.887816 0.350119
vt 0.887247 0.350213
vt 0.887247 0.349654
vt 0.887816 0.350847
vt 0.622522 0.357172
vt 0.622633 0.358053
vt 0.623061 0.357173
vt 0.623092 0.358053
vt 0.759997 0.911621
vt 0.759564 0.912542
vt 0.759427 0.910842
vt 0.759996 0.910514
vt 0.759637 0.909492
vt 0.759996 0.913711
vt 0.759427 0.913816
vt 0.463685 0.555631
vt 0.463788 0.553602
vt 0.463930 0.554520
vt 0.463946 0.555734
vt 0.033813 0.849528
vt 0.035370 0.852099
vt 0.034344 0.850821
vt 0.033366 0.847783
vt 0.032925 0.846619
vt 0.033080 0.845232
vt 0.033016 0.843587
vt 0.033635 0.841823
vt 0.606139 0.357172
vt 0.605605 0.358053
vt 0.606175 0.358053
vt 0.605633 0.357173
vt 0.448334 0.553602
vt 0.448486 0.555734
vt 0.448595 0.554544
vt 0.957697 0.101685
vt 0.956797 0.101555
vt 0.958842 0.101530
vt 0.958929 0.101791
vt 0.870588 0.361645
vt 0.870327 0.361559
vt 0.870470 0.362173
vt 0.870327 0.362636
vt 0.870588 0.362752
vt 0.714571 0.114636
vt 0.714520 0.114374
vt 0.714001 0.114636
vt 0.957735 0.296530
vt 0.958305 0.296822
vt 0.957735 0.297276
vt 0.958305 0.296082
vt 0.254044 0.440763
vt 0.253475 0.441386
vt 0.253475 0.440680
vt 0.254044 0.439880
vt 0.253475 0.439919
vt 0.572125 0.145278
vt 0.572652 0.145091
vt 0.572555 0.145529
vt 0.571940 0.145079
vt 0.572129 0.145648
vt 0.571458 0.145392
vt 0.221120 0.440383
vt 0.221463 0.439880
vt 0.221427 0.441386
vt 0.220893 0.439881
vt 0.858057 0.298217
vt 0.857796 0.298207
vt 0.857796 0.297687
vt 0.858057 0.297648
vt 0.736481 0.171889
vt 0.737752 0.172276
vt 0.735933 0.171395
vt 0.939876 0.281697
vt 0.940137 0.281670
vt 0.940137 0.281919
vt 0.939876 0.281841
vt 0.940137 0.282240
vt 0.939876 0.282235
vt 0.364322 0.555533
vt 0.364061 0.554517
vt 0.364239 0.553602
vt 0.364065 0.555734
vt 0.763500 0.414443
vt 0.764069 0.414416
vt 0.763842 0.413149
vt 0.763500 0.412626
vt 0.764069 0.412624
vt 0.822652 0.154609
vt 0.821771 0.154477
vt 0.821783 0.155047
vt 0.715569 0.145648
vt 0.716150 0.145079
vt 0.716258 0.145648
vt 0.715581 0.145079
vt 0.716716 0.145079
vt 0.716762 0.145648
vt 0.985245 0.101657
vt 0.983113 0.101530
vt 0.984035 0.101791
vt 0.879047 0.320517
vt 0.878785 0.321087
vt 0.878785 0.320572
vt 0.879047 0.320813
vt 0.921337 0.114636
vt 0.921335 0.114374
vt 0.920768 0.114636
vt 0.920900 0.114374
vt 0.268454 0.555734
vt 0.267260 0.553602
vt 0.267535 0.554436
vt 0.866268 0.265949
vt 0.866826 0.265379
vt 0.866257 0.265379
vt 0.866825 0.265949
vt 0.796705 0.295711
vt 0.796966 0.295688
vt 0.796705 0.295209
vt 0.796966 0.295141
vt 0.661367 0.338944
vt 0.661461 0.338374
vt 0.661628 0.338913
vt 0.385935 0.145648
vt 0.385881 0.145107
vt 0.385331 0.145079
vt 0.384806 0.145161
vt 0.384742 0.145638
vt 0.644081 0.155022
vt 0.643200 0.154690
vt 0.644081 0.154477
vt 0.643200 0.155047
vt 0.419731 0.145138
vt 0.419160 0.145079
vt 0.419770 0.145648
vt 0.418640 0.145190
vt 0.418576 0.145646
vt 0.775152 0.154420
vt 0.775660 0.153851
vt 0.774779 0.153939
vt 0.829290 0.153949
vt 0.829668 0.154420
vt 0.830171 0.153851
vt 0.798274 0.350644
vt 0.798844 0.350710
vt 0.798844 0.349744
vt 0.798593 0.350847
vt 0.798274 0.349654
vt 0.953593 0.355919
vt 0.953608 0.356800
vt 0.953384 0.356800
vt 0.953347 0.355919
vt 0.798124 0.113382
vt 0.797848 0.113121
vt 0.797648 0.113382
vt 0.798217 0.113121
vt 0.586259 0.358053
vt 0.586715 0.357172
vt 0.586181 0.357173
vt 0.586751 0.358053
vt 0.727731 0.125287
vt 0.727691 0.125054
vt 0.727470 0.125026
vt 0.755981 0.318579
vt 0.756550 0.318178
vt 0.755981 0.317806
vt 0.756550 0.317386
vt 0.725533 0.113750
vt 0.724209 0.114319
vt 0.724115 0.113750
vt 0.725533 0.114320
vt 0.722776 0.114320
vt 0.722775 0.113750
vt 0.550723 0.350042
vt 0.550610 0.349654
vt 0.550575 0.350260
vt 0.550154 0.350182
vt 0.550660 0.350847
vt 0.870585 0.112365
vt 0.869704 0.112443
vt 0.870585 0.112264
vt 0.869704 0.112181
vt 0.870643 0.112181
vt 0.871525 0.112365
vt 0.871525 0.112264
vt 0.870643 0.112443
vt 0.879283 0.132325
vt 0.878373 0.132347
vt 0.881861 0.131922
vt 0.876911 0.133116
vt 0.951641 0.356800
vt 0.951728 0.355919
vt 0.951467 0.355919
vt 0.741202 0.136219
vt 0.741171 0.135991
vt 0.740941 0.136252
vt 0.969642 0.078974
vt 0.970481 0.079038
vt 0.970449 0.079234
vt 0.973027 0.079009
vt 0.858053 0.143825
vt 0.856546 0.144089
vt 0.856797 0.144395
f 1/1 2/2 3/3
f 1/1 4/4 2/2
f 5/5 4/4 1/1
f 3/3 2/2 6/6
f 3/3 6/6 7/7
f 8/8 7/7 6/6
f 8/8 9/9 7/7
f 10/10 7/7 9/9
f 10/10 9/9 11/11
f 11/11 9/9 12/12
f 12/12 9/9 13/13
f 14/14 12/12 15/15
f 14/14 16/16 12/12
f 16/16 14/14 17/17
f 12/12 18/18 19/19
f 12/12 13/13 18/18
f 20/20 21/21 18/18
f 20/20 13/13 22/22
f 22/22 13/13 23/23
f 24/24 13/13 25/25
f 25/25 13/13 26/26
f 25/25 26/26 27/27
f 27/27 28/28 25/25
f 16/16 28/28 27/27
f 27/27 29/29 30/30
f 31/31 27/27 32/32
f 33/33 32/32 34/34
f 28/28 16/16 35/35
f 28/28 35/35 36/36
f 16/16 37/37 35/35
f 38/38 37/37 16/16
f 38/38 39/39 30/30
f 40/40 37/37 38/38
f 41/41 37/37 40/40
f 41/41 20/20 37/37
f 17/17 42/42 16/16
f 43/43 42/42 17/17
f 43/43 44/44 42/42
f 45/45 46/46 47/47
f 48/48 46/46 45/45
f 48/48 49/49 46/46
f 48/48 50/50 49/49
f 51/51 50/50 48/48
f 51/51 52/52 50/50
f 53/53 52/52 51/51
f 53/53 54/54 52/52
f 55/55 54/54 53/53
f 55/55 56/56 54/54
f 54/54 56/56 57/57
f 58/58 57/57 56/56
f 58/58 56/56 59/59
f 58/58 60/60 57/57
f 60/60 58/58 61/61
f 62/62 63/63 55/55
f 63/63 64/64 55/55
f 65/65 56/56 64/64
f 63/63 66/66 64/64
f 67/67 66/66 63/63
f 65/65 64/64 68/68
f 65/65 68/68 61/61
f 61/61 68/68 60/60
f 60/60 68/68 69/69
f 60/60 69/69 67/67
f 67/67 70/70 71/71
f 71/71 72/72 60/60
f 72/72 73/73 74/74
f 75/75 60/60 72/72
f 75/75 60/60 76/76
f 75/75 72/72 77/77
f 75/75 77/77 55/55
f 75/75 76/76 78/78
f 75/75 79/79 80/80
f 81/81 82/82 78/78
f 81/81 83/83 82/82
f 84/84 83/83 81/81
f 84/84 85/85 83/83
f 86/86 85/85 84/84
f 86/86 87/87 85/85
f 86/86 88/88 87/87
f 89/89 88/88 86/86
f 89/89 90/90 88/88
f 91/91 90/90 89/89
f 91/91 92/92 90/90
f 82/82 93/93 94/94
f 82/82 94/94 95/95
f 96/96 97/97 98/98
f 96/96 98/98 99/99
f 96/96 99/99 100/100
f 96/96 100/100 101/101
f 102/102 101/101 100/100
f 100/100 103/103 102/102
f 104/104 100/100 99/99
f 104/104 105/105 100/100
f 106/106 105/105 104/104
f 107/107 105/105 106/106
f 108/108 105/105 107/107
f 106/106 109/109 107/107
f 106/106 110/110 109/109
f 111/111 110/110 106/106
f 112/112 107/107 109/109
f 111/111 113/113 110/110
f 114/114 110/110 113/113
f 98/98 113/113 111/111
f 98/98 115/115 113/113
f 109/109 110/110 116/116
f 112/112 109/109 116/116
f 116/116 110/110 117/117
f 98/98 118/118 115/115
f 98/98 97/97 118/118
f 115/115 118/118 119/119
f 115/115 119/119 120/120
f 97/97 121/121 118/118
f 122/122 116/116 117/117
f 112/112 116/116 122/122
f 119/119 118/118 123/123
f 121/121 123/123 118/118
f 120/120 119/119 124/124
f 125/125 124/124 119/119
f 120/120 124/124 126/126
f 127/127 112/112 122/122
f 127/127 122/122 128/128
f 127/127 128/128 129/129
f 128/128 122/122 130/130
f 131/131 128/128 130/130
f 132/132 131/131 130/130
f 133/133 112/112 127/127
f 133/133 129/129 134/134
f 133/133 134/134 112/112
f 132/132 135/135 131/131
f 135/135 136/136 131/131
f 137/137 135/135 132/132
f 122/122 117/117 137/137
f 135/135 138/138 136/136
f 117/117 126/126 137/137
f 139/139 135/135 137/137
f 139/139 137/137 126/126
f 140/140 138/138 135/135
f 139/139 126/126 140/140
f 140/140 126/126 138/138
f 141/141 138/138 126/126
f 142/142 138/138 141/141
f 141/141 126/126 143/143
f 142/142 144/144 138/138
f 143/143 126/126 124/124
f 145/145 144/144 142/142
f 143/143 124/124 145/145
f 145/145 146/146 144/144
f 124/124 147/147 145/145
f 145/145 147/147 146/146
f 147/147 124/124 148/148
f 147/147 148/148 146/146
f 148/148 124/124 125/125
f 146/146 148/148 149/149
f 148/148 125/125 149/149
f 150/150 149/149 125/125
f 150/150 151/151 149/149
f 123/123 151/151 150/150
f 123/123 152/152 151/151
f 151/151 152/152 153/153
f 154/154 153/153 152/152
f 152/152 123/123 121/121
f 152/152 121/121 154/154
f 155/155 156/156 154/154
f 157/157 158/158 156/156
f 121/121 158/158 157/157
f 159/159 158/158 121/121
f 160/160 158/158 159/159
f 159/159 121/121 161/161
f 160/160 162/162 158/158
f 161/161 121/121 163/163
f 97/97 163/163 121/121
f 161/161 163/163 164/164
f 160/160 164/164 162/162
f 165/165 164/164 163/163
f 166/166 165/165 163/163
f 167/167 162/162 164/164
f 166/166 168/168 165/165
f 169/169 168/168 166/166
f 170/170 164/164 165/165
f 169/169 107/107 168/168
f 170/170 171/171 164/164
f 167/167 164/164 171/171
f 170/170 172/172 171/171
f 172/172 173/173 167/167
f 173/173 172/172 170/170
f 167/167 173/173 162/162
f 174/174 173/173 170/170
f 174/174 175/175 173/173
f 168/168 175/175 174/174
f 168/168 107/107 112/112
f 168/168 176/176 175/175
f 168/168 177/177 176/176
f 176/176 177/177 178/178
f 168/168 179/179 177/177
f 178/178 177/177 179/179
f 180/180 179/179 168/168
f 178/178 179/179 180/180
f 180/180 168/168 181/181
f 181/181 168/168 112/112
f 182/182 178/178 180/180
f 181/181 112/112 183/183
f 182/182 134/134 178/178
f 183/183 112/112 134/134
f 183/183 134/134 182/182
f 175/175 184/184 185/185
f 175/175 186/186 184/184
f 185/185 184/184 187/187
f 188/188 184/184 186/186
f 188/188 189/189 184/184
f 188/188 186/186 190/190
f 191/191 187/187 184/184
f 190/190 192/192 188/188
f 193/193 189/189 192/192
f 194/194 190/190 186/186
f 195/195 187/187 191/191
f 195/195 191/191 196/196
f 197/197 187/187 195/195
f 193/193 192/192 198/198
f 198/198 192/192 190/190
f 199/199 197/197 196/196
f 200/200 193/193 198/198
f 198/198 201/201 200/200
f 198/198 202/202 201/201
f 190/190 202/202 198/198
f 200/200 201/201 203/203
f 190/190 204/204 202/202
f 200/200 203/203 205/205
f 205/205 203/203 206/206
f 205/205 206/206 207/207
f 205/205 207/207 208/208
f 209/209 204/204 190/190
f 210/210 204/204 209/209
f 210/210 209/209 190/190
f 210/210 211/211 204/204
f 194/194 210/210 190/190
f 212/212 210/210 194/194
f 210/210 213/213 211/211
f 212/212 214/214 210/210
f 215/215 213/213 210/210
f 215/215 216/216 213/213
f 217/217 216/216 215/215
f 215/215 210/210 217/217
f 217/217 218/218 216/216
f 217/217 210/210 219/219
f 219/219 218/218 217/217
f 219/219 210/210 214/214
f 219/219 220/220 218/218
f 219/219 214/214 221/221
f 222/222 221/221 214/214
f 223/223 220/220 219/219
f 222/222 224/224 221/221
f 223/223 225/225 220/220
f 226/226 223/223 219/219
f 226/226 219/219 221/221
f 227/227 225/225 223/223
f 227/227 228/228 225/225
f 226/226 229/229 223/223
f 229/229 227/227 223/223
f 230/230 229/229 226/226
f 231/231 230/230 221/221
f 230/230 231/231 229/229
f 232/232 231/231 221/221
f 232/232 221/221 224/224
f 232/232 224/224 233/233
f 234/234 227/227 229/229
f 234/234 228/228 227/227
f 234/234 229/229 235/235
f 234/234 236/236 228/228
f 237/237 233/233 224/224
f 238/238 236/236 234/234
f 235/235 238/238 234/234
f 238/238 239/239 236/236
f 238/238 235/235 240/240
f 241/241 239/239 238/238
f 240/240 241/241 238/238
f 240/240 235/235 242/242
f 243/243 239/239 241/241
f 243/243 244/244 239/239
f 237/237 243/243 241/241
f 245/245 244/244 243/243
f 237/237 245/245 243/243
f 245/245 246/246 244/244
f 247/247 246/246 245/245
f 247/247 248/248 246/246
f 249/249 247/247 245/245
f 249/249 245/245 237/237
f 250/250 247/247 249/249
f 149/149 247/247 250/250
f 251/251 248/248 247/247
f 251/251 252/252 248/248
f 253/253 247/247 149/149
f 254/254 251/251 255/255
f 254/254 255/255 247/247
f 254/254 247/247 253/253
f 251/251 254/254 256/256
f 256/256 254/254 257/257
f 257/257 254/254 253/253
f 258/258 257/257 253/253
f 258/258 259/259 257/257
f 258/258 260/260 259/259
f 258/258 253/253 261/261
f 260/260 258/258 261/261
f 262/262 261/261 253/253
f 263/263 261/261 262/262
f 264/264 261/261 263/263
f 261/261 265/265 260/260
f 265/265 266/266 260/260
f 261/261 266/266 265/265
f 260/260 266/266 267/267
f 261/261 268/268 266/266
f 264/264 269/269 261/261
f 269/269 268/268 261/261
f 162/162 269/269 264/264
f 187/187 269/269 162/162
f 269/269 270/270 268/268
f 187/187 197/197 269/269
f 271/271 270/270 269/269
f 197/197 271/271 269/269
f 271/271 207/207 270/270
f 208/208 207/207 271/271
f 197/197 272/272 271/271
f 272/272 208/208 271/271
f 197/197 273/273 272/272
f 208/208 272/272 273/273
f 274/274 273/273 197/197
f 208/208 273/273 274/274
f 275/275 276/276 277/277
f 275/275 277/277 278/278
f 279/279 276/276 275/275
f 278/278 277/277 280/280
f 278/278 280/280 281/281
f 282/282 277/277 276/276
f 279/279 283/283 276/276
f 282/282 276/276 284/284
f 279/279 285/285 283/283
f 283/283 286/286 276/276
f 284/284 276/276 287/287
f 288/288 286/286 283/283
f 289/289 282/282 284/284
f 290/290 288/288 283/283
f 285/285 290/290 283/283
f 286/286 288/288 291/291
f 290/290 291/291 288/288
f 291/291 292/292 286/286
f 289/289 293/293 282/282
f 294/294 292/292 291/291
f 294/294 295/295 292/292
f 294/294 296/296 295/295
f 297/297 295/295 296/296
f 298/298 295/295 297/297
f 295/295 298/298 299/299
f 295/295 299/299 300/300
f 299/299 298/298 301/301
f 302/302 301/301 298/298
f 301/301 302/302 303/303
f 298/298 304/304 302/302
f 287/287 300/300 303/303
f 304/304 298/298 305/305
f 303/303 302/302 306/306
f 303/303 306/306 287/287
f 305/305 307/307 304/304
f 308/308 287/287 306/306
f 308/308 284/284 287/287
f 309/309 284/284 308/308
f 309/309 310/310 311/311
f 308/308 289/289 311/311
f 308/308 306/306 289/289
f 289/289 306/306 312/312
f 312/312 293/293 289/289
f 312/312 306/306 313/313
f 312/312 314/314 293/293
f 293/293 314/314 315/315
f 312/312 313/313 316/316
f 314/314 317/317 315/315
f 316/316 317/317 314/314
f 317/317 318/318 315/315
f 316/316 319/319 317/317
f 315/315 318/318 320/320
f 313/313 321/321 316/316
f 316/316 321/321 319/319
f 313/313 307/307 321/321
f 322/322 319/319 321/321
f 305/305 321/321 307/307
f 321/321 305/305 322/322
f 322/322 323/323 319/319
f 323/323 322/322 305/305
f 305/305 324/324 323/323
f 323/323 324/324 325/325
f 324/324 305/305 326/326
f 323/323 325/325 327/327
f 305/305 328/328 326/326
f 329/329 328/328 305/305
f 328/328 329/329 330/330
f 331/331 329/329 305/305
f 329/329 331/331 332/332
f 332/332 333/333 330/330
f 331/331 305/305 334/334
f 335/335 331/331 334/334
f 335/335 334/334 336/336
f 335/335 336/336 337/337
f 337/337 336/336 338/338
f 338/338 336/336 339/339
f 339/339 336/336 340/340
f 336/336 334/334 340/340
f 341/341 340/340 334/334
f 341/341 334/334 342/342
f 342/342 343/343 344/344
f 342/342 344/344 345/345
f 345/345 344/344 346/346
f 342/342 345/345 347/347
f 348/348 349/349 350/350
f 350/350 349/349 351/351
f 352/352 350/350 351/351
f 352/352 348/348 350/350
f 352/352 351/351 353/353
f 353/353 351/351 354/354
f 353/353 354/354 355/355
f 356/356 357/357 349/349
f 358/358 357/357 356/356
f 356/356 349/349 359/359
f 359/359 349/349 348/348
f 359/359 360/360 356/356
f 359/359 361/361 360/360
f 348/348 362/362 359/359
f 359/359 362/362 361/361
f 363/363 364/364 357/357
f 365/365 361/361 366/366
f 366/366 361/361 362/362
f 366/366 362/362 367/367
f 368/368 367/367 362/362
f 369/369 361/361 370/370
f 369/369 370/370 364/364
f 368/368 362/362 371/371
f 371/371 362/362 348/348
f 368/368 371/371 372/372
f 373/373 374/374 368/368
f 375/375 374/374 373/373
f 364/364 374/374 375/375
f 376/376 371/371 348/348
f 377/377 376/376 348/348
f 378/378 372/372 371/371
f 378/378 371/371 376/376
f 377/377 379/379 376/376
f 379/379 378/378 376/376
f 377/377 380/380 379/379
f 378/378 381/381 372/372
f 382/382 380/380 377/377
f 382/382 364/364 381/381
f 380/380 382/382 383/383
f 382/382 384/384 364/364
f 385/385 381/381 378/378
f 386/386 372/372 385/385
f 385/385 378/378 387/387
f 388/388 389/389 382/382
f 389/389 388/388 390/390
f 391/391 364/364 392/392
f 393/393 391/391 394/394
f 392/392 395/395 391/391
f 396/396 395/395 392/392
f 396/396 392/392 397/397
f 397/397 398/398 399/399
f 398/398 400/400 401/401
f 402/402 403/403 404/404
f 405/405 403/403 402/402
f 402/402 406/406 405/405
f 406/406 407/407 405/405
f 408/408 406/406 402/402
f 408/408 407/407 406/406
f 409/409 407/407 408/408
f 404/404 410/410 411/411
f 412/412 410/410 413/413
f 413/413 414/414 415/415
f 416/416 417/417 414/414
f 404/404 418/418 410/410
f 410/410 418/418 419/419
f 404/404 420/420 418/418
f 420/420 421/421 418/418
f 404/404 422/422 420/420
f 422/422 421/421 420/420
f 404/404 403/403 422/422
f 423/423 421/421 422/422
f 423/423 424/424 421/421
f 423/423 425/425 424/424
f 422/422 425/425 423/423
f 424/424 425/425 426/426
f 426/426 425/425 427/427
f 422/422 428/428 425/425
f 403/403 428/428 422/422
f 425/425 428/428 429/429
f 427/427 429/429 430/430
f 403/403 429/429 428/428
f 431/431 429/429 403/403
f 432/432 429/429 431/431
f 432/432 433/433 429/429
f 434/434 432/432 431/431
f 434/434 431/431 435/435
f 436/436 433/433 432/432
f 436/436 437/437 433/433
f 436/436 438/438 437/437
f 431/431 403/403 439/439
f 439/439 440/440 435/435
f 440/440 441/441 438/438
f 439/439 441/441 440/440
f 442/442 438/438 441/441
f 439/439 443/443 441/441
f 439/439 403/403 443/443
f 444/444 441/441 443/443
f 403/403 445/445 443/443
f 444/444 443/443 445/445
f 445/445 446/446 444/444
f 447/447 445/445 403/403
f 437/437 442/442 447/447
f 447/447 448/448 445/445
f 447/447 442/442 448/448
f 437/437 410/410 449/449
f 450/450 410/410 437/437
f 410/410 450/450 451/451
f 437/437 452/452 453/453
f 453/453 452/452 454/454
f 454/454 452/452 455/455
f 455/455 456/456 454/454
f 453/453 454/454 457/457
f 458/458 453/453 457/457
f 458/458 459/459 460/460
f 461/461 451/451 462/462
f 462/462 463/463 464/464
f 461/461 465/465 451/451
f 461/461 466/466 465/465
f 467/467 466/466 461/461
f 467/467 468/468 466/466
f 469/469 468/468 467/467
f 469/469 470/470 468/468
f 469/469 471/471 470/470
f 472/472 471/471 469/469
f 472/472 473/473 471/471
f 474/474 475/475 476/476
f 474/474 477/477 475/475
f 478/478 477/477 474/474
f 478/478 479/479 477/477
f 480/480 479/479 478/478
f 480/480 481/481 479/479
f 480/480 482/482 481/481
f 483/483 482/482 480/480
f 483/483 484/484 482/482
f 485/485 484/484 483/483
f 476/476 475/475 486/486
f 486/486 475/475 487/487
f 486/486 487/487 488/488
f 487/487 489/489 488/488
f 487/487 490/490 489/489
f 491/491 490/490 487/487
f 488/488 489/489 492/492
f 493/493 492/492 489/489
f 488/488 492/492 494/494
f 492/492 493/493 494/494
f 495/495 494/494 496/496
f 497/497 498/498 491/491
f 499/499 497/497 487/487
f 497/497 499/499 498/498
f 494/494 499/499 500/500
f 501/501 502/502 500/500
f 503/503 502/502 501/501
f 504/504 494/494 505/505
f 505/505 494/494 506/506
f 505/505 506/506 507/507
f 508/508 499/499 509/509
f 508/508 509/509 510/510
f 511/511 509/509 512/512
f 510/510 509/509 513/513
f 510/510 513/513 514/514
f 514/514 513/513 515/515
f 515/515 513/513 516/516
f 515/515 516/516 517/517
f 518/518 516/516 513/513
f 517/517 516/516 519/519
f 519/519 516/516 518/518
f 519/519 518/518 520/520
f 520/520 518/518 521/521
f 520/520 521/521 522/522
f 520/520 522/522 523/523
f 524/524 525/525 517/517
f 524/524 526/526 525/525
f 525/525 526/526 527/527
f 525/525 527/527 528/528
f 527/527 529/529 528/528
f 525/525 528/528 530/530
f 531/531 530/530 528/528
f 527/527 526/526 532/532
f 532/532 533/533 529/529
f 534/534 533/533 532/532
f 534/534 532/532 526/526
f 535/535 533/533 534/534
f 534/534 526/526 536/536
f 537/537 530/530 535/535
f 538/538 510/510 530/530
f 538/538 530/530 539/539
f 540/540 530/530 541/541
f 540/540 541/541 542/542
f 541/541 543/543 544/544
f 545/545 536/536 546/546
f 547/547 546/546 536/536
f 547/547 548/548 549/549
f 547/547 550/550 548/548
f 550/550 551/551 548/548
f 550/550 552/552 551/551
f 536/536 551/551 552/552
f 553/553 554/554 550/550
f 553/553 537/537 554/554
f 553/553 555/555 537/537
f 548/548 551/551 556/556
f 557/557 548/548 556/556
f 557/557 556/556 558/558
f 559/559 558/558 556/556
f 556/556 551/551 560/560
f 560/560 551/551 536/536
f 560/560 536/536 526/526
f 560/560 526/526 524/524
f 561/561 560/560 524/524
f 561/561 562/562 560/560
f 563/563 562/562 561/561
f 564/564 562/562 563/563
f 564/564 565/565 562/562
f 566/566 565/565 564/564
f 556/556 560/560 567/567
f 567/567 568/568 556/556
f 567/567 559/559 568/568
f 567/567 569/569 559/559
f 567/567 560/560 569/569
f 569/569 570/570 559/559
f 571/571 569/569 560/560
f 571/571 570/570 569/569
f 560/560 539/539 571/571
f 571/571 572/572 570/570
f 537/537 573/573 571/571
f 574/574 537/537 575/575
f 574/574 575/575 576/576
f 576/576 577/577 574/574
f 575/575 578/578 579/579
f 580/580 577/577 581/581
f 537/537 580/580 582/582
f 583/583 582/582 580/580
f 584/584 582/582 583/583
f 585/585 581/581 586/586
f 587/587 588/588 589/589
f 587/587 589/589 590/590
f 590/590 589/589 591/591
f 592/592 588/588 587/587
f 590/590 591/591 593/593
f 594/594 588/588 592/592
f 594/594 595/595 588/588
f 596/596 595/595 594/594
f 593/593 591/591 597/597
f 597/597 591/591 598/598
f 597/597 598/598 599/599
f 597/597 599/599 600/600
f 597/597 601/601 593/593
f 602/602 601/601 597/597
f 603/603 602/602 597/597
f 593/593 601/601 604/604
f 603/603 605/605 602/602
f 606/606 605/605 603/603
f 607/607 605/605 606/606
f 604/604 608/608 609/609
f 604/604 609/609 610/610
f 609/609 608/608 611/611
f 593/593 610/610 612/612
f 609/609 611/611 612/612
f 593/593 612/612 613/613
f 612/612 611/611 613/613
f 613/613 611/611 614/614
f 613/613 614/614 615/615
f 615/615 614/614 616/616
f 615/615 616/616 617/617
f 617/617 616/616 618/618
f 617/617 618/618 592/592
f 592/592 618/618 619/619
f 592/592 619/619 620/620
f 620/620 619/619 621/621
f 620/620 621/621 622/622
f 623/623 622/622 624/624
f 623/623 624/624 625/625
f 622/622 623/623 596/596
f 596/596 623/623 626/626
f 622/622 627/627 624/624
f 626/626 628/628 596/596
f 629/629 628/628 626/626
f 596/596 628/628 630/630
f 629/629 631/631 628/628
f 624/624 631/631 629/629
f 627/627 631/631 624/624
f 630/630 595/595 596/596
f 632/632 595/595 630/630
f 627/627 632/632 631/631
f 632/632 627/627 595/595
f 627/627 633/633 634/634
f 635/635 627/627 636/636
f 637/637 638/638 639/639
f 640/640 639/639 638/638
f 641/641 637/637 639/639
f 642/642 640/640 638/638
f 643/643 637/637 641/641
f 644/644 639/639 645/645
f 646/646 644/644 645/645
f 647/647 642/642 648/648
f 642/642 649/649 648/648
f 638/638 649/649 642/642
f 650/650 649/649 638/638
f 638/638 651/651 650/650
f 638/638 652/652 651/651
f 638/638 653/653 652/652
f 637/637 653/653 638/638
f 654/654 651/651 652/652
f 637/637 654/654 652/652
f 637/637 655/655 654/654
f 654/654 655/655 656/656
f 654/654 656/656 657/657
f 657/657 656/656 658/658
f 637/637 659/659 655/655
f 655/655 659/659 660/660
f 661/661 659/659 637/637
f 659/659 661/661 660/660
f 661/661 637/637 643/643
f 661/661 662/662 660/660
f 661/661 643/643 662/662
f 663/663 662/662 643/643
f 663/663 664/664 662/662
f 665/665 664/664 666/666
f 667/667 668/668 669/669
f 667/667 669/669 670/670
f 671/671 668/668 672/672
f 667/667 673/673 674/674
f 675/675 671/671 676/676
f 675/675 677/677 671/671
f 677/677 678/678 671/671
f 679/679 678/678 677/677
f 679/679 680/680 678/678
f 678/678 680/680 669/669
f 670/670 680/680 681/681
f 682/682 673/673 683/683
f 682/682 684/684 673/673
f 673/673 684/684 685/685
f 673/673 685/685 686/686
f 685/685 687/687 686/686
f 687/687 684/684 688/688
f 682/682 688/688 684/684
f 689/689 688/688 682/682
f 690/690 688/688 689/689
f 690/690 689/689 691/691
f 692/692 690/690 691/691
f 693/693 691/691 689/689
f 692/692 691/691 694/694
f 694/694 691/691 695/695
f 695/695 696/696 694/694
f 695/695 693/693 696/696
f 697/697 696/696 693/693
f 696/696 697/697 698/698
f 699/699 698/698 697/697
f 700/700 698/698 701/701
f 698/698 702/702 701/701
f 702/702 703/703 701/701
f 702/702 704/704 703/703
f 704/704 702/702 699/699
f 704/704 699/699 705/705
f 706/706 707/707 705/705
f 706/706 705/705 708/708
f 709/709 710/710 707/707
f 709/709 707/707 711/711
f 711/711 712/712 709/709
f 713/713 712/712 711/711
f 713/713 711/711 706/706
f 713/713 706/706 708/708
f 714/714 713/713 708/708
f 714/714 715/715 713/713
f 716/716 715/715 714/714
f 717/717 716/716 714/714
f 718/718 715/715 716/716
f 715/715 718/718 719/719
f 719/719 718/718 720/720
f 717/717 720/720 716/716
f 717/717 721/721 720/720
f 722/722 721/721 717/717
f 723/723 721/721 722/722
f 724/724 721/721 723/723
f 725/725 721/721 724/724
f 725/725 724/724 726/726
f 727/727 726/726 723/723
f 727/727 723/723 722/722
f 722/722 728/728 727/727
f 722/722 729/729 728/728
f 729/729 730/730 728/728
f 731/731 728/728 730/730
f 731/731 732/732 728/728
f 731/731 733/733 732/732
f 730/730 734/734 733/733
f 734/734 735/735 733/733
f 736/736 735/735 734/734
f 736/736 737/737 735/735
f 735/735 737/737 738/738
f 739/739 738/738 737/737
f 739/739 740/740 738/738
f 740/740 739/739 741/741
f 741/741 739/739 736/736
f 741/741 736/736 742/742
f 741/741 742/742 743/743
f 744/744 743/743 742/742
f 741/741 743/743 745/745
f 746/746 741/741 745/745
f 747/747 745/745 743/743
f 747/747 743/743 748/748
f 747/747 749/749 745/745
f 750/750 746/746 749/749
f 750/750 749/749 747/747
f 747/747 748/748 751/751
f 747/747 751/751 752/752
f 752/752 751/751 753/753
f 754/754 753/753 751/751
f 752/752 753/753 755/755
f 752/752 755/755 756/756
f 756/756 755/755 757/757
f 757/757 755/755 758/758
f 757/757 758/758 759/759
f 759/759 758/758 760/760
f 761/761 762/762 763/763
f 761/761 764/764 762/762
f 765/765 763/763 762/762
f 766/766 762/762 764/764
f 767/767 766/766 764/764
f 767/767 768/768 766/766
f 769/769 768/768 767/767
f 763/763 765/765 770/770
f 770/770 765/765 771/771
f 772/772 773/773 771/771
f 774/774 773/773 775/775
f 776/776 777/777 774/774
f 778/778 771/771 777/777
f 779/779 771/771 778/778
f 770/770 771/771 779/779
f 780/780 770/770 779/779
f 780/780 779/779 781/781
f 782/782 770/770 780/780
f 782/782 783/783 770/770
f 782/782 784/784 783/783
f 785/785 775/775 784/784
f 786/786 784/784 782/782
f 785/785 784/784 787/787
f 786/786 787/787 784/784
f 788/788 787/787 786/786
f 788/788 789/789 787/787
f 790/790 791/791 771/771
f 792/792 791/791 790/790
f 792/792 793/793 791/791
f 792/792 784/784 793/793
f 794/794 793/793 784/784
f 795/795 792/792 784/784
f 793/793 794/794 796/796
f 796/796 794/794 797/797
f 792/792 795/795 798/798
f 799/799 796/796 800/800
f 792/792 801/801 802/802
f 803/803 804/804 798/798
f 804/804 803/803 805/805
f 804/804 798/798 806/806
f 807/807 804/804 806/806
f 807/807 806/806 808/808
f 808/808 806/806 809/809
f 808/808 809/809 810/810
f 810/810 809/809 811/811
f 810/810 811/811 812/812
f 812/812 811/811 813/813
f 813/813 811/811 814/814
f 815/815 813/813 814/814
f 816/816 817/817 818/818
f 816/816 819/819 817/817
f 816/816 818/818 820/820
f 816/816 820/820 821/821
f 816/816 822/822 819/819
f 823/823 824/824 822/822
f 823/823 825/825 824/824
f 826/826 825/825 823/823
f 827/827 241/241 240/240
f 827/827 240/240 828/828
f 829/829 241/241 827/827
f 830/830 827/827 828/828
f 829/829 830/830 828/828
f 827/827 830/830 831/831
f 829/829 831/831 830/830
f 827/827 831/831 829/829
f 832/832 829/829 828/828
f 237/237 241/241 829/829
f 237/237 829/829 832/832
f 832/832 240/240 242/242
f 832/832 833/833 237/237
f 833/833 832/832 242/242
f 833/833 834/834 237/237
f 237/237 834/834 233/233
f 835/835 233/233 834/834
f 833/833 242/242 835/835
f 835/835 836/836 233/233
f 835/835 242/242 836/836
f 837/837 836/836 242/242
f 838/838 839/839 836/836
f 838/838 836/836 840/840
f 840/840 836/836 837/837
f 837/837 841/841 840/840
f 842/842 840/840 841/841
f 842/842 843/843 840/840
f 844/844 845/845 846/846
f 847/847 845/845 844/844
f 847/847 844/844 848/848
f 848/848 844/844 849/849
f 844/844 850/850 849/849
f 851/851 850/850 844/844
f 844/844 846/846 852/852
f 853/853 850/850 851/851
f 853/853 854/854 850/850
f 855/855 856/856 854/854
f 852/852 846/846 857/857
f 852/852 857/857 858/858
f 852/852 858/858 859/859
f 859/859 858/858 860/860
f 859/859 860/860 861/861
f 861/861 860/860 862/862
f 863/863 861/861 862/862
f 863/863 862/862 864/864
f 863/863 864/864 865/865
f 865/865 864/864 866/866
f 846/846 867/867 868/868
f 846/846 868/868 869/869
f 867/867 845/845 870/870
f 869/869 868/868 871/871
f 869/869 871/871 872/872
f 870/870 873/873 872/872
f 872/872 873/873 869/869
f 870/870 874/874 873/873
f 875/875 854/854 869/869
f 853/853 869/869 854/854
f 869/869 876/876 875/875
f 869/869 877/877 853/853
f 878/878 876/876 869/869
f 878/878 879/879 877/877
f 880/880 876/876 878/878
f 880/880 881/881 876/876
f 882/882 853/853 883/883
f 883/883 884/884 885/885
f 886/886 882/882 887/887
f 888/888 887/887 889/889
f 889/889 887/887 890/890
f 890/890 891/891 892/892
f 893/893 894/894 889/889
f 893/893 895/895 896/896
f 897/897 895/895 898/898
f 899/899 900/900 901/901
f 902/902 900/900 899/899
f 902/902 903/903 900/900
f 904/904 899/899 901/901
f 904/904 905/905 899/899
f 904/904 906/906 905/905
f 903/903 907/907 900/900
f 908/908 906/906 904/904
f 906/906 908/908 909/909
f 909/909 910/910 906/906
f 910/910 911/911 903/903
f 910/910 908/908 911/911
f 908/908 912/912 911/911
f 913/913 912/912 908/908
f 914/914 900/900 907/907
f 901/901 900/900 914/914
f 914/914 907/907 915/915
f 907/907 916/916 915/915
f 914/914 915/915 917/917
f 917/917 915/915 918/918
f 914/914 917/917 919/919
f 919/919 901/901 914/914
f 920/920 919/919 915/915
f 919/919 920/920 921/921
f 919/919 921/921 922/922
f 923/923 918/918 912/912
f 924/924 919/919 925/925
f 923/923 912/912 926/926
f 926/926 927/927 924/924
f 912/912 927/927 926/926
f 924/924 928/928 929/929
f 919/919 929/929 901/901
f 930/930 912/912 931/931
f 930/930 932/932 933/933
f 934/934 931/931 935/935
f 935/935 936/936 937/937
f 938/938 912/912 939/939
f 938/938 939/939 940/940
f 940/940 939/939 929/929
f 929/929 941/941 940/940
f 929/929 942/942 941/941
f 943/943 942/942 929/929
f 929/929 939/939 944/944
f 901/901 929/929 944/944
f 901/901 944/944 945/945
f 944/944 946/946 945/945
f 901/901 945/945 947/947
f 947/947 945/945 946/946
f 947/947 946/946 948/948
f 947/947 948/948 949/949
f 950/950 951/951 912/912
f 952/952 951/951 950/950
f 953/953 952/952 950/950
f 953/953 950/950 954/954
f 908/908 954/954 950/950
f 955/955 956/956 957/957
f 956/956 958/958 957/957
f 959/959 960/960 957/957
f 961/961 962/962 963/963
f 964/964 962/962 961/961
f 962/962 964/964 965/965
f 962/962 965/965 966/966
f 961/961 967/967 964/964
f 966/966 965/965 968/968
f 966/966 968/968 963/963
f 961/961 963/963 969/969
f 969/969 963/963 968/968
f 970/970 961/961 969/969
f 971/971 961/961 970/970
f 971/971 970/970 972/972
f 973/973 967/967 961/961
f 971/971 972/972 973/973
f 973/973 974/974 967/967
f 975/975 969/969 968/968
f 975/975 976/976 969/969
f 977/977 976/976 975/975
f 977/977 978/978 976/976
f 975/975 968/968 979/979
f 979/979 978/978 977/977
f 980/980 974/974 973/973
f 981/981 978/978 979/979
f 982/982 974/974 980/980
f 983/983 978/978 981/981
f 980/980 973/973 984/984
f 972/972 984/984 973/973
f 985/985 984/984 972/972
f 983/983 986/986 978/978
f 984/984 985/985 987/987
f 984/984 987/987 982/982
f 985/985 988/988 987/987
f 989/989 988/988 985/985
f 990/990 988/988 989/989
f 991/991 986/986 983/983
f 992/992 988/988 990/990
f 992/992 982/982 987/987
f 990/990 993/993 992/992
f 994/994 982/982 992/992
f 992/992 993/993 994/994
f 982/982 994/994 974/974
f 993/993 990/990 995/995
f 991/991 996/996 986/986
f 991/991 981/981 996/996
f 979/979 996/996 981/981
f 979/979 968/968 996/996
f 997/997 986/986 996/996
f 998/998 986/986 997/997
f 998/998 999/999 986/986
f 996/996 1000/1000 998/998
f 998/998 1000/1000 999/999
f 996/996 968/968 1000/1000
f 968/968 1001/1001 1000/1000
f 1000/1000 1002/1002 999/999
f 1000/1000 1001/1001 1003/1003
f 1000/1000 1003/1003 1004/1004
f 1005/1005 1002/1002 1000/1000
f 1004/1004 1003/1003 1006/1006
f 1004/1004 1006/1006 1005/1005
f 1005/1005 1007/1007 1002/1002
f 1006/1006 1008/1008 1005/1005
f 1005/1005 1008/1008 1007/1007
f 1007/1007 1008/1008 1009/1009
f 1010/1010 1008/1008 1006/1006
f 1007/1007 1009/1009 1010/1010
f 1010/1010 1006/1006 1011/1011
f 1012/1012 1007/1007 1010/1010
f 1012/1012 1013/1013 1007/1007
f 1014/1014 1013/1013 1012/1012
f 1012/1012 1010/1010 1015/1015
f 1015/1015 1010/1010 1011/1011
f 1015/1015 1013/1013 1014/1014
f 1015/1015 1011/1011 1016/1016
f 1015/1015 1017/1017 1013/1013
f 1013/1013 1017/1017 1018/1018
f 1015/1015 1019/1019 1017/1017
f 1017/1017 1019/1019 1020/1020
f 1018/1018 1020/1020 1021/1021
f 1020/1020 1019/1019 1021/1021
f 1022/1022 1021/1021 1019/1019
f 1023/1023 1021/1021 1022/1022
f 1021/1021 1023/1023 1024/1024
f 1019/1019 1025/1025 1022/1022
f 1024/1024 1023/1023 1026/1026
f 1022/1022 1025/1025 1026/1026
f 1026/1026 1027/1027 1024/1024
f 1026/1026 1025/1025 1027/1027
f 1025/1025 1019/1019 1028/1028
f 1025/1025 1028/1028 1029/1029
f 1024/1024 1027/1027 1030/1030
f 1030/1030 1027/1027 1029/1029
f 1030/1030 1031/1031 1024/1024
f 1029/1029 1028/1028 1032/1032
f 1030/1030 1029/1029 1032/1032
f 1028/1028 1033/1033 1032/1032
f 1028/1028 1034/1034 1033/1033
f 1033/1033 1034/1034 1035/1035
f 1036/1036 1031/1031 1030/1030
f 1033/1033 1035/1035 1037/1037
f 1030/1030 1032/1032 1037/1037
f 1038/1038 1037/1037 1035/1035
f 1036/1036 1030/1030 1039/1039
f 1039/1039 1040/1040 1036/1036
f 1038/1038 1035/1035 1041/1041
f 1039/1039 1042/1042 1040/1040
f 1043/1043 1037/1037 1038/1038
f 1044/1044 1042/1042 1039/1039
f 1044/1044 1045/1045 1042/1042
f 1042/1042 1045/1045 1046/1046
f 1041/1041 1047/1047 1038/1038
f 1043/1043 1048/1048 1037/1037
f 1048/1048 1043/1043 1047/1047
f 1048/1048 1047/1047 1041/1041
f 1048/1048 1030/1030 1037/1037
f 1039/1039 1030/1030 1048/1048
f 1049/1049 1039/1039 1048/1048
f 1050/1050 1039/1039 1049/1049
f 1050/1050 1049/1049 1051/1051
f 1051/1051 1049/1049 1052/1052
f 1051/1051 1053/1053 1054/1054
f 1055/1055 1052/1052 1048/1048
f 1041/1041 1055/1055 1048/1048
f 1056/1056 1055/1055 1041/1041
f 1056/1056 1041/1041 1057/1057
f 1058/1058 1055/1055 1056/1056
f 1056/1056 1057/1057 1059/1059
f 1058/1058 1060/1060 1055/1055
f 1059/1059 1060/1060 1058/1058
f 1059/1059 1057/1057 1060/1060
f 1060/1060 1061/1061 1055/1055
f 1062/1062 1061/1061 1060/1060
f 1062/1062 1063/1063 1061/1061
f 1057/1057 1064/1064 1060/1060
f 1065/1065 1063/1063 1062/1062
f 1060/1060 1064/1064 1065/1065
f 1065/1065 1064/1064 1063/1063
f 1066/1066 1063/1063 1064/1064
f 1067/1067 1063/1063 1066/1066
f 1066/1066 1064/1064 1068/1068
f 1067/1067 1069/1069 1063/1063
f 1068/1068 1069/1069 1067/1067
f 1064/1064 1069/1069 1068/1068
f 1070/1070 1063/1063 1069/1069
f 1064/1064 1071/1071 1069/1069
f 1064/1064 1072/1072 1071/1071
f 1073/1073 1072/1072 1064/1064
f 1071/1071 1074/1074 1069/1069
f 1074/1074 1072/1072 1073/1073
f 1073/1073 1075/1075 1074/1074
f 1069/1069 1074/1074 1075/1075
f 1069/1069 1075/1075 1076/1076
f 1075/1075 1077/1077 1076/1076
f 1075/1075 1078/1078 1077/1077
f 1079/1079 1077/1077 1078/1078
f 1076/1076 1077/1077 1080/1080
f 1079/1079 1078/1078 1081/1081
f 1081/1081 1080/1080 1079/1079
f 1076/1076 1080/1080 1081/1081
f 1081/1081 1078/1078 1082/1082
f 1081/1081 1082/1082 1083/1083
f 1083/1083 1082/1082 1084/1084
f 1083/1083 1084/1084 994/994
f 1083/1083 994/994 1085/1085
f 994/994 993/993 1085/1085
f 1083/1083 1085/1085 1086/1086
f 993/993 995/995 1085/1085
f 1086/1086 1085/1085 995/995
f 1086/1086 995/995 1081/1081
f 995/995 1076/1076 1081/1081
f 995/995 1087/1087 1076/1076
f 1088/1088 1076/1076 1087/1087
f 1089/1089 1076/1076 1088/1088
f 1076/1076 1089/1089 1090/1090
f 1091/1091 1076/1076 1090/1090
f 1090/1090 1092/1092 1091/1091
f 1091/1091 1092/1092 1093/1093
f 1094/1094 1095/1095 1096/1096
f 1097/1097 1095/1095 1094/1094
f 1095/1095 1097/1097 1098/1098
f 1098/1098 1097/1097 1099/1099
f 1098/1098 1100/1100 1101/1101
f 1101/1101 1100/1100 1102/1102
f 1101/1101 1102/1102 1103/1103
f 1104/1104 1101/1101 1105/1105
f 1104/1104 1105/1105 1106/1106
f 1106/1106 1107/1107 1108/1108
f 1103/1103 1102/1102 1109/1109
f 1109/1109 1102/1102 1110/1110
f 1103/1103 1111/1111 1112/1112
f 1113/1113 1111/1111 1103/1103
f 1114/1114 1111/1111 1113/1113
f 1114/1114 1115/1115 1111/1111
f 1114/1114 1116/1116 1115/1115
f 1116/1116 1114/1114 1117/1117
f 1118/1118 1109/1109 1119/1119
f 1119/1119 1109/1109 1120/1120
f 1113/1113 1121/1121 1120/1120
f 1119/1119 1120/1120 1121/1121
f 1122/1122 1120/1120 1110/1110
f 1110/1110 1123/1123 1122/1122
f 1124/1124 1123/1123 1110/1110
f 1123/1123 1124/1124 1125/1125
f 1123/1123 1125/1125 1126/1126
f 1126/1126 1125/1125 1127/1127
f 1126/1126 1127/1127 1128/1128
f 1128/1128 1127/1127 1129/1129
f 1129/1129 1130/1130 1128/1128
f 1131/1131 1130/1130 1129/1129
f 1131/1131 1132/1132 1110/1110
f 1129/1129 1132/1132 1131/1131
f 1133/1133 1130/1130 1131/1131
f 1131/1131 1134/1134 1133/1133
f 1135/1135 1133/1133 1134/1134
f 1135/1135 1134/1134 1136/1136
f 1137/1137 1134/1134 1131/1131
f 1138/1138 1139/1139 1132/1132
f 1138/1138 1140/1140 1139/1139
f 1141/1141 1142/1142 1139/1139
f 1137/1137 1143/1143 1134/1134
f 1137/1137 1144/1144 1143/1143
f 1145/1145 1144/1144 1137/1137
f 1145/1145 1146/1146 1144/1144
f 1144/1144 1146/1146 1147/1147
f 1146/1146 1148/1148 1149/1149
f 1146/1146 1149/1149 1150/1150
f 1150/1150 1149/1149 1151/1151
f 1151/1151 1149/1149 1152/1152
f 1150/1150 1153/1153 1154/1154
f 1155/1155 1152/1152 1156/1156
f 1157/1157 1158/1158 1156/1156
f 1159/1159 1158/1158 1157/1157
f 1158/1158 1159/1159 1160/1160
f 1158/1158 1160/1160 1161/1161
f 1162/1162 1163/1163 1152/1152
f 1163/1163 1162/1162 1126/1126
f 1162/1162 1164/1164 1126/1126
f 1164/1164 1116/1116 1126/1126
f 1164/1164 1165/1165 1116/1116
f 1116/1116 1165/1165 1094/1094
f 1094/1094 1165/1165 1166/1166
f 1094/1094 1166/1166 1167/1167
f 1168/1168 1166/1166 1169/1169
f 1168/1168 1170/1170 1171/1171
f 1172/1172 1170/1170 1168/1168
f 1170/1170 1172/1172 1173/1173
f 1174/1174 1163/1163 1175/1175
f 1163/1163 1174/1174 1176/1176
f 1163/1163 1176/1176 1177/1177
f 1143/1143 1177/1177 1176/1176
f 1143/1143 1178/1178 1177/1177
f 1179/1179 1178/1178 1143/1143
f 1143/1143 1144/1144 1179/1179
f 1179/1179 1144/1144 1180/1180
f 1144/1144 1181/1181 1180/1180
f 1179/1179 1180/1180 1182/1182
f 1180/1180 1181/1181 1183/1183
f 1182/1182 1183/1183 1184/1184
f 1185/1185 1186/1186 1187/1187
f 1187/1187 1186/1186 1188/1188
f 1188/1188 1189/1189 1190/1190
f 1187/1187 1190/1190 1191/1191
f 1191/1191 1190/1190 1192/1192
f 1193/1193 1194/1194 1195/1195
f 1195/1195 1196/1196 1193/1193
f 1193/1193 1196/1196 1197/1197
f 1197/1197 1198/1198 1193/1193
f 1193/1193 1198/1198 1199/1199
f 1193/1193 1199/1199 1194/1194
f 1198/1198 1200/1200 1201/1201
f 1202/1202 1200/1200 1203/1203
f 1204/1204 1201/1201 1202/1202
f 1204/1204 1205/1205 1201/1201
f 1194/1194 1199/1199 1206/1206
f 1206/1206 1199/1199 1207/1207
f 1195/1195 1194/1194 1208/1208
f 1209/1209 1208/1208 1194/1194
f 1209/1209 1210/1210 1208/1208
f 1209/1209 1194/1194 1211/1211
f 1212/1212 1210/1210 1209/1209
f 1211/1211 1194/1194 1213/1213
f 1212/1212 1214/1214 1210/1210
f 1211/1211 1213/1213 1215/1215
f 1216/1216 1214/1214 1212/1212
f 1215/1215 1213/1213 1217/1217
f 1214/1214 1216/1216 1218/1218
f 1218/1218 1216/1216 1219/1219
f 1219/1219 1220/1220 1218/1218
f 1221/1221 1220/1220 1219/1219
f 1215/1215 1222/1222 1216/1216
f 1222/1222 1223/1223 1216/1216
f 1224/1224 1222/1222 1215/1215
f 1216/1216 1223/1223 1225/1225
f 1225/1225 1223/1223 1226/1226
f 1225/1225 1226/1226 1227/1227
f 1227/1227 1228/1228 1229/1229
f 1229/1229 1225/1225 1227/1227
f 1230/1230 1231/1231 1229/1229
f 1230/1230 1232/1232 1231/1231
f 1225/1225 1233/1233 1234/1234
f 1225/1225 1235/1235 1233/1233
f 1225/1225 1236/1236 1235/1235
f 1237/1237 1236/1236 1225/1225
f 1236/1236 1237/1237 1238/1238
f 1239/1239 1224/1224 1215/1215
f 1215/1215 1217/1217 1239/1239
f 1239/1239 1217/1217 1240/1240
f 1241/1241 1224/1224 1239/1239
f 1241/1241 1242/1242 1224/1224
f 1239/1239 1240/1240 1243/1243
f 1244/1244 1242/1242 1241/1241
f 1245/1245 1206/1206 1240/1240
f 1245/1245 1240/1240 1246/1246
f 1207/1207 1243/1243 1240/1240
f 1207/1207 1247/1247 1243/1243
f 1248/1248 1247/1247 1207/1207
f 1248/1248 1249/1249 1250/1250
f 1251/1251 1249/1249 1248/1248
f 1207/1207 1252/1252 1251/1251
f 1207/1207 1199/1199 1252/1252
f 1251/1251 1252/1252 1253/1253
f 1252/1252 1254/1254 1253/1253
f 1255/1255 1256/1256 1251/1251
f 1255/1255 1257/1257 1256/1256
f 1253/1253 1258/1258 1255/1255
f 1253/1253 1259/1259 1258/1258
f 1258/1258 1260/1260 1255/1255
f 1241/1241 1260/1260 1258/1258
f 1241/1241 1261/1261 1260/1260
f 1262/1262 1253/1253 1254/1254
f 1262/1262 1254/1254 1263/1263
f 1264/1264 1262/1262 1265/1265
f 1263/1263 1266/1266 1267/1267
f 1267/1267 1266/1266 1268/1268
f 1267/1267 1268/1268 1269/1269
f 1269/1269 1268/1268 1244/1244
f 1268/1268 1270/1270 1244/1244
f 1271/1271 1262/1262 1272/1272
f 1271/1271 1273/1273 1262/1262
f 1273/1273 1274/1274 1262/1262
f 1275/1275 1276/1276 1277/1277
f 1275/1275 291/291 1276/1276
f 1277/1277 1276/1276 1278/1278
f 1276/1276 291/291 290/290
f 1279/1279 1278/1278 1276/1276
f 1278/1278 1279/1279 1280/1280
f 1280/1280 1279/1279 1281/1281
f 1279/1279 1276/1276 1281/1281
f 1280/1280 1281/1281 1282/1282
f 1282/1282 1281/1281 1276/1276
f 1276/1276 1283/1283 1282/1282
f 1276/1276 1284/1284 1283/1283
f 1276/1276 290/290 1284/1284
f 290/290 1285/1285 1284/1284
f 285/285 1285/1285 290/290
f 285/285 1286/1286 1285/1285
f 1287/1287 1286/1286 285/285
f 1287/1287 1288/1288 1286/1286
f 1289/1289 1288/1288 1287/1287
f 1290/1290 1288/1288 1289/1289
f 1289/1289 1287/1287 281/281
f 1289/1289 1291/1291 1290/1290
f 1290/1290 1291/1291 1292/1292
f 1291/1291 1289/1289 1292/1292
f 1289/1289 281/281 1293/1293
f 1293/1293 281/281 1294/1294
f 1293/1293 1294/1294 1295/1295
f 280/280 1294/1294 281/281
f 280/280 1296/1296 1294/1294
f 1297/1297 1294/1294 1296/1296
f 1297/1297 1296/1296 1289/1289
f 1298/1298 1296/1296 280/280
f 1299/1299 1289/1289 1296/1296
f 1298/1298 1299/1299 1296/1296
f 1299/1299 1292/1292 1289/1289
f 1298/1298 280/280 1300/1300
f 1298/1298 1300/1300 1299/1299
f 1300/1300 1292/1292 1299/1299
f 1300/1300 1301/1301 1292/1292
f 1302/1302 1301/1301 1300/1300
f 1303/1303 1301/1301 1302/1302
f 1302/1302 1304/1304 1303/1303
f 1301/1301 1305/1305 1292/1292
f 1306/1306 1304/1304 1302/1302
f 1306/1306 1307/1307 1304/1304
f 1304/1304 1307/1307 1308/1308
f 1308/1308 1307/1307 1309/1309
f 1310/1310 1307/1307 1306/1306
f 1309/1309 1307/1307 1311/1311
f 1310/1310 1312/1312 1307/1307
f 1309/1309 1311/1311 1313/1313
f 1314/1314 1312/1312 1310/1310
f 1311/1311 1315/1315 1314/1314
f 1311/1311 1316/1316 1315/1315
f 318/318 1314/1314 1310/1310
f 318/318 1310/1310 1317/1317
f 280/280 277/277 1317/1317
f 320/320 1317/1317 277/277
f 1318/1318 1317/1317 320/320
f 1318/1318 318/318 1317/1317
f 1318/1318 320/320 318/318
f 1319/1319 318/318 317/317
f 1319/1319 317/317 1320/1320
f 1320/1320 1321/1321 1319/1319
f 1321/1321 1322/1322 1319/1319
f 1323/1323 1321/1321 1320/1320
f 1324/1324 1321/1321 1323/1323
f 1325/1325 1323/1323 1320/1320
f 1326/1326 1323/1323 1325/1325
f 1327/1327 1322/1322 1321/1321
f 1326/1326 1325/1325 1327/1327
f 1326/1326 1327/1327 1328/1328
f 1327/1327 327/327 1322/1322
f 1327/1327 1325/1325 327/327
f 327/327 1325/1325 323/323
f 327/327 1329/1329 1322/1322
f 327/327 1330/1330 1329/1329
f 1331/1331 1330/1330 327/327
f 1313/1313 1330/1330 1332/1332
f 1331/1331 1332/1332 1330/1330
f 1331/1331 1333/1333 1332/1332
f 1334/1334 1332/1332 1333/1333
f 1334/1334 1335/1335 1332/1332
f 1331/1331 1336/1336 1333/1333
f 1335/1335 1334/1334 1337/1337
f 1338/1338 1336/1336 1331/1331
f 1338/1338 1331/1331 1339/1339
f 1339/1339 1331/1331 1340/1340
f 1338/1338 1339/1339 1341/1341
f 1342/1342 1341/1341 1336/1336
f 1343/1343 1341/1341 1342/1342
f 1334/1334 1344/1344 1337/1337
f 1344/1344 1345/1345 1337/1337
f 1337/1337 1345/1345 1346/1346
f 1347/1347 1337/1337 1346/1346
f 1348/1348 1337/1337 1347/1347
f 1347/1347 1346/1346 1349/1349
f 1350/1350 1349/1349 1345/1345
f 1347/1347 1349/1349 1350/1350
f 1351/1351 1352/1352 1348/1348
f 1351/1351 1353/1353 1352/1352
f 1354/1354 1355/1355 1356/1356
f 1357/1357 1354/1354 1356/1356
f 1357/1357 1358/1358 1354/1354
f 1359/1359 1358/1358 1357/1357
f 1359/1359 1360/1360 1358/1358
f 1361/1361 1359/1359 1356/1356
f 1360/1360 1359/1359 1361/1361
f 1362/1362 1355/1355 1363/1363
f 1363/1363 1364/1364 1362/1362
f 1363/1363 1365/1365 1366/1366
f 1365/1365 1363/1363 1367/1367
f 1365/1365 1367/1367 1368/1368
f 1367/1367 1369/1369 1368/1368
f 1368/1368 1369/1369 1370/1370
f 1368/1368 1370/1370 1371/1371
f 1371/1371 1372/1372 1368/1368
f 1373/1373 1361/1361 1374/1374
f 1375/1375 1376/1376 1373/1373
f 1375/1375 1373/1373 1377/1377
f 1377/1377 1378/1378 1379/1379
f 1379/1379 1378/1378 1374/1374
f 1374/1374 1380/1380 1381/1381
f 1381/1381 1380/1380 1382/1382
f 1382/1382 1383/1383 1381/1381
f 1382/1382 1384/1384 1383/1383
f 1385/1385 1384/1384 1382/1382
f 1380/1380 681/681 1385/1385
f 1385/1385 681/681 1384/1384
f 1386/1386 1387/1387 1388/1388
f 1389/1389 1387/1387 1386/1386
f 1386/1386 1388/1388 1390/1390
f 1390/1390 1388/1388 1391/1391
f 1391/1391 1388/1388 1392/1392
f 1392/1392 1388/1388 1393/1393
f 1392/1392 1393/1393 1394/1394
f 1394/1394 1393/1393 1395/1395
f 1394/1394 1395/1395 1396/1396
f 1396/1396 1395/1395 1397/1397
f 1397/1397 1395/1395 1398/1398
f 1399/1399 1400/1400 1401/1401
f 1399/1399 1402/1402 1403/1403
f 1402/1402 1404/1404 1403/1403
f 1405/1405 1404/1404 1402/1402
f 1405/1405 1402/1402 1406/1406
f 1407/1407 1405/1405 1406/1406
f 1408/1408 1407/1407 1409/1409
f 1409/1409 1407/1407 1410/1410
f 1407/1407 1411/1411 1405/1405
f 1411/1411 1412/1412 1405/1405
f 1413/1413 1412/1412 1411/1411
f 1413/1413 1414/1414 1412/1412
f 1415/1415 1414/1414 1413/1413
f 1416/1416 1414/1414 1415/1415
f 1415/1415 1417/1417 1418/1418
f 1419/1419 1420/1420 1415/1415
f 1419/1419 1421/1421 1420/1420
f 1422/1422 1413/1413 1423/1423
f 1423/1423 1413/1413 1424/1424
f 1425/1425 1424/1424 1411/1411
f 1426/1426 1424/1424 1425/1425
f 1427/1427 1411/1411 1428/1428
f 1428/1428 1411/1411 1429/1429
f 1428/1428 1429/1429 1430/1430
f 1430/1430 1429/1429 1431/1431
f 1430/1430 1431/1431 1432/1432
f 1432/1432 1431/1431 1433/1433
f 1431/1431 1434/1434 1433/1433
f 1431/1431 1435/1435 1434/1434
f 1436/1436 1435/1435 1431/1431
f 1436/1436 1437/1437 1435/1435
f 1406/1406 1437/1437 1436/1436
f 1406/1406 1438/1438 1437/1437
f 1439/1439 1438/1438 1406/1406
f 1438/1438 1439/1439 1440/1440
f 1438/1438 1440/1440 1441/1441
f 1441/1441 1440/1440 1442/1442
f 1441/1441 1442/1442 1443/1443
f 1443/1443 1442/1442 1444/1444
f 1441/1441 1443/1443 1445/1445
f 1445/1445 1443/1443 1446/1446
f 1445/1445 1446/1446 1433/1433
f 1446/1446 1447/1447 1433/1433
f 1447/1447 1448/1448 1433/1433
f 1447/1447 1449/1449 1448/1448
f 1450/1450 1449/1449 1447/1447
f 1451/1451 1448/1448 1452/1452
f 1452/1452 1448/1448 1423/1423
f 1449/1449 1453/1453 1454/1454
f 1455/1455 1453/1453 1449/1449
f 1455/1455 1416/1416 1453/1453
f 1456/1456 1457/1457 1443/1443
f 1457/1457 1456/1456 1458/1458
f 1459/1459 1457/1457 1458/1458
f 1458/1458 1460/1460 1461/1461
f 1461/1461 1460/1460 1462/1462
f 1462/1462 1460/1460 1463/1463
f 1464/1464 1465/1465 1456/1456
f 1464/1464 1466/1466 1465/1465
f 1456/1456 1465/1465 1467/1467
f 1456/1456 1467/1467 1468/1468
f 1468/1468 1467/1467 1469/1469
f 1468/1468 1469/1469 1470/1470
f 1471/1471 1470/1470 1469/1469
f 1472/1472 1473/1473 1474/1474
f 1475/1475 1474/1474 1473/1473
f 1476/1476 1474/1474 1475/1475
f 1472/1472 1474/1474 1477/1477
f 1472/1472 1478/1478 1473/1473
f 1479/1479 1472/1472 1477/1477
f 1480/1480 1479/1479 1481/1481
f 1482/1482 1479/1479 1480/1480
f 1472/1472 1479/1479 1482/1482
f 1481/1481 1479/1479 1483/1483
f 1484/1484 1483/1483 1479/1479
f 1485/1485 1483/1483 1484/1484
f 1486/1486 1483/1483 1485/1485
f 1487/1487 1486/1486 1485/1485
f 1488/1488 1486/1486 1487/1487
f 1489/1489 1486/1486 1488/1488
f 1486/1486 1490/1490 1483/1483
f 1483/1483 1490/1490 1491/1491
f 1492/1492 1490/1490 1486/1486
f 1493/1493 1492/1492 1486/1486
f 1494/1494 1490/1490 1492/1492
f 1490/1490 1494/1494 1495/1495
f 1496/1496 1495/1495 1494/1494
f 1497/1497 1495/1495 1496/1496
f 1497/1497 1496/1496 1498/1498
f 1499/1499 1495/1495 1497/1497
f 1498/1498 1496/1496 1500/1500
f 1500/1500 1496/1496 1501/1501
f 1500/1500 1501/1501 1502/1502
f 1499/1499 1503/1503 1495/1495
f 1504/1504 1503/1503 1499/1499
f 1499/1499 1502/1502 1504/1504
f 1502/1502 1501/1501 1505/1505
f 1502/1502 1505/1505 1504/1504
f 1504/1504 1505/1505 1503/1503
f 1503/1503 1505/1505 1506/1506
f 1506/1506 1505/1505 1507/1507
f 1508/1508 1507/1507 1505/1505
f 1506/1506 1507/1507 1509/1509
f 1509/1509 1507/1507 1510/1510
f 1511/1511 1510/1510 1507/1507
f 1512/1512 1511/1511 1507/1507
f 1512/1512 1507/1507 1513/1513
f 1510/1510 1511/1511 1514/1514
f 1513/1513 1507/1507 1515/1515
f 1515/1515 1507/1507 1516/1516
f 1513/1513 1515/1515 1517/1517
f 1513/1513 1517/1517 1518/1518
f 1517/1517 1515/1515 1519/1519
f 1517/1517 1519/1519 1518/1518
f 1518/1518 1519/1519 1514/1514
f 1514/1514 1519/1519 1510/1510
f 1519/1519 1515/1515 1520/1520
f 1521/1521 1519/1519 1520/1520
f 1521/1521 1520/1520 1522/1522
f 1522/1522 1520/1520 1523/1523
f 1524/1524 1519/1519 1521/1521
f 1522/1522 1523/1523 1525/1525
f 1522/1522 1525/1525 1526/1526
f 1524/1524 1526/1526 1527/1527
f 1526/1526 1525/1525 1527/1527
f 1524/1524 1527/1527 1519/1519
f 1528/1528 1527/1527 1525/1525
f 1528/1528 1519/1519 1527/1527
f 1519/1519 1528/1528 1510/1510
f 1528/1528 1529/1529 1510/1510
f 1510/1510 1529/1529 1530/1530
f 1510/1510 1530/1530 1531/1531
f 1528/1528 1532/1532 1529/1529
f 1533/1533 1531/1531 1530/1530
f 1528/1528 1534/1534 1532/1532
f 1531/1531 1533/1533 1535/1535
f 1535/1535 1533/1533 1534/1534
f 1535/1535 1534/1534 1528/1528
f 1535/1535 1536/1536 1531/1531
f 1528/1528 1537/1537 1535/1535
f 1538/1538 1537/1537 1528/1528
f 1539/1539 1536/1536 1535/1535
f 1537/1537 1538/1538 1540/1540
f 1541/1541 1535/1535 1537/1537
f 1541/1541 1539/1539 1535/1535
f 1540/1540 1542/1542 1543/1543
f 1540/1540 1538/1538 1544/1544
f 1545/1545 1539/1539 1541/1541
f 1540/1540 1544/1544 1545/1545
f 1539/1539 1545/1545 1544/1544
f 1544/1544 1546/1546 1539/1539
f 1539/1539 1546/1546 1547/1547
f 1548/1548 1547/1547 1546/1546
f 1539/1539 1547/1547 1549/1549
f 1548/1548 1549/1549 1547/1547
f 1550/1550 1549/1549 1548/1548
f 1544/1544 1551/1551 1546/1546
f 1552/1552 1550/1550 1551/1551
f 1552/1552 1551/1551 1544/1544
f 1552/1552 1549/1549 1550/1550
f 1544/1544 1553/1553 1552/1552
f 1552/1552 1553/1553 1554/1554
f 1544/1544 1555/1555 1553/1553
f 1553/1553 1555/1555 1554/1554
f 1556/1556 1555/1555 1544/1544
f 1557/1557 1555/1555 1556/1556
f 1557/1557 1558/1558 1555/1555
f 1552/1552 1554/1554 1559/1559
f 1557/1557 1560/1560 1558/1558
f 1560/1560 1559/1559 1558/1558
f 1561/1561 1560/1560 1557/1557
f 1561/1561 1559/1559 1560/1560
f 1559/1559 1561/1561 1552/1552
f 1552/1552 1561/1561 1549/1549
f 1562/1562 1549/1549 1561/1561
f 1549/1549 1562/1562 1563/1563
f 1562/1562 1561/1561 1564/1564
f 1549/1549 1563/1563 1565/1565
f 1565/1565 1566/1566 1549/1549
f 1565/1565 1482/1482 1566/1566
f 1472/1472 1482/1482 1565/1565
f 1563/1563 1472/1472 1565/1565
f 1567/1567 1472/1472 1563/1563
f 1567/1567 1568/1568 1472/1472
f 1568/1568 1478/1478 1472/1472
f 1568/1568 1569/1569 1478/1478
f 1570/1570 1478/1478 1569/1569
f 1569/1569 1571/1571 1570/1570
f 1569/1569 1572/1572 1571/1571
f 1573/1573 1572/1572 1569/1569
f 1573/1573 1561/1561 1572/1572
f 1568/1568 1574/1574 1569/1569
f 1573/1573 1575/1575 1561/1561
f 1568/1568 1576/1576 1574/1574
f 1576/1576 1575/1575 1574/1574
f 1564/1564 1576/1576 1568/1568
f 1561/1561 1575/1575 1564/1564
f 1564/1564 1575/1575 1576/1576
f 1577/1577 1578/1578 1579/1579
f 1580/1580 1579/1579 1581/1581
f 1579/1579 1578/1578 1581/1581
f 1581/1581 1578/1578 1582/1582
f 1577/1577 1583/1583 1578/1578
f 1584/1584 1583/1583 1577/1577
f 1584/1584 1585/1585 1583/1583
f 1586/1586 1584/1584 1577/1577
f 1577/1577 1587/1587 1586/1586
f 1588/1588 1585/1585 1584/1584
f 1586/1586 1589/1589 1584/1584
f 1588/1588 1590/1590 1585/1585
f 1591/1591 1589/1589 1586/1586
f 1592/1592 1590/1590 1588/1588
f 1593/1593 1589/1589 1591/1591
f 1593/1593 1592/1592 1588/1588
f 1591/1591 1592/1592 1593/1593
f 1592/1592 1594/1594 1590/1590
f 1594/1594 1595/1595 1578/1578
f 1594/1594 1592/1592 1595/1595
f 1578/1578 1595/1595 1596/1596
f 1578/1578 1596/1596 1582/1582
f 1582/1582 1596/1596 1597/1597
f 1582/1582 1597/1597 1598/1598
f 1599/1599 1582/1582 1598/1598
f 1582/1582 1599/1599 1600/1600
f 1582/1582 1600/1600 1601/1601
f 1602/1602 1601/1601 1600/1600
f 1602/1602 1603/1603 1601/1601
f 1602/1602 1604/1604 1603/1603
f 1604/1604 1605/1605 1603/1603
f 1606/1606 1603/1603 1605/1605
f 1607/1607 1603/1603 1606/1606
f 1606/1606 1605/1605 1608/1608
f 1606/1606 1608/1608 1609/1609
f 1610/1610 1611/1611 1606/1606
f 1610/1610 1606/1606 1612/1612
f 1606/1606 1609/1609 1612/1612
f 1613/1613 1610/1610 1612/1612
f 1614/1614 1613/1613 1612/1612
f 1612/1612 1609/1609 1615/1615
f 1615/1615 1609/1609 1616/1616
f 1612/1612 1615/1615 1617/1617
f 1618/1618 1616/1616 1609/1609
f 1612/1612 1617/1617 1619/1619
f 1612/1612 1619/1619 1614/1614
f 1618/1618 1620/1620 1616/1616
f 1614/1614 1619/1619 1620/1620
f 1621/1621 1620/1620 1618/1618
f 1614/1614 1620/1620 1622/1622
f 1622/1622 1620/1620 1621/1621
f 1622/1622 1621/1621 1623/1623
f 1624/1624 1622/1622 1623/1623
f 1624/1624 1623/1623 1625/1625
f 1624/1624 1625/1625 1626/1626
f 1627/1627 1624/1624 1626/1626
f 1627/1627 1626/1626 1628/1628
f 1627/1627 1628/1628 1629/1629
f 1627/1627 1629/1629 1630/1630
f 1631/1631 1624/1624 1627/1627
f 1624/1624 1631/1631 1632/1632
f 1631/1631 1627/1627 1633/1633
f 1624/1624 1632/1632 1634/1634
f 1635/1635 1624/1624 1634/1634
f 1634/1634 1632/1632 1636/1636
f 1634/1634 1636/1636 1637/1637
f 1637/1637 1633/1633 1627/1627
f 1638/1638 1634/1634 1637/1637
f 1637/1637 1639/1639 1638/1638
f 1637/1637 1627/1627 1639/1639
f 1638/1638 1640/1640 1634/1634
f 1641/1641 1634/1634 1640/1640
f 1642/1642 1640/1640 1638/1638
f 1643/1643 1640/1640 1642/1642
f 1639/1639 1627/1627 1643/1643
f 1643/1643 1627/1627 1640/1640
f 1641/1641 1640/1640 1644/1644
f 1644/1644 1640/1640 1627/1627
f 1645/1645 1644/1644 1627/1627
f 1627/1627 1646/1646 1645/1645
f 1627/1627 1647/1647 1646/1646
f 1648/1648 1644/1644 1645/1645
f 1647/1647 1627/1627 1649/1649
f 1648/1648 1649/1649 1644/1644
f 1647/1647 1649/1649 1650/1650
f 1650/1650 1649/1649 1648/1648
f 1627/1627 1630/1630 1649/1649
f 1649/1649 1630/1630 1651/1651
f 1649/1649 1651/1651 1652/1652
f 1652/1652 1651/1651 1653/1653
f 1652/1652 1653/1653 1654/1654
f 1652/1652 1654/1654 1592/1592
f 1652/1652 1655/1655 1649/1649
f 1649/1649 1655/1655 1656/1656
f 1652/1652 1657/1657 1655/1655
f 1657/1657 1652/1652 1658/1658
f 1658/1658 1659/1659 1656/1656
f 1656/1656 1659/1659 1649/1649
f 1649/1649 1659/1659 1644/1644
f 1592/1592 1660/1660 1652/1652
f 1592/1592 1661/1661 1660/1660
f 1652/1652 1660/1660 1662/1662
f 1663/1663 1661/1661 1592/1592
f 1652/1652 1664/1664 1659/1659
f 1659/1659 1664/1664 1644/1644
f 1652/1652 1662/1662 1664/1664
f 1644/1644 1664/1664 1665/1665
f 1664/1664 1662/1662 1663/1663
f 1663/1663 1666/1666 1661/1661
f 1663/1663 1662/1662 1666/1666
f 1663/1663 1667/1667 1664/1664
f 1664/1664 1667/1667 1668/1668
f 1663/1663 1669/1669 1667/1667
f 1668/1668 1670/1670 1664/1664
f 1663/1663 1591/1591 1669/1669
f 1671/1671 1670/1670 1668/1668
f 1671/1671 1591/1591 1670/1670
f 1669/1669 1591/1591 1671/1671
f 1672/1672 1673/1673 1674/1674
f 1675/1675 1673/1673 1672/1672
f 1675/1675 1672/1672 1676/1676
f 1677/1677 1674/1674 1673/1673
f 1677/1677 1673/1673 1678/1678
f 1679/1679 1674/1674 1677/1677
f 1678/1678 1673/1673 1680/1680
f 1679/1679 1681/1681 1674/1674
f 1682/1682 1678/1678 1680/1680
f 1679/1679 1683/1683 1681/1681
f 1684/1684 1683/1683 1679/1679
f 1685/1685 1683/1683 1684/1684
f 1682/1682 1680/1680 1686/1686
f 1682/1682 1686/1686 1687/1687
f 1687/1687 1686/1686 1688/1688
f 1687/1687 1688/1688 1689/1689
f 1689/1689 1688/1688 1690/1690
f 1689/1689 1690/1690 1691/1691
f 1691/1691 1690/1690 1692/1692
f 1693/1693 1694/1694 1685/1685
f 1695/1695 1694/1694 1693/1693
f 1695/1695 1696/1696 1694/1694
f 1697/1697 1696/1696 1695/1695
f 1697/1697 1698/1698 1696/1696
f 1699/1699 1698/1698 1697/1697
f 1700/1700 1698/1698 1699/1699
f 1700/1700 1701/1701 1698/1698
f 1692/1692 1702/1702 1703/1703
f 1703/1703 1702/1702 1704/1704
f 1704/1704 1702/1702 1705/1705
f 1706/1706 1707/1707 1708/1708
f 1709/1709 1706/1706 1710/1710
f 1709/1709 1710/1710 1711/1711
f 1712/1712 1713/1713 1714/1714
f 1712/1712 1715/1715 1713/1713
f 1712/1712 1716/1716 1717/1717
f 1716/1716 1718/1718 1719/1719
f 1716/1716 1720/1720 1718/1718
f 1721/1721 1716/1716 1712/1712
f 1721/1721 1722/1722 1720/1720
f 1722/1722 1721/1721 1712/1712
f 1723/1723 1722/1722 1712/1712
f 1723/1723 1724/1724 1722/1722
f 1725/1725 1724/1724 1723/1723
f 1726/1726 1725/1725 1723/1723
f 1726/1726 1727/1727 1725/1725
f 1726/1726 1728/1728 1727/1727
f 1726/1726 1729/1729 1728/1728
f 1728/1728 1729/1729 1730/1730
f 1731/1731 1729/1729 1726/1726
f 1729/1729 1731/1731 1732/1732
f 1732/1732 1731/1731 1733/1733
f 1732/1732 1733/1733 1734/1734
f 1735/1735 1734/1734 1733/1733
f 1736/1736 1732/1732 1737/1737
f 1732/1732 1736/1736 1738/1738
f 1738/1738 1736/1736 1739/1739
f 1738/1738 1739/1739 1740/1740
f 1740/1740 1739/1739 1741/1741
f 1741/1741 1739/1739 1742/1742
f 1742/1742 1739/1739 1743/1743
f 1743/1743 1739/1739 1744/1744
f 1735/1735 1745/1745 1734/1734
f 1735/1735 1746/1746 1745/1745
f 1747/1747 1746/1746 1735/1735
f 1746/1746 1747/1747 1748/1748
f 1735/1735 1745/1745 1749/1749
f 1749/1749 1745/1745 1735/1735
f 1749/1749 1750/1750 1745/1745
f 1749/1749 1745/1745 1750/1750
f 1751/1751 1752/1752 1753/1753
f 1751/1751 1753/1753 1754/1754
f 1755/1755 1752/1752 1751/1751
f 1755/1755 1756/1756 1752/1752
f 1757/1757 1756/1756 1755/1755
f 1757/1757 1758/1758 1756/1756
f 1759/1759 1758/1758 1757/1757
f 1751/1751 1754/1754 1760/1760
f 1759/1759 1757/1757 1761/1761
f 1751/1751 1760/1760 1762/1762
f 1759/1759 1761/1761 1763/1763
f 1764/1764 1763/1763 1761/1761
f 1764/1764 1765/1765 1763/1763
f 1764/1764 1766/1766 1765/1765
f 1764/1764 1761/1761 1766/1766
f 1767/1767 1766/1766 1761/1761
f 1762/1762 1760/1760 1768/1768
f 1769/1769 1766/1766 1767/1767
f 1769/1769 1770/1770 1766/1766
f 1770/1770 1769/1769 1771/1771
f 1767/1767 1772/1772 1769/1769
f 1773/1773 1772/1772 1767/1767
f 1771/1771 1769/1769 1774/1774
f 1774/1774 1769/1769 1772/1772
f 1774/1774 1772/1772 1773/1773
f 1774/1774 1773/1773 1775/1775
f 1776/1776 1774/1774 1775/1775
f 1776/1776 1775/1775 1777/1777
f 1777/1777 1775/1775 1778/1778
f 1777/1777 1778/1778 1779/1779
f 1779/1779 1778/1778 1780/1780
f 1779/1779 1780/1780 1781/1781
f 1782/1782 1781/1781 1783/1783
f 1782/1782 1783/1783 1784/1784
f 1784/1784 1785/1785 1786/1786
f 1784/1784 1783/1783 1787/1787
f 1783/1783 1780/1780 1787/1787
f 1787/1787 1780/1780 1788/1788
f 1787/1787 1788/1788 1789/1789
f 1787/1787 1789/1789 1790/1790
f 1790/1790 1791/1791 1787/1787
f 1792/1792 1791/1791 1790/1790
f 1793/1793 1791/1791 1792/1792
f 1793/1793 1794/1794 1791/1791
f 1794/1794 1793/1793 1795/1795
f 1793/1793 1792/1792 1795/1795
f 1795/1795 1796/1796 1794/1794
f 1792/1792 1797/1797 1796/1796
f 1792/1792 1798/1798 1797/1797
f 1799/1799 1798/1798 1792/1792
f 1799/1799 1800/1800 1798/1798
f 1801/1801 1800/1800 1799/1799
f 1802/1802 1800/1800 1801/1801
f 1802/1802 1801/1801 1803/1803
f 1803/1803 1804/1804 1802/1802
f 1802/1802 1804/1804 1805/1805
f 1806/1806 1805/1805 1807/1807
f 1808/1808 1804/1804 1803/1803
f 1809/1809 1808/1808 1803/1803
f 1808/1808 1810/1810 1804/1804
f 1810/1810 1811/1811 1805/1805
f 1808/1808 1811/1811 1810/1810
f 1812/1812 1811/1811 1808/1808
f 1812/1812 1808/1808 1813/1813
f 1809/1809 1814/1814 1813/1813
f 1813/1813 1815/1815 1812/1812
f 1813/1813 1814/1814 1815/1815
f 1812/1812 1815/1815 1816/1816
f 1817/1817 1816/1816 1815/1815
f 1818/1818 1815/1815 1814/1814
f 1817/1817 1818/1818 1819/1819
f 1818/1818 1814/1814 1820/1820
f 1819/1819 1818/1818 1820/1820
f 1819/1819 1820/1820 1821/1821
f 1822/1822 1823/1823 1824/1824
f 1822/1822 1825/1825 1823/1823
f 1826/1826 1823/1823 1825/1825
f 1827/1827 1823/1823 1826/1826
f 1828/1828 1823/1823 1827/1827
f 1827/1827 1829/1829 1828/1828
f 1830/1830 1829/1829 1827/1827
f 1831/1831 1830/1830 1832/1832
f 1832/1832 1830/1830 1833/1833
f 1834/1834 1835/1835 1836/1836
f 1836/1836 1837/1837 1834/1834
f 1838/1838 1837/1837 1836/1836
f 1839/1839 1840/1840 1841/1841
f 1839/1839 1841/1841 1842/1842
f 1842/1842 1843/1843 1839/1839
f 1844/1844 1839/1839 1843/1843
f 1844/1844 1843/1843 1845/1845
f 1846/1846 1839/1839 1844/1844
f 1847/1847 1848/1848 1845/1845
f 1846/1846 1849/1849 1839/1839
f 1848/1848 1850/1850 1846/1846
f 1846/1846 1850/1850 1851/1851
f 1850/1850 1848/1848 1852/1852
f 1853/1853 1849/1849 1846/1846
f 1846/1846 1851/1851 1853/1853
f 1853/1853 1854/1854 1849/1849
f 1852/1852 1848/1848 1855/1855
f 1853/1853 1851/1851 1856/1856
f 1853/1853 1857/1857 1854/1854
f 1853/1853 1856/1856 1858/1858
f 1858/1858 1857/1857 1853/1853
f 1858/1858 1856/1856 1859/1859
f 1858/1858 1860/1860 1857/1857
f 1861/1861 1860/1860 1858/1858
f 1858/1858 1859/1859 1861/1861
f 1861/1861 1862/1862 1860/1860
f 1861/1861 1859/1859 1863/1863
f 1863/1863 1862/1862 1861/1861
f 1863/1863 1864/1864 1862/1862
f 1863/1863 1859/1859 1865/1865
f 1866/1866 1864/1864 1863/1863
f 1863/1863 1865/1865 1866/1866
f 1866/1866 1865/1865 1867/1867
f 1868/1868 1852/1852 1855/1855
f 1869/1869 1852/1852 1868/1868
f 1868/1868 1855/1855 1870/1870
f 1869/1869 1871/1871 1852/1852
f 1872/1872 1871/1871 1869/1869
f 1870/1870 1855/1855 1873/1873
f 1871/1871 1872/1872 1873/1873
f 1870/1870 1873/1873 1874/1874
f 1874/1874 1873/1873 1872/1872
f 1875/1875 1870/1870 1874/1874
f 1874/1874 1872/1872 1875/1875
f 1876/1876 1877/1877 1878/1878
f 1878/1878 1877/1877 1879/1879
f 1876/1876 1880/1880 1877/1877
f 1880/1880 1881/1881 1877/1877
f 1882/1882 1879/1879 1877/1877
f 1882/1882 1877/1877 1883/1883
f 1883/1883 1877/1877 1884/1884
f 1882/1882 1883/1883 1885/1885
f 1883/1883 1884/1884 1886/1886
f 1886/1886 1884/1884 1887/1887
f 1887/1887 1884/1884 1888/1888
f 1887/1887 1888/1888 1889/1889
f 1887/1887 1889/1889 1890/1890
f 1890/1890 1889/1889 1891/1891
f 1890/1890 1891/1891 1892/1892
f 1893/1893 1883/1883 1886/1886
f 1893/1893 1886/1886 1894/1894
f 1895/1895 1883/1883 1893/1893
f 1895/1895 1885/1885 1883/1883
f 1893/1893 1894/1894 1896/1896
f 1897/1897 1885/1885 1895/1895
f 1896/1896 1894/1894 1898/1898
f 1897/1897 1899/1899 1885/1885
f 1896/1896 1898/1898 1900/1900
f 1901/1901 1899/1899 1897/1897
f 1900/1900 1898/1898 1902/1902
f 1902/1902 1898/1898 1892/1892
f 1902/1902 1892/1892 1903/1903
f 1901/1901 1904/1904 1899/1899
f 1905/1905 1904/1904 1901/1901
f 1905/1905 1906/1906 1904/1904
f 1907/1907 1908/1908 1901/1901
f 1906/1906 1909/1909 1907/1907
f 1907/1907 1909/1909 1910/1910
f 1911/1911 1912/1912 1913/1913
f 1913/1913 1914/1914 1911/1911
f 1912/1912 1915/1915 1913/1913
f 1916/1916 1915/1915 1912/1912
f 1916/1916 1917/1917 1915/1915
f 1918/1918 1915/1915 1917/1917
f 1915/1915 1919/1919 1913/1913
f 1919/1919 1920/1920 1913/1913
f 1921/1921 1919/1919 1922/1922
f 1919/1919 1923/1923 1922/1922
f 1915/1915 1923/1923 1919/1919
f 1924/1924 1925/1925 1923/1923
f 1915/1915 1924/1924 1923/1923
f 1918/1918 1926/1926 1915/1915
f 1918/1918 1927/1927 1926/1926
f 1918/1918 1928/1928 1927/1927
f 1929/1929 1928/1928 1918/1918
f 1930/1930 1928/1928 1929/1929
f 1915/1915 1926/1926 1931/1931
f 1931/1931 1926/1926 1932/1932
f 1933/1933 1915/1915 1931/1931
f 1932/1932 1933/1933 1931/1931
f 1933/1933 1924/1924 1915/1915
f 1934/1934 1933/1933 1932/1932
f 1933/1933 1934/1934 1924/1924
f 1924/1924 1934/1934 1935/1935
f 1935/1935 1934/1934 1936/1936
f 1937/1937 1938/1938 1939/1939
f 1937/1937 1940/1940 1938/1938
f 1941/1941 1942/1942 1937/1937
f 1941/1941 1943/1943 1942/1942
f 1944/1944 1945/1945 1946/1946
f 1946/1946 1945/1945 1947/1947
f 1945/1945 1948/1948 1947/1947
f 1947/1947 1949/1949 1946/1946
f 1946/1946 1949/1949 1950/1950
f 1951/1951 1952/1952 1944/1944
f 1951/1951 1953/1953 1952/1952
f 1953/1953 1951/1951 1954/1954
f 1954/1954 1951/1951 1955/1955
f 1956/1956 1957/1957 1958/1958
f 1959/1959 1957/1957 1956/1956
f 1960/1960 1958/1958 1957/1957
f 1960/1960 1961/1961 1958/1958
f 1960/1960 1957/1957 1962/1962
f 1963/1963 1961/1961 1960/1960
f 1962/1962 1963/1963 1960/1960
f 1963/1963 1964/1964 1961/1961
f 1965/1965 1964/1964 1963/1963
f 1965/1965 1963/1963 1962/1962
f 1962/1962 1957/1957 1966/1966
f 1966/1966 1967/1967 1962/1962
f 1966/1966 1968/1968 1967/1967
f 1762/1762 1968/1968 1966/1966
f 1962/1962 1967/1967 1768/1768
f 1762/1762 1768/1768 1968/1968
f 1768/1768 1967/1967 1968/1968
f 1768/1768 1760/1760 1969/1969
f 1768/1768 1969/1969 1970/1970
f 1970/1970 1969/1969 1971/1971
f 1971/1971 1969/1969 1972/1972
f 1972/1972 1969/1969 1973/1973
f 1973/1973 1969/1969 1974/1974
f 1974/1974 1969/1969 1754/1754
f 1975/1975 1976/1976 1977/1977
f 1976/1976 1975/1975 1978/1978
f 1976/1976 1978/1978 1979/1979
f 1975/1975 1977/1977 1980/1980
f 1975/1975 1980/1980 1980/1980
f 1980/1980 1977/1977 1981/1981
f 1975/1975 1980/1980 1982/1982
f 1980/1980 1981/1981 1982/1982
f 1982/1982 1981/1981 1983/1983
f 1982/1982 1983/1983 1984/1984
f 1984/1984 1983/1983 1985/1985
f 1986/1986 1987/1987 1988/1988
f 1989/1989 1988/1988 1990/1990
f 1991/1991 1992/1992 1993/1993
f 1994/1994 1992/1992 1991/1991
f 1994/1994 1995/1995 1992/1992
f 1996/1996 1997/1997 1998/1998
f 1998/1998 1997/1997 1999/1999
f 1999/1999 1997/1997 2000/2000
f 1997/1997 2001/2001 2000/2000
f 2000/2000 2001/2001 2002/2002
f 2003/2003 2001/2001 1997/1997
f 2004/2004 2002/2002 2001/2001
f 2001/2001 2003/2003 2005/2005
f 2003/2003 1996/1996 2006/2006
f 2005/2005 2003/2003 2006/2006
f 2004/2004 2007/2007 2002/2002
f 2007/2007 2008/2008 2002/2002
f 2007/2007 2004/2004 2009/2009
f 2008/2008 2007/2007 2010/2010
f 2007/2007 2009/2009 2010/2010
f 2008/2008 2010/2010 2011/2011
f 2012/2012 2011/2011 2010/2010
f 2010/2010 2009/2009 2012/2012
f 2009/2009 2013/2013 2012/2012
f 2012/2012 2013/2013 2014/2014
f 2005/2005 2006/2006 2015/2015
f 2016/2016 2015/2015 2006/2006
f 2017/2017 2015/2015 2016/2016
f 2018/2018 2016/2016 2006/2006
f 2018/2018 2019/2019 2016/2016
f 2020/2020 2018/2018 2006/2006
f 2019/2019 2018/2018 2021/2021
f 2019/2019 2021/2021 2017/2017
f 2017/2017 2021/2021 2015/2015
f 2021/2021 2022/2022 2015/2015
f 2020/2020 2006/2006 2023/2023
f 2024/2024 2015/2015 2022/2022
f 2023/2023 2006/2006 1998/1998
f 2022/2022 2025/2025 2024/2024
f 2026/2026 2025/2025 2022/2022
f 2024/2024 2025/2025 2027/2027
f 2026/2026 2028/2028 2027/2027
f 2029/2029 2024/2024 2027/2027
f 2027/2027 2028/2028 2029/2029
f 2030/2030 2029/2029 2028/2028
f 2028/2028 2031/2031 2030/2030
f 2030/2030 2031/2031 2032/2032
f 2032/2032 2031/2031 2023/2023
f 2032/2032 2023/2023 2033/2033
f 1998/1998 2033/2033 2023/2023
f 2034/2034 2033/2033 1998/1998
f 2035/2035 2036/2036 2037/2037
f 2038/2038 2036/2036 2035/2035
f 2039/2039 2036/2036 2038/2038
f 2039/2039 2040/2040 2036/2036
f 2041/2041 2040/2040 2039/2039
f 2037/2037 2036/2036 2042/2042
f 2037/2037 2042/2042 2043/2043
f 2043/2043 2042/2042 2044/2044
f 2043/2043 2044/2044 2045/2045
f 2046/2046 2047/2047 2048/2048
f 2049/2049 2047/2047 2046/2046
f 2049/2049 2050/2050 2047/2047
f 2051/2051 2050/2050 2049/2049
f 2052/2052 2050/2050 2051/2051
f 2046/2046 2048/2048 2053/2053
f 2054/2054 2048/2048 2055/2055
f 2056/2056 2048/2048 2054/2054
f 2056/2056 2053/2053 2048/2048
f 2056/2056 2054/2054 2057/2057
f 2056/2056 2058/2058 2053/2053
f 2053/2053 2058/2058 2059/2059
f 2056/2056 2057/2057 2060/2060
f 2059/2059 2058/2058 2060/2060
f 2059/2059 2060/2060 2057/2057
f 2059/2059 2057/2057 2061/2061
f 2061/2061 2057/2057 2062/2062
f 2061/2061 2062/2062 2063/2063
f 2063/2063 2062/2062 476/476
f 2063/2063 476/476 2064/2064
f 2064/2064 476/476 2065/2065
f 2064/2064 2065/2065 2066/2066
f 2066/2066 2065/2065 2067/2067
f 2068/2068 2069/2069 2070/2070
f 2068/2068 2070/2070 2071/2071
f 2072/2072 2071/2071 2070/2070
f 2073/2073 2074/2074 2075/2075
f 2073/2073 2076/2076 2077/2077
f 2078/2078 2079/2079 2080/2080
f 2080/2080 2079/2079 2081/2081
f 2079/2079 2078/2078 2082/2082
f 2083/2083 2084/2084 2085/2085
f 2085/2085 2086/2086 2087/2087
f 2085/2085 2087/2087 2088/2088
f 2089/2089 2090/2090 2085/2085
f 2091/2091 2090/2090 2089/2089
f 2091/2091 2092/2092 2090/2090
f 2093/2093 2094/2094 2088/2088
f 2095/2095 2094/2094 2096/2096
f 2093/2093 2097/2097 2096/2096
f 2093/2093 2098/2098 2097/2097
f 2099/2099 2100/2100 2095/2095
f 2099/2099 2101/2101 2100/2100
f 2102/2102 2101/2101 2099/2099
f 2102/2102 2103/2103 2101/2101
f 2104/2104 2103/2103 2102/2102
f 2103/2103 2104/2104 2105/2105
f 2106/2106 2104/2104 2100/2100
f 2100/2100 2104/2104 2107/2107
f 2108/2108 2109/2109 2107/2107
f 2109/2109 2110/2110 2111/2111
f 2112/2112 2113/2113 2108/2108
f 2110/2110 2113/2113 2112/2112
f 2111/2111 2114/2114 2115/2115
f 2116/2116 2117/2117 2115/2115
f 2114/2114 2118/2118 2119/2119
f 2118/2118 2120/2120 2116/2116
f 2118/2118 2114/2114 2121/2121
f 2118/2118 2121/2121 2120/2120
f 2122/2122 2123/2123 2117/2117
f 2124/2124 2125/2125 2123/2123
f 2124/2124 2123/2123 2126/2126
f 2127/2127 2126/2126 2122/2122
f 2124/2124 2126/2126 2127/2127
f 2128/2128 2129/2129 2130/2130
f 2128/2128 2130/2130 2131/2131
f 2132/2132 2133/2133 2134/2134
f 2135/2135 2136/2136 2132/2132
f 2135/2135 2137/2137 2136/2136
f 2138/2138 2137/2137 2135/2135
f 2137/2137 2138/2138 2139/2139
f 2140/2140 2137/2137 2141/2141
f 2142/2142 2143/2143 2144/2144
f 2145/2145 2146/2146 2142/2142
f 2147/2147 2146/2146 2145/2145
f 2148/2148 2149/2149 2150/2150
f 2151/2151 2148/2148 2150/2150
f 2150/2150 2152/2152 2151/2151
f 2153/2153 2154/2154 2155/2155
f 2155/2155 2154/2154 2156/2156
f 2155/2155 2156/2156 2157/2157
f 2157/2157 2156/2156 2158/2158
f 2157/2157 2158/2158 2159/2159
f 2160/2160 2153/2153 2155/2155
f 2161/2161 2157/2157 2159/2159
f 2160/2160 2162/2162 2153/2153
f 2162/2162 2160/2160 2163/2163
f 2163/2163 2164/2164 2162/2162
f 2162/2162 2165/2165 2153/2153
f 2163/2163 2166/2166 2164/2164
f 2166/2166 2167/2167 2164/2164
f 2164/2164 2167/2167 2168/2168
f 2153/2153 2165/2165 2169/2169
f 2153/2153 2169/2169 2170/2170
f 2171/2171 2169/2169 2165/2165
f 2171/2171 2172/2172 2169/2169
f 2165/2165 2173/2173 2171/2171
f 2173/2173 2165/2165 2174/2174
f 2175/2175 2174/2174 2176/2176
f 2177/2177 2172/2172 2178/2178
f 2177/2177 2179/2179 2172/2172
f 2180/2180 2179/2179 2177/2177
f 2180/2180 2161/2161 2179/2179
f 2159/2159 2179/2179 2161/2161
f 2159/2159 2181/2181 2179/2179
f 2182/2182 2161/2161 2180/2180
f 2183/2183 2161/2161 2182/2182
f 2183/2183 2184/2184 2178/2178
f 2183/2183 2182/2182 2184/2184
f 2185/2185 2182/2182 2186/2186
f 2187/2187 2175/2175 2188/2188
f 2187/2187 2188/2188 2189/2189
f 2189/2189 2188/2188 2166/2166
f 2190/2190 2187/2187 2189/2189
f 2190/2190 2189/2189 2191/2191
f 2191/2191 2189/2189 2163/2163
f 2192/2192 2193/2193 2194/2194
f 2195/2195 2193/2193 2192/2192
f 2192/2192 2196/2196 2195/2195
f 2197/2197 2198/2198 2195/2195
f 2197/2197 2195/2195 2199/2199
f 2197/2197 2199/2199 2200/2200
f 2196/2196 2200/2200 2199/2199
f 2200/2200 2196/2196 2201/2201
f 2202/2202 2201/2201 2193/2193
f 2193/2193 2203/2203 2204/2204
f 2204/2204 2203/2203 2202/2202
f 2202/2202 2203/2203 2205/2205
f 2202/2202 2206/2206 2207/2207
f 2207/2207 2208/2208 2209/2209
f 2209/2209 2208/2208 2210/2210
f 2210/2210 2208/2208 2211/2211
f 2211/2211 2212/2212 2210/2210
f 2213/2213 2214/2214 2215/2215
f 2214/2214 2216/2216 2215/2215
f 2216/2216 2217/2217 2215/2215
f 2216/2216 2214/2214 2218/2218
f 2217/2217 2216/2216 2219/2219
f 2217/2217 2219/2219 2220/2220
f 2220/2220 2219/2219 2221/2221
f 2222/2222 2218/2218 2214/2214
f 2223/2223 2222/2222 2213/2213
f 2223/2223 2224/2224 2222/2222
f 2224/2224 2218/2218 2222/2222
f 2225/2225 2218/2218 2224/2224
f 2226/2226 2227/2227 2228/2228
f 2226/2226 2228/2228 2229/2229
f 2226/2226 2229/2229 2230/2230
f 2230/2230 2231/2231 2226/2226
f 2226/2226 2231/2231 2232/2232
f 2233/2233 2234/2234 2235/2235
f 2236/2236 2237/2237 2235/2235
f 2238/2238 2237/2237 2236/2236
f 2236/2236 2239/2239 2238/2238
f 2240/2240 2239/2239 2236/2236
f 2241/2241 2242/2242 2243/2243
f 2244/2244 2243/2243 2245/2245
f 2243/2243 2246/2246 2245/2245
f 2247/2247 2245/2245 2246/2246
f 2248/2248 2246/2246 2242/2242
f 2247/2247 2246/2246 2248/2248
f 2248/2248 2242/2242 2241/2241
f 2249/2249 2247/2247 2248/2248
f 2249/2249 2248/2248 2250/2250
f 2248/2248 2251/2251 2250/2250
f 2248/2248 2241/2241 2252/2252
f 2253/2253 2252/2252 2241/2241
f 2251/2251 2248/2248 2254/2254
f 2253/2253 2255/2255 2252/2252
f 2251/2251 2254/2254 2256/2256
f 2256/2256 2254/2254 2257/2257
f 2258/2258 2257/2257 2254/2254
f 2258/2258 2254/2254 2259/2259
f 2260/2260 2255/2255 2253/2253
f 2261/2261 2260/2260 2253/2253
f 2262/2262 2255/2255 2260/2260
f 2260/2260 2263/2263 2262/2262
f 2262/2262 2263/2263 2264/2264
f 2265/2265 2262/2262 2264/2264
f 2266/2266 2262/2262 2265/2265
f 2266/2266 2265/2265 2267/2267
f 2266/2266 2267/2267 2268/2268
f 2269/2269 2266/2266 2268/2268
f 2266/2266 2270/2270 2271/2271
f 2270/2270 2266/2266 2272/2272
f 2272/2272 2266/2266 2269/2269
f 2272/2272 2269/2269 2273/2273
f 2274/2274 2273/2273 2269/2269
f 2274/2274 2275/2275 2273/2273
f 2276/2276 2273/2273 2275/2275
f 2277/2277 2273/2273 2276/2276
f 2277/2277 2278/2278 2273/2273
f 2279/2279 2278/2278 2277/2277
f 2280/2280 2278/2278 2279/2279
f 2279/2279 2281/2281 2280/2280
f 2280/2280 2281/2281 2282/2282
f 2282/2282 2281/2281 2283/2283
f 2284/2284 2282/2282 2283/2283
f 2284/2284 2285/2285 2282/2282
f 2286/2286 2282/2282 2285/2285
f 2282/2282 2286/2286 2287/2287
f 2287/2287 2288/2288 2282/2282
f 2289/2289 2288/2288 2287/2287
f 2289/2289 2290/2290 2288/2288
f 2288/2288 2290/2290 2291/2291
f 2292/2292 2291/2291 2290/2290
f 2288/2288 2291/2291 2293/2293
f 2292/2292 2294/2294 2291/2291
f 2291/2291 2295/2295 2293/2293
f 2258/2258 2291/2291 2294/2294
f 2295/2295 2291/2291 2259/2259
f 2258/2258 2259/2259 2291/2291
f 2296/2296 2297/2297 2298/2298
f 2297/2297 2299/2299 2298/2298
f 2296/2296 2300/2300 2301/2301
f 2301/2301 2299/2299 2302/2302
f 2301/2301 2302/2302 2296/2296
f 2303/2303 2304/2304 2305/2305
f 2306/2306 2303/2303 2305/2305
f 2303/2303 2307/2307 2304/2304
f 2308/2308 2307/2307 2303/2303
f 2309/2309 2307/2307 2308/2308
f 2310/2310 2311/2311 2312/2312
f 2310/2310 2313/2313 2311/2311
f 2310/2310 2312/2312 2314/2314
f 2315/2315 2316/2316 2317/2317
f 2315/2315 2317/2317 2318/2318
f 2315/2315 2319/2319 2316/2316
f 2320/2320 2319/2319 2315/2315
f 2320/2320 2321/2321 2319/2319
f 2320/2320 2322/2322 2321/2321
f 2323/2323 2322/2322 2320/2320
f 2322/2322 2323/2323 2324/2324
f 2324/2324 2325/2325 2326/2326
f 2326/2326 2325/2325 2327/2327
f 2328/2328 2326/2326 2329/2329
f 2330/2330 2331/2331 2332/2332
f 2332/2332 2331/2331 2333/2333
f 2334/2334 2335/2335 2336/2336
f 2337/2337 2338/2338 2339/2339
f 2340/2340 2341/2341 2342/2342
f 2340/2340 2342/2342 2343/2343
f 2344/2344 2340/2340 2343/2343
f 2343/2343 2342/2342 2345/2345
f 2346/2346 2345/2345 2342/2342
f 2346/2346 2347/2347 2345/2345
f 2348/2348 2347/2347 2346/2346
f 2348/2348 2349/2349 2347/2347
f 2350/2350 2349/2349 2348/2348
f 2350/2350 2351/2351 2349/2349
f 2350/2350 2352/2352 2351/2351
f 2353/2353 2352/2352 2350/2350
f 2354/2354 2352/2352 2353/2353
f 2354/2354 2355/2355 2352/2352
f 2355/2355 2354/2354 2356/2356
f 2357/2357 2356/2356 2354/2354
f 2358/2358 2356/2356 2357/2357
f 2358/2358 2359/2359 2356/2356
f 2360/2360 2361/2361 2362/2362
f 2363/2363 2364/2364 2361/2361
f 2365/2365 2366/2366 2367/2367
f 2366/2366 2368/2368 2367/2367
f 2367/2367 2368/2368 2369/2369
f 2367/2367 2369/2369 2370/2370
f 2367/2367 2370/2370 2371/2371
f 2372/2372 2373/2373 2374/2374
f 2375/2375 2376/2376 2377/2377
f 2377/2377 2376/2376 2378/2378
f 2375/2375 2379/2379 2376/2376
f 2380/2380 2379/2379 2375/2375
f 2378/2378 2381/2381 2382/2382
f 2378/2378 2383/2383 2377/2377
f 2384/2384 2383/2383 2378/2378
f 2384/2384 2385/2385 2383/2383
f 2385/2385 2381/2381 2386/2386
f 2387/2387 2383/2383 2385/2385
f 2385/2385 2386/2386 2388/2388
f 2387/2387 2385/2385 2389/2389
f 2388/2388 2386/2386 2390/2390
f 2391/2391 2387/2387 2389/2389
f 2388/2388 2390/2390 2392/2392
f 2392/2392 2391/2391 2389/2389
f 2388/2388 2392/2392 2389/2389
f 2393/2393 2377/2377 2383/2383
f 2393/2393 2394/2394 2377/2377
f 2393/2393 2395/2395 2394/2394
f 2395/2395 2396/2396 2394/2394
f 2395/2395 2397/2397 2396/2396
f 2395/2395 2398/2398 2397/2397
f 2395/2395 2399/2399 2398/2398
f 2393/2393 2400/2400 2395/2395
f 2395/2395 2401/2401 2399/2399
f 2400/2400 2401/2401 2395/2395
f 2393/2393 2402/2402 2400/2400
f 2403/2403 2399/2399 2401/2401
f 2404/2404 2402/2402 2393/2393
f 2404/2404 2405/2405 2402/2402
f 2401/2401 2400/2400 2405/2405
f 2406/2406 2405/2405 2404/2404
f 2401/2401 2405/2405 2406/2406
f 2407/2407 2401/2401 2406/2406
f 2407/2407 2408/2408 2401/2401
f 2403/2403 2401/2401 2409/2409
f 2401/2401 2408/2408 2409/2409
f 2409/2409 2408/2408 2410/2410
f 2411/2411 2409/2409 2410/2410
f 2411/2411 2412/2412 2409/2409
f 2413/2413 2411/2411 2410/2410
f 2411/2411 2414/2414 2412/2412
f 2411/2411 2413/2413 2415/2415
f 2411/2411 2416/2416 2414/2414
f 2411/2411 2415/2415 2416/2416
f 2414/2414 2416/2416 2417/2417
f 2418/2418 2416/2416 2415/2415
f 2418/2418 2415/2415 2419/2419
f 2419/2419 2415/2415 2420/2420
f 2421/2421 2416/2416 2418/2418
f 2417/2417 2416/2416 2421/2421
f 2419/2419 2420/2420 2422/2422
f 2421/2421 2419/2419 2422/2422
f 2417/2417 2421/2421 2423/2423
f 2423/2423 2421/2421 2424/2424
f 2424/2424 2421/2421 2425/2425
f 2421/2421 2422/2422 2425/2425
f 2425/2425 2422/2422 2426/2426
f 2425/2425 2426/2426 2427/2427
f 2428/2428 2427/2427 2426/2426
f 2426/2426 2429/2429 2428/2428
f 2428/2428 2430/2430 2427/2427
f 2428/2428 2429/2429 2431/2431
f 2432/2432 2430/2430 2428/2428
f 2431/2431 2429/2429 2433/2433
f 2431/2431 2433/2433 2432/2432
f 2432/2432 2433/2433 2430/2430
f 2434/2434 2430/2430 2433/2433
f 2435/2435 2434/2434 2433/2433
f 2433/2433 2436/2436 2435/2435
f 2433/2433 2437/2437 2436/2436
f 2438/2438 2437/2437 2433/2433
f 2435/2435 2436/2436 2439/2439
f 2439/2439 2437/2437 2438/2438
f 2439/2439 2438/2438 2440/2440
f 2435/2435 2439/2439 2441/2441
f 2441/2441 2439/2439 2440/2440
f 2441/2441 2442/2442 2435/2435
f 2441/2441 2443/2443 2442/2442
f 2441/2441 2444/2444 2443/2443
f 2441/2441 2440/2440 2445/2445
f 2441/2441 2446/2446 2444/2444
f 2441/2441 2445/2445 2447/2447
f 2447/2447 2446/2446 2441/2441
f 2447/2447 2448/2448 2446/2446
f 2447/2447 2449/2449 2448/2448
f 2445/2445 2450/2450 2447/2447
f 2447/2447 2451/2451 2449/2449
f 2447/2447 2450/2450 2452/2452
f 2452/2452 2450/2450 2453/2453
f 2454/2454 2451/2451 2447/2447
f 2452/2452 2453/2453 2454/2454
f 2454/2454 2455/2455 2451/2451
f 2453/2453 2455/2455 2454/2454
f 2451/2451 2455/2455 2456/2456
f 2457/2457 2455/2455 2453/2453
f 2458/2458 2455/2455 2457/2457
f 2458/2458 2459/2459 2455/2455
f 2456/2456 2455/2455 2460/2460
f 2455/2455 2461/2461 2460/2460
f 2460/2460 2461/2461 2462/2462
f 2460/2460 2462/2462 2463/2463
f 2464/2464 2462/2462 2461/2461
f 2463/2463 2462/2462 2465/2465
f 2466/2466 2467/2467 2464/2464
f 2467/2467 2462/2462 2464/2464
f 2468/2468 2462/2462 2467/2467
f 2469/2469 2462/2462 2468/2468
f 2469/2469 2470/2470 2462/2462
f 2465/2465 2462/2462 2470/2470
f 2471/2471 2470/2470 2469/2469
f 2472/2472 2465/2465 2470/2470
f 2472/2472 2473/2473 2465/2465
f 2471/2471 2474/2474 2470/2470
f 2472/2472 2475/2475 2473/2473
f 2471/2471 2476/2476 2474/2474
f 2477/2477 2470/2470 2474/2474
f 2477/2477 2472/2472 2470/2470
f 2478/2478 2476/2476 2471/2471
f 2472/2472 2479/2479 2475/2475
f 2478/2478 2480/2480 2476/2476
f 2477/2477 2476/2476 2480/2480
f 2477/2477 2480/2480 2472/2472
f 2472/2472 2481/2481 2479/2479
f 2472/2472 2482/2482 2481/2481
f 2472/2472 2483/2483 2482/2482
f 2480/2480 2483/2483 2472/2472
f 2484/2484 2483/2483 2480/2480
f 2484/2484 2485/2485 2483/2483
f 2484/2484 2486/2486 2485/2485
f 2485/2485 2486/2486 2375/2375
f 2487/2487 2486/2486 2484/2484
f 2375/2375 2486/2486 2488/2488
f 2489/2489 2486/2486 2487/2487
f 2375/2375 2488/2488 2490/2490
f 2490/2490 2488/2488 2489/2489
f 2490/2490 2489/2489 2487/2487
f 2491/2491 2492/2492 2493/2493
f 2492/2492 2491/2491 2494/2494
f 2494/2494 2495/2495 2492/2492
f 2495/2495 2493/2493 2492/2492
f 2494/2494 2491/2491 2496/2496
f 2493/2493 2497/2497 2495/2495
f 2497/2497 2498/2498 2495/2495
f 2499/2499 2498/2498 2497/2497
f 2499/2499 2497/2497 2500/2500
f 2495/2495 2498/2498 2501/2501
f 2499/2499 2500/2500 2501/2501
f 2495/2495 2501/2501 2502/2502
f 2501/2501 2500/2500 2503/2503
f 2502/2502 2501/2501 2503/2503
f 2502/2502 2503/2503 2504/2504
f 2504/2504 2503/2503 2505/2505
f 2505/2505 2506/2506 2504/2504
f 2504/2504 2506/2506 2507/2507
f 2505/2505 2508/2508 2506/2506
f 2505/2505 2509/2509 2508/2508
f 2508/2508 2509/2509 2510/2510
f 2508/2508 2510/2510 2511/2511
f 2511/2511 2510/2510 2512/2512
f 2512/2512 2506/2506 2511/2511
f 2512/2512 2510/2510 2513/2513
f 2514/2514 2507/2507 2506/2506
f 2514/2514 2506/2506 2512/2512
f 2514/2514 2515/2515 2507/2507
f 2514/2514 2516/2516 2515/2515
f 2514/2514 2517/2517 2516/2516
f 2514/2514 2518/2518 2517/2517
f 2512/2512 2513/2513 2519/2519
f 2514/2514 2512/2512 2519/2519
f 2514/2514 2519/2519 2513/2513
f 2520/2520 2518/2518 2514/2514
f 2514/2514 2513/2513 2521/2521
f 2513/2513 2522/2522 2521/2521
f 2514/2514 2521/2521 2522/2522
f 2513/2513 2523/2523 2522/2522
f 2522/2522 2523/2523 2524/2524
f 2522/2522 2524/2524 2525/2525
f 2514/2514 2522/2522 2526/2526
f 2526/2526 2522/2522 2525/2525
f 2526/2526 2520/2520 2514/2514
f 2524/2524 2527/2527 2525/2525
f 2525/2525 2527/2527 2526/2526
f 2527/2527 2520/2520 2526/2526
f 2527/2527 2528/2528 2520/2520
f 2528/2528 2529/2529 2520/2520
f 2530/2530 2529/2529 2528/2528
f 2528/2528 2531/2531 2530/2530
f 2532/2532 2531/2531 2528/2528
f 2528/2528 2527/2527 2533/2533
f 2533/2533 2532/2532 2528/2528
f 2533/2533 2527/2527 2534/2534
f 2534/2534 2532/2532 2533/2533
f 2527/2527 2535/2535 2536/2536
f 2527/2527 2536/2536 2534/2534
f 2537/2537 2534/2534 2536/2536
f 2534/2534 2538/2538 2532/2532
f 2532/2532 2538/2538 2539/2539
f 2539/2539 2540/2540 2532/2532
f 2539/2539 2541/2541 2540/2540
f 2542/2542 2541/2541 2539/2539
f 2543/2543 2537/2537 2539/2539
f 2543/2543 2539/2539 2538/2538
f 2544/2544 2542/2542 2539/2539
f 2544/2544 2545/2545 2542/2542
f 2544/2544 2546/2546 2545/2545
f 2544/2544 2547/2547 2546/2546
f 2544/2544 2548/2548 2547/2547
f 2549/2549 2543/2543 2538/2538
f 2549/2549 2538/2538 2534/2534
f 2534/2534 2550/2550 2549/2549
f 2550/2550 2534/2534 2551/2551
f 2551/2551 2549/2549 2550/2550
f 2552/2552 2549/2549 2551/2551
f 2552/2552 2543/2543 2549/2549
f 2553/2553 2543/2543 2552/2552
f 2553/2553 2554/2554 2543/2543
f 2553/2553 2555/2555 2554/2554
f 2556/2556 2555/2555 2553/2553
f 2556/2556 2557/2557 2555/2555
f 2558/2558 2554/2554 2555/2555
f 2556/2556 2559/2559 2557/2557
f 2558/2558 2560/2560 2554/2554
f 2557/2557 2560/2560 2558/2558
f 2557/2557 2559/2559 2560/2560
f 2560/2560 2539/2539 2554/2554
f 2544/2544 2539/2539 2560/2560
f 2559/2559 2544/2544 2560/2560
f 2561/2561 2544/2544 2559/2559
f 2562/2562 2544/2544 2561/2561
f 2561/2561 2563/2563 2562/2562
f 2562/2562 2563/2563 2564/2564
f 2564/2564 2563/2563 2565/2565
f 2562/2562 2566/2566 2544/2544
f 2566/2566 2548/2548 2544/2544
f 2567/2567 2566/2566 2562/2562
f 2564/2564 2565/2565 2567/2567
f 2567/2567 2565/2565 2566/2566
f 2565/2565 2568/2568 2566/2566
f 2565/2565 2569/2569 2568/2568
f 2569/2569 2565/2565 2570/2570
f 2566/2566 2568/2568 2571/2571
f 2570/2570 2571/2571 2569/2569
f 2570/2570 2572/2572 2571/2571
f 2566/2566 2571/2571 2572/2572
f 2572/2572 2573/2573 2566/2566
f 2572/2572 2574/2574 2573/2573
f 2575/2575 2574/2574 2572/2572
f 2575/2575 2576/2576 2574/2574
f 2575/2575 2577/2577 2576/2576
f 2578/2578 2577/2577 2575/2575
f 2576/2576 2579/2579 2574/2574
f 2577/2577 2578/2578 2580/2580
f 2577/2577 2580/2580 2581/2581
f 2581/2581 2579/2579 2576/2576
f 2581/2581 2580/2580 2579/2579
f 2579/2579 2582/2582 2574/2574
f 2579/2579 2583/2583 2582/2582
f 2584/2584 2579/2579 2580/2580
f 2584/2584 2580/2580 2585/2585
f 2586/2586 2583/2583 2579/2579
f 2587/2587 2586/2586 2579/2579
f 2579/2579 2584/2584 2587/2587
f 2587/2587 2584/2584 2586/2586
f 2586/2586 2588/2588 2583/2583
f 2588/2588 2586/2586 2584/2584
f 2583/2583 2588/2588 2589/2589
f 2589/2589 2588/2588 2590/2590
f 2588/2588 2591/2591 2590/2590
f 2588/2588 2584/2584 2592/2592
f 2593/2593 2591/2591 2588/2588
f 2588/2588 2592/2592 2594/2594
f 2588/2588 2594/2594 2593/2593
f 2592/2592 2595/2595 2594/2594
f 2592/2592 2584/2584 2595/2595
f 2595/2595 2593/2593 2594/2594
f 2584/2584 2585/2585 2595/2595
f 2595/2595 2585/2585 2596/2596
f 2596/2596 2593/2593 2595/2595
f 2597/2597 2591/2591 2593/2593
f 2598/2598 2593/2593 2596/2596
f 2597/2597 2593/2593 2599/2599
f 2598/2598 2596/2596 2600/2600
f 2601/2601 2599/2599 2593/2593
f 2601/2601 2593/2593 2598/2598
f 2599/2599 2602/2602 2597/2597
f 2601/2601 2602/2602 2599/2599
f 2602/2602 2601/2601 2598/2598
f 2597/2597 2602/2602 2603/2603
f 2603/2603 2602/2602 2598/2598
f 2603/2603 2598/2598 2604/2604
f 2604/2604 2598/2598 2605/2605
f 2606/2606 2604/2604 2605/2605
f 2606/2606 2605/2605 2607/2607
f 2607/2607 2605/2605 2608/2608
f 2598/2598 2600/2600 2609/2609
f 2605/2605 2598/2598 2609/2609
f 2609/2609 2600/2600 2610/2610
f 2610/2610 2600/2600 2611/2611
f 2612/2612 2605/2605 2609/2609
f 2610/2610 2612/2612 2609/2609
f 2605/2605 2613/2613 2608/2608
f 2608/2608 2613/2613 2614/2614
f 2614/2614 2613/2613 2615/2615
f 2616/2616 2613/2613 2605/2605
f 2616/2616 2605/2605 2612/2612
f 2616/2616 2612/2612 2610/2610
f 2615/2615 2613/2613 2616/2616
f 2616/2616 2610/2610 2611/2611
f 2616/2616 2611/2611 2617/2617
f 2618/2618 2615/2615 2616/2616
f 2615/2615 2618/2618 2619/2619
f 2617/2617 2620/2620 2616/2616
f 2618/2618 2616/2616 2620/2620
f 2617/2617 2621/2621 2620/2620
f 2622/2622 2621/2621 2617/2617
f 2619/2619 2618/2618 2493/2493
f 2622/2622 2623/2623 2621/2621
f 2623/2623 2618/2618 2621/2621
f 2618/2618 2623/2623 2493/2493
f 2491/2491 2493/2493 2623/2623
f 2491/2491 2623/2623 2624/2624
f 2624/2624 2625/2625 2491/2491
f 2624/2624 2626/2626 2625/2625
f 2625/2625 2496/2496 2491/2491
f 2627/2627 2496/2496 2625/2625
f 2625/2625 2628/2628 2627/2627
f 2629/2629 2628/2628 2625/2625
f 2630/2630 2629/2629 2625/2625
f 2631/2631 2627/2627 2628/2628
f 2629/2629 2630/2630 2631/2631
f 2630/2630 2632/2632 2631/2631
f 2631/2631 2632/2632 2627/2627
f 2632/2632 2633/2633 2627/2627
f 2634/2634 2635/2635 2636/2636
f 2635/2635 2637/2637 2636/2636
f 2636/2636 2637/2637 2638/2638
f 2639/2639 2634/2634 2636/2636
f 2639/2639 2637/2637 2635/2635
f 2639/2639 2635/2635 2634/2634
f 2639/2639 2635/2635 2635/2635
f 2637/2637 2639/2639 2640/2640
f 2640/2640 2641/2641 2642/2642
f 2643/2643 2644/2644 2645/2645
f 2646/2646 2644/2644 2643/2643
f 2645/2645 2644/2644 2647/2647
f 2647/2647 2644/2644 2648/2648
f 2648/2648 2644/2644 2649/2649
f 2649/2649 2644/2644 2650/2650
f 2650/2650 2644/2644 2651/2651
f 2652/2652 2653/2653 2654/2654
f 2653/2653 2655/2655 2654/2654
f 2652/2652 2656/2656 2653/2653
f 2654/2654 2652/2652 2652/2652
f 2657/2657 2656/2656 2652/2652
f 2657/2657 2652/2652 2654/2654
f 2658/2658 2659/2659 2660/2660
f 2658/2658 2660/2660 2661/2661
f 2661/2661 2660/2660 2662/2662
f 2663/2663 2661/2661 2662/2662
f 2662/2662 2664/2664 2663/2663
f 2662/2662 2665/2665 2664/2664
f 2663/2663 2664/2664 2666/2666
f 2666/2666 2667/2667 2668/2668
f 2669/2669 2670/2670 2671/2671
f 2670/2670 2672/2672 2671/2671
f 2672/2672 2670/2670 2673/2673
f 2670/2670 2669/2669 2674/2674
f 2674/2674 2669/2669 2675/2675
f 2674/2674 2676/2676 2670/2670
f 2673/2673 2670/2670 2677/2677
f 2677/2677 2678/2678 2673/2673
f 2673/2673 2678/2678 2679/2679
f 2680/2680 2681/2681 2682/2682
f 2683/2683 2680/2680 2682/2682
f 2682/2682 2684/2684 2683/2683
f 2685/2685 2683/2683 2684/2684
f 2684/2684 2686/2686 2685/2685
f 2686/2686 2687/2687 2685/2685
f 2684/2684 2688/2688 2686/2686
f 2688/2688 2684/2684 2689/2689
f 2686/2686 2690/2690 2687/2687
f 2687/2687 2690/2690 2691/2691
f 2692/2692 2690/2690 2686/2686
f 2691/2691 2690/2690 2693/2693
f 2692/2692 2694/2694 2690/2690
f 2693/2693 2695/2695 2691/2691
f 2692/2692 2696/2696 2694/2694
f 2693/2693 2696/2696 2695/2695
f 2694/2694 2696/2696 2693/2693
f 2684/2684 2682/2682 2697/2697
f 2698/2698 2689/2689 2697/2697
f 2699/2699 2697/2697 2682/2682
f 2697/2697 2700/2700 2698/2698
f 2697/2697 2699/2699 2700/2700
f 2698/2698 2700/2700 2701/2701
f 2699/2699 2682/2682 2702/2702
f 2702/2702 2701/2701 2699/2699
f 2698/2698 2701/2701 2703/2703
f 2703/2703 2701/2701 2702/2702
f 2704/2704 2703/2703 2702/2702
f 2704/2704 2702/2702 2705/2705
f 2705/2705 2702/2702 2706/2706
f 2702/2702 2707/2707 2706/2706
f 2705/2705 2706/2706 2708/2708
f 2708/2708 2706/2706 2709/2709
f 2709/2709 2710/2710 2708/2708
f 2704/2704 2708/2708 2710/2710
f 2710/2710 2703/2703 2704/2704
f 2710/2710 2711/2711 2703/2703
f 2711/2711 2712/2712 2703/2703
f 2712/2712 2711/2711 2713/2713
f 2714/2714 2712/2712 2713/2713
f 2715/2715 2712/2712 2714/2714
f 2714/2714 2713/2713 2716/2716
f 2715/2715 2717/2717 2712/2712
f 2717/2717 2715/2715 2718/2718
f 2717/2717 2718/2718 2719/2719
f 2717/2717 2719/2719 2720/2720
f 2717/2717 2720/2720 2721/2721
f 2722/2722 2721/2721 2720/2720
f 2722/2722 2723/2723 2721/2721
f 2713/2713 2724/2724 2716/2716
f 2716/2716 2724/2724 2725/2725
f 2713/2713 2726/2726 2724/2724
f 2727/2727 2725/2725 2724/2724
f 2728/2728 2725/2725 2727/2727
f 2728/2728 2727/2727 2729/2729
f 2726/2726 2730/2730 2724/2724
f 2729/2729 2731/2731 2732/2732
f 2733/2733 2731/2731 2729/2729
f 2733/2733 2734/2734 2731/2731
f 2734/2734 2733/2733 2735/2735
f 2730/2730 2726/2726 2736/2736
f 2726/2726 2737/2737 2736/2736
f 2738/2738 2737/2737 2726/2726
f 2739/2739 2737/2737 2738/2738
f 2739/2739 2740/2740 2737/2737
f 2740/2740 2741/2741 2736/2736
f 2739/2739 2741/2741 2740/2740
f 2736/2736 2741/2741 2730/2730
f 2739/2739 2742/2742 2743/2743
f 2743/2743 2744/2744 2739/2739
f 2744/2744 2741/2741 2739/2739
f 2745/2745 2730/2730 2741/2741
f 2745/2745 2746/2746 2730/2730
f 2747/2747 2746/2746 2745/2745
f 2746/2746 2747/2747 2748/2748
f 2748/2748 2747/2747 2741/2741
f 2748/2748 2741/2741 2749/2749
f 2750/2750 2748/2748 2749/2749
f 2749/2749 2741/2741 2751/2751
f 2744/2744 2752/2752 2741/2741
f 2741/2741 2752/2752 2751/2751
f 2752/2752 2744/2744 2753/2753
f 2751/2751 2752/2752 2754/2754
f 2755/2755 2752/2752 2753/2753
f 2755/2755 2756/2756 2752/2752
f 2754/2754 2757/2757 2750/2750
f 2750/2750 2757/2757 2758/2758
f 2758/2758 2757/2757 2759/2759
f 2758/2758 2759/2759 2760/2760
f 2759/2759 2761/2761 2760/2760
f 2757/2757 2762/2762 2759/2759
f 2763/2763 2761/2761 2759/2759
f 2757/2757 2764/2764 2762/2762
f 2763/2763 2765/2765 2761/2761
f 2762/2762 2764/2764 2765/2765
f 2762/2762 2765/2765 2763/2763
f 2766/2766 2767/2767 2768/2768
f 2767/2767 2769/2769 2770/2770
f 2770/2770 2769/2769 2771/2771
f 2770/2770 2771/2771 2772/2772
f 2773/2773 2771/2771 2774/2774
f 2773/2773 2775/2775 2776/2776
f 2776/2776 2775/2775 2777/2777
f 2777/2777 2775/2775 2778/2778
f 2777/2777 2778/2778 2779/2779
f 2780/2780 2779/2779 2778/2778
f 2780/2780 2781/2781 2779/2779
f 2782/2782 2781/2781 2780/2780
f 2771/2771 2783/2783 2772/2772
f 2784/2784 2772/2772 2783/2783
f 2785/2785 2772/2772 2784/2784
f 2772/2772 2785/2785 2786/2786
f 2784/2784 2783/2783 2787/2787
f 2784/2784 2787/2787 2788/2788
f 2787/2787 2783/2783 2789/2789
f 2789/2789 2783/2783 2790/2790
f 2791/2791 2789/2789 2790/2790
f 2791/2791 2790/2790 2792/2792
f 2772/2772 2786/2786 2793/2793
f 2793/2793 2786/2786 2794/2794
f 2793/2793 2794/2794 2795/2795
f 2795/2795 2794/2794 2796/2796
f 2793/2793 2786/2786 2797/2797
f 2798/2798 2797/2797 2796/2796
f 2793/2793 2797/2797 2799/2799
f 2799/2799 2797/2797 2798/2798
f 2791/2791 2792/2792 2800/2800
f 2800/2800 2801/2801 2791/2791
f 2802/2802 2803/2803 2801/2801
f 2802/2802 2801/2801 2800/2800
f 2802/2802 2800/2800 2804/2804
f 2802/2802 2804/2804 2805/2805
f 2805/2805 2804/2804 2806/2806
f 2805/2805 2806/2806 2807/2807
f 2807/2807 2806/2806 2808/2808
f 2807/2807 2808/2808 2809/2809
f 2808/2808 2810/2810 2809/2809
f 2809/2809 2810/2810 2811/2811
f 2810/2810 2811/2811 2812/2812
f 2804/2804 2800/2800 2813/2813
f 2813/2813 2800/2800 2814/2814
f 2800/2800 2792/2792 2814/2814
f 2813/2813 2814/2814 2815/2815
f 2815/2815 2812/2812 2814/2814
f 2814/2814 2792/2792 2816/2816
f 2814/2814 2812/2812 2816/2816
f 2817/2817 2818/2818 2819/2819
f 2820/2820 2818/2818 2817/2817
f 2821/2821 2822/2822 2823/2823
f 2824/2824 2823/2823 2822/2822
f 2824/2824 2822/2822 2825/2825
f 2826/2826 2822/2822 2821/2821
f 2827/2827 2822/2822 2826/2826
f 1195/1195 2828/2828 2829/2829
f 2830/2830 2829/2829 2828/2828
f 2830/2830 2828/2828 2831/2831
f 2832/2832 2833/2833 2834/2834
f 2835/2835 2836/2836 2837/2837
f 2835/2835 2837/2837 2838/2838
f 2835/2835 2839/2839 2836/2836
f 2840/2840 2839/2839 2835/2835
f 2841/2841 2842/2842 2843/2843
f 2841/2841 2844/2844 2842/2842
f 2845/2845 2844/2844 2841/2841
f 2846/2846 2847/2847 2848/2848
f 2848/2848 2849/2849 2850/2850
f 2848/2848 2851/2851 2852/2852
f 2852/2852 2851/2851 2853/2853
f 2854/2854 2855/2855 2856/2856
f 2854/2854 2857/2857 2855/2855
f 2858/2858 2857/2857 2854/2854
f 2858/2858 2859/2859 2857/2857
f 2860/2860 2858/2858 2854/2854
f 2861/2861 2862/2862 2860/2860
f 2863/2863 2864/2864 2865/2865
f 2865/2865 2866/2866 2867/2867
f 2865/2865 2868/2868 2866/2866
f 2869/2869 2870/2870 2871/2871
f 2870/2870 2872/2872 2871/2871
f 2873/2873 2870/2870 2869/2869
f 2874/2874 2875/2875 2876/2876
f 2877/2877 2875/2875 2874/2874
f 2877/2877 2878/2878 2875/2875
f 2879/2879 2878/2878 2877/2877
f 2880/2880 2881/2881 2882/2882
f 2883/2883 2884/2884 2885/2885
f 2886/2886 2884/2884 2883/2883
f 2886/2886 2887/2887 2884/2884
f 2883/2883 2888/2888 2886/2886
f 2883/2883 2889/2889 2888/2888
f 2886/2886 2888/2888 2890/2890
f 2889/2889 2891/2891 2892/2892
f 2893/2893 2887/2887 2886/2886
f 2886/2886 2890/2890 2893/2893
f 2893/2893 2894/2894 2887/2887
f 2893/2893 2890/2890 2895/2895
f 2893/2893 2895/2895 2896/2896
f 2896/2896 2894/2894 2893/2893
f 2896/2896 2895/2895 2897/2897
f 2898/2898 2894/2894 2896/2896
f 2896/2896 2897/2897 2898/2898
f 2898/2898 2899/2899 2894/2894
f 2898/2898 2897/2897 2900/2900
f 2901/2901 2899/2899 2898/2898
f 2898/2898 2900/2900 2901/2901
f 2901/2901 2902/2902 2899/2899
f 2903/2903 2902/2902 2901/2901
f 2901/2901 2900/2900 2904/2904
f 2904/2904 2900/2900 2905/2905
f 2906/2906 2904/2904 2905/2905
f 2906/2906 2905/2905 2907/2907
f 2908/2908 2904/2904 2906/2906
f 2908/2908 2909/2909 2904/2904
f 2906/2906 2910/2910 2911/2911
f 2908/2908 2912/2912 2910/2910
f 2913/2913 2914/2914 2915/2915
f 2913/2913 2915/2915 2916/2916
f 2916/2916 2915/2915 2917/2917
f 2916/2916 2917/2917 2918/2918
f 2918/2918 2917/2917 2919/2919
f 2918/2918 2919/2919 2920/2920
f 2918/2918 2920/2920 2921/2921
f 2921/2921 2920/2920 2922/2922
f 2923/2923 2914/2914 2913/2913
f 2923/2923 2924/2924 2914/2914
f 2925/2925 2924/2924 2923/2923
f 2925/2925 2926/2926 2924/2924
f 2927/2927 2926/2926 2925/2925
f 2928/2928 2926/2926 2927/2927
f 2928/2928 2929/2929 2926/2926
f 2930/2930 2928/2928 2931/2931
f 2931/2931 2928/2928 2932/2932
f 2931/2931 2932/2932 2933/2933
f 2933/2933 2932/2932 2923/2923
f 2933/2933 2923/2923 2934/2934
f 2934/2934 2923/2923 2935/2935
f 2934/2934 2935/2935 2936/2936
f 2936/2936 2935/2935 2937/2937
f 2936/2936 2937/2937 2938/2938
f 2938/2938 2937/2937 2939/2939
f 2938/2938 2939/2939 2940/2940
f 2939/2939 2941/2941 2940/2940
f 2940/2940 2941/2941 2942/2942
f 2942/2942 2941/2941 2943/2943
f 2943/2943 2944/2944 2939/2939
f 2939/2939 2944/2944 2941/2941
f 2943/2943 2945/2945 2944/2944
f 2943/2943 2941/2941 2945/2945
f 2946/2946 2941/2941 2944/2944
f 2947/2947 2941/2941 2946/2946
f 2948/2948 2949/2949 2950/2950
f 2950/2950 2949/2949 2951/2951
f 2951/2951 2949/2949 2952/2952
f 2951/2951 2952/2952 2953/2953
f 2948/2948 2954/2954 2949/2949
f 2955/2955 2954/2954 2948/2948
f 2956/2956 2954/2954 2955/2955
f 2956/2956 2957/2957 2954/2954
f 2958/2958 2957/2957 2956/2956
f 2959/2959 2957/2957 2958/2958
f 2959/2959 2960/2960 2957/2957
f 2961/2961 2962/2962 2963/2963
f 2961/2961 2964/2964 2962/2962
f 2963/2963 2962/2962 2965/2965
f 2966/2966 2964/2964 2961/2961
f 2966/2966 2967/2967 2964/2964
f 2968/2968 2966/2966 2961/2961
f 2968/2968 2961/2961 2969/2969
f 2969/2969 2961/2961 2963/2963
f 2970/2970 2966/2966 2968/2968
f 2969/2969 2963/2963 2971/2971
f 2970/2970 2972/2972 2966/2966
f 2972/2972 2967/2967 2966/2966
f 2973/2973 2972/2972 2970/2970
f 2972/2972 2974/2974 2967/2967
f 2975/2975 2974/2974 2972/2972
f 2973/2973 2975/2975 2972/2972
f 2975/2975 2976/2976 2974/2974
f 2973/2973 2977/2977 2975/2975
f 2978/2978 2977/2977 2973/2973
f 2978/2978 2979/2979 2977/2977
f 2980/2980 2976/2976 2975/2975
f 2981/2981 2976/2976 2980/2980
f 2979/2979 2982/2982 2981/2981
f 2981/2981 2982/2982 2976/2976
f 2971/2971 2963/2963 2983/2983
f 2971/2971 2983/2983 2984/2984
f 2985/2985 2983/2983 2986/2986
f 2985/2985 2987/2987 2983/2983
f 2987/2987 2983/2983 2988/2988
f 2983/2983 2989/2989 2988/2988
f 2990/2990 2983/2983 2963/2963
f 2990/2990 2991/2991 2983/2983
f 2963/2963 2965/2965 2990/2990
f 2991/2991 2992/2992 2989/2989
f 2990/2990 2992/2992 2991/2991
f 2987/2987 2993/2993 2965/2965
f 2965/2965 2993/2993 2994/2994
f 2965/2965 2994/2994 2990/2990
f 2994/2994 2992/2992 2990/2990
f 2995/2995 2992/2992 2994/2994
f 2995/2995 2996/2996 2992/2992
f 2997/2997 2987/2987 2996/2996
f 2997/2997 2996/2996 2995/2995
f 2998/2998 2999/2999 3000/3000
f 3001/3001 3002/3002 2998/2998
f 3001/3001 3003/3003 3002/3002
f 3003/3003 3001/3001 3004/3004
f 3004/3004 3001/3001 3005/3005
f 3004/3004 3005/3005 3006/3006
f 3006/3006 3007/3007 3008/3008
f 3008/3008 3007/3007 3009/3009
f 3010/3010 3011/3011 3012/3012
f 3013/3013 3011/3011 3010/3010
f 3010/3010 3012/3012 3014/3014
f 3015/3015 3014/3014 3012/3012
f 3015/3015 3016/3016 3014/3014
f 3015/3015 3017/3017 3016/3016
f 3018/3018 3017/3017 3015/3015
f 3018/3018 3019/3019 3017/3017
f 3018/3018 3020/3020 3019/3019
f 3021/3021 3020/3020 3018/3018
f 3021/3021 3022/3022 3020/3020
f 3023/3023 3022/3022 3021/3021
f 3023/3023 3024/3024 3022/3022
f 3023/3023 3025/3025 3024/3024
f 3026/3026 3025/3025 3023/3023
f 3026/3026 3027/3027 3025/3025
f 3026/3026 3028/3028 3029/3029
f 3030/3030 3027/3027 3026/3026
f 3030/3030 3031/3031 3027/3027
f 3030/3030 3032/3032 3031/3031
f 3033/3033 3032/3032 3030/3030
f 3033/3033 3034/3034 3032/3032
f 3034/3034 3033/3033 3035/3035
f 3036/3036 3035/3035 3033/3033
f 3036/3036 3037/3037 3035/3035
f 3038/3038 3037/3037 3036/3036
f 3038/3038 3039/3039 3037/3037
f 3039/3039 3038/3038 3040/3040
f 3039/3039 3040/3040 3041/3041
f 3041/3041 3040/3040 3042/3042
f 3042/3042 3040/3040 3043/3043
f 3042/3042 3043/3043 3044/3044
f 3044/3044 3043/3043 3045/3045
f 3045/3045 3043/3043 3046/3046
f 3045/3045 3046/3046 3047/3047
f 3047/3047 3046/3046 3048/3048
f 3047/3047 3048/3048 3049/3049
f 3049/3049 3048/3048 3050/3050
f 3050/3050 3048/3048 3051/3051
f 3050/3050 3051/3051 3052/3052
f 3052/3052 3051/3051 3053/3053
f 3054/3054 3053/3053 3051/3051
f 3052/3052 3053/3053 3055/3055
f 3055/3055 3053/3053 3056/3056
f 3057/3057 3056/3056 3053/3053
f 3057/3057 3053/3053 3013/3013
f 3053/3053 3011/3011 3013/3013
f 3058/3058 3059/3059 3060/3060
f 3061/3061 3059/3059 3058/3058
f 3062/3062 3059/3059 3061/3061
f 3063/3063 3059/3059 3062/3062
f 3064/3064 3063/3063 3062/3062
f 3065/3065 3063/3063 3064/3064
f 3064/3064 3066/3066 3065/3065
f 3066/3066 3067/3067 3065/3065
f 3068/3068 3069/3069 3070/3070
f 3071/3071 3069/3069 3068/3068
f 3072/3072 3073/3073 3071/3071
f 3068/3068 3070/3070 3074/3074
f 3075/3075 3070/3070 3069/3069
f 3075/3075 3069/3069 3076/3076
f 3077/3077 3070/3070 3075/3075
f 3078/3078 3079/3079 3073/3073
f 3080/3080 3079/3079 3078/3078
f 3078/3078 3081/3081 3080/3080
f 3082/3082 3081/3081 3078/3078
f 3081/3081 3082/3082 3074/3074
f 3074/3074 3070/3070 3083/3083
f 3077/3077 3083/3083 3070/3070
f 3074/3074 3083/3083 3084/3084
f 3083/3083 3085/3085 3084/3084
f 3085/3085 3083/3083 3086/3086
f 3077/3077 3086/3086 3083/3083
f 3077/3077 3087/3087 3086/3086
f 3087/3087 3077/3077 3088/3088
f 3088/3088 3089/3089 3087/3087
f 3090/3090 3089/3089 3088/3088
f 3091/3091 3089/3089 3090/3090
f 3090/3090 3088/3088 3092/3092
f 3092/3092 3093/3093 3094/3094
f 3095/3095 3096/3096 3094/3094
f 3096/3096 3095/3095 3097/3097
f 3098/3098 3092/3092 3099/3099
f 3100/3100 3092/3092 3098/3098
f 3101/3101 3092/3092 3100/3100
f 3090/3090 3092/3092 3101/3101
f 3101/3101 3102/3102 3090/3090
f 3101/3101 3103/3103 3102/3102
f 3104/3104 3103/3103 3101/3101
f 3104/3104 3105/3105 3103/3103
f 3106/3106 3105/3105 3104/3104
f 3107/3107 3108/3108 3106/3106
f 3109/3109 3108/3108 3107/3107
f 3110/3110 3111/3111 3112/3112
f 3110/3110 3112/3112 3113/3113
f 3114/3114 3111/3111 3110/3110
f 3114/3114 3115/3115 3111/3111
f 3114/3114 3116/3116 3115/3115
f 3117/3117 3116/3116 3114/3114
f 3117/3117 3118/3118 3116/3116
f 3119/3119 3118/3118 3117/3117
f 3117/3117 3120/3120 3121/3121
f 3122/3122 3123/3123 3124/3124
f 3122/3122 3124/3124 3125/3125
f 3122/3122 3125/3125 3126/3126
f 3127/3127 3123/3123 3122/3122
f 3128/3128 3123/3123 3127/3127
f 3129/3129 3126/3126 3130/3130
f 3131/3131 3132/3132 3133/3133
f 3131/3131 3134/3134 3132/3132
f 3133/3133 3132/3132 3135/3135
f 3131/3131 3136/3136 3134/3134
f 3133/3133 3135/3135 3137/3137
f 3138/3138 3136/3136 3131/3131
f 3133/3133 3137/3137 3139/3139
f 3139/3139 3137/3137 3140/3140
f 3139/3139 3140/3140 3141/3141
f 3139/3139 3141/3141 3142/3142
f 3142/3142 3141/3141 3143/3143
f 3142/3142 3143/3143 3144/3144
f 3144/3144 3143/3143 3145/3145
f 3144/3144 3145/3145 3146/3146
f 3146/3146 3145/3145 3147/3147
f 3146/3146 3148/3148 3144/3144
f 3144/3144 3148/3148 3149/3149
f 3144/3144 3149/3149 3150/3150
f 3150/3150 3149/3149 3151/3151
f 3150/3150 3151/3151 3139/3139
f 3139/3139 3151/3151 3152/3152
f 3139/3139 3152/3152 3133/3133
f 3133/3133 3152/3152 3153/3153
f 3133/3133 3153/3153 3154/3154
f 3154/3154 3153/3153 3155/3155
f 3154/3154 3155/3155 3156/3156
f 3156/3156 3155/3155 3157/3157
f 3156/3156 3158/3158 3159/3159
f 3160/3160 3156/3156 3159/3159
f 3161/3161 3159/3159 3162/3162
f 3159/3159 3160/3160 3162/3162
f 3159/3159 3163/3163 3164/3164
f 3163/3163 3159/3159 3136/3136
f 3160/3160 3164/3164 3165/3165
f 3163/3163 3136/3136 3166/3166
f 3166/3166 3136/3136 3167/3167
f 3166/3166 3167/3167 3168/3168
f 3169/3169 3165/3165 3167/3167
f 3169/3169 3167/3167 3136/3136
f 3170/3170 3165/3165 3169/3169
f 3169/3169 3171/3171 3170/3170
f 3169/3169 3136/3136 3171/3171
f 3171/3171 3136/3136 3138/3138
f 3138/3138 3172/3172 3171/3171
f 3160/3160 3172/3172 3138/3138
f 3172/3172 3173/3173 3171/3171
f 3173/3173 3172/3172 3160/3160
f 3160/3160 3174/3174 3175/3175
f 3176/3176 3160/3160 3175/3175
f 3176/3176 3175/3175 3177/3177
f 3176/3176 3177/3177 3162/3162
f 3177/3177 3175/3175 3178/3178
f 3178/3178 3175/3175 3179/3179
f 3177/3177 3178/3178 3180/3180
f 3181/3181 3182/3182 3180/3180
f 3183/3183 3184/3184 3185/3185
f 3185/3185 3186/3186 3183/3183
f 3187/3187 3186/3186 3185/3185
f 3187/3187 3188/3188 3186/3186
f 3189/3189 3188/3188 3187/3187
f 3190/3190 3188/3188 3189/3189
f 3191/3191 3184/3184 3183/3183
f 3192/3192 3191/3191 3183/3183
f 3193/3193 3184/3184 3191/3191
f 3193/3193 3191/3191 3194/3194
f 3184/3184 3193/3193 3195/3195
f 3195/3195 3193/3193 3196/3196
f 3197/3197 3195/3195 3196/3196
f 3195/3195 3197/3197 3198/3198
f 3199/3199 3195/3195 3200/3200
f 3201/3201 3202/3202 3200/3200
f 3203/3203 3202/3202 3201/3201
f 3196/3196 3204/3204 3205/3205
f 3206/3206 3204/3204 3196/3196
f 3204/3204 3206/3206 3207/3207
f 3204/3204 3207/3207 3208/3208
f 3209/3209 3210/3210 3211/3211
f 3211/3211 3210/3210 3212/3212
f 3211/3211 3212/3212 3213/3213
f 3209/3209 3214/3214 3210/3210
f 3215/3215 3214/3214 3209/3209
f 3216/3216 3217/3217 3218/3218
f 3218/3218 3219/3219 3216/3216
f 3220/3220 3217/3217 3216/3216
f 3220/3220 3221/3221 3217/3217
f 3222/3222 3216/3216 3219/3219
f 3219/3219 3223/3223 3222/3222
f 3224/3224 3225/3225 3226/3226
f 3224/3224 3227/3227 3225/3225
f 3226/3226 3225/3225 3228/3228
f 3226/3226 3228/3228 3229/3229
f 3230/3230 3226/3226 3229/3229
f 3231/3231 3232/3232 3233/3233
f 3234/3234 3231/3231 3233/3233
f 3233/3233 3235/3235 3234/3234
f 3233/3233 3232/3232 3236/3236
f 3235/3235 3237/3237 3238/3238
f 3237/3237 3239/3239 3238/3238
f 3239/3239 3237/3237 3240/3240
f 3233/3233 3236/3236 3241/3241
f 3241/3241 3236/3236 3242/3242
f 3236/3236 3243/3243 3242/3242
f 3241/3241 3242/3242 3244/3244
f 3244/3244 3242/3242 3245/3245
f 3245/3245 3246/3246 3244/3244
f 3241/3241 3244/3244 3246/3246
f 3247/3247 3241/3241 3246/3246
f 3247/3247 3246/3246 3248/3248
f 3243/3243 3236/3236 3249/3249
f 3250/3250 3247/3247 3248/3248
f 3249/3249 3236/3236 3251/3251
f 3249/3249 3251/3251 3252/3252
f 3249/3249 3252/3252 3253/3253
f 3249/3249 3251/3251 3254/3254
f 3249/3249 3254/3254 3255/3255
f 3250/3250 3248/3248 3256/3256
f 3257/3257 3256/3256 3248/3248
f 3256/3256 3257/3257 3258/3258
f 3256/3256 3258/3258 3259/3259
f 3250/3250 3256/3256 3260/3260
f 3259/3259 3260/3260 3256/3256
f 3261/3261 3260/3260 3259/3259
f 3250/3250 3260/3260 3262/3262
f 3260/3260 3262/3262 3263/3263
f 3260/3260 3264/3264 3262/3262
f 3259/3259 3265/3265 3266/3266
f 3266/3266 3265/3265 3267/3267
f 3267/3267 3265/3265 3268/3268
f 3269/3269 3267/3267 3268/3268
f 3270/3270 3271/3271 3272/3272
f 3273/3273 3271/3271 3270/3270
f 3273/3273 3270/3270 3274/3274
f 3273/3273 3274/3274 3275/3275
f 3275/3275 3274/3274 3276/3276
f 3275/3275 3276/3276 3277/3277
f 3278/3278 3279/3279 3280/3280
f 3281/3281 3280/3280 3278/3278
f 3282/3282 3279/3279 3278/3278
f 3282/3282 3283/3283 3279/3279
f 3284/3284 3283/3283 3282/3282
f 3285/3285 3283/3283 3284/3284
f 3285/3285 3286/3286 3283/3283
f 3287/3287 3286/3286 3285/3285
f 3288/3288 3286/3286 3287/3287
f 3289/3289 3286/3286 3288/3288
f 3289/3289 3290/3290 3286/3286
f 3289/3289 3291/3291 3290/3290
f 3292/3292 3293/3293 3294/3294
f 3295/3295 3293/3293 3292/3292
f 3293/3293 3295/3295 3296/3296
f 3292/3292 3294/3294 3297/3297
f 3297/3297 3294/3294 3298/3298
f 3294/3294 3299/3299 3298/3298
f 3300/3300 3301/3301 3302/3302
f 3302/3302 3303/3303 3300/3300
f 3303/3303 3302/3302 3304/3304
f 3305/3305 3302/3302 3301/3301
f 3305/3305 3306/3306 3302/3302
f 3307/3307 3306/3306 3305/3305
f 3301/3301 3308/3308 3305/3305
f 3308/3308 3309/3309 3307/3307
f 3301/3301 3309/3309 3308/3308
f 3301/3301 3310/3310 3309/3309
f 3309/3309 3310/3310 3311/3311
f 3310/3310 3312/3312 3311/3311
f 3310/3310 3313/3313 3312/3312
f 3301/3301 3314/3314 3310/3310
f 3315/3315 3311/3311 3314/3314
f 3316/3316 3314/3314 3301/3301
f 3315/3315 3314/3314 3316/3316
f 3315/3315 3316/3316 3317/3317
f 3318/3318 3317/3317 3316/3316
f 3319/3319 3317/3317 3318/3318
f 3320/3320 3321/3321 3322/3322
f 3320/3320 3323/3323 3321/3321
f 3320/3320 3322/3322 3324/3324
f 3324/3324 3322/3322 3325/3325
f 3326/3326 3323/3323 3320/3320
f 3327/3327 3328/3328 3326/3326
f 3328/3328 3329/3329 3326/3326
f 3330/3330 3331/3331 3332/3332
f 3330/3330 3332/3332 3333/3333
f 3334/3334 3331/3331 3330/3330
f 3333/3333 3332/3332 3335/3335
f 3336/3336 3332/3332 3333/3333
f 3336/3336 3333/3333 3337/3337
f 3331/3331 3338/3338 3332/3332
f 3339/3339 3340/3340 3335/3335
f 3339/3339 3341/3341 3340/3340
f 3331/3331 3342/3342 3338/3338
f 3343/3343 3342/3342 3331/3331
f 3343/3343 3344/3344 3342/3342
f 3331/3331 3345/3345 3343/3343
f 3346/3346 3342/3342 3344/3344
f 3347/3347 3345/3345 3331/3331
f 3348/3348 3345/3345 3347/3347
f 3347/3347 3331/3331 3334/3334
f 3334/3334 3349/3349 3347/3347
f 3350/3350 3349/3349 3334/3334
f 3351/3351 3349/3349 3350/3350
f 3349/3349 3351/3351 3352/3352
f 3351/3351 3337/3337 3352/3352
f 3353/3353 3350/3350 3354/3354
f 3353/3353 3354/3354 3355/3355
f 3344/3344 3356/3356 3346/3346
f 3356/3356 3357/3357 3346/3346
f 3358/3358 3357/3357 3356/3356
f 3346/3346 3357/3357 3359/3359
f 3360/3360 3359/3359 3357/3357
f 3359/3359 3360/3360 3361/3361
f 3362/3362 3346/3346 3359/3359
f 3362/3362 3363/3363 3346/3346
f 3364/3364 3363/3363 3362/3362
f 3362/3362 3365/3365 3364/3364
f 3365/3365 3362/3362 3366/3366
f 3366/3366 3362/3362 3367/3367
f 3359/3359 3361/3361 3368/3368
f 3368/3368 3361/3361 3369/3369
f 3368/3368 3369/3369 3370/3370
f 3371/3371 3368/3368 3361/3361
f 3371/3371 3372/3372 3368/3368
f 3373/3373 3374/3374 3375/3375
f 3375/3375 3374/3374 3376/3376
f 3374/3374 3377/3377 3376/3376
f 3375/3375 3378/3378 3373/3373
f 3379/3379 3373/3373 3378/3378
f 3380/3380 3379/3379 3378/3378
f 3376/3376 3381/3381 3382/3382
f 3376/3376 3383/3383 3381/3381
f 3377/3377 3383/3383 3376/3376
f 3377/3377 3384/3384 3383/3383
f 3385/3385 3384/3384 3377/3377
f 3384/3384 3385/3385 3386/3386
f 3386/3386 3385/3385 3387/3387
f 3386/3386 3387/3387 3388/3388
f 3386/3386 3388/3388 3389/3389
f 3389/3389 3388/3388 3390/3390
f 3389/3389 3390/3390 3391/3391
f 3390/3390 3377/3377 3392/3392
f 3391/3391 3390/3390 3393/3393
f 3390/3390 3392/3392 3394/3394
f 3395/3395 3394/3394 3392/3392
f 3396/3396 3397/3397 3393/3393
f 3393/3393 3397/3397 3398/3398
f 3395/3395 3399/3399 3394/3394
f 3400/3400 3399/3399 3395/3395
f 3401/3401 3402/3402 3398/3398
f 3398/3398 3402/3402 3403/3403
f 3404/3404 3394/3394 3405/3405
f 3405/3405 3394/3394 3406/3406
f 3405/3405 3406/3406 3407/3407
f 3408/3408 3409/3409 3407/3407
f 3407/3407 3409/3409 3410/3410
f 3411/3411 3412/3412 3410/3410
f 3411/3411 3413/3413 3412/3412
f 3399/3399 3414/3414 3415/3415
f 3416/3416 3414/3414 3399/3399
f 3416/3416 3417/3417 3414/3414
f 3417/3417 3416/3416 3418/3418
f 3419/3419 3420/3420 3421/3421
f 3422/3422 3421/3421 3420/3420
f 3419/3419 3423/3423 3420/3420
f 3420/3420 3424/3424 3422/3422
f 3419/3419 3425/3425 3423/3423
f 3426/3426 3423/3423 3425/3425
f 3426/3426 3427/3427 3423/3423
f 3428/3428 3427/3427 3426/3426
f 3427/3427 3428/3428 3429/3429
f 3427/3427 3429/3429 3430/3430
f 3430/3430 3429/3429 3431/3431
f 3432/3432 3431/3431 3429/3429
f 3432/3432 3433/3433 3431/3431
f 3434/3434 3433/3433 3432/3432
f 3434/3434 3435/3435 3433/3433
f 3433/3433 3435/3435 3436/3436
f 3435/3435 3437/3437 3436/3436
f 3438/3438 3436/3436 3437/3437
f 3438/3438 3439/3439 3436/3436
f 3440/3440 3439/3439 3438/3438
f 3441/3441 3439/3439 3440/3440
f 3439/3439 3441/3441 3442/3442
f 3441/3441 3443/3443 3442/3442
f 3443/3443 3441/3441 3444/3444
f 3445/3445 3443/3443 3444/3444
f 3445/3445 3446/3446 3443/3443
f 3447/3447 3443/3443 3446/3446
f 3448/3448 3446/3446 3445/3445
f 3448/3448 3449/3449 3446/3446
f 3450/3450 3449/3449 3448/3448
f 3450/3450 3451/3451 3449/3449
f 3449/3449 3451/3451 3452/3452
f 3452/3452 3451/3451 3453/3453
f 3454/3454 3453/3453 3451/3451
f 3455/3455 3453/3453 3454/3454
f 3455/3455 3456/3456 3453/3453
f 3457/3457 3456/3456 3455/3455
f 3457/3457 3458/3458 3456/3456
f 3459/3459 3458/3458 3457/3457
f 3459/3459 3460/3460 3458/3458
f 3461/3461 3460/3460 3459/3459
f 3461/3461 3462/3462 3460/3460
f 3462/3462 3422/3422 3460/3460
f 3460/3460 3422/3422 3424/3424
f 3463/3463 3464/3464 3465/3465
f 3466/3466 3465/3465 3464/3464
f 3463/3463 3467/3467 3464/3464
f 3467/3467 3463/3463 3468/3468
f 3467/3467 3468/3468 3469/3469
f 3469/3469 3470/3470 3467/3467
f 3464/3464 3467/3467 3471/3471
f 3471/3471 3467/3467 3472/3472
f 3472/3472 3473/3473 3471/3471
f 3474/3474 3473/3473 3472/3472
f 3475/3475 3476/3476 3477/3477
f 3475/3475 3477/3477 3478/3478
f 3475/3475 3479/3479 3476/3476
f 3480/3480 3481/3481 3476/3476
f 3476/3476 3481/3481 3482/3482
f 3476/3476 3482/3482 3483/3483
f 3483/3483 3482/3482 3484/3484
f 3485/3485 3486/3486 3480/3480
f 3485/3485 3487/3487 3486/3486
f 3488/3488 3489/3489 3490/3490
f 3490/3490 3489/3489 3491/3491
f 3488/3488 3492/3492 3489/3489
f 3493/3493 3492/3492 3488/3488
f 3494/3494 3492/3492 3493/3493
f 3494/3494 3495/3495 3492/3492
f 3496/3496 3495/3495 3494/3494
f 3496/3496 3497/3497 3495/3495
f 3496/3496 3498/3498 3497/3497
f 3499/3499 3498/3498 3496/3496
f 3500/3500 3498/3498 3499/3499
f 3500/3500 3501/3501 3498/3498
f 3502/3502 3503/3503 3504/3504
f 3504/3504 3503/3503 3505/3505
f 3502/3502 3506/3506 3503/3503
f 3506/3506 3507/3507 3503/3503
f 3505/3505 3503/3503 3508/3508
f 3503/3503 3509/3509 3508/3508
f 3510/3510 3511/3511 3512/3512
f 3512/3512 3511/3511 3513/3513
f 3510/3510 3514/3514 3511/3511
f 3515/3515 3516/3516 3517/3517
f 3515/3515 3518/3518 3516/3516
f 3519/3519 3520/3520 3521/3521
f 3521/3521 3520/3520 3522/3522
f 3522/3522 3520/3520 3523/3523
f 3519/3519 3524/3524 3520/3520
f 3525/3525 3524/3524 3519/3519
f 3525/3525 3526/3526 3524/3524
f 3527/3527 3524/3524 3526/3526
f 3528/3528 3529/3529 3530/3530
f 3528/3528 3530/3530 3531/3531
f 3532/3532 3529/3529 3528/3528
f 3532/3532 3533/3533 3529/3529
f 3534/3534 3533/3533 3532/3532
f 3528/3528 3531/3531 3535/3535
f 3535/3535 3531/3531 3536/3536
f 3535/3535 3536/3536 3537/3537
f 3535/3535 3537/3537 3538/3538
f 3538/3538 3537/3537 3539/3539
f 3538/3538 3539/3539 3540/3540
f 3540/3540 3539/3539 3541/3541
f 3540/3540 3541/3541 3542/3542
f 3542/3542 3541/3541 3543/3543
f 3543/3543 3541/3541 3544/3544
f 3543/3543 3544/3544 3545/3545
f 3545/3545 3544/3544 3546/3546
f 3531/3531 3547/3547 3548/3548
f 3548/3548 3547/3547 3549/3549
f 3550/3550 3551/3551 199/199
f 3550/3550 200/200 3551/3551
f 3550/3550 3552/3552 200/200
f 3550/3550 199/199 3553/3553
f 3553/3553 3554/3554 3550/3550
f 3555/3555 3554/3554 3553/3553
f 3556/3556 3557/3557 3558/3558
f 3556/3556 3558/3558 3559/3559
f 3559/3559 3558/3558 3560/3560
f 3557/3557 3556/3556 3561/3561
f 3561/3561 3562/3562 3557/3557
f 3563/3563 3557/3557 3562/3562
f 3561/3561 3564/3564 3562/3562
f 3561/3561 3565/3565 3564/3564
f 3556/3556 3566/3566 3565/3565
f 3559/3559 3567/3567 3566/3566
f 3565/3565 3568/3568 3564/3564
f 3565/3565 3569/3569 3568/3568
f 3564/3564 3568/3568 3570/3570
f 3570/3570 3571/3571 3564/3564
f 3568/3568 3569/3569 3572/3572
f 3570/3570 3568/3568 3572/3572
f 3572/3572 3569/3569 3573/3573
f 3572/3572 3573/3573 3567/3567
f 3574/3574 3572/3572 3567/3567
f 3570/3570 3572/3572 3574/3574
f 3570/3570 3574/3574 3571/3571
f 3575/3575 3571/3571 3576/3576
f 3575/3575 3576/3576 3577/3577
f 3578/3578 3575/3575 3577/3577
f 3563/3563 3575/3575 3578/3578
f 3578/3578 3579/3579 3580/3580
f 3579/3579 3581/3581 3582/3582
f 3577/3577 3583/3583 3584/3584
f 3585/3585 3583/3583 3577/3577
f 3586/3586 3587/3587 3583/3583
f 3586/3586 3582/3582 3587/3587
f 3588/3588 3582/3582 3586/3586
f 3589/3589 3590/3590 3588/3588
f 3591/3591 3592/3592 3593/3593
f 3591/3591 3593/3593 3594/3594
f 3595/3595 3592/3592 3591/3591
f 3595/3595 3596/3596 3592/3592
f 3591/3591 3597/3597 3595/3595
f 3595/3595 3598/3598 3596/3596
f 3591/3591 3599/3599 3597/3597
f 3598/3598 3600/3600 3596/3596
f 3601/3601 3599/3599 3591/3591
f 3602/3602 3600/3600 3598/3598
f 3601/3601 3602/3602 3599/3599
f 3602/3602 3189/3189 3600/3600
f 3601/3601 3189/3189 3602/3602
f 3190/3190 3189/3189 3601/3601
f 3190/3190 3603/3603 3604/3604
f 3605/3605 3603/3603 3190/3190
f 3606/3606 3607/3607 3608/3608
f 3607/3607 3609/3609 3608/3608
f 3610/3610 3606/3606 3608/3608
f 3607/3607 3611/3611 3609/3609
f 3611/3611 3612/3612 3609/3609
f 3613/3613 3612/3612 3611/3611
f 3614/3614 3612/3612 3613/3613
f 3613/3613 3611/3611 3615/3615
f 3615/3615 3611/3611 3616/3616
f 3614/3614 3613/3613 3617/3617
f 3615/3615 3616/3616 3618/3618
f 3615/3615 3618/3618 3617/3617
f 3617/3617 3618/3618 3614/3614
f 3619/3619 3614/3614 3618/3618
f 3618/3618 3620/3620 3619/3619
f 3620/3620 3621/3621 3619/3619
f 3620/3620 3622/3622 3621/3621
f 3620/3620 3623/3623 3622/3622
f 3619/3619 3621/3621 3624/3624
f 3625/3625 3622/3622 3623/3623
f 3625/3625 3624/3624 3622/3622
f 3619/3619 3624/3624 3626/3626
f 3626/3626 3624/3624 3625/3625
f 3627/3627 3619/3619 3626/3626
f 3626/3626 3625/3625 3606/3606
f 3626/3626 3628/3628 3627/3627
f 3627/3627 3628/3628 3629/3629
f 3628/3628 3630/3630 3629/3629
f 3631/3631 3630/3630 3628/3628
f 3626/3626 3631/3631 3628/3628
f 3630/3630 3631/3631 3632/3632
f 3606/3606 3633/3633 3626/3626
f 3631/3631 3626/3626 3633/3633
f 3631/3631 3633/3633 3634/3634
f 3606/3606 3610/3610 3633/3633
f 3633/3633 3610/3610 3635/3635
f 3636/3636 3637/3637 3632/3632
f 3637/3637 3636/3636 3638/3638
f 3637/3637 3638/3638 3639/3639
f 3640/3640 3639/3639 3638/3638
f 3641/3641 3636/3636 3632/3632
f 3640/3640 3638/3638 3641/3641
f 3641/3641 3632/3632 3642/3642
f 3641/3641 3643/3643 3640/3640
f 3642/3642 3643/3643 3641/3641
f 3644/3644 3645/3645 3646/3646
f 3644/3644 3647/3647 3645/3645
f 3648/3648 3647/3647 3644/3644
f 3646/3646 3645/3645 3649/3649
f 3646/3646 3649/3649 3650/3650
f 3650/3650 3649/3649 3651/3651
f 3650/3650 3651/3651 3652/3652
f 3652/3652 3651/3651 3653/3653
f 3652/3652 3653/3653 3654/3654
f 3654/3654 3653/3653 3655/3655
f 3654/3654 3655/3655 3656/3656
f 3656/3656 3655/3655 3657/3657
f 3656/3656 3657/3657 3658/3658
f 3658/3658 3657/3657 3659/3659
f 3658/3658 3659/3659 3660/3660
f 3660/3660 3659/3659 3661/3661
f 3662/3662 3663/3663 3664/3664
f 3665/3665 3663/3663 3662/3662
f 3665/3665 3666/3666 3663/3663
f 3667/3667 3666/3666 3665/3665
f 3667/3667 3668/3668 3666/3666
f 3669/3669 3666/3666 3670/3670
f 3671/3671 3672/3672 3673/3673
f 3671/3671 3673/3673 3674/3674
f 3671/3671 3675/3675 3672/3672
f 3671/3671 3676/3676 3675/3675
f 3677/3677 3676/3676 3671/3671
f 3677/3677 3678/3678 3676/3676
f 3679/3679 3678/3678 3677/3677
f 3679/3679 3680/3680 3678/3678
f 3679/3679 3681/3681 3680/3680
f 3682/3682 3681/3681 3679/3679
f 3683/3683 3684/3684 3685/3685
f 3686/3686 3687/3687 3688/3688
f 3689/3689 3688/3688 3687/3687
f 3687/3687 3686/3686 3690/3690
f 3691/3691 3690/3690 3686/3686
f 3690/3690 3691/3691 3692/3692
f 3690/3690 3692/3692 3693/3693
f 3694/3694 3693/3693 3692/3692
f 3693/3693 3694/3694 3695/3695
f 3693/3693 3695/3695 3696/3696
f 3696/3696 3695/3695 3697/3697
f 3698/3698 3699/3699 3700/3700
f 3698/3698 3700/3700 3701/3701
f 3698/3698 3701/3701 3702/3702
f 3703/3703 3701/3701 3700/3700
f 3704/3704 3701/3701 3703/3703
f 3705/3705 3706/3706 3707/3707
f 3707/3707 3706/3706 3708/3708
f 3705/3705 3709/3709 3706/3706
f 3710/3710 3706/3706 3711/3711
f 3710/3710 3711/3711 3712/3712
f 3710/3710 3713/3713 3706/3706
f 3714/3714 3713/3713 3710/3710
f 3715/3715 3716/3716 3717/3717
f 3718/3718 3716/3716 3715/3715
f 3719/3719 3716/3716 3718/3718
f 3720/3720 3719/3719 3718/3718
f 3721/3721 3722/3722 3723/3723
f 3723/3723 3722/3722 3724/3724
f 3725/3725 3726/3726 3727/3727
f 3725/3725 3727/3727 3728/3728
f 3729/3729 3727/3727 3726/3726
f 3725/3725 3730/3730 3726/3726
f 3726/3726 3730/3730 3731/3731
f 3732/3732 3726/3726 3731/3731
f 3733/3733 3734/3734 3735/3735
f 3735/3735 3736/3736 3733/3733
f 3735/3735 3734/3734 3737/3737
f 3738/3738 3735/3735 3737/3737
f 3739/3739 3737/3737 3740/3740
f 3739/3739 3741/3741 3737/3737
f 3742/3742 3741/3741 3743/3743
f 3742/3742 3743/3743 3744/3744
f 3744/3744 3745/3745 3742/3742
f 3746/3746 3738/3738 3747/3747
f 3747/3747 3748/3748 3746/3746
f 3747/3747 3738/3738 3749/3749
f 3750/3750 3751/3751 3749/3749
f 3752/3752 3749/3749 3751/3751
f 3752/3752 3751/3751 3753/3753
f 3754/3754 3755/3755 3756/3756
f 3756/3756 3757/3757 3754/3754
f 3756/3756 3755/3755 3758/3758
f 3756/3756 3758/3758 3759/3759
f 3758/3758 3760/3760 3761/3761
f 3761/3761 3762/3762 3758/3758
f 3763/3763 3759/3759 3764/3764
f 3764/3764 3765/3765 3763/3763
f 3766/3766 3767/3767 3762/3762
f 3766/3766 3768/3768 3767/3767
f 3769/3769 3768/3768 3766/3766
f 3767/3767 3770/3770 3771/3771
f 3767/3767 3771/3771 3772/3772
f 3773/3773 3774/3774 3772/3772
f 3775/3775 3774/3774 3773/3773
f 3776/3776 3777/3777 3774/3774
f 3776/3776 3778/3778 3777/3777
f 3779/3779 3778/3778 3776/3776
f 3777/3777 3780/3780 3781/3781
f 3782/3782 3780/3780 3777/3777
f 3777/3777 3783/3783 3782/3782
f 3784/3784 3785/3785 3786/3786
f 3784/3784 3787/3787 3785/3785
f 3784/3784 3786/3786 3788/3788
f 3788/3788 3786/3786 3789/3789
f 3790/3790 3787/3787 3784/3784
f 3791/3791 3787/3787 3790/3790
f 3784/3784 3792/3792 3790/3790
f 3793/3793 3794/3794 3795/3795
f 3793/3793 3796/3796 3794/3794
f 3793/3793 3797/3797 3796/3796
f 3798/3798 3797/3797 3793/3793
f 3799/3799 3800/3800 3801/3801
f 3802/3802 3801/3801 3800/3800
f 3803/3803 3801/3801 3802/3802
f 3800/3800 3799/3799 3804/3804
f 3804/3804 3799/3799 3805/3805
f 3805/3805 3806/3806 3804/3804
f 3804/3804 3807/3807 3800/3800
f 3804/3804 3808/3808 3807/3807
f 3808/3808 3809/3809 3806/3806
f 3809/3809 3808/3808 3804/3804
f 3810/3810 3807/3807 3808/3808
f 3811/3811 3812/3812 3810/3810
f 3810/3810 3813/3813 3811/3811
f 3810/3810 3814/3814 3813/3813
f 3815/3815 3814/3814 3810/3810
f 3808/3808 3815/3815 3810/3810
f 3816/3816 3814/3814 3815/3815
f 3817/3817 3808/3808 3816/3816
f 3808/3808 3817/3817 3815/3815
f 3818/3818 3815/3815 3817/3817
f 3819/3819 3820/3820 3821/3821
f 3821/3821 3820/3820 3822/3822
f 3819/3819 3823/3823 3820/3820
f 3824/3824 3825/3825 3826/3826
f 3827/3827 3825/3825 3824/3824
f 3828/3828 3829/3829 3825/3825
f 3829/3829 3828/3828 3830/3830
f 3831/3831 3829/3829 3830/3830
f 3826/3826 3832/3832 3833/3833
f 3833/3833 3834/3834 3826/3826
f 3833/3833 3835/3835 3834/3834
f 3836/3836 3832/3832 3837/3837
f 3837/3837 3838/3838 3836/3836
f 3839/3839 3840/3840 3829/3829
f 3841/3841 3840/3840 3839/3839
f 3842/3842 3841/3841 3839/3839
f 3843/3843 3844/3844 3840/3840
f 3845/3845 3844/3844 3843/3843
f 3843/3843 3846/3846 3845/3845
f 3847/3847 3848/3848 3849/3849
f 3847/3847 3849/3849 3850/3850
f 3851/3851 3852/3852 3853/3853
f 3852/3852 3854/3854 3853/3853
f 3851/3851 3855/3855 3852/3852
f 3856/3856 3852/3852 3855/3855
f 3856/3856 3857/3857 3852/3852
f 3857/3857 3856/3856 3858/3858
f 3859/3859 3860/3860 3861/3861
f 3862/3862 3863/3863 3861/3861
f 3864/3864 3860/3860 3859/3859
f 3864/3864 3865/3865 3860/3860
f 3866/3866 3865/3865 3864/3864
f 3866/3866 3867/3867 3865/3865
f 3868/3868 3869/3869 3867/3867
f 3868/3868 3870/3870 3869/3869
f 3871/3871 3870/3870 3868/3868
f 3872/3872 3873/3873 3871/3871
f 3874/3874 3875/3875 3876/3876
f 3875/3875 3874/3874 3877/3877
f 3877/3877 3874/3874 3878/3878
f 3875/3875 3879/3879 3876/3876
f 3880/3880 3879/3879 3875/3875
f 3879/3879 3880/3880 3881/3881
f 3876/3876 3879/3879 3882/3882
f 3876/3876 3882/3882 3883/3883
f 3884/3884 3885/3885 3874/3874
f 3885/3885 3884/3884 3886/3886
f 3884/3884 3874/3874 3887/3887
f 3887/3887 3874/3874 3876/3876
f 3887/3887 3888/3888 3884/3884
f 3888/3888 3887/3887 3889/3889
f 3887/3887 3890/3890 3891/3891
f 3890/3890 3887/3887 3892/3892
f 3893/3893 3894/3894 3892/3892
f 3892/3892 3895/3895 3893/3893
f 3887/3887 3895/3895 3892/3892
f 3896/3896 3895/3895 3887/3887
f 3876/3876 3896/3896 3887/3887
f 3895/3895 3896/3896 3897/3897
f 3897/3897 3896/3896 3898/3898
f 3899/3899 3896/3896 3876/3876
f 3899/3899 3900/3900 3896/3896
f 3899/3899 3901/3901 3900/3900
f 3876/3876 3902/3902 3899/3899
f 3903/3903 3902/3902 3876/3876
f 3903/3903 3904/3904 3902/3902
f 3905/3905 3906/3906 3907/3907
f 3908/3908 3906/3906 3905/3905
f 3908/3908 3909/3909 3906/3906
f 3910/3910 3905/3905 3907/3907
f 3910/3910 3911/3911 3905/3905
f 3911/3911 3910/3910 3912/3912
f 3907/3907 3913/3913 3910/3910
f 3913/3913 3907/3907 3914/3914
f 3915/3915 3906/3906 3916/3916
f 3917/3917 3915/3915 3916/3916
f 3918/3918 3906/3906 3915/3915
f 3907/3907 3906/3906 3918/3918
f 3915/3915 3919/3919 3918/3918
f 3920/3920 3918/3918 3919/3919
f 3921/3921 3922/3922 3918/3918
f 3923/3923 3918/3918 3922/3922
f 3924/3924 3925/3925 3923/3923
f 3923/3923 3925/3925 3926/3926
f 3923/3923 3926/3926 3918/3918
f 3926/3926 3927/3927 3918/3918
f 3927/3927 3907/3907 3918/3918
f 3927/3927 3926/3926 3928/3928
f 3927/3927 3928/3928 3929/3929
f 3927/3927 3930/3930 3907/3907
f 3931/3931 3930/3930 3927/3927
f 3930/3930 3931/3931 3932/3932
f 3933/3933 3907/3907 3930/3930
f 3933/3933 3934/3934 3907/3907
f 3934/3934 3933/3933 3935/3935
f 3936/3936 3937/3937 3938/3938
f 3937/3937 3936/3936 3939/3939
f 3939/3939 3936/3936 3940/3940
f 3938/3938 3937/3937 3941/3941
f 3941/3941 3937/3937 3942/3942
f 3942/3942 3943/3943 3941/3941
f 3944/3944 3938/3938 3941/3941
f 3938/3938 3944/3944 3945/3945
f 3946/3946 3938/3938 3947/3947
f 3938/3938 3946/3946 3948/3948
f 3949/3949 3948/3948 3950/3950
f 3948/3948 3949/3949 3951/3951
f 3948/3948 3951/3951 3938/3938
f 3952/3952 3951/3951 3953/3953
f 3954/3954 3951/3951 3952/3952
f 3938/3938 3951/3951 3955/3955
f 3951/3951 3954/3954 3955/3955
f 3955/3955 3936/3936 3938/3938
f 3954/3954 3956/3956 3955/3955
f 3957/3957 3956/3956 3954/3954
f 3956/3956 3957/3957 3958/3958
f 3955/3955 3956/3956 3959/3959
f 3955/3955 3959/3959 3960/3960
f 3961/3961 3936/3936 3955/3955
f 3961/3961 3962/3962 3936/3936
f 3961/3961 3963/3963 3962/3962
f 3955/3955 3964/3964 3961/3961
f 3965/3965 3964/3964 3955/3955
f 3966/3966 3967/3967 3968/3968
f 3967/3967 3966/3966 3969/3969
f 3967/3967 3969/3969 3970/3970
f 3971/3971 3966/3966 3968/3968
f 3971/3971 3972/3972 3966/3966
f 3973/3973 3972/3972 3971/3971
f 3971/3971 3968/3968 3974/3974
f 3975/3975 3974/3974 3968/3968
f 3976/3976 3968/3968 3977/3977
f 3978/3978 3977/3977 3968/3968
f 3979/3979 3978/3978 3980/3980
f 3978/3978 3981/3981 3980/3980
f 3968/3968 3981/3981 3978/3978
f 3982/3982 3983/3983 3981/3981
f 3982/3982 3981/3981 3984/3984
f 3985/3985 3981/3981 3968/3968
f 3984/3984 3981/3981 3985/3985
f 3967/3967 3985/3985 3968/3968
f 3986/3986 3984/3984 3985/3985
f 3986/3986 3987/3987 3984/3984
f 3987/3987 3986/3986 3988/3988
f 3985/3985 3989/3989 3986/3986
f 3989/3989 3985/3985 3990/3990
f 3967/3967 3991/3991 3985/3985
f 3992/3992 3985/3985 3991/3991
f 3993/3993 3991/3991 3967/3967
f 3993/3993 3994/3994 3991/3991
f 3994/3994 3993/3993 3995/3995
f 3996/3996 3997/3997 3998/3998
f 3999/3999 4000/4000 3996/3996
f 4001/4001 4000/4000 3999/3999
f 4001/4001 4002/4002 4000/4000
f 4003/4003 4002/4002 4001/4001
f 4004/4004 4005/4005 4006/4006
f 4004/4004 4007/4007 4005/4005
f 4004/4004 4008/4008 4007/4007
f 4009/4009 4008/4008 4004/4004
f 4010/4010 4008/4008 4009/4009
f 4010/4010 4009/4009 4011/4011
f 4011/4011 4009/4009 4004/4004
f 4006/4006 4011/4011 4004/4004
f 4012/4012 4011/4011 4006/4006
f 4012/4012 4006/4006 4013/4013
f 4012/4012 4013/4013 4014/4014
f 4015/4015 4016/4016 4017/4017
f 4018/4018 4017/4017 4016/4016
f 4018/4018 4019/4019 4017/4017
f 4020/4020 4021/4021 4022/4022
f 4023/4023 4020/4020 4024/4024
f 4025/4025 4020/4020 4023/4023
f 4025/4025 4026/4026 4020/4020
f 4027/4027 4026/4026 4025/4025
f 4028/4028 4029/4029 4030/4030
f 4031/4031 4032/4032 4028/4028
f 4028/4028 4032/4032 4033/4033
f 4032/4032 4034/4034 4033/4033
f 4035/4035 4036/4036 4037/4037
f 4035/4035 4037/4037 4038/4038
f 4038/4038 4037/4037 4039/4039
f 4040/4040 4039/4039 4036/4036
f 4041/4041 4039/4039 4040/4040
f 4042/4042 4043/4043 4044/4044
f 4045/4045 4043/4043 4042/4042
f 4046/4046 4047/4047 4048/4048
f 4047/4047 4049/4049 4048/4048
f 4046/4046 4050/4050 4051/4051
f 4051/4051 4050/4050 4052/4052
f 4053/4053 4054/4054 4055/4055
f 4054/4054 4056/4056 4055/4055
f 4057/4057 4056/4056 4054/4054
f 4058/4058 4056/4056 4057/4057
f 4056/4056 4058/4058 4059/4059
f 4057/4057 4060/4060 4058/4058
f 4058/4058 4060/4060 4061/4061
f 4062/4062 4058/4058 4061/4061
f 4063/4063 4064/4064 4065/4065
f 4066/4066 4065/4065 4064/4064
f 4067/4067 4068/4068 4069/4069
f 4067/4067 4069/4069 4070/4070
f 4071/4071 4072/4072 4073/4073
f 4072/4072 4074/4074 4075/4075
f 4072/4072 4076/4076 4073/4073
f 4072/4072 4077/4077 4076/4076
f 4076/4076 4077/4077 4078/4078
f 4073/4073 4076/4076 4079/4079
f 4079/4079 4080/4080 4073/4073
f 4073/4073 4080/4080 4071/4071
f 4071/4071 4080/4080 4081/4081
f 4082/4082 4071/4071 4083/4083
f 4084/4084 4078/4078 4085/4085
f 4084/4084 4085/4085 4082/4082
f 4086/4086 4087/4087 4088/4088
f 4088/4088 4087/4087 4089/4089
f 4089/4089 4090/4090 4088/4088
f 4091/4091 4092/4092 4093/4093
f 4093/4093 4092/4092 4094/4094
f 4091/4091 4095/4095 4092/4092
f 4095/4095 4091/4091 4096/4096
f 4095/4095 4097/4097 4098/4098
f 4095/4095 4096/4096 4099/4099
f 4100/4100 4099/4099 4096/4096
f 4100/4100 4101/4101 4099/4099
f 4102/4102 4103/4103 4100/4100
f 4104/4104 4103/4103 4102/4102
f 4105/4105 4106/4106 4107/4107
f 4107/4107 4106/4106 4108/4108
f 4105/4105 4109/4109 4106/4106
f 4110/4110 4109/4109 4105/4105
f 4111/4111 4112/4112 4113/4113
f 4111/4111 4114/4114 4112/4112
f 4115/4115 4114/4114 4111/4111
f 4116/4116 4117/4117 4118/4118
f 4118/4118 4117/4117 4119/4119
f 4120/4120 4121/4121 4117/4117
f 4122/4122 4121/4121 4120/4120
f 4123/4123 4124/4124 4125/4125
f 4126/4126 4124/4124 4123/4123
f 4123/4123 4127/4127 4126/4126
f 4128/4128 4129/4129 4130/4130
f 4128/4128 4131/4131 4129/4129
f 4132/4132 4131/4131 4128/4128
f 4132/4132 4133/4133 4131/4131
f 4134/4134 4135/4135 4136/4136
f 4136/4136 4135/4135 4137/4137
f 4138/4138 4135/4135 4134/4134
f 4139/4139 4140/4140 4141/4141
f 4140/4140 4142/4142 4141/4141
f 4139/4139 4141/4141 4143/4143
f 4141/4141 4142/4142 4144/4144
f 4143/4143 4141/4141 4144/4144
f 4145/4145 4146/4146 4147/4147
f 4147/4147 4148/4148 4145/4145
f 4149/4149 4150/4150 4151/4151
f 4152/4152 4150/4150 4149/4149
f 4149/4149 4153/4153 4154/4154
f 4154/4154 4155/4155 4152/4152
f 4154/4154 4153/4153 4155/4155
f 4156/4156 4157/4157 4158/4158
f 4159/4159 4157/4157 4156/4156
f 4156/4156 4158/4158 4160/4160
f 4156/4156 4161/4161 4162/4162
f 4156/4156 4163/4163 4161/4161
f 4164/4164 4163/4163 4156/4156
f 4164/4164 4165/4165 4163/4163
f 4166/4166 4167/4167 4168/4168
f 4169/4169 4167/4167 4170/4170
f 4167/4167 4169/4169 4171/4171
f 4171/4171 4169/4169 4172/4172
f 4173/4173 4171/4171 4172/4172
f 4174/4174 4175/4175 4176/4176
f 4177/4177 4176/4176 4175/4175
f 4178/4178 4179/4179 4180/4180
f 4178/4178 4181/4181 4179/4179
f 4182/4182 4183/4183 4184/4184
f 4184/4184 4183/4183 4185/4185
f 4182/4182 4184/4184 4186/4186
f 4187/4187 4186/4186 4184/4184
f 4182/4182 4186/4186 4188/4188
f 4189/4189 4190/4190 4191/4191
f 4191/4191 4190/4190 4192/4192
f 4192/4192 4190/4190 4193/4193
f 4189/4189 4194/4194 4190/4190
f 4194/4194 4189/4189 4195/4195
f 4195/4195 4189/4189 4196/4196
f 4196/4196 4197/4197 4195/4195
f 4195/4195 4197/4197 4198/4198
f 4199/4199 4198/4198 4197/4197
f 4200/4200 4201/4201 4202/4202
f 4202/4202 4201/4201 4203/4203
f 4204/4204 4205/4205 4206/4206
f 4207/4207 4205/4205 4204/4204
f 4204/4204 4206/4206 4208/4208
f 4208/4208 4206/4206 4209/4209
f 4210/4210 4211/4211 4206/4206
f 4206/4206 4211/4211 4212/4212
f 4213/4213 4214/4214 4215/4215
f 4215/4215 4214/4214 4216/4216
f 4217/4217 4218/4218 4219/4219
f 4220/4220 4221/4221 4222/4222
f 4220/4220 4223/4223 4221/4221
f 4224/4224 4220/4220 4222/4222
f 4225/4225 4220/4220 4224/4224
f 4224/4224 4222/4222 4226/4226
f 4227/4227 4228/4228 3378/3378
f 4227/4227 3378/3378 4229/4229
f 4228/4228 4227/4227 4230/4230
f 4228/4228 4230/4230 4231/4231
f 4232/4232 4233/4233 4234/4234
f 4232/4232 4235/4235 4233/4233
f 4236/4236 4237/4237 4238/4238
f 4239/4239 4240/4240 4238/4238
f 4241/4241 4242/4242 4236/4236
f 4236/4236 4242/4242 4243/4243
f 4244/4244 4243/4243 4242/4242
f 4245/4245 4243/4243 4244/4244
f 4244/4244 4242/4242 4246/4246
f 4247/4247 4248/4248 4240/4240
f 4249/4249 4248/4248 4247/4247
f 4249/4249 4250/4250 4248/4248
f 4251/4251 4250/4250 4249/4249
f 4251/4251 2088/2088 4250/4250
f 4252/4252 2088/2088 4251/4251
f 4252/4252 4253/4253 2088/2088
f 4252/4252 4254/4254 4253/4253
f 4255/4255 4254/4254 4252/4252
f 4255/4255 4256/4256 4254/4254
f 4257/4257 4256/4256 4255/4255
f 4257/4257 4258/4258 4256/4256
f 4259/4259 4258/4258 4257/4257
f 4259/4259 4260/4260 4258/4258
f 4261/4261 4260/4260 4259/4259
f 4261/4261 4262/4262 4260/4260
f 4263/4263 4262/4262 4261/4261
f 4264/4264 4265/4265 4266/4266
f 4266/4266 4265/4265 4267/4267
f 4266/4266 4267/4267 4268/4268
f 4269/4269 4270/4270 4271/4271
f 4271/4271 4270/4270 4272/4272
f 4273/4273 4274/4274 4271/4271
f 4275/4275 4276/4276 4277/4277
f 4278/4278 4277/4277 4279/4279
f 4280/4280 4276/4276 4275/4275
f 4280/4280 4281/4281 4276/4276
f 4282/4282 4281/4281 4280/4280
f 4283/4283 4284/4284 4285/4285
f 4286/4286 4284/4284 4283/4283
f 4287/4287 4288/4288 4289/4289
f 4287/4287 4290/4290 4288/4288
f 4291/4291 4288/4288 4290/4290
f 4291/4291 4290/4290 4292/4292
f 4293/4293 4290/4290 4294/4294
f 4295/4295 4291/4291 4296/4296
f 4297/4297 4295/4295 4296/4296
f 4297/4297 4298/4298 4295/4295
f 4297/4297 4299/4299 4298/4298
f 4300/4300 4299/4299 4297/4297
f 4294/4294 4301/4301 4302/4302
f 4302/4302 4301/4301 4303/4303
f 4303/4303 4301/4301 4288/4288
f 4304/4304 4305/4305 4306/4306
f 4306/4306 4305/4305 4307/4307
f 4307/4307 4308/4308 4306/4306
f 4309/4309 4310/4310 4306/4306
f 4306/4306 4310/4310 4311/4311
f 4312/4312 4313/4313 4314/4314
f 4312/4312 4314/4314 4315/4315
f 4316/4316 4313/4313 4312/4312
f 4316/4316 4317/4317 4313/4313
f 4318/4318 4317/4317 4316/4316
f 4318/4318 4319/4319 4317/4317
f 4320/4320 4319/4319 4318/4318
f 4320/4320 4321/4321 4319/4319
f 4322/4322 4323/4323 4324/4324
f 4325/4325 4323/4323 4322/4322
f 4322/4322 4324/4324 4326/4326
f 4324/4324 4327/4327 4326/4326
f 4328/4328 4327/4327 4324/4324
f 4329/4329 4330/4330 4331/4331
f 4332/4332 4333/4333 4334/4334
f 4335/4335 4334/4334 4333/4333
f 4334/4334 4336/4336 4332/4332
f 4332/4332 4336/4336 4337/4337
f 4337/4337 4336/4336 4338/4338
f 4337/4337 4338/4338 4339/4339
f 4340/4340 4341/4341 4342/4342
f 4343/4343 4341/4341 4340/4340
f 4344/4344 4343/4343 4340/4340
f 4344/4344 4345/4345 4343/4343
f 4346/4346 4345/4345 4344/4344
f 4345/4345 4346/4346 4347/4347
f 4348/4348 4349/4349 4350/4350
f 4351/4351 4349/4349 4348/4348
f 4352/4352 4353/4353 4354/4354
f 4355/4355 4353/4353 4352/4352
f 4356/4356 4353/4353 4355/4355
f 4355/4355 4357/4357 4356/4356
f 4358/4358 4355/4355 4352/4352
f 4352/4352 4359/4359 4358/4358
f 4360/4360 4355/4355 4358/4358
f 4361/4361 4355/4355 4360/4360
f 4361/4361 4360/4360 4362/4362
f 4363/4363 4364/4364 4365/4365
f 4365/4365 4364/4364 4366/4366
f 4366/4366 4367/4367 4365/4365
f 4368/4368 4369/4369 4370/4370
f 4371/4371 4369/4369 4368/4368
f 4372/4372 4370/4370 4369/4369
f 4373/4373 4370/4370 4372/4372
f 4374/4374 4375/4375 4376/4376
f 4377/4377 4375/4375 4374/4374
f 4378/4378 4376/4376 4379/4379
f 4379/4379 4380/4380 4381/4381
f 4382/4382 4383/4383 4384/4384
f 4385/4385 4386/4386 4387/4387
f 4385/4385 4387/4387 4388/4388
f 4389/4389 4388/4388 4386/4386
f 4385/4385 4388/4388 4389/4389
f 4389/4389 4386/4386 4385/4385
f 4390/4390 4391/4391 4392/4392
f 4392/4392 4391/4391 4393/4393
f 4394/4394 4395/4395 4396/4396
f 4396/4396 4395/4395 4397/4397
f 4395/4395 4394/4394 4398/4398
f 4399/4399 4398/4398 4394/4394
f 4399/4399 4400/4400 4398/4398
f 4401/4401 4400/4400 4399/4399
f 4401/4401 4402/4402 4400/4400
f 4403/4403 4404/4404 4405/4405
f 4406/4406 4404/4404 4403/4403
f 4407/4407 4408/4408 4409/4409
f 4407/4407 4409/4409 4410/4410
f 4411/4411 4412/4412 4413/4413
f 4413/4413 4412/4412 4414/4414
f 4413/4413 4414/4414 4415/4415
f 4416/4416 4417/4417 4418/4418
f 4416/4416 4418/4418 4419/4419
f 4420/4420 4421/4421 4422/4422
f 4423/4423 4421/4421 4420/4420
f 4424/4424 4425/4425 4426/4426
f 4427/4427 4425/4425 4424/4424
f 4424/4424 4426/4426 4428/4428
f 4428/4428 4426/4426 4429/4429
f 4430/4430 4431/4431 4432/4432
f 4432/4432 4431/4431 4433/4433
f 4434/4434 4435/4435 4436/4436
f 4436/4436 4435/4435 4437/4437
f 4438/4438 4439/4439 4440/4440
f 4441/4441 4440/4440 4442/4442
f 4443/4443 4444/4444 4445/4445
f 4443/4443 4445/4445 4446/4446
f 4447/4447 4448/4448 4449/4449
f 4447/4447 4449/4449 4450/4450
f 4450/4450 4451/4451 4447/4447
f 4450/4450 4452/4452 4451/4451
f 4448/4448 4447/4447 4453/4453
f 4447/4447 4454/4454 4453/4453
f 4448/4448 4453/4453 4455/4455
f 4456/4456 4457/4457 4458/4458
f 4459/4459 4457/4457 4456/4456
f 4460/4460 4461/4461 4462/4462
f 4462/4462 4461/4461 4463/4463
f 4460/4460 4464/4464 4461/4461
f 4465/4465 4466/4466 4467/4467
f 4465/4465 4468/4468 4466/4466
f 4469/4469 4468/4468 4465/4465
f 4470/4470 4471/4471 4472/4472
f 4473/4473 4471/4471 4470/4470
f 4470/4470 4472/4472 4474/4474
f 4475/4475 4476/4476 4477/4477
f 4478/4478 4477/4477 4476/4476
f 4478/4478 4479/4479 4477/4477
f 4480/4480 4476/4476 4475/4475
f 4481/4481 4480/4480 4475/4475
f 4482/4482 4480/4480 4481/4481
f 4483/4483 4484/4484 4485/4485
f 4486/4486 4487/4487 4488/4488
f 4488/4488 4487/4487 4489/4489
f 4490/4490 4491/4491 4492/4492
f 4490/4490 4492/4492 4493/4493
f 4494/4494 4495/4495 4496/4496
f 4494/4494 4497/4497 4495/4495
f 4498/4498 4499/4499 4496/4496
f 4500/4500 4501/4501 4502/4502
f 4500/4500 4502/4502 4503/4503
f 4503/4503 4504/4504 4500/4500
f 4505/4505 4506/4506 4507/4507
f 4508/4508 4507/4507 4509/4509
f 4508/4508 4509/4509 4510/4510
f 4511/4511 4512/4512 4513/4513
f 4514/4514 4512/4512 4511/4511
f 4515/4515 4516/4516 4517/4517
f 4517/4517 4516/4516 4518/4518
f 4519/4519 4515/4515 4520/4520
f 4520/4520 4515/4515 4521/4521
f 4522/4522 4523/4523 4524/4524
f 4524/4524 4523/4523 4525/4525
f 4525/4525 4523/4523 4526/4526
f 4524/4524 4527/4527 4522/4522
f 4528/4528 4522/4522 4527/4527
f 4524/4524 4529/4529 4527/4527
f 4530/4530 4531/4531 4532/4532
f 4533/4533 4534/4534 4531/4531
f 4535/4535 4536/4536 4537/4537
f 4537/4537 4536/4536 4538/4538
f 4539/4539 2892/2892 4540/4540
f 4541/4541 4540/4540 2892/2892
f 4542/4542 4540/4540 4543/4543
f 4544/4544 4545/4545 4546/4546
f 4546/4546 4545/4545 4547/4547
f 4546/4546 4548/4548 4549/4549
f 4549/4549 4548/4548 4550/4550
f 4551/4551 4552/4552 4553/4553
f 4554/4554 4553/4553 4552/4552
f 4551/4551 4555/4555 4552/4552
f 4554/4554 4556/4556 4553/4553
f 4557/4557 4553/4553 4556/4556
f 4558/4558 4557/4557 4556/4556
f 4559/4559 4557/4557 4558/4558
f 4560/4560 4555/4555 4551/4551
f 4558/4558 4561/4561 4559/4559
f 4562/4562 4555/4555 4560/4560
f 4562/4562 4563/4563 4555/4555
f 4560/4560 4564/4564 4562/4562
f 4565/4565 4564/4564 4560/4560
f 4566/4566 4564/4564 4565/4565
f 4566/4566 4567/4567 4564/4564
f 4568/4568 4567/4567 4566/4566
f 4569/4569 4567/4567 4568/4568
f 4570/4570 4569/4569 4568/4568
f 4570/4570 4571/4571 4569/4569
f 4572/4572 4571/4571 4570/4570
f 4573/4573 4574/4574 4571/4571
f 4575/4575 4573/4573 4571/4571
f 4575/4575 4576/4576 4573/4573
f 4576/4576 4577/4577 4573/4573
f 4576/4576 4578/4578 4577/4577
f 4579/4579 4578/4578 4576/4576
f 4580/4580 4578/4578 4579/4579
f 4581/4581 4580/4580 4579/4579
f 4582/4582 4580/4580 4581/4581
f 4582/4582 4583/4583 4580/4580
f 4584/4584 4583/4583 4582/4582
f 4585/4585 4584/4584 4582/4582
f 4585/4585 4586/4586 4584/4584
f 4587/4587 4586/4586 4585/4585
f 4588/4588 4586/4586 4587/4587
f 4588/4588 4589/4589 4586/4586
f 4590/4590 4589/4589 4588/4588
f 4591/4591 4590/4590 4588/4588
f 4591/4591 4561/4561 4590/4590
f 4592/4592 4590/4590 4561/4561
f 4591/4591 4559/4559 4561/4561
f 4593/4593 4559/4559 4591/4591
f 4594/4594 4595/4595 4596/4596
f 4596/4596 4595/4595 4597/4597
f 4595/4595 4594/4594 4598/4598
f 4596/4596 4597/4597 4599/4599
f 4594/4594 4600/4600 4598/4598
f 4596/4596 4599/4599 4601/4601
f 4601/4601 4600/4600 4594/4594
f 4601/4601 4599/4599 4600/4600
f 4602/4602 4603/4603 4604/4604
f 4602/4602 4605/4605 4603/4603
f 4606/4606 4605/4605 4602/4602
f 4607/4607 4608/4608 4609/4609
f 4607/4607 4609/4609 4610/4610
f 4610/4610 4609/4609 4611/4611
f 4612/4612 4613/4613 4614/4614
f 4614/4614 4613/4613 4615/4615
f 4616/4616 4617/4617 4612/4612
f 4618/4618 4614/4614 4619/4619
f 4620/4620 4621/4621 4614/4614
f 4622/4622 4623/4623 4624/4624
f 4625/4625 4622/4622 4624/4624
f 4625/4625 4624/4624 4626/4626
f 4627/4627 4623/4623 4628/4628
f 4629/4629 4630/4630 4631/4631
f 4632/4632 4629/4629 4631/4631
f 4633/4633 4629/4629 4632/4632
f 4632/4632 4631/4631 4634/4634
f 4631/4631 4635/4635 4634/4634
f 4636/4636 4637/4637 4638/4638
f 4639/4639 4637/4637 4636/4636
f 4640/4640 4641/4641 4642/4642
f 4640/4640 4642/4642 4643/4643
f 4642/4642 4644/4644 4643/4643
f 4645/4645 4644/4644 4642/4642
f 4646/4646 4641/4641 4640/4640
f 4647/4647 4641/4641 4645/4645
f 4647/4647 4642/4642 4641/4641
f 4642/4642 4647/4647 4648/4648
f 4649/4649 4641/4641 4646/4646
f 4649/4649 4650/4650 4641/4641
f 4641/4641 4650/4650 4651/4651
f 4649/4649 4652/4652 4650/4650
f 4653/4653 4651/4651 4652/4652
f 4654/4654 4652/4652 4649/4649
f 4653/4653 4652/4652 4654/4654
f 4655/4655 4656/4656 4657/4657
f 4656/4656 4655/4655 4658/4658
f 4659/4659 4660/4660 4661/4661
f 4661/4661 4660/4660 4662/4662
f 4663/4663 4662/4662 4664/4664
f 4664/4664 4662/4662 4665/4665
f 4666/4666 4667/4667 4668/4668
f 4669/4669 4667/4667 4666/4666
f 4670/4670 4671/4671 4668/4668
f 4672/4672 4671/4671 4670/4670
f 4670/4670 4668/4668 4673/4673
f 4673/4673 4674/4674 4670/4670
f 4675/4675 4676/4676 4677/4677
f 4678/4678 4677/4677 4676/4676
f 4679/4679 4677/4677 4678/4678
f 4679/4679 4680/4680 4677/4677
f 4681/4681 4682/4682 4683/4683
f 4683/4683 4682/4682 4684/4684
f 4681/4681 4685/4685 4682/4682
f 4686/4686 4687/4687 4688/4688
f 4689/4689 4687/4687 4686/4686
f 4690/4690 4689/4689 4686/4686
f 4690/4690 4691/4691 4689/4689
f 4692/4692 4693/4693 4694/4694
f 4692/4692 4695/4695 4693/4693
f 4696/4696 4697/4697 4698/4698
f 4698/4698 4697/4697 4699/4699
f 4700/4700 4701/4701 4702/4702
f 4703/4703 4704/4704 4705/4705
f 4703/4703 4705/4705 4706/4706
f 4705/4705 4704/4704 4707/4707
f 4707/4707 4708/4708 4705/4705
f 4707/4707 4709/4709 4710/4710
f 4703/4703 4711/4711 4704/4704
f 4704/4704 4711/4711 4712/4712
f 4711/4711 4703/4703 4713/4713
f 4712/4712 4711/4711 4714/4714
f 4714/4714 4711/4711 4715/4715
f 4716/4716 4713/4713 4715/4715
f 4717/4717 4718/4718 4719/4719
f 4717/4717 4719/4719 4720/4720
f 4721/4721 4722/4722 4723/4723
f 4721/4721 4724/4724 4722/4722
f 4724/4724 4721/4721 4725/4725
f 4726/4726 4727/4727 4728/4728
f 4728/4728 4727/4727 4729/4729
f 4729/4729 4727/4727 4730/4730
f 4731/4731 4732/4732 4733/4733
f 4731/4731 4734/4734 4732/4732
f 4733/4733 4732/4732 4735/4735
f 4733/4733 4735/4735 4736/4736
f 4737/4737 4731/4731 4738/4738
f 4739/4739 4740/4740 4741/4741
f 4741/4741 4740/4740 4742/4742
f 4743/4743 4744/4744 4745/4745
f 4745/4745 4744/4744 4746/4746
f 4747/4747 4746/4746 4744/4744
f 4748/4748 4746/4746 4747/4747
f 4748/4748 4749/4749 4746/4746
f 4750/4750 4751/4751 4752/4752
f 4753/4753 4752/4752 4751/4751
f 4754/4754 4755/4755 4756/4756
f 4757/4757 4755/4755 4754/4754
f 4758/4758 4759/4759 4760/4760
f 4758/4758 4760/4760 4761/4761
f 4761/4761 4760/4760 4762/4762
f 4763/4763 4764/4764 4765/4765
f 4763/4763 4765/4765 4766/4766
f 4767/4767 4766/4766 4765/4765
f 4766/4766 4767/4767 4768/4768
f 4769/4769 4765/4765 4770/4770
f 4771/4771 4772/4772 4773/4773
f 4774/4774 4772/4772 4771/4771
f 4775/4775 4776/4776 4777/4777
f 4778/4778 4776/4776 4775/4775
f 4779/4779 4780/4780 4781/4781
f 4782/4782 4780/4780 4779/4779
f 4783/4783 4784/4784 4785/4785
f 4786/4786 4784/4784 4783/4783
f 4787/4787 4788/4788 4789/4789
f 4787/4787 4790/4790 4788/4788
f 4791/4791 4790/4790 4787/4787
f 4792/4792 4793/4793 4794/4794
f 4795/4795 4796/4796 4797/4797
f 4795/4795 111/111 4796/4796
f 4795/4795 4798/4798 111/111
f 4799/4799 4798/4798 4795/4795
f 4800/4800 4801/4801 4802/4802
f 4803/4803 4801/4801 4804/4804
f 4805/4805 4806/4806 4802/4802
f 4807/4807 4808/4808 4806/4806
f 4809/4809 4810/4810 4811/4811
f 4811/4811 4810/4810 4812/4812
f 4813/4813 4810/4810 4809/4809
f 4813/4813 4814/4814 4810/4810
f 4809/4809 4815/4815 4816/4816
f 4817/4817 4815/4815 4809/4809
f 4818/4818 4819/4819 4820/4820
f 4818/4818 4821/4821 4819/4819
f 4818/4818 4822/4822 4821/4821
f 4823/4823 4822/4822 4818/4818
f 4823/4823 4824/4824 4822/4822
f 4824/4824 4823/4823 4825/4825
f 4820/4820 4826/4826 4825/4825
f 4827/4827 4828/4828 4829/4829
f 4827/4827 4830/4830 4828/4828
f 4827/4827 4831/4831 4830/4830
f 4832/4832 4833/4833 4834/4834
f 4835/4835 4833/4833 4832/4832
f 4836/4836 4833/4833 4835/4835
f 4837/4837 4838/4838 4839/4839
f 4837/4837 4839/4839 4840/4840
f 4840/4840 4841/4841 4837/4837
f 4837/4837 4841/4841 4842/4842
f 4840/4840 4843/4843 4841/4841
f 4844/4844 4843/4843 4840/4840
f 4845/4845 4846/4846 4847/4847
f 4845/4845 4847/4847 4848/4848
f 4849/4849 4850/4850 4851/4851
f 4851/4851 4850/4850 4852/4852
f 4849/4849 4853/4853 4850/4850
f 4854/4854 4853/4853 4849/4849
f 4851/4851 4855/4855 4849/4849
f 4855/4855 4856/4856 4849/4849
f 4857/4857 4858/4858 4859/4859
f 4858/4858 4860/4860 4859/4859
f 4857/4857 4861/4861 4858/4858
f 4862/4862 4861/4861 4857/4857
f 4863/4863 4864/4864 4865/4865
f 4865/4865 4864/4864 4866/4866
f 4867/4867 4868/4868 4869/4869
f 4867/4867 4870/4870 4868/4868
f 4869/4869 4868/4868 4871/4871
f 4872/4872 4871/4871 4873/4873
f 4872/4872 4873/4873 4874/4874
f 4874/4874 4873/4873 4875/4875
f 4874/4874 4875/4875 4876/4876
f 4877/4877 4878/4878 4879/4879
f 4879/4879 4878/4878 4880/4880
f 4881/4881 4882/4882 4883/4883
f 4883/4883 4882/4882 4884/4884
f 4885/4885 4886/4886 4887/4887
f 4888/4888 4887/4887 4886/4886
f 4889/4889 4890/4890 4891/4891
f 4889/4889 4892/4892 4890/4890
f 4893/4893 4894/4894 4895/4895
f 4896/4896 4894/4894 4893/4893
f 4897/4897 4898/4898 4899/4899
f 4900/4900 4898/4898 4897/4897
f 4900/4900 4901/4901 4898/4898
f 4902/4902 4901/4901 4900/4900
f 4902/4902 4903/4903 4901/4901
f 4904/4904 4905/4905 4906/4906
f 4904/4904 4906/4906 4907/4907
f 4908/4908 4909/4909 4910/4910
f 4911/4911 4909/4909 4908/4908
f 4909/4909 4911/4911 4912/4912
f 4909/4909 4912/4912 4913/4913
f 4914/4914 4915/4915 4916/4916
f 4914/4914 4916/4916 4917/4917
f 4918/4918 4919/4919 4920/4920
f 4918/4918 4920/4920 4921/4921
f 4922/4922 4923/4923 4924/4924
f 4925/4925 4923/4923 4922/4922
f 4926/4926 4927/4927 4928/4928
f 4929/4929 4930/4930 4931/4931
f 4929/4929 4932/4932 4930/4930
f 4929/4929 4933/4933 4932/4932
f 4934/4934 4931/4931 4935/4935
f 4934/4934 4935/4935 4936/4936
f 4934/4934 4936/4936 4933/4933
f 4933/4933 4936/4936 4937/4937
f 4938/4938 4939/4939 4940/4940
f 4939/4939 4938/4938 4941/4941
f 4942/4942 4943/4943 4944/4944
f 4945/4945 4943/4943 4942/4942
f 4946/4946 4947/4947 4942/4942
f 4948/4948 4949/4949 4950/4950
f 4951/4951 4949/4949 4948/4948
f 4950/4950 4952/4952 4953/4953
f 4954/4954 4955/4955 4956/4956
f 4954/4954 4957/4957 4955/4955
f 4955/4955 4957/4957 4958/4958
f 4956/4956 4955/4955 4959/4959
f 4956/4956 4959/4959 4960/4960
f 4956/4956 4960/4960 4961/4961
f 4962/4962 4963/4963 4964/4964
f 4964/4964 4963/4963 4965/4965
f 4966/4966 4962/4962 4967/4967
f 4968/4968 4967/4967 4964/4964
f 4969/4969 4970/4970 4971/4971
f 4971/4971 4970/4970 4972/4972
f 4973/4973 4974/4974 4975/4975
f 4973/4973 4975/4975 4976/4976
f 4977/4977 4978/4978 4979/4979
f 4980/4980 4979/4979 4978/4978
f 4981/4981 4982/4982 4983/4983
f 4981/4981 4984/4984 4982/4982
f 4983/4983 4985/4985 4981/4981
f 4986/4986 4987/4987 4988/4988
f 4989/4989 4990/4990 4991/4991
f 4992/4992 4990/4990 4989/4989
f 4993/4993 4994/4994 4995/4995
f 4995/4995 4994/4994 4996/4996
f 4997/4997 4998/4998 4999/4999
f 4999/4999 4998/4998 5000/5000
f 5001/5001 5002/5002 5003/5003
f 5001/5001 5003/5003 5004/5004
f 5005/5005 5006/5006 5007/5007
f 5007/5007 5006/5006 5008/5008
f 5009/5009 5010/5010 5011/5011
f 5010/5010 5009/5009 5012/5012
f 5013/5013 5014/5014 5015/5015
f 5016/5016 5014/5014 5013/5013
f 5016/5016 5017/5017 5014/5014
f 5018/5018 5015/5015 5019/5019
f 5020/5020 5019/5019 5017/5017
f 5018/5018 5019/5019 5021/5021
f 5021/5021 5019/5019 5020/5020
f 5022/5022 5023/5023 5024/5024
f 5022/5022 5024/5024 5025/5025
f 5025/5025 5024/5024 5026/5026
f 5027/5027 5028/5028 5029/5029
f 5030/5030 5028/5028 5027/5027
f 5031/5031 5032/5032 5033/5033
f 5027/5027 5032/5032 5031/5031
f 5034/5034 5035/5035 5036/5036
f 5037/5037 5034/5034 5036/5036
f 5038/5038 5039/5039 1305/1305
f 1305/1305 5039/5039 1292/1292
f 5040/5040 5039/5039 5038/5038
f 1292/1292 5039/5039 5041/5041
f 5041/5041 5039/5039 5040/5040
f 5041/5041 5040/5040 1292/1292
f 5042/5042 5043/5043 5044/5044
f 5043/5043 5045/5045 5044/5044
f 5042/5042 5046/5046 5043/5043
f 5047/5047 5046/5046 5042/5042
f 5048/5048 5049/5049 5050/5050
f 5051/5051 5050/5050 5049/5049
f 5048/5048 5052/5052 5049/5049
f 3380/3380 5052/5052 5048/5048
f 5053/5053 5054/5054 5055/5055
f 5056/5056 5057/5057 5058/5058
f 5059/5059 5057/5057 5056/5056
f 5059/5059 5060/5060 5057/5057
f 5061/5061 5060/5060 5059/5059
f 5056/5056 5058/5058 5062/5062
f 5063/5063 5062/5062 5058/5058
f 5063/5063 5064/5064 5062/5062
f 5065/5065 5064/5064 5063/5063
f 5065/5065 5066/5066 5064/5064
f 5067/5067 5068/5068 5069/5069
f 5067/5067 5070/5070 5068/5068
f 5069/5069 5068/5068 5071/5071
f 5069/5069 5071/5071 5072/5072
f 5072/5072 5071/5071 3375/3375
f 5072/5072 3375/3375 5073/5073
f 5073/5073 3375/3375 5074/5074
f 5073/5073 5074/5074 5075/5075
f 5076/5076 5077/5077 5078/5078
f 5078/5078 5077/5077 5079/5079
f 5080/5080 5081/5081 5082/5082
f 5082/5082 5081/5081 5083/5083
f 5082/5082 5083/5083 5084/5084
f 5083/5083 5085/5085 5084/5084
f 5084/5084 5085/5085 5086/5086
f 5087/5087 5088/5088 5089/5089
f 5089/5089 5088/5088 5090/5090
f 5091/5091 5092/5092 5093/5093
f 5093/5093 5092/5092 5094/5094
f 5095/5095 5096/5096 5097/5097
f 5098/5098 5099/5099 5100/5100
f 5101/5101 5102/5102 5103/5103
f 5104/5104 5105/5105 5106/5106
f 5104/5104 5107/5107 5105/5105
f 5108/5108 5109/5109 5110/5110
f 5108/5108 5110/5110 5111/5111
f 5112/5112 5113/5113 5114/5114
f 5112/5112 5114/5114 5115/5115
f 5116/5116 5113/5113 5112/5112
f 5112/5112 5117/5117 5116/5116
f 5116/5116 5117/5117 5118/5118
f 5119/5119 5120/5120 5121/5121
f 5120/5120 5119/5119 5122/5122
f 5123/5123 5124/5124 5125/5125
f 5126/5126 5124/5124 5123/5123
f 5127/5127 5128/5128 5129/5129
f 5129/5129 5130/5130 5127/5127
f 5131/5131 5132/5132 5133/5133
f 5134/5134 5132/5132 5131/5131
f 5135/5135 5132/5132 5134/5134
f 5136/5136 5137/5137 5138/5138
f 5136/5136 5139/5139 5137/5137
f 5136/5136 5138/5138 5140/5140
f 5141/5141 5142/5142 5143/5143
f 5144/5144 5142/5142 5141/5141
f 5145/5145 5146/5146 5147/5147
f 5145/5145 5147/5147 5148/5148
f 5149/5149 5150/5150 5151/5151
f 5152/5152 5149/5149 5151/5151
f 5153/5153 5150/5150 5154/5154
f 5151/5151 5155/5155 5156/5156
f 5156/5156 5155/5155 5157/5157
f 5156/5156 5157/5157 5158/5158
f 5159/5159 5160/5160 5161/5161
f 5162/5162 5160/5160 5159/5159
f 5163/5163 5164/5164 5165/5165
f 5166/5166 5167/5167 5168/5168
f 5166/5166 5168/5168 5169/5169
f 5170/5170 5171/5171 5167/5167
f 5172/5172 5171/5171 5170/5170
f 5173/5173 5174/5174 5175/5175
f 5176/5176 5174/5174 5173/5173
f 5177/5177 5178/5178 5179/5179
f 5180/5180 5178/5178 5177/5177
f 5181/5181 5182/5182 5183/5183
f 5182/5182 5184/5184 5183/5183
f 5185/5185 5186/5186 5187/5187
f 5185/5185 5188/5188 5189/5189
f 5190/5190 5191/5191 5192/5192
f 5192/5192 5191/5191 5193/5193
f 5194/5194 5195/5195 5196/5196
f 5197/5197 5195/5195 5194/5194
f 5198/5198 5199/5199 5200/5200
f 5201/5201 5199/5199 5198/5198
f 5202/5202 5203/5203 5204/5204
f 5205/5205 5203/5203 5202/5202
f 5205/5205 5206/5206 5203/5203
f 5207/5207 5208/5208 5209/5209
f 5209/5209 5208/5208 5210/5210
f 5207/5207 5209/5209 5211/5211
f 5209/5209 5212/5212 5213/5213
f 5214/5214 5215/5215 5216/5216
f 5216/5216 5215/5215 5217/5217
f 5218/5218 5219/5219 5220/5220
f 5218/5218 5221/5221 5219/5219
f 5222/5222 5221/5221 5218/5218
f 5223/5223 5224/5224 5225/5225
f 5223/5223 5225/5225 5226/5226
f 5226/5226 5225/5225 5227/5227
f 5228/5228 5224/5224 5223/5223
f 5229/5229 5224/5224 5228/5228
f 5229/5229 5230/5230 5224/5224
f 5231/5231 5227/5227 5230/5230
f 5232/5232 5233/5233 5234/5234
f 5234/5234 5233/5233 5235/5235
f 5236/5236 5237/5237 5238/5238
f 5238/5238 5237/5237 5239/5239
f 5238/5238 5239/5239 5240/5240
f 5241/5241 5242/5242 5243/5243
f 5243/5243 5242/5242 5244/5244
f 5245/5245 5246/5246 5247/5247
f 5248/5248 5246/5246 5245/5245
f 5247/5247 5249/5249 5245/5245
f 5250/5250 5249/5249 5247/5247
f 5251/5251 5252/5252 5253/5253
f 5251/5251 5254/5254 5252/5252
f 5255/5255 5256/5256 5257/5257
f 5257/5257 5256/5256 5258/5258
f 5259/5259 5260/5260 5261/5261
f 5259/5259 5262/5262 5260/5260
f 5263/5263 5264/5264 5265/5265
f 5265/5265 5264/5264 5266/5266
f 5267/5267 5268/5268 5263/5263
f 5269/5269 5270/5270 5271/5271
f 5269/5269 5271/5271 5272/5272
f 5273/5273 5274/5274 5275/5275
f 5275/5275 5274/5274 5276/5276
f 5277/5277 5278/5278 5279/5279
f 5280/5280 5278/5278 5277/5277
f 5281/5281 5282/5282 5283/5283
f 5284/5284 5282/5282 5281/5281
f 5285/5285 5286/5286 5287/5287
f 5288/5288 5286/5286 5285/5285
f 5289/5289 5290/5290 5291/5291
f 5289/5289 5292/5292 5290/5290
f 5293/5293 5294/5294 5295/5295
f 5293/5293 5296/5296 5294/5294
f 5296/5296 5297/5297 5294/5294
f 5293/5293 5298/5298 5296/5296
f 5299/5299 5300/5300 5301/5301
f 5302/5302 5301/5301 5300/5300
f 5303/5303 5304/5304 5305/5305
f 5306/5306 5307/5307 5308/5308
f 5309/5309 5308/5308 5307/5307
f 5310/5310 5311/5311 5312/5312
f 5310/5310 5312/5312 5313/5313
f 5314/5314 5315/5315 5316/5316
f 5316/5316 5315/5315 5317/5317
f 5318/5318 5319/5319 5320/5320
f 5321/5321 5322/5322 5323/5323
f 5324/5324 5325/5325 5326/5326
f 5324/5324 5327/5327 5325/5325
f 5328/5328 5329/5329 5330/5330
f 5328/5328 5331/5331 5329/5329
f 5332/5332 5333/5333 5334/5334
f 5335/5335 5333/5333 5332/5332
f 5336/5336 5335/5335 5332/5332
f 5337/5337 5338/5338 5339/5339
f 5339/5339 5338/5338 5340/5340
f 5341/5341 5342/5342 5343/5343
f 5343/5343 5344/5344 5345/5345
f 5346/5346 5347/5347 5348/5348
f 5349/5349 5348/5348 5347/5347
f 5347/5347 5346/5346 5350/5350
f 5351/5351 5352/5352 5353/5353
f 5354/5354 5352/5352 5351/5351
f 5355/5355 5356/5356 5357/5357
f 5358/5358 5356/5356 5355/5355
f 5359/5359 5360/5360 5361/5361
f 5362/5362 5360/5360 5359/5359
f 5363/5363 5364/5364 5365/5365
f 5365/5365 5364/5364 5366/5366
f 5367/5367 5368/5368 5369/5369
f 5367/5367 5369/5369 5370/5370
f 5370/5370 5369/5369 5371/5371
f 5372/5372 5373/5373 5368/5368
f 5374/5374 5375/5375 5376/5376
f 5377/5377 5374/5374 5376/5376
f 5378/5378 5379/5379 5380/5380
f 5381/5381 5378/5378 5382/5382
f 5381/5381 5382/5382 5383/5383
f 5383/5383 5382/5382 5384/5384
f 5383/5383 5384/5384 5385/5385
f 5386/5386 5387/5387 5388/5388
f 5389/5389 5387/5387 5386/5386
f 5390/5390 5391/5391 5392/5392
f 5393/5393 5394/5394 5395/5395
f 5393/5393 5395/5395 5396/5396
f 5397/5397 5398/5398 5399/5399
f 5399/5399 5400/5400 5401/5401
f 5402/5402 5403/5403 5404/5404
f 5405/5405 5406/5406 5407/5407
f 5405/5405 5408/5408 5406/5406
f 5409/5409 5410/5410 5411/5411
f 5409/5409 5411/5411 5412/5412
f 5412/5412 5411/5411 5413/5413
f 5414/5414 5415/5415 5416/5416
f 5414/5414 5417/5417 5415/5415
f 5417/5417 5414/5414 5418/5418
f 5419/5419 5417/5417 5418/5418
f 5420/5420 5421/5421 5422/5422
f 5423/5423 5421/5421 5420/5420
f 5424/5424 5425/5425 5426/5426
f 5424/5424 5426/5426 5427/5427
f 5428/5428 5429/5429 5430/5430
f 5431/5431 5432/5432 5433/5433
f 5434/5434 5433/5433 5435/5435
f 5434/5434 5435/5435 5436/5436
f 5437/5437 5438/5438 5439/5439
f 5437/5437 5440/5440 5438/5438
f 5441/5441 5442/5442 5443/5443
f 5444/5444 5443/5443 5445/5445
f 5446/5446 5447/5447 5448/5448
f 5449/5449 5450/5450 5451/5451
f 5449/5449 5452/5452 5450/5450
f 5451/5451 5450/5450 5453/5453
f 5453/5453 5454/5454 5451/5451
f 5455/5455 5456/5456 5457/5457
f 5458/5458 5459/5459 5460/5460
f 5461/5461 5459/5459 5458/5458
f 5462/5462 5463/5463 5464/5464
f 5464/5464 5463/5463 5465/5465
f 5466/5466 5467/5467 5468/5468
f 5469/5469 5470/5470 5471/5471
f 5472/5472 5470/5470 5469/5469
f 5473/5473 5474/5474 5475/5475
f 5475/5475 5474/5474 5476/5476
f 5477/5477 5478/5478 5479/5479
f 5480/5480 5481/5481 5482/5482
f 5482/5482 5483/5483 5484/5484
f 5485/5485 5486/5486 5487/5487
f 5485/5485 5488/5488 5486/5486
f 5489/5489 5490/5490 5491/5491
f 5492/5492 5493/5493 5490/5490
f 5494/5494 5495/5495 5496/5496
f 5497/5497 5498/5498 5499/5499
f 5500/5500 5501/5501 5502/5502
f 5503/5503 5501/5501 5500/5500
f 5500/5500 5502/5502 5504/5504
f 5505/5505 5506/5506 5507/5507
f 5505/5505 5507/5507 5508/5508
f 5509/5509 5510/5510 5511/5511
f 5509/5509 5512/5512 5510/5510
f 5513/5513 5514/5514 5515/5515
f 5516/5516 5514/5514 5513/5513
f 5517/5517 5518/5518 5519/5519
f 5520/5520 5521/5521 5522/5522
f 5522/5522 5521/5521 5523/5523
f 5524/5524 5525/5525 5526/5526
f 5524/5524 5527/5527 5525/5525
f 5526/5526 5525/5525 5528/5528
f 5526/5526 5528/5528 5529/5529
f 5530/5530 5531/5531 5532/5532
f 5532/5532 5531/5531 5533/5533
f 5534/5534 5532/5532 5533/5533
f 5535/5535 5536/5536 5537/5537
f 5537/5537 5536/5536 5538/5538
f 5539/5539 5540/5540 5541/5541
f 5540/5540 5539/5539 5542/5542
f 5543/5543 5544/5544 5545/5545
f 5546/5546 5544/5544 5543/5543
f 5547/5547 5548/5548 5549/5549
f 5550/5550 5551/5551 5552/5552
f 5553/5553 5554/5554 5555/5555
f 5556/5556 5555/5555 5554/5554
f 5557/5557 5558/5558 5559/5559
