# Converted from an open-license Objaverse GLB by Critter Engine
v -0.464907 -0.7403519 0.6929864
v -0.339682 -0.7403519 0.6929864
v -0.339682 -0.7403519 0.7054838
v -0.464907 -0.7403519 0.7054838
v -0.339682 -0.6153769 0.7054838
v -0.339682 -0.7403519 0.7054838
v -0.339682 -0.7403519 0.6929864
v -0.339682 -0.6153769 0.6929864
v -0.339682 -0.6153769 0.6929864
v -0.464907 -0.6153769 0.6929864
v -0.464907 -0.6153769 0.7054838
v -0.339682 -0.6153769 0.7054838
v -0.464907 -0.7403519 0.7054838
v -0.464907 -0.6153769 0.7054838
v -0.464907 -0.6153769 0.6929864
v -0.464907 -0.7403519 0.6929864
v -0.464907 -0.6153769 0.6929864
v -0.4551589 -0.6252499 0.6929864
v -0.4524095 -0.6316237 0.6929864
v -0.464907 -0.7403519 0.6929864
v -0.4524095 -0.7241052 0.6929864
v -0.4551589 -0.7304789 0.6929864
v -0.3559288 -0.6278745 0.6929864
v -0.339682 -0.6153769 0.6929864
v -0.3495551 -0.6252499 0.6929864
v -0.4486602 -0.6278745 0.6929864
v -0.3521796 -0.7241052 0.6929864
v -0.339682 -0.7403519 0.6929864
v -0.3495551 -0.7304789 0.6929864
v -0.3521796 -0.6316237 0.6929864
v -0.4486602 -0.7278544 0.6929864
v -0.3559288 -0.7278544 0.6929864
v -0.4524095 -0.7241052 0.6929864
v -0.4524095 -0.6316237 0.6929864
v -0.4524095 -0.6316237 0.1213507
v -0.4524095 -0.7241052 0.1213507
v -0.4486602 -0.6278745 0.6929864
v -0.3559288 -0.6278745 0.6929864
v -0.3559288 -0.6278745 0.1213507
v -0.4486602 -0.6278745 0.1213507
v -0.3521796 -0.6316237 0.1213507
v -0.3521796 -0.6316237 0.6929864
v -0.3521796 -0.7241052 0.6929864
v -0.3521796 -0.7241052 0.1213507
v -0.3559288 -0.7278544 0.1213507
v -0.3559288 -0.7278544 0.6929864
v -0.4486602 -0.7278544 0.6929864
v -0.4486602 -0.7278544 0.1213507
v -0.4612827 -0.6191262 0.110103
v -0.4612827 -0.7367276 0.110103
v -0.4612827 -0.7367276 0.1213507
v -0.4612827 -0.6191262 0.1213507
v -0.4612827 -0.6191262 0.1213507
v -0.3434313 -0.6191262 0.1213507
v -0.3434313 -0.6191262 0.110103
v -0.4612827 -0.6191262 0.110103
v -0.3434313 -0.7367276 0.1213507
v -0.3434313 -0.7367276 0.110103
v -0.3434313 -0.6191262 0.110103
v -0.3434313 -0.6191262 0.1213507
v -0.4612827 -0.7367276 0.1213507
v -0.4612827 -0.7367276 0.110103
v -0.3434313 -0.7367276 0.110103
v -0.3434313 -0.7367276 0.1213507
v -0.4612827 -0.6191262 0.1213507
v -0.4524095 -0.7241052 0.1213507
v -0.4524095 -0.6316237 0.1213507
v -0.4551589 -0.6252499 0.1213507
v -0.4612827 -0.7367276 0.1213507
v -0.4551589 -0.7304789 0.1213507
v -0.3434313 -0.6191262 0.1213507
v -0.4486602 -0.6278745 0.1213507
v -0.3559288 -0.6278745 0.1213507
v -0.3495551 -0.6252499 0.1213507
v -0.3521796 -0.6316237 0.1213507
v -0.3521796 -0.7241052 0.1213507
v -0.3495551 -0.7304789 0.1213507
v -0.3434313 -0.7367276 0.1213507
v -0.3559288 -0.7278544 0.1213507
v -0.4486602 -0.7278544 0.1213507
v -0.3434313 -0.7367276 0.110103
v -0.4612827 -0.7367276 0.110103
v -0.4612827 -0.6191262 0.110103
v -0.3434313 -0.6191262 0.110103
v -0.4266646 -0.6873625 0.0509898
v -0.4266646 -0.6873625 0.1127275
v -0.4281643 -0.6788642 0.1127275
v -0.4281643 -0.6788642 0.0509898
v -0.4224155 -0.694861 0.0509898
v -0.4224155 -0.694861 0.1127275
v -0.4224155 -0.694861 0.1127275
v -0.4224155 -0.694861 0.0509898
v -0.4156668 -0.7004849 0.0509898
v -0.4156668 -0.7004849 0.1127275
v -0.4075435 -0.7033593 0.0509898
v -0.4075435 -0.7033593 0.1127275
v -0.3989202 -0.7033593 0.0509898
v -0.3989202 -0.7033593 0.1127275
v -0.3906718 -0.7004849 0.0509898
v -0.3906718 -0.7004849 0.1127275
v -0.3840482 -0.694861 0.0509898
v -0.3840482 -0.694861 0.1127275
v -0.379674 -0.6873625 0.1127275
v -0.3840482 -0.694861 0.1127275
v -0.3840482 -0.694861 0.0509898
v -0.379674 -0.6873625 0.0509898
v -0.3781743 -0.6788642 0.0509898
v -0.3781743 -0.6788642 0.1127275
v -0.379674 -0.6702409 0.1127275
v -0.379674 -0.6702409 0.0509898
v -0.379674 -0.6702409 0.0509898
v -0.3840482 -0.6627425 0.0509898
v -0.3840482 -0.6627425 0.1127275
v -0.379674 -0.6702409 0.1127275
v -0.3906718 -0.6571185 0.1127275
v -0.3840482 -0.6627425 0.1127275
v -0.3840482 -0.6627425 0.0509898
v -0.3906718 -0.6571185 0.0509898
v -0.3989202 -0.6542442 0.1127275
v -0.3989202 -0.6542442 0.0509898
v -0.4075435 -0.6542442 0.0509898
v -0.4075435 -0.6542442 0.1127275
v -0.4156668 -0.6571185 0.0509898
v -0.4156668 -0.6571185 0.1127275
v -0.4224155 -0.6627425 0.0509898
v -0.4224155 -0.6627425 0.1127275
v -0.4224155 -0.6627425 0.1127275
v -0.4224155 -0.6627425 0.0509898
v -0.4266646 -0.6702409 0.0509898
v -0.4266646 -0.6702409 0.1127275
v -0.4325385 -0.6894871 0.0428664
v -0.4325385 -0.6894871 0.0509898
v -0.4344131 -0.6788642 0.0509898
v -0.4344131 -0.6788642 0.0428664
v -0.4271646 -0.6988602 0.0428664
v -0.4271646 -0.6988602 0.0509898
v -0.4271646 -0.6988602 0.0509898
v -0.4271646 -0.6988602 0.0428664
v -0.4187912 -0.7058588 0.0428664
v -0.4187912 -0.7058588 0.0509898
v -0.4086682 -0.7096081 0.0428664
v -0.4086682 -0.7096081 0.0509898
v -0.3977954 -0.7096081 0.0428664
v -0.3977954 -0.7096081 0.0509898
v -0.3875475 -0.7058588 0.0428664
v -0.3875475 -0.7058588 0.0509898
v -0.3792991 -0.6988602 0.0428664
v -0.3792991 -0.6988602 0.0509898
v -0.3792991 -0.6988602 0.0509898
v -0.3792991 -0.6988602 0.0428664
v -0.3738002 -0.6894871 0.0428664
v -0.3738002 -0.6894871 0.0509898
v -0.3719256 -0.6788642 0.0428664
v -0.3719256 -0.6788642 0.0509898
v -0.3738002 -0.6681164 0.0509898
v -0.3738002 -0.6681164 0.0428664
v -0.3738002 -0.6681164 0.0509898
v -0.3738002 -0.6681164 0.0428664
v -0.3792991 -0.6587433 0.0428664
v -0.3792991 -0.6587433 0.0509898
v -0.3792991 -0.6587433 0.0509898
v -0.3792991 -0.6587433 0.0428664
v -0.3875475 -0.6517446 0.0428664
v -0.3875475 -0.6517446 0.0509898
v -0.3977954 -0.6479954 0.0509898
v -0.3977954 -0.6479954 0.0428664
v -0.4086682 -0.6479954 0.0428664
v -0.4086682 -0.6479954 0.0509898
v -0.4187912 -0.6517446 0.0428664
v -0.4187912 -0.6517446 0.0509898
v -0.4271646 -0.6587433 0.0428664
v -0.4271646 -0.6587433 0.0509898
v -0.4271646 -0.6587433 0.0509898
v -0.4271646 -0.6587433 0.0428664
v -0.4325385 -0.6681164 0.0428664
v -0.4325385 -0.6681164 0.0509898
v -0.4325385 -0.6894871 0.0509898
v -0.4266646 -0.6873625 0.0509898
v -0.4281643 -0.6788642 0.0509898
v -0.4344131 -0.6788642 0.0509898
v -0.4266646 -0.6702409 0.0509898
v -0.4325385 -0.6681164 0.0509898
v -0.4224155 -0.6627425 0.0509898
v -0.4271646 -0.6587433 0.0509898
v -0.4156668 -0.6571185 0.0509898
v -0.4187912 -0.6517446 0.0509898
v -0.4075435 -0.6542442 0.0509898
v -0.4086682 -0.6479954 0.0509898
v -0.3989202 -0.6542442 0.0509898
v -0.3977954 -0.6479954 0.0509898
v -0.3906718 -0.6571185 0.0509898
v -0.3875475 -0.6517446 0.0509898
v -0.3840482 -0.6627425 0.0509898
v -0.3792991 -0.6587433 0.0509898
v -0.379674 -0.6702409 0.0509898
v -0.3738002 -0.6681164 0.0509898
v -0.3781743 -0.6788642 0.0509898
v -0.3719256 -0.6788642 0.0509898
v -0.379674 -0.6873625 0.0509898
v -0.3738002 -0.6894871 0.0509898
v -0.3840482 -0.694861 0.0509898
v -0.3792991 -0.6988602 0.0509898
v -0.3906718 -0.7004849 0.0509898
v -0.3875475 -0.7058588 0.0509898
v -0.3989202 -0.7033593 0.0509898
v -0.3977954 -0.7096081 0.0509898
v -0.4075435 -0.7033593 0.0509898
v -0.4086682 -0.7096081 0.0509898
v -0.4187912 -0.7058588 0.0509898
v -0.4156668 -0.7004849 0.0509898
v -0.4224155 -0.694861 0.0509898
v -0.4271646 -0.6988602 0.0509898
v -0.3025645 -0.6792391 0
v -0.3086883 -0.645121 0
v -0.3086883 -0.645121 0.0106229
v -0.3025645 -0.6792391 0.0106229
v -0.3260598 -0.615002 0
v -0.3260598 -0.615002 0.0106229
v -0.3260598 -0.615002 0.0106229
v -0.3260598 -0.615002 0
v -0.3525545 -0.5927565 0
v -0.3525545 -0.5927565 0.0106229
v -0.3852979 -0.5808838 0
v -0.3852979 -0.5808838 0.0106229
v -0.419916 -0.5808838 0
v -0.419916 -0.5808838 0.0106229
v -0.4525345 -0.5927565 0.0106229
v -0.4525345 -0.5927565 0
v -0.4791541 -0.615002 0
v -0.4791541 -0.615002 0.0106229
v -0.4791541 -0.615002 0.0106229
v -0.4791541 -0.615002 0
v -0.4965257 -0.645121 0
v -0.4965257 -0.645121 0.0106229
v -0.5025245 -0.6792391 0
v -0.5025245 -0.6792391 0.0106229
v -0.4965257 -0.7134823 0
v -0.4965257 -0.7134823 0.0106229
v -0.4965257 -0.7134823 0.0106229
v -0.4965257 -0.7134823 0
v -0.4791541 -0.7436013 0
v -0.4791541 -0.7436013 0.0106229
v -0.4791541 -0.7436013 0.0106229
v -0.4791541 -0.7436013 0
v -0.4525345 -0.7658468 0
v -0.4525345 -0.7658468 0.0106229
v -0.419916 -0.7777195 0
v -0.419916 -0.7777195 0.0106229
v -0.3852979 -0.7777195 0
v -0.3852979 -0.7777195 0.0106229
v -0.3525545 -0.7658468 0
v -0.3525545 -0.7658468 0.0106229
v -0.3260598 -0.7436013 0
v -0.3260598 -0.7436013 0.0106229
v -0.3260598 -0.7436013 0.0106229
v -0.3260598 -0.7436013 0
v -0.3086883 -0.7134823 0
v -0.3086883 -0.7134823 0.0106229
v -0.3260598 -0.7436013 0
v -0.3525545 -0.7658468 0
v -0.3852979 -0.7777195 0
v -0.3025645 -0.6792391 0
v -0.419916 -0.7777195 0
v -0.4525345 -0.7658468 0
v -0.4965257 -0.7134823 0
v -0.4791541 -0.7436013 0
v -0.5025245 -0.6792391 0
v -0.4965257 -0.645121 0
v -0.4525345 -0.5927565 0
v -0.4791541 -0.615002 0
v -0.419916 -0.5808838 0
v -0.3852979 -0.5808838 0
v -0.3260598 -0.615002 0
v -0.3525545 -0.5927565 0
v -0.3086883 -0.645121 0
v -0.3086883 -0.7134823 0
v -0.3746751 -0.6558688 0.0432414
v -0.3842981 -0.6476205 0.0432414
v -0.3683013 -0.6917366 0.0432414
v -0.3683013 -0.6667416 0.0432414
v -0.3962957 -0.6433713 0.0432414
v -0.4089182 -0.6433713 0.0432414
v -0.4305389 -0.6558688 0.0432414
v -0.4209158 -0.6476205 0.0432414
v -0.4369126 -0.6667416 0.0432414
v -0.4391621 -0.6792391 0.0432414
v -0.4305389 -0.7027345 0.0432414
v -0.4369126 -0.6917366 0.0432414
v -0.4209158 -0.7109828 0.0432414
v -0.4089182 -0.715232 0.0432414
v -0.3842981 -0.7109828 0.0432414
v -0.3962957 -0.715232 0.0432414
v -0.3746751 -0.7027345 0.0432414
v -0.3660518 -0.6792391 0.0432414
v -0.3109378 -0.6458709 0.0139972
v -0.3683013 -0.6667416 0.034743
v -0.3660518 -0.6792391 0.034743
v -0.304939 -0.6792391 0.0139972
v -0.3278094 -0.6165017 0.0139972
v -0.3746751 -0.6558688 0.034743
v -0.3538042 -0.5947561 0.0139972
v -0.3842981 -0.6476205 0.034743
v -0.3856729 -0.5831334 0.0139972
v -0.3962957 -0.6433713 0.034743
v -0.4195411 -0.5831334 0.0139972
v -0.4089182 -0.6433713 0.034743
v -0.4514097 -0.5947561 0.0139972
v -0.4209158 -0.6476205 0.034743
v -0.4774045 -0.6165017 0.0139972
v -0.4305389 -0.6558688 0.034743
v -0.4942761 -0.6458709 0.0139972
v -0.4369126 -0.6667416 0.034743
v -0.4391621 -0.6792391 0.034743
v -0.5002749 -0.6792391 0.0139972
v -0.4942761 -0.7127325 0.0139972
v -0.4369126 -0.6917366 0.034743
v -0.4774045 -0.7419766 0.0139972
v -0.4305389 -0.7027345 0.034743
v -0.4514097 -0.7638472 0.0139972
v -0.4209158 -0.7109828 0.034743
v -0.4089182 -0.715232 0.034743
v -0.4195411 -0.7754699 0.0139972
v -0.3856729 -0.7754699 0.0139972
v -0.3962957 -0.715232 0.034743
v -0.3538042 -0.7638472 0.0139972
v -0.3842981 -0.7109828 0.034743
v -0.3278094 -0.7419766 0.0139972
v -0.3746751 -0.7027345 0.034743
v -0.3109378 -0.7127325 0.0139972
v -0.3683013 -0.6917366 0.034743
v -0.3660518 -0.6792391 0.034743
v -0.3683013 -0.6667416 0.034743
v -0.3683013 -0.6667416 0.0432414
v -0.3660518 -0.6792391 0.0432414
v -0.3746751 -0.6558688 0.034743
v -0.3746751 -0.6558688 0.0432414
v -0.3842981 -0.6476205 0.034743
v -0.3842981 -0.6476205 0.0432414
v -0.3842981 -0.6476205 0.034743
v -0.3962957 -0.6433713 0.034743
v -0.3962957 -0.6433713 0.0432414
v -0.3842981 -0.6476205 0.0432414
v -0.4089182 -0.6433713 0.0432414
v -0.4089182 -0.6433713 0.034743
v -0.4209158 -0.6476205 0.034743
v -0.4209158 -0.6476205 0.0432414
v -0.4305389 -0.6558688 0.034743
v -0.4305389 -0.6558688 0.0432414
v -0.4209158 -0.6476205 0.0432414
v -0.4209158 -0.6476205 0.034743
v -0.4369126 -0.6667416 0.0432414
v -0.4369126 -0.6667416 0.034743
v -0.4391621 -0.6792391 0.0432414
v -0.4391621 -0.6792391 0.034743
v -0.4369126 -0.6917366 0.034743
v -0.4369126 -0.6917366 0.0432414
v -0.4391621 -0.6792391 0.0432414
v -0.4391621 -0.6792391 0.034743
v -0.4305389 -0.7027345 0.034743
v -0.4305389 -0.7027345 0.0432414
v -0.4209158 -0.7109828 0.034743
v -0.4209158 -0.7109828 0.0432414
v -0.4305389 -0.7027345 0.0432414
v -0.4305389 -0.7027345 0.034743
v -0.4089182 -0.715232 0.0432414
v -0.4089182 -0.715232 0.034743
v -0.3962957 -0.715232 0.034743
v -0.3962957 -0.715232 0.0432414
v -0.3842981 -0.7109828 0.034743
v -0.3842981 -0.7109828 0.0432414
v -0.3746751 -0.7027345 0.034743
v -0.3746751 -0.7027345 0.0432414
v -0.3683013 -0.6917366 0.0432414
v -0.3746751 -0.7027345 0.0432414
v -0.3746751 -0.7027345 0.034743
v -0.3683013 -0.6917366 0.034743
v -0.3109378 -0.6458709 0.0139972
v -0.304939 -0.6792391 0.0139972
v -0.3278094 -0.6165017 0.0139972
v -0.3260598 -0.615002 0.0106229
v -0.3525545 -0.5927565 0.0106229
v -0.3856729 -0.5831334 0.0139972
v -0.3538042 -0.5947561 0.0139972
v -0.4195411 -0.5831334 0.0139972
v -0.4514097 -0.5947561 0.0139972
v -0.4774045 -0.6165017 0.0139972
v -0.4514097 -0.5947561 0.0139972
v -0.4525345 -0.5927565 0.0106229
v -0.4942761 -0.6458709 0.0139972
v -0.5002749 -0.6792391 0.0139972
v -0.5025245 -0.6792391 0.0106229
v -0.4942761 -0.7127325 0.0139972
v -0.5002749 -0.6792391 0.0139972
v -0.4774045 -0.7419766 0.0139972
v -0.4525345 -0.7658468 0.0106229
v -0.4514097 -0.7638472 0.0139972
v -0.4514097 -0.7638472 0.0139972
v -0.4195411 -0.7754699 0.0139972
v -0.3856729 -0.7754699 0.0139972
v -0.3538042 -0.7638472 0.0139972
v -0.3260598 -0.7436013 0.0106229
v -0.3278094 -0.7419766 0.0139972
v -0.3538042 -0.7638472 0.0139972
v -0.3525545 -0.7658468 0.0106229
v -0.3260598 -0.7436013 0.0106229
v -0.3086883 -0.7134823 0.0106229
v -0.3109378 -0.7127325 0.0139972
v 0.5008998 -0.7403519 0.6929864
v 0.5008998 -0.7403519 0.7054838
v 0.3756748 -0.7403519 0.7054838
v 0.3756748 -0.7403519 0.6929864
v 0.3756748 -0.6153769 0.6929864
v 0.3756748 -0.7403519 0.6929864
v 0.3756748 -0.7403519 0.7054838
v 0.3756748 -0.6153769 0.7054838
v 0.3756748 -0.6153769 0.6929864
v 0.3756748 -0.6153769 0.7054838
v 0.5008998 -0.6153769 0.7054838
v 0.5008998 -0.6153769 0.6929864
v 0.5008998 -0.6153769 0.7054838
v 0.5008998 -0.7403519 0.7054838
v 0.5008998 -0.7403519 0.6929864
v 0.5008998 -0.6153769 0.6929864
v 0.5008998 -0.7403519 0.6929864
v 0.4911518 -0.7304789 0.6929864
v 0.4884023 -0.7241052 0.6929864
v 0.4911518 -0.6252499 0.6929864
v 0.4884023 -0.6316237 0.6929864
v 0.5008998 -0.6153769 0.6929864
v 0.4846531 -0.6278745 0.6929864
v 0.3855479 -0.6252499 0.6929864
v 0.3919216 -0.6278745 0.6929864
v 0.3756748 -0.6153769 0.6929864
v 0.3855479 -0.7304789 0.6929864
v 0.3881724 -0.6316237 0.6929864
v 0.3881724 -0.7241052 0.6929864
v 0.3756748 -0.7403519 0.6929864
v 0.3919216 -0.7278544 0.6929864
v 0.4846531 -0.7278544 0.6929864
v 0.4884023 -0.7241052 0.1213507
v 0.4884023 -0.6316237 0.1213507
v 0.4884023 -0.6316237 0.6929864
v 0.4884023 -0.7241052 0.6929864
v 0.3919216 -0.6278745 0.1213507
v 0.3919216 -0.6278745 0.6929864
v 0.4846531 -0.6278745 0.6929864
v 0.4846531 -0.6278745 0.1213507
v 0.3881724 -0.7241052 0.1213507
v 0.3881724 -0.7241052 0.6929864
v 0.3881724 -0.6316237 0.6929864
v 0.3881724 -0.6316237 0.1213507
v 0.4846531 -0.7278544 0.6929864
v 0.3919216 -0.7278544 0.6929864
v 0.3919216 -0.7278544 0.1213507
v 0.4846531 -0.7278544 0.1213507
v 0.4972755 -0.7367276 0.110103
v 0.4972755 -0.6191262 0.110103
v 0.4972755 -0.6191262 0.1213507
v 0.4972755 -0.7367276 0.1213507
v 0.3794241 -0.6191262 0.110103
v 0.3794241 -0.6191262 0.1213507
v 0.4972755 -0.6191262 0.1213507
v 0.4972755 -0.6191262 0.110103
v 0.3794241 -0.7367276 0.110103
v 0.3794241 -0.7367276 0.1213507
v 0.3794241 -0.6191262 0.1213507
v 0.3794241 -0.6191262 0.110103
v 0.4972755 -0.7367276 0.110103
v 0.4972755 -0.7367276 0.1213507
v 0.3794241 -0.7367276 0.1213507
v 0.3794241 -0.7367276 0.110103
v 0.4884023 -0.6316237 0.1213507
v 0.4911518 -0.7304789 0.1213507
v 0.4972755 -0.7367276 0.1213507
v 0.4972755 -0.6191262 0.1213507
v 0.4911518 -0.6252499 0.1213507
v 0.4884023 -0.7241052 0.1213507
v 0.3794241 -0.6191262 0.1213507
v 0.3919216 -0.6278745 0.1213507
v 0.3855479 -0.6252499 0.1213507
v 0.4846531 -0.6278745 0.1213507
v 0.3794241 -0.7367276 0.1213507
v 0.3881724 -0.7241052 0.1213507
v 0.3855479 -0.7304789 0.1213507
v 0.3881724 -0.6316237 0.1213507
v 0.4846531 -0.7278544 0.1213507
v 0.3919216 -0.7278544 0.1213507
v 0.4972755 -0.6191262 0.110103
v 0.4972755 -0.7367276 0.110103
v 0.3794241 -0.7367276 0.110103
v 0.3794241 -0.6191262 0.110103
v 0.4641572 -0.6788642 0.1127275
v 0.4626575 -0.6873625 0.1127275
v 0.4626575 -0.6873625 0.0509898
v 0.4641572 -0.6788642 0.0509898
v 0.4584083 -0.694861 0.1127275
v 0.4584083 -0.694861 0.0509898
v 0.4584083 -0.694861 0.1127275
v 0.4516597 -0.7004849 0.1127275
v 0.4516597 -0.7004849 0.0509898
v 0.4584083 -0.694861 0.0509898
v 0.4435363 -0.7033593 0.1127275
v 0.4435363 -0.7033593 0.0509898
v 0.434913 -0.7033593 0.0509898
v 0.434913 -0.7033593 0.1127275
v 0.4266646 -0.7004849 0.1127275
v 0.4266646 -0.7004849 0.0509898
v 0.420041 -0.694861 0.0509898
v 0.420041 -0.694861 0.1127275
v 0.4156668 -0.6873625 0.0509898
v 0.420041 -0.694861 0.0509898
v 0.420041 -0.694861 0.1127275
v 0.4156668 -0.6873625 0.1127275
v 0.4141672 -0.6788642 0.1127275
v 0.4141672 -0.6788642 0.0509898
v 0.4156668 -0.6702409 0.1127275
v 0.4156668 -0.6702409 0.0509898
v 0.420041 -0.6627425 0.1127275
v 0.420041 -0.6627425 0.0509898
v 0.420041 -0.6627425 0.0509898
v 0.420041 -0.6627425 0.1127275
v 0.4266646 -0.6571185 0.1127275
v 0.4266646 -0.6571185 0.0509898
v 0.434913 -0.6542442 0.1127275
v 0.434913 -0.6542442 0.0509898
v 0.4435363 -0.6542442 0.1127275
v 0.4435363 -0.6542442 0.0509898
v 0.4516597 -0.6571185 0.1127275
v 0.4516597 -0.6571185 0.0509898
v 0.4584083 -0.6627425 0.1127275
v 0.4584083 -0.6627425 0.0509898
v 0.4584083 -0.6627425 0.0509898
v 0.4584083 -0.6627425 0.1127275
v 0.4626575 -0.6702409 0.1127275
v 0.4626575 -0.6702409 0.0509898
v 0.4704059 -0.6788642 0.0428664
v 0.4704059 -0.6788642 0.0509898
v 0.4685313 -0.6894871 0.0509898
v 0.4685313 -0.6894871 0.0428664
v 0.4631574 -0.6988602 0.0509898
v 0.4631574 -0.6988602 0.0428664
v 0.4631574 -0.6988602 0.0428664
v 0.4631574 -0.6988602 0.0509898
v 0.454784 -0.7058588 0.0509898
v 0.454784 -0.7058588 0.0428664
v 0.4446611 -0.7096081 0.0509898
v 0.4446611 -0.7096081 0.0428664
v 0.4337883 -0.7096081 0.0509898
v 0.4337883 -0.7096081 0.0428664
v 0.4337883 -0.7096081 0.0428664
v 0.4337883 -0.7096081 0.0509898
v 0.4235403 -0.7058588 0.0509898
v 0.4235403 -0.7058588 0.0428664
v 0.4152919 -0.6988602 0.0509898
v 0.4152919 -0.6988602 0.0428664
v 0.4152919 -0.6988602 0.0428664
v 0.4152919 -0.6988602 0.0509898
v 0.409793 -0.6894871 0.0509898
v 0.409793 -0.6894871 0.0428664
v 0.4079184 -0.6788642 0.0509898
v 0.4079184 -0.6788642 0.0428664
v 0.409793 -0.6681164 0.0509898
v 0.409793 -0.6681164 0.0428664
v 0.4152919 -0.6587433 0.0509898
v 0.4152919 -0.6587433 0.0428664
v 0.4152919 -0.6587433 0.0428664
v 0.4152919 -0.6587433 0.0509898
v 0.4235403 -0.6517446 0.0509898
v 0.4235403 -0.6517446 0.0428664
v 0.4337883 -0.6479954 0.0509898
v 0.4337883 -0.6479954 0.0428664
v 0.4446611 -0.6479954 0.0509898
v 0.4446611 -0.6479954 0.0428664
v 0.454784 -0.6517446 0.0509898
v 0.454784 -0.6517446 0.0428664
v 0.4631574 -0.6587433 0.0509898
v 0.4631574 -0.6587433 0.0428664
v 0.4631574 -0.6587433 0.0428664
v 0.4631574 -0.6587433 0.0509898
v 0.4685313 -0.6681164 0.0509898
v 0.4685313 -0.6681164 0.0428664
v 0.4685313 -0.6894871 0.0509898
v 0.4704059 -0.6788642 0.0509898
v 0.4641572 -0.6788642 0.0509898
v 0.4626575 -0.6873625 0.0509898
v 0.4685313 -0.6681164 0.0509898
v 0.4626575 -0.6702409 0.0509898
v 0.4631574 -0.6587433 0.0509898
v 0.4584083 -0.6627425 0.0509898
v 0.454784 -0.6517446 0.0509898
v 0.4516597 -0.6571185 0.0509898
v 0.4446611 -0.6479954 0.0509898
v 0.4435363 -0.6542442 0.0509898
v 0.4337883 -0.6479954 0.0509898
v 0.434913 -0.6542442 0.0509898
v 0.4266646 -0.6571185 0.0509898
v 0.4235403 -0.6517446 0.0509898
v 0.4152919 -0.6587433 0.0509898
v 0.420041 -0.6627425 0.0509898
v 0.409793 -0.6681164 0.0509898
v 0.4156668 -0.6702409 0.0509898
v 0.4079184 -0.6788642 0.0509898
v 0.4141672 -0.6788642 0.0509898
v 0.409793 -0.6894871 0.0509898
v 0.4156668 -0.6873625 0.0509898
v 0.4152919 -0.6988602 0.0509898
v 0.420041 -0.694861 0.0509898
v 0.4266646 -0.7004849 0.0509898
v 0.4235403 -0.7058588 0.0509898
v 0.434913 -0.7033593 0.0509898
v 0.4337883 -0.7096081 0.0509898
v 0.4435363 -0.7033593 0.0509898
v 0.4446611 -0.7096081 0.0509898
v 0.454784 -0.7058588 0.0509898
v 0.4516597 -0.7004849 0.0509898
v 0.4631574 -0.6988602 0.0509898
v 0.4584083 -0.694861 0.0509898
v 0.3385573 -0.6792391 0
v 0.3385573 -0.6792391 0.0106229
v 0.3446811 -0.645121 0.0106229
v 0.3446811 -0.645121 0
v 0.3620526 -0.615002 0.0106229
v 0.3620526 -0.615002 0
v 0.3620526 -0.615002 0
v 0.3620526 -0.615002 0.0106229
v 0.3885473 -0.5927565 0.0106229
v 0.3885473 -0.5927565 0
v 0.4212907 -0.5808838 0.0106229
v 0.4212907 -0.5808838 0
v 0.4559088 -0.5808838 0.0106229
v 0.4559088 -0.5808838 0
v 0.4885273 -0.5927565 0.0106229
v 0.4885273 -0.5927565 0
v 0.515147 -0.615002 0.0106229
v 0.515147 -0.615002 0
v 0.515147 -0.615002 0.0106229
v 0.5325185 -0.645121 0.0106229
v 0.5325185 -0.645121 0
v 0.515147 -0.615002 0
v 0.5385173 -0.6792391 0.0106229
v 0.5385173 -0.6792391 0
v 0.5325185 -0.7134823 0.0106229
v 0.5325185 -0.7134823 0
v 0.5325185 -0.7134823 0
v 0.5325185 -0.7134823 0.0106229
v 0.515147 -0.7436013 0.0106229
v 0.515147 -0.7436013 0
v 0.515147 -0.7436013 0
v 0.515147 -0.7436013 0.0106229
v 0.4885273 -0.7658468 0.0106229
v 0.4885273 -0.7658468 0
v 0.4559088 -0.7777195 0.0106229
v 0.4559088 -0.7777195 0
v 0.4212907 -0.7777195 0.0106229
v 0.4212907 -0.7777195 0
v 0.3885473 -0.7658468 0.0106229
v 0.3885473 -0.7658468 0
v 0.3620526 -0.7436013 0.0106229
v 0.3620526 -0.7436013 0
v 0.3620526 -0.7436013 0
v 0.3620526 -0.7436013 0.0106229
v 0.3446811 -0.7134823 0.0106229
v 0.3446811 -0.7134823 0
v 0.3446811 -0.645121 0
v 0.3620526 -0.615002 0
v 0.4212907 -0.7777195 0
v 0.3385573 -0.6792391 0
v 0.3885473 -0.5927565 0
v 0.4212907 -0.5808838 0
v 0.4885273 -0.5927565 0
v 0.4559088 -0.5808838 0
v 0.5325185 -0.7134823 0
v 0.515147 -0.615002 0
v 0.5325185 -0.645121 0
v 0.5385173 -0.6792391 0
v 0.515147 -0.7436013 0
v 0.4885273 -0.7658468 0
v 0.4559088 -0.7777195 0
v 0.3885473 -0.7658468 0
v 0.3620526 -0.7436013 0
v 0.3446811 -0.7134823 0
v 0.4042941 -0.6917366 0.0432414
v 0.4106679 -0.7027345 0.0432414
v 0.4202909 -0.7109828 0.0432414
v 0.4202909 -0.6476205 0.0432414
v 0.4322885 -0.715232 0.0432414
v 0.444911 -0.715232 0.0432414
v 0.4665317 -0.7027345 0.0432414
v 0.4569086 -0.7109828 0.0432414
v 0.4729054 -0.6917366 0.0432414
v 0.475155 -0.6792391 0.0432414
v 0.4665317 -0.6558688 0.0432414
v 0.4729054 -0.6667416 0.0432414
v 0.4569086 -0.6476205 0.0432414
v 0.444911 -0.6433713 0.0432414
v 0.4322885 -0.6433713 0.0432414
v 0.4042941 -0.6667416 0.0432414
v 0.4106679 -0.6558688 0.0432414
v 0.4020446 -0.6792391 0.0432414
v 0.3409318 -0.6792391 0.0139972
v 0.4020446 -0.6792391 0.034743
v 0.4042941 -0.6667416 0.034743
v 0.3469306 -0.6458709 0.0139972
v 0.4106679 -0.6558688 0.034743
v 0.3638022 -0.6165017 0.0139972
v 0.4202909 -0.6476205 0.034743
v 0.3897971 -0.5947561 0.0139972
v 0.4322885 -0.6433713 0.034743
v 0.4216657 -0.5831334 0.0139972
v 0.444911 -0.6433713 0.034743
v 0.4555339 -0.5831334 0.0139972
v 0.4569086 -0.6476205 0.034743
v 0.4874025 -0.5947561 0.0139972
v 0.4665317 -0.6558688 0.034743
v 0.5133973 -0.6165017 0.0139972
v 0.4729054 -0.6667416 0.034743
v 0.5302689 -0.6458709 0.0139972
v 0.475155 -0.6792391 0.034743
v 0.5362677 -0.6792391 0.0139972
v 0.4729054 -0.6917366 0.034743
v 0.5302689 -0.7127325 0.0139972
v 0.4665317 -0.7027345 0.034743
v 0.5133973 -0.7419766 0.0139972
v 0.4569086 -0.7109828 0.034743
v 0.4874025 -0.7638472 0.0139972
v 0.444911 -0.715232 0.034743
v 0.4555339 -0.7754699 0.0139972
v 0.4322885 -0.715232 0.034743
v 0.4216657 -0.7754699 0.0139972
v 0.4202909 -0.7109828 0.034743
v 0.3897971 -0.7638472 0.0139972
v 0.4106679 -0.7027345 0.034743
v 0.3638022 -0.7419766 0.0139972
v 0.4042941 -0.6917366 0.034743
v 0.3469306 -0.7127325 0.0139972
v 0.4020446 -0.6792391 0.034743
v 0.4020446 -0.6792391 0.0432414
v 0.4042941 -0.6667416 0.0432414
v 0.4042941 -0.6667416 0.034743
v 0.4106679 -0.6558688 0.0432414
v 0.4106679 -0.6558688 0.034743
v 0.4202909 -0.6476205 0.0432414
v 0.4202909 -0.6476205 0.034743
v 0.4202909 -0.6476205 0.0432414
v 0.4322885 -0.6433713 0.0432414
v 0.4322885 -0.6433713 0.034743
v 0.4202909 -0.6476205 0.034743
v 0.444911 -0.6433713 0.0432414
v 0.444911 -0.6433713 0.034743
v 0.4569086 -0.6476205 0.0432414
v 0.4569086 -0.6476205 0.034743
v 0.4569086 -0.6476205 0.034743
v 0.4569086 -0.6476205 0.0432414
v 0.4665317 -0.6558688 0.0432414
v 0.4665317 -0.6558688 0.034743
v 0.4729054 -0.6667416 0.0432414
v 0.4729054 -0.6667416 0.034743
v 0.475155 -0.6792391 0.0432414
v 0.475155 -0.6792391 0.034743
v 0.475155 -0.6792391 0.034743
v 0.475155 -0.6792391 0.0432414
v 0.4729054 -0.6917366 0.0432414
v 0.4729054 -0.6917366 0.034743
v 0.4665317 -0.7027345 0.034743
v 0.4665317 -0.7027345 0.0432414
v 0.4569086 -0.7109828 0.0432414
v 0.4569086 -0.7109828 0.034743
v 0.4569086 -0.7109828 0.034743
v 0.4569086 -0.7109828 0.0432414
v 0.444911 -0.715232 0.0432414
v 0.444911 -0.715232 0.034743
v 0.4322885 -0.715232 0.0432414
v 0.4322885 -0.715232 0.034743
v 0.4202909 -0.7109828 0.0432414
v 0.4202909 -0.7109828 0.034743
v 0.4106679 -0.7027345 0.034743
v 0.4202909 -0.7109828 0.034743
v 0.4202909 -0.7109828 0.0432414
v 0.4106679 -0.7027345 0.0432414
v 0.4106679 -0.7027345 0.0432414
v 0.4042941 -0.6917366 0.0432414
v 0.4042941 -0.6917366 0.034743
v 0.4106679 -0.7027345 0.034743
v 0.3409318 -0.6792391 0.0139972
v 0.3469306 -0.6458709 0.0139972
v 0.3638022 -0.6165017 0.0139972
v 0.3620526 -0.615002 0.0106229
v 0.3638022 -0.6165017 0.0139972
v 0.3897971 -0.5947561 0.0139972
v 0.3885473 -0.5927565 0.0106229
v 0.3897971 -0.5947561 0.0139972
v 0.4216657 -0.5831334 0.0139972
v 0.4555339 -0.5831334 0.0139972
v 0.4874025 -0.5947561 0.0139972
v 0.4885273 -0.5927565 0.0106229
v 0.4874025 -0.5947561 0.0139972
v 0.5133973 -0.6165017 0.0139972
v 0.5302689 -0.6458709 0.0139972
v 0.5362677 -0.6792391 0.0139972
v 0.5362677 -0.6792391 0.0139972
v 0.5302689 -0.7127325 0.0139972
v 0.5385173 -0.6792391 0.0106229
v 0.5133973 -0.7419766 0.0139972
v 0.4874025 -0.7638472 0.0139972
v 0.4885273 -0.7658468 0.0106229
v 0.4874025 -0.7638472 0.0139972
v 0.4555339 -0.7754699 0.0139972
v 0.4216657 -0.7754699 0.0139972
v 0.3897971 -0.7638472 0.0139972
v 0.3638022 -0.7419766 0.0139972
v 0.3620526 -0.7436013 0.0106229
v 0.3885473 -0.7658468 0.0106229
v 0.3897971 -0.7638472 0.0139972
v 0.3469306 -0.7127325 0.0139972
v 0.3446811 -0.7134823 0.0106229
v 0.3469306 -0.7127325 0.0139972
v -0.464907 0.7401019 0.6929864
v -0.464907 0.7401019 0.7054838
v -0.339682 0.7401019 0.7054838
v -0.339682 0.7401019 0.6929864
v -0.339682 0.7401019 0.6929864
v -0.339682 0.7401019 0.7054838
v -0.339682 0.6151269 0.7054838
v -0.339682 0.6151269 0.6929864
v -0.339682 0.6151269 0.6929864
v -0.339682 0.6151269 0.7054838
v -0.464907 0.6151269 0.7054838
v -0.464907 0.6151269 0.6929864
v -0.464907 0.6151269 0.6929864
v -0.464907 0.6151269 0.7054838
v -0.464907 0.7401019 0.7054838
v -0.464907 0.7401019 0.6929864
v -0.464907 0.7401019 0.6929864
v -0.4551589 0.7302289 0.6929864
v -0.4524095 0.7238552 0.6929864
v -0.4551589 0.6249999 0.6929864
v -0.4524095 0.6313737 0.6929864
v -0.464907 0.6151269 0.6929864
v -0.4486602 0.6276245 0.6929864
v -0.3495551 0.6249999 0.6929864
v -0.3559288 0.6276245 0.6929864
v -0.339682 0.6151269 0.6929864
v -0.3521796 0.6313737 0.6929864
v -0.3495551 0.7302289 0.6929864
v -0.3521796 0.7238552 0.6929864
v -0.339682 0.7401019 0.6929864
v -0.3559288 0.7276044 0.6929864
v -0.4486602 0.7276044 0.6929864
v -0.4524095 0.6313737 0.6929864
v -0.4524095 0.7238552 0.6929864
v -0.4524095 0.7238552 0.1213507
v -0.4524095 0.6313737 0.1213507
v -0.3559288 0.6276245 0.6929864
v -0.4486602 0.6276245 0.6929864
v -0.4486602 0.6276245 0.1213507
v -0.3559288 0.6276245 0.1213507
v -0.3521796 0.7238552 0.6929864
v -0.3521796 0.6313737 0.6929864
v -0.3521796 0.6313737 0.1213507
v -0.3521796 0.7238552 0.1213507
v -0.4486602 0.7276044 0.6929864
v -0.3559288 0.7276044 0.6929864
v -0.3559288 0.7276044 0.1213507
v -0.4486602 0.7276044 0.1213507
v -0.4612827 0.6188762 0.110103
v -0.4612827 0.6188762 0.1213507
v -0.4612827 0.7364777 0.1213507
v -0.4612827 0.7364777 0.110103
v -0.3434313 0.6188762 0.110103
v -0.3434313 0.6188762 0.1213507
v -0.4612827 0.6188762 0.1213507
v -0.4612827 0.6188762 0.110103
v -0.3434313 0.7364777 0.110103
v -0.3434313 0.7364777 0.1213507
v -0.3434313 0.6188762 0.1213507
v -0.3434313 0.6188762 0.110103
v -0.4612827 0.7364777 0.110103
v -0.4612827 0.7364777 0.1213507
v -0.3434313 0.7364777 0.1213507
v -0.3434313 0.7364777 0.110103
v -0.4551589 0.7302289 0.1213507
v -0.4612827 0.7364777 0.1213507
v -0.4612827 0.6188762 0.1213507
v -0.4524095 0.6313737 0.1213507
v -0.4551589 0.6249999 0.1213507
v -0.4524095 0.7238552 0.1213507
v -0.3434313 0.6188762 0.1213507
v -0.3559288 0.6276245 0.1213507
v -0.3495551 0.6249999 0.1213507
v -0.4486602 0.6276245 0.1213507
v -0.3434313 0.7364777 0.1213507
v -0.3521796 0.7238552 0.1213507
v -0.3495551 0.7302289 0.1213507
v -0.3521796 0.6313737 0.1213507
v -0.4486602 0.7276044 0.1213507
v -0.3559288 0.7276044 0.1213507
v -0.3434313 0.6188762 0.110103
v -0.4612827 0.6188762 0.110103
v -0.4612827 0.7364777 0.110103
v -0.3434313 0.7364777 0.110103
v -0.4281643 0.6786142 0.0509898
v -0.4281643 0.6786142 0.1127275
v -0.4266646 0.6871125 0.1127275
v -0.4266646 0.6871125 0.0509898
v -0.4224155 0.694611 0.1127275
v -0.4224155 0.694611 0.0509898
v -0.4156668 0.7002349 0.1127275
v -0.4156668 0.7002349 0.0509898
v -0.4156668 0.7002349 0.0509898
v -0.4156668 0.7002349 0.1127275
v -0.4075435 0.7031093 0.1127275
v -0.4075435 0.7031093 0.0509898
v -0.3989202 0.7031093 0.1127275
v -0.3989202 0.7031093 0.0509898
v -0.3906718 0.7002349 0.1127275
v -0.3906718 0.7002349 0.0509898
v -0.3906718 0.7002349 0.0509898
v -0.3906718 0.7002349 0.1127275
v -0.3840482 0.694611 0.1127275
v -0.3840482 0.694611 0.0509898
v -0.379674 0.6871125 0.1127275
v -0.379674 0.6871125 0.0509898
v -0.3781743 0.6786142 0.1127275
v -0.3781743 0.6786142 0.0509898
v -0.3781743 0.6786142 0.0509898
v -0.3781743 0.6786142 0.1127275
v -0.379674 0.6699909 0.1127275
v -0.379674 0.6699909 0.0509898
v -0.3840482 0.6624925 0.1127275
v -0.3840482 0.6624925 0.0509898
v -0.3906718 0.6568686 0.1127275
v -0.3906718 0.6568686 0.0509898
v -0.3906718 0.6568686 0.0509898
v -0.3906718 0.6568686 0.1127275
v -0.3989202 0.6539942 0.1127275
v -0.3989202 0.6539942 0.0509898
v -0.4075435 0.6539942 0.1127275
v -0.4075435 0.6539942 0.0509898
v -0.4156668 0.6568686 0.1127275
v -0.4156668 0.6568686 0.0509898
v -0.4156668 0.6568686 0.0509898
v -0.4156668 0.6568686 0.1127275
v -0.4224155 0.6624925 0.1127275
v -0.4224155 0.6624925 0.0509898
v -0.4224155 0.6624925 0.1127275
v -0.4266646 0.6699909 0.1127275
v -0.4266646 0.6699909 0.0509898
v -0.4224155 0.6624925 0.0509898
v -0.4344131 0.6786142 0.0428664
v -0.4344131 0.6786142 0.0509898
v -0.4325385 0.6892371 0.0509898
v -0.4325385 0.6892371 0.0428664
v -0.4271646 0.6986102 0.0509898
v -0.4271646 0.6986102 0.0428664
v -0.4187912 0.7056088 0.0509898
v -0.4187912 0.7056088 0.0428664
v -0.4187912 0.7056088 0.0428664
v -0.4187912 0.7056088 0.0509898
v -0.4086682 0.7093581 0.0509898
v -0.4086682 0.7093581 0.0428664
v -0.3977954 0.7093581 0.0509898
v -0.3977954 0.7093581 0.0428664
v -0.3875475 0.7056088 0.0509898
v -0.3875475 0.7056088 0.0428664
v -0.3875475 0.7056088 0.0428664
v -0.3875475 0.7056088 0.0509898
v -0.3792991 0.6986102 0.0509898
v -0.3792991 0.6986102 0.0428664
v -0.3738002 0.6892371 0.0509898
v -0.3738002 0.6892371 0.0428664
v -0.3719256 0.6786142 0.0509898
v -0.3719256 0.6786142 0.0428664
v -0.3719256 0.6786142 0.0428664
v -0.3719256 0.6786142 0.0509898
v -0.3738002 0.6678664 0.0509898
v -0.3738002 0.6678664 0.0428664
v -0.3792991 0.6584933 0.0509898
v -0.3792991 0.6584933 0.0428664
v -0.3875475 0.6514946 0.0509898
v -0.3875475 0.6514946 0.0428664
v -0.3875475 0.6514946 0.0428664
v -0.3875475 0.6514946 0.0509898
v -0.3977954 0.6477454 0.0509898
v -0.3977954 0.6477454 0.0428664
v -0.4086682 0.6477454 0.0509898
v -0.4086682 0.6477454 0.0428664
v -0.4187912 0.6514946 0.0509898
v -0.4187912 0.6514946 0.0428664
v -0.4187912 0.6514946 0.0428664
v -0.4187912 0.6514946 0.0509898
v -0.4271646 0.6584933 0.0509898
v -0.4271646 0.6584933 0.0428664
v -0.4271646 0.6584933 0.0428664
v -0.4271646 0.6584933 0.0509898
v -0.4325385 0.6678664 0.0509898
v -0.4325385 0.6678664 0.0428664
v -0.4281643 0.6786142 0.0509898
v -0.4266646 0.6871125 0.0509898
v -0.4325385 0.6892371 0.0509898
v -0.4344131 0.6786142 0.0509898
v -0.4325385 0.6678664 0.0509898
v -0.4266646 0.6699909 0.0509898
v -0.4271646 0.6584933 0.0509898
v -0.4224155 0.6624925 0.0509898
v -0.4187912 0.6514946 0.0509898
v -0.4156668 0.6568686 0.0509898
v -0.4086682 0.6477454 0.0509898
v -0.4075435 0.6539942 0.0509898
v -0.3977954 0.6477454 0.0509898
v -0.3989202 0.6539942 0.0509898
v -0.3875475 0.6514946 0.0509898
v -0.3906718 0.6568686 0.0509898
v -0.3840482 0.6624925 0.0509898
v -0.3792991 0.6584933 0.0509898
v -0.379674 0.6699909 0.0509898
v -0.3738002 0.6678664 0.0509898
v -0.3719256 0.6786142 0.0509898
v -0.3781743 0.6786142 0.0509898
v -0.3738002 0.6892371 0.0509898
v -0.379674 0.6871125 0.0509898
v -0.3792991 0.6986102 0.0509898
v -0.3840482 0.694611 0.0509898
v -0.3875475 0.7056088 0.0509898
v -0.3906718 0.7002349 0.0509898
v -0.3989202 0.7031093 0.0509898
v -0.3977954 0.7093581 0.0509898
v -0.4086682 0.7093581 0.0509898
v -0.4075435 0.7031093 0.0509898
v -0.4187912 0.7056088 0.0509898
v -0.4156668 0.7002349 0.0509898
v -0.4271646 0.6986102 0.0509898
v -0.4224155 0.694611 0.0509898
v -0.3025645 0.6789891 0
v -0.3025645 0.6789891 0.0106229
v -0.3086883 0.644871 0.0106229
v -0.3086883 0.644871 0
v -0.3260598 0.614752 0.0106229
v -0.3260598 0.614752 0
v -0.3525545 0.5925065 0.0106229
v -0.3525545 0.5925065 0
v -0.3525545 0.5925065 0
v -0.3525545 0.5925065 0.0106229
v -0.3852979 0.5806338 0.0106229
v -0.3852979 0.5806338 0
v -0.419916 0.5806338 0.0106229
v -0.419916 0.5806338 0
v -0.4525345 0.5925065 0.0106229
v -0.4525345 0.5925065 0
v -0.4525345 0.5925065 0
v -0.4525345 0.5925065 0.0106229
v -0.4791541 0.614752 0.0106229
v -0.4791541 0.614752 0
v -0.4965257 0.644871 0.0106229
v -0.4965257 0.644871 0
v -0.5025245 0.6789891 0.0106229
v -0.5025245 0.6789891 0
v -0.5025245 0.6789891 0
v -0.5025245 0.6789891 0.0106229
v -0.4965257 0.7132323 0.0106229
v -0.4965257 0.7132323 0
v -0.4791541 0.7433513 0.0106229
v -0.4791541 0.7433513 0
v -0.4525345 0.7655968 0.0106229
v -0.4525345 0.7655968 0
v -0.4525345 0.7655968 0
v -0.4525345 0.7655968 0.0106229
v -0.419916 0.7774695 0.0106229
v -0.419916 0.7774695 0
v -0.3852979 0.7774695 0.0106229
v -0.3852979 0.7774695 0
v -0.3525545 0.7655968 0.0106229
v -0.3525545 0.7655968 0
v -0.3525545 0.7655968 0
v -0.3525545 0.7655968 0.0106229
v -0.3260598 0.7433513 0.0106229
v -0.3260598 0.7433513 0
v -0.3260598 0.7433513 0.0106229
v -0.3086883 0.7132323 0.0106229
v -0.3086883 0.7132323 0
v -0.3260598 0.7433513 0
v -0.3025645 0.6789891 0
v -0.3086883 0.644871 0
v -0.3260598 0.614752 0
v -0.3852979 0.7774695 0
v -0.3525545 0.5925065 0
v -0.3852979 0.5806338 0
v -0.4525345 0.5925065 0
v -0.419916 0.5806338 0
v -0.4791541 0.614752 0
v -0.4965257 0.644871 0
v -0.4965257 0.7132323 0
v -0.5025245 0.6789891 0
v -0.4791541 0.7433513 0
v -0.4525345 0.7655968 0
v -0.419916 0.7774695 0
v -0.3525545 0.7655968 0
v -0.3260598 0.7433513 0
v -0.3086883 0.7132323 0
v -0.3683013 0.6914866 0.0432414
v -0.3746751 0.7024845 0.0432414
v -0.3842981 0.7107328 0.0432414
v -0.3842981 0.6473705 0.0432414
v -0.3962957 0.714982 0.0432414
v -0.4089182 0.714982 0.0432414
v -0.4305389 0.7024845 0.0432414
v -0.4209158 0.7107328 0.0432414
v -0.4369126 0.6914866 0.0432414
v -0.4391621 0.6789891 0.0432414
v -0.4305389 0.6556188 0.0432414
v -0.4369126 0.6664917 0.0432414
v -0.4209158 0.6473705 0.0432414
v -0.4089182 0.6431213 0.0432414
v -0.3962957 0.6431213 0.0432414
v -0.3746751 0.6556188 0.0432414
v -0.3683013 0.6664917 0.0432414
v -0.3660518 0.6789891 0.0432414
v -0.304939 0.6789891 0.0139972
v -0.3660518 0.6789891 0.034743
v -0.3683013 0.6664917 0.034743
v -0.3109378 0.6456209 0.0139972
v -0.3746751 0.6556188 0.034743
v -0.3278094 0.6162517 0.0139972
v -0.3842981 0.6473705 0.034743
v -0.3538042 0.5945061 0.0139972
v -0.3962957 0.6431213 0.034743
v -0.3856729 0.5828834 0.0139972
v -0.4089182 0.6431213 0.034743
v -0.4195411 0.5828834 0.0139972
v -0.4209158 0.6473705 0.034743
v -0.4514097 0.5945061 0.0139972
v -0.4305389 0.6556188 0.034743
v -0.4774045 0.6162517 0.0139972
v -0.4369126 0.6664917 0.034743
v -0.4942761 0.6456209 0.0139972
v -0.4391621 0.6789891 0.034743
v -0.5002749 0.6789891 0.0139972
v -0.4369126 0.6914866 0.034743
v -0.4942761 0.7124825 0.0139972
v -0.4305389 0.7024845 0.034743
v -0.4774045 0.7417266 0.0139972
v -0.4209158 0.7107328 0.034743
v -0.4514097 0.7635973 0.0139972
v -0.4089182 0.714982 0.034743
v -0.4195411 0.7752199 0.0139972
v -0.3962957 0.714982 0.034743
v -0.3856729 0.7752199 0.0139972
v -0.3842981 0.7107328 0.034743
v -0.3538042 0.7635973 0.0139972
v -0.3746751 0.7024845 0.034743
v -0.3278094 0.7417266 0.0139972
v -0.3683013 0.6914866 0.034743
v -0.3109378 0.7124825 0.0139972
v -0.3660518 0.6789891 0.034743
v -0.3660518 0.6789891 0.0432414
v -0.3683013 0.6664917 0.0432414
v -0.3683013 0.6664917 0.034743
v -0.3746751 0.6556188 0.0432414
v -0.3746751 0.6556188 0.034743
v -0.3842981 0.6473705 0.0432414
v -0.3842981 0.6473705 0.034743
v -0.3962957 0.6431213 0.0432414
v -0.3962957 0.6431213 0.034743
v -0.3842981 0.6473705 0.034743
v -0.3842981 0.6473705 0.0432414
v -0.4089182 0.6431213 0.034743
v -0.4089182 0.6431213 0.0432414
v -0.4209158 0.6473705 0.0432414
v -0.4209158 0.6473705 0.034743
v -0.4305389 0.6556188 0.034743
v -0.4209158 0.6473705 0.034743
v -0.4209158 0.6473705 0.0432414
v -0.4305389 0.6556188 0.0432414
v -0.4369126 0.6664917 0.0432414
v -0.4369126 0.6664917 0.034743
v -0.4391621 0.6789891 0.0432414
v -0.4391621 0.6789891 0.034743
v -0.4391621 0.6789891 0.034743
v -0.4391621 0.6789891 0.0432414
v -0.4369126 0.6914866 0.0432414
v -0.4369126 0.6914866 0.034743
v -0.4305389 0.7024845 0.0432414
v -0.4305389 0.7024845 0.034743
v -0.4209158 0.7107328 0.0432414
v -0.4209158 0.7107328 0.034743
v -0.4089182 0.714982 0.0432414
v -0.4089182 0.714982 0.034743
v -0.4209158 0.7107328 0.034743
v -0.4209158 0.7107328 0.0432414
v -0.3962957 0.714982 0.0432414
v -0.3962957 0.714982 0.034743
v -0.3842981 0.7107328 0.0432414
v -0.3842981 0.7107328 0.034743
v -0.3842981 0.7107328 0.034743
v -0.3842981 0.7107328 0.0432414
v -0.3746751 0.7024845 0.0432414
v -0.3746751 0.7024845 0.034743
v -0.3746751 0.7024845 0.034743
v -0.3746751 0.7024845 0.0432414
v -0.3683013 0.6914866 0.0432414
v -0.3683013 0.6914866 0.034743
v -0.3109378 0.6456209 0.0139972
v -0.304939 0.6789891 0.0139972
v -0.3278094 0.6162517 0.0139972
v -0.3260598 0.614752 0.0106229
v -0.3278094 0.6162517 0.0139972
v -0.3538042 0.5945061 0.0139972
v -0.3856729 0.5828834 0.0139972
v -0.4195411 0.5828834 0.0139972
v -0.4514097 0.5945061 0.0139972
v -0.419916 0.5806338 0.0106229
v -0.4195411 0.5828834 0.0139972
v -0.4774045 0.6162517 0.0139972
v -0.4942761 0.6456209 0.0139972
v -0.4965257 0.644871 0.0106229
v -0.4942761 0.6456209 0.0139972
v -0.5002749 0.6789891 0.0139972
v -0.4942761 0.7124825 0.0139972
v -0.4774045 0.7417266 0.0139972
v -0.4791541 0.7433513 0.0106229
v -0.4774045 0.7417266 0.0139972
v -0.4514097 0.7635973 0.0139972
v -0.4195411 0.7752199 0.0139972
v -0.3856729 0.7752199 0.0139972
v -0.3538042 0.7635973 0.0139972
v -0.3852979 0.7774695 0.0106229
v -0.3856729 0.7752199 0.0139972
v -0.3278094 0.7417266 0.0139972
v -0.3109378 0.7124825 0.0139972
v -0.3086883 0.7132323 0.0106229
v -0.3109378 0.7124825 0.0139972
v 0.5008998 0.7401019 0.6929864
v 0.3756748 0.7401019 0.6929864
v 0.3756748 0.7401019 0.7054838
v 0.5008998 0.7401019 0.7054838
v 0.3756748 0.7401019 0.6929864
v 0.3756748 0.6151269 0.6929864
v 0.3756748 0.6151269 0.7054838
v 0.3756748 0.7401019 0.7054838
v 0.3756748 0.6151269 0.6929864
v 0.5008998 0.6151269 0.6929864
v 0.5008998 0.6151269 0.7054838
v 0.3756748 0.6151269 0.7054838
v 0.5008998 0.6151269 0.7054838
v 0.5008998 0.6151269 0.6929864
v 0.5008998 0.7401019 0.6929864
v 0.5008998 0.7401019 0.7054838
v 0.5008998 0.6151269 0.6929864
v 0.4911518 0.6249999 0.6929864
v 0.4884023 0.6313737 0.6929864
v 0.5008998 0.7401019 0.6929864
v 0.4884023 0.7238552 0.6929864
v 0.4911518 0.7302289 0.6929864
v 0.3756748 0.6151269 0.6929864
v 0.3855479 0.6249999 0.6929864
v 0.3919216 0.6276245 0.6929864
v 0.4846531 0.6276245 0.6929864
v 0.3756748 0.7401019 0.6929864
v 0.3855479 0.7302289 0.6929864
v 0.3881724 0.7238552 0.6929864
v 0.3881724 0.6313737 0.6929864
v 0.4846531 0.7276044 0.6929864
v 0.3919216 0.7276044 0.6929864
v 0.4884023 0.7238552 0.6929864
v 0.4884023 0.6313737 0.6929864
v 0.4884023 0.6313737 0.1213507
v 0.4884023 0.7238552 0.1213507
v 0.3919216 0.6276245 0.6929864
v 0.3919216 0.6276245 0.1213507
v 0.4846531 0.6276245 0.1213507
v 0.4846531 0.6276245 0.6929864
v 0.3881724 0.7238552 0.6929864
v 0.3881724 0.7238552 0.1213507
v 0.3881724 0.6313737 0.1213507
v 0.3881724 0.6313737 0.6929864
v 0.4846531 0.7276044 0.6929864
v 0.4846531 0.7276044 0.1213507
v 0.3919216 0.7276044 0.1213507
v 0.3919216 0.7276044 0.6929864
v 0.4972755 0.6188762 0.110103
v 0.4972755 0.7364777 0.110103
v 0.4972755 0.7364777 0.1213507
v 0.4972755 0.6188762 0.1213507
v 0.3794241 0.6188762 0.110103
v 0.4972755 0.6188762 0.110103
v 0.4972755 0.6188762 0.1213507
v 0.3794241 0.6188762 0.1213507
v 0.3794241 0.7364777 0.110103
v 0.3794241 0.6188762 0.110103
v 0.3794241 0.6188762 0.1213507
v 0.3794241 0.7364777 0.1213507
v 0.4972755 0.7364777 0.110103
v 0.3794241 0.7364777 0.110103
v 0.3794241 0.7364777 0.1213507
v 0.4972755 0.7364777 0.1213507
v 0.4884023 0.7238552 0.1213507
v 0.4884023 0.6313737 0.1213507
v 0.4911518 0.6249999 0.1213507
v 0.4972755 0.6188762 0.1213507
v 0.4972755 0.7364777 0.1213507
v 0.4911518 0.7302289 0.1213507
v 0.4846531 0.6276245 0.1213507
v 0.3919216 0.6276245 0.1213507
v 0.3855479 0.6249999 0.1213507
v 0.3794241 0.6188762 0.1213507
v 0.3881724 0.6313737 0.1213507
v 0.3881724 0.7238552 0.1213507
v 0.3855479 0.7302289 0.1213507
v 0.3794241 0.7364777 0.1213507
v 0.3919216 0.7276044 0.1213507
v 0.4846531 0.7276044 0.1213507
v 0.3794241 0.6188762 0.110103
v 0.3794241 0.7364777 0.110103
v 0.4972755 0.7364777 0.110103
v 0.4972755 0.6188762 0.110103
v 0.4641572 0.6786142 0.0509898
v 0.4626575 0.6871125 0.0509898
v 0.4626575 0.6871125 0.1127275
v 0.4641572 0.6786142 0.1127275
v 0.4584083 0.694611 0.0509898
v 0.4584083 0.694611 0.1127275
v 0.4584083 0.694611 0.0509898
v 0.4516597 0.7002349 0.0509898
v 0.4516597 0.7002349 0.1127275
v 0.4584083 0.694611 0.1127275
v 0.4435363 0.7031093 0.0509898
v 0.4435363 0.7031093 0.1127275
v 0.434913 0.7031093 0.0509898
v 0.434913 0.7031093 0.1127275
v 0.434913 0.7031093 0.0509898
v 0.4266646 0.7002349 0.0509898
v 0.4266646 0.7002349 0.1127275
v 0.434913 0.7031093 0.1127275
v 0.420041 0.694611 0.0509898
v 0.420041 0.694611 0.1127275
v 0.420041 0.694611 0.0509898
v 0.4156668 0.6871125 0.0509898
v 0.4156668 0.6871125 0.1127275
v 0.420041 0.694611 0.1127275
v 0.4141672 0.6786142 0.0509898
v 0.4141672 0.6786142 0.1127275
v 0.4156668 0.6699909 0.0509898
v 0.4156668 0.6699909 0.1127275
v 0.420041 0.6624925 0.0509898
v 0.420041 0.6624925 0.1127275
v 0.420041 0.6624925 0.0509898
v 0.4266646 0.6568686 0.0509898
v 0.4266646 0.6568686 0.1127275
v 0.420041 0.6624925 0.1127275
v 0.434913 0.6539942 0.0509898
v 0.434913 0.6539942 0.1127275
v 0.4435363 0.6539942 0.0509898
v 0.4435363 0.6539942 0.1127275
v 0.4435363 0.6539942 0.0509898
v 0.4516597 0.6568686 0.0509898
v 0.4516597 0.6568686 0.1127275
v 0.4435363 0.6539942 0.1127275
v 0.4584083 0.6624925 0.0509898
v 0.4584083 0.6624925 0.1127275
v 0.4584083 0.6624925 0.0509898
v 0.4626575 0.6699909 0.0509898
v 0.4626575 0.6699909 0.1127275
v 0.4584083 0.6624925 0.1127275
v 0.4704059 0.6786142 0.0428664
v 0.4685313 0.6892371 0.0428664
v 0.4685313 0.6892371 0.0509898
v 0.4704059 0.6786142 0.0509898
v 0.4631574 0.6986102 0.0428664
v 0.4631574 0.6986102 0.0509898
v 0.454784 0.7056088 0.0428664
v 0.454784 0.7056088 0.0509898
v 0.454784 0.7056088 0.0428664
v 0.4446611 0.7093581 0.0428664
v 0.4446611 0.7093581 0.0509898
v 0.454784 0.7056088 0.0509898
v 0.4337883 0.7093581 0.0428664
v 0.4337883 0.7093581 0.0509898
v 0.4235403 0.7056088 0.0428664
v 0.4235403 0.7056088 0.0509898
v 0.4235403 0.7056088 0.0428664
v 0.4152919 0.6986102 0.0428664
v 0.4152919 0.6986102 0.0509898
v 0.4235403 0.7056088 0.0509898
v 0.409793 0.6892371 0.0428664
v 0.409793 0.6892371 0.0509898
v 0.4079184 0.6786142 0.0428664
v 0.4079184 0.6786142 0.0509898
v 0.4079184 0.6786142 0.0428664
v 0.409793 0.6678664 0.0428664
v 0.409793 0.6678664 0.0509898
v 0.4079184 0.6786142 0.0509898
v 0.4152919 0.6584933 0.0428664
v 0.4152919 0.6584933 0.0509898
v 0.4235403 0.6514946 0.0428664
v 0.4235403 0.6514946 0.0509898
v 0.4235403 0.6514946 0.0428664
v 0.4337883 0.6477454 0.0428664
v 0.4337883 0.6477454 0.0509898
v 0.4235403 0.6514946 0.0509898
v 0.4446611 0.6477454 0.0428664
v 0.4446611 0.6477454 0.0509898
v 0.454784 0.6514946 0.0428664
v 0.454784 0.6514946 0.0509898
v 0.454784 0.6514946 0.0428664
v 0.4631574 0.6584933 0.0428664
v 0.4631574 0.6584933 0.0509898
v 0.454784 0.6514946 0.0509898
v 0.4631574 0.6584933 0.0428664
v 0.4685313 0.6678664 0.0428664
v 0.4685313 0.6678664 0.0509898
v 0.4631574 0.6584933 0.0509898
v 0.4626575 0.6871125 0.0509898
v 0.4641572 0.6786142 0.0509898
v 0.4704059 0.6786142 0.0509898
v 0.4685313 0.6892371 0.0509898
v 0.4685313 0.6678664 0.0509898
v 0.4626575 0.6699909 0.0509898
v 0.4584083 0.6624925 0.0509898
v 0.4631574 0.6584933 0.0509898
v 0.4516597 0.6568686 0.0509898
v 0.454784 0.6514946 0.0509898
v 0.4435363 0.6539942 0.0509898
v 0.4446611 0.6477454 0.0509898
v 0.434913 0.6539942 0.0509898
v 0.4337883 0.6477454 0.0509898
v 0.4266646 0.6568686 0.0509898
v 0.4235403 0.6514946 0.0509898
v 0.420041 0.6624925 0.0509898
v 0.4152919 0.6584933 0.0509898
v 0.4156668 0.6699909 0.0509898
v 0.409793 0.6678664 0.0509898
v 0.4141672 0.6786142 0.0509898
v 0.4079184 0.6786142 0.0509898
v 0.4156668 0.6871125 0.0509898
v 0.409793 0.6892371 0.0509898
v 0.420041 0.694611 0.0509898
v 0.4152919 0.6986102 0.0509898
v 0.4266646 0.7002349 0.0509898
v 0.4235403 0.7056088 0.0509898
v 0.4337883 0.7093581 0.0509898
v 0.434913 0.7031093 0.0509898
v 0.4435363 0.7031093 0.0509898
v 0.4446611 0.7093581 0.0509898
v 0.4516597 0.7002349 0.0509898
v 0.454784 0.7056088 0.0509898
v 0.4584083 0.694611 0.0509898
v 0.4631574 0.6986102 0.0509898
v 0.3385573 0.6789891 0
v 0.3446811 0.644871 0
v 0.3446811 0.644871 0.0106229
v 0.3385573 0.6789891 0.0106229
v 0.3620526 0.614752 0
v 0.3620526 0.614752 0.0106229
v 0.3885473 0.5925065 0
v 0.3885473 0.5925065 0.0106229
v 0.3885473 0.5925065 0
v 0.4212907 0.5806338 0
v 0.4212907 0.5806338 0.0106229
v 0.3885473 0.5925065 0.0106229
v 0.4559088 0.5806338 0
v 0.4559088 0.5806338 0.0106229
v 0.4885273 0.5925065 0
v 0.4885273 0.5925065 0.0106229
v 0.4885273 0.5925065 0
v 0.515147 0.614752 0
v 0.515147 0.614752 0.0106229
v 0.4885273 0.5925065 0.0106229
v 0.5325185 0.644871 0
v 0.5325185 0.644871 0.0106229
v 0.5385173 0.6789891 0
v 0.5385173 0.6789891 0.0106229
v 0.5385173 0.6789891 0
v 0.5325185 0.7132323 0
v 0.5325185 0.7132323 0.0106229
v 0.5385173 0.6789891 0.0106229
v 0.515147 0.7433513 0
v 0.515147 0.7433513 0.0106229
v 0.4885273 0.7655968 0
v 0.4885273 0.7655968 0.0106229
v 0.4885273 0.7655968 0
v 0.4559088 0.7774695 0
v 0.4559088 0.7774695 0.0106229
v 0.4885273 0.7655968 0.0106229
v 0.4212907 0.7774695 0
v 0.4212907 0.7774695 0.0106229
v 0.3885473 0.7655968 0
v 0.3885473 0.7655968 0.0106229
v 0.3885473 0.7655968 0
v 0.3620526 0.7433513 0
v 0.3620526 0.7433513 0.0106229
v 0.3885473 0.7655968 0.0106229
v 0.3620526 0.7433513 0
v 0.3446811 0.7132323 0
v 0.3446811 0.7132323 0.0106229
v 0.3620526 0.7433513 0.0106229
v 0.3620526 0.7433513 0
v 0.3885473 0.7655968 0
v 0.4212907 0.7774695 0
v 0.3385573 0.6789891 0
v 0.4559088 0.7774695 0
v 0.4885273 0.7655968 0
v 0.5325185 0.7132323 0
v 0.515147 0.7433513 0
v 0.5385173 0.6789891 0
v 0.5325185 0.644871 0
v 0.4885273 0.5925065 0
v 0.515147 0.614752 0
v 0.4559088 0.5806338 0
v 0.4212907 0.5806338 0
v 0.3620526 0.614752 0
v 0.3885473 0.5925065 0
v 0.3446811 0.644871 0
v 0.3446811 0.7132323 0
v 0.4042941 0.6664917 0.0432414
v 0.4106679 0.6556188 0.0432414
v 0.4202909 0.6473705 0.0432414
v 0.4042941 0.6914866 0.0432414
v 0.4322885 0.6431213 0.0432414
v 0.444911 0.6431213 0.0432414
v 0.4665317 0.6556188 0.0432414
v 0.4569086 0.6473705 0.0432414
v 0.4665317 0.7024845 0.0432414
v 0.4729054 0.6664917 0.0432414
v 0.475155 0.6789891 0.0432414
v 0.4729054 0.6914866 0.0432414
v 0.4569086 0.7107328 0.0432414
v 0.444911 0.714982 0.0432414
v 0.4202909 0.7107328 0.0432414
v 0.4322885 0.714982 0.0432414
v 0.4106679 0.7024845 0.0432414
v 0.4020446 0.6789891 0.0432414
v 0.3469306 0.6456209 0.0139972
v 0.4042941 0.6664917 0.034743
v 0.4020446 0.6789891 0.034743
v 0.3409318 0.6789891 0.0139972
v 0.3638022 0.6162517 0.0139972
v 0.4106679 0.6556188 0.034743
v 0.3897971 0.5945061 0.0139972
v 0.4202909 0.6473705 0.034743
v 0.4216657 0.5828834 0.0139972
v 0.4322885 0.6431213 0.034743
v 0.4555339 0.5828834 0.0139972
v 0.444911 0.6431213 0.034743
v 0.4569086 0.6473705 0.034743
v 0.4874025 0.5945061 0.0139972
v 0.5133973 0.6162517 0.0139972
v 0.4665317 0.6556188 0.034743
v 0.5302689 0.6456209 0.0139972
v 0.4729054 0.6664917 0.034743
v 0.475155 0.6789891 0.034743
v 0.5362677 0.6789891 0.0139972
v 0.5302689 0.7124825 0.0139972
v 0.4729054 0.6914866 0.034743
v 0.5133973 0.7417266 0.0139972
v 0.4665317 0.7024845 0.034743
v 0.4874025 0.7635973 0.0139972
v 0.4569086 0.7107328 0.034743
v 0.444911 0.714982 0.034743
v 0.4555339 0.7752199 0.0139972
v 0.4216657 0.7752199 0.0139972
v 0.4322885 0.714982 0.034743
v 0.3897971 0.7635973 0.0139972
v 0.4202909 0.7107328 0.034743
v 0.3638022 0.7417266 0.0139972
v 0.4106679 0.7024845 0.034743
v 0.3469306 0.7124825 0.0139972
v 0.4042941 0.6914866 0.034743
v 0.4020446 0.6789891 0.034743
v 0.4042941 0.6664917 0.034743
v 0.4042941 0.6664917 0.0432414
v 0.4020446 0.6789891 0.0432414
v 0.4106679 0.6556188 0.034743
v 0.4106679 0.6556188 0.0432414
v 0.4202909 0.6473705 0.0432414
v 0.4202909 0.6473705 0.034743
v 0.4202909 0.6473705 0.0432414
v 0.4202909 0.6473705 0.034743
v 0.4322885 0.6431213 0.034743
v 0.4322885 0.6431213 0.0432414
v 0.444911 0.6431213 0.0432414
v 0.444911 0.6431213 0.034743
v 0.4569086 0.6473705 0.034743
v 0.4569086 0.6473705 0.0432414
v 0.4569086 0.6473705 0.034743
v 0.4665317 0.6556188 0.034743
v 0.4665317 0.6556188 0.0432414
v 0.4569086 0.6473705 0.0432414
v 0.4729054 0.6664917 0.0432414
v 0.4729054 0.6664917 0.034743
v 0.475155 0.6789891 0.034743
v 0.475155 0.6789891 0.0432414
v 0.475155 0.6789891 0.0432414
v 0.475155 0.6789891 0.034743
v 0.4729054 0.6914866 0.034743
v 0.4729054 0.6914866 0.0432414
v 0.4665317 0.7024845 0.034743
v 0.4665317 0.7024845 0.0432414
v 0.4569086 0.7107328 0.0432414
v 0.4569086 0.7107328 0.034743
v 0.444911 0.714982 0.034743
v 0.444911 0.714982 0.0432414
v 0.4569086 0.7107328 0.0432414
v 0.4569086 0.7107328 0.034743
v 0.4322885 0.714982 0.034743
v 0.4322885 0.714982 0.0432414
v 0.4202909 0.7107328 0.0432414
v 0.4202909 0.7107328 0.034743
v 0.4106679 0.7024845 0.034743
v 0.4106679 0.7024845 0.0432414
v 0.4202909 0.7107328 0.0432414
v 0.4202909 0.7107328 0.034743
v 0.4042941 0.6914866 0.0432414
v 0.4106679 0.7024845 0.0432414
v 0.4106679 0.7024845 0.034743
v 0.4042941 0.6914866 0.034743
v 0.3469306 0.6456209 0.0139972
v 0.3409318 0.6789891 0.0139972
v 0.3638022 0.6162517 0.0139972
v 0.3620526 0.614752 0.0106229
v 0.3897971 0.5945061 0.0139972
v 0.3638022 0.6162517 0.0139972
v 0.4216657 0.5828834 0.0139972
v 0.4555339 0.5828834 0.0139972
v 0.4874025 0.5945061 0.0139972
v 0.4555339 0.5828834 0.0139972
v 0.4559088 0.5806338 0.0106229
v 0.5133973 0.6162517 0.0139972
v 0.5302689 0.6456209 0.0139972
v 0.5362677 0.6789891 0.0139972
v 0.5302689 0.6456209 0.0139972
v 0.5325185 0.644871 0.0106229
v 0.5302689 0.7124825 0.0139972
v 0.5133973 0.7417266 0.0139972
v 0.515147 0.7433513 0.0106229
v 0.4874025 0.7635973 0.0139972
v 0.5133973 0.7417266 0.0139972
v 0.4555339 0.7752199 0.0139972
v 0.4216657 0.7752199 0.0139972
v 0.3897971 0.7635973 0.0139972
v 0.4216657 0.7752199 0.0139972
v 0.4212907 0.7774695 0.0106229
v 0.3638022 0.7417266 0.0139972
v 0.3446811 0.7132323 0.0106229
v 0.3469306 0.7124825 0.0139972
v 0.3469306 0.7124825 0.0139972
v -0.4524095 -0.7241052 0.1213507
v -0.4486602 -0.7278544 0.1213507
v -0.4486602 -0.7278544 0.6929864
v -0.4524095 -0.7241052 0.6929864
v -0.4524095 -0.6316237 0.1213507
v -0.4524095 -0.6316237 0.6929864
v -0.4486602 -0.6278745 0.6929864
v -0.4486602 -0.6278745 0.1213507
v -0.3559288 -0.6278745 0.1213507
v -0.3559288 -0.6278745 0.6929864
v -0.3521796 -0.6316237 0.6929864
v -0.3521796 -0.6316237 0.1213507
v -0.3521796 -0.7241052 0.1213507
v -0.3521796 -0.7241052 0.6929864
v -0.3559288 -0.7278544 0.6929864
v -0.3559288 -0.7278544 0.1213507
v 0.4884023 -0.7241052 0.1213507
v 0.4884023 -0.7241052 0.6929864
v 0.4846531 -0.7278544 0.6929864
v 0.4846531 -0.7278544 0.1213507
v 0.4846531 -0.6278745 0.1213507
v 0.4846531 -0.6278745 0.6929864
v 0.4884023 -0.6316237 0.6929864
v 0.4884023 -0.6316237 0.1213507
v 0.3881724 -0.6316237 0.1213507
v 0.3881724 -0.6316237 0.6929864
v 0.3919216 -0.6278745 0.6929864
v 0.3919216 -0.6278745 0.1213507
v 0.3919216 -0.7278544 0.1213507
v 0.3919216 -0.7278544 0.6929864
v 0.3881724 -0.7241052 0.6929864
v 0.3881724 -0.7241052 0.1213507
v -0.4486602 0.7276044 0.6929864
v -0.4486602 0.7276044 0.1213507
v -0.4524095 0.7238552 0.1213507
v -0.4524095 0.7238552 0.6929864
v -0.4524095 0.6313737 0.1213507
v -0.4486602 0.6276245 0.1213507
v -0.4486602 0.6276245 0.6929864
v -0.4524095 0.6313737 0.6929864
v -0.3559288 0.6276245 0.1213507
v -0.3521796 0.6313737 0.1213507
v -0.3521796 0.6313737 0.6929864
v -0.3559288 0.6276245 0.6929864
v -0.3521796 0.7238552 0.1213507
v -0.3559288 0.7276044 0.1213507
v -0.3559288 0.7276044 0.6929864
v -0.3521796 0.7238552 0.6929864
v 0.4884023 0.7238552 0.6929864
v 0.4884023 0.7238552 0.1213507
v 0.4846531 0.7276044 0.1213507
v 0.4846531 0.7276044 0.6929864
v 0.4846531 0.6276245 0.6929864
v 0.4846531 0.6276245 0.1213507
v 0.4884023 0.6313737 0.1213507
v 0.4884023 0.6313737 0.6929864
v 0.3919216 0.6276245 0.6929864
v 0.3881724 0.6313737 0.6929864
v 0.3881724 0.6313737 0.1213507
v 0.3919216 0.6276245 0.1213507
v 0.3881724 0.7238552 0.6929864
v 0.3919216 0.7276044 0.6929864
v 0.3919216 0.7276044 0.1213507
v 0.3881724 0.7238552 0.1213507
v 0.3927964 -0.6423715 0.2257049
v -0.3570536 -0.6423715 0.2257049
v -0.3570536 -0.6423715 0.2881924
v 0.3927964 -0.6423715 0.2881924
v -0.3570536 -0.7173565 0.2881924
v -0.3570536 -0.7173565 0.2257049
v 0.3927964 -0.7173565 0.2257049
v 0.3927964 -0.7173565 0.2881924
v -0.3570536 -0.6486202 0.2194561
v 0.3927964 -0.6486202 0.2194561
v 0.3927964 -0.7111078 0.2194561
v -0.3570536 -0.7111078 0.2194561
v 0.3927964 -0.7111078 0.2944411
v 0.3927964 -0.6486202 0.2944411
v -0.3570536 -0.6486202 0.2944411
v -0.3570536 -0.7111078 0.2944411
v -0.3570536 -0.6423715 0.2881924
v -0.3570536 -0.6438712 0.2929414
v 0.3927964 -0.6438712 0.2929414
v 0.3927964 -0.6423715 0.2881924
v 0.3927964 -0.6423715 0.2257049
v 0.3927964 -0.6438712 0.2210808
v -0.3570536 -0.6438712 0.2210808
v -0.3570536 -0.6423715 0.2257049
v 0.3927964 -0.7157319 0.2210808
v 0.3927964 -0.7173565 0.2257049
v -0.3570536 -0.7173565 0.2257049
v -0.3570536 -0.7157319 0.2210808
v -0.3570536 -0.7157319 0.2929414
v -0.3570536 -0.7173565 0.2881924
v 0.3927964 -0.7173565 0.2881924
v 0.3927964 -0.7157319 0.2929414
v -0.3570536 -0.6486202 0.2944411
v 0.3927964 -0.6486202 0.2944411
v 0.3927964 -0.6438712 0.2929414
v -0.3570536 -0.6438712 0.2929414
v 0.3927964 -0.6438712 0.2210808
v 0.3927964 -0.6486202 0.2194561
v -0.3570536 -0.6486202 0.2194561
v -0.3570536 -0.6438712 0.2210808
v -0.3570536 -0.7157319 0.2210808
v -0.3570536 -0.7111078 0.2194561
v 0.3927964 -0.7111078 0.2194561
v 0.3927964 -0.7157319 0.2210808
v 0.3927964 -0.7157319 0.2929414
v 0.3927964 -0.7111078 0.2944411
v -0.3570536 -0.7111078 0.2944411
v -0.3570536 -0.7157319 0.2929414
v -0.3570536 0.7172315 0.2881924
v 0.3927964 0.7172315 0.2881924
v 0.3927964 0.7172315 0.2257049
v -0.3570536 0.7172315 0.2257049
v 0.3927964 0.6422465 0.2881924
v -0.3570536 0.6422465 0.2881924
v -0.3570536 0.6422465 0.2257049
v 0.3927964 0.6422465 0.2257049
v -0.3570536 0.7109828 0.2194561
v 0.3927964 0.7109828 0.2194561
v 0.3927964 0.6484953 0.2194561
v -0.3570536 0.6484953 0.2194561
v 0.3927964 0.7109828 0.2944411
v -0.3570536 0.7109828 0.2944411
v -0.3570536 0.6484953 0.2944411
v 0.3927964 0.6484953 0.2944411
v -0.3570536 0.7172315 0.2881924
v -0.3570536 0.7156069 0.2929414
v 0.3927964 0.7156069 0.2929414
v 0.3927964 0.7172315 0.2881924
v 0.3927964 0.7156069 0.2210808
v -0.3570536 0.7156069 0.2210808
v -0.3570536 0.7172315 0.2257049
v 0.3927964 0.7172315 0.2257049
v -0.3570536 0.6437462 0.2210808
v 0.3927964 0.6437462 0.2210808
v 0.3927964 0.6422465 0.2257049
v -0.3570536 0.6422465 0.2257049
v -0.3570536 0.6437462 0.2929414
v -0.3570536 0.6422465 0.2881924
v 0.3927964 0.6422465 0.2881924
v 0.3927964 0.6437462 0.2929414
v 0.3927964 0.7109828 0.2944411
v 0.3927964 0.7156069 0.2929414
v -0.3570536 0.7156069 0.2929414
v -0.3570536 0.7109828 0.2944411
v 0.3927964 0.7156069 0.2210808
v 0.3927964 0.7109828 0.2194561
v -0.3570536 0.7109828 0.2194561
v -0.3570536 0.7156069 0.2210808
v -0.3570536 0.6437462 0.2210808
v -0.3570536 0.6484953 0.2194561
v 0.3927964 0.6484953 0.2194561
v 0.3927964 0.6437462 0.2210808
v 0.3927964 0.6437462 0.2929414
v 0.3927964 0.6484953 0.2944411
v -0.3570536 0.6484953 0.2944411
v -0.3570536 0.6437462 0.2929414
vt 0.9122 0.4638
vt 0.8833 0.4638
vt 0.8833 0.4667
vt 0.9122 0.4667
vt 0.5782 0.207
vt 0.6071 0.207
vt 0.6071 0.2041
vt 0.5782 0.2041
vt 0.9122 0.4333
vt 0.8833 0.4333
vt 0.8833 0.4362
vt 0.9122 0.4362
vt 0.5778 0.2232
vt 0.6066 0.2232
vt 0.6066 0.2203
vt 0.5778 0.2203
vt 0.7273 0.3464
vt 0.725 0.3486
vt 0.7244 0.3501
vt 0.7273 0.3752
vt 0.7244 0.3714
vt 0.725 0.3729
vt 0.7022 0.3492
vt 0.6984 0.3464
vt 0.7007 0.3486
vt 0.7235 0.3492
vt 0.7013 0.3714
vt 0.6984 0.3752
vt 0.7007 0.3729
vt 0.7013 0.3501
vt 0.7235 0.3723
vt 0.7022 0.3723
vt 0.7039 0.5017
vt 0.7039 0.4804
vt 0.5721 0.4804
vt 0.5721 0.5017
vt 0.8431 0.58
vt 0.8431 0.5587
vt 0.7114 0.5587
vt 0.7114 0.58
vt 0.5721 0.5376
vt 0.7039 0.5376
vt 0.7039 0.5162
vt 0.5721 0.5162
vt 0.7428 0.9699
vt 0.8745 0.9699
vt 0.8745 0.9485
vt 0.7428 0.9485
vt 0.6456 0.0396
vt 0.6184 0.0396
vt 0.6184 0.0422
vt 0.6456 0.0422
vt 0.618 0.0941
vt 0.6452 0.0941
vt 0.6452 0.0915
vt 0.618 0.0915
vt 0.6051 0.5917
vt 0.6051 0.5892
vt 0.5779 0.5892
vt 0.5779 0.5917
vt 0.7795 0.0252
vt 0.7795 0.0226
vt 0.7523 0.0226
vt 0.7523 0.0252
vt 0.7298 0.8502
vt 0.7278 0.826
vt 0.7278 0.8473
vt 0.7284 0.8488
vt 0.7298 0.8231
vt 0.7284 0.8246
vt 0.7027 0.8502
vt 0.7269 0.8482
vt 0.7056 0.8482
vt 0.7041 0.8488
vt 0.7047 0.8473
vt 0.7047 0.826
vt 0.7041 0.8246
vt 0.7027 0.8231
vt 0.7056 0.8252
vt 0.7269 0.8252
vt 0.6169 0.8523
vt 0.644 0.8523
vt 0.644 0.8252
vt 0.6169 0.8252
vt 0.5998 0.8362
vt 0.614 0.8362
vt 0.614 0.8342
vt 0.5998 0.8342
vt 0.5998 0.8381
vt 0.614 0.8381
vt 0.9432 0.8017
vt 0.929 0.8017
vt 0.929 0.8033
vt 0.9432 0.8033
vt 0.929 0.8052
vt 0.9432 0.8052
vt 0.929 0.8072
vt 0.9432 0.8072
vt 0.929 0.809
vt 0.9432 0.809
vt 0.929 0.8106
vt 0.9432 0.8106
vt 0.8763 0.3813
vt 0.8763 0.3793
vt 0.862 0.3793
vt 0.862 0.3813
vt 0.862 0.3832
vt 0.8763 0.3832
vt 0.8763 0.3847
vt 0.862 0.3847
vt 0.7118 0.8443
vt 0.7118 0.8463
vt 0.726 0.8463
vt 0.726 0.8443
vt 0.0147 0.0081
vt 0.0147 0.0066
vt 0.0005 0.0066
vt 0.0005 0.0081
vt 0.0147 0.01
vt 0.0005 0.01
vt 0.0005 0.012
vt 0.0147 0.012
vt 0.0005 0.0139
vt 0.0147 0.0139
vt 0.0005 0.0154
vt 0.0147 0.0154
vt 0.614 0.8308
vt 0.5998 0.8308
vt 0.5998 0.8323
vt 0.614 0.8323
vt 0.8493 0.4597
vt 0.8493 0.4616
vt 0.8518 0.4616
vt 0.8518 0.4597
vt 0.8469 0.4597
vt 0.8469 0.4616
vt 0.8561 0.4311
vt 0.8561 0.4292
vt 0.8541 0.4292
vt 0.8541 0.4311
vt 0.8518 0.4292
vt 0.8518 0.4311
vt 0.8493 0.4292
vt 0.8493 0.4311
vt 0.8469 0.4292
vt 0.8469 0.4311
vt 0.845 0.4292
vt 0.845 0.4311
vt 0.5849 0.0875
vt 0.5849 0.0856
vt 0.5824 0.0856
vt 0.5824 0.0875
vt 0.5801 0.0856
vt 0.5801 0.0875
vt 0.5781 0.0875
vt 0.5781 0.0856
vt 0.9021 0.9501
vt 0.9021 0.9482
vt 0.8996 0.9482
vt 0.8996 0.9501
vt 0.8561 0.4288
vt 0.8561 0.4269
vt 0.8541 0.4269
vt 0.8541 0.4288
vt 0.8518 0.4288
vt 0.8518 0.4269
vt 0.8493 0.4269
vt 0.8493 0.4288
vt 0.8469 0.4269
vt 0.8469 0.4288
vt 0.845 0.4269
vt 0.845 0.4288
vt 0.8561 0.4616
vt 0.8561 0.4597
vt 0.8541 0.4597
vt 0.8541 0.4616
vt 0.8465 0.443
vt 0.847 0.4444
vt 0.849 0.444
vt 0.849 0.4426
vt 0.8509 0.4444
vt 0.8514 0.443
vt 0.8527 0.4454
vt 0.8536 0.4443
vt 0.854 0.4469
vt 0.8552 0.4462
vt 0.8546 0.4488
vt 0.8561 0.4485
vt 0.8546 0.4508
vt 0.8561 0.451
vt 0.854 0.4527
vt 0.8552 0.4534
vt 0.8527 0.4542
vt 0.8536 0.4553
vt 0.8509 0.4552
vt 0.8514 0.4566
vt 0.849 0.4556
vt 0.849 0.457
vt 0.847 0.4552
vt 0.8465 0.4566
vt 0.8453 0.4542
vt 0.8443 0.4553
vt 0.844 0.4527
vt 0.8427 0.4534
vt 0.8433 0.4508
vt 0.8419 0.451
vt 0.8433 0.4488
vt 0.8419 0.4485
vt 0.8427 0.4462
vt 0.844 0.4469
vt 0.8453 0.4454
vt 0.8443 0.4443
vt 0.6324 0.8207
vt 0.6244 0.8207
vt 0.6244 0.8231
vt 0.6324 0.8231
vt 0.6169 0.8207
vt 0.6169 0.8231
vt 0.7409 0.4787
vt 0.7409 0.4763
vt 0.7348 0.4763
vt 0.7348 0.4787
vt 0.7272 0.4763
vt 0.7272 0.4787
vt 0.7192 0.4763
vt 0.7192 0.4787
vt 0.7117 0.4787
vt 0.7117 0.4763
vt 0.7056 0.4763
vt 0.7056 0.4787
vt 0.7709 0.5978
vt 0.7709 0.5953
vt 0.7629 0.5953
vt 0.7629 0.5978
vt 0.7554 0.5953
vt 0.7554 0.5978
vt 0.7493 0.5953
vt 0.7493 0.5978
vt 0.5933 0.1379
vt 0.5933 0.1354
vt 0.5853 0.1354
vt 0.5853 0.1379
vt 0.7337 0.4123
vt 0.7337 0.4099
vt 0.7276 0.4099
vt 0.7276 0.4123
vt 0.7201 0.4099
vt 0.7201 0.4123
vt 0.7121 0.4099
vt 0.7121 0.4123
vt 0.7046 0.4099
vt 0.7046 0.4123
vt 0.6984 0.4099
vt 0.6984 0.4123
vt 0.646 0.8231
vt 0.646 0.8207
vt 0.6399 0.8207
vt 0.6399 0.8231
vt 0.5718 0.7335
vt 0.5779 0.7387
vt 0.5854 0.7414
vt 0.5664 0.7187
vt 0.5934 0.7414
vt 0.6009 0.7387
vt 0.6111 0.7266
vt 0.6071 0.7335
vt 0.6125 0.7187
vt 0.6111 0.7108
vt 0.6009 0.6988
vt 0.6071 0.7039
vt 0.5934 0.696
vt 0.5854 0.696
vt 0.5718 0.7039
vt 0.5779 0.6988
vt 0.5678 0.7108
vt 0.5678 0.7266
vt 0.8924 0.53
vt 0.8943 0.5278
vt 0.8842 0.5315
vt 0.8899 0.5315
vt 0.8953 0.525
vt 0.8953 0.5221
vt 0.8924 0.5171
vt 0.8943 0.5194
vt 0.8899 0.5157
vt 0.887 0.5152
vt 0.8816 0.5171
vt 0.8842 0.5157
vt 0.8797 0.5194
vt 0.8787 0.5221
vt 0.8797 0.5278
vt 0.8787 0.525
vt 0.8816 0.53
vt 0.887 0.532
vt 0.585 0.6529
vt 0.5874 0.6675
vt 0.5903 0.6675
vt 0.5928 0.6529
vt 0.5776 0.6554
vt 0.5847 0.6685
vt 0.5716 0.6601
vt 0.5824 0.6703
vt 0.5677 0.6665
vt 0.581 0.6727
vt 0.5664 0.6738
vt 0.5805 0.6754
vt 0.5677 0.6811
vt 0.581 0.6781
vt 0.5716 0.6875
vt 0.5824 0.6805
vt 0.5776 0.6922
vt 0.5847 0.6823
vt 0.5874 0.6832
vt 0.585 0.6947
vt 0.5928 0.6947
vt 0.5903 0.6832
vt 0.6001 0.6922
vt 0.5931 0.6823
vt 0.6061 0.6875
vt 0.5953 0.6805
vt 0.5968 0.6781
vt 0.61 0.6811
vt 0.6114 0.6738
vt 0.5973 0.6754
vt 0.61 0.6665
vt 0.5968 0.6727
vt 0.6061 0.6601
vt 0.5953 0.6703
vt 0.6001 0.6554
vt 0.5931 0.6685
vt 0.8764 0.5201
vt 0.8764 0.5231
vt 0.8783 0.5231
vt 0.8783 0.5201
vt 0.8764 0.5258
vt 0.8783 0.5258
vt 0.8764 0.5281
vt 0.8783 0.5281
vt 0.7887 0.0192
vt 0.7858 0.0192
vt 0.7858 0.0212
vt 0.7887 0.0212
vt 0.783 0.0212
vt 0.783 0.0192
vt 0.7808 0.0192
vt 0.7808 0.0212
vt 0.706 0.3623
vt 0.708 0.3623
vt 0.708 0.3594
vt 0.706 0.3594
vt 0.708 0.365
vt 0.706 0.365
vt 0.708 0.3673
vt 0.706 0.3673
vt 0.7533 0.5537
vt 0.7533 0.5557
vt 0.7562 0.5557
vt 0.7562 0.5537
vt 0.7506 0.5537
vt 0.7506 0.5557
vt 0.8528 0.9408
vt 0.8528 0.9427
vt 0.855 0.9427
vt 0.855 0.9408
vt 0.85 0.9427
vt 0.85 0.9408
vt 0.8471 0.9408
vt 0.8471 0.9427
vt 0.8444 0.9408
vt 0.8444 0.9427
vt 0.8421 0.9408
vt 0.8421 0.9427
vt 0.8783 0.5174
vt 0.8783 0.5152
vt 0.8764 0.5152
vt 0.8764 0.5174
vt 0.6245 0.8239
vt 0.6323 0.8239
vt 0.6171 0.8239
vt 0.5774 0.6547
vt 0.5712 0.6596
vt 0.7271 0.4795
vt 0.7345 0.4795
vt 0.7193 0.4795
vt 0.712 0.4795
vt 0.7708 0.5986
vt 0.7782 0.5986
vt 0.7784 0.5978
vt 0.763 0.5986
vt 0.7557 0.5986
vt 0.6009 0.1379
vt 0.5932 0.1387
vt 0.6006 0.1387
vt 0.5854 0.1387
vt 0.5778 0.1379
vt 0.5781 0.1387
vt 0.7273 0.4131
vt 0.72 0.4131
vt 0.7122 0.4131
vt 0.7048 0.4131
vt 0.8405 0.4621
vt 0.8414 0.462
vt 0.8414 0.4542
vt 0.8405 0.4541
vt 0.6065 0.6596
vt 0.6004 0.6547
vt 0.6396 0.8239
vt 0.7006 0.6709
vt 0.7006 0.6738
vt 0.7295 0.6738
vt 0.7295 0.6709
vt 0.6911 0.2253
vt 0.6623 0.2253
vt 0.6623 0.2282
vt 0.6911 0.2282
vt 0.8833 0.4028
vt 0.8833 0.4057
vt 0.9122 0.4057
vt 0.9122 0.4028
vt 0.6623 0.2444
vt 0.6911 0.2444
vt 0.6911 0.2415
vt 0.6623 0.2415
vt 0.8319 0.4667
vt 0.8342 0.4644
vt 0.8348 0.463
vt 0.8342 0.4402
vt 0.8348 0.4417
vt 0.8319 0.4379
vt 0.8356 0.4408
vt 0.8585 0.4402
vt 0.857 0.4408
vt 0.8607 0.4379
vt 0.8585 0.4644
vt 0.8579 0.4417
vt 0.8579 0.463
vt 0.8607 0.4667
vt 0.857 0.4638
vt 0.8356 0.4638
vt 0.5779 0.5579
vt 0.5779 0.5792
vt 0.7097 0.5792
vt 0.7097 0.5579
vt 0.6984 0.4057
vt 0.8302 0.4057
vt 0.8302 0.3843
vt 0.6984 0.3843
vt 0.5779 0.6208
vt 0.7097 0.6208
vt 0.7097 0.5995
vt 0.5779 0.5995
vt 0.8302 0.4667
vt 0.8302 0.4453
vt 0.6984 0.4453
vt 0.6984 0.4667
vt 0.6051 0.5476
vt 0.5779 0.5476
vt 0.5779 0.5501
vt 0.6051 0.5501
vt 0.5782 0.0641
vt 0.5782 0.0667
vt 0.6054 0.0667
vt 0.6054 0.0641
vt 0.6181 0.5943
vt 0.6181 0.5969
vt 0.6453 0.5969
vt 0.6453 0.5943
vt 0.618 0.0804
vt 0.618 0.083
vt 0.6452 0.083
vt 0.6452 0.0804
vt 0.6147 0.6607
vt 0.6141 0.6379
vt 0.6127 0.6365
vt 0.6127 0.6636
vt 0.6141 0.6622
vt 0.6147 0.6394
vt 0.6398 0.6636
vt 0.6369 0.6616
vt 0.6384 0.6622
vt 0.6156 0.6616
vt 0.6398 0.6365
vt 0.6378 0.6394
vt 0.6384 0.6379
vt 0.6378 0.6607
vt 0.6156 0.6385
vt 0.6369 0.6385
vt 0.872 0.4755
vt 0.872 0.5026
vt 0.8992 0.5026
vt 0.8992 0.4755
vt 0.718 0.8928
vt 0.718 0.8909
vt 0.7038 0.8909
vt 0.7038 0.8928
vt 0.718 0.8891
vt 0.7038 0.8891
vt 0.7722 0.9817
vt 0.7722 0.9801
vt 0.758 0.9801
vt 0.758 0.9817
vt 0.7722 0.9782
vt 0.758 0.9782
vt 0.758 0.9762
vt 0.7722 0.9762
vt 0.7722 0.9744
vt 0.758 0.9744
vt 0.758 0.9728
vt 0.7722 0.9728
vt 0.6138 0.7072
vt 0.6138 0.7089
vt 0.628 0.7089
vt 0.628 0.7072
vt 0.628 0.7052
vt 0.6138 0.7052
vt 0.628 0.7033
vt 0.6138 0.7033
vt 0.628 0.7015
vt 0.6138 0.7015
vt 0.9321 0.9995
vt 0.9463 0.9995
vt 0.9463 0.998
vt 0.9321 0.998
vt 0.9463 0.9961
vt 0.9321 0.9961
vt 0.9463 0.9941
vt 0.9321 0.9941
vt 0.9463 0.9922
vt 0.9321 0.9922
vt 0.9463 0.9907
vt 0.9321 0.9907
vt 0.7038 0.8965
vt 0.718 0.8965
vt 0.718 0.8948
vt 0.7038 0.8948
vt 0.8514 0.4574
vt 0.8514 0.4593
vt 0.8539 0.4593
vt 0.8539 0.4574
vt 0.8561 0.4593
vt 0.8561 0.4574
vt 0.5945 0.1655
vt 0.5945 0.1673
vt 0.597 0.1673
vt 0.597 0.1655
vt 0.5994 0.1673
vt 0.5994 0.1655
vt 0.6013 0.1673
vt 0.6013 0.1655
vt 0.7736 0.5953
vt 0.7736 0.5972
vt 0.7761 0.5972
vt 0.7761 0.5953
vt 0.7784 0.5972
vt 0.7784 0.5953
vt 0.8373 0.4519
vt 0.8392 0.4519
vt 0.8392 0.4497
vt 0.8373 0.4497
vt 0.8392 0.4472
vt 0.8373 0.4472
vt 0.8392 0.4448
vt 0.8373 0.4448
vt 0.8392 0.4426
vt 0.8373 0.4426
vt 0.8396 0.4536
vt 0.8414 0.4536
vt 0.8414 0.4517
vt 0.8396 0.4517
vt 0.8414 0.4494
vt 0.8396 0.4494
vt 0.8414 0.4469
vt 0.8396 0.4469
vt 0.8414 0.4445
vt 0.8396 0.4445
vt 0.8414 0.4426
vt 0.8396 0.4426
vt 0.8468 0.4574
vt 0.8468 0.4593
vt 0.849 0.4593
vt 0.849 0.4574
vt 0.7131 0.365
vt 0.7155 0.3654
vt 0.7155 0.364
vt 0.7135 0.3636
vt 0.718 0.365
vt 0.7175 0.3636
vt 0.7201 0.3638
vt 0.7192 0.3626
vt 0.7218 0.3618
vt 0.7205 0.3611
vt 0.7226 0.3595
vt 0.7212 0.3592
vt 0.7226 0.357
vt 0.7212 0.3572
vt 0.7205 0.3554
vt 0.7218 0.3546
vt 0.7201 0.3527
vt 0.7192 0.3538
vt 0.718 0.3515
vt 0.7175 0.3528
vt 0.7155 0.351
vt 0.7155 0.3525
vt 0.7131 0.3515
vt 0.7135 0.3528
vt 0.7109 0.3527
vt 0.7118 0.3538
vt 0.7105 0.3554
vt 0.7093 0.3546
vt 0.7098 0.3572
vt 0.7084 0.357
vt 0.7098 0.3592
vt 0.7084 0.3595
vt 0.7093 0.3618
vt 0.7105 0.3611
vt 0.7109 0.3638
vt 0.7118 0.3626
vt 0.92 0.6184
vt 0.92 0.6209
vt 0.928 0.6209
vt 0.928 0.6184
vt 0.9355 0.6209
vt 0.9355 0.6184
vt 0.6984 0.3794
vt 0.6984 0.3818
vt 0.7046 0.3818
vt 0.7046 0.3794
vt 0.7121 0.3818
vt 0.7121 0.3794
vt 0.7201 0.3818
vt 0.7201 0.3794
vt 0.7276 0.3818
vt 0.7276 0.3794
vt 0.7337 0.3818
vt 0.7337 0.3794
vt 0.7568 0.5562
vt 0.7648 0.5562
vt 0.7648 0.5537
vt 0.7568 0.5537
vt 0.7723 0.5562
vt 0.7723 0.5537
vt 0.7784 0.5562
vt 0.7784 0.5537
vt 0.5853 0.0856
vt 0.5853 0.0881
vt 0.5933 0.0881
vt 0.5933 0.0856
vt 0.6984 0.4404
vt 0.6984 0.4429
vt 0.7046 0.4429
vt 0.7046 0.4404
vt 0.7121 0.4429
vt 0.7121 0.4404
vt 0.7201 0.4429
vt 0.7201 0.4404
vt 0.7276 0.4429
vt 0.7276 0.4404
vt 0.7337 0.4429
vt 0.7337 0.4404
vt 0.9063 0.6184
vt 0.9063 0.6209
vt 0.9125 0.6209
vt 0.9125 0.6184
vt 0.6142 0.8542
vt 0.6102 0.8473
vt 0.5965 0.8848
vt 0.6156 0.8621
vt 0.6041 0.8421
vt 0.5965 0.8394
vt 0.581 0.8421
vt 0.5885 0.8394
vt 0.5709 0.87
vt 0.5749 0.8473
vt 0.5709 0.8542
vt 0.5695 0.8621
vt 0.5749 0.8769
vt 0.581 0.882
vt 0.5885 0.8848
vt 0.6041 0.882
vt 0.6102 0.8769
vt 0.6142 0.87
vt 0.6248 0.6408
vt 0.6223 0.6423
vt 0.6204 0.6445
vt 0.635 0.6445
vt 0.6194 0.6473
vt 0.6194 0.6502
vt 0.6223 0.6552
vt 0.6204 0.653
vt 0.6248 0.6567
vt 0.6277 0.6572
vt 0.6331 0.6552
vt 0.6306 0.6567
vt 0.635 0.653
vt 0.636 0.6502
vt 0.636 0.6473
vt 0.6306 0.6408
vt 0.6331 0.6423
vt 0.6277 0.6403
vt 0.7878 0.9246
vt 0.7737 0.9246
vt 0.7732 0.9275
vt 0.7864 0.9323
vt 0.7717 0.93
vt 0.7825 0.9391
vt 0.7695 0.9319
vt 0.7765 0.9441
vt 0.7668 0.9329
vt 0.7692 0.9468
vt 0.7638 0.9329
vt 0.7614 0.9468
vt 0.7611 0.9319
vt 0.754 0.9441
vt 0.7588 0.93
vt 0.7481 0.9391
vt 0.7574 0.9275
vt 0.7442 0.9323
vt 0.7569 0.9246
vt 0.7428 0.9246
vt 0.7574 0.9218
vt 0.7442 0.9169
vt 0.7588 0.9192
vt 0.7481 0.9102
vt 0.7611 0.9173
vt 0.754 0.9052
vt 0.7638 0.9163
vt 0.7614 0.9025
vt 0.7668 0.9163
vt 0.7692 0.9025
vt 0.7695 0.9173
vt 0.7765 0.9052
vt 0.7717 0.9192
vt 0.7825 0.9102
vt 0.7732 0.9218
vt 0.7864 0.9169
vt 0.8874 0.5324
vt 0.8874 0.5344
vt 0.8903 0.5344
vt 0.8903 0.5324
vt 0.8931 0.5344
vt 0.8931 0.5324
vt 0.8953 0.5344
vt 0.8953 0.5324
vt 0.7056 0.3673
vt 0.7056 0.3644
vt 0.7037 0.3644
vt 0.7037 0.3673
vt 0.7056 0.3616
vt 0.7037 0.3616
vt 0.7056 0.3594
vt 0.7037 0.3594
vt 0.8372 0.4602
vt 0.8392 0.4602
vt 0.8392 0.4573
vt 0.8372 0.4573
vt 0.8392 0.4545
vt 0.8372 0.4545
vt 0.8392 0.4523
vt 0.8372 0.4523
vt 0.7147 0.3659
vt 0.7147 0.3678
vt 0.7176 0.3678
vt 0.7176 0.3659
vt 0.7204 0.3659
vt 0.7204 0.3678
vt 0.7226 0.3678
vt 0.7226 0.3659
vt 0.7653 0.9283
vt 0.7672 0.9283
vt 0.7672 0.9254
vt 0.7653 0.9254
vt 0.7672 0.9226
vt 0.7653 0.9226
vt 0.7672 0.9204
vt 0.7653 0.9204
vt 0.9054 0.9482
vt 0.9025 0.9482
vt 0.9025 0.9502
vt 0.9054 0.9502
vt 0.8824 0.5344
vt 0.8847 0.5344
vt 0.8847 0.5324
vt 0.8824 0.5324
vt 0.9201 0.6216
vt 0.9279 0.6216
vt 0.9352 0.6216
vt 0.6805 0.7039
vt 0.6815 0.7038
vt 0.6815 0.696
vt 0.6805 0.6959
vt 0.7048 0.3826
vt 0.7122 0.3826
vt 0.72 0.3826
vt 0.7273 0.3826
vt 0.7493 0.5562
vt 0.7495 0.5569
vt 0.7569 0.5569
vt 0.7647 0.5569
vt 0.772 0.5569
vt 0.5781 0.0888
vt 0.5854 0.0888
vt 0.5778 0.0881
vt 0.5932 0.0888
vt 0.6006 0.0888
vt 0.6009 0.0881
vt 0.7048 0.4436
vt 0.7122 0.4436
vt 0.72 0.4436
vt 0.7273 0.4436
vt 0.708 0.835
vt 0.709 0.8349
vt 0.708 0.827
vt 0.7071 0.8272
vt 0.7074 0.8424
vt 0.7083 0.8426
vt 0.9127 0.6216
vt 0.7665 0.3723
vt 0.7665 0.3752
vt 0.7953 0.3752
vt 0.7953 0.3723
vt 0.5782 0.188
vt 0.5782 0.1909
vt 0.6071 0.1909
vt 0.6071 0.188
vt 0.7286 0.3538
vt 0.7286 0.3567
vt 0.7574 0.3567
vt 0.7574 0.3538
vt 0.6075 0.1768
vt 0.6075 0.1797
vt 0.6363 0.1797
vt 0.6363 0.1768
vt 0.8607 0.4074
vt 0.8585 0.4097
vt 0.8579 0.4111
vt 0.8585 0.4339
vt 0.8579 0.4325
vt 0.8607 0.4362
vt 0.857 0.4333
vt 0.8342 0.4339
vt 0.8356 0.4333
vt 0.8319 0.4362
vt 0.8348 0.4325
vt 0.8342 0.4097
vt 0.8348 0.4111
vt 0.8319 0.4074
vt 0.8356 0.4103
vt 0.857 0.4103
vt 0.6967 0.4353
vt 0.6967 0.414
vt 0.565 0.414
vt 0.565 0.4353
vt 0.8431 0.6216
vt 0.8431 0.6003
vt 0.7114 0.6003
vt 0.7114 0.6216
vt 0.6967 0.4048
vt 0.6967 0.3835
vt 0.565 0.3835
vt 0.565 0.4048
vt 0.8373 0.5384
vt 0.8373 0.5171
vt 0.7056 0.5171
vt 0.7056 0.5384
vt 0.6184 0.0589
vt 0.6184 0.0615
vt 0.6456 0.0615
vt 0.6456 0.0589
vt 0.7495 0.0266
vt 0.7495 0.0292
vt 0.7766 0.0292
vt 0.7766 0.0266
vt 0.5782 0.0537
vt 0.5782 0.0563
vt 0.6054 0.0563
vt 0.6054 0.0537
vt 0.7495 0.0307
vt 0.7495 0.0332
vt 0.7766 0.0332
vt 0.7766 0.0307
vt 0.8978 0.537
vt 0.8992 0.5384
vt 0.8992 0.5113
vt 0.8971 0.5142
vt 0.8978 0.5127
vt 0.8971 0.5355
vt 0.872 0.5113
vt 0.8749 0.5133
vt 0.8734 0.5127
vt 0.8963 0.5133
vt 0.872 0.5384
vt 0.874 0.5355
vt 0.8734 0.537
vt 0.874 0.5142
vt 0.8963 0.5364
vt 0.8749 0.5364
vt 0.8779 0.58
vt 0.905 0.58
vt 0.905 0.5529
vt 0.8779 0.5529
vt 0.8274 0.7807
vt 0.8416 0.7807
vt 0.8416 0.7787
vt 0.8274 0.7787
vt 0.8416 0.7768
vt 0.8274 0.7768
vt 0.8416 0.7752
vt 0.8274 0.7752
vt 0.618 0.1067
vt 0.6322 0.1067
vt 0.6322 0.1047
vt 0.618 0.1047
vt 0.6322 0.1028
vt 0.618 0.1028
vt 0.6322 0.1013
vt 0.618 0.1013
vt 0.7733 0.7471
vt 0.7876 0.7471
vt 0.7876 0.7451
vt 0.7733 0.7451
vt 0.7876 0.7432
vt 0.7733 0.7432
vt 0.7876 0.7417
vt 0.7733 0.7417
vt 0.7219 0.6947
vt 0.7361 0.6947
vt 0.7361 0.6927
vt 0.7219 0.6927
vt 0.7361 0.6909
vt 0.7219 0.6909
vt 0.7361 0.6893
vt 0.7219 0.6893
vt 0.5778 0.1015
vt 0.592 0.1015
vt 0.592 0.0995
vt 0.5778 0.0995
vt 0.592 0.0976
vt 0.5778 0.0976
vt 0.592 0.0961
vt 0.5778 0.0961
vt 0.617 0.6403
vt 0.617 0.6546
vt 0.619 0.6546
vt 0.619 0.6403
vt 0.8416 0.7841
vt 0.8416 0.7825
vt 0.8274 0.7825
vt 0.8274 0.7841
vt 0.8493 0.3964
vt 0.8493 0.3982
vt 0.8518 0.3982
vt 0.8518 0.3964
vt 0.8541 0.3982
vt 0.8541 0.3964
vt 0.8561 0.3982
vt 0.8561 0.3964
vt 0.5941 0.1354
vt 0.5941 0.1373
vt 0.5966 0.1373
vt 0.5966 0.1354
vt 0.5989 0.1373
vt 0.5989 0.1354
vt 0.6009 0.1373
vt 0.6009 0.1354
vt 0.6181 0.5912
vt 0.6181 0.593
vt 0.6206 0.593
vt 0.6206 0.5912
vt 0.623 0.593
vt 0.623 0.5912
vt 0.6249 0.593
vt 0.6249 0.5912
vt 0.5786 0.1493
vt 0.5786 0.1512
vt 0.5811 0.1512
vt 0.5811 0.1493
vt 0.5834 0.1512
vt 0.5834 0.1493
vt 0.5853 0.1512
vt 0.5853 0.1493
vt 0.5786 0.1655
vt 0.5786 0.1673
vt 0.5811 0.1673
vt 0.5811 0.1655
vt 0.5834 0.1673
vt 0.5834 0.1655
vt 0.5853 0.1673
vt 0.5853 0.1655
vt 0.8123 0.2652
vt 0.8123 0.267
vt 0.8148 0.267
vt 0.8148 0.2652
vt 0.845 0.3964
vt 0.845 0.3982
vt 0.8469 0.3982
vt 0.8469 0.3964
vt 0.849 0.383
vt 0.8509 0.3833
vt 0.8514 0.382
vt 0.849 0.3816
vt 0.8465 0.382
vt 0.847 0.3833
vt 0.8443 0.3832
vt 0.8453 0.3843
vt 0.8427 0.3852
vt 0.844 0.3859
vt 0.8419 0.3875
vt 0.8433 0.3878
vt 0.8419 0.39
vt 0.8433 0.3898
vt 0.8427 0.3924
vt 0.844 0.3916
vt 0.8453 0.3932
vt 0.8443 0.3943
vt 0.847 0.3942
vt 0.8465 0.3955
vt 0.849 0.396
vt 0.849 0.3945
vt 0.8514 0.3955
vt 0.8509 0.3942
vt 0.8536 0.3943
vt 0.8527 0.3932
vt 0.8552 0.3924
vt 0.854 0.3916
vt 0.8546 0.3898
vt 0.8561 0.39
vt 0.8561 0.3875
vt 0.8546 0.3878
vt 0.8552 0.3852
vt 0.854 0.3859
vt 0.8536 0.3832
vt 0.8527 0.3843
vt 0.7685 0.7895
vt 0.7685 0.792
vt 0.7765 0.792
vt 0.7765 0.7895
vt 0.784 0.792
vt 0.784 0.7895
vt 0.7902 0.792
vt 0.7902 0.7895
vt 0.908 0.4994
vt 0.908 0.5018
vt 0.916 0.5018
vt 0.916 0.4994
vt 0.9235 0.5018
vt 0.9235 0.4994
vt 0.9296 0.5018
vt 0.9296 0.4994
vt 0.9217 0.9667
vt 0.9217 0.9691
vt 0.9297 0.9691
vt 0.9297 0.9667
vt 0.9372 0.9691
vt 0.9372 0.9667
vt 0.9433 0.9691
vt 0.9433 0.9667
vt 0.6202 0.632
vt 0.6202 0.6344
vt 0.6282 0.6344
vt 0.6282 0.632
vt 0.6357 0.6344
vt 0.6357 0.632
vt 0.6418 0.6344
vt 0.6418 0.632
vt 0.796 0.2891
vt 0.796 0.2916
vt 0.804 0.2916
vt 0.804 0.2891
vt 0.8116 0.2916
vt 0.8116 0.2891
vt 0.8177 0.2916
vt 0.8177 0.2891
vt 0.5858 0.1493
vt 0.5858 0.1518
vt 0.5938 0.1518
vt 0.5938 0.1493
vt 0.7549 0.792
vt 0.761 0.792
vt 0.761 0.7895
vt 0.7549 0.7895
vt 0.6564 0.905
vt 0.6578 0.9129
vt 0.6618 0.9198
vt 0.6754 0.8823
vt 0.6679 0.925
vt 0.6754 0.9277
vt 0.691 0.925
vt 0.6834 0.9277
vt 0.6971 0.9198
vt 0.7011 0.9129
vt 0.7011 0.8971
vt 0.7025 0.905
vt 0.6971 0.8902
vt 0.691 0.8851
vt 0.6834 0.8823
vt 0.6679 0.8851
vt 0.6618 0.8902
vt 0.6578 0.8971
vt 0.8496 0.9399
vt 0.8522 0.9384
vt 0.854 0.9362
vt 0.8395 0.9362
vt 0.855 0.9334
vt 0.855 0.9305
vt 0.8522 0.9255
vt 0.854 0.9277
vt 0.8496 0.924
vt 0.8467 0.9235
vt 0.8413 0.9255
vt 0.8439 0.924
vt 0.8395 0.9277
vt 0.8385 0.9305
vt 0.8385 0.9334
vt 0.8413 0.9384
vt 0.8439 0.9399
vt 0.8467 0.9404
vt 0.6719 0.6777
vt 0.6743 0.6923
vt 0.6772 0.6923
vt 0.6797 0.6777
vt 0.68 0.6933
vt 0.687 0.6802
vt 0.6822 0.6951
vt 0.693 0.6849
vt 0.6837 0.6975
vt 0.6969 0.6913
vt 0.6842 0.7002
vt 0.6983 0.6986
vt 0.6837 0.7029
vt 0.6969 0.7059
vt 0.6822 0.7053
vt 0.693 0.7123
vt 0.68 0.7071
vt 0.687 0.717
vt 0.6772 0.708
vt 0.6797 0.7196
vt 0.6743 0.708
vt 0.6719 0.7196
vt 0.6716 0.7071
vt 0.6645 0.717
vt 0.6693 0.7053
vt 0.6585 0.7123
vt 0.6679 0.7029
vt 0.6546 0.7059
vt 0.6673 0.7002
vt 0.6533 0.6986
vt 0.6679 0.6975
vt 0.6546 0.6913
vt 0.6693 0.6951
vt 0.6585 0.6849
vt 0.6716 0.6933
vt 0.6645 0.6802
vt 0.6281 0.6576
vt 0.6281 0.6595
vt 0.631 0.6595
vt 0.631 0.6576
vt 0.6337 0.6595
vt 0.6337 0.6576
vt 0.636 0.6595
vt 0.636 0.6576
vt 0.6494 0.0941
vt 0.6494 0.0921
vt 0.6465 0.0921
vt 0.6465 0.0941
vt 0.6522 0.0921
vt 0.6522 0.0941
vt 0.6544 0.0941
vt 0.6544 0.0921
vt 0.7337 0.6718
vt 0.7308 0.6718
vt 0.7308 0.6738
vt 0.7337 0.6738
vt 0.7365 0.6738
vt 0.7365 0.6718
vt 0.7387 0.6738
vt 0.7387 0.6718
vt 0.7629 0.9283
vt 0.7649 0.9283
vt 0.7649 0.9254
vt 0.7629 0.9254
vt 0.7649 0.9226
vt 0.7629 0.9226
vt 0.7649 0.9204
vt 0.7629 0.9204
vt 0.7625 0.9254
vt 0.7605 0.9254
vt 0.7605 0.9283
vt 0.7625 0.9283
vt 0.7625 0.9226
vt 0.7605 0.9226
vt 0.7625 0.9204
vt 0.7605 0.9204
vt 0.9182 0.9667
vt 0.9182 0.9686
vt 0.9211 0.9686
vt 0.9211 0.9667
vt 0.6231 0.6576
vt 0.6231 0.6595
vt 0.6253 0.6595
vt 0.6253 0.6576
vt 0.7764 0.7927
vt 0.7686 0.7927
vt 0.7838 0.7927
vt 0.9005 0.5018
vt 0.9007 0.5026
vt 0.9081 0.5026
vt 0.9159 0.5026
vt 0.9232 0.5026
vt 0.9217 0.9699
vt 0.9141 0.9691
vt 0.9144 0.9699
vt 0.9296 0.9699
vt 0.9369 0.9699
vt 0.6127 0.6344
vt 0.6129 0.6352
vt 0.6203 0.6352
vt 0.6281 0.6352
vt 0.6354 0.6352
vt 0.7885 0.2916
vt 0.7888 0.2924
vt 0.7961 0.2924
vt 0.8039 0.2924
vt 0.8113 0.2924
vt 0.5859 0.1526
vt 0.5782 0.1518
vt 0.5785 0.1526
vt 0.5937 0.1526
vt 0.601 0.1526
vt 0.6013 0.1518
vt 0.7613 0.7927
vt 0.6067 0.2362
vt 0.5778 0.2362
vt 0.5778 0.2391
vt 0.6067 0.2391
vt 0.6915 0.2091
vt 0.6627 0.2091
vt 0.6627 0.212
vt 0.6915 0.212
vt 0.8216 0.7633
vt 0.7928 0.7633
vt 0.7928 0.7662
vt 0.8216 0.7662
vt 0.6915 0.1958
vt 0.6915 0.193
vt 0.6627 0.193
vt 0.6627 0.1958
vt 0.8319 0.4057
vt 0.8342 0.4034
vt 0.8348 0.4019
vt 0.8319 0.3769
vt 0.8348 0.3806
vt 0.8342 0.3791
vt 0.8607 0.4057
vt 0.8585 0.4034
vt 0.857 0.4028
vt 0.8356 0.4028
vt 0.8607 0.3769
vt 0.8585 0.3791
vt 0.8579 0.3806
vt 0.8579 0.4019
vt 0.8356 0.3798
vt 0.857 0.3798
vt 0.6967 0.3743
vt 0.6967 0.353
vt 0.565 0.353
vt 0.565 0.3743
vt 0.8373 0.4812
vt 0.7056 0.4812
vt 0.7056 0.5026
vt 0.8373 0.5026
vt 0.6967 0.4445
vt 0.565 0.4445
vt 0.565 0.4659
vt 0.6967 0.4659
vt 0.8302 0.4148
vt 0.6984 0.4148
vt 0.6984 0.4362
vt 0.8302 0.4362
vt 0.6456 0.0485
vt 0.6184 0.0485
vt 0.6184 0.0511
vt 0.6456 0.0511
vt 0.605 0.0751
vt 0.5778 0.0751
vt 0.5778 0.0777
vt 0.605 0.0777
vt 0.6456 0.0693
vt 0.6184 0.0693
vt 0.6184 0.0718
vt 0.6456 0.0718
vt 0.7795 0.0186
vt 0.7523 0.0186
vt 0.7523 0.0212
vt 0.7795 0.0212
vt 0.8338 0.9439
vt 0.8338 0.9226
vt 0.8332 0.9211
vt 0.8317 0.9197
vt 0.8317 0.9468
vt 0.8332 0.9454
vt 0.8346 0.9217
vt 0.856 0.9217
vt 0.8575 0.9211
vt 0.8589 0.9197
vt 0.8569 0.9226
vt 0.8569 0.9439
vt 0.8575 0.9454
vt 0.8589 0.9468
vt 0.856 0.9448
vt 0.8346 0.9448
vt 0.905 0.6216
vt 0.905 0.5945
vt 0.8779 0.5945
vt 0.8779 0.6216
vt 0.7728 0.8556
vt 0.7728 0.8576
vt 0.7871 0.8576
vt 0.7871 0.8556
vt 0.7728 0.8593
vt 0.7871 0.8593
vt 0.862 0.4098
vt 0.862 0.4118
vt 0.8763 0.4118
vt 0.8763 0.4098
vt 0.862 0.4137
vt 0.8763 0.4137
vt 0.862 0.4152
vt 0.8763 0.4152
vt 0.8414 0.4121
vt 0.8394 0.4121
vt 0.8394 0.4263
vt 0.8414 0.4263
vt 0.8376 0.4121
vt 0.8376 0.4263
vt 0.5964 0.6442
vt 0.5964 0.6459
vt 0.6107 0.6459
vt 0.6107 0.6442
vt 0.5964 0.6479
vt 0.6107 0.6479
vt 0.5964 0.6499
vt 0.6107 0.6499
vt 0.5964 0.6516
vt 0.6107 0.6516
vt 0.862 0.4403
vt 0.862 0.4423
vt 0.8763 0.4423
vt 0.8763 0.4403
vt 0.862 0.4442
vt 0.8763 0.4442
vt 0.862 0.4458
vt 0.8763 0.4458
vt 0.8414 0.3816
vt 0.8394 0.3816
vt 0.8394 0.3958
vt 0.8414 0.3958
vt 0.8376 0.3816
vt 0.8376 0.3958
vt 0.7728 0.8519
vt 0.7728 0.8536
vt 0.7871 0.8536
vt 0.7871 0.8519
vt 0.8518 0.3987
vt 0.8493 0.3987
vt 0.8493 0.4005
vt 0.8518 0.4005
vt 0.8469 0.3987
vt 0.8469 0.4005
vt 0.845 0.3987
vt 0.845 0.4005
vt 0.6009 0.0856
vt 0.5984 0.0856
vt 0.5984 0.0875
vt 0.6009 0.0875
vt 0.596 0.0856
vt 0.596 0.0875
vt 0.5941 0.0856
vt 0.5941 0.0875
vt 0.6533 0.595
vt 0.6508 0.595
vt 0.6508 0.5969
vt 0.6533 0.5969
vt 0.6485 0.595
vt 0.6485 0.5969
vt 0.6465 0.595
vt 0.6465 0.5969
vt 0.5849 0.1354
vt 0.5824 0.1354
vt 0.5824 0.1373
vt 0.5849 0.1373
vt 0.5801 0.1354
vt 0.5801 0.1373
vt 0.5781 0.1354
vt 0.5781 0.1373
vt 0.6013 0.1493
vt 0.5988 0.1493
vt 0.5988 0.1512
vt 0.6013 0.1512
vt 0.5964 0.1493
vt 0.5964 0.1512
vt 0.5945 0.1493
vt 0.5945 0.1512
vt 0.8177 0.2652
vt 0.8152 0.2652
vt 0.8152 0.267
vt 0.8177 0.267
vt 0.8561 0.3987
vt 0.8541 0.3987
vt 0.8541 0.4005
vt 0.8561 0.4005
vt 0.8509 0.4247
vt 0.849 0.425
vt 0.849 0.4265
vt 0.8514 0.426
vt 0.8465 0.426
vt 0.847 0.4247
vt 0.8453 0.4237
vt 0.8443 0.4248
vt 0.844 0.4222
vt 0.8427 0.4229
vt 0.8433 0.4203
vt 0.8419 0.4205
vt 0.8433 0.4183
vt 0.8419 0.418
vt 0.844 0.4164
vt 0.8427 0.4157
vt 0.8453 0.4149
vt 0.8443 0.4138
vt 0.847 0.4139
vt 0.8465 0.4125
vt 0.849 0.4135
vt 0.849 0.4121
vt 0.8509 0.4139
vt 0.8514 0.4125
vt 0.8527 0.4149
vt 0.8536 0.4138
vt 0.854 0.4164
vt 0.8552 0.4157
vt 0.8561 0.418
vt 0.8546 0.4183
vt 0.8546 0.4203
vt 0.8561 0.4205
vt 0.854 0.4222
vt 0.8552 0.4229
vt 0.8527 0.4237
vt 0.8536 0.4248
vt 0.7272 0.5121
vt 0.7192 0.5121
vt 0.7192 0.5146
vt 0.7272 0.5146
vt 0.7117 0.5121
vt 0.7117 0.5146
vt 0.7056 0.5121
vt 0.7056 0.5146
vt 0.928 0.5768
vt 0.92 0.5768
vt 0.92 0.5793
vt 0.928 0.5793
vt 0.9125 0.5768
vt 0.9125 0.5793
vt 0.9063 0.5768
vt 0.9063 0.5793
vt 0.8979 0.9482
vt 0.8899 0.9482
vt 0.8899 0.9507
vt 0.8979 0.9507
vt 0.8824 0.9482
vt 0.8824 0.9507
vt 0.8763 0.9482
vt 0.8763 0.9507
vt 0.8102 0.2652
vt 0.8022 0.2652
vt 0.8022 0.2676
vt 0.8102 0.2676
vt 0.7947 0.2652
vt 0.7947 0.2676
vt 0.7885 0.2652
vt 0.7885 0.2676
vt 0.9221 0.5352
vt 0.9141 0.5352
vt 0.9141 0.5377
vt 0.9221 0.5377
vt 0.9066 0.5352
vt 0.9066 0.5377
vt 0.9005 0.5352
vt 0.9005 0.5377
vt 0.5938 0.1655
vt 0.5858 0.1655
vt 0.5858 0.1679
vt 0.5938 0.1679
vt 0.7409 0.5121
vt 0.7348 0.5121
vt 0.7348 0.5146
vt 0.7409 0.5146
vt 0.694 0.7287
vt 0.6878 0.7236
vt 0.6803 0.7208
vt 0.6994 0.7435
vt 0.6723 0.7208
vt 0.6648 0.7236
vt 0.6547 0.7356
vt 0.6587 0.7287
vt 0.6533 0.7435
vt 0.6547 0.7514
vt 0.6648 0.7635
vt 0.6587 0.7583
vt 0.6723 0.7662
vt 0.6803 0.7662
vt 0.694 0.7583
vt 0.6878 0.7635
vt 0.698 0.7514
vt 0.698 0.7356
vt 0.7148 0.8275
vt 0.7123 0.829
vt 0.7104 0.8312
vt 0.7206 0.8275
vt 0.7094 0.8339
vt 0.7094 0.8369
vt 0.7123 0.8419
vt 0.7104 0.8396
vt 0.7231 0.8419
vt 0.7148 0.8433
vt 0.7177 0.8438
vt 0.7206 0.8433
vt 0.725 0.8396
vt 0.726 0.8369
vt 0.725 0.8312
vt 0.726 0.8339
vt 0.7231 0.829
vt 0.7177 0.827
vt 0.675 0.8392
vt 0.6774 0.8538
vt 0.6803 0.8538
vt 0.6828 0.8392
vt 0.6676 0.8417
vt 0.6747 0.8548
vt 0.6617 0.8464
vt 0.6724 0.8566
vt 0.6577 0.8528
vt 0.671 0.8589
vt 0.6564 0.8601
vt 0.6705 0.8617
vt 0.671 0.8644
vt 0.6577 0.8674
vt 0.6617 0.8738
vt 0.6724 0.8668
vt 0.6676 0.8785
vt 0.6747 0.8686
vt 0.6774 0.8695
vt 0.675 0.881
vt 0.6828 0.881
vt 0.6803 0.8695
vt 0.6901 0.8785
vt 0.6831 0.8686
vt 0.6961 0.8738
vt 0.6853 0.8668
vt 0.6868 0.8644
vt 0.7 0.8674
vt 0.7014 0.8601
vt 0.6873 0.8617
vt 0.7 0.8528
vt 0.6868 0.8589
vt 0.6961 0.8464
vt 0.6853 0.8566
vt 0.6901 0.8417
vt 0.6831 0.8548
vt 0.8361 0.9285
vt 0.8361 0.9314
vt 0.838 0.9314
vt 0.838 0.9285
vt 0.8361 0.9342
vt 0.838 0.9342
vt 0.838 0.9364
vt 0.8361 0.9364
vt 0.7696 0.9204
vt 0.7677 0.9204
vt 0.7677 0.9233
vt 0.7696 0.9233
vt 0.7696 0.926
vt 0.7677 0.926
vt 0.7677 0.9283
vt 0.7696 0.9283
vt 0.7226 0.3682
vt 0.7197 0.3682
vt 0.7197 0.3702
vt 0.7226 0.3702
vt 0.7169 0.3702
vt 0.7169 0.3682
vt 0.7147 0.3682
vt 0.7147 0.3702
vt 0.708 0.351
vt 0.706 0.351
vt 0.706 0.354
vt 0.708 0.354
vt 0.706 0.3567
vt 0.708 0.3567
vt 0.708 0.3589
vt 0.706 0.3589
vt 0.7037 0.354
vt 0.7056 0.354
vt 0.7056 0.351
vt 0.7037 0.351
vt 0.7037 0.3567
vt 0.7056 0.3567
vt 0.7056 0.3589
vt 0.7037 0.3589
vt 0.9148 0.9667
vt 0.9148 0.9686
vt 0.9177 0.9686
vt 0.9177 0.9667
vt 0.838 0.9258
vt 0.838 0.9235
vt 0.8361 0.9235
vt 0.8361 0.9258
vt 0.7193 0.5153
vt 0.7271 0.5153
vt 0.712 0.5153
vt 0.9355 0.5793
vt 0.9279 0.58
vt 0.9352 0.58
vt 0.9201 0.58
vt 0.9127 0.58
vt 0.8978 0.9514
vt 0.9052 0.9514
vt 0.9054 0.9507
vt 0.89 0.9514
vt 0.8827 0.9514
vt 0.8101 0.2684
vt 0.8174 0.2684
vt 0.8177 0.2676
vt 0.8023 0.2684
vt 0.7949 0.2684
vt 0.9296 0.5377
vt 0.922 0.5384
vt 0.9294 0.5384
vt 0.9142 0.5384
vt 0.9069 0.5384
vt 0.5937 0.1687
vt 0.601 0.1687
vt 0.6013 0.1679
vt 0.5859 0.1687
vt 0.5782 0.1679
vt 0.5785 0.1687
vt 0.7345 0.5153
vt 0.5721 0.5017
vt 0.5721 0.5026
vt 0.7039 0.5026
vt 0.7039 0.5017
vt 0.5721 0.4804
vt 0.7039 0.4804
vt 0.7039 0.4795
vt 0.5721 0.4795
vt 0.5721 0.5384
vt 0.7039 0.5384
vt 0.7039 0.5376
vt 0.5721 0.5376
vt 0.5721 0.5162
vt 0.7039 0.5162
vt 0.7039 0.5154
vt 0.5721 0.5154
vt 0.5779 0.5579
vt 0.7097 0.5579
vt 0.7097 0.557
vt 0.5779 0.557
vt 0.5779 0.58
vt 0.7097 0.58
vt 0.7097 0.5792
vt 0.5779 0.5792
vt 0.5779 0.5995
vt 0.7097 0.5995
vt 0.7097 0.5986
vt 0.5779 0.5986
vt 0.5779 0.6216
vt 0.7097 0.6216
vt 0.7097 0.6208
vt 0.5779 0.6208
vt 0.6967 0.4132
vt 0.565 0.4132
vt 0.565 0.414
vt 0.6967 0.414
vt 0.565 0.4353
vt 0.565 0.4362
vt 0.6967 0.4362
vt 0.6967 0.4353
vt 0.565 0.3826
vt 0.565 0.3835
vt 0.6967 0.3835
vt 0.6967 0.3826
vt 0.565 0.4048
vt 0.565 0.4057
vt 0.6967 0.4057
vt 0.6967 0.4048
vt 0.6967 0.3743
vt 0.565 0.3743
vt 0.565 0.3752
vt 0.6967 0.3752
vt 0.6967 0.3521
vt 0.565 0.3521
vt 0.565 0.353
vt 0.6967 0.353
vt 0.6967 0.4667
vt 0.6967 0.4659
vt 0.565 0.4659
vt 0.565 0.4667
vt 0.6967 0.4445
vt 0.6967 0.4437
vt 0.565 0.4437
vt 0.565 0.4445
vt 0.1733 0.0178
vt 0.0005 0.0178
vt 0.0005 0.0322
vt 0.1733 0.0322
vt 0.9308 0.9984
vt 0.9308 0.984
vt 0.758 0.984
vt 0.758 0.9984
vt 0.7506 0.303
vt 0.5778 0.303
vt 0.5778 0.3174
vt 0.7506 0.3174
vt 0.6533 0.7686
vt 0.6533 0.783
vt 0.8261 0.783
vt 0.8261 0.7686
vt 0.0005 0.0322
vt 0.0005 0.0332
vt 0.1733 0.0332
vt 0.1733 0.0322
vt 0.1733 0.0178
vt 0.1733 0.0167
vt 0.0005 0.0167
vt 0.0005 0.0178
vt 0.758 0.9829
vt 0.758 0.984
vt 0.9308 0.984
vt 0.9308 0.9829
vt 0.9308 0.9995
vt 0.9308 0.9984
vt 0.758 0.9984
vt 0.758 0.9995
vt 0.8261 0.783
vt 0.6533 0.783
vt 0.6533 0.7841
vt 0.8261 0.7841
vt 0.5778 0.3019
vt 0.5778 0.303
vt 0.7506 0.303
vt 0.7506 0.3019
vt 0.7506 0.3185
vt 0.7506 0.3174
vt 0.5778 0.3174
vt 0.5778 0.3185
vt 0.6533 0.7675
vt 0.6533 0.7686
vt 0.8261 0.7686
vt 0.8261 0.7675
vt 0.5778 0.3436
vt 0.7506 0.3436
vt 0.7506 0.3292
vt 0.5778 0.3292
vt 0.7549 0.8095
vt 0.9277 0.8095
vt 0.9277 0.7951
vt 0.7549 0.7951
vt 0.7506 0.2769
vt 0.5778 0.2769
vt 0.5778 0.2913
vt 0.7506 0.2913
vt 0.5778 0.2673
vt 0.7506 0.2673
vt 0.7506 0.2529
vt 0.5778 0.2529
vt 0.5778 0.3436
vt 0.5778 0.3446
vt 0.7506 0.3446
vt 0.7506 0.3436
vt 0.7506 0.3281
vt 0.5778 0.3281
vt 0.5778 0.3292
vt 0.7506 0.3292
vt 0.9277 0.794
vt 0.7549 0.794
vt 0.7549 0.7951
vt 0.9277 0.7951
vt 0.9277 0.8106
vt 0.9277 0.8095
vt 0.7549 0.8095
vt 0.7549 0.8106
vt 0.5778 0.2673
vt 0.5778 0.2684
vt 0.7506 0.2684
vt 0.7506 0.2673
vt 0.5778 0.2758
vt 0.5778 0.2769
vt 0.7506 0.2769
vt 0.7506 0.2758
vt 0.7506 0.2924
vt 0.7506 0.2913
vt 0.5778 0.2913
vt 0.5778 0.2924
vt 0.5778 0.2518
vt 0.5778 0.2529
vt 0.7506 0.2529
vt 0.7506 0.2518
vn 0 -1 0
vn 0 -1 0
vn 0 -1 0
vn 0 -1 0
vn 1 0 0
vn 1 0 0
vn 1 0 0
vn 1 0 0
vn 0 1 0
vn 0 1 0
vn 0 1 0
vn 0 1 0
vn -1 0 0
vn -1 0 0
vn -1 0 0
vn -1 0 0
vn 0 0 -1
vn 0 0 -1
vn 0 0 -1
vn 0 0 -1
vn 0 0 -1
vn 0 0 -1
vn 0 0 -1
vn 0 0 -1
vn 0 0 -1
vn 0 0 -1
vn 0 0 -1
vn 0 0 -1
vn 0 0 -1
vn 0 0 -1
vn 0 0 -1
vn 0 0 -1
vn -1 0 0
vn -1 0 0
vn -1 0 0
vn -1 0 0
vn 0 1 0
vn 0 1 0
vn 0 1 0
vn 0 1 0
vn 1 0 0
vn 1 0 0
vn 1 0 0
vn 1 0 0
vn 0 -1 0
vn 0 -1 0
vn 0 -1 0
vn 0 -1 0
vn -1 0 0
vn -1 0 0
vn -1 0 0
vn -1 0 0
vn 0 1 0
vn 0 1 0
vn 0 1 0
vn 0 1 0
vn 1 0 0
vn 1 0 0
vn 1 0 0
vn 1 0 0
vn 0 -1 0
vn 0 -1 0
vn 0 -1 0
vn 0 -1 0
vn 0 0 1
vn 0 0 1
vn 0 0 1
vn 0 0 1
vn 0 0 1
vn 0 0 1
vn 0 0 1
vn 0 0 1
vn 0 0 1
vn 0 0 1
vn 0 0 1
vn 0 0 1
vn 0 0 1
vn 0 0 1
vn 0 0 1
vn 0 0 1
vn 0 0 -1
vn 0 0 -1
vn 0 0 -1
vn 0 0 -1
vn -0.9397 -0.342 0
vn -0.9397 -0.342 0
vn -1 0 0
vn -1 0 0
vn -0.76602 -0.6428168 0
vn -0.76602 -0.6428168 0
vn -0.76602 -0.6428168 0
vn -0.76602 -0.6428168 0
vn -0.500011 -0.866019 0
vn -0.500011 -0.866019 0
vn -0.1736028 -0.9848158 0
vn -0.1736028 -0.9848158 0
vn 0.1736028 -0.9848158 0
vn 0.1736028 -0.9848158 0
vn 0.500011 -0.866019 0
vn 0.500011 -0.866019 0
vn 0.76602 -0.6428168 0
vn 0.76602 -0.6428168 0
vn 0.9397 -0.342 0
vn 0.76602 -0.6428168 0
vn 0.76602 -0.6428168 0
vn 0.9397 -0.342 0
vn 1 0 0
vn 1 0 0
vn 0.9397 0.342 0
vn 0.9397 0.342 0
vn 0.9397 0.342 0
vn 0.76602 0.6428168 0
vn 0.76602 0.6428168 0
vn 0.9397 0.342 0
vn 0.500011 0.866019 0
vn 0.76602 0.6428168 0
vn 0.76602 0.6428168 0
vn 0.500011 0.866019 0
vn 0.1736028 0.9848158 0
vn 0.1736028 0.9848158 0
vn -0.1736028 0.9848158 0
vn -0.1736028 0.9848158 0
vn -0.500011 0.866019 0
vn -0.500011 0.866019 0
vn -0.76602 0.6428168 0
vn -0.76602 0.6428168 0
vn -0.76602 0.6428168 0
vn -0.76602 0.6428168 0
vn -0.9397 0.342 0
vn -0.9397 0.342 0
vn -0.9397 -0.342 0
vn -0.9397 -0.342 0
vn -1 0 0
vn -1 0 0
vn -0.76602 -0.6428168 0
vn -0.76602 -0.6428168 0
vn -0.76602 -0.6428168 0
vn -0.76602 -0.6428168 0
vn -0.500011 -0.866019 0
vn -0.500011 -0.866019 0
vn -0.1736028 -0.9848158 0
vn -0.1736028 -0.9848158 0
vn 0.1736028 -0.9848158 0
vn 0.1736028 -0.9848158 0
vn 0.500011 -0.866019 0
vn 0.500011 -0.866019 0
vn 0.76602 -0.6428168 0
vn 0.76602 -0.6428168 0
vn 0.76602 -0.6428168 0
vn 0.76602 -0.6428168 0
vn 0.9397 -0.342 0
vn 0.9397 -0.342 0
vn 1 0 0
vn 1 0 0
vn 0.9397 0.342 0
vn 0.9397 0.342 0
vn 0.9397 0.342 0
vn 0.9397 0.342 0
vn 0.76602 0.6428168 0
vn 0.76602 0.6428168 0
vn 0.76602 0.6428168 0
vn 0.76602 0.6428168 0
vn 0.500011 0.866019 0
vn 0.500011 0.866019 0
vn 0.1736028 0.9848158 0
vn 0.1736028 0.9848158 0
vn -0.1736028 0.9848158 0
vn -0.1736028 0.9848158 0
vn -0.500011 0.866019 0
vn -0.500011 0.866019 0
vn -0.76602 0.6428168 0
vn -0.76602 0.6428168 0
vn -0.76602 0.6428168 0
vn -0.76602 0.6428168 0
vn -0.9397 0.342 0
vn -0.9397 0.342 0
vn 0 0 1
vn 0 0 1
vn 0 0 1
vn 0 0 1
vn 0 0 1
vn 0 0 1
vn 0 0 1
vn 0 0 1
vn 0 0 1
vn 0 0 1
vn 0 0 1
vn 0 0 1
vn 0 0 1
vn 0 0 1
vn 0 0 1
vn 0 0 1
vn 0 0 1
vn 0 0 1
vn 0 0 1
vn 0 0 1
vn 0 0 1
vn 0 0 1
vn 0 0 1
vn 0 0 1
vn 0 0 1
vn 0 0 1
vn 0 0 1
vn 0 0 1
vn 0 0 1
vn 0 0 1
vn 0 0 1
vn 0 0 1
vn 0 0 1
vn 0 0 1
vn 0 0 1
vn 0 0 1
vn 1 0 0
vn 0.9397 0.342 0
vn 0.8975118 0.3267043 0.2962039
vn 0.9551237 0 0.2962073
vn 0.76602 0.6428168 0
vn 0.7317027 0.6139023 0.2962011
vn 0.7317027 0.6139023 0.2962011
vn 0.76602 0.6428168 0
vn 0.500011 0.866019 0
vn 0.4775771 0.8271603 0.2961858
vn 0.1736028 0.9848158 0
vn 0.1659012 0.9406068 0.2962021
vn -0.1736028 0.9848158 0
vn -0.1659012 0.9406068 0.2962021
vn -0.4775771 0.8271603 0.2961858
vn -0.500011 0.866019 0
vn -0.76602 0.6428168 0
vn -0.7317027 0.6139023 0.2962011
vn -0.7317027 0.6139023 0.2962011
vn -0.76602 0.6428168 0
vn -0.9397 0.342 0
vn -0.8975118 0.3267043 0.2962039
vn -1 0 0
vn -0.9551237 0 0.2962073
vn -0.9397 -0.342 0
vn -0.8975118 -0.3267043 0.2962039
vn -0.8975118 -0.3267043 0.2962039
vn -0.9397 -0.342 0
vn -0.76602 -0.6428168 0
vn -0.7317027 -0.6139023 0.2962011
vn -0.7317027 -0.6139023 0.2962011
vn -0.76602 -0.6428168 0
vn -0.500011 -0.866019 0
vn -0.4775771 -0.8271603 0.2961858
vn -0.1736028 -0.9848158 0
vn -0.1659012 -0.9406068 0.2962021
vn 0.1736028 -0.9848158 0
vn 0.1659012 -0.9406068 0.2962021
vn 0.500011 -0.866019 0
vn 0.4775771 -0.8271603 0.2961858
vn 0.76602 -0.6428168 0
vn 0.7317027 -0.6139023 0.2962011
vn 0.7317027 -0.6139023 0.2962011
vn 0.76602 -0.6428168 0
vn 0.9397 -0.342 0
vn 0.8975118 -0.3267043 0.2962039
vn 0 0 -1
vn 0 0 -1
vn 0 0 -1
vn 0 0 -1
vn 0 0 -1
vn 0 0 -1
vn 0 0 -1
vn 0 0 -1
vn 0 0 -1
vn 0 0 -1
vn 0 0 -1
vn 0 0 -1
vn 0 0 -1
vn 0 0 -1
vn 0 0 -1
vn 0 0 -1
vn 0 0 -1
vn 0 0 -1
vn 0 0 1
vn 0 0 1
vn 0 0 1
vn 0 0 1
vn 0 0 1
vn 0 0 1
vn 0 0 1
vn 0 0 1
vn 0 0 1
vn 0 0 1
vn 0 0 1
vn 0 0 1
vn 0 0 1
vn 0 0 1
vn 0 0 1
vn 0 0 1
vn 0 0 1
vn 0 0 1
vn 0.580161 0.2111858 0.7866471
vn 0.3030868 0.1102952 0.9465587
vn 0.3224907 0 0.9465726
vn 0.6173754 0 0.7866687
vn 0.4728856 0.3968879 0.786676
vn 0.2470897 0.2072914 0.9465606
vn 0.3086851 0.5346741 0.786662
vn 0.1612937 0.2792891 0.9465632
vn 0.1071972 0.607984 0.7866793
vn 0.0559984 0.3175909 0.9465729
vn -0.1071972 0.607984 0.7866793
vn -0.0559984 0.3175909 0.9465729
vn -0.3086851 0.5346741 0.786662
vn -0.1612937 0.2792891 0.9465632
vn -0.4728856 0.3968879 0.786676
vn -0.2470897 0.2072914 0.9465606
vn -0.580161 0.2111858 0.7866471
vn -0.3030868 0.1102952 0.9465587
vn -0.3224907 0 0.9465726
vn -0.6173754 0 0.7866687
vn -0.580161 -0.2111858 0.7866471
vn -0.3030868 -0.1102952 0.9465587
vn -0.4728856 -0.3968879 0.786676
vn -0.2470897 -0.2072914 0.9465606
vn -0.3086851 -0.5346741 0.786662
vn -0.1612937 -0.2792891 0.9465632
vn -0.0559984 -0.3175909 0.9465729
vn -0.1071972 -0.607984 0.7866793
vn 0.1071972 -0.607984 0.7866793
vn 0.0559984 -0.3175909 0.9465729
vn 0.3086851 -0.5346741 0.786662
vn 0.1612937 -0.2792891 0.9465632
vn 0.4729044 -0.3968037 0.7867073
vn 0.2470897 -0.2072914 0.9465606
vn 0.580161 -0.2111858 0.7866471
vn 0.3030868 -0.1102952 0.9465587
vn 1 0 0
vn 0.9397 0.342 0
vn 0.9397 0.342 0
vn 1 0 0
vn 0.76602 0.6428168 0
vn 0.76602 0.6428168 0
vn 0.500011 0.866019 0
vn 0.500011 0.866019 0
vn 0.500011 0.866019 0
vn 0.1736028 0.9848158 0
vn 0.1736028 0.9848158 0
vn 0.500011 0.866019 0
vn -0.1736028 0.9848158 0
vn -0.1736028 0.9848158 0
vn -0.500011 0.866019 0
vn -0.500011 0.866019 0
vn -0.76602 0.6428168 0
vn -0.76602 0.6428168 0
vn -0.500011 0.866019 0
vn -0.500011 0.866019 0
vn -0.9397 0.342 0
vn -0.9397 0.342 0
vn -1 0 0
vn -1 0 0
vn -0.9397 -0.342 0
vn -0.9397 -0.342 0
vn -1 0 0
vn -1 0 0
vn -0.76602 -0.6428168 0
vn -0.76602 -0.6428168 0
vn -0.500011 -0.866019 0
vn -0.500011 -0.866019 0
vn -0.76602 -0.6428168 0
vn -0.76602 -0.6428168 0
vn -0.1736028 -0.9848158 0
vn -0.1736028 -0.9848158 0
vn 0.1736028 -0.9848158 0
vn 0.1736028 -0.9848158 0
vn 0.500011 -0.866019 0
vn 0.500011 -0.866019 0
vn 0.76602 -0.6428168 0
vn 0.76602 -0.6428168 0
vn 0.9397 -0.342 0
vn 0.76602 -0.6428168 0
vn 0.76602 -0.6428168 0
vn 0.9397 -0.342 0
vn 0.580161 0.2111858 0.7866471
vn 0.6173754 0 0.7866687
vn 0.4728856 0.3968879 0.786676
vn 0.7317027 0.6139023 0.2962011
vn 0.4775771 0.8271603 0.2961858
vn 0.1071972 0.607984 0.7866793
vn 0.3086851 0.5346741 0.786662
vn -0.1071972 0.607984 0.7866793
vn -0.3086851 0.5346741 0.786662
vn -0.4728856 0.3968879 0.786676
vn -0.3086851 0.5346741 0.786662
vn -0.4775771 0.8271603 0.2961858
vn -0.580161 0.2111858 0.7866471
vn -0.6173754 0 0.7866687
vn -0.9551237 0 0.2962073
vn -0.580161 -0.2111858 0.7866471
vn -0.6173754 0 0.7866687
vn -0.4728856 -0.3968879 0.786676
vn -0.4775771 -0.8271603 0.2961858
vn -0.3086851 -0.5346741 0.786662
vn -0.3086851 -0.5346741 0.786662
vn -0.1071972 -0.607984 0.7866793
vn 0.1071972 -0.607984 0.7866793
vn 0.3086851 -0.5346741 0.786662
vn 0.7317027 -0.6139023 0.2962011
vn 0.4729044 -0.3968037 0.7867073
vn 0.3086851 -0.5346741 0.786662
vn 0.4775771 -0.8271603 0.2961858
vn 0.7317027 -0.6139023 0.2962011
vn 0.8975118 -0.3267043 0.2962039
vn 0.580161 -0.2111858 0.7866471
vn 0 -1 0
vn 0 -1 0
vn 0 -1 0
vn 0 -1 0
vn -1 0 0
vn -1 0 0
vn -1 0 0
vn -1 0 0
vn 0 1 0
vn 0 1 0
vn 0 1 0
vn 0 1 0
vn 1 0 0
vn 1 0 0
vn 1 0 0
vn 1 0 0
vn 0 0 -1
vn 0 0 -1
vn 0 0 -1
vn 0 0 -1
vn 0 0 -1
vn 0 0 -1
vn 0 0 -1
vn 0 0 -1
vn 0 0 -1
vn 0 0 -1
vn 0 0 -1
vn 0 0 -1
vn 0 0 -1
vn 0 0 -1
vn 0 0 -1
vn 0 0 -1
vn 1 0 0
vn 1 0 0
vn 1 0 0
vn 1 0 0
vn 0 1 0
vn 0 1 0
vn 0 1 0
vn 0 1 0
vn -1 0 0
vn -1 0 0
vn -1 0 0
vn -1 0 0
vn 0 -1 0
vn 0 -1 0
vn 0 -1 0
vn 0 -1 0
vn 1 0 0
vn 1 0 0
vn 1 0 0
vn 1 0 0
vn 0 1 0
vn 0 1 0
vn 0 1 0
vn 0 1 0
vn -1 0 0
vn -1 0 0
vn -1 0 0
vn -1 0 0
vn 0 -1 0
vn 0 -1 0
vn 0 -1 0
vn 0 -1 0
vn 0 0 1
vn 0 0 1
vn 0 0 1
vn 0 0 1
vn 0 0 1
vn 0 0 1
vn 0 0 1
vn 0 0 1
vn 0 0 1
vn 0 0 1
vn 0 0 1
vn 0 0 1
vn 0 0 1
vn 0 0 1
vn 0 0 1
vn 0 0 1
vn 0 0 -1
vn 0 0 -1
vn 0 0 -1
vn 0 0 -1
vn 1 0 0
vn 0.9397 -0.342 0
vn 0.9397 -0.342 0
vn 1 0 0
vn 0.76602 -0.6428168 0
vn 0.76602 -0.6428168 0
vn 0.76602 -0.6428168 0
vn 0.500011 -0.866019 0
vn 0.500011 -0.866019 0
vn 0.76602 -0.6428168 0
vn 0.1736028 -0.9848158 0
vn 0.1736028 -0.9848158 0
vn -0.1736028 -0.9848158 0
vn -0.1736028 -0.9848158 0
vn -0.500011 -0.866019 0
vn -0.500011 -0.866019 0
vn -0.76602 -0.6428168 0
vn -0.76602 -0.6428168 0
vn -0.9397 -0.342 0
vn -0.76602 -0.6428168 0
vn -0.76602 -0.6428168 0
vn -0.9397 -0.342 0
vn -1 0 0
vn -1 0 0
vn -0.9397 0.342 0
vn -0.9397 0.342 0
vn -0.76602 0.6428168 0
vn -0.76602 0.6428168 0
vn -0.76602 0.6428168 0
vn -0.76602 0.6428168 0
vn -0.500011 0.866019 0
vn -0.500011 0.866019 0
vn -0.1736028 0.9848158 0
vn -0.1736028 0.9848158 0
vn 0.1736028 0.9848158 0
vn 0.1736028 0.9848158 0
vn 0.500011 0.866019 0
vn 0.500011 0.866019 0
vn 0.76602 0.6428168 0
vn 0.76602 0.6428168 0
vn 0.76602 0.6428168 0
vn 0.76602 0.6428168 0
vn 0.9397 0.342 0
vn 0.9397 0.342 0
vn 1 0 0
vn 1 0 0
vn 0.9397 -0.342 0
vn 0.9397 -0.342 0
vn 0.76602 -0.6428168 0
vn 0.76602 -0.6428168 0
vn 0.76602 -0.6428168 0
vn 0.76602 -0.6428168 0
vn 0.500011 -0.866019 0
vn 0.500011 -0.866019 0
vn 0.1736028 -0.9848158 0
vn 0.1736028 -0.9848158 0
vn -0.1736028 -0.9848158 0
vn -0.1736028 -0.9848158 0
vn -0.1736028 -0.9848158 0
vn -0.1736028 -0.9848158 0
vn -0.500011 -0.866019 0
vn -0.500011 -0.866019 0
vn -0.76602 -0.6428168 0
vn -0.76602 -0.6428168 0
vn -0.76602 -0.6428168 0
vn -0.76602 -0.6428168 0
vn -0.9397 -0.342 0
vn -0.9397 -0.342 0
vn -1 0 0
vn -1 0 0
vn -0.9397 0.342 0
vn -0.9397 0.342 0
vn -0.76602 0.6428168 0
vn -0.76602 0.6428168 0
vn -0.76602 0.6428168 0
vn -0.76602 0.6428168 0
vn -0.500011 0.866019 0
vn -0.500011 0.866019 0
vn -0.1736028 0.9848158 0
vn -0.1736028 0.9848158 0
vn 0.1736028 0.9848158 0
vn 0.1736028 0.9848158 0
vn 0.500011 0.866019 0
vn 0.500011 0.866019 0
vn 0.76602 0.6428168 0
vn 0.76602 0.6428168 0
vn 0.76602 0.6428168 0
vn 0.76602 0.6428168 0
vn 0.9397 0.342 0
vn 0.9397 0.342 0
vn 0 0 1
vn 0 0 1
vn 0 0 1
vn 0 0 1
vn 0 0 1
vn 0 0 1
vn 0 0 1
vn 0 0 1
vn 0 0 1
vn 0 0 1
vn 0 0 1
vn 0 0 1
vn 0 0 1
vn 0 0 1
vn 0 0 1
vn 0 0 1
vn 0 0 1
vn 0 0 1
vn 0 0 1
vn 0 0 1
vn 0 0 1
vn 0 0 1
vn 0 0 1
vn 0 0 1
vn 0 0 1
vn 0 0 1
vn 0 0 1
vn 0 0 1
vn 0 0 1
vn 0 0 1
vn 0 0 1
vn 0 0 1
vn 0 0 1
vn 0 0 1
vn 0 0 1
vn 0 0 1
vn -1 0 0
vn -0.9551237 0 0.2962073
vn -0.8975118 0.3267043 0.2962039
vn -0.9397 0.342 0
vn -0.7317027 0.6139023 0.2962011
vn -0.76602 0.6428168 0
vn -0.76602 0.6428168 0
vn -0.7317027 0.6139023 0.2962011
vn -0.4775771 0.8271603 0.2961858
vn -0.500011 0.866019 0
vn -0.1659012 0.9406068 0.2962021
vn -0.1736028 0.9848158 0
vn 0.1659012 0.9406068 0.2962021
vn 0.1736028 0.9848158 0
vn 0.4775771 0.8271603 0.2961858
vn 0.500011 0.866019 0
vn 0.7317027 0.6139023 0.2962011
vn 0.76602 0.6428168 0
vn 0.7317027 0.6139023 0.2962011
vn 0.8975118 0.3267043 0.2962039
vn 0.9397 0.342 0
vn 0.76602 0.6428168 0
vn 0.9551237 0 0.2962073
vn 1 0 0
vn 0.8975118 -0.3267043 0.2962039
vn 0.9397 -0.342 0
vn 0.9397 -0.342 0
vn 0.8975118 -0.3267043 0.2962039
vn 0.7317027 -0.6139023 0.2962011
vn 0.76602 -0.6428168 0
vn 0.76602 -0.6428168 0
vn 0.7317027 -0.6139023 0.2962011
vn 0.4775771 -0.8271603 0.2961858
vn 0.500011 -0.866019 0
vn 0.1659012 -0.9406068 0.2962021
vn 0.1736028 -0.9848158 0
vn -0.1659012 -0.9406068 0.2962021
vn -0.1736028 -0.9848158 0
vn -0.4775771 -0.8271603 0.2961858
vn -0.500011 -0.866019 0
vn -0.7317027 -0.6139023 0.2962011
vn -0.76602 -0.6428168 0
vn -0.76602 -0.6428168 0
vn -0.7317027 -0.6139023 0.2962011
vn -0.8975118 -0.3267043 0.2962039
vn -0.9397 -0.342 0
vn 0 0 -1
vn 0 0 -1
vn 0 0 -1
vn 0 0 -1
vn 0 0 -1
vn 0 0 -1
vn 0 0 -1
vn 0 0 -1
vn 0 0 -1
vn 0 0 -1
vn 0 0 -1
vn 0 0 -1
vn 0 0 -1
vn 0 0 -1
vn 0 0 -1
vn 0 0 -1
vn 0 0 -1
vn 0 0 -1
vn 0 0 1
vn 0 0 1
vn 0 0 1
vn 0 0 1
vn 0 0 1
vn 0 0 1
vn 0 0 1
vn 0 0 1
vn 0 0 1
vn 0 0 1
vn 0 0 1
vn 0 0 1
vn 0 0 1
vn 0 0 1
vn 0 0 1
vn 0 0 1
vn 0 0 1
vn 0 0 1
vn -0.6173754 0 0.7866687
vn -0.3224907 0 0.9465726
vn -0.3030868 0.1102952 0.9465587
vn -0.580161 0.2111858 0.7866471
vn -0.2470897 0.2072914 0.9465606
vn -0.4729632 0.3968691 0.7866388
vn -0.1612937 0.2792891 0.9465632
vn -0.3086851 0.5346741 0.786662
vn -0.0559984 0.3175909 0.9465729
vn -0.1071972 0.607984 0.7866793
vn 0.0559984 0.3175909 0.9465729
vn 0.1071972 0.607984 0.7866793
vn 0.1612937 0.2792891 0.9465632
vn 0.3086851 0.5346741 0.786662
vn 0.2470897 0.2072914 0.9465606
vn 0.4729632 0.3968691 0.7866388
vn 0.3030868 0.1102952 0.9465587
vn 0.580161 0.2111858 0.7866471
vn 0.3224907 0 0.9465726
vn 0.6173754 0 0.7866687
vn 0.3030868 -0.1102952 0.9465587
vn 0.580161 -0.2111858 0.7866471
vn 0.2470897 -0.2072914 0.9465606
vn 0.4729044 -0.3968037 0.7867073
vn 0.1612937 -0.2792891 0.9465632
vn 0.3086851 -0.5346741 0.786662
vn 0.0559984 -0.3175909 0.9465729
vn 0.1071972 -0.607984 0.7866793
vn -0.0559984 -0.3175909 0.9465729
vn -0.1071972 -0.607984 0.7866793
vn -0.1612937 -0.2792891 0.9465632
vn -0.3086851 -0.5346741 0.786662
vn -0.2470897 -0.2072914 0.9465606
vn -0.4728856 -0.3968879 0.786676
vn -0.3030868 -0.1102952 0.9465587
vn -0.580161 -0.2111858 0.7866471
vn -1 0 0
vn -1 0 0
vn -0.9397 0.342 0
vn -0.9397 0.342 0
vn -0.76602 0.6428168 0
vn -0.76602 0.6428168 0
vn -0.500011 0.866019 0
vn -0.500011 0.866019 0
vn -0.500011 0.866019 0
vn -0.1736028 0.9848158 0
vn -0.1736028 0.9848158 0
vn -0.500011 0.866019 0
vn 0.1736028 0.9848158 0
vn 0.1736028 0.9848158 0
vn 0.500011 0.866019 0
vn 0.500011 0.866019 0
vn 0.500011 0.866019 0
vn 0.500011 0.866019 0
vn 0.76602 0.6428168 0
vn 0.76602 0.6428168 0
vn 0.9397 0.342 0
vn 0.9397 0.342 0
vn 1 0 0
vn 1 0 0
vn 1 0 0
vn 1 0 0
vn 0.9397 -0.342 0
vn 0.9397 -0.342 0
vn 0.76602 -0.6428168 0
vn 0.76602 -0.6428168 0
vn 0.500011 -0.866019 0
vn 0.500011 -0.866019 0
vn 0.500011 -0.866019 0
vn 0.500011 -0.866019 0
vn 0.1736028 -0.9848158 0
vn 0.1736028 -0.9848158 0
vn -0.1736028 -0.9848158 0
vn -0.1736028 -0.9848158 0
vn -0.500011 -0.866019 0
vn -0.500011 -0.866019 0
vn -0.76602 -0.6428168 0
vn -0.500011 -0.866019 0
vn -0.500011 -0.866019 0
vn -0.76602 -0.6428168 0
vn -0.76602 -0.6428168 0
vn -0.9397 -0.342 0
vn -0.9397 -0.342 0
vn -0.76602 -0.6428168 0
vn -0.6173754 0 0.7866687
vn -0.580161 0.2111858 0.7866471
vn -0.4729632 0.3968691 0.7866388
vn -0.7317027 0.6139023 0.2962011
vn -0.4729632 0.3968691 0.7866388
vn -0.3086851 0.5346741 0.786662
vn -0.4775771 0.8271603 0.2961858
vn -0.3086851 0.5346741 0.786662
vn -0.1071972 0.607984 0.7866793
vn 0.1071972 0.607984 0.7866793
vn 0.3086851 0.5346741 0.786662
vn 0.4775771 0.8271603 0.2961858
vn 0.3086851 0.5346741 0.786662
vn 0.4729632 0.3968691 0.7866388
vn 0.580161 0.2111858 0.7866471
vn 0.6173754 0 0.7866687
vn 0.6173754 0 0.7866687
vn 0.580161 -0.2111858 0.7866471
vn 0.9551237 0 0.2962073
vn 0.4729044 -0.3968037 0.7867073
vn 0.3086851 -0.5346741 0.786662
vn 0.4775771 -0.8271603 0.2961858
vn 0.3086851 -0.5346741 0.786662
vn 0.1071972 -0.607984 0.7866793
vn -0.1071972 -0.607984 0.7866793
vn -0.3086851 -0.5346741 0.786662
vn -0.4728856 -0.3968879 0.786676
vn -0.7317027 -0.6139023 0.2962011
vn -0.4775771 -0.8271603 0.2961858
vn -0.3086851 -0.5346741 0.786662
vn -0.580161 -0.2111858 0.7866471
vn -0.8975118 -0.3267043 0.2962039
vn -0.580161 -0.2111858 0.7866471
vn 0 1 0
vn 0 1 0
vn 0 1 0
vn 0 1 0
vn 1 0 0
vn 1 0 0
vn 1 0 0
vn 1 0 0
vn 0 -1 0
vn 0 -1 0
vn 0 -1 0
vn 0 -1 0
vn -1 0 0
vn -1 0 0
vn -1 0 0
vn -1 0 0
vn 0 0 -1
vn 0 0 -1
vn 0 0 -1
vn 0 0 -1
vn 0 0 -1
vn 0 0 -1
vn 0 0 -1
vn 0 0 -1
vn 0 0 -1
vn 0 0 -1
vn 0 0 -1
vn 0 0 -1
vn 0 0 -1
vn 0 0 -1
vn 0 0 -1
vn 0 0 -1
vn -1 0 0
vn -1 0 0
vn -1 0 0
vn -1 0 0
vn 0 -1 0
vn 0 -1 0
vn 0 -1 0
vn 0 -1 0
vn 1 0 0
vn 1 0 0
vn 1 0 0
vn 1 0 0
vn 0 1 0
vn 0 1 0
vn 0 1 0
vn 0 1 0
vn -1 0 0
vn -1 0 0
vn -1 0 0
vn -1 0 0
vn 0 -1 0
vn 0 -1 0
vn 0 -1 0
vn 0 -1 0
vn 1 0 0
vn 1 0 0
vn 1 0 0
vn 1 0 0
vn 0 1 0
vn 0 1 0
vn 0 1 0
vn 0 1 0
vn 0 0 1
vn 0 0 1
vn 0 0 1
vn 0 0 1
vn 0 0 1
vn 0 0 1
vn 0 0 1
vn 0 0 1
vn 0 0 1
vn 0 0 1
vn 0 0 1
vn 0 0 1
vn 0 0 1
vn 0 0 1
vn 0 0 1
vn 0 0 1
vn 0 0 -1
vn 0 0 -1
vn 0 0 -1
vn 0 0 -1
vn -1 0 0
vn -1 0 0
vn -0.9397 0.342 0
vn -0.9397 0.342 0
vn -0.76602 0.6428168 0
vn -0.76602 0.6428168 0
vn -0.500011 0.866019 0
vn -0.500011 0.866019 0
vn -0.500011 0.866019 0
vn -0.500011 0.866019 0
vn -0.1736998 0.9847987 0
vn -0.1736998 0.9847987 0
vn 0.1736998 0.9847987 0
vn 0.1736998 0.9847987 0
vn 0.500011 0.866019 0
vn 0.500011 0.866019 0
vn 0.500011 0.866019 0
vn 0.500011 0.866019 0
vn 0.76602 0.6428168 0
vn 0.76602 0.6428168 0
vn 0.9397 0.342 0
vn 0.9397 0.342 0
vn 1 0 0
vn 1 0 0
vn 1 0 0
vn 1 0 0
vn 0.9397 -0.342 0
vn 0.9397 -0.342 0
vn 0.76602 -0.6428168 0
vn 0.76602 -0.6428168 0
vn 0.500011 -0.866019 0
vn 0.500011 -0.866019 0
vn 0.500011 -0.866019 0
vn 0.500011 -0.866019 0
vn 0.1736998 -0.9847987 0
vn 0.1736998 -0.9847987 0
vn -0.1736998 -0.9847987 0
vn -0.1736998 -0.9847987 0
vn -0.500011 -0.866019 0
vn -0.500011 -0.866019 0
vn -0.500011 -0.866019 0
vn -0.500011 -0.866019 0
vn -0.76602 -0.6428168 0
vn -0.76602 -0.6428168 0
vn -0.76602 -0.6428168 0
vn -0.9397 -0.342 0
vn -0.9397 -0.342 0
vn -0.76602 -0.6428168 0
vn -1 0 0
vn -1 0 0
vn -0.9397 0.342 0
vn -0.9397 0.342 0
vn -0.76602 0.6428168 0
vn -0.76602 0.6428168 0
vn -0.500011 0.866019 0
vn -0.500011 0.866019 0
vn -0.500011 0.866019 0
vn -0.500011 0.866019 0
vn -0.1736028 0.9848158 0
vn -0.1736998 0.9847987 0
vn 0.1736998 0.9847987 0
vn 0.1736998 0.9847987 0
vn 0.500011 0.866019 0
vn 0.500011 0.866019 0
vn 0.500011 0.866019 0
vn 0.500011 0.866019 0
vn 0.76602 0.6428168 0
vn 0.76602 0.6428168 0
vn 0.9397 0.342 0
vn 0.9397 0.342 0
vn 1 0 0
vn 1 0 0
vn 1 0 0
vn 1 0 0
vn 0.9397 -0.342 0
vn 0.9397 -0.342 0
vn 0.76602 -0.6428168 0
vn 0.76602 -0.6428168 0
vn 0.500011 -0.866019 0
vn 0.500011 -0.866019 0
vn 0.500011 -0.866019 0
vn 0.500011 -0.866019 0
vn 0.1736998 -0.9847987 0
vn 0.1736998 -0.9847987 0
vn -0.1736028 -0.9848158 0
vn -0.1736998 -0.9847987 0
vn -0.500011 -0.866019 0
vn -0.500011 -0.866019 0
vn -0.500011 -0.866019 0
vn -0.500011 -0.866019 0
vn -0.76602 -0.6428168 0
vn -0.76602 -0.6428168 0
vn -0.76602 -0.6428168 0
vn -0.76602 -0.6428168 0
vn -0.9397 -0.342 0
vn -0.9397 -0.342 0
vn 0 0 1
vn 0 0 1
vn 0 0 1
vn 0 0 1
vn 0 0 1
vn 0 0 1
vn 0 0 1
vn 0 0 1
vn 0 0 1
vn 0 0 1
vn 0 0 1
vn 0 0 1
vn 0 0 1
vn 0 0 1
vn 0 0 1
vn 0 0 1
vn 0 0 1
vn 0 0 1
vn 0 0 1
vn 0 0 1
vn 0 0 1
vn 0 0 1
vn 0 0 1
vn 0 0 1
vn 0 0 1
vn 0 0 1
vn 0 0 1
vn 0 0 1
vn 0 0 1
vn 0 0 1
vn 0 0 1
vn 0 0 1
vn 0 0 1
vn 0 0 1
vn 0 0 1
vn 0 0 1
vn 1 0 0
vn 0.9551237 0 0.2962073
vn 0.8975118 -0.3267043 0.2962039
vn 0.9397 -0.342 0
vn 0.7317027 -0.6139023 0.2962011
vn 0.76602 -0.6428168 0
vn 0.4775771 -0.8271603 0.2961858
vn 0.500011 -0.866019 0
vn 0.500011 -0.866019 0
vn 0.4775771 -0.8271603 0.2961858
vn 0.1659012 -0.9406068 0.2962021
vn 0.1736028 -0.9848158 0
vn -0.1659012 -0.9406068 0.2962021
vn -0.1736028 -0.9848158 0
vn -0.4775771 -0.8271603 0.2961858
vn -0.500011 -0.866019 0
vn -0.500011 -0.866019 0
vn -0.4775771 -0.8271603 0.2961858
vn -0.7317027 -0.6139023 0.2962011
vn -0.76602 -0.6428168 0
vn -0.8975118 -0.3267043 0.2962039
vn -0.9397 -0.342 0
vn -0.9551237 0 0.2962073
vn -1 0 0
vn -1 0 0
vn -0.9551237 0 0.2962073
vn -0.8975118 0.3267043 0.2962039
vn -0.9397 0.342 0
vn -0.7317027 0.6139023 0.2962011
vn -0.76602 0.6428168 0
vn -0.4775771 0.8271603 0.2961858
vn -0.500011 0.866019 0
vn -0.500011 0.866019 0
vn -0.4775771 0.8271603 0.2961858
vn -0.1659012 0.9406068 0.2962021
vn -0.1736028 0.9848158 0
vn 0.1659012 0.9406068 0.2962021
vn 0.1736028 0.9848158 0
vn 0.4775771 0.8271603 0.2961858
vn 0.500011 0.866019 0
vn 0.500011 0.866019 0
vn 0.4775771 0.8271603 0.2961858
vn 0.7317027 0.6139023 0.2962011
vn 0.76602 0.6428168 0
vn 0.7317027 0.6139023 0.2962011
vn 0.8975118 0.3267043 0.2962039
vn 0.9397 0.342 0
vn 0.76602 0.6428168 0
vn 0 0 -1
vn 0 0 -1
vn 0 0 -1
vn 0 0 -1
vn 0 0 -1
vn 0 0 -1
vn 0 0 -1
vn 0 0 -1
vn 0 0 -1
vn 0 0 -1
vn 0 0 -1
vn 0 0 -1
vn 0 0 -1
vn 0 0 -1
vn 0 0 -1
vn 0 0 -1
vn 0 0 -1
vn 0 0 -1
vn 0 0 1
vn 0 0 1
vn 0 0 1
vn 0 0 1
vn 0 0 1
vn 0 0 1
vn 0 0 1
vn 0 0 1
vn 0 0 1
vn 0 0 1
vn 0 0 1
vn 0 0 1
vn 0 0 1
vn 0 0 1
vn 0 0 1
vn 0 0 1
vn 0 0 1
vn 0 0 1
vn 0.6173754 0 0.7866687
vn 0.3224907 0 0.9465726
vn 0.3030868 -0.1102952 0.9465587
vn 0.580161 -0.2111858 0.7866471
vn 0.2470897 -0.2072914 0.9465606
vn 0.4729632 -0.3968691 0.7866388
vn 0.1612937 -0.2792891 0.9465632
vn 0.3086851 -0.5346741 0.786662
vn 0.0559984 -0.3175909 0.9465729
vn 0.1071972 -0.607984 0.7866793
vn -0.0559984 -0.3175909 0.9465729
vn -0.1071972 -0.607984 0.7866793
vn -0.1612937 -0.2792891 0.9465632
vn -0.3086851 -0.5346741 0.786662
vn -0.2470897 -0.2072914 0.9465606
vn -0.4729632 -0.3968691 0.7866388
vn -0.3030868 -0.1102952 0.9465587
vn -0.580161 -0.2111858 0.7866471
vn -0.3224907 0 0.9465726
vn -0.6173754 0 0.7866687
vn -0.3030868 0.1102952 0.9465587
vn -0.580161 0.2111858 0.7866471
vn -0.2470897 0.2072914 0.9465606
vn -0.4729632 0.3968691 0.7866388
vn -0.1612937 0.2792891 0.9465632
vn -0.3086851 0.5346741 0.786662
vn -0.0559984 0.3175909 0.9465729
vn -0.1071972 0.607984 0.7866793
vn 0.0559984 0.3175909 0.9465729
vn 0.1071972 0.607984 0.7866793
vn 0.1612937 0.2792891 0.9465632
vn 0.3086851 0.5346741 0.786662
vn 0.2470897 0.2072914 0.9465606
vn 0.4729044 0.3968037 0.7867073
vn 0.3030868 0.1102952 0.9465587
vn 0.580161 0.2111858 0.7866471
vn 1 0 0
vn 1 0 0
vn 0.9397 -0.342 0
vn 0.9397 -0.342 0
vn 0.76602 -0.6428168 0
vn 0.76602 -0.6428168 0
vn 0.500011 -0.866019 0
vn 0.500011 -0.866019 0
vn 0.1736028 -0.9848158 0
vn 0.1736028 -0.9848158 0
vn 0.500011 -0.866019 0
vn 0.500011 -0.866019 0
vn -0.1736028 -0.9848158 0
vn -0.1736028 -0.9848158 0
vn -0.500011 -0.866019 0
vn -0.500011 -0.866019 0
vn -0.76602 -0.6428168 0
vn -0.500011 -0.866019 0
vn -0.500011 -0.866019 0
vn -0.76602 -0.6428168 0
vn -0.9397 -0.342 0
vn -0.9397 -0.342 0
vn -1 0 0
vn -1 0 0
vn -1 0 0
vn -1 0 0
vn -0.9397 0.342 0
vn -0.9397 0.342 0
vn -0.76602 0.6428168 0
vn -0.76602 0.6428168 0
vn -0.500011 0.866019 0
vn -0.500011 0.866019 0
vn -0.1736028 0.9848158 0
vn -0.1736028 0.9848158 0
vn -0.500011 0.866019 0
vn -0.500011 0.866019 0
vn 0.1736028 0.9848158 0
vn 0.1736028 0.9848158 0
vn 0.500011 0.866019 0
vn 0.500011 0.866019 0
vn 0.500011 0.866019 0
vn 0.500011 0.866019 0
vn 0.76602 0.6428168 0
vn 0.76602 0.6428168 0
vn 0.76602 0.6428168 0
vn 0.76602 0.6428168 0
vn 0.9397 0.342 0
vn 0.9397 0.342 0
vn 0.580161 -0.2111858 0.7866471
vn 0.6173754 0 0.7866687
vn 0.4729632 -0.3968691 0.7866388
vn 0.7317027 -0.6139023 0.2962011
vn 0.4729632 -0.3968691 0.7866388
vn 0.3086851 -0.5346741 0.786662
vn 0.1071972 -0.607984 0.7866793
vn -0.1071972 -0.607984 0.7866793
vn -0.3086851 -0.5346741 0.786662
vn -0.1659012 -0.9406068 0.2962021
vn -0.1071972 -0.607984 0.7866793
vn -0.4729632 -0.3968691 0.7866388
vn -0.580161 -0.2111858 0.7866471
vn -0.8975118 -0.3267043 0.2962039
vn -0.580161 -0.2111858 0.7866471
vn -0.6173754 0 0.7866687
vn -0.580161 0.2111858 0.7866471
vn -0.4729632 0.3968691 0.7866388
vn -0.7317027 0.6139023 0.2962011
vn -0.4729632 0.3968691 0.7866388
vn -0.3086851 0.5346741 0.786662
vn -0.1071972 0.607984 0.7866793
vn 0.1071972 0.607984 0.7866793
vn 0.3086851 0.5346741 0.786662
vn 0.1659012 0.9406068 0.2962021
vn 0.1071972 0.607984 0.7866793
vn 0.4729044 0.3968037 0.7867073
vn 0.580161 0.2111858 0.7866471
vn 0.8975118 0.3267043 0.2962039
vn 0.580161 0.2111858 0.7866471
vn 0 1 0
vn 0 1 0
vn 0 1 0
vn 0 1 0
vn -1 0 0
vn -1 0 0
vn -1 0 0
vn -1 0 0
vn 0 -1 0
vn 0 -1 0
vn 0 -1 0
vn 0 -1 0
vn 1 0 0
vn 1 0 0
vn 1 0 0
vn 1 0 0
vn 0 0 -1
vn 0 0 -1
vn 0 0 -1
vn 0 0 -1
vn 0 0 -1
vn 0 0 -1
vn 0 0 -1
vn 0 0 -1
vn 0 0 -1
vn 0 0 -1
vn 0 0 -1
vn 0 0 -1
vn 0 0 -1
vn 0 0 -1
vn 0 0 -1
vn 0 0 -1
vn 1 0 0
vn 1 0 0
vn 1 0 0
vn 1 0 0
vn 0 -1 0
vn 0 -1 0
vn 0 -1 0
vn 0 -1 0
vn -1 0 0
vn -1 0 0
vn -1 0 0
vn -1 0 0
vn 0 1 0
vn 0 1 0
vn 0 1 0
vn 0 1 0
vn 1 0 0
vn 1 0 0
vn 1 0 0
vn 1 0 0
vn 0 -1 0
vn 0 -1 0
vn 0 -1 0
vn 0 -1 0
vn -1 0 0
vn -1 0 0
vn -1 0 0
vn -1 0 0
vn 0 1 0
vn 0 1 0
vn 0 1 0
vn 0 1 0
vn 0 0 1
vn 0 0 1
vn 0 0 1
vn 0 0 1
vn 0 0 1
vn 0 0 1
vn 0 0 1
vn 0 0 1
vn 0 0 1
vn 0 0 1
vn 0 0 1
vn 0 0 1
vn 0 0 1
vn 0 0 1
vn 0 0 1
vn 0 0 1
vn 0 0 -1
vn 0 0 -1
vn 0 0 -1
vn 0 0 -1
vn 1 0 0
vn 0.9397 0.342 0
vn 0.9397 0.342 0
vn 1 0 0
vn 0.76602 0.6428168 0
vn 0.76602 0.6428168 0
vn 0.76602 0.6428168 0
vn 0.500011 0.866019 0
vn 0.500011 0.866019 0
vn 0.76602 0.6428168 0
vn 0.1736998 0.9847987 0
vn 0.1736998 0.9847987 0
vn -0.1736998 0.9847987 0
vn -0.1736998 0.9847987 0
vn -0.1736998 0.9847987 0
vn -0.500011 0.866019 0
vn -0.500011 0.866019 0
vn -0.1736998 0.9847987 0
vn -0.76602 0.6428168 0
vn -0.76602 0.6428168 0
vn -0.76602 0.6428168 0
vn -0.9397 0.342 0
vn -0.9397 0.342 0
vn -0.76602 0.6428168 0
vn -1 0 0
vn -1 0 0
vn -0.9397 -0.342 0
vn -0.9397 -0.342 0
vn -0.76602 -0.6428168 0
vn -0.76602 -0.6428168 0
vn -0.76602 -0.6428168 0
vn -0.500011 -0.866019 0
vn -0.500011 -0.866019 0
vn -0.76602 -0.6428168 0
vn -0.1736998 -0.9847987 0
vn -0.1736998 -0.9847987 0
vn 0.1736998 -0.9847987 0
vn 0.1736998 -0.9847987 0
vn 0.1736998 -0.9847987 0
vn 0.500011 -0.866019 0
vn 0.500011 -0.866019 0
vn 0.1736998 -0.9847987 0
vn 0.76602 -0.6428168 0
vn 0.76602 -0.6428168 0
vn 0.76602 -0.6428168 0
vn 0.9397 -0.342 0
vn 0.9397 -0.342 0
vn 0.76602 -0.6428168 0
vn 1 0 0
vn 0.9397 0.342 0
vn 0.9397 0.342 0
vn 1 0 0
vn 0.76602 0.6428168 0
vn 0.76602 0.6428168 0
vn 0.500011 0.866019 0
vn 0.500011 0.866019 0
vn 0.500011 0.866019 0
vn 0.1736998 0.9847987 0
vn 0.1736028 0.9848158 0
vn 0.500011 0.866019 0
vn -0.1736998 0.9847987 0
vn -0.1736998 0.9847987 0
vn -0.500011 0.866019 0
vn -0.500011 0.866019 0
vn -0.500011 0.866019 0
vn -0.76602 0.6428168 0
vn -0.76602 0.6428168 0
vn -0.500011 0.866019 0
vn -0.9397 0.342 0
vn -0.9397 0.342 0
vn -1 0 0
vn -1 0 0
vn -1 0 0
vn -0.9397 -0.342 0
vn -0.9397 -0.342 0
vn -1 0 0
vn -0.76602 -0.6428168 0
vn -0.76602 -0.6428168 0
vn -0.500011 -0.866019 0
vn -0.500011 -0.866019 0
vn -0.500011 -0.866019 0
vn -0.1736998 -0.9847987 0
vn -0.1736998 -0.9847987 0
vn -0.500011 -0.866019 0
vn 0.1736998 -0.9847987 0
vn 0.1736998 -0.9847987 0
vn 0.500011 -0.866019 0
vn 0.500011 -0.866019 0
vn 0.500011 -0.866019 0
vn 0.76602 -0.6428168 0
vn 0.76602 -0.6428168 0
vn 0.500011 -0.866019 0
vn 0.76602 -0.6428168 0
vn 0.9397 -0.342 0
vn 0.9397 -0.342 0
vn 0.76602 -0.6428168 0
vn 0 0 1
vn 0 0 1
vn 0 0 1
vn 0 0 1
vn 0 0 1
vn 0 0 1
vn 0 0 1
vn 0 0 1
vn 0 0 1
vn 0 0 1
vn 0 0 1
vn 0 0 1
vn 0 0 1
vn 0 0 1
vn 0 0 1
vn 0 0 1
vn 0 0 1
vn 0 0 1
vn 0 0 1
vn 0 0 1
vn 0 0 1
vn 0 0 1
vn 0 0 1
vn 0 0 1
vn 0 0 1
vn 0 0 1
vn 0 0 1
vn 0 0 1
vn 0 0 1
vn 0 0 1
vn 0 0 1
vn 0 0 1
vn 0 0 1
vn 0 0 1
vn 0 0 1
vn 0 0 1
vn -1 0 0
vn -0.9397 -0.342 0
vn -0.8975118 -0.3267043 0.2962039
vn -0.9551237 0 0.2962073
vn -0.76602 -0.6428168 0
vn -0.7317027 -0.6139023 0.2962011
vn -0.500011 -0.866019 0
vn -0.4775771 -0.8271603 0.2961858
vn -0.500011 -0.866019 0
vn -0.1736028 -0.9848158 0
vn -0.1659012 -0.9406068 0.2962021
vn -0.4775771 -0.8271603 0.2961858
vn 0.1736028 -0.9848158 0
vn 0.1659012 -0.9406068 0.2962021
vn 0.500011 -0.866019 0
vn 0.4775771 -0.8271603 0.2961858
vn 0.500011 -0.866019 0
vn 0.76602 -0.6428168 0
vn 0.7317027 -0.6139023 0.2962011
vn 0.4775771 -0.8271603 0.2961858
vn 0.9397 -0.342 0
vn 0.8975118 -0.3267043 0.2962039
vn 1 0 0
vn 0.9551237 0 0.2962073
vn 1 0 0
vn 0.9397 0.342 0
vn 0.8975118 0.3267043 0.2962039
vn 0.9551237 0 0.2962073
vn 0.76602 0.6428168 0
vn 0.7317027 0.6139023 0.2962011
vn 0.500011 0.866019 0
vn 0.4775771 0.8271603 0.2961858
vn 0.500011 0.866019 0
vn 0.1736028 0.9848158 0
vn 0.1659012 0.9406068 0.2962021
vn 0.4775771 0.8271603 0.2961858
vn -0.1736028 0.9848158 0
vn -0.1659012 0.9406068 0.2962021
vn -0.500011 0.866019 0
vn -0.4775771 0.8271603 0.2961858
vn -0.500011 0.866019 0
vn -0.76602 0.6428168 0
vn -0.7317027 0.6139023 0.2962011
vn -0.4775771 0.8271603 0.2961858
vn -0.76602 0.6428168 0
vn -0.9397 0.342 0
vn -0.8975118 0.3267043 0.2962039
vn -0.7317027 0.6139023 0.2962011
vn 0 0 -1
vn 0 0 -1
vn 0 0 -1
vn 0 0 -1
vn 0 0 -1
vn 0 0 -1
vn 0 0 -1
vn 0 0 -1
vn 0 0 -1
vn 0 0 -1
vn 0 0 -1
vn 0 0 -1
vn 0 0 -1
vn 0 0 -1
vn 0 0 -1
vn 0 0 -1
vn 0 0 -1
vn 0 0 -1
vn 0 0 1
vn 0 0 1
vn 0 0 1
vn 0 0 1
vn 0 0 1
vn 0 0 1
vn 0 0 1
vn 0 0 1
vn 0 0 1
vn 0 0 1
vn 0 0 1
vn 0 0 1
vn 0 0 1
vn 0 0 1
vn 0 0 1
vn 0 0 1
vn 0 0 1
vn 0 0 1
vn -0.580161 -0.2111858 0.7866471
vn -0.3030868 -0.1102952 0.9465587
vn -0.3224907 0 0.9465726
vn -0.6173754 0 0.7866687
vn -0.4729632 -0.3968691 0.7866388
vn -0.2470897 -0.2072914 0.9465606
vn -0.3086851 -0.5346741 0.786662
vn -0.1612937 -0.2792891 0.9465632
vn -0.1071972 -0.607984 0.7866793
vn -0.0559984 -0.3175909 0.9465729
vn 0.1071972 -0.607984 0.7866793
vn 0.0559984 -0.3175909 0.9465729
vn 0.1612937 -0.2792891 0.9465632
vn 0.3086851 -0.5346741 0.786662
vn 0.4729632 -0.3968691 0.7866388
vn 0.2470897 -0.2072914 0.9465606
vn 0.580161 -0.2111858 0.7866471
vn 0.3030868 -0.1102952 0.9465587
vn 0.3224907 0 0.9465726
vn 0.6173754 0 0.7866687
vn 0.580161 0.2111858 0.7866471
vn 0.3030868 0.1102952 0.9465587
vn 0.4729632 0.3968691 0.7866388
vn 0.2470897 0.2072914 0.9465606
vn 0.3086851 0.5346741 0.786662
vn 0.1612937 0.2792891 0.9465632
vn 0.0559984 0.3175909 0.9465729
vn 0.1071972 0.607984 0.7866793
vn -0.1071972 0.607984 0.7866793
vn -0.0559984 0.3175909 0.9465729
vn -0.3086851 0.5346741 0.786662
vn -0.1612937 0.2792891 0.9465632
vn -0.4728856 0.3968879 0.786676
vn -0.2470897 0.2072914 0.9465606
vn -0.580161 0.2111858 0.7866471
vn -0.3030868 0.1102952 0.9465587
vn -1 0 0
vn -0.9397 -0.342 0
vn -0.9397 -0.342 0
vn -1 0 0
vn -0.76602 -0.6428168 0
vn -0.76602 -0.6428168 0
vn -0.500011 -0.866019 0
vn -0.500011 -0.866019 0
vn -0.500011 -0.866019 0
vn -0.500011 -0.866019 0
vn -0.1736028 -0.9848158 0
vn -0.1736028 -0.9848158 0
vn 0.1736028 -0.9848158 0
vn 0.1736028 -0.9848158 0
vn 0.500011 -0.866019 0
vn 0.500011 -0.866019 0
vn 0.500011 -0.866019 0
vn 0.76602 -0.6428168 0
vn 0.76602 -0.6428168 0
vn 0.500011 -0.866019 0
vn 0.9397 -0.342 0
vn 0.9397 -0.342 0
vn 1 0 0
vn 1 0 0
vn 1 0 0
vn 1 0 0
vn 0.9397 0.342 0
vn 0.9397 0.342 0
vn 0.76602 0.6428168 0
vn 0.76602 0.6428168 0
vn 0.500011 0.866019 0
vn 0.500011 0.866019 0
vn 0.1736028 0.9848158 0
vn 0.1736028 0.9848158 0
vn 0.500011 0.866019 0
vn 0.500011 0.866019 0
vn -0.1736028 0.9848158 0
vn -0.1736028 0.9848158 0
vn -0.500011 0.866019 0
vn -0.500011 0.866019 0
vn -0.76602 0.6428168 0
vn -0.76602 0.6428168 0
vn -0.500011 0.866019 0
vn -0.500011 0.866019 0
vn -0.9397 0.342 0
vn -0.76602 0.6428168 0
vn -0.76602 0.6428168 0
vn -0.9397 0.342 0
vn -0.580161 -0.2111858 0.7866471
vn -0.6173754 0 0.7866687
vn -0.4729632 -0.3968691 0.7866388
vn -0.7317027 -0.6139023 0.2962011
vn -0.3086851 -0.5346741 0.786662
vn -0.4729632 -0.3968691 0.7866388
vn -0.1071972 -0.607984 0.7866793
vn 0.1071972 -0.607984 0.7866793
vn 0.3086851 -0.5346741 0.786662
vn 0.1071972 -0.607984 0.7866793
vn 0.1659012 -0.9406068 0.2962021
vn 0.4729632 -0.3968691 0.7866388
vn 0.580161 -0.2111858 0.7866471
vn 0.6173754 0 0.7866687
vn 0.580161 -0.2111858 0.7866471
vn 0.8975118 -0.3267043 0.2962039
vn 0.580161 0.2111858 0.7866471
vn 0.4729632 0.3968691 0.7866388
vn 0.7317027 0.6139023 0.2962011
vn 0.3086851 0.5346741 0.786662
vn 0.4729632 0.3968691 0.7866388
vn 0.1071972 0.607984 0.7866793
vn -0.1071972 0.607984 0.7866793
vn -0.3086851 0.5346741 0.786662
vn -0.1071972 0.607984 0.7866793
vn -0.1659012 0.9406068 0.2962021
vn -0.4728856 0.3968879 0.786676
vn -0.8975118 0.3267043 0.2962039
vn -0.580161 0.2111858 0.7866471
vn -0.580161 0.2111858 0.7866471
vn -0.7071068 -0.7071068 0
vn -0.7071068 -0.7071068 0
vn -0.7071068 -0.7071068 0
vn -0.7071068 -0.7071068 0
vn -0.7071068 0.7071068 0
vn -0.7071068 0.7071068 0
vn -0.7071068 0.7071068 0
vn -0.7071068 0.7071068 0
vn 0.7071068 0.7071068 0
vn 0.7071068 0.7071068 0
vn 0.7071068 0.7071068 0
vn 0.7071068 0.7071068 0
vn 0.7071068 -0.7071068 0
vn 0.7071068 -0.7071068 0
vn 0.7071068 -0.7071068 0
vn 0.7071068 -0.7071068 0
vn 0.7071068 -0.7071068 0
vn 0.7071068 -0.7071068 0
vn 0.7071068 -0.7071068 0
vn 0.7071068 -0.7071068 0
vn 0.7071068 0.7071068 0
vn 0.7071068 0.7071068 0
vn 0.7071068 0.7071068 0
vn 0.7071068 0.7071068 0
vn -0.7071068 0.7071068 0
vn -0.7071068 0.7071068 0
vn -0.7071068 0.7071068 0
vn -0.7071068 0.7071068 0
vn -0.7071068 -0.7071068 0
vn -0.7071068 -0.7071068 0
vn -0.7071068 -0.7071068 0
vn -0.7071068 -0.7071068 0
vn -0.7071068 0.7071068 0
vn -0.7071068 0.7071068 0
vn -0.7071068 0.7071068 0
vn -0.7071068 0.7071068 0
vn -0.7071068 -0.7071068 0
vn -0.7071068 -0.7071068 0
vn -0.7071068 -0.7071068 0
vn -0.7071068 -0.7071068 0
vn 0.7071068 -0.7071068 0
vn 0.7071068 -0.7071068 0
vn 0.7071068 -0.7071068 0
vn 0.7071068 -0.7071068 0
vn 0.7071068 0.7071068 0
vn 0.7071068 0.7071068 0
vn 0.7071068 0.7071068 0
vn 0.7071068 0.7071068 0
vn 0.7071068 0.7071068 0
vn 0.7071068 0.7071068 0
vn 0.7071068 0.7071068 0
vn 0.7071068 0.7071068 0
vn 0.7071068 -0.7071068 0
vn 0.7071068 -0.7071068 0
vn 0.7071068 -0.7071068 0
vn 0.7071068 -0.7071068 0
vn -0.7071068 -0.7071068 0
vn -0.7071068 -0.7071068 0
vn -0.7071068 -0.7071068 0
vn -0.7071068 -0.7071068 0
vn -0.7071068 0.7071068 0
vn -0.7071068 0.7071068 0
vn -0.7071068 0.7071068 0
vn -0.7071068 0.7071068 0
vn 0 1 0
vn 0 1 0
vn 0 1 0
vn 0 1 0
vn 0 -1 0
vn 0 -1 0
vn 0 -1 0
vn 0 -1 0
vn 0 0 -1
vn 0 0 -1
vn 0 0 -1
vn 0 0 -1
vn 0 0 1
vn 0 0 1
vn 0 0 1
vn 0 0 1
vn 0 0.9486933 0.3161977
vn 0 0.9486933 0.3161977
vn 0 0.9486933 0.3161977
vn 0 0.9486933 0.3161977
vn 0 0.9486933 -0.3161977
vn 0 0.9486933 -0.3161977
vn 0 0.9486933 -0.3161977
vn 0 0.9486933 -0.3161977
vn 0 -0.9486933 -0.3161977
vn 0 -0.9486933 -0.3161977
vn 0 -0.9486933 -0.3161977
vn 0 -0.9486933 -0.3161977
vn 0 -0.9486933 0.3161977
vn 0 -0.9486933 0.3161977
vn 0 -0.9486933 0.3161977
vn 0 -0.9486933 0.3161977
vn 0 0.3161977 0.9486933
vn 0 0.3161977 0.9486933
vn 0 0.3161977 0.9486933
vn 0 0.3161977 0.9486933
vn 0 0.3161977 -0.9486933
vn 0 0.3161977 -0.9486933
vn 0 0.3161977 -0.9486933
vn 0 0.3161977 -0.9486933
vn 0 -0.3161977 -0.9486933
vn 0 -0.3161977 -0.9486933
vn 0 -0.3161977 -0.9486933
vn 0 -0.3161977 -0.9486933
vn 0 -0.3161977 0.9486933
vn 0 -0.3161977 0.9486933
vn 0 -0.3161977 0.9486933
vn 0 -0.3161977 0.9486933
vn 0 1 0
vn 0 1 0
vn 0 1 0
vn 0 1 0
vn 0 -1 0
vn 0 -1 0
vn 0 -1 0
vn 0 -1 0
vn 0 0 -1
vn 0 0 -1
vn 0 0 -1
vn 0 0 -1
vn 0 0 1
vn 0 0 1
vn 0 0 1
vn 0 0 1
vn 0 0.9486933 0.3161977
vn 0 0.9486933 0.3161977
vn 0 0.9486933 0.3161977
vn 0 0.9486933 0.3161977
vn 0 0.9486933 -0.3161977
vn 0 0.9486933 -0.3161977
vn 0 0.9486933 -0.3161977
vn 0 0.9486933 -0.3161977
vn 0 -0.9486933 -0.3161977
vn 0 -0.9486933 -0.3161977
vn 0 -0.9486933 -0.3161977
vn 0 -0.9486933 -0.3161977
vn 0 -0.9486933 0.3161977
vn 0 -0.9486933 0.3161977
vn 0 -0.9486933 0.3161977
vn 0 -0.9486933 0.3161977
vn 0 0.3161977 0.9486933
vn 0 0.3161977 0.9486933
vn 0 0.3161977 0.9486933
vn 0 0.3161977 0.9486933
vn 0 0.3161977 -0.9486933
vn 0 0.3161977 -0.9486933
vn 0 0.3161977 -0.9486933
vn 0 0.3161977 -0.9486933
vn 0 -0.3161977 -0.9486933
vn 0 -0.3161977 -0.9486933
vn 0 -0.3161977 -0.9486933
vn 0 -0.3161977 -0.9486933
vn 0 -0.3161977 0.9486933
vn 0 -0.3161977 0.9486933
vn 0 -0.3161977 0.9486933
vn 0 -0.3161977 0.9486933
f 1/1/1 2/2/2 3/3/3
f 3/3/3 4/4/4 1/1/1
f 5/5/5 6/6/6 7/7/7
f 7/7/7 8/8/8 5/5/5
f 9/9/9 10/10/10 11/11/11
f 11/11/11 12/12/12 9/9/9
f 13/13/13 14/14/14 15/15/15
f 15/15/15 16/16/16 13/13/13
f 17/17/17 18/18/18 19/19/19
f 19/19/19 20/20/20 17/17/17
f 19/19/19 21/21/21 22/22/22
f 22/22/22 20/20/20 19/19/19
f 23/23/23 17/17/17 24/24/24
f 24/24/24 25/25/25 23/23/23
f 26/26/26 18/18/18 17/17/17
f 17/17/17 23/23/23 26/26/26
f 27/27/27 24/24/24 28/28/28
f 28/28/28 29/29/29 27/27/27
f 30/30/30 25/25/25 24/24/24
f 24/24/24 27/27/27 30/30/30
f 31/31/31 28/28/28 20/20/20
f 20/20/20 22/22/22 31/31/31
f 31/31/31 32/32/32 29/29/29
f 29/29/29 28/28/28 31/31/31
f 33/33/33 34/34/34 35/35/35
f 35/35/35 36/36/36 33/33/33
f 37/37/37 38/38/38 39/39/39
f 39/39/39 40/40/40 37/37/37
f 41/41/41 42/42/42 43/43/43
f 43/43/43 44/44/44 41/41/41
f 45/45/45 46/46/46 47/47/47
f 47/47/47 48/48/48 45/45/45
f 49/49/49 50/50/50 51/51/51
f 51/51/51 52/52/52 49/49/49
f 53/53/53 54/54/54 55/55/55
f 55/55/55 56/56/56 53/53/53
f 57/57/57 58/58/58 59/59/59
f 59/59/59 60/60/60 57/57/57
f 61/61/61 62/62/62 63/63/63
f 63/63/63 64/64/64 61/61/61
f 65/65/65 66/66/66 67/67/67
f 67/67/67 68/68/68 65/65/65
f 66/66/66 65/65/65 69/69/69
f 69/69/69 70/70/70 66/66/66
f 71/71/71 72/72/72 73/73/73
f 73/73/73 74/74/74 71/71/71
f 72/72/72 71/71/71 65/65/65
f 65/65/65 68/68/68 72/72/72
f 75/75/75 76/76/76 77/77/77
f 77/77/77 78/78/78 75/75/75
f 78/78/78 71/71/71 74/74/74
f 74/74/74 75/75/75 78/78/78
f 69/69/69 79/79/79 80/80/80
f 80/80/80 70/70/70 69/69/69
f 77/77/77 79/79/79 69/69/69
f 69/69/69 78/78/78 77/77/77
f 81/81/81 82/82/82 83/83/83
f 83/83/83 84/84/84 81/81/81
f 85/85/85 86/86/86 87/87/87
f 87/87/87 88/88/88 85/85/85
f 85/85/85 89/89/89 90/90/90
f 90/90/90 86/86/86 85/85/85
f 91/91/91 92/92/92 93/93/93
f 93/93/93 94/94/94 91/91/91
f 94/94/94 93/93/93 95/95/95
f 95/95/95 96/96/96 94/94/94
f 96/96/96 95/95/95 97/97/97
f 97/97/97 98/98/98 96/96/96
f 97/97/97 99/99/99 100/100/100
f 100/100/100 98/98/98 97/97/97
f 100/100/100 99/99/99 101/101/101
f 101/101/101 102/102/102 100/100/100
f 103/103/103 104/104/104 105/105/105
f 105/105/105 106/106/106 103/103/103
f 103/103/103 106/106/106 107/107/107
f 107/107/107 108/108/108 103/103/103
f 109/109/109 108/108/108 107/107/107
f 107/107/107 110/110/110 109/109/109
f 111/111/111 112/112/112 113/113/113
f 113/113/113 114/114/114 111/111/111
f 115/115/115 116/116/116 117/117/117
f 117/117/117 118/118/118 115/115/115
f 119/119/119 115/115/115 118/118/118
f 118/118/118 120/120/120 119/119/119
f 119/119/119 120/120/120 121/121/121
f 121/121/121 122/122/122 119/119/119
f 122/122/122 121/121/121 123/123/123
f 123/123/123 124/124/124 122/122/122
f 124/124/124 123/123/123 125/125/125
f 125/125/125 126/126/126 124/124/124
f 127/127/127 128/128/128 129/129/129
f 129/129/129 130/130/130 127/127/127
f 87/87/87 130/130/130 129/129/129
f 129/129/129 88/88/88 87/87/87
f 131/131/131 132/132/132 133/133/133
f 133/133/133 134/134/134 131/131/131
f 131/131/131 135/135/135 136/136/136
f 136/136/136 132/132/132 131/131/131
f 137/137/137 138/138/138 139/139/139
f 139/139/139 140/140/140 137/137/137
f 140/140/140 139/139/139 141/141/141
f 141/141/141 142/142/142 140/140/140
f 142/142/142 141/141/141 143/143/143
f 143/143/143 144/144/144 142/142/142
f 144/144/144 143/143/143 145/145/145
f 145/145/145 146/146/146 144/144/144
f 146/146/146 145/145/145 147/147/147
f 147/147/147 148/148/148 146/146/146
f 149/149/149 150/150/150 151/151/151
f 151/151/151 152/152/152 149/149/149
f 152/152/152 151/151/151 153/153/153
f 153/153/153 154/154/154 152/152/152
f 155/155/155 154/154/154 153/153/153
f 153/153/153 156/156/156 155/155/155
f 157/157/157 158/158/158 159/159/159
f 159/159/159 160/160/160 157/157/157
f 161/161/161 162/162/162 163/163/163
f 163/163/163 164/164/164 161/161/161
f 165/165/165 164/164/164 163/163/163
f 163/163/163 166/166/166 165/165/165
f 165/165/165 166/166/166 167/167/167
f 167/167/167 168/168/168 165/165/165
f 168/168/168 167/167/167 169/169/169
f 169/169/169 170/170/170 168/168/168
f 170/170/170 169/169/169 171/171/171
f 171/171/171 172/172/172 170/170/170
f 173/173/173 174/174/174 175/175/175
f 175/175/175 176/176/176 173/173/173
f 176/176/176 175/175/175 134/134/134
f 134/134/134 133/133/133 176/176/176
f 177/177/177 178/178/178 179/179/179
f 179/179/179 180/180/180 177/177/177
f 181/181/181 182/182/182 180/180/180
f 180/180/180 179/179/179 181/181/181
f 181/181/181 183/183/183 184/184/184
f 184/184/184 182/182/182 181/181/181
f 183/183/183 185/185/185 186/186/186
f 186/186/186 184/184/184 183/183/183
f 185/185/185 187/187/187 188/188/188
f 188/188/188 186/186/186 185/185/185
f 187/187/187 189/189/189 190/190/190
f 190/190/190 188/188/188 187/187/187
f 189/189/189 191/191/191 192/192/192
f 192/192/192 190/190/190 189/189/189
f 193/193/193 194/194/194 192/192/192
f 192/192/192 191/191/191 193/193/193
f 195/195/195 196/196/196 194/194/194
f 194/194/194 193/193/193 195/195/195
f 197/197/197 198/198/198 196/196/196
f 196/196/196 195/195/195 197/197/197
f 198/198/198 197/197/197 199/199/199
f 199/199/199 200/200/200 198/198/198
f 200/200/200 199/199/199 201/201/201
f 201/201/201 202/202/202 200/200/200
f 203/203/203 204/204/204 202/202/202
f 202/202/202 201/201/201 203/203/203
f 204/204/204 203/203/203 205/205/205
f 205/205/205 206/206/206 204/204/204
f 206/206/206 205/205/205 207/207/207
f 207/207/207 208/208/208 206/206/206
f 209/209/209 208/208/208 207/207/207
f 207/207/207 210/210/210 209/209/209
f 211/211/211 212/212/212 209/209/209
f 209/209/209 210/210/210 211/211/211
f 212/212/212 211/211/211 178/178/178
f 178/178/178 177/177/177 212/212/212
f 213/213/213 214/214/214 215/215/215
f 215/215/215 216/216/216 213/213/213
f 214/214/214 217/217/217 218/218/218
f 218/218/218 215/215/215 214/214/214
f 219/219/219 220/220/220 221/221/221
f 221/221/221 222/222/222 219/219/219
f 222/222/222 221/221/221 223/223/223
f 223/223/223 224/224/224 222/222/222
f 223/223/223 225/225/225 226/226/226
f 226/226/226 224/224/224 223/223/223
f 227/227/227 226/226/226 225/225/225
f 225/225/225 228/228/228 227/227/227
f 227/227/227 228/228/228 229/229/229
f 229/229/229 230/230/230 227/227/227
f 231/231/231 232/232/232 233/233/233
f 233/233/233 234/234/234 231/231/231
f 234/234/234 233/233/233 235/235/235
f 235/235/235 236/236/236 234/234/234
f 236/236/236 235/235/235 237/237/237
f 237/237/237 238/238/238 236/236/236
f 239/239/239 240/240/240 241/241/241
f 241/241/241 242/242/242 239/239/239
f 243/243/243 244/244/244 245/245/245
f 245/245/245 246/246/246 243/243/243
f 246/246/246 245/245/245 247/247/247
f 247/247/247 248/248/248 246/246/246
f 248/248/248 247/247/247 249/249/249
f 249/249/249 250/250/250 248/248/248
f 250/250/250 249/249/249 251/251/251
f 251/251/251 252/252/252 250/250/250
f 252/252/252 251/251/251 253/253/253
f 253/253/253 254/254/254 252/252/252
f 255/255/255 256/256/256 257/257/257
f 257/257/257 258/258/258 255/255/255
f 258/258/258 257/257/257 213/213/213
f 213/213/213 216/216/216 258/258/258
f 259/259/259 260/260/260 261/261/261
f 261/261/261 262/262/262 259/259/259
f 261/261/261 263/263/263 264/264/264
f 264/264/264 265/265/265 261/261/261
f 264/264/264 266/266/266 265/265/265
f 265/265/265 267/267/267 268/268/268
f 268/268/268 269/269/269 265/265/265
f 268/268/268 270/270/270 269/269/269
f 271/271/271 272/272/272 273/273/273
f 273/273/273 269/269/269 271/271/271
f 272/272/272 274/274/274 273/273/273
f 265/265/265 269/269/269 273/273/273
f 273/273/273 261/261/261 265/265/265
f 275/275/275 262/262/262 261/261/261
f 261/261/261 273/273/273 275/275/275
f 276/276/276 259/259/259 262/262/262
f 277/277/277 278/278/278 279/279/279
f 279/279/279 280/280/280 277/277/277
f 278/278/278 281/281/281 282/282/282
f 282/282/282 283/283/283 278/278/278
f 282/282/282 284/284/284 283/283/283
f 283/283/283 285/285/285 286/286/286
f 286/286/286 287/287/287 283/283/283
f 286/286/286 288/288/288 287/287/287
f 287/287/287 289/289/289 290/290/290
f 290/290/290 291/291/291 287/287/287
f 290/290/290 292/292/292 291/291/291
f 291/291/291 278/278/278 283/283/283
f 283/283/283 287/287/287 291/291/291
f 279/279/279 278/278/278 291/291/291
f 291/291/291 293/293/293 279/279/279
f 294/294/294 280/280/280 279/279/279
f 295/295/295 296/296/296 297/297/297
f 297/297/297 298/298/298 295/295/295
f 295/295/295 299/299/299 300/300/300
f 300/300/300 296/296/296 295/295/295
f 300/300/300 299/299/299 301/301/301
f 301/301/301 302/302/302 300/300/300
f 302/302/302 301/301/301 303/303/303
f 303/303/303 304/304/304 302/302/302
f 304/304/304 303/303/303 305/305/305
f 305/305/305 306/306/306 304/304/304
f 306/306/306 305/305/305 307/307/307
f 307/307/307 308/308/308 306/306/306
f 308/308/308 307/307/307 309/309/309
f 309/309/309 310/310/310 308/308/308
f 309/309/309 311/311/311 312/312/312
f 312/312/312 310/310/310 309/309/309
f 313/313/313 312/312/312 311/311/311
f 311/311/311 314/314/314 313/313/313
f 314/314/314 315/315/315 316/316/316
f 316/316/316 313/313/313 314/314/314
f 316/316/316 315/315/315 317/317/317
f 317/317/317 318/318/318 316/316/316
f 317/317/317 319/319/319 320/320/320
f 320/320/320 318/318/318 317/317/317
f 321/321/321 320/320/320 319/319/319
f 319/319/319 322/322/322 321/321/321
f 322/322/322 323/323/323 324/324/324
f 324/324/324 321/321/321 322/322/322
f 325/325/325 326/326/326 324/324/324
f 324/324/324 323/323/323 325/325/325
f 325/325/325 327/327/327 328/328/328
f 328/328/328 326/326/326 325/325/325
f 327/327/327 329/329/329 330/330/330
f 330/330/330 328/328/328 327/327/327
f 330/330/330 329/329/329 298/298/298
f 298/298/298 297/297/297 330/330/330
f 331/331/331 332/332/332 333/333/333
f 333/333/333 334/334/334 331/331/331
f 333/333/333 332/332/332 335/335/335
f 335/335/335 336/336/336 333/333/333
f 335/335/335 337/337/337 338/338/338
f 338/338/338 336/336/336 335/335/335
f 339/339/339 340/340/340 341/341/341
f 341/341/341 342/342/342 339/339/339
f 343/343/343 341/341/341 340/340/340
f 340/340/340 344/344/344 343/343/343
f 345/345/345 346/346/346 343/343/343
f 343/343/343 344/344/344 345/345/345
f 347/347/347 348/348/348 349/349/349
f 349/349/349 350/350/350 347/347/347
f 351/351/351 348/348/348 347/347/347
f 347/347/347 352/352/352 351/351/351
f 353/353/353 351/351/351 352/352/352
f 352/352/352 354/354/354 353/353/353
f 355/355/355 356/356/356 357/357/357
f 357/357/357 358/358/358 355/355/355
f 359/359/359 360/360/360 356/356/356
f 356/356/356 355/355/355 359/359/359
f 361/361/361 362/362/362 363/363/363
f 363/363/363 364/364/364 361/361/361
f 365/365/365 362/362/362 361/361/361
f 361/361/361 366/366/366 365/365/365
f 367/367/367 368/368/368 365/365/365
f 365/365/365 366/366/366 367/367/367
f 368/368/368 367/367/367 369/369/369
f 369/369/369 370/370/370 368/368/368
f 371/371/371 372/372/372 370/370/370
f 370/370/370 369/369/369 371/371/371
f 373/373/373 374/374/374 375/375/375
f 375/375/375 376/376/376 373/373/373
f 376/376/376 331/331/331 334/334/334
f 334/334/334 373/373/373 376/376/376
f 377/377/377 378/378/378 216/216/216
f 216/216/216 215/215/215 377/377/377
f 218/218/218 379/379/379 377/377/377
f 377/377/377 215/215/215 218/218/218
f 301/301/301 299/299/299 380/380/380
f 380/380/380 381/381/381 301/301/301
f 224/224/224 382/382/382 383/383/383
f 383/383/383 222/222/222 224/224/224
f 226/226/226 384/384/384 382/382/382
f 382/382/382 224/224/224 226/226/226
f 227/227/227 385/385/385 384/384/384
f 384/384/384 226/226/226 227/227/227
f 386/386/386 387/387/387 388/388/388
f 388/388/388 231/231/231 386/386/386
f 231/231/231 234/234/234 389/389/389
f 389/389/389 386/386/386 231/231/231
f 234/234/234 236/236/236 390/390/390
f 390/390/390 389/389/389 234/234/234
f 391/391/391 239/239/239 392/392/392
f 392/392/392 393/393/393 391/391/391
f 392/392/392 239/239/239 242/242/242
f 242/242/242 394/394/394 392/392/392
f 395/395/395 396/396/396 394/394/394
f 394/394/394 242/242/242 395/395/395
f 397/397/397 246/246/246 248/248/248
f 248/248/248 398/398/398 397/397/397
f 398/398/398 248/248/248 250/250/250
f 250/250/250 399/399/399 398/398/398
f 400/400/400 399/399/399 250/250/250
f 250/250/250 252/252/252 400/400/400
f 401/401/401 402/402/402 403/403/403
f 403/403/403 404/404/404 401/401/401
f 329/329/329 327/327/327 405/405/405
f 405/405/405 406/406/406 329/329/329
f 378/378/378 407/407/407 258/258/258
f 258/258/258 216/216/216 378/378/378
f 408/408/408 409/409/409 410/410/410
f 410/410/410 411/411/411 408/408/408
f 412/412/412 413/413/413 414/414/414
f 414/414/414 415/415/415 412/412/412
f 416/416/416 417/417/417 418/418/418
f 418/418/418 419/419/419 416/416/416
f 420/420/420 421/421/421 422/422/422
f 422/422/422 423/423/423 420/420/420
f 424/424/424 425/425/425 426/426/426
f 426/426/426 427/427/427 424/424/424
f 426/426/426 428/428/428 427/427/427
f 424/424/424 427/427/427 429/429/429
f 429/429/429 427/427/427 430/430/430
f 430/430/430 431/431/431 429/429/429
f 430/430/430 432/432/432 431/431/431
f 429/429/429 431/431/431 433/433/433
f 434/434/434 433/433/433 431/431/431
f 431/431/431 435/435/435 434/434/434
f 435/435/435 436/436/436 434/434/434
f 433/433/433 434/434/434 437/437/437
f 425/425/425 437/437/437 434/434/434
f 434/434/434 438/438/438 425/425/425
f 438/438/438 439/439/439 425/425/425
f 437/437/437 425/425/425 424/424/424
f 440/440/440 441/441/441 442/442/442
f 442/442/442 443/443/443 440/440/440
f 444/444/444 445/445/445 446/446/446
f 446/446/446 447/447/447 444/444/444
f 448/448/448 449/449/449 450/450/450
f 450/450/450 451/451/451 448/448/448
f 452/452/452 453/453/453 454/454/454
f 454/454/454 455/455/455 452/452/452
f 456/456/456 457/457/457 458/458/458
f 458/458/458 459/459/459 456/456/456
f 460/460/460 461/461/461 462/462/462
f 462/462/462 463/463/463 460/460/460
f 464/464/464 465/465/465 466/466/466
f 466/466/466 467/467/467 464/464/464
f 468/468/468 469/469/469 470/470/470
f 470/470/470 471/471/471 468/468/468
f 472/472/472 473/473/473 474/474/474
f 474/474/474 475/475/475 472/472/472
f 475/475/475 476/476/476 472/472/472
f 477/477/477 473/473/473 472/472/472
f 475/475/475 478/478/478 479/479/479
f 479/479/479 476/476/476 475/475/475
f 478/478/478 480/480/480 479/479/479
f 481/481/481 476/476/476 479/479/479
f 480/480/480 478/478/478 482/482/482
f 482/482/482 483/483/483 480/480/480
f 482/482/482 484/484/484 483/483/483
f 485/485/485 480/480/480 483/483/483
f 482/482/482 474/474/474 486/486/486
f 486/486/486 484/484/484 482/482/482
f 474/474/474 473/473/473 486/486/486
f 487/487/487 484/484/484 486/486/486
f 488/488/488 489/489/489 490/490/490
f 490/490/490 491/491/491 488/488/488
f 492/492/492 493/493/493 494/494/494
f 494/494/494 495/495/495 492/492/492
f 494/494/494 493/493/493 496/496/496
f 496/496/496 497/497/497 494/494/494
f 498/498/498 499/499/499 500/500/500
f 500/500/500 501/501/501 498/498/498
f 499/499/499 502/502/502 503/503/503
f 503/503/503 500/500/500 499/499/499
f 504/504/504 503/503/503 502/502/502
f 502/502/502 505/505/505 504/504/504
f 504/504/504 505/505/505 506/506/506
f 506/506/506 507/507/507 504/504/504
f 508/508/508 507/507/507 506/506/506
f 506/506/506 509/509/509 508/508/508
f 510/510/510 511/511/511 512/512/512
f 512/512/512 513/513/513 510/510/510
f 510/510/510 513/513/513 514/514/514
f 514/514/514 515/515/515 510/510/510
f 514/514/514 516/516/516 517/517/517
f 517/517/517 515/515/515 514/514/514
f 517/517/517 516/516/516 518/518/518
f 518/518/518 519/519/519 517/517/517
f 520/520/520 521/521/521 522/522/522
f 522/522/522 523/523/523 520/520/520
f 523/523/523 522/522/522 524/524/524
f 524/524/524 525/525/525 523/523/523
f 525/525/525 524/524/524 526/526/526
f 526/526/526 527/527/527 525/525/525
f 527/527/527 526/526/526 528/528/528
f 528/528/528 529/529/529 527/527/527
f 529/529/529 528/528/528 530/530/530
f 530/530/530 531/531/531 529/529/529
f 532/532/532 533/533/533 534/534/534
f 534/534/534 535/535/535 532/532/532
f 534/534/534 492/492/492 495/495/495
f 495/495/495 535/535/535 534/534/534
f 536/536/536 537/537/537 538/538/538
f 538/538/538 539/539/539 536/536/536
f 539/539/539 538/538/538 540/540/540
f 540/540/540 541/541/541 539/539/539
f 542/542/542 543/543/543 544/544/544
f 544/544/544 545/545/545 542/542/542
f 545/545/545 544/544/544 546/546/546
f 546/546/546 547/547/547 545/545/545
f 547/547/547 546/546/546 548/548/548
f 548/548/548 549/549/549 547/547/547
f 550/550/550 551/551/551 552/552/552
f 552/552/552 553/553/553 550/550/550
f 553/553/553 552/552/552 554/554/554
f 554/554/554 555/555/555 553/553/553
f 556/556/556 557/557/557 558/558/558
f 558/558/558 559/559/559 556/556/556
f 559/559/559 558/558/558 560/560/560
f 560/560/560 561/561/561 559/559/559
f 561/561/561 560/560/560 562/562/562
f 562/562/562 563/563/563 561/561/561
f 563/563/563 562/562/562 564/564/564
f 564/564/564 565/565/565 563/563/563
f 566/566/566 567/567/567 568/568/568
f 568/568/568 569/569/569 566/566/566
f 569/569/569 568/568/568 570/570/570
f 570/570/570 571/571/571 569/569/569
f 571/571/571 570/570/570 572/572/572
f 572/572/572 573/573/573 571/571/571
f 573/573/573 572/572/572 574/574/574
f 574/574/574 575/575/575 573/573/573
f 575/575/575 574/574/574 576/576/576
f 576/576/576 577/577/577 575/575/575
f 578/578/578 579/579/579 580/580/580
f 580/580/580 581/581/581 578/578/578
f 581/581/581 580/580/580 537/537/537
f 537/537/537 536/536/536 581/581/581
f 582/582/582 583/583/583 584/584/584
f 584/584/584 585/585/585 582/582/582
f 583/583/583 586/586/586 587/587/587
f 587/587/587 584/584/584 583/583/583
f 588/588/588 589/589/589 587/587/587
f 587/587/587 586/586/586 588/588/588
f 589/589/589 588/588/588 590/590/590
f 590/590/590 591/591/591 589/589/589
f 592/592/592 593/593/593 591/591/591
f 591/591/591 590/590/590 592/592/592
f 592/592/592 594/594/594 595/595/595
f 595/595/595 593/593/593 592/592/592
f 596/596/596 595/595/595 594/594/594
f 594/594/594 597/597/597 596/596/596
f 596/596/596 597/597/597 598/598/598
f 598/598/598 599/599/599 596/596/596
f 599/599/599 598/598/598 600/600/600
f 600/600/600 601/601/601 599/599/599
f 601/601/601 600/600/600 602/602/602
f 602/602/602 603/603/603 601/601/601
f 603/603/603 602/602/602 604/604/604
f 604/604/604 605/605/605 603/603/603
f 605/605/605 604/604/604 606/606/606
f 606/606/606 607/607/607 605/605/605
f 608/608/608 607/607/607 606/606/606
f 606/606/606 609/609/609 608/608/608
f 610/610/610 608/608/608 609/609/609
f 609/609/609 611/611/611 610/610/610
f 612/612/612 610/610/610 611/611/611
f 611/611/611 613/613/613 612/612/612
f 614/614/614 615/615/615 612/612/612
f 612/612/612 613/613/613 614/614/614
f 615/615/615 614/614/614 616/616/616
f 616/616/616 617/617/617 615/615/615
f 617/617/617 616/616/616 582/582/582
f 582/582/582 585/585/585 617/617/617
f 618/618/618 619/619/619 620/620/620
f 620/620/620 621/621/621 618/618/618
f 621/621/621 620/620/620 622/622/622
f 622/622/622 623/623/623 621/621/621
f 624/624/624 625/625/625 626/626/626
f 626/626/626 627/627/627 624/624/624
f 627/627/627 626/626/626 628/628/628
f 628/628/628 629/629/629 627/627/627
f 629/629/629 628/628/628 630/630/630
f 630/630/630 631/631/631 629/629/629
f 631/631/631 630/630/630 632/632/632
f 632/632/632 633/633/633 631/631/631
f 633/633/633 632/632/632 634/634/634
f 634/634/634 635/635/635 633/633/633
f 636/636/636 637/637/637 638/638/638
f 638/638/638 639/639/639 636/636/636
f 638/638/638 637/637/637 640/640/640
f 640/640/640 641/641/641 638/638/638
f 640/640/640 642/642/642 643/643/643
f 643/643/643 641/641/641 640/640/640
f 644/644/644 645/645/645 646/646/646
f 646/646/646 647/647/647 644/644/644
f 648/648/648 649/649/649 650/650/650
f 650/650/650 651/651/651 648/648/648
f 651/651/651 650/650/650 652/652/652
f 652/652/652 653/653/653 651/651/651
f 653/653/653 652/652/652 654/654/654
f 654/654/654 655/655/655 653/653/653
f 655/655/655 654/654/654 656/656/656
f 656/656/656 657/657/657 655/655/655
f 657/657/657 656/656/656 658/658/658
f 658/658/658 659/659/659 657/657/657
f 660/660/660 661/661/661 662/662/662
f 662/662/662 663/663/663 660/660/660
f 619/619/619 618/618/618 663/663/663
f 663/663/663 662/662/662 619/619/619
f 664/664/664 665/665/665 666/666/666
f 666/666/666 667/667/667 664/664/664
f 665/665/665 668/668/668 669/669/669
f 669/669/669 670/670/670 665/665/665
f 669/669/669 671/671/671 670/670/670
f 672/672/672 670/670/670 673/673/673
f 673/673/673 674/674/674 672/672/672
f 674/674/674 675/675/675 672/672/672
f 672/672/672 666/666/666 665/665/665
f 665/665/665 670/670/670 672/672/672
f 672/672/672 676/676/676 677/677/677
f 677/677/677 666/666/666 672/672/672
f 677/677/677 678/678/678 666/666/666
f 666/666/666 679/679/679 680/680/680
f 680/680/680 667/667/667 666/666/666
f 681/681/681 667/667/667 680/680/680
f 682/682/682 683/683/683 684/684/684
f 684/684/684 685/685/685 682/682/682
f 686/686/686 687/687/687 688/688/688
f 688/688/688 684/684/684 686/686/686
f 687/687/687 689/689/689 688/688/688
f 690/690/690 691/691/691 692/692/692
f 692/692/692 688/688/688 690/690/690
f 691/691/691 693/693/693 692/692/692
f 684/684/684 688/688/688 692/692/692
f 692/692/692 685/685/685 684/684/684
f 692/692/692 694/694/694 695/695/695
f 695/695/695 685/685/685 692/692/692
f 695/695/695 696/696/696 685/685/685
f 697/697/697 682/682/682 685/685/685
f 685/685/685 698/698/698 697/697/697
f 699/699/699 682/682/682 697/697/697
f 700/700/700 701/701/701 702/702/702
f 702/702/702 703/703/703 700/700/700
f 703/703/703 702/702/702 704/704/704
f 704/704/704 705/705/705 703/703/703
f 705/705/705 704/704/704 706/706/706
f 706/706/706 707/707/707 705/705/705
f 707/707/707 706/706/706 708/708/708
f 708/708/708 709/709/709 707/707/707
f 709/709/709 708/708/708 710/710/710
f 710/710/710 711/711/711 709/709/709
f 711/711/711 710/710/710 712/712/712
f 712/712/712 713/713/713 711/711/711
f 713/713/713 712/712/712 714/714/714
f 714/714/714 715/715/715 713/713/713
f 715/715/715 714/714/714 716/716/716
f 716/716/716 717/717/717 715/715/715
f 717/717/717 716/716/716 718/718/718
f 718/718/718 719/719/719 717/717/717
f 719/719/719 718/718/718 720/720/720
f 720/720/720 721/721/721 719/719/719
f 721/721/721 720/720/720 722/722/722
f 722/722/722 723/723/723 721/721/721
f 723/723/723 722/722/722 724/724/724
f 724/724/724 725/725/725 723/723/723
f 725/725/725 724/724/724 726/726/726
f 726/726/726 727/727/727 725/725/725
f 727/727/727 726/726/726 728/728/728
f 728/728/728 729/729/729 727/727/727
f 729/729/729 728/728/728 730/730/730
f 730/730/730 731/731/731 729/729/729
f 731/731/731 730/730/730 732/732/732
f 732/732/732 733/733/733 731/731/731
f 732/732/732 734/734/734 735/735/735
f 735/735/735 733/733/733 732/732/732
f 700/700/700 735/735/735 734/734/734
f 734/734/734 701/701/701 700/700/700
f 736/736/736 737/737/737 738/738/738
f 738/738/738 739/739/739 736/736/736
f 739/739/739 738/738/738 740/740/740
f 740/740/740 741/741/741 739/739/739
f 742/742/742 743/743/743 741/741/741
f 741/741/741 740/740/740 742/742/742
f 744/744/744 745/745/745 746/746/746
f 746/746/746 747/747/747 744/744/744
f 748/748/748 749/749/749 746/746/746
f 746/746/746 745/745/745 748/748/748
f 749/749/749 748/748/748 750/750/750
f 750/750/750 751/751/751 749/749/749
f 752/752/752 753/753/753 754/754/754
f 754/754/754 755/755/755 752/752/752
f 755/755/755 754/754/754 756/756/756
f 756/756/756 757/757/757 755/755/755
f 757/757/757 756/756/756 758/758/758
f 758/758/758 759/759/759 757/757/757
f 760/760/760 761/761/761 762/762/762
f 762/762/762 763/763/763 760/760/760
f 764/764/764 763/763/763 762/762/762
f 762/762/762 765/765/765 764/764/764
f 765/765/765 766/766/766 767/767/767
f 767/767/767 764/764/764 765/765/765
f 768/768/768 769/769/769 770/770/770
f 770/770/770 771/771/771 768/768/768
f 771/771/771 770/770/770 772/772/772
f 772/772/772 773/773/773 771/771/771
f 773/773/773 772/772/772 774/774/774
f 774/774/774 775/775/775 773/773/773
f 776/776/776 777/777/777 778/778/778
f 778/778/778 779/779/779 776/776/776
f 780/780/780 781/781/781 782/782/782
f 782/782/782 783/783/783 780/780/780
f 782/782/782 781/781/781 737/737/737
f 737/737/737 736/736/736 782/782/782
f 620/620/620 619/619/619 784/784/784
f 784/784/784 785/785/785 620/620/620
f 620/620/620 785/785/785 786/786/786
f 786/786/786 622/622/622 620/620/620
f 787/787/787 788/788/788 789/789/789
f 789/789/789 790/790/790 787/787/787
f 791/791/791 792/792/792 628/628/628
f 628/628/628 626/626/626 791/791/791
f 628/628/628 792/792/792 793/793/793
f 793/793/793 630/630/630 628/628/628
f 630/630/630 793/793/793 794/794/794
f 794/794/794 632/632/632 630/630/630
f 636/636/636 795/795/795 796/796/796
f 796/796/796 797/797/797 636/636/636
f 798/798/798 637/637/637 636/636/636
f 636/636/636 797/797/797 798/798/798
f 798/798/798 799/799/799 640/640/640
f 640/640/640 637/637/637 798/798/798
f 800/800/800 801/801/801 645/645/645
f 645/645/645 802/802/802 800/800/800
f 801/801/801 803/803/803 646/646/646
f 646/646/646 645/645/645 801/801/801
f 803/803/803 804/804/804 805/805/805
f 805/805/805 646/646/646 803/803/803
f 806/806/806 807/807/807 652/652/652
f 652/652/652 650/650/650 806/806/806
f 808/808/808 654/654/654 652/652/652
f 652/652/652 807/807/807 808/808/808
f 809/809/809 656/656/656 654/654/654
f 654/654/654 808/808/808 809/809/809
f 810/810/810 811/811/811 812/812/812
f 812/812/812 813/813/813 810/810/810
f 814/814/814 815/815/815 811/811/811
f 811/811/811 810/810/810 814/814/814
f 784/784/784 619/619/619 662/662/662
f 662/662/662 816/816/816 784/784/784
f 817/817/817 818/818/818 819/819/819
f 819/819/819 820/820/820 817/817/817
f 821/821/821 822/822/822 823/823/823
f 823/823/823 824/824/824 821/821/821
f 825/825/825 826/826/826 827/827/827
f 827/827/827 828/828/828 825/825/825
f 829/829/829 830/830/830 831/831/831
f 831/831/831 832/832/832 829/829/829
f 833/833/833 834/834/834 835/835/835
f 835/835/835 836/836/836 833/833/833
f 835/835/835 837/837/837 836/836/836
f 833/833/833 836/836/836 838/838/838
f 838/838/838 836/836/836 839/839/839
f 839/839/839 840/840/840 838/838/838
f 839/839/839 841/841/841 840/840/840
f 838/838/838 840/840/840 842/842/842
f 842/842/842 840/840/840 843/843/843
f 843/843/843 844/844/844 842/842/842
f 843/843/843 845/845/845 844/844/844
f 842/842/842 844/844/844 846/846/846
f 846/846/846 844/844/844 847/847/847
f 847/847/847 834/834/834 846/846/846
f 847/847/847 848/848/848 834/834/834
f 846/846/846 834/834/834 833/833/833
f 849/849/849 850/850/850 851/851/851
f 851/851/851 852/852/852 849/849/849
f 853/853/853 854/854/854 855/855/855
f 855/855/855 856/856/856 853/853/853
f 857/857/857 858/858/858 859/859/859
f 859/859/859 860/860/860 857/857/857
f 861/861/861 862/862/862 863/863/863
f 863/863/863 864/864/864 861/861/861
f 865/865/865 866/866/866 867/867/867
f 867/867/867 868/868/868 865/865/865
f 869/869/869 870/870/870 871/871/871
f 871/871/871 872/872/872 869/869/869
f 873/873/873 874/874/874 875/875/875
f 875/875/875 876/876/876 873/873/873
f 877/877/877 878/878/878 879/879/879
f 879/879/879 880/880/880 877/877/877
f 881/881/881 882/882/882 883/883/883
f 883/883/883 884/884/884 881/881/881
f 883/883/883 885/885/885 884/884/884
f 886/886/886 881/881/881 884/884/884
f 883/883/883 887/887/887 888/888/888
f 888/888/888 885/885/885 883/883/883
f 887/887/887 889/889/889 888/888/888
f 890/890/890 885/885/885 888/888/888
f 889/889/889 887/887/887 891/891/891
f 891/891/891 892/892/892 889/889/889
f 891/891/891 893/893/893 892/892/892
f 894/894/894 889/889/889 892/892/892
f 895/895/895 893/893/893 891/891/891
f 891/891/891 882/882/882 895/895/895
f 882/882/882 881/881/881 895/895/895
f 896/896/896 893/893/893 895/895/895
f 897/897/897 898/898/898 899/899/899
f 899/899/899 900/900/900 897/897/897
f 901/901/901 902/902/902 903/903/903
f 903/903/903 904/904/904 901/901/901
f 904/904/904 903/903/903 905/905/905
f 905/905/905 906/906/906 904/904/904
f 906/906/906 905/905/905 907/907/907
f 907/907/907 908/908/908 906/906/906
f 909/909/909 910/910/910 911/911/911
f 911/911/911 912/912/912 909/909/909
f 912/912/912 911/911/911 913/913/913
f 913/913/913 914/914/914 912/912/912
f 914/914/914 913/913/913 915/915/915
f 915/915/915 916/916/916 914/914/914
f 917/917/917 918/918/918 919/919/919
f 919/919/919 920/920/920 917/917/917
f 920/920/920 919/919/919 921/921/921
f 921/921/921 922/922/922 920/920/920
f 922/922/922 921/921/921 923/923/923
f 923/923/923 924/924/924 922/922/922
f 925/925/925 926/926/926 927/927/927
f 927/927/927 928/928/928 925/925/925
f 928/928/928 927/927/927 929/929/929
f 929/929/929 930/930/930 928/928/928
f 930/930/930 929/929/929 931/931/931
f 931/931/931 932/932/932 930/930/930
f 933/933/933 934/934/934 935/935/935
f 935/935/935 936/936/936 933/933/933
f 936/936/936 935/935/935 937/937/937
f 937/937/937 938/938/938 936/936/936
f 937/937/937 939/939/939 940/940/940
f 940/940/940 938/938/938 937/937/937
f 941/941/941 942/942/942 943/943/943
f 943/943/943 944/944/944 941/941/941
f 945/945/945 946/946/946 947/947/947
f 947/947/947 948/948/948 945/945/945
f 902/902/902 901/901/901 947/947/947
f 947/947/947 946/946/946 902/902/902
f 949/949/949 950/950/950 951/951/951
f 951/951/951 952/952/952 949/949/949
f 952/952/952 951/951/951 953/953/953
f 953/953/953 954/954/954 952/952/952
f 954/954/954 953/953/953 955/955/955
f 955/955/955 956/956/956 954/954/954
f 957/957/957 958/958/958 959/959/959
f 959/959/959 960/960/960 957/957/957
f 960/960/960 959/959/959 961/961/961
f 961/961/961 962/962/962 960/960/960
f 962/962/962 961/961/961 963/963/963
f 963/963/963 964/964/964 962/962/962
f 965/965/965 966/966/966 967/967/967
f 967/967/967 968/968/968 965/965/965
f 968/968/968 967/967/967 969/969/969
f 969/969/969 970/970/970 968/968/968
f 970/970/970 969/969/969 971/971/971
f 971/971/971 972/972/972 970/970/970
f 973/973/973 974/974/974 975/975/975
f 975/975/975 976/976/976 973/973/973
f 976/976/976 975/975/975 977/977/977
f 977/977/977 978/978/978 976/976/976
f 978/978/978 977/977/977 979/979/979
f 979/979/979 980/980/980 978/978/978
f 981/981/981 982/982/982 983/983/983
f 983/983/983 984/984/984 981/981/981
f 984/984/984 983/983/983 985/985/985
f 985/985/985 986/986/986 984/984/984
f 986/986/986 985/985/985 987/987/987
f 987/987/987 988/988/988 986/986/986
f 989/989/989 990/990/990 991/991/991
f 991/991/991 992/992/992 989/989/989
f 993/993/993 994/994/994 995/995/995
f 995/995/995 996/996/996 993/993/993
f 996/996/996 995/995/995 950/950/950
f 950/950/950 949/949/949 996/996/996
f 997/997/997 998/998/998 999/999/999
f 999/999/999 1000/1000/1000 997/997/997
f 997/997/997 1000/1000/1000 1001/1001/1001
f 1001/1001/1001 1002/1002/1002 997/997/997
f 1002/1002/1002 1001/1001/1001 1003/1003/1003
f 1003/1003/1003 1004/1004/1004 1002/1002/1002
f 1004/1004/1004 1003/1003/1003 1005/1005/1005
f 1005/1005/1005 1006/1006/1006 1004/1004/1004
f 1005/1005/1005 1007/1007/1007 1008/1008/1008
f 1008/1008/1008 1006/1006/1006 1005/1005/1005
f 1009/1009/1009 1010/1010/1010 1008/1008/1008
f 1008/1008/1008 1007/1007/1007 1009/1009/1009
f 1011/1011/1011 1012/1012/1012 1010/1010/1010
f 1010/1010/1010 1009/1009/1009 1011/1011/1011
f 1013/1013/1013 1012/1012/1012 1011/1011/1011
f 1011/1011/1011 1014/1014/1014 1013/1013/1013
f 1015/1015/1015 1013/1013/1013 1014/1014/1014
f 1014/1014/1014 1016/1016/1016 1015/1015/1015
f 1017/1017/1017 1018/1018/1018 1015/1015/1015
f 1015/1015/1015 1016/1016/1016 1017/1017/1017
f 1018/1018/1018 1017/1017/1017 1019/1019/1019
f 1019/1019/1019 1020/1020/1020 1018/1018/1018
f 1020/1020/1020 1019/1019/1019 1021/1021/1021
f 1021/1021/1021 1022/1022/1022 1020/1020/1020
f 1022/1022/1022 1021/1021/1021 1023/1023/1023
f 1023/1023/1023 1024/1024/1024 1022/1022/1022
f 1025/1025/1025 1024/1024/1024 1023/1023/1023
f 1023/1023/1023 1026/1026/1026 1025/1025/1025
f 1025/1025/1025 1026/1026/1026 1027/1027/1027
f 1027/1027/1027 1028/1028/1028 1025/1025/1025
f 1029/1029/1029 1030/1030/1030 1028/1028/1028
f 1028/1028/1028 1027/1027/1027 1029/1029/1029
f 1030/1030/1030 1029/1029/1029 1031/1031/1031
f 1031/1031/1031 1032/1032/1032 1030/1030/1030
f 999/999/999 998/998/998 1032/1032/1032
f 1032/1032/1032 1031/1031/1031 999/999/999
f 1033/1033/1033 1034/1034/1034 1035/1035/1035
f 1035/1035/1035 1036/1036/1036 1033/1033/1033
f 1036/1036/1036 1035/1035/1035 1037/1037/1037
f 1037/1037/1037 1038/1038/1038 1036/1036/1036
f 1038/1038/1038 1037/1037/1037 1039/1039/1039
f 1039/1039/1039 1040/1040/1040 1038/1038/1038
f 1041/1041/1041 1042/1042/1042 1043/1043/1043
f 1043/1043/1043 1044/1044/1044 1041/1041/1041
f 1044/1044/1044 1043/1043/1043 1045/1045/1045
f 1045/1045/1045 1046/1046/1046 1044/1044/1044
f 1046/1046/1046 1045/1045/1045 1047/1047/1047
f 1047/1047/1047 1048/1048/1048 1046/1046/1046
f 1049/1049/1049 1050/1050/1050 1051/1051/1051
f 1051/1051/1051 1052/1052/1052 1049/1049/1049
f 1052/1052/1052 1051/1051/1051 1053/1053/1053
f 1053/1053/1053 1054/1054/1054 1052/1052/1052
f 1054/1054/1054 1053/1053/1053 1055/1055/1055
f 1055/1055/1055 1056/1056/1056 1054/1054/1054
f 1057/1057/1057 1058/1058/1058 1059/1059/1059
f 1059/1059/1059 1060/1060/1060 1057/1057/1057
f 1060/1060/1060 1059/1059/1059 1061/1061/1061
f 1061/1061/1061 1062/1062/1062 1060/1060/1060
f 1062/1062/1062 1061/1061/1061 1063/1063/1063
f 1063/1063/1063 1064/1064/1064 1062/1062/1062
f 1065/1065/1065 1066/1066/1066 1067/1067/1067
f 1067/1067/1067 1068/1068/1068 1065/1065/1065
f 1068/1068/1068 1067/1067/1067 1069/1069/1069
f 1069/1069/1069 1070/1070/1070 1068/1068/1068
f 1069/1069/1069 1071/1071/1071 1072/1072/1072
f 1072/1072/1072 1070/1070/1070 1069/1069/1069
f 1073/1073/1073 1074/1074/1074 1075/1075/1075
f 1075/1075/1075 1076/1076/1076 1073/1073/1073
f 1077/1077/1077 1078/1078/1078 1079/1079/1079
f 1079/1079/1079 1080/1080/1080 1077/1077/1077
f 1034/1034/1034 1033/1033/1033 1079/1079/1079
f 1079/1079/1079 1078/1078/1078 1034/1034/1034
f 1081/1081/1081 1082/1082/1082 1083/1083/1083
f 1083/1083/1083 1084/1084/1084 1081/1081/1081
f 1083/1083/1083 1085/1085/1085 1086/1086/1086
f 1086/1086/1086 1087/1087/1087 1083/1083/1083
f 1086/1086/1086 1088/1088/1088 1087/1087/1087
f 1087/1087/1087 1089/1089/1089 1090/1090/1090
f 1090/1090/1090 1091/1091/1091 1087/1087/1087
f 1090/1090/1090 1092/1092/1092 1091/1091/1091
f 1083/1083/1083 1087/1087/1087 1091/1091/1091
f 1091/1091/1091 1084/1084/1084 1083/1083/1083
f 1091/1091/1091 1093/1093/1093 1094/1094/1094
f 1094/1094/1094 1084/1084/1084 1091/1091/1091
f 1094/1094/1094 1095/1095/1095 1084/1084/1084
f 1084/1084/1084 1096/1096/1096 1097/1097/1097
f 1097/1097/1097 1081/1081/1081 1084/1084/1084
f 1098/1098/1098 1081/1081/1081 1097/1097/1097
f 1099/1099/1099 1100/1100/1100 1101/1101/1101
f 1101/1101/1101 1102/1102/1102 1099/1099/1099
f 1103/1103/1103 1104/1104/1104 1105/1105/1105
f 1105/1105/1105 1101/1101/1101 1103/1103/1103
f 1104/1104/1104 1106/1106/1106 1105/1105/1105
f 1107/1107/1107 1108/1108/1108 1109/1109/1109
f 1109/1109/1109 1105/1105/1105 1107/1107/1107
f 1108/1108/1108 1110/1110/1110 1109/1109/1109
f 1101/1101/1101 1105/1105/1105 1109/1109/1109
f 1109/1109/1109 1102/1102/1102 1101/1101/1101
f 1109/1109/1109 1111/1111/1111 1112/1112/1112
f 1112/1112/1112 1102/1102/1102 1109/1109/1109
f 1112/1112/1112 1113/1113/1113 1102/1102/1102
f 1099/1099/1099 1102/1102/1102 1114/1114/1114
f 1114/1114/1114 1115/1115/1115 1099/1099/1099
f 1116/1116/1116 1099/1099/1099 1115/1115/1115
f 1117/1117/1117 1118/1118/1118 1119/1119/1119
f 1119/1119/1119 1120/1120/1120 1117/1117/1117
f 1120/1120/1120 1119/1119/1119 1121/1121/1121
f 1121/1121/1121 1122/1122/1122 1120/1120/1120
f 1122/1122/1122 1121/1121/1121 1123/1123/1123
f 1123/1123/1123 1124/1124/1124 1122/1122/1122
f 1124/1124/1124 1123/1123/1123 1125/1125/1125
f 1125/1125/1125 1126/1126/1126 1124/1124/1124
f 1126/1126/1126 1125/1125/1125 1127/1127/1127
f 1127/1127/1127 1128/1128/1128 1126/1126/1126
f 1128/1128/1128 1127/1127/1127 1129/1129/1129
f 1129/1129/1129 1130/1130/1130 1128/1128/1128
f 1130/1130/1130 1129/1129/1129 1131/1131/1131
f 1131/1131/1131 1132/1132/1132 1130/1130/1130
f 1132/1132/1132 1131/1131/1131 1133/1133/1133
f 1133/1133/1133 1134/1134/1134 1132/1132/1132
f 1134/1134/1134 1133/1133/1133 1135/1135/1135
f 1135/1135/1135 1136/1136/1136 1134/1134/1134
f 1136/1136/1136 1135/1135/1135 1137/1137/1137
f 1137/1137/1137 1138/1138/1138 1136/1136/1136
f 1138/1138/1138 1137/1137/1137 1139/1139/1139
f 1139/1139/1139 1140/1140/1140 1138/1138/1138
f 1140/1140/1140 1139/1139/1139 1141/1141/1141
f 1141/1141/1141 1142/1142/1142 1140/1140/1140
f 1142/1142/1142 1141/1141/1141 1143/1143/1143
f 1143/1143/1143 1144/1144/1144 1142/1142/1142
f 1144/1144/1144 1143/1143/1143 1145/1145/1145
f 1145/1145/1145 1146/1146/1146 1144/1144/1144
f 1146/1146/1146 1145/1145/1145 1147/1147/1147
f 1147/1147/1147 1148/1148/1148 1146/1146/1146
f 1148/1148/1148 1147/1147/1147 1149/1149/1149
f 1149/1149/1149 1150/1150/1150 1148/1148/1148
f 1150/1150/1150 1149/1149/1149 1151/1151/1151
f 1151/1151/1151 1152/1152/1152 1150/1150/1150
f 1152/1152/1152 1151/1151/1151 1118/1118/1118
f 1118/1118/1118 1117/1117/1117 1152/1152/1152
f 1153/1153/1153 1154/1154/1154 1155/1155/1155
f 1155/1155/1155 1156/1156/1156 1153/1153/1153
f 1156/1156/1156 1155/1155/1155 1157/1157/1157
f 1157/1157/1157 1158/1158/1158 1156/1156/1156
f 1158/1158/1158 1157/1157/1157 1159/1159/1159
f 1159/1159/1159 1160/1160/1160 1158/1158/1158
f 1161/1161/1161 1162/1162/1162 1163/1163/1163
f 1163/1163/1163 1164/1164/1164 1161/1161/1161
f 1165/1165/1165 1162/1162/1162 1161/1161/1161
f 1161/1161/1161 1166/1166/1166 1165/1165/1165
f 1165/1165/1165 1166/1166/1166 1167/1167/1167
f 1167/1167/1167 1168/1168/1168 1165/1165/1165
f 1169/1169/1169 1170/1170/1170 1171/1171/1171
f 1171/1171/1171 1172/1172/1172 1169/1169/1169
f 1169/1169/1169 1172/1172/1172 1173/1173/1173
f 1173/1173/1173 1174/1174/1174 1169/1169/1169
f 1174/1174/1174 1173/1173/1173 1175/1175/1175
f 1175/1175/1175 1176/1176/1176 1174/1174/1174
f 1177/1177/1177 1178/1178/1178 1179/1179/1179
f 1179/1179/1179 1180/1180/1180 1177/1177/1177
f 1180/1180/1180 1179/1179/1179 1181/1181/1181
f 1181/1181/1181 1182/1182/1182 1180/1180/1180
f 1182/1182/1182 1181/1181/1181 1183/1183/1183
f 1183/1183/1183 1184/1184/1184 1182/1182/1182
f 1185/1185/1185 1186/1186/1186 1187/1187/1187
f 1187/1187/1187 1188/1188/1188 1185/1185/1185
f 1186/1186/1186 1185/1185/1185 1189/1189/1189
f 1189/1189/1189 1190/1190/1190 1186/1186/1186
f 1189/1189/1189 1191/1191/1191 1192/1192/1192
f 1192/1192/1192 1190/1190/1190 1189/1189/1189
f 1193/1193/1193 1194/1194/1194 1195/1195/1195
f 1195/1195/1195 1196/1196/1196 1193/1193/1193
f 1197/1197/1197 1198/1198/1198 1199/1199/1199
f 1199/1199/1199 1200/1200/1200 1197/1197/1197
f 1200/1200/1200 1199/1199/1199 1154/1154/1154
f 1154/1154/1154 1153/1153/1153 1200/1200/1200
f 1201/1201/1201 1035/1035/1035 1034/1034/1034
f 1034/1034/1034 1202/1202/1202 1201/1201/1201
f 1035/1035/1035 1201/1201/1201 1203/1203/1203
f 1203/1203/1203 1037/1037/1037 1035/1035/1035
f 1204/1204/1204 1205/1205/1205 1206/1206/1206
f 1206/1206/1206 1042/1042/1042 1204/1204/1204
f 1043/1043/1043 1042/1042/1042 1206/1206/1206
f 1206/1206/1206 1207/1207/1207 1043/1043/1043
f 1045/1045/1045 1043/1043/1043 1207/1207/1207
f 1207/1207/1207 1208/1208/1208 1045/1045/1045
f 1209/1209/1209 1050/1050/1050 1210/1210/1210
f 1210/1210/1210 1211/1211/1211 1209/1209/1209
f 1209/1209/1209 1212/1212/1212 1051/1051/1051
f 1051/1051/1051 1050/1050/1050 1209/1209/1209
f 1053/1053/1053 1051/1051/1051 1212/1212/1212
f 1212/1212/1212 1213/1213/1213 1053/1053/1053
f 1214/1214/1214 1215/1215/1215 1216/1216/1216
f 1216/1216/1216 1058/1058/1058 1214/1214/1214
f 1058/1058/1058 1216/1216/1216 1217/1217/1217
f 1217/1217/1217 1059/1059/1059 1058/1058/1058
f 1217/1217/1217 1218/1218/1218 1061/1061/1061
f 1061/1061/1061 1059/1059/1059 1217/1217/1217
f 1219/1219/1219 1220/1220/1220 1221/1221/1221
f 1221/1221/1221 1066/1066/1066 1219/1219/1219
f 1066/1066/1066 1221/1221/1221 1222/1222/1222
f 1222/1222/1222 1067/1067/1067 1066/1066/1066
f 1069/1069/1069 1067/1067/1067 1222/1222/1222
f 1222/1222/1222 1223/1223/1223 1069/1069/1069
f 1224/1224/1224 1074/1074/1074 1225/1225/1225
f 1225/1225/1225 1226/1226/1226 1224/1224/1224
f 1224/1224/1224 1227/1227/1227 1075/1075/1075
f 1075/1075/1075 1074/1074/1074 1224/1224/1224
f 1227/1227/1227 1228/1228/1228 1229/1229/1229
f 1229/1229/1229 1075/1075/1075 1227/1227/1227
f 1078/1078/1078 1230/1230/1230 1202/1202/1202
f 1202/1202/1202 1034/1034/1034 1078/1078/1078
f 1231/1231/1231 1232/1232/1232 1233/1233/1233
f 1233/1233/1233 1234/1234/1234 1231/1231/1231
f 1235/1235/1235 1236/1236/1236 1237/1237/1237
f 1237/1237/1237 1238/1238/1238 1235/1235/1235
f 1239/1239/1239 1240/1240/1240 1241/1241/1241
f 1241/1241/1241 1242/1242/1242 1239/1239/1239
f 1243/1243/1243 1244/1244/1244 1245/1245/1245
f 1245/1245/1245 1246/1246/1246 1243/1243/1243
f 1247/1247/1247 1248/1248/1248 1249/1249/1249
f 1249/1249/1249 1250/1250/1250 1247/1247/1247
f 1249/1249/1249 1251/1251/1251 1252/1252/1252
f 1252/1252/1252 1250/1250/1250 1249/1249/1249
f 1253/1253/1253 1254/1254/1254 1255/1255/1255
f 1255/1255/1255 1247/1247/1247 1253/1253/1253
f 1247/1247/1247 1255/1255/1255 1256/1256/1256
f 1256/1256/1256 1248/1248/1248 1247/1247/1247
f 1253/1253/1253 1257/1257/1257 1258/1258/1258
f 1258/1258/1258 1259/1259/1259 1253/1253/1253
f 1259/1259/1259 1260/1260/1260 1254/1254/1254
f 1254/1254/1254 1253/1253/1253 1259/1259/1259
f 1250/1250/1250 1252/1252/1252 1261/1261/1261
f 1261/1261/1261 1257/1257/1257 1250/1250/1250
f 1261/1261/1261 1262/1262/1262 1258/1258/1258
f 1258/1258/1258 1257/1257/1257 1261/1261/1261
f 1263/1263/1263 1264/1264/1264 1265/1265/1265
f 1265/1265/1265 1266/1266/1266 1263/1263/1263
f 1267/1267/1267 1268/1268/1268 1269/1269/1269
f 1269/1269/1269 1270/1270/1270 1267/1267/1267
f 1271/1271/1271 1272/1272/1272 1273/1273/1273
f 1273/1273/1273 1274/1274/1274 1271/1271/1271
f 1275/1275/1275 1276/1276/1276 1277/1277/1277
f 1277/1277/1277 1278/1278/1278 1275/1275/1275
f 1279/1279/1279 1280/1280/1280 1281/1281/1281
f 1281/1281/1281 1282/1282/1282 1279/1279/1279
f 1283/1283/1283 1284/1284/1284 1285/1285/1285
f 1285/1285/1285 1286/1286/1286 1283/1283/1283
f 1287/1287/1287 1288/1288/1288 1289/1289/1289
f 1289/1289/1289 1290/1290/1290 1287/1287/1287
f 1291/1291/1291 1292/1292/1292 1293/1293/1293
f 1293/1293/1293 1294/1294/1294 1291/1291/1291
f 1295/1295/1295 1296/1296/1296 1297/1297/1297
f 1297/1297/1297 1298/1298/1298 1295/1295/1295
f 1298/1298/1298 1299/1299/1299 1300/1300/1300
f 1300/1300/1300 1295/1295/1295 1298/1298/1298
f 1301/1301/1301 1302/1302/1302 1303/1303/1303
f 1303/1303/1303 1304/1304/1304 1301/1301/1301
f 1301/1301/1301 1304/1304/1304 1298/1298/1298
f 1298/1298/1298 1297/1297/1297 1301/1301/1301
f 1305/1305/1305 1306/1306/1306 1307/1307/1307
f 1307/1307/1307 1308/1308/1308 1305/1305/1305
f 1305/1305/1305 1308/1308/1308 1304/1304/1304
f 1304/1304/1304 1303/1303/1303 1305/1305/1305
f 1309/1309/1309 1310/1310/1310 1300/1300/1300
f 1300/1300/1300 1299/1299/1299 1309/1309/1309
f 1309/1309/1309 1299/1299/1299 1308/1308/1308
f 1308/1308/1308 1307/1307/1307 1309/1309/1309
f 1311/1311/1311 1312/1312/1312 1313/1313/1313
f 1313/1313/1313 1314/1314/1314 1311/1311/1311
f 1315/1315/1315 1316/1316/1316 1317/1317/1317
f 1317/1317/1317 1318/1318/1318 1315/1315/1315
f 1316/1316/1316 1319/1319/1319 1320/1320/1320
f 1320/1320/1320 1317/1317/1317 1316/1316/1316
f 1321/1321/1321 1322/1322/1322 1323/1323/1323
f 1323/1323/1323 1324/1324/1324 1321/1321/1321
f 1322/1322/1322 1325/1325/1325 1326/1326/1326
f 1326/1326/1326 1323/1323/1323 1322/1322/1322
f 1325/1325/1325 1327/1327/1327 1328/1328/1328
f 1328/1328/1328 1326/1326/1326 1325/1325/1325
f 1329/1329/1329 1330/1330/1330 1331/1331/1331
f 1331/1331/1331 1332/1332/1332 1329/1329/1329
f 1330/1330/1330 1333/1333/1333 1334/1334/1334
f 1334/1334/1334 1331/1331/1331 1330/1330/1330
f 1335/1335/1335 1336/1336/1336 1337/1337/1337
f 1337/1337/1337 1338/1338/1338 1335/1335/1335
f 1336/1336/1336 1339/1339/1339 1340/1340/1340
f 1340/1340/1340 1337/1337/1337 1336/1336/1336
f 1339/1339/1339 1341/1341/1341 1342/1342/1342
f 1342/1342/1342 1340/1340/1340 1339/1339/1339
f 1341/1341/1341 1343/1343/1343 1344/1344/1344
f 1344/1344/1344 1342/1342/1342 1341/1341/1341
f 1345/1345/1345 1346/1346/1346 1347/1347/1347
f 1347/1347/1347 1348/1348/1348 1345/1345/1345
f 1346/1346/1346 1349/1349/1349 1350/1350/1350
f 1350/1350/1350 1347/1347/1347 1346/1346/1346
f 1349/1349/1349 1351/1351/1351 1352/1352/1352
f 1352/1352/1352 1350/1350/1350 1349/1349/1349
f 1353/1353/1353 1354/1354/1354 1355/1355/1355
f 1355/1355/1355 1356/1356/1356 1353/1353/1353
f 1354/1354/1354 1357/1357/1357 1358/1358/1358
f 1358/1358/1358 1355/1355/1355 1354/1354/1354
f 1359/1359/1359 1360/1360/1360 1361/1361/1361
f 1361/1361/1361 1362/1362/1362 1359/1359/1359
f 1318/1318/1318 1361/1361/1361 1360/1360/1360
f 1360/1360/1360 1315/1315/1315 1318/1318/1318
f 1363/1363/1363 1364/1364/1364 1365/1365/1365
f 1365/1365/1365 1366/1366/1366 1363/1363/1363
f 1364/1364/1364 1367/1367/1367 1368/1368/1368
f 1368/1368/1368 1365/1365/1365 1364/1364/1364
f 1367/1367/1367 1369/1369/1369 1370/1370/1370
f 1370/1370/1370 1368/1368/1368 1367/1367/1367
f 1371/1371/1371 1372/1372/1372 1373/1373/1373
f 1373/1373/1373 1374/1374/1374 1371/1371/1371
f 1372/1372/1372 1375/1375/1375 1376/1376/1376
f 1376/1376/1376 1373/1373/1373 1372/1372/1372
f 1375/1375/1375 1377/1377/1377 1378/1378/1378
f 1378/1378/1378 1376/1376/1376 1375/1375/1375
f 1379/1379/1379 1380/1380/1380 1381/1381/1381
f 1381/1381/1381 1382/1382/1382 1379/1379/1379
f 1380/1380/1380 1383/1383/1383 1384/1384/1384
f 1384/1384/1384 1381/1381/1381 1380/1380/1380
f 1383/1383/1383 1385/1385/1385 1386/1386/1386
f 1386/1386/1386 1384/1384/1384 1383/1383/1383
f 1387/1387/1387 1388/1388/1388 1389/1389/1389
f 1389/1389/1389 1390/1390/1390 1387/1387/1387
f 1388/1388/1388 1391/1391/1391 1392/1392/1392
f 1392/1392/1392 1389/1389/1389 1388/1388/1388
f 1391/1391/1391 1393/1393/1393 1394/1394/1394
f 1394/1394/1394 1392/1392/1392 1391/1391/1391
f 1395/1395/1395 1396/1396/1396 1397/1397/1397
f 1397/1397/1397 1398/1398/1398 1395/1395/1395
f 1396/1396/1396 1399/1399/1399 1400/1400/1400
f 1400/1400/1400 1397/1397/1397 1396/1396/1396
f 1399/1399/1399 1401/1401/1401 1402/1402/1402
f 1402/1402/1402 1400/1400/1400 1399/1399/1399
f 1403/1403/1403 1404/1404/1404 1405/1405/1405
f 1405/1405/1405 1406/1406/1406 1403/1403/1403
f 1407/1407/1407 1408/1408/1408 1409/1409/1409
f 1409/1409/1409 1410/1410/1410 1407/1407/1407
f 1409/1409/1409 1408/1408/1408 1363/1363/1363
f 1363/1363/1363 1366/1366/1366 1409/1409/1409
f 1411/1411/1411 1412/1412/1412 1413/1413/1413
f 1413/1413/1413 1414/1414/1414 1411/1411/1411
f 1415/1415/1415 1413/1413/1413 1412/1412/1412
f 1412/1412/1412 1416/1416/1416 1415/1415/1415
f 1416/1416/1416 1417/1417/1417 1418/1418/1418
f 1418/1418/1418 1415/1415/1415 1416/1416/1416
f 1419/1419/1419 1420/1420/1420 1418/1418/1418
f 1418/1418/1418 1417/1417/1417 1419/1419/1419
f 1421/1421/1421 1422/1422/1422 1420/1420/1420
f 1420/1420/1420 1419/1419/1419 1421/1421/1421
f 1423/1423/1423 1424/1424/1424 1422/1422/1422
f 1422/1422/1422 1421/1421/1421 1423/1423/1423
f 1425/1425/1425 1426/1426/1426 1424/1424/1424
f 1424/1424/1424 1423/1423/1423 1425/1425/1425
f 1425/1425/1425 1427/1427/1427 1428/1428/1428
f 1428/1428/1428 1426/1426/1426 1425/1425/1425
f 1429/1429/1429 1430/1430/1430 1428/1428/1428
f 1428/1428/1428 1427/1427/1427 1429/1429/1429
f 1429/1429/1429 1431/1431/1431 1432/1432/1432
f 1432/1432/1432 1430/1430/1430 1429/1429/1429
f 1431/1431/1431 1433/1433/1433 1434/1434/1434
f 1434/1434/1434 1432/1432/1432 1431/1431/1431
f 1434/1434/1434 1433/1433/1433 1435/1435/1435
f 1435/1435/1435 1436/1436/1436 1434/1434/1434
f 1436/1436/1436 1435/1435/1435 1437/1437/1437
f 1437/1437/1437 1438/1438/1438 1436/1436/1436
f 1439/1439/1439 1438/1438/1438 1437/1437/1437
f 1437/1437/1437 1440/1440/1440 1439/1439/1439
f 1439/1439/1439 1440/1440/1440 1441/1441/1441
f 1441/1441/1441 1442/1442/1442 1439/1439/1439
f 1441/1441/1441 1443/1443/1443 1444/1444/1444
f 1444/1444/1444 1442/1442/1442 1441/1441/1441
f 1443/1443/1443 1445/1445/1445 1446/1446/1446
f 1446/1446/1446 1444/1444/1444 1443/1443/1443
f 1445/1445/1445 1411/1411/1411 1414/1414/1414
f 1414/1414/1414 1446/1446/1446 1445/1445/1445
f 1447/1447/1447 1448/1448/1448 1449/1449/1449
f 1449/1449/1449 1450/1450/1450 1447/1447/1447
f 1448/1448/1448 1451/1451/1451 1452/1452/1452
f 1452/1452/1452 1449/1449/1449 1448/1448/1448
f 1451/1451/1451 1453/1453/1453 1454/1454/1454
f 1454/1454/1454 1452/1452/1452 1451/1451/1451
f 1455/1455/1455 1456/1456/1456 1457/1457/1457
f 1457/1457/1457 1458/1458/1458 1455/1455/1455
f 1456/1456/1456 1459/1459/1459 1460/1460/1460
f 1460/1460/1460 1457/1457/1457 1456/1456/1456
f 1459/1459/1459 1461/1461/1461 1462/1462/1462
f 1462/1462/1462 1460/1460/1460 1459/1459/1459
f 1463/1463/1463 1464/1464/1464 1465/1465/1465
f 1465/1465/1465 1466/1466/1466 1463/1463/1463
f 1464/1464/1464 1467/1467/1467 1468/1468/1468
f 1468/1468/1468 1465/1465/1465 1464/1464/1464
f 1467/1467/1467 1469/1469/1469 1470/1470/1470
f 1470/1470/1470 1468/1468/1468 1467/1467/1467
f 1471/1471/1471 1472/1472/1472 1473/1473/1473
f 1473/1473/1473 1474/1474/1474 1471/1471/1471
f 1472/1472/1472 1475/1475/1475 1476/1476/1476
f 1476/1476/1476 1473/1473/1473 1472/1472/1472
f 1475/1475/1475 1477/1477/1477 1478/1478/1478
f 1478/1478/1478 1476/1476/1476 1475/1475/1475
f 1479/1479/1479 1480/1480/1480 1481/1481/1481
f 1481/1481/1481 1482/1482/1482 1479/1479/1479
f 1480/1480/1480 1483/1483/1483 1484/1484/1484
f 1484/1484/1484 1481/1481/1481 1480/1480/1480
f 1483/1483/1483 1485/1485/1485 1486/1486/1486
f 1486/1486/1486 1484/1484/1484 1483/1483/1483
f 1487/1487/1487 1488/1488/1488 1489/1489/1489
f 1489/1489/1489 1490/1490/1490 1487/1487/1487
f 1491/1491/1491 1492/1492/1492 1493/1493/1493
f 1493/1493/1493 1494/1494/1494 1491/1491/1491
f 1450/1450/1450 1493/1493/1493 1492/1492/1492
f 1492/1492/1492 1447/1447/1447 1450/1450/1450
f 1495/1495/1495 1496/1496/1496 1497/1497/1497
f 1497/1497/1497 1498/1498/1498 1495/1495/1495
f 1497/1497/1497 1499/1499/1499 1500/1500/1500
f 1500/1500/1500 1501/1501/1501 1497/1497/1497
f 1500/1500/1500 1502/1502/1502 1501/1501/1501
f 1501/1501/1501 1503/1503/1503 1504/1504/1504
f 1504/1504/1504 1505/1505/1505 1501/1501/1501
f 1504/1504/1504 1506/1506/1506 1505/1505/1505
f 1505/1505/1505 1507/1507/1507 1508/1508/1508
f 1508/1508/1508 1509/1509/1509 1505/1505/1505
f 1508/1508/1508 1510/1510/1510 1509/1509/1509
f 1505/1505/1505 1509/1509/1509 1497/1497/1497
f 1497/1497/1497 1501/1501/1501 1505/1505/1505
f 1509/1509/1509 1511/1511/1511 1498/1498/1498
f 1498/1498/1498 1497/1497/1497 1509/1509/1509
f 1512/1512/1512 1495/1495/1495 1498/1498/1498
f 1513/1513/1513 1514/1514/1514 1515/1515/1515
f 1515/1515/1515 1516/1516/1516 1513/1513/1513
f 1515/1515/1515 1517/1517/1517 1518/1518/1518
f 1518/1518/1518 1519/1519/1519 1515/1515/1515
f 1518/1518/1518 1520/1520/1520 1519/1519/1519
f 1521/1521/1521 1519/1519/1519 1522/1522/1522
f 1522/1522/1522 1523/1523/1523 1521/1521/1521
f 1523/1523/1523 1524/1524/1524 1521/1521/1521
f 1521/1521/1521 1525/1525/1525 1526/1526/1526
f 1526/1526/1526 1527/1527/1527 1521/1521/1521
f 1526/1526/1526 1528/1528/1528 1527/1527/1527
f 1515/1515/1515 1519/1519/1519 1521/1521/1521
f 1521/1521/1521 1527/1527/1527 1515/1515/1515
f 1515/1515/1515 1527/1527/1527 1529/1529/1529
f 1529/1529/1529 1516/1516/1516 1515/1515/1515
f 1530/1530/1530 1513/1513/1513 1516/1516/1516
f 1531/1531/1531 1532/1532/1532 1533/1533/1533
f 1533/1533/1533 1534/1534/1534 1531/1531/1531
f 1531/1531/1531 1535/1535/1535 1536/1536/1536
f 1536/1536/1536 1532/1532/1532 1531/1531/1531
f 1536/1536/1536 1535/1535/1535 1537/1537/1537
f 1537/1537/1537 1538/1538/1538 1536/1536/1536
f 1537/1537/1537 1539/1539/1539 1540/1540/1540
f 1540/1540/1540 1538/1538/1538 1537/1537/1537
f 1539/1539/1539 1541/1541/1541 1542/1542/1542
f 1542/1542/1542 1540/1540/1540 1539/1539/1539
f 1543/1543/1543 1542/1542/1542 1541/1541/1541
f 1541/1541/1541 1544/1544/1544 1543/1543/1543
f 1543/1543/1543 1544/1544/1544 1545/1545/1545
f 1545/1545/1545 1546/1546/1546 1543/1543/1543
f 1545/1545/1545 1547/1547/1547 1548/1548/1548
f 1548/1548/1548 1546/1546/1546 1545/1545/1545
f 1549/1549/1549 1548/1548/1548 1547/1547/1547
f 1547/1547/1547 1550/1550/1550 1549/1549/1549
f 1550/1550/1550 1551/1551/1551 1552/1552/1552
f 1552/1552/1552 1549/1549/1549 1550/1550/1550
f 1552/1552/1552 1551/1551/1551 1553/1553/1553
f 1553/1553/1553 1554/1554/1554 1552/1552/1552
f 1553/1553/1553 1555/1555/1555 1556/1556/1556
f 1556/1556/1556 1554/1554/1554 1553/1553/1553
f 1557/1557/1557 1556/1556/1556 1555/1555/1555
f 1555/1555/1555 1558/1558/1558 1557/1557/1557
f 1558/1558/1558 1559/1559/1559 1560/1560/1560
f 1560/1560/1560 1557/1557/1557 1558/1558/1558
f 1559/1559/1559 1561/1561/1561 1562/1562/1562
f 1562/1562/1562 1560/1560/1560 1559/1559/1559
f 1562/1562/1562 1561/1561/1561 1563/1563/1563
f 1563/1563/1563 1564/1564/1564 1562/1562/1562
f 1564/1564/1564 1563/1563/1563 1565/1565/1565
f 1565/1565/1565 1566/1566/1566 1564/1564/1564
f 1566/1566/1566 1565/1565/1565 1534/1534/1534
f 1534/1534/1534 1533/1533/1533 1566/1566/1566
f 1567/1567/1567 1568/1568/1568 1569/1569/1569
f 1569/1569/1569 1570/1570/1570 1567/1567/1567
f 1569/1569/1569 1568/1568/1568 1571/1571/1571
f 1571/1571/1571 1572/1572/1572 1569/1569/1569
f 1573/1573/1573 1572/1572/1572 1571/1571/1571
f 1571/1571/1571 1574/1574/1574 1573/1573/1573
f 1575/1575/1575 1576/1576/1576 1577/1577/1577
f 1577/1577/1577 1578/1578/1578 1575/1575/1575
f 1579/1579/1579 1578/1578/1578 1577/1577/1577
f 1577/1577/1577 1580/1580/1580 1579/1579/1579
f 1581/1581/1581 1582/1582/1582 1579/1579/1579
f 1579/1579/1579 1580/1580/1580 1581/1581/1581
f 1583/1583/1583 1584/1584/1584 1585/1585/1585
f 1585/1585/1585 1586/1586/1586 1583/1583/1583
f 1587/1587/1587 1585/1585/1585 1584/1584/1584
f 1584/1584/1584 1588/1588/1588 1587/1587/1587
f 1589/1589/1589 1590/1590/1590 1587/1587/1587
f 1587/1587/1587 1588/1588/1588 1589/1589/1589
f 1591/1591/1591 1592/1592/1592 1593/1593/1593
f 1593/1593/1593 1594/1594/1594 1591/1591/1591
f 1594/1594/1594 1593/1593/1593 1595/1595/1595
f 1595/1595/1595 1596/1596/1596 1594/1594/1594
f 1597/1597/1597 1596/1596/1596 1595/1595/1595
f 1595/1595/1595 1598/1598/1598 1597/1597/1597
f 1599/1599/1599 1600/1600/1600 1601/1601/1601
f 1601/1601/1601 1602/1602/1602 1599/1599/1599
f 1600/1600/1600 1599/1599/1599 1603/1603/1603
f 1603/1603/1603 1604/1604/1604 1600/1600/1600
f 1605/1605/1605 1604/1604/1604 1603/1603/1603
f 1603/1603/1603 1606/1606/1606 1605/1605/1605
f 1607/1607/1607 1608/1608/1608 1609/1609/1609
f 1609/1609/1609 1610/1610/1610 1607/1607/1607
f 1611/1611/1611 1612/1612/1612 1613/1613/1613
f 1613/1613/1613 1614/1614/1614 1611/1611/1611
f 1614/1614/1614 1567/1567/1567 1570/1570/1570
f 1570/1570/1570 1611/1611/1611 1614/1614/1614
f 1615/1615/1615 1616/1616/1616 1450/1450/1450
f 1450/1450/1450 1449/1449/1449 1615/1615/1615
f 1617/1617/1617 1615/1615/1615 1449/1449/1449
f 1449/1449/1449 1452/1452/1452 1617/1617/1617
f 1618/1618/1618 1458/1458/1458 1619/1619/1619
f 1619/1619/1619 1620/1620/1620 1618/1618/1618
f 1621/1621/1621 1619/1619/1619 1458/1458/1458
f 1458/1458/1458 1457/1457/1457 1621/1621/1621
f 1460/1460/1460 1622/1622/1622 1621/1621/1621
f 1621/1621/1621 1457/1457/1457 1460/1460/1460
f 1466/1466/1466 1623/1623/1623 1624/1624/1624
f 1624/1624/1624 1625/1625/1625 1466/1466/1466
f 1623/1623/1623 1466/1466/1466 1465/1465/1465
f 1465/1465/1465 1626/1626/1626 1623/1623/1623
f 1627/1627/1627 1626/1626/1626 1465/1465/1465
f 1465/1465/1465 1468/1468/1468 1627/1627/1627
f 1628/1628/1628 1629/1629/1629 1630/1630/1630
f 1630/1630/1630 1474/1474/1474 1628/1628/1628
f 1628/1628/1628 1474/1474/1474 1473/1473/1473
f 1473/1473/1473 1631/1631/1631 1628/1628/1628
f 1632/1632/1632 1631/1631/1631 1473/1473/1473
f 1473/1473/1473 1476/1476/1476 1632/1632/1632
f 1633/1633/1633 1482/1482/1482 1634/1634/1634
f 1634/1634/1634 1635/1635/1635 1633/1633/1633
f 1481/1481/1481 1636/1636/1636 1634/1634/1634
f 1634/1634/1634 1482/1482/1482 1481/1481/1481
f 1637/1637/1637 1636/1636/1636 1481/1481/1481
f 1481/1481/1481 1484/1484/1484 1637/1637/1637
f 1490/1490/1490 1638/1638/1638 1639/1639/1639
f 1639/1639/1639 1640/1640/1640 1490/1490/1490
f 1641/1641/1641 1638/1638/1638 1490/1490/1490
f 1490/1490/1490 1489/1489/1489 1641/1641/1641
f 1641/1641/1641 1489/1489/1489 1642/1642/1642
f 1642/1642/1642 1643/1643/1643 1641/1641/1641
f 1616/1616/1616 1644/1644/1644 1493/1493/1493
f 1493/1493/1493 1450/1450/1450 1616/1616/1616
f 22/22/22 21/21/21 31/31/31
f 18/18/18 26/26/26 19/19/19
f 25/25/25 30/30/30 23/23/23
f 29/29/29 32/32/32 27/27/27
f 66/66/66 70/70/70 80/80/80
f 72/72/72 68/68/68 67/67/67
f 75/75/75 74/74/74 73/73/73
f 79/79/79 77/77/77 76/76/76
f 1645/1645/1645 1646/1646/1646 1647/1647/1647
f 1647/1647/1647 1648/1648/1648 1645/1645/1645
f 1649/1649/1649 1650/1650/1650 1651/1651/1651
f 1651/1651/1651 1652/1652/1652 1649/1649/1649
f 1653/1653/1653 1654/1654/1654 1655/1655/1655
f 1655/1655/1655 1656/1656/1656 1653/1653/1653
f 1657/1657/1657 1658/1658/1658 1659/1659/1659
f 1659/1659/1659 1660/1660/1660 1657/1657/1657
f 425/425/425 439/439/439 426/426/426
f 427/427/427 428/428/428 430/430/430
f 431/431/431 432/432/432 435/435/435
f 434/434/434 436/436/436 438/438/438
f 486/486/486 473/473/473 477/477/477
f 472/472/472 476/476/476 481/481/481
f 479/479/479 480/480/480 485/485/485
f 483/483/483 484/484/484 487/487/487
f 1661/1661/1661 1662/1662/1662 1663/1663/1663
f 1663/1663/1663 1664/1664/1664 1661/1661/1661
f 1665/1665/1665 1666/1666/1666 1667/1667/1667
f 1667/1667/1667 1668/1668/1668 1665/1665/1665
f 1669/1669/1669 1670/1670/1670 1671/1671/1671
f 1671/1671/1671 1672/1672/1672 1669/1669/1669
f 1673/1673/1673 1674/1674/1674 1675/1675/1675
f 1675/1675/1675 1676/1676/1676 1673/1673/1673
f 834/834/834 848/848/848 835/835/835
f 836/836/836 837/837/837 839/839/839
f 840/840/840 841/841/841 843/843/843
f 844/844/844 845/845/845 847/847/847
f 895/895/895 881/881/881 886/886/886
f 884/884/884 885/885/885 890/890/890
f 888/888/888 889/889/889 894/894/894
f 892/892/892 893/893/893 896/896/896
f 1252/1252/1252 1251/1251/1251 1261/1261/1261
f 1248/1248/1248 1256/1256/1256 1249/1249/1249
f 1254/1254/1254 1260/1260/1260 1255/1255/1255
f 1258/1258/1258 1262/1262/1262 1259/1259/1259
f 1295/1295/1295 1300/1300/1300 1310/1310/1310
f 1301/1301/1301 1297/1297/1297 1296/1296/1296
f 1305/1305/1305 1303/1303/1303 1302/1302/1302
f 1309/1309/1309 1307/1307/1307 1306/1306/1306
f 1677/1677/1677 1678/1678/1678 1679/1679/1679
f 1679/1679/1679 1680/1680/1680 1677/1677/1677
f 1681/1681/1681 1682/1682/1682 1683/1683/1683
f 1683/1683/1683 1684/1684/1684 1681/1681/1681
f 1685/1685/1685 1686/1686/1686 1687/1687/1687
f 1687/1687/1687 1688/1688/1688 1685/1685/1685
f 1689/1689/1689 1690/1690/1690 1691/1691/1691
f 1691/1691/1691 1692/1692/1692 1689/1689/1689
f 1693/1693/1693 1694/1694/1694 1695/1695/1695
f 1695/1695/1695 1696/1696/1696 1693/1693/1693
f 1697/1697/1697 1698/1698/1698 1699/1699/1699
f 1699/1699/1699 1700/1700/1700 1697/1697/1697
f 1701/1701/1701 1702/1702/1702 1703/1703/1703
f 1703/1703/1703 1704/1704/1704 1701/1701/1701
f 1705/1705/1705 1706/1706/1706 1707/1707/1707
f 1707/1707/1707 1708/1708/1708 1705/1705/1705
f 1709/1709/1709 1710/1710/1710 1711/1711/1711
f 1711/1711/1711 1712/1712/1712 1709/1709/1709
f 1713/1713/1713 1714/1714/1714 1715/1715/1715
f 1715/1715/1715 1716/1716/1716 1713/1713/1713
f 1717/1717/1717 1718/1718/1718 1719/1719/1719
f 1719/1719/1719 1720/1720/1720 1717/1717/1717
f 1721/1721/1721 1722/1722/1722 1723/1723/1723
f 1723/1723/1723 1724/1724/1724 1721/1721/1721
f 1725/1725/1725 1726/1726/1726 1727/1727/1727
f 1727/1727/1727 1728/1728/1728 1725/1725/1725
f 1729/1729/1729 1730/1730/1730 1731/1731/1731
f 1731/1731/1731 1732/1732/1732 1729/1729/1729
f 1733/1733/1733 1734/1734/1734 1735/1735/1735
f 1735/1735/1735 1736/1736/1736 1733/1733/1733
f 1737/1737/1737 1738/1738/1738 1739/1739/1739
f 1739/1739/1739 1740/1740/1740 1737/1737/1737
f 1741/1741/1741 1742/1742/1742 1743/1743/1743
f 1743/1743/1743 1744/1744/1744 1741/1741/1741
f 1745/1745/1745 1746/1746/1746 1747/1747/1747
f 1747/1747/1747 1748/1748/1748 1745/1745/1745
f 1749/1749/1749 1750/1750/1750 1751/1751/1751
f 1751/1751/1751 1752/1752/1752 1749/1749/1749
f 1753/1753/1753 1754/1754/1754 1755/1755/1755
f 1755/1755/1755 1756/1756/1756 1753/1753/1753
f 1757/1757/1757 1758/1758/1758 1759/1759/1759
f 1759/1759/1759 1760/1760/1760 1757/1757/1757
f 1761/1761/1761 1762/1762/1762 1763/1763/1763
f 1763/1763/1763 1764/1764/1764 1761/1761/1761
f 1765/1765/1765 1766/1766/1766 1767/1767/1767
f 1767/1767/1767 1768/1768/1768 1765/1765/1765
f 1769/1769/1769 1770/1770/1770 1771/1771/1771
f 1771/1771/1771 1772/1772/1772 1769/1769/1769
f 1773/1773/1773 1774/1774/1774 1775/1775/1775
f 1775/1775/1775 1776/1776/1776 1773/1773/1773
f 1777/1777/1777 1778/1778/1778 1779/1779/1779
f 1779/1779/1779 1780/1780/1780 1777/1777/1777
f 1781/1781/1781 1782/1782/1782 1783/1783/1783
f 1783/1783/1783 1784/1784/1784 1781/1781/1781
f 1785/1785/1785 1786/1786/1786 1787/1787/1787
f 1787/1787/1787 1788/1788/1788 1785/1785/1785
f 1789/1789/1789 1790/1790/1790 1791/1791/1791
f 1791/1791/1791 1792/1792/1792 1789/1789/1789
f 1793/1793/1793 1794/1794/1794 1795/1795/1795
f 1795/1795/1795 1796/1796/1796 1793/1793/1793
f 1797/1797/1797 1798/1798/1798 1799/1799/1799
f 1799/1799/1799 1800/1800/1800 1797/1797/1797
f 1801/1801/1801 1802/1802/1802 1803/1803/1803
f 1803/1803/1803 1804/1804/1804 1801/1801/1801
