# Converted from an open-license Objaverse GLB by Critter Engine
v 0.4296641 1.249625 0.8718256
v 0.4296641 -1.249875 0.8718256
v 0.4296641 -1.249875 0.9115676
v 0.4296641 1.22463 0.9365627
v 0.4296641 -1.2357528 0.934938
v 0.4296641 -1.22488 0.9365627
v 0.4296641 -1.2436263 0.9303139
v 0.4296641 -1.2482504 0.9224405
v 0.4296641 1.2355028 0.934938
v 0.4296641 1.2433763 0.9303139
v 0.4296641 1.2480004 0.9224405
v 0.4296641 1.249625 0.9115676
v 0.4296641 -1.22488 0.9365627
v 0.439787 -1.22488 0.9365627
v 0.439787 1.22463 0.9365627
v 0.4296641 1.22463 0.9365627
v 0.439787 -1.249875 0.9115676
v 0.439787 -1.249875 0.8811987
v 0.439787 -1.2436263 0.9303139
v 0.439787 -1.2482504 0.9224405
v 0.439787 -1.2357528 0.934938
v 0.439787 -1.22488 0.9365627
v 0.439787 1.249625 0.8811987
v 0.439787 1.249625 0.9115676
v 0.439787 1.2480004 0.9224405
v 0.439787 1.2433763 0.9303139
v 0.439787 1.2355028 0.934938
v 0.439787 1.22463 0.9365627
v 0.5022745 1.249625 0.8718256
v 0.5022745 1.249625 0.8811987
v 0.5022745 -1.249875 0.8811987
v 0.5022745 -1.249875 0.8718256
v 0.4924015 -1.249875 0.8718256
v 0.5022745 -1.249875 0.8718256
v 0.5022745 -1.249875 0.8811987
v 0.439787 -1.249875 0.8811987
v 0.4296641 -1.249875 0.8718256
v 0.439787 -1.249875 0.8811987
v 0.5022745 -1.249875 0.8811987
v 0.5022745 1.249625 0.8811987
v 0.439787 1.249625 0.8811987
v 0.5022745 -1.249875 0.7733453
v 0.4924015 -1.249875 0.7733453
v 0.4924015 1.249625 0.7733453
v 0.5022745 1.249625 0.7733453
v 0.5022745 -1.249875 0.7733453
v 0.5022745 1.249625 0.7733453
v 0.5022745 1.249625 0.8718256
v 0.5022745 1.249625 0.7733453
v 0.4924015 1.249625 0.7733453
v 0.4924015 1.249625 0.8718256
v 0.4924015 1.249625 0.8718256
v 0.4924015 1.249625 0.7733453
v 0.4924015 -1.249875 0.7733453
v 0.4924015 -1.249875 0.8718256
v 0.5022745 -1.249875 0.7733453
v 0.4924015 -1.249875 0.7733453
v 0.4296641 1.2480004 0.9224405
v 0.439787 1.2480004 0.9224405
v 0.439787 1.249625 0.9115676
v 0.4296641 1.249625 0.9115676
v 0.4296641 -1.249875 0.9115676
v 0.439787 -1.249875 0.9115676
v 0.439787 -1.2482504 0.9224405
v 0.4296641 -1.2482504 0.9224405
v 0.4296641 1.2433763 0.9303139
v 0.439787 1.2433763 0.9303139
v 0.4296641 1.2433763 0.9303139
v 0.4296641 1.2355028 0.934938
v 0.439787 1.2355028 0.934938
v 0.439787 1.2433763 0.9303139
v 0.439787 -1.2436263 0.9303139
v 0.4296641 -1.2436263 0.9303139
v 0.439787 -1.2436263 0.9303139
v 0.439787 -1.2357528 0.934938
v 0.4296641 -1.2357528 0.934938
v 0.4296641 -1.2436263 0.9303139
v 0.4924015 -1.249875 0.8718256
v 0.4296641 -1.249875 0.8718256
v 0.4296641 1.249625 0.8718256
v 0.4924015 1.249625 0.8718256
v 0.439787 1.249625 0.8811987
v 0.4296641 1.249625 0.8718256
v 0.5022745 1.249625 0.8811987
v 0.4632823 1.2471255 0.7124825
v 0.4632823 1.2471255 0.7059838
v 0.4632823 -1.2473755 0.7059838
v 0.4632823 -1.2473755 0.7124825
v 0.4945261 1.2471255 0.755224
v 0.4945261 -1.2473755 0.755224
v 0.5007748 -1.2473755 0.755224
v 0.5007748 1.2471255 0.755224
v 0.5007748 -1.2473755 0.755224
v 0.5007748 -1.2492501 0.7545991
v 0.5007748 -1.249875 0.7527244
v 0.5007748 -1.249875 0.7059838
v 0.5007748 1.249625 0.7059838
v 0.5007748 1.249625 0.7527244
v 0.5007748 1.2471255 0.755224
v 0.5007748 1.2490001 0.7545991
v 0.4945261 1.2471255 0.755224
v 0.4945261 -1.249875 0.7527244
v 0.4945261 -1.2492501 0.7545991
v 0.4945261 -1.2473755 0.755224
v 0.4945261 1.249625 0.7124825
v 0.4945261 -1.249875 0.7124825
v 0.4945261 1.2490001 0.7545991
v 0.4945261 1.249625 0.7527244
v 0.4945261 -1.249875 0.7124825
v 0.4657818 -1.249875 0.7124825
v 0.4657818 -1.249875 0.7059838
v 0.5007748 -1.249875 0.7059838
v 0.4632823 1.2471255 0.7059838
v 0.4657818 -1.249875 0.7059838
v 0.4639072 -1.2492501 0.7059838
v 0.4632823 -1.2473755 0.7059838
v 0.4639072 1.2490001 0.7059838
v 0.4657818 1.249625 0.7059838
v 0.5007748 1.249625 0.7059838
v 0.5007748 -1.249875 0.7059838
v 0.4657818 1.249625 0.7059838
v 0.4657818 1.249625 0.7124825
v 0.4945261 1.249625 0.7124825
v 0.5007748 1.249625 0.7059838
v 0.4657818 1.249625 0.7124825
v 0.4639072 1.2490001 0.7124825
v 0.4632823 1.2471255 0.7124825
v 0.4632823 -1.2473755 0.7124825
v 0.4945261 1.249625 0.7124825
v 0.4945261 -1.249875 0.7124825
v 0.4639072 -1.2492501 0.7124825
v 0.4657818 -1.249875 0.7124825
v 0.4945261 1.2490001 0.7545991
v 0.5007748 1.2490001 0.7545991
v 0.5007748 1.249625 0.7527244
v 0.4945261 1.249625 0.7527244
v 0.5007748 -1.249875 0.7527244
v 0.5007748 -1.2492501 0.7545991
v 0.4945261 -1.2492501 0.7545991
v 0.4945261 -1.249875 0.7527244
v 0.4639072 -1.2492501 0.7059838
v 0.4639072 -1.2492501 0.7124825
v 0.4639072 1.2490001 0.7059838
v 0.4639072 1.2490001 0.7124825
v 0.5007748 1.2490001 0.7545991
v 0.4945261 1.2490001 0.7545991
v 0.4945261 -1.2492501 0.7545991
v 0.5007748 -1.2492501 0.7545991
v 0.4639072 -1.2492501 0.7124825
v 0.4639072 -1.2492501 0.7059838
v 0.4639072 1.2490001 0.7059838
v 0.4639072 1.2490001 0.7124825
v 0.4854029 -1.0177964 0.8810737
v 0.4842782 -1.0114227 0.8810737
v 0.4842782 -1.0114227 0.8859477
v 0.4854029 -1.0177964 0.8859477
v 0.4810288 -1.0056739 0.8810737
v 0.4810288 -1.0056739 0.8859477
v 0.4810288 -1.0056739 0.8859477
v 0.4810288 -1.0056739 0.8810737
v 0.4760298 -1.0015497 0.8810737
v 0.4760298 -1.0015497 0.8859477
v 0.469906 -0.9993001 0.8810737
v 0.469906 -0.9993001 0.8859477
v 0.4634073 -0.9993001 0.8810737
v 0.4634073 -0.9993001 0.8859477
v 0.4572835 -1.0015497 0.8810737
v 0.4572835 -1.0015497 0.8859477
v 0.4522845 -1.0056739 0.8810737
v 0.4522845 -1.0056739 0.8859477
v 0.4522845 -1.0056739 0.8859477
v 0.4522845 -1.0056739 0.8810737
v 0.4490352 -1.0114227 0.8810737
v 0.4490352 -1.0114227 0.8859477
v 0.4479104 -1.0177964 0.8810737
v 0.4479104 -1.0177964 0.8859477
v 0.4490352 -1.0241702 0.8810737
v 0.4490352 -1.0241702 0.8859477
v 0.4522845 -1.029794 0.8810737
v 0.4522845 -1.029794 0.8859477
v 0.4522845 -1.029794 0.8859477
v 0.4522845 -1.029794 0.8810737
v 0.4572835 -1.0340432 0.8810737
v 0.4572835 -1.0340432 0.8859477
v 0.4634073 -1.0362927 0.8810737
v 0.4634073 -1.0362927 0.8859477
v 0.469906 -1.0362927 0.8810737
v 0.469906 -1.0362927 0.8859477
v 0.4760298 -1.0340432 0.8810737
v 0.4760298 -1.0340432 0.8859477
v 0.4810288 -1.029794 0.8810737
v 0.4810288 -1.029794 0.8859477
v 0.4842782 -1.0241702 0.8859477
v 0.4810288 -1.029794 0.8859477
v 0.4810288 -1.029794 0.8810737
v 0.4842782 -1.0241702 0.8810737
v 0.4782793 -1.0135472 0.8884473
v 0.4761548 -1.009798 0.8884473
v 0.4729054 -1.0070486 0.8884473
v 0.4782793 -1.0220456 0.8884473
v 0.4687812 -1.0055489 0.8884473
v 0.4645321 -1.0055489 0.8884473
v 0.4571585 -1.009798 0.8884473
v 0.4604079 -1.0070486 0.8884473
v 0.455034 -1.0135472 0.8884473
v 0.4542841 -1.0177964 0.8884473
v 0.4571585 -1.0257948 0.8884473
v 0.455034 -1.0220456 0.8884473
v 0.4604079 -1.0285443 0.8884473
v 0.4645321 -1.030044 0.8884473
v 0.4729054 -1.0285443 0.8884473
v 0.4687812 -1.030044 0.8884473
v 0.4761548 -1.0257948 0.8884473
v 0.4790292 -1.0177964 0.8884473
v 0.4790292 -1.0177964 0.8859477
v 0.4854029 -1.0177964 0.8859477
v 0.4842782 -1.0114227 0.8859477
v 0.4782793 -1.0135472 0.8859477
v 0.4810288 -1.0056739 0.8859477
v 0.4761548 -1.009798 0.8859477
v 0.4729054 -1.0070486 0.8859477
v 0.4760298 -1.0015497 0.8859477
v 0.469906 -0.9993001 0.8859477
v 0.4687812 -1.0055489 0.8859477
v 0.4634073 -0.9993001 0.8859477
v 0.4645321 -1.0055489 0.8859477
v 0.4572835 -1.0015497 0.8859477
v 0.4604079 -1.0070486 0.8859477
v 0.4571585 -1.009798 0.8859477
v 0.4522845 -1.0056739 0.8859477
v 0.4490352 -1.0114227 0.8859477
v 0.455034 -1.0135472 0.8859477
v 0.4479104 -1.0177964 0.8859477
v 0.4542841 -1.0177964 0.8859477
v 0.4490352 -1.0241702 0.8859477
v 0.455034 -1.0220456 0.8859477
v 0.4522845 -1.029794 0.8859477
v 0.4571585 -1.0257948 0.8859477
v 0.4572835 -1.0340432 0.8859477
v 0.4604079 -1.0285443 0.8859477
v 0.4634073 -1.0362927 0.8859477
v 0.4645321 -1.030044 0.8859477
v 0.469906 -1.0362927 0.8859477
v 0.4687812 -1.030044 0.8859477
v 0.4760298 -1.0340432 0.8859477
v 0.4729054 -1.0285443 0.8859477
v 0.4810288 -1.029794 0.8859477
v 0.4761548 -1.0257948 0.8859477
v 0.4842782 -1.0241702 0.8859477
v 0.4782793 -1.0220456 0.8859477
v 0.4790292 -1.0177964 0.8859477
v 0.4782793 -1.0135472 0.8859477
v 0.4782793 -1.0135472 0.8884473
v 0.4790292 -1.0177964 0.8884473
v 0.4761548 -1.009798 0.8884473
v 0.4782793 -1.0135472 0.8884473
v 0.4782793 -1.0135472 0.8859477
v 0.4761548 -1.009798 0.8859477
v 0.4761548 -1.009798 0.8859477
v 0.4729054 -1.0070486 0.8859477
v 0.4729054 -1.0070486 0.8884473
v 0.4761548 -1.009798 0.8884473
v 0.4687812 -1.0055489 0.8859477
v 0.4687812 -1.0055489 0.8884473
v 0.4729054 -1.0070486 0.8884473
v 0.4729054 -1.0070486 0.8859477
v 0.4645321 -1.0055489 0.8859477
v 0.4645321 -1.0055489 0.8884473
v 0.4687812 -1.0055489 0.8884473
v 0.4687812 -1.0055489 0.8859477
v 0.4645321 -1.0055489 0.8859477
v 0.4604079 -1.0070486 0.8859477
v 0.4604079 -1.0070486 0.8884473
v 0.4645321 -1.0055489 0.8884473
v 0.4571585 -1.009798 0.8859477
v 0.4571585 -1.009798 0.8884473
v 0.4604079 -1.0070486 0.8884473
v 0.4604079 -1.0070486 0.8859477
v 0.4571585 -1.009798 0.8884473
v 0.4571585 -1.009798 0.8859477
v 0.455034 -1.0135472 0.8859477
v 0.455034 -1.0135472 0.8884473
v 0.455034 -1.0135472 0.8884473
v 0.455034 -1.0135472 0.8859477
v 0.4542841 -1.0177964 0.8859477
v 0.4542841 -1.0177964 0.8884473
v 0.4542841 -1.0177964 0.8884473
v 0.4542841 -1.0177964 0.8859477
v 0.455034 -1.0220456 0.8859477
v 0.455034 -1.0220456 0.8884473
v 0.455034 -1.0220456 0.8884473
v 0.455034 -1.0220456 0.8859477
v 0.4571585 -1.0257948 0.8859477
v 0.4571585 -1.0257948 0.8884473
v 0.4571585 -1.0257948 0.8884473
v 0.4571585 -1.0257948 0.8859477
v 0.4604079 -1.0285443 0.8859477
v 0.4604079 -1.0285443 0.8884473
v 0.4604079 -1.0285443 0.8884473
v 0.4604079 -1.0285443 0.8859477
v 0.4645321 -1.030044 0.8859477
v 0.4645321 -1.030044 0.8884473
v 0.4645321 -1.030044 0.8884473
v 0.4645321 -1.030044 0.8859477
v 0.4687812 -1.030044 0.8859477
v 0.4687812 -1.030044 0.8884473
v 0.4687812 -1.030044 0.8859477
v 0.4729054 -1.0285443 0.8859477
v 0.4729054 -1.0285443 0.8884473
v 0.4687812 -1.030044 0.8884473
v 0.4761548 -1.0257948 0.8859477
v 0.4761548 -1.0257948 0.8884473
v 0.4729054 -1.0285443 0.8884473
v 0.4729054 -1.0285443 0.8859477
v 0.4761548 -1.0257948 0.8884473
v 0.4761548 -1.0257948 0.8859477
v 0.4782793 -1.0220456 0.8859477
v 0.4782793 -1.0220456 0.8884473
v 0.4782793 -1.0220456 0.8859477
v 0.4790292 -1.0177964 0.8859477
v 0.4790292 -1.0177964 0.8884473
v 0.4782793 -1.0220456 0.8884473
v 0.4842782 -0.6721156 0.8810737
v 0.4842782 -0.6721156 0.8859477
v 0.4854029 -0.6786143 0.8859477
v 0.4854029 -0.6786143 0.8810737
v 0.4810288 -0.6664917 0.8810737
v 0.4810288 -0.6664917 0.8859477
v 0.4810288 -0.6664917 0.8859477
v 0.4810288 -0.6664917 0.8810737
v 0.4760298 -0.6623675 0.8810737
v 0.4760298 -0.6623675 0.8859477
v 0.469906 -0.660118 0.8810737
v 0.469906 -0.660118 0.8859477
v 0.4634073 -0.660118 0.8810737
v 0.4634073 -0.660118 0.8859477
v 0.4572835 -0.6623675 0.8810737
v 0.4572835 -0.6623675 0.8859477
v 0.4522845 -0.6664917 0.8810737
v 0.4522845 -0.6664917 0.8859477
v 0.4522845 -0.6664917 0.8859477
v 0.4522845 -0.6664917 0.8810737
v 0.4490352 -0.6721156 0.8810737
v 0.4490352 -0.6721156 0.8859477
v 0.4479104 -0.6786143 0.8859477
v 0.4479104 -0.6786143 0.8810737
v 0.4490352 -0.684988 0.8810737
v 0.4490352 -0.684988 0.8859477
v 0.4522845 -0.6906119 0.8810737
v 0.4522845 -0.6906119 0.8859477
v 0.4572835 -0.6947361 0.8859477
v 0.4522845 -0.6906119 0.8859477
v 0.4522845 -0.6906119 0.8810737
v 0.4572835 -0.6947361 0.8810737
v 0.4634073 -0.6969856 0.8810737
v 0.4634073 -0.6969856 0.8859477
v 0.469906 -0.6969856 0.8810737
v 0.469906 -0.6969856 0.8859477
v 0.4760298 -0.6947361 0.8810737
v 0.4760298 -0.6947361 0.8859477
v 0.4810288 -0.6906119 0.8810737
v 0.4810288 -0.6906119 0.8859477
v 0.4810288 -0.6906119 0.8859477
v 0.4810288 -0.6906119 0.8810737
v 0.4842782 -0.684988 0.8810737
v 0.4842782 -0.684988 0.8859477
v 0.4761548 -0.6706158 0.8884473
v 0.4729054 -0.6678665 0.8884473
v 0.4782793 -0.6828634 0.8884473
v 0.4782793 -0.6743651 0.8884473
v 0.4687812 -0.6663667 0.8884473
v 0.4645321 -0.6663667 0.8884473
v 0.4571585 -0.6706158 0.8884473
v 0.4604079 -0.6678665 0.8884473
v 0.455034 -0.6743651 0.8884473
v 0.4542841 -0.6786143 0.8884473
v 0.4571585 -0.6864877 0.8884473
v 0.455034 -0.6828634 0.8884473
v 0.4729054 -0.6893622 0.8884473
v 0.4604079 -0.6893622 0.8884473
v 0.4645321 -0.6907369 0.8884473
v 0.4687812 -0.6907369 0.8884473
v 0.4761548 -0.6864877 0.8884473
v 0.4790292 -0.6786143 0.8884473
v 0.4854029 -0.6786143 0.8859477
v 0.4842782 -0.6721156 0.8859477
v 0.4782793 -0.6743651 0.8859477
v 0.4790292 -0.6786143 0.8859477
v 0.4810288 -0.6664917 0.8859477
v 0.4761548 -0.6706158 0.8859477
v 0.4760298 -0.6623675 0.8859477
v 0.4729054 -0.6678665 0.8859477
v 0.469906 -0.660118 0.8859477
v 0.4687812 -0.6663667 0.8859477
v 0.4634073 -0.660118 0.8859477
v 0.4645321 -0.6663667 0.8859477
v 0.4572835 -0.6623675 0.8859477
v 0.4604079 -0.6678665 0.8859477
v 0.4522845 -0.6664917 0.8859477
v 0.4571585 -0.6706158 0.8859477
v 0.4490352 -0.6721156 0.8859477
v 0.455034 -0.6743651 0.8859477
v 0.4479104 -0.6786143 0.8859477
v 0.4542841 -0.6786143 0.8859477
v 0.4490352 -0.684988 0.8859477
v 0.455034 -0.6828634 0.8859477
v 0.4542841 -0.6786143 0.8859477
v 0.4479104 -0.6786143 0.8859477
v 0.4522845 -0.6906119 0.8859477
v 0.4571585 -0.6864877 0.8859477
v 0.455034 -0.6828634 0.8859477
v 0.4490352 -0.684988 0.8859477
v 0.4572835 -0.6947361 0.8859477
v 0.4604079 -0.6893622 0.8859477
v 0.4634073 -0.6969856 0.8859477
v 0.4645321 -0.6907369 0.8859477
v 0.469906 -0.6969856 0.8859477
v 0.4687812 -0.6907369 0.8859477
v 0.4760298 -0.6947361 0.8859477
v 0.4729054 -0.6893622 0.8859477
v 0.4810288 -0.6906119 0.8859477
v 0.4761548 -0.6864877 0.8859477
v 0.4842782 -0.684988 0.8859477
v 0.4782793 -0.6828634 0.8859477
v 0.4854029 -0.6786143 0.8859477
v 0.4790292 -0.6786143 0.8859477
v 0.4782793 -0.6828634 0.8859477
v 0.4842782 -0.684988 0.8859477
v 0.4782793 -0.6743651 0.8859477
v 0.4782793 -0.6743651 0.8884473
v 0.4790292 -0.6786143 0.8884473
v 0.4790292 -0.6786143 0.8859477
v 0.4782793 -0.6743651 0.8859477
v 0.4761548 -0.6706158 0.8859477
v 0.4761548 -0.6706158 0.8884473
v 0.4782793 -0.6743651 0.8884473
v 0.4761548 -0.6706158 0.8884473
v 0.4761548 -0.6706158 0.8859477
v 0.4729054 -0.6678665 0.8859477
v 0.4729054 -0.6678665 0.8884473
v 0.4729054 -0.6678665 0.8859477
v 0.4687812 -0.6663667 0.8859477
v 0.4687812 -0.6663667 0.8884473
v 0.4729054 -0.6678665 0.8884473
v 0.4687812 -0.6663667 0.8859477
v 0.4645321 -0.6663667 0.8859477
v 0.4645321 -0.6663667 0.8884473
v 0.4687812 -0.6663667 0.8884473
v 0.4604079 -0.6678665 0.8859477
v 0.4604079 -0.6678665 0.8884473
v 0.4645321 -0.6663667 0.8884473
v 0.4645321 -0.6663667 0.8859477
v 0.4571585 -0.6706158 0.8859477
v 0.4571585 -0.6706158 0.8884473
v 0.4604079 -0.6678665 0.8884473
v 0.4604079 -0.6678665 0.8859477
v 0.455034 -0.6743651 0.8859477
v 0.455034 -0.6743651 0.8884473
v 0.4571585 -0.6706158 0.8884473
v 0.4571585 -0.6706158 0.8859477
v 0.4542841 -0.6786143 0.8884473
v 0.455034 -0.6743651 0.8884473
v 0.455034 -0.6743651 0.8859477
v 0.4542841 -0.6786143 0.8859477
v 0.4542841 -0.6786143 0.8884473
v 0.4542841 -0.6786143 0.8859477
v 0.455034 -0.6828634 0.8859477
v 0.455034 -0.6828634 0.8884473
v 0.455034 -0.6828634 0.8859477
v 0.4571585 -0.6864877 0.8859477
v 0.4571585 -0.6864877 0.8884473
v 0.455034 -0.6828634 0.8884473
v 0.4604079 -0.6893622 0.8859477
v 0.4604079 -0.6893622 0.8884473
v 0.4571585 -0.6864877 0.8884473
v 0.4571585 -0.6864877 0.8859477
v 0.4604079 -0.6893622 0.8859477
v 0.4645321 -0.6907369 0.8859477
v 0.4645321 -0.6907369 0.8884473
v 0.4604079 -0.6893622 0.8884473
v 0.4645321 -0.6907369 0.8884473
v 0.4645321 -0.6907369 0.8859477
v 0.4687812 -0.6907369 0.8859477
v 0.4687812 -0.6907369 0.8884473
v 0.4687812 -0.6907369 0.8859477
v 0.4729054 -0.6893622 0.8859477
v 0.4729054 -0.6893622 0.8884473
v 0.4687812 -0.6907369 0.8884473
v 0.4729054 -0.6893622 0.8884473
v 0.4729054 -0.6893622 0.8859477
v 0.4761548 -0.6864877 0.8859477
v 0.4761548 -0.6864877 0.8884473
v 0.4761548 -0.6864877 0.8859477
v 0.4782793 -0.6828634 0.8859477
v 0.4782793 -0.6828634 0.8884473
v 0.4761548 -0.6864877 0.8884473
v 0.4782793 -0.6828634 0.8859477
v 0.4790292 -0.6786143 0.8859477
v 0.4790292 -0.6786143 0.8884473
v 0.4782793 -0.6828634 0.8884473
v 0.4854029 -0.3393072 0.8859477
v 0.4854029 -0.3393072 0.8810737
v 0.4842782 -0.3329334 0.8810737
v 0.4842782 -0.3329334 0.8859477
v 0.4810288 -0.3273095 0.8810737
v 0.4810288 -0.3273095 0.8859477
v 0.4810288 -0.3273095 0.8810737
v 0.4760298 -0.3230604 0.8810737
v 0.4760298 -0.3230604 0.8859477
v 0.4810288 -0.3273095 0.8859477
v 0.469906 -0.3209358 0.8859477
v 0.469906 -0.3209358 0.8810737
v 0.4634073 -0.3209358 0.8810737
v 0.4634073 -0.3209358 0.8859477
v 0.4572835 -0.3230604 0.8810737
v 0.4572835 -0.3230604 0.8859477
v 0.4522845 -0.3273095 0.8810737
v 0.4522845 -0.3273095 0.8859477
v 0.4522845 -0.3273095 0.8810737
v 0.4490352 -0.3329334 0.8810737
v 0.4490352 -0.3329334 0.8859477
v 0.4522845 -0.3273095 0.8859477
v 0.4479104 -0.3393072 0.8810737
v 0.4479104 -0.3393072 0.8859477
v 0.4490352 -0.3458059 0.8810737
v 0.4490352 -0.3458059 0.8859477
v 0.4522845 -0.3514297 0.8810737
v 0.4522845 -0.3514297 0.8859477
v 0.4522845 -0.3514297 0.8810737
v 0.4572835 -0.3555539 0.8810737
v 0.4572835 -0.3555539 0.8859477
v 0.4522845 -0.3514297 0.8859477
v 0.4634073 -0.3578034 0.8859477
v 0.4634073 -0.3578034 0.8810737
v 0.469906 -0.3578034 0.8810737
v 0.469906 -0.3578034 0.8859477
v 0.4760298 -0.3555539 0.8810737
v 0.4760298 -0.3555539 0.8859477
v 0.4810288 -0.3514297 0.8810737
v 0.4810288 -0.3514297 0.8859477
v 0.4810288 -0.3514297 0.8810737
v 0.4842782 -0.3458059 0.8810737
v 0.4842782 -0.3458059 0.8859477
v 0.4810288 -0.3514297 0.8859477
v 0.4761548 -0.3314337 0.8884473
v 0.4729054 -0.3285593 0.8884473
v 0.4782793 -0.3435563 0.8884473
v 0.4782793 -0.335058 0.8884473
v 0.4571585 -0.3314337 0.8884473
v 0.4687812 -0.3271846 0.8884473
v 0.4645321 -0.3271846 0.8884473
v 0.4604079 -0.3285593 0.8884473
v 0.455034 -0.335058 0.8884473
v 0.4542841 -0.3393072 0.8884473
v 0.4571585 -0.3473055 0.8884473
v 0.455034 -0.3435563 0.8884473
v 0.4604079 -0.350055 0.8884473
v 0.4645321 -0.3515547 0.8884473
v 0.4729054 -0.350055 0.8884473
v 0.4687812 -0.3515547 0.8884473
v 0.4761548 -0.3473055 0.8884473
v 0.4790292 -0.3393072 0.8884473
v 0.4782793 -0.335058 0.8859477
v 0.4790292 -0.3393072 0.8859477
v 0.4854029 -0.3393072 0.8859477
v 0.4842782 -0.3329334 0.8859477
v 0.4810288 -0.3273095 0.8859477
v 0.4761548 -0.3314337 0.8859477
v 0.4760298 -0.3230604 0.8859477
v 0.4729054 -0.3285593 0.8859477
v 0.469906 -0.3209358 0.8859477
v 0.4687812 -0.3271846 0.8859477
v 0.4634073 -0.3209358 0.8859477
v 0.4645321 -0.3271846 0.8859477
v 0.4572835 -0.3230604 0.8859477
v 0.4604079 -0.3285593 0.8859477
v 0.4522845 -0.3273095 0.8859477
v 0.4571585 -0.3314337 0.8859477
v 0.4490352 -0.3329334 0.8859477
v 0.455034 -0.335058 0.8859477
v 0.4479104 -0.3393072 0.8859477
v 0.4542841 -0.3393072 0.8859477
v 0.4490352 -0.3458059 0.8859477
v 0.455034 -0.3435563 0.8859477
v 0.4522845 -0.3514297 0.8859477
v 0.4571585 -0.3473055 0.8859477
v 0.4572835 -0.3555539 0.8859477
v 0.4604079 -0.350055 0.8859477
v 0.4634073 -0.3578034 0.8859477
v 0.4645321 -0.3515547 0.8859477
v 0.469906 -0.3578034 0.8859477
v 0.4687812 -0.3515547 0.8859477
v 0.4760298 -0.3555539 0.8859477
v 0.4729054 -0.350055 0.8859477
v 0.4810288 -0.3514297 0.8859477
v 0.4761548 -0.3473055 0.8859477
v 0.4842782 -0.3458059 0.8859477
v 0.4782793 -0.3435563 0.8859477
v 0.4790292 -0.3393072 0.8859477
v 0.4782793 -0.335058 0.8859477
v 0.4782793 -0.335058 0.8884473
v 0.4790292 -0.3393072 0.8884473
v 0.4761548 -0.3314337 0.8859477
v 0.4761548 -0.3314337 0.8884473
v 0.4782793 -0.335058 0.8884473
v 0.4782793 -0.335058 0.8859477
v 0.4761548 -0.3314337 0.8859477
v 0.4729054 -0.3285593 0.8859477
v 0.4729054 -0.3285593 0.8884473
v 0.4761548 -0.3314337 0.8884473
v 0.4729054 -0.3285593 0.8859477
v 0.4687812 -0.3271846 0.8859477
v 0.4687812 -0.3271846 0.8884473
v 0.4729054 -0.3285593 0.8884473
v 0.4687812 -0.3271846 0.8859477
v 0.4645321 -0.3271846 0.8859477
v 0.4645321 -0.3271846 0.8884473
v 0.4687812 -0.3271846 0.8884473
v 0.4645321 -0.3271846 0.8884473
v 0.4645321 -0.3271846 0.8859477
v 0.4604079 -0.3285593 0.8859477
v 0.4604079 -0.3285593 0.8884473
v 0.4571585 -0.3314337 0.8884473
v 0.4604079 -0.3285593 0.8884473
v 0.4604079 -0.3285593 0.8859477
v 0.4571585 -0.3314337 0.8859477
v 0.4571585 -0.3314337 0.8859477
v 0.455034 -0.335058 0.8859477
v 0.455034 -0.335058 0.8884473
v 0.4571585 -0.3314337 0.8884473
v 0.4542841 -0.3393072 0.8884473
v 0.455034 -0.335058 0.8884473
v 0.455034 -0.335058 0.8859477
v 0.4542841 -0.3393072 0.8859477
v 0.455034 -0.3435563 0.8859477
v 0.455034 -0.3435563 0.8884473
v 0.4542841 -0.3393072 0.8884473
v 0.4542841 -0.3393072 0.8859477
v 0.455034 -0.3435563 0.8884473
v 0.455034 -0.3435563 0.8859477
v 0.4571585 -0.3473055 0.8859477
v 0.4571585 -0.3473055 0.8884473
v 0.4604079 -0.350055 0.8859477
v 0.4604079 -0.350055 0.8884473
v 0.4571585 -0.3473055 0.8884473
v 0.4571585 -0.3473055 0.8859477
v 0.4604079 -0.350055 0.8859477
v 0.4645321 -0.3515547 0.8859477
v 0.4645321 -0.3515547 0.8884473
v 0.4604079 -0.350055 0.8884473
v 0.4687812 -0.3515547 0.8859477
v 0.4687812 -0.3515547 0.8884473
v 0.4645321 -0.3515547 0.8884473
v 0.4645321 -0.3515547 0.8859477
v 0.4687812 -0.3515547 0.8859477
v 0.4729054 -0.350055 0.8859477
v 0.4729054 -0.350055 0.8884473
v 0.4687812 -0.3515547 0.8884473
v 0.4729054 -0.350055 0.8859477
v 0.4761548 -0.3473055 0.8859477
v 0.4761548 -0.3473055 0.8884473
v 0.4729054 -0.350055 0.8884473
v 0.4761548 -0.3473055 0.8859477
v 0.4782793 -0.3435563 0.8859477
v 0.4782793 -0.3435563 0.8884473
v 0.4761548 -0.3473055 0.8884473
v 0.4782793 -0.3435563 0.8859477
v 0.4790292 -0.3393072 0.8859477
v 0.4790292 -0.3393072 0.8884473
v 0.4782793 -0.3435563 0.8884473
v 0.4854029 -0.000125 0.8810737
v 0.4842782 0.0062487 0.8810737
v 0.4842782 0.0062487 0.8859477
v 0.4854029 -0.000125 0.8859477
v 0.4810288 0.0118726 0.8810737
v 0.4810288 0.0118726 0.8859477
v 0.4810288 0.0118726 0.8810737
v 0.4760298 0.0161218 0.8810737
v 0.4760298 0.0161218 0.8859477
v 0.4810288 0.0118726 0.8859477
v 0.469906 0.0183713 0.8810737
v 0.469906 0.0183713 0.8859477
v 0.4634073 0.0183713 0.8810737
v 0.4634073 0.0183713 0.8859477
v 0.4572835 0.0161218 0.8810737
v 0.4572835 0.0161218 0.8859477
v 0.4522845 0.0118726 0.8810737
v 0.4522845 0.0118726 0.8859477
v 0.4522845 0.0118726 0.8810737
v 0.4490352 0.0062487 0.8810737
v 0.4490352 0.0062487 0.8859477
v 0.4522845 0.0118726 0.8859477
v 0.4479104 -0.000125 0.8810737
v 0.4479104 -0.000125 0.8859477
v 0.4490352 -0.0064987 0.8810737
v 0.4490352 -0.0064987 0.8859477
v 0.4522845 -0.0121226 0.8810737
v 0.4522845 -0.0121226 0.8859477
v 0.4522845 -0.0121226 0.8810737
v 0.4572835 -0.0163717 0.8810737
v 0.4572835 -0.0163717 0.8859477
v 0.4522845 -0.0121226 0.8859477
v 0.4634073 -0.0186213 0.8810737
v 0.4634073 -0.0186213 0.8859477
v 0.469906 -0.0186213 0.8810737
v 0.469906 -0.0186213 0.8859477
v 0.4760298 -0.0163717 0.8810737
v 0.4760298 -0.0163717 0.8859477
v 0.4810288 -0.0121226 0.8810737
v 0.4810288 -0.0121226 0.8859477
v 0.4810288 -0.0121226 0.8810737
v 0.4842782 -0.0064987 0.8810737
v 0.4842782 -0.0064987 0.8859477
v 0.4810288 -0.0121226 0.8859477
v 0.4782793 0.0041242 0.8884473
v 0.4761548 0.0078734 0.8884473
v 0.4729054 0.0106229 0.8884473
v 0.4782793 -0.0043741 0.8884473
v 0.4687812 0.0121226 0.8884473
v 0.4645321 0.0121226 0.8884473
v 0.4571585 0.0078734 0.8884473
v 0.4604079 0.0106229 0.8884473
v 0.455034 0.0041242 0.8884473
v 0.4542841 -0.000125 0.8884473
v 0.4571585 -0.0081234 0.8884473
v 0.455034 -0.0043741 0.8884473
v 0.4604079 -0.0108728 0.8884473
v 0.4645321 -0.0123725 0.8884473
v 0.4729054 -0.0108728 0.8884473
v 0.4687812 -0.0123725 0.8884473
v 0.4761548 -0.0081234 0.8884473
v 0.4790292 -0.000125 0.8884473
v 0.4790292 -0.000125 0.8859477
v 0.4854029 -0.000125 0.8859477
v 0.4842782 0.0062487 0.8859477
v 0.4782793 0.0041242 0.8859477
v 0.4810288 0.0118726 0.8859477
v 0.4761548 0.0078734 0.8859477
v 0.4729054 0.0106229 0.8859477
v 0.4760298 0.0161218 0.8859477
v 0.469906 0.0183713 0.8859477
v 0.4687812 0.0121226 0.8859477
v 0.4634073 0.0183713 0.8859477
v 0.4645321 0.0121226 0.8859477
v 0.4572835 0.0161218 0.8859477
v 0.4604079 0.0106229 0.8859477
v 0.4522845 0.0118726 0.8859477
v 0.4571585 0.0078734 0.8859477
v 0.4490352 0.0062487 0.8859477
v 0.455034 0.0041242 0.8859477
v 0.4479104 -0.000125 0.8859477
v 0.4542841 -0.000125 0.8859477
v 0.4490352 -0.0064987 0.8859477
v 0.455034 -0.0043741 0.8859477
v 0.4522845 -0.0121226 0.8859477
v 0.4571585 -0.0081234 0.8859477
v 0.4604079 -0.0108728 0.8859477
v 0.4572835 -0.0163717 0.8859477
v 0.4634073 -0.0186213 0.8859477
v 0.4645321 -0.0123725 0.8859477
v 0.4687812 -0.0123725 0.8859477
v 0.469906 -0.0186213 0.8859477
v 0.4760298 -0.0163717 0.8859477
v 0.4729054 -0.0108728 0.8859477
v 0.4810288 -0.0121226 0.8859477
v 0.4761548 -0.0081234 0.8859477
v 0.4842782 -0.0064987 0.8859477
v 0.4782793 -0.0043741 0.8859477
v 0.4790292 -0.000125 0.8859477
v 0.4782793 0.0041242 0.8859477
v 0.4782793 0.0041242 0.8884473
v 0.4790292 -0.000125 0.8884473
v 0.4761548 0.0078734 0.8884473
v 0.4782793 0.0041242 0.8884473
v 0.4782793 0.0041242 0.8859477
v 0.4761548 0.0078734 0.8859477
v 0.4761548 0.0078734 0.8884473
v 0.4761548 0.0078734 0.8859477
v 0.4729054 0.0106229 0.8859477
v 0.4729054 0.0106229 0.8884473
v 0.4687812 0.0121226 0.8884473
v 0.4729054 0.0106229 0.8884473
v 0.4729054 0.0106229 0.8859477
v 0.4687812 0.0121226 0.8859477
v 0.4687812 0.0121226 0.8884473
v 0.4687812 0.0121226 0.8859477
v 0.4645321 0.0121226 0.8859477
v 0.4645321 0.0121226 0.8884473
v 0.4645321 0.0121226 0.8884473
v 0.4645321 0.0121226 0.8859477
v 0.4604079 0.0106229 0.8859477
v 0.4604079 0.0106229 0.8884473
v 0.4604079 0.0106229 0.8859477
v 0.4571585 0.0078734 0.8859477
v 0.4571585 0.0078734 0.8884473
v 0.4604079 0.0106229 0.8884473
v 0.455034 0.0041242 0.8859477
v 0.455034 0.0041242 0.8884473
v 0.4571585 0.0078734 0.8884473
v 0.4571585 0.0078734 0.8859477
v 0.455034 0.0041242 0.8884473
v 0.455034 0.0041242 0.8859477
v 0.4542841 -0.000125 0.8859477
v 0.4542841 -0.000125 0.8884473
v 0.4542841 -0.000125 0.8884473
v 0.4542841 -0.000125 0.8859477
v 0.455034 -0.0043741 0.8859477
v 0.455034 -0.0043741 0.8884473
v 0.455034 -0.0043741 0.8884473
v 0.455034 -0.0043741 0.8859477
v 0.4571585 -0.0081234 0.8859477
v 0.4571585 -0.0081234 0.8884473
v 0.4571585 -0.0081234 0.8884473
v 0.4571585 -0.0081234 0.8859477
v 0.4604079 -0.0108728 0.8859477
v 0.4604079 -0.0108728 0.8884473
v 0.4604079 -0.0108728 0.8884473
v 0.4604079 -0.0108728 0.8859477
v 0.4645321 -0.0123725 0.8859477
v 0.4645321 -0.0123725 0.8884473
v 0.4645321 -0.0123725 0.8884473
v 0.4645321 -0.0123725 0.8859477
v 0.4687812 -0.0123725 0.8859477
v 0.4687812 -0.0123725 0.8884473
v 0.4687812 -0.0123725 0.8884473
v 0.4687812 -0.0123725 0.8859477
v 0.4729054 -0.0108728 0.8859477
v 0.4729054 -0.0108728 0.8884473
v 0.4729054 -0.0108728 0.8859477
v 0.4761548 -0.0081234 0.8859477
v 0.4761548 -0.0081234 0.8884473
v 0.4729054 -0.0108728 0.8884473
v 0.4761548 -0.0081234 0.8859477
v 0.4782793 -0.0043741 0.8859477
v 0.4782793 -0.0043741 0.8884473
v 0.4761548 -0.0081234 0.8884473
v 0.4782793 -0.0043741 0.8859477
v 0.4790292 -0.000125 0.8859477
v 0.4790292 -0.000125 0.8884473
v 0.4782793 -0.0043741 0.8884473
v 0.4854029 0.3390572 0.8810737
v 0.4842782 0.3455559 0.8810737
v 0.4842782 0.3455559 0.8859477
v 0.4854029 0.3390572 0.8859477
v 0.4810288 0.3511797 0.8810737
v 0.4810288 0.3511797 0.8859477
v 0.4810288 0.3511797 0.8810737
v 0.4760298 0.3553039 0.8810737
v 0.4760298 0.3553039 0.8859477
v 0.4810288 0.3511797 0.8859477
v 0.469906 0.3575534 0.8810737
v 0.469906 0.3575534 0.8859477
v 0.4634073 0.3575534 0.8810737
v 0.4634073 0.3575534 0.8859477
v 0.4572835 0.3553039 0.8810737
v 0.4572835 0.3553039 0.8859477
v 0.4522845 0.3511797 0.8810737
v 0.4522845 0.3511797 0.8859477
v 0.4522845 0.3511797 0.8810737
v 0.4490352 0.3455559 0.8810737
v 0.4490352 0.3455559 0.8859477
v 0.4522845 0.3511797 0.8859477
v 0.4479104 0.3390572 0.8810737
v 0.4479104 0.3390572 0.8859477
v 0.4490352 0.3326834 0.8810737
v 0.4490352 0.3326834 0.8859477
v 0.4522845 0.3270595 0.8810737
v 0.4522845 0.3270595 0.8859477
v 0.4522845 0.3270595 0.8810737
v 0.4572835 0.3228104 0.8810737
v 0.4572835 0.3228104 0.8859477
v 0.4522845 0.3270595 0.8859477
v 0.4634073 0.3206858 0.8810737
v 0.4634073 0.3206858 0.8859477
v 0.469906 0.3206858 0.8810737
v 0.469906 0.3206858 0.8859477
v 0.4760298 0.3228104 0.8810737
v 0.4760298 0.3228104 0.8859477
v 0.4810288 0.3270595 0.8810737
v 0.4810288 0.3270595 0.8859477
v 0.4810288 0.3270595 0.8810737
v 0.4842782 0.3326834 0.8810737
v 0.4842782 0.3326834 0.8859477
v 0.4810288 0.3270595 0.8859477
v 0.4782793 0.3433063 0.8884473
v 0.4761548 0.3470555 0.8884473
v 0.4729054 0.349805 0.8884473
v 0.4782793 0.334808 0.8884473
v 0.4687812 0.3513047 0.8884473
v 0.4645321 0.3513047 0.8884473
v 0.4571585 0.3470555 0.8884473
v 0.4604079 0.349805 0.8884473
v 0.455034 0.3433063 0.8884473
v 0.4542841 0.3390572 0.8884473
v 0.4571585 0.3311837 0.8884473
v 0.455034 0.334808 0.8884473
v 0.4604079 0.3283093 0.8884473
v 0.4645321 0.3269346 0.8884473
v 0.4729054 0.3283093 0.8884473
v 0.4687812 0.3269346 0.8884473
v 0.4761548 0.3311837 0.8884473
v 0.4790292 0.3390572 0.8884473
v 0.4790292 0.3390572 0.8859477
v 0.4854029 0.3390572 0.8859477
v 0.4842782 0.3455559 0.8859477
v 0.4782793 0.3433063 0.8859477
v 0.4810288 0.3511797 0.8859477
v 0.4761548 0.3470555 0.8859477
v 0.4729054 0.349805 0.8859477
v 0.4760298 0.3553039 0.8859477
v 0.469906 0.3575534 0.8859477
v 0.4687812 0.3513047 0.8859477
v 0.4634073 0.3575534 0.8859477
v 0.4645321 0.3513047 0.8859477
v 0.4572835 0.3553039 0.8859477
v 0.4604079 0.349805 0.8859477
v 0.4522845 0.3511797 0.8859477
v 0.4571585 0.3470555 0.8859477
v 0.4490352 0.3455559 0.8859477
v 0.455034 0.3433063 0.8859477
v 0.4479104 0.3390572 0.8859477
v 0.4542841 0.3390572 0.8859477
v 0.4490352 0.3326834 0.8859477
v 0.455034 0.334808 0.8859477
v 0.4522845 0.3270595 0.8859477
v 0.4571585 0.3311837 0.8859477
v 0.4604079 0.3283093 0.8859477
v 0.4572835 0.3228104 0.8859477
v 0.4634073 0.3206858 0.8859477
v 0.4645321 0.3269346 0.8859477
v 0.4687812 0.3269346 0.8859477
v 0.469906 0.3206858 0.8859477
v 0.4760298 0.3228104 0.8859477
v 0.4729054 0.3283093 0.8859477
v 0.4810288 0.3270595 0.8859477
v 0.4761548 0.3311837 0.8859477
v 0.4842782 0.3326834 0.8859477
v 0.4782793 0.334808 0.8859477
v 0.4790292 0.3390572 0.8859477
v 0.4782793 0.3433063 0.8859477
v 0.4782793 0.3433063 0.8884473
v 0.4790292 0.3390572 0.8884473
v 0.4761548 0.3470555 0.8884473
v 0.4782793 0.3433063 0.8884473
v 0.4782793 0.3433063 0.8859477
v 0.4761548 0.3470555 0.8859477
v 0.4761548 0.3470555 0.8884473
v 0.4761548 0.3470555 0.8859477
v 0.4729054 0.349805 0.8859477
v 0.4729054 0.349805 0.8884473
v 0.4687812 0.3513047 0.8884473
v 0.4729054 0.349805 0.8884473
v 0.4729054 0.349805 0.8859477
v 0.4687812 0.3513047 0.8859477
v 0.4687812 0.3513047 0.8884473
v 0.4687812 0.3513047 0.8859477
v 0.4645321 0.3513047 0.8859477
v 0.4645321 0.3513047 0.8884473
v 0.4645321 0.3513047 0.8884473
v 0.4645321 0.3513047 0.8859477
v 0.4604079 0.349805 0.8859477
v 0.4604079 0.349805 0.8884473
v 0.4604079 0.349805 0.8859477
v 0.4571585 0.3470555 0.8859477
v 0.4571585 0.3470555 0.8884473
v 0.4604079 0.349805 0.8884473
v 0.455034 0.3433063 0.8859477
v 0.455034 0.3433063 0.8884473
v 0.4571585 0.3470555 0.8884473
v 0.4571585 0.3470555 0.8859477
v 0.455034 0.3433063 0.8884473
v 0.455034 0.3433063 0.8859477
v 0.4542841 0.3390572 0.8859477
v 0.4542841 0.3390572 0.8884473
v 0.4542841 0.3390572 0.8884473
v 0.4542841 0.3390572 0.8859477
v 0.455034 0.334808 0.8859477
v 0.455034 0.334808 0.8884473
v 0.455034 0.334808 0.8884473
v 0.455034 0.334808 0.8859477
v 0.4571585 0.3311837 0.8859477
v 0.4571585 0.3311837 0.8884473
v 0.4571585 0.3311837 0.8884473
v 0.4571585 0.3311837 0.8859477
v 0.4604079 0.3283093 0.8859477
v 0.4604079 0.3283093 0.8884473
v 0.4604079 0.3283093 0.8884473
v 0.4604079 0.3283093 0.8859477
v 0.4645321 0.3269346 0.8859477
v 0.4645321 0.3269346 0.8884473
v 0.4645321 0.3269346 0.8884473
v 0.4645321 0.3269346 0.8859477
v 0.4687812 0.3269346 0.8859477
v 0.4687812 0.3269346 0.8884473
v 0.4687812 0.3269346 0.8884473
v 0.4687812 0.3269346 0.8859477
v 0.4729054 0.3283093 0.8859477
v 0.4729054 0.3283093 0.8884473
v 0.4729054 0.3283093 0.8859477
v 0.4761548 0.3311837 0.8859477
v 0.4761548 0.3311837 0.8884473
v 0.4729054 0.3283093 0.8884473
v 0.4761548 0.3311837 0.8859477
v 0.4782793 0.334808 0.8859477
v 0.4782793 0.334808 0.8884473
v 0.4761548 0.3311837 0.8884473
v 0.4782793 0.334808 0.8859477
v 0.4790292 0.3390572 0.8859477
v 0.4790292 0.3390572 0.8884473
v 0.4782793 0.334808 0.8884473
v 0.4854029 0.6783643 0.8810737
v 0.4842782 0.684738 0.8810737
v 0.4842782 0.684738 0.8859477
v 0.4854029 0.6783643 0.8859477
v 0.4810288 0.6903619 0.8810737
v 0.4810288 0.6903619 0.8859477
v 0.4810288 0.6903619 0.8810737
v 0.4760298 0.6944861 0.8810737
v 0.4760298 0.6944861 0.8859477
v 0.4810288 0.6903619 0.8859477
v 0.469906 0.6967356 0.8810737
v 0.469906 0.6967356 0.8859477
v 0.4634073 0.6967356 0.8810737
v 0.4634073 0.6967356 0.8859477
v 0.4572835 0.6944861 0.8810737
v 0.4572835 0.6944861 0.8859477
v 0.4522845 0.6903619 0.8810737
v 0.4522845 0.6903619 0.8859477
v 0.4522845 0.6903619 0.8810737
v 0.4490352 0.684738 0.8810737
v 0.4490352 0.684738 0.8859477
v 0.4522845 0.6903619 0.8859477
v 0.4479104 0.6783643 0.8810737
v 0.4479104 0.6783643 0.8859477
v 0.4490352 0.6718656 0.8810737
v 0.4490352 0.6718656 0.8859477
v 0.4522845 0.6662417 0.8810737
v 0.4522845 0.6662417 0.8859477
v 0.4522845 0.6662417 0.8810737
v 0.4572835 0.6621176 0.8810737
v 0.4572835 0.6621176 0.8859477
v 0.4522845 0.6662417 0.8859477
v 0.4634073 0.659868 0.8810737
v 0.4634073 0.659868 0.8859477
v 0.469906 0.659868 0.8810737
v 0.469906 0.659868 0.8859477
v 0.4760298 0.6621176 0.8810737
v 0.4760298 0.6621176 0.8859477
v 0.4810288 0.6662417 0.8810737
v 0.4810288 0.6662417 0.8859477
v 0.4810288 0.6662417 0.8810737
v 0.4842782 0.6718656 0.8810737
v 0.4842782 0.6718656 0.8859477
v 0.4810288 0.6662417 0.8859477
v 0.4782793 0.6826134 0.8884473
v 0.4761548 0.6862377 0.8884473
v 0.4729054 0.6891122 0.8884473
v 0.4782793 0.6741151 0.8884473
v 0.4687812 0.6904869 0.8884473
v 0.4645321 0.6904869 0.8884473
v 0.4571585 0.6862377 0.8884473
v 0.4604079 0.6891122 0.8884473
v 0.455034 0.6826134 0.8884473
v 0.4542841 0.6783643 0.8884473
v 0.4571585 0.6703659 0.8884473
v 0.455034 0.6741151 0.8884473
v 0.4604079 0.6676165 0.8884473
v 0.4645321 0.6661167 0.8884473
v 0.4729054 0.6676165 0.8884473
v 0.4687812 0.6661167 0.8884473
v 0.4761548 0.6703659 0.8884473
v 0.4790292 0.6783643 0.8884473
v 0.4790292 0.6783643 0.8859477
v 0.4854029 0.6783643 0.8859477
v 0.4842782 0.684738 0.8859477
v 0.4782793 0.6826134 0.8859477
v 0.4810288 0.6903619 0.8859477
v 0.4761548 0.6862377 0.8859477
v 0.4729054 0.6891122 0.8859477
v 0.4760298 0.6944861 0.8859477
v 0.469906 0.6967356 0.8859477
v 0.4687812 0.6904869 0.8859477
v 0.4634073 0.6967356 0.8859477
v 0.4645321 0.6904869 0.8859477
v 0.4572835 0.6944861 0.8859477
v 0.4604079 0.6891122 0.8859477
v 0.4522845 0.6903619 0.8859477
v 0.4571585 0.6862377 0.8859477
v 0.4490352 0.684738 0.8859477
v 0.455034 0.6826134 0.8859477
v 0.4479104 0.6783643 0.8859477
v 0.4542841 0.6783643 0.8859477
v 0.4490352 0.6718656 0.8859477
v 0.455034 0.6741151 0.8859477
v 0.4522845 0.6662417 0.8859477
v 0.4571585 0.6703659 0.8859477
v 0.4604079 0.6676165 0.8859477
v 0.4572835 0.6621176 0.8859477
v 0.4634073 0.659868 0.8859477
v 0.4645321 0.6661167 0.8859477
v 0.4687812 0.6661167 0.8859477
v 0.469906 0.659868 0.8859477
v 0.4760298 0.6621176 0.8859477
v 0.4729054 0.6676165 0.8859477
v 0.4810288 0.6662417 0.8859477
v 0.4761548 0.6703659 0.8859477
v 0.4842782 0.6718656 0.8859477
v 0.4782793 0.6741151 0.8859477
v 0.4790292 0.6783643 0.8859477
v 0.4782793 0.6826134 0.8859477
v 0.4782793 0.6826134 0.8884473
v 0.4790292 0.6783643 0.8884473
v 0.4761548 0.6862377 0.8884473
v 0.4782793 0.6826134 0.8884473
v 0.4782793 0.6826134 0.8859477
v 0.4761548 0.6862377 0.8859477
v 0.4761548 0.6862377 0.8884473
v 0.4761548 0.6862377 0.8859477
v 0.4729054 0.6891122 0.8859477
v 0.4729054 0.6891122 0.8884473
v 0.4687812 0.6904869 0.8884473
v 0.4729054 0.6891122 0.8884473
v 0.4729054 0.6891122 0.8859477
v 0.4687812 0.6904869 0.8859477
v 0.4687812 0.6904869 0.8884473
v 0.4687812 0.6904869 0.8859477
v 0.4645321 0.6904869 0.8859477
v 0.4645321 0.6904869 0.8884473
v 0.4645321 0.6904869 0.8884473
v 0.4645321 0.6904869 0.8859477
v 0.4604079 0.6891122 0.8859477
v 0.4604079 0.6891122 0.8884473
v 0.4604079 0.6891122 0.8859477
v 0.4571585 0.6862377 0.8859477
v 0.4571585 0.6862377 0.8884473
v 0.4604079 0.6891122 0.8884473
v 0.455034 0.6826134 0.8859477
v 0.455034 0.6826134 0.8884473
v 0.4571585 0.6862377 0.8884473
v 0.4571585 0.6862377 0.8859477
v 0.455034 0.6826134 0.8884473
v 0.455034 0.6826134 0.8859477
v 0.4542841 0.6783643 0.8859477
v 0.4542841 0.6783643 0.8884473
v 0.4542841 0.6783643 0.8884473
v 0.4542841 0.6783643 0.8859477
v 0.455034 0.6741151 0.8859477
v 0.455034 0.6741151 0.8884473
v 0.455034 0.6741151 0.8884473
v 0.455034 0.6741151 0.8859477
v 0.4571585 0.6703659 0.8859477
v 0.4571585 0.6703659 0.8884473
v 0.4571585 0.6703659 0.8884473
v 0.4571585 0.6703659 0.8859477
v 0.4604079 0.6676165 0.8859477
v 0.4604079 0.6676165 0.8884473
v 0.4604079 0.6676165 0.8884473
v 0.4604079 0.6676165 0.8859477
v 0.4645321 0.6661167 0.8859477
v 0.4645321 0.6661167 0.8884473
v 0.4645321 0.6661167 0.8884473
v 0.4645321 0.6661167 0.8859477
v 0.4687812 0.6661167 0.8859477
v 0.4687812 0.6661167 0.8884473
v 0.4687812 0.6661167 0.8884473
v 0.4687812 0.6661167 0.8859477
v 0.4729054 0.6676165 0.8859477
v 0.4729054 0.6676165 0.8884473
v 0.4729054 0.6676165 0.8859477
v 0.4761548 0.6703659 0.8859477
v 0.4761548 0.6703659 0.8884473
v 0.4729054 0.6676165 0.8884473
v 0.4761548 0.6703659 0.8859477
v 0.4782793 0.6741151 0.8859477
v 0.4782793 0.6741151 0.8884473
v 0.4761548 0.6703659 0.8884473
v 0.4782793 0.6741151 0.8859477
v 0.4790292 0.6783643 0.8859477
v 0.4790292 0.6783643 0.8884473
v 0.4782793 0.6741151 0.8884473
v 0.4854029 1.0175464 0.8810737
v 0.4842782 1.0239202 0.8810737
v 0.4842782 1.0239202 0.8859477
v 0.4854029 1.0175464 0.8859477
v 0.4810288 1.029544 0.8810737
v 0.4810288 1.029544 0.8859477
v 0.4810288 1.029544 0.8810737
v 0.4760298 1.0337932 0.8810737
v 0.4760298 1.0337932 0.8859477
v 0.4810288 1.029544 0.8859477
v 0.469906 1.0360428 0.8810737
v 0.469906 1.0360428 0.8859477
v 0.4634073 1.0360428 0.8810737
v 0.4634073 1.0360428 0.8859477
v 0.4572835 1.0337932 0.8810737
v 0.4572835 1.0337932 0.8859477
v 0.4522845 1.029544 0.8810737
v 0.4522845 1.029544 0.8859477
v 0.4522845 1.029544 0.8810737
v 0.4490352 1.0239202 0.8810737
v 0.4490352 1.0239202 0.8859477
v 0.4522845 1.029544 0.8859477
v 0.4479104 1.0175464 0.8810737
v 0.4479104 1.0175464 0.8859477
v 0.4490352 1.0111727 0.8810737
v 0.4490352 1.0111727 0.8859477
v 0.4522845 1.0054239 0.8810737
v 0.4522845 1.0054239 0.8859477
v 0.4522845 1.0054239 0.8810737
v 0.4572835 1.0012997 0.8810737
v 0.4572835 1.0012997 0.8859477
v 0.4522845 1.0054239 0.8859477
v 0.4634073 0.9990501 0.8810737
v 0.4634073 0.9990501 0.8859477
v 0.469906 0.9990501 0.8810737
v 0.469906 0.9990501 0.8859477
v 0.4760298 1.0012997 0.8810737
v 0.4760298 1.0012997 0.8859477
v 0.4810288 1.0054239 0.8810737
v 0.4810288 1.0054239 0.8859477
v 0.4810288 1.0054239 0.8810737
v 0.4842782 1.0111727 0.8810737
v 0.4842782 1.0111727 0.8859477
v 0.4810288 1.0054239 0.8859477
v 0.4782793 1.0217956 0.8884473
v 0.4761548 1.0255448 0.8884473
v 0.4729054 1.0282943 0.8884473
v 0.4782793 1.0132973 0.8884473
v 0.4687812 1.029794 0.8884473
v 0.4645321 1.029794 0.8884473
v 0.4571585 1.0255448 0.8884473
v 0.4604079 1.0282943 0.8884473
v 0.455034 1.0217956 0.8884473
v 0.4542841 1.0175464 0.8884473
v 0.4571585 1.0095481 0.8884473
v 0.455034 1.0132973 0.8884473
v 0.4604079 1.0067986 0.8884473
v 0.4645321 1.0052989 0.8884473
v 0.4729054 1.0067986 0.8884473
v 0.4687812 1.0052989 0.8884473
v 0.4761548 1.0095481 0.8884473
v 0.4790292 1.0175464 0.8884473
v 0.4790292 1.0175464 0.8859477
v 0.4854029 1.0175464 0.8859477
v 0.4842782 1.0239202 0.8859477
v 0.4782793 1.0217956 0.8859477
v 0.4810288 1.029544 0.8859477
v 0.4761548 1.0255448 0.8859477
v 0.4782793 1.0217956 0.8859477
v 0.4842782 1.0239202 0.8859477
v 0.4729054 1.0282943 0.8859477
v 0.4760298 1.0337932 0.8859477
v 0.4729054 1.0282943 0.8859477
v 0.4760298 1.0337932 0.8859477
v 0.469906 1.0360428 0.8859477
v 0.4687812 1.029794 0.8859477
v 0.4634073 1.0360428 0.8859477
v 0.4645321 1.029794 0.8859477
v 0.4634073 1.0360428 0.8859477
v 0.4572835 1.0337932 0.8859477
v 0.4604079 1.0282943 0.8859477
v 0.4645321 1.029794 0.8859477
v 0.4604079 1.0282943 0.8859477
v 0.4572835 1.0337932 0.8859477
v 0.4522845 1.029544 0.8859477
v 0.4571585 1.0255448 0.8859477
v 0.4490352 1.0239202 0.8859477
v 0.455034 1.0217956 0.8859477
v 0.4479104 1.0175464 0.8859477
v 0.4542841 1.0175464 0.8859477
v 0.4490352 1.0111727 0.8859477
v 0.455034 1.0132973 0.8859477
v 0.455034 1.0132973 0.8859477
v 0.4490352 1.0111727 0.8859477
v 0.4522845 1.0054239 0.8859477
v 0.4571585 1.0095481 0.8859477
v 0.4604079 1.0067986 0.8859477
v 0.4572835 1.0012997 0.8859477
v 0.4572835 1.0012997 0.8859477
v 0.4634073 0.9990501 0.8859477
v 0.4645321 1.0052989 0.8859477
v 0.4604079 1.0067986 0.8859477
v 0.4687812 1.0052989 0.8859477
v 0.4645321 1.0052989 0.8859477
v 0.4634073 0.9990501 0.8859477
v 0.469906 0.9990501 0.8859477
v 0.4687812 1.0052989 0.8859477
v 0.469906 0.9990501 0.8859477
v 0.4760298 1.0012997 0.8859477
v 0.4729054 1.0067986 0.8859477
v 0.4729054 1.0067986 0.8859477
v 0.4760298 1.0012997 0.8859477
v 0.4810288 1.0054239 0.8859477
v 0.4761548 1.0095481 0.8859477
v 0.4842782 1.0111727 0.8859477
v 0.4782793 1.0132973 0.8859477
v 0.4842782 1.0111727 0.8859477
v 0.4854029 1.0175464 0.8859477
v 0.4790292 1.0175464 0.8859477
v 0.4782793 1.0132973 0.8859477
v 0.4790292 1.0175464 0.8859477
v 0.4782793 1.0217956 0.8859477
v 0.4782793 1.0217956 0.8884473
v 0.4790292 1.0175464 0.8884473
v 0.4761548 1.0255448 0.8884473
v 0.4782793 1.0217956 0.8884473
v 0.4782793 1.0217956 0.8859477
v 0.4761548 1.0255448 0.8859477
v 0.4761548 1.0255448 0.8884473
v 0.4761548 1.0255448 0.8859477
v 0.4729054 1.0282943 0.8859477
v 0.4729054 1.0282943 0.8884473
v 0.4687812 1.029794 0.8884473
v 0.4729054 1.0282943 0.8884473
v 0.4729054 1.0282943 0.8859477
v 0.4687812 1.029794 0.8859477
v 0.4687812 1.029794 0.8884473
v 0.4687812 1.029794 0.8859477
v 0.4645321 1.029794 0.8859477
v 0.4645321 1.029794 0.8884473
v 0.4645321 1.029794 0.8884473
v 0.4645321 1.029794 0.8859477
v 0.4604079 1.0282943 0.8859477
v 0.4604079 1.0282943 0.8884473
v 0.4604079 1.0282943 0.8859477
v 0.4571585 1.0255448 0.8859477
v 0.4571585 1.0255448 0.8884473
v 0.4604079 1.0282943 0.8884473
v 0.455034 1.0217956 0.8859477
v 0.455034 1.0217956 0.8884473
v 0.4571585 1.0255448 0.8884473
v 0.4571585 1.0255448 0.8859477
v 0.455034 1.0217956 0.8884473
v 0.455034 1.0217956 0.8859477
v 0.4542841 1.0175464 0.8859477
v 0.4542841 1.0175464 0.8884473
v 0.4542841 1.0175464 0.8884473
v 0.4542841 1.0175464 0.8859477
v 0.455034 1.0132973 0.8859477
v 0.455034 1.0132973 0.8884473
v 0.455034 1.0132973 0.8884473
v 0.455034 1.0132973 0.8859477
v 0.4571585 1.0095481 0.8859477
v 0.4571585 1.0095481 0.8884473
v 0.4571585 1.0095481 0.8884473
v 0.4571585 1.0095481 0.8859477
v 0.4604079 1.0067986 0.8859477
v 0.4604079 1.0067986 0.8884473
v 0.4604079 1.0067986 0.8884473
v 0.4604079 1.0067986 0.8859477
v 0.4645321 1.0052989 0.8859477
v 0.4645321 1.0052989 0.8884473
v 0.4645321 1.0052989 0.8884473
v 0.4645321 1.0052989 0.8859477
v 0.4687812 1.0052989 0.8859477
v 0.4687812 1.0052989 0.8884473
v 0.4687812 1.0052989 0.8884473
v 0.4687812 1.0052989 0.8859477
v 0.4729054 1.0067986 0.8859477
v 0.4729054 1.0067986 0.8884473
v 0.4729054 1.0067986 0.8859477
v 0.4761548 1.0095481 0.8859477
v 0.4761548 1.0095481 0.8884473
v 0.4729054 1.0067986 0.8884473
v 0.4761548 1.0095481 0.8859477
v 0.4782793 1.0132973 0.8859477
v 0.4782793 1.0132973 0.8884473
v 0.4761548 1.0095481 0.8884473
v 0.4782793 1.0132973 0.8859477
v 0.4790292 1.0175464 0.8859477
v 0.4790292 1.0175464 0.8884473
v 0.4782793 1.0132973 0.8884473
v 0.5185213 -1.080034 0.884573
v 0.5185213 -1.089907 0.8859477
v 0.5185213 -1.2155069 0.8859477
v 0.5185213 -1.0736603 0.8806988
v 0.5185213 -1.069911 0.8743251
v 0.5185213 -1.0684113 0.8644521
v 0.5185213 -1.2356279 0.8743251
v 0.5185213 -1.2370026 0.8644521
v 0.5185213 -1.2370026 0.7354779
v 0.5185213 -1.2317536 0.8806988
v 0.5185213 -1.2255049 0.884573
v 0.5185213 -1.2255049 0.7153569
v 0.5185213 -1.2155069 0.7139822
v 0.5185213 -1.089907 0.7139822
v 0.5185213 -1.2317536 0.7192311
v 0.5185213 -1.2356279 0.7256049
v 0.5185213 -1.080034 0.7153569
v 0.5185213 -1.0736603 0.7192311
v 0.5185213 -1.069911 0.7256049
v 0.5185213 -1.0684113 0.7354779
v 0.5027744 -1.0896571 0.7102329
v 0.514772 -1.0896571 0.7102329
v 0.514772 -1.2157568 0.7102329
v 0.5027744 -1.2157568 0.7102329
v 0.5027744 -1.2407518 0.7352279
v 0.514772 -1.2407518 0.7352279
v 0.514772 -1.2407518 0.864702
v 0.5027744 -1.2407518 0.864702
v 0.5027744 -1.2157568 0.889697
v 0.514772 -1.2157568 0.889697
v 0.514772 -1.0896571 0.889697
v 0.5027744 -1.0896571 0.889697
v 0.5027744 -1.0646621 0.864702
v 0.514772 -1.0646621 0.864702
v 0.514772 -1.0646621 0.7352279
v 0.5027744 -1.0646621 0.7352279
v 0.514772 -1.2267547 0.7118576
v 0.5027744 -1.2267547 0.7118576
v 0.5027744 -1.0787842 0.7118576
v 0.514772 -1.0787842 0.7118576
v 0.514772 -1.2392522 0.8756998
v 0.5027744 -1.2392522 0.8756998
v 0.514772 -1.0787842 0.8881973
v 0.5027744 -1.0787842 0.8881973
v 0.514772 -1.2345031 0.7164817
v 0.5027744 -1.2345031 0.7164817
v 0.514772 -1.2392522 0.7243551
v 0.5027744 -1.2392522 0.7243551
v 0.5027744 -1.2345031 0.7164817
v 0.514772 -1.2345031 0.7164817
v 0.5027744 -1.0709108 0.7164817
v 0.514772 -1.0709108 0.7164817
v 0.5027744 -1.0662867 0.7243551
v 0.514772 -1.0662867 0.7243551
v 0.514772 -1.0709108 0.7164817
v 0.5027744 -1.0709108 0.7164817
v 0.514772 -1.2345031 0.8834483
v 0.5027744 -1.2345031 0.8834483
v 0.514772 -1.2267547 0.8881973
v 0.5027744 -1.2267547 0.8881973
v 0.5027744 -1.2345031 0.8834483
v 0.514772 -1.2345031 0.8834483
v 0.514772 -1.0709108 0.8834483
v 0.5027744 -1.0709108 0.8834483
v 0.514772 -1.0662867 0.8756998
v 0.5027744 -1.0662867 0.8756998
v 0.5027744 -1.0709108 0.8834483
v 0.514772 -1.0709108 0.8834483
v 0.5185213 -1.2155069 0.7139822
v 0.5175215 -1.2157568 0.7112328
v 0.5175215 -1.0897821 0.7112328
v 0.5185213 -1.089907 0.7139822
v 0.5175215 -1.239877 0.864702
v 0.5175215 -1.239877 0.7353529
v 0.5185213 -1.2370026 0.7354779
v 0.5185213 -1.2370026 0.8644521
v 0.5175215 -1.0897821 0.8888222
v 0.5175215 -1.2157568 0.8888222
v 0.5185213 -1.2155069 0.8859477
v 0.5185213 -1.089907 0.8859477
v 0.5185213 -1.0684113 0.7354779
v 0.5175215 -1.0656618 0.7353529
v 0.5175215 -1.0656618 0.864702
v 0.5185213 -1.0684113 0.8644521
v 0.5175215 -1.0790342 0.7127324
v 0.5175215 -1.0897821 0.7112328
v 0.5175215 -1.239877 0.7353529
v 0.5175215 -1.2383773 0.7246051
v 0.5175215 -1.0671616 0.8753249
v 0.5175215 -1.0656618 0.864702
v 0.5175215 -1.2263797 0.8871976
v 0.5175215 -1.2157568 0.8888222
v 0.5175215 -1.0656618 0.7353529
v 0.5175215 -1.0671616 0.7246051
v 0.5175215 -1.0716607 0.7171066
v 0.5175215 -1.0716607 0.7171066
v 0.5175215 -1.2157568 0.7112328
v 0.5175215 -1.2263797 0.7127324
v 0.5175215 -1.2338782 0.7171066
v 0.5175215 -1.2338782 0.7171066
v 0.5175215 -1.0790342 0.8871976
v 0.5175215 -1.0897821 0.8888222
v 0.5175215 -1.0716607 0.8828234
v 0.5175215 -1.0716607 0.8828234
v 0.5175215 -1.239877 0.864702
v 0.5175215 -1.2383773 0.8753249
v 0.5175215 -1.2338782 0.8828234
v 0.5175215 -1.2338782 0.8828234
v 0.5175215 -1.0790342 0.7127324
v 0.5185213 -1.080034 0.7153569
v 0.5175215 -1.2383773 0.7246051
v 0.5185213 -1.2356279 0.7256049
v 0.5175215 -1.0671616 0.8753249
v 0.5185213 -1.069911 0.8743251
v 0.5175215 -1.2263797 0.8871976
v 0.5185213 -1.2255049 0.884573
v 0.5175215 -1.0671616 0.7246051
v 0.5185213 -1.069911 0.7256049
v 0.5175215 -1.0716607 0.7171066
v 0.5185213 -1.0736603 0.7192311
v 0.5175215 -1.2263797 0.7127324
v 0.5185213 -1.2255049 0.7153569
v 0.5185213 -1.2317536 0.7192311
v 0.5175215 -1.2338782 0.7171066
v 0.5185213 -1.080034 0.884573
v 0.5175215 -1.0790342 0.8871976
v 0.5175215 -1.0716607 0.8828234
v 0.5185213 -1.0736603 0.8806988
v 0.5185213 -1.2356279 0.8743251
v 0.5175215 -1.2383773 0.8753249
v 0.5185213 -1.2317536 0.8806988
v 0.5175215 -1.2338782 0.8828234
v 0.5173965 -1.2316287 0.864702
v 0.5286443 -1.2316287 0.864702
v 0.5286443 -1.2241301 0.8776994
v 0.5173965 -1.2241301 0.8776994
v 0.5173965 -1.2241301 0.8776994
v 0.5286443 -1.2241301 0.8776994
v 0.5286443 -1.2091332 0.8776994
v 0.5173965 -1.2091332 0.8776994
v 0.5173965 -1.2091332 0.8776994
v 0.5286443 -1.2091332 0.8776994
v 0.5286443 -1.2016346 0.864702
v 0.5173965 -1.2016346 0.864702
v 0.5173965 -1.2016346 0.864702
v 0.5286443 -1.2016346 0.864702
v 0.5286443 -1.2091332 0.8517047
v 0.5173965 -1.2091332 0.8517047
v 0.5173965 -1.2091332 0.8517047
v 0.5286443 -1.2091332 0.8517047
v 0.5286443 -1.2241301 0.8517047
v 0.5173965 -1.2241301 0.8517047
v 0.5286443 -1.2241301 0.8517047
v 0.5286443 -1.2316287 0.864702
v 0.5173965 -1.2316287 0.864702
v 0.5173965 -1.2241301 0.8517047
v 0.529894 -1.2233803 0.8529544
v 0.529894 -1.209883 0.8529544
v 0.529894 -1.2031343 0.864702
v 0.529894 -1.2233803 0.8764497
v 0.529894 -1.209883 0.8764497
v 0.529894 -1.230254 0.864702
v 0.529894 -1.230254 0.864702
v 0.529894 -1.2233803 0.8764497
v 0.5286443 -1.2241301 0.8776994
v 0.5286443 -1.2316287 0.864702
v 0.5286443 -1.2091332 0.8776994
v 0.529894 -1.209883 0.8764497
v 0.529894 -1.2031343 0.864702
v 0.5286443 -1.2016346 0.864702
v 0.529894 -1.209883 0.8529544
v 0.5286443 -1.2091332 0.8517047
v 0.5286443 -1.2241301 0.8517047
v 0.529894 -1.2233803 0.8529544
v 0.5173965 -1.1037792 0.864702
v 0.5286443 -1.1037792 0.864702
v 0.5286443 -1.0962807 0.8776994
v 0.5173965 -1.0962807 0.8776994
v 0.5173965 -1.0962807 0.8776994
v 0.5286443 -1.0962807 0.8776994
v 0.5286443 -1.0812838 0.8776994
v 0.5173965 -1.0812838 0.8776994
v 0.5173965 -1.0812838 0.8776994
v 0.5286443 -1.0812838 0.8776994
v 0.5286443 -1.0737852 0.864702
v 0.5173965 -1.0737852 0.864702
v 0.5173965 -1.0737852 0.864702
v 0.5286443 -1.0737852 0.864702
v 0.5286443 -1.0812838 0.8517047
v 0.5173965 -1.0812838 0.8517047
v 0.5173965 -1.0812838 0.8517047
v 0.5286443 -1.0812838 0.8517047
v 0.5286443 -1.0962807 0.8517047
v 0.5173965 -1.0962807 0.8517047
v 0.5173965 -1.0962807 0.8517047
v 0.5286443 -1.0962807 0.8517047
v 0.5286443 -1.1037792 0.864702
v 0.5173965 -1.1037792 0.864702
v 0.529894 -1.0955309 0.8529544
v 0.529894 -1.0820336 0.8529544
v 0.529894 -1.0752849 0.864702
v 0.529894 -1.0955309 0.8764497
v 0.529894 -1.0820336 0.8764497
v 0.529894 -1.1024045 0.864702
v 0.5286443 -1.0962807 0.8776994
v 0.5286443 -1.1037792 0.864702
v 0.529894 -1.1024045 0.864702
v 0.529894 -1.0955309 0.8764497
v 0.5286443 -1.0962807 0.8776994
v 0.529894 -1.0955309 0.8764497
v 0.529894 -1.0820336 0.8764497
v 0.5286443 -1.0812838 0.8776994
v 0.5286443 -1.0737852 0.864702
v 0.5286443 -1.0812838 0.8776994
v 0.529894 -1.0820336 0.8764497
v 0.529894 -1.0752849 0.864702
v 0.5286443 -1.0737852 0.864702
v 0.529894 -1.0752849 0.864702
v 0.529894 -1.0820336 0.8529544
v 0.5286443 -1.0812838 0.8517047
v 0.5286443 -1.0962807 0.8517047
v 0.5286443 -1.0812838 0.8517047
v 0.529894 -1.0820336 0.8529544
v 0.529894 -1.0955309 0.8529544
v 0.529894 -1.0955309 0.8529544
v 0.529894 -1.1024045 0.864702
v 0.5286443 -1.1037792 0.864702
v 0.5286443 -1.0962807 0.8517047
v 0.5173965 -1.1037792 0.7368526
v 0.5286443 -1.1037792 0.7368526
v 0.5286443 -1.0962807 0.74985
v 0.5173965 -1.0962807 0.74985
v 0.5173965 -1.0962807 0.74985
v 0.5286443 -1.0962807 0.74985
v 0.5286443 -1.0812838 0.74985
v 0.5173965 -1.0812838 0.74985
v 0.5173965 -1.0812838 0.74985
v 0.5286443 -1.0812838 0.74985
v 0.5286443 -1.0737852 0.7368526
v 0.5173965 -1.0737852 0.7368526
v 0.5286443 -1.0737852 0.7368526
v 0.5286443 -1.0812838 0.7238552
v 0.5173965 -1.0812838 0.7238552
v 0.5173965 -1.0737852 0.7368526
v 0.5173965 -1.0812838 0.7238552
v 0.5286443 -1.0812838 0.7238552
v 0.5286443 -1.0962807 0.7238552
v 0.5173965 -1.0962807 0.7238552
v 0.5173965 -1.0962807 0.7238552
v 0.5286443 -1.0962807 0.7238552
v 0.5286443 -1.1037792 0.7368526
v 0.5173965 -1.1037792 0.7368526
v 0.529894 -1.0955309 0.725105
v 0.529894 -1.0820336 0.725105
v 0.529894 -1.0752849 0.7368526
v 0.529894 -1.0955309 0.7486002
v 0.529894 -1.0820336 0.7486002
v 0.529894 -1.1024045 0.7368526
v 0.529894 -1.0955309 0.7486002
v 0.5286443 -1.0962807 0.74985
v 0.5286443 -1.1037792 0.7368526
v 0.529894 -1.1024045 0.7368526
v 0.529894 -1.0820336 0.7486002
v 0.5286443 -1.0812838 0.74985
v 0.5286443 -1.0962807 0.74985
v 0.529894 -1.0955309 0.7486002
v 0.529894 -1.0752849 0.7368526
v 0.5286443 -1.0737852 0.7368526
v 0.529894 -1.0820336 0.725105
v 0.5286443 -1.0812838 0.7238552
v 0.5286443 -1.0962807 0.7238552
v 0.529894 -1.0955309 0.725105
v 0.5286443 -1.1037792 0.7368526
v 0.5286443 -1.0962807 0.7238552
v 0.529894 -1.0955309 0.725105
v 0.529894 -1.1024045 0.7368526
v 0.5173965 -1.2316287 0.7368526
v 0.5286443 -1.2316287 0.7368526
v 0.5286443 -1.2241301 0.74985
v 0.5173965 -1.2241301 0.74985
v 0.5173965 -1.2241301 0.74985
v 0.5286443 -1.2241301 0.74985
v 0.5286443 -1.2091332 0.74985
v 0.5173965 -1.2091332 0.74985
v 0.5173965 -1.2091332 0.74985
v 0.5286443 -1.2091332 0.74985
v 0.5286443 -1.2016346 0.7368526
v 0.5173965 -1.2016346 0.7368526
v 0.5173965 -1.2016346 0.7368526
v 0.5286443 -1.2016346 0.7368526
v 0.5286443 -1.2091332 0.7238552
v 0.5173965 -1.2091332 0.7238552
v 0.5173965 -1.2091332 0.7238552
v 0.5286443 -1.2091332 0.7238552
v 0.5286443 -1.2241301 0.7238552
v 0.5173965 -1.2241301 0.7238552
v 0.5173965 -1.2241301 0.7238552
v 0.5286443 -1.2241301 0.7238552
v 0.5286443 -1.2316287 0.7368526
v 0.5173965 -1.2316287 0.7368526
v 0.529894 -1.2233803 0.725105
v 0.529894 -1.209883 0.725105
v 0.529894 -1.2031343 0.7368526
v 0.529894 -1.2233803 0.7486002
v 0.529894 -1.209883 0.7486002
v 0.529894 -1.230254 0.7368526
v 0.529894 -1.2233803 0.7486002
v 0.5286443 -1.2241301 0.74985
v 0.5286443 -1.2316287 0.7368526
v 0.529894 -1.230254 0.7368526
v 0.5286443 -1.2091332 0.74985
v 0.5286443 -1.2241301 0.74985
v 0.529894 -1.2233803 0.7486002
v 0.529894 -1.209883 0.7486002
v 0.529894 -1.209883 0.7486002
v 0.529894 -1.2031343 0.7368526
v 0.5286443 -1.2016346 0.7368526
v 0.5286443 -1.2091332 0.74985
v 0.5286443 -1.2091332 0.7238552
v 0.5286443 -1.2016346 0.7368526
v 0.529894 -1.2031343 0.7368526
v 0.529894 -1.209883 0.725105
v 0.5286443 -1.2241301 0.7238552
v 0.5286443 -1.2091332 0.7238552
v 0.529894 -1.209883 0.725105
v 0.529894 -1.2233803 0.725105
v 0.5286443 -1.2316287 0.7368526
v 0.5286443 -1.2241301 0.7238552
v 0.529894 -1.2233803 0.725105
v 0.529894 -1.230254 0.7368526
v 0.5182713 -1.2221306 0.8033393
v 0.5363927 -1.2221306 0.8033393
v 0.5363927 -1.2178814 0.8269596
v 0.5182713 -1.2178814 0.8269596
v 0.5363927 -1.2060088 0.8475805
v 0.5182713 -1.2060088 0.8475805
v 0.5182713 -1.2060088 0.8475805
v 0.5363927 -1.2060088 0.8475805
v 0.5363927 -1.1877624 0.8629524
v 0.5182713 -1.1877624 0.8629524
v 0.5363927 -1.1652669 0.8710758
v 0.5182713 -1.1652669 0.8710758
v 0.5363927 -1.1413967 0.8710758
v 0.5182713 -1.1413967 0.8710758
v 0.5363927 -1.1190261 0.8629524
v 0.5182713 -1.1190261 0.8629524
v 0.5363927 -1.1006548 0.8475805
v 0.5182713 -1.1006548 0.8475805
v 0.5182713 -1.1006548 0.8475805
v 0.5363927 -1.1006548 0.8475805
v 0.5363927 -1.0887822 0.8269596
v 0.5182713 -1.0887822 0.8269596
v 0.5363927 -1.084658 0.8033393
v 0.5182713 -1.084658 0.8033393
v 0.5363927 -1.0887822 0.779844
v 0.5182713 -1.0887822 0.779844
v 0.5363927 -1.1006548 0.7592232
v 0.5182713 -1.1006548 0.7592232
v 0.5182713 -1.1006548 0.7592232
v 0.5363927 -1.1006548 0.7592232
v 0.5363927 -1.1190261 0.7438512
v 0.5182713 -1.1190261 0.7438512
v 0.5363927 -1.1413967 0.7357278
v 0.5182713 -1.1413967 0.7357278
v 0.5363927 -1.1652669 0.7357278
v 0.5182713 -1.1652669 0.7357278
v 0.5363927 -1.1877624 0.7438512
v 0.5182713 -1.1877624 0.7438512
v 0.5363927 -1.2060088 0.7592232
v 0.5182713 -1.2060088 0.7592232
v 0.5182713 -1.2060088 0.7592232
v 0.5363927 -1.2060088 0.7592232
v 0.5363927 -1.2178814 0.779844
v 0.5182713 -1.2178814 0.779844
v 0.5203959 -1.1941361 0.7885922
v 0.5203959 -1.1865127 0.7754699
v 0.5203959 -1.175015 0.7658468
v 0.5203959 -1.175015 0.8409568
v 0.5203959 -1.1608928 0.7607228
v 0.5203959 -1.1457708 0.7607228
v 0.5203959 -1.120151 0.7754699
v 0.5203959 -1.1316486 0.7658468
v 0.5203959 -1.120151 0.8312087
v 0.5203959 -1.1126525 0.7885922
v 0.5203959 -1.110028 0.8033393
v 0.5203959 -1.1126525 0.8182113
v 0.5203959 -1.1316486 0.8409568
v 0.5203959 -1.1457708 0.8460807
v 0.5203959 -1.1608928 0.8460807
v 0.5203959 -1.1941361 0.8182113
v 0.5203959 -1.1865127 0.8312087
v 0.5203959 -1.1966357 0.8033393
v 0.5363927 -1.2120076 0.82471
v 0.5363927 -1.2178814 0.8269596
v 0.5363927 -1.2221306 0.8033393
v 0.5363927 -1.2157568 0.8033393
v 0.5363927 -1.2060088 0.8475805
v 0.5363927 -1.2011348 0.8434563
v 0.5363927 -1.1845131 0.8574535
v 0.5363927 -1.1877624 0.8629524
v 0.5363927 -1.1641422 0.864827
v 0.5363927 -1.1652669 0.8710758
v 0.5363927 -1.1413967 0.8710758
v 0.5363927 -1.1425215 0.864827
v 0.5363927 -1.1190261 0.8629524
v 0.5363927 -1.1221506 0.8574535
v 0.5363927 -1.1006548 0.8475805
v 0.5363927 -1.1055289 0.8434563
v 0.5363927 -1.0887822 0.8269596
v 0.5363927 -1.0946561 0.82471
v 0.5363927 -1.084658 0.8033393
v 0.5363927 -1.0909068 0.8033393
v 0.5363927 -1.0887822 0.779844
v 0.5363927 -1.0946561 0.7820936
v 0.5363927 -1.1006548 0.7592232
v 0.5363927 -1.1055289 0.7633473
v 0.5363927 -1.1221506 0.7493501
v 0.5363927 -1.1190261 0.7438512
v 0.5363927 -1.1425215 0.7419766
v 0.5363927 -1.1413967 0.7357278
v 0.5363927 -1.1641422 0.7419766
v 0.5363927 -1.1652669 0.7357278
v 0.5363927 -1.1877624 0.7438512
v 0.5363927 -1.1845131 0.7493501
v 0.5363927 -1.2060088 0.7592232
v 0.5363927 -1.2011348 0.7633473
v 0.5363927 -1.2120076 0.7820936
v 0.5363927 -1.2178814 0.779844
v 0.5263947 -1.2120076 0.82471
v 0.5363927 -1.2120076 0.82471
v 0.5363927 -1.2157568 0.8033393
v 0.5263947 -1.2157568 0.8033393
v 0.5263947 -1.2011348 0.8434563
v 0.5363927 -1.2011348 0.8434563
v 0.5263947 -1.1845131 0.8574535
v 0.5363927 -1.1845131 0.8574535
v 0.5363927 -1.2011348 0.8434563
v 0.5263947 -1.2011348 0.8434563
v 0.5263947 -1.1641422 0.864827
v 0.5363927 -1.1641422 0.864827
v 0.5363927 -1.1425215 0.864827
v 0.5263947 -1.1425215 0.864827
v 0.5263947 -1.1221506 0.8574535
v 0.5363927 -1.1221506 0.8574535
v 0.5263947 -1.1055289 0.8434563
v 0.5363927 -1.1055289 0.8434563
v 0.5263947 -1.0946561 0.82471
v 0.5363927 -1.0946561 0.82471
v 0.5363927 -1.1055289 0.8434563
v 0.5263947 -1.1055289 0.8434563
v 0.5263947 -1.0909068 0.8033393
v 0.5363927 -1.0909068 0.8033393
v 0.5263947 -1.0946561 0.7820936
v 0.5363927 -1.0946561 0.7820936
v 0.5263947 -1.1055289 0.7633473
v 0.5363927 -1.1055289 0.7633473
v 0.5363927 -1.1221506 0.7493501
v 0.5363927 -1.1055289 0.7633473
v 0.5263947 -1.1055289 0.7633473
v 0.5263947 -1.1221506 0.7493501
v 0.5263947 -1.1425215 0.7419766
v 0.5363927 -1.1425215 0.7419766
v 0.5263947 -1.1641422 0.7419766
v 0.5363927 -1.1641422 0.7419766
v 0.5363927 -1.1845131 0.7493501
v 0.5263947 -1.1845131 0.7493501
v 0.5263947 -1.2011348 0.7633473
v 0.5363927 -1.2011348 0.7633473
v 0.5363927 -1.2011348 0.7633473
v 0.5263947 -1.2011348 0.7633473
v 0.5263947 -1.2120076 0.7820936
v 0.5363927 -1.2120076 0.7820936
v 0.5263947 -1.1941361 0.8182113
v 0.5263947 -1.2120076 0.82471
v 0.5263947 -1.2157568 0.8033393
v 0.5263947 -1.1966357 0.8033393
v 0.5263947 -1.1865127 0.8312087
v 0.5263947 -1.2011348 0.8434563
v 0.5263947 -1.175015 0.8409568
v 0.5263947 -1.1845131 0.8574535
v 0.5263947 -1.1641422 0.864827
v 0.5263947 -1.1608928 0.8460807
v 0.5263947 -1.1457708 0.8460807
v 0.5263947 -1.1425215 0.864827
v 0.5263947 -1.1221506 0.8574535
v 0.5263947 -1.1316486 0.8409568
v 0.5263947 -1.1055289 0.8434563
v 0.5263947 -1.120151 0.8312087
v 0.5263947 -1.1126525 0.8182113
v 0.5263947 -1.0946561 0.82471
v 0.5263947 -1.0909068 0.8033393
v 0.5263947 -1.110028 0.8033393
v 0.5263947 -1.0946561 0.7820936
v 0.5263947 -1.1126525 0.7885922
v 0.5263947 -1.120151 0.7754699
v 0.5263947 -1.1055289 0.7633473
v 0.5263947 -1.1316486 0.7658468
v 0.5263947 -1.1221506 0.7493501
v 0.5263947 -1.1425215 0.7419766
v 0.5263947 -1.1457708 0.7607228
v 0.5263947 -1.1608928 0.7607228
v 0.5263947 -1.1641422 0.7419766
v 0.5263947 -1.175015 0.7658468
v 0.5263947 -1.1845131 0.7493501
v 0.5263947 -1.1865127 0.7754699
v 0.5263947 -1.2011348 0.7633473
v 0.5263947 -1.1941361 0.7885922
v 0.5263947 -1.2120076 0.7820936
v 0.5203959 -1.1941361 0.8182113
v 0.5263947 -1.1941361 0.8182113
v 0.5263947 -1.1966357 0.8033393
v 0.5203959 -1.1966357 0.8033393
v 0.5203959 -1.1865127 0.8312087
v 0.5263947 -1.1865127 0.8312087
v 0.5203959 -1.175015 0.8409568
v 0.5263947 -1.175015 0.8409568
v 0.5263947 -1.1865127 0.8312087
v 0.5203959 -1.1865127 0.8312087
v 0.5203959 -1.1608928 0.8460807
v 0.5263947 -1.1608928 0.8460807
v 0.5203959 -1.1457708 0.8460807
v 0.5263947 -1.1457708 0.8460807
v 0.5203959 -1.1316486 0.8409568
v 0.5263947 -1.1316486 0.8409568
v 0.5263947 -1.120151 0.8312087
v 0.5203959 -1.120151 0.8312087
v 0.5263947 -1.120151 0.8312087
v 0.5203959 -1.120151 0.8312087
v 0.5203959 -1.1126525 0.8182113
v 0.5263947 -1.1126525 0.8182113
v 0.5263947 -1.110028 0.8033393
v 0.5203959 -1.110028 0.8033393
v 0.5263947 -1.1126525 0.7885922
v 0.5203959 -1.1126525 0.7885922
v 0.5203959 -1.120151 0.7754699
v 0.5263947 -1.120151 0.7754699
v 0.5263947 -1.120151 0.7754699
v 0.5203959 -1.120151 0.7754699
v 0.5203959 -1.1316486 0.7658468
v 0.5263947 -1.1316486 0.7658468
v 0.5203959 -1.1457708 0.7607228
v 0.5263947 -1.1457708 0.7607228
v 0.5203959 -1.1608928 0.7607228
v 0.5263947 -1.1608928 0.7607228
v 0.5263947 -1.175015 0.7658468
v 0.5203959 -1.175015 0.7658468
v 0.5203959 -1.1865127 0.7754699
v 0.5263947 -1.1865127 0.7754699
v 0.5263947 -1.1941361 0.7885922
v 0.5263947 -1.1865127 0.7754699
v 0.5203959 -1.1865127 0.7754699
v 0.5203959 -1.1941361 0.7885922
v 0.5652619 -1.1912618 0.8172116
v 0.5320186 -1.1912618 0.8172116
v 0.5320186 -1.1937612 0.8035893
v 0.5652619 -1.1937612 0.8035893
v 0.5320186 -1.1843881 0.8293341
v 0.5652619 -1.1843881 0.8293341
v 0.5652619 -1.1737653 0.8382073
v 0.5320186 -1.1737653 0.8382073
v 0.5320186 -1.1843881 0.8293341
v 0.5652619 -1.1843881 0.8293341
v 0.5652619 -1.1606429 0.8429564
v 0.5320186 -1.1606429 0.8429564
v 0.5652619 -1.1467707 0.8429564
v 0.5320186 -1.1467707 0.8429564
v 0.5652619 -1.1337733 0.8382073
v 0.5320186 -1.1337733 0.8382073
v 0.5320186 -1.1230254 0.8293341
v 0.5652619 -1.1230254 0.8293341
v 0.5652619 -1.1161518 0.8172116
v 0.5320186 -1.1161518 0.8172116
v 0.5320186 -1.1230254 0.8293341
v 0.5652619 -1.1230254 0.8293341
v 0.5652619 -1.1137772 0.8035893
v 0.5320186 -1.1137772 0.8035893
v 0.5320186 -1.1161518 0.789967
v 0.5652619 -1.1161518 0.789967
v 0.5652619 -1.1230254 0.7778444
v 0.5320186 -1.1230254 0.7778444
v 0.5320186 -1.1337733 0.7689712
v 0.5320186 -1.1230254 0.7778444
v 0.5652619 -1.1230254 0.7778444
v 0.5652619 -1.1337733 0.7689712
v 0.5320186 -1.1467707 0.7642222
v 0.5652619 -1.1467707 0.7642222
v 0.5652619 -1.1606429 0.7642222
v 0.5320186 -1.1606429 0.7642222
v 0.5320186 -1.1737653 0.7689712
v 0.5652619 -1.1737653 0.7689712
v 0.5652619 -1.1843881 0.7778444
v 0.5320186 -1.1843881 0.7778444
v 0.5320186 -1.1912618 0.789967
v 0.5320186 -1.1843881 0.7778444
v 0.5652619 -1.1843881 0.7778444
v 0.5652619 -1.1912618 0.789967
v 0.5612628 -1.1652669 0.7993401
v 0.5612628 -1.1631423 0.7957158
v 0.5612628 -1.159893 0.7929664
v 0.5612628 -1.159893 0.8142121
v 0.5612628 -1.1558938 0.7914667
v 0.5612628 -1.1515197 0.7914667
v 0.5612628 -1.1442711 0.7957158
v 0.5612628 -1.1475205 0.7929664
v 0.5612628 -1.1421466 0.7993401
v 0.5612628 -1.1413967 0.8035893
v 0.5612628 -1.1442711 0.8114627
v 0.5612628 -1.1421466 0.8078384
v 0.5612628 -1.1515197 0.8157118
v 0.5612628 -1.1475205 0.8142121
v 0.5612628 -1.1558938 0.8157118
v 0.5612628 -1.1631423 0.8114627
v 0.5612628 -1.1652669 0.8078384
v 0.5612628 -1.1660168 0.8035893
v 0.5677614 -1.1787642 0.8035893
v 0.5737602 -1.1787642 0.8035893
v 0.5737602 -1.1772645 0.8120876
v 0.5677614 -1.1772645 0.8120876
v 0.5203959 -1.1787642 0.8035893
v 0.5320186 -1.1787642 0.8035893
v 0.5320186 -1.1772645 0.8120876
v 0.5203959 -1.1772645 0.8120876
v 0.5737602 -1.1728904 0.819711
v 0.5677614 -1.1728904 0.819711
v 0.5203959 -1.1728904 0.819711
v 0.5320186 -1.1728904 0.819711
v 0.5677614 -1.1662667 0.82521
v 0.5677614 -1.1728904 0.819711
v 0.5737602 -1.1728904 0.819711
v 0.5737602 -1.1662667 0.82521
v 0.5320186 -1.1728904 0.819711
v 0.5320186 -1.1662667 0.82521
v 0.5203959 -1.1662667 0.82521
v 0.5203959 -1.1728904 0.819711
v 0.5737602 -1.1580184 0.8282093
v 0.5677614 -1.1580184 0.8282093
v 0.5203959 -1.1580184 0.8282093
v 0.5320186 -1.1580184 0.8282093
v 0.5737602 -1.1493951 0.8282093
v 0.5677614 -1.1493951 0.8282093
v 0.5320186 -1.1493951 0.8282093
v 0.5203959 -1.1493951 0.8282093
v 0.5737602 -1.1412717 0.82521
v 0.5677614 -1.1412717 0.82521
v 0.5203959 -1.1412717 0.82521
v 0.5320186 -1.1412717 0.82521
v 0.5677614 -1.1345231 0.819711
v 0.5737602 -1.1345231 0.819711
v 0.5203959 -1.1345231 0.819711
v 0.5320186 -1.1345231 0.819711
v 0.5677614 -1.1302739 0.8120876
v 0.5677614 -1.1345231 0.819711
v 0.5737602 -1.1345231 0.819711
v 0.5737602 -1.1302739 0.8120876
v 0.5320186 -1.1345231 0.819711
v 0.5320186 -1.1302739 0.8120876
v 0.5203959 -1.1302739 0.8120876
v 0.5203959 -1.1345231 0.819711
v 0.5677614 -1.1287742 0.8035893
v 0.5737602 -1.1287742 0.8035893
v 0.5320186 -1.1287742 0.8035893
v 0.5203959 -1.1287742 0.8035893
v 0.5677614 -1.1302739 0.795091
v 0.5737602 -1.1302739 0.795091
v 0.5320186 -1.1302739 0.795091
v 0.5203959 -1.1302739 0.795091
v 0.5737602 -1.1345231 0.7874675
v 0.5677614 -1.1345231 0.7874675
v 0.5203959 -1.1345231 0.7874675
v 0.5320186 -1.1345231 0.7874675
v 0.5677614 -1.1412717 0.7819686
v 0.5677614 -1.1345231 0.7874675
v 0.5737602 -1.1345231 0.7874675
v 0.5737602 -1.1412717 0.7819686
v 0.5203959 -1.1345231 0.7874675
v 0.5320186 -1.1345231 0.7874675
v 0.5320186 -1.1412717 0.7819686
v 0.5203959 -1.1412717 0.7819686
v 0.5737602 -1.1493951 0.7789692
v 0.5677614 -1.1493951 0.7789692
v 0.5320186 -1.1493951 0.7789692
v 0.5203959 -1.1493951 0.7789692
v 0.5737602 -1.1580184 0.7789692
v 0.5677614 -1.1580184 0.7789692
v 0.5203959 -1.1580184 0.7789692
v 0.5320186 -1.1580184 0.7789692
v 0.5737602 -1.1662667 0.7819686
v 0.5677614 -1.1662667 0.7819686
v 0.5203959 -1.1662667 0.7819686
v 0.5320186 -1.1662667 0.7819686
v 0.5677614 -1.1728904 0.7874675
v 0.5737602 -1.1728904 0.7874675
v 0.5203959 -1.1728904 0.7874675
v 0.5320186 -1.1728904 0.7874675
v 0.5677614 -1.1772645 0.795091
v 0.5677614 -1.1728904 0.7874675
v 0.5737602 -1.1728904 0.7874675
v 0.5737602 -1.1772645 0.795091
v 0.5203959 -1.1728904 0.7874675
v 0.5320186 -1.1728904 0.7874675
v 0.5320186 -1.1772645 0.795091
v 0.5203959 -1.1772645 0.795091
v 0.5677614 -1.1772645 0.8120876
v 0.5677614 -1.1842631 0.814712
v 0.5677614 -1.1862628 0.8035893
v 0.5677614 -1.1787642 0.8035893
v 0.5677614 -1.1772645 0.795091
v 0.5677614 -1.1842631 0.7924665
v 0.5677614 -1.1786393 0.7827184
v 0.5677614 -1.1728904 0.7874675
v 0.5677614 -1.170016 0.7754699
v 0.5677614 -1.1662667 0.7819686
v 0.5677614 -1.1593931 0.7715956
v 0.5677614 -1.1580184 0.7789692
v 0.5677614 -1.1480204 0.7715956
v 0.5677614 -1.1493951 0.7789692
v 0.5677614 -1.1375225 0.7754699
v 0.5677614 -1.1412717 0.7819686
v 0.5677614 -1.1287742 0.7827184
v 0.5677614 -1.1345231 0.7874675
v 0.5677614 -1.1302739 0.795091
v 0.5677614 -1.1231503 0.7924665
v 0.5677614 -1.1212757 0.8035893
v 0.5677614 -1.1287742 0.8035893
v 0.5677614 -1.1231503 0.814712
v 0.5677614 -1.1302739 0.8120876
v 0.5677614 -1.1287742 0.8244601
v 0.5677614 -1.1345231 0.819711
v 0.5677614 -1.1412717 0.82521
v 0.5677614 -1.1375225 0.8317086
v 0.5677614 -1.1480204 0.8355829
v 0.5677614 -1.1493951 0.8282093
v 0.5677614 -1.1580184 0.8282093
v 0.5677614 -1.1593931 0.8355829
v 0.5677614 -1.170016 0.8317086
v 0.5677614 -1.1662667 0.82521
v 0.5677614 -1.1786393 0.8244601
v 0.5677614 -1.1728904 0.819711
v 0.5677614 -1.1888872 0.8164617
v 0.5677614 -1.1912618 0.8035893
v 0.5677614 -1.1888872 0.7907169
v 0.5677614 -1.1823885 0.7794691
v 0.5677614 -1.1725155 0.7710957
v 0.5677614 -1.160268 0.7667216
v 0.5677614 -1.1471456 0.7667216
v 0.5677614 -1.135023 0.7710957
v 0.5677614 -1.125025 0.7794691
v 0.5677614 -1.1185263 0.7907169
v 0.5677614 -1.1162768 0.8035893
v 0.5677614 -1.1185263 0.8164617
v 0.5677614 -1.125025 0.8277094
v 0.5677614 -1.135023 0.8360828
v 0.5677614 -1.1471456 0.8404569
v 0.5677614 -1.160268 0.8404569
v 0.5677614 -1.1725155 0.8360828
v 0.5677614 -1.1823885 0.8277094
v 0.5737602 -1.1772645 0.8120876
v 0.5737602 -1.1787642 0.8035893
v 0.5737602 -1.1660168 0.8035893
v 0.5737602 -1.1652669 0.8078384
v 0.5737602 -1.1728904 0.819711
v 0.5737602 -1.1631423 0.8114627
v 0.5737602 -1.159893 0.8142121
v 0.5737602 -1.1662667 0.82521
v 0.5737602 -1.1558938 0.8157118
v 0.5737602 -1.1580184 0.8282093
v 0.5737602 -1.1515197 0.8157118
v 0.5737602 -1.1493951 0.8282093
v 0.5737602 -1.1475205 0.8142121
v 0.5737602 -1.1412717 0.82521
v 0.5737602 -1.1442711 0.8114627
v 0.5737602 -1.1345231 0.819711
v 0.5737602 -1.1421466 0.8078384
v 0.5737602 -1.1302739 0.8120876
v 0.5737602 -1.1287742 0.8035893
v 0.5737602 -1.1413967 0.8035893
v 0.5737602 -1.1421466 0.7993401
v 0.5737602 -1.1302739 0.795091
v 0.5737602 -1.1442711 0.7957158
v 0.5737602 -1.1345231 0.7874675
v 0.5737602 -1.1475205 0.7929664
v 0.5737602 -1.1412717 0.7819686
v 0.5737602 -1.1515197 0.7914667
v 0.5737602 -1.1493951 0.7789692
v 0.5737602 -1.1558938 0.7914667
v 0.5737602 -1.1580184 0.7789692
v 0.5737602 -1.1662667 0.7819686
v 0.5737602 -1.159893 0.7929664
v 0.5737602 -1.1631423 0.7957158
v 0.5737602 -1.1728904 0.7874675
v 0.5737602 -1.1772645 0.795091
v 0.5737602 -1.1652669 0.7993401
v 0.5612628 -1.1652669 0.8078384
v 0.5737602 -1.1652669 0.8078384
v 0.5737602 -1.1660168 0.8035893
v 0.5612628 -1.1660168 0.8035893
v 0.5612628 -1.1631423 0.8114627
v 0.5737602 -1.1631423 0.8114627
v 0.5612628 -1.159893 0.8142121
v 0.5737602 -1.159893 0.8142121
v 0.5737602 -1.1631423 0.8114627
v 0.5612628 -1.1631423 0.8114627
v 0.5612628 -1.1558938 0.8157118
v 0.5737602 -1.1558938 0.8157118
v 0.5612628 -1.1515197 0.8157118
v 0.5737602 -1.1515197 0.8157118
v 0.5612628 -1.1475205 0.8142121
v 0.5737602 -1.1475205 0.8142121
v 0.5612628 -1.1442711 0.8114627
v 0.5737602 -1.1442711 0.8114627
v 0.5612628 -1.1442711 0.8114627
v 0.5612628 -1.1421466 0.8078384
v 0.5737602 -1.1421466 0.8078384
v 0.5737602 -1.1442711 0.8114627
v 0.5612628 -1.1413967 0.8035893
v 0.5737602 -1.1413967 0.8035893
v 0.5737602 -1.1421466 0.7993401
v 0.5612628 -1.1421466 0.7993401
v 0.5737602 -1.1442711 0.7957158
v 0.5612628 -1.1442711 0.7957158
v 0.5612628 -1.1475205 0.7929664
v 0.5737602 -1.1475205 0.7929664
v 0.5737602 -1.1442711 0.7957158
v 0.5612628 -1.1442711 0.7957158
v 0.5737602 -1.1515197 0.7914667
v 0.5612628 -1.1515197 0.7914667
v 0.5737602 -1.1558938 0.7914667
v 0.5612628 -1.1558938 0.7914667
v 0.5612628 -1.159893 0.7929664
v 0.5737602 -1.159893 0.7929664
v 0.5737602 -1.1631423 0.7957158
v 0.5612628 -1.1631423 0.7957158
v 0.5612628 -1.1652669 0.7993401
v 0.5737602 -1.1652669 0.7993401
v 0.5737602 -1.1631423 0.7957158
v 0.5612628 -1.1631423 0.7957158
v 0.5671365 -1.1931363 0.8035893
v 0.5671365 -1.1907619 0.8170866
v 0.5671365 -1.1907619 0.790092
v 0.5671365 -1.1838882 0.7783443
v 0.5671365 -1.1733903 0.7694711
v 0.5671365 -1.1838882 0.7783443
v 0.5671365 -1.1605179 0.764847
v 0.5671365 -1.1468956 0.764847
v 0.5671365 -1.1340232 0.7694711
v 0.5671365 -1.1235252 0.7783443
v 0.5671365 -1.1167766 0.790092
v 0.5671365 -1.1235252 0.7783443
v 0.5671365 -1.1144021 0.8035893
v 0.5671365 -1.1167766 0.8170866
v 0.5671365 -1.1235252 0.8288342
v 0.5671365 -1.1340232 0.8377074
v 0.5671365 -1.1235252 0.8288342
v 0.5671365 -1.1468956 0.8423315
v 0.5671365 -1.1605179 0.8423315
v 0.5671365 -1.1733903 0.8377074
v 0.5671365 -1.1838882 0.8288342
v 0.5671365 -1.1838882 0.8288342
v 0.5671365 -1.1907619 0.8170866
v 0.5671365 -1.1931363 0.8035893
v 0.5671365 -1.1907619 0.790092
v 0.5671365 -1.1838882 0.7783443
v 0.5671365 -1.1733903 0.7694711
v 0.5671365 -1.1605179 0.764847
v 0.5671365 -1.1468956 0.764847
v 0.5671365 -1.1340232 0.7694711
v 0.5671365 -1.1235252 0.7783443
v 0.5671365 -1.1167766 0.790092
v 0.5671365 -1.1144021 0.8035893
v 0.5671365 -1.1167766 0.8170866
v 0.5671365 -1.1235252 0.8288342
v 0.5671365 -1.1340232 0.8377074
v 0.5671365 -1.1468956 0.8423315
v 0.5671365 -1.1605179 0.8423315
v 0.5671365 -1.1733903 0.8377074
v 0.5671365 -1.1838882 0.8288342
v 0.5333933 1.2252549 0.7153569
v 0.5333933 1.2315036 0.7192311
v 0.5333933 1.089657 0.7139822
v 0.5333933 1.2152569 0.7139822
v 0.5333933 1.2367526 0.7354779
v 0.5333933 1.2353779 0.7256049
v 0.5333933 1.2367526 0.8644521
v 0.5333933 1.2353779 0.8743251
v 0.5333933 1.2315036 0.8806988
v 0.5333933 1.2252549 0.884573
v 0.5333933 1.2152569 0.8859477
v 0.5333933 1.0681613 0.8644521
v 0.5333933 1.089657 0.8859477
v 0.5333933 1.079784 0.884573
v 0.5333933 1.0734103 0.8806988
v 0.5333933 1.069661 0.8743251
v 0.5333933 1.0734103 0.7192311
v 0.5333933 1.079784 0.7153569
v 0.5333933 1.069661 0.7256049
v 0.5333933 1.0681613 0.7354779
v 0.529644 1.2155068 0.7102329
v 0.529644 1.0894071 0.7102329
v 0.5176465 1.0894071 0.7102329
v 0.5176465 1.2155068 0.7102329
v 0.5176465 1.2405018 0.7352279
v 0.5176465 1.2405018 0.864702
v 0.529644 1.2405018 0.864702
v 0.529644 1.2405018 0.7352279
v 0.529644 1.0894071 0.889697
v 0.529644 1.2155068 0.889697
v 0.5176465 1.2155068 0.889697
v 0.5176465 1.0894071 0.889697
v 0.5176465 1.0644121 0.864702
v 0.5176465 1.0644121 0.7352279
v 0.529644 1.0644121 0.7352279
v 0.529644 1.0644121 0.864702
v 0.5176465 1.2265047 0.7118576
v 0.529644 1.2265047 0.7118576
v 0.529644 1.0785342 0.7118576
v 0.5176465 1.0785342 0.7118576
v 0.5176465 1.2390022 0.8756998
v 0.529644 1.2390022 0.8756998
v 0.5176465 1.0785342 0.8881973
v 0.529644 1.0785342 0.8881973
v 0.5176465 1.2342531 0.7164817
v 0.529644 1.2342531 0.7164817
v 0.529644 1.2390022 0.7243551
v 0.529644 1.2342531 0.7164817
v 0.5176465 1.2342531 0.7164817
v 0.5176465 1.2390022 0.7243551
v 0.5176465 1.0706608 0.7164817
v 0.529644 1.0706608 0.7164817
v 0.529644 1.0660367 0.7243551
v 0.5176465 1.0660367 0.7243551
v 0.5176465 1.0706608 0.7164817
v 0.529644 1.0706608 0.7164817
v 0.5176465 1.2342531 0.8834483
v 0.529644 1.2342531 0.8834483
v 0.5176465 1.2265047 0.8881973
v 0.529644 1.2265047 0.8881973
v 0.529644 1.2342531 0.8834483
v 0.5176465 1.2342531 0.8834483
v 0.5176465 1.0706608 0.8834483
v 0.529644 1.0706608 0.8834483
v 0.529644 1.0660367 0.8756998
v 0.529644 1.0706608 0.8834483
v 0.5176465 1.0706608 0.8834483
v 0.5176465 1.0660367 0.8756998
v 0.5333933 1.089657 0.7139822
v 0.5325185 1.0895321 0.7112328
v 0.5325185 1.2155068 0.7112328
v 0.5333933 1.2152569 0.7139822
v 0.5325185 1.239627 0.864702
v 0.5333933 1.2367526 0.8644521
v 0.5333933 1.2367526 0.7354779
v 0.5325185 1.239627 0.7353529
v 0.5333933 1.2152569 0.8859477
v 0.5325185 1.2155068 0.8888222
v 0.5325185 1.0895321 0.8888222
v 0.5333933 1.089657 0.8859477
v 0.5325185 1.0654118 0.7353529
v 0.5333933 1.0681613 0.7354779
v 0.5333933 1.0681613 0.8644521
v 0.5325185 1.0654118 0.864702
v 0.5325185 1.0895321 0.7112328
v 0.5325185 1.0787842 0.7127324
v 0.5325185 1.239627 0.7353529
v 0.5325185 1.2381273 0.7246051
v 0.5325185 1.0654118 0.864702
v 0.5325185 1.0669116 0.8753249
v 0.5325185 1.2155068 0.8888222
v 0.5325185 1.2261297 0.8871976
v 0.5325185 1.0669116 0.7246051
v 0.5325185 1.0654118 0.7353529
v 0.5325185 1.0714107 0.7171066
v 0.5325185 1.0714107 0.7171066
v 0.5325185 1.2155068 0.7112328
v 0.5325185 1.2261297 0.7127324
v 0.5325185 1.2336282 0.7171066
v 0.5325185 1.2336282 0.7171066
v 0.5325185 1.0895321 0.8888222
v 0.5325185 1.0787842 0.8871976
v 0.5325185 1.0714107 0.8828234
v 0.5325185 1.0714107 0.8828234
v 0.5325185 1.2381273 0.8753249
v 0.5325185 1.239627 0.864702
v 0.5325185 1.2336282 0.8828234
v 0.5325185 1.2336282 0.8828234
v 0.5333933 1.079784 0.7153569
v 0.5325185 1.0787842 0.7127324
v 0.5333933 1.2353779 0.7256049
v 0.5325185 1.2381273 0.7246051
v 0.5333933 1.069661 0.8743251
v 0.5325185 1.0669116 0.8753249
v 0.5325185 1.2261297 0.8871976
v 0.5333933 1.2252549 0.884573
v 0.5325185 1.0669116 0.7246051
v 0.5333933 1.069661 0.7256049
v 0.5325185 1.0714107 0.7171066
v 0.5333933 1.0734103 0.7192311
v 0.5325185 1.2261297 0.7127324
v 0.5333933 1.2252549 0.7153569
v 0.5325185 1.2336282 0.7171066
v 0.5333933 1.2315036 0.7192311
v 0.5333933 1.079784 0.884573
v 0.5325185 1.0787842 0.8871976
v 0.5325185 1.0714107 0.8828234
v 0.5333933 1.0734103 0.8806988
v 0.5325185 1.2381273 0.8753249
v 0.5333933 1.2353779 0.8743251
v 0.5325185 1.2336282 0.8828234
v 0.5333933 1.2315036 0.8806988
v 0.5021496 0.8690762 0.7352279
v 0.5021496 0.8690762 0.864702
v 0.5021496 0.8707008 0.8756998
v 0.5021496 0.8753249 0.8834483
v 0.5021496 0.8831983 0.8881973
v 0.5021496 0.8940711 0.889697
v 0.5021496 1.2155068 0.889697
v 0.5021496 1.2265047 0.8881973
v 0.5021496 1.2342531 0.8834483
v 0.5021496 1.2390022 0.8756998
v 0.5021496 1.2405018 0.864702
v 0.5021496 1.2155068 0.7102329
v 0.5021496 1.2342531 0.7164817
v 0.5021496 1.2405018 0.7352279
v 0.5021496 1.2390022 0.7243551
v 0.5021496 1.2265047 0.7118576
v 0.5021496 0.8753249 0.7164817
v 0.5021496 0.8707008 0.7243551
v 0.5021496 0.8831983 0.7118576
v 0.5021496 0.8940711 0.7102329
v 0.5180214 1.2152569 0.7139822
v 0.5180214 1.2252549 0.7153569
v 0.5180214 1.2315036 0.7192311
v 0.5180214 0.894321 0.7139822
v 0.5180214 1.2353779 0.7256049
v 0.5180214 1.2367526 0.7354779
v 0.5180214 1.2315036 0.8806988
v 0.5180214 1.2367526 0.8644521
v 0.5180214 1.2353779 0.8743251
v 0.5180214 1.2252549 0.884573
v 0.5180214 1.2152569 0.8859477
v 0.5180214 0.8728254 0.8644521
v 0.5180214 0.894321 0.8859477
v 0.5180214 0.884448 0.884573
v 0.5180214 0.8780744 0.8806988
v 0.5180214 0.8743251 0.8743251
v 0.5180214 0.8780744 0.7192311
v 0.5180214 0.884448 0.7153569
v 0.5180214 0.8728254 0.7354779
v 0.5180214 0.8743251 0.7256049
v 0.5021496 1.2155068 0.7102329
v 0.5142721 1.2155068 0.7102329
v 0.5142721 0.8940711 0.7102329
v 0.5021496 0.8940711 0.7102329
v 0.5021496 1.2405018 0.864702
v 0.5142721 1.2405018 0.864702
v 0.5142721 1.2405018 0.7352279
v 0.5021496 1.2405018 0.7352279
v 0.5021496 0.8940711 0.889697
v 0.5142721 0.8940711 0.889697
v 0.5142721 1.2155068 0.889697
v 0.5021496 1.2155068 0.889697
v 0.5142721 0.8690762 0.7352279
v 0.5142721 0.8690762 0.864702
v 0.5021496 0.8690762 0.864702
v 0.5021496 0.8690762 0.7352279
v 0.5021496 1.2265047 0.7118576
v 0.5142721 1.2265047 0.7118576
v 0.5142721 0.8831983 0.7118576
v 0.5021496 0.8831983 0.7118576
v 0.5021496 1.2390022 0.8756998
v 0.5142721 1.2390022 0.8756998
v 0.5142721 0.8831983 0.8881973
v 0.5021496 0.8831983 0.8881973
v 0.5021496 1.2342531 0.7164817
v 0.5142721 1.2342531 0.7164817
v 0.5021496 1.2390022 0.7243551
v 0.5142721 1.2390022 0.7243551
v 0.5142721 1.2342531 0.7164817
v 0.5021496 1.2342531 0.7164817
v 0.5142721 0.8753249 0.7164817
v 0.5021496 0.8753249 0.7164817
v 0.5021496 0.8753249 0.7164817
v 0.5142721 0.8753249 0.7164817
v 0.5142721 0.8707008 0.7243551
v 0.5021496 0.8707008 0.7243551
v 0.5021496 1.2342531 0.8834483
v 0.5142721 1.2342531 0.8834483
v 0.5021496 1.2265047 0.8881973
v 0.5142721 1.2265047 0.8881973
v 0.5142721 1.2342531 0.8834483
v 0.5021496 1.2342531 0.8834483
v 0.5021496 0.8753249 0.8834483
v 0.5142721 0.8753249 0.8834483
v 0.5021496 0.8753249 0.8834483
v 0.5021496 0.8707008 0.8756998
v 0.5142721 0.8707008 0.8756998
v 0.5142721 0.8753249 0.8834483
v 0.5180214 0.894321 0.7139822
v 0.5175215 0.8941961 0.7118576
v 0.5175215 1.2153818 0.7118576
v 0.5180214 1.2152569 0.7139822
v 0.5175215 1.2388772 0.8645771
v 0.5180214 1.2367526 0.8644521
v 0.5180214 1.2367526 0.7354779
v 0.5175215 1.2388772 0.7353529
v 0.5175215 0.8941961 0.8880724
v 0.5180214 0.894321 0.8859477
v 0.5180214 1.2152569 0.8859477
v 0.5175215 1.2153818 0.8880724
v 0.5175215 0.8708258 0.7353529
v 0.5180214 0.8728254 0.7354779
v 0.5180214 0.8728254 0.8644521
v 0.5175215 0.8708258 0.8645771
v 0.5162717 0.8940711 0.7106079
v 0.5162717 0.8833233 0.7122325
v 0.5162717 1.2401269 0.7352279
v 0.5162717 1.2386272 0.7244801
v 0.5162717 0.8695761 0.864702
v 0.5162717 0.8710757 0.8754499
v 0.5162717 1.2155068 0.8893221
v 0.5162717 1.2263797 0.8876975
v 0.5162717 0.8710757 0.7244801
v 0.5162717 0.8695761 0.7352279
v 0.5162717 0.8756998 0.7167316
v 0.5162717 0.8756998 0.7167316
v 0.5162717 1.2263797 0.7122325
v 0.5162717 1.2155068 0.7106079
v 0.5162717 1.2340032 0.7167316
v 0.5162717 1.2340032 0.7167316
v 0.5162717 0.8940711 0.8893221
v 0.5162717 0.8833233 0.8876975
v 0.5162717 0.8756998 0.8831984
v 0.5162717 0.8756998 0.8831984
v 0.5162717 1.2386272 0.8754499
v 0.5162717 1.2401269 0.864702
v 0.5162717 1.2340032 0.8831984
v 0.5162717 1.2340032 0.8831984
v 0.5162717 1.2155068 0.7106079
v 0.5162717 0.8940711 0.7106079
v 0.5175215 1.2388772 0.8645771
v 0.5175215 1.2388772 0.7353529
v 0.5162717 0.8940711 0.8893221
v 0.5162717 1.2155068 0.8893221
v 0.5175215 0.8708258 0.7353529
v 0.5175215 0.8708258 0.8645771
v 0.5175215 0.8836982 0.7133573
v 0.5162717 0.8833233 0.7122325
v 0.5180214 0.884448 0.7153569
v 0.5175215 1.2373774 0.724855
v 0.5162717 1.2386272 0.7244801
v 0.5162717 1.2401269 0.7352279
v 0.5175215 1.2388772 0.7353529
v 0.5180214 1.2353779 0.7256049
v 0.5175215 1.2373774 0.724855
v 0.5175215 0.8723254 0.875075
v 0.5162717 0.8710757 0.8754499
v 0.5162717 0.8695761 0.864702
v 0.5175215 0.8708258 0.8645771
v 0.5180214 0.8743251 0.8743251
v 0.5175215 0.8723254 0.875075
v 0.5175215 1.2258798 0.8865727
v 0.5162717 1.2263797 0.8876975
v 0.5180214 1.2252549 0.884573
v 0.5175215 0.8708258 0.7353529
v 0.5162717 0.8695761 0.7352279
v 0.5162717 0.8710757 0.7244801
v 0.5175215 0.8723254 0.724855
v 0.5175215 0.8723254 0.724855
v 0.5180214 0.8743251 0.7256049
v 0.5162717 0.8756998 0.7167316
v 0.5175215 0.8765746 0.7177314
v 0.5175215 0.8765746 0.7177314
v 0.5180214 0.8780744 0.7192311
v 0.5162717 0.8833233 0.7122325
v 0.5175215 0.8836982 0.7133573
v 0.5175215 0.8765746 0.7177314
v 0.5162717 0.8756998 0.7167316
v 0.5162717 1.2263797 0.7122325
v 0.5175215 1.2258798 0.7133573
v 0.5180214 1.2252549 0.7153569
v 0.5162717 1.2340032 0.7167316
v 0.5175215 1.2331283 0.7177314
v 0.5175215 1.2258798 0.7133573
v 0.5162717 1.2263797 0.7122325
v 0.5180214 1.2315036 0.7192311
v 0.5175215 1.2331283 0.7177314
v 0.5162717 0.8833233 0.8876975
v 0.5175215 0.8836982 0.8865727
v 0.5180214 0.884448 0.884573
v 0.5162717 0.8756998 0.8831984
v 0.5175215 0.8765746 0.8821985
v 0.5175215 0.8836982 0.8865727
v 0.5162717 0.8833233 0.8876975
v 0.5180214 0.8780744 0.8806988
v 0.5175215 0.8765746 0.8821985
v 0.5175215 1.2373774 0.875075
v 0.5175215 1.2388772 0.8645771
v 0.5162717 1.2401269 0.864702
v 0.5162717 1.2386272 0.8754499
v 0.5175215 1.2373774 0.875075
v 0.5180214 1.2353779 0.8743251
v 0.5162717 1.2340032 0.8831984
v 0.5175215 1.2331283 0.8821985
v 0.5175215 1.2331283 0.8821985
v 0.5180214 1.2315036 0.8806988
v 0.5162717 1.2340032 0.8831984
v 0.5323935 1.2313787 0.864702
v 0.5323935 1.2238801 0.8776994
v 0.5436413 1.2238801 0.8776994
v 0.5436413 1.2313787 0.864702
v 0.5323935 1.2238801 0.8776994
v 0.5323935 1.2088832 0.8776994
v 0.5436413 1.2088832 0.8776994
v 0.5436413 1.2238801 0.8776994
v 0.5436413 1.2088832 0.8776994
v 0.5323935 1.2088832 0.8776994
v 0.5323935 1.2013846 0.864702
v 0.5436413 1.2013846 0.864702
v 0.5436413 1.2013846 0.864702
v 0.5323935 1.2013846 0.864702
v 0.5323935 1.2088832 0.8517047
v 0.5436413 1.2088832 0.8517047
v 0.5436413 1.2088832 0.8517047
v 0.5323935 1.2088832 0.8517047
v 0.5323935 1.2238801 0.8517047
v 0.5436413 1.2238801 0.8517047
v 0.5436413 1.2313787 0.864702
v 0.5436413 1.2238801 0.8517047
v 0.5323935 1.2238801 0.8517047
v 0.5323935 1.2313787 0.864702
v 0.544891 1.209633 0.8764497
v 0.544891 1.2028844 0.864702
v 0.544891 1.2231303 0.8529544
v 0.544891 1.2231303 0.8764497
v 0.544891 1.209633 0.8529544
v 0.544891 1.230004 0.864702
v 0.5436413 1.2313787 0.864702
v 0.5436413 1.2238801 0.8776994
v 0.544891 1.2231303 0.8764497
v 0.544891 1.230004 0.864702
v 0.544891 1.2231303 0.8764497
v 0.5436413 1.2238801 0.8776994
v 0.5436413 1.2088832 0.8776994
v 0.544891 1.209633 0.8764497
v 0.544891 1.209633 0.8764497
v 0.5436413 1.2088832 0.8776994
v 0.5436413 1.2013846 0.864702
v 0.544891 1.2028844 0.864702
v 0.544891 1.2028844 0.864702
v 0.5436413 1.2013846 0.864702
v 0.5436413 1.2088832 0.8517047
v 0.544891 1.209633 0.8529544
v 0.5436413 1.2238801 0.8517047
v 0.544891 1.2231303 0.8529544
v 0.544891 1.209633 0.8529544
v 0.5436413 1.2088832 0.8517047
v 0.5436413 1.2238801 0.8517047
v 0.5436413 1.2313787 0.864702
v 0.544891 1.230004 0.864702
v 0.544891 1.2231303 0.8529544
v 0.5323935 1.0960307 0.8776994
v 0.5436413 1.0960307 0.8776994
v 0.5436413 1.1035292 0.864702
v 0.5323935 1.1035292 0.864702
v 0.5323935 1.0960307 0.8776994
v 0.5323935 1.0810338 0.8776994
v 0.5436413 1.0810338 0.8776994
v 0.5436413 1.0960307 0.8776994
v 0.5436413 1.0810338 0.8776994
v 0.5323935 1.0810338 0.8776994
v 0.5323935 1.0735352 0.864702
v 0.5436413 1.0735352 0.864702
v 0.5323935 1.0810338 0.8517047
v 0.5436413 1.0810338 0.8517047
v 0.5436413 1.0735352 0.864702
v 0.5323935 1.0735352 0.864702
v 0.5323935 1.0810338 0.8517047
v 0.5323935 1.0960307 0.8517047
v 0.5436413 1.0960307 0.8517047
v 0.5436413 1.0810338 0.8517047
v 0.5323935 1.1035292 0.864702
v 0.5436413 1.1035292 0.864702
v 0.5436413 1.0960307 0.8517047
v 0.5323935 1.0960307 0.8517047
v 0.544891 1.0952809 0.8764497
v 0.544891 1.0817836 0.8764497
v 0.544891 1.0750349 0.864702
v 0.544891 1.0952809 0.8529544
v 0.544891 1.0817836 0.8529544
v 0.544891 1.1021545 0.864702
v 0.5436413 1.1035292 0.864702
v 0.5436413 1.0960307 0.8776994
v 0.544891 1.0952809 0.8764497
v 0.544891 1.1021545 0.864702
v 0.5436413 1.0810338 0.8776994
v 0.544891 1.0817836 0.8764497
v 0.544891 1.0952809 0.8764497
v 0.5436413 1.0960307 0.8776994
v 0.5436413 1.0735352 0.864702
v 0.544891 1.0750349 0.864702
v 0.544891 1.0817836 0.8764497
v 0.5436413 1.0810338 0.8776994
v 0.5436413 1.0810338 0.8517047
v 0.544891 1.0817836 0.8529544
v 0.544891 1.0750349 0.864702
v 0.5436413 1.0735352 0.864702
v 0.5436413 1.0960307 0.8517047
v 0.544891 1.0952809 0.8529544
v 0.544891 1.0817836 0.8529544
v 0.5436413 1.0810338 0.8517047
v 0.5436413 1.0960307 0.8517047
v 0.5436413 1.1035292 0.864702
v 0.544891 1.1021545 0.864702
v 0.544891 1.0952809 0.8529544
v 0.5182713 1.044916 0.864702
v 0.5182713 1.0374175 0.8776994
v 0.5295191 1.0374175 0.8776994
v 0.5295191 1.044916 0.864702
v 0.5182713 1.0374175 0.8776994
v 0.5182713 1.0224205 0.8776994
v 0.5295191 1.0224205 0.8776994
v 0.5295191 1.0374175 0.8776994
v 0.5182713 1.0224205 0.8776994
v 0.5182713 1.014922 0.864702
v 0.5295191 1.014922 0.864702
v 0.5295191 1.0224205 0.8776994
v 0.5182713 1.014922 0.864702
v 0.5182713 1.0224205 0.8517047
v 0.5295191 1.0224205 0.8517047
v 0.5295191 1.014922 0.864702
v 0.5182713 1.0224205 0.8517047
v 0.5182713 1.0374175 0.8517047
v 0.5295191 1.0374175 0.8517047
v 0.5295191 1.0224205 0.8517047
v 0.5295191 1.044916 0.864702
v 0.5295191 1.0374175 0.8517047
v 0.5182713 1.0374175 0.8517047
v 0.5182713 1.044916 0.864702
v 0.5307688 1.0366676 0.8764497
v 0.5307688 1.0231703 0.8764497
v 0.5307688 1.0164216 0.864702
v 0.5307688 1.0366676 0.8529544
v 0.5307688 1.0231703 0.8529544
v 0.5307688 1.0434162 0.864702
v 0.5295191 1.044916 0.864702
v 0.5295191 1.0374175 0.8776994
v 0.5307688 1.0366676 0.8764497
v 0.5307688 1.0434162 0.864702
v 0.5295191 1.0224205 0.8776994
v 0.5307688 1.0231703 0.8764497
v 0.5307688 1.0231703 0.8764497
v 0.5295191 1.0224205 0.8776994
v 0.5295191 1.014922 0.864702
v 0.5307688 1.0164216 0.864702
v 0.5295191 1.0224205 0.8517047
v 0.5307688 1.0231703 0.8529544
v 0.5307688 1.0164216 0.864702
v 0.5295191 1.014922 0.864702
v 0.5307688 1.0231703 0.8529544
v 0.5295191 1.0224205 0.8517047
v 0.5295191 1.0374175 0.8517047
v 0.5307688 1.0366676 0.8529544
v 0.5182713 0.9170665 0.864702
v 0.5182713 0.9095681 0.8776994
v 0.5295191 0.9095681 0.8776994
v 0.5295191 0.9170665 0.864702
v 0.5182713 0.9095681 0.8776994
v 0.5182713 0.894571 0.8776994
v 0.5295191 0.894571 0.8776994
v 0.5295191 0.9095681 0.8776994
v 0.5182713 0.894571 0.8776994
v 0.5182713 0.8870726 0.864702
v 0.5295191 0.8870726 0.864702
v 0.5295191 0.894571 0.8776994
v 0.5182713 0.8870726 0.864702
v 0.5182713 0.894571 0.8517047
v 0.5295191 0.894571 0.8517047
v 0.5295191 0.8870726 0.864702
v 0.5182713 0.894571 0.8517047
v 0.5182713 0.9095681 0.8517047
v 0.5295191 0.9095681 0.8517047
v 0.5295191 0.894571 0.8517047
v 0.5295191 0.9170665 0.864702
v 0.5295191 0.9095681 0.8517047
v 0.5182713 0.9095681 0.8517047
v 0.5182713 0.9170665 0.864702
v 0.5307688 0.9088182 0.8764497
v 0.5307688 0.8953209 0.8764497
v 0.5307688 0.8884473 0.864702
v 0.5307688 0.9088182 0.8529544
v 0.5307688 0.8953209 0.8529544
v 0.5307688 0.9155668 0.864702
v 0.5307688 0.9155668 0.864702
v 0.5295191 0.9170665 0.864702
v 0.5295191 0.9095681 0.8776994
v 0.5307688 0.9088182 0.8764497
v 0.5295191 0.894571 0.8776994
v 0.5307688 0.8953209 0.8764497
v 0.5307688 0.9088182 0.8764497
v 0.5295191 0.9095681 0.8776994
v 0.5307688 0.8953209 0.8764497
v 0.5295191 0.894571 0.8776994
v 0.5295191 0.8870726 0.864702
v 0.5307688 0.8884473 0.864702
v 0.5307688 0.8884473 0.864702
v 0.5295191 0.8870726 0.864702
v 0.5295191 0.894571 0.8517047
v 0.5307688 0.8953209 0.8529544
v 0.5295191 0.894571 0.8517047
v 0.5295191 0.9095681 0.8517047
v 0.5307688 0.9088182 0.8529544
v 0.5307688 0.8953209 0.8529544
v 0.5307688 0.9155668 0.864702
v 0.5307688 0.9088182 0.8529544
v 0.5295191 0.9095681 0.8517047
v 0.5295191 0.9170665 0.864702
v 0.5182713 0.9170665 0.7368526
v 0.5182713 0.9095681 0.74985
v 0.5295191 0.9095681 0.74985
v 0.5295191 0.9170665 0.7368526
v 0.5182713 0.9095681 0.74985
v 0.5182713 0.894571 0.74985
v 0.5295191 0.894571 0.74985
v 0.5295191 0.9095681 0.74985
v 0.5182713 0.894571 0.74985
v 0.5182713 0.8870726 0.7368526
v 0.5295191 0.8870726 0.7368526
v 0.5295191 0.894571 0.74985
v 0.5182713 0.8870726 0.7368526
v 0.5182713 0.894571 0.7238552
v 0.5295191 0.894571 0.7238552
v 0.5295191 0.8870726 0.7368526
v 0.5182713 0.894571 0.7238552
v 0.5182713 0.9095681 0.7238552
v 0.5295191 0.9095681 0.7238552
v 0.5295191 0.894571 0.7238552
v 0.5295191 0.9170665 0.7368526
v 0.5295191 0.9095681 0.7238552
v 0.5182713 0.9095681 0.7238552
v 0.5182713 0.9170665 0.7368526
v 0.5307688 0.9088182 0.7486002
v 0.5307688 0.8953209 0.7486002
v 0.5307688 0.8884473 0.7368526
v 0.5307688 0.9088182 0.725105
v 0.5307688 0.8953209 0.725105
v 0.5307688 0.9155668 0.7368526
v 0.5295191 0.9095681 0.74985
v 0.5307688 0.9088182 0.7486002
v 0.5307688 0.9155668 0.7368526
v 0.5295191 0.9170665 0.7368526
v 0.5295191 0.894571 0.74985
v 0.5307688 0.8953209 0.7486002
v 0.5307688 0.9088182 0.7486002
v 0.5295191 0.9095681 0.74985
v 0.5307688 0.8953209 0.7486002
v 0.5295191 0.894571 0.74985
v 0.5295191 0.8870726 0.7368526
v 0.5307688 0.8884473 0.7368526
v 0.5295191 0.8870726 0.7368526
v 0.5295191 0.894571 0.7238552
v 0.5307688 0.8953209 0.725105
v 0.5307688 0.8884473 0.7368526
v 0.5307688 0.8953209 0.725105
v 0.5295191 0.894571 0.7238552
v 0.5295191 0.9095681 0.7238552
v 0.5307688 0.9088182 0.725105
v 0.5307688 0.9155668 0.7368526
v 0.5307688 0.9088182 0.725105
v 0.5295191 0.9095681 0.7238552
v 0.5295191 0.9170665 0.7368526
v 0.5182713 1.044916 0.7368526
v 0.5182713 1.0374175 0.74985
v 0.5295191 1.0374175 0.74985
v 0.5295191 1.044916 0.7368526
v 0.5182713 1.0374175 0.74985
v 0.5182713 1.0224205 0.74985
v 0.5295191 1.0224205 0.74985
v 0.5295191 1.0374175 0.74985
v 0.5182713 1.0224205 0.74985
v 0.5182713 1.014922 0.7368526
v 0.5295191 1.014922 0.7368526
v 0.5295191 1.0224205 0.74985
v 0.5182713 1.014922 0.7368526
v 0.5182713 1.0224205 0.7238552
v 0.5295191 1.0224205 0.7238552
v 0.5295191 1.014922 0.7368526
v 0.5182713 1.0224205 0.7238552
v 0.5182713 1.0374175 0.7238552
v 0.5295191 1.0374175 0.7238552
v 0.5295191 1.0224205 0.7238552
v 0.5295191 1.044916 0.7368526
v 0.5295191 1.0374175 0.7238552
v 0.5182713 1.0374175 0.7238552
v 0.5182713 1.044916 0.7368526
v 0.5307688 1.0366676 0.7486002
v 0.5307688 1.0231703 0.7486002
v 0.5307688 1.0164216 0.7368526
v 0.5307688 1.0366676 0.725105
v 0.5307688 1.0231703 0.725105
v 0.5307688 1.0434162 0.7368526
v 0.5307688 1.0434162 0.7368526
v 0.5295191 1.044916 0.7368526
v 0.5295191 1.0374175 0.74985
v 0.5307688 1.0366676 0.7486002
v 0.5295191 1.0224205 0.74985
v 0.5307688 1.0231703 0.7486002
v 0.5307688 1.0366676 0.7486002
v 0.5295191 1.0374175 0.74985
v 0.5307688 1.0231703 0.7486002
v 0.5295191 1.0224205 0.74985
v 0.5295191 1.014922 0.7368526
v 0.5307688 1.0164216 0.7368526
v 0.5307688 1.0164216 0.7368526
v 0.5295191 1.014922 0.7368526
v 0.5295191 1.0224205 0.7238552
v 0.5307688 1.0231703 0.725105
v 0.5295191 1.0224205 0.7238552
v 0.5295191 1.0374175 0.7238552
v 0.5307688 1.0366676 0.725105
v 0.5307688 1.0231703 0.725105
v 0.5307688 1.0434162 0.7368526
v 0.5307688 1.0366676 0.725105
v 0.5295191 1.0374175 0.7238552
v 0.5295191 1.044916 0.7368526
v 0.5323935 1.1035292 0.7368526
v 0.5323935 1.0960307 0.74985
v 0.5436413 1.0960307 0.74985
v 0.5436413 1.1035292 0.7368526
v 0.5323935 1.0960307 0.74985
v 0.5323935 1.0810338 0.74985
v 0.5436413 1.0810338 0.74985
v 0.5436413 1.0960307 0.74985
v 0.5323935 1.0810338 0.74985
v 0.5323935 1.0735352 0.7368526
v 0.5436413 1.0735352 0.7368526
v 0.5436413 1.0810338 0.74985
v 0.5436413 1.0810338 0.7238552
v 0.5436413 1.0735352 0.7368526
v 0.5323935 1.0735352 0.7368526
v 0.5323935 1.0810338 0.7238552
v 0.5323935 1.0810338 0.7238552
v 0.5323935 1.0960307 0.7238552
v 0.5436413 1.0960307 0.7238552
v 0.5436413 1.0810338 0.7238552
v 0.5436413 1.1035292 0.7368526
v 0.5436413 1.0960307 0.7238552
v 0.5323935 1.0960307 0.7238552
v 0.5323935 1.1035292 0.7368526
v 0.544891 1.0952809 0.7486002
v 0.544891 1.0817836 0.7486002
v 0.544891 1.0750349 0.7368526
v 0.544891 1.0952809 0.725105
v 0.544891 1.0817836 0.725105
v 0.544891 1.1021545 0.7368526
v 0.5436413 1.1035292 0.7368526
v 0.5436413 1.0960307 0.74985
v 0.544891 1.0952809 0.7486002
v 0.544891 1.1021545 0.7368526
v 0.5436413 1.0810338 0.74985
v 0.544891 1.0817836 0.7486002
v 0.544891 1.0952809 0.7486002
v 0.5436413 1.0960307 0.74985
v 0.5436413 1.0735352 0.7368526
v 0.544891 1.0750349 0.7368526
v 0.544891 1.0817836 0.7486002
v 0.5436413 1.0810338 0.74985
v 0.544891 1.0750349 0.7368526
v 0.5436413 1.0735352 0.7368526
v 0.5436413 1.0810338 0.7238552
v 0.544891 1.0817836 0.725105
v 0.544891 1.0817836 0.725105
v 0.5436413 1.0810338 0.7238552
v 0.5436413 1.0960307 0.7238552
v 0.544891 1.0952809 0.725105
v 0.544891 1.0952809 0.725105
v 0.5436413 1.0960307 0.7238552
v 0.5436413 1.1035292 0.7368526
v 0.544891 1.1021545 0.7368526
v 0.5323935 1.2313787 0.7368526
v 0.5323935 1.2238801 0.74985
v 0.5436413 1.2238801 0.74985
v 0.5436413 1.2313787 0.7368526
v 0.5436413 1.2088832 0.74985
v 0.5436413 1.2238801 0.74985
v 0.5323935 1.2238801 0.74985
v 0.5323935 1.2088832 0.74985
v 0.5323935 1.2088832 0.74985
v 0.5323935 1.2013846 0.7368526
v 0.5436413 1.2013846 0.7368526
v 0.5436413 1.2088832 0.74985
v 0.5323935 1.2013846 0.7368526
v 0.5323935 1.2088832 0.7238552
v 0.5436413 1.2088832 0.7238552
v 0.5436413 1.2013846 0.7368526
v 0.5323935 1.2088832 0.7238552
v 0.5323935 1.2238801 0.7238552
v 0.5436413 1.2238801 0.7238552
v 0.5436413 1.2088832 0.7238552
v 0.5436413 1.2313787 0.7368526
v 0.5436413 1.2238801 0.7238552
v 0.5323935 1.2238801 0.7238552
v 0.5323935 1.2313787 0.7368526
v 0.544891 1.2231303 0.7486002
v 0.544891 1.209633 0.7486002
v 0.544891 1.2028844 0.7368526
v 0.544891 1.2231303 0.725105
v 0.544891 1.209633 0.725105
v 0.544891 1.230004 0.7368526
v 0.544891 1.230004 0.7368526
v 0.5436413 1.2313787 0.7368526
v 0.5436413 1.2238801 0.74985
v 0.544891 1.2231303 0.7486002
v 0.5436413 1.2088832 0.74985
v 0.544891 1.209633 0.7486002
v 0.544891 1.2231303 0.7486002
v 0.5436413 1.2238801 0.74985
v 0.5436413 1.2013846 0.7368526
v 0.544891 1.2028844 0.7368526
v 0.544891 1.209633 0.7486002
v 0.5436413 1.2088832 0.74985
v 0.5436413 1.2088832 0.7238552
v 0.544891 1.209633 0.725105
v 0.544891 1.2028844 0.7368526
v 0.5436413 1.2013846 0.7368526
v 0.544891 1.209633 0.725105
v 0.5436413 1.2088832 0.7238552
v 0.5436413 1.2238801 0.7238552
v 0.544891 1.2231303 0.725105
v 0.544891 1.2231303 0.725105
v 0.5436413 1.2238801 0.7238552
v 0.5436413 1.2313787 0.7368526
v 0.544891 1.230004 0.7368526
v 0.5332683 1.2218806 0.8033393
v 0.5332683 1.2176314 0.8269596
v 0.5512647 1.2176314 0.8269596
v 0.5512647 1.2218806 0.8033393
v 0.5512647 1.2057588 0.8475805
v 0.5332683 1.2057588 0.8475805
v 0.5512647 1.1875124 0.8629524
v 0.5512647 1.2057588 0.8475805
v 0.5332683 1.2057588 0.8475805
v 0.5332683 1.1875124 0.8629524
v 0.5332683 1.1650169 0.8710758
v 0.5512647 1.1650169 0.8710758
v 0.5332683 1.1411467 0.8710758
v 0.5512647 1.1411467 0.8710758
v 0.5332683 1.1411467 0.8710758
v 0.5332683 1.1187762 0.8629524
v 0.5512647 1.1187762 0.8629524
v 0.5512647 1.1411467 0.8710758
v 0.5332683 1.1004048 0.8475805
v 0.5512647 1.1004048 0.8475805
v 0.5332683 1.1004048 0.8475805
v 0.5332683 1.0885322 0.8269596
v 0.5512647 1.0885322 0.8269596
v 0.5512647 1.1004048 0.8475805
v 0.5332683 1.0844081 0.8033393
v 0.5512647 1.0844081 0.8033393
v 0.5332683 1.0885322 0.779844
v 0.5512647 1.0885322 0.779844
v 0.5332683 1.1004048 0.7592232
v 0.5512647 1.1004048 0.7592232
v 0.5332683 1.1004048 0.7592232
v 0.5332683 1.1187762 0.7438512
v 0.5512647 1.1187762 0.7438512
v 0.5512647 1.1004048 0.7592232
v 0.5512647 1.1411467 0.7357278
v 0.5332683 1.1411467 0.7357278
v 0.5332683 1.1650169 0.7357278
v 0.5512647 1.1650169 0.7357278
v 0.5512647 1.1875124 0.7438512
v 0.5332683 1.1875124 0.7438512
v 0.5512647 1.2057588 0.7592232
v 0.5332683 1.2057588 0.7592232
v 0.5332683 1.2057588 0.7592232
v 0.5332683 1.2176314 0.779844
v 0.5512647 1.2176314 0.779844
v 0.5512647 1.2057588 0.7592232
v 0.5353929 1.1938862 0.8182113
v 0.5353929 1.1862627 0.8312087
v 0.5353929 1.174765 0.8409568
v 0.5353929 1.1938862 0.7885922
v 0.5353929 1.1606428 0.8460807
v 0.5353929 1.1455208 0.8460807
v 0.5353929 1.119901 0.8312087
v 0.5353929 1.1313986 0.8409568
v 0.5353929 1.1124025 0.8182113
v 0.5353929 1.109778 0.8033393
v 0.5353929 1.119901 0.7754699
v 0.5353929 1.1124025 0.7885922
v 0.5353929 1.1455208 0.7607228
v 0.5353929 1.174765 0.7658468
v 0.5353929 1.1313986 0.7658468
v 0.5353929 1.1606428 0.7607228
v 0.5353929 1.1862627 0.7754699
v 0.5353929 1.1963857 0.8033393
v 0.5512647 1.2218806 0.8033393
v 0.5512647 1.2176314 0.8269596
v 0.5512647 1.2117576 0.82471
v 0.5512647 1.2155068 0.8033393
v 0.5512647 1.2057588 0.8475805
v 0.5512647 1.2008848 0.8434563
v 0.5512647 1.1842631 0.8574535
v 0.5512647 1.1875124 0.8629524
v 0.5512647 1.1650169 0.8710758
v 0.5512647 1.1638922 0.864827
v 0.5512647 1.1411467 0.8710758
v 0.5512647 1.1422715 0.864827
v 0.5512647 1.1187762 0.8629524
v 0.5512647 1.1219006 0.8574535
v 0.5512647 1.1004048 0.8475805
v 0.5512647 1.1052789 0.8434563
v 0.5512647 1.0885322 0.8269596
v 0.5512647 1.0944061 0.82471
v 0.5512647 1.0844081 0.8033393
v 0.5512647 1.0906568 0.8033393
v 0.5512647 1.0885322 0.779844
v 0.5512647 1.0944061 0.7820936
v 0.5512647 1.1004048 0.7592232
v 0.5512647 1.1052789 0.7633473
v 0.5512647 1.1187762 0.7438512
v 0.5512647 1.1219006 0.7493501
v 0.5512647 1.1422715 0.7419766
v 0.5512647 1.1411467 0.7357278
v 0.5512647 1.1650169 0.7357278
v 0.5512647 1.1638922 0.7419766
v 0.5512647 1.1875124 0.7438512
v 0.5512647 1.1842631 0.7493501
v 0.5512647 1.2057588 0.7592232
v 0.5512647 1.2008848 0.7633473
v 0.5512647 1.2176314 0.779844
v 0.5512647 1.2117576 0.7820936
v 0.5512647 1.2117576 0.82471
v 0.5413917 1.2117576 0.82471
v 0.5413917 1.2155068 0.8033393
v 0.5512647 1.2155068 0.8033393
v 0.5413917 1.2008848 0.8434563
v 0.5512647 1.2008848 0.8434563
v 0.5413917 1.2008848 0.8434563
v 0.5512647 1.2008848 0.8434563
v 0.5512647 1.1842631 0.8574535
v 0.5413917 1.1842631 0.8574535
v 0.5512647 1.1638922 0.864827
v 0.5413917 1.1638922 0.864827
v 0.5512647 1.1422715 0.864827
v 0.5413917 1.1422715 0.864827
v 0.5512647 1.1219006 0.8574535
v 0.5413917 1.1219006 0.8574535
v 0.5512647 1.1052789 0.8434563
v 0.5413917 1.1052789 0.8434563
v 0.5512647 1.1052789 0.8434563
v 0.5512647 1.0944061 0.82471
v 0.5413917 1.0944061 0.82471
v 0.5413917 1.1052789 0.8434563
v 0.5413917 1.0906568 0.8033393
v 0.5512647 1.0906568 0.8033393
v 0.5512647 1.0944061 0.7820936
v 0.5413917 1.0944061 0.7820936
v 0.5512647 1.1052789 0.7633473
v 0.5413917 1.1052789 0.7633473
v 0.5413917 1.1052789 0.7633473
v 0.5512647 1.1052789 0.7633473
v 0.5512647 1.1219006 0.7493501
v 0.5413917 1.1219006 0.7493501
v 0.5512647 1.1422715 0.7419766
v 0.5413917 1.1422715 0.7419766
v 0.5512647 1.1638922 0.7419766
v 0.5413917 1.1638922 0.7419766
v 0.5512647 1.1638922 0.7419766
v 0.5512647 1.1842631 0.7493501
v 0.5413917 1.1842631 0.7493501
v 0.5413917 1.1638922 0.7419766
v 0.5512647 1.2008848 0.7633473
v 0.5413917 1.2008848 0.7633473
v 0.5413917 1.2008848 0.7633473
v 0.5512647 1.2008848 0.7633473
v 0.5512647 1.2117576 0.7820936
v 0.5413917 1.2117576 0.7820936
v 0.5413917 1.2155068 0.8033393
v 0.5413917 1.2117576 0.82471
v 0.5413917 1.1938862 0.8182113
v 0.5413917 1.1963857 0.8033393
v 0.5413917 1.2008848 0.8434563
v 0.5413917 1.1862627 0.8312087
v 0.5413917 1.1842631 0.8574535
v 0.5413917 1.174765 0.8409568
v 0.5413917 1.1638922 0.864827
v 0.5413917 1.1606428 0.8460807
v 0.5413917 1.1422715 0.864827
v 0.5413917 1.1455208 0.8460807
v 0.5413917 1.1219006 0.8574535
v 0.5413917 1.1313986 0.8409568
v 0.5413917 1.1052789 0.8434563
v 0.5413917 1.119901 0.8312087
v 0.5413917 1.0944061 0.82471
v 0.5413917 1.1124025 0.8182113
v 0.5413917 1.0906568 0.8033393
v 0.5413917 1.109778 0.8033393
v 0.5413917 1.0944061 0.7820936
v 0.5413917 1.1124025 0.7885922
v 0.5413917 1.1052789 0.7633473
v 0.5413917 1.119901 0.7754699
v 0.5413917 1.1219006 0.7493501
v 0.5413917 1.1313986 0.7658468
v 0.5413917 1.1422715 0.7419766
v 0.5413917 1.1455208 0.7607228
v 0.5413917 1.1638922 0.7419766
v 0.5413917 1.1606428 0.7607228
v 0.5413917 1.174765 0.7658468
v 0.5413917 1.1842631 0.7493501
v 0.5413917 1.2008848 0.7633473
v 0.5413917 1.1862627 0.7754699
v 0.5413917 1.2117576 0.7820936
v 0.5413917 1.1938862 0.7885922
v 0.5353929 1.1963857 0.8033393
v 0.5413917 1.1963857 0.8033393
v 0.5413917 1.1938862 0.8182113
v 0.5353929 1.1938862 0.8182113
v 0.5413917 1.1862627 0.8312087
v 0.5353929 1.1862627 0.8312087
v 0.5353929 1.1862627 0.8312087
v 0.5413917 1.1862627 0.8312087
v 0.5413917 1.174765 0.8409568
v 0.5353929 1.174765 0.8409568
v 0.5413917 1.1606428 0.8460807
v 0.5353929 1.1606428 0.8460807
v 0.5413917 1.1455208 0.8460807
v 0.5353929 1.1455208 0.8460807
v 0.5413917 1.1313986 0.8409568
v 0.5353929 1.1313986 0.8409568
v 0.5413917 1.119901 0.8312087
v 0.5353929 1.119901 0.8312087
v 0.5413917 1.119901 0.8312087
v 0.5413917 1.1124025 0.8182113
v 0.5353929 1.1124025 0.8182113
v 0.5353929 1.119901 0.8312087
v 0.5413917 1.109778 0.8033393
v 0.5353929 1.109778 0.8033393
v 0.5413917 1.1124025 0.7885922
v 0.5353929 1.1124025 0.7885922
v 0.5413917 1.119901 0.7754699
v 0.5353929 1.119901 0.7754699
v 0.5413917 1.119901 0.7754699
v 0.5413917 1.1313986 0.7658468
v 0.5353929 1.1313986 0.7658468
v 0.5353929 1.119901 0.7754699
v 0.5413917 1.1455208 0.7607228
v 0.5353929 1.1455208 0.7607228
v 0.5353929 1.1606428 0.7607228
v 0.5413917 1.1606428 0.7607228
v 0.5353929 1.174765 0.7658468
v 0.5353929 1.1606428 0.7607228
v 0.5413917 1.1606428 0.7607228
v 0.5413917 1.174765 0.7658468
v 0.5413917 1.1862627 0.7754699
v 0.5353929 1.1862627 0.7754699
v 0.5353929 1.1862627 0.7754699
v 0.5413917 1.1862627 0.7754699
v 0.5413917 1.1938862 0.7885922
v 0.5353929 1.1938862 0.7885922
v 0.5468906 1.1935112 0.8035893
v 0.5468906 1.1910118 0.8172116
v 0.5802589 1.1910118 0.8172116
v 0.5802589 1.1935112 0.8035893
v 0.5468906 1.1841381 0.8293341
v 0.5802589 1.1841381 0.8293341
v 0.5468906 1.1841381 0.8293341
v 0.5468906 1.1735153 0.8382073
v 0.5802589 1.1735153 0.8382073
v 0.5802589 1.1841381 0.8293341
v 0.5468906 1.1603929 0.8429564
v 0.5802589 1.1603929 0.8429564
v 0.5468906 1.1465207 0.8429564
v 0.5802589 1.1465207 0.8429564
v 0.5468906 1.1335233 0.8382073
v 0.5802589 1.1335233 0.8382073
v 0.5802589 1.1465207 0.8429564
v 0.5468906 1.1465207 0.8429564
v 0.5802589 1.1227754 0.8293341
v 0.5468906 1.1227754 0.8293341
v 0.5802589 1.1227754 0.8293341
v 0.5468906 1.1227754 0.8293341
v 0.5468906 1.1159018 0.8172116
v 0.5802589 1.1159018 0.8172116
v 0.5468906 1.1135272 0.8035893
v 0.5802589 1.1135272 0.8035893
v 0.5468906 1.1159018 0.789967
v 0.5802589 1.1159018 0.789967
v 0.5468906 1.1227754 0.7778444
v 0.5802589 1.1227754 0.7778444
v 0.5468906 1.1227754 0.7778444
v 0.5468906 1.1335233 0.7689712
v 0.5802589 1.1335233 0.7689712
v 0.5802589 1.1227754 0.7778444
v 0.5468906 1.1465207 0.7642222
v 0.5802589 1.1465207 0.7642222
v 0.5468906 1.1603929 0.7642222
v 0.5802589 1.1603929 0.7642222
v 0.5802589 1.1735153 0.7689712
v 0.5468906 1.1735153 0.7689712
v 0.5468906 1.1841381 0.7778444
v 0.5802589 1.1841381 0.7778444
v 0.5468906 1.1841381 0.7778444
v 0.5468906 1.1910118 0.789967
v 0.5802589 1.1910118 0.789967
v 0.5802589 1.1841381 0.7778444
v 0.5762597 1.1650169 0.8078384
v 0.5762597 1.1628923 0.8114627
v 0.5762597 1.159643 0.8142121
v 0.5762597 1.1650169 0.7993401
v 0.5762597 1.1556438 0.8157118
v 0.5762597 1.1512697 0.8157118
v 0.5762597 1.1440211 0.8114627
v 0.5762597 1.1472705 0.8142121
v 0.5762597 1.1418966 0.8078384
v 0.5762597 1.1411467 0.8035893
v 0.5762597 1.1440211 0.7957158
v 0.5762597 1.1418966 0.7993401
v 0.5762597 1.1472705 0.7929664
v 0.5762597 1.1512697 0.7914667
v 0.5762597 1.159643 0.7929664
v 0.5762597 1.1556438 0.7914667
v 0.5762597 1.1628923 0.7957158
v 0.5762597 1.1657668 0.8035893
v 0.5887572 1.1785142 0.8035893
v 0.5827584 1.1785142 0.8035893
v 0.5827584 1.1770146 0.8120876
v 0.5887572 1.1770146 0.8120876
v 0.5468906 1.1785142 0.8035893
v 0.5353929 1.1785142 0.8035893
v 0.5353929 1.1770146 0.8120876
v 0.5468906 1.1770146 0.8120876
v 0.5887572 1.1726404 0.819711
v 0.5827584 1.1726404 0.819711
v 0.5353929 1.1726404 0.819711
v 0.5468906 1.1726404 0.819711
v 0.5887572 1.1726404 0.819711
v 0.5827584 1.1726404 0.819711
v 0.5827584 1.1660167 0.82521
v 0.5887572 1.1660167 0.82521
v 0.5468906 1.1726404 0.819711
v 0.5353929 1.1726404 0.819711
v 0.5353929 1.1660167 0.82521
v 0.5468906 1.1660167 0.82521
v 0.5827584 1.1577684 0.8282093
v 0.5887572 1.1577684 0.8282093
v 0.5353929 1.1577684 0.8282093
v 0.5468906 1.1577684 0.8282093
v 0.5827584 1.1491451 0.8282093
v 0.5887572 1.1491451 0.8282093
v 0.5468906 1.1491451 0.8282093
v 0.5353929 1.1491451 0.8282093
v 0.5887572 1.1410217 0.82521
v 0.5887572 1.1491451 0.8282093
v 0.5827584 1.1491451 0.8282093
v 0.5827584 1.1410217 0.82521
v 0.5468906 1.1410217 0.82521
v 0.5468906 1.1491451 0.8282093
v 0.5353929 1.1491451 0.8282093
v 0.5353929 1.1410217 0.82521
v 0.5827584 1.1342731 0.819711
v 0.5887572 1.1342731 0.819711
v 0.5353929 1.1342731 0.819711
v 0.5468906 1.1342731 0.819711
v 0.5887572 1.1342731 0.819711
v 0.5827584 1.1342731 0.819711
v 0.5827584 1.1300239 0.8120876
v 0.5887572 1.1300239 0.8120876
v 0.5353929 1.1300239 0.8120876
v 0.5468906 1.1300239 0.8120876
v 0.5468906 1.1342731 0.819711
v 0.5353929 1.1342731 0.819711
v 0.5887572 1.1285243 0.8035893
v 0.5827584 1.1285243 0.8035893
v 0.5353929 1.1285243 0.8035893
v 0.5468906 1.1285243 0.8035893
v 0.5887572 1.1300239 0.795091
v 0.5827584 1.1300239 0.795091
v 0.5468906 1.1300239 0.795091
v 0.5353929 1.1300239 0.795091
v 0.5887572 1.1342731 0.7874675
v 0.5827584 1.1342731 0.7874675
v 0.5468906 1.1342731 0.7874675
v 0.5353929 1.1342731 0.7874675
v 0.5887572 1.1410217 0.7819686
v 0.5887572 1.1342731 0.7874675
v 0.5827584 1.1342731 0.7874675
v 0.5827584 1.1410217 0.7819686
v 0.5468906 1.1410217 0.7819686
v 0.5468906 1.1342731 0.7874675
v 0.5353929 1.1342731 0.7874675
v 0.5353929 1.1410217 0.7819686
v 0.5887572 1.1491451 0.7789692
v 0.5827584 1.1491451 0.7789692
v 0.5468906 1.1491451 0.7789692
v 0.5353929 1.1491451 0.7789692
v 0.5887572 1.1577684 0.7789692
v 0.5827584 1.1577684 0.7789692
v 0.5468906 1.1577684 0.7789692
v 0.5353929 1.1577684 0.7789692
v 0.5887572 1.1660167 0.7819686
v 0.5827584 1.1660167 0.7819686
v 0.5468906 1.1660167 0.7819686
v 0.5353929 1.1660167 0.7819686
v 0.5887572 1.1726404 0.7874675
v 0.5827584 1.1726404 0.7874675
v 0.5468906 1.1726404 0.7874675
v 0.5353929 1.1726404 0.7874675
v 0.5887572 1.1770146 0.795091
v 0.5887572 1.1726404 0.7874675
v 0.5827584 1.1726404 0.7874675
v 0.5827584 1.1770146 0.795091
v 0.5468906 1.1770146 0.795091
v 0.5468906 1.1726404 0.7874675
v 0.5353929 1.1726404 0.7874675
v 0.5353929 1.1770146 0.795091
v 0.5827584 1.1770146 0.8120876
v 0.5827584 1.1785142 0.8035893
v 0.5827584 1.1860128 0.8035893
v 0.5827584 1.1840131 0.814712
v 0.5827584 1.1840131 0.7924665
v 0.5827584 1.1770146 0.795091
v 0.5827584 1.1726404 0.7874675
v 0.5827584 1.1783893 0.7827184
v 0.5827584 1.169766 0.7754699
v 0.5827584 1.1660167 0.7819686
v 0.5827584 1.1591431 0.7715956
v 0.5827584 1.1577684 0.7789692
v 0.5827584 1.1491451 0.7789692
v 0.5827584 1.1477704 0.7715956
v 0.5827584 1.1372725 0.7754699
v 0.5827584 1.1410217 0.7819686
v 0.5827584 1.1285243 0.7827184
v 0.5827584 1.1342731 0.7874675
v 0.5827584 1.1300239 0.795091
v 0.5827584 1.1229003 0.7924665
v 0.5827584 1.1210257 0.8035893
v 0.5827584 1.1285243 0.8035893
v 0.5827584 1.1229003 0.814712
v 0.5827584 1.1300239 0.8120876
v 0.5827584 1.1285243 0.8244601
v 0.5827584 1.1342731 0.819711
v 0.5827584 1.1410217 0.82521
v 0.5827584 1.1372725 0.8317086
v 0.5827584 1.1491451 0.8282093
v 0.5827584 1.1477704 0.8355829
v 0.5827584 1.1591431 0.8355829
v 0.5827584 1.1577684 0.8282093
v 0.5827584 1.169766 0.8317086
v 0.5827584 1.1660167 0.82521
v 0.5827584 1.1783893 0.8244601
v 0.5827584 1.1726404 0.819711
v 0.5827584 1.1910118 0.8035893
v 0.5827584 1.1886372 0.8164617
v 0.5827584 1.1886372 0.7907169
v 0.5827584 1.1821385 0.7794691
v 0.5827584 1.1722655 0.7710957
v 0.5827584 1.160018 0.7667216
v 0.5827584 1.1468956 0.7667216
v 0.5827584 1.134773 0.7710957
v 0.5827584 1.124775 0.7794691
v 0.5827584 1.1182763 0.7907169
v 0.5827584 1.1160268 0.8035893
v 0.5827584 1.1182763 0.8164617
v 0.5827584 1.124775 0.8277094
v 0.5827584 1.134773 0.8360828
v 0.5827584 1.1468956 0.8404569
v 0.5827584 1.160018 0.8404569
v 0.5827584 1.1722655 0.8360828
v 0.5827584 1.1821385 0.8277094
v 0.5887572 1.1785142 0.8035893
v 0.5887572 1.1770146 0.8120876
v 0.5887572 1.1650169 0.8078384
v 0.5887572 1.1657668 0.8035893
v 0.5887572 1.1726404 0.819711
v 0.5887572 1.1628923 0.8114627
v 0.5887572 1.1660167 0.82521
v 0.5887572 1.159643 0.8142121
v 0.5887572 1.1577684 0.8282093
v 0.5887572 1.1556438 0.8157118
v 0.5887572 1.1491451 0.8282093
v 0.5887572 1.1512697 0.8157118
v 0.5887572 1.1472705 0.8142121
v 0.5887572 1.1410217 0.82521
v 0.5887572 1.1440211 0.8114627
v 0.5887572 1.1342731 0.819711
v 0.5887572 1.1300239 0.8120876
v 0.5887572 1.1418966 0.8078384
v 0.5887572 1.1285243 0.8035893
v 0.5887572 1.1411467 0.8035893
v 0.5887572 1.1300239 0.795091
v 0.5887572 1.1418966 0.7993401
v 0.5887572 1.1342731 0.7874675
v 0.5887572 1.1440211 0.7957158
v 0.5887572 1.1410217 0.7819686
v 0.5887572 1.1472705 0.7929664
v 0.5887572 1.1491451 0.7789692
v 0.5887572 1.1512697 0.7914667
v 0.5887572 1.1577684 0.7789692
v 0.5887572 1.1556438 0.7914667
v 0.5887572 1.1660167 0.7819686
v 0.5887572 1.159643 0.7929664
v 0.5887572 1.1726404 0.7874675
v 0.5887572 1.1628923 0.7957158
v 0.5887572 1.1770146 0.795091
v 0.5887572 1.1650169 0.7993401
v 0.5887572 1.1657668 0.8035893
v 0.5887572 1.1650169 0.8078384
v 0.5762597 1.1650169 0.8078384
v 0.5762597 1.1657668 0.8035893
v 0.5887572 1.1628923 0.8114627
v 0.5762597 1.1628923 0.8114627
v 0.5887572 1.1628923 0.8114627
v 0.5887572 1.159643 0.8142121
v 0.5762597 1.159643 0.8142121
v 0.5762597 1.1628923 0.8114627
v 0.5887572 1.1556438 0.8157118
v 0.5762597 1.1556438 0.8157118
v 0.5887572 1.1512697 0.8157118
v 0.5762597 1.1512697 0.8157118
v 0.5887572 1.1472705 0.8142121
v 0.5762597 1.1472705 0.8142121
v 0.5762597 1.1440211 0.8114627
v 0.5887572 1.1440211 0.8114627
v 0.5887572 1.1440211 0.8114627
v 0.5887572 1.1418966 0.8078384
v 0.5762597 1.1418966 0.8078384
v 0.5762597 1.1440211 0.8114627
v 0.5762597 1.1411467 0.8035893
v 0.5887572 1.1411467 0.8035893
v 0.5887572 1.1418966 0.7993401
v 0.5762597 1.1418966 0.7993401
v 0.5762597 1.1440211 0.7957158
v 0.5887572 1.1440211 0.7957158
v 0.5887572 1.1472705 0.7929664
v 0.5762597 1.1472705 0.7929664
v 0.5762597 1.1440211 0.7957158
v 0.5887572 1.1440211 0.7957158
v 0.5762597 1.1512697 0.7914667
v 0.5887572 1.1512697 0.7914667
v 0.5887572 1.1556438 0.7914667
v 0.5762597 1.1556438 0.7914667
v 0.5887572 1.159643 0.7929664
v 0.5762597 1.159643 0.7929664
v 0.5762597 1.1556438 0.7914667
v 0.5887572 1.1556438 0.7914667
v 0.5887572 1.1628923 0.7957158
v 0.5762597 1.1628923 0.7957158
v 0.5762597 1.1628923 0.7957158
v 0.5887572 1.1628923 0.7957158
v 0.5887572 1.1650169 0.7993401
v 0.5762597 1.1650169 0.7993401
v 0.5821336 1.1905119 0.8170866
v 0.5821336 1.1928863 0.8035893
v 0.5821336 1.1905119 0.790092
v 0.5821336 1.1836382 0.7783443
v 0.5821336 1.1836382 0.7783443
v 0.5821336 1.1731403 0.7694711
v 0.5821336 1.1602679 0.764847
v 0.5821336 1.1466456 0.764847
v 0.5821336 1.1337732 0.7694711
v 0.5821336 1.1232753 0.7783443
v 0.5821336 1.1165266 0.790092
v 0.5821336 1.1232753 0.7783443
v 0.5821336 1.1141521 0.8035893
v 0.5821336 1.1165266 0.8170866
v 0.5821336 1.1232753 0.8288342
v 0.5821336 1.1232753 0.8288342
v 0.5821336 1.1337732 0.8377074
v 0.5821336 1.1466456 0.8423315
v 0.5821336 1.1466456 0.8423315
v 0.5821336 1.1602679 0.8423315
v 0.5821336 1.1731403 0.8377074
v 0.5821336 1.1836382 0.8288342
v 0.5821336 1.1836382 0.8288342
v 0.5821336 1.1928863 0.8035893
v 0.5821336 1.1905119 0.8170866
v 0.5821336 1.1905119 0.790092
v 0.5821336 1.1836382 0.7783443
v 0.5821336 1.1731403 0.7694711
v 0.5821336 1.1602679 0.764847
v 0.5821336 1.1466456 0.764847
v 0.5821336 1.1337732 0.7694711
v 0.5821336 1.1232753 0.7783443
v 0.5821336 1.1165266 0.790092
v 0.5821336 1.1141521 0.8035893
v 0.5821336 1.1165266 0.8170866
v 0.5821336 1.1232753 0.8288342
v 0.5821336 1.1337732 0.8377074
v 0.5821336 1.1466456 0.8423315
v 0.5821336 1.1602679 0.8423315
v 0.5821336 1.1731403 0.8377074
v 0.5821336 1.1836382 0.8288342
vt 0.5765 0.2133
vt 0.0005 0.2133
vt 0.0005 0.2224
vt 0.5708 0.2282
vt 0.0037 0.2278
vt 0.0063 0.2282
vt 0.0019 0.2267
vt 0.0009 0.2249
vt 0.5733 0.2278
vt 0.5751 0.2267
vt 0.5762 0.2249
vt 0.5765 0.2224
vt 0.1789 0.0309
vt 0.1789 0.0332
vt 0.7434 0.0332
vt 0.7434 0.0309
vt 0.5765 0.1276
vt 0.5765 0.1206
vt 0.5751 0.132
vt 0.5762 0.1302
vt 0.5733 0.133
vt 0.5708 0.1334
vt 0.0005 0.1206
vt 0.0005 0.1276
vt 0.0009 0.1302
vt 0.0019 0.132
vt 0.0037 0.133
vt 0.0063 0.1334
vt 0.0005 0.3425
vt 0.0005 0.3446
vt 0.5765 0.3446
vt 0.5765 0.3425
vt 0.7341 0.5547
vt 0.7341 0.5569
vt 0.7362 0.5569
vt 0.7362 0.5425
vt 0.7341 0.5402
vt 0.0005 0.1491
vt 0.0005 0.1635
vt 0.5765 0.1635
vt 0.5765 0.1491
vt 0.7506 0.0252
vt 0.7506 0.0229
vt 0.1746 0.0229
vt 0.1746 0.0252
vt 0.5765 0.3198
vt 0.0005 0.3198
vt 0.8989 0.9532
vt 0.8763 0.9532
vt 0.8763 0.9554
vt 0.8989 0.9554
vt 0.5765 0.2684
vt 0.5765 0.2457
vt 0.0005 0.2457
vt 0.0005 0.2684
vt 0.7114 0.5569
vt 0.7114 0.5547
vt 0.9106 0.9699
vt 0.9106 0.9676
vt 0.9081 0.9676
vt 0.9081 0.9699
vt 0.7432 0.5402
vt 0.7432 0.5425
vt 0.7457 0.5425
vt 0.7457 0.5402
vt 0.9124 0.9699
vt 0.9124 0.9676
vt 0.7477 0.0309
vt 0.7459 0.0309
vt 0.7459 0.0332
vt 0.7477 0.0332
vt 0.7475 0.5425
vt 0.7475 0.5402
vt 0.1746 0.0332
vt 0.1764 0.0332
vt 0.1764 0.0309
vt 0.1746 0.0309
vt 0.5765 0.212
vt 0.5765 0.1975
vt 0.0005 0.1975
vt 0.0005 0.212
vt 0.9011 0.9676
vt 0.8989 0.9699
vt 0.9011 0.9532
vt 0.7499 0.0144
vt 0.7499 0.0129
vt 0.175 0.0129
vt 0.175 0.0144
vt 0.7499 0.0101
vt 0.175 0.0101
vt 0.175 0.0116
vt 0.7499 0.0116
vt 0.576 0.1067
vt 0.5764 0.1066
vt 0.5765 0.1062
vt 0.5765 0.0954
vt 0.0005 0.0954
vt 0.0005 0.1062
vt 0.0011 0.1067
vt 0.0006 0.1066
vt 0.576 0.083
vt 0.0005 0.0824
vt 0.0006 0.0828
vt 0.0011 0.083
vt 0.5765 0.0731
vt 0.0005 0.0731
vt 0.5764 0.0828
vt 0.5765 0.0824
vt 0.7109 0.7117
vt 0.7109 0.7051
vt 0.7094 0.7051
vt 0.7094 0.7132
vt 0.0011 0.0632
vt 0.5765 0.0638
vt 0.5764 0.0633
vt 0.576 0.0632
vt 0.0006 0.0633
vt 0.0005 0.0638
vt 0.0005 0.0718
vt 0.5765 0.0718
vt 0.5752 0.64
vt 0.5767 0.64
vt 0.5767 0.6334
vt 0.5752 0.6319
vt 0.5765 0.0355
vt 0.5764 0.0351
vt 0.576 0.035
vt 0.0011 0.035
vt 0.5765 0.0422
vt 0.0005 0.0422
vt 0.0006 0.0351
vt 0.0005 0.0355
vt 0.5864 0.6334
vt 0.5864 0.6319
vt 0.5859 0.6319
vt 0.5859 0.6334
vt 0.7202 0.7132
vt 0.7206 0.7132
vt 0.7206 0.7117
vt 0.7202 0.7117
vt 0.1746 0.0129
vt 0.1746 0.0144
vt 0.7503 0.0129
vt 0.7503 0.0144
vt 0.7503 0.0116
vt 0.7503 0.0101
vt 0.1746 0.0101
vt 0.1746 0.0116
vt 0.7109 0.7047
vt 0.7094 0.7047
vt 0.5752 0.6404
vt 0.5767 0.6404
vt 0.202 0.0008
vt 0.2005 0.0008
vt 0.2005 0.0019
vt 0.202 0.0019
vt 0.1991 0.0008
vt 0.1991 0.0019
vt 0.64 0.7242
vt 0.6389 0.7242
vt 0.6389 0.7254
vt 0.64 0.7254
vt 0.6389 0.7268
vt 0.64 0.7268
vt 0.6389 0.7283
vt 0.64 0.7283
vt 0.6389 0.7297
vt 0.64 0.7297
vt 0.6389 0.7308
vt 0.64 0.7308
vt 0.8676 0.3776
vt 0.8676 0.3765
vt 0.8663 0.3765
vt 0.8663 0.3776
vt 0.8648 0.3765
vt 0.8648 0.3776
vt 0.8633 0.3765
vt 0.8633 0.3776
vt 0.862 0.3765
vt 0.862 0.3776
vt 0.6431 0.8676
vt 0.642 0.8676
vt 0.642 0.8687
vt 0.6431 0.8687
vt 0.642 0.8701
vt 0.6431 0.8701
vt 0.642 0.8716
vt 0.6431 0.8716
vt 0.642 0.873
vt 0.6431 0.873
vt 0.642 0.8742
vt 0.6431 0.8742
vt 0.2034 0.0019
vt 0.2046 0.0019
vt 0.2046 0.0008
vt 0.2034 0.0008
vt 0.6077 0.1737
vt 0.6082 0.1745
vt 0.6089 0.1752
vt 0.6077 0.1717
vt 0.6099 0.1755
vt 0.6109 0.1755
vt 0.6126 0.1745
vt 0.6118 0.1752
vt 0.6131 0.1737
vt 0.6132 0.1727
vt 0.6126 0.1708
vt 0.6131 0.1717
vt 0.6118 0.1702
vt 0.6109 0.1699
vt 0.6089 0.1702
vt 0.6099 0.1699
vt 0.6082 0.1708
vt 0.6075 0.1727
vt 0.7321 0.7201
vt 0.7307 0.7201
vt 0.7309 0.7216
vt 0.7323 0.7211
vt 0.7317 0.7229
vt 0.7328 0.7219
vt 0.7336 0.7226
vt 0.7328 0.7238
vt 0.7343 0.7244
vt 0.7345 0.7229
vt 0.7358 0.7244
vt 0.7355 0.7229
vt 0.7372 0.7238
vt 0.7364 0.7226
vt 0.7372 0.7219
vt 0.7383 0.7229
vt 0.7391 0.7216
vt 0.7377 0.7211
vt 0.7393 0.7201
vt 0.7379 0.7201
vt 0.7391 0.7186
vt 0.7377 0.7191
vt 0.7383 0.7173
vt 0.7372 0.7183
vt 0.7372 0.7164
vt 0.7364 0.7176
vt 0.7358 0.7158
vt 0.7355 0.7173
vt 0.7343 0.7158
vt 0.7345 0.7173
vt 0.7328 0.7164
vt 0.7336 0.7176
vt 0.7317 0.7173
vt 0.7328 0.7183
vt 0.7309 0.7186
vt 0.7323 0.7191
vt 0.7215 0.7102
vt 0.7215 0.7112
vt 0.7221 0.7112
vt 0.7221 0.7102
vt 0.7221 0.7121
vt 0.7221 0.7112
vt 0.7215 0.7112
vt 0.7215 0.7121
vt 0.5857 0.6339
vt 0.5857 0.6346
vt 0.5863 0.6346
vt 0.5863 0.6339
vt 0.5857 0.6356
vt 0.5863 0.6356
vt 0.5863 0.6346
vt 0.5857 0.6346
vt 0.5857 0.6365
vt 0.5863 0.6365
vt 0.5863 0.6356
vt 0.5857 0.6356
vt 0.5857 0.6365
vt 0.5857 0.6375
vt 0.5863 0.6375
vt 0.5863 0.6365
vt 0.5857 0.6382
vt 0.5863 0.6382
vt 0.5863 0.6375
vt 0.5857 0.6375
vt 0.7592 0.8272
vt 0.7592 0.8278
vt 0.7601 0.8278
vt 0.7601 0.8272
vt 0.7601 0.8272
vt 0.7601 0.8278
vt 0.761 0.8278
vt 0.761 0.8272
vt 0.761 0.8272
vt 0.761 0.8278
vt 0.762 0.8278
vt 0.762 0.8272
vt 0.762 0.8272
vt 0.762 0.8278
vt 0.7629 0.8278
vt 0.7629 0.8272
vt 0.7544 0.8272
vt 0.7544 0.8278
vt 0.7552 0.8278
vt 0.7552 0.8272
vt 0.7552 0.8272
vt 0.7552 0.8278
vt 0.7561 0.8278
vt 0.7561 0.8272
vt 0.7561 0.8272
vt 0.7561 0.8278
vt 0.7571 0.8278
vt 0.7571 0.8272
vt 0.7571 0.8278
vt 0.758 0.8278
vt 0.758 0.8272
vt 0.7571 0.8272
vt 0.7588 0.8278
vt 0.7588 0.8272
vt 0.758 0.8272
vt 0.758 0.8278
vt 0.7221 0.7085
vt 0.7215 0.7085
vt 0.7215 0.7092
vt 0.7221 0.7092
vt 0.7215 0.7092
vt 0.7215 0.7102
vt 0.7221 0.7102
vt 0.7221 0.7092
vt 0.7364 0.4086
vt 0.7364 0.4098
vt 0.7379 0.4098
vt 0.7379 0.4086
vt 0.735 0.4086
vt 0.735 0.4098
vt 0.737 0.5554
vt 0.737 0.5565
vt 0.7382 0.5565
vt 0.7382 0.5554
vt 0.7396 0.5565
vt 0.7396 0.5554
vt 0.7411 0.5565
vt 0.7411 0.5554
vt 0.7425 0.5565
vt 0.7425 0.5554
vt 0.7436 0.5565
vt 0.7436 0.5554
vt 0.6291 0.736
vt 0.6291 0.7349
vt 0.6278 0.7349
vt 0.6278 0.736
vt 0.6263 0.736
vt 0.6263 0.7349
vt 0.6248 0.7349
vt 0.6248 0.736
vt 0.6235 0.7349
vt 0.6235 0.736
vt 0.8833 0.5414
vt 0.8845 0.5414
vt 0.8845 0.5403
vt 0.8833 0.5403
vt 0.8819 0.5403
vt 0.8819 0.5414
vt 0.8804 0.5403
vt 0.8804 0.5414
vt 0.879 0.5403
vt 0.879 0.5414
vt 0.8779 0.5403
vt 0.8779 0.5414
vt 0.7405 0.4098
vt 0.7405 0.4086
vt 0.7393 0.4086
vt 0.7393 0.4098
vt 0.5789 0.2019
vt 0.5797 0.2025
vt 0.5784 0.1991
vt 0.5784 0.201
vt 0.5806 0.2029
vt 0.5816 0.2029
vt 0.5833 0.2019
vt 0.5825 0.2025
vt 0.5838 0.201
vt 0.584 0.2
vt 0.5833 0.1982
vt 0.5838 0.1991
vt 0.5797 0.1976
vt 0.5825 0.1976
vt 0.5816 0.1972
vt 0.5806 0.1972
vt 0.5789 0.1982
vt 0.5782 0.2
vt 0.7311 0.846
vt 0.7314 0.8475
vt 0.7328 0.847
vt 0.7326 0.846
vt 0.7321 0.8488
vt 0.7333 0.8478
vt 0.7333 0.8497
vt 0.734 0.8485
vt 0.7347 0.8502
vt 0.735 0.8488
vt 0.7362 0.8502
vt 0.7359 0.8488
vt 0.7376 0.8497
vt 0.7369 0.8485
vt 0.7388 0.8488
vt 0.7376 0.8478
vt 0.7395 0.8475
vt 0.7381 0.847
vt 0.7398 0.846
vt 0.7383 0.846
vt 0.7395 0.8445
vt 0.7381 0.845
vt 0.7383 0.846
vt 0.7398 0.846
vt 0.7388 0.8432
vt 0.7376 0.8442
vt 0.7381 0.845
vt 0.7395 0.8445
vt 0.7376 0.8423
vt 0.7369 0.8435
vt 0.7362 0.8417
vt 0.7359 0.8432
vt 0.7347 0.8417
vt 0.735 0.8432
vt 0.7333 0.8423
vt 0.734 0.8435
vt 0.7321 0.8432
vt 0.7333 0.8442
vt 0.7314 0.8445
vt 0.7328 0.845
vt 0.7311 0.846
vt 0.7326 0.846
vt 0.7328 0.845
vt 0.7314 0.8445
vt 0.7519 0.7314
vt 0.7519 0.7319
vt 0.7529 0.7319
vt 0.7529 0.7314
vt 0.7519 0.7314
vt 0.7511 0.7314
vt 0.7511 0.7319
vt 0.7519 0.7319
vt 0.7448 0.8272
vt 0.7448 0.8278
vt 0.7455 0.8278
vt 0.7455 0.8272
vt 0.7455 0.8278
vt 0.7465 0.8278
vt 0.7465 0.8272
vt 0.7455 0.8272
vt 0.7465 0.8278
vt 0.7475 0.8278
vt 0.7475 0.8272
vt 0.7465 0.8272
vt 0.7484 0.8278
vt 0.7484 0.8272
vt 0.7475 0.8272
vt 0.7475 0.8278
vt 0.7492 0.8278
vt 0.7492 0.8272
vt 0.7484 0.8272
vt 0.7484 0.8278
vt 0.7592 0.8296
vt 0.7592 0.829
vt 0.7584 0.829
vt 0.7584 0.8296
vt 0.7602 0.829
vt 0.7592 0.829
vt 0.7592 0.8296
vt 0.7602 0.8296
vt 0.7602 0.829
vt 0.7602 0.8296
vt 0.7612 0.8296
vt 0.7612 0.829
vt 0.7612 0.8296
vt 0.7621 0.8296
vt 0.7621 0.829
vt 0.7612 0.829
vt 0.7946 0.8748
vt 0.7946 0.8742
vt 0.7939 0.8742
vt 0.7939 0.8748
vt 0.7946 0.8748
vt 0.7956 0.8748
vt 0.7956 0.8742
vt 0.7946 0.8742
vt 0.7956 0.8742
vt 0.7956 0.8748
vt 0.7966 0.8748
vt 0.7966 0.8742
vt 0.7966 0.8748
vt 0.7975 0.8748
vt 0.7975 0.8742
vt 0.7966 0.8742
vt 0.7975 0.8742
vt 0.7975 0.8748
vt 0.7983 0.8748
vt 0.7983 0.8742
vt 0.7547 0.7314
vt 0.7539 0.7314
vt 0.7539 0.7319
vt 0.7547 0.7319
vt 0.7539 0.7314
vt 0.7529 0.7314
vt 0.7529 0.7319
vt 0.7539 0.7319
vt 0.7379 0.3792
vt 0.7379 0.3781
vt 0.7364 0.3781
vt 0.7364 0.3792
vt 0.735 0.3781
vt 0.735 0.3792
vt 0.6361 0.7349
vt 0.635 0.7349
vt 0.635 0.736
vt 0.6361 0.736
vt 0.6336 0.736
vt 0.6336 0.7349
vt 0.6321 0.7349
vt 0.6321 0.736
vt 0.6307 0.7349
vt 0.6307 0.736
vt 0.6295 0.7349
vt 0.6295 0.736
vt 0.629 0.733
vt 0.6277 0.733
vt 0.6277 0.7341
vt 0.629 0.7341
vt 0.6262 0.733
vt 0.6262 0.7341
vt 0.6247 0.733
vt 0.6247 0.7341
vt 0.6234 0.733
vt 0.6234 0.7341
vt 0.6177 0.7216
vt 0.6177 0.7228
vt 0.6188 0.7228
vt 0.6188 0.7216
vt 0.6188 0.7242
vt 0.6177 0.7242
vt 0.6177 0.7257
vt 0.6188 0.7257
vt 0.6177 0.7271
vt 0.6188 0.7271
vt 0.6177 0.7282
vt 0.6188 0.7282
vt 0.7405 0.3781
vt 0.7393 0.3781
vt 0.7393 0.3792
vt 0.7405 0.3792
vt 0.609 0.206
vt 0.6098 0.2067
vt 0.6085 0.2032
vt 0.6085 0.2052
vt 0.6134 0.206
vt 0.6107 0.207
vt 0.6117 0.207
vt 0.6126 0.2067
vt 0.6139 0.2052
vt 0.6141 0.2042
vt 0.6134 0.2024
vt 0.6139 0.2032
vt 0.6126 0.2017
vt 0.6117 0.2014
vt 0.6098 0.2017
vt 0.6107 0.2014
vt 0.609 0.2024
vt 0.6083 0.2042
vt 0.6428 0.6603
vt 0.6426 0.6593
vt 0.6411 0.6593
vt 0.6414 0.6608
vt 0.6421 0.6621
vt 0.6433 0.6612
vt 0.6433 0.6631
vt 0.644 0.6618
vt 0.6447 0.6636
vt 0.6449 0.6621
vt 0.6462 0.6636
vt 0.6459 0.6621
vt 0.6476 0.6631
vt 0.6469 0.6618
vt 0.6487 0.6621
vt 0.6476 0.6612
vt 0.6495 0.6608
vt 0.6481 0.6603
vt 0.6498 0.6593
vt 0.6483 0.6593
vt 0.6495 0.6579
vt 0.6481 0.6584
vt 0.6487 0.6566
vt 0.6476 0.6575
vt 0.6476 0.6556
vt 0.6469 0.6569
vt 0.6462 0.6551
vt 0.6459 0.6565
vt 0.6447 0.6551
vt 0.6449 0.6565
vt 0.6433 0.6556
vt 0.644 0.6569
vt 0.6421 0.6566
vt 0.6433 0.6575
vt 0.6414 0.6579
vt 0.6428 0.6584
vt 0.7028 0.6979
vt 0.7028 0.6988
vt 0.7034 0.6988
vt 0.7034 0.6979
vt 0.7028 0.6997
vt 0.7034 0.6997
vt 0.7034 0.6988
vt 0.7028 0.6988
vt 0.7496 0.8278
vt 0.7504 0.8278
vt 0.7504 0.8272
vt 0.7496 0.8272
vt 0.7504 0.8278
vt 0.7513 0.8278
vt 0.7513 0.8272
vt 0.7504 0.8272
vt 0.7513 0.8278
vt 0.7523 0.8278
vt 0.7523 0.8272
vt 0.7513 0.8272
vt 0.7523 0.8272
vt 0.7523 0.8278
vt 0.7532 0.8278
vt 0.7532 0.8272
vt 0.754 0.8272
vt 0.7532 0.8272
vt 0.7532 0.8278
vt 0.754 0.8278
vt 0.7069 0.7072
vt 0.7069 0.7081
vt 0.7075 0.7081
vt 0.7075 0.7072
vt 0.7075 0.7091
vt 0.7075 0.7081
vt 0.7069 0.7081
vt 0.7069 0.7091
vt 0.7069 0.7101
vt 0.7075 0.7101
vt 0.7075 0.7091
vt 0.7069 0.7091
vt 0.7075 0.7101
vt 0.7069 0.7101
vt 0.7069 0.7109
vt 0.7075 0.7109
vt 0.7495 0.8296
vt 0.7495 0.829
vt 0.7488 0.829
vt 0.7488 0.8296
vt 0.7495 0.8296
vt 0.7505 0.8296
vt 0.7505 0.829
vt 0.7495 0.829
vt 0.7514 0.8296
vt 0.7514 0.829
vt 0.7505 0.829
vt 0.7505 0.8296
vt 0.7514 0.8296
vt 0.7524 0.8296
vt 0.7524 0.829
vt 0.7514 0.829
vt 0.7524 0.8296
vt 0.7531 0.8296
vt 0.7531 0.829
vt 0.7524 0.829
vt 0.7028 0.696
vt 0.7028 0.6969
vt 0.7034 0.6969
vt 0.7034 0.696
vt 0.7028 0.6969
vt 0.7028 0.6979
vt 0.7034 0.6979
vt 0.7034 0.6969
vt 0.6562 0.624
vt 0.6547 0.624
vt 0.6547 0.6251
vt 0.6562 0.6251
vt 0.6533 0.624
vt 0.6533 0.6251
vt 0.8687 0.4375
vt 0.8675 0.4375
vt 0.8675 0.4386
vt 0.8687 0.4386
vt 0.8661 0.4375
vt 0.8661 0.4386
vt 0.8646 0.4375
vt 0.8646 0.4386
vt 0.8632 0.4375
vt 0.8632 0.4386
vt 0.862 0.4375
vt 0.862 0.4386
vt 0.7643 0.3556
vt 0.763 0.3556
vt 0.763 0.3567
vt 0.7643 0.3567
vt 0.7615 0.3556
vt 0.7615 0.3567
vt 0.76 0.3556
vt 0.76 0.3567
vt 0.7587 0.3556
vt 0.7587 0.3567
vt 0.6214 0.726
vt 0.6214 0.7272
vt 0.6225 0.7272
vt 0.6225 0.726
vt 0.6214 0.7286
vt 0.6225 0.7286
vt 0.6214 0.7301
vt 0.6225 0.7301
vt 0.6214 0.7315
vt 0.6225 0.7315
vt 0.6214 0.7326
vt 0.6225 0.7326
vt 0.6587 0.624
vt 0.6576 0.624
vt 0.6576 0.6251
vt 0.6587 0.6251
vt 0.7356 0.9259
vt 0.7361 0.9267
vt 0.7368 0.9274
vt 0.7356 0.9239
vt 0.7377 0.9277
vt 0.7387 0.9277
vt 0.7404 0.9267
vt 0.7397 0.9274
vt 0.7409 0.9259
vt 0.7411 0.9249
vt 0.7404 0.9231
vt 0.7409 0.9239
vt 0.7397 0.9224
vt 0.7387 0.9221
vt 0.7368 0.9224
vt 0.7377 0.9221
vt 0.7361 0.9231
vt 0.7354 0.9249
vt 0.6138 0.5094
vt 0.6123 0.5094
vt 0.6126 0.5109
vt 0.614 0.5104
vt 0.6133 0.5122
vt 0.6145 0.5112
vt 0.6152 0.5119
vt 0.6145 0.5131
vt 0.6159 0.5137
vt 0.6162 0.5122
vt 0.6174 0.5137
vt 0.6172 0.5122
vt 0.6188 0.5131
vt 0.6181 0.5119
vt 0.62 0.5122
vt 0.6188 0.5112
vt 0.6207 0.5109
vt 0.6193 0.5104
vt 0.621 0.5094
vt 0.6195 0.5094
vt 0.6207 0.5079
vt 0.6193 0.5084
vt 0.62 0.5066
vt 0.6188 0.5076
vt 0.6181 0.5069
vt 0.6188 0.5057
vt 0.6174 0.5052
vt 0.6172 0.5066
vt 0.6162 0.5066
vt 0.6159 0.5052
vt 0.6145 0.5057
vt 0.6152 0.5069
vt 0.6133 0.5066
vt 0.6145 0.5076
vt 0.6126 0.5079
vt 0.614 0.5084
vt 0.783 0.761
vt 0.782 0.761
vt 0.782 0.7616
vt 0.783 0.7616
vt 0.7811 0.7616
vt 0.782 0.7616
vt 0.782 0.761
vt 0.7811 0.761
vt 0.7939 0.8724
vt 0.7939 0.873
vt 0.7946 0.873
vt 0.7946 0.8724
vt 0.7955 0.8724
vt 0.7946 0.8724
vt 0.7946 0.873
vt 0.7955 0.873
vt 0.7955 0.8724
vt 0.7955 0.873
vt 0.7965 0.873
vt 0.7965 0.8724
vt 0.7965 0.8724
vt 0.7965 0.873
vt 0.7975 0.873
vt 0.7975 0.8724
vt 0.7975 0.873
vt 0.7982 0.873
vt 0.7982 0.8724
vt 0.7975 0.8724
vt 0.7215 0.7052
vt 0.7221 0.7052
vt 0.7221 0.7044
vt 0.7215 0.7044
vt 0.7221 0.7052
vt 0.7215 0.7052
vt 0.7215 0.7062
vt 0.7221 0.7062
vt 0.7221 0.7062
vt 0.7215 0.7062
vt 0.7215 0.7072
vt 0.7221 0.7072
vt 0.7221 0.7072
vt 0.7215 0.7072
vt 0.7215 0.708
vt 0.7221 0.708
vt 0.7987 0.8742
vt 0.7987 0.8748
vt 0.7995 0.8748
vt 0.7995 0.8742
vt 0.7995 0.8742
vt 0.7995 0.8748
vt 0.8004 0.8748
vt 0.8004 0.8742
vt 0.8004 0.8742
vt 0.8004 0.8748
vt 0.8014 0.8748
vt 0.8014 0.8742
vt 0.8014 0.8742
vt 0.8014 0.8748
vt 0.8023 0.8748
vt 0.8023 0.8742
vt 0.8023 0.8748
vt 0.8031 0.8748
vt 0.8031 0.8742
vt 0.8023 0.8742
vt 0.7848 0.761
vt 0.7839 0.761
vt 0.7839 0.7616
vt 0.7848 0.7616
vt 0.7839 0.761
vt 0.783 0.761
vt 0.783 0.7616
vt 0.7839 0.7616
vt 0.7823 0.8244
vt 0.7808 0.8244
vt 0.7808 0.8255
vt 0.7823 0.8255
vt 0.7793 0.8244
vt 0.7793 0.8255
vt 0.8845 0.5819
vt 0.8833 0.5819
vt 0.8833 0.583
vt 0.8845 0.583
vt 0.8819 0.5819
vt 0.8819 0.583
vt 0.8804 0.5819
vt 0.8804 0.583
vt 0.879 0.5819
vt 0.879 0.583
vt 0.8779 0.5819
vt 0.8779 0.583
vt 0.6228 0.27
vt 0.6215 0.27
vt 0.6215 0.2711
vt 0.6228 0.2711
vt 0.62 0.27
vt 0.62 0.2711
vt 0.6185 0.27
vt 0.6185 0.2711
vt 0.6172 0.27
vt 0.6172 0.2711
vt 0.6414 0.7216
vt 0.6414 0.7228
vt 0.6425 0.7228
vt 0.6425 0.7216
vt 0.6414 0.7242
vt 0.6425 0.7242
vt 0.6414 0.7257
vt 0.6425 0.7257
vt 0.6414 0.7271
vt 0.6425 0.7271
vt 0.6414 0.7282
vt 0.6425 0.7282
vt 0.7848 0.8244
vt 0.7837 0.8244
vt 0.7837 0.8255
vt 0.7848 0.8255
vt 0.6085 0.189
vt 0.609 0.1899
vt 0.6098 0.1905
vt 0.6085 0.1871
vt 0.6107 0.1909
vt 0.6117 0.1909
vt 0.6134 0.1899
vt 0.6126 0.1905
vt 0.6139 0.189
vt 0.6141 0.188
vt 0.6134 0.1862
vt 0.6139 0.1871
vt 0.6126 0.1856
vt 0.6117 0.1852
vt 0.6098 0.1856
vt 0.6107 0.1852
vt 0.609 0.1862
vt 0.6083 0.188
vt 0.9495 0.9952
vt 0.948 0.9952
vt 0.9483 0.9967
vt 0.9497 0.9962
vt 0.9491 0.998
vt 0.9502 0.9971
vt 0.9509 0.9977
vt 0.9502 0.999
vt 0.9516 0.9995
vt 0.9519 0.9981
vt 0.9531 0.9995
vt 0.9529 0.9981
vt 0.9545 0.999
vt 0.9538 0.9977
vt 0.9557 0.998
vt 0.9546 0.9971
vt 0.9564 0.9967
vt 0.955 0.9962
vt 0.9567 0.9952
vt 0.9552 0.9952
vt 0.9564 0.9938
vt 0.955 0.9943
vt 0.9557 0.9925
vt 0.9546 0.9934
vt 0.9538 0.9928
vt 0.9545 0.9915
vt 0.9531 0.991
vt 0.9529 0.9924
vt 0.9519 0.9924
vt 0.9516 0.991
vt 0.9502 0.9915
vt 0.9509 0.9928
vt 0.9491 0.9925
vt 0.9502 0.9934
vt 0.9483 0.9938
vt 0.9497 0.9943
vt 0.7018 0.6977
vt 0.7018 0.6987
vt 0.7024 0.6987
vt 0.7024 0.6977
vt 0.7024 0.6997
vt 0.7024 0.6987
vt 0.7018 0.6987
vt 0.7018 0.6997
vt 0.8035 0.8742
vt 0.8035 0.8748
vt 0.8043 0.8748
vt 0.8043 0.8742
vt 0.8052 0.8742
vt 0.8043 0.8742
vt 0.8043 0.8748
vt 0.8052 0.8748
vt 0.8052 0.8742
vt 0.8052 0.8748
vt 0.8062 0.8748
vt 0.8062 0.8742
vt 0.8062 0.8742
vt 0.8062 0.8748
vt 0.8071 0.8748
vt 0.8071 0.8742
vt 0.8071 0.8748
vt 0.8079 0.8748
vt 0.8079 0.8742
vt 0.8071 0.8742
vt 0.7633 0.8296
vt 0.7633 0.829
vt 0.7625 0.829
vt 0.7625 0.8296
vt 0.7633 0.829
vt 0.7633 0.8296
vt 0.7643 0.8296
vt 0.7643 0.829
vt 0.7643 0.829
vt 0.7643 0.8296
vt 0.7653 0.8296
vt 0.7653 0.829
vt 0.7653 0.829
vt 0.7653 0.8296
vt 0.7662 0.8296
vt 0.7662 0.829
vt 0.8035 0.8724
vt 0.8035 0.873
vt 0.8042 0.873
vt 0.8042 0.8724
vt 0.8042 0.8724
vt 0.8042 0.873
vt 0.8052 0.873
vt 0.8052 0.8724
vt 0.8052 0.8724
vt 0.8052 0.873
vt 0.8062 0.873
vt 0.8062 0.8724
vt 0.8062 0.8724
vt 0.8062 0.873
vt 0.8071 0.873
vt 0.8071 0.8724
vt 0.8071 0.873
vt 0.8078 0.873
vt 0.8078 0.8724
vt 0.8071 0.8724
vt 0.7018 0.696
vt 0.7018 0.6968
vt 0.7024 0.6968
vt 0.7024 0.696
vt 0.7018 0.6968
vt 0.7018 0.6977
vt 0.7024 0.6977
vt 0.7024 0.6968
vt 0.854 0.3435
vt 0.8525 0.3435
vt 0.8525 0.3446
vt 0.854 0.3446
vt 0.8511 0.3435
vt 0.8511 0.3446
vt 0.6446 0.865
vt 0.6446 0.8661
vt 0.6457 0.8661
vt 0.6457 0.865
vt 0.6446 0.8675
vt 0.6457 0.8675
vt 0.6446 0.869
vt 0.6457 0.869
vt 0.6446 0.8704
vt 0.6457 0.8704
vt 0.6446 0.8716
vt 0.6457 0.8716
vt 0.7843 0.5142
vt 0.783 0.5142
vt 0.783 0.5153
vt 0.7843 0.5153
vt 0.7815 0.5142
vt 0.7815 0.5153
vt 0.78 0.5142
vt 0.78 0.5153
vt 0.7787 0.5142
vt 0.7787 0.5153
vt 0.9019 0.9665
vt 0.903 0.9665
vt 0.903 0.9654
vt 0.9019 0.9654
vt 0.9044 0.9665
vt 0.9044 0.9654
vt 0.9059 0.9665
vt 0.9059 0.9654
vt 0.9073 0.9665
vt 0.9073 0.9654
vt 0.9085 0.9665
vt 0.9085 0.9654
vt 0.8565 0.3435
vt 0.8554 0.3435
vt 0.8554 0.3446
vt 0.8565 0.3446
vt 0.6031 0.1558
vt 0.6036 0.1567
vt 0.6044 0.1573
vt 0.6031 0.1539
vt 0.6053 0.1577
vt 0.6063 0.1577
vt 0.608 0.1567
vt 0.6072 0.1573
vt 0.6085 0.1558
vt 0.6087 0.1549
vt 0.608 0.153
vt 0.6085 0.1539
vt 0.6072 0.1524
vt 0.6063 0.152
vt 0.6044 0.1524
vt 0.6053 0.152
vt 0.6036 0.153
vt 0.603 0.1549
vt 0.8448 0.7798
vt 0.8433 0.7798
vt 0.8436 0.7813
vt 0.8449 0.7808
vt 0.8443 0.7826
vt 0.8454 0.7817
vt 0.8462 0.7823
vt 0.8455 0.7836
vt 0.8469 0.7841
vt 0.8471 0.7826
vt 0.8484 0.7841
vt 0.8481 0.7826
vt 0.8498 0.7836
vt 0.8491 0.7823
vt 0.8509 0.7826
vt 0.8498 0.7817
vt 0.8517 0.7813
vt 0.8503 0.7808
vt 0.852 0.7798
vt 0.8505 0.7798
vt 0.8517 0.7783
vt 0.8503 0.7788
vt 0.8509 0.777
vt 0.8498 0.778
vt 0.8491 0.7773
vt 0.8498 0.7761
vt 0.8484 0.7756
vt 0.8481 0.777
vt 0.8471 0.777
vt 0.8469 0.7756
vt 0.8455 0.7761
vt 0.8462 0.7773
vt 0.8443 0.777
vt 0.8454 0.778
vt 0.8436 0.7783
vt 0.8449 0.7788
vt 0.727 0.6977
vt 0.727 0.6987
vt 0.7276 0.6987
vt 0.7276 0.6977
vt 0.7276 0.6997
vt 0.7276 0.6987
vt 0.727 0.6987
vt 0.727 0.6997
vt 0.7536 0.829
vt 0.7536 0.8296
vt 0.7543 0.8296
vt 0.7543 0.829
vt 0.7553 0.829
vt 0.7543 0.829
vt 0.7543 0.8296
vt 0.7553 0.8296
vt 0.7553 0.829
vt 0.7553 0.8296
vt 0.7563 0.8296
vt 0.7563 0.829
vt 0.7563 0.829
vt 0.7563 0.8296
vt 0.7572 0.8296
vt 0.7572 0.829
vt 0.7572 0.8296
vt 0.758 0.8296
vt 0.758 0.829
vt 0.7572 0.829
vt 0.7233 0.7081
vt 0.7239 0.7081
vt 0.7239 0.7072
vt 0.7233 0.7072
vt 0.7239 0.7081
vt 0.7233 0.7081
vt 0.7233 0.7091
vt 0.7239 0.7091
vt 0.7239 0.7091
vt 0.7233 0.7091
vt 0.7233 0.7101
vt 0.7239 0.7101
vt 0.7239 0.7101
vt 0.7233 0.7101
vt 0.7233 0.7109
vt 0.7239 0.7109
vt 0.8083 0.8724
vt 0.8083 0.873
vt 0.809 0.873
vt 0.809 0.8724
vt 0.809 0.8724
vt 0.809 0.873
vt 0.81 0.873
vt 0.81 0.8724
vt 0.81 0.8724
vt 0.81 0.873
vt 0.811 0.873
vt 0.811 0.8724
vt 0.811 0.8724
vt 0.811 0.873
vt 0.8119 0.873
vt 0.8119 0.8724
vt 0.8119 0.873
vt 0.8127 0.873
vt 0.8127 0.8724
vt 0.8119 0.8724
vt 0.727 0.696
vt 0.727 0.6968
vt 0.7276 0.6968
vt 0.7276 0.696
vt 0.727 0.6968
vt 0.727 0.6977
vt 0.7276 0.6977
vt 0.7276 0.6968
vt 0.6927 0.6274
vt 0.6912 0.6274
vt 0.6912 0.6285
vt 0.6927 0.6285
vt 0.6898 0.6274
vt 0.6898 0.6285
vt 0.642 0.8605
vt 0.642 0.8617
vt 0.6431 0.8617
vt 0.6431 0.8605
vt 0.642 0.8631
vt 0.6431 0.8631
vt 0.642 0.8646
vt 0.6431 0.8646
vt 0.642 0.866
vt 0.6431 0.866
vt 0.642 0.8671
vt 0.6431 0.8671
vt 0.8676 0.407
vt 0.8663 0.407
vt 0.8663 0.4081
vt 0.8676 0.4081
vt 0.8648 0.407
vt 0.8648 0.4081
vt 0.8633 0.407
vt 0.8633 0.4081
vt 0.862 0.407
vt 0.862 0.4081
vt 0.6389 0.7172
vt 0.6389 0.7183
vt 0.64 0.7183
vt 0.64 0.7172
vt 0.6389 0.7197
vt 0.64 0.7197
vt 0.6389 0.7212
vt 0.64 0.7212
vt 0.6389 0.7226
vt 0.64 0.7226
vt 0.6389 0.7238
vt 0.64 0.7238
vt 0.6953 0.6274
vt 0.6941 0.6274
vt 0.6941 0.6285
vt 0.6953 0.6285
vt 0.6378 0.1778
vt 0.6383 0.1787
vt 0.639 0.1793
vt 0.6378 0.1759
vt 0.64 0.1797
vt 0.641 0.1797
vt 0.6427 0.1787
vt 0.6419 0.1793
vt 0.6431 0.1778
vt 0.6433 0.1769
vt 0.6427 0.175
vt 0.6431 0.1759
vt 0.6419 0.1744
vt 0.641 0.174
vt 0.639 0.1744
vt 0.64 0.174
vt 0.6383 0.175
vt 0.6376 0.1769
vt 0.7754 0.9774
vt 0.7739 0.9774
vt 0.7742 0.9789
vt 0.7756 0.9784
vt 0.775 0.9802
vt 0.7761 0.9792
vt 0.7756 0.9784
vt 0.7742 0.9789
vt 0.7768 0.9799
vt 0.7761 0.9811
vt 0.7768 0.9799
vt 0.7761 0.9811
vt 0.7775 0.9817
vt 0.7778 0.9802
vt 0.779 0.9817
vt 0.7788 0.9802
vt 0.779 0.9817
vt 0.7804 0.9811
vt 0.7797 0.9799
vt 0.7788 0.9802
vt 0.7797 0.9799
vt 0.7804 0.9811
vt 0.7816 0.9802
vt 0.7805 0.9792
vt 0.7823 0.9789
vt 0.781 0.9784
vt 0.7826 0.9774
vt 0.7811 0.9774
vt 0.7823 0.9759
vt 0.781 0.9764
vt 0.781 0.9764
vt 0.7823 0.9759
vt 0.7816 0.9746
vt 0.7805 0.9756
vt 0.7797 0.9749
vt 0.7804 0.9737
vt 0.7804 0.9737
vt 0.779 0.9731
vt 0.7788 0.9746
vt 0.7797 0.9749
vt 0.7778 0.9746
vt 0.7788 0.9746
vt 0.779 0.9731
vt 0.7775 0.9731
vt 0.7778 0.9746
vt 0.7775 0.9731
vt 0.7761 0.9737
vt 0.7768 0.9749
vt 0.7768 0.9749
vt 0.7761 0.9737
vt 0.775 0.9746
vt 0.7761 0.9756
vt 0.7742 0.9759
vt 0.7756 0.9764
vt 0.7742 0.9759
vt 0.7739 0.9774
vt 0.7754 0.9774
vt 0.7756 0.9764
vt 0.7278 0.7216
vt 0.7278 0.7226
vt 0.7284 0.7226
vt 0.7284 0.7216
vt 0.7284 0.7235
vt 0.7284 0.7226
vt 0.7278 0.7226
vt 0.7278 0.7235
vt 0.7891 0.8742
vt 0.7891 0.8748
vt 0.7898 0.8748
vt 0.7898 0.8742
vt 0.7908 0.8742
vt 0.7898 0.8742
vt 0.7898 0.8748
vt 0.7908 0.8748
vt 0.7908 0.8742
vt 0.7908 0.8748
vt 0.7918 0.8748
vt 0.7918 0.8742
vt 0.7918 0.8742
vt 0.7918 0.8748
vt 0.7927 0.8748
vt 0.7927 0.8742
vt 0.7927 0.8748
vt 0.7935 0.8748
vt 0.7935 0.8742
vt 0.7927 0.8742
vt 0.7288 0.7208
vt 0.7294 0.7208
vt 0.7294 0.7199
vt 0.7288 0.7199
vt 0.7294 0.7208
vt 0.7288 0.7208
vt 0.7288 0.7217
vt 0.7294 0.7217
vt 0.7294 0.7217
vt 0.7288 0.7217
vt 0.7288 0.7227
vt 0.7294 0.7227
vt 0.7294 0.7227
vt 0.7288 0.7227
vt 0.7288 0.7236
vt 0.7294 0.7236
vt 0.7987 0.8724
vt 0.7987 0.873
vt 0.7994 0.873
vt 0.7994 0.8724
vt 0.7994 0.8724
vt 0.7994 0.873
vt 0.8004 0.873
vt 0.8004 0.8724
vt 0.8004 0.8724
vt 0.8004 0.873
vt 0.8013 0.873
vt 0.8013 0.8724
vt 0.8013 0.8724
vt 0.8013 0.873
vt 0.8023 0.873
vt 0.8023 0.8724
vt 0.8023 0.873
vt 0.803 0.873
vt 0.803 0.8724
vt 0.8023 0.8724
vt 0.7278 0.7199
vt 0.7278 0.7207
vt 0.7284 0.7207
vt 0.7284 0.7199
vt 0.7278 0.7207
vt 0.7278 0.7216
vt 0.7284 0.7216
vt 0.7284 0.7207
vt 0.829 0.9435
vt 0.8294 0.9412
vt 0.8294 0.9122
vt 0.8282 0.9449
vt 0.8267 0.9458
vt 0.8244 0.9461
vt 0.8267 0.9076
vt 0.8244 0.9073
vt 0.7947 0.9073
vt 0.8282 0.9085
vt 0.829 0.91
vt 0.7901 0.91
vt 0.7897 0.9122
vt 0.7897 0.9412
vt 0.7909 0.9085
vt 0.7924 0.9076
vt 0.7901 0.9435
vt 0.7909 0.9449
vt 0.7924 0.9458
vt 0.7947 0.9461
vt 0.5821 0.2972
vt 0.5821 0.3
vt 0.6112 0.3
vt 0.6112 0.2972
vt 0.5826 0.058
vt 0.5826 0.0608
vt 0.6124 0.0608
vt 0.6124 0.058
vt 0.5693 0.3775
vt 0.5693 0.3803
vt 0.5984 0.3803
vt 0.5984 0.3775
vt 0.6063 0.4778
vt 0.6063 0.475
vt 0.5765 0.475
vt 0.5765 0.4778
vt 0.6137 0.3
vt 0.6137 0.2972
vt 0.5796 0.2972
vt 0.5796 0.3
vt 0.6149 0.0608
vt 0.6149 0.058
vt 0.6009 0.3803
vt 0.6009 0.3775
vt 0.6155 0.3
vt 0.6155 0.2972
vt 0.58 0.0608
vt 0.58 0.058
vt 0.5782 0.058
vt 0.5782 0.0608
vt 0.5778 0.2972
vt 0.5778 0.3
vt 0.5739 0.4778
vt 0.5739 0.475
vt 0.5721 0.475
vt 0.5721 0.4778
vt 0.6167 0.0608
vt 0.6167 0.058
vt 0.5668 0.3803
vt 0.5668 0.3775
vt 0.565 0.3775
vt 0.565 0.3803
vt 0.6027 0.3803
vt 0.6027 0.3775
vt 0.6088 0.475
vt 0.6088 0.4778
vt 0.6106 0.4778
vt 0.6106 0.475
vt 0.7897 0.9122
vt 0.7891 0.9122
vt 0.7891 0.9412
vt 0.7897 0.9412
vt 0.8245 0.9066
vt 0.7946 0.9066
vt 0.7947 0.9073
vt 0.8244 0.9073
vt 0.83 0.9412
vt 0.83 0.9122
vt 0.8294 0.9122
vt 0.8294 0.9412
vt 0.7947 0.9461
vt 0.7946 0.9468
vt 0.8245 0.9468
vt 0.8244 0.9461
vt 0.5797 0.3006
vt 0.5822 0.3006
vt 0.5826 0.0615
vt 0.5801 0.0615
vt 0.6087 0.4744
vt 0.6063 0.4744
vt 0.5669 0.3809
vt 0.5693 0.3809
vt 0.5765 0.4744
vt 0.574 0.4744
vt 0.5723 0.4744
vt 0.578 0.3006
vt 0.6112 0.3006
vt 0.6136 0.3006
vt 0.6154 0.3006
vt 0.5784 0.0615
vt 0.6008 0.3809
vt 0.5983 0.3809
vt 0.6025 0.3809
vt 0.6105 0.4744
vt 0.6124 0.0615
vt 0.6149 0.0615
vt 0.6166 0.0615
vt 0.5651 0.3809
vt 0.7894 0.9437
vt 0.7901 0.9435
vt 0.7922 0.907
vt 0.7924 0.9076
vt 0.8269 0.9464
vt 0.8267 0.9458
vt 0.8297 0.9097
vt 0.829 0.91
vt 0.7922 0.9464
vt 0.7924 0.9458
vt 0.7905 0.9454
vt 0.7909 0.9449
vt 0.7894 0.9097
vt 0.7901 0.91
vt 0.7909 0.9085
vt 0.7905 0.908
vt 0.829 0.9435
vt 0.8297 0.9437
vt 0.8286 0.9454
vt 0.8282 0.9449
vt 0.8267 0.9076
vt 0.8269 0.907
vt 0.8282 0.9085
vt 0.8286 0.908
vt 0.9733 0.6191
vt 0.9733 0.6216
vt 0.9768 0.6216
vt 0.9768 0.6191
vt 0.6454 0.7365
vt 0.6428 0.7365
vt 0.6428 0.7399
vt 0.6454 0.7399
vt 0.6271 0.7166
vt 0.6271 0.714
vt 0.6237 0.714
vt 0.6237 0.7166
vt 0.9768 0.58
vt 0.9768 0.5774
vt 0.9733 0.5774
vt 0.9733 0.58
vt 0.6358 0.8574
vt 0.6358 0.86
vt 0.6392 0.86
vt 0.6392 0.8574
vt 0.6143 0.7102
vt 0.6143 0.7137
vt 0.6169 0.7137
vt 0.6169 0.7102
vt 0.7133 0.7104
vt 0.7164 0.7104
vt 0.718 0.7077
vt 0.7133 0.7049
vt 0.7164 0.7049
vt 0.7118 0.7077
vt 0.7118 0.7077
vt 0.7133 0.7049
vt 0.7131 0.7047
vt 0.7114 0.7077
vt 0.7166 0.7047
vt 0.7164 0.7049
vt 0.718 0.7077
vt 0.7183 0.7077
vt 0.7164 0.7104
vt 0.7166 0.7106
vt 0.7131 0.7106
vt 0.7133 0.7104
vt 0.7311 0.8376
vt 0.7311 0.8402
vt 0.7346 0.8402
vt 0.7346 0.8376
vt 0.878 0.3818
vt 0.878 0.3844
vt 0.8814 0.3844
vt 0.8814 0.3818
vt 0.0199 0.0056
vt 0.0199 0.003
vt 0.0164 0.003
vt 0.0164 0.0056
vt 0.0298 0.0154
vt 0.0298 0.0128
vt 0.0264 0.0128
vt 0.0264 0.0154
vt 0.6538 0.2476
vt 0.6538 0.2502
vt 0.6572 0.2502
vt 0.6572 0.2476
vt 0.6281 0.5524
vt 0.6281 0.555
vt 0.6315 0.555
vt 0.6315 0.5524
vt 0.6669 0.2186
vt 0.6638 0.2186
vt 0.6623 0.2213
vt 0.6669 0.224
vt 0.6638 0.224
vt 0.6685 0.2213
vt 0.7346 0.8402
vt 0.7311 0.8402
vt 0.7313 0.8405
vt 0.7344 0.8405
vt 0.878 0.3844
vt 0.8781 0.3847
vt 0.8813 0.3847
vt 0.8814 0.3844
vt 0.0164 0.003
vt 0.0199 0.003
vt 0.0197 0.0027
vt 0.0166 0.0027
vt 0.0298 0.0128
vt 0.0297 0.0125
vt 0.0265 0.0125
vt 0.0264 0.0128
vt 0.6572 0.2502
vt 0.6538 0.2502
vt 0.654 0.2505
vt 0.6571 0.2505
vt 0.6282 0.5553
vt 0.6314 0.5553
vt 0.6315 0.555
vt 0.6281 0.555
vt 0.8407 0.2655
vt 0.8407 0.2681
vt 0.8441 0.2681
vt 0.8441 0.2655
vt 0.6454 0.7102
vt 0.6428 0.7102
vt 0.6428 0.7137
vt 0.6454 0.7137
vt 0.6361 0.7166
vt 0.6361 0.714
vt 0.6327 0.714
vt 0.6327 0.7166
vt 0.9709 0.5358
vt 0.9675 0.5358
vt 0.9675 0.5384
vt 0.9709 0.5384
vt 0.6169 0.7365
vt 0.6143 0.7365
vt 0.6143 0.7399
vt 0.6169 0.7399
vt 0.6169 0.8125
vt 0.6169 0.8151
vt 0.6203 0.8151
vt 0.6203 0.8125
vt 0.6493 0.6891
vt 0.6462 0.6891
vt 0.6446 0.6918
vt 0.6493 0.6945
vt 0.6462 0.6945
vt 0.6509 0.6918
vt 0.844 0.2684
vt 0.8441 0.2681
vt 0.8407 0.2681
vt 0.8408 0.2684
vt 0.6462 0.6945
vt 0.646 0.6947
vt 0.6495 0.6947
vt 0.6493 0.6945
vt 0.6446 0.6918
vt 0.6443 0.6918
vt 0.6462 0.6891
vt 0.646 0.6888
vt 0.6495 0.6888
vt 0.6493 0.6891
vt 0.6203 0.8151
vt 0.6169 0.8151
vt 0.617 0.8154
vt 0.6202 0.8154
vt 0.7885 0.281
vt 0.7885 0.2836
vt 0.792 0.2836
vt 0.792 0.281
vt 0.7416 0.6944
vt 0.7413 0.6918
vt 0.7379 0.6922
vt 0.7381 0.6947
vt 0.8413 0.7735
vt 0.8413 0.7709
vt 0.8378 0.7709
vt 0.8378 0.7735
vt 0.6161 0.6267
vt 0.6161 0.6241
vt 0.6127 0.6241
vt 0.6127 0.6267
vt 0.6486 0.8536
vt 0.646 0.8536
vt 0.646 0.857
vt 0.6486 0.857
vt 0.9005 0.4912
vt 0.9005 0.4938
vt 0.9039 0.4938
vt 0.9039 0.4912
vt 0.8975 0.5043
vt 0.8944 0.5043
vt 0.8928 0.507
vt 0.8975 0.5097
vt 0.8944 0.5097
vt 0.899 0.507
vt 0.7918 0.2838
vt 0.792 0.2836
vt 0.7885 0.2836
vt 0.7887 0.2838
vt 0.8942 0.51
vt 0.8977 0.51
vt 0.8975 0.5097
vt 0.8944 0.5097
vt 0.8411 0.7706
vt 0.838 0.7706
vt 0.8378 0.7709
vt 0.8413 0.7709
vt 0.6127 0.6241
vt 0.6161 0.6241
vt 0.6159 0.6238
vt 0.6128 0.6238
vt 0.8977 0.504
vt 0.8942 0.504
vt 0.8944 0.5043
vt 0.8975 0.5043
vt 0.9039 0.4938
vt 0.9005 0.4938
vt 0.9006 0.4941
vt 0.9038 0.4941
vt 0.7129 0.8177
vt 0.7129 0.8218
vt 0.7183 0.8218
vt 0.7183 0.8177
vt 0.723 0.8218
vt 0.723 0.8177
vt 0.8448 0.5849
vt 0.8448 0.5891
vt 0.8491 0.5891
vt 0.8491 0.5849
vt 0.8542 0.5891
vt 0.8542 0.5849
vt 0.8597 0.5891
vt 0.8597 0.5849
vt 0.8649 0.5891
vt 0.8649 0.5849
vt 0.8691 0.5891
vt 0.8691 0.5849
vt 0.5982 0.1141
vt 0.5982 0.1099
vt 0.5934 0.1099
vt 0.5934 0.1141
vt 0.588 0.1099
vt 0.588 0.1141
vt 0.5826 0.1099
vt 0.5826 0.1141
vt 0.5778 0.1099
vt 0.5778 0.1141
vt 0.8448 0.5433
vt 0.8448 0.5475
vt 0.8491 0.5475
vt 0.8491 0.5433
vt 0.8542 0.5475
vt 0.8542 0.5433
vt 0.8597 0.5475
vt 0.8597 0.5433
vt 0.8649 0.5475
vt 0.8649 0.5433
vt 0.8691 0.5475
vt 0.8691 0.5433
vt 0.7027 0.8177
vt 0.7027 0.8218
vt 0.7074 0.8218
vt 0.7074 0.8177
vt 0.8814 0.4535
vt 0.8797 0.4505
vt 0.877 0.4482
vt 0.877 0.4655
vt 0.8738 0.447
vt 0.8703 0.447
vt 0.8644 0.4505
vt 0.867 0.4482
vt 0.8644 0.4633
vt 0.8626 0.4535
vt 0.862 0.4569
vt 0.8626 0.4603
vt 0.867 0.4655
vt 0.8703 0.4667
vt 0.8738 0.4667
vt 0.8814 0.4603
vt 0.8797 0.4633
vt 0.882 0.4569
vt 0.6462 0.8741
vt 0.6476 0.8746
vt 0.6486 0.8692
vt 0.6471 0.8692
vt 0.6448 0.8794
vt 0.6437 0.8784
vt 0.6399 0.8816
vt 0.6406 0.8829
vt 0.6352 0.8833
vt 0.6355 0.8848
vt 0.63 0.8848
vt 0.6302 0.8833
vt 0.6248 0.8829
vt 0.6255 0.8816
vt 0.6206 0.8794
vt 0.6217 0.8784
vt 0.6178 0.8746
vt 0.6192 0.8741
vt 0.6169 0.8692
vt 0.6183 0.8692
vt 0.6178 0.8637
vt 0.6192 0.8643
vt 0.6206 0.859
vt 0.6217 0.8599
vt 0.6255 0.8567
vt 0.6248 0.8554
vt 0.6302 0.855
vt 0.63 0.8536
vt 0.6352 0.855
vt 0.6355 0.8536
vt 0.6406 0.8554
vt 0.6399 0.8567
vt 0.6448 0.859
vt 0.6437 0.8599
vt 0.6462 0.8643
vt 0.6476 0.8637
vt 0.9283 0.9654
vt 0.9283 0.9631
vt 0.9234 0.9631
vt 0.9234 0.9654
vt 0.9326 0.9654
vt 0.9326 0.9631
vt 0.8499 0.9102
vt 0.8499 0.9125
vt 0.8538 0.9125
vt 0.8538 0.9102
vt 0.8452 0.9102
vt 0.8452 0.9125
vt 0.8402 0.9125
vt 0.8402 0.9102
vt 0.8356 0.9102
vt 0.8356 0.9125
vt 0.8317 0.9102
vt 0.8317 0.9125
vt 0.7939 0.5547
vt 0.7939 0.5569
vt 0.7982 0.5569
vt 0.7982 0.5547
vt 0.789 0.5547
vt 0.789 0.5569
vt 0.7841 0.5547
vt 0.7841 0.5569
vt 0.7797 0.5547
vt 0.7797 0.5569
vt 0.9491 0.5026
vt 0.953 0.5026
vt 0.953 0.5003
vt 0.9491 0.5003
vt 0.9444 0.5003
vt 0.9444 0.5026
vt 0.9395 0.5003
vt 0.9395 0.5026
vt 0.9348 0.5026
vt 0.9348 0.5003
vt 0.9309 0.5003
vt 0.9309 0.5026
vt 0.9141 0.9631
vt 0.9141 0.9654
vt 0.9185 0.9654
vt 0.9185 0.9631
vt 0.5901 0.6408
vt 0.5943 0.6423
vt 0.5951 0.6374
vt 0.5907 0.6374
vt 0.5884 0.6439
vt 0.5918 0.6467
vt 0.5858 0.6461
vt 0.5879 0.6499
vt 0.5833 0.6516
vt 0.5825 0.6473
vt 0.579 0.6473
vt 0.5783 0.6516
vt 0.5736 0.6499
vt 0.5758 0.6461
vt 0.5697 0.6467
vt 0.5731 0.6439
vt 0.5714 0.6408
vt 0.5672 0.6423
vt 0.5664 0.6374
vt 0.5708 0.6374
vt 0.5672 0.6325
vt 0.5714 0.634
vt 0.5731 0.631
vt 0.5697 0.6282
vt 0.5758 0.6288
vt 0.5736 0.625
vt 0.5783 0.6233
vt 0.579 0.6276
vt 0.5825 0.6276
vt 0.5833 0.6233
vt 0.5858 0.6288
vt 0.5879 0.625
vt 0.5884 0.631
vt 0.5918 0.6282
vt 0.5901 0.634
vt 0.5943 0.6325
vt 0.7333 0.5432
vt 0.7319 0.5432
vt 0.7319 0.5466
vt 0.7333 0.5466
vt 0.7333 0.5402
vt 0.7319 0.5402
vt 0.6126 0.1127
vt 0.6126 0.1141
vt 0.6152 0.1141
vt 0.6152 0.1127
vt 0.6093 0.1127
vt 0.6093 0.1141
vt 0.6058 0.1127
vt 0.6058 0.1141
vt 0.6026 0.1127
vt 0.6026 0.1141
vt 0.5999 0.1141
vt 0.5999 0.1127
vt 0.8981 0.9559
vt 0.8967 0.9559
vt 0.8967 0.9589
vt 0.8981 0.9589
vt 0.8981 0.9623
vt 0.8967 0.9623
vt 0.8981 0.9657
vt 0.8967 0.9657
vt 0.8967 0.9687
vt 0.8981 0.9687
vt 0.6333 0.1135
vt 0.6333 0.1121
vt 0.6307 0.1121
vt 0.6307 0.1135
vt 0.6274 0.1121
vt 0.6274 0.1135
vt 0.6239 0.1121
vt 0.6239 0.1135
vt 0.6207 0.1135
vt 0.6207 0.1121
vt 0.618 0.1121
vt 0.618 0.1135
vt 0.7319 0.5501
vt 0.7319 0.5531
vt 0.7333 0.5531
vt 0.7333 0.5501
vt 0.731 0.543
vt 0.7233 0.543
vt 0.7233 0.5462
vt 0.731 0.5461
vt 0.7233 0.5402
vt 0.731 0.5402
vt 0.6295 0.8685
vt 0.6295 0.8608
vt 0.627 0.8608
vt 0.627 0.8685
vt 0.6325 0.8685
vt 0.6325 0.8608
vt 0.6357 0.8685
vt 0.6357 0.8608
vt 0.6387 0.8685
vt 0.6387 0.8608
vt 0.6412 0.8608
vt 0.6412 0.8685
vt 0.8886 0.9587
vt 0.8963 0.9587
vt 0.8963 0.9559
vt 0.8886 0.9559
vt 0.8886 0.9618
vt 0.8963 0.9618
vt 0.8963 0.965
vt 0.8886 0.965
vt 0.8886 0.9678
vt 0.8963 0.9678
vt 0.6264 0.7175
vt 0.6239 0.7175
vt 0.6239 0.7252
vt 0.6264 0.7252
vt 0.6294 0.7175
vt 0.6294 0.7252
vt 0.6326 0.7252
vt 0.6326 0.7175
vt 0.6356 0.7175
vt 0.6356 0.7252
vt 0.638 0.7252
vt 0.638 0.7175
vt 0.7233 0.5493
vt 0.7233 0.5521
vt 0.731 0.5521
vt 0.731 0.5493
vt 0.6106 0.1378
vt 0.6101 0.1369
vt 0.6093 0.1363
vt 0.6093 0.1412
vt 0.6084 0.136
vt 0.6074 0.136
vt 0.6057 0.1369
vt 0.6065 0.1363
vt 0.6052 0.1378
vt 0.6051 0.1388
vt 0.6057 0.1406
vt 0.6052 0.1397
vt 0.6074 0.1415
vt 0.6065 0.1412
vt 0.6084 0.1415
vt 0.6101 0.1406
vt 0.6106 0.1397
vt 0.6107 0.1388
vt 0.727 0.5525
vt 0.727 0.5539
vt 0.729 0.5539
vt 0.729 0.5525
vt 0.6266 0.8645
vt 0.624 0.8645
vt 0.624 0.8665
vt 0.6266 0.8665
vt 0.7307 0.5539
vt 0.7307 0.5525
vt 0.6266 0.8682
vt 0.624 0.8682
vt 0.8778 0.9677
vt 0.8763 0.9677
vt 0.8763 0.9691
vt 0.8778 0.9691
vt 0.7733 0.7399
vt 0.7749 0.7399
vt 0.7749 0.7373
vt 0.7733 0.7373
vt 0.8797 0.9691
vt 0.8797 0.9677
vt 0.7767 0.7373
vt 0.7767 0.7399
vt 0.8817 0.9691
vt 0.8817 0.9677
vt 0.7787 0.7399
vt 0.7787 0.7373
vt 0.8835 0.9691
vt 0.8835 0.9677
vt 0.7806 0.7373
vt 0.7806 0.7399
vt 0.8851 0.9677
vt 0.8851 0.9691
vt 0.7822 0.7373
vt 0.7822 0.7399
vt 0.7177 0.7178
vt 0.7195 0.7178
vt 0.7195 0.7164
vt 0.7177 0.7164
vt 0.6505 0.6325
vt 0.6488 0.6325
vt 0.6488 0.6352
vt 0.6505 0.6352
vt 0.7158 0.7178
vt 0.7158 0.7164
vt 0.6468 0.6325
vt 0.6468 0.6352
vt 0.7138 0.7178
vt 0.7138 0.7164
vt 0.6449 0.6325
vt 0.6449 0.6352
vt 0.7121 0.7164
vt 0.7121 0.7178
vt 0.6431 0.6352
vt 0.6431 0.6325
vt 0.632 0.8782
vt 0.6304 0.8782
vt 0.6304 0.8796
vt 0.632 0.8796
vt 0.618 0.0969
vt 0.618 0.0996
vt 0.6196 0.0996
vt 0.6196 0.0969
vt 0.6338 0.8796
vt 0.6338 0.8782
vt 0.6214 0.0996
vt 0.6214 0.0969
vt 0.6358 0.8796
vt 0.6358 0.8782
vt 0.6234 0.0969
vt 0.6234 0.0996
vt 0.6377 0.8796
vt 0.6377 0.8782
vt 0.6253 0.0969
vt 0.6253 0.0996
vt 0.6392 0.8782
vt 0.6392 0.8796
vt 0.6268 0.0969
vt 0.6268 0.0996
vt 0.7251 0.5525
vt 0.7233 0.5525
vt 0.7233 0.5539
vt 0.7251 0.5539
vt 0.6266 0.8608
vt 0.624 0.8608
vt 0.624 0.8626
vt 0.6266 0.8626
vt 0.7578 0.7296
vt 0.7594 0.7302
vt 0.7598 0.7277
vt 0.7581 0.7277
vt 0.7578 0.7257
vt 0.7594 0.7251
vt 0.7581 0.7229
vt 0.7568 0.724
vt 0.7561 0.7212
vt 0.7552 0.7227
vt 0.7537 0.7203
vt 0.7534 0.722
vt 0.7511 0.7203
vt 0.7514 0.722
vt 0.7486 0.7212
vt 0.7495 0.7227
vt 0.7466 0.7229
vt 0.7479 0.724
vt 0.7469 0.7257
vt 0.7453 0.7251
vt 0.7449 0.7277
vt 0.7466 0.7277
vt 0.7453 0.7302
vt 0.7469 0.7296
vt 0.7466 0.7325
vt 0.7479 0.7314
vt 0.7495 0.7327
vt 0.7486 0.7342
vt 0.7511 0.7351
vt 0.7514 0.7334
vt 0.7534 0.7334
vt 0.7537 0.7351
vt 0.7561 0.7342
vt 0.7552 0.7327
vt 0.7581 0.7325
vt 0.7568 0.7314
vt 0.7605 0.7306
vt 0.761 0.7277
vt 0.7605 0.7247
vt 0.759 0.7221
vt 0.7567 0.7202
vt 0.7539 0.7192
vt 0.7509 0.7192
vt 0.748 0.7202
vt 0.7457 0.7221
vt 0.7442 0.7247
vt 0.7437 0.7277
vt 0.7442 0.7306
vt 0.7457 0.7332
vt 0.748 0.7352
vt 0.7509 0.7362
vt 0.7539 0.7362
vt 0.7567 0.7352
vt 0.759 0.7332
vt 0.7117 0.5439
vt 0.7114 0.5459
vt 0.7143 0.5459
vt 0.7145 0.5449
vt 0.7127 0.5422
vt 0.715 0.5441
vt 0.7157 0.5434
vt 0.7143 0.5409
vt 0.7167 0.5431
vt 0.7161 0.5402
vt 0.7176 0.5431
vt 0.7181 0.5402
vt 0.7186 0.5434
vt 0.72 0.5409
vt 0.7193 0.5441
vt 0.7216 0.5422
vt 0.7198 0.5449
vt 0.7226 0.5439
vt 0.7229 0.5459
vt 0.72 0.5459
vt 0.7198 0.5469
vt 0.7226 0.5479
vt 0.7193 0.5477
vt 0.7216 0.5496
vt 0.7186 0.5484
vt 0.72 0.5509
vt 0.7176 0.5487
vt 0.7181 0.5516
vt 0.7167 0.5487
vt 0.7161 0.5516
vt 0.7143 0.5509
vt 0.7157 0.5484
vt 0.715 0.5477
vt 0.7127 0.5496
vt 0.7117 0.5479
vt 0.7145 0.5469
vt 0.822 0.8951
vt 0.822 0.8922
vt 0.821 0.8922
vt 0.821 0.8951
vt 0.8229 0.8951
vt 0.8229 0.8922
vt 0.5815 0.5434
vt 0.5815 0.5463
vt 0.5823 0.5463
vt 0.5823 0.5434
vt 0.5806 0.5434
vt 0.5806 0.5463
vt 0.5796 0.5434
vt 0.5796 0.5463
vt 0.5787 0.5434
vt 0.5787 0.5463
vt 0.5779 0.5434
vt 0.5779 0.5463
vt 0.6448 0.6509
vt 0.6439 0.6509
vt 0.6439 0.6538
vt 0.6448 0.6538
vt 0.6429 0.6509
vt 0.6429 0.6538
vt 0.642 0.6538
vt 0.642 0.6509
vt 0.6411 0.6538
vt 0.6411 0.6509
vt 0.6347 0.8591
vt 0.6319 0.8591
vt 0.6319 0.8598
vt 0.6347 0.8598
vt 0.6319 0.8581
vt 0.6347 0.8581
vt 0.6319 0.8571
vt 0.6347 0.8571
vt 0.6347 0.8562
vt 0.6319 0.8562
vt 0.6319 0.8555
vt 0.6347 0.8555
vt 0.8201 0.8951
vt 0.8201 0.8922
vt 0.8192 0.8922
vt 0.8192 0.8951
vt 0.7314 0.5461
vt 0.7314 0.543
vt 0.7314 0.5493
vt 0.7314 0.552
vt 0.6355 0.7256
vt 0.6379 0.7256
vt 0.6326 0.7256
vt 0.6294 0.7256
vt 0.6264 0.7256
vt 0.624 0.7256
vt 0.8882 0.9649
vt 0.8882 0.9677
vt 0.8882 0.9618
vt 0.8882 0.9587
vt 0.8882 0.956
vt 0.6386 0.8689
vt 0.6411 0.8689
vt 0.6357 0.8689
vt 0.6325 0.8689
vt 0.6296 0.8689
vt 0.6272 0.8689
vt 0.7314 0.5403
vt 0.7609 0.7308
vt 0.7614 0.7277
vt 0.7609 0.7246
vt 0.7593 0.7218
vt 0.7569 0.7198
vt 0.7539 0.7187
vt 0.7508 0.7187
vt 0.7478 0.7198
vt 0.7454 0.7218
vt 0.7438 0.7246
vt 0.7433 0.7277
vt 0.7438 0.7308
vt 0.7454 0.7335
vt 0.7478 0.7355
vt 0.7508 0.7366
vt 0.7539 0.7366
vt 0.7569 0.7355
vt 0.7593 0.7335
vt 0.6542 0.6731
vt 0.6551 0.6745
vt 0.6539 0.6418
vt 0.6539 0.6708
vt 0.6589 0.6757
vt 0.6566 0.6754
vt 0.6886 0.6757
vt 0.6909 0.6754
vt 0.6923 0.6745
vt 0.6932 0.6731
vt 0.6935 0.6708
vt 0.6886 0.6369
vt 0.6935 0.6418
vt 0.6932 0.6396
vt 0.6923 0.6381
vt 0.6909 0.6372
vt 0.6551 0.6381
vt 0.6542 0.6396
vt 0.6566 0.6372
vt 0.6589 0.6369
vt 0.5821 0.2499
vt 0.6112 0.2499
vt 0.6112 0.2471
vt 0.5821 0.2471
vt 0.5826 0.0718
vt 0.6124 0.0718
vt 0.6124 0.0691
vt 0.5826 0.0691
vt 0.5693 0.4108
vt 0.5984 0.4108
vt 0.5984 0.408
vt 0.5693 0.408
vt 0.6063 0.5102
vt 0.5765 0.5102
vt 0.5765 0.513
vt 0.6063 0.513
vt 0.5796 0.2471
vt 0.5796 0.2499
vt 0.6137 0.2499
vt 0.6137 0.2471
vt 0.6149 0.0718
vt 0.6149 0.0691
vt 0.5668 0.408
vt 0.5668 0.4108
vt 0.5778 0.2471
vt 0.5778 0.2499
vt 0.58 0.0691
vt 0.5782 0.0691
vt 0.5782 0.0718
vt 0.58 0.0718
vt 0.6155 0.2471
vt 0.6155 0.2499
vt 0.5739 0.513
vt 0.5739 0.5102
vt 0.5721 0.5102
vt 0.5721 0.513
vt 0.6167 0.0718
vt 0.6167 0.0691
vt 0.6009 0.408
vt 0.6009 0.4108
vt 0.6027 0.4108
vt 0.6027 0.408
vt 0.565 0.408
vt 0.565 0.4108
vt 0.6088 0.513
vt 0.6106 0.513
vt 0.6106 0.5102
vt 0.6088 0.5102
vt 0.6539 0.6418
vt 0.6533 0.6418
vt 0.6533 0.6708
vt 0.6539 0.6708
vt 0.6886 0.6764
vt 0.6886 0.6757
vt 0.6589 0.6757
vt 0.6588 0.6764
vt 0.6935 0.6708
vt 0.6942 0.6708
vt 0.6942 0.6418
vt 0.6935 0.6418
vt 0.6588 0.6362
vt 0.6589 0.6369
vt 0.6886 0.6369
vt 0.6886 0.6362
vt 0.6112 0.2505
vt 0.6136 0.2505
vt 0.5826 0.0684
vt 0.5801 0.0684
vt 0.6063 0.5137
vt 0.6087 0.5137
vt 0.5983 0.4114
vt 0.6008 0.4114
vt 0.574 0.5137
vt 0.5765 0.5137
vt 0.5723 0.5137
vt 0.6154 0.2505
vt 0.5822 0.2505
vt 0.5797 0.2505
vt 0.578 0.2505
vt 0.5784 0.0684
vt 0.5693 0.4114
vt 0.5669 0.4114
vt 0.5651 0.4114
vt 0.6105 0.5137
vt 0.6149 0.0684
vt 0.6124 0.0684
vt 0.6166 0.0684
vt 0.6025 0.4114
vt 0.6542 0.6396
vt 0.6536 0.6393
vt 0.6566 0.6754
vt 0.6564 0.676
vt 0.6909 0.6372
vt 0.6911 0.6366
vt 0.6938 0.6733
vt 0.6932 0.6731
vt 0.6564 0.6366
vt 0.6566 0.6372
vt 0.6546 0.6376
vt 0.6551 0.6381
vt 0.6536 0.6733
vt 0.6542 0.6731
vt 0.6546 0.675
vt 0.6551 0.6745
vt 0.6932 0.6396
vt 0.6938 0.6393
vt 0.6928 0.6376
vt 0.6923 0.6381
vt 0.6911 0.676
vt 0.6909 0.6754
vt 0.6928 0.675
vt 0.6923 0.6745
vt 0.5664 0.7485
vt 0.5664 0.7783
vt 0.5667 0.7808
vt 0.5678 0.7826
vt 0.5696 0.7837
vt 0.5721 0.7841
vt 0.6462 0.7841
vt 0.6487 0.7837
vt 0.6505 0.7826
vt 0.6516 0.7808
vt 0.652 0.7783
vt 0.6462 0.7427
vt 0.6505 0.7442
vt 0.652 0.7485
vt 0.6516 0.746
vt 0.6487 0.7431
vt 0.5678 0.7442
vt 0.5667 0.746
vt 0.5696 0.7431
vt 0.5721 0.7427
vt 0.5749 0.8868
vt 0.5727 0.8872
vt 0.5712 0.888
vt 0.6489 0.8868
vt 0.5703 0.8895
vt 0.57 0.8918
vt 0.5712 0.9253
vt 0.57 0.9215
vt 0.5703 0.9238
vt 0.5727 0.9261
vt 0.5749 0.9265
vt 0.6539 0.9215
vt 0.6489 0.9265
vt 0.6512 0.9261
vt 0.6526 0.9253
vt 0.6535 0.9238
vt 0.6526 0.888
vt 0.6512 0.8872
vt 0.6539 0.8918
vt 0.6535 0.8895
vt 0.5826 0.2087
vt 0.5826 0.2115
vt 0.6566 0.2115
vt 0.6566 0.2087
vt 0.612 0.1067
vt 0.612 0.104
vt 0.5821 0.104
vt 0.5821 0.1067
vt 0.5826 0.1926
vt 0.5826 0.1954
vt 0.6566 0.1954
vt 0.6566 0.1926
vt 0.5821 0.1186
vt 0.612 0.1186
vt 0.612 0.1158
vt 0.5821 0.1158
vt 0.58 0.2087
vt 0.58 0.2115
vt 0.6592 0.2115
vt 0.6592 0.2087
vt 0.6145 0.1067
vt 0.6145 0.104
vt 0.58 0.1954
vt 0.58 0.1926
vt 0.5782 0.2087
vt 0.5782 0.2115
vt 0.5796 0.1067
vt 0.5796 0.104
vt 0.5778 0.104
vt 0.5778 0.1067
vt 0.661 0.2115
vt 0.661 0.2087
vt 0.5778 0.1158
vt 0.5778 0.1186
vt 0.5796 0.1186
vt 0.5796 0.1158
vt 0.6163 0.1067
vt 0.6163 0.104
vt 0.6592 0.1926
vt 0.6592 0.1954
vt 0.661 0.1954
vt 0.661 0.1926
vt 0.5782 0.1926
vt 0.5782 0.1954
vt 0.6163 0.1158
vt 0.6145 0.1158
vt 0.6145 0.1186
vt 0.6163 0.1186
vt 0.6489 0.8868
vt 0.6489 0.8863
vt 0.5749 0.8863
vt 0.5749 0.8868
vt 0.5695 0.9215
vt 0.57 0.9215
vt 0.57 0.8918
vt 0.5695 0.8917
vt 0.6489 0.9269
vt 0.6489 0.9265
vt 0.5749 0.9265
vt 0.5749 0.9269
vt 0.6543 0.8917
vt 0.6539 0.8918
vt 0.6539 0.9215
vt 0.6543 0.9215
vt 0.6566 0.212
vt 0.6591 0.212
vt 0.5821 0.1035
vt 0.5797 0.1035
vt 0.612 0.1191
vt 0.6145 0.1191
vt 0.6566 0.1958
vt 0.6591 0.1958
vt 0.5797 0.1191
vt 0.5821 0.1191
vt 0.5779 0.1191
vt 0.6609 0.212
vt 0.5801 0.212
vt 0.5826 0.212
vt 0.5783 0.212
vt 0.5779 0.1035
vt 0.5826 0.1958
vt 0.5801 0.1958
vt 0.5783 0.1958
vt 0.6162 0.1191
vt 0.6145 0.1035
vt 0.612 0.1035
vt 0.6162 0.1035
vt 0.6609 0.1958
vt 0.5749 0.8861
vt 0.649 0.8861
vt 0.612 0.1032
vt 0.5822 0.1032
vt 0.649 0.9272
vt 0.5749 0.9272
vt 0.5822 0.1194
vt 0.612 0.1194
vt 0.6513 0.8867
vt 0.6514 0.8864
vt 0.6512 0.8872
vt 0.7459 0.8291
vt 0.7458 0.8295
vt 0.7483 0.8297
vt 0.7483 0.8293
vt 0.5703 0.8895
vt 0.5698 0.8893
vt 0.8253 0.8731
vt 0.8254 0.8727
vt 0.8229 0.8724
vt 0.8229 0.8728
vt 0.6535 0.9238
vt 0.654 0.924
vt 0.5725 0.9266
vt 0.5724 0.9269
vt 0.5727 0.9261
vt 0.7932 0.8728
vt 0.7932 0.8724
vt 0.7908 0.8727
vt 0.7909 0.8731
vt 0.654 0.8893
vt 0.6535 0.8895
vt 0.7891 0.8734
vt 0.7893 0.8738
vt 0.653 0.8877
vt 0.6526 0.888
vt 0.8489 0.7785
vt 0.8485 0.7786
vt 0.8485 0.7805
vt 0.849 0.7806
vt 0.5724 0.8864
vt 0.5725 0.8867
vt 0.5727 0.8872
vt 0.744 0.8287
vt 0.7442 0.8284
vt 0.7431 0.8272
vt 0.7428 0.8275
vt 0.5712 0.888
vt 0.5708 0.8877
vt 0.6514 0.9269
vt 0.6513 0.9266
vt 0.6512 0.9261
vt 0.8272 0.8734
vt 0.827 0.8738
vt 0.8281 0.8749
vt 0.8284 0.8747
vt 0.6526 0.9253
vt 0.653 0.9256
vt 0.7803 0.8291
vt 0.778 0.8293
vt 0.778 0.8297
vt 0.7804 0.8295
vt 0.5698 0.924
vt 0.5703 0.9238
vt 0.7821 0.8287
vt 0.7819 0.8284
vt 0.5708 0.9256
vt 0.5712 0.9253
vt 0.5706 0.9258
vt 0.7885 0.3092
vt 0.792 0.3092
vt 0.792 0.3066
vt 0.7885 0.3066
vt 0.9683 0.9673
vt 0.9648 0.9673
vt 0.9648 0.9699
vt 0.9683 0.9699
vt 0.8001 0.3723
vt 0.8001 0.3698
vt 0.7966 0.3698
vt 0.7966 0.3723
vt 0.6477 0.6872
vt 0.6477 0.6846
vt 0.6443 0.6846
vt 0.6443 0.6872
vt 0.6032 0.8221
vt 0.6032 0.8195
vt 0.5998 0.8195
vt 0.5998 0.8221
vt 0.7232 0.8898
vt 0.7197 0.8898
vt 0.7197 0.8924
vt 0.7232 0.8924
vt 0.7552 0.7262
vt 0.7525 0.7246
vt 0.7498 0.7293
vt 0.7552 0.7293
vt 0.7498 0.7262
vt 0.7525 0.7308
vt 0.7885 0.3066
vt 0.792 0.3066
vt 0.7918 0.3063
vt 0.7887 0.3063
vt 0.7552 0.7293
vt 0.7555 0.7295
vt 0.7555 0.726
vt 0.7552 0.7262
vt 0.7999 0.3726
vt 0.8001 0.3723
vt 0.7966 0.3723
vt 0.7968 0.3726
vt 0.6476 0.6875
vt 0.6477 0.6872
vt 0.6443 0.6872
vt 0.6444 0.6875
vt 0.7495 0.7295
vt 0.7498 0.7293
vt 0.7498 0.7262
vt 0.7495 0.726
vt 0.7197 0.8898
vt 0.7232 0.8898
vt 0.723 0.8895
vt 0.7199 0.8895
vt 0.7873 0.9817
vt 0.7873 0.9791
vt 0.7839 0.9791
vt 0.7839 0.9817
vt 0.8315 0.7898
vt 0.828 0.7898
vt 0.828 0.7924
vt 0.8315 0.7924
vt 0.6257 0.4775
vt 0.6257 0.4749
vt 0.6223 0.4749
vt 0.6223 0.4775
vt 0.958 0.9966
vt 0.958 0.9992
vt 0.9614 0.9992
vt 0.9614 0.9966
vt 0.709 0.5046
vt 0.7056 0.5046
vt 0.7056 0.5072
vt 0.709 0.5072
vt 0.9515 0.9897
vt 0.9515 0.9871
vt 0.948 0.9871
vt 0.948 0.9897
vt 0.6095 0.2232
vt 0.6126 0.2232
vt 0.6142 0.2205
vt 0.6095 0.2178
vt 0.6126 0.2178
vt 0.6079 0.2205
vt 0.7839 0.9791
vt 0.7873 0.9791
vt 0.7872 0.9788
vt 0.784 0.9788
vt 0.828 0.7924
vt 0.8282 0.7927
vt 0.8313 0.7927
vt 0.8315 0.7924
vt 0.6223 0.4775
vt 0.6224 0.4778
vt 0.6256 0.4778
vt 0.6257 0.4775
vt 0.958 0.9992
vt 0.9581 0.9995
vt 0.9613 0.9995
vt 0.9614 0.9992
vt 0.7056 0.5072
vt 0.7058 0.5074
vt 0.7089 0.5074
vt 0.709 0.5072
vt 0.948 0.9871
vt 0.9515 0.9871
vt 0.9513 0.9868
vt 0.9482 0.9868
vt 0.6174 0.8536
vt 0.6174 0.857
vt 0.62 0.857
vt 0.62 0.8536
vt 0.7842 0.8476
vt 0.7807 0.8476
vt 0.7807 0.8502
vt 0.7842 0.8502
vt 0.775 0.4102
vt 0.7716 0.4102
vt 0.7716 0.4128
vt 0.775 0.4128
vt 0.818 0.3385
vt 0.8145 0.3385
vt 0.8145 0.3411
vt 0.818 0.3411
vt 0.7763 0.8406
vt 0.7728 0.8406
vt 0.7728 0.8432
vt 0.7763 0.8432
vt 0.6303 0.8574
vt 0.6268 0.8574
vt 0.6268 0.86
vt 0.6303 0.86
vt 0.6287 0.7307
vt 0.6287 0.7276
vt 0.626 0.726
vt 0.6233 0.7307
vt 0.6233 0.7276
vt 0.626 0.7323
vt 0.626 0.7326
vt 0.629 0.7309
vt 0.6287 0.7307
vt 0.626 0.7323
vt 0.629 0.7274
vt 0.6287 0.7276
vt 0.7749 0.4131
vt 0.775 0.4128
vt 0.7716 0.4128
vt 0.7717 0.4131
vt 0.8145 0.3411
vt 0.8147 0.3414
vt 0.8178 0.3414
vt 0.818 0.3411
vt 0.6233 0.7276
vt 0.623 0.7274
vt 0.623 0.7309
vt 0.6233 0.7307
vt 0.7428 0.8221
vt 0.7463 0.8221
vt 0.7463 0.8195
vt 0.7428 0.8195
vt 0.6111 0.8265
vt 0.6077 0.8265
vt 0.6077 0.8291
vt 0.6111 0.8291
vt 0.7729 0.5496
vt 0.7695 0.5496
vt 0.7695 0.5521
vt 0.7729 0.5521
vt 0.7527 0.5872
vt 0.7493 0.5872
vt 0.7493 0.5898
vt 0.7527 0.5898
vt 0.8034 0.5544
vt 0.7999 0.5544
vt 0.7999 0.5569
vt 0.8034 0.5569
vt 0.818 0.3126
vt 0.8145 0.3126
vt 0.8145 0.3152
vt 0.818 0.3152
vt 0.8849 0.4623
vt 0.888 0.4623
vt 0.8896 0.4596
vt 0.8849 0.4569
vt 0.888 0.4569
vt 0.8833 0.4596
vt 0.743 0.8192
vt 0.7428 0.8195
vt 0.7463 0.8195
vt 0.7461 0.8192
vt 0.8882 0.4626
vt 0.888 0.4623
vt 0.8849 0.4623
vt 0.8847 0.4626
vt 0.7728 0.5524
vt 0.7729 0.5521
vt 0.7695 0.5521
vt 0.7696 0.5524
vt 0.7526 0.5901
vt 0.7527 0.5898
vt 0.7493 0.5898
vt 0.7494 0.5901
vt 0.8882 0.4566
vt 0.8847 0.4566
vt 0.8849 0.4569
vt 0.888 0.4569
vt 0.8178 0.3123
vt 0.8147 0.3123
vt 0.8145 0.3126
vt 0.818 0.3126
vt 0.6944 0.6345
vt 0.6979 0.6345
vt 0.6979 0.6319
vt 0.6944 0.6319
vt 0.8781 0.4458
vt 0.8815 0.4456
vt 0.8814 0.4431
vt 0.878 0.4432
vt 0.6572 0.2716
vt 0.6538 0.2716
vt 0.6538 0.2742
vt 0.6572 0.2742
vt 0.6572 0.2978
vt 0.6538 0.2978
vt 0.6538 0.3004
vt 0.6572 0.3004
vt 0.7949 0.7865
vt 0.7915 0.7865
vt 0.7915 0.7891
vt 0.7949 0.7891
vt 0.9039 0.5282
vt 0.9005 0.5282
vt 0.9005 0.5308
vt 0.9039 0.5308
vt 0.5794 0.2191
vt 0.5825 0.2191
vt 0.5841 0.2163
vt 0.5794 0.2136
vt 0.5825 0.2136
vt 0.5778 0.2163
vt 0.6979 0.6319
vt 0.6977 0.6316
vt 0.6946 0.6316
vt 0.6944 0.6319
vt 0.8814 0.4431
vt 0.8813 0.4428
vt 0.8781 0.4429
vt 0.878 0.4432
vt 0.6571 0.2745
vt 0.6572 0.2742
vt 0.6538 0.2742
vt 0.654 0.2745
vt 0.6572 0.3004
vt 0.6538 0.3004
vt 0.654 0.3006
vt 0.6571 0.3006
vt 0.7948 0.7893
vt 0.7949 0.7891
vt 0.7915 0.7891
vt 0.7916 0.7893
vt 0.9038 0.5279
vt 0.9006 0.5279
vt 0.9005 0.5282
vt 0.9039 0.5282
vt 0.7695 0.594
vt 0.7729 0.594
vt 0.7729 0.5915
vt 0.7695 0.5915
vt 0.62 0.8833
vt 0.6199 0.8798
vt 0.6173 0.8799
vt 0.6174 0.8834
vt 0.2391 0.0023
vt 0.2357 0.0023
vt 0.2357 0.0049
vt 0.2391 0.0049
vt 0.9098 0.611
vt 0.9063 0.611
vt 0.9063 0.6136
vt 0.9098 0.6136
vt 0.6077 0.6399
vt 0.6043 0.6399
vt 0.6043 0.6425
vt 0.6077 0.6425
vt 0.9176 0.9588
vt 0.9141 0.9588
vt 0.9141 0.9614
vt 0.9176 0.9614
vt 0.7852 0.7589
vt 0.7852 0.7558
vt 0.7825 0.7542
vt 0.7798 0.7589
vt 0.7798 0.7558
vt 0.7825 0.7605
vt 0.7696 0.5912
vt 0.7695 0.5915
vt 0.7729 0.5915
vt 0.7728 0.5912
vt 0.7855 0.7556
vt 0.7852 0.7558
vt 0.7852 0.7589
vt 0.7855 0.7591
vt 0.239 0.0052
vt 0.2391 0.0049
vt 0.2357 0.0049
vt 0.2358 0.0052
vt 0.9096 0.6139
vt 0.9098 0.6136
vt 0.9063 0.6136
vt 0.9065 0.6139
vt 0.7795 0.7556
vt 0.7795 0.7591
vt 0.7798 0.7589
vt 0.7798 0.7558
vt 0.9174 0.9585
vt 0.9143 0.9585
vt 0.9141 0.9588
vt 0.9176 0.9588
vt 0.7422 0.4761
vt 0.7456 0.4761
vt 0.7456 0.4735
vt 0.7422 0.4735
vt 0.7456 0.5091
vt 0.7422 0.5091
vt 0.7422 0.5117
vt 0.7456 0.5117
vt 0.792 0.3324
vt 0.7885 0.3324
vt 0.7885 0.335
vt 0.792 0.335
vt 0.6223 0.5134
vt 0.6257 0.5134
vt 0.6257 0.5108
vt 0.6223 0.5108
vt 0.9581 0.5
vt 0.9547 0.5
vt 0.9547 0.5026
vt 0.9581 0.5026
vt 0.7527 0.5458
vt 0.7493 0.5458
vt 0.7493 0.5484
vt 0.7527 0.5484
vt 0.8849 0.432
vt 0.888 0.432
vt 0.8896 0.4293
vt 0.8849 0.4266
vt 0.888 0.4266
vt 0.8833 0.4293
vt 0.7422 0.4735
vt 0.7456 0.4735
vt 0.7455 0.4732
vt 0.7423 0.4732
vt 0.7422 0.5117
vt 0.7423 0.512
vt 0.7455 0.512
vt 0.7456 0.5117
vt 0.7885 0.335
vt 0.7887 0.3353
vt 0.7918 0.3353
vt 0.792 0.335
vt 0.6256 0.5137
vt 0.6257 0.5134
vt 0.6223 0.5134
vt 0.6224 0.5137
vt 0.888 0.4266
vt 0.8882 0.4263
vt 0.8847 0.4263
vt 0.8849 0.4266
vt 0.7494 0.5456
vt 0.7493 0.5458
vt 0.7527 0.5458
vt 0.7526 0.5456
vt 0.6297 0.7048
vt 0.6332 0.7048
vt 0.6332 0.7022
vt 0.6297 0.7022
vt 0.5964 0.6354
vt 0.5999 0.6354
vt 0.5999 0.6328
vt 0.5964 0.6328
vt 0.7374 0.8705
vt 0.7339 0.8705
vt 0.7339 0.8731
vt 0.7374 0.8731
vt 0.7699 0.3641
vt 0.7665 0.3641
vt 0.7665 0.3667
vt 0.7699 0.3667
vt 0.8034 0.596
vt 0.7999 0.596
vt 0.7999 0.5986
vt 0.8034 0.5986
vt 0.8352 0.9059
vt 0.8317 0.9059
vt 0.8317 0.9085
vt 0.8352 0.9085
vt 0.8944 0.4739
vt 0.8975 0.4739
vt 0.899 0.4712
vt 0.8944 0.4685
vt 0.8975 0.4685
vt 0.8928 0.4712
vt 0.6299 0.7019
vt 0.6297 0.7022
vt 0.6332 0.7022
vt 0.633 0.7019
vt 0.8977 0.4742
vt 0.8975 0.4739
vt 0.8944 0.4739
vt 0.8942 0.4742
vt 0.7339 0.8731
vt 0.7341 0.8733
vt 0.7372 0.8733
vt 0.7374 0.8731
vt 0.7665 0.3667
vt 0.7666 0.367
vt 0.7697 0.367
vt 0.7699 0.3667
vt 0.8975 0.4685
vt 0.8977 0.4682
vt 0.8942 0.4682
vt 0.8944 0.4685
vt 0.8319 0.9056
vt 0.8317 0.9059
vt 0.8352 0.9059
vt 0.835 0.9056
vt 0.7535 0.7175
vt 0.7589 0.7175
vt 0.7589 0.7133
vt 0.7535 0.7133
vt 0.7637 0.7133
vt 0.7637 0.7175
vt 0.6833 0.6304
vt 0.6778 0.6304
vt 0.6778 0.6345
vt 0.6833 0.6345
vt 0.6885 0.6345
vt 0.6885 0.6304
vt 0.6927 0.6345
vt 0.6927 0.6304
vt 0.0112 0.0007
vt 0.0057 0.0007
vt 0.0057 0.0048
vt 0.0112 0.0048
vt 0.0005 0.0007
vt 0.0005 0.0048
vt 0.6384 0.1152
vt 0.6336 0.1152
vt 0.6336 0.1194
vt 0.6384 0.1194
vt 0.6282 0.1152
vt 0.6282 0.1194
vt 0.6228 0.1152
vt 0.6228 0.1194
vt 0.618 0.1152
vt 0.618 0.1194
vt 0.8128 0.3405
vt 0.8086 0.3405
vt 0.8086 0.3446
vt 0.8128 0.3446
vt 0.8034 0.3446
vt 0.8034 0.3405
vt 0.7979 0.3405
vt 0.7979 0.3446
vt 0.7927 0.3446
vt 0.7927 0.3405
vt 0.7885 0.3446
vt 0.7885 0.3405
vt 0.7433 0.7175
vt 0.7481 0.7175
vt 0.7481 0.7133
vt 0.7433 0.7133
vt 0.8626 0.3993
vt 0.8644 0.4023
vt 0.867 0.4045
vt 0.8626 0.3924
vt 0.8703 0.4057
vt 0.8738 0.4057
vt 0.8797 0.4023
vt 0.877 0.4045
vt 0.8814 0.3993
vt 0.882 0.3958
vt 0.8797 0.3894
vt 0.8814 0.3924
vt 0.8738 0.386
vt 0.867 0.3872
vt 0.877 0.3872
vt 0.8703 0.386
vt 0.8644 0.3894
vt 0.862 0.3958
vt 0.6138 0.7258
vt 0.6147 0.7312
vt 0.6161 0.7307
vt 0.6152 0.7258
vt 0.6175 0.736
vt 0.6186 0.7351
vt 0.6224 0.7383
vt 0.6217 0.7395
vt 0.6268 0.7414
vt 0.6271 0.74
vt 0.6323 0.7414
vt 0.6321 0.74
vt 0.6375 0.7395
vt 0.6368 0.7383
vt 0.6417 0.736
vt 0.6406 0.7351
vt 0.6445 0.7312
vt 0.6431 0.7307
vt 0.6454 0.7258
vt 0.644 0.7258
vt 0.6445 0.7204
vt 0.6431 0.7209
vt 0.6417 0.7156
vt 0.6406 0.7166
vt 0.6375 0.7121
vt 0.6368 0.7134
vt 0.6321 0.7117
vt 0.6323 0.7102
vt 0.6268 0.7102
vt 0.6271 0.7117
vt 0.6217 0.7121
vt 0.6224 0.7134
vt 0.6175 0.7156
vt 0.6186 0.7166
vt 0.6147 0.7204
vt 0.6161 0.7209
vt 0.9588 0.9699
vt 0.9588 0.9676
vt 0.9538 0.9676
vt 0.9538 0.9699
vt 0.9631 0.9676
vt 0.9631 0.9699
vt 0.7885 0.2856
vt 0.7885 0.2878
vt 0.7923 0.2878
vt 0.7923 0.2856
vt 0.797 0.2878
vt 0.797 0.2856
vt 0.802 0.2878
vt 0.802 0.2856
vt 0.8067 0.2878
vt 0.8067 0.2856
vt 0.8106 0.2878
vt 0.8106 0.2856
vt 0.7471 0.3503
vt 0.7427 0.3503
vt 0.7427 0.3526
vt 0.7471 0.3526
vt 0.7378 0.3526
vt 0.7378 0.3503
vt 0.7329 0.3503
vt 0.7329 0.3526
vt 0.7286 0.3503
vt 0.7286 0.3526
vt 0.7059 0.2282
vt 0.7059 0.2259
vt 0.7009 0.2259
vt 0.7009 0.2282
vt 0.6962 0.2259
vt 0.6962 0.2282
vt 0.6923 0.2259
vt 0.6923 0.2282
vt 0.711 0.7159
vt 0.7159 0.7159
vt 0.7159 0.7136
vt 0.711 0.7136
vt 0.7206 0.7159
vt 0.7206 0.7136
vt 0.9446 0.9676
vt 0.9446 0.9699
vt 0.9489 0.9699
vt 0.9489 0.9676
vt 0.7006 0.7102
vt 0.7015 0.7151
vt 0.7056 0.7136
vt 0.705 0.7102
vt 0.704 0.7194
vt 0.7074 0.7166
vt 0.7078 0.7226
vt 0.71 0.7188
vt 0.7125 0.7244
vt 0.7133 0.72
vt 0.7175 0.7244
vt 0.7168 0.72
vt 0.7222 0.7226
vt 0.72 0.7188
vt 0.726 0.7194
vt 0.7227 0.7166
vt 0.7285 0.7151
vt 0.7244 0.7136
vt 0.7294 0.7102
vt 0.725 0.7102
vt 0.7285 0.7053
vt 0.7244 0.7068
vt 0.726 0.7009
vt 0.7227 0.7038
vt 0.7222 0.6977
vt 0.72 0.7015
vt 0.7175 0.696
vt 0.7168 0.7004
vt 0.7125 0.696
vt 0.7133 0.7004
vt 0.71 0.7015
vt 0.7078 0.6977
vt 0.704 0.7009
vt 0.7074 0.7038
vt 0.7015 0.7053
vt 0.7056 0.7068
vt 0.7455 0.5496
vt 0.7469 0.5496
vt 0.7469 0.5461
vt 0.7455 0.5461
vt 0.7469 0.5431
vt 0.7455 0.5431
vt 0.6596 0.1261
vt 0.6596 0.1275
vt 0.6623 0.1275
vt 0.6623 0.1261
vt 0.6655 0.1275
vt 0.6655 0.1261
vt 0.669 0.1275
vt 0.669 0.1261
vt 0.6722 0.1275
vt 0.6722 0.1261
vt 0.6749 0.1275
vt 0.6749 0.1261
vt 0.9104 0.9532
vt 0.9104 0.9562
vt 0.9118 0.9562
vt 0.9118 0.9532
vt 0.9104 0.9596
vt 0.9118 0.9596
vt 0.9104 0.963
vt 0.9118 0.963
vt 0.9104 0.966
vt 0.9118 0.966
vt 0.7208 0.552
vt 0.7173 0.552
vt 0.7173 0.5534
vt 0.7208 0.5534
vt 0.714 0.552
vt 0.714 0.5534
vt 0.7114 0.5534
vt 0.7114 0.552
vt 0.6219 0.8684
vt 0.6219 0.865
vt 0.6205 0.865
vt 0.6205 0.8684
vt 0.6205 0.8717
vt 0.6219 0.8717
vt 0.7455 0.556
vt 0.7469 0.556
vt 0.7469 0.553
vt 0.7455 0.553
vt 0.7451 0.5491
vt 0.7451 0.5459
vt 0.7374 0.5459
vt 0.7374 0.5491
vt 0.7451 0.5431
vt 0.7374 0.5431
vt 0.6294 0.7341
vt 0.6326 0.7341
vt 0.6326 0.7265
vt 0.6294 0.7265
vt 0.6356 0.7341
vt 0.6356 0.7265
vt 0.638 0.7341
vt 0.638 0.7265
vt 0.5772 0.6371
vt 0.5848 0.6371
vt 0.5848 0.6339
vt 0.5772 0.6339
vt 0.5848 0.6401
vt 0.5772 0.6401
vt 0.9095 0.9532
vt 0.9019 0.9532
vt 0.9019 0.9559
vt 0.9095 0.9559
vt 0.9019 0.9591
vt 0.9095 0.9591
vt 0.9019 0.9622
vt 0.9095 0.9622
vt 0.9019 0.965
vt 0.9095 0.965
vt 0.6412 0.8694
vt 0.6387 0.8694
vt 0.6387 0.877
vt 0.6412 0.877
vt 0.6357 0.8694
vt 0.6357 0.877
vt 0.6325 0.8694
vt 0.6325 0.877
vt 0.6295 0.877
vt 0.6295 0.8694
vt 0.627 0.8694
vt 0.627 0.877
vt 0.7451 0.555
vt 0.7451 0.5522
vt 0.7374 0.5522
vt 0.7374 0.555
vt 0.6252 0.1617
vt 0.6257 0.1626
vt 0.6265 0.1632
vt 0.6252 0.1598
vt 0.6274 0.1635
vt 0.6284 0.1635
vt 0.63 0.1626
vt 0.6293 0.1632
vt 0.6305 0.1617
vt 0.6307 0.1608
vt 0.63 0.1589
vt 0.6305 0.1598
vt 0.6293 0.1583
vt 0.6284 0.158
vt 0.6265 0.1583
vt 0.6274 0.158
vt 0.6257 0.1589
vt 0.625 0.1608
vt 0.8919 0.9682
vt 0.8919 0.9696
vt 0.8939 0.9696
vt 0.8939 0.9682
vt 0.6266 0.8731
vt 0.624 0.8731
vt 0.624 0.875
vt 0.6266 0.875
vt 0.8956 0.9682
vt 0.8956 0.9696
vt 0.624 0.8768
vt 0.6266 0.8768
vt 0.7188 0.7101
vt 0.7201 0.7101
vt 0.7201 0.7081
vt 0.7188 0.7081
vt 0.9067 0.9488
vt 0.9067 0.9514
vt 0.9087 0.9514
vt 0.9087 0.9488
vt 0.7201 0.7062
vt 0.7188 0.7062
vt 0.9106 0.9514
vt 0.9106 0.9488
vt 0.7201 0.7047
vt 0.7188 0.7047
vt 0.9121 0.9488
vt 0.9121 0.9514
vt 0.728 0.6979
vt 0.728 0.6999
vt 0.7294 0.6999
vt 0.7294 0.6979
vt 0.6459 0.8817
vt 0.6459 0.8837
vt 0.6486 0.8837
vt 0.6486 0.8817
vt 0.7294 0.696
vt 0.728 0.696
vt 0.6486 0.8798
vt 0.6459 0.8798
vt 0.5852 0.6451
vt 0.5852 0.6437
vt 0.5835 0.6437
vt 0.5835 0.6451
vt 0.6235 0.7232
vt 0.6208 0.7232
vt 0.6208 0.7249
vt 0.6235 0.7249
vt 0.5815 0.6451
vt 0.5815 0.6437
vt 0.6235 0.7212
vt 0.6208 0.7212
vt 0.5795 0.6451
vt 0.5795 0.6437
vt 0.6208 0.7192
vt 0.6235 0.7192
vt 0.5778 0.6451
vt 0.5778 0.6437
vt 0.6208 0.7175
vt 0.6235 0.7175
vt 0.5848 0.6422
vt 0.5864 0.6422
vt 0.5864 0.6408
vt 0.5848 0.6408
vt 0.7292 0.6876
vt 0.7307 0.6876
vt 0.7307 0.6849
vt 0.7292 0.6849
vt 0.583 0.6422
vt 0.583 0.6408
vt 0.7273 0.6876
vt 0.7273 0.6849
vt 0.581 0.6422
vt 0.581 0.6408
vt 0.7253 0.6876
vt 0.7253 0.6849
vt 0.5791 0.6422
vt 0.5791 0.6408
vt 0.7234 0.6876
vt 0.7234 0.6849
vt 0.5776 0.6422
vt 0.5776 0.6408
vt 0.7219 0.6876
vt 0.7219 0.6849
vt 0.8899 0.9682
vt 0.8882 0.9682
vt 0.8882 0.9696
vt 0.8899 0.9696
vt 0.6266 0.8711
vt 0.6266 0.8694
vt 0.624 0.8694
vt 0.624 0.8711
vt 0.777 0.7593
vt 0.7766 0.7573
vt 0.7749 0.7573
vt 0.7754 0.7598
vt 0.7754 0.7547
vt 0.777 0.7553
vt 0.778 0.7536
vt 0.7767 0.7525
vt 0.7787 0.7508
vt 0.7795 0.7523
vt 0.7811 0.7499
vt 0.7814 0.7516
vt 0.7834 0.7516
vt 0.7837 0.7499
vt 0.7861 0.7508
vt 0.7853 0.7523
vt 0.7881 0.7525
vt 0.7868 0.7536
vt 0.7878 0.7553
vt 0.7894 0.7547
vt 0.7899 0.7573
vt 0.7882 0.7573
vt 0.7894 0.7598
vt 0.7878 0.7593
vt 0.7881 0.7621
vt 0.7868 0.761
vt 0.7853 0.7623
vt 0.7861 0.7638
vt 0.7834 0.763
vt 0.7837 0.7647
vt 0.7811 0.7647
vt 0.7814 0.763
vt 0.7787 0.7638
vt 0.7795 0.7623
vt 0.7767 0.7621
vt 0.778 0.761
vt 0.7738 0.7573
vt 0.7743 0.7602
vt 0.7743 0.7543
vt 0.7758 0.7517
vt 0.7781 0.7498
vt 0.7809 0.7488
vt 0.7839 0.7488
vt 0.7867 0.7498
vt 0.789 0.7517
vt 0.7905 0.7543
vt 0.791 0.7573
vt 0.7905 0.7602
vt 0.789 0.7628
vt 0.7867 0.7648
vt 0.7839 0.7658
vt 0.7809 0.7658
vt 0.7781 0.7648
vt 0.7758 0.7628
vt 0.8878 0.9616
vt 0.8874 0.9596
vt 0.8847 0.9606
vt 0.8848 0.9616
vt 0.8864 0.9579
vt 0.8842 0.9598
vt 0.8849 0.9566
vt 0.8834 0.9591
vt 0.883 0.9559
vt 0.8825 0.9588
vt 0.881 0.9559
vt 0.8815 0.9588
vt 0.8806 0.9591
vt 0.8791 0.9566
vt 0.8798 0.9598
vt 0.8776 0.9579
vt 0.8766 0.9596
vt 0.8793 0.9606
vt 0.8763 0.9616
vt 0.8792 0.9616
vt 0.8766 0.9635
vt 0.8793 0.9625
vt 0.8776 0.9653
vt 0.8798 0.9634
vt 0.8791 0.9666
vt 0.8806 0.964
vt 0.881 0.9672
vt 0.8815 0.9644
vt 0.883 0.9672
vt 0.8825 0.9644
vt 0.8849 0.9666
vt 0.8834 0.964
vt 0.8864 0.9653
vt 0.8842 0.9634
vt 0.8874 0.9635
vt 0.8847 0.9625
vt 0.7325 0.7146
vt 0.7335 0.7146
vt 0.7335 0.7117
vt 0.7325 0.7117
vt 0.7343 0.7146
vt 0.7343 0.7117
vt 0.6287 0.7121
vt 0.6287 0.7129
vt 0.6316 0.7129
vt 0.6316 0.7121
vt 0.6287 0.7138
vt 0.6316 0.7138
vt 0.6287 0.7148
vt 0.6316 0.7148
vt 0.6287 0.7157
vt 0.6316 0.7157
vt 0.6316 0.7165
vt 0.6287 0.7165
vt 0.649 0.8396
vt 0.6481 0.8396
vt 0.6481 0.8425
vt 0.649 0.8425
vt 0.6472 0.8425
vt 0.6472 0.8396
vt 0.6462 0.8396
vt 0.6462 0.8425
vt 0.6453 0.8425
vt 0.6453 0.8396
vt 0.6988 0.6754
vt 0.6959 0.6754
vt 0.6959 0.6764
vt 0.6988 0.6764
vt 0.6959 0.6745
vt 0.6988 0.6745
vt 0.6988 0.6737
vt 0.6959 0.6737
vt 0.7025 0.7228
vt 0.7025 0.7199
vt 0.7015 0.7199
vt 0.7015 0.7228
vt 0.7034 0.7228
vt 0.7034 0.7199
vt 0.7307 0.7117
vt 0.7307 0.7146
vt 0.7315 0.7146
vt 0.7315 0.7117
vt 0.737 0.546
vt 0.737 0.5491
vt 0.737 0.5522
vt 0.737 0.5549
vt 0.6272 0.8775
vt 0.6296 0.8775
vt 0.6325 0.8775
vt 0.6357 0.8775
vt 0.6386 0.8775
vt 0.6411 0.8775
vt 0.91 0.9622
vt 0.91 0.9649
vt 0.91 0.9591
vt 0.91 0.956
vt 0.91 0.9533
vt 0.5853 0.64
vt 0.5853 0.637
vt 0.5853 0.6339
vt 0.6379 0.726
vt 0.6355 0.726
vt 0.6326 0.726
vt 0.6294 0.726
vt 0.737 0.5432
vt 0.7733 0.7573
vt 0.7739 0.7604
vt 0.7739 0.7542
vt 0.7755 0.7515
vt 0.7779 0.7494
vt 0.7808 0.7484
vt 0.784 0.7484
vt 0.7869 0.7494
vt 0.7894 0.7515
vt 0.7909 0.7542
vt 0.7915 0.7573
vt 0.7909 0.7604
vt 0.7894 0.7631
vt 0.7869 0.7651
vt 0.784 0.7662
vt 0.7808 0.7662
vt 0.7779 0.7651
vt 0.7755 0.7631
vn -1 0 0
vn -1 0 0
vn -1 0 0
vn -1 0 0
vn -1 0 0
vn -1 0 0
vn -1 0 0
vn -1 0 0
vn -1 0 0
vn -1 0 0
vn -1 0 0
vn -1 0 0
vn 0 -0.0708988 0.9974835
vn 0 -0.0708988 0.9974835
vn 0 0.0708988 0.9974835
vn 0 0.0708988 0.9974835
vn 1 0 0
vn 1 0 0
vn 1 0 0
vn 1 0 0
vn 1 0 0
vn 1 0 0
vn 1 0 0
vn 1 0 0
vn 1 0 0
vn 1 0 0
vn 1 0 0
vn 1 0 0
vn 1 0 0
vn 1 0 0
vn 1 0 0
vn 1 0 0
vn 0 -1 0
vn 0 -1 0
vn 0 -1 0
vn 0 -1 0
vn 0 -1 0
vn 0 0 1
vn 0 0 1
vn 0 0 1
vn 0 0 1
vn 0 0 -1
vn 0 0 -1
vn 0 0 -1
vn 0 0 -1
vn 1 0 0
vn 1 0 0
vn 0 1 0
vn 0 1 0
vn 0 1 0
vn 0 1 0
vn -1 0 0
vn -1 0 0
vn -1 0 0
vn -1 0 0
vn 0 -1 0
vn 0 -1 0
vn 0 0.9423647 0.3345875
vn 0 0.9423647 0.3345875
vn 0 0.9974835 0.0708988
vn 0 0.9974835 0.0708988
vn 0 -0.9974835 0.0708988
vn 0 -0.9974835 0.0708988
vn 0 -0.9423647 0.3345875
vn 0 -0.9423647 0.3345875
vn 0 0.7071068 0.7071068
vn 0 0.7071068 0.7071068
vn 0 0.7071068 0.7071068
vn 0 0.3345875 0.9423647
vn 0 0.3345875 0.9423647
vn 0 0.7071068 0.7071068
vn 0 -0.7071068 0.7071068
vn 0 -0.7071068 0.7071068
vn 0 -0.7071068 0.7071068
vn 0 -0.3345875 0.9423647
vn 0 -0.3345875 0.9423647
vn 0 -0.7071068 0.7071068
vn 0 0 -1
vn 0 0 -1
vn 0 0 -1
vn 0 0 -1
vn 0 1 0
vn 0 1 0
vn 0 1 0
vn -0.987085 0.1601976 0
vn -0.987085 0.1601976 0
vn -0.987085 -0.1601976 0
vn -0.987085 -0.1601976 0
vn 0 0.1601976 0.987085
vn 0 -0.1601976 0.987085
vn 0 -0.1601976 0.987085
vn 0 0.1601976 0.987085
vn 1 0 0
vn 1 0 0
vn 1 0 0
vn 1 0 0
vn 1 0 0
vn 1 0 0
vn 1 0 0
vn 1 0 0
vn -1 0 0
vn -1 0 0
vn -1 0 0
vn -1 0 0
vn -1 0 0
vn -1 0 0
vn -1 0 0
vn -1 0 0
vn 0 -1 0
vn -0.1601976 -0.987085 0
vn -0.1601976 -0.987085 0
vn 0 -1 0
vn 0 0 -1
vn 0 0 -1
vn 0 0 -1
vn 0 0 -1
vn 0 0 -1
vn 0 0 -1
vn 0 0 -1
vn 0 0 -1
vn -0.1601976 0.987085 0
vn -0.1601976 0.987085 0
vn 0 1 0
vn 0 1 0
vn 0 0 1
vn 0 0 1
vn 0 0 1
vn 0 0 1
vn 0 0 1
vn 0 0 1
vn 0 0 1
vn 0 0 1
vn 0 0.9486933 0.3161977
vn 0 0.9486933 0.3161977
vn 0 0.987085 0.1601976
vn 0 0.987085 0.1601976
vn 0 -0.987085 0.1601976
vn 0 -0.9486933 0.3161977
vn 0 -0.9486933 0.3161977
vn 0 -0.987085 0.1601976
vn -0.9486933 -0.3161977 0
vn -0.9486933 -0.3161977 0
vn -0.9486933 0.3161977 0
vn -0.9486933 0.3161977 0
vn 0 0.3161977 0.9486933
vn 0 0.3161977 0.9486933
vn 0 -0.3161977 0.9486933
vn 0 -0.3161977 0.9486933
vn -0.3161977 -0.9486933 0
vn -0.3161977 -0.9486933 0
vn -0.3161977 0.9486933 0
vn -0.3161977 0.9486933 0
vn 1 0 0
vn 0.9397 0.342 0
vn 0.9397 0.342 0
vn 1 0 0
vn 0.76602 0.6428168 0
vn 0.76602 0.6428168 0
vn 0.76602 0.6428168 0
vn 0.76602 0.6428168 0
vn 0.500011 0.866019 0
vn 0.500011 0.866019 0
vn 0.1736998 0.9847987 0
vn 0.1736998 0.9847987 0
vn -0.1736998 0.9847987 0
vn -0.1736998 0.9847987 0
vn -0.500011 0.866019 0
vn -0.500011 0.866019 0
vn -0.76602 0.6428168 0
vn -0.76602 0.6428168 0
vn -0.76602 0.6428168 0
vn -0.76602 0.6428168 0
vn -0.9397 0.342 0
vn -0.9397 0.342 0
vn -1 0 0
vn -1 0 0
vn -0.9397 -0.342 0
vn -0.9397 -0.342 0
vn -0.76602 -0.6428168 0
vn -0.76602 -0.6428168 0
vn -0.76602 -0.6428168 0
vn -0.76602 -0.6428168 0
vn -0.500011 -0.866019 0
vn -0.500011 -0.866019 0
vn -0.1736998 -0.9847987 0
vn -0.1736998 -0.9847987 0
vn 0.1736998 -0.9847987 0
vn 0.1736998 -0.9847987 0
vn 0.500011 -0.866019 0
vn 0.500011 -0.866019 0
vn 0.76602 -0.6428168 0
vn 0.76602 -0.6428168 0
vn 0.9397 -0.342 0
vn 0.76602 -0.6428168 0
vn 0.76602 -0.6428168 0
vn 0.9397 -0.342 0
vn 0 0 1
vn 0 0 1
vn 0 0 1
vn 0 0 1
vn 0 0 1
vn 0 0 1
vn 0 0 1
vn 0 0 1
vn 0 0 1
vn 0 0 1
vn 0 0 1
vn 0 0 1
vn 0 0 1
vn 0 0 1
vn 0 0 1
vn 0 0 1
vn 0 0 1
vn 0 0 1
vn 0 0 1
vn 0 0 1
vn 0 0 1
vn 0 0 1
vn 0 0 1
vn 0 0 1
vn 0 0 1
vn 0 0 1
vn 0 0 1
vn 0 0 1
vn 0 0 1
vn 0 0 1
vn 0 0 1
vn 0 0 1
vn 0 0 1
vn 0 0 1
vn 0 0 1
vn 0 0 1
vn 0 0 1
vn 0 0 1
vn 0 0 1
vn 0 0 1
vn 0 0 1
vn 0 0 1
vn 0 0 1
vn 0 0 1
vn 0 0 1
vn 0 0 1
vn 0 0 1
vn 0 0 1
vn 0 0 1
vn 0 0 1
vn 0 0 1
vn 0 0 1
vn 0 0 1
vn 0 0 1
vn 0.9847987 0.1736998 0
vn 0.9847987 0.1736998 0
vn 0.9847987 0.1736998 0
vn 0.9847987 0.1736998 0
vn 0.866019 0.500011 0
vn 0.866019 0.500011 0
vn 0.866019 0.500011 0
vn 0.866019 0.500011 0
vn 0.6427675 0.7660613 0
vn 0.6427675 0.7660613 0
vn 0.6427675 0.7660613 0
vn 0.6427675 0.7660613 0
vn 0.342 0.9397 0
vn 0.342 0.9397 0
vn 0.342 0.9397 0
vn 0.342 0.9397 0
vn 0 1 0
vn 0 1 0
vn 0 1 0
vn 0 1 0
vn -0.342 0.9397 0
vn -0.342 0.9397 0
vn -0.342 0.9397 0
vn -0.342 0.9397 0
vn -0.6428168 0.76602 0
vn -0.6428168 0.76602 0
vn -0.6428168 0.76602 0
vn -0.6428168 0.76602 0
vn -0.866019 0.500011 0
vn -0.866019 0.500011 0
vn -0.866019 0.500011 0
vn -0.866019 0.500011 0
vn -0.9847987 0.1736998 0
vn -0.9847987 0.1736998 0
vn -0.9847987 0.1736998 0
vn -0.9847987 0.1736998 0
vn -0.9847987 -0.1736998 0
vn -0.9847987 -0.1736998 0
vn -0.9847987 -0.1736998 0
vn -0.9847987 -0.1736998 0
vn -0.866019 -0.500011 0
vn -0.866019 -0.500011 0
vn -0.866019 -0.500011 0
vn -0.866019 -0.500011 0
vn -0.6428168 -0.76602 0
vn -0.6428168 -0.76602 0
vn -0.6428168 -0.76602 0
vn -0.6428168 -0.76602 0
vn -0.342 -0.9397 0
vn -0.342 -0.9397 0
vn -0.342 -0.9397 0
vn -0.342 -0.9397 0
vn 0 -1 0
vn 0 -1 0
vn 0 -1 0
vn 0 -1 0
vn 0.342 -0.9397 0
vn 0.342 -0.9397 0
vn 0.342 -0.9397 0
vn 0.342 -0.9397 0
vn 0.6427675 -0.7660613 0
vn 0.6427675 -0.7660613 0
vn 0.6427675 -0.7660613 0
vn 0.6427675 -0.7660613 0
vn 0.866019 -0.500011 0
vn 0.866019 -0.500011 0
vn 0.866019 -0.500011 0
vn 0.866019 -0.500011 0
vn 0.9847987 -0.1736998 0
vn 0.9847987 -0.1736998 0
vn 0.9847987 -0.1736998 0
vn 0.9847987 -0.1736998 0
vn 0.9397 0.342 0
vn 0.9397 0.342 0
vn 1 0 0
vn 1 0 0
vn 0.76602 0.6428168 0
vn 0.76602 0.6428168 0
vn 0.76602 0.6428168 0
vn 0.76602 0.6428168 0
vn 0.500011 0.866019 0
vn 0.500011 0.866019 0
vn 0.1736028 0.9848158 0
vn 0.1736028 0.9848158 0
vn -0.1736028 0.9848158 0
vn -0.1736028 0.9848158 0
vn -0.500011 0.866019 0
vn -0.500011 0.866019 0
vn -0.76602 0.6428168 0
vn -0.76602 0.6428168 0
vn -0.76602 0.6428168 0
vn -0.76602 0.6428168 0
vn -0.9397 0.342 0
vn -0.9397 0.342 0
vn -1 0 0
vn -1 0 0
vn -0.9397 -0.342 0
vn -0.9397 -0.342 0
vn -0.76602 -0.6428168 0
vn -0.76602 -0.6428168 0
vn -0.500011 -0.866019 0
vn -0.76602 -0.6428168 0
vn -0.76602 -0.6428168 0
vn -0.500011 -0.866019 0
vn -0.1736028 -0.9848158 0
vn -0.1736028 -0.9848158 0
vn 0.1736028 -0.9848158 0
vn 0.1736028 -0.9848158 0
vn 0.500011 -0.866019 0
vn 0.500011 -0.866019 0
vn 0.76602 -0.6428168 0
vn 0.76602 -0.6428168 0
vn 0.76602 -0.6428168 0
vn 0.76602 -0.6428168 0
vn 0.9397 -0.342 0
vn 0.9397 -0.342 0
vn 0 0 1
vn 0 0 1
vn 0 0 1
vn 0 0 1
vn 0 0 1
vn 0 0 1
vn 0 0 1
vn 0 0 1
vn 0 0 1
vn 0 0 1
vn 0 0 1
vn 0 0 1
vn 0 0 1
vn 0 0 1
vn 0 0 1
vn 0 0 1
vn 0 0 1
vn 0 0 1
vn 0 0 1
vn 0 0 1
vn 0 0 1
vn 0 0 1
vn 0 0 1
vn 0 0 1
vn 0 0 1
vn 0 0 1
vn 0 0 1
vn 0 0 1
vn 0 0 1
vn 0 0 1
vn 0 0 1
vn 0 0 1
vn 0 0 1
vn 0 0 1
vn 0 0 1
vn 0 0 1
vn 0 0 1
vn 0 0 1
vn 0 0 1
vn 0 0 1
vn 0 0 1
vn 0 0 1
vn 0 0 1
vn 0 0 1
vn 0 0 1
vn 0 0 1
vn 0 0 1
vn 0 0 1
vn 0 0 1
vn 0 0 1
vn 0 0 1
vn 0 0 1
vn 0 0 1
vn 0 0 1
vn 0 0 1
vn 0 0 1
vn 0 0 1
vn 0 0 1
vn 0 0 1
vn 0 0 1
vn 0 0 1
vn 0 0 1
vn 0.9847987 0.1736998 0
vn 0.9847987 0.1736998 0
vn 0.9847987 0.1736998 0
vn 0.9847987 0.1736998 0
vn 0.866019 0.500011 0
vn 0.866019 0.500011 0
vn 0.866019 0.500011 0
vn 0.866019 0.500011 0
vn 0.6427675 0.7660613 0
vn 0.6427675 0.7660613 0
vn 0.6427675 0.7660613 0
vn 0.6427675 0.7660613 0
vn 0.342 0.9397 0
vn 0.342 0.9397 0
vn 0.342 0.9397 0
vn 0.342 0.9397 0
vn 0 1 0
vn 0 1 0
vn 0 1 0
vn 0 1 0
vn -0.342 0.9397 0
vn -0.342 0.9397 0
vn -0.342 0.9397 0
vn -0.342 0.9397 0
vn -0.6428168 0.76602 0
vn -0.6428168 0.76602 0
vn -0.6428168 0.76602 0
vn -0.6428168 0.76602 0
vn -0.866019 0.500011 0
vn -0.866019 0.500011 0
vn -0.866019 0.500011 0
vn -0.866019 0.500011 0
vn -0.9847987 0.1736998 0
vn -0.9847987 0.1736998 0
vn -0.9847987 0.1736998 0
vn -0.9847987 0.1736998 0
vn -0.9848158 -0.1736028 0
vn -0.9848158 -0.1736028 0
vn -0.9848158 -0.1736028 0
vn -0.9848158 -0.1736028 0
vn -0.866019 -0.500011 0
vn -0.866019 -0.500011 0
vn -0.866019 -0.500011 0
vn -0.866019 -0.500011 0
vn -0.6428168 -0.76602 0
vn -0.6428168 -0.76602 0
vn -0.6428168 -0.76602 0
vn -0.6428168 -0.76602 0
vn -0.342 -0.9397 0
vn -0.342 -0.9397 0
vn -0.342 -0.9397 0
vn -0.342 -0.9397 0
vn 0 -1 0
vn 0 -1 0
vn 0 -1 0
vn 0 -1 0
vn 0.342 -0.9397 0
vn 0.342 -0.9397 0
vn 0.342 -0.9397 0
vn 0.342 -0.9397 0
vn 0.6428168 -0.76602 0
vn 0.6428168 -0.76602 0
vn 0.6428168 -0.76602 0
vn 0.6428168 -0.76602 0
vn 0.866019 -0.500011 0
vn 0.866019 -0.500011 0
vn 0.866019 -0.500011 0
vn 0.866019 -0.500011 0
vn 0.9848158 -0.1736028 0
vn 0.9848158 -0.1736028 0
vn 0.9848158 -0.1736028 0
vn 0.9848158 -0.1736028 0
vn 1 0 0
vn 1 0 0
vn 0.9397 0.342 0
vn 0.9397 0.342 0
vn 0.76602 0.6428168 0
vn 0.76602 0.6428168 0
vn 0.76602 0.6428168 0
vn 0.500011 0.866019 0
vn 0.500011 0.866019 0
vn 0.76602 0.6428168 0
vn 0.1736028 0.9848158 0
vn 0.1736028 0.9848158 0
vn -0.1736028 0.9848158 0
vn -0.1736028 0.9848158 0
vn -0.500011 0.866019 0
vn -0.500011 0.866019 0
vn -0.76602 0.6428168 0
vn -0.76602 0.6428168 0
vn -0.76602 0.6428168 0
vn -0.9397 0.342 0
vn -0.9397 0.342 0
vn -0.76602 0.6428168 0
vn -1 0 0
vn -1 0 0
vn -0.9397 -0.342 0
vn -0.9397 -0.342 0
vn -0.76602 -0.6428168 0
vn -0.76602 -0.6428168 0
vn -0.76602 -0.6428168 0
vn -0.500011 -0.866019 0
vn -0.500011 -0.866019 0
vn -0.76602 -0.6428168 0
vn -0.1736998 -0.9847987 0
vn -0.1736998 -0.9847987 0
vn 0.1736998 -0.9847987 0
vn 0.1736998 -0.9847987 0
vn 0.500011 -0.866019 0
vn 0.500011 -0.866019 0
vn 0.76602 -0.6428168 0
vn 0.76602 -0.6428168 0
vn 0.76602 -0.6428168 0
vn 0.9397 -0.342 0
vn 0.9397 -0.342 0
vn 0.76602 -0.6428168 0
vn 0 0 1
vn 0 0 1
vn 0 0 1
vn 0 0 1
vn 0 0 1
vn 0 0 1
vn 0 0 1
vn 0 0 1
vn 0 0 1
vn 0 0 1
vn 0 0 1
vn 0 0 1
vn 0 0 1
vn 0 0 1
vn 0 0 1
vn 0 0 1
vn 0 0 1
vn 0 0 1
vn 0 0 1
vn 0 0 1
vn 0 0 1
vn 0 0 1
vn 0 0 1
vn 0 0 1
vn 0 0 1
vn 0 0 1
vn 0 0 1
vn 0 0 1
vn 0 0 1
vn 0 0 1
vn 0 0 1
vn 0 0 1
vn 0 0 1
vn 0 0 1
vn 0 0 1
vn 0 0 1
vn 0 0 1
vn 0 0 1
vn 0 0 1
vn 0 0 1
vn 0 0 1
vn 0 0 1
vn 0 0 1
vn 0 0 1
vn 0 0 1
vn 0 0 1
vn 0 0 1
vn 0 0 1
vn 0 0 1
vn 0 0 1
vn 0 0 1
vn 0 0 1
vn 0 0 1
vn 0 0 1
vn 0.9848158 0.1736028 0
vn 0.9848158 0.1736028 0
vn 0.9848158 0.1736028 0
vn 0.9848158 0.1736028 0
vn 0.866019 0.500011 0
vn 0.866019 0.500011 0
vn 0.866019 0.500011 0
vn 0.866019 0.500011 0
vn 0.6427675 0.7660613 0
vn 0.6427675 0.7660613 0
vn 0.6427675 0.7660613 0
vn 0.6427675 0.7660613 0
vn 0.342 0.9397 0
vn 0.342 0.9397 0
vn 0.342 0.9397 0
vn 0.342 0.9397 0
vn 0 1 0
vn 0 1 0
vn 0 1 0
vn 0 1 0
vn -0.342 0.9397 0
vn -0.342 0.9397 0
vn -0.342 0.9397 0
vn -0.342 0.9397 0
vn -0.6428168 0.76602 0
vn -0.6428168 0.76602 0
vn -0.6428168 0.76602 0
vn -0.6428168 0.76602 0
vn -0.866019 0.500011 0
vn -0.866019 0.500011 0
vn -0.866019 0.500011 0
vn -0.866019 0.500011 0
vn -0.9848158 0.1736028 0
vn -0.9848158 0.1736028 0
vn -0.9848158 0.1736028 0
vn -0.9848158 0.1736028 0
vn -0.9847987 -0.1736998 0
vn -0.9847987 -0.1736998 0
vn -0.9847987 -0.1736998 0
vn -0.9847987 -0.1736998 0
vn -0.866019 -0.500011 0
vn -0.866019 -0.500011 0
vn -0.866019 -0.500011 0
vn -0.866019 -0.500011 0
vn -0.6428168 -0.76602 0
vn -0.6428168 -0.76602 0
vn -0.6428168 -0.76602 0
vn -0.6428168 -0.76602 0
vn -0.342 -0.9397 0
vn -0.342 -0.9397 0
vn -0.342 -0.9397 0
vn -0.342 -0.9397 0
vn 0 -1 0
vn 0 -1 0
vn 0 -1 0
vn 0 -1 0
vn 0.342 -0.9397 0
vn 0.342 -0.9397 0
vn 0.342 -0.9397 0
vn 0.342 -0.9397 0
vn 0.6427675 -0.7660613 0
vn 0.6427675 -0.7660613 0
vn 0.6427675 -0.7660613 0
vn 0.6427675 -0.7660613 0
vn 0.866019 -0.500011 0
vn 0.866019 -0.500011 0
vn 0.866019 -0.500011 0
vn 0.866019 -0.500011 0
vn 0.9847987 -0.1736998 0
vn 0.9847987 -0.1736998 0
vn 0.9847987 -0.1736998 0
vn 0.9847987 -0.1736998 0
vn 1 0 0
vn 0.9397 0.342 0
vn 0.9397 0.342 0
vn 1 0 0
vn 0.76602 0.6428168 0
vn 0.76602 0.6428168 0
vn 0.76602 0.6428168 0
vn 0.500011 0.866019 0
vn 0.500011 0.866019 0
vn 0.76602 0.6428168 0
vn 0.1736998 0.9847987 0
vn 0.1736998 0.9847987 0
vn -0.1736028 0.9848158 0
vn -0.1736028 0.9848158 0
vn -0.500011 0.866019 0
vn -0.500011 0.866019 0
vn -0.76602 0.6428168 0
vn -0.76602 0.6428168 0
vn -0.76602 0.6428168 0
vn -0.9397 0.342 0
vn -0.9397 0.342 0
vn -0.76602 0.6428168 0
vn -1 0 0
vn -1 0 0
vn -0.9397 -0.342 0
vn -0.9397 -0.342 0
vn -0.76602 -0.6428168 0
vn -0.76602 -0.6428168 0
vn -0.76602 -0.6428168 0
vn -0.500011 -0.866019 0
vn -0.500011 -0.866019 0
vn -0.76602 -0.6428168 0
vn -0.1736028 -0.9848158 0
vn -0.1736028 -0.9848158 0
vn 0.1736028 -0.9848158 0
vn 0.1736028 -0.9848158 0
vn 0.500011 -0.866019 0
vn 0.500011 -0.866019 0
vn 0.76602 -0.6428168 0
vn 0.76602 -0.6428168 0
vn 0.76602 -0.6428168 0
vn 0.9397 -0.342 0
vn 0.9397 -0.342 0
vn 0.76602 -0.6428168 0
vn 0 0 1
vn 0 0 1
vn 0 0 1
vn 0 0 1
vn 0 0 1
vn 0 0 1
vn 0 0 1
vn 0 0 1
vn 0 0 1
vn 0 0 1
vn 0 0 1
vn 0 0 1
vn 0 0 1
vn 0 0 1
vn 0 0 1
vn 0 0 1
vn 0 0 1
vn 0 0 1
vn 0 0 1
vn 0 0 1
vn 0 0 1
vn 0 0 1
vn 0 0 1
vn 0 0 1
vn 0 0 1
vn 0 0 1
vn 0 0 1
vn 0 0 1
vn 0 0 1
vn 0 0 1
vn 0 0 1
vn 0 0 1
vn 0 0 1
vn 0 0 1
vn 0 0 1
vn 0 0 1
vn 0 0 1
vn 0 0 1
vn 0 0 1
vn 0 0 1
vn 0 0 1
vn 0 0 1
vn 0 0 1
vn 0 0 1
vn 0 0 1
vn 0 0 1
vn 0 0 1
vn 0 0 1
vn 0 0 1
vn 0 0 1
vn 0 0 1
vn 0 0 1
vn 0 0 1
vn 0 0 1
vn 0.9847987 0.1736998 0
vn 0.9847987 0.1736998 0
vn 0.9847987 0.1736998 0
vn 0.9847987 0.1736998 0
vn 0.866019 0.500011 0
vn 0.866019 0.500011 0
vn 0.866019 0.500011 0
vn 0.866019 0.500011 0
vn 0.6427675 0.7660613 0
vn 0.6427675 0.7660613 0
vn 0.6427675 0.7660613 0
vn 0.6427675 0.7660613 0
vn 0.342 0.9397 0
vn 0.342 0.9397 0
vn 0.342 0.9397 0
vn 0.342 0.9397 0
vn 0 1 0
vn 0 1 0
vn 0 1 0
vn 0 1 0
vn -0.342 0.9397 0
vn -0.342 0.9397 0
vn -0.342 0.9397 0
vn -0.342 0.9397 0
vn -0.6428168 0.76602 0
vn -0.6428168 0.76602 0
vn -0.6428168 0.76602 0
vn -0.6428168 0.76602 0
vn -0.866019 0.500011 0
vn -0.866019 0.500011 0
vn -0.866019 0.500011 0
vn -0.866019 0.500011 0
vn -0.9847987 0.1736998 0
vn -0.9847987 0.1736998 0
vn -0.9847987 0.1736998 0
vn -0.9847987 0.1736998 0
vn -0.9847987 -0.1736998 0
vn -0.9847987 -0.1736998 0
vn -0.9847987 -0.1736998 0
vn -0.9847987 -0.1736998 0
vn -0.866019 -0.500011 0
vn -0.866019 -0.500011 0
vn -0.866019 -0.500011 0
vn -0.866019 -0.500011 0
vn -0.6428168 -0.76602 0
vn -0.6428168 -0.76602 0
vn -0.6428168 -0.76602 0
vn -0.6428168 -0.76602 0
vn -0.342 -0.9397 0
vn -0.342 -0.9397 0
vn -0.342 -0.9397 0
vn -0.342 -0.9397 0
vn 0 -1 0
vn 0 -1 0
vn 0 -1 0
vn 0 -1 0
vn 0.342 -0.9397 0
vn 0.342 -0.9397 0
vn 0.342 -0.9397 0
vn 0.342 -0.9397 0
vn 0.6427675 -0.7660613 0
vn 0.6427675 -0.7660613 0
vn 0.6427675 -0.7660613 0
vn 0.6427675 -0.7660613 0
vn 0.866019 -0.500011 0
vn 0.866019 -0.500011 0
vn 0.866019 -0.500011 0
vn 0.866019 -0.500011 0
vn 0.9847987 -0.1736998 0
vn 0.9847987 -0.1736998 0
vn 0.9847987 -0.1736998 0
vn 0.9847987 -0.1736998 0
vn 1 0 0
vn 0.9397 0.342 0
vn 0.9397 0.342 0
vn 1 0 0
vn 0.76602 0.6428168 0
vn 0.76602 0.6428168 0
vn 0.76602 0.6428168 0
vn 0.500011 0.866019 0
vn 0.500011 0.866019 0
vn 0.76602 0.6428168 0
vn 0.1736028 0.9848158 0
vn 0.1736028 0.9848158 0
vn -0.1736028 0.9848158 0
vn -0.1736028 0.9848158 0
vn -0.500011 0.866019 0
vn -0.500011 0.866019 0
vn -0.76602 0.6428168 0
vn -0.76602 0.6428168 0
vn -0.76602 0.6428168 0
vn -0.9397 0.342 0
vn -0.9397 0.342 0
vn -0.76602 0.6428168 0
vn -1 0 0
vn -1 0 0
vn -0.9397 -0.342 0
vn -0.9397 -0.342 0
vn -0.76602 -0.6428168 0
vn -0.76602 -0.6428168 0
vn -0.76602 -0.6428168 0
vn -0.500011 -0.866019 0
vn -0.500011 -0.866019 0
vn -0.76602 -0.6428168 0
vn -0.1736028 -0.9848158 0
vn -0.1736028 -0.9848158 0
vn 0.1736028 -0.9848158 0
vn 0.1736028 -0.9848158 0
vn 0.500011 -0.866019 0
vn 0.500011 -0.866019 0
vn 0.76602 -0.6428168 0
vn 0.76602 -0.6428168 0
vn 0.76602 -0.6428168 0
vn 0.9397 -0.342 0
vn 0.9397 -0.342 0
vn 0.76602 -0.6428168 0
vn 0 0 1
vn 0 0 1
vn 0 0 1
vn 0 0 1
vn 0 0 1
vn 0 0 1
vn 0 0 1
vn 0 0 1
vn 0 0 1
vn 0 0 1
vn 0 0 1
vn 0 0 1
vn 0 0 1
vn 0 0 1
vn 0 0 1
vn 0 0 1
vn 0 0 1
vn 0 0 1
vn 0 0 1
vn 0 0 1
vn 0 0 1
vn 0 0 1
vn 0 0 1
vn 0 0 1
vn 0 0 1
vn 0 0 1
vn 0 0 1
vn 0 0 1
vn 0 0 1
vn 0 0 1
vn 0 0 1
vn 0 0 1
vn 0 0 1
vn 0 0 1
vn 0 0 1
vn 0 0 1
vn 0 0 1
vn 0 0 1
vn 0 0 1
vn 0 0 1
vn 0 0 1
vn 0 0 1
vn 0 0 1
vn 0 0 1
vn 0 0 1
vn 0 0 1
vn 0 0 1
vn 0 0 1
vn 0 0 1
vn 0 0 1
vn 0 0 1
vn 0 0 1
vn 0 0 1
vn 0 0 1
vn 0.9847987 0.1736998 0
vn 0.9847987 0.1736998 0
vn 0.9847987 0.1736998 0
vn 0.9847987 0.1736998 0
vn 0.866019 0.500011 0
vn 0.866019 0.500011 0
vn 0.866019 0.500011 0
vn 0.866019 0.500011 0
vn 0.6427675 0.7660613 0
vn 0.6427675 0.7660613 0
vn 0.6427675 0.7660613 0
vn 0.6427675 0.7660613 0
vn 0.342 0.9397 0
vn 0.342 0.9397 0
vn 0.342 0.9397 0
vn 0.342 0.9397 0
vn 0 1 0
vn 0 1 0
vn 0 1 0
vn 0 1 0
vn -0.342 0.9397 0
vn -0.342 0.9397 0
vn -0.342 0.9397 0
vn -0.342 0.9397 0
vn -0.6428168 0.76602 0
vn -0.6428168 0.76602 0
vn -0.6428168 0.76602 0
vn -0.6428168 0.76602 0
vn -0.866019 0.500011 0
vn -0.866019 0.500011 0
vn -0.866019 0.500011 0
vn -0.866019 0.500011 0
vn -0.9847987 0.1736998 0
vn -0.9847987 0.1736998 0
vn -0.9847987 0.1736998 0
vn -0.9847987 0.1736998 0
vn -0.9847987 -0.1736998 0
vn -0.9847987 -0.1736998 0
vn -0.9847987 -0.1736998 0
vn -0.9847987 -0.1736998 0
vn -0.866019 -0.500011 0
vn -0.866019 -0.500011 0
vn -0.866019 -0.500011 0
vn -0.866019 -0.500011 0
vn -0.6428168 -0.76602 0
vn -0.6428168 -0.76602 0
vn -0.6428168 -0.76602 0
vn -0.6428168 -0.76602 0
vn -0.342 -0.9397 0
vn -0.342 -0.9397 0
vn -0.342 -0.9397 0
vn -0.342 -0.9397 0
vn 0 -1 0
vn 0 -1 0
vn 0 -1 0
vn 0 -1 0
vn 0.342 -0.9397 0
vn 0.342 -0.9397 0
vn 0.342 -0.9397 0
vn 0.342 -0.9397 0
vn 0.6427675 -0.7660613 0
vn 0.6427675 -0.7660613 0
vn 0.6427675 -0.7660613 0
vn 0.6427675 -0.7660613 0
vn 0.866019 -0.500011 0
vn 0.866019 -0.500011 0
vn 0.866019 -0.500011 0
vn 0.866019 -0.500011 0
vn 0.9847987 -0.1736998 0
vn 0.9847987 -0.1736998 0
vn 0.9847987 -0.1736998 0
vn 0.9847987 -0.1736998 0
vn 1 0 0
vn 0.9397 0.342 0
vn 0.9397 0.342 0
vn 1 0 0
vn 0.76602 0.6428168 0
vn 0.76602 0.6428168 0
vn 0.76602 0.6428168 0
vn 0.500011 0.866019 0
vn 0.500011 0.866019 0
vn 0.76602 0.6428168 0
vn 0.1736028 0.9848158 0
vn 0.1736028 0.9848158 0
vn -0.1736028 0.9848158 0
vn -0.1736028 0.9848158 0
vn -0.500011 0.866019 0
vn -0.500011 0.866019 0
vn -0.76602 0.6428168 0
vn -0.76602 0.6428168 0
vn -0.76602 0.6428168 0
vn -0.9397 0.342 0
vn -0.9397 0.342 0
vn -0.76602 0.6428168 0
vn -1 0 0
vn -1 0 0
vn -0.9397 -0.342 0
vn -0.9397 -0.342 0
vn -0.76602 -0.6428168 0
vn -0.76602 -0.6428168 0
vn -0.76602 -0.6428168 0
vn -0.500011 -0.866019 0
vn -0.500011 -0.866019 0
vn -0.76602 -0.6428168 0
vn -0.1736028 -0.9848158 0
vn -0.1736028 -0.9848158 0
vn 0.1736028 -0.9848158 0
vn 0.1736028 -0.9848158 0
vn 0.500011 -0.866019 0
vn 0.500011 -0.866019 0
vn 0.76602 -0.6428168 0
vn 0.76602 -0.6428168 0
vn 0.76602 -0.6428168 0
vn 0.9397 -0.342 0
vn 0.9397 -0.342 0
vn 0.76602 -0.6428168 0
vn 0 0 1
vn 0 0 1
vn 0 0 1
vn 0 0 1
vn 0 0 1
vn 0 0 1
vn 0 0 1
vn 0 0 1
vn 0 0 1
vn 0 0 1
vn 0 0 1
vn 0 0 1
vn 0 0 1
vn 0 0 1
vn 0 0 1
vn 0 0 1
vn 0 0 1
vn 0 0 1
vn 0 0 1
vn 0 0 1
vn 0 0 1
vn 0 0 1
vn 0 0 1
vn 0 0 1
vn 0 0 1
vn 0 0 1
vn 0 0 1
vn 0 0 1
vn 0 0 1
vn 0 0 1
vn 0 0 1
vn 0 0 1
vn 0 0 1
vn 0 0 1
vn 0 0 1
vn 0 0 1
vn 0 0 1
vn 0 0 1
vn 0 0 1
vn 0 0 1
vn 0 0 1
vn 0 0 1
vn 0 0 1
vn 0 0 1
vn 0 0 1
vn 0 0 1
vn 0 0 1
vn 0 0 1
vn 0 0 1
vn 0 0 1
vn 0 0 1
vn 0 0 1
vn 0 0 1
vn 0 0 1
vn 0.9847987 0.1736998 0
vn 0.9847987 0.1736998 0
vn 0.9847987 0.1736998 0
vn 0.9847987 0.1736998 0
vn 0.866019 0.500011 0
vn 0.866019 0.500011 0
vn 0.866019 0.500011 0
vn 0.866019 0.500011 0
vn 0.6427675 0.7660613 0
vn 0.6427675 0.7660613 0
vn 0.6427675 0.7660613 0
vn 0.6427675 0.7660613 0
vn 0.342 0.9397 0
vn 0.342 0.9397 0
vn 0.342 0.9397 0
vn 0.342 0.9397 0
vn 0 1 0
vn 0 1 0
vn 0 1 0
vn 0 1 0
vn -0.342 0.9397 0
vn -0.342 0.9397 0
vn -0.342 0.9397 0
vn -0.342 0.9397 0
vn -0.6428168 0.76602 0
vn -0.6428168 0.76602 0
vn -0.6428168 0.76602 0
vn -0.6428168 0.76602 0
vn -0.866019 0.500011 0
vn -0.866019 0.500011 0
vn -0.866019 0.500011 0
vn -0.866019 0.500011 0
vn -0.9847987 0.1736998 0
vn -0.9847987 0.1736998 0
vn -0.9847987 0.1736998 0
vn -0.9847987 0.1736998 0
vn -0.9847987 -0.1736998 0
vn -0.9847987 -0.1736998 0
vn -0.9847987 -0.1736998 0
vn -0.9847987 -0.1736998 0
vn -0.866019 -0.500011 0
vn -0.866019 -0.500011 0
vn -0.866019 -0.500011 0
vn -0.866019 -0.500011 0
vn -0.6428168 -0.76602 0
vn -0.6428168 -0.76602 0
vn -0.6428168 -0.76602 0
vn -0.6428168 -0.76602 0
vn -0.342 -0.9397 0
vn -0.342 -0.9397 0
vn -0.342 -0.9397 0
vn -0.342 -0.9397 0
vn 0 -1 0
vn 0 -1 0
vn 0 -1 0
vn 0 -1 0
vn 0.342 -0.9397 0
vn 0.342 -0.9397 0
vn 0.342 -0.9397 0
vn 0.342 -0.9397 0
vn 0.6427675 -0.7660613 0
vn 0.6427675 -0.7660613 0
vn 0.6427675 -0.7660613 0
vn 0.6427675 -0.7660613 0
vn 0.866019 -0.500011 0
vn 0.866019 -0.500011 0
vn 0.866019 -0.500011 0
vn 0.866019 -0.500011 0
vn 0.9847987 -0.1736998 0
vn 0.9847987 -0.1736998 0
vn 0.9847987 -0.1736998 0
vn 0.9847987 -0.1736998 0
vn 1 0 0
vn 0.9397 0.342 0
vn 0.9397 0.342 0
vn 1 0 0
vn 0.76602 0.6428168 0
vn 0.76602 0.6428168 0
vn 0.76602 0.6428168 0
vn 0.500011 0.866019 0
vn 0.500011 0.866019 0
vn 0.76602 0.6428168 0
vn 0.1736028 0.9848158 0
vn 0.1736028 0.9848158 0
vn -0.1736028 0.9848158 0
vn -0.1736028 0.9848158 0
vn -0.500011 0.866019 0
vn -0.500011 0.866019 0
vn -0.76602 0.6428168 0
vn -0.76602 0.6428168 0
vn -0.76602 0.6428168 0
vn -0.9397 0.342 0
vn -0.9397 0.342 0
vn -0.76602 0.6428168 0
vn -1 0 0
vn -1 0 0
vn -0.9397 -0.342 0
vn -0.9397 -0.342 0
vn -0.76602 -0.6428168 0
vn -0.76602 -0.6428168 0
vn -0.76602 -0.6428168 0
vn -0.500011 -0.866019 0
vn -0.500011 -0.866019 0
vn -0.76602 -0.6428168 0
vn -0.1736028 -0.9848158 0
vn -0.1736028 -0.9848158 0
vn 0.1736028 -0.9848158 0
vn 0.1736028 -0.9848158 0
vn 0.500011 -0.866019 0
vn 0.500011 -0.866019 0
vn 0.76602 -0.6428168 0
vn 0.76602 -0.6428168 0
vn 0.76602 -0.6428168 0
vn 0.9397 -0.342 0
vn 0.9397 -0.342 0
vn 0.76602 -0.6428168 0
vn 0 0 1
vn 0 0 1
vn 0 0 1
vn 0 0 1
vn 0 0 1
vn 0 0 1
vn 0 0 1
vn 0 0 1
vn 0 0 1
vn 0 0 1
vn 0 0 1
vn 0 0 1
vn 0 0 1
vn 0 0 1
vn 0 0 1
vn 0 0 1
vn 0 0 1
vn 0 0 1
vn 0 0 1
vn 0 0 1
vn 0 0 1
vn 0 0 1
vn 0 0 1
vn 0 0 1
vn 0 0 1
vn 0 0 1
vn 0 0 1
vn 0 0 1
vn 0 0 1
vn 0 0 1
vn 0 0 1
vn 0 0 1
vn 0 0 1
vn 0 0 1
vn 0 0 1
vn 0 0 1
vn 0 0 1
vn 0 0 1
vn 0 0 1
vn 0 0 1
vn 0 0 1
vn 0 0 1
vn 0 0 1
vn 0 0 1
vn 0 0 1
vn 0 0 1
vn 0 0 1
vn 0 0 1
vn 0 0 1
vn 0 0 1
vn 0 0 1
vn 0 0 1
vn 0 0 1
vn 0 0 1
vn 0 0 1
vn 0 0 1
vn 0 0 1
vn 0 0 1
vn 0 0 1
vn 0 0 1
vn 0 0 1
vn 0 0 1
vn 0 0 1
vn 0 0 1
vn 0 0 1
vn 0 0 1
vn 0 0 1
vn 0 0 1
vn 0 0 1
vn 0 0 1
vn 0 0 1
vn 0 0 1
vn 0 0 1
vn 0 0 1
vn 0 0 1
vn 0 0 1
vn 0.9847987 0.1736998 0
vn 0.9847987 0.1736998 0
vn 0.9847987 0.1736998 0
vn 0.9847987 0.1736998 0
vn 0.866019 0.500011 0
vn 0.866019 0.500011 0
vn 0.866019 0.500011 0
vn 0.866019 0.500011 0
vn 0.6427675 0.7660613 0
vn 0.6427675 0.7660613 0
vn 0.6427675 0.7660613 0
vn 0.6427675 0.7660613 0
vn 0.342 0.9397 0
vn 0.342 0.9397 0
vn 0.342 0.9397 0
vn 0.342 0.9397 0
vn 0 1 0
vn 0 1 0
vn 0 1 0
vn 0 1 0
vn -0.342 0.9397 0
vn -0.342 0.9397 0
vn -0.342 0.9397 0
vn -0.342 0.9397 0
vn -0.6428168 0.76602 0
vn -0.6428168 0.76602 0
vn -0.6428168 0.76602 0
vn -0.6428168 0.76602 0
vn -0.866019 0.500011 0
vn -0.866019 0.500011 0
vn -0.866019 0.500011 0
vn -0.866019 0.500011 0
vn -0.9847987 0.1736998 0
vn -0.9847987 0.1736998 0
vn -0.9847987 0.1736998 0
vn -0.9847987 0.1736998 0
vn -0.9847987 -0.1736998 0
vn -0.9847987 -0.1736998 0
vn -0.9847987 -0.1736998 0
vn -0.9847987 -0.1736998 0
vn -0.866019 -0.500011 0
vn -0.866019 -0.500011 0
vn -0.866019 -0.500011 0
vn -0.866019 -0.500011 0
vn -0.6428168 -0.76602 0
vn -0.6428168 -0.76602 0
vn -0.6428168 -0.76602 0
vn -0.6428168 -0.76602 0
vn -0.342 -0.9397 0
vn -0.342 -0.9397 0
vn -0.342 -0.9397 0
vn -0.342 -0.9397 0
vn 0 -1 0
vn 0 -1 0
vn 0 -1 0
vn 0 -1 0
vn 0.342 -0.9397 0
vn 0.342 -0.9397 0
vn 0.342 -0.9397 0
vn 0.342 -0.9397 0
vn 0.6427675 -0.7660613 0
vn 0.6427675 -0.7660613 0
vn 0.6427675 -0.7660613 0
vn 0.6427675 -0.7660613 0
vn 0.866019 -0.500011 0
vn 0.866019 -0.500011 0
vn 0.866019 -0.500011 0
vn 0.866019 -0.500011 0
vn 0.9847987 -0.1736998 0
vn 0.9847987 -0.1736998 0
vn 0.9847987 -0.1736998 0
vn 0.9847987 -0.1736998 0
vn 1 0 0
vn 1 0 0.0001
vn 1 0 0
vn 1 0 0
vn 1 0 0
vn 1 0 0
vn 1 0 0
vn 1 0 0
vn 1 0 0
vn 1 0 0
vn 1 0 0
vn 1 0 0
vn 1 0 0.0001
vn 1 0 0
vn 1 0 0
vn 1 0 0
vn 1 0 0
vn 1 0 0
vn 1 0 0
vn 1 0 0
vn 0 0.0708988 -0.9974835
vn 0.1594046 0.070002 -0.9847283
vn 0.1594046 -0.070002 -0.9847283
vn 0 -0.0708988 -0.9974835
vn 0 -0.9974835 -0.0708988
vn 0.1594046 -0.9847283 -0.070002
vn 0.1594046 -0.9847283 0.070002
vn 0 -0.9974835 0.0708988
vn 0 -0.0708988 0.9974835
vn 0.1594046 -0.070002 0.9847283
vn 0.1594046 0.070002 0.9847283
vn 0 0.0708988 0.9974835
vn 0 0.9974835 0.0708988
vn 0.1594046 0.9847283 0.070002
vn 0.1594046 0.9847283 -0.070002
vn 0 0.9974835 -0.0708988
vn 0.1600024 -0.3303049 -0.9302139
vn 0 -0.3345875 -0.9423647
vn 0 0.3345875 -0.9423647
vn 0.1599049 0.3303102 -0.9302288
vn 0.1599049 -0.9302288 0.3303102
vn 0 -0.9423647 0.3345875
vn 0.1600024 0.3303049 0.9302139
vn 0 0.3345875 0.9423647
vn 0.1607037 -0.6979163 -0.6979163
vn 0 -0.7071068 -0.7071068
vn 0.1600024 -0.9302139 -0.3303049
vn 0 -0.9423647 -0.3345875
vn 0 -0.7071068 -0.7071068
vn 0.1607037 -0.6979163 -0.6979163
vn 0 0.7071068 -0.7071068
vn 0.1607037 0.6979163 -0.6979163
vn 0 0.9423647 -0.3345875
vn 0.1599049 0.9302288 -0.3303102
vn 0.1607037 0.6979163 -0.6979163
vn 0 0.7071068 -0.7071068
vn 0.1607037 -0.6979163 0.6979163
vn 0 -0.7071068 0.7071068
vn 0.1599049 -0.3303102 0.9302288
vn 0 -0.3345875 0.9423647
vn 0 -0.7071068 0.7071068
vn 0.1607037 -0.6979163 0.6979163
vn 0.1607037 0.6979163 0.6979163
vn 0 0.7071068 0.7071068
vn 0.1600024 0.9302139 0.3303049
vn 0 0.9423647 0.3345875
vn 0 0.7071068 0.7071068
vn 0.1607037 0.6979163 0.6979163
vn 0.9489242 -0.0224006 -0.314708
vn 0.9489242 -0.0224006 -0.314708
vn 0.9489242 0.0224006 -0.314708
vn 0.9489242 0.0224006 -0.314708
vn 0.9489242 -0.314708 0.0224006
vn 0.9489242 -0.314708 -0.0224006
vn 0.9489242 -0.314708 -0.0224006
vn 0.9489242 -0.314708 0.0224006
vn 0.9489242 0.0224006 0.314708
vn 0.9489242 -0.0224006 0.314708
vn 0.9489242 -0.0224006 0.314708
vn 0.9489242 0.0224006 0.314708
vn 0.9489242 0.314708 -0.0224006
vn 0.9489242 0.314708 -0.0224006
vn 0.9489242 0.314708 0.0224006
vn 0.9489242 0.314708 0.0224006
vn 0.3219892 0.3167894 -0.8921701
vn 0.3168926 0.0671984 -0.9460779
vn 0.3168926 -0.9460779 -0.0671984
vn 0.3219892 -0.8921701 -0.3167894
vn 0.3219892 0.8921701 0.3167894
vn 0.3169825 0.946048 0.0671963
vn 0.3219892 -0.3167894 0.8921701
vn 0.3168926 -0.0671984 0.9460779
vn 0.3168926 0.9460779 -0.0671984
vn 0.3219892 0.8921701 -0.3167894
vn 0.3249196 0.6687403 -0.6687403
vn 0.3249196 0.6687403 -0.6687403
vn 0.3168926 -0.0671984 -0.9460779
vn 0.3219892 -0.3167894 -0.8921701
vn 0.3249196 -0.6687403 -0.6687403
vn 0.3249196 -0.6687403 -0.6687403
vn 0.3219892 0.3167894 0.8921701
vn 0.3168926 0.0671984 0.9460779
vn 0.325009 0.6687186 0.6687186
vn 0.325009 0.6687186 0.6687186
vn 0.3168926 -0.9460779 0.0671984
vn 0.3219892 -0.8921701 0.3167894
vn 0.325009 -0.6687186 0.6687186
vn 0.325009 -0.6687186 0.6687186
vn 0.9505386 0.1039042 -0.2927119
vn 0.9505386 0.1039042 -0.2927119
vn 0.9505386 -0.2927119 -0.1039042
vn 0.9505386 -0.2927119 -0.1039042
vn 0.9505386 0.2927119 0.1039042
vn 0.9505386 0.2927119 0.1039042
vn 0.9505386 -0.1039042 0.2927119
vn 0.9505386 -0.1039042 0.2927119
vn 0.9505386 0.2927119 -0.1039042
vn 0.9505386 0.2927119 -0.1039042
vn 0.9514754 0.2175944 -0.2175944
vn 0.9514754 0.2175944 -0.2175944
vn 0.9505386 -0.1039042 -0.2927119
vn 0.9505386 -0.1039042 -0.2927119
vn 0.9514754 -0.2175944 -0.2175944
vn 0.9514754 -0.2175944 -0.2175944
vn 0.9505386 0.1039042 0.2927119
vn 0.9505386 0.1039042 0.2927119
vn 0.9514754 0.2175944 0.2175944
vn 0.9514754 0.2175944 0.2175944
vn 0.9505386 -0.2927119 0.1039042
vn 0.9505386 -0.2927119 0.1039042
vn 0.9514754 -0.2175944 0.2175944
vn 0.9514754 -0.2175944 0.2175944
vn 0 -0.866019 0.500011
vn 0 -0.866019 0.500011
vn 0 -0.866019 0.500011
vn 0 -0.866019 0.500011
vn 0 0 1
vn 0 0 1
vn 0 0 1
vn 0 0 1
vn 0 0.866019 0.500011
vn 0 0.866019 0.500011
vn 0 0.866019 0.500011
vn 0 0.866019 0.500011
vn 0 0.866019 -0.500011
vn 0 0.866019 -0.500011
vn 0 0.866019 -0.500011
vn 0 0.866019 -0.500011
vn 0 0 -1
vn 0 0 -1
vn 0 0 -1
vn 0 0 -1
vn 0 -0.866019 -0.500011
vn 0 -0.866019 -0.500011
vn 0 -0.866019 -0.500011
vn 0 -0.866019 -0.500011
vn 1 0 0
vn 1 0 0
vn 1 0 0
vn 1 0 0
vn 1 0 0
vn 1 0 0
vn 0.7559431 -0.6546373 0
vn 0.7559432 -0.3273187 0.5669324
vn 0.7559432 -0.3273187 0.5669324
vn 0.7559431 -0.6546373 0
vn 0.7559432 0.3273187 0.5669324
vn 0.7559432 0.3273187 0.5669324
vn 0.7558936 0.6546944 0
vn 0.7558936 0.6546944 0
vn 0.7559432 0.3273187 -0.5669324
vn 0.7559432 0.3273187 -0.5669324
vn 0.7559432 -0.3273187 -0.5669324
vn 0.7559432 -0.3273187 -0.5669324
vn 0 -0.866019 0.500011
vn 0 -0.866019 0.500011
vn 0 -0.866019 0.500011
vn 0 -0.866019 0.500011
vn 0 0 1
vn 0 0 1
vn 0 0 1
vn 0 0 1
vn 0 0.866019 0.500011
vn 0 0.866019 0.500011
vn 0 0.866019 0.500011
vn 0 0.866019 0.500011
vn 0 0.866019 -0.500011
vn 0 0.866019 -0.500011
vn 0 0.866019 -0.500011
vn 0 0.866019 -0.500011
vn 0 0 -1
vn 0 0 -1
vn 0 0 -1
vn 0 0 -1
vn 0 -0.866019 -0.500011
vn 0 -0.866019 -0.500011
vn 0 -0.866019 -0.500011
vn 0 -0.866019 -0.500011
vn 1 0 0
vn 1 0 0
vn 1 0 0
vn 1 0 0
vn 1 0 0
vn 1 0 0
vn 0.7559003 -0.3273001 0.5670002
vn 0.7558936 -0.6546944 0
vn 0.7558936 -0.6546944 0
vn 0.7559003 -0.3273001 0.5670002
vn 0.7559003 -0.3273001 0.5670002
vn 0.7559003 -0.3273001 0.5670002
vn 0.7559003 0.3273001 0.5670002
vn 0.7559003 0.3273001 0.5670002
vn 0.7558936 0.6546944 0
vn 0.7559003 0.3273001 0.5670002
vn 0.7559003 0.3273001 0.5670002
vn 0.7558936 0.6546944 0
vn 0.7558936 0.6546944 0
vn 0.7558936 0.6546944 0
vn 0.7559003 0.3273001 -0.5670002
vn 0.7559003 0.3273001 -0.5670002
vn 0.7559003 -0.3273001 -0.5670002
vn 0.7559003 0.3273001 -0.5670002
vn 0.7559003 0.3273001 -0.5670002
vn 0.7559003 -0.3273001 -0.5670002
vn 0.7559003 -0.3273001 -0.5670002
vn 0.7558936 -0.6546944 0
vn 0.7558936 -0.6546944 0
vn 0.7559003 -0.3273001 -0.5670002
vn 0 -0.866019 0.500011
vn 0 -0.866019 0.500011
vn 0 -0.866019 0.500011
vn 0 -0.866019 0.500011
vn 0 0 1
vn 0 0 1
vn 0 0 1
vn 0 0 1
vn 0 0.866019 0.500011
vn 0 0.866019 0.500011
vn 0 0.866019 0.500011
vn 0 0.866019 0.500011
vn 0 0.866019 -0.500011
vn 0 0.866019 -0.500011
vn 0 0.866019 -0.500011
vn 0 0.866019 -0.500011
vn 0 0 -1
vn 0 0 -1
vn 0 0 -1
vn 0 0 -1
vn 0 -0.866019 -0.500011
vn 0 -0.866019 -0.500011
vn 0 -0.866019 -0.500011
vn 0 -0.866019 -0.500011
vn 1 0 0
vn 1 0 0
vn 1 0 0
vn 1 0 0
vn 1 0 0
vn 1 0 0
vn 0.7559432 -0.3273187 0.5669324
vn 0.7559432 -0.3273187 0.5669324
vn 0.7558936 -0.6546944 0
vn 0.7558936 -0.6546944 0
vn 0.7559432 0.3273187 0.5669324
vn 0.7559432 0.3273187 0.5669324
vn 0.7559432 -0.3273187 0.5669324
vn 0.7559432 -0.3273187 0.5669324
vn 0.7559431 0.6546373 0
vn 0.7559431 0.6546373 0
vn 0.7559432 0.3273187 -0.5669324
vn 0.7559432 0.3273187 -0.5669324
vn 0.7559432 -0.3273187 -0.5669324
vn 0.7559432 -0.3273187 -0.5669324
vn 0.7558936 -0.6546944 0
vn 0.7559432 -0.3273187 -0.5669324
vn 0.7559432 -0.3273187 -0.5669324
vn 0.7558936 -0.6546944 0
vn 0 -0.866019 0.500011
vn 0 -0.866019 0.500011
vn 0 -0.866019 0.500011
vn 0 -0.866019 0.500011
vn 0 0 1
vn 0 0 1
vn 0 0 1
vn 0 0 1
vn 0 0.866019 0.500011
vn 0 0.866019 0.500011
vn 0 0.866019 0.500011
vn 0 0.866019 0.500011
vn 0 0.866019 -0.500011
vn 0 0.866019 -0.500011
vn 0 0.866019 -0.500011
vn 0 0.866019 -0.500011
vn 0 0 -1
vn 0 0 -1
vn 0 0 -1
vn 0 0 -1
vn 0 -0.866019 -0.500011
vn 0 -0.866019 -0.500011
vn 0 -0.866019 -0.500011
vn 0 -0.866019 -0.500011
vn 1 0 0
vn 1 0 0
vn 1 0 0
vn 1 0 0
vn 1 0 0
vn 1 0 0
vn 0.7559432 -0.3273187 0.5669324
vn 0.7559432 -0.3273187 0.5669324
vn 0.7558936 -0.6546944 0
vn 0.7558936 -0.6546944 0
vn 0.7559432 0.3273187 0.5669324
vn 0.7559432 -0.3273187 0.5669324
vn 0.7559432 -0.3273187 0.5669324
vn 0.7559432 0.3273187 0.5669324
vn 0.7559432 0.3273187 0.5669324
vn 0.7558936 0.6546944 0
vn 0.7558936 0.6546944 0
vn 0.7559432 0.3273187 0.5669324
vn 0.7559432 0.3273187 -0.5669324
vn 0.7558936 0.6546944 0
vn 0.7558936 0.6546944 0
vn 0.7559432 0.3273187 -0.5669324
vn 0.7559432 -0.3273187 -0.5669324
vn 0.7559432 0.3273187 -0.5669324
vn 0.7559432 0.3273187 -0.5669324
vn 0.7559432 -0.3273187 -0.5669324
vn 0.7558936 -0.6546944 0
vn 0.7559432 -0.3273187 -0.5669324
vn 0.7559432 -0.3273187 -0.5669324
vn 0.7558936 -0.6546944 0
vn 0 -1 0
vn 0 -1 0
vn 0 -0.9397 0.342
vn 0 -0.9397 0.342
vn 0 -0.76602 0.6428168
vn 0 -0.76602 0.6428168
vn 0 -0.76602 0.6428168
vn 0 -0.76602 0.6428168
vn 0 -0.500011 0.866019
vn 0 -0.500011 0.866019
vn 0 -0.1736028 0.9848158
vn 0 -0.1736028 0.9848158
vn 0 0.1736028 0.9848158
vn 0 0.1736028 0.9848158
vn 0 0.500011 0.866019
vn 0 0.500011 0.866019
vn 0 0.76602 0.6428168
vn 0 0.76602 0.6428168
vn 0 0.76602 0.6428168
vn 0 0.76602 0.6428168
vn 0 0.9397 0.342
vn 0 0.9397 0.342
vn 0 1 0
vn 0 1 0
vn 0 0.9397 -0.342
vn 0 0.9397 -0.342
vn 0 0.76602 -0.6428168
vn 0 0.76602 -0.6428168
vn 0 0.76602 -0.6428168
vn 0 0.76602 -0.6428168
vn 0 0.500011 -0.866019
vn 0 0.500011 -0.866019
vn 0 0.1736028 -0.9848158
vn 0 0.1736028 -0.9848158
vn 0 -0.1736028 -0.9848158
vn 0 -0.1736028 -0.9848158
vn 0 -0.500011 -0.866019
vn 0 -0.500011 -0.866019
vn 0 -0.76602 -0.6428168
vn 0 -0.76602 -0.6428168
vn 0 -0.76602 -0.6428168
vn 0 -0.76602 -0.6428168
vn 0 -0.9397 -0.342
vn 0 -0.9397 -0.342
vn 1 0 0
vn 1 0 0
vn 1 0 0
vn 1 0 0
vn 1 0 0
vn 1 0 0
vn 1 0 0
vn 1 0 0
vn 1 0 0
vn 1 0 0
vn 1 0 0
vn 1 0 0
vn 1 0 0
vn 1 0 0
vn 1 0 0
vn 1 0 0
vn 1 0 0
vn 1 0 0
vn 1 0 0
vn 1 0 0
vn 1 0 0
vn 1 0 0
vn 1 0 0
vn 1 0 0
vn 1 0 0
vn 1 0 0
vn 1 0 0
vn 1 0 0
vn 1 0 0
vn 1 0 0
vn 1 0 0
vn 1 0 0
vn 1 0 0
vn 1 0 0
vn 1 0 0
vn 1 0 0
vn 1 0 0
vn 1 0 0
vn 1 0 0
vn 1 0 0
vn 1 0 0
vn 1 0 0
vn 1 0 0
vn 1 0 0
vn 1 0 0
vn 1 0 0
vn 1 0 0
vn 1 0 0
vn 1 0 0
vn 1 0 0
vn 1 0 0
vn 1 0 0
vn 1 0 0
vn 1 0 0
vn 0 0.9397 -0.342
vn 0 0.9397 -0.342
vn 0 1 0
vn 0 1 0
vn 0 0.76602 -0.6428168
vn 0 0.76602 -0.6428168
vn 0 0.500011 -0.866019
vn 0 0.500011 -0.866019
vn 0 0.76602 -0.6428168
vn 0 0.76602 -0.6428168
vn 0 0.1736028 -0.9848158
vn 0 0.1736028 -0.9848158
vn 0 -0.1736028 -0.9848158
vn 0 -0.1736028 -0.9848158
vn 0 -0.500011 -0.866019
vn 0 -0.500011 -0.866019
vn 0 -0.76602 -0.6428168
vn 0 -0.76602 -0.6428168
vn 0 -0.9397 -0.342
vn 0 -0.9397 -0.342
vn 0 -0.76602 -0.6428168
vn 0 -0.76602 -0.6428168
vn 0 -1 0
vn 0 -1 0
vn 0 -0.9397 0.342
vn 0 -0.9397 0.342
vn 0 -0.76602 0.6428168
vn 0 -0.76602 0.6428168
vn 0 -0.500011 0.866019
vn 0 -0.76602 0.6428168
vn 0 -0.76602 0.6428168
vn 0 -0.500011 0.866019
vn 0 -0.1736028 0.9848158
vn 0 -0.1736028 0.9848158
vn 0 0.1736028 0.9848158
vn 0 0.1736028 0.9848158
vn 0 0.500011 0.866019
vn 0 0.500011 0.866019
vn 0 0.76602 0.6428168
vn 0 0.76602 0.6428168
vn 0 0.76602 0.6428168
vn 0 0.76602 0.6428168
vn 0 0.9397 0.342
vn 0 0.9397 0.342
vn 1 0 0
vn 1 0 0
vn 1 0 0
vn 1 0 0
vn 1 0 0
vn 1 0 0
vn 1 0 0
vn 1 0 0
vn 1 0 0
vn 1 0 0
vn 1 0 0
vn 1 0 0
vn 1 0 0
vn 1 0 0
vn 1 0 0
vn 1 0 0
vn 1 0 0
vn 1 0 0
vn 1 0 0
vn 1 0 0
vn 1 0 0
vn 1 0 0
vn 1 0 0
vn 1 0 0
vn 1 0 0
vn 1 0 0
vn 1 0 0
vn 1 0 0
vn 1 0 0
vn 1 0 0
vn 1 0 0
vn 1 0 0
vn 1 0 0
vn 1 0 0
vn 1 0 0
vn 1 0 0
vn 0 0.9397 -0.342
vn 0 0.9397 -0.342
vn 0 1 0
vn 0 1 0
vn 0 0.76602 -0.6428168
vn 0 0.76602 -0.6428168
vn 0 0.500011 -0.866019
vn 0 0.500011 -0.866019
vn 0 0.76602 -0.6428168
vn 0 0.76602 -0.6428168
vn 0 0.1736028 -0.9848158
vn 0 0.1736028 -0.9848158
vn 0 -0.1736028 -0.9848158
vn 0 -0.1736028 -0.9848158
vn 0 -0.500011 -0.866019
vn 0 -0.500011 -0.866019
vn 0 -0.76602 -0.6428168
vn 0 -0.76602 -0.6428168
vn 0 -0.76602 -0.6428168
vn 0 -0.76602 -0.6428168
vn 0 -0.9397 -0.342
vn 0 -0.9397 -0.342
vn 0 -1 0
vn 0 -1 0
vn 0 -0.9397 0.342
vn 0 -0.9397 0.342
vn 0 -0.76602 0.6428168
vn 0 -0.76602 0.6428168
vn 0 -0.76602 0.6428168
vn 0 -0.76602 0.6428168
vn 0 -0.500011 0.866019
vn 0 -0.500011 0.866019
vn 0 -0.1736028 0.9848158
vn 0 -0.1736028 0.9848158
vn 0 0.1736028 0.9848158
vn 0 0.1736028 0.9848158
vn 0 0.500011 0.866019
vn 0 0.500011 0.866019
vn 0 0.76602 0.6428168
vn 0 0.76602 0.6428168
vn 0 0.9397 0.342
vn 0 0.76602 0.6428168
vn 0 0.76602 0.6428168
vn 0 0.9397 0.342
vn 0.1574922 -0.927954 0.3377833
vn 0 -0.9397 0.342
vn 0 -1 0
vn 0.1575029 -0.9875185 0
vn 0 -0.76602 0.6428168
vn 0.1574945 -0.7564737 0.6347779
vn 0.1574016 -0.4938049 0.8552084
vn 0 -0.500011 0.866019
vn 0 -0.76602 0.6428168
vn 0.1574945 -0.7564737 0.6347779
vn 0.157502 -0.1715022 0.9725123
vn 0 -0.1736028 0.9848158
vn 0.1574045 0.1715049 0.9725276
vn 0 0.1736028 0.9848158
vn 0.1574991 0.4937971 0.855195
vn 0 0.500011 0.866019
vn 0 0.7660613 0.6427675
vn 0.157397 0.7564856 0.6347879
vn 0.1574922 0.927954 0.3377833
vn 0 0.9397 0.342
vn 0 0.7660613 0.6427675
vn 0.157397 0.7564856 0.6347879
vn 0.1575029 0.9875185 0
vn 0 1 0
vn 0 0.9397 -0.342
vn 0.1574922 0.927954 -0.3377833
vn 0.1574945 0.7564737 -0.6347779
vn 0 0.76602 -0.6428168
vn 0 0.500011 -0.866019
vn 0 0.76602 -0.6428168
vn 0.1574945 0.7564737 -0.6347779
vn 0.1574991 0.4937971 -0.855195
vn 0 0.1736998 -0.9847987
vn 0.157502 0.1715022 -0.9725123
vn 0.157502 -0.1715022 -0.9725123
vn 0 -0.1736028 -0.9848158
vn 0 -0.500011 -0.866019
vn 0.1574991 -0.4937971 -0.855195
vn 0.1574945 -0.7564737 -0.6347779
vn 0 -0.76602 -0.6428168
vn 0 -0.9397 -0.342
vn 0 -0.76602 -0.6428168
vn 0.1574945 -0.7564737 -0.6347779
vn 0.1574 -0.928 -0.3377
vn 1 0 0
vn 1 0 0
vn 1 0 0
vn 1 0 0
vn 1 0 0
vn 1 0 0
vn 1 0 0
vn 1 0 0
vn 1 0 0
vn 1 0 0
vn 1 0 0
vn 1 0 0
vn 1 0 0
vn 1 0 0
vn 1 0 0
vn 1 0 0
vn 1 0 0
vn 1 0 0
vn 0 -1 0
vn 0 -1 0
vn 0 -0.9397 0.342
vn 0 -0.9397 0.342
vn 0 -1 0
vn 0 -1 0
vn 0 -0.9397 0.342
vn 0 -0.9397 0.342
vn 0 -0.76602 0.6428168
vn 0 -0.76602 0.6428168
vn 0 -0.76602 0.6428168
vn 0 -0.76602 0.6428168
vn 0 -0.500011 0.866019
vn 0 -0.76602 0.6428168
vn 0 -0.76602 0.6428168
vn 0 -0.500011 0.866019
vn 0 -0.76602 0.6428168
vn 0 -0.500011 0.866019
vn 0 -0.500011 0.866019
vn 0 -0.76602 0.6428168
vn 0 -0.1736028 0.9848158
vn 0 -0.1736028 0.9848158
vn 0 -0.1736028 0.9848158
vn 0 -0.1736028 0.9848158
vn 0 0.1736028 0.9848158
vn 0 0.1736028 0.9848158
vn 0 0.1736028 0.9848158
vn 0 0.1736028 0.9848158
vn 0 0.500011 0.866019
vn 0 0.500011 0.866019
vn 0 0.500011 0.866019
vn 0 0.500011 0.866019
vn 0 0.76602 0.6428168
vn 0 0.76602 0.6428168
vn 0 0.76602 0.6428168
vn 0 0.76602 0.6428168
vn 0 0.9397 0.342
vn 0 0.76602 0.6428168
vn 0 0.76602 0.6428168
vn 0 0.9397 0.342
vn 0 0.76602 0.6428168
vn 0 0.9397 0.342
vn 0 0.9397 0.342
vn 0 0.76602 0.6428168
vn 0 1 0
vn 0 1 0
vn 0 1 0
vn 0 1 0
vn 0 0.9397 -0.342
vn 0 0.9397 -0.342
vn 0 0.9397 -0.342
vn 0 0.9397 -0.342
vn 0 0.76602 -0.6428168
vn 0 0.76602 -0.6428168
vn 0 0.76602 -0.6428168
vn 0 0.76602 -0.6428168
vn 0 0.500011 -0.866019
vn 0 0.76602 -0.6428168
vn 0 0.76602 -0.6428168
vn 0 0.500011 -0.866019
vn 0 0.76602 -0.6428168
vn 0 0.76602 -0.6428168
vn 0 0.500011 -0.866019
vn 0 0.500011 -0.866019
vn 0 0.1736028 -0.9848158
vn 0 0.1736028 -0.9848158
vn 0 0.1736028 -0.9848158
vn 0 0.1736028 -0.9848158
vn 0 -0.1736028 -0.9848158
vn 0 -0.1736028 -0.9848158
vn 0 -0.1736028 -0.9848158
vn 0 -0.1736028 -0.9848158
vn 0 -0.500011 -0.866019
vn 0 -0.500011 -0.866019
vn 0 -0.500011 -0.866019
vn 0 -0.500011 -0.866019
vn 0 -0.76602 -0.6428168
vn 0 -0.76602 -0.6428168
vn 0 -0.76602 -0.6428168
vn 0 -0.76602 -0.6428168
vn 0 -0.9397 -0.342
vn 0 -0.76602 -0.6428168
vn 0 -0.76602 -0.6428168
vn 0 -0.9397 -0.342
vn 0 -0.76602 -0.6428168
vn 0 -0.76602 -0.6428168
vn 0 -0.9397 -0.342
vn 0 -0.9397 -0.342
vn 1 0 0
vn 1 0 0
vn 1 0 0
vn 1 0 0
vn 1 0 0
vn 1 0 0
vn 1 0 0
vn 1 0 0
vn 1 0 0
vn 1 0 0
vn 1 0 0
vn 1 0 0
vn 1 0 0
vn 1 0 0
vn 1 0 0
vn 1 0 0
vn 1 0 0
vn 1 0 0
vn 1 0 0
vn 1 0 0
vn 1 0 0
vn 1 0 0
vn 1 0 0
vn 1 0 0
vn 1 0 0
vn 1 0 0
vn 1 0 0
vn 1 0 0
vn 1 0 0
vn 1 0 0
vn 1 0 0
vn 1 0 0
vn 1 0 0
vn 1 0 0
vn 1 0 0
vn 1 0 0
vn 0.9841363 -0.1667062 0.0607022
vn 0.9841376 -0.1774068 0
vn 0.9841363 -0.1667062 -0.0607022
vn 0.9841293 -0.1359041 -0.1141034
vn 0.9841426 -0.0887038 -0.1536067
vn 0.9841386 -0.0308012 -0.1747069
vn 0.9841386 0.0308012 -0.1747069
vn 0.9841426 0.0887038 -0.1536067
vn 0.9841405 0.1359056 -0.1140047
vn 0.9841363 0.1667062 -0.0607022
vn 0.9841376 0.1774068 0
vn 0.9841363 0.1667062 0.0607022
vn 0.9841405 0.1359056 0.1140047
vn 0.9841426 0.0887038 0.1536067
vn 0.9841386 0.0308012 0.1747069
vn 0.9841386 -0.0308012 0.1747069
vn 0.9841275 -0.0887025 0.1537043
vn 0.9841405 -0.1359056 0.1140047
vn 1 0 0
vn 1 0 0
vn 1 0 0
vn 1 0 0
vn 1 0 0
vn 1 0 0
vn 1 0 0
vn 1 0 0
vn 1 0 0
vn 1 0 0
vn 1 0 0
vn 1 0 0
vn 1 0 0
vn 1 0 0
vn 1 0 0
vn 1 0 0
vn 1 0 0
vn 1 0 0
vn 1 0 0
vn 1 0 0
vn 1 0 0
vn 1 0 0
vn 1 0 0
vn 1 0 0
vn 1 0 0
vn 1 0 0
vn 1 0 0
vn 1 0 0
vn 1 0 0
vn 1 0 0
vn 1 0 0
vn 1 0 0
vn 1 0 0
vn 1 0 0
vn 1 0 0
vn 1 0 0
vn 0 0.9397 -0.342
vn 0 0.9397 -0.342
vn 0 1 0
vn 0 1 0
vn 0 0.76602 -0.6428168
vn 0 0.76602 -0.6428168
vn 0 0.500011 -0.866019
vn 0 0.500011 -0.866019
vn 0 0.76602 -0.6428168
vn 0 0.76602 -0.6428168
vn 0 0.1736028 -0.9848158
vn 0 0.1736028 -0.9848158
vn 0 -0.1736028 -0.9848158
vn 0 -0.1736028 -0.9848158
vn 0 -0.500011 -0.866019
vn 0 -0.500011 -0.866019
vn 0 -0.76602 -0.6428168
vn 0 -0.76602 -0.6428168
vn 0 -0.76602 -0.6428168
vn 0 -0.9397 -0.342
vn 0 -0.9397 -0.342
vn 0 -0.76602 -0.6428168
vn 0 -1 0
vn 0 -1 0
vn 0 -0.9397 0.342
vn 0 -0.9397 0.342
vn 0 -0.76602 0.6428168
vn 0 -0.76602 0.6428168
vn 0 -0.500011 0.866019
vn 0 -0.500011 0.866019
vn 0 -0.76602 0.6428168
vn 0 -0.76602 0.6428168
vn 0 -0.1736028 0.9848158
vn 0 -0.1736028 0.9848158
vn 0 0.1736028 0.9848158
vn 0 0.1736028 0.9848158
vn 0 0.500011 0.866019
vn 0 0.500011 0.866019
vn 0 0.76602 0.6428168
vn 0 0.76602 0.6428168
vn 0 0.9397 0.342
vn 0 0.9397 0.342
vn 0 0.76602 0.6428168
vn 0 0.76602 0.6428168
vn 0.3161977 -0.9486933 0
vn 0.3161913 -0.8914755 0.3244911
vn 0.3161913 -0.8914755 -0.3244911
vn 0.3162108 -0.726725 -0.6098209
vn 0.3162048 -0.4743072 -0.8216125
vn 0.3162108 -0.726725 -0.6098209
vn 0.316196 -0.1646979 -0.9342883
vn 0.316196 0.1646979 -0.9342883
vn 0.3162048 0.4743072 -0.8216125
vn 0.3162108 0.726725 -0.6098209
vn 0.3161913 0.8914755 -0.3244911
vn 0.3162108 0.726725 -0.6098209
vn 0.3161977 0.9486933 0
vn 0.3161913 0.8914755 0.3244911
vn 0.3162108 0.726725 0.6098209
vn 0.3162048 0.4743072 0.8216125
vn 0.3162108 0.726725 0.6098209
vn 0.316196 0.1646979 0.9342883
vn 0.316196 -0.1646979 0.9342883
vn 0.3162048 -0.4743072 0.8216125
vn 0.3162108 -0.726725 0.6098209
vn 0.3162108 -0.726725 0.6098209
vn 0.9486683 -0.2971901 0.1081964
vn 0.9486933 -0.3161977 0
vn 0.9486683 -0.2971901 -0.1081964
vn 0.9486659 -0.2422913 -0.2032927
vn 0.948703 -0.1581005 -0.2738009
vn 0.9486926 -0.0548996 -0.3113975
vn 0.9486926 0.0548996 -0.3113975
vn 0.948703 0.1581005 -0.2738009
vn 0.9486889 0.2421972 -0.2032976
vn 0.9487068 0.2971021 -0.1081008
vn 0.9486933 0.3161977 0
vn 0.9487068 0.2971021 0.1081008
vn 0.9486889 0.2421972 0.2032976
vn 0.948703 0.1581005 0.2738009
vn 0.9486926 0.0548996 0.3113975
vn 0.9486926 -0.0548996 0.3113975
vn 0.948677 -0.1580962 0.2738934
vn 0.9486659 -0.2422913 0.2032927
vn 1 0 0
vn 1 0 0
vn 1 0 0
vn 1 0 0
vn 1 0 0
vn 1 0 0
vn 1 0 0
vn 1 0 0
vn 1 0 0
vn 1 0 0
vn 1 0 0
vn 1 0 0
vn 1 0 0
vn 1 0 0
vn 1 0 0
vn 1 0 0
vn 1 0 0
vn 1 0 0
vn 1 0 0
vn 1 -0.0001 0
vn 0.1594046 0.070002 -0.9847283
vn 0.1594046 -0.070002 -0.9847283
vn 0 -0.0708988 -0.9974835
vn 0 0.0708988 -0.9974835
vn 0 0.9974835 -0.0708988
vn 0 0.9974835 0.0708988
vn 0.1594046 0.9847283 0.070002
vn 0.1594046 0.9847283 -0.070002
vn 0.1594046 -0.070002 0.9847283
vn 0.1594046 0.070002 0.9847283
vn 0 0.0708988 0.9974835
vn 0 -0.0708988 0.9974835
vn 0 -0.9974835 0.0708988
vn 0 -0.9974835 -0.0708988
vn 0.1594046 -0.9847283 -0.070002
vn 0.1594046 -0.9847283 0.070002
vn 0 0.3345875 -0.9423647
vn 0.1599049 0.3303102 -0.9302288
vn 0.1599049 -0.3303102 -0.9302288
vn 0 -0.3345875 -0.9423647
vn 0 0.9423647 0.3345875
vn 0.1600024 0.9302139 0.3303049
vn 0 -0.3345875 0.9423647
vn 0.1600024 -0.3303049 0.9302139
vn 0 0.7071068 -0.7071068
vn 0.1607037 0.6979163 -0.6979163
vn 0.1600024 0.9302139 -0.3303049
vn 0.1607037 0.6979163 -0.6979163
vn 0 0.7071068 -0.7071068
vn 0 0.9423647 -0.3345875
vn 0 -0.7071068 -0.7071068
vn 0.1607037 -0.6979163 -0.6979163
vn 0.1599049 -0.9302288 -0.3303102
vn 0 -0.9423647 -0.3345875
vn 0 -0.7071068 -0.7071068
vn 0.1607037 -0.6979163 -0.6979163
vn 0 0.7071068 0.7071068
vn 0.1607037 0.6979163 0.6979163
vn 0 0.3345875 0.9423647
vn 0.1599049 0.3303102 0.9302288
vn 0.1607037 0.6979163 0.6979163
vn 0 0.7071068 0.7071068
vn 0 -0.7071068 0.7071068
vn 0.1607037 -0.6979163 0.6979163
vn 0.1600024 -0.9302139 0.3303049
vn 0.1607037 -0.6979163 0.6979163
vn 0 -0.7071068 0.7071068
vn 0 -0.9423647 0.3345875
vn 0.9489242 -0.0224006 -0.314708
vn 0.9489242 -0.0224006 -0.314708
vn 0.9489242 0.0224006 -0.314708
vn 0.9489242 0.0224006 -0.314708
vn 0.9489242 0.314708 0.0224006
vn 0.9489242 0.314708 0.0224006
vn 0.9489242 0.314708 -0.0224006
vn 0.9489242 0.314708 -0.0224006
vn 0.9489242 0.0224006 0.314708
vn 0.9489242 0.0224006 0.314708
vn 0.9489242 -0.0224006 0.314708
vn 0.9489242 -0.0224006 0.314708
vn 0.9489242 -0.314708 -0.0224006
vn 0.9489242 -0.314708 -0.0224006
vn 0.9489242 -0.314708 0.0224006
vn 0.9489242 -0.314708 0.0224006
vn 0.3168926 -0.0671984 -0.9460779
vn 0.3219892 -0.3167894 -0.8921701
vn 0.3168926 0.9460779 -0.0671984
vn 0.3219892 0.8921701 -0.3167894
vn 0.3170125 -0.9460374 0.0672027
vn 0.3219892 -0.8921701 0.3167894
vn 0.3168926 0.0671984 0.9460779
vn 0.3218996 0.3167996 0.8921988
vn 0.3218996 -0.8921988 -0.3167996
vn 0.3169825 -0.946048 -0.0671963
vn 0.325009 -0.6687186 -0.6687186
vn 0.325009 -0.6687186 -0.6687186
vn 0.3168926 0.0671984 -0.9460779
vn 0.3219892 0.3167894 -0.8921701
vn 0.3249196 0.6687403 -0.6687403
vn 0.3249196 0.6687403 -0.6687403
vn 0.3168926 -0.0671984 0.9460779
vn 0.3219892 -0.3167894 0.8921701
vn 0.325009 -0.6687186 0.6687186
vn 0.325009 -0.6687186 0.6687186
vn 0.3219892 0.8921701 0.3167894
vn 0.3168926 0.9460779 0.0671984
vn 0.3249196 0.6687403 0.6687403
vn 0.3249196 0.6687403 0.6687403
vn 0.9505386 -0.1039042 -0.2927119
vn 0.9505386 -0.1039042 -0.2927119
vn 0.9505386 0.2927119 -0.1039042
vn 0.9505386 0.2927119 -0.1039042
vn 0.9505386 -0.2927119 0.1039042
vn 0.9505386 -0.2927119 0.1039042
vn 0.9505386 0.1039042 0.2927119
vn 0.9505386 0.1039042 0.2927119
vn 0.9505386 -0.2927119 -0.1039042
vn 0.9505386 -0.2927119 -0.1039042
vn 0.9514754 -0.2175944 -0.2175944
vn 0.9514754 -0.2175944 -0.2175944
vn 0.9505386 0.1039042 -0.2927119
vn 0.9505386 0.1039042 -0.2927119
vn 0.9514754 0.2175944 -0.2175944
vn 0.9514754 0.2175944 -0.2175944
vn 0.9505386 -0.1039042 0.2927119
vn 0.9505386 -0.1039042 0.2927119
vn 0.9514754 -0.2175944 0.2175944
vn 0.9514754 -0.2175944 0.2175944
vn 0.9505386 0.2927119 0.1039042
vn 0.9505386 0.2927119 0.1039042
vn 0.9514754 0.2175944 0.2175944
vn 0.9514754 0.2175944 0.2175944
vn -1 0 0
vn -1 0 0
vn -1 0 0
vn -1 0 0
vn -1 0 0
vn -1 0 0
vn -1 0 0
vn -1 0 0
vn -1 0 0
vn -1 0 0
vn -1 0 0
vn -1 0 0
vn -1 0 0
vn -1 0 0
vn -1 0 0
vn -1 0 0
vn -1 0 0
vn -1 0 0
vn -1 0 0
vn -1 0 0
vn 1 0 0
vn 1 0 0
vn 1 0 0
vn 1 0 0
vn 1 0 0
vn 1 0 0
vn 1 0 0
vn 1 0 0
vn 1 0 0
vn 1 0 0
vn 1 0 0
vn 1 0 0
vn 1 0 0
vn 1 0 0
vn 1 0 0
vn 1 0 0
vn 1 0 0
vn 1 0 0
vn 1 0 0
vn 1 0 0
vn 0 0.0708988 -0.9974835
vn 0.0983055 0.070504 -0.9926556
vn 0.0983055 -0.070504 -0.9926556
vn 0 -0.0708988 -0.9974835
vn 0 0.9974835 0.0708988
vn 0.0983055 0.9926556 0.070504
vn 0.0983055 0.9926556 -0.070504
vn 0 0.9974835 -0.0708988
vn 0 -0.0708988 0.9974835
vn 0.0983055 -0.070504 0.9926556
vn 0.0983055 0.070504 0.9926556
vn 0 0.0708988 0.9974835
vn 0.0983055 -0.9926556 -0.070504
vn 0.0983055 -0.9926556 0.070504
vn 0 -0.9974835 0.0708988
vn 0 -0.9974835 -0.0708988
vn 0 0.3345875 -0.9423647
vn 0.0992028 0.3329093 -0.9377261
vn 0.0992028 -0.3329093 -0.9377261
vn 0 -0.3345875 -0.9423647
vn 0 0.9423647 0.3345875
vn 0.0992028 0.9377261 0.3329093
vn 0.0992028 -0.3329093 0.9377261
vn 0 -0.3345875 0.9423647
vn 0 0.7071068 -0.7071068
vn 0.0998957 0.7035698 -0.7035698
vn 0 0.9423647 -0.3345875
vn 0.0992028 0.9377261 -0.3329093
vn 0.0998957 0.7035698 -0.7035698
vn 0 0.7071068 -0.7071068
vn 0.0998957 -0.7035698 -0.7035698
vn 0 -0.7071068 -0.7071068
vn 0 -0.7071068 -0.7071068
vn 0.0998957 -0.7035698 -0.7035698
vn 0.0992028 -0.9377261 -0.3329093
vn 0 -0.9423647 -0.3345875
vn 0 0.7071068 0.7071068
vn 0.0998957 0.7035698 0.7035698
vn 0 0.3345875 0.9423647
vn 0.0992028 0.3329093 0.9377261
vn 0.0998957 0.7035698 0.7035698
vn 0 0.7071068 0.7071068
vn 0 -0.7071068 0.7071068
vn 0.0998957 -0.7035698 0.7035698
vn 0 -0.7071068 0.7071068
vn 0 -0.9423647 0.3345875
vn 0.0992028 -0.9377261 0.3329093
vn 0.0998957 -0.7035698 0.7035698
vn 0.9806854 -0.0138998 -0.1950971
vn 0.8766694 -0.0340988 -0.4798833
vn 0.8766694 0.0340988 -0.4798833
vn 0.9806854 0.0138998 -0.1950971
vn 0.8766463 0.4799253 0.0341018
vn 0.9806663 0.1951933 0.0138995
vn 0.9806854 0.1950971 -0.0138998
vn 0.8766463 0.4799253 -0.0341018
vn 0.8766694 -0.0340988 0.4798833
vn 0.9806854 -0.0138998 0.1950971
vn 0.9806663 0.0138995 0.1951933
vn 0.8766463 0.0341018 0.4799253
vn 0.8766463 -0.4799253 -0.0341018
vn 0.9806854 -0.1950971 -0.0138998
vn 0.9806854 -0.1950971 0.0138998
vn 0.8766463 -0.4799253 0.0341018
vn 0.4672887 -0.0626985 -0.8818788
vn 0.4631155 -0.2965099 -0.835228
vn 0.4672106 0.88192 -0.0627014
vn 0.4631155 0.835228 -0.2965099
vn 0.4672106 -0.88192 0.0627014
vn 0.4631155 -0.835228 0.2965099
vn 0.4672887 0.0626985 0.8818788
vn 0.4631155 0.2965099 0.835228
vn 0.4631155 -0.835228 -0.2965099
vn 0.4672106 -0.88192 -0.0627014
vn 0.4628924 -0.6267897 -0.6267897
vn 0.4628924 -0.6267897 -0.6267897
vn 0.4631155 0.2965099 -0.835228
vn 0.4672887 0.0626985 -0.8818788
vn 0.4628924 0.6267897 -0.6267897
vn 0.4628924 0.6267897 -0.6267897
vn 0.4672887 -0.0626985 0.8818788
vn 0.4631155 -0.2965099 0.835228
vn 0.4628924 -0.6267897 0.6267897
vn 0.4628924 -0.6267897 0.6267897
vn 0.4631155 0.835228 0.2965099
vn 0.4672106 0.88192 0.0627014
vn 0.4628924 0.6267897 0.6267897
vn 0.4628924 0.6267897 0.6267897
vn 0.4672887 0.0626985 -0.8818788
vn 0.4672887 -0.0626985 -0.8818788
vn 0.8766463 0.4799253 0.0341018
vn 0.8766463 0.4799253 -0.0341018
vn 0.4672887 -0.0626985 0.8818788
vn 0.4672887 0.0626985 0.8818788
vn 0.8766463 -0.4799253 -0.0341018
vn 0.8766463 -0.4799253 0.0341018
vn 0.8699043 -0.1650008 -0.4648023
vn 0.4631155 -0.2965099 -0.835228
vn 0.9813163 -0.0644011 -0.181303
vn 0.8699043 0.4648023 -0.1650008
vn 0.4631155 0.835228 -0.2965099
vn 0.4672106 0.88192 -0.0627014
vn 0.8766463 0.4799253 -0.0341018
vn 0.9813163 0.181303 -0.0644011
vn 0.8699043 0.4648023 -0.1650008
vn 0.8699043 -0.4648023 0.1650008
vn 0.4631155 -0.835228 0.2965099
vn 0.4672106 -0.88192 0.0627014
vn 0.8766463 -0.4799253 0.0341018
vn 0.9813163 -0.181303 0.0644011
vn 0.8699043 -0.4648023 0.1650008
vn 0.8699043 0.1650008 0.4648023
vn 0.4631155 0.2965099 0.835228
vn 0.9813163 0.0644011 0.181303
vn 0.8766463 -0.4799253 -0.0341018
vn 0.4672106 -0.88192 -0.0627014
vn 0.4631155 -0.835228 -0.2965099
vn 0.8698639 -0.4648807 -0.1649932
vn 0.8698639 -0.4648807 -0.1649932
vn 0.9813163 -0.181303 -0.0644011
vn 0.4628924 -0.6267897 -0.6267897
vn 0.8682713 -0.3507884 -0.3507884
vn 0.8682713 -0.3507884 -0.3507884
vn 0.9816887 -0.1346984 -0.1346984
vn 0.4631155 -0.2965099 -0.835228
vn 0.8699043 -0.1650008 -0.4648023
vn 0.8682713 -0.3507884 -0.3507884
vn 0.4628924 -0.6267897 -0.6267897
vn 0.4631155 0.2965099 -0.835228
vn 0.8699043 0.1650008 -0.4648023
vn 0.9813163 0.0644011 -0.181303
vn 0.4628924 0.6267897 -0.6267897
vn 0.8682713 0.3507884 -0.3507884
vn 0.8699043 0.1650008 -0.4648023
vn 0.4631155 0.2965099 -0.835228
vn 0.9816887 0.1346984 -0.1346984
vn 0.8682713 0.3507884 -0.3507884
vn 0.4631155 -0.2965099 0.835228
vn 0.8699043 -0.1650008 0.4648023
vn 0.9813163 -0.0644011 0.181303
vn 0.4628924 -0.6267897 0.6267897
vn 0.8682713 -0.3507884 0.3507884
vn 0.8699043 -0.1650008 0.4648023
vn 0.4631155 -0.2965099 0.835228
vn 0.9816887 -0.1346984 0.1346984
vn 0.8682713 -0.3507884 0.3507884
vn 0.8698639 0.4648807 0.1649932
vn 0.8766463 0.4799253 0.0341018
vn 0.4672106 0.88192 0.0627014
vn 0.4631155 0.835228 0.2965099
vn 0.8698639 0.4648807 0.1649932
vn 0.9813163 0.181303 0.0644011
vn 0.4628924 0.6267897 0.6267897
vn 0.8682713 0.3507884 0.3507884
vn 0.8682713 0.3507884 0.3507884
vn 0.9816887 0.1346984 0.1346984
vn 0.4628924 0.6267897 0.6267897
vn 0 0.866019 0.500011
vn 0 0.866019 0.500011
vn 0 0.866019 0.500011
vn 0 0.866019 0.500011
vn 0 0 1
vn 0 0 1
vn 0 0 1
vn 0 0 1
vn 0 -0.866019 0.500011
vn 0 -0.866019 0.500011
vn 0 -0.866019 0.500011
vn 0 -0.866019 0.500011
vn 0 -0.866019 -0.500011
vn 0 -0.866019 -0.500011
vn 0 -0.866019 -0.500011
vn 0 -0.866019 -0.500011
vn 0 0 -1
vn 0 0 -1
vn 0 0 -1
vn 0 0 -1
vn 0 0.866019 -0.500011
vn 0 0.866019 -0.500011
vn 0 0.866019 -0.500011
vn 0 0.866019 -0.500011
vn 1 0 0
vn 1 0 0
vn 1 0 0
vn 1 0 0
vn 1 0 0
vn 1 0 0
vn 0.7558936 0.6546944 0
vn 0.7559432 0.3273187 0.5669324
vn 0.7559432 0.3273187 0.5669324
vn 0.7558936 0.6546944 0
vn 0.7559432 0.3273187 0.5669324
vn 0.7559432 0.3273187 0.5669324
vn 0.7559432 -0.3273187 0.5669324
vn 0.7559432 -0.3273187 0.5669324
vn 0.7559432 -0.3273187 0.5669324
vn 0.7559432 -0.3273187 0.5669324
vn 0.7558936 -0.6546944 0
vn 0.7558936 -0.6546944 0
vn 0.7558936 -0.6546944 0
vn 0.7558936 -0.6546944 0
vn 0.7559432 -0.3273187 -0.5669324
vn 0.7559432 -0.3273187 -0.5669324
vn 0.7559432 0.3273187 -0.5669324
vn 0.7559432 0.3273187 -0.5669324
vn 0.7559432 -0.3273187 -0.5669324
vn 0.7559432 -0.3273187 -0.5669324
vn 0.7559432 0.3273187 -0.5669324
vn 0.7558936 0.6546944 0
vn 0.7558936 0.6546944 0
vn 0.7559432 0.3273187 -0.5669324
vn 0 0.866019 0.500011
vn 0 0.866019 0.500011
vn 0 0.866019 0.500011
vn 0 0.866019 0.500011
vn 0 0 1
vn 0 0 1
vn 0 0 1
vn 0 0 1
vn 0 -0.866019 0.500011
vn 0 -0.866019 0.500011
vn 0 -0.866019 0.500011
vn 0 -0.866019 0.500011
vn 0 -0.866019 -0.500011
vn 0 -0.866019 -0.500011
vn 0 -0.866019 -0.500011
vn 0 -0.866019 -0.500011
vn 0 0 -1
vn 0 0 -1
vn 0 0 -1
vn 0 0 -1
vn 0 0.866019 -0.500011
vn 0 0.866019 -0.500011
vn 0 0.866019 -0.500011
vn 0 0.866019 -0.500011
vn 1 0 0
vn 1 0 0
vn 1 0 0
vn 1 0 0
vn 1 0 0
vn 1 0 0
vn 0.7559431 0.6546373 0
vn 0.7559003 0.3273001 0.5670002
vn 0.7559003 0.3273001 0.5670002
vn 0.7559431 0.6546373 0
vn 0.7559003 -0.3273001 0.5670002
vn 0.7559003 -0.3273001 0.5670002
vn 0.7559003 0.3273001 0.5670002
vn 0.7559003 0.3273001 0.5670002
vn 0.7558936 -0.6546944 0
vn 0.7558936 -0.6546944 0
vn 0.7559003 -0.3273001 0.5670002
vn 0.7559003 -0.3273001 0.5670002
vn 0.7559003 -0.3273001 -0.5670002
vn 0.7559003 -0.3273001 -0.5670002
vn 0.7558936 -0.6546944 0
vn 0.7558936 -0.6546944 0
vn 0.7559003 0.3273001 -0.5670002
vn 0.7559003 0.3273001 -0.5670002
vn 0.7559003 -0.3273001 -0.5670002
vn 0.7559003 -0.3273001 -0.5670002
vn 0.7559003 0.3273001 -0.5670002
vn 0.7559431 0.6546373 0
vn 0.7559431 0.6546373 0
vn 0.7559003 0.3273001 -0.5670002
vn 0 0.866019 0.500011
vn 0 0.866019 0.500011
vn 0 0.866019 0.500011
vn 0 0.866019 0.500011
vn 0 0 1
vn 0 0 1
vn 0 0 1
vn 0 0 1
vn 0 -0.866019 0.500011
vn 0 -0.866019 0.500011
vn 0 -0.866019 0.500011
vn 0 -0.866019 0.500011
vn 0 -0.866019 -0.500011
vn 0 -0.866019 -0.500011
vn 0 -0.866019 -0.500011
vn 0 -0.866019 -0.500011
vn 0 0 -1
vn 0 0 -1
vn 0 0 -1
vn 0 0 -1
vn 0 0.866019 -0.500011
vn 0 0.866019 -0.500011
vn 0 0.866019 -0.500011
vn 0 0.866019 -0.500011
vn 1 0 0
vn 1 0 0
vn 1 0 0
vn 1 0 0
vn 1 0 0
vn 1 0 0
vn 0.7559859 0.6545879 0
vn 0.7559432 0.3273187 0.5669324
vn 0.7559432 0.3273187 0.5669324
vn 0.7559859 0.6545879 0
vn 0.7559432 -0.3273187 0.5669324
vn 0.7559432 -0.3273187 0.5669324
vn 0.7559432 -0.3273187 0.5669324
vn 0.7559432 -0.3273187 0.5669324
vn 0.7558936 -0.6546944 0
vn 0.7558936 -0.6546944 0
vn 0.7559432 -0.3273187 -0.5669324
vn 0.7559432 -0.3273187 -0.5669324
vn 0.7558936 -0.6546944 0
vn 0.7558936 -0.6546944 0
vn 0.7559432 -0.3273187 -0.5669324
vn 0.7559432 -0.3273187 -0.5669324
vn 0.7559432 0.3273187 -0.5669324
vn 0.7559432 0.3273187 -0.5669324
vn 0 0.866019 0.500011
vn 0 0.866019 0.500011
vn 0 0.866019 0.500011
vn 0 0.866019 0.500011
vn 0 0 1
vn 0 0 1
vn 0 0 1
vn 0 0 1
vn 0 -0.866019 0.500011
vn 0 -0.866019 0.500011
vn 0 -0.866019 0.500011
vn 0 -0.866019 0.500011
vn 0 -0.866019 -0.500011
vn 0 -0.866019 -0.500011
vn 0 -0.866019 -0.500011
vn 0 -0.866019 -0.500011
vn 0 0 -1
vn 0 0 -1
vn 0 0 -1
vn 0 0 -1
vn 0 0.866019 -0.500011
vn 0 0.866019 -0.500011
vn 0 0.866019 -0.500011
vn 0 0.866019 -0.500011
vn 1 0 0
vn 1 0 0
vn 1 0 0
vn 1 0 0
vn 1 0 0
vn 1 0 0
vn 0.7558936 0.6546944 0
vn 0.7558936 0.6546944 0
vn 0.7559432 0.3273187 0.5669324
vn 0.7559432 0.3273187 0.5669324
vn 0.7559432 -0.3273187 0.5669324
vn 0.7559432 -0.3273187 0.5669324
vn 0.7559432 0.3273187 0.5669324
vn 0.7559432 0.3273187 0.5669324
vn 0.7559432 -0.3273187 0.5669324
vn 0.7559432 -0.3273187 0.5669324
vn 0.7558936 -0.6546944 0
vn 0.7558936 -0.6546944 0
vn 0.7558936 -0.6546944 0
vn 0.7558936 -0.6546944 0
vn 0.7559432 -0.3273187 -0.5669324
vn 0.7559432 -0.3273187 -0.5669324
vn 0.7559432 -0.3273187 -0.5669324
vn 0.7559432 0.3273187 -0.5669324
vn 0.7559432 0.3273187 -0.5669324
vn 0.7559432 -0.3273187 -0.5669324
vn 0.7558936 0.6546944 0
vn 0.7559432 0.3273187 -0.5669324
vn 0.7559432 0.3273187 -0.5669324
vn 0.7558936 0.6546944 0
vn 0 0.866019 0.500011
vn 0 0.866019 0.500011
vn 0 0.866019 0.500011
vn 0 0.866019 0.500011
vn 0 0 1
vn 0 0 1
vn 0 0 1
vn 0 0 1
vn 0 -0.866019 0.500011
vn 0 -0.866019 0.500011
vn 0 -0.866019 0.500011
vn 0 -0.866019 0.500011
vn 0 -0.866019 -0.500011
vn 0 -0.866019 -0.500011
vn 0 -0.866019 -0.500011
vn 0 -0.866019 -0.500011
vn 0 0 -1
vn 0 0 -1
vn 0 0 -1
vn 0 0 -1
vn 0 0.866019 -0.500011
vn 0 0.866019 -0.500011
vn 0 0.866019 -0.500011
vn 0 0.866019 -0.500011
vn 1 0 0
vn 1 0 0
vn 1 0 0
vn 1 0 0
vn 1 0 0
vn 1 0 0
vn 0.7559432 0.3273187 0.5669324
vn 0.7559432 0.3273187 0.5669324
vn 0.7558936 0.6546944 0
vn 0.7558936 0.6546944 0
vn 0.7559003 -0.3273001 0.5670002
vn 0.7559003 -0.3273001 0.5670002
vn 0.7559432 0.3273187 0.5669324
vn 0.7559432 0.3273187 0.5669324
vn 0.7559003 -0.3273001 0.5670002
vn 0.7559003 -0.3273001 0.5670002
vn 0.7558936 -0.6546944 0
vn 0.7558936 -0.6546944 0
vn 0.7558936 -0.6546944 0
vn 0.7559003 -0.3273001 -0.5670002
vn 0.7559003 -0.3273001 -0.5670002
vn 0.7558936 -0.6546944 0
vn 0.7559003 -0.3273001 -0.5670002
vn 0.7559003 -0.3273001 -0.5670002
vn 0.7559003 0.3273001 -0.5670002
vn 0.7559003 0.3273001 -0.5670002
vn 0.7558936 0.6546944 0
vn 0.7559003 0.3273001 -0.5670002
vn 0.7559003 0.3273001 -0.5670002
vn 0.7558936 0.6546944 0
vn 0 0.866019 0.500011
vn 0 0.866019 0.500011
vn 0 0.866019 0.500011
vn 0 0.866019 0.500011
vn 0 0 1
vn 0 0 1
vn 0 0 1
vn 0 0 1
vn 0 -0.866019 0.500011
vn 0 -0.866019 0.500011
vn 0 -0.866019 0.500011
vn 0 -0.866019 0.500011
vn 0 -0.866019 -0.500011
vn 0 -0.866019 -0.500011
vn 0 -0.866019 -0.500011
vn 0 -0.866019 -0.500011
vn 0 0 -1
vn 0 0 -1
vn 0 0 -1
vn 0 0 -1
vn 0 0.866019 -0.500011
vn 0 0.866019 -0.500011
vn 0 0.866019 -0.500011
vn 0 0.866019 -0.500011
vn 1 0 0
vn 1 0 0
vn 1 0 0
vn 1 0 0
vn 1 0 0
vn 1 0 0
vn 0.7558936 0.6546944 0
vn 0.7558936 0.6546944 0
vn 0.7559432 0.3273187 0.5669324
vn 0.7559432 0.3273187 0.5669324
vn 0.7559432 -0.3273187 0.5669324
vn 0.7559432 -0.3273187 0.5669324
vn 0.7559432 0.3273187 0.5669324
vn 0.7559432 0.3273187 0.5669324
vn 0.7559432 -0.3273187 0.5669324
vn 0.7559432 -0.3273187 0.5669324
vn 0.7558936 -0.6546944 0
vn 0.7558936 -0.6546944 0
vn 0.7558936 -0.6546944 0
vn 0.7558936 -0.6546944 0
vn 0.7559432 -0.3273187 -0.5669324
vn 0.7559432 -0.3273187 -0.5669324
vn 0.7559432 -0.3273187 -0.5669324
vn 0.7559432 0.3273187 -0.5669324
vn 0.7559432 0.3273187 -0.5669324
vn 0.7559432 -0.3273187 -0.5669324
vn 0.7558936 0.6546944 0
vn 0.7559432 0.3273187 -0.5669324
vn 0.7559432 0.3273187 -0.5669324
vn 0.7558936 0.6546944 0
vn 0 0.866019 0.500011
vn 0 0.866019 0.500011
vn 0 0.866019 0.500011
vn 0 0.866019 0.500011
vn 0 0 1
vn 0 0 1
vn 0 0 1
vn 0 0 1
vn 0 -0.866019 0.500011
vn 0 -0.866019 0.500011
vn 0 -0.866019 0.500011
vn 0 -0.866019 0.500011
vn 0 -0.866019 -0.500011
vn 0 -0.866019 -0.500011
vn 0 -0.866019 -0.500011
vn 0 -0.866019 -0.500011
vn 0 0 -1
vn 0 0 -1
vn 0 0 -1
vn 0 0 -1
vn 0 0.866019 -0.500011
vn 0 0.866019 -0.500011
vn 0 0.866019 -0.500011
vn 0 0.866019 -0.500011
vn 1 0 0
vn 1 0 0
vn 1 0 0
vn 1 0 0
vn 1 0 0
vn 1 0 0
vn 0.7558936 0.6546944 0
vn 0.7559003 0.3273001 0.5670002
vn 0.7559003 0.3273001 0.5670002
vn 0.7558936 0.6546944 0
vn 0.7559432 -0.3273187 0.5669324
vn 0.7559432 -0.3273187 0.5669324
vn 0.7559003 0.3273001 0.5670002
vn 0.7559003 0.3273001 0.5670002
vn 0.7558936 -0.6546944 0
vn 0.7558936 -0.6546944 0
vn 0.7559432 -0.3273187 0.5669324
vn 0.7559432 -0.3273187 0.5669324
vn 0.7558936 -0.6546944 0
vn 0.7558936 -0.6546944 0
vn 0.7559432 -0.3273187 -0.5669324
vn 0.7559432 -0.3273187 -0.5669324
vn 0.7559432 -0.3273187 -0.5669324
vn 0.7559432 -0.3273187 -0.5669324
vn 0.7559432 0.3273187 -0.5669324
vn 0.7559432 0.3273187 -0.5669324
vn 0.7559432 0.3273187 -0.5669324
vn 0.7559432 0.3273187 -0.5669324
vn 0.7558936 0.6546944 0
vn 0.7558936 0.6546944 0
vn 0 0.866019 0.500011
vn 0 0.866019 0.500011
vn 0 0.866019 0.500011
vn 0 0.866019 0.500011
vn 0 0 1
vn 0 0 1
vn 0 0 1
vn 0 0 1
vn 0 -0.866019 0.500011
vn 0 -0.866019 0.500011
vn 0 -0.866019 0.500011
vn 0 -0.866019 0.500011
vn 0 -0.866019 -0.500011
vn 0 -0.866019 -0.500011
vn 0 -0.866019 -0.500011
vn 0 -0.866019 -0.500011
vn 0 0 -1
vn 0 0 -1
vn 0 0 -1
vn 0 0 -1
vn 0 0.866019 -0.500011
vn 0 0.866019 -0.500011
vn 0 0.866019 -0.500011
vn 0 0.866019 -0.500011
vn 1 0 0
vn 1 0 0
vn 1 0 0
vn 1 0 0
vn 1 0 0
vn 1 0 0
vn 0.7558936 0.6546944 0
vn 0.7558936 0.6546944 0
vn 0.7559432 0.3273187 0.5669324
vn 0.7559432 0.3273187 0.5669324
vn 0.7559432 -0.3273187 0.5669324
vn 0.7559432 -0.3273187 0.5669324
vn 0.7559432 0.3273187 0.5669324
vn 0.7559432 0.3273187 0.5669324
vn 0.7558936 -0.6546944 0
vn 0.7558936 -0.6546944 0
vn 0.7559432 -0.3273187 0.5669324
vn 0.7559432 -0.3273187 0.5669324
vn 0.7559432 -0.3273187 -0.5669324
vn 0.7559432 -0.3273187 -0.5669324
vn 0.7558936 -0.6546944 0
vn 0.7558936 -0.6546944 0
vn 0.7559432 -0.3273187 -0.5669324
vn 0.7559432 -0.3273187 -0.5669324
vn 0.7559432 0.3273187 -0.5669324
vn 0.7559432 0.3273187 -0.5669324
vn 0.7559432 0.3273187 -0.5669324
vn 0.7559432 0.3273187 -0.5669324
vn 0.7558936 0.6546944 0
vn 0.7558936 0.6546944 0
vn 0 1 0
vn 0 0.9397 0.342
vn 0 0.9397 0.342
vn 0 1 0
vn 0 0.76602 0.6428168
vn 0 0.76602 0.6428168
vn 0 0.500011 0.866019
vn 0 0.76602 0.6428168
vn 0 0.76602 0.6428168
vn 0 0.500011 0.866019
vn 0 0.1736028 0.9848158
vn 0 0.1736028 0.9848158
vn 0 -0.1736028 0.9848158
vn 0 -0.1736028 0.9848158
vn 0 -0.1736028 0.9848158
vn 0 -0.500011 0.866019
vn 0 -0.500011 0.866019
vn 0 -0.1736028 0.9848158
vn 0 -0.76602 0.6428168
vn 0 -0.76602 0.6428168
vn 0 -0.76602 0.6428168
vn 0 -0.9397 0.342
vn 0 -0.9397 0.342
vn 0 -0.76602 0.6428168
vn 0 -1 0
vn 0 -1 0
vn 0 -0.9397 -0.342
vn 0 -0.9397 -0.342
vn 0 -0.76602 -0.6428168
vn 0 -0.76602 -0.6428168
vn 0 -0.76602 -0.6428168
vn 0 -0.500011 -0.866019
vn 0 -0.500011 -0.866019
vn 0 -0.76602 -0.6428168
vn 0 -0.1736028 -0.9848158
vn 0 -0.1736028 -0.9848158
vn 0 0.1736028 -0.9848158
vn 0 0.1736028 -0.9848158
vn 0 0.500011 -0.866019
vn 0 0.500011 -0.866019
vn 0 0.76602 -0.6428168
vn 0 0.76602 -0.6428168
vn 0 0.76602 -0.6428168
vn 0 0.9397 -0.342
vn 0 0.9397 -0.342
vn 0 0.76602 -0.6428168
vn 1 0 0
vn 1 0 0
vn 1 0 0
vn 1 0 0
vn 1 0 0
vn 1 0 0
vn 1 0 0
vn 1 0 0
vn 1 0 0
vn 1 0 0
vn 1 0 0
vn 1 0 0
vn 1 0 0
vn 1 0 0
vn 1 0 0
vn 1 0 0
vn 1 0 0
vn 1 0 0
vn 1 0 0
vn 1 0 0
vn 1 0 0
vn 1 0 0
vn 1 0 0
vn 1 0 0
vn 1 0 0
vn 1 0 0
vn 1 0 0
vn 1 0 0
vn 1 0 0
vn 1 0 0
vn 1 0 0
vn 1 0 0
vn 1 0 0
vn 1 0 0
vn 1 0 0
vn 1 0 0
vn 1 0 0
vn 1 0 0
vn 1 0 0
vn 1 0 0
vn 1 0 0
vn 1 0 0
vn 1 0 0
vn 1 0 0
vn 1 0 0
vn 1 0 0
vn 1 0 0
vn 1 0 0
vn 1 0 0
vn 1 0 0
vn 1 0 0
vn 1 0 0
vn 1 0 0
vn 1 0 0
vn 0 -0.9397 -0.342
vn 0 -0.9397 -0.342
vn 0 -1 0
vn 0 -1 0
vn 0 -0.76602 -0.6428168
vn 0 -0.76602 -0.6428168
vn 0 -0.76602 -0.6428168
vn 0 -0.76602 -0.6428168
vn 0 -0.500011 -0.866019
vn 0 -0.500011 -0.866019
vn 0 -0.1736028 -0.9848158
vn 0 -0.1736028 -0.9848158
vn 0 0.1736028 -0.9848158
vn 0 0.1736028 -0.9848158
vn 0 0.500011 -0.866019
vn 0 0.500011 -0.866019
vn 0 0.76602 -0.6428168
vn 0 0.76602 -0.6428168
vn 0 0.76602 -0.6428168
vn 0 0.9397 -0.342
vn 0 0.9397 -0.342
vn 0 0.76602 -0.6428168
vn 0 1 0
vn 0 1 0
vn 0 0.9397 0.342
vn 0 0.9397 0.342
vn 0 0.76602 0.6428168
vn 0 0.76602 0.6428168
vn 0 0.76602 0.6428168
vn 0 0.76602 0.6428168
vn 0 0.500011 0.866019
vn 0 0.500011 0.866019
vn 0 0.1736028 0.9848158
vn 0 0.1736028 0.9848158
vn 0 -0.1736028 0.9848158
vn 0 -0.1736028 0.9848158
vn 0 -0.1736028 0.9848158
vn 0 -0.500011 0.866019
vn 0 -0.500011 0.866019
vn 0 -0.1736028 0.9848158
vn 0 -0.76602 0.6428168
vn 0 -0.76602 0.6428168
vn 0 -0.76602 0.6428168
vn 0 -0.76602 0.6428168
vn 0 -0.9397 0.342
vn 0 -0.9397 0.342
vn 1 0 0
vn 1 0 0
vn 1 0 0
vn 1 0 0
vn 1 0 0
vn 1 0 0
vn 1 0 0
vn 1 0 0
vn 1 0 0
vn 1 0 0
vn 1 0 0
vn 1 0 0
vn 1 0 0
vn 1 0 0
vn 1 0 0
vn 1 0 0
vn 1 0 0
vn 1 0 0
vn 1 0 0
vn 1 0 0
vn 1 0 0
vn 1 0 0
vn 1 0 0
vn 1 0 0
vn 1 0 0
vn 1 0 0
vn 1 0 0
vn 1 0 0
vn 1 0 0
vn 1 0 0
vn 1 0 0
vn 1 0 0
vn 1 0 0
vn 1 0 0
vn 1 0 0
vn 1 0 0
vn 0 -1 0
vn 0 -1 0
vn 0 -0.9397 -0.342
vn 0 -0.9397 -0.342
vn 0 -0.76602 -0.6428168
vn 0 -0.76602 -0.6428168
vn 0 -0.76602 -0.6428168
vn 0 -0.76602 -0.6428168
vn 0 -0.500011 -0.866019
vn 0 -0.500011 -0.866019
vn 0 -0.1736028 -0.9848158
vn 0 -0.1736028 -0.9848158
vn 0 0.1736028 -0.9848158
vn 0 0.1736028 -0.9848158
vn 0 0.500011 -0.866019
vn 0 0.500011 -0.866019
vn 0 0.76602 -0.6428168
vn 0 0.76602 -0.6428168
vn 0 0.76602 -0.6428168
vn 0 0.9397 -0.342
vn 0 0.9397 -0.342
vn 0 0.76602 -0.6428168
vn 0 1 0
vn 0 1 0
vn 0 0.9397 0.342
vn 0 0.9397 0.342
vn 0 0.76602 0.6428168
vn 0 0.76602 0.6428168
vn 0 0.76602 0.6428168
vn 0 0.500011 0.866019
vn 0 0.500011 0.866019
vn 0 0.76602 0.6428168
vn 0 0.1736028 0.9848158
vn 0 0.1736028 0.9848158
vn 0 -0.1736028 0.9848158
vn 0 -0.1736028 0.9848158
vn 0 -0.500011 0.866019
vn 0 -0.1736028 0.9848158
vn 0 -0.1736028 0.9848158
vn 0 -0.500011 0.866019
vn 0 -0.76602 0.6428168
vn 0 -0.76602 0.6428168
vn 0 -0.76602 0.6428168
vn 0 -0.76602 0.6428168
vn 0 -0.9397 0.342
vn 0 -0.9397 0.342
vn 0 1 0
vn 0 0.9397 0.342
vn 0.1574922 0.927954 0.3377833
vn 0.1574054 0.9875341 0
vn 0 0.76602 0.6428168
vn 0.1574945 0.7564737 0.6347779
vn 0 0.76602 0.6428168
vn 0 0.500011 0.866019
vn 0.1574016 0.4938049 0.8552084
vn 0.1574945 0.7564737 0.6347779
vn 0 0.1736028 0.9848158
vn 0.1574045 0.1715049 0.9725276
vn 0 -0.1736998 0.9847987
vn 0.157502 -0.1715022 0.9725123
vn 0 -0.500011 0.866019
vn 0.1574016 -0.4938049 0.8552084
vn 0.157502 -0.1715022 0.9725123
vn 0 -0.1736998 0.9847987
vn 0.157397 -0.7564856 0.6347879
vn 0 -0.7660613 0.6427675
vn 0.157397 -0.7564856 0.6347879
vn 0 -0.7660613 0.6427675
vn 0 -0.9397 0.342
vn 0.1573947 -0.9279686 0.3377886
vn 0 -1 0
vn 0.1575029 -0.9875185 0
vn 0 -0.9397 -0.342
vn 0.1573947 -0.9279686 -0.3377886
vn 0 -0.76602 -0.6428168
vn 0.157397 -0.7564856 -0.6347879
vn 0 -0.76602 -0.6428168
vn 0 -0.500011 -0.866019
vn 0.1574991 -0.4937971 -0.855195
vn 0.157397 -0.7564856 -0.6347879
vn 0 -0.1736998 -0.9847987
vn 0.157502 -0.1715022 -0.9725123
vn 0 0.1736028 -0.9848158
vn 0.157502 0.1715022 -0.9725123
vn 0.1574991 0.4937971 -0.855195
vn 0 0.500011 -0.866019
vn 0 0.76602 -0.6428168
vn 0.1574945 0.7564737 -0.6347779
vn 0 0.76602 -0.6428168
vn 0 0.9397 -0.342
vn 0.1574975 0.9279854 -0.3376947
vn 0.1574945 0.7564737 -0.6347779
vn 1 0 0
vn 1 0 0
vn 1 0 0
vn 1 0 0
vn 1 0 0
vn 1 0 0
vn 1 0 0
vn 1 0 0
vn 1 0 0
vn 1 0 0
vn 1 0 0
vn 1 0 0
vn 1 0 0
vn 1 0 0
vn 1 0 0
vn 1 0 0
vn 1 0 0
vn 1 0.0001 0
vn 0 1 0
vn 0 1 0
vn 0 0.9397 0.342
vn 0 0.9397 0.342
vn 0 1 0
vn 0 1 0
vn 0 0.9397 0.342
vn 0 0.9397 0.342
vn 0 0.76602 0.6428168
vn 0 0.76602 0.6428168
vn 0 0.76602 0.6428168
vn 0 0.76602 0.6428168
vn 0 0.76602 0.6428168
vn 0 0.76602 0.6428168
vn 0 0.500011 0.866019
vn 0 0.500011 0.866019
vn 0 0.76602 0.6428168
vn 0 0.76602 0.6428168
vn 0 0.500011 0.866019
vn 0 0.500011 0.866019
vn 0 0.1736028 0.9848158
vn 0 0.1736028 0.9848158
vn 0 0.1736028 0.9848158
vn 0 0.1736028 0.9848158
vn 0 -0.1736998 0.9847987
vn 0 -0.1736998 0.9847987
vn 0 -0.1736998 0.9847987
vn 0 -0.1736998 0.9847987
vn 0 -0.500011 0.866019
vn 0 -0.1736998 0.9847987
vn 0 -0.1736998 0.9847987
vn 0 -0.500011 0.866019
vn 0 -0.500011 0.866019
vn 0 -0.1736998 0.9847987
vn 0 -0.1736998 0.9847987
vn 0 -0.500011 0.866019
vn 0 -0.76602 0.6428168
vn 0 -0.76602 0.6428168
vn 0 -0.76602 0.6428168
vn 0 -0.76602 0.6428168
vn 0 -0.76602 0.6428168
vn 0 -0.76602 0.6428168
vn 0 -0.9397 0.342
vn 0 -0.9397 0.342
vn 0 -0.9397 0.342
vn 0 -0.9397 0.342
vn 0 -0.76602 0.6428168
vn 0 -0.76602 0.6428168
vn 0 -1 0
vn 0 -1 0
vn 0 -1 0
vn 0 -1 0
vn 0 -0.9397 -0.342
vn 0 -0.9397 -0.342
vn 0 -0.9397 -0.342
vn 0 -0.9397 -0.342
vn 0 -0.76602 -0.6428168
vn 0 -0.76602 -0.6428168
vn 0 -0.76602 -0.6428168
vn 0 -0.76602 -0.6428168
vn 0 -0.500011 -0.866019
vn 0 -0.76602 -0.6428168
vn 0 -0.76602 -0.6428168
vn 0 -0.500011 -0.866019
vn 0 -0.500011 -0.866019
vn 0 -0.76602 -0.6428168
vn 0 -0.76602 -0.6428168
vn 0 -0.500011 -0.866019
vn 0 -0.1736998 -0.9847987
vn 0 -0.1736998 -0.9847987
vn 0 -0.1736998 -0.9847987
vn 0 -0.1736998 -0.9847987
vn 0 0.1736028 -0.9848158
vn 0 0.1736028 -0.9848158
vn 0 0.1736028 -0.9848158
vn 0 0.1736028 -0.9848158
vn 0 0.500011 -0.866019
vn 0 0.500011 -0.866019
vn 0 0.500011 -0.866019
vn 0 0.500011 -0.866019
vn 0 0.76602 -0.6428168
vn 0 0.76602 -0.6428168
vn 0 0.76602 -0.6428168
vn 0 0.76602 -0.6428168
vn 0 0.9397 -0.342
vn 0 0.76602 -0.6428168
vn 0 0.76602 -0.6428168
vn 0 0.9397 -0.342
vn 0 0.9397 -0.342
vn 0 0.76602 -0.6428168
vn 0 0.76602 -0.6428168
vn 0 0.9397 -0.342
vn 1 0 0
vn 1 0 0
vn 1 0 0
vn 1 0 0
vn 1 0 0
vn 1 0 0
vn 1 0 0
vn 1 0 0
vn 1 0 0
vn 1 0 0
vn 1 0 0
vn 1 0 0
vn 1 0 0
vn 1 0 0
vn 1 0 0
vn 1 0 0
vn 1 0 0
vn 1 0 0
vn 1 0 0
vn 1 0 0
vn 1 0 0
vn 1 0 0
vn 1 0 0
vn 1 0 0
vn 1 0 0
vn 1 0 0
vn 1 0 0
vn 1 0 0
vn 1 0 0
vn 1 0 0
vn 1 0 0
vn 1 0 0
vn 1 0 0
vn 1 0 0
vn 1 0 0
vn 1 0 0
vn 0.9841376 0.1774068 0
vn 0.9841363 0.1667062 0.0607022
vn 0.9841363 0.1667062 -0.0607022
vn 0.9841293 0.1359041 -0.1141034
vn 0.9841426 0.0887038 -0.1536067
vn 0.9841386 0.0308012 -0.1747069
vn 0.9841386 -0.0308012 -0.1747069
vn 0.9841426 -0.0887038 -0.1536067
vn 0.9841405 -0.1359056 -0.1140047
vn 0.9841363 -0.1667062 -0.0607022
vn 0.9841376 -0.1774068 0
vn 0.9841363 -0.1667062 0.0607022
vn 0.9841405 -0.1359056 0.1140047
vn 0.9841426 -0.0887038 0.1536067
vn 0.9841386 -0.0308012 0.1747069
vn 0.9841386 0.0308012 0.1747069
vn 0.9841275 0.0887025 0.1537043
vn 0.9841293 0.1359041 0.1141034
vn 1 0 0
vn 1 0 0
vn 1 0 0
vn 1 0 0
vn 1 0 0
vn 1 0 0
vn 1 0 0
vn 1 0 0
vn 1 0 0
vn 1 0 0
vn 1 0 0
vn 1 0 0
vn 1 0 0
vn 1 0 0
vn 1 0 0
vn 1 0 0
vn 1 0 0
vn 1 0 0
vn 1 0 0
vn 1 0 0
vn 1 0 0
vn 1 0 0
vn 1 0 0
vn 1 0 0
vn 1 0 0
vn 1 0 0
vn 1 0 0
vn 1 0 0
vn 1 0 0
vn 1 0 0
vn 1 0 0
vn 1 0 0
vn 1 0 0
vn 1 0 0
vn 1 0 0
vn 1 0 0
vn 0 -1 0
vn 0 -0.9397 -0.342
vn 0 -0.9397 -0.342
vn 0 -1 0
vn 0 -0.76602 -0.6428168
vn 0 -0.76602 -0.6428168
vn 0 -0.76602 -0.6428168
vn 0 -0.500011 -0.866019
vn 0 -0.500011 -0.866019
vn 0 -0.76602 -0.6428168
vn 0 -0.1736028 -0.9848158
vn 0 -0.1736028 -0.9848158
vn 0 0.1736028 -0.9848158
vn 0 0.1736028 -0.9848158
vn 0 0.500011 -0.866019
vn 0 0.500011 -0.866019
vn 0 0.76602 -0.6428168
vn 0 0.76602 -0.6428168
vn 0 0.76602 -0.6428168
vn 0 0.9397 -0.342
vn 0 0.9397 -0.342
vn 0 0.76602 -0.6428168
vn 0 1 0
vn 0 1 0
vn 0 0.9397 0.342
vn 0 0.9397 0.342
vn 0 0.76602 0.6428168
vn 0 0.76602 0.6428168
vn 0 0.500011 0.866019
vn 0 0.500011 0.866019
vn 0 0.76602 0.6428168
vn 0 0.76602 0.6428168
vn 0 0.1736028 0.9848158
vn 0 0.1736028 0.9848158
vn 0 -0.1736028 0.9848158
vn 0 -0.1736028 0.9848158
vn 0 -0.500011 0.866019
vn 0 -0.500011 0.866019
vn 0 -0.1736028 0.9848158
vn 0 -0.1736028 0.9848158
vn 0 -0.76602 0.6428168
vn 0 -0.76602 0.6428168
vn 0 -0.76602 0.6428168
vn 0 -0.76602 0.6428168
vn 0 -0.9397 0.342
vn 0 -0.9397 0.342
vn 0.3162813 0.8914473 0.3244808
vn 0.3161977 0.9486933 0
vn 0.3162813 0.8914473 -0.3244808
vn 0.3162108 0.726725 -0.6098209
vn 0.3162108 0.726725 -0.6098209
vn 0.3162048 0.4743072 -0.8216125
vn 0.316196 0.1646979 -0.9342883
vn 0.316196 -0.1646979 -0.9342883
vn 0.3162948 -0.4742922 -0.8215866
vn 0.3162108 -0.726725 -0.6098209
vn 0.3161913 -0.8914755 -0.3244911
vn 0.3162108 -0.726725 -0.6098209
vn 0.3162878 -0.9486633 0
vn 0.3161913 -0.8914755 0.3244911
vn 0.3162108 -0.726725 0.6098209
vn 0.3162108 -0.726725 0.6098209
vn 0.3162048 -0.4743072 0.8216125
vn 0.316196 -0.1646979 0.9342883
vn 0.316196 -0.1646979 0.9342883
vn 0.316196 0.1646979 0.9342883
vn 0.3162048 0.4743072 0.8216125
vn 0.3162108 0.726725 0.6098209
vn 0.3162108 0.726725 0.6098209
vn 0.9486933 0.3161977 0
vn 0.9486683 0.2971901 0.1081964
vn 0.9486683 0.2971901 -0.1081964
vn 0.9486659 0.2422913 -0.2032927
vn 0.948703 0.1581005 -0.2738009
vn 0.9486926 0.0548996 -0.3113975
vn 0.9486926 -0.0548996 -0.3113975
vn 0.948703 -0.1581005 -0.2738009
vn 0.9486889 -0.2421972 -0.2032976
vn 0.9486965 -0.2970989 -0.1081996
vn 0.9486933 -0.3161977 0
vn 0.9486965 -0.2970989 0.1081996
vn 0.9486889 -0.2421972 0.2032976
vn 0.948703 -0.1581005 0.2738009
vn 0.9486926 -0.0548996 0.3113975
vn 0.9486926 0.0548996 0.3113975
vn 0.948677 0.1580962 0.2738934
vn 0.9486659 0.2422913 0.2032927
f 1/1/1 2/2/2 3/3/3
f 3/3/3 4/4/4 1/1/1
f 5/5/5 6/6/6 4/4/4
f 4/4/4 7/7/7 5/5/5
f 4/4/4 3/3/3 8/8/8
f 8/8/8 7/7/7 4/4/4
f 4/4/4 9/9/9 10/10/10
f 10/10/10 1/1/1 4/4/4
f 10/10/10 11/11/11 12/12/12
f 12/12/12 1/1/1 10/10/10
f 13/13/13 14/14/14 15/15/15
f 15/15/15 16/16/16 13/13/13
f 17/17/17 18/18/18 19/19/19
f 19/19/19 20/20/20 17/17/17
f 21/21/21 19/19/19 18/18/18
f 18/18/18 22/22/22 21/21/21
f 18/18/18 23/23/23 24/24/24
f 24/24/24 22/22/22 18/18/18
f 22/22/22 24/24/24 25/25/25
f 25/25/25 26/26/26 22/22/22
f 27/27/27 28/28/28 22/22/22
f 22/22/22 26/26/26 27/27/27
f 29/29/29 30/30/30 31/31/31
f 31/31/31 32/32/32 29/29/29
f 33/33/33 34/34/34 35/35/35
f 35/35/35 36/36/36 33/33/33
f 37/37/37 33/33/33 36/36/36
f 38/38/38 39/39/39 40/40/40
f 40/40/40 41/41/41 38/38/38
f 42/42/42 43/43/43 44/44/44
f 44/44/44 45/45/45 42/42/42
f 29/29/29 32/32/32 46/46/46
f 46/46/46 47/47/47 29/29/29
f 48/48/48 49/49/49 50/50/50
f 50/50/50 51/51/51 48/48/48
f 52/52/52 53/53/53 54/54/54
f 54/54/54 55/55/55 52/52/52
f 56/56/56 34/34/34 33/33/33
f 33/33/33 57/57/57 56/56/56
f 58/58/58 59/59/59 60/60/60
f 60/60/60 61/61/61 58/58/58
f 62/62/62 63/63/63 64/64/64
f 64/64/64 65/65/65 62/62/62
f 66/66/66 67/67/67 59/59/59
f 59/59/59 58/58/58 66/66/66
f 68/68/68 69/69/69 70/70/70
f 70/70/70 71/71/71 68/68/68
f 70/70/70 69/69/69 16/16/16
f 16/16/16 15/15/15 70/70/70
f 64/64/64 72/72/72 73/73/73
f 73/73/73 65/65/65 64/64/64
f 74/74/74 75/75/75 76/76/76
f 76/76/76 77/77/77 74/74/74
f 14/14/14 13/13/13 76/76/76
f 76/76/76 75/75/75 14/14/14
f 62/62/62 37/37/37 36/36/36
f 36/36/36 63/63/63 62/62/62
f 78/78/78 79/79/79 80/80/80
f 80/80/80 81/81/81 78/78/78
f 82/82/82 83/83/83 61/61/61
f 61/61/61 60/60/60 82/82/82
f 84/84/84 48/48/48 51/51/51
f 51/51/51 82/82/82 84/84/84
f 83/83/83 82/82/82 51/51/51
f 85/85/85 86/86/86 87/87/87
f 87/87/87 88/88/88 85/85/85
f 89/89/89 90/90/90 91/91/91
f 91/91/91 92/92/92 89/89/89
f 93/93/93 94/94/94 95/95/95
f 95/95/95 96/96/96 93/93/93
f 93/93/93 96/96/96 97/97/97
f 97/97/97 98/98/98 93/93/93
f 99/99/99 93/93/93 98/98/98
f 98/98/98 100/100/100 99/99/99
f 101/101/101 102/102/102 103/103/103
f 103/103/103 104/104/104 101/101/101
f 101/101/101 105/105/105 106/106/106
f 106/106/106 102/102/102 101/101/101
f 101/101/101 107/107/107 108/108/108
f 108/108/108 105/105/105 101/101/101
f 109/109/109 110/110/110 111/111/111
f 111/111/111 112/112/112 109/109/109
f 113/113/113 114/114/114 115/115/115
f 115/115/115 116/116/116 113/113/113
f 114/114/114 113/113/113 117/117/117
f 117/117/117 118/118/118 114/114/114
f 119/119/119 120/120/120 114/114/114
f 114/114/114 118/118/118 119/119/119
f 121/121/121 122/122/122 123/123/123
f 123/123/123 124/124/124 121/121/121
f 125/125/125 126/126/126 127/127/127
f 127/127/127 128/128/128 125/125/125
f 129/129/129 125/125/125 128/128/128
f 128/128/128 130/130/130 129/129/129
f 131/131/131 132/132/132 130/130/130
f 130/130/130 128/128/128 131/131/131
f 133/133/133 134/134/134 135/135/135
f 135/135/135 136/136/136 133/133/133
f 137/137/137 138/138/138 139/139/139
f 139/139/139 140/140/140 137/137/137
f 88/88/88 87/87/87 141/141/141
f 141/141/141 142/142/142 88/88/88
f 143/143/143 86/86/86 85/85/85
f 85/85/85 144/144/144 143/143/143
f 89/89/89 92/92/92 145/145/145
f 145/145/145 146/146/146 89/89/89
f 91/91/91 90/90/90 147/147/147
f 147/147/147 148/148/148 91/91/91
f 111/111/111 110/110/110 149/149/149
f 149/149/149 150/150/150 111/111/111
f 122/122/122 121/121/121 151/151/151
f 151/151/151 152/152/152 122/122/122
f 109/109/109 112/112/112 137/137/137
f 137/137/137 140/140/140 109/109/109
f 135/135/135 124/124/124 123/123/123
f 123/123/123 136/136/136 135/135/135
f 153/153/153 154/154/154 155/155/155
f 155/155/155 156/156/156 153/153/153
f 154/154/154 157/157/157 158/158/158
f 158/158/158 155/155/155 154/154/154
f 159/159/159 160/160/160 161/161/161
f 161/161/161 162/162/162 159/159/159
f 162/162/162 161/161/161 163/163/163
f 163/163/163 164/164/164 162/162/162
f 164/164/164 163/163/163 165/165/165
f 165/165/165 166/166/166 164/164/164
f 166/166/166 165/165/165 167/167/167
f 167/167/167 168/168/168 166/166/166
f 168/168/168 167/167/167 169/169/169
f 169/169/169 170/170/170 168/168/168
f 171/171/171 172/172/172 173/173/173
f 173/173/173 174/174/174 171/171/171
f 174/174/174 173/173/173 175/175/175
f 175/175/175 176/176/176 174/174/174
f 176/176/176 175/175/175 177/177/177
f 177/177/177 178/178/178 176/176/176
f 178/178/178 177/177/177 179/179/179
f 179/179/179 180/180/180 178/178/178
f 181/181/181 182/182/182 183/183/183
f 183/183/183 184/184/184 181/181/181
f 184/184/184 183/183/183 185/185/185
f 185/185/185 186/186/186 184/184/184
f 186/186/186 185/185/185 187/187/187
f 187/187/187 188/188/188 186/186/186
f 188/188/188 187/187/187 189/189/189
f 189/189/189 190/190/190 188/188/188
f 190/190/190 189/189/189 191/191/191
f 191/191/191 192/192/192 190/190/190
f 193/193/193 194/194/194 195/195/195
f 195/195/195 196/196/196 193/193/193
f 153/153/153 156/156/156 193/193/193
f 193/193/193 196/196/196 153/153/153
f 197/197/197 198/198/198 199/199/199
f 199/199/199 200/200/200 197/197/197
f 199/199/199 201/201/201 202/202/202
f 202/202/202 203/203/203 199/199/199
f 202/202/202 204/204/204 203/203/203
f 203/203/203 205/205/205 206/206/206
f 206/206/206 207/207/207 203/203/203
f 206/206/206 208/208/208 207/207/207
f 207/207/207 209/209/209 210/210/210
f 210/210/210 211/211/211 207/207/207
f 210/210/210 212/212/212 211/211/211
f 199/199/199 203/203/203 207/207/207
f 207/207/207 211/211/211 199/199/199
f 200/200/200 199/199/199 211/211/211
f 211/211/211 213/213/213 200/200/200
f 214/214/214 197/197/197 200/200/200
f 215/215/215 216/216/216 217/217/217
f 217/217/217 218/218/218 215/215/215
f 219/219/219 220/220/220 218/218/218
f 218/218/218 217/217/217 219/219/219
f 221/221/221 220/220/220 219/219/219
f 219/219/219 222/222/222 221/221/221
f 222/222/222 223/223/223 224/224/224
f 224/224/224 221/221/221 222/222/222
f 224/224/224 223/223/223 225/225/225
f 225/225/225 226/226/226 224/224/224
f 226/226/226 225/225/225 227/227/227
f 227/227/227 228/228/228 226/226/226
f 229/229/229 228/228/228 227/227/227
f 227/227/227 230/230/230 229/229/229
f 229/229/229 230/230/230 231/231/231
f 231/231/231 232/232/232 229/229/229
f 232/232/232 231/231/231 233/233/233
f 233/233/233 234/234/234 232/232/232
f 234/234/234 233/233/233 235/235/235
f 235/235/235 236/236/236 234/234/234
f 236/236/236 235/235/235 237/237/237
f 237/237/237 238/238/238 236/236/236
f 238/238/238 237/237/237 239/239/239
f 239/239/239 240/240/240 238/238/238
f 240/240/240 239/239/239 241/241/241
f 241/241/241 242/242/242 240/240/240
f 242/242/242 241/241/241 243/243/243
f 243/243/243 244/244/244 242/242/242
f 244/244/244 243/243/243 245/245/245
f 245/245/245 246/246/246 244/244/244
f 246/246/246 245/245/245 247/247/247
f 247/247/247 248/248/248 246/246/246
f 249/249/249 250/250/250 248/248/248
f 248/248/248 247/247/247 249/249/249
f 215/215/215 250/250/250 249/249/249
f 249/249/249 216/216/216 215/215/215
f 251/251/251 252/252/252 253/253/253
f 253/253/253 254/254/254 251/251/251
f 255/255/255 256/256/256 257/257/257
f 257/257/257 258/258/258 255/255/255
f 259/259/259 260/260/260 261/261/261
f 261/261/261 262/262/262 259/259/259
f 263/263/263 264/264/264 265/265/265
f 265/265/265 266/266/266 263/263/263
f 267/267/267 268/268/268 269/269/269
f 269/269/269 270/270/270 267/267/267
f 271/271/271 272/272/272 273/273/273
f 273/273/273 274/274/274 271/271/271
f 275/275/275 276/276/276 277/277/277
f 277/277/277 278/278/278 275/275/275
f 279/279/279 280/280/280 281/281/281
f 281/281/281 282/282/282 279/279/279
f 283/283/283 284/284/284 285/285/285
f 285/285/285 286/286/286 283/283/283
f 287/287/287 288/288/288 289/289/289
f 289/289/289 290/290/290 287/287/287
f 291/291/291 292/292/292 293/293/293
f 293/293/293 294/294/294 291/291/291
f 295/295/295 296/296/296 297/297/297
f 297/297/297 298/298/298 295/295/295
f 299/299/299 300/300/300 301/301/301
f 301/301/301 302/302/302 299/299/299
f 303/303/303 304/304/304 305/305/305
f 305/305/305 306/306/306 303/303/303
f 307/307/307 308/308/308 309/309/309
f 309/309/309 310/310/310 307/307/307
f 311/311/311 312/312/312 313/313/313
f 313/313/313 314/314/314 311/311/311
f 315/315/315 316/316/316 317/317/317
f 317/317/317 318/318/318 315/315/315
f 319/319/319 320/320/320 321/321/321
f 321/321/321 322/322/322 319/319/319
f 323/323/323 324/324/324 325/325/325
f 325/325/325 326/326/326 323/323/323
f 323/323/323 327/327/327 328/328/328
f 328/328/328 324/324/324 323/323/323
f 329/329/329 330/330/330 331/331/331
f 331/331/331 332/332/332 329/329/329
f 332/332/332 331/331/331 333/333/333
f 333/333/333 334/334/334 332/332/332
f 334/334/334 333/333/333 335/335/335
f 335/335/335 336/336/336 334/334/334
f 336/336/336 335/335/335 337/337/337
f 337/337/337 338/338/338 336/336/336
f 338/338/338 337/337/337 339/339/339
f 339/339/339 340/340/340 338/338/338
f 341/341/341 342/342/342 343/343/343
f 343/343/343 344/344/344 341/341/341
f 345/345/345 344/344/344 343/343/343
f 343/343/343 346/346/346 345/345/345
f 345/345/345 346/346/346 347/347/347
f 347/347/347 348/348/348 345/345/345
f 348/348/348 347/347/347 349/349/349
f 349/349/349 350/350/350 348/348/348
f 351/351/351 352/352/352 353/353/353
f 353/353/353 354/354/354 351/351/351
f 351/351/351 354/354/354 355/355/355
f 355/355/355 356/356/356 351/351/351
f 356/356/356 355/355/355 357/357/357
f 357/357/357 358/358/358 356/356/356
f 358/358/358 357/357/357 359/359/359
f 359/359/359 360/360/360 358/358/358
f 360/360/360 359/359/359 361/361/361
f 361/361/361 362/362/362 360/360/360
f 363/363/363 364/364/364 365/365/365
f 365/365/365 366/366/366 363/363/363
f 366/366/366 365/365/365 326/326/326
f 326/326/326 325/325/325 366/366/366
f 367/367/367 368/368/368 369/369/369
f 369/369/369 370/370/370 367/367/367
f 368/368/368 371/371/371 372/372/372
f 372/372/372 373/373/373 368/368/368
f 372/372/372 374/374/374 373/373/373
f 373/373/373 375/375/375 376/376/376
f 376/376/376 377/377/377 373/373/373
f 376/376/376 378/378/378 377/377/377
f 379/379/379 377/377/377 380/380/380
f 380/380/380 381/381/381 379/379/379
f 381/381/381 382/382/382 379/379/379
f 373/373/373 377/377/377 379/379/379
f 379/379/379 368/368/368 373/373/373
f 379/379/379 383/383/383 369/369/369
f 369/369/369 368/368/368 379/379/379
f 384/384/384 370/370/370 369/369/369
f 385/385/385 386/386/386 387/387/387
f 387/387/387 388/388/388 385/385/385
f 389/389/389 390/390/390 387/387/387
f 387/387/387 386/386/386 389/389/389
f 389/389/389 391/391/391 392/392/392
f 392/392/392 390/390/390 389/389/389
f 393/393/393 394/394/394 392/392/392
f 392/392/392 391/391/391 393/393/393
f 395/395/395 396/396/396 394/394/394
f 394/394/394 393/393/393 395/395/395
f 396/396/396 395/395/395 397/397/397
f 397/397/397 398/398/398 396/396/396
f 399/399/399 400/400/400 398/398/398
f 398/398/398 397/397/397 399/399/399
f 400/400/400 399/399/399 401/401/401
f 401/401/401 402/402/402 400/400/400
f 401/401/401 403/403/403 404/404/404
f 404/404/404 402/402/402 401/401/401
f 405/405/405 406/406/406 407/407/407
f 407/407/407 408/408/408 405/405/405
f 409/409/409 410/410/410 411/411/411
f 411/411/411 412/412/412 409/409/409
f 413/413/413 414/414/414 410/410/410
f 410/410/410 409/409/409 413/413/413
f 413/413/413 415/415/415 416/416/416
f 416/416/416 414/414/414 413/413/413
f 415/415/415 417/417/417 418/418/418
f 418/418/418 416/416/416 415/415/415
f 418/418/418 417/417/417 419/419/419
f 419/419/419 420/420/420 418/418/418
f 420/420/420 419/419/419 421/421/421
f 421/421/421 422/422/422 420/420/420
f 422/422/422 421/421/421 423/423/423
f 423/423/423 424/424/424 422/422/422
f 425/425/425 426/426/426 427/427/427
f 427/427/427 428/428/428 425/425/425
f 429/429/429 430/430/430 431/431/431
f 431/431/431 432/432/432 429/429/429
f 433/433/433 434/434/434 435/435/435
f 435/435/435 436/436/436 433/433/433
f 437/437/437 438/438/438 439/439/439
f 439/439/439 440/440/440 437/437/437
f 441/441/441 442/442/442 443/443/443
f 443/443/443 444/444/444 441/441/441
f 445/445/445 446/446/446 447/447/447
f 447/447/447 448/448/448 445/445/445
f 449/449/449 450/450/450 451/451/451
f 451/451/451 452/452/452 449/449/449
f 453/453/453 454/454/454 455/455/455
f 455/455/455 456/456/456 453/453/453
f 457/457/457 458/458/458 459/459/459
f 459/459/459 460/460/460 457/457/457
f 461/461/461 462/462/462 463/463/463
f 463/463/463 464/464/464 461/461/461
f 465/465/465 466/466/466 467/467/467
f 467/467/467 468/468/468 465/465/465
f 469/469/469 470/470/470 471/471/471
f 471/471/471 472/472/472 469/469/469
f 473/473/473 474/474/474 475/475/475
f 475/475/475 476/476/476 473/473/473
f 477/477/477 478/478/478 479/479/479
f 479/479/479 480/480/480 477/477/477
f 481/481/481 482/482/482 483/483/483
f 483/483/483 484/484/484 481/481/481
f 485/485/485 486/486/486 487/487/487
f 487/487/487 488/488/488 485/485/485
f 489/489/489 490/490/490 491/491/491
f 491/491/491 492/492/492 489/489/489
f 493/493/493 494/494/494 495/495/495
f 495/495/495 496/496/496 493/493/493
f 497/497/497 498/498/498 499/499/499
f 499/499/499 500/500/500 497/497/497
f 501/501/501 502/502/502 503/503/503
f 503/503/503 504/504/504 501/501/501
f 505/505/505 506/506/506 504/504/504
f 504/504/504 503/503/503 505/505/505
f 507/507/507 508/508/508 509/509/509
f 509/509/509 510/510/510 507/507/507
f 511/511/511 509/509/509 508/508/508
f 508/508/508 512/512/512 511/511/511
f 512/512/512 513/513/513 514/514/514
f 514/514/514 511/511/511 512/512/512
f 513/513/513 515/515/515 516/516/516
f 516/516/516 514/514/514 513/513/513
f 516/516/516 515/515/515 517/517/517
f 517/517/517 518/518/518 516/516/516
f 519/519/519 520/520/520 521/521/521
f 521/521/521 522/522/522 519/519/519
f 523/523/523 524/524/524 521/521/521
f 521/521/521 520/520/520 523/523/523
f 523/523/523 525/525/525 526/526/526
f 526/526/526 524/524/524 523/523/523
f 527/527/527 528/528/528 526/526/526
f 526/526/526 525/525/525 527/527/527
f 529/529/529 530/530/530 531/531/531
f 531/531/531 532/532/532 529/529/529
f 533/533/533 531/531/531 530/530/530
f 530/530/530 534/534/534 533/533/533
f 535/535/535 536/536/536 533/533/533
f 533/533/533 534/534/534 535/535/535
f 535/535/535 537/537/537 538/538/538
f 538/538/538 536/536/536 535/535/535
f 538/538/538 537/537/537 539/539/539
f 539/539/539 540/540/540 538/538/538
f 541/541/541 542/542/542 543/543/543
f 543/543/543 544/544/544 541/541/541
f 543/543/543 542/542/542 502/502/502
f 502/502/502 501/501/501 543/543/543
f 545/545/545 546/546/546 547/547/547
f 547/547/547 548/548/548 545/545/545
f 549/549/549 546/546/546 550/550/550
f 550/550/550 551/551/551 549/549/549
f 551/551/551 552/552/552 549/549/549
f 549/549/549 553/553/553 554/554/554
f 554/554/554 555/555/555 549/549/549
f 554/554/554 556/556/556 555/555/555
f 555/555/555 557/557/557 558/558/558
f 558/558/558 559/559/559 555/555/555
f 558/558/558 560/560/560 559/559/559
f 549/549/549 555/555/555 559/559/559
f 559/559/559 546/546/546 549/549/549
f 546/546/546 559/559/559 561/561/561
f 561/561/561 547/547/547 546/546/546
f 562/562/562 548/548/548 547/547/547
f 563/563/563 564/564/564 565/565/565
f 565/565/565 566/566/566 563/563/563
f 567/567/567 568/568/568 563/563/563
f 563/563/563 566/566/566 567/567/567
f 568/568/568 567/567/567 569/569/569
f 569/569/569 570/570/570 568/568/568
f 571/571/571 572/572/572 570/570/570
f 570/570/570 569/569/569 571/571/571
f 572/572/572 571/571/571 573/573/573
f 573/573/573 574/574/574 572/572/572
f 575/575/575 576/576/576 574/574/574
f 574/574/574 573/573/573 575/575/575
f 577/577/577 578/578/578 576/576/576
f 576/576/576 575/575/575 577/577/577
f 577/577/577 579/579/579 580/580/580
f 580/580/580 578/578/578 577/577/577
f 581/581/581 582/582/582 580/580/580
f 580/580/580 579/579/579 581/581/581
f 581/581/581 583/583/583 584/584/584
f 584/584/584 582/582/582 581/581/581
f 584/584/584 583/583/583 585/585/585
f 585/585/585 586/586/586 584/584/584
f 585/585/585 587/587/587 588/588/588
f 588/588/588 586/586/586 585/585/585
f 589/589/589 590/590/590 588/588/588
f 588/588/588 587/587/587 589/589/589
f 591/591/591 592/592/592 590/590/590
f 590/590/590 589/589/589 591/591/591
f 593/593/593 594/594/594 592/592/592
f 592/592/592 591/591/591 593/593/593
f 593/593/593 595/595/595 596/596/596
f 596/596/596 594/594/594 593/593/593
f 597/597/597 598/598/598 596/596/596
f 596/596/596 595/595/595 597/597/597
f 598/598/598 597/597/597 565/565/565
f 565/565/565 564/564/564 598/598/598
f 599/599/599 600/600/600 601/601/601
f 601/601/601 602/602/602 599/599/599
f 603/603/603 604/604/604 605/605/605
f 605/605/605 606/606/606 603/603/603
f 607/607/607 608/608/608 609/609/609
f 609/609/609 610/610/610 607/607/607
f 611/611/611 612/612/612 613/613/613
f 613/613/613 614/614/614 611/611/611
f 615/615/615 616/616/616 617/617/617
f 617/617/617 618/618/618 615/615/615
f 619/619/619 620/620/620 621/621/621
f 621/621/621 622/622/622 619/619/619
f 623/623/623 624/624/624 625/625/625
f 625/625/625 626/626/626 623/623/623
f 627/627/627 628/628/628 629/629/629
f 629/629/629 630/630/630 627/627/627
f 631/631/631 632/632/632 633/633/633
f 633/633/633 634/634/634 631/631/631
f 635/635/635 636/636/636 637/637/637
f 637/637/637 638/638/638 635/635/635
f 639/639/639 640/640/640 641/641/641
f 641/641/641 642/642/642 639/639/639
f 643/643/643 644/644/644 645/645/645
f 645/645/645 646/646/646 643/643/643
f 647/647/647 648/648/648 649/649/649
f 649/649/649 650/650/650 647/647/647
f 651/651/651 652/652/652 653/653/653
f 653/653/653 654/654/654 651/651/651
f 655/655/655 656/656/656 657/657/657
f 657/657/657 658/658/658 655/655/655
f 659/659/659 660/660/660 661/661/661
f 661/661/661 662/662/662 659/659/659
f 663/663/663 664/664/664 665/665/665
f 665/665/665 666/666/666 663/663/663
f 667/667/667 668/668/668 669/669/669
f 669/669/669 670/670/670 667/667/667
f 671/671/671 672/672/672 673/673/673
f 673/673/673 674/674/674 671/671/671
f 672/672/672 675/675/675 676/676/676
f 676/676/676 673/673/673 672/672/672
f 677/677/677 678/678/678 679/679/679
f 679/679/679 680/680/680 677/677/677
f 678/678/678 681/681/681 682/682/682
f 682/682/682 679/679/679 678/678/678
f 681/681/681 683/683/683 684/684/684
f 684/684/684 682/682/682 681/681/681
f 683/683/683 685/685/685 686/686/686
f 686/686/686 684/684/684 683/683/683
f 685/685/685 687/687/687 688/688/688
f 688/688/688 686/686/686 685/685/685
f 689/689/689 690/690/690 691/691/691
f 691/691/691 692/692/692 689/689/689
f 690/690/690 693/693/693 694/694/694
f 694/694/694 691/691/691 690/690/690
f 693/693/693 695/695/695 696/696/696
f 696/696/696 694/694/694 693/693/693
f 695/695/695 697/697/697 698/698/698
f 698/698/698 696/696/696 695/695/695
f 699/699/699 700/700/700 701/701/701
f 701/701/701 702/702/702 699/699/699
f 700/700/700 703/703/703 704/704/704
f 704/704/704 701/701/701 700/700/700
f 703/703/703 705/705/705 706/706/706
f 706/706/706 704/704/704 703/703/703
f 705/705/705 707/707/707 708/708/708
f 708/708/708 706/706/706 705/705/705
f 707/707/707 709/709/709 710/710/710
f 710/710/710 708/708/708 707/707/707
f 711/711/711 712/712/712 713/713/713
f 713/713/713 714/714/714 711/711/711
f 674/674/674 713/713/713 712/712/712
f 712/712/712 671/671/671 674/674/674
f 715/715/715 716/716/716 717/717/717
f 717/717/717 718/718/718 715/715/715
f 717/717/717 719/719/719 720/720/720
f 720/720/720 721/721/721 717/717/717
f 720/720/720 722/722/722 721/721/721
f 721/721/721 723/723/723 724/724/724
f 724/724/724 725/725/725 721/721/721
f 724/724/724 726/726/726 725/725/725
f 725/725/725 727/727/727 728/728/728
f 728/728/728 729/729/729 725/725/725
f 728/728/728 730/730/730 729/729/729
f 717/717/717 721/721/721 725/725/725
f 725/725/725 729/729/729 717/717/717
f 731/731/731 718/718/718 717/717/717
f 717/717/717 729/729/729 731/731/731
f 732/732/732 715/715/715 718/718/718
f 733/733/733 734/734/734 735/735/735
f 735/735/735 736/736/736 733/733/733
f 737/737/737 738/738/738 736/736/736
f 736/736/736 735/735/735 737/737/737
f 739/739/739 738/738/738 737/737/737
f 737/737/737 740/740/740 739/739/739
f 739/739/739 740/740/740 741/741/741
f 741/741/741 742/742/742 739/739/739
f 742/742/742 741/741/741 743/743/743
f 743/743/743 744/744/744 742/742/742
f 743/743/743 745/745/745 746/746/746
f 746/746/746 744/744/744 743/743/743
f 746/746/746 745/745/745 747/747/747
f 747/747/747 748/748/748 746/746/746
f 748/748/748 747/747/747 749/749/749
f 749/749/749 750/750/750 748/748/748
f 749/749/749 751/751/751 752/752/752
f 752/752/752 750/750/750 749/749/749
f 752/752/752 751/751/751 753/753/753
f 753/753/753 754/754/754 752/752/752
f 754/754/754 753/753/753 755/755/755
f 755/755/755 756/756/756 754/754/754
f 757/757/757 756/756/756 755/755/755
f 755/755/755 758/758/758 757/757/757
f 758/758/758 759/759/759 760/760/760
f 760/760/760 757/757/757 758/758/758
f 761/761/761 760/760/760 759/759/759
f 759/759/759 762/762/762 761/761/761
f 761/761/761 762/762/762 763/763/763
f 763/763/763 764/764/764 761/761/761
f 764/764/764 763/763/763 765/765/765
f 765/765/765 766/766/766 764/764/764
f 765/765/765 767/767/767 768/768/768
f 768/768/768 766/766/766 765/765/765
f 767/767/767 734/734/734 733/733/733
f 733/733/733 768/768/768 767/767/767
f 769/769/769 770/770/770 771/771/771
f 771/771/771 772/772/772 769/769/769
f 773/773/773 774/774/774 775/775/775
f 775/775/775 776/776/776 773/773/773
f 777/777/777 778/778/778 779/779/779
f 779/779/779 780/780/780 777/777/777
f 781/781/781 782/782/782 783/783/783
f 783/783/783 784/784/784 781/781/781
f 785/785/785 786/786/786 787/787/787
f 787/787/787 788/788/788 785/785/785
f 789/789/789 790/790/790 791/791/791
f 791/791/791 792/792/792 789/789/789
f 793/793/793 794/794/794 795/795/795
f 795/795/795 796/796/796 793/793/793
f 797/797/797 798/798/798 799/799/799
f 799/799/799 800/800/800 797/797/797
f 801/801/801 802/802/802 803/803/803
f 803/803/803 804/804/804 801/801/801
f 805/805/805 806/806/806 807/807/807
f 807/807/807 808/808/808 805/805/805
f 809/809/809 810/810/810 811/811/811
f 811/811/811 812/812/812 809/809/809
f 813/813/813 814/814/814 815/815/815
f 815/815/815 816/816/816 813/813/813
f 817/817/817 818/818/818 819/819/819
f 819/819/819 820/820/820 817/817/817
f 821/821/821 822/822/822 823/823/823
f 823/823/823 824/824/824 821/821/821
f 825/825/825 826/826/826 827/827/827
f 827/827/827 828/828/828 825/825/825
f 829/829/829 830/830/830 831/831/831
f 831/831/831 832/832/832 829/829/829
f 833/833/833 834/834/834 835/835/835
f 835/835/835 836/836/836 833/833/833
f 837/837/837 838/838/838 839/839/839
f 839/839/839 840/840/840 837/837/837
f 841/841/841 842/842/842 843/843/843
f 843/843/843 844/844/844 841/841/841
f 842/842/842 845/845/845 846/846/846
f 846/846/846 843/843/843 842/842/842
f 847/847/847 848/848/848 849/849/849
f 849/849/849 850/850/850 847/847/847
f 848/848/848 851/851/851 852/852/852
f 852/852/852 849/849/849 848/848/848
f 851/851/851 853/853/853 854/854/854
f 854/854/854 852/852/852 851/851/851
f 853/853/853 855/855/855 856/856/856
f 856/856/856 854/854/854 853/853/853
f 855/855/855 857/857/857 858/858/858
f 858/858/858 856/856/856 855/855/855
f 859/859/859 860/860/860 861/861/861
f 861/861/861 862/862/862 859/859/859
f 860/860/860 863/863/863 864/864/864
f 864/864/864 861/861/861 860/860/860
f 863/863/863 865/865/865 866/866/866
f 866/866/866 864/864/864 863/863/863
f 865/865/865 867/867/867 868/868/868
f 868/868/868 866/866/866 865/865/865
f 869/869/869 870/870/870 871/871/871
f 871/871/871 872/872/872 869/869/869
f 870/870/870 873/873/873 874/874/874
f 874/874/874 871/871/871 870/870/870
f 873/873/873 875/875/875 876/876/876
f 876/876/876 874/874/874 873/873/873
f 875/875/875 877/877/877 878/878/878
f 878/878/878 876/876/876 875/875/875
f 877/877/877 879/879/879 880/880/880
f 880/880/880 878/878/878 877/877/877
f 881/881/881 882/882/882 883/883/883
f 883/883/883 884/884/884 881/881/881
f 844/844/844 883/883/883 882/882/882
f 882/882/882 841/841/841 844/844/844
f 885/885/885 886/886/886 887/887/887
f 887/887/887 888/888/888 885/885/885
f 887/887/887 889/889/889 890/890/890
f 890/890/890 891/891/891 887/887/887
f 890/890/890 892/892/892 891/891/891
f 891/891/891 893/893/893 894/894/894
f 894/894/894 895/895/895 891/891/891
f 894/894/894 896/896/896 895/895/895
f 895/895/895 897/897/897 898/898/898
f 898/898/898 899/899/899 895/895/895
f 898/898/898 900/900/900 899/899/899
f 887/887/887 891/891/891 895/895/895
f 895/895/895 899/899/899 887/887/887
f 901/901/901 888/888/888 887/887/887
f 887/887/887 899/899/899 901/901/901
f 902/902/902 885/885/885 888/888/888
f 903/903/903 904/904/904 905/905/905
f 905/905/905 906/906/906 903/903/903
f 907/907/907 908/908/908 906/906/906
f 906/906/906 905/905/905 907/907/907
f 909/909/909 908/908/908 907/907/907
f 907/907/907 910/910/910 909/909/909
f 909/909/909 910/910/910 911/911/911
f 911/911/911 912/912/912 909/909/909
f 912/912/912 911/911/911 913/913/913
f 913/913/913 914/914/914 912/912/912
f 913/913/913 915/915/915 916/916/916
f 916/916/916 914/914/914 913/913/913
f 916/916/916 915/915/915 917/917/917
f 917/917/917 918/918/918 916/916/916
f 918/918/918 917/917/917 919/919/919
f 919/919/919 920/920/920 918/918/918
f 919/919/919 921/921/921 922/922/922
f 922/922/922 920/920/920 919/919/919
f 922/922/922 921/921/921 923/923/923
f 923/923/923 924/924/924 922/922/922
f 924/924/924 923/923/923 925/925/925
f 925/925/925 926/926/926 924/924/924
f 927/927/927 926/926/926 925/925/925
f 925/925/925 928/928/928 927/927/927
f 928/928/928 929/929/929 930/930/930
f 930/930/930 927/927/927 928/928/928
f 931/931/931 930/930/930 929/929/929
f 929/929/929 932/932/932 931/931/931
f 931/931/931 932/932/932 933/933/933
f 933/933/933 934/934/934 931/931/931
f 934/934/934 933/933/933 935/935/935
f 935/935/935 936/936/936 934/934/934
f 935/935/935 937/937/937 938/938/938
f 938/938/938 936/936/936 935/935/935
f 937/937/937 904/904/904 903/903/903
f 903/903/903 938/938/938 937/937/937
f 939/939/939 940/940/940 941/941/941
f 941/941/941 942/942/942 939/939/939
f 943/943/943 944/944/944 945/945/945
f 945/945/945 946/946/946 943/943/943
f 947/947/947 948/948/948 949/949/949
f 949/949/949 950/950/950 947/947/947
f 951/951/951 952/952/952 953/953/953
f 953/953/953 954/954/954 951/951/951
f 955/955/955 956/956/956 957/957/957
f 957/957/957 958/958/958 955/955/955
f 959/959/959 960/960/960 961/961/961
f 961/961/961 962/962/962 959/959/959
f 963/963/963 964/964/964 965/965/965
f 965/965/965 966/966/966 963/963/963
f 967/967/967 968/968/968 969/969/969
f 969/969/969 970/970/970 967/967/967
f 971/971/971 972/972/972 973/973/973
f 973/973/973 974/974/974 971/971/971
f 975/975/975 976/976/976 977/977/977
f 977/977/977 978/978/978 975/975/975
f 979/979/979 980/980/980 981/981/981
f 981/981/981 982/982/982 979/979/979
f 983/983/983 984/984/984 985/985/985
f 985/985/985 986/986/986 983/983/983
f 987/987/987 988/988/988 989/989/989
f 989/989/989 990/990/990 987/987/987
f 991/991/991 992/992/992 993/993/993
f 993/993/993 994/994/994 991/991/991
f 995/995/995 996/996/996 997/997/997
f 997/997/997 998/998/998 995/995/995
f 999/999/999 1000/1000/1000 1001/1001/1001
f 1001/1001/1001 1002/1002/1002 999/999/999
f 1003/1003/1003 1004/1004/1004 1005/1005/1005
f 1005/1005/1005 1006/1006/1006 1003/1003/1003
f 1007/1007/1007 1008/1008/1008 1009/1009/1009
f 1009/1009/1009 1010/1010/1010 1007/1007/1007
f 1011/1011/1011 1012/1012/1012 1013/1013/1013
f 1013/1013/1013 1014/1014/1014 1011/1011/1011
f 1012/1012/1012 1015/1015/1015 1016/1016/1016
f 1016/1016/1016 1013/1013/1013 1012/1012/1012
f 1017/1017/1017 1018/1018/1018 1019/1019/1019
f 1019/1019/1019 1020/1020/1020 1017/1017/1017
f 1018/1018/1018 1021/1021/1021 1022/1022/1022
f 1022/1022/1022 1019/1019/1019 1018/1018/1018
f 1021/1021/1021 1023/1023/1023 1024/1024/1024
f 1024/1024/1024 1022/1022/1022 1021/1021/1021
f 1023/1023/1023 1025/1025/1025 1026/1026/1026
f 1026/1026/1026 1024/1024/1024 1023/1023/1023
f 1025/1025/1025 1027/1027/1027 1028/1028/1028
f 1028/1028/1028 1026/1026/1026 1025/1025/1025
f 1029/1029/1029 1030/1030/1030 1031/1031/1031
f 1031/1031/1031 1032/1032/1032 1029/1029/1029
f 1030/1030/1030 1033/1033/1033 1034/1034/1034
f 1034/1034/1034 1031/1031/1031 1030/1030/1030
f 1033/1033/1033 1035/1035/1035 1036/1036/1036
f 1036/1036/1036 1034/1034/1034 1033/1033/1033
f 1035/1035/1035 1037/1037/1037 1038/1038/1038
f 1038/1038/1038 1036/1036/1036 1035/1035/1035
f 1039/1039/1039 1040/1040/1040 1041/1041/1041
f 1041/1041/1041 1042/1042/1042 1039/1039/1039
f 1040/1040/1040 1043/1043/1043 1044/1044/1044
f 1044/1044/1044 1041/1041/1041 1040/1040/1040
f 1043/1043/1043 1045/1045/1045 1046/1046/1046
f 1046/1046/1046 1044/1044/1044 1043/1043/1043
f 1045/1045/1045 1047/1047/1047 1048/1048/1048
f 1048/1048/1048 1046/1046/1046 1045/1045/1045
f 1047/1047/1047 1049/1049/1049 1050/1050/1050
f 1050/1050/1050 1048/1048/1048 1047/1047/1047
f 1051/1051/1051 1052/1052/1052 1053/1053/1053
f 1053/1053/1053 1054/1054/1054 1051/1051/1051
f 1014/1014/1014 1053/1053/1053 1052/1052/1052
f 1052/1052/1052 1011/1011/1011 1014/1014/1014
f 1055/1055/1055 1056/1056/1056 1057/1057/1057
f 1057/1057/1057 1058/1058/1058 1055/1055/1055
f 1057/1057/1057 1059/1059/1059 1060/1060/1060
f 1060/1060/1060 1061/1061/1061 1057/1057/1057
f 1060/1060/1060 1062/1062/1062 1061/1061/1061
f 1061/1061/1061 1063/1063/1063 1064/1064/1064
f 1064/1064/1064 1065/1065/1065 1061/1061/1061
f 1064/1064/1064 1066/1066/1066 1065/1065/1065
f 1065/1065/1065 1067/1067/1067 1068/1068/1068
f 1068/1068/1068 1069/1069/1069 1065/1065/1065
f 1068/1068/1068 1070/1070/1070 1069/1069/1069
f 1057/1057/1057 1061/1061/1061 1065/1065/1065
f 1065/1065/1065 1069/1069/1069 1057/1057/1057
f 1071/1071/1071 1058/1058/1058 1057/1057/1057
f 1057/1057/1057 1069/1069/1069 1071/1071/1071
f 1072/1072/1072 1055/1055/1055 1058/1058/1058
f 1073/1073/1073 1074/1074/1074 1075/1075/1075
f 1075/1075/1075 1076/1076/1076 1073/1073/1073
f 1077/1077/1077 1078/1078/1078 1076/1076/1076
f 1076/1076/1076 1075/1075/1075 1077/1077/1077
f 1079/1079/1079 1078/1078/1078 1077/1077/1077
f 1077/1077/1077 1080/1080/1080 1079/1079/1079
f 1079/1079/1079 1080/1080/1080 1081/1081/1081
f 1081/1081/1081 1082/1082/1082 1079/1079/1079
f 1082/1082/1082 1081/1081/1081 1083/1083/1083
f 1083/1083/1083 1084/1084/1084 1082/1082/1082
f 1083/1083/1083 1085/1085/1085 1086/1086/1086
f 1086/1086/1086 1084/1084/1084 1083/1083/1083
f 1086/1086/1086 1085/1085/1085 1087/1087/1087
f 1087/1087/1087 1088/1088/1088 1086/1086/1086
f 1088/1088/1088 1087/1087/1087 1089/1089/1089
f 1089/1089/1089 1090/1090/1090 1088/1088/1088
f 1089/1089/1089 1091/1091/1091 1092/1092/1092
f 1092/1092/1092 1090/1090/1090 1089/1089/1089
f 1092/1092/1092 1091/1091/1091 1093/1093/1093
f 1093/1093/1093 1094/1094/1094 1092/1092/1092
f 1094/1094/1094 1093/1093/1093 1095/1095/1095
f 1095/1095/1095 1096/1096/1096 1094/1094/1094
f 1097/1097/1097 1096/1096/1096 1095/1095/1095
f 1095/1095/1095 1098/1098/1098 1097/1097/1097
f 1098/1098/1098 1099/1099/1099 1100/1100/1100
f 1100/1100/1100 1097/1097/1097 1098/1098/1098
f 1101/1101/1101 1100/1100/1100 1099/1099/1099
f 1099/1099/1099 1102/1102/1102 1101/1101/1101
f 1101/1101/1101 1102/1102/1102 1103/1103/1103
f 1103/1103/1103 1104/1104/1104 1101/1101/1101
f 1104/1104/1104 1103/1103/1103 1105/1105/1105
f 1105/1105/1105 1106/1106/1106 1104/1104/1104
f 1105/1105/1105 1107/1107/1107 1108/1108/1108
f 1108/1108/1108 1106/1106/1106 1105/1105/1105
f 1107/1107/1107 1074/1074/1074 1073/1073/1073
f 1073/1073/1073 1108/1108/1108 1107/1107/1107
f 1109/1109/1109 1110/1110/1110 1111/1111/1111
f 1111/1111/1111 1112/1112/1112 1109/1109/1109
f 1113/1113/1113 1114/1114/1114 1115/1115/1115
f 1115/1115/1115 1116/1116/1116 1113/1113/1113
f 1117/1117/1117 1118/1118/1118 1119/1119/1119
f 1119/1119/1119 1120/1120/1120 1117/1117/1117
f 1121/1121/1121 1122/1122/1122 1123/1123/1123
f 1123/1123/1123 1124/1124/1124 1121/1121/1121
f 1125/1125/1125 1126/1126/1126 1127/1127/1127
f 1127/1127/1127 1128/1128/1128 1125/1125/1125
f 1129/1129/1129 1130/1130/1130 1131/1131/1131
f 1131/1131/1131 1132/1132/1132 1129/1129/1129
f 1133/1133/1133 1134/1134/1134 1135/1135/1135
f 1135/1135/1135 1136/1136/1136 1133/1133/1133
f 1137/1137/1137 1138/1138/1138 1139/1139/1139
f 1139/1139/1139 1140/1140/1140 1137/1137/1137
f 1141/1141/1141 1142/1142/1142 1143/1143/1143
f 1143/1143/1143 1144/1144/1144 1141/1141/1141
f 1145/1145/1145 1146/1146/1146 1147/1147/1147
f 1147/1147/1147 1148/1148/1148 1145/1145/1145
f 1149/1149/1149 1150/1150/1150 1151/1151/1151
f 1151/1151/1151 1152/1152/1152 1149/1149/1149
f 1153/1153/1153 1154/1154/1154 1155/1155/1155
f 1155/1155/1155 1156/1156/1156 1153/1153/1153
f 1157/1157/1157 1158/1158/1158 1159/1159/1159
f 1159/1159/1159 1160/1160/1160 1157/1157/1157
f 1161/1161/1161 1162/1162/1162 1163/1163/1163
f 1163/1163/1163 1164/1164/1164 1161/1161/1161
f 1165/1165/1165 1166/1166/1166 1167/1167/1167
f 1167/1167/1167 1168/1168/1168 1165/1165/1165
f 1169/1169/1169 1170/1170/1170 1171/1171/1171
f 1171/1171/1171 1172/1172/1172 1169/1169/1169
f 1173/1173/1173 1174/1174/1174 1175/1175/1175
f 1175/1175/1175 1176/1176/1176 1173/1173/1173
f 1177/1177/1177 1178/1178/1178 1179/1179/1179
f 1179/1179/1179 1180/1180/1180 1177/1177/1177
f 1181/1181/1181 1182/1182/1182 1183/1183/1183
f 1183/1183/1183 1184/1184/1184 1181/1181/1181
f 1182/1182/1182 1185/1185/1185 1186/1186/1186
f 1186/1186/1186 1183/1183/1183 1182/1182/1182
f 1187/1187/1187 1188/1188/1188 1189/1189/1189
f 1189/1189/1189 1190/1190/1190 1187/1187/1187
f 1188/1188/1188 1191/1191/1191 1192/1192/1192
f 1192/1192/1192 1189/1189/1189 1188/1188/1188
f 1191/1191/1191 1193/1193/1193 1194/1194/1194
f 1194/1194/1194 1192/1192/1192 1191/1191/1191
f 1193/1193/1193 1195/1195/1195 1196/1196/1196
f 1196/1196/1196 1194/1194/1194 1193/1193/1193
f 1195/1195/1195 1197/1197/1197 1198/1198/1198
f 1198/1198/1198 1196/1196/1196 1195/1195/1195
f 1199/1199/1199 1200/1200/1200 1201/1201/1201
f 1201/1201/1201 1202/1202/1202 1199/1199/1199
f 1200/1200/1200 1203/1203/1203 1204/1204/1204
f 1204/1204/1204 1201/1201/1201 1200/1200/1200
f 1203/1203/1203 1205/1205/1205 1206/1206/1206
f 1206/1206/1206 1204/1204/1204 1203/1203/1203
f 1205/1205/1205 1207/1207/1207 1208/1208/1208
f 1208/1208/1208 1206/1206/1206 1205/1205/1205
f 1209/1209/1209 1210/1210/1210 1211/1211/1211
f 1211/1211/1211 1212/1212/1212 1209/1209/1209
f 1210/1210/1210 1213/1213/1213 1214/1214/1214
f 1214/1214/1214 1211/1211/1211 1210/1210/1210
f 1213/1213/1213 1215/1215/1215 1216/1216/1216
f 1216/1216/1216 1214/1214/1214 1213/1213/1213
f 1215/1215/1215 1217/1217/1217 1218/1218/1218
f 1218/1218/1218 1216/1216/1216 1215/1215/1215
f 1217/1217/1217 1219/1219/1219 1220/1220/1220
f 1220/1220/1220 1218/1218/1218 1217/1217/1217
f 1221/1221/1221 1222/1222/1222 1223/1223/1223
f 1223/1223/1223 1224/1224/1224 1221/1221/1221
f 1184/1184/1184 1223/1223/1223 1222/1222/1222
f 1222/1222/1222 1181/1181/1181 1184/1184/1184
f 1225/1225/1225 1226/1226/1226 1227/1227/1227
f 1227/1227/1227 1228/1228/1228 1225/1225/1225
f 1227/1227/1227 1229/1229/1229 1230/1230/1230
f 1230/1230/1230 1231/1231/1231 1227/1227/1227
f 1230/1230/1230 1232/1232/1232 1231/1231/1231
f 1231/1231/1231 1233/1233/1233 1234/1234/1234
f 1234/1234/1234 1235/1235/1235 1231/1231/1231
f 1234/1234/1234 1236/1236/1236 1235/1235/1235
f 1235/1235/1235 1237/1237/1237 1238/1238/1238
f 1238/1238/1238 1239/1239/1239 1235/1235/1235
f 1238/1238/1238 1240/1240/1240 1239/1239/1239
f 1227/1227/1227 1231/1231/1231 1235/1235/1235
f 1235/1235/1235 1239/1239/1239 1227/1227/1227
f 1241/1241/1241 1228/1228/1228 1227/1227/1227
f 1227/1227/1227 1239/1239/1239 1241/1241/1241
f 1242/1242/1242 1225/1225/1225 1228/1228/1228
f 1243/1243/1243 1244/1244/1244 1245/1245/1245
f 1245/1245/1245 1246/1246/1246 1243/1243/1243
f 1247/1247/1247 1248/1248/1248 1249/1249/1249
f 1249/1249/1249 1250/1250/1250 1247/1247/1247
f 1251/1251/1251 1248/1248/1248 1247/1247/1247
f 1247/1247/1247 1252/1252/1252 1251/1251/1251
f 1253/1253/1253 1254/1254/1254 1255/1255/1255
f 1255/1255/1255 1256/1256/1256 1253/1253/1253
f 1256/1256/1256 1255/1255/1255 1257/1257/1257
f 1257/1257/1257 1258/1258/1258 1256/1256/1256
f 1259/1259/1259 1260/1260/1260 1261/1261/1261
f 1261/1261/1261 1262/1262/1262 1259/1259/1259
f 1263/1263/1263 1264/1264/1264 1265/1265/1265
f 1265/1265/1265 1266/1266/1266 1263/1263/1263
f 1266/1266/1266 1265/1265/1265 1267/1267/1267
f 1267/1267/1267 1268/1268/1268 1266/1266/1266
f 1267/1267/1267 1269/1269/1269 1270/1270/1270
f 1270/1270/1270 1268/1268/1268 1267/1267/1267
f 1270/1270/1270 1269/1269/1269 1271/1271/1271
f 1271/1271/1271 1272/1272/1272 1270/1270/1270
f 1273/1273/1273 1274/1274/1274 1275/1275/1275
f 1275/1275/1275 1276/1276/1276 1273/1273/1273
f 1277/1277/1277 1276/1276/1276 1275/1275/1275
f 1275/1275/1275 1278/1278/1278 1277/1277/1277
f 1279/1279/1279 1280/1280/1280 1281/1281/1281
f 1281/1281/1281 1282/1282/1282 1279/1279/1279
f 1283/1283/1283 1284/1284/1284 1285/1285/1285
f 1285/1285/1285 1286/1286/1286 1283/1283/1283
f 1287/1287/1287 1288/1288/1288 1289/1289/1289
f 1289/1289/1289 1290/1290/1290 1287/1287/1287
f 1291/1291/1291 1292/1292/1292 1293/1293/1293
f 1293/1293/1293 1294/1294/1294 1291/1291/1291
f 1293/1293/1293 1295/1295/1295 1296/1296/1296
f 1296/1296/1296 1294/1294/1294 1293/1293/1293
f 1297/1297/1297 1298/1298/1298 1299/1299/1299
f 1299/1299/1299 1300/1300/1300 1297/1297/1297
f 1301/1301/1301 1302/1302/1302 1303/1303/1303
f 1303/1303/1303 1304/1304/1304 1301/1301/1301
f 1305/1305/1305 1306/1306/1306 1307/1307/1307
f 1307/1307/1307 1308/1308/1308 1305/1305/1305
f 1309/1309/1309 1310/1310/1310 1311/1311/1311
f 1311/1311/1311 1312/1312/1312 1309/1309/1309
f 1313/1313/1313 1314/1314/1314 1315/1315/1315
f 1315/1315/1315 1316/1316/1316 1313/1313/1313
f 1317/1317/1317 1318/1318/1318 1319/1319/1319
f 1319/1319/1319 1320/1320/1320 1317/1317/1317
f 1321/1321/1321 1322/1322/1322 1323/1323/1323
f 1323/1323/1323 1324/1324/1324 1321/1321/1321
f 1325/1325/1325 1326/1326/1326 1327/1327/1327
f 1327/1327/1327 1328/1328/1328 1325/1325/1325
f 1329/1329/1329 1330/1330/1330 1331/1331/1331
f 1331/1331/1331 1332/1332/1332 1329/1329/1329
f 1333/1333/1333 1334/1334/1334 1335/1335/1335
f 1335/1335/1335 1336/1336/1336 1333/1333/1333
f 1337/1337/1337 1338/1338/1338 1339/1339/1339
f 1339/1339/1339 1340/1340/1340 1337/1337/1337
f 1341/1341/1341 1342/1342/1342 1343/1343/1343
f 1343/1343/1343 1344/1344/1344 1341/1341/1341
f 1345/1345/1345 1346/1346/1346 1347/1347/1347
f 1347/1347/1347 1348/1348/1348 1345/1345/1345
f 1349/1349/1349 1350/1350/1350 1351/1351/1351
f 1351/1351/1351 1352/1352/1352 1349/1349/1349
f 1353/1353/1353 1354/1354/1354 1355/1355/1355
f 1355/1355/1355 1356/1356/1356 1353/1353/1353
f 1357/1357/1357 1358/1358/1358 1359/1359/1359
f 1359/1359/1359 1360/1360/1360 1357/1357/1357
f 1361/1361/1361 1362/1362/1362 1363/1363/1363
f 1363/1363/1363 1364/1364/1364 1361/1361/1361
f 1365/1365/1365 1366/1366/1366 1367/1367/1367
f 1367/1367/1367 1368/1368/1368 1365/1365/1365
f 1369/1369/1369 1370/1370/1370 1371/1371/1371
f 1371/1371/1371 1372/1372/1372 1369/1369/1369
f 1373/1373/1373 1374/1374/1374 1375/1375/1375
f 1375/1375/1375 1376/1376/1376 1373/1373/1373
f 1377/1377/1377 1376/1376/1376 1375/1375/1375
f 1375/1375/1375 1378/1378/1378 1377/1377/1377
f 1379/1379/1379 1380/1380/1380 1381/1381/1381
f 1381/1381/1381 1382/1382/1382 1379/1379/1379
f 1383/1383/1383 1382/1382/1382 1381/1381/1381
f 1381/1381/1381 1375/1375/1375 1383/1383/1383
f 1384/1384/1384 1385/1385/1385 1386/1386/1386
f 1386/1386/1386 1387/1387/1387 1384/1384/1384
f 1388/1388/1388 1387/1387/1387 1386/1386/1386
f 1386/1386/1386 1381/1381/1381 1388/1388/1388
f 1375/1375/1375 1381/1381/1381 1386/1386/1386
f 1386/1386/1386 1378/1378/1378 1375/1375/1375
f 1386/1386/1386 1389/1389/1389 1390/1390/1390
f 1390/1390/1390 1378/1378/1378 1386/1386/1386
f 1378/1378/1378 1390/1390/1390 1391/1391/1391
f 1391/1391/1391 1392/1392/1392 1378/1378/1378
f 1393/1393/1393 1394/1394/1394 1395/1395/1395
f 1395/1395/1395 1396/1396/1396 1393/1393/1393
f 1397/1397/1397 1398/1398/1398 1399/1399/1399
f 1399/1399/1399 1400/1400/1400 1397/1397/1397
f 1401/1401/1401 1402/1402/1402 1403/1403/1403
f 1403/1403/1403 1404/1404/1404 1401/1401/1401
f 1405/1405/1405 1406/1406/1406 1407/1407/1407
f 1407/1407/1407 1408/1408/1408 1405/1405/1405
f 1409/1409/1409 1410/1410/1410 1396/1396/1396
f 1396/1396/1396 1395/1395/1395 1409/1409/1409
f 1411/1411/1411 1412/1412/1412 1394/1394/1394
f 1394/1394/1394 1393/1393/1393 1411/1411/1411
f 1413/1413/1413 1414/1414/1414 1400/1400/1400
f 1400/1400/1400 1399/1399/1399 1413/1413/1413
f 1415/1415/1415 1416/1416/1416 1404/1404/1404
f 1404/1404/1404 1403/1403/1403 1415/1415/1415
f 1417/1417/1417 1418/1418/1418 1410/1410/1410
f 1410/1410/1410 1409/1409/1409 1417/1417/1417
f 1419/1419/1419 1420/1420/1420 1421/1421/1421
f 1421/1421/1421 1422/1422/1422 1419/1419/1419
f 1398/1398/1398 1397/1397/1397 1420/1420/1420
f 1420/1420/1420 1419/1419/1419 1398/1398/1398
f 1423/1423/1423 1424/1424/1424 1412/1412/1412
f 1412/1412/1412 1411/1411/1411 1423/1423/1423
f 1425/1425/1425 1426/1426/1426 1427/1427/1427
f 1427/1427/1427 1428/1428/1428 1425/1425/1425
f 1408/1408/1408 1407/1407/1407 1426/1426/1426
f 1426/1426/1426 1425/1425/1425 1408/1408/1408
f 1414/1414/1414 1413/1413/1413 1429/1429/1429
f 1429/1429/1429 1430/1430/1430 1414/1414/1414
f 1431/1431/1431 1432/1432/1432 1433/1433/1433
f 1433/1433/1433 1434/1434/1434 1431/1431/1431
f 1401/1401/1401 1432/1432/1432 1431/1431/1431
f 1431/1431/1431 1402/1402/1402 1401/1401/1401
f 1435/1435/1435 1436/1436/1436 1416/1416/1416
f 1416/1416/1416 1415/1415/1415 1435/1435/1435
f 1437/1437/1437 1438/1438/1438 1439/1439/1439
f 1439/1439/1439 1440/1440/1440 1437/1437/1437
f 1438/1438/1438 1437/1437/1437 1406/1406/1406
f 1406/1406/1406 1405/1405/1405 1438/1438/1438
f 1441/1441/1441 1442/1442/1442 1443/1443/1443
f 1443/1443/1443 1444/1444/1444 1441/1441/1441
f 1445/1445/1445 1446/1446/1446 1447/1447/1447
f 1447/1447/1447 1448/1448/1448 1445/1445/1445
f 1449/1449/1449 1450/1450/1450 1451/1451/1451
f 1451/1451/1451 1452/1452/1452 1449/1449/1449
f 1453/1453/1453 1454/1454/1454 1455/1455/1455
f 1455/1455/1455 1456/1456/1456 1453/1453/1453
f 1394/1394/1394 1412/1412/1412 1457/1457/1457
f 1457/1457/1457 1458/1458/1458 1394/1394/1394
f 1459/1459/1459 1398/1398/1398 1419/1419/1419
f 1419/1419/1419 1460/1460/1460 1459/1459/1459
f 1461/1461/1461 1462/1462/1462 1406/1406/1406
f 1406/1406/1406 1437/1437/1437 1461/1461/1461
f 1463/1463/1463 1464/1464/1464 1402/1402/1402
f 1402/1402/1402 1431/1431/1431 1463/1463/1463
f 1407/1407/1407 1465/1465/1465 1466/1466/1466
f 1466/1466/1466 1426/1426/1426 1407/1407/1407
f 1426/1426/1426 1466/1466/1466 1467/1467/1467
f 1467/1467/1467 1427/1427/1427 1426/1426/1426
f 1412/1412/1412 1424/1424/1424 1468/1468/1468
f 1468/1468/1468 1457/1457/1457 1412/1412/1412
f 1469/1469/1469 1470/1470/1470 1409/1409/1409
f 1409/1409/1409 1395/1395/1395 1469/1469/1469
f 1409/1409/1409 1470/1470/1470 1471/1471/1471
f 1471/1471/1471 1417/1417/1417 1409/1409/1409
f 1472/1472/1472 1460/1460/1460 1419/1419/1419
f 1419/1419/1419 1422/1422/1422 1472/1472/1472
f 1473/1473/1473 1415/1415/1415 1403/1403/1403
f 1403/1403/1403 1474/1474/1474 1473/1473/1473
f 1473/1473/1473 1475/1475/1475 1435/1435/1435
f 1435/1435/1435 1415/1415/1415 1473/1473/1473
f 1440/1440/1440 1476/1476/1476 1461/1461/1461
f 1461/1461/1461 1437/1437/1437 1440/1440/1440
f 1399/1399/1399 1477/1477/1477 1478/1478/1478
f 1478/1478/1478 1413/1413/1413 1399/1399/1399
f 1478/1478/1478 1479/1479/1479 1429/1429/1429
f 1429/1429/1429 1413/1413/1413 1478/1478/1478
f 1431/1431/1431 1434/1434/1434 1480/1480/1480
f 1480/1480/1480 1463/1463/1463 1431/1431/1431
f 1469/1469/1469 1395/1395/1395 1394/1394/1394
f 1394/1394/1394 1458/1458/1458 1469/1469/1469
f 1477/1477/1477 1399/1399/1399 1398/1398/1398
f 1398/1398/1398 1459/1459/1459 1477/1477/1477
f 1474/1474/1474 1403/1403/1403 1402/1402/1402
f 1402/1402/1402 1464/1464/1464 1474/1474/1474
f 1462/1462/1462 1465/1465/1465 1407/1407/1407
f 1407/1407/1407 1406/1406/1406 1462/1462/1462
f 1443/1443/1443 1481/1481/1481 1482/1482/1482
f 1482/1482/1482 1444/1444/1444 1443/1443/1443
f 1447/1447/1447 1446/1446/1446 1483/1483/1483
f 1483/1483/1483 1484/1484/1484 1447/1447/1447
f 1485/1485/1485 1486/1486/1486 1456/1456/1456
f 1456/1456/1456 1455/1455/1455 1485/1485/1485
f 1451/1451/1451 1450/1450/1450 1487/1487/1487
f 1487/1487/1487 1488/1488/1488 1451/1451/1451
f 1489/1489/1489 1454/1454/1454 1453/1453/1453
f 1453/1453/1453 1490/1490/1490 1489/1489/1489
f 1491/1491/1491 1489/1489/1489 1490/1490/1490
f 1490/1490/1490 1492/1492/1492 1491/1491/1491
f 1491/1491/1491 1492/1492/1492 1482/1482/1482
f 1482/1482/1482 1481/1481/1481 1491/1491/1491
f 1493/1493/1493 1442/1442/1442 1441/1441/1441
f 1441/1441/1441 1494/1494/1494 1493/1493/1493
f 1494/1494/1494 1495/1495/1495 1496/1496/1496
f 1496/1496/1496 1493/1493/1493 1494/1494/1494
f 1484/1484/1484 1483/1483/1483 1496/1496/1496
f 1496/1496/1496 1495/1495/1495 1484/1484/1484
f 1452/1452/1452 1497/1497/1497 1498/1498/1498
f 1498/1498/1498 1449/1449/1449 1452/1452/1452
f 1499/1499/1499 1498/1498/1498 1497/1497/1497
f 1497/1497/1497 1500/1500/1500 1499/1499/1499
f 1499/1499/1499 1500/1500/1500 1486/1486/1486
f 1486/1486/1486 1485/1485/1485 1499/1499/1499
f 1448/1448/1448 1501/1501/1501 1502/1502/1502
f 1502/1502/1502 1445/1445/1445 1448/1448/1448
f 1502/1502/1502 1501/1501/1501 1503/1503/1503
f 1503/1503/1503 1504/1504/1504 1502/1502/1502
f 1503/1503/1503 1488/1488/1488 1487/1487/1487
f 1487/1487/1487 1504/1504/1504 1503/1503/1503
f 1505/1505/1505 1506/1506/1506 1507/1507/1507
f 1507/1507/1507 1508/1508/1508 1505/1505/1505
f 1509/1509/1509 1510/1510/1510 1511/1511/1511
f 1511/1511/1511 1512/1512/1512 1509/1509/1509
f 1513/1513/1513 1514/1514/1514 1515/1515/1515
f 1515/1515/1515 1516/1516/1516 1513/1513/1513
f 1517/1517/1517 1518/1518/1518 1519/1519/1519
f 1519/1519/1519 1520/1520/1520 1517/1517/1517
f 1521/1521/1521 1522/1522/1522 1523/1523/1523
f 1523/1523/1523 1524/1524/1524 1521/1521/1521
f 1525/1525/1525 1526/1526/1526 1527/1527/1527
f 1527/1527/1527 1528/1528/1528 1525/1525/1525
f 1529/1529/1529 1530/1530/1530 1531/1531/1531
f 1531/1531/1531 1532/1532/1532 1529/1529/1529
f 1531/1531/1531 1533/1533/1533 1532/1532/1532
f 1534/1534/1534 1529/1529/1529 1532/1532/1532
f 1535/1535/1535 1536/1536/1536 1537/1537/1537
f 1537/1537/1537 1538/1538/1538 1535/1535/1535
f 1539/1539/1539 1537/1537/1537 1536/1536/1536
f 1536/1536/1536 1540/1540/1540 1539/1539/1539
f 1539/1539/1539 1540/1540/1540 1541/1541/1541
f 1541/1541/1541 1542/1542/1542 1539/1539/1539
f 1541/1541/1541 1543/1543/1543 1544/1544/1544
f 1544/1544/1544 1542/1542/1542 1541/1541/1541
f 1545/1545/1545 1544/1544/1544 1543/1543/1543
f 1543/1543/1543 1546/1546/1546 1545/1545/1545
f 1538/1538/1538 1545/1545/1545 1546/1546/1546
f 1546/1546/1546 1535/1535/1535 1538/1538/1538
f 1547/1547/1547 1548/1548/1548 1549/1549/1549
f 1549/1549/1549 1550/1550/1550 1547/1547/1547
f 1551/1551/1551 1552/1552/1552 1553/1553/1553
f 1553/1553/1553 1554/1554/1554 1551/1551/1551
f 1555/1555/1555 1556/1556/1556 1557/1557/1557
f 1557/1557/1557 1558/1558/1558 1555/1555/1555
f 1559/1559/1559 1560/1560/1560 1561/1561/1561
f 1561/1561/1561 1562/1562/1562 1559/1559/1559
f 1563/1563/1563 1564/1564/1564 1565/1565/1565
f 1565/1565/1565 1566/1566/1566 1563/1563/1563
f 1567/1567/1567 1568/1568/1568 1569/1569/1569
f 1569/1569/1569 1570/1570/1570 1567/1567/1567
f 1571/1571/1571 1572/1572/1572 1573/1573/1573
f 1573/1573/1573 1574/1574/1574 1571/1571/1571
f 1573/1573/1573 1575/1575/1575 1574/1574/1574
f 1576/1576/1576 1571/1571/1571 1574/1574/1574
f 1577/1577/1577 1578/1578/1578 1579/1579/1579
f 1579/1579/1579 1580/1580/1580 1577/1577/1577
f 1581/1581/1581 1582/1582/1582 1583/1583/1583
f 1583/1583/1583 1584/1584/1584 1581/1581/1581
f 1585/1585/1585 1586/1586/1586 1587/1587/1587
f 1587/1587/1587 1588/1588/1588 1585/1585/1585
f 1589/1589/1589 1590/1590/1590 1591/1591/1591
f 1591/1591/1591 1592/1592/1592 1589/1589/1589
f 1593/1593/1593 1594/1594/1594 1595/1595/1595
f 1595/1595/1595 1596/1596/1596 1593/1593/1593
f 1597/1597/1597 1598/1598/1598 1599/1599/1599
f 1599/1599/1599 1600/1600/1600 1597/1597/1597
f 1601/1601/1601 1602/1602/1602 1603/1603/1603
f 1603/1603/1603 1604/1604/1604 1601/1601/1601
f 1605/1605/1605 1606/1606/1606 1607/1607/1607
f 1607/1607/1607 1608/1608/1608 1605/1605/1605
f 1609/1609/1609 1610/1610/1610 1611/1611/1611
f 1611/1611/1611 1612/1612/1612 1609/1609/1609
f 1613/1613/1613 1614/1614/1614 1615/1615/1615
f 1615/1615/1615 1616/1616/1616 1613/1613/1613
f 1617/1617/1617 1618/1618/1618 1619/1619/1619
f 1619/1619/1619 1620/1620/1620 1617/1617/1617
f 1621/1621/1621 1622/1622/1622 1623/1623/1623
f 1623/1623/1623 1624/1624/1624 1621/1621/1621
f 1625/1625/1625 1626/1626/1626 1627/1627/1627
f 1627/1627/1627 1628/1628/1628 1625/1625/1625
f 1627/1627/1627 1629/1629/1629 1628/1628/1628
f 1630/1630/1630 1625/1625/1625 1628/1628/1628
f 1631/1631/1631 1632/1632/1632 1633/1633/1633
f 1633/1633/1633 1634/1634/1634 1631/1631/1631
f 1635/1635/1635 1636/1636/1636 1637/1637/1637
f 1637/1637/1637 1638/1638/1638 1635/1635/1635
f 1635/1635/1635 1639/1639/1639 1640/1640/1640
f 1640/1640/1640 1636/1636/1636 1635/1635/1635
f 1640/1640/1640 1639/1639/1639 1641/1641/1641
f 1641/1641/1641 1642/1642/1642 1640/1640/1640
f 1643/1643/1643 1642/1642/1642 1641/1641/1641
f 1641/1641/1641 1644/1644/1644 1643/1643/1643
f 1645/1645/1645 1646/1646/1646 1647/1647/1647
f 1647/1647/1647 1648/1648/1648 1645/1645/1645
f 1649/1649/1649 1650/1650/1650 1651/1651/1651
f 1651/1651/1651 1652/1652/1652 1649/1649/1649
f 1653/1653/1653 1654/1654/1654 1655/1655/1655
f 1655/1655/1655 1656/1656/1656 1653/1653/1653
f 1657/1657/1657 1658/1658/1658 1659/1659/1659
f 1659/1659/1659 1660/1660/1660 1657/1657/1657
f 1661/1661/1661 1662/1662/1662 1663/1663/1663
f 1663/1663/1663 1664/1664/1664 1661/1661/1661
f 1665/1665/1665 1666/1666/1666 1667/1667/1667
f 1667/1667/1667 1668/1668/1668 1665/1665/1665
f 1669/1669/1669 1670/1670/1670 1671/1671/1671
f 1671/1671/1671 1672/1672/1672 1669/1669/1669
f 1673/1673/1673 1674/1674/1674 1675/1675/1675
f 1675/1675/1675 1676/1676/1676 1673/1673/1673
f 1675/1675/1675 1677/1677/1677 1676/1676/1676
f 1678/1678/1678 1673/1673/1673 1676/1676/1676
f 1679/1679/1679 1680/1680/1680 1681/1681/1681
f 1681/1681/1681 1682/1682/1682 1679/1679/1679
f 1683/1683/1683 1684/1684/1684 1685/1685/1685
f 1685/1685/1685 1686/1686/1686 1683/1683/1683
f 1687/1687/1687 1688/1688/1688 1689/1689/1689
f 1689/1689/1689 1690/1690/1690 1687/1687/1687
f 1691/1691/1691 1692/1692/1692 1693/1693/1693
f 1693/1693/1693 1694/1694/1694 1691/1691/1691
f 1695/1695/1695 1696/1696/1696 1697/1697/1697
f 1697/1697/1697 1698/1698/1698 1695/1695/1695
f 1699/1699/1699 1700/1700/1700 1701/1701/1701
f 1701/1701/1701 1702/1702/1702 1699/1699/1699
f 1703/1703/1703 1704/1704/1704 1705/1705/1705
f 1705/1705/1705 1706/1706/1706 1703/1703/1703
f 1706/1706/1706 1705/1705/1705 1707/1707/1707
f 1707/1707/1707 1708/1708/1708 1706/1706/1706
f 1709/1709/1709 1710/1710/1710 1711/1711/1711
f 1711/1711/1711 1712/1712/1712 1709/1709/1709
f 1712/1712/1712 1711/1711/1711 1713/1713/1713
f 1713/1713/1713 1714/1714/1714 1712/1712/1712
f 1714/1714/1714 1713/1713/1713 1715/1715/1715
f 1715/1715/1715 1716/1716/1716 1714/1714/1714
f 1716/1716/1716 1715/1715/1715 1717/1717/1717
f 1717/1717/1717 1718/1718/1718 1716/1716/1716
f 1718/1718/1718 1717/1717/1717 1719/1719/1719
f 1719/1719/1719 1720/1720/1720 1718/1718/1718
f 1721/1721/1721 1722/1722/1722 1723/1723/1723
f 1723/1723/1723 1724/1724/1724 1721/1721/1721
f 1724/1724/1724 1723/1723/1723 1725/1725/1725
f 1725/1725/1725 1726/1726/1726 1724/1724/1724
f 1726/1726/1726 1725/1725/1725 1727/1727/1727
f 1727/1727/1727 1728/1728/1728 1726/1726/1726
f 1728/1728/1728 1727/1727/1727 1729/1729/1729
f 1729/1729/1729 1730/1730/1730 1728/1728/1728
f 1731/1731/1731 1732/1732/1732 1733/1733/1733
f 1733/1733/1733 1734/1734/1734 1731/1731/1731
f 1734/1734/1734 1733/1733/1733 1735/1735/1735
f 1735/1735/1735 1736/1736/1736 1734/1734/1734
f 1736/1736/1736 1735/1735/1735 1737/1737/1737
f 1737/1737/1737 1738/1738/1738 1736/1736/1736
f 1738/1738/1738 1737/1737/1737 1739/1739/1739
f 1739/1739/1739 1740/1740/1740 1738/1738/1738
f 1740/1740/1740 1739/1739/1739 1741/1741/1741
f 1741/1741/1741 1742/1742/1742 1740/1740/1740
f 1743/1743/1743 1744/1744/1744 1745/1745/1745
f 1745/1745/1745 1746/1746/1746 1743/1743/1743
f 1746/1746/1746 1745/1745/1745 1704/1704/1704
f 1704/1704/1704 1703/1703/1703 1746/1746/1746
f 1747/1747/1747 1748/1748/1748 1749/1749/1749
f 1749/1749/1749 1750/1750/1750 1747/1747/1747
f 1749/1749/1749 1751/1751/1751 1752/1752/1752
f 1752/1752/1752 1753/1753/1753 1749/1749/1749
f 1752/1752/1752 1754/1754/1754 1753/1753/1753
f 1755/1755/1755 1753/1753/1753 1756/1756/1756
f 1756/1756/1756 1757/1757/1757 1755/1755/1755
f 1757/1757/1757 1758/1758/1758 1755/1755/1755
f 1750/1750/1750 1749/1749/1749 1753/1753/1753
f 1753/1753/1753 1755/1755/1755 1750/1750/1750
f 1755/1755/1755 1759/1759/1759 1760/1760/1760
f 1760/1760/1760 1750/1750/1750 1755/1755/1755
f 1760/1760/1760 1761/1761/1761 1750/1750/1750
f 1762/1762/1762 1747/1747/1747 1750/1750/1750
f 1750/1750/1750 1763/1763/1763 1762/1762/1762
f 1764/1764/1764 1747/1747/1747 1762/1762/1762
f 1765/1765/1765 1766/1766/1766 1767/1767/1767
f 1767/1767/1767 1768/1768/1768 1765/1765/1765
f 1769/1769/1769 1766/1766/1766 1765/1765/1765
f 1765/1765/1765 1770/1770/1770 1769/1769/1769
f 1771/1771/1771 1772/1772/1772 1769/1769/1769
f 1769/1769/1769 1770/1770/1770 1771/1771/1771
f 1772/1772/1772 1771/1771/1771 1773/1773/1773
f 1773/1773/1773 1774/1774/1774 1772/1772/1772
f 1775/1775/1775 1774/1774/1774 1773/1773/1773
f 1773/1773/1773 1776/1776/1776 1775/1775/1775
f 1777/1777/1777 1775/1775/1775 1776/1776/1776
f 1776/1776/1776 1778/1778/1778 1777/1777/1777
f 1779/1779/1779 1777/1777/1777 1778/1778/1778
f 1778/1778/1778 1780/1780/1780 1779/1779/1779
f 1781/1781/1781 1779/1779/1779 1780/1780/1780
f 1780/1780/1780 1782/1782/1782 1781/1781/1781
f 1783/1783/1783 1781/1781/1781 1782/1782/1782
f 1782/1782/1782 1784/1784/1784 1783/1783/1783
f 1785/1785/1785 1783/1783/1783 1784/1784/1784
f 1784/1784/1784 1786/1786/1786 1785/1785/1785
f 1787/1787/1787 1785/1785/1785 1786/1786/1786
f 1786/1786/1786 1788/1788/1788 1787/1787/1787
f 1789/1789/1789 1790/1790/1790 1787/1787/1787
f 1787/1787/1787 1788/1788/1788 1789/1789/1789
f 1791/1791/1791 1792/1792/1792 1790/1790/1790
f 1790/1790/1790 1789/1789/1789 1791/1791/1791
f 1793/1793/1793 1794/1794/1794 1792/1792/1792
f 1792/1792/1792 1791/1791/1791 1793/1793/1793
f 1795/1795/1795 1794/1794/1794 1793/1793/1793
f 1793/1793/1793 1796/1796/1796 1795/1795/1795
f 1797/1797/1797 1795/1795/1795 1796/1796/1796
f 1796/1796/1796 1798/1798/1798 1797/1797/1797
f 1798/1798/1798 1799/1799/1799 1800/1800/1800
f 1800/1800/1800 1797/1797/1797 1798/1798/1798
f 1767/1767/1767 1800/1800/1800 1799/1799/1799
f 1799/1799/1799 1768/1768/1768 1767/1767/1767
f 1801/1801/1801 1802/1802/1802 1803/1803/1803
f 1803/1803/1803 1804/1804/1804 1801/1801/1801
f 1801/1801/1801 1805/1805/1805 1806/1806/1806
f 1806/1806/1806 1802/1802/1802 1801/1801/1801
f 1807/1807/1807 1808/1808/1808 1809/1809/1809
f 1809/1809/1809 1810/1810/1810 1807/1807/1807
f 1807/1807/1807 1811/1811/1811 1812/1812/1812
f 1812/1812/1812 1808/1808/1808 1807/1807/1807
f 1813/1813/1813 1812/1812/1812 1811/1811/1811
f 1811/1811/1811 1814/1814/1814 1813/1813/1813
f 1813/1813/1813 1814/1814/1814 1815/1815/1815
f 1815/1815/1815 1816/1816/1816 1813/1813/1813
f 1817/1817/1817 1818/1818/1818 1816/1816/1816
f 1816/1816/1816 1815/1815/1815 1817/1817/1817
f 1819/1819/1819 1820/1820/1820 1821/1821/1821
f 1821/1821/1821 1822/1822/1822 1819/1819/1819
f 1823/1823/1823 1824/1824/1824 1820/1820/1820
f 1820/1820/1820 1819/1819/1819 1823/1823/1823
f 1823/1823/1823 1825/1825/1825 1826/1826/1826
f 1826/1826/1826 1824/1824/1824 1823/1823/1823
f 1826/1826/1826 1825/1825/1825 1827/1827/1827
f 1827/1827/1827 1828/1828/1828 1826/1826/1826
f 1829/1829/1829 1830/1830/1830 1831/1831/1831
f 1831/1831/1831 1832/1832/1832 1829/1829/1829
f 1833/1833/1833 1834/1834/1834 1829/1829/1829
f 1829/1829/1829 1832/1832/1832 1833/1833/1833
f 1835/1835/1835 1836/1836/1836 1834/1834/1834
f 1834/1834/1834 1833/1833/1833 1835/1835/1835
f 1837/1837/1837 1836/1836/1836 1835/1835/1835
f 1835/1835/1835 1838/1838/1838 1837/1837/1837
f 1839/1839/1839 1840/1840/1840 1837/1837/1837
f 1837/1837/1837 1838/1838/1838 1839/1839/1839
f 1841/1841/1841 1842/1842/1842 1843/1843/1843
f 1843/1843/1843 1844/1844/1844 1841/1841/1841
f 1804/1804/1804 1803/1803/1803 1844/1844/1844
f 1844/1844/1844 1843/1843/1843 1804/1804/1804
f 1845/1845/1845 1846/1846/1846 1847/1847/1847
f 1847/1847/1847 1848/1848/1848 1845/1845/1845
f 1849/1849/1849 1850/1850/1850 1846/1846/1846
f 1846/1846/1846 1845/1845/1845 1849/1849/1849
f 1851/1851/1851 1852/1852/1852 1850/1850/1850
f 1850/1850/1850 1849/1849/1849 1851/1851/1851
f 1853/1853/1853 1852/1852/1852 1851/1851/1851
f 1851/1851/1851 1854/1854/1854 1853/1853/1853
f 1854/1854/1854 1855/1855/1855 1856/1856/1856
f 1856/1856/1856 1853/1853/1853 1854/1854/1854
f 1857/1857/1857 1856/1856/1856 1855/1855/1855
f 1855/1855/1855 1858/1858/1858 1857/1857/1857
f 1859/1859/1859 1857/1857/1857 1858/1858/1858
f 1858/1858/1858 1860/1860/1860 1859/1859/1859
f 1859/1859/1859 1860/1860/1860 1861/1861/1861
f 1861/1861/1861 1862/1862/1862 1859/1859/1859
f 1863/1863/1863 1862/1862/1862 1861/1861/1861
f 1861/1861/1861 1864/1864/1864 1863/1863/1863
f 1865/1865/1865 1863/1863/1863 1864/1864/1864
f 1864/1864/1864 1866/1866/1866 1865/1865/1865
f 1865/1865/1865 1866/1866/1866 1867/1867/1867
f 1867/1867/1867 1868/1868/1868 1865/1865/1865
f 1868/1868/1868 1867/1867/1867 1869/1869/1869
f 1869/1869/1869 1870/1870/1870 1868/1868/1868
f 1871/1871/1871 1870/1870/1870 1869/1869/1869
f 1869/1869/1869 1872/1872/1872 1871/1871/1871
f 1873/1873/1873 1874/1874/1874 1871/1871/1871
f 1871/1871/1871 1872/1872/1872 1873/1873/1873
f 1875/1875/1875 1876/1876/1876 1874/1874/1874
f 1874/1874/1874 1873/1873/1873 1875/1875/1875
f 1875/1875/1875 1877/1877/1877 1878/1878/1878
f 1878/1878/1878 1876/1876/1876 1875/1875/1875
f 1879/1879/1879 1880/1880/1880 1878/1878/1878
f 1878/1878/1878 1877/1877/1877 1879/1879/1879
f 1880/1880/1880 1879/1879/1879 1848/1848/1848
f 1848/1848/1848 1847/1847/1847 1880/1880/1880
f 1881/1881/1881 1882/1882/1882 1883/1883/1883
f 1883/1883/1883 1884/1884/1884 1881/1881/1881
f 1882/1882/1882 1881/1881/1881 1885/1885/1885
f 1885/1885/1885 1886/1886/1886 1882/1882/1882
f 1887/1887/1887 1888/1888/1888 1889/1889/1889
f 1889/1889/1889 1890/1890/1890 1887/1887/1887
f 1887/1887/1887 1891/1891/1891 1892/1892/1892
f 1892/1892/1892 1888/1888/1888 1887/1887/1887
f 1893/1893/1893 1894/1894/1894 1892/1892/1892
f 1892/1892/1892 1891/1891/1891 1893/1893/1893
f 1894/1894/1894 1893/1893/1893 1895/1895/1895
f 1895/1895/1895 1896/1896/1896 1894/1894/1894
f 1897/1897/1897 1896/1896/1896 1895/1895/1895
f 1895/1895/1895 1898/1898/1898 1897/1897/1897
f 1899/1899/1899 1900/1900/1900 1901/1901/1901
f 1901/1901/1901 1902/1902/1902 1899/1899/1899
f 1903/1903/1903 1902/1902/1902 1901/1901/1901
f 1901/1901/1901 1904/1904/1904 1903/1903/1903
f 1905/1905/1905 1903/1903/1903 1904/1904/1904
f 1904/1904/1904 1906/1906/1906 1905/1905/1905
f 1905/1905/1905 1906/1906/1906 1907/1907/1907
f 1907/1907/1907 1908/1908/1908 1905/1905/1905
f 1909/1909/1909 1910/1910/1910 1911/1911/1911
f 1911/1911/1911 1912/1912/1912 1909/1909/1909
f 1912/1912/1912 1911/1911/1911 1913/1913/1913
f 1913/1913/1913 1914/1914/1914 1912/1912/1912
f 1915/1915/1915 1916/1916/1916 1914/1914/1914
f 1914/1914/1914 1913/1913/1913 1915/1915/1915
f 1917/1917/1917 1916/1916/1916 1915/1915/1915
f 1915/1915/1915 1918/1918/1918 1917/1917/1917
f 1918/1918/1918 1919/1919/1919 1920/1920/1920
f 1920/1920/1920 1917/1917/1917 1918/1918/1918
f 1921/1921/1921 1922/1922/1922 1923/1923/1923
f 1923/1923/1923 1924/1924/1924 1921/1921/1921
f 1884/1884/1884 1883/1883/1883 1921/1921/1921
f 1921/1921/1921 1924/1924/1924 1884/1884/1884
f 1925/1925/1925 1926/1926/1926 1927/1927/1927
f 1927/1927/1927 1928/1928/1928 1925/1925/1925
f 1929/1929/1929 1926/1926/1926 1925/1925/1925
f 1925/1925/1925 1930/1930/1930 1929/1929/1929
f 1931/1931/1931 1932/1932/1932 1933/1933/1933
f 1933/1933/1933 1934/1934/1934 1931/1931/1931
f 1935/1935/1935 1936/1936/1936 1932/1932/1932
f 1932/1932/1932 1931/1931/1931 1935/1935/1935
f 1935/1935/1935 1937/1937/1937 1938/1938/1938
f 1938/1938/1938 1936/1936/1936 1935/1935/1935
f 1937/1937/1937 1939/1939/1939 1940/1940/1940
f 1940/1940/1940 1938/1938/1938 1937/1937/1937
f 1941/1941/1941 1940/1940/1940 1939/1939/1939
f 1939/1939/1939 1942/1942/1942 1941/1941/1941
f 1943/1943/1943 1944/1944/1944 1945/1945/1945
f 1945/1945/1945 1946/1946/1946 1943/1943/1943
f 1943/1943/1943 1947/1947/1947 1948/1948/1948
f 1948/1948/1948 1944/1944/1944 1943/1943/1943
f 1949/1949/1949 1948/1948/1948 1947/1947/1947
f 1947/1947/1947 1950/1950/1950 1949/1949/1949
f 1950/1950/1950 1951/1951/1951 1952/1952/1952
f 1952/1952/1952 1949/1949/1949 1950/1950/1950
f 1953/1953/1953 1954/1954/1954 1955/1955/1955
f 1955/1955/1955 1956/1956/1956 1953/1953/1953
f 1957/1957/1957 1953/1953/1953 1956/1956/1956
f 1956/1956/1956 1958/1958/1958 1957/1957/1957
f 1958/1958/1958 1959/1959/1959 1960/1960/1960
f 1960/1960/1960 1957/1957/1957 1958/1958/1958
f 1961/1961/1961 1960/1960/1960 1959/1959/1959
f 1959/1959/1959 1962/1962/1962 1961/1961/1961
f 1962/1962/1962 1963/1963/1963 1964/1964/1964
f 1964/1964/1964 1961/1961/1961 1962/1962/1962
f 1965/1965/1965 1966/1966/1966 1967/1967/1967
f 1967/1967/1967 1968/1968/1968 1965/1965/1965
f 1928/1928/1928 1927/1927/1927 1965/1965/1965
f 1965/1965/1965 1968/1968/1968 1928/1928/1928
f 1969/1969/1969 1970/1970/1970 1971/1971/1971
f 1971/1971/1971 1972/1972/1972 1969/1969/1969
f 1971/1971/1971 1973/1973/1973 1974/1974/1974
f 1974/1974/1974 1975/1975/1975 1971/1971/1971
f 1974/1974/1974 1976/1976/1976 1975/1975/1975
f 1975/1975/1975 1977/1977/1977 1978/1978/1978
f 1978/1978/1978 1979/1979/1979 1975/1975/1975
f 1978/1978/1978 1980/1980/1980 1979/1979/1979
f 1979/1979/1979 1972/1972/1972 1971/1971/1971
f 1971/1971/1971 1975/1975/1975 1979/1979/1979
f 1981/1981/1981 1972/1972/1972 1979/1979/1979
f 1979/1979/1979 1982/1982/1982 1981/1981/1981
f 1981/1981/1981 1983/1983/1983 1972/1972/1972
f 1969/1969/1969 1972/1972/1972 1984/1984/1984
f 1984/1984/1984 1985/1985/1985 1969/1969/1969
f 1986/1986/1986 1969/1969/1969 1985/1985/1985
f 1987/1987/1987 1988/1988/1988 1989/1989/1989
f 1989/1989/1989 1990/1990/1990 1987/1987/1987
f 1991/1991/1991 1992/1992/1992 1993/1993/1993
f 1993/1993/1993 1994/1994/1994 1991/1991/1991
f 1989/1989/1989 1995/1995/1995 1996/1996/1996
f 1996/1996/1996 1990/1990/1990 1989/1989/1989
f 1997/1997/1997 1994/1994/1994 1993/1993/1993
f 1993/1993/1993 1998/1998/1998 1997/1997/1997
f 1999/1999/1999 2000/2000/2000 2001/2001/2001
f 2001/2001/2001 2002/2002/2002 1999/1999/1999
f 2003/2003/2003 2004/2004/2004 2005/2005/2005
f 2005/2005/2005 2006/2006/2006 2003/2003/2003
f 1999/1999/1999 2002/2002/2002 2007/2007/2007
f 2007/2007/2007 2008/2008/2008 1999/1999/1999
f 2009/2009/2009 2005/2005/2005 2004/2004/2004
f 2004/2004/2004 2010/2010/2010 2009/2009/2009
f 2008/2008/2008 2007/2007/2007 2011/2011/2011
f 2011/2011/2011 2012/2012/2012 2008/2008/2008
f 2009/2009/2009 2010/2010/2010 2013/2013/2013
f 2013/2013/2013 2014/2014/2014 2009/2009/2009
f 2012/2012/2012 2011/2011/2011 2015/2015/2015
f 2015/2015/2015 2016/2016/2016 2012/2012/2012
f 2017/2017/2017 2014/2014/2014 2013/2013/2013
f 2013/2013/2013 2018/2018/2018 2017/2017/2017
f 2019/2019/2019 2016/2016/2016 2015/2015/2015
f 2015/2015/2015 2020/2020/2020 2019/2019/2019
f 2021/2021/2021 2017/2017/2017 2018/2018/2018
f 2018/2018/2018 2022/2022/2022 2021/2021/2021
f 2023/2023/2023 2024/2024/2024 2025/2025/2025
f 2025/2025/2025 2026/2026/2026 2023/2023/2023
f 2027/2027/2027 2028/2028/2028 2029/2029/2029
f 2029/2029/2029 2030/2030/2030 2027/2027/2027
f 2031/2031/2031 2023/2023/2023 2026/2026/2026
f 2026/2026/2026 2032/2032/2032 2031/2031/2031
f 2028/2028/2028 2033/2033/2033 2034/2034/2034
f 2034/2034/2034 2029/2029/2029 2028/2028/2028
f 2035/2035/2035 2031/2031/2031 2032/2032/2032
f 2032/2032/2032 2036/2036/2036 2035/2035/2035
f 2033/2033/2033 2037/2037/2037 2038/2038/2038
f 2038/2038/2038 2034/2034/2034 2033/2033/2033
f 2036/2036/2036 2039/2039/2039 2040/2040/2040
f 2040/2040/2040 2035/2035/2035 2036/2036/2036
f 2041/2041/2041 2038/2038/2038 2037/2037/2037
f 2037/2037/2037 2042/2042/2042 2041/2041/2041
f 2043/2043/2043 2044/2044/2044 2045/2045/2045
f 2045/2045/2045 2046/2046/2046 2043/2043/2043
f 2047/2047/2047 2048/2048/2048 2049/2049/2049
f 2049/2049/2049 2050/2050/2050 2047/2047/2047
f 2051/2051/2051 2052/2052/2052 2043/2043/2043
f 2043/2043/2043 2046/2046/2046 2051/2051/2051
f 2049/2049/2049 2053/2053/2053 2054/2054/2054
f 2054/2054/2054 2050/2050/2050 2049/2049/2049
f 2052/2052/2052 2051/2051/2051 2055/2055/2055
f 2055/2055/2055 2056/2056/2056 2052/2052/2052
f 2057/2057/2057 2054/2054/2054 2053/2053/2053
f 2053/2053/2053 2058/2058/2058 2057/2057/2057
f 2055/2055/2055 2059/2059/2059 2060/2060/2060
f 2060/2060/2060 2056/2056/2056 2055/2055/2055
f 2061/2061/2061 2057/2057/2057 2058/2058/2058
f 2058/2058/2058 2062/2062/2062 2061/2061/2061
f 2063/2063/2063 2060/2060/2060 2059/2059/2059
f 2059/2059/2059 2064/2064/2064 2063/2063/2063
f 2065/2065/2065 2061/2061/2061 2062/2062/2062
f 2062/2062/2062 2066/2066/2066 2065/2065/2065
f 2067/2067/2067 2068/2068/2068 2069/2069/2069
f 2069/2069/2069 2070/2070/2070 2067/2067/2067
f 2071/2071/2071 2072/2072/2072 2073/2073/2073
f 2073/2073/2073 2074/2074/2074 2071/2071/2071
f 1987/1987/1987 2067/2067/2067 2070/2070/2070
f 2070/2070/2070 1988/1988/1988 1987/1987/1987
f 2073/2073/2073 1992/1992/1992 1991/1991/1991
f 1991/1991/1991 2074/2074/2074 2073/2073/2073
f 2075/2075/2075 2076/2076/2076 2077/2077/2077
f 2077/2077/2077 2078/2078/2078 2075/2075/2075
f 2079/2079/2079 2078/2078/2078 2077/2077/2077
f 2077/2077/2077 2080/2080/2080 2079/2079/2079
f 2079/2079/2079 2080/2080/2080 2081/2081/2081
f 2081/2081/2081 2082/2082/2082 2079/2079/2079
f 2081/2081/2081 2083/2083/2083 2084/2084/2084
f 2084/2084/2084 2082/2082/2082 2081/2081/2081
f 2085/2085/2085 2086/2086/2086 2084/2084/2084
f 2084/2084/2084 2083/2083/2083 2085/2085/2085
f 2085/2085/2085 2087/2087/2087 2088/2088/2088
f 2088/2088/2088 2086/2086/2086 2085/2085/2085
f 2088/2088/2088 2087/2087/2087 2089/2089/2089
f 2089/2089/2089 2090/2090/2090 2088/2088/2088
f 2090/2090/2090 2089/2089/2089 2091/2091/2091
f 2091/2091/2091 2092/2092/2092 2090/2090/2090
f 2093/2093/2093 2092/2092/2092 2091/2091/2091
f 2091/2091/2091 2094/2094/2094 2093/2093/2093
f 2094/2094/2094 2095/2095/2095 2096/2096/2096
f 2096/2096/2096 2093/2093/2093 2094/2094/2094
f 2096/2096/2096 2095/2095/2095 2097/2097/2097
f 2097/2097/2097 2098/2098/2098 2096/2096/2096
f 2098/2098/2098 2097/2097/2097 2099/2099/2099
f 2099/2099/2099 2100/2100/2100 2098/2098/2098
f 2101/2101/2101 2100/2100/2100 2099/2099/2099
f 2099/2099/2099 2102/2102/2102 2101/2101/2101
f 2103/2103/2103 2104/2104/2104 2101/2101/2101
f 2101/2101/2101 2102/2102/2102 2103/2103/2103
f 2105/2105/2105 2104/2104/2104 2103/2103/2103
f 2103/2103/2103 2106/2106/2106 2105/2105/2105
f 2105/2105/2105 2106/2106/2106 2107/2107/2107
f 2107/2107/2107 2108/2108/2108 2105/2105/2105
f 2108/2108/2108 2107/2107/2107 2109/2109/2109
f 2109/2109/2109 2110/2110/2110 2108/2108/2108
f 2075/2075/2075 2110/2110/2110 2109/2109/2109
f 2109/2109/2109 2076/2076/2076 2075/2075/2075
f 2111/2111/2111 2112/2112/2112 2077/2077/2077
f 2077/2077/2077 2076/2076/2076 2111/2111/2111
f 2080/2080/2080 2077/2077/2077 2112/2112/2112
f 2112/2112/2112 2113/2113/2113 2080/2080/2080
f 2113/2113/2113 2114/2114/2114 2081/2081/2081
f 2081/2081/2081 2080/2080/2080 2113/2113/2113
f 2083/2083/2083 2081/2081/2081 2114/2114/2114
f 2114/2114/2114 2115/2115/2115 2083/2083/2083
f 2083/2083/2083 2115/2115/2115 2116/2116/2116
f 2116/2116/2116 2085/2085/2085 2083/2083/2083
f 2116/2116/2116 2117/2117/2117 2087/2087/2087
f 2087/2087/2087 2085/2085/2085 2116/2116/2116
f 2087/2087/2087 2117/2117/2117 2118/2118/2118
f 2118/2118/2118 2089/2089/2089 2087/2087/2087
f 2118/2118/2118 2119/2119/2119 2091/2091/2091
f 2091/2091/2091 2089/2089/2089 2118/2118/2118
f 2094/2094/2094 2091/2091/2091 2119/2119/2119
f 2119/2119/2119 2120/2120/2120 2094/2094/2094
f 2094/2094/2094 2120/2120/2120 2121/2121/2121
f 2121/2121/2121 2095/2095/2095 2094/2094/2094
f 2095/2095/2095 2121/2121/2121 2122/2122/2122
f 2122/2122/2122 2097/2097/2097 2095/2095/2095
f 2099/2099/2099 2097/2097/2097 2122/2122/2122
f 2122/2122/2122 2123/2123/2123 2099/2099/2099
f 2099/2099/2099 2123/2123/2123 2124/2124/2124
f 2124/2124/2124 2102/2102/2102 2099/2099/2099
f 2103/2103/2103 2102/2102/2102 2124/2124/2124
f 2124/2124/2124 2125/2125/2125 2103/2103/2103
f 2103/2103/2103 2125/2125/2125 2126/2126/2126
f 2126/2126/2126 2106/2106/2106 2103/2103/2103
f 2106/2106/2106 2126/2126/2126 2127/2127/2127
f 2127/2127/2127 2107/2107/2107 2106/2106/2106
f 2107/2107/2107 2127/2127/2127 2128/2128/2128
f 2128/2128/2128 2109/2109/2109 2107/2107/2107
f 2109/2109/2109 2128/2128/2128 2111/2111/2111
f 2111/2111/2111 2076/2076/2076 2109/2109/2109
f 2129/2129/2129 2130/2130/2130 2131/2131/2131
f 2131/2131/2131 2132/2132/2132 2129/2129/2129
f 2133/2133/2133 2129/2129/2129 2132/2132/2132
f 2132/2132/2132 2134/2134/2134 2133/2133/2133
f 2133/2133/2133 2134/2134/2134 2135/2135/2135
f 2135/2135/2135 2136/2136/2136 2133/2133/2133
f 2136/2136/2136 2135/2135/2135 2137/2137/2137
f 2137/2137/2137 2138/2138/2138 2136/2136/2136
f 2138/2138/2138 2137/2137/2137 2139/2139/2139
f 2139/2139/2139 2140/2140/2140 2138/2138/2138
f 2140/2140/2140 2139/2139/2139 2141/2141/2141
f 2141/2141/2141 2142/2142/2142 2140/2140/2140
f 2142/2142/2142 2141/2141/2141 2143/2143/2143
f 2143/2143/2143 2144/2144/2144 2142/2142/2142
f 2144/2144/2144 2143/2143/2143 2145/2145/2145
f 2145/2145/2145 2146/2146/2146 2144/2144/2144
f 2147/2147/2147 2146/2146/2146 2145/2145/2145
f 2145/2145/2145 2148/2148/2148 2147/2147/2147
f 2148/2148/2148 2149/2149/2149 2150/2150/2150
f 2150/2150/2150 2147/2147/2147 2148/2148/2148
f 2150/2150/2150 2149/2149/2149 2151/2151/2151
f 2151/2151/2151 2152/2152/2152 2150/2150/2150
f 2152/2152/2152 2151/2151/2151 2153/2153/2153
f 2153/2153/2153 2154/2154/2154 2152/2152/2152
f 2153/2153/2153 2155/2155/2155 2156/2156/2156
f 2156/2156/2156 2154/2154/2154 2153/2153/2153
f 2156/2156/2156 2155/2155/2155 2157/2157/2157
f 2157/2157/2157 2158/2158/2158 2156/2156/2156
f 2159/2159/2159 2158/2158/2158 2157/2157/2157
f 2157/2157/2157 2160/2160/2160 2159/2159/2159
f 2159/2159/2159 2160/2160/2160 2161/2161/2161
f 2161/2161/2161 2162/2162/2162 2159/2159/2159
f 2163/2163/2163 2162/2162/2162 2161/2161/2161
f 2161/2161/2161 2164/2164/2164 2163/2163/2163
f 2163/2163/2163 2164/2164/2164 2131/2131/2131
f 2131/2131/2131 2130/2130/2130 2163/2163/2163
f 2165/2165/2165 2166/2166/2166 2167/2167/2167
f 2167/2167/2167 2168/2168/2168 2165/2165/2165
f 2169/2169/2169 2170/2170/2170 2166/2166/2166
f 2166/2166/2166 2165/2165/2165 2169/2169/2169
f 2171/2171/2171 2172/2172/2172 2173/2173/2173
f 2173/2173/2173 2174/2174/2174 2171/2171/2171
f 2171/2171/2171 2175/2175/2175 2176/2176/2176
f 2176/2176/2176 2172/2172/2172 2171/2171/2171
f 2176/2176/2176 2175/2175/2175 2177/2177/2177
f 2177/2177/2177 2178/2178/2178 2176/2176/2176
f 2179/2179/2179 2180/2180/2180 2178/2178/2178
f 2178/2178/2178 2177/2177/2177 2179/2179/2179
f 2179/2179/2179 2181/2181/2181 2182/2182/2182
f 2182/2182/2182 2180/2180/2180 2179/2179/2179
f 2183/2183/2183 2184/2184/2184 2185/2185/2185
f 2185/2185/2185 2186/2186/2186 2183/2183/2183
f 2185/2185/2185 2184/2184/2184 2187/2187/2187
f 2187/2187/2187 2188/2188/2188 2185/2185/2185
f 2189/2189/2189 2188/2188/2188 2187/2187/2187
f 2187/2187/2187 2190/2190/2190 2189/2189/2189
f 2191/2191/2191 2189/2189/2189 2190/2190/2190
f 2190/2190/2190 2192/2192/2192 2191/2191/2191
f 2193/2193/2193 2194/2194/2194 2195/2195/2195
f 2195/2195/2195 2196/2196/2196 2193/2193/2193
f 2197/2197/2197 2194/2194/2194 2193/2193/2193
f 2193/2193/2193 2198/2198/2198 2197/2197/2197
f 2199/2199/2199 2197/2197/2197 2198/2198/2198
f 2198/2198/2198 2200/2200/2200 2199/2199/2199
f 2201/2201/2201 2202/2202/2202 2199/2199/2199
f 2199/2199/2199 2200/2200/2200 2201/2201/2201
f 2203/2203/2203 2202/2202/2202 2201/2201/2201
f 2201/2201/2201 2204/2204/2204 2203/2203/2203
f 2205/2205/2205 2206/2206/2206 2207/2207/2207
f 2207/2207/2207 2208/2208/2208 2205/2205/2205
f 2206/2206/2206 2205/2205/2205 2168/2168/2168
f 2168/2168/2168 2167/2167/2167 2206/2206/2206
f 2209/2209/2209 2210/2210/2210 1925/1925/1925
f 1925/1925/1925 1928/1928/1928 2209/2209/2209
f 2209/2209/2209 1928/1928/1928 1968/1968/1968
f 1968/1968/1968 2211/2211/2211 2209/2209/2209
f 1967/1967/1967 2212/2212/2212 2211/2211/2211
f 2211/2211/2211 1968/1968/1968 1967/1967/1967
f 2213/2213/2213 2214/2214/2214 1963/1963/1963
f 1963/1963/1963 1962/1962/1962 2213/2213/2213
f 2215/2215/2215 2213/2213/2213 1962/1962/1962
f 1962/1962/1962 1959/1959/1959 2215/2215/2215
f 1958/1958/1958 2216/2216/2216 2215/2215/2215
f 2215/2215/2215 1959/1959/1959 1958/1958/1958
f 1958/1958/1958 1956/1956/1956 2217/2217/2217
f 2217/2217/2217 2216/2216/2216 1958/1958/1958
f 2217/2217/2217 1956/1956/1956 1955/1955/1955
f 1955/1955/1955 2218/2218/2218 2217/2217/2217
f 1950/1950/1950 2219/2219/2219 2220/2220/2220
f 2220/2220/2220 1951/1951/1951 1950/1950/1950
f 1947/1947/1947 2221/2221/2221 2219/2219/2219
f 2219/2219/2219 1950/1950/1950 1947/1947/1947
f 2222/2222/2222 2221/2221/2221 1947/1947/1947
f 1947/1947/1947 1943/1943/1943 2222/2222/2222
f 2223/2223/2223 2222/2222/2222 1943/1943/1943
f 1943/1943/1943 1946/1946/1946 2223/2223/2223
f 1939/1939/1939 2224/2224/2224 2225/2225/2225
f 2225/2225/2225 1942/1942/1942 1939/1939/1939
f 1939/1939/1939 1937/1937/1937 2226/2226/2226
f 2226/2226/2226 2224/2224/2224 1939/1939/1939
f 1935/1935/1935 2227/2227/2227 2226/2226/2226
f 2226/2226/2226 1937/1937/1937 1935/1935/1935
f 2228/2228/2228 2227/2227/2227 1935/1935/1935
f 1935/1935/1935 1931/1931/1931 2228/2228/2228
f 1934/1934/1934 2229/2229/2229 2228/2228/2228
f 2228/2228/2228 1931/1931/1931 1934/1934/1934
f 1925/1925/1925 2210/2210/2210 2230/2230/2230
f 2230/2230/2230 1930/1930/1930 1925/1925/1925
f 2112/2112/2112 2111/2111/2111 2231/2231/2231
f 2231/2231/2231 2232/2232/2232 2112/2112/2112
f 2233/2233/2233 2113/2113/2113 2112/2112/2112
f 2112/2112/2112 2232/2232/2232 2233/2233/2233
f 2233/2233/2233 2234/2234/2234 2114/2114/2114
f 2114/2114/2114 2113/2113/2113 2233/2233/2233
f 2234/2234/2234 2235/2235/2235 2115/2115/2115
f 2115/2115/2115 2114/2114/2114 2234/2234/2234
f 2236/2236/2236 2116/2116/2116 2115/2115/2115
f 2115/2115/2115 2235/2235/2235 2236/2236/2236
f 2236/2236/2236 2237/2237/2237 2117/2117/2117
f 2117/2117/2117 2116/2116/2116 2236/2236/2236
f 2238/2238/2238 2118/2118/2118 2117/2117/2117
f 2117/2117/2117 2237/2237/2237 2238/2238/2238
f 2119/2119/2119 2118/2118/2118 2238/2238/2238
f 2238/2238/2238 2239/2239/2239 2119/2119/2119
f 2240/2240/2240 2120/2120/2120 2119/2119/2119
f 2119/2119/2119 2239/2239/2239 2240/2240/2240
f 2241/2241/2241 2121/2121/2121 2120/2120/2120
f 2120/2120/2120 2240/2240/2240 2241/2241/2241
f 2241/2241/2241 2242/2242/2242 2122/2122/2122
f 2122/2122/2122 2121/2121/2121 2241/2241/2241
f 2242/2242/2242 2243/2243/2243 2123/2123/2123
f 2123/2123/2123 2122/2122/2122 2242/2242/2242
f 2244/2244/2244 2124/2124/2124 2123/2123/2123
f 2123/2123/2123 2243/2243/2243 2244/2244/2244
f 2244/2244/2244 2245/2245/2245 2125/2125/2125
f 2125/2125/2125 2124/2124/2124 2244/2244/2244
f 2246/2246/2246 2126/2126/2126 2125/2125/2125
f 2125/2125/2125 2245/2245/2245 2246/2246/2246
f 2246/2246/2246 2247/2247/2247 2127/2127/2127
f 2127/2127/2127 2126/2126/2126 2246/2246/2246
f 2248/2248/2248 2128/2128/2128 2127/2127/2127
f 2127/2127/2127 2247/2247/2247 2248/2248/2248
f 2231/2231/2231 2111/2111/2111 2128/2128/2128
f 2128/2128/2128 2248/2248/2248 2231/2231/2231
f 2249/2249/2249 2250/2250/2250 2251/2251/2251
f 2251/2251/2251 2252/2252/2252 2249/2249/2249
f 2253/2253/2253 2251/2251/2251 2250/2250/2250
f 2250/2250/2250 2254/2254/2254 2253/2253/2253
f 2253/2253/2253 2255/2255/2255 2256/2256/2256
f 2256/2256/2256 2257/2257/2257 2253/2253/2253
f 2253/2253/2253 2257/2257/2257 2258/2258/2258
f 2258/2258/2258 2259/2259/2259 2253/2253/2253
f 2259/2259/2259 2260/2260/2260 2251/2251/2251
f 2251/2251/2251 2253/2253/2253 2259/2259/2259
f 2259/2259/2259 2261/2261/2261 2262/2262/2262
f 2262/2262/2262 2263/2263/2263 2259/2259/2259
f 2264/2264/2264 2260/2260/2260 2259/2259/2259
f 2259/2259/2259 2263/2263/2263 2264/2264/2264
f 2251/2251/2251 2260/2260/2260 2265/2265/2265
f 2265/2265/2265 2266/2266/2266 2251/2251/2251
f 2267/2267/2267 2265/2265/2265 2260/2260/2260
f 2260/2260/2260 2268/2268/2268 2267/2267/2267
f 2269/2269/2269 2270/2270/2270 2271/2271/2271
f 2271/2271/2271 2272/2272/2272 2269/2269/2269
f 2273/2273/2273 2274/2274/2274 2275/2275/2275
f 2275/2275/2275 2276/2276/2276 2273/2273/2273
f 2277/2277/2277 2278/2278/2278 2279/2279/2279
f 2279/2279/2279 2280/2280/2280 2277/2277/2277
f 2281/2281/2281 2282/2282/2282 2283/2283/2283
f 2283/2283/2283 2284/2284/2284 2281/2281/2281
f 2272/2272/2272 2285/2285/2285 2286/2286/2286
f 2286/2286/2286 2269/2269/2269 2272/2272/2272
f 2287/2287/2287 2288/2288/2288 2271/2271/2271
f 2271/2271/2271 2270/2270/2270 2287/2287/2287
f 2274/2274/2274 2289/2289/2289 2290/2290/2290
f 2290/2290/2290 2275/2275/2275 2274/2274/2274
f 2277/2277/2277 2280/2280/2280 2291/2291/2291
f 2291/2291/2291 2292/2292/2292 2277/2277/2277
f 2293/2293/2293 2294/2294/2294 2286/2286/2286
f 2286/2286/2286 2285/2285/2285 2293/2293/2293
f 2295/2295/2295 2296/2296/2296 2297/2297/2297
f 2297/2297/2297 2298/2298/2298 2295/2295/2295
f 2298/2298/2298 2273/2273/2273 2276/2276/2276
f 2276/2276/2276 2295/2295/2295 2298/2298/2298
f 2299/2299/2299 2288/2288/2288 2287/2287/2287
f 2287/2287/2287 2300/2300/2300 2299/2299/2299
f 2301/2301/2301 2302/2302/2302 2303/2303/2303
f 2303/2303/2303 2304/2304/2304 2301/2301/2301
f 2282/2282/2282 2302/2302/2302 2301/2301/2301
f 2301/2301/2301 2283/2283/2283 2282/2282/2282
f 2289/2289/2289 2305/2305/2305 2306/2306/2306
f 2306/2306/2306 2290/2290/2290 2289/2289/2289
f 2307/2307/2307 2308/2308/2308 2309/2309/2309
f 2309/2309/2309 2310/2310/2310 2307/2307/2307
f 2308/2308/2308 2307/2307/2307 2279/2279/2279
f 2279/2279/2279 2278/2278/2278 2308/2308/2308
f 2291/2291/2291 2311/2311/2311 2312/2312/2312
f 2312/2312/2312 2292/2292/2292 2291/2291/2291
f 2313/2313/2313 2314/2314/2314 2315/2315/2315
f 2315/2315/2315 2316/2316/2316 2313/2313/2313
f 2313/2313/2313 2316/2316/2316 2281/2281/2281
f 2281/2281/2281 2284/2284/2284 2313/2313/2313
f 2317/2317/2317 2318/2318/2318 2319/2319/2319
f 2319/2319/2319 2320/2320/2320 2317/2317/2317
f 2321/2321/2321 2322/2322/2322 2323/2323/2323
f 2323/2323/2323 2324/2324/2324 2321/2321/2321
f 2325/2325/2325 2326/2326/2326 2327/2327/2327
f 2327/2327/2327 2328/2328/2328 2325/2325/2325
f 2329/2329/2329 2330/2330/2330 2331/2331/2331
f 2331/2331/2331 2332/2332/2332 2329/2329/2329
f 2287/2287/2287 2270/2270/2270 2333/2333/2333
f 2333/2333/2333 2334/2334/2334 2287/2287/2287
f 2276/2276/2276 2335/2335/2335 2336/2336/2336
f 2336/2336/2336 2295/2295/2295 2276/2276/2276
f 2284/2284/2284 2337/2337/2337 2338/2338/2338
f 2338/2338/2338 2313/2313/2313 2284/2284/2284
f 2278/2278/2278 2339/2339/2339 2340/2340/2340
f 2340/2340/2340 2308/2308/2308 2278/2278/2278
f 2301/2301/2301 2341/2341/2341 2342/2342/2342
f 2342/2342/2342 2283/2283/2283 2301/2301/2301
f 2304/2304/2304 2343/2343/2343 2341/2341/2341
f 2341/2341/2341 2301/2301/2301 2304/2304/2304
f 2287/2287/2287 2334/2334/2334 2344/2344/2344
f 2344/2344/2344 2300/2300/2300 2287/2287/2287
f 2345/2345/2345 2269/2269/2269 2286/2286/2286
f 2286/2286/2286 2346/2346/2346 2345/2345/2345
f 2347/2347/2347 2346/2346/2346 2286/2286/2286
f 2286/2286/2286 2294/2294/2294 2347/2347/2347
f 2348/2348/2348 2296/2296/2296 2295/2295/2295
f 2295/2295/2295 2336/2336/2336 2348/2348/2348
f 2349/2349/2349 2277/2277/2277 2292/2292/2292
f 2292/2292/2292 2350/2350/2350 2349/2349/2349
f 2351/2351/2351 2350/2350/2350 2292/2292/2292
f 2292/2292/2292 2312/2312/2312 2351/2351/2351
f 2352/2352/2352 2314/2314/2314 2313/2313/2313
f 2313/2313/2313 2338/2338/2338 2352/2352/2352
f 2353/2353/2353 2354/2354/2354 2275/2275/2275
f 2275/2275/2275 2290/2290/2290 2353/2353/2353
f 2353/2353/2353 2290/2290/2290 2306/2306/2306
f 2306/2306/2306 2355/2355/2355 2353/2353/2353
f 2340/2340/2340 2356/2356/2356 2309/2309/2309
f 2309/2309/2309 2308/2308/2308 2340/2340/2340
f 2270/2270/2270 2269/2269/2269 2345/2345/2345
f 2345/2345/2345 2333/2333/2333 2270/2270/2270
f 2276/2276/2276 2275/2275/2275 2354/2354/2354
f 2354/2354/2354 2335/2335/2335 2276/2276/2276
f 2339/2339/2339 2278/2278/2278 2277/2277/2277
f 2277/2277/2277 2349/2349/2349 2339/2339/2339
f 2284/2284/2284 2283/2283/2283 2342/2342/2342
f 2342/2342/2342 2337/2337/2337 2284/2284/2284
f 2318/2318/2318 2317/2317/2317 2357/2357/2357
f 2357/2357/2357 2358/2358/2358 2318/2318/2318
f 2323/2323/2323 2359/2359/2359 2360/2360/2360
f 2360/2360/2360 2324/2324/2324 2323/2323/2323
f 2331/2331/2331 2361/2361/2361 2362/2362/2362
f 2362/2362/2362 2332/2332/2332 2331/2331/2331
f 2363/2363/2363 2326/2326/2326 2325/2325/2325
f 2325/2325/2325 2364/2364/2364 2363/2363/2363
f 2365/2365/2365 2366/2366/2366 2330/2330/2330
f 2330/2330/2330 2329/2329/2329 2365/2365/2365
f 2367/2367/2367 2368/2368/2368 2366/2366/2366
f 2366/2366/2366 2365/2365/2365 2367/2367/2367
f 2357/2357/2357 2368/2368/2368 2367/2367/2367
f 2367/2367/2367 2358/2358/2358 2357/2357/2357
f 2369/2369/2369 2370/2370/2370 2320/2320/2320
f 2320/2320/2320 2319/2319/2319 2369/2369/2369
f 2371/2371/2371 2372/2372/2372 2370/2370/2370
f 2370/2370/2370 2369/2369/2369 2371/2371/2371
f 2359/2359/2359 2372/2372/2372 2371/2371/2371
f 2371/2371/2371 2360/2360/2360 2359/2359/2359
f 2373/2373/2373 2328/2328/2328 2327/2327/2327
f 2327/2327/2327 2374/2374/2374 2373/2373/2373
f 2375/2375/2375 2376/2376/2376 2373/2373/2373
f 2373/2373/2373 2374/2374/2374 2375/2375/2375
f 2362/2362/2362 2361/2361/2361 2376/2376/2376
f 2376/2376/2376 2375/2375/2375 2362/2362/2362
f 2377/2377/2377 2378/2378/2378 2322/2322/2322
f 2322/2322/2322 2321/2321/2321 2377/2377/2377
f 2378/2378/2378 2377/2377/2377 2379/2379/2379
f 2379/2379/2379 2380/2380/2380 2378/2378/2378
f 2363/2363/2363 2364/2364/2364 2380/2380/2380
f 2380/2380/2380 2379/2379/2379 2363/2363/2363
f 2381/2381/2381 2382/2382/2382 2383/2383/2383
f 2383/2383/2383 2384/2384/2384 2381/2381/2381
f 2381/2381/2381 2384/2384/2384 2385/2385/2385
f 2385/2385/2385 2386/2386/2386 2381/2381/2381
f 2386/2386/2386 2387/2387/2387 2388/2388/2388
f 2388/2388/2388 2389/2389/2389 2386/2386/2386
f 2386/2386/2386 2389/2389/2389 2390/2390/2390
f 2390/2390/2390 2391/2391/2391 2386/2386/2386
f 2381/2381/2381 2386/2386/2386 2391/2391/2391
f 2391/2391/2391 2392/2392/2392 2381/2381/2381
f 2393/2393/2393 2391/2391/2391 2394/2394/2394
f 2394/2394/2394 2395/2395/2395 2393/2393/2393
f 2392/2392/2392 2391/2391/2391 2393/2393/2393
f 2393/2393/2393 2396/2396/2396 2392/2392/2392
f 2392/2392/2392 2397/2397/2397 2398/2398/2398
f 2398/2398/2398 2381/2381/2381 2392/2392/2392
f 2399/2399/2399 2397/2397/2397 2392/2392/2392
f 2392/2392/2392 2400/2400/2400 2399/2399/2399
f 2401/2401/2401 2402/2402/2402 2403/2403/2403
f 2403/2403/2403 2404/2404/2404 2401/2401/2401
f 2403/2403/2403 2405/2405/2405 2406/2406/2406
f 2406/2406/2406 2404/2404/2404 2403/2403/2403
f 2407/2407/2407 2406/2406/2406 2408/2408/2408
f 2408/2408/2408 2409/2409/2409 2407/2407/2407
f 2406/2406/2406 2407/2407/2407 2410/2410/2410
f 2410/2410/2410 2411/2411/2411 2406/2406/2406
f 2412/2412/2412 2404/2404/2404 2406/2406/2406
f 2406/2406/2406 2411/2411/2411 2412/2412/2412
f 2411/2411/2411 2413/2413/2413 2414/2414/2414
f 2414/2414/2414 2415/2415/2415 2411/2411/2411
f 2416/2416/2416 2412/2412/2412 2411/2411/2411
f 2411/2411/2411 2415/2415/2415 2416/2416/2416
f 2417/2417/2417 2418/2418/2418 2404/2404/2404
f 2404/2404/2404 2412/2412/2412 2417/2417/2417
f 2419/2419/2419 2420/2420/2420 2417/2417/2417
f 2417/2417/2417 2412/2412/2412 2419/2419/2419
f 2421/2421/2421 2422/2422/2422 2423/2423/2423
f 2423/2423/2423 2424/2424/2424 2421/2421/2421
f 2425/2425/2425 2426/2426/2426 2427/2427/2427
f 2427/2427/2427 2428/2428/2428 2425/2425/2425
f 2429/2429/2429 2430/2430/2430 2431/2431/2431
f 2431/2431/2431 2432/2432/2432 2429/2429/2429
f 2433/2433/2433 2434/2434/2434 2435/2435/2435
f 2435/2435/2435 2436/2436/2436 2433/2433/2433
f 2422/2422/2422 2421/2421/2421 2437/2437/2437
f 2437/2437/2437 2438/2438/2438 2422/2422/2422
f 2423/2423/2423 2439/2439/2439 2440/2440/2440
f 2440/2440/2440 2424/2424/2424 2423/2423/2423
f 2425/2425/2425 2441/2441/2441 2442/2442/2442
f 2442/2442/2442 2426/2426/2426 2425/2425/2425
f 2443/2443/2443 2430/2430/2430 2429/2429/2429
f 2429/2429/2429 2444/2444/2444 2443/2443/2443
f 2437/2437/2437 2445/2445/2445 2446/2446/2446
f 2446/2446/2446 2438/2438/2438 2437/2437/2437
f 2447/2447/2447 2448/2448/2448 2449/2449/2449
f 2449/2449/2449 2450/2450/2450 2447/2447/2447
f 2427/2427/2427 2448/2448/2448 2447/2447/2447
f 2447/2447/2447 2428/2428/2428 2427/2427/2427
f 2439/2439/2439 2451/2451/2451 2452/2452/2452
f 2452/2452/2452 2440/2440/2440 2439/2439/2439
f 2453/2453/2453 2454/2454/2454 2455/2455/2455
f 2455/2455/2455 2456/2456/2456 2453/2453/2453
f 2433/2433/2433 2436/2436/2436 2456/2456/2456
f 2456/2456/2456 2455/2455/2455 2433/2433/2433
f 2457/2457/2457 2458/2458/2458 2442/2442/2442
f 2442/2442/2442 2441/2441/2441 2457/2457/2457
f 2459/2459/2459 2460/2460/2460 2461/2461/2461
f 2461/2461/2461 2462/2462/2462 2459/2459/2459
f 2460/2460/2460 2459/2459/2459 2432/2432/2432
f 2432/2432/2432 2431/2431/2431 2460/2460/2460
f 2463/2463/2463 2464/2464/2464 2443/2443/2443
f 2443/2443/2443 2444/2444/2444 2463/2463/2463
f 2465/2465/2465 2466/2466/2466 2467/2467/2467
f 2467/2467/2467 2468/2468/2468 2465/2465/2465
f 2467/2467/2467 2466/2466/2466 2435/2435/2435
f 2435/2435/2435 2434/2434/2434 2467/2467/2467
f 2469/2469/2469 2470/2470/2470 2471/2471/2471
f 2471/2471/2471 2472/2472/2472 2469/2469/2469
f 2473/2473/2473 2474/2474/2474 2475/2475/2475
f 2475/2475/2475 2476/2476/2476 2473/2473/2473
f 2477/2477/2477 2478/2478/2478 2479/2479/2479
f 2479/2479/2479 2480/2480/2480 2477/2477/2477
f 2481/2481/2481 2482/2482/2482 2483/2483/2483
f 2483/2483/2483 2484/2484/2484 2481/2481/2481
f 2485/2485/2485 2486/2486/2486 2439/2439/2439
f 2439/2439/2439 2423/2423/2423 2485/2485/2485
f 2427/2427/2427 2487/2487/2487 2488/2488/2488
f 2488/2488/2488 2448/2448/2448 2427/2427/2427
f 2489/2489/2489 2490/2490/2490 2467/2467/2467
f 2467/2467/2467 2434/2434/2434 2489/2489/2489
f 2460/2460/2460 2431/2431/2431 2491/2491/2491
f 2491/2491/2491 2492/2492/2492 2460/2460/2460
f 2455/2455/2455 2493/2493/2493 2494/2494/2494
f 2494/2494/2494 2433/2433/2433 2455/2455/2455
f 2454/2454/2454 2495/2495/2495 2493/2493/2493
f 2493/2493/2493 2455/2455/2455 2454/2454/2454
f 2451/2451/2451 2439/2439/2439 2486/2486/2486
f 2486/2486/2486 2496/2496/2496 2451/2451/2451
f 2497/2497/2497 2498/2498/2498 2422/2422/2422
f 2422/2422/2422 2438/2438/2438 2497/2497/2497
f 2446/2446/2446 2499/2499/2499 2497/2497/2497
f 2497/2497/2497 2438/2438/2438 2446/2446/2446
f 2500/2500/2500 2449/2449/2449 2448/2448/2448
f 2448/2448/2448 2488/2488/2488 2500/2500/2500
f 2501/2501/2501 2430/2430/2430 2443/2443/2443
f 2443/2443/2443 2502/2502/2502 2501/2501/2501
f 2464/2464/2464 2503/2503/2503 2502/2502/2502
f 2502/2502/2502 2443/2443/2443 2464/2464/2464
f 2504/2504/2504 2468/2468/2468 2467/2467/2467
f 2467/2467/2467 2490/2490/2490 2504/2504/2504
f 2426/2426/2426 2442/2442/2442 2505/2505/2505
f 2505/2505/2505 2506/2506/2506 2426/2426/2426
f 2507/2507/2507 2505/2505/2505 2442/2442/2442
f 2442/2442/2442 2458/2458/2458 2507/2507/2507
f 2461/2461/2461 2460/2460/2460 2492/2492/2492
f 2492/2492/2492 2508/2508/2508 2461/2461/2461
f 2509/2509/2509 2471/2471/2471 2470/2470/2470
f 2470/2470/2470 2510/2510/2510 2509/2509/2509
f 2485/2485/2485 2423/2423/2423 2422/2422/2422
f 2422/2422/2422 2498/2498/2498 2485/2485/2485
f 2506/2506/2506 2511/2511/2511 2512/2512/2512
f 2512/2512/2512 2487/2487/2487 2506/2506/2506
f 2487/2487/2487 2427/2427/2427 2426/2426/2426
f 2426/2426/2426 2506/2506/2506 2487/2487/2487
f 2513/2513/2513 2477/2477/2477 2480/2480/2480
f 2480/2480/2480 2514/2514/2514 2513/2513/2513
f 2491/2491/2491 2431/2431/2431 2430/2430/2430
f 2430/2430/2430 2501/2501/2501 2491/2491/2491
f 2489/2489/2489 2494/2494/2494 2515/2515/2515
f 2515/2515/2515 2516/2516/2516 2489/2489/2489
f 2434/2434/2434 2433/2433/2433 2494/2494/2494
f 2494/2494/2494 2489/2489/2489 2434/2434/2434
f 2517/2517/2517 2518/2518/2518 2510/2510/2510
f 2510/2510/2510 2470/2470/2470 2517/2517/2517
f 2469/2469/2469 2519/2519/2519 2517/2517/2517
f 2517/2517/2517 2470/2470/2470 2469/2469/2469
f 2520/2520/2520 2521/2521/2521 2522/2522/2522
f 2522/2522/2522 2523/2523/2523 2520/2520/2520
f 2476/2476/2476 2475/2475/2475 2524/2524/2524
f 2524/2524/2524 2525/2525/2525 2476/2476/2476
f 2526/2526/2526 2527/2527/2527 2528/2528/2528
f 2528/2528/2528 2529/2529/2529 2526/2526/2526
f 2483/2483/2483 2530/2530/2530 2531/2531/2531
f 2531/2531/2531 2484/2484/2484 2483/2483/2483
f 2532/2532/2532 2533/2533/2533 2514/2514/2514
f 2514/2514/2514 2480/2480/2480 2532/2532/2532
f 2532/2532/2532 2480/2480/2480 2479/2479/2479
f 2479/2479/2479 2534/2534/2534 2532/2532/2532
f 2535/2535/2535 2536/2536/2536 2537/2537/2537
f 2537/2537/2537 2538/2538/2538 2535/2535/2535
f 2539/2539/2539 2540/2540/2540 2482/2482/2482
f 2482/2482/2482 2481/2481/2481 2539/2539/2539
f 2538/2538/2538 2537/2537/2537 2541/2541/2541
f 2541/2541/2541 2542/2542/2542 2538/2538/2538
f 2540/2540/2540 2539/2539/2539 2543/2543/2543
f 2543/2543/2543 2544/2544/2544 2540/2540/2540
f 2545/2545/2545 2546/2546/2546 2547/2547/2547
f 2547/2547/2547 2548/2548/2548 2545/2545/2545
f 2544/2544/2544 2543/2543/2543 2517/2517/2517
f 2517/2517/2517 2519/2519/2519 2544/2544/2544
f 2509/2509/2509 2549/2549/2549 2550/2550/2550
f 2550/2550/2550 2471/2471/2471 2509/2509/2509
f 2471/2471/2471 2550/2550/2550 2551/2551/2551
f 2551/2551/2551 2472/2472/2472 2471/2471/2471
f 2552/2552/2552 2553/2553/2553 2554/2554/2554
f 2554/2554/2554 2555/2555/2555 2552/2552/2552
f 2556/2556/2556 2551/2551/2551 2550/2550/2550
f 2550/2550/2550 2557/2557/2557 2556/2556/2556
f 2552/2552/2552 2521/2521/2521 2520/2520/2520
f 2520/2520/2520 2553/2553/2553 2552/2552/2552
f 2525/2525/2525 2524/2524/2524 2556/2556/2556
f 2556/2556/2556 2557/2557/2557 2525/2525/2525
f 2513/2513/2513 2558/2558/2558 2559/2559/2559
f 2559/2559/2559 2477/2477/2477 2513/2513/2513
f 2559/2559/2559 2560/2560/2560 2478/2478/2478
f 2478/2478/2478 2477/2477/2477 2559/2559/2559
f 2561/2561/2561 2562/2562/2562 2563/2563/2563
f 2563/2563/2563 2564/2564/2564 2561/2561/2561
f 2565/2565/2565 2560/2560/2560 2559/2559/2559
f 2559/2559/2559 2566/2566/2566 2565/2565/2565
f 2561/2561/2561 2527/2527/2527 2526/2526/2526
f 2526/2526/2526 2562/2562/2562 2561/2561/2561
f 2531/2531/2531 2530/2530/2530 2565/2565/2565
f 2565/2565/2565 2566/2566/2566 2531/2531/2531
f 2567/2567/2567 2568/2568/2568 2569/2569/2569
f 2569/2569/2569 2570/2570/2570 2567/2567/2567
f 2474/2474/2474 2473/2473/2473 2571/2571/2571
f 2571/2571/2571 2572/2572/2572 2474/2474/2474
f 2573/2573/2573 2574/2574/2574 2567/2567/2567
f 2567/2567/2567 2570/2570/2570 2573/2573/2573
f 2575/2575/2575 2576/2576/2576 2572/2572/2572
f 2572/2572/2572 2571/2571/2571 2575/2575/2575
f 2577/2577/2577 2533/2533/2533 2532/2532/2532
f 2532/2532/2532 2575/2575/2575 2577/2577/2577
f 2532/2532/2532 2534/2534/2534 2576/2576/2576
f 2576/2576/2576 2575/2575/2575 2532/2532/2532
f 2578/2578/2578 2579/2579/2579 2580/2580/2580
f 2580/2580/2580 2581/2581/2581 2578/2578/2578
f 2582/2582/2582 2583/2583/2583 2584/2584/2584
f 2584/2584/2584 2585/2585/2585 2582/2582/2582
f 2586/2586/2586 2587/2587/2587 2588/2588/2588
f 2588/2588/2588 2589/2589/2589 2586/2586/2586
f 2590/2590/2590 2591/2591/2591 2592/2592/2592
f 2592/2592/2592 2593/2593/2593 2590/2590/2590
f 2594/2594/2594 2595/2595/2595 2596/2596/2596
f 2596/2596/2596 2597/2597/2597 2594/2594/2594
f 2598/2598/2598 2599/2599/2599 2600/2600/2600
f 2600/2600/2600 2601/2601/2601 2598/2598/2598
f 2602/2602/2602 2603/2603/2603 2604/2604/2604
f 2604/2604/2604 2605/2605/2605 2602/2602/2602
f 2603/2603/2603 2606/2606/2606 2604/2604/2604
f 2607/2607/2607 2605/2605/2605 2604/2604/2604
f 2608/2608/2608 2609/2609/2609 2610/2610/2610
f 2610/2610/2610 2611/2611/2611 2608/2608/2608
f 2612/2612/2612 2613/2613/2613 2614/2614/2614
f 2614/2614/2614 2615/2615/2615 2612/2612/2612
f 2616/2616/2616 2617/2617/2617 2618/2618/2618
f 2618/2618/2618 2619/2619/2619 2616/2616/2616
f 2620/2620/2620 2621/2621/2621 2622/2622/2622
f 2622/2622/2622 2623/2623/2623 2620/2620/2620
f 2624/2624/2624 2625/2625/2625 2626/2626/2626
f 2626/2626/2626 2627/2627/2627 2624/2624/2624
f 2628/2628/2628 2629/2629/2629 2630/2630/2630
f 2630/2630/2630 2631/2631/2631 2628/2628/2628
f 2632/2632/2632 2633/2633/2633 2634/2634/2634
f 2634/2634/2634 2635/2635/2635 2632/2632/2632
f 2636/2636/2636 2637/2637/2637 2638/2638/2638
f 2638/2638/2638 2639/2639/2639 2636/2636/2636
f 2640/2640/2640 2641/2641/2641 2642/2642/2642
f 2642/2642/2642 2643/2643/2643 2640/2640/2640
f 2644/2644/2644 2645/2645/2645 2646/2646/2646
f 2646/2646/2646 2647/2647/2647 2644/2644/2644
f 2648/2648/2648 2649/2649/2649 2650/2650/2650
f 2650/2650/2650 2651/2651/2651 2648/2648/2648
f 2652/2652/2652 2653/2653/2653 2654/2654/2654
f 2654/2654/2654 2655/2655/2655 2652/2652/2652
f 2656/2656/2656 2657/2657/2657 2658/2658/2658
f 2658/2658/2658 2659/2659/2659 2656/2656/2656
f 2658/2658/2658 2660/2660/2660 2659/2659/2659
f 2661/2661/2661 2656/2656/2656 2659/2659/2659
f 2662/2662/2662 2663/2663/2663 2664/2664/2664
f 2664/2664/2664 2665/2665/2665 2662/2662/2662
f 2666/2666/2666 2667/2667/2667 2668/2668/2668
f 2668/2668/2668 2669/2669/2669 2666/2666/2666
f 2670/2670/2670 2671/2671/2671 2672/2672/2672
f 2672/2672/2672 2673/2673/2673 2670/2670/2670
f 2674/2674/2674 2675/2675/2675 2676/2676/2676
f 2676/2676/2676 2677/2677/2677 2674/2674/2674
f 2678/2678/2678 2679/2679/2679 2680/2680/2680
f 2680/2680/2680 2681/2681/2681 2678/2678/2678
f 2682/2682/2682 2683/2683/2683 2684/2684/2684
f 2684/2684/2684 2685/2685/2685 2682/2682/2682
f 2686/2686/2686 2687/2687/2687 2688/2688/2688
f 2688/2688/2688 2689/2689/2689 2686/2686/2686
f 2690/2690/2690 2691/2691/2691 2692/2692/2692
f 2692/2692/2692 2693/2693/2693 2690/2690/2690
f 2694/2694/2694 2695/2695/2695 2696/2696/2696
f 2696/2696/2696 2697/2697/2697 2694/2694/2694
f 2698/2698/2698 2699/2699/2699 2700/2700/2700
f 2700/2700/2700 2701/2701/2701 2698/2698/2698
f 2702/2702/2702 2703/2703/2703 2704/2704/2704
f 2704/2704/2704 2705/2705/2705 2702/2702/2702
f 2706/2706/2706 2707/2707/2707 2708/2708/2708
f 2708/2708/2708 2709/2709/2709 2706/2706/2706
f 2710/2710/2710 2711/2711/2711 2712/2712/2712
f 2712/2712/2712 2713/2713/2713 2710/2710/2710
f 2712/2712/2712 2714/2714/2714 2713/2713/2713
f 2715/2715/2715 2710/2710/2710 2713/2713/2713
f 2716/2716/2716 2717/2717/2717 2718/2718/2718
f 2718/2718/2718 2719/2719/2719 2716/2716/2716
f 2720/2720/2720 2721/2721/2721 2718/2718/2718
f 2718/2718/2718 2717/2717/2717 2720/2720/2720
f 2722/2722/2722 2723/2723/2723 2724/2724/2724
f 2724/2724/2724 2725/2725/2725 2722/2722/2722
f 2726/2726/2726 2727/2727/2727 2728/2728/2728
f 2728/2728/2728 2729/2729/2729 2726/2726/2726
f 2730/2730/2730 2731/2731/2731 2732/2732/2732
f 2732/2732/2732 2733/2733/2733 2730/2730/2730
f 2732/2732/2732 2716/2716/2716 2719/2719/2719
f 2719/2719/2719 2733/2733/2733 2732/2732/2732
f 2734/2734/2734 2735/2735/2735 2736/2736/2736
f 2736/2736/2736 2737/2737/2737 2734/2734/2734
f 2738/2738/2738 2739/2739/2739 2740/2740/2740
f 2740/2740/2740 2741/2741/2741 2738/2738/2738
f 2742/2742/2742 2743/2743/2743 2744/2744/2744
f 2744/2744/2744 2745/2745/2745 2742/2742/2742
f 2746/2746/2746 2747/2747/2747 2748/2748/2748
f 2748/2748/2748 2749/2749/2749 2746/2746/2746
f 2750/2750/2750 2751/2751/2751 2752/2752/2752
f 2752/2752/2752 2753/2753/2753 2750/2750/2750
f 2754/2754/2754 2755/2755/2755 2756/2756/2756
f 2756/2756/2756 2757/2757/2757 2754/2754/2754
f 2758/2758/2758 2759/2759/2759 2760/2760/2760
f 2760/2760/2760 2761/2761/2761 2758/2758/2758
f 2760/2760/2760 2762/2762/2762 2761/2761/2761
f 2763/2763/2763 2758/2758/2758 2761/2761/2761
f 2764/2764/2764 2765/2765/2765 2766/2766/2766
f 2766/2766/2766 2767/2767/2767 2764/2764/2764
f 2768/2768/2768 2769/2769/2769 2770/2770/2770
f 2770/2770/2770 2771/2771/2771 2768/2768/2768
f 2772/2772/2772 2773/2773/2773 2774/2774/2774
f 2774/2774/2774 2775/2775/2775 2772/2772/2772
f 2776/2776/2776 2777/2777/2777 2778/2778/2778
f 2778/2778/2778 2779/2779/2779 2776/2776/2776
f 2780/2780/2780 2781/2781/2781 2782/2782/2782
f 2782/2782/2782 2783/2783/2783 2780/2780/2780
f 2784/2784/2784 2785/2785/2785 2786/2786/2786
f 2786/2786/2786 2787/2787/2787 2784/2784/2784
f 2788/2788/2788 2789/2789/2789 2790/2790/2790
f 2790/2790/2790 2791/2791/2791 2788/2788/2788
f 2792/2792/2792 2793/2793/2793 2794/2794/2794
f 2794/2794/2794 2795/2795/2795 2792/2792/2792
f 2796/2796/2796 2797/2797/2797 2798/2798/2798
f 2798/2798/2798 2799/2799/2799 2796/2796/2796
f 2800/2800/2800 2801/2801/2801 2802/2802/2802
f 2802/2802/2802 2803/2803/2803 2800/2800/2800
f 2804/2804/2804 2805/2805/2805 2806/2806/2806
f 2806/2806/2806 2807/2807/2807 2804/2804/2804
f 2808/2808/2808 2809/2809/2809 2810/2810/2810
f 2810/2810/2810 2811/2811/2811 2808/2808/2808
f 2812/2812/2812 2813/2813/2813 2814/2814/2814
f 2814/2814/2814 2815/2815/2815 2812/2812/2812
f 2814/2814/2814 2816/2816/2816 2815/2815/2815
f 2817/2817/2817 2812/2812/2812 2815/2815/2815
f 2818/2818/2818 2819/2819/2819 2820/2820/2820
f 2820/2820/2820 2821/2821/2821 2818/2818/2818
f 2822/2822/2822 2823/2823/2823 2824/2824/2824
f 2824/2824/2824 2825/2825/2825 2822/2822/2822
f 2826/2826/2826 2827/2827/2827 2828/2828/2828
f 2828/2828/2828 2829/2829/2829 2826/2826/2826
f 2830/2830/2830 2831/2831/2831 2832/2832/2832
f 2832/2832/2832 2833/2833/2833 2830/2830/2830
f 2834/2834/2834 2835/2835/2835 2836/2836/2836
f 2836/2836/2836 2837/2837/2837 2834/2834/2834
f 2838/2838/2838 2839/2839/2839 2840/2840/2840
f 2840/2840/2840 2841/2841/2841 2838/2838/2838
f 2842/2842/2842 2843/2843/2843 2844/2844/2844
f 2844/2844/2844 2845/2845/2845 2842/2842/2842
f 2846/2846/2846 2847/2847/2847 2848/2848/2848
f 2848/2848/2848 2849/2849/2849 2846/2846/2846
f 2850/2850/2850 2851/2851/2851 2852/2852/2852
f 2852/2852/2852 2853/2853/2853 2850/2850/2850
f 2854/2854/2854 2855/2855/2855 2856/2856/2856
f 2856/2856/2856 2857/2857/2857 2854/2854/2854
f 2858/2858/2858 2859/2859/2859 2860/2860/2860
f 2860/2860/2860 2861/2861/2861 2858/2858/2858
f 2862/2862/2862 2863/2863/2863 2864/2864/2864
f 2864/2864/2864 2865/2865/2865 2862/2862/2862
f 2866/2866/2866 2867/2867/2867 2868/2868/2868
f 2868/2868/2868 2869/2869/2869 2866/2866/2866
f 2868/2868/2868 2870/2870/2870 2869/2869/2869
f 2871/2871/2871 2866/2866/2866 2869/2869/2869
f 2872/2872/2872 2873/2873/2873 2874/2874/2874
f 2874/2874/2874 2875/2875/2875 2872/2872/2872
f 2876/2876/2876 2877/2877/2877 2878/2878/2878
f 2878/2878/2878 2879/2879/2879 2876/2876/2876
f 2880/2880/2880 2881/2881/2881 2882/2882/2882
f 2882/2882/2882 2883/2883/2883 2880/2880/2880
f 2884/2884/2884 2885/2885/2885 2886/2886/2886
f 2886/2886/2886 2887/2887/2887 2884/2884/2884
f 2888/2888/2888 2889/2889/2889 2890/2890/2890
f 2890/2890/2890 2891/2891/2891 2888/2888/2888
f 2892/2892/2892 2893/2893/2893 2894/2894/2894
f 2894/2894/2894 2895/2895/2895 2892/2892/2892
f 2896/2896/2896 2897/2897/2897 2898/2898/2898
f 2898/2898/2898 2899/2899/2899 2896/2896/2896
f 2900/2900/2900 2901/2901/2901 2902/2902/2902
f 2902/2902/2902 2903/2903/2903 2900/2900/2900
f 2904/2904/2904 2905/2905/2905 2906/2906/2906
f 2906/2906/2906 2907/2907/2907 2904/2904/2904
f 2908/2908/2908 2909/2909/2909 2910/2910/2910
f 2910/2910/2910 2911/2911/2911 2908/2908/2908
f 2912/2912/2912 2913/2913/2913 2914/2914/2914
f 2914/2914/2914 2915/2915/2915 2912/2912/2912
f 2916/2916/2916 2917/2917/2917 2918/2918/2918
f 2918/2918/2918 2919/2919/2919 2916/2916/2916
f 2920/2920/2920 2921/2921/2921 2922/2922/2922
f 2922/2922/2922 2923/2923/2923 2920/2920/2920
f 2922/2922/2922 2924/2924/2924 2923/2923/2923
f 2925/2925/2925 2920/2920/2920 2923/2923/2923
f 2926/2926/2926 2927/2927/2927 2928/2928/2928
f 2928/2928/2928 2929/2929/2929 2926/2926/2926
f 2930/2930/2930 2931/2931/2931 2932/2932/2932
f 2932/2932/2932 2933/2933/2933 2930/2930/2930
f 2934/2934/2934 2935/2935/2935 2936/2936/2936
f 2936/2936/2936 2937/2937/2937 2934/2934/2934
f 2938/2938/2938 2939/2939/2939 2940/2940/2940
f 2940/2940/2940 2941/2941/2941 2938/2938/2938
f 2942/2942/2942 2943/2943/2943 2944/2944/2944
f 2944/2944/2944 2945/2945/2945 2942/2942/2942
f 2946/2946/2946 2947/2947/2947 2948/2948/2948
f 2948/2948/2948 2949/2949/2949 2946/2946/2946
f 2950/2950/2950 2951/2951/2951 2952/2952/2952
f 2952/2952/2952 2953/2953/2953 2950/2950/2950
f 2954/2954/2954 2955/2955/2955 2956/2956/2956
f 2956/2956/2956 2957/2957/2957 2954/2954/2954
f 2958/2958/2958 2959/2959/2959 2960/2960/2960
f 2960/2960/2960 2961/2961/2961 2958/2958/2958
f 2962/2962/2962 2963/2963/2963 2964/2964/2964
f 2964/2964/2964 2965/2965/2965 2962/2962/2962
f 2966/2966/2966 2967/2967/2967 2968/2968/2968
f 2968/2968/2968 2969/2969/2969 2966/2966/2966
f 2970/2970/2970 2971/2971/2971 2972/2972/2972
f 2972/2972/2972 2973/2973/2973 2970/2970/2970
f 2974/2974/2974 2975/2975/2975 2976/2976/2976
f 2976/2976/2976 2977/2977/2977 2974/2974/2974
f 2976/2976/2976 2978/2978/2978 2977/2977/2977
f 2979/2979/2979 2974/2974/2974 2977/2977/2977
f 2980/2980/2980 2981/2981/2981 2982/2982/2982
f 2982/2982/2982 2983/2983/2983 2980/2980/2980
f 2984/2984/2984 2985/2985/2985 2986/2986/2986
f 2986/2986/2986 2987/2987/2987 2984/2984/2984
f 2988/2988/2988 2989/2989/2989 2990/2990/2990
f 2990/2990/2990 2991/2991/2991 2988/2988/2988
f 2992/2992/2992 2993/2993/2993 2994/2994/2994
f 2994/2994/2994 2995/2995/2995 2992/2992/2992
f 2996/2996/2996 2997/2997/2997 2998/2998/2998
f 2998/2998/2998 2999/2999/2999 2996/2996/2996
f 3000/3000/3000 3001/3001/3001 3002/3002/3002
f 3002/3002/3002 3003/3003/3003 3000/3000/3000
f 3004/3004/3004 3005/3005/3005 3006/3006/3006
f 3006/3006/3006 3007/3007/3007 3004/3004/3004
f 3008/3008/3008 3006/3006/3006 3005/3005/3005
f 3005/3005/3005 3009/3009/3009 3008/3008/3008
f 3010/3010/3010 3011/3011/3011 3012/3012/3012
f 3012/3012/3012 3013/3013/3013 3010/3010/3010
f 3013/3013/3013 3014/3014/3014 3015/3015/3015
f 3015/3015/3015 3010/3010/3010 3013/3013/3013
f 3014/3014/3014 3016/3016/3016 3017/3017/3017
f 3017/3017/3017 3015/3015/3015 3014/3014/3014
f 3018/3018/3018 3019/3019/3019 3020/3020/3020
f 3020/3020/3020 3021/3021/3021 3018/3018/3018
f 3019/3019/3019 3022/3022/3022 3023/3023/3023
f 3023/3023/3023 3020/3020/3020 3019/3019/3019
f 3024/3024/3024 3025/3025/3025 3026/3026/3026
f 3026/3026/3026 3027/3027/3027 3024/3024/3024
f 3025/3025/3025 3028/3028/3028 3029/3029/3029
f 3029/3029/3029 3026/3026/3026 3025/3025/3025
f 3028/3028/3028 3030/3030/3030 3031/3031/3031
f 3031/3031/3031 3029/3029/3029 3028/3028/3028
f 3030/3030/3030 3032/3032/3032 3033/3033/3033
f 3033/3033/3033 3031/3031/3031 3030/3030/3030
f 3034/3034/3034 3035/3035/3035 3036/3036/3036
f 3036/3036/3036 3037/3037/3037 3034/3034/3034
f 3038/3038/3038 3036/3036/3036 3035/3035/3035
f 3035/3035/3035 3039/3039/3039 3038/3038/3038
f 3039/3039/3039 3040/3040/3040 3041/3041/3041
f 3041/3041/3041 3038/3038/3038 3039/3039/3039
f 3042/3042/3042 3041/3041/3041 3040/3040/3040
f 3040/3040/3040 3043/3043/3043 3042/3042/3042
f 3044/3044/3044 3042/3042/3042 3043/3043/3043
f 3043/3043/3043 3045/3045/3045 3044/3044/3044
f 3046/3046/3046 3047/3047/3047 3048/3048/3048
f 3048/3048/3048 3049/3049/3049 3046/3046/3046
f 3007/3007/3007 3048/3048/3048 3047/3047/3047
f 3047/3047/3047 3004/3004/3004 3007/3007/3007
f 3050/3050/3050 3051/3051/3051 3052/3052/3052
f 3052/3052/3052 3053/3053/3053 3050/3050/3050
f 3052/3052/3052 3054/3054/3054 3055/3055/3055
f 3055/3055/3055 3056/3056/3056 3052/3052/3052
f 3055/3055/3055 3057/3057/3057 3056/3056/3056
f 3058/3058/3058 3059/3059/3059 3060/3060/3060
f 3060/3060/3060 3056/3056/3056 3058/3058/3058
f 3059/3059/3059 3061/3061/3061 3060/3060/3060
f 3062/3062/3062 3063/3063/3063 3060/3060/3060
f 3060/3060/3060 3064/3064/3064 3062/3062/3062
f 3062/3062/3062 3065/3065/3065 3063/3063/3063
f 3052/3052/3052 3056/3056/3056 3060/3060/3060
f 3060/3060/3060 3063/3063/3063 3052/3052/3052
f 3066/3066/3066 3053/3053/3053 3052/3052/3052
f 3052/3052/3052 3063/3063/3063 3066/3066/3066
f 3067/3067/3067 3050/3050/3050 3053/3053/3053
f 3068/3068/3068 3069/3069/3069 3070/3070/3070
f 3070/3070/3070 3071/3071/3071 3068/3068/3068
f 3069/3069/3069 3072/3072/3072 3073/3073/3073
f 3073/3073/3073 3070/3070/3070 3069/3069/3069
f 3074/3074/3074 3073/3073/3073 3072/3072/3072
f 3072/3072/3072 3075/3075/3075 3074/3074/3074
f 3076/3076/3076 3077/3077/3077 3074/3074/3074
f 3074/3074/3074 3075/3075/3075 3076/3076/3076
f 3077/3077/3077 3076/3076/3076 3078/3078/3078
f 3078/3078/3078 3079/3079/3079 3077/3077/3077
f 3078/3078/3078 3080/3080/3080 3081/3081/3081
f 3081/3081/3081 3079/3079/3079 3078/3078/3078
f 3082/3082/3082 3083/3083/3083 3081/3081/3081
f 3081/3081/3081 3080/3080/3080 3082/3082/3082
f 3084/3084/3084 3085/3085/3085 3083/3083/3083
f 3083/3083/3083 3082/3082/3082 3084/3084/3084
f 3084/3084/3084 3086/3086/3086 3087/3087/3087
f 3087/3087/3087 3085/3085/3085 3084/3084/3084
f 3087/3087/3087 3086/3086/3086 3088/3088/3088
f 3088/3088/3088 3089/3089/3089 3087/3087/3087
f 3088/3088/3088 3090/3090/3090 3091/3091/3091
f 3091/3091/3091 3089/3089/3089 3088/3088/3088
f 3091/3091/3091 3090/3090/3090 3092/3092/3092
f 3092/3092/3092 3093/3093/3093 3091/3091/3091
f 3094/3094/3094 3093/3093/3093 3092/3092/3092
f 3092/3092/3092 3095/3095/3095 3094/3094/3094
f 3096/3096/3096 3097/3097/3097 3094/3094/3094
f 3094/3094/3094 3095/3095/3095 3096/3096/3096
f 3097/3097/3097 3096/3096/3096 3098/3098/3098
f 3098/3098/3098 3099/3099/3099 3097/3097/3097
f 3099/3099/3099 3098/3098/3098 3100/3100/3100
f 3100/3100/3100 3101/3101/3101 3099/3099/3099
f 3101/3101/3101 3100/3100/3100 3102/3102/3102
f 3102/3102/3102 3103/3103/3103 3101/3101/3101
f 3102/3102/3102 3068/3068/3068 3071/3071/3071
f 3071/3071/3071 3103/3103/3103 3102/3102/3102
f 3104/3104/3104 3105/3105/3105 3106/3106/3106
f 3106/3106/3106 3107/3107/3107 3104/3104/3104
f 3108/3108/3108 3105/3105/3105 3104/3104/3104
f 3104/3104/3104 3109/3109/3109 3108/3108/3108
f 3110/3110/3110 3111/3111/3111 3112/3112/3112
f 3112/3112/3112 3113/3113/3113 3110/3110/3110
f 3114/3114/3114 3115/3115/3115 3113/3113/3113
f 3113/3113/3113 3112/3112/3112 3114/3114/3114
f 3115/3115/3115 3114/3114/3114 3116/3116/3116
f 3116/3116/3116 3117/3117/3117 3115/3115/3115
f 3117/3117/3117 3116/3116/3116 3118/3118/3118
f 3118/3118/3118 3119/3119/3119 3117/3117/3117
f 3119/3119/3119 3118/3118/3118 3120/3120/3120
f 3120/3120/3120 3121/3121/3121 3119/3119/3119
f 3122/3122/3122 3123/3123/3123 3124/3124/3124
f 3124/3124/3124 3125/3125/3125 3122/3122/3122
f 3126/3126/3126 3124/3124/3124 3123/3123/3123
f 3123/3123/3123 3127/3127/3127 3126/3126/3126
f 3127/3127/3127 3128/3128/3128 3129/3129/3129
f 3129/3129/3129 3126/3126/3126 3127/3127/3127
f 3128/3128/3128 3130/3130/3130 3131/3131/3131
f 3131/3131/3131 3129/3129/3129 3128/3128/3128
f 3132/3132/3132 3133/3133/3133 3134/3134/3134
f 3134/3134/3134 3135/3135/3135 3132/3132/3132
f 3135/3135/3135 3134/3134/3134 3136/3136/3136
f 3136/3136/3136 3137/3137/3137 3135/3135/3135
f 3136/3136/3136 3138/3138/3138 3139/3139/3139
f 3139/3139/3139 3137/3137/3137 3136/3136/3136
f 3140/3140/3140 3141/3141/3141 3142/3142/3142
f 3142/3142/3142 3143/3143/3143 3140/3140/3140
f 3141/3141/3141 3144/3144/3144 3145/3145/3145
f 3145/3145/3145 3142/3142/3142 3141/3141/3141
f 3146/3146/3146 3147/3147/3147 3148/3148/3148
f 3148/3148/3148 3149/3149/3149 3146/3146/3146
f 3106/3106/3106 3149/3149/3149 3148/3148/3148
f 3148/3148/3148 3107/3107/3107 3106/3106/3106
f 3150/3150/3150 3151/3151/3151 3152/3152/3152
f 3152/3152/3152 3153/3153/3153 3150/3150/3150
f 3152/3152/3152 3151/3151/3151 3154/3154/3154
f 3154/3154/3154 3155/3155/3155 3152/3152/3152
f 3154/3154/3154 3156/3156/3156 3157/3157/3157
f 3157/3157/3157 3155/3155/3155 3154/3154/3154
f 3157/3157/3157 3156/3156/3156 3158/3158/3158
f 3158/3158/3158 3159/3159/3159 3157/3157/3157
f 3159/3159/3159 3158/3158/3158 3160/3160/3160
f 3160/3160/3160 3161/3161/3161 3159/3159/3159
f 3160/3160/3160 3162/3162/3162 3163/3163/3163
f 3163/3163/3163 3161/3161/3161 3160/3160/3160
f 3163/3163/3163 3162/3162/3162 3164/3164/3164
f 3164/3164/3164 3165/3165/3165 3163/3163/3163
f 3166/3166/3166 3167/3167/3167 3165/3165/3165
f 3165/3165/3165 3164/3164/3164 3166/3166/3166
f 3167/3167/3167 3166/3166/3166 3168/3168/3168
f 3168/3168/3168 3169/3169/3169 3167/3167/3167
f 3169/3169/3169 3168/3168/3168 3170/3170/3170
f 3170/3170/3170 3171/3171/3171 3169/3169/3169
f 3170/3170/3170 3172/3172/3172 3173/3173/3173
f 3173/3173/3173 3171/3171/3171 3170/3170/3170
f 3174/3174/3174 3175/3175/3175 3173/3173/3173
f 3173/3173/3173 3172/3172/3172 3174/3174/3174
f 3175/3175/3175 3174/3174/3174 3176/3176/3176
f 3176/3176/3176 3177/3177/3177 3175/3175/3175
f 3176/3176/3176 3178/3178/3178 3179/3179/3179
f 3179/3179/3179 3177/3177/3177 3176/3176/3176
f 3180/3180/3180 3179/3179/3179 3178/3178/3178
f 3178/3178/3178 3181/3181/3181 3180/3180/3180
f 3181/3181/3181 3182/3182/3182 3183/3183/3183
f 3183/3183/3183 3180/3180/3180 3181/3181/3181
f 3182/3182/3182 3184/3184/3184 3185/3185/3185
f 3185/3185/3185 3183/3183/3183 3182/3182/3182
f 3150/3150/3150 3153/3153/3153 3185/3185/3185
f 3185/3185/3185 3184/3184/3184 3150/3150/3150
f 3186/3186/3186 3187/3187/3187 3188/3188/3188
f 3188/3188/3188 3189/3189/3189 3186/3186/3186
f 3190/3190/3190 3191/3191/3191 3189/3189/3189
f 3189/3189/3189 3188/3188/3188 3190/3190/3190
f 3192/3192/3192 3193/3193/3193 3194/3194/3194
f 3194/3194/3194 3195/3195/3195 3192/3192/3192
f 3195/3195/3195 3194/3194/3194 3196/3196/3196
f 3196/3196/3196 3197/3197/3197 3195/3195/3195
f 3198/3198/3198 3199/3199/3199 3197/3197/3197
f 3197/3197/3197 3196/3196/3196 3198/3198/3198
f 3200/3200/3200 3201/3201/3201 3199/3199/3199
f 3199/3199/3199 3198/3198/3198 3200/3200/3200
f 3201/3201/3201 3200/3200/3200 3202/3202/3202
f 3202/3202/3202 3203/3203/3203 3201/3201/3201
f 3204/3204/3204 3205/3205/3205 3206/3206/3206
f 3206/3206/3206 3207/3207/3207 3204/3204/3204
f 3208/3208/3208 3209/3209/3209 3206/3206/3206
f 3206/3206/3206 3205/3205/3205 3208/3208/3208
f 3208/3208/3208 3210/3210/3210 3211/3211/3211
f 3211/3211/3211 3209/3209/3209 3208/3208/3208
f 3210/3210/3210 3212/3212/3212 3213/3213/3213
f 3213/3213/3213 3211/3211/3211 3210/3210/3210
f 3214/3214/3214 3215/3215/3215 3216/3216/3216
f 3216/3216/3216 3217/3217/3217 3214/3214/3214
f 3216/3216/3216 3215/3215/3215 3218/3218/3218
f 3218/3218/3218 3219/3219/3219 3216/3216/3216
f 3220/3220/3220 3219/3219/3219 3218/3218/3218
f 3218/3218/3218 3221/3221/3221 3220/3220/3220
f 3222/3222/3222 3223/3223/3223 3224/3224/3224
f 3224/3224/3224 3225/3225/3225 3222/3222/3222
f 3225/3225/3225 3226/3226/3226 3227/3227/3227
f 3227/3227/3227 3222/3222/3222 3225/3225/3225
f 3228/3228/3228 3229/3229/3229 3230/3230/3230
f 3230/3230/3230 3231/3231/3231 3228/3228/3228
f 3230/3230/3230 3187/3187/3187 3186/3186/3186
f 3186/3186/3186 3231/3231/3231 3230/3230/3230
f 3232/3232/3232 3233/3233/3233 3234/3234/3234
f 3234/3234/3234 3235/3235/3235 3232/3232/3232
f 3233/3233/3233 3236/3236/3236 3237/3237/3237
f 3237/3237/3237 3234/3234/3234 3233/3233/3233
f 3238/3238/3238 3239/3239/3239 3240/3240/3240
f 3240/3240/3240 3241/3241/3241 3238/3238/3238
f 3239/3239/3239 3242/3242/3242 3243/3243/3243
f 3243/3243/3243 3240/3240/3240 3239/3239/3239
f 3244/3244/3244 3245/3245/3245 3243/3243/3243
f 3243/3243/3243 3242/3242/3242 3244/3244/3244
f 3246/3246/3246 3247/3247/3247 3248/3248/3248
f 3248/3248/3248 3249/3249/3249 3246/3246/3246
f 3250/3250/3250 3247/3247/3247 3246/3246/3246
f 3246/3246/3246 3251/3251/3251 3250/3250/3250
f 3252/3252/3252 3253/3253/3253 3254/3254/3254
f 3254/3254/3254 3255/3255/3255 3252/3252/3252
f 3256/3256/3256 3257/3257/3257 3255/3255/3255
f 3255/3255/3255 3254/3254/3254 3256/3256/3256
f 3256/3256/3256 3258/3258/3258 3259/3259/3259
f 3259/3259/3259 3257/3257/3257 3256/3256/3256
f 3258/3258/3258 3260/3260/3260 3261/3261/3261
f 3261/3261/3261 3259/3259/3259 3258/3258/3258
f 3262/3262/3262 3263/3263/3263 3264/3264/3264
f 3264/3264/3264 3265/3265/3265 3262/3262/3262
f 3263/3263/3263 3266/3266/3266 3267/3267/3267
f 3267/3267/3267 3264/3264/3264 3263/3263/3263
f 3267/3267/3267 3266/3266/3266 3268/3268/3268
f 3268/3268/3268 3269/3269/3269 3267/3267/3267
f 3270/3270/3270 3269/3269/3269 3268/3268/3268
f 3268/3268/3268 3271/3271/3271 3270/3270/3270
f 3270/3270/3270 3271/3271/3271 3272/3272/3272
f 3272/3272/3272 3273/3273/3273 3270/3270/3270
f 3274/3274/3274 3275/3275/3275 3276/3276/3276
f 3276/3276/3276 3277/3277/3277 3274/3274/3274
f 3235/3235/3235 3276/3276/3276 3275/3275/3275
f 3275/3275/3275 3232/3232/3232 3235/3235/3235
f 3278/3278/3278 3279/3279/3279 3280/3280/3280
f 3280/3280/3280 3281/3281/3281 3278/3278/3278
f 3282/3282/3282 3283/3283/3283 3284/3284/3284
f 3284/3284/3284 3280/3280/3280 3282/3282/3282
f 3283/3283/3283 3285/3285/3285 3284/3284/3284
f 3286/3286/3286 3287/3287/3287 3288/3288/3288
f 3288/3288/3288 3284/3284/3284 3286/3286/3286
f 3287/3287/3287 3289/3289/3289 3288/3288/3288
f 3290/3290/3290 3291/3291/3291 3292/3292/3292
f 3292/3292/3292 3288/3288/3288 3290/3290/3290
f 3291/3291/3291 3293/3293/3293 3292/3292/3292
f 3288/3288/3288 3292/3292/3292 3280/3280/3280
f 3280/3280/3280 3284/3284/3284 3288/3288/3288
f 3294/3294/3294 3281/3281/3281 3280/3280/3280
f 3280/3280/3280 3292/3292/3292 3294/3294/3294
f 3295/3295/3295 3278/3278/3278 3281/3281/3281
f 3296/3296/3296 3297/3297/3297 3298/3298/3298
f 3298/3298/3298 3299/3299/3299 3296/3296/3296
f 3300/3300/3300 3301/3301/3301 3302/3302/3302
f 3302/3302/3302 3303/3303/3303 3300/3300/3300
f 3304/3304/3304 3299/3299/3299 3298/3298/3298
f 3298/3298/3298 3305/3305/3305 3304/3304/3304
f 3302/3302/3302 3306/3306/3306 3307/3307/3307
f 3307/3307/3307 3303/3303/3303 3302/3302/3302
f 3308/3308/3308 3309/3309/3309 3310/3310/3310
f 3310/3310/3310 3311/3311/3311 3308/3308/3308
f 3312/3312/3312 3313/3313/3313 3314/3314/3314
f 3314/3314/3314 3315/3315/3315 3312/3312/3312
f 3316/3316/3316 3317/3317/3317 3311/3311/3311
f 3311/3311/3311 3310/3310/3310 3316/3316/3316
f 3318/3318/3318 3319/3319/3319 3315/3315/3315
f 3315/3315/3315 3314/3314/3314 3318/3318/3318
f 3316/3316/3316 3320/3320/3320 3321/3321/3321
f 3321/3321/3321 3317/3317/3317 3316/3316/3316
f 3322/3322/3322 3319/3319/3319 3318/3318/3318
f 3318/3318/3318 3323/3323/3323 3322/3322/3322
f 3324/3324/3324 3325/3325/3325 3326/3326/3326
f 3326/3326/3326 3327/3327/3327 3324/3324/3324
f 3328/3328/3328 3329/3329/3329 3330/3330/3330
f 3330/3330/3330 3331/3331/3331 3328/3328/3328
f 3327/3327/3327 3332/3332/3332 3333/3333/3333
f 3333/3333/3333 3324/3324/3324 3327/3327/3327
f 3328/3328/3328 3331/3331/3331 3334/3334/3334
f 3334/3334/3334 3335/3335/3335 3328/3328/3328
f 3336/3336/3336 3337/3337/3337 3338/3338/3338
f 3338/3338/3338 3339/3339/3339 3336/3336/3336
f 3340/3340/3340 3341/3341/3341 3342/3342/3342
f 3342/3342/3342 3343/3343/3343 3340/3340/3340
f 3344/3344/3344 3339/3339/3339 3338/3338/3338
f 3338/3338/3338 3345/3345/3345 3344/3344/3344
f 3341/3341/3341 3340/3340/3340 3346/3346/3346
f 3346/3346/3346 3347/3347/3347 3341/3341/3341
f 3348/3348/3348 3344/3344/3344 3345/3345/3345
f 3345/3345/3345 3349/3349/3349 3348/3348/3348
f 3350/3350/3350 3347/3347/3347 3346/3346/3346
f 3346/3346/3346 3351/3351/3351 3350/3350/3350
f 3352/3352/3352 3348/3348/3348 3349/3349/3349
f 3349/3349/3349 3353/3353/3353 3352/3352/3352
f 3354/3354/3354 3350/3350/3350 3351/3351/3351
f 3351/3351/3351 3355/3355/3355 3354/3354/3354
f 3356/3356/3356 3357/3357/3357 3358/3358/3358
f 3358/3358/3358 3359/3359/3359 3356/3356/3356
f 3360/3360/3360 3361/3361/3361 3362/3362/3362
f 3362/3362/3362 3363/3363/3363 3360/3360/3360
f 3364/3364/3364 3356/3356/3356 3359/3359/3359
f 3359/3359/3359 3365/3365/3365 3364/3364/3364
f 3366/3366/3366 3360/3360/3360 3363/3363/3363
f 3363/3363/3363 3367/3367/3367 3366/3366/3366
f 3368/3368/3368 3364/3364/3364 3365/3365/3365
f 3365/3365/3365 3369/3369/3369 3368/3368/3368
f 3370/3370/3370 3366/3366/3366 3367/3367/3367
f 3367/3367/3367 3371/3371/3371 3370/3370/3370
f 3372/3372/3372 3368/3368/3368 3369/3369/3369
f 3369/3369/3369 3373/3373/3373 3372/3372/3372
f 3374/3374/3374 3370/3370/3370 3371/3371/3371
f 3371/3371/3371 3375/3375/3375 3374/3374/3374
f 3376/3376/3376 3372/3372/3372 3373/3373/3373
f 3373/3373/3373 3377/3377/3377 3376/3376/3376
f 3378/3378/3378 3374/3374/3374 3375/3375/3375
f 3375/3375/3375 3379/3379/3379 3378/3378/3378
f 3380/3380/3380 3381/3381/3381 3382/3382/3382
f 3382/3382/3382 3383/3383/3383 3380/3380/3380
f 3384/3384/3384 3385/3385/3385 3386/3386/3386
f 3386/3386/3386 3387/3387/3387 3384/3384/3384
f 3383/3383/3383 3297/3297/3297 3296/3296/3296
f 3296/3296/3296 3380/3380/3380 3383/3383/3383
f 3301/3301/3301 3300/3300/3300 3384/3384/3384
f 3384/3384/3384 3387/3387/3387 3301/3301/3301
f 3388/3388/3388 3389/3389/3389 3390/3390/3390
f 3390/3390/3390 3391/3391/3391 3388/3388/3388
f 3392/3392/3392 3390/3390/3390 3389/3389/3389
f 3389/3389/3389 3393/3393/3393 3392/3392/3392
f 3392/3392/3392 3393/3393/3393 3394/3394/3394
f 3394/3394/3394 3395/3395/3395 3392/3392/3392
f 3396/3396/3396 3395/3395/3395 3394/3394/3394
f 3394/3394/3394 3397/3397/3397 3396/3396/3396
f 3398/3398/3398 3396/3396/3396 3397/3397/3397
f 3397/3397/3397 3399/3399/3399 3398/3398/3398
f 3399/3399/3399 3400/3400/3400 3401/3401/3401
f 3401/3401/3401 3398/3398/3398 3399/3399/3399
f 3402/3402/3402 3401/3401/3401 3400/3400/3400
f 3400/3400/3400 3403/3403/3403 3402/3402/3402
f 3404/3404/3404 3402/3402/3402 3403/3403/3403
f 3403/3403/3403 3405/3405/3405 3404/3404/3404
f 3404/3404/3404 3405/3405/3405 3406/3406/3406
f 3406/3406/3406 3407/3407/3407 3404/3404/3404
f 3408/3408/3408 3407/3407/3407 3406/3406/3406
f 3406/3406/3406 3409/3409/3409 3408/3408/3408
f 3410/3410/3410 3408/3408/3408 3409/3409/3409
f 3409/3409/3409 3411/3411/3411 3410/3410/3410
f 3412/3412/3412 3410/3410/3410 3411/3411/3411
f 3411/3411/3411 3413/3413/3413 3412/3412/3412
f 3412/3412/3412 3413/3413/3413 3414/3414/3414
f 3414/3414/3414 3415/3415/3415 3412/3412/3412
f 3416/3416/3416 3417/3417/3417 3415/3415/3415
f 3415/3415/3415 3414/3414/3414 3416/3416/3416
f 3418/3418/3418 3417/3417/3417 3416/3416/3416
f 3416/3416/3416 3419/3419/3419 3418/3418/3418
f 3420/3420/3420 3418/3418/3418 3419/3419/3419
f 3419/3419/3419 3421/3421/3421 3420/3420/3420
f 3422/3422/3422 3420/3420/3420 3421/3421/3421
f 3421/3421/3421 3423/3423/3423 3422/3422/3422
f 3423/3423/3423 3388/3388/3388 3391/3391/3391
f 3391/3391/3391 3422/3422/3422 3423/3423/3423
f 3390/3390/3390 3424/3424/3424 3425/3425/3425
f 3425/3425/3425 3391/3391/3391 3390/3390/3390
f 3426/3426/3426 3424/3424/3424 3390/3390/3390
f 3390/3390/3390 3392/3392/3392 3426/3426/3426
f 3427/3427/3427 3426/3426/3426 3392/3392/3392
f 3392/3392/3392 3395/3395/3395 3427/3427/3427
f 3396/3396/3396 3428/3428/3428 3427/3427/3427
f 3427/3427/3427 3395/3395/3395 3396/3396/3396
f 3428/3428/3428 3396/3396/3396 3398/3398/3398
f 3398/3398/3398 3429/3429/3429 3428/3428/3428
f 3401/3401/3401 3430/3430/3430 3429/3429/3429
f 3429/3429/3429 3398/3398/3398 3401/3401/3401
f 3430/3430/3430 3401/3401/3401 3402/3402/3402
f 3402/3402/3402 3431/3431/3431 3430/3430/3430
f 3402/3402/3402 3404/3404/3404 3432/3432/3432
f 3432/3432/3432 3431/3431/3431 3402/3402/3402
f 3432/3432/3432 3404/3404/3404 3407/3407/3407
f 3407/3407/3407 3433/3433/3433 3432/3432/3432
f 3434/3434/3434 3433/3433/3433 3407/3407/3407
f 3407/3407/3407 3408/3408/3408 3434/3434/3434
f 3435/3435/3435 3434/3434/3434 3408/3408/3408
f 3408/3408/3408 3410/3410/3410 3435/3435/3435
f 3436/3436/3436 3435/3435/3435 3410/3410/3410
f 3410/3410/3410 3412/3412/3412 3436/3436/3436
f 3415/3415/3415 3437/3437/3437 3436/3436/3436
f 3436/3436/3436 3412/3412/3412 3415/3415/3415
f 3438/3438/3438 3437/3437/3437 3415/3415/3415
f 3415/3415/3415 3417/3417/3417 3438/3438/3438
f 3438/3438/3438 3417/3417/3417 3418/3418/3418
f 3418/3418/3418 3439/3439/3439 3438/3438/3438
f 3418/3418/3418 3420/3420/3420 3440/3440/3440
f 3440/3440/3440 3439/3439/3439 3418/3418/3418
f 3441/3441/3441 3440/3440/3440 3420/3420/3420
f 3420/3420/3420 3422/3422/3422 3441/3441/3441
f 3441/3441/3441 3422/3422/3422 3391/3391/3391
f 3391/3391/3391 3425/3425/3425 3441/3441/3441
f 3442/3442/3442 3443/3443/3443 3444/3444/3444
f 3444/3444/3444 3445/3445/3445 3442/3442/3442
f 3443/3443/3443 3446/3446/3446 3447/3447/3447
f 3447/3447/3447 3444/3444/3444 3443/3443/3443
f 3447/3447/3447 3446/3446/3446 3448/3448/3448
f 3448/3448/3448 3449/3449/3449 3447/3447/3447
f 3450/3450/3450 3451/3451/3451 3449/3449/3449
f 3449/3449/3449 3448/3448/3448 3450/3450/3450
f 3451/3451/3451 3450/3450/3450 3452/3452/3452
f 3452/3452/3452 3453/3453/3453 3451/3451/3451
f 3454/3454/3454 3453/3453/3453 3452/3452/3452
f 3452/3452/3452 3455/3455/3455 3454/3454/3454
f 3456/3456/3456 3454/3454/3454 3455/3455/3455
f 3455/3455/3455 3457/3457/3457 3456/3456/3456
f 3458/3458/3458 3459/3459/3459 3456/3456/3456
f 3456/3456/3456 3457/3457/3457 3458/3458/3458
f 3460/3460/3460 3461/3461/3461 3459/3459/3459
f 3459/3459/3459 3458/3458/3458 3460/3460/3460
f 3462/3462/3462 3463/3463/3463 3461/3461/3461
f 3461/3461/3461 3460/3460/3460 3462/3462/3462
f 3464/3464/3464 3465/3465/3465 3463/3463/3463
f 3463/3463/3463 3462/3462/3462 3464/3464/3464
f 3466/3466/3466 3467/3467/3467 3465/3465/3465
f 3465/3465/3465 3464/3464/3464 3466/3466/3466
f 3468/3468/3468 3469/3469/3469 3467/3467/3467
f 3467/3467/3467 3466/3466/3466 3468/3468/3468
f 3470/3470/3470 3471/3471/3471 3469/3469/3469
f 3469/3469/3469 3468/3468/3468 3470/3470/3470
f 3472/3472/3472 3473/3473/3473 3471/3471/3471
f 3471/3471/3471 3470/3470/3470 3472/3472/3472
f 3474/3474/3474 3475/3475/3475 3473/3473/3473
f 3473/3473/3473 3472/3472/3472 3474/3474/3474
f 3476/3476/3476 3477/3477/3477 3475/3475/3475
f 3475/3475/3475 3474/3474/3474 3476/3476/3476
f 3442/3442/3442 3445/3445/3445 3477/3477/3477
f 3477/3477/3477 3476/3476/3476 3442/3442/3442
f 3478/3478/3478 3479/3479/3479 3480/3480/3480
f 3480/3480/3480 3481/3481/3481 3478/3478/3478
f 3480/3480/3480 3479/3479/3479 3482/3482/3482
f 3482/3482/3482 3483/3483/3483 3480/3480/3480
f 3484/3484/3484 3485/3485/3485 3486/3486/3486
f 3486/3486/3486 3487/3487/3487 3484/3484/3484
f 3486/3486/3486 3485/3485/3485 3488/3488/3488
f 3488/3488/3488 3489/3489/3489 3486/3486/3486
f 3489/3489/3489 3488/3488/3488 3490/3490/3490
f 3490/3490/3490 3491/3491/3491 3489/3489/3489
f 3490/3490/3490 3492/3492/3492 3493/3493/3493
f 3493/3493/3493 3491/3491/3491 3490/3490/3490
f 3494/3494/3494 3493/3493/3493 3492/3492/3492
f 3492/3492/3492 3495/3495/3495 3494/3494/3494
f 3496/3496/3496 3497/3497/3497 3498/3498/3498
f 3498/3498/3498 3499/3499/3499 3496/3496/3496
f 3500/3500/3500 3498/3498/3498 3497/3497/3497
f 3497/3497/3497 3501/3501/3501 3500/3500/3500
f 3501/3501/3501 3502/3502/3502 3503/3503/3503
f 3503/3503/3503 3500/3500/3500 3501/3501/3501
f 3504/3504/3504 3503/3503/3503 3502/3502/3502
f 3502/3502/3502 3505/3505/3505 3504/3504/3504
f 3506/3506/3506 3507/3507/3507 3508/3508/3508
f 3508/3508/3508 3509/3509/3509 3506/3506/3506
f 3510/3510/3510 3507/3507/3507 3506/3506/3506
f 3506/3506/3506 3511/3511/3511 3510/3510/3510
f 3512/3512/3512 3513/3513/3513 3510/3510/3510
f 3510/3510/3510 3511/3511/3511 3512/3512/3512
f 3514/3514/3514 3515/3515/3515 3516/3516/3516
f 3516/3516/3516 3517/3517/3517 3514/3514/3514
f 3514/3514/3514 3518/3518/3518 3519/3519/3519
f 3519/3519/3519 3515/3515/3515 3514/3514/3514
f 3520/3520/3520 3521/3521/3521 3522/3522/3522
f 3522/3522/3522 3523/3523/3523 3520/3520/3520
f 3522/3522/3522 3478/3478/3478 3481/3481/3481
f 3481/3481/3481 3523/3523/3523 3522/3522/3522
f 3235/3235/3235 3234/3234/3234 3524/3524/3524
f 3524/3524/3524 3525/3525/3525 3235/3235/3235
f 3525/3525/3525 3526/3526/3526 3276/3276/3276
f 3276/3276/3276 3235/3235/3235 3525/3525/3525
f 3276/3276/3276 3526/3526/3526 3527/3527/3527
f 3527/3527/3527 3277/3277/3277 3276/3276/3276
f 3528/3528/3528 3529/3529/3529 3270/3270/3270
f 3270/3270/3270 3273/3273/3273 3528/3528/3528
f 3529/3529/3529 3530/3530/3530 3269/3269/3269
f 3269/3269/3269 3270/3270/3270 3529/3529/3529
f 3269/3269/3269 3530/3530/3530 3531/3531/3531
f 3531/3531/3531 3267/3267/3267 3269/3269/3269
f 3532/3532/3532 3264/3264/3264 3267/3267/3267
f 3267/3267/3267 3531/3531/3531 3532/3532/3532
f 3264/3264/3264 3532/3532/3532 3533/3533/3533
f 3533/3533/3533 3265/3265/3265 3264/3264/3264
f 3534/3534/3534 3259/3259/3259 3261/3261/3261
f 3261/3261/3261 3535/3535/3535 3534/3534/3534
f 3259/3259/3259 3534/3534/3534 3536/3536/3536
f 3536/3536/3536 3257/3257/3257 3259/3259/3259
f 3536/3536/3536 3537/3537/3537 3255/3255/3255
f 3255/3255/3255 3257/3257/3257 3536/3536/3536
f 3255/3255/3255 3537/3537/3537 3538/3538/3538
f 3538/3538/3538 3252/3252/3252 3255/3255/3255
f 3250/3250/3250 3539/3539/3539 3540/3540/3540
f 3540/3540/3540 3247/3247/3247 3250/3250/3250
f 3541/3541/3541 3248/3248/3248 3247/3247/3247
f 3247/3247/3247 3540/3540/3540 3541/3541/3541
f 3243/3243/3243 3245/3245/3245 3542/3542/3542
f 3542/3542/3542 3543/3543/3543 3243/3243/3243
f 3544/3544/3544 3240/3240/3240 3243/3243/3243
f 3243/3243/3243 3543/3543/3543 3544/3544/3544
f 3240/3240/3240 3544/3544/3544 3545/3545/3545
f 3545/3545/3545 3241/3241/3241 3240/3240/3240
f 3546/3546/3546 3524/3524/3524 3234/3234/3234
f 3234/3234/3234 3237/3237/3237 3546/3546/3546
f 3424/3424/3424 3547/3547/3547 3548/3548/3548
f 3548/3548/3548 3425/3425/3425 3424/3424/3424
f 3424/3424/3424 3426/3426/3426 3549/3549/3549
f 3549/3549/3549 3547/3547/3547 3424/3424/3424
f 3426/3426/3426 3427/3427/3427 3550/3550/3550
f 3550/3550/3550 3549/3549/3549 3426/3426/3426
f 3427/3427/3427 3428/3428/3428 3551/3551/3551
f 3551/3551/3551 3550/3550/3550 3427/3427/3427
f 3428/3428/3428 3429/3429/3429 3552/3552/3552
f 3552/3552/3552 3551/3551/3551 3428/3428/3428
f 3429/3429/3429 3430/3430/3430 3553/3553/3553
f 3553/3553/3553 3552/3552/3552 3429/3429/3429
f 3430/3430/3430 3431/3431/3431 3554/3554/3554
f 3554/3554/3554 3553/3553/3553 3430/3430/3430
f 3431/3431/3431 3432/3432/3432 3555/3555/3555
f 3555/3555/3555 3554/3554/3554 3431/3431/3431
f 3432/3432/3432 3433/3433/3433 3556/3556/3556
f 3556/3556/3556 3555/3555/3555 3432/3432/3432
f 3433/3433/3433 3434/3434/3434 3557/3557/3557
f 3557/3557/3557 3556/3556/3556 3433/3433/3433
f 3434/3434/3434 3435/3435/3435 3558/3558/3558
f 3558/3558/3558 3557/3557/3557 3434/3434/3434
f 3435/3435/3435 3436/3436/3436 3559/3559/3559
f 3559/3559/3559 3558/3558/3558 3435/3435/3435
f 3436/3436/3436 3437/3437/3437 3560/3560/3560
f 3560/3560/3560 3559/3559/3559 3436/3436/3436
f 3437/3437/3437 3438/3438/3438 3561/3561/3561
f 3561/3561/3561 3560/3560/3560 3437/3437/3437
f 3438/3438/3438 3439/3439/3439 3562/3562/3562
f 3562/3562/3562 3561/3561/3561 3438/3438/3438
f 3562/3562/3562 3439/3439/3439 3440/3440/3440
f 3440/3440/3440 3563/3563/3563 3562/3562/3562
f 3441/3441/3441 3564/3564/3564 3563/3563/3563
f 3563/3563/3563 3440/3440/3440 3441/3441/3441
f 3441/3441/3441 3425/3425/3425 3548/3548/3548
f 3548/3548/3548 3564/3564/3564 3441/3441/3441
