# Converted from an open-license Objaverse GLB by Critter Engine
v -0.3936712 1.249625 0.8718256
v -0.3936712 1.249625 0.9115676
v -0.3936712 1.2480004 0.9224405
v -0.3936712 1.2433763 0.9303139
v -0.3936712 1.2355028 0.934938
v -0.3936712 1.22463 0.9365627
v -0.3936712 -1.22488 0.9365627
v -0.3936712 -1.2357528 0.934938
v -0.3936712 -1.2436263 0.9303139
v -0.3936712 -1.2482504 0.9224405
v -0.3936712 -1.249875 0.9115676
v -0.3936712 -1.249875 0.8718256
v -0.3936712 -1.22488 0.9365627
v -0.3936712 1.22463 0.9365627
v -0.4037942 1.22463 0.9365627
v -0.4037942 -1.22488 0.9365627
v -0.4037942 -1.249875 0.9115676
v -0.4037942 -1.2482504 0.9224405
v -0.4037942 -1.2436263 0.9303139
v -0.4037942 -1.249875 0.8811987
v -0.4037942 -1.22488 0.9365627
v -0.4037942 -1.2357528 0.934938
v -0.4037942 1.249625 0.9115676
v -0.4037942 1.249625 0.8811987
v -0.4037942 1.2480004 0.9224405
v -0.4037942 1.2433763 0.9303139
v -0.4037942 1.22463 0.9365627
v -0.4037942 1.2355028 0.934938
v -0.4662817 1.249625 0.8718256
v -0.4662817 -1.249875 0.8718256
v -0.4662817 -1.249875 0.8811987
v -0.4662817 1.249625 0.8811987
v -0.4662817 -1.249875 0.8811987
v -0.4662817 -1.249875 0.8718256
v -0.4564087 -1.249875 0.8718256
v -0.4037942 -1.249875 0.8811987
v -0.3936712 -1.249875 0.8718256
v -0.4037942 1.249625 0.8811987
v -0.4662817 1.249625 0.8811987
v -0.4662817 -1.249875 0.8811987
v -0.4037942 -1.249875 0.8811987
v -0.4662817 -1.249875 0.7733453
v -0.4662817 1.249625 0.7733453
v -0.4564087 1.249625 0.7733453
v -0.4564087 -1.249875 0.7733453
v -0.4662817 1.249625 0.7733453
v -0.4662817 -1.249875 0.7733453
v -0.4564087 1.249625 0.8718256
v -0.4564087 1.249625 0.7733453
v -0.4662817 1.249625 0.7733453
v -0.4662817 1.249625 0.8718256
v -0.4564087 -1.249875 0.8718256
v -0.4564087 -1.249875 0.7733453
v -0.4564087 1.249625 0.7733453
v -0.4564087 1.249625 0.8718256
v -0.4662817 -1.249875 0.7733453
v -0.4564087 -1.249875 0.7733453
v -0.4037942 1.2480004 0.9224405
v -0.3936712 1.2480004 0.9224405
v -0.3936712 1.249625 0.9115676
v -0.4037942 1.249625 0.9115676
v -0.3936712 -1.2482504 0.9224405
v -0.4037942 -1.2482504 0.9224405
v -0.4037942 -1.249875 0.9115676
v -0.3936712 -1.249875 0.9115676
v -0.4037942 1.2433763 0.9303139
v -0.3936712 1.2433763 0.9303139
v -0.4037942 1.2433763 0.9303139
v -0.4037942 1.2355028 0.934938
v -0.3936712 1.2355028 0.934938
v -0.3936712 1.2433763 0.9303139
v -0.3936712 -1.2436263 0.9303139
v -0.4037942 -1.2436263 0.9303139
v -0.4037942 -1.2357528 0.934938
v -0.4037942 -1.2436263 0.9303139
v -0.3936712 -1.2436263 0.9303139
v -0.3936712 -1.2357528 0.934938
v -0.4564087 -1.249875 0.8718256
v -0.4564087 1.249625 0.8718256
v -0.3936712 1.249625 0.8718256
v -0.3936712 -1.249875 0.8718256
v -0.3936712 1.249625 0.8718256
v -0.4037942 1.249625 0.8811987
v -0.4662817 1.249625 0.8811987
v -0.4272895 1.2471255 0.7124825
v -0.4272895 -1.2473755 0.7124825
v -0.4272895 -1.2473755 0.7059838
v -0.4272895 1.2471255 0.7059838
v -0.4585333 1.2471255 0.755224
v -0.464782 1.2471255 0.755224
v -0.464782 -1.2473755 0.755224
v -0.4585333 -1.2473755 0.755224
v -0.464782 -1.2473755 0.755224
v -0.464782 1.249625 0.7527244
v -0.464782 1.249625 0.7059838
v -0.464782 -1.249875 0.7059838
v -0.464782 -1.249875 0.7527244
v -0.464782 -1.2492501 0.7545991
v -0.464782 1.2471255 0.755224
v -0.464782 1.2490001 0.7545991
v -0.4585333 1.2490001 0.7545991
v -0.4585333 1.2471255 0.755224
v -0.4585333 1.249625 0.7124825
v -0.4585333 1.249625 0.7527244
v -0.4585333 -1.249875 0.7527244
v -0.4585333 -1.2473755 0.755224
v -0.4585333 -1.2492501 0.7545991
v -0.4585333 -1.249875 0.7124825
v -0.429789 -1.249875 0.7059838
v -0.429789 -1.249875 0.7124825
v -0.4585333 -1.249875 0.7124825
v -0.464782 -1.249875 0.7059838
v -0.429789 -1.249875 0.7059838
v -0.429789 1.249625 0.7059838
v -0.4279144 1.2490001 0.7059838
v -0.4272895 1.2471255 0.7059838
v -0.4272895 -1.2473755 0.7059838
v -0.4279144 -1.2492501 0.7059838
v -0.464782 1.249625 0.7059838
v -0.464782 -1.249875 0.7059838
v -0.429789 1.249625 0.7059838
v -0.464782 1.249625 0.7059838
v -0.4585333 1.249625 0.7124825
v -0.429789 1.249625 0.7124825
v -0.429789 -1.249875 0.7124825
v -0.4279144 -1.2492501 0.7124825
v -0.4272895 -1.2473755 0.7124825
v -0.4585333 -1.249875 0.7124825
v -0.4585333 1.249625 0.7124825
v -0.429789 1.249625 0.7124825
v -0.4272895 1.2471255 0.7124825
v -0.4279144 1.2490001 0.7124825
v -0.464782 1.2490001 0.7545991
v -0.4585333 1.2490001 0.7545991
v -0.4585333 1.249625 0.7527244
v -0.464782 1.249625 0.7527244
v -0.464782 -1.249875 0.7527244
v -0.4585333 -1.249875 0.7527244
v -0.4585333 -1.2492501 0.7545991
v -0.464782 -1.2492501 0.7545991
v -0.4279144 -1.2492501 0.7124825
v -0.4279144 -1.2492501 0.7059838
v -0.4279144 1.2490001 0.7059838
v -0.4279144 1.2490001 0.7124825
v -0.464782 1.2490001 0.7545991
v -0.4585333 1.2490001 0.7545991
v -0.464782 -1.2492501 0.7545991
v -0.4585333 -1.2492501 0.7545991
v -0.4279144 -1.2492501 0.7059838
v -0.4279144 -1.2492501 0.7124825
v -0.4279144 1.2490001 0.7059838
v -0.4279144 1.2490001 0.7124825
v -0.4124175 -1.0177964 0.8810737
v -0.4135423 -1.0114227 0.8810737
v -0.4135423 -1.0114227 0.8859477
v -0.4124175 -1.0177964 0.8859477
v -0.4167916 -1.0056739 0.8810737
v -0.4167916 -1.0056739 0.8859477
v -0.4167916 -1.0056739 0.8859477
v -0.4167916 -1.0056739 0.8810737
v -0.4217906 -1.0015497 0.8810737
v -0.4217906 -1.0015497 0.8859477
v -0.4279144 -0.9993001 0.8810737
v -0.4279144 -0.9993001 0.8859477
v -0.4344131 -0.9993001 0.8810737
v -0.4344131 -0.9993001 0.8859477
v -0.4405369 -1.0015497 0.8810737
v -0.4405369 -1.0015497 0.8859477
v -0.4455359 -1.0056739 0.8810737
v -0.4455359 -1.0056739 0.8859477
v -0.4455359 -1.0056739 0.8859477
v -0.4455359 -1.0056739 0.8810737
v -0.4487852 -1.0114227 0.8810737
v -0.4487852 -1.0114227 0.8859477
v -0.44991 -1.0177964 0.8810737
v -0.44991 -1.0177964 0.8859477
v -0.4487852 -1.0241702 0.8810737
v -0.4487852 -1.0241702 0.8859477
v -0.4455359 -1.029794 0.8810737
v -0.4455359 -1.029794 0.8859477
v -0.4455359 -1.029794 0.8859477
v -0.4455359 -1.029794 0.8810737
v -0.4405369 -1.0340432 0.8810737
v -0.4405369 -1.0340432 0.8859477
v -0.4344131 -1.0362927 0.8810737
v -0.4344131 -1.0362927 0.8859477
v -0.4279144 -1.0362927 0.8810737
v -0.4279144 -1.0362927 0.8859477
v -0.4217906 -1.0340432 0.8810737
v -0.4217906 -1.0340432 0.8859477
v -0.4167916 -1.029794 0.8810737
v -0.4167916 -1.029794 0.8859477
v -0.4135423 -1.0241702 0.8859477
v -0.4167916 -1.029794 0.8859477
v -0.4167916 -1.029794 0.8810737
v -0.4135423 -1.0241702 0.8810737
v -0.4195411 -1.0135472 0.8884473
v -0.4216656 -1.009798 0.8884473
v -0.424915 -1.0070486 0.8884473
v -0.4195411 -1.0220456 0.8884473
v -0.4290392 -1.0055489 0.8884473
v -0.4332883 -1.0055489 0.8884473
v -0.4406619 -1.009798 0.8884473
v -0.4372875 -1.0070486 0.8884473
v -0.4427864 -1.0135472 0.8884473
v -0.4435363 -1.0177964 0.8884473
v -0.4406619 -1.0257948 0.8884473
v -0.4427864 -1.0220456 0.8884473
v -0.4372875 -1.0285443 0.8884473
v -0.4332883 -1.030044 0.8884473
v -0.424915 -1.0285443 0.8884473
v -0.4290392 -1.030044 0.8884473
v -0.4216656 -1.0257948 0.8884473
v -0.4187912 -1.0177964 0.8884473
v -0.4187912 -1.0177964 0.8859477
v -0.4124175 -1.0177964 0.8859477
v -0.4135423 -1.0114227 0.8859477
v -0.4195411 -1.0135472 0.8859477
v -0.4167916 -1.0056739 0.8859477
v -0.4216656 -1.009798 0.8859477
v -0.424915 -1.0070486 0.8859477
v -0.4217906 -1.0015497 0.8859477
v -0.4279144 -0.9993001 0.8859477
v -0.4290392 -1.0055489 0.8859477
v -0.4344131 -0.9993001 0.8859477
v -0.4332883 -1.0055489 0.8859477
v -0.4405369 -1.0015497 0.8859477
v -0.4372875 -1.0070486 0.8859477
v -0.4406619 -1.009798 0.8859477
v -0.4455359 -1.0056739 0.8859477
v -0.4487852 -1.0114227 0.8859477
v -0.4427864 -1.0135472 0.8859477
v -0.44991 -1.0177964 0.8859477
v -0.4435363 -1.0177964 0.8859477
v -0.4487852 -1.0241702 0.8859477
v -0.4427864 -1.0220456 0.8859477
v -0.4455359 -1.029794 0.8859477
v -0.4406619 -1.0257948 0.8859477
v -0.4405369 -1.0340432 0.8859477
v -0.4372875 -1.0285443 0.8859477
v -0.4344131 -1.0362927 0.8859477
v -0.4332883 -1.030044 0.8859477
v -0.4279144 -1.0362927 0.8859477
v -0.4290392 -1.030044 0.8859477
v -0.4217906 -1.0340432 0.8859477
v -0.424915 -1.0285443 0.8859477
v -0.4167916 -1.029794 0.8859477
v -0.4216656 -1.0257948 0.8859477
v -0.4135423 -1.0241702 0.8859477
v -0.4195411 -1.0220456 0.8859477
v -0.4187912 -1.0177964 0.8859477
v -0.4195411 -1.0135472 0.8859477
v -0.4195411 -1.0135472 0.8884473
v -0.4187912 -1.0177964 0.8884473
v -0.4216656 -1.009798 0.8884473
v -0.4195411 -1.0135472 0.8884473
v -0.4195411 -1.0135472 0.8859477
v -0.4216656 -1.009798 0.8859477
v -0.4216656 -1.009798 0.8859477
v -0.424915 -1.0070486 0.8859477
v -0.424915 -1.0070486 0.8884473
v -0.4216656 -1.009798 0.8884473
v -0.4290392 -1.0055489 0.8859477
v -0.4290392 -1.0055489 0.8884473
v -0.424915 -1.0070486 0.8884473
v -0.424915 -1.0070486 0.8859477
v -0.4332883 -1.0055489 0.8859477
v -0.4332883 -1.0055489 0.8884473
v -0.4290392 -1.0055489 0.8884473
v -0.4290392 -1.0055489 0.8859477
v -0.4332883 -1.0055489 0.8859477
v -0.4372875 -1.0070486 0.8859477
v -0.4372875 -1.0070486 0.8884473
v -0.4332883 -1.0055489 0.8884473
v -0.4406619 -1.009798 0.8859477
v -0.4406619 -1.009798 0.8884473
v -0.4372875 -1.0070486 0.8884473
v -0.4372875 -1.0070486 0.8859477
v -0.4406619 -1.009798 0.8884473
v -0.4406619 -1.009798 0.8859477
v -0.4427864 -1.0135472 0.8859477
v -0.4427864 -1.0135472 0.8884473
v -0.4427864 -1.0135472 0.8884473
v -0.4427864 -1.0135472 0.8859477
v -0.4435363 -1.0177964 0.8859477
v -0.4435363 -1.0177964 0.8884473
v -0.4435363 -1.0177964 0.8884473
v -0.4435363 -1.0177964 0.8859477
v -0.4427864 -1.0220456 0.8859477
v -0.4427864 -1.0220456 0.8884473
v -0.4427864 -1.0220456 0.8884473
v -0.4427864 -1.0220456 0.8859477
v -0.4406619 -1.0257948 0.8859477
v -0.4406619 -1.0257948 0.8884473
v -0.4406619 -1.0257948 0.8884473
v -0.4406619 -1.0257948 0.8859477
v -0.4372875 -1.0285443 0.8859477
v -0.4372875 -1.0285443 0.8884473
v -0.4372875 -1.0285443 0.8884473
v -0.4372875 -1.0285443 0.8859477
v -0.4332883 -1.030044 0.8859477
v -0.4332883 -1.030044 0.8884473
v -0.4332883 -1.030044 0.8884473
v -0.4332883 -1.030044 0.8859477
v -0.4290392 -1.030044 0.8859477
v -0.4290392 -1.030044 0.8884473
v -0.4290392 -1.030044 0.8859477
v -0.424915 -1.0285443 0.8859477
v -0.424915 -1.0285443 0.8884473
v -0.4290392 -1.030044 0.8884473
v -0.4216656 -1.0257948 0.8859477
v -0.4216656 -1.0257948 0.8884473
v -0.424915 -1.0285443 0.8884473
v -0.424915 -1.0285443 0.8859477
v -0.4216656 -1.0257948 0.8884473
v -0.4216656 -1.0257948 0.8859477
v -0.4195411 -1.0220456 0.8859477
v -0.4195411 -1.0220456 0.8884473
v -0.4195411 -1.0220456 0.8859477
v -0.4187912 -1.0177964 0.8859477
v -0.4187912 -1.0177964 0.8884473
v -0.4195411 -1.0220456 0.8884473
v -0.4135423 -0.6721156 0.8810737
v -0.4135423 -0.6721156 0.8859477
v -0.4124175 -0.6786143 0.8859477
v -0.4124175 -0.6786143 0.8810737
v -0.4167916 -0.6664917 0.8810737
v -0.4167916 -0.6664917 0.8859477
v -0.4167916 -0.6664917 0.8859477
v -0.4167916 -0.6664917 0.8810737
v -0.4217906 -0.6623675 0.8810737
v -0.4217906 -0.6623675 0.8859477
v -0.4279144 -0.660118 0.8810737
v -0.4279144 -0.660118 0.8859477
v -0.4344131 -0.660118 0.8810737
v -0.4344131 -0.660118 0.8859477
v -0.4405369 -0.6623675 0.8810737
v -0.4405369 -0.6623675 0.8859477
v -0.4455359 -0.6664917 0.8810737
v -0.4455359 -0.6664917 0.8859477
v -0.4455359 -0.6664917 0.8859477
v -0.4455359 -0.6664917 0.8810737
v -0.4487852 -0.6721156 0.8810737
v -0.4487852 -0.6721156 0.8859477
v -0.44991 -0.6786143 0.8859477
v -0.44991 -0.6786143 0.8810737
v -0.4487852 -0.684988 0.8810737
v -0.4487852 -0.684988 0.8859477
v -0.4455359 -0.6906119 0.8810737
v -0.4455359 -0.6906119 0.8859477
v -0.4405369 -0.6947361 0.8859477
v -0.4455359 -0.6906119 0.8859477
v -0.4455359 -0.6906119 0.8810737
v -0.4405369 -0.6947361 0.8810737
v -0.4344131 -0.6969856 0.8810737
v -0.4344131 -0.6969856 0.8859477
v -0.4279144 -0.6969856 0.8810737
v -0.4279144 -0.6969856 0.8859477
v -0.4217906 -0.6947361 0.8810737
v -0.4217906 -0.6947361 0.8859477
v -0.4167916 -0.6906119 0.8810737
v -0.4167916 -0.6906119 0.8859477
v -0.4167916 -0.6906119 0.8859477
v -0.4167916 -0.6906119 0.8810737
v -0.4135423 -0.684988 0.8810737
v -0.4135423 -0.684988 0.8859477
v -0.4216656 -0.6706158 0.8884473
v -0.424915 -0.6678665 0.8884473
v -0.4195411 -0.6828634 0.8884473
v -0.4195411 -0.6743651 0.8884473
v -0.4290392 -0.6663667 0.8884473
v -0.4332883 -0.6663667 0.8884473
v -0.4406619 -0.6706158 0.8884473
v -0.4372875 -0.6678665 0.8884473
v -0.4427864 -0.6743651 0.8884473
v -0.4435363 -0.6786143 0.8884473
v -0.4406619 -0.6864877 0.8884473
v -0.4427864 -0.6828634 0.8884473
v -0.424915 -0.6893622 0.8884473
v -0.4372875 -0.6893622 0.8884473
v -0.4332883 -0.6907369 0.8884473
v -0.4290392 -0.6907369 0.8884473
v -0.4216656 -0.6864877 0.8884473
v -0.4187912 -0.6786143 0.8884473
v -0.4124175 -0.6786143 0.8859477
v -0.4135423 -0.6721156 0.8859477
v -0.4195411 -0.6743651 0.8859477
v -0.4187912 -0.6786143 0.8859477
v -0.4167916 -0.6664917 0.8859477
v -0.4216656 -0.6706158 0.8859477
v -0.4217906 -0.6623675 0.8859477
v -0.424915 -0.6678665 0.8859477
v -0.4279144 -0.660118 0.8859477
v -0.4290392 -0.6663667 0.8859477
v -0.4344131 -0.660118 0.8859477
v -0.4332883 -0.6663667 0.8859477
v -0.4405369 -0.6623675 0.8859477
v -0.4372875 -0.6678665 0.8859477
v -0.4455359 -0.6664917 0.8859477
v -0.4406619 -0.6706158 0.8859477
v -0.4487852 -0.6721156 0.8859477
v -0.4427864 -0.6743651 0.8859477
v -0.44991 -0.6786143 0.8859477
v -0.4435363 -0.6786143 0.8859477
v -0.4487852 -0.684988 0.8859477
v -0.4427864 -0.6828634 0.8859477
v -0.4435363 -0.6786143 0.8859477
v -0.44991 -0.6786143 0.8859477
v -0.4455359 -0.6906119 0.8859477
v -0.4406619 -0.6864877 0.8859477
v -0.4427864 -0.6828634 0.8859477
v -0.4487852 -0.684988 0.8859477
v -0.4405369 -0.6947361 0.8859477
v -0.4372875 -0.6893622 0.8859477
v -0.4344131 -0.6969856 0.8859477
v -0.4332883 -0.6907369 0.8859477
v -0.4279144 -0.6969856 0.8859477
v -0.4290392 -0.6907369 0.8859477
v -0.4217906 -0.6947361 0.8859477
v -0.424915 -0.6893622 0.8859477
v -0.4167916 -0.6906119 0.8859477
v -0.4216656 -0.6864877 0.8859477
v -0.4135423 -0.684988 0.8859477
v -0.4195411 -0.6828634 0.8859477
v -0.4124175 -0.6786143 0.8859477
v -0.4187912 -0.6786143 0.8859477
v -0.4195411 -0.6828634 0.8859477
v -0.4135423 -0.684988 0.8859477
v -0.4195411 -0.6743651 0.8859477
v -0.4195411 -0.6743651 0.8884473
v -0.4187912 -0.6786143 0.8884473
v -0.4187912 -0.6786143 0.8859477
v -0.4195411 -0.6743651 0.8859477
v -0.4216656 -0.6706158 0.8859477
v -0.4216656 -0.6706158 0.8884473
v -0.4195411 -0.6743651 0.8884473
v -0.4216656 -0.6706158 0.8884473
v -0.4216656 -0.6706158 0.8859477
v -0.424915 -0.6678665 0.8859477
v -0.424915 -0.6678665 0.8884473
v -0.424915 -0.6678665 0.8859477
v -0.4290392 -0.6663667 0.8859477
v -0.4290392 -0.6663667 0.8884473
v -0.424915 -0.6678665 0.8884473
v -0.4290392 -0.6663667 0.8859477
v -0.4332883 -0.6663667 0.8859477
v -0.4332883 -0.6663667 0.8884473
v -0.4290392 -0.6663667 0.8884473
v -0.4372875 -0.6678665 0.8859477
v -0.4372875 -0.6678665 0.8884473
v -0.4332883 -0.6663667 0.8884473
v -0.4332883 -0.6663667 0.8859477
v -0.4406619 -0.6706158 0.8859477
v -0.4406619 -0.6706158 0.8884473
v -0.4372875 -0.6678665 0.8884473
v -0.4372875 -0.6678665 0.8859477
v -0.4427864 -0.6743651 0.8859477
v -0.4427864 -0.6743651 0.8884473
v -0.4406619 -0.6706158 0.8884473
v -0.4406619 -0.6706158 0.8859477
v -0.4435363 -0.6786143 0.8884473
v -0.4427864 -0.6743651 0.8884473
v -0.4427864 -0.6743651 0.8859477
v -0.4435363 -0.6786143 0.8859477
v -0.4435363 -0.6786143 0.8884473
v -0.4435363 -0.6786143 0.8859477
v -0.4427864 -0.6828634 0.8859477
v -0.4427864 -0.6828634 0.8884473
v -0.4427864 -0.6828634 0.8859477
v -0.4406619 -0.6864877 0.8859477
v -0.4406619 -0.6864877 0.8884473
v -0.4427864 -0.6828634 0.8884473
v -0.4372875 -0.6893622 0.8859477
v -0.4372875 -0.6893622 0.8884473
v -0.4406619 -0.6864877 0.8884473
v -0.4406619 -0.6864877 0.8859477
v -0.4372875 -0.6893622 0.8859477
v -0.4332883 -0.6907369 0.8859477
v -0.4332883 -0.6907369 0.8884473
v -0.4372875 -0.6893622 0.8884473
v -0.4332883 -0.6907369 0.8884473
v -0.4332883 -0.6907369 0.8859477
v -0.4290392 -0.6907369 0.8859477
v -0.4290392 -0.6907369 0.8884473
v -0.4290392 -0.6907369 0.8859477
v -0.424915 -0.6893622 0.8859477
v -0.424915 -0.6893622 0.8884473
v -0.4290392 -0.6907369 0.8884473
v -0.424915 -0.6893622 0.8884473
v -0.424915 -0.6893622 0.8859477
v -0.4216656 -0.6864877 0.8859477
v -0.4216656 -0.6864877 0.8884473
v -0.4216656 -0.6864877 0.8859477
v -0.4195411 -0.6828634 0.8859477
v -0.4195411 -0.6828634 0.8884473
v -0.4216656 -0.6864877 0.8884473
v -0.4195411 -0.6828634 0.8859477
v -0.4187912 -0.6786143 0.8859477
v -0.4187912 -0.6786143 0.8884473
v -0.4195411 -0.6828634 0.8884473
v -0.4124175 -0.3393072 0.8859477
v -0.4124175 -0.3393072 0.8810737
v -0.4135423 -0.3329334 0.8810737
v -0.4135423 -0.3329334 0.8859477
v -0.4167916 -0.3273095 0.8810737
v -0.4167916 -0.3273095 0.8859477
v -0.4167916 -0.3273095 0.8810737
v -0.4217906 -0.3230604 0.8810737
v -0.4217906 -0.3230604 0.8859477
v -0.4167916 -0.3273095 0.8859477
v -0.4279144 -0.3209358 0.8859477
v -0.4279144 -0.3209358 0.8810737
v -0.4344131 -0.3209358 0.8810737
v -0.4344131 -0.3209358 0.8859477
v -0.4405369 -0.3230604 0.8810737
v -0.4405369 -0.3230604 0.8859477
v -0.4455359 -0.3273095 0.8810737
v -0.4455359 -0.3273095 0.8859477
v -0.4455359 -0.3273095 0.8810737
v -0.4487852 -0.3329334 0.8810737
v -0.4487852 -0.3329334 0.8859477
v -0.4455359 -0.3273095 0.8859477
v -0.44991 -0.3393072 0.8810737
v -0.44991 -0.3393072 0.8859477
v -0.4487852 -0.3458059 0.8810737
v -0.4487852 -0.3458059 0.8859477
v -0.4455359 -0.3514297 0.8810737
v -0.4455359 -0.3514297 0.8859477
v -0.4455359 -0.3514297 0.8810737
v -0.4405369 -0.3555539 0.8810737
v -0.4405369 -0.3555539 0.8859477
v -0.4455359 -0.3514297 0.8859477
v -0.4344131 -0.3578034 0.8859477
v -0.4344131 -0.3578034 0.8810737
v -0.4279144 -0.3578034 0.8810737
v -0.4279144 -0.3578034 0.8859477
v -0.4217906 -0.3555539 0.8810737
v -0.4217906 -0.3555539 0.8859477
v -0.4167916 -0.3514297 0.8810737
v -0.4167916 -0.3514297 0.8859477
v -0.4167916 -0.3514297 0.8810737
v -0.4135423 -0.3458059 0.8810737
v -0.4135423 -0.3458059 0.8859477
v -0.4167916 -0.3514297 0.8859477
v -0.4216656 -0.3314337 0.8884473
v -0.424915 -0.3285593 0.8884473
v -0.4195411 -0.3435563 0.8884473
v -0.4195411 -0.335058 0.8884473
v -0.4406619 -0.3314337 0.8884473
v -0.4290392 -0.3271846 0.8884473
v -0.4332883 -0.3271846 0.8884473
v -0.4372875 -0.3285593 0.8884473
v -0.4427864 -0.335058 0.8884473
v -0.4435363 -0.3393072 0.8884473
v -0.4406619 -0.3473055 0.8884473
v -0.4427864 -0.3435563 0.8884473
v -0.4372875 -0.350055 0.8884473
v -0.4332883 -0.3515547 0.8884473
v -0.424915 -0.350055 0.8884473
v -0.4290392 -0.3515547 0.8884473
v -0.4216656 -0.3473055 0.8884473
v -0.4187912 -0.3393072 0.8884473
v -0.4195411 -0.335058 0.8859477
v -0.4187912 -0.3393072 0.8859477
v -0.4124175 -0.3393072 0.8859477
v -0.4135423 -0.3329334 0.8859477
v -0.4167916 -0.3273095 0.8859477
v -0.4216656 -0.3314337 0.8859477
v -0.4217906 -0.3230604 0.8859477
v -0.424915 -0.3285593 0.8859477
v -0.4279144 -0.3209358 0.8859477
v -0.4290392 -0.3271846 0.8859477
v -0.4344131 -0.3209358 0.8859477
v -0.4332883 -0.3271846 0.8859477
v -0.4405369 -0.3230604 0.8859477
v -0.4372875 -0.3285593 0.8859477
v -0.4455359 -0.3273095 0.8859477
v -0.4406619 -0.3314337 0.8859477
v -0.4487852 -0.3329334 0.8859477
v -0.4427864 -0.335058 0.8859477
v -0.44991 -0.3393072 0.8859477
v -0.4435363 -0.3393072 0.8859477
v -0.4487852 -0.3458059 0.8859477
v -0.4427864 -0.3435563 0.8859477
v -0.4455359 -0.3514297 0.8859477
v -0.4406619 -0.3473055 0.8859477
v -0.4405369 -0.3555539 0.8859477
v -0.4372875 -0.350055 0.8859477
v -0.4344131 -0.3578034 0.8859477
v -0.4332883 -0.3515547 0.8859477
v -0.4279144 -0.3578034 0.8859477
v -0.4290392 -0.3515547 0.8859477
v -0.4217906 -0.3555539 0.8859477
v -0.424915 -0.350055 0.8859477
v -0.4167916 -0.3514297 0.8859477
v -0.4216656 -0.3473055 0.8859477
v -0.4135423 -0.3458059 0.8859477
v -0.4195411 -0.3435563 0.8859477
v -0.4187912 -0.3393072 0.8859477
v -0.4195411 -0.335058 0.8859477
v -0.4195411 -0.335058 0.8884473
v -0.4187912 -0.3393072 0.8884473
v -0.4216656 -0.3314337 0.8859477
v -0.4216656 -0.3314337 0.8884473
v -0.4195411 -0.335058 0.8884473
v -0.4195411 -0.335058 0.8859477
v -0.4216656 -0.3314337 0.8859477
v -0.424915 -0.3285593 0.8859477
v -0.424915 -0.3285593 0.8884473
v -0.4216656 -0.3314337 0.8884473
v -0.424915 -0.3285593 0.8859477
v -0.4290392 -0.3271846 0.8859477
v -0.4290392 -0.3271846 0.8884473
v -0.424915 -0.3285593 0.8884473
v -0.4290392 -0.3271846 0.8859477
v -0.4332883 -0.3271846 0.8859477
v -0.4332883 -0.3271846 0.8884473
v -0.4290392 -0.3271846 0.8884473
v -0.4332883 -0.3271846 0.8884473
v -0.4332883 -0.3271846 0.8859477
v -0.4372875 -0.3285593 0.8859477
v -0.4372875 -0.3285593 0.8884473
v -0.4406619 -0.3314337 0.8884473
v -0.4372875 -0.3285593 0.8884473
v -0.4372875 -0.3285593 0.8859477
v -0.4406619 -0.3314337 0.8859477
v -0.4406619 -0.3314337 0.8859477
v -0.4427864 -0.335058 0.8859477
v -0.4427864 -0.335058 0.8884473
v -0.4406619 -0.3314337 0.8884473
v -0.4435363 -0.3393072 0.8884473
v -0.4427864 -0.335058 0.8884473
v -0.4427864 -0.335058 0.8859477
v -0.4435363 -0.3393072 0.8859477
v -0.4427864 -0.3435563 0.8859477
v -0.4427864 -0.3435563 0.8884473
v -0.4435363 -0.3393072 0.8884473
v -0.4435363 -0.3393072 0.8859477
v -0.4427864 -0.3435563 0.8884473
v -0.4427864 -0.3435563 0.8859477
v -0.4406619 -0.3473055 0.8859477
v -0.4406619 -0.3473055 0.8884473
v -0.4372875 -0.350055 0.8859477
v -0.4372875 -0.350055 0.8884473
v -0.4406619 -0.3473055 0.8884473
v -0.4406619 -0.3473055 0.8859477
v -0.4372875 -0.350055 0.8859477
v -0.4332883 -0.3515547 0.8859477
v -0.4332883 -0.3515547 0.8884473
v -0.4372875 -0.350055 0.8884473
v -0.4290392 -0.3515547 0.8859477
v -0.4290392 -0.3515547 0.8884473
v -0.4332883 -0.3515547 0.8884473
v -0.4332883 -0.3515547 0.8859477
v -0.4290392 -0.3515547 0.8859477
v -0.424915 -0.350055 0.8859477
v -0.424915 -0.350055 0.8884473
v -0.4290392 -0.3515547 0.8884473
v -0.424915 -0.350055 0.8859477
v -0.4216656 -0.3473055 0.8859477
v -0.4216656 -0.3473055 0.8884473
v -0.424915 -0.350055 0.8884473
v -0.4216656 -0.3473055 0.8859477
v -0.4195411 -0.3435563 0.8859477
v -0.4195411 -0.3435563 0.8884473
v -0.4216656 -0.3473055 0.8884473
v -0.4195411 -0.3435563 0.8859477
v -0.4187912 -0.3393072 0.8859477
v -0.4187912 -0.3393072 0.8884473
v -0.4195411 -0.3435563 0.8884473
v -0.4124175 -0.000125 0.8810737
v -0.4135423 0.0062487 0.8810737
v -0.4135423 0.0062487 0.8859477
v -0.4124175 -0.000125 0.8859477
v -0.4167916 0.0118726 0.8810737
v -0.4167916 0.0118726 0.8859477
v -0.4167916 0.0118726 0.8810737
v -0.4217906 0.0161218 0.8810737
v -0.4217906 0.0161218 0.8859477
v -0.4167916 0.0118726 0.8859477
v -0.4279144 0.0183713 0.8810737
v -0.4279144 0.0183713 0.8859477
v -0.4344131 0.0183713 0.8810737
v -0.4344131 0.0183713 0.8859477
v -0.4405369 0.0161218 0.8810737
v -0.4405369 0.0161218 0.8859477
v -0.4455359 0.0118726 0.8810737
v -0.4455359 0.0118726 0.8859477
v -0.4455359 0.0118726 0.8810737
v -0.4487852 0.0062487 0.8810737
v -0.4487852 0.0062487 0.8859477
v -0.4455359 0.0118726 0.8859477
v -0.44991 -0.000125 0.8810737
v -0.44991 -0.000125 0.8859477
v -0.4487852 -0.0064987 0.8810737
v -0.4487852 -0.0064987 0.8859477
v -0.4455359 -0.0121226 0.8810737
v -0.4455359 -0.0121226 0.8859477
v -0.4455359 -0.0121226 0.8810737
v -0.4405369 -0.0163717 0.8810737
v -0.4405369 -0.0163717 0.8859477
v -0.4455359 -0.0121226 0.8859477
v -0.4344131 -0.0186213 0.8810737
v -0.4344131 -0.0186213 0.8859477
v -0.4279144 -0.0186213 0.8810737
v -0.4279144 -0.0186213 0.8859477
v -0.4217906 -0.0163717 0.8810737
v -0.4217906 -0.0163717 0.8859477
v -0.4167916 -0.0121226 0.8810737
v -0.4167916 -0.0121226 0.8859477
v -0.4167916 -0.0121226 0.8810737
v -0.4135423 -0.0064987 0.8810737
v -0.4135423 -0.0064987 0.8859477
v -0.4167916 -0.0121226 0.8859477
v -0.4195411 0.0041242 0.8884473
v -0.4216656 0.0078734 0.8884473
v -0.424915 0.0106229 0.8884473
v -0.4195411 -0.0043741 0.8884473
v -0.4290392 0.0121226 0.8884473
v -0.4332883 0.0121226 0.8884473
v -0.4406619 0.0078734 0.8884473
v -0.4372875 0.0106229 0.8884473
v -0.4427864 0.0041242 0.8884473
v -0.4435363 -0.000125 0.8884473
v -0.4406619 -0.0081234 0.8884473
v -0.4427864 -0.0043741 0.8884473
v -0.4372875 -0.0108728 0.8884473
v -0.4332883 -0.0123725 0.8884473
v -0.424915 -0.0108728 0.8884473
v -0.4290392 -0.0123725 0.8884473
v -0.4216656 -0.0081234 0.8884473
v -0.4187912 -0.000125 0.8884473
v -0.4187912 -0.000125 0.8859477
v -0.4124175 -0.000125 0.8859477
v -0.4135423 0.0062487 0.8859477
v -0.4195411 0.0041242 0.8859477
v -0.4167916 0.0118726 0.8859477
v -0.4216656 0.0078734 0.8859477
v -0.424915 0.0106229 0.8859477
v -0.4217906 0.0161218 0.8859477
v -0.4279144 0.0183713 0.8859477
v -0.4290392 0.0121226 0.8859477
v -0.4344131 0.0183713 0.8859477
v -0.4332883 0.0121226 0.8859477
v -0.4405369 0.0161218 0.8859477
v -0.4372875 0.0106229 0.8859477
v -0.4455359 0.0118726 0.8859477
v -0.4406619 0.0078734 0.8859477
v -0.4487852 0.0062487 0.8859477
v -0.4427864 0.0041242 0.8859477
v -0.44991 -0.000125 0.8859477
v -0.4435363 -0.000125 0.8859477
v -0.4487852 -0.0064987 0.8859477
v -0.4427864 -0.0043741 0.8859477
v -0.4455359 -0.0121226 0.8859477
v -0.4406619 -0.0081234 0.8859477
v -0.4372875 -0.0108728 0.8859477
v -0.4405369 -0.0163717 0.8859477
v -0.4344131 -0.0186213 0.8859477
v -0.4332883 -0.0123725 0.8859477
v -0.4290392 -0.0123725 0.8859477
v -0.4279144 -0.0186213 0.8859477
v -0.4217906 -0.0163717 0.8859477
v -0.424915 -0.0108728 0.8859477
v -0.4167916 -0.0121226 0.8859477
v -0.4216656 -0.0081234 0.8859477
v -0.4135423 -0.0064987 0.8859477
v -0.4195411 -0.0043741 0.8859477
v -0.4187912 -0.000125 0.8859477
v -0.4195411 0.0041242 0.8859477
v -0.4195411 0.0041242 0.8884473
v -0.4187912 -0.000125 0.8884473
v -0.4216656 0.0078734 0.8884473
v -0.4195411 0.0041242 0.8884473
v -0.4195411 0.0041242 0.8859477
v -0.4216656 0.0078734 0.8859477
v -0.4216656 0.0078734 0.8884473
v -0.4216656 0.0078734 0.8859477
v -0.424915 0.0106229 0.8859477
v -0.424915 0.0106229 0.8884473
v -0.4290392 0.0121226 0.8884473
v -0.424915 0.0106229 0.8884473
v -0.424915 0.0106229 0.8859477
v -0.4290392 0.0121226 0.8859477
v -0.4290392 0.0121226 0.8884473
v -0.4290392 0.0121226 0.8859477
v -0.4332883 0.0121226 0.8859477
v -0.4332883 0.0121226 0.8884473
v -0.4332883 0.0121226 0.8884473
v -0.4332883 0.0121226 0.8859477
v -0.4372875 0.0106229 0.8859477
v -0.4372875 0.0106229 0.8884473
v -0.4372875 0.0106229 0.8859477
v -0.4406619 0.0078734 0.8859477
v -0.4406619 0.0078734 0.8884473
v -0.4372875 0.0106229 0.8884473
v -0.4427864 0.0041242 0.8859477
v -0.4427864 0.0041242 0.8884473
v -0.4406619 0.0078734 0.8884473
v -0.4406619 0.0078734 0.8859477
v -0.4427864 0.0041242 0.8884473
v -0.4427864 0.0041242 0.8859477
v -0.4435363 -0.000125 0.8859477
v -0.4435363 -0.000125 0.8884473
v -0.4435363 -0.000125 0.8884473
v -0.4435363 -0.000125 0.8859477
v -0.4427864 -0.0043741 0.8859477
v -0.4427864 -0.0043741 0.8884473
v -0.4427864 -0.0043741 0.8884473
v -0.4427864 -0.0043741 0.8859477
v -0.4406619 -0.0081234 0.8859477
v -0.4406619 -0.0081234 0.8884473
v -0.4406619 -0.0081234 0.8884473
v -0.4406619 -0.0081234 0.8859477
v -0.4372875 -0.0108728 0.8859477
v -0.4372875 -0.0108728 0.8884473
v -0.4372875 -0.0108728 0.8884473
v -0.4372875 -0.0108728 0.8859477
v -0.4332883 -0.0123725 0.8859477
v -0.4332883 -0.0123725 0.8884473
v -0.4332883 -0.0123725 0.8884473
v -0.4332883 -0.0123725 0.8859477
v -0.4290392 -0.0123725 0.8859477
v -0.4290392 -0.0123725 0.8884473
v -0.4290392 -0.0123725 0.8884473
v -0.4290392 -0.0123725 0.8859477
v -0.424915 -0.0108728 0.8859477
v -0.424915 -0.0108728 0.8884473
v -0.424915 -0.0108728 0.8859477
v -0.4216656 -0.0081234 0.8859477
v -0.4216656 -0.0081234 0.8884473
v -0.424915 -0.0108728 0.8884473
v -0.4216656 -0.0081234 0.8859477
v -0.4195411 -0.0043741 0.8859477
v -0.4195411 -0.0043741 0.8884473
v -0.4216656 -0.0081234 0.8884473
v -0.4195411 -0.0043741 0.8859477
v -0.4187912 -0.000125 0.8859477
v -0.4187912 -0.000125 0.8884473
v -0.4195411 -0.0043741 0.8884473
v -0.4124175 0.3390572 0.8810737
v -0.4135423 0.3455559 0.8810737
v -0.4135423 0.3455559 0.8859477
v -0.4124175 0.3390572 0.8859477
v -0.4167916 0.3511797 0.8810737
v -0.4167916 0.3511797 0.8859477
v -0.4167916 0.3511797 0.8810737
v -0.4217906 0.3553039 0.8810737
v -0.4217906 0.3553039 0.8859477
v -0.4167916 0.3511797 0.8859477
v -0.4279144 0.3575534 0.8810737
v -0.4279144 0.3575534 0.8859477
v -0.4344131 0.3575534 0.8810737
v -0.4344131 0.3575534 0.8859477
v -0.4405369 0.3553039 0.8810737
v -0.4405369 0.3553039 0.8859477
v -0.4455359 0.3511797 0.8810737
v -0.4455359 0.3511797 0.8859477
v -0.4455359 0.3511797 0.8810737
v -0.4487852 0.3455559 0.8810737
v -0.4487852 0.3455559 0.8859477
v -0.4455359 0.3511797 0.8859477
v -0.44991 0.3390572 0.8810737
v -0.44991 0.3390572 0.8859477
v -0.4487852 0.3326834 0.8810737
v -0.4487852 0.3326834 0.8859477
v -0.4455359 0.3270595 0.8810737
v -0.4455359 0.3270595 0.8859477
v -0.4455359 0.3270595 0.8810737
v -0.4405369 0.3228104 0.8810737
v -0.4405369 0.3228104 0.8859477
v -0.4455359 0.3270595 0.8859477
v -0.4344131 0.3206858 0.8810737
v -0.4344131 0.3206858 0.8859477
v -0.4279144 0.3206858 0.8810737
v -0.4279144 0.3206858 0.8859477
v -0.4217906 0.3228104 0.8810737
v -0.4217906 0.3228104 0.8859477
v -0.4167916 0.3270595 0.8810737
v -0.4167916 0.3270595 0.8859477
v -0.4167916 0.3270595 0.8810737
v -0.4135423 0.3326834 0.8810737
v -0.4135423 0.3326834 0.8859477
v -0.4167916 0.3270595 0.8859477
v -0.4195411 0.3433063 0.8884473
v -0.4216656 0.3470555 0.8884473
v -0.424915 0.349805 0.8884473
v -0.4195411 0.334808 0.8884473
v -0.4290392 0.3513047 0.8884473
v -0.4332883 0.3513047 0.8884473
v -0.4406619 0.3470555 0.8884473
v -0.4372875 0.349805 0.8884473
v -0.4427864 0.3433063 0.8884473
v -0.4435363 0.3390572 0.8884473
v -0.4406619 0.3311837 0.8884473
v -0.4427864 0.334808 0.8884473
v -0.4372875 0.3283093 0.8884473
v -0.4332883 0.3269346 0.8884473
v -0.424915 0.3283093 0.8884473
v -0.4290392 0.3269346 0.8884473
v -0.4216656 0.3311837 0.8884473
v -0.4187912 0.3390572 0.8884473
v -0.4187912 0.3390572 0.8859477
v -0.4124175 0.3390572 0.8859477
v -0.4135423 0.3455559 0.8859477
v -0.4195411 0.3433063 0.8859477
v -0.4167916 0.3511797 0.8859477
v -0.4216656 0.3470555 0.8859477
v -0.424915 0.349805 0.8859477
v -0.4217906 0.3553039 0.8859477
v -0.4279144 0.3575534 0.8859477
v -0.4290392 0.3513047 0.8859477
v -0.4344131 0.3575534 0.8859477
v -0.4332883 0.3513047 0.8859477
v -0.4405369 0.3553039 0.8859477
v -0.4372875 0.349805 0.8859477
v -0.4455359 0.3511797 0.8859477
v -0.4406619 0.3470555 0.8859477
v -0.4487852 0.3455559 0.8859477
v -0.4427864 0.3433063 0.8859477
v -0.44991 0.3390572 0.8859477
v -0.4435363 0.3390572 0.8859477
v -0.4487852 0.3326834 0.8859477
v -0.4427864 0.334808 0.8859477
v -0.4455359 0.3270595 0.8859477
v -0.4406619 0.3311837 0.8859477
v -0.4372875 0.3283093 0.8859477
v -0.4405369 0.3228104 0.8859477
v -0.4344131 0.3206858 0.8859477
v -0.4332883 0.3269346 0.8859477
v -0.4290392 0.3269346 0.8859477
v -0.4279144 0.3206858 0.8859477
v -0.4217906 0.3228104 0.8859477
v -0.424915 0.3283093 0.8859477
v -0.4167916 0.3270595 0.8859477
v -0.4216656 0.3311837 0.8859477
v -0.4135423 0.3326834 0.8859477
v -0.4195411 0.334808 0.8859477
v -0.4187912 0.3390572 0.8859477
v -0.4195411 0.3433063 0.8859477
v -0.4195411 0.3433063 0.8884473
v -0.4187912 0.3390572 0.8884473
v -0.4216656 0.3470555 0.8884473
v -0.4195411 0.3433063 0.8884473
v -0.4195411 0.3433063 0.8859477
v -0.4216656 0.3470555 0.8859477
v -0.4216656 0.3470555 0.8884473
v -0.4216656 0.3470555 0.8859477
v -0.424915 0.349805 0.8859477
v -0.424915 0.349805 0.8884473
v -0.4290392 0.3513047 0.8884473
v -0.424915 0.349805 0.8884473
v -0.424915 0.349805 0.8859477
v -0.4290392 0.3513047 0.8859477
v -0.4290392 0.3513047 0.8884473
v -0.4290392 0.3513047 0.8859477
v -0.4332883 0.3513047 0.8859477
v -0.4332883 0.3513047 0.8884473
v -0.4332883 0.3513047 0.8884473
v -0.4332883 0.3513047 0.8859477
v -0.4372875 0.349805 0.8859477
v -0.4372875 0.349805 0.8884473
v -0.4372875 0.349805 0.8859477
v -0.4406619 0.3470555 0.8859477
v -0.4406619 0.3470555 0.8884473
v -0.4372875 0.349805 0.8884473
v -0.4427864 0.3433063 0.8859477
v -0.4427864 0.3433063 0.8884473
v -0.4406619 0.3470555 0.8884473
v -0.4406619 0.3470555 0.8859477
v -0.4427864 0.3433063 0.8884473
v -0.4427864 0.3433063 0.8859477
v -0.4435363 0.3390572 0.8859477
v -0.4435363 0.3390572 0.8884473
v -0.4435363 0.3390572 0.8884473
v -0.4435363 0.3390572 0.8859477
v -0.4427864 0.334808 0.8859477
v -0.4427864 0.334808 0.8884473
v -0.4427864 0.334808 0.8884473
v -0.4427864 0.334808 0.8859477
v -0.4406619 0.3311837 0.8859477
v -0.4406619 0.3311837 0.8884473
v -0.4406619 0.3311837 0.8884473
v -0.4406619 0.3311837 0.8859477
v -0.4372875 0.3283093 0.8859477
v -0.4372875 0.3283093 0.8884473
v -0.4372875 0.3283093 0.8884473
v -0.4372875 0.3283093 0.8859477
v -0.4332883 0.3269346 0.8859477
v -0.4332883 0.3269346 0.8884473
v -0.4332883 0.3269346 0.8884473
v -0.4332883 0.3269346 0.8859477
v -0.4290392 0.3269346 0.8859477
v -0.4290392 0.3269346 0.8884473
v -0.4290392 0.3269346 0.8884473
v -0.4290392 0.3269346 0.8859477
v -0.424915 0.3283093 0.8859477
v -0.424915 0.3283093 0.8884473
v -0.424915 0.3283093 0.8859477
v -0.4216656 0.3311837 0.8859477
v -0.4216656 0.3311837 0.8884473
v -0.424915 0.3283093 0.8884473
v -0.4216656 0.3311837 0.8859477
v -0.4195411 0.334808 0.8859477
v -0.4195411 0.334808 0.8884473
v -0.4216656 0.3311837 0.8884473
v -0.4195411 0.334808 0.8859477
v -0.4187912 0.3390572 0.8859477
v -0.4187912 0.3390572 0.8884473
v -0.4195411 0.334808 0.8884473
v -0.4124175 0.6783643 0.8810737
v -0.4135423 0.684738 0.8810737
v -0.4135423 0.684738 0.8859477
v -0.4124175 0.6783643 0.8859477
v -0.4167916 0.6903619 0.8810737
v -0.4167916 0.6903619 0.8859477
v -0.4167916 0.6903619 0.8810737
v -0.4217906 0.6944861 0.8810737
v -0.4217906 0.6944861 0.8859477
v -0.4167916 0.6903619 0.8859477
v -0.4279144 0.6967356 0.8810737
v -0.4279144 0.6967356 0.8859477
v -0.4344131 0.6967356 0.8810737
v -0.4344131 0.6967356 0.8859477
v -0.4405369 0.6944861 0.8810737
v -0.4405369 0.6944861 0.8859477
v -0.4455359 0.6903619 0.8810737
v -0.4455359 0.6903619 0.8859477
v -0.4455359 0.6903619 0.8810737
v -0.4487852 0.684738 0.8810737
v -0.4487852 0.684738 0.8859477
v -0.4455359 0.6903619 0.8859477
v -0.44991 0.6783643 0.8810737
v -0.44991 0.6783643 0.8859477
v -0.4487852 0.6718656 0.8810737
v -0.4487852 0.6718656 0.8859477
v -0.4455359 0.6662417 0.8810737
v -0.4455359 0.6662417 0.8859477
v -0.4455359 0.6662417 0.8810737
v -0.4405369 0.6621176 0.8810737
v -0.4405369 0.6621176 0.8859477
v -0.4455359 0.6662417 0.8859477
v -0.4344131 0.659868 0.8810737
v -0.4344131 0.659868 0.8859477
v -0.4279144 0.659868 0.8810737
v -0.4279144 0.659868 0.8859477
v -0.4217906 0.6621176 0.8810737
v -0.4217906 0.6621176 0.8859477
v -0.4167916 0.6662417 0.8810737
v -0.4167916 0.6662417 0.8859477
v -0.4167916 0.6662417 0.8810737
v -0.4135423 0.6718656 0.8810737
v -0.4135423 0.6718656 0.8859477
v -0.4167916 0.6662417 0.8859477
v -0.4195411 0.6826134 0.8884473
v -0.4216656 0.6862377 0.8884473
v -0.424915 0.6891122 0.8884473
v -0.4195411 0.6741151 0.8884473
v -0.4290392 0.6904869 0.8884473
v -0.4332883 0.6904869 0.8884473
v -0.4406619 0.6862377 0.8884473
v -0.4372875 0.6891122 0.8884473
v -0.4427864 0.6826134 0.8884473
v -0.4435363 0.6783643 0.8884473
v -0.4406619 0.6703659 0.8884473
v -0.4427864 0.6741151 0.8884473
v -0.4372875 0.6676165 0.8884473
v -0.4332883 0.6661167 0.8884473
v -0.424915 0.6676165 0.8884473
v -0.4290392 0.6661167 0.8884473
v -0.4216656 0.6703659 0.8884473
v -0.4187912 0.6783643 0.8884473
v -0.4187912 0.6783643 0.8859477
v -0.4124175 0.6783643 0.8859477
v -0.4135423 0.684738 0.8859477
v -0.4195411 0.6826134 0.8859477
v -0.4167916 0.6903619 0.8859477
v -0.4216656 0.6862377 0.8859477
v -0.424915 0.6891122 0.8859477
v -0.4217906 0.6944861 0.8859477
v -0.4279144 0.6967356 0.8859477
v -0.4290392 0.6904869 0.8859477
v -0.4344131 0.6967356 0.8859477
v -0.4332883 0.6904869 0.8859477
v -0.4405369 0.6944861 0.8859477
v -0.4372875 0.6891122 0.8859477
v -0.4455359 0.6903619 0.8859477
v -0.4406619 0.6862377 0.8859477
v -0.4487852 0.684738 0.8859477
v -0.4427864 0.6826134 0.8859477
v -0.44991 0.6783643 0.8859477
v -0.4435363 0.6783643 0.8859477
v -0.4487852 0.6718656 0.8859477
v -0.4427864 0.6741151 0.8859477
v -0.4455359 0.6662417 0.8859477
v -0.4406619 0.6703659 0.8859477
v -0.4372875 0.6676165 0.8859477
v -0.4405369 0.6621176 0.8859477
v -0.4344131 0.659868 0.8859477
v -0.4332883 0.6661167 0.8859477
v -0.4290392 0.6661167 0.8859477
v -0.4279144 0.659868 0.8859477
v -0.4217906 0.6621176 0.8859477
v -0.424915 0.6676165 0.8859477
v -0.4167916 0.6662417 0.8859477
v -0.4216656 0.6703659 0.8859477
v -0.4135423 0.6718656 0.8859477
v -0.4195411 0.6741151 0.8859477
v -0.4187912 0.6783643 0.8859477
v -0.4195411 0.6826134 0.8859477
v -0.4195411 0.6826134 0.8884473
v -0.4187912 0.6783643 0.8884473
v -0.4216656 0.6862377 0.8884473
v -0.4195411 0.6826134 0.8884473
v -0.4195411 0.6826134 0.8859477
v -0.4216656 0.6862377 0.8859477
v -0.4216656 0.6862377 0.8884473
v -0.4216656 0.6862377 0.8859477
v -0.424915 0.6891122 0.8859477
v -0.424915 0.6891122 0.8884473
v -0.4290392 0.6904869 0.8884473
v -0.424915 0.6891122 0.8884473
v -0.424915 0.6891122 0.8859477
v -0.4290392 0.6904869 0.8859477
v -0.4290392 0.6904869 0.8884473
v -0.4290392 0.6904869 0.8859477
v -0.4332883 0.6904869 0.8859477
v -0.4332883 0.6904869 0.8884473
v -0.4332883 0.6904869 0.8884473
v -0.4332883 0.6904869 0.8859477
v -0.4372875 0.6891122 0.8859477
v -0.4372875 0.6891122 0.8884473
v -0.4372875 0.6891122 0.8859477
v -0.4406619 0.6862377 0.8859477
v -0.4406619 0.6862377 0.8884473
v -0.4372875 0.6891122 0.8884473
v -0.4427864 0.6826134 0.8859477
v -0.4427864 0.6826134 0.8884473
v -0.4406619 0.6862377 0.8884473
v -0.4406619 0.6862377 0.8859477
v -0.4427864 0.6826134 0.8884473
v -0.4427864 0.6826134 0.8859477
v -0.4435363 0.6783643 0.8859477
v -0.4435363 0.6783643 0.8884473
v -0.4435363 0.6783643 0.8884473
v -0.4435363 0.6783643 0.8859477
v -0.4427864 0.6741151 0.8859477
v -0.4427864 0.6741151 0.8884473
v -0.4427864 0.6741151 0.8884473
v -0.4427864 0.6741151 0.8859477
v -0.4406619 0.6703659 0.8859477
v -0.4406619 0.6703659 0.8884473
v -0.4406619 0.6703659 0.8884473
v -0.4406619 0.6703659 0.8859477
v -0.4372875 0.6676165 0.8859477
v -0.4372875 0.6676165 0.8884473
v -0.4372875 0.6676165 0.8884473
v -0.4372875 0.6676165 0.8859477
v -0.4332883 0.6661167 0.8859477
v -0.4332883 0.6661167 0.8884473
v -0.4332883 0.6661167 0.8884473
v -0.4332883 0.6661167 0.8859477
v -0.4290392 0.6661167 0.8859477
v -0.4290392 0.6661167 0.8884473
v -0.4290392 0.6661167 0.8884473
v -0.4290392 0.6661167 0.8859477
v -0.424915 0.6676165 0.8859477
v -0.424915 0.6676165 0.8884473
v -0.424915 0.6676165 0.8859477
v -0.4216656 0.6703659 0.8859477
v -0.4216656 0.6703659 0.8884473
v -0.424915 0.6676165 0.8884473
v -0.4216656 0.6703659 0.8859477
v -0.4195411 0.6741151 0.8859477
v -0.4195411 0.6741151 0.8884473
v -0.4216656 0.6703659 0.8884473
v -0.4195411 0.6741151 0.8859477
v -0.4187912 0.6783643 0.8859477
v -0.4187912 0.6783643 0.8884473
v -0.4195411 0.6741151 0.8884473
v -0.4124175 1.0175464 0.8810737
v -0.4135423 1.0239202 0.8810737
v -0.4135423 1.0239202 0.8859477
v -0.4124175 1.0175464 0.8859477
v -0.4167916 1.029544 0.8810737
v -0.4167916 1.029544 0.8859477
v -0.4167916 1.029544 0.8810737
v -0.4217906 1.0337932 0.8810737
v -0.4217906 1.0337932 0.8859477
v -0.4167916 1.029544 0.8859477
v -0.4279144 1.0360428 0.8810737
v -0.4279144 1.0360428 0.8859477
v -0.4344131 1.0360428 0.8810737
v -0.4344131 1.0360428 0.8859477
v -0.4405369 1.0337932 0.8810737
v -0.4405369 1.0337932 0.8859477
v -0.4455359 1.029544 0.8810737
v -0.4455359 1.029544 0.8859477
v -0.4455359 1.029544 0.8810737
v -0.4487852 1.0239202 0.8810737
v -0.4487852 1.0239202 0.8859477
v -0.4455359 1.029544 0.8859477
v -0.44991 1.0175464 0.8810737
v -0.44991 1.0175464 0.8859477
v -0.4487852 1.0111727 0.8810737
v -0.4487852 1.0111727 0.8859477
v -0.4455359 1.0054239 0.8810737
v -0.4455359 1.0054239 0.8859477
v -0.4455359 1.0054239 0.8810737
v -0.4405369 1.0012997 0.8810737
v -0.4405369 1.0012997 0.8859477
v -0.4455359 1.0054239 0.8859477
v -0.4344131 0.9990501 0.8810737
v -0.4344131 0.9990501 0.8859477
v -0.4279144 0.9990501 0.8810737
v -0.4279144 0.9990501 0.8859477
v -0.4217906 1.0012997 0.8810737
v -0.4217906 1.0012997 0.8859477
v -0.4167916 1.0054239 0.8810737
v -0.4167916 1.0054239 0.8859477
v -0.4167916 1.0054239 0.8810737
v -0.4135423 1.0111727 0.8810737
v -0.4135423 1.0111727 0.8859477
v -0.4167916 1.0054239 0.8859477
v -0.4195411 1.0217956 0.8884473
v -0.4216656 1.0255448 0.8884473
v -0.424915 1.0282943 0.8884473
v -0.4195411 1.0132973 0.8884473
v -0.4290392 1.029794 0.8884473
v -0.4332883 1.029794 0.8884473
v -0.4406619 1.0255448 0.8884473
v -0.4372875 1.0282943 0.8884473
v -0.4427864 1.0217956 0.8884473
v -0.4435363 1.0175464 0.8884473
v -0.4406619 1.0095481 0.8884473
v -0.4427864 1.0132973 0.8884473
v -0.4372875 1.0067986 0.8884473
v -0.4332883 1.0052989 0.8884473
v -0.424915 1.0067986 0.8884473
v -0.4290392 1.0052989 0.8884473
v -0.4216656 1.0095481 0.8884473
v -0.4187912 1.0175464 0.8884473
v -0.4187912 1.0175464 0.8859477
v -0.4124175 1.0175464 0.8859477
v -0.4135423 1.0239202 0.8859477
v -0.4195411 1.0217956 0.8859477
v -0.4167916 1.029544 0.8859477
v -0.4216656 1.0255448 0.8859477
v -0.4195411 1.0217956 0.8859477
v -0.4135423 1.0239202 0.8859477
v -0.424915 1.0282943 0.8859477
v -0.4217906 1.0337932 0.8859477
v -0.424915 1.0282943 0.8859477
v -0.4217906 1.0337932 0.8859477
v -0.4279144 1.0360428 0.8859477
v -0.4290392 1.029794 0.8859477
v -0.4344131 1.0360428 0.8859477
v -0.4332883 1.029794 0.8859477
v -0.4344131 1.0360428 0.8859477
v -0.4405369 1.0337932 0.8859477
v -0.4372875 1.0282943 0.8859477
v -0.4332883 1.029794 0.8859477
v -0.4372875 1.0282943 0.8859477
v -0.4405369 1.0337932 0.8859477
v -0.4455359 1.029544 0.8859477
v -0.4406619 1.0255448 0.8859477
v -0.4487852 1.0239202 0.8859477
v -0.4427864 1.0217956 0.8859477
v -0.44991 1.0175464 0.8859477
v -0.4435363 1.0175464 0.8859477
v -0.4487852 1.0111727 0.8859477
v -0.4427864 1.0132973 0.8859477
v -0.4427864 1.0132973 0.8859477
v -0.4487852 1.0111727 0.8859477
v -0.4455359 1.0054239 0.8859477
v -0.4406619 1.0095481 0.8859477
v -0.4372875 1.0067986 0.8859477
v -0.4405369 1.0012997 0.8859477
v -0.4405369 1.0012997 0.8859477
v -0.4344131 0.9990501 0.8859477
v -0.4332883 1.0052989 0.8859477
v -0.4372875 1.0067986 0.8859477
v -0.4290392 1.0052989 0.8859477
v -0.4332883 1.0052989 0.8859477
v -0.4344131 0.9990501 0.8859477
v -0.4279144 0.9990501 0.8859477
v -0.4290392 1.0052989 0.8859477
v -0.4279144 0.9990501 0.8859477
v -0.4217906 1.0012997 0.8859477
v -0.424915 1.0067986 0.8859477
v -0.424915 1.0067986 0.8859477
v -0.4217906 1.0012997 0.8859477
v -0.4167916 1.0054239 0.8859477
v -0.4216656 1.0095481 0.8859477
v -0.4135423 1.0111727 0.8859477
v -0.4195411 1.0132973 0.8859477
v -0.4135423 1.0111727 0.8859477
v -0.4124175 1.0175464 0.8859477
v -0.4187912 1.0175464 0.8859477
v -0.4195411 1.0132973 0.8859477
v -0.4187912 1.0175464 0.8859477
v -0.4195411 1.0217956 0.8859477
v -0.4195411 1.0217956 0.8884473
v -0.4187912 1.0175464 0.8884473
v -0.4216656 1.0255448 0.8884473
v -0.4195411 1.0217956 0.8884473
v -0.4195411 1.0217956 0.8859477
v -0.4216656 1.0255448 0.8859477
v -0.4216656 1.0255448 0.8884473
v -0.4216656 1.0255448 0.8859477
v -0.424915 1.0282943 0.8859477
v -0.424915 1.0282943 0.8884473
v -0.4290392 1.029794 0.8884473
v -0.424915 1.0282943 0.8884473
v -0.424915 1.0282943 0.8859477
v -0.4290392 1.029794 0.8859477
v -0.4290392 1.029794 0.8884473
v -0.4290392 1.029794 0.8859477
v -0.4332883 1.029794 0.8859477
v -0.4332883 1.029794 0.8884473
v -0.4332883 1.029794 0.8884473
v -0.4332883 1.029794 0.8859477
v -0.4372875 1.0282943 0.8859477
v -0.4372875 1.0282943 0.8884473
v -0.4372875 1.0282943 0.8859477
v -0.4406619 1.0255448 0.8859477
v -0.4406619 1.0255448 0.8884473
v -0.4372875 1.0282943 0.8884473
v -0.4427864 1.0217956 0.8859477
v -0.4427864 1.0217956 0.8884473
v -0.4406619 1.0255448 0.8884473
v -0.4406619 1.0255448 0.8859477
v -0.4427864 1.0217956 0.8884473
v -0.4427864 1.0217956 0.8859477
v -0.4435363 1.0175464 0.8859477
v -0.4435363 1.0175464 0.8884473
v -0.4435363 1.0175464 0.8884473
v -0.4435363 1.0175464 0.8859477
v -0.4427864 1.0132973 0.8859477
v -0.4427864 1.0132973 0.8884473
v -0.4427864 1.0132973 0.8884473
v -0.4427864 1.0132973 0.8859477
v -0.4406619 1.0095481 0.8859477
v -0.4406619 1.0095481 0.8884473
v -0.4406619 1.0095481 0.8884473
v -0.4406619 1.0095481 0.8859477
v -0.4372875 1.0067986 0.8859477
v -0.4372875 1.0067986 0.8884473
v -0.4372875 1.0067986 0.8884473
v -0.4372875 1.0067986 0.8859477
v -0.4332883 1.0052989 0.8859477
v -0.4332883 1.0052989 0.8884473
v -0.4332883 1.0052989 0.8884473
v -0.4332883 1.0052989 0.8859477
v -0.4290392 1.0052989 0.8859477
v -0.4290392 1.0052989 0.8884473
v -0.4290392 1.0052989 0.8884473
v -0.4290392 1.0052989 0.8859477
v -0.424915 1.0067986 0.8859477
v -0.424915 1.0067986 0.8884473
v -0.424915 1.0067986 0.8859477
v -0.4216656 1.0095481 0.8859477
v -0.4216656 1.0095481 0.8884473
v -0.424915 1.0067986 0.8884473
v -0.4216656 1.0095481 0.8859477
v -0.4195411 1.0132973 0.8859477
v -0.4195411 1.0132973 0.8884473
v -0.4216656 1.0095481 0.8884473
v -0.4195411 1.0132973 0.8859477
v -0.4187912 1.0175464 0.8859477
v -0.4187912 1.0175464 0.8884473
v -0.4195411 1.0132973 0.8884473
v -0.4974005 -1.089907 0.7139822
v -0.4974005 -1.2155069 0.7139822
v -0.4974005 -1.2255049 0.7153569
v -0.4974005 -1.2317536 0.7192311
v -0.4974005 -1.2356279 0.7256049
v -0.4974005 -1.2370026 0.7354779
v -0.4974005 -1.2370026 0.8644521
v -0.4974005 -1.2356279 0.8743251
v -0.4974005 -1.2317536 0.8806988
v -0.4974005 -1.2255049 0.884573
v -0.4974005 -1.2155069 0.8859477
v -0.4974005 -1.0684113 0.8644521
v -0.4974005 -1.089907 0.8859477
v -0.4974005 -1.080034 0.884573
v -0.4974005 -1.0736603 0.8806988
v -0.4974005 -1.069911 0.8743251
v -0.4974005 -1.0736603 0.7192311
v -0.4974005 -1.080034 0.7153569
v -0.4974005 -1.069911 0.7256049
v -0.4974005 -1.0684113 0.7354779
v -0.4816536 -1.0896571 0.7102329
v -0.4816536 -1.2157568 0.7102329
v -0.4936512 -1.2157568 0.7102329
v -0.4936512 -1.0896571 0.7102329
v -0.4816536 -1.2407518 0.7352279
v -0.4816536 -1.2407518 0.864702
v -0.4936512 -1.2407518 0.864702
v -0.4936512 -1.2407518 0.7352279
v -0.4816536 -1.2157568 0.889697
v -0.4816536 -1.0896571 0.889697
v -0.4936512 -1.0896571 0.889697
v -0.4936512 -1.2157568 0.889697
v -0.4816536 -1.0646621 0.864702
v -0.4816536 -1.0646621 0.7352279
v -0.4936512 -1.0646621 0.7352279
v -0.4936512 -1.0646621 0.864702
v -0.4936512 -1.2267547 0.7118576
v -0.4816536 -1.2267547 0.7118576
v -0.4816536 -1.0787842 0.7118576
v -0.4936512 -1.0787842 0.7118576
v -0.4936512 -1.2392522 0.8756998
v -0.4816536 -1.2392522 0.8756998
v -0.4936512 -1.0787842 0.8881973
v -0.4816536 -1.0787842 0.8881973
v -0.4936512 -1.2345031 0.7164817
v -0.4816536 -1.2345031 0.7164817
v -0.4936512 -1.2392522 0.7243551
v -0.4936512 -1.2345031 0.7164817
v -0.4816536 -1.2345031 0.7164817
v -0.4816536 -1.2392522 0.7243551
v -0.4816536 -1.0709108 0.7164817
v -0.4936512 -1.0709108 0.7164817
v -0.4816536 -1.0662867 0.7243551
v -0.4816536 -1.0709108 0.7164817
v -0.4936512 -1.0709108 0.7164817
v -0.4936512 -1.0662867 0.7243551
v -0.4816536 -1.2345031 0.8834483
v -0.4936512 -1.2345031 0.8834483
v -0.4936512 -1.2267547 0.8881973
v -0.4936512 -1.2345031 0.8834483
v -0.4816536 -1.2345031 0.8834483
v -0.4816536 -1.2267547 0.8881973
v -0.4936512 -1.0709108 0.8834483
v -0.4816536 -1.0709108 0.8834483
v -0.4936512 -1.0662867 0.8756998
v -0.4936512 -1.0709108 0.8834483
v -0.4816536 -1.0709108 0.8834483
v -0.4816536 -1.0662867 0.8756998
v -0.4974005 -1.089907 0.7139822
v -0.4965257 -1.0897821 0.7112328
v -0.4965257 -1.2157568 0.7112328
v -0.4974005 -1.2155069 0.7139822
v -0.4974005 -1.2370026 0.7354779
v -0.4965257 -1.239877 0.7353529
v -0.4965257 -1.239877 0.864702
v -0.4974005 -1.2370026 0.8644521
v -0.4965257 -1.2157568 0.8888222
v -0.4965257 -1.0897821 0.8888222
v -0.4974005 -1.089907 0.8859477
v -0.4974005 -1.2155069 0.8859477
v -0.4965257 -1.0656618 0.864702
v -0.4965257 -1.0656618 0.7353529
v -0.4974005 -1.0684113 0.7354779
v -0.4974005 -1.0684113 0.8644521
v -0.4965257 -1.0790342 0.7127324
v -0.4965257 -1.0897821 0.7112328
v -0.4965257 -1.2383773 0.7246051
v -0.4965257 -1.239877 0.7353529
v -0.4965257 -1.0656618 0.864702
v -0.4965257 -1.0671616 0.8753249
v -0.4965257 -1.2157568 0.8888222
v -0.4965257 -1.2263797 0.8871976
v -0.4965257 -1.0671616 0.7246051
v -0.4965257 -1.0656618 0.7353529
v -0.4965257 -1.0716607 0.7171066
v -0.4965257 -1.0716607 0.7171066
v -0.4965257 -1.2263797 0.7127324
v -0.4965257 -1.2157568 0.7112328
v -0.4965257 -1.2338782 0.7171066
v -0.4965257 -1.2338782 0.7171066
v -0.4965257 -1.0790342 0.8871976
v -0.4965257 -1.0897821 0.8888222
v -0.4965257 -1.0716607 0.8828234
v -0.4965257 -1.0716607 0.8828234
v -0.4965257 -1.2383773 0.8753249
v -0.4965257 -1.239877 0.864702
v -0.4965257 -1.2338782 0.8828234
v -0.4965257 -1.2338782 0.8828234
v -0.4974005 -1.080034 0.7153569
v -0.4965257 -1.0790342 0.7127324
v -0.4974005 -1.2356279 0.7256049
v -0.4965257 -1.2383773 0.7246051
v -0.4974005 -1.069911 0.8743251
v -0.4965257 -1.0671616 0.8753249
v -0.4974005 -1.2255049 0.884573
v -0.4965257 -1.2263797 0.8871976
v -0.4965257 -1.0671616 0.7246051
v -0.4974005 -1.069911 0.7256049
v -0.4965257 -1.0716607 0.7171066
v -0.4974005 -1.0736603 0.7192311
v -0.4965257 -1.2263797 0.7127324
v -0.4974005 -1.2255049 0.7153569
v -0.4974005 -1.2317536 0.7192311
v -0.4965257 -1.2338782 0.7171066
v -0.4965257 -1.0790342 0.8871976
v -0.4974005 -1.080034 0.884573
v -0.4965257 -1.0716607 0.8828234
v -0.4974005 -1.0736603 0.8806988
v -0.4965257 -1.2383773 0.8753249
v -0.4974005 -1.2356279 0.8743251
v -0.4965257 -1.2338782 0.8828234
v -0.4974005 -1.2317536 0.8806988
v -0.4661567 -0.8693261 0.7352279
v -0.4661567 -0.8693261 0.864702
v -0.4661567 -0.8709508 0.8756998
v -0.4661567 -0.8755749 0.8834483
v -0.4661567 -0.8834483 0.8881973
v -0.4661567 -0.8943211 0.889697
v -0.4661567 -1.2157568 0.889697
v -0.4661567 -1.2267547 0.8881973
v -0.4661567 -1.2345031 0.8834483
v -0.4661567 -1.2392522 0.8756998
v -0.4661567 -1.2407518 0.864702
v -0.4661567 -1.2157568 0.7102329
v -0.4661567 -1.2407518 0.7352279
v -0.4661567 -1.2392522 0.7243551
v -0.4661567 -1.2345031 0.7164817
v -0.4661567 -1.2267547 0.7118576
v -0.4661567 -0.8755749 0.7164817
v -0.4661567 -0.8709508 0.7243551
v -0.4661567 -0.8943211 0.7102329
v -0.4661567 -0.8834483 0.7118576
v -0.4820286 -0.894571 0.7139822
v -0.4820286 -1.2155069 0.7139822
v -0.4820286 -1.2255049 0.7153569
v -0.4820286 -1.2317536 0.7192311
v -0.4820286 -1.2356279 0.7256049
v -0.4820286 -1.2370026 0.7354779
v -0.4820286 -1.2370026 0.8644521
v -0.4820286 -1.2356279 0.8743251
v -0.4820286 -1.2317536 0.8806988
v -0.4820286 -1.2255049 0.884573
v -0.4820286 -1.2155069 0.8859477
v -0.4820286 -0.8730753 0.8644521
v -0.4820286 -0.894571 0.8859477
v -0.4820286 -0.884698 0.884573
v -0.4820286 -0.8783244 0.8806988
v -0.4820286 -0.8745751 0.8743251
v -0.4820286 -0.884698 0.7153569
v -0.4820286 -0.8783244 0.7192311
v -0.4820286 -0.8730753 0.7354779
v -0.4820286 -0.8745751 0.7256049
v -0.4661567 -1.2157568 0.7102329
v -0.4782793 -1.2157568 0.7102329
v -0.4782793 -0.8943211 0.7102329
v -0.4661567 -0.8943211 0.7102329
v -0.4661567 -1.2407518 0.7352279
v -0.4661567 -1.2407518 0.864702
v -0.4782793 -1.2407518 0.864702
v -0.4782793 -1.2407518 0.7352279
v -0.4661567 -0.8943211 0.889697
v -0.4782793 -0.8943211 0.889697
v -0.4782793 -1.2157568 0.889697
v -0.4661567 -1.2157568 0.889697
v -0.4661567 -0.8693261 0.7352279
v -0.4782793 -0.8693261 0.7352279
v -0.4782793 -0.8693261 0.864702
v -0.4661567 -0.8693261 0.864702
v -0.4782793 -1.2267547 0.7118576
v -0.4661567 -1.2267547 0.7118576
v -0.4661567 -0.8834483 0.7118576
v -0.4782793 -0.8834483 0.7118576
v -0.4661567 -1.2392522 0.8756998
v -0.4782793 -1.2392522 0.8756998
v -0.4782793 -0.8834483 0.8881973
v -0.4661567 -0.8834483 0.8881973
v -0.4661567 -1.2345031 0.7164817
v -0.4782793 -1.2345031 0.7164817
v -0.4661567 -1.2392522 0.7243551
v -0.4782793 -1.2392522 0.7243551
v -0.4782793 -1.2345031 0.7164817
v -0.4661567 -1.2345031 0.7164817
v -0.4782793 -0.8755749 0.7164817
v -0.4661567 -0.8755749 0.7164817
v -0.4661567 -0.8709508 0.7243551
v -0.4661567 -0.8755749 0.7164817
v -0.4782793 -0.8755749 0.7164817
v -0.4782793 -0.8709508 0.7243551
v -0.4661567 -1.2345031 0.8834483
v -0.4782793 -1.2345031 0.8834483
v -0.4661567 -1.2345031 0.8834483
v -0.4661567 -1.2267547 0.8881973
v -0.4782793 -1.2267547 0.8881973
v -0.4782793 -1.2345031 0.8834483
v -0.4661567 -0.8755749 0.8834483
v -0.4782793 -0.8755749 0.8834483
v -0.4782793 -0.8755749 0.8834483
v -0.4661567 -0.8755749 0.8834483
v -0.4661567 -0.8709508 0.8756998
v -0.4782793 -0.8709508 0.8756998
v -0.4815287 -0.8944461 0.7118576
v -0.4815287 -1.2156318 0.7118576
v -0.4820286 -1.2155069 0.7139822
v -0.4820286 -0.894571 0.7139822
v -0.4815287 -1.2391272 0.7353529
v -0.4815287 -1.2391272 0.8645771
v -0.4820286 -1.2370026 0.8644521
v -0.4820286 -1.2370026 0.7354779
v -0.4815287 -1.2156318 0.8880724
v -0.4815287 -0.8944461 0.8880724
v -0.4820286 -0.894571 0.8859477
v -0.4820286 -1.2155069 0.8859477
v -0.4815287 -0.8710758 0.7353529
v -0.4820286 -0.8730753 0.7354779
v -0.4820286 -0.8730753 0.8644521
v -0.4815287 -0.8710758 0.8645771
v -0.4802789 -0.8835733 0.7122325
v -0.4802789 -0.8943211 0.7106079
v -0.4802789 -1.2403769 0.7352279
v -0.4802789 -1.2388772 0.7244801
v -0.4802789 -0.8698261 0.864702
v -0.4802789 -0.8713257 0.8754499
v -0.4802789 -1.2266297 0.8876975
v -0.4802789 -1.2157568 0.8893221
v -0.4802789 -0.8713257 0.7244801
v -0.4802789 -0.8698261 0.7352279
v -0.4802789 -0.8759498 0.7167316
v -0.4802789 -0.8759498 0.7167316
v -0.4802789 -1.2266297 0.7122325
v -0.4802789 -1.2157568 0.7106079
v -0.4802789 -1.2342531 0.7167316
v -0.4802789 -1.2342531 0.7167316
v -0.4802789 -0.8835733 0.8876975
v -0.4802789 -0.8943211 0.8893221
v -0.4802789 -0.8759498 0.8831984
v -0.4802789 -0.8759498 0.8831984
v -0.4802789 -1.2388772 0.8754499
v -0.4802789 -1.2403769 0.864702
v -0.4802789 -1.2342531 0.8831984
v -0.4802789 -1.2342531 0.8831984
v -0.4802789 -1.2157568 0.7106079
v -0.4802789 -0.8943211 0.7106079
v -0.4815287 -1.2391272 0.8645771
v -0.4815287 -1.2391272 0.7353529
v -0.4815287 -0.8944461 0.8880724
v -0.4815287 -1.2156318 0.8880724
v -0.4815287 -0.8710758 0.7353529
v -0.4815287 -0.8710758 0.8645771
v -0.4815287 -0.8839482 0.7133573
v -0.4802789 -0.8835733 0.7122325
v -0.4820286 -0.884698 0.7153569
v -0.4815287 -1.2376274 0.724855
v -0.4802789 -1.2388772 0.7244801
v -0.4802789 -1.2403769 0.7352279
v -0.4815287 -1.2391272 0.7353529
v -0.4820286 -1.2356279 0.7256049
v -0.4815287 -1.2376274 0.724855
v -0.4815287 -0.8725754 0.875075
v -0.4802789 -0.8713257 0.8754499
v -0.4802789 -0.8698261 0.864702
v -0.4815287 -0.8710758 0.8645771
v -0.4820286 -0.8745751 0.8743251
v -0.4815287 -0.8725754 0.875075
v -0.4815287 -1.2261298 0.8865727
v -0.4802789 -1.2266297 0.8876975
v -0.4802789 -1.2157568 0.8893221
v -0.4815287 -1.2156318 0.8880724
v -0.4820286 -1.2255049 0.884573
v -0.4815287 -1.2261298 0.8865727
v -0.4802789 -0.8698261 0.7352279
v -0.4802789 -0.8713257 0.7244801
v -0.4815287 -0.8725754 0.724855
v -0.4820286 -0.8745751 0.7256049
v -0.4802789 -0.8759498 0.7167316
v -0.4815287 -0.8768246 0.7177314
v -0.4820286 -0.8783244 0.7192311
v -0.4815287 -0.8768246 0.7177314
v -0.4802789 -0.8759498 0.7167316
v -0.4802789 -0.8835733 0.7122325
v -0.4815287 -0.8839482 0.7133573
v -0.4802789 -1.2266297 0.7122325
v -0.4815287 -1.2261298 0.7133573
v -0.4820286 -1.2255049 0.7153569
v -0.4802789 -1.2342531 0.7167316
v -0.4815287 -1.2333783 0.7177314
v -0.4820286 -1.2317536 0.7192311
v -0.4815287 -1.2333783 0.7177314
v -0.4802789 -1.2342531 0.7167316
v -0.4802789 -0.8943211 0.8893221
v -0.4802789 -0.8835733 0.8876975
v -0.4815287 -0.8839482 0.8865727
v -0.4815287 -0.8944461 0.8880724
v -0.4815287 -0.8839482 0.8865727
v -0.4820286 -0.884698 0.884573
v -0.4802789 -0.8835733 0.8876975
v -0.4802789 -0.8759498 0.8831984
v -0.4815287 -0.8768246 0.8821985
v -0.4820286 -0.8783244 0.8806988
v -0.4802789 -0.8713257 0.8754499
v -0.4815287 -1.2391272 0.8645771
v -0.4802789 -1.2403769 0.864702
v -0.4802789 -1.2388772 0.8754499
v -0.4815287 -1.2376274 0.875075
v -0.4815287 -1.2376274 0.875075
v -0.4820286 -1.2356279 0.8743251
v -0.4802789 -1.2342531 0.8831984
v -0.4815287 -1.2333783 0.8821985
v -0.4815287 -1.2333783 0.8821985
v -0.4820286 -1.2317536 0.8806988
v -0.4815287 -1.2333783 0.8821985
v -0.4802789 -1.2342531 0.8831984
v -0.4964007 -1.2316287 0.864702
v -0.4964007 -1.2241301 0.8776994
v -0.5076484 -1.2241301 0.8776994
v -0.5076484 -1.2316287 0.864702
v -0.4964007 -1.2241301 0.8776994
v -0.4964007 -1.2091332 0.8776994
v -0.5076484 -1.2091332 0.8776994
v -0.5076484 -1.2241301 0.8776994
v -0.4964007 -1.2091332 0.8776994
v -0.4964007 -1.2016346 0.864702
v -0.5076484 -1.2016346 0.864702
v -0.5076484 -1.2091332 0.8776994
v -0.4964007 -1.2016346 0.864702
v -0.4964007 -1.2091332 0.8517047
v -0.5076484 -1.2091332 0.8517047
v -0.5076484 -1.2016346 0.864702
v -0.4964007 -1.2091332 0.8517047
v -0.4964007 -1.2241301 0.8517047
v -0.5076484 -1.2241301 0.8517047
v -0.5076484 -1.2091332 0.8517047
v -0.5076484 -1.2316287 0.864702
v -0.5076484 -1.2241301 0.8517047
v -0.4964007 -1.2241301 0.8517047
v -0.4964007 -1.2316287 0.864702
v -0.5088982 -1.2233803 0.8764497
v -0.5088982 -1.209883 0.8764497
v -0.5088982 -1.2031343 0.864702
v -0.5088982 -1.2233803 0.8529544
v -0.5088982 -1.209883 0.8529544
v -0.5088982 -1.230254 0.864702
v -0.5076484 -1.2241301 0.8776994
v -0.5088982 -1.2233803 0.8764497
v -0.5088982 -1.230254 0.864702
v -0.5076484 -1.2316287 0.864702
v -0.5076484 -1.2091332 0.8776994
v -0.5088982 -1.209883 0.8764497
v -0.5076484 -1.2016346 0.864702
v -0.5088982 -1.2031343 0.864702
v -0.5088982 -1.209883 0.8764497
v -0.5076484 -1.2091332 0.8776994
v -0.5076484 -1.2091332 0.8517047
v -0.5088982 -1.209883 0.8529544
v -0.5076484 -1.2241301 0.8517047
v -0.5088982 -1.2233803 0.8529544
v -0.5088982 -1.209883 0.8529544
v -0.5076484 -1.2091332 0.8517047
v -0.5088982 -1.230254 0.864702
v -0.5088982 -1.2233803 0.8529544
v -0.5076484 -1.2241301 0.8517047
v -0.5076484 -1.2316287 0.864702
v -0.4964007 -1.1037792 0.864702
v -0.4964007 -1.0962807 0.8776994
v -0.5076484 -1.0962807 0.8776994
v -0.5076484 -1.1037792 0.864702
v -0.4964007 -1.0962807 0.8776994
v -0.4964007 -1.0812838 0.8776994
v -0.5076484 -1.0812838 0.8776994
v -0.5076484 -1.0962807 0.8776994
v -0.4964007 -1.0812838 0.8776994
v -0.4964007 -1.0737852 0.864702
v -0.5076484 -1.0737852 0.864702
v -0.5076484 -1.0812838 0.8776994
v -0.5076484 -1.0812838 0.8517047
v -0.5076484 -1.0737852 0.864702
v -0.4964007 -1.0737852 0.864702
v -0.4964007 -1.0812838 0.8517047
v -0.5076484 -1.0812838 0.8517047
v -0.4964007 -1.0812838 0.8517047
v -0.4964007 -1.0962807 0.8517047
v -0.5076484 -1.0962807 0.8517047
v -0.5076484 -1.1037792 0.864702
v -0.5076484 -1.0962807 0.8517047
v -0.4964007 -1.0962807 0.8517047
v -0.4964007 -1.1037792 0.864702
v -0.5088982 -1.0955309 0.8764497
v -0.5088982 -1.0820336 0.8764497
v -0.5088982 -1.0752849 0.864702
v -0.5088982 -1.0955309 0.8529544
v -0.5088982 -1.0820336 0.8529544
v -0.5088982 -1.1024045 0.864702
v -0.5088982 -1.1024045 0.864702
v -0.5076484 -1.1037792 0.864702
v -0.5076484 -1.0962807 0.8776994
v -0.5088982 -1.0955309 0.8764497
v -0.5076484 -1.0812838 0.8776994
v -0.5088982 -1.0820336 0.8764497
v -0.5088982 -1.0820336 0.8764497
v -0.5076484 -1.0812838 0.8776994
v -0.5076484 -1.0737852 0.864702
v -0.5088982 -1.0752849 0.864702
v -0.5076484 -1.0812838 0.8517047
v -0.5088982 -1.0820336 0.8529544
v -0.5076484 -1.0812838 0.8517047
v -0.5076484 -1.0962807 0.8517047
v -0.5088982 -1.0955309 0.8529544
v -0.5088982 -1.0820336 0.8529544
v -0.4935263 -1.045166 0.864702
v -0.4822785 -1.045166 0.864702
v -0.4822785 -1.0376675 0.8776994
v -0.4935263 -1.0376675 0.8776994
v -0.4935263 -1.0376675 0.8776994
v -0.4822785 -1.0376675 0.8776994
v -0.4822785 -1.0226704 0.8776994
v -0.4935263 -1.0226704 0.8776994
v -0.4822785 -1.0226704 0.8776994
v -0.4822785 -1.015172 0.864702
v -0.4935263 -1.015172 0.864702
v -0.4935263 -1.0226704 0.8776994
v -0.4935263 -1.0226704 0.8517047
v -0.4935263 -1.015172 0.864702
v -0.4822785 -1.015172 0.864702
v -0.4822785 -1.0226704 0.8517047
v -0.4822785 -1.0226704 0.8517047
v -0.4822785 -1.0376675 0.8517047
v -0.4935263 -1.0376675 0.8517047
v -0.4935263 -1.0226704 0.8517047
v -0.4935263 -1.045166 0.864702
v -0.4935263 -1.0376675 0.8517047
v -0.4822785 -1.0376675 0.8517047
v -0.4822785 -1.045166 0.864702
v -0.494776 -1.0369176 0.8529544
v -0.494776 -1.0369176 0.8764497
v -0.494776 -1.0234203 0.8764497
v -0.494776 -1.0166716 0.864702
v -0.494776 -1.0234203 0.8529544
v -0.494776 -1.0436662 0.864702
v -0.494776 -1.0436662 0.864702
v -0.4935263 -1.045166 0.864702
v -0.4935263 -1.0376675 0.8776994
v -0.494776 -1.0369176 0.8764497
v -0.4935263 -1.0226704 0.8776994
v -0.494776 -1.0234203 0.8764497
v -0.494776 -1.0369176 0.8764497
v -0.4935263 -1.0376675 0.8776994
v -0.494776 -1.0234203 0.8764497
v -0.4935263 -1.0226704 0.8776994
v -0.4935263 -1.015172 0.864702
v -0.494776 -1.0166716 0.864702
v -0.4935263 -1.0226704 0.8517047
v -0.494776 -1.0234203 0.8529544
v -0.494776 -1.0234203 0.8529544
v -0.4935263 -1.0226704 0.8517047
v -0.4935263 -1.0376675 0.8517047
v -0.494776 -1.0369176 0.8529544
v -0.4935263 -1.045166 0.864702
v -0.494776 -1.0436662 0.864702
v -0.494776 -1.0369176 0.8529544
v -0.4935263 -1.0376675 0.8517047
v -0.4935263 -0.9173165 0.864702
v -0.4822785 -0.9173165 0.864702
v -0.4822785 -0.9098181 0.8776994
v -0.4935263 -0.9098181 0.8776994
v -0.4822785 -0.894821 0.8776994
v -0.4935263 -0.894821 0.8776994
v -0.4935263 -0.9098181 0.8776994
v -0.4822785 -0.9098181 0.8776994
v -0.4935263 -0.894821 0.8776994
v -0.4822785 -0.894821 0.8776994
v -0.4822785 -0.8873226 0.864702
v -0.4935263 -0.8873226 0.864702
v -0.4822785 -0.8873226 0.864702
v -0.4822785 -0.894821 0.8517047
v -0.4935263 -0.894821 0.8517047
v -0.4935263 -0.8873226 0.864702
v -0.4822785 -0.894821 0.8517047
v -0.4822785 -0.9098181 0.8517047
v -0.4935263 -0.9098181 0.8517047
v -0.4935263 -0.894821 0.8517047
v -0.4822785 -0.9098181 0.8517047
v -0.4822785 -0.9173165 0.864702
v -0.4935263 -0.9173165 0.864702
v -0.4935263 -0.9098181 0.8517047
v -0.494776 -0.9090682 0.8529544
v -0.494776 -0.9090682 0.8764497
v -0.494776 -0.8955709 0.8764497
v -0.494776 -0.8886973 0.864702
v -0.494776 -0.8955709 0.8529544
v -0.494776 -0.9158168 0.864702
v -0.494776 -0.9090682 0.8764497
v -0.494776 -0.9158168 0.864702
v -0.4935263 -0.9173165 0.864702
v -0.4935263 -0.9098181 0.8776994
v -0.4935263 -0.894821 0.8776994
v -0.494776 -0.8955709 0.8764497
v -0.494776 -0.8886973 0.864702
v -0.494776 -0.8955709 0.8764497
v -0.4935263 -0.894821 0.8776994
v -0.4935263 -0.8873226 0.864702
v -0.494776 -0.8886973 0.864702
v -0.4935263 -0.8873226 0.864702
v -0.4935263 -0.894821 0.8517047
v -0.494776 -0.8955709 0.8529544
v -0.4935263 -0.9098181 0.8517047
v -0.494776 -0.9090682 0.8529544
v -0.494776 -0.8955709 0.8529544
v -0.4935263 -0.894821 0.8517047
v -0.4935263 -0.9173165 0.864702
v -0.494776 -0.9158168 0.864702
v -0.494776 -0.9090682 0.8529544
v -0.4935263 -0.9098181 0.8517047
v -0.4822785 -0.9173165 0.7368526
v -0.4822785 -0.9098181 0.74985
v -0.4935263 -0.9098181 0.74985
v -0.4935263 -0.9173165 0.7368526
v -0.4935263 -0.894821 0.74985
v -0.4935263 -0.9098181 0.74985
v -0.4822785 -0.9098181 0.74985
v -0.4822785 -0.894821 0.74985
v -0.4935263 -0.8873226 0.7368526
v -0.4935263 -0.894821 0.74985
v -0.4822785 -0.894821 0.74985
v -0.4822785 -0.8873226 0.7368526
v -0.4822785 -0.8873226 0.7368526
v -0.4822785 -0.894821 0.7238552
v -0.4935263 -0.894821 0.7238552
v -0.4935263 -0.8873226 0.7368526
v -0.4935263 -0.9098181 0.7238552
v -0.4935263 -0.894821 0.7238552
v -0.4822785 -0.894821 0.7238552
v -0.4822785 -0.9098181 0.7238552
v -0.4822785 -0.9098181 0.7238552
v -0.4822785 -0.9173165 0.7368526
v -0.4935263 -0.9173165 0.7368526
v -0.4935263 -0.9098181 0.7238552
v -0.494776 -0.8955709 0.7486002
v -0.494776 -0.8886973 0.7368526
v -0.494776 -0.9090682 0.725105
v -0.494776 -0.9090682 0.7486002
v -0.494776 -0.8955709 0.725105
v -0.494776 -0.9158168 0.7368526
v -0.494776 -0.9158168 0.7368526
v -0.4935263 -0.9173165 0.7368526
v -0.4935263 -0.9098181 0.74985
v -0.494776 -0.9090682 0.7486002
v -0.4935263 -0.894821 0.74985
v -0.494776 -0.8955709 0.7486002
v -0.494776 -0.9090682 0.7486002
v -0.4935263 -0.9098181 0.74985
v -0.494776 -0.8886973 0.7368526
v -0.494776 -0.8955709 0.7486002
v -0.4935263 -0.894821 0.74985
v -0.4935263 -0.8873226 0.7368526
v -0.4935263 -0.894821 0.7238552
v -0.494776 -0.8955709 0.725105
v -0.494776 -0.8886973 0.7368526
v -0.4935263 -0.8873226 0.7368526
v -0.494776 -0.8955709 0.725105
v -0.4935263 -0.894821 0.7238552
v -0.4935263 -0.9098181 0.7238552
v -0.494776 -0.9090682 0.725105
v -0.4935263 -0.9098181 0.7238552
v -0.4935263 -0.9173165 0.7368526
v -0.494776 -0.9158168 0.7368526
v -0.494776 -0.9090682 0.725105
v -0.4935263 -1.0376675 0.74985
v -0.4935263 -1.045166 0.7368526
v -0.4822785 -1.045166 0.7368526
v -0.4822785 -1.0376675 0.74985
v -0.4935263 -1.0376675 0.74985
v -0.4822785 -1.0376675 0.74985
v -0.4822785 -1.0226704 0.74985
v -0.4935263 -1.0226704 0.74985
v -0.4935263 -1.015172 0.7368526
v -0.4935263 -1.0226704 0.74985
v -0.4822785 -1.0226704 0.74985
v -0.4822785 -1.015172 0.7368526
v -0.4822785 -1.015172 0.7368526
v -0.4822785 -1.0226704 0.7238552
v -0.4935263 -1.0226704 0.7238552
v -0.4935263 -1.015172 0.7368526
v -0.4822785 -1.0226704 0.7238552
v -0.4822785 -1.0376675 0.7238552
v -0.4935263 -1.0376675 0.7238552
v -0.4935263 -1.0226704 0.7238552
v -0.4935263 -1.045166 0.7368526
v -0.4935263 -1.0376675 0.7238552
v -0.4822785 -1.0376675 0.7238552
v -0.4822785 -1.045166 0.7368526
v -0.494776 -1.0369176 0.7486002
v -0.494776 -1.0234203 0.7486002
v -0.494776 -1.0166716 0.7368526
v -0.494776 -1.0369176 0.725105
v -0.494776 -1.0234203 0.725105
v -0.494776 -1.0436662 0.7368526
v -0.4935263 -1.045166 0.7368526
v -0.4935263 -1.0376675 0.74985
v -0.494776 -1.0369176 0.7486002
v -0.494776 -1.0436662 0.7368526
v -0.494776 -1.0369176 0.7486002
v -0.4935263 -1.0376675 0.74985
v -0.4935263 -1.0226704 0.74985
v -0.494776 -1.0234203 0.7486002
v -0.4935263 -1.015172 0.7368526
v -0.494776 -1.0166716 0.7368526
v -0.494776 -1.0234203 0.7486002
v -0.4935263 -1.0226704 0.74985
v -0.4935263 -1.0226704 0.7238552
v -0.494776 -1.0234203 0.725105
v -0.494776 -1.0234203 0.725105
v -0.4935263 -1.0226704 0.7238552
v -0.4935263 -1.0376675 0.7238552
v -0.494776 -1.0369176 0.725105
v -0.494776 -1.0369176 0.725105
v -0.4935263 -1.0376675 0.7238552
v -0.4964007 -1.1037792 0.7368526
v -0.4964007 -1.0962807 0.74985
v -0.5076484 -1.0962807 0.74985
v -0.5076484 -1.1037792 0.7368526
v -0.5076484 -1.0962807 0.74985
v -0.4964007 -1.0962807 0.74985
v -0.4964007 -1.0812838 0.74985
v -0.5076484 -1.0812838 0.74985
v -0.4964007 -1.0812838 0.74985
v -0.4964007 -1.0737852 0.7368526
v -0.5076484 -1.0737852 0.7368526
v -0.5076484 -1.0812838 0.74985
v -0.5076484 -1.0737852 0.7368526
v -0.4964007 -1.0737852 0.7368526
v -0.4964007 -1.0812838 0.7238552
v -0.5076484 -1.0812838 0.7238552
v -0.4964007 -1.0812838 0.7238552
v -0.4964007 -1.0962807 0.7238552
v -0.5076484 -1.0962807 0.7238552
v -0.5076484 -1.0812838 0.7238552
v -0.5076484 -1.1037792 0.7368526
v -0.5076484 -1.0962807 0.7238552
v -0.4964007 -1.0962807 0.7238552
v -0.4964007 -1.1037792 0.7368526
v -0.5088982 -1.0955309 0.725105
v -0.5088982 -1.0955309 0.7486002
v -0.5088982 -1.0820336 0.7486002
v -0.5088982 -1.0752849 0.7368526
v -0.5088982 -1.0820336 0.725105
v -0.5088982 -1.1024045 0.7368526
v -0.5076484 -1.0962807 0.74985
v -0.5088982 -1.0955309 0.7486002
v -0.5088982 -1.1024045 0.7368526
v -0.5076484 -1.1037792 0.7368526
v -0.5076484 -1.0812838 0.74985
v -0.5088982 -1.0820336 0.7486002
v -0.5088982 -1.0955309 0.7486002
v -0.5076484 -1.0962807 0.74985
v -0.5076484 -1.0737852 0.7368526
v -0.5088982 -1.0752849 0.7368526
v -0.5076484 -1.0812838 0.7238552
v -0.5088982 -1.0820336 0.725105
v -0.5076484 -1.0812838 0.7238552
v -0.5076484 -1.0962807 0.7238552
v -0.5088982 -1.0955309 0.725105
v -0.5088982 -1.0820336 0.725105
v -0.5088982 -1.0955309 0.725105
v -0.5076484 -1.0962807 0.7238552
v -0.4964007 -1.2241301 0.74985
v -0.5076484 -1.2241301 0.74985
v -0.5076484 -1.2316287 0.7368526
v -0.4964007 -1.2316287 0.7368526
v -0.4964007 -1.2241301 0.74985
v -0.4964007 -1.2091332 0.74985
v -0.5076484 -1.2091332 0.74985
v -0.5076484 -1.2241301 0.74985
v -0.5076484 -1.2091332 0.74985
v -0.4964007 -1.2091332 0.74985
v -0.4964007 -1.2016346 0.7368526
v -0.5076484 -1.2016346 0.7368526
v -0.4964007 -1.2016346 0.7368526
v -0.4964007 -1.2091332 0.7238552
v -0.5076484 -1.2091332 0.7238552
v -0.5076484 -1.2016346 0.7368526
v -0.5076484 -1.2241301 0.7238552
v -0.5076484 -1.2091332 0.7238552
v -0.4964007 -1.2091332 0.7238552
v -0.4964007 -1.2241301 0.7238552
v -0.5076484 -1.2241301 0.7238552
v -0.4964007 -1.2241301 0.7238552
v -0.4964007 -1.2316287 0.7368526
v -0.5076484 -1.2316287 0.7368526
v -0.5088982 -1.2233803 0.725105
v -0.5088982 -1.2233803 0.7486002
v -0.5088982 -1.209883 0.7486002
v -0.5088982 -1.2031343 0.7368526
v -0.5088982 -1.209883 0.725105
v -0.5088982 -1.230254 0.7368526
v -0.5088982 -1.230254 0.7368526
v -0.5076484 -1.2316287 0.7368526
v -0.5076484 -1.2241301 0.74985
v -0.5088982 -1.2233803 0.7486002
v -0.5076484 -1.2091332 0.74985
v -0.5088982 -1.209883 0.7486002
v -0.5088982 -1.209883 0.7486002
v -0.5076484 -1.2091332 0.74985
v -0.5076484 -1.2016346 0.7368526
v -0.5088982 -1.2031343 0.7368526
v -0.5076484 -1.2091332 0.7238552
v -0.5088982 -1.209883 0.725105
v -0.5088982 -1.2031343 0.7368526
v -0.5076484 -1.2016346 0.7368526
v -0.5088982 -1.2233803 0.725105
v -0.5088982 -1.209883 0.725105
v -0.5076484 -1.2091332 0.7238552
v -0.5076484 -1.2241301 0.7238552
v -0.5076484 -1.2316287 0.7368526
v -0.5088982 -1.230254 0.7368526
v -0.5088982 -1.2233803 0.725105
v -0.5076484 -1.2241301 0.7238552
v -0.4972755 -1.2221306 0.8033393
v -0.4972755 -1.2178814 0.8269596
v -0.5152719 -1.2178814 0.8269596
v -0.5152719 -1.2221306 0.8033393
v -0.4972755 -1.2060088 0.8475805
v -0.5152719 -1.2060088 0.8475805
v -0.5152719 -1.2060088 0.8475805
v -0.4972755 -1.2060088 0.8475805
v -0.4972755 -1.1877624 0.8629524
v -0.5152719 -1.1877624 0.8629524
v -0.5152719 -1.1652669 0.8710758
v -0.4972755 -1.1652669 0.8710758
v -0.5152719 -1.1413967 0.8710758
v -0.4972755 -1.1413967 0.8710758
v -0.5152719 -1.1190261 0.8629524
v -0.4972755 -1.1190261 0.8629524
v -0.4972755 -1.1006548 0.8475805
v -0.5152719 -1.1006548 0.8475805
v -0.5152719 -1.0887822 0.8269596
v -0.5152719 -1.1006548 0.8475805
v -0.4972755 -1.1006548 0.8475805
v -0.4972755 -1.0887822 0.8269596
v -0.4972755 -1.084658 0.8033393
v -0.5152719 -1.084658 0.8033393
v -0.5152719 -1.0887822 0.779844
v -0.4972755 -1.0887822 0.779844
v -0.5152719 -1.1006548 0.7592232
v -0.4972755 -1.1006548 0.7592232
v -0.4972755 -1.1006548 0.7592232
v -0.4972755 -1.1190261 0.7438512
v -0.5152719 -1.1190261 0.7438512
v -0.5152719 -1.1006548 0.7592232
v -0.4972755 -1.1413967 0.7357278
v -0.5152719 -1.1413967 0.7357278
v -0.5152719 -1.1652669 0.7357278
v -0.4972755 -1.1652669 0.7357278
v -0.5152719 -1.1877624 0.7438512
v -0.4972755 -1.1877624 0.7438512
v -0.4972755 -1.2060088 0.7592232
v -0.5152719 -1.2060088 0.7592232
v -0.4972755 -1.2060088 0.7592232
v -0.4972755 -1.2178814 0.779844
v -0.5152719 -1.2178814 0.779844
v -0.5152719 -1.2060088 0.7592232
v -0.4994001 -1.1941361 0.8182113
v -0.4994001 -1.1865127 0.8312087
v -0.4994001 -1.175015 0.8409568
v -0.4994001 -1.1941361 0.7885922
v -0.4994001 -1.1608928 0.8460807
v -0.4994001 -1.1457708 0.8460807
v -0.4994001 -1.120151 0.8312087
v -0.4994001 -1.1316486 0.8409568
v -0.4994001 -1.110028 0.8033393
v -0.4994001 -1.120151 0.7754699
v -0.4994001 -1.1126525 0.8182113
v -0.4994001 -1.1126525 0.7885922
v -0.4994001 -1.1316486 0.7658468
v -0.4994001 -1.1457708 0.7607228
v -0.4994001 -1.175015 0.7658468
v -0.4994001 -1.1608928 0.7607228
v -0.4994001 -1.1865127 0.7754699
v -0.4994001 -1.1966357 0.8033393
v -0.5152719 -1.2221306 0.8033393
v -0.5152719 -1.2178814 0.8269596
v -0.5152719 -1.2120076 0.82471
v -0.5152719 -1.2157568 0.8033393
v -0.5152719 -1.2060088 0.8475805
v -0.5152719 -1.2011348 0.8434563
v -0.5152719 -1.1877624 0.8629524
v -0.5152719 -1.1845131 0.8574535
v -0.5152719 -1.1652669 0.8710758
v -0.5152719 -1.1641422 0.864827
v -0.5152719 -1.1413967 0.8710758
v -0.5152719 -1.1425215 0.864827
v -0.5152719 -1.1221506 0.8574535
v -0.5152719 -1.1190261 0.8629524
v -0.5152719 -1.1006548 0.8475805
v -0.5152719 -1.1055289 0.8434563
v -0.5152719 -1.0887822 0.8269596
v -0.5152719 -1.0946561 0.82471
v -0.5152719 -1.084658 0.8033393
v -0.5152719 -1.0909068 0.8033393
v -0.5152719 -1.0887822 0.779844
v -0.5152719 -1.0946561 0.7820936
v -0.5152719 -1.1006548 0.7592232
v -0.5152719 -1.1055289 0.7633473
v -0.5152719 -1.1190261 0.7438512
v -0.5152719 -1.1221506 0.7493501
v -0.5152719 -1.1413967 0.7357278
v -0.5152719 -1.1425215 0.7419766
v -0.5152719 -1.1652669 0.7357278
v -0.5152719 -1.1641422 0.7419766
v -0.5152719 -1.1877624 0.7438512
v -0.5152719 -1.1845131 0.7493501
v -0.5152719 -1.2060088 0.7592232
v -0.5152719 -1.2011348 0.7633473
v -0.5152719 -1.2178814 0.779844
v -0.5152719 -1.2120076 0.7820936
v -0.5053989 -1.2157568 0.8033393
v -0.5152719 -1.2157568 0.8033393
v -0.5152719 -1.2120076 0.82471
v -0.5053989 -1.2120076 0.82471
v -0.5152719 -1.2011348 0.8434563
v -0.5053989 -1.2011348 0.8434563
v -0.5053989 -1.2011348 0.8434563
v -0.5152719 -1.2011348 0.8434563
v -0.5152719 -1.1845131 0.8574535
v -0.5053989 -1.1845131 0.8574535
v -0.5152719 -1.1641422 0.864827
v -0.5053989 -1.1641422 0.864827
v -0.5152719 -1.1425215 0.864827
v -0.5053989 -1.1425215 0.864827
v -0.5053989 -1.1221506 0.8574535
v -0.5152719 -1.1221506 0.8574535
v -0.5152719 -1.1055289 0.8434563
v -0.5053989 -1.1055289 0.8434563
v -0.5053989 -1.0946561 0.82471
v -0.5053989 -1.1055289 0.8434563
v -0.5152719 -1.1055289 0.8434563
v -0.5152719 -1.0946561 0.82471
v -0.5152719 -1.0909068 0.8033393
v -0.5053989 -1.0909068 0.8033393
v -0.5152719 -1.0946561 0.7820936
v -0.5053989 -1.0946561 0.7820936
v -0.5152719 -1.1055289 0.7633473
v -0.5053989 -1.1055289 0.7633473
v -0.5053989 -1.1055289 0.7633473
v -0.5152719 -1.1055289 0.7633473
v -0.5152719 -1.1221506 0.7493501
v -0.5053989 -1.1221506 0.7493501
v -0.5053989 -1.1425215 0.7419766
v -0.5152719 -1.1425215 0.7419766
v -0.5152719 -1.1641422 0.7419766
v -0.5053989 -1.1641422 0.7419766
v -0.5053989 -1.1845131 0.7493501
v -0.5152719 -1.1845131 0.7493501
v -0.5152719 -1.2011348 0.7633473
v -0.5053989 -1.2011348 0.7633473
v -0.5053989 -1.2011348 0.7633473
v -0.5152719 -1.2011348 0.7633473
v -0.5152719 -1.2120076 0.7820936
v -0.5053989 -1.2120076 0.7820936
v -0.5053989 -1.1966357 0.8033393
v -0.5053989 -1.2157568 0.8033393
v -0.5053989 -1.2120076 0.82471
v -0.5053989 -1.1941361 0.8182113
v -0.5053989 -1.2011348 0.8434563
v -0.5053989 -1.1865127 0.8312087
v -0.5053989 -1.175015 0.8409568
v -0.5053989 -1.1845131 0.8574535
v -0.5053989 -1.1641422 0.864827
v -0.5053989 -1.1608928 0.8460807
v -0.5053989 -1.1457708 0.8460807
v -0.5053989 -1.1425215 0.864827
v -0.5053989 -1.1316486 0.8409568
v -0.5053989 -1.1221506 0.8574535
v -0.5053989 -1.120151 0.8312087
v -0.5053989 -1.1055289 0.8434563
v -0.5053989 -1.1126525 0.8182113
v -0.5053989 -1.0946561 0.82471
v -0.5053989 -1.110028 0.8033393
v -0.5053989 -1.0909068 0.8033393
v -0.5053989 -1.0946561 0.7820936
v -0.5053989 -1.1126525 0.7885922
v -0.5053989 -1.1055289 0.7633473
v -0.5053989 -1.120151 0.7754699
v -0.5053989 -1.1221506 0.7493501
v -0.5053989 -1.1316486 0.7658468
v -0.5053989 -1.1457708 0.7607228
v -0.5053989 -1.1425215 0.7419766
v -0.5053989 -1.1641422 0.7419766
v -0.5053989 -1.1608928 0.7607228
v -0.5053989 -1.175015 0.7658468
v -0.5053989 -1.1845131 0.7493501
v -0.5053989 -1.2011348 0.7633473
v -0.5053989 -1.1865127 0.7754699
v -0.5053989 -1.2120076 0.7820936
v -0.5053989 -1.1941361 0.7885922
v -0.5053989 -1.1941361 0.8182113
v -0.4994001 -1.1941361 0.8182113
v -0.4994001 -1.1966357 0.8033393
v -0.5053989 -1.1966357 0.8033393
v -0.5053989 -1.1865127 0.8312087
v -0.4994001 -1.1865127 0.8312087
v -0.4994001 -1.175015 0.8409568
v -0.4994001 -1.1865127 0.8312087
v -0.5053989 -1.1865127 0.8312087
v -0.5053989 -1.175015 0.8409568
v -0.5053989 -1.1608928 0.8460807
v -0.4994001 -1.1608928 0.8460807
v -0.5053989 -1.1457708 0.8460807
v -0.4994001 -1.1457708 0.8460807
v -0.5053989 -1.1316486 0.8409568
v -0.4994001 -1.1316486 0.8409568
v -0.5053989 -1.120151 0.8312087
v -0.4994001 -1.120151 0.8312087
v -0.5053989 -1.120151 0.8312087
v -0.5053989 -1.1126525 0.8182113
v -0.4994001 -1.1126525 0.8182113
v -0.4994001 -1.120151 0.8312087
v -0.5053989 -1.110028 0.8033393
v -0.4994001 -1.110028 0.8033393
v -0.5053989 -1.1126525 0.7885922
v -0.4994001 -1.1126525 0.7885922
v -0.4994001 -1.120151 0.7754699
v -0.5053989 -1.120151 0.7754699
v -0.5053989 -1.1316486 0.7658468
v -0.4994001 -1.1316486 0.7658468
v -0.4994001 -1.120151 0.7754699
v -0.5053989 -1.120151 0.7754699
v -0.4994001 -1.1457708 0.7607228
v -0.5053989 -1.1457708 0.7607228
v -0.5053989 -1.1608928 0.7607228
v -0.4994001 -1.1608928 0.7607228
v -0.5053989 -1.175015 0.7658468
v -0.4994001 -1.175015 0.7658468
v -0.4994001 -1.1608928 0.7607228
v -0.5053989 -1.1608928 0.7607228
v -0.5053989 -1.1865127 0.7754699
v -0.4994001 -1.1865127 0.7754699
v -0.4994001 -1.1941361 0.7885922
v -0.4994001 -1.1865127 0.7754699
v -0.5053989 -1.1865127 0.7754699
v -0.5053989 -1.1941361 0.7885922
v -0.5442661 -1.1937612 0.8035893
v -0.5108978 -1.1937612 0.8035893
v -0.5108978 -1.1912618 0.8172116
v -0.5442661 -1.1912618 0.8172116
v -0.5108978 -1.1843881 0.8293341
v -0.5442661 -1.1843881 0.8293341
v -0.5108978 -1.1843881 0.8293341
v -0.5108978 -1.1737653 0.8382073
v -0.5442661 -1.1737653 0.8382073
v -0.5442661 -1.1843881 0.8293341
v -0.5108978 -1.1606429 0.8429564
v -0.5442661 -1.1606429 0.8429564
v -0.5108978 -1.1467707 0.8429564
v -0.5442661 -1.1467707 0.8429564
v -0.5442661 -1.1337733 0.8382073
v -0.5108978 -1.1337733 0.8382073
v -0.5108978 -1.1230254 0.8293341
v -0.5442661 -1.1230254 0.8293341
v -0.5108978 -1.1161518 0.8172116
v -0.5442661 -1.1161518 0.8172116
v -0.5442661 -1.1230254 0.8293341
v -0.5108978 -1.1230254 0.8293341
v -0.5108978 -1.1137772 0.8035893
v -0.5442661 -1.1137772 0.8035893
v -0.5108978 -1.1161518 0.789967
v -0.5442661 -1.1161518 0.789967
v -0.5108978 -1.1230254 0.7778444
v -0.5442661 -1.1230254 0.7778444
v -0.5108978 -1.1230254 0.7778444
v -0.5108978 -1.1337733 0.7689712
v -0.5442661 -1.1337733 0.7689712
v -0.5442661 -1.1230254 0.7778444
v -0.5108978 -1.1467707 0.7642222
v -0.5442661 -1.1467707 0.7642222
v -0.5108978 -1.1606429 0.7642222
v -0.5442661 -1.1606429 0.7642222
v -0.5442661 -1.1737653 0.7689712
v -0.5108978 -1.1737653 0.7689712
v -0.5108978 -1.1843881 0.7778444
v -0.5442661 -1.1843881 0.7778444
v -0.5442661 -1.1843881 0.7778444
v -0.5108978 -1.1843881 0.7778444
v -0.5108978 -1.1912618 0.789967
v -0.5442661 -1.1912618 0.789967
v -0.5402669 -1.159893 0.8142121
v -0.5402669 -1.1652669 0.7993401
v -0.5402669 -1.1652669 0.8078384
v -0.5402669 -1.1631423 0.8114627
v -0.5402669 -1.1558938 0.8157118
v -0.5402669 -1.1515197 0.8157118
v -0.5402669 -1.1442711 0.8114627
v -0.5402669 -1.1475205 0.8142121
v -0.5402669 -1.1421466 0.8078384
v -0.5402669 -1.1413967 0.8035893
v -0.5402669 -1.1442711 0.7957158
v -0.5402669 -1.1421466 0.7993401
v -0.5402669 -1.1475205 0.7929664
v -0.5402669 -1.1515197 0.7914667
v -0.5402669 -1.159893 0.7929664
v -0.5402669 -1.1558938 0.7914667
v -0.5402669 -1.1631423 0.7957158
v -0.5402669 -1.1660168 0.8035893
v -0.5467656 -1.1772645 0.8120876
v -0.5527644 -1.1772645 0.8120876
v -0.5527644 -1.1787642 0.8035893
v -0.5467656 -1.1787642 0.8035893
v -0.5108978 -1.1787642 0.8035893
v -0.4994001 -1.1787642 0.8035893
v -0.4994001 -1.1772645 0.8120876
v -0.5108978 -1.1772645 0.8120876
v -0.5527644 -1.1728904 0.819711
v -0.5467656 -1.1728904 0.819711
v -0.5108978 -1.1728904 0.819711
v -0.4994001 -1.1728904 0.819711
v -0.5467656 -1.1662667 0.82521
v -0.5527644 -1.1662667 0.82521
v -0.5527644 -1.1728904 0.819711
v -0.5467656 -1.1728904 0.819711
v -0.5108978 -1.1728904 0.819711
v -0.4994001 -1.1728904 0.819711
v -0.4994001 -1.1662667 0.82521
v -0.5108978 -1.1662667 0.82521
v -0.5467656 -1.1580184 0.8282093
v -0.5527644 -1.1580184 0.8282093
v -0.4994001 -1.1580184 0.8282093
v -0.5108978 -1.1580184 0.8282093
v -0.5527644 -1.1493951 0.8282093
v -0.5467656 -1.1493951 0.8282093
v -0.5108978 -1.1493951 0.8282093
v -0.4994001 -1.1493951 0.8282093
v -0.5527644 -1.1412717 0.82521
v -0.5467656 -1.1412717 0.82521
v -0.5108978 -1.1412717 0.82521
v -0.4994001 -1.1412717 0.82521
v -0.5527644 -1.1345231 0.819711
v -0.5467656 -1.1345231 0.819711
v -0.4994001 -1.1345231 0.819711
v -0.5108978 -1.1345231 0.819711
v -0.5527644 -1.1345231 0.819711
v -0.5467656 -1.1345231 0.819711
v -0.5467656 -1.1302739 0.8120876
v -0.5527644 -1.1302739 0.8120876
v -0.4994001 -1.1345231 0.819711
v -0.4994001 -1.1302739 0.8120876
v -0.5108978 -1.1302739 0.8120876
v -0.5108978 -1.1345231 0.819711
v -0.5467656 -1.1287742 0.8035893
v -0.5527644 -1.1287742 0.8035893
v -0.4994001 -1.1287742 0.8035893
v -0.5108978 -1.1287742 0.8035893
v -0.5467656 -1.1302739 0.795091
v -0.5527644 -1.1302739 0.795091
v -0.5108978 -1.1302739 0.795091
v -0.4994001 -1.1302739 0.795091
v -0.5527644 -1.1345231 0.7874675
v -0.5467656 -1.1345231 0.7874675
v -0.5108978 -1.1345231 0.7874675
v -0.4994001 -1.1345231 0.7874675
v -0.5527644 -1.1412717 0.7819686
v -0.5527644 -1.1345231 0.7874675
v -0.5467656 -1.1345231 0.7874675
v -0.5467656 -1.1412717 0.7819686
v -0.5108978 -1.1412717 0.7819686
v -0.5108978 -1.1345231 0.7874675
v -0.4994001 -1.1345231 0.7874675
v -0.4994001 -1.1412717 0.7819686
v -0.5527644 -1.1493951 0.7789692
v -0.5467656 -1.1493951 0.7789692
v -0.5108978 -1.1493951 0.7789692
v -0.4994001 -1.1493951 0.7789692
v -0.5527644 -1.1580184 0.7789692
v -0.5467656 -1.1580184 0.7789692
v -0.5108978 -1.1580184 0.7789692
v -0.4994001 -1.1580184 0.7789692
v -0.5527644 -1.1662667 0.7819686
v -0.5467656 -1.1662667 0.7819686
v -0.5108978 -1.1662667 0.7819686
v -0.4994001 -1.1662667 0.7819686
v -0.5527644 -1.1728904 0.7874675
v -0.5467656 -1.1728904 0.7874675
v -0.5108978 -1.1728904 0.7874675
v -0.4994001 -1.1728904 0.7874675
v -0.5527644 -1.1772645 0.795091
v -0.5527644 -1.1728904 0.7874675
v -0.5467656 -1.1728904 0.7874675
v -0.5467656 -1.1772645 0.795091
v -0.5108978 -1.1728904 0.7874675
v -0.4994001 -1.1728904 0.7874675
v -0.4994001 -1.1772645 0.795091
v -0.5108978 -1.1772645 0.795091
v -0.5467656 -1.1842631 0.814712
v -0.5467656 -1.1772645 0.8120876
v -0.5467656 -1.1787642 0.8035893
v -0.5467656 -1.1862628 0.8035893
v -0.5467656 -1.1842631 0.7924665
v -0.5467656 -1.1772645 0.795091
v -0.5467656 -1.1728904 0.7874675
v -0.5467656 -1.1786393 0.7827184
v -0.5467656 -1.1662667 0.7819686
v -0.5467656 -1.170016 0.7754699
v -0.5467656 -1.1593931 0.7715956
v -0.5467656 -1.1580184 0.7789692
v -0.5467656 -1.1480204 0.7715956
v -0.5467656 -1.1493951 0.7789692
v -0.5467656 -1.1375225 0.7754699
v -0.5467656 -1.1412717 0.7819686
v -0.5467656 -1.1345231 0.7874675
v -0.5467656 -1.1287742 0.7827184
v -0.5467656 -1.1231503 0.7924665
v -0.5467656 -1.1302739 0.795091
v -0.5467656 -1.1287742 0.8035893
v -0.5467656 -1.1212757 0.8035893
v -0.5467656 -1.1231503 0.814712
v -0.5467656 -1.1302739 0.8120876
v -0.5467656 -1.1345231 0.819711
v -0.5467656 -1.1287742 0.8244601
v -0.5467656 -1.1412717 0.82521
v -0.5467656 -1.1375225 0.8317086
v -0.5467656 -1.1493951 0.8282093
v -0.5467656 -1.1480204 0.8355829
v -0.5467656 -1.1580184 0.8282093
v -0.5467656 -1.1593931 0.8355829
v -0.5467656 -1.1662667 0.82521
v -0.5467656 -1.170016 0.8317086
v -0.5467656 -1.1728904 0.819711
v -0.5467656 -1.1786393 0.8244601
v -0.5467656 -1.1912618 0.8035893
v -0.5467656 -1.1888872 0.8164617
v -0.5467656 -1.1888872 0.7907169
v -0.5467656 -1.1823885 0.7794691
v -0.5467656 -1.1725155 0.7710957
v -0.5467656 -1.160268 0.7667216
v -0.5467656 -1.1471456 0.7667216
v -0.5467656 -1.135023 0.7710957
v -0.5467656 -1.125025 0.7794691
v -0.5467656 -1.1185263 0.7907169
v -0.5467656 -1.1162768 0.8035893
v -0.5467656 -1.1185263 0.8164617
v -0.5467656 -1.125025 0.8277094
v -0.5467656 -1.135023 0.8360828
v -0.5467656 -1.1471456 0.8404569
v -0.5467656 -1.160268 0.8404569
v -0.5467656 -1.1725155 0.8360828
v -0.5467656 -1.1823885 0.8277094
v -0.5527644 -1.1787642 0.8035893
v -0.5527644 -1.1772645 0.8120876
v -0.5527644 -1.1652669 0.8078384
v -0.5527644 -1.1660168 0.8035893
v -0.5527644 -1.1728904 0.819711
v -0.5527644 -1.1631423 0.8114627
v -0.5527644 -1.159893 0.8142121
v -0.5527644 -1.1662667 0.82521
v -0.5527644 -1.1580184 0.8282093
v -0.5527644 -1.1558938 0.8157118
v -0.5527644 -1.1493951 0.8282093
v -0.5527644 -1.1515197 0.8157118
v -0.5527644 -1.1475205 0.8142121
v -0.5527644 -1.1412717 0.82521
v -0.5527644 -1.1345231 0.819711
v -0.5527644 -1.1442711 0.8114627
v -0.5527644 -1.1421466 0.8078384
v -0.5527644 -1.1302739 0.8120876
v -0.5527644 -1.1287742 0.8035893
v -0.5527644 -1.1413967 0.8035893
v -0.5527644 -1.1302739 0.795091
v -0.5527644 -1.1421466 0.7993401
v -0.5527644 -1.1345231 0.7874675
v -0.5527644 -1.1442711 0.7957158
v -0.5527644 -1.1412717 0.7819686
v -0.5527644 -1.1475205 0.7929664
v -0.5527644 -1.1493951 0.7789692
v -0.5527644 -1.1515197 0.7914667
v -0.5527644 -1.1580184 0.7789692
v -0.5527644 -1.1558938 0.7914667
v -0.5527644 -1.1662667 0.7819686
v -0.5527644 -1.159893 0.7929664
v -0.5527644 -1.1728904 0.7874675
v -0.5527644 -1.1631423 0.7957158
v -0.5527644 -1.1772645 0.795091
v -0.5527644 -1.1652669 0.7993401
v -0.5527644 -1.1660168 0.8035893
v -0.5527644 -1.1652669 0.8078384
v -0.5402669 -1.1652669 0.8078384
v -0.5402669 -1.1660168 0.8035893
v -0.5527644 -1.1631423 0.8114627
v -0.5402669 -1.1631423 0.8114627
v -0.5402669 -1.1631423 0.8114627
v -0.5527644 -1.1631423 0.8114627
v -0.5527644 -1.159893 0.8142121
v -0.5402669 -1.159893 0.8142121
v -0.5527644 -1.1558938 0.8157118
v -0.5402669 -1.1558938 0.8157118
v -0.5527644 -1.1515197 0.8157118
v -0.5402669 -1.1515197 0.8157118
v -0.5527644 -1.1475205 0.8142121
v -0.5402669 -1.1475205 0.8142121
v -0.5527644 -1.1442711 0.8114627
v -0.5402669 -1.1442711 0.8114627
v -0.5402669 -1.1442711 0.8114627
v -0.5527644 -1.1442711 0.8114627
v -0.5527644 -1.1421466 0.8078384
v -0.5402669 -1.1421466 0.8078384
v -0.5527644 -1.1413967 0.8035893
v -0.5402669 -1.1413967 0.8035893
v -0.5527644 -1.1421466 0.7993401
v -0.5402669 -1.1421466 0.7993401
v -0.5402669 -1.1442711 0.7957158
v -0.5527644 -1.1442711 0.7957158
v -0.5527644 -1.1442711 0.7957158
v -0.5527644 -1.1475205 0.7929664
v -0.5402669 -1.1475205 0.7929664
v -0.5402669 -1.1442711 0.7957158
v -0.5527644 -1.1515197 0.7914667
v -0.5402669 -1.1515197 0.7914667
v -0.5402669 -1.1558938 0.7914667
v -0.5527644 -1.1558938 0.7914667
v -0.5527644 -1.159893 0.7929664
v -0.5402669 -1.159893 0.7929664
v -0.5527644 -1.1631423 0.7957158
v -0.5402669 -1.1631423 0.7957158
v -0.5527644 -1.1631423 0.7957158
v -0.5527644 -1.1652669 0.7993401
v -0.5402669 -1.1652669 0.7993401
v -0.5402669 -1.1631423 0.7957158
v -0.5461408 -1.1907619 0.8170866
v -0.5461408 -1.1931363 0.8035893
v -0.5461408 -1.1907619 0.790092
v -0.5461408 -1.1838882 0.7783443
v -0.5461408 -1.1838882 0.7783443
v -0.5461408 -1.1733903 0.7694711
v -0.5461408 -1.1605179 0.764847
v -0.5461408 -1.1468956 0.764847
v -0.5461408 -1.1340232 0.7694711
v -0.5461408 -1.1235252 0.7783443
v -0.5461408 -1.1167766 0.790092
v -0.5461408 -1.1235252 0.7783443
v -0.5461408 -1.1144021 0.8035893
v -0.5461408 -1.1167766 0.8170866
v -0.5461408 -1.1235252 0.8288342
v -0.5461408 -1.1235252 0.8288342
v -0.5461408 -1.1340232 0.8377074
v -0.5461408 -1.1468956 0.8423315
v -0.5461408 -1.1605179 0.8423315
v -0.5461408 -1.1733903 0.8377074
v -0.5461408 -1.1838882 0.8288342
v -0.5461408 -1.1838882 0.8288342
v -0.5461408 -1.1931363 0.8035893
v -0.5461408 -1.1907619 0.8170866
v -0.5461408 -1.1907619 0.790092
v -0.5461408 -1.1838882 0.7783443
v -0.5461408 -1.1733903 0.7694711
v -0.5461408 -1.1605179 0.764847
v -0.5461408 -1.1468956 0.764847
v -0.5461408 -1.1340232 0.7694711
v -0.5461408 -1.1235252 0.7783443
v -0.5461408 -1.1167766 0.790092
v -0.5461408 -1.1144021 0.8035893
v -0.5461408 -1.1167766 0.8170866
v -0.5461408 -1.1235252 0.8288342
v -0.5461408 -1.1340232 0.8377074
v -0.5461408 -1.1468956 0.8423315
v -0.5461408 -1.1605179 0.8423315
v -0.5461408 -1.1733903 0.8377074
v -0.5461408 -1.1838882 0.8288342
v -0.4824035 1.0734103 0.8806988
v -0.4824035 1.079784 0.884573
v -0.4824035 1.089657 0.8859477
v -0.4824035 1.2152569 0.8859477
v -0.4824035 1.069661 0.8743251
v -0.4824035 1.0681613 0.8644521
v -0.4824035 1.2367526 0.8644521
v -0.4824035 1.2367526 0.7354779
v -0.4824035 1.2315036 0.8806988
v -0.4824035 1.2353779 0.8743251
v -0.4824035 1.2252549 0.884573
v -0.4824035 1.2252549 0.7153569
v -0.4824035 1.2152569 0.7139822
v -0.4824035 1.089657 0.7139822
v -0.4824035 1.2315036 0.7192311
v -0.4824035 1.2353779 0.7256049
v -0.4824035 1.0734103 0.7192311
v -0.4824035 1.079784 0.7153569
v -0.4824035 1.0681613 0.7354779
v -0.4824035 1.069661 0.7256049
v -0.4786542 1.0894071 0.7102329
v -0.4786542 1.2155068 0.7102329
v -0.4666567 1.2155068 0.7102329
v -0.4666567 1.0894071 0.7102329
v -0.4786542 1.2405018 0.7352279
v -0.4786542 1.2405018 0.864702
v -0.4666567 1.2405018 0.864702
v -0.4666567 1.2405018 0.7352279
v -0.4786542 1.2155068 0.889697
v -0.4786542 1.0894071 0.889697
v -0.4666567 1.0894071 0.889697
v -0.4666567 1.2155068 0.889697
v -0.4786542 1.0644121 0.7352279
v -0.4666567 1.0644121 0.7352279
v -0.4666567 1.0644121 0.864702
v -0.4786542 1.0644121 0.864702
v -0.4786542 1.2265047 0.7118576
v -0.4666567 1.2265047 0.7118576
v -0.4666567 1.0785342 0.7118576
v -0.4786542 1.0785342 0.7118576
v -0.4786542 1.2390022 0.8756998
v -0.4666567 1.2390022 0.8756998
v -0.4786542 1.0785342 0.8881973
v -0.4666567 1.0785342 0.8881973
v -0.4786542 1.2342531 0.7164817
v -0.4666567 1.2342531 0.7164817
v -0.4786542 1.2390022 0.7243551
v -0.4666567 1.2390022 0.7243551
v -0.4666567 1.2342531 0.7164817
v -0.4786542 1.2342531 0.7164817
v -0.4666567 1.0706608 0.7164817
v -0.4786542 1.0706608 0.7164817
v -0.4666567 1.0660367 0.7243551
v -0.4786542 1.0660367 0.7243551
v -0.4786542 1.0706608 0.7164817
v -0.4666567 1.0706608 0.7164817
v -0.4666567 1.2342531 0.8834483
v -0.4786542 1.2342531 0.8834483
v -0.4786542 1.2265047 0.8881973
v -0.4666567 1.2265047 0.8881973
v -0.4666567 1.2342531 0.8834483
v -0.4786542 1.2342531 0.8834483
v -0.4666567 1.0706608 0.8834483
v -0.4786542 1.0706608 0.8834483
v -0.4786542 1.0660367 0.8756998
v -0.4666567 1.0660367 0.8756998
v -0.4666567 1.0706608 0.8834483
v -0.4786542 1.0706608 0.8834483
v -0.4824035 1.089657 0.7139822
v -0.4824035 1.2152569 0.7139822
v -0.4815287 1.2155068 0.7112328
v -0.4815287 1.0895321 0.7112328
v -0.4815287 1.239627 0.864702
v -0.4815287 1.239627 0.7353529
v -0.4824035 1.2367526 0.7354779
v -0.4824035 1.2367526 0.8644521
v -0.4815287 1.0895321 0.8888222
v -0.4815287 1.2155068 0.8888222
v -0.4824035 1.2152569 0.8859477
v -0.4824035 1.089657 0.8859477
v -0.4815287 1.0654118 0.864702
v -0.4824035 1.0681613 0.8644521
v -0.4824035 1.0681613 0.7354779
v -0.4815287 1.0654118 0.7353529
v -0.4815287 1.0895321 0.7112328
v -0.4815287 1.0787842 0.7127324
v -0.4815287 1.239627 0.7353529
v -0.4815287 1.2381273 0.7246051
v -0.4815287 1.0669116 0.8753249
v -0.4815287 1.0654118 0.864702
v -0.4815287 1.2155068 0.8888222
v -0.4815287 1.2261297 0.8871976
v -0.4815287 1.0669116 0.7246051
v -0.4815287 1.0654118 0.7353529
v -0.4815287 1.0714107 0.7171066
v -0.4815287 1.0714107 0.7171066
v -0.4815287 1.2155068 0.7112328
v -0.4815287 1.2261297 0.7127324
v -0.4815287 1.2336282 0.7171066
v -0.4815287 1.2336282 0.7171066
v -0.4815287 1.0895321 0.8888222
v -0.4815287 1.0787842 0.8871976
v -0.4815287 1.0714107 0.8828234
v -0.4815287 1.0714107 0.8828234
v -0.4815287 1.239627 0.864702
v -0.4815287 1.2381273 0.8753249
v -0.4815287 1.2336282 0.8828234
v -0.4815287 1.2336282 0.8828234
v -0.4815287 1.0787842 0.7127324
v -0.4824035 1.079784 0.7153569
v -0.4815287 1.2381273 0.7246051
v -0.4824035 1.2353779 0.7256049
v -0.4824035 1.069661 0.8743251
v -0.4815287 1.0669116 0.8753249
v -0.4815287 1.2261297 0.8871976
v -0.4824035 1.2252549 0.884573
v -0.4824035 1.069661 0.7256049
v -0.4815287 1.0669116 0.7246051
v -0.4824035 1.0734103 0.7192311
v -0.4815287 1.0714107 0.7171066
v -0.4824035 1.2252549 0.7153569
v -0.4815287 1.2261297 0.7127324
v -0.4824035 1.2315036 0.7192311
v -0.4815287 1.2336282 0.7171066
v -0.4824035 1.079784 0.884573
v -0.4815287 1.0787842 0.8871976
v -0.4824035 1.0734103 0.8806988
v -0.4815287 1.0714107 0.8828234
v -0.4824035 1.2353779 0.8743251
v -0.4815287 1.2381273 0.8753249
v -0.4815287 1.2336282 0.8828234
v -0.4824035 1.2315036 0.8806988
v -0.4812787 1.2313787 0.864702
v -0.4925265 1.2313787 0.864702
v -0.4925265 1.2238801 0.8776994
v -0.4812787 1.2238801 0.8776994
v -0.4812787 1.2238801 0.8776994
v -0.4925265 1.2238801 0.8776994
v -0.4925265 1.2088832 0.8776994
v -0.4812787 1.2088832 0.8776994
v -0.4812787 1.2088832 0.8776994
v -0.4925265 1.2088832 0.8776994
v -0.4925265 1.2013846 0.864702
v -0.4812787 1.2013846 0.864702
v -0.4812787 1.2013846 0.864702
v -0.4925265 1.2013846 0.864702
v -0.4925265 1.2088832 0.8517047
v -0.4812787 1.2088832 0.8517047
v -0.4812787 1.2088832 0.8517047
v -0.4925265 1.2088832 0.8517047
v -0.4925265 1.2238801 0.8517047
v -0.4812787 1.2238801 0.8517047
v -0.4925265 1.2238801 0.8517047
v -0.4925265 1.2313787 0.864702
v -0.4812787 1.2313787 0.864702
v -0.4812787 1.2238801 0.8517047
v -0.4937762 1.2231303 0.8529544
v -0.4937762 1.209633 0.8529544
v -0.4937762 1.2028844 0.864702
v -0.4937762 1.2231303 0.8764497
v -0.4937762 1.209633 0.8764497
v -0.4937762 1.230004 0.864702
v -0.4937762 1.2231303 0.8764497
v -0.4925265 1.2238801 0.8776994
v -0.4925265 1.2313787 0.864702
v -0.4937762 1.230004 0.864702
v -0.4937762 1.2231303 0.8764497
v -0.4937762 1.209633 0.8764497
v -0.4925265 1.2088832 0.8776994
v -0.4925265 1.2238801 0.8776994
v -0.4937762 1.2028844 0.864702
v -0.4925265 1.2013846 0.864702
v -0.4925265 1.2088832 0.8776994
v -0.4937762 1.209633 0.8764497
v -0.4937762 1.209633 0.8529544
v -0.4925265 1.2088832 0.8517047
v -0.4925265 1.2088832 0.8517047
v -0.4937762 1.209633 0.8529544
v -0.4937762 1.2231303 0.8529544
v -0.4925265 1.2238801 0.8517047
v -0.4925265 1.2313787 0.864702
v -0.4925265 1.2238801 0.8517047
v -0.4937762 1.2231303 0.8529544
v -0.4937762 1.230004 0.864702
v -0.4812787 1.1035292 0.864702
v -0.4925265 1.1035292 0.864702
v -0.4925265 1.0960307 0.8776994
v -0.4812787 1.0960307 0.8776994
v -0.4812787 1.0960307 0.8776994
v -0.4925265 1.0960307 0.8776994
v -0.4925265 1.0810338 0.8776994
v -0.4812787 1.0810338 0.8776994
v -0.4812787 1.0810338 0.8776994
v -0.4925265 1.0810338 0.8776994
v -0.4925265 1.0735352 0.864702
v -0.4812787 1.0735352 0.864702
v -0.4812787 1.0735352 0.864702
v -0.4925265 1.0735352 0.864702
v -0.4925265 1.0810338 0.8517047
v -0.4812787 1.0810338 0.8517047
v -0.4812787 1.0810338 0.8517047
v -0.4925265 1.0810338 0.8517047
v -0.4925265 1.0960307 0.8517047
v -0.4812787 1.0960307 0.8517047
v -0.4812787 1.0960307 0.8517047
v -0.4925265 1.0960307 0.8517047
v -0.4925265 1.1035292 0.864702
v -0.4812787 1.1035292 0.864702
v -0.4937762 1.0952809 0.8529544
v -0.4937762 1.0817836 0.8529544
v -0.4937762 1.0750349 0.864702
v -0.4937762 1.0952809 0.8764497
v -0.4937762 1.0817836 0.8764497
v -0.4937762 1.1021545 0.864702
v -0.4937762 1.1021545 0.864702
v -0.4937762 1.0952809 0.8764497
v -0.4925265 1.0960307 0.8776994
v -0.4925265 1.1035292 0.864702
v -0.4937762 1.0817836 0.8764497
v -0.4925265 1.0810338 0.8776994
v -0.4925265 1.0960307 0.8776994
v -0.4937762 1.0952809 0.8764497
v -0.4937762 1.0817836 0.8764497
v -0.4937762 1.0750349 0.864702
v -0.4925265 1.0735352 0.864702
v -0.4925265 1.0810338 0.8776994
v -0.4937762 1.0817836 0.8529544
v -0.4925265 1.0810338 0.8517047
v -0.4937762 1.0817836 0.8529544
v -0.4937762 1.0952809 0.8529544
v -0.4925265 1.0960307 0.8517047
v -0.4925265 1.0810338 0.8517047
v -0.4925265 1.0960307 0.8517047
v -0.4937762 1.0952809 0.8529544
v -0.4812787 1.1035292 0.7368526
v -0.4925265 1.1035292 0.7368526
v -0.4925265 1.0960307 0.74985
v -0.4812787 1.0960307 0.74985
v -0.4812787 1.0960307 0.74985
v -0.4925265 1.0960307 0.74985
v -0.4925265 1.0810338 0.74985
v -0.4812787 1.0810338 0.74985
v -0.4812787 1.0810338 0.74985
v -0.4925265 1.0810338 0.74985
v -0.4925265 1.0735352 0.7368526
v -0.4812787 1.0735352 0.7368526
v -0.4812787 1.0735352 0.7368526
v -0.4925265 1.0735352 0.7368526
v -0.4925265 1.0810338 0.7238552
v -0.4812787 1.0810338 0.7238552
v -0.4812787 1.0810338 0.7238552
v -0.4925265 1.0810338 0.7238552
v -0.4925265 1.0960307 0.7238552
v -0.4812787 1.0960307 0.7238552
v -0.4812787 1.0960307 0.7238552
v -0.4925265 1.0960307 0.7238552
v -0.4925265 1.1035292 0.7368526
v -0.4812787 1.1035292 0.7368526
v -0.4937762 1.0952809 0.725105
v -0.4937762 1.0817836 0.725105
v -0.4937762 1.0750349 0.7368526
v -0.4937762 1.0952809 0.7486002
v -0.4937762 1.0817836 0.7486002
v -0.4937762 1.1021545 0.7368526
v -0.4925265 1.1035292 0.7368526
v -0.4937762 1.1021545 0.7368526
v -0.4937762 1.0952809 0.7486002
v -0.4925265 1.0960307 0.74985
v -0.4937762 1.0952809 0.7486002
v -0.4937762 1.0817836 0.7486002
v -0.4925265 1.0810338 0.74985
v -0.4925265 1.0960307 0.74985
v -0.4925265 1.0810338 0.74985
v -0.4937762 1.0817836 0.7486002
v -0.4937762 1.0750349 0.7368526
v -0.4925265 1.0735352 0.7368526
v -0.4937762 1.0817836 0.725105
v -0.4925265 1.0810338 0.7238552
v -0.4937762 1.0817836 0.725105
v -0.4937762 1.0952809 0.725105
v -0.4925265 1.0960307 0.7238552
v -0.4925265 1.0810338 0.7238552
v -0.4925265 1.0960307 0.7238552
v -0.4937762 1.0952809 0.725105
v -0.4812787 1.2313787 0.7368526
v -0.4925265 1.2313787 0.7368526
v -0.4925265 1.2238801 0.74985
v -0.4812787 1.2238801 0.74985
v -0.4812787 1.2238801 0.74985
v -0.4925265 1.2238801 0.74985
v -0.4925265 1.2088832 0.74985
v -0.4812787 1.2088832 0.74985
v -0.4812787 1.2088832 0.74985
v -0.4925265 1.2088832 0.74985
v -0.4925265 1.2013846 0.7368526
v -0.4812787 1.2013846 0.7368526
v -0.4812787 1.2013846 0.7368526
v -0.4925265 1.2013846 0.7368526
v -0.4925265 1.2088832 0.7238552
v -0.4812787 1.2088832 0.7238552
v -0.4925265 1.2088832 0.7238552
v -0.4925265 1.2238801 0.7238552
v -0.4812787 1.2238801 0.7238552
v -0.4812787 1.2088832 0.7238552
v -0.4812787 1.2313787 0.7368526
v -0.4812787 1.2238801 0.7238552
v -0.4925265 1.2238801 0.7238552
v -0.4925265 1.2313787 0.7368526
v -0.4937762 1.2231303 0.725105
v -0.4937762 1.209633 0.725105
v -0.4937762 1.2028844 0.7368526
v -0.4937762 1.2231303 0.7486002
v -0.4937762 1.209633 0.7486002
v -0.4937762 1.230004 0.7368526
v -0.4925265 1.2238801 0.74985
v -0.4925265 1.2313787 0.7368526
v -0.4937762 1.230004 0.7368526
v -0.4937762 1.2231303 0.7486002
v -0.4925265 1.2238801 0.74985
v -0.4937762 1.2231303 0.7486002
v -0.4937762 1.209633 0.7486002
v -0.4925265 1.2088832 0.74985
v -0.4937762 1.2028844 0.7368526
v -0.4925265 1.2013846 0.7368526
v -0.4925265 1.2088832 0.74985
v -0.4937762 1.209633 0.7486002
v -0.4937762 1.209633 0.725105
v -0.4925265 1.2088832 0.7238552
v -0.4937762 1.2231303 0.725105
v -0.4925265 1.2238801 0.7238552
v -0.4937762 1.2231303 0.725105
v -0.4937762 1.230004 0.7368526
v -0.4925265 1.2313787 0.7368526
v -0.4925265 1.2238801 0.7238552
v -0.4821536 1.2218806 0.8033393
v -0.5002749 1.2218806 0.8033393
v -0.5002749 1.2176314 0.8269596
v -0.4821536 1.2176314 0.8269596
v -0.5002749 1.2057588 0.8475805
v -0.4821536 1.2057588 0.8475805
v -0.4821536 1.1875124 0.8629524
v -0.4821536 1.2057588 0.8475805
v -0.5002749 1.2057588 0.8475805
v -0.5002749 1.1875124 0.8629524
v -0.5002749 1.1650169 0.8710758
v -0.4821536 1.1650169 0.8710758
v -0.5002749 1.1411467 0.8710758
v -0.4821536 1.1411467 0.8710758
v -0.4821536 1.1411467 0.8710758
v -0.5002749 1.1411467 0.8710758
v -0.5002749 1.1187762 0.8629524
v -0.4821536 1.1187762 0.8629524
v -0.5002749 1.1004048 0.8475805
v -0.4821536 1.1004048 0.8475805
v -0.4821536 1.1004048 0.8475805
v -0.5002749 1.1004048 0.8475805
v -0.5002749 1.0885322 0.8269596
v -0.4821536 1.0885322 0.8269596
v -0.5002749 1.0844081 0.8033393
v -0.4821536 1.0844081 0.8033393
v -0.5002749 1.0885322 0.779844
v -0.4821536 1.0885322 0.779844
v -0.5002749 1.1004048 0.7592232
v -0.4821536 1.1004048 0.7592232
v -0.4821536 1.1004048 0.7592232
v -0.5002749 1.1004048 0.7592232
v -0.5002749 1.1187762 0.7438512
v -0.4821536 1.1187762 0.7438512
v -0.5002749 1.1411467 0.7357278
v -0.4821536 1.1411467 0.7357278
v -0.5002749 1.1650169 0.7357278
v -0.4821536 1.1650169 0.7357278
v -0.4821536 1.1875124 0.7438512
v -0.5002749 1.1875124 0.7438512
v -0.4821536 1.2057588 0.7592232
v -0.5002749 1.2057588 0.7592232
v -0.5002749 1.2057588 0.7592232
v -0.5002749 1.2176314 0.779844
v -0.4821536 1.2176314 0.779844
v -0.4821536 1.2057588 0.7592232
v -0.4842781 1.1938862 0.7885922
v -0.4842781 1.1862627 0.7754699
v -0.4842781 1.174765 0.7658468
v -0.4842781 1.174765 0.8409568
v -0.4842781 1.1606428 0.7607228
v -0.4842781 1.1455208 0.7607228
v -0.4842781 1.119901 0.7754699
v -0.4842781 1.1313986 0.7658468
v -0.4842781 1.1124025 0.7885922
v -0.4842781 1.109778 0.8033393
v -0.4842781 1.119901 0.8312087
v -0.4842781 1.1124025 0.8182113
v -0.4842781 1.1313986 0.8409568
v -0.4842781 1.1455208 0.8460807
v -0.4842781 1.1606428 0.8460807
v -0.4842781 1.1862627 0.8312087
v -0.4842781 1.1938862 0.8182113
v -0.4842781 1.1963857 0.8033393
v -0.5002749 1.2117576 0.82471
v -0.5002749 1.2176314 0.8269596
v -0.5002749 1.2218806 0.8033393
v -0.5002749 1.2155068 0.8033393
v -0.5002749 1.2008848 0.8434563
v -0.5002749 1.2057588 0.8475805
v -0.5002749 1.1842631 0.8574535
v -0.5002749 1.1875124 0.8629524
v -0.5002749 1.1638922 0.864827
v -0.5002749 1.1650169 0.8710758
v -0.5002749 1.1411467 0.8710758
v -0.5002749 1.1422715 0.864827
v -0.5002749 1.1219006 0.8574535
v -0.5002749 1.1187762 0.8629524
v -0.5002749 1.1052789 0.8434563
v -0.5002749 1.1004048 0.8475805
v -0.5002749 1.0944061 0.82471
v -0.5002749 1.0885322 0.8269596
v -0.5002749 1.0906568 0.8033393
v -0.5002749 1.0844081 0.8033393
v -0.5002749 1.0885322 0.779844
v -0.5002749 1.0944061 0.7820936
v -0.5002749 1.1052789 0.7633473
v -0.5002749 1.1004048 0.7592232
v -0.5002749 1.1187762 0.7438512
v -0.5002749 1.1219006 0.7493501
v -0.5002749 1.1422715 0.7419766
v -0.5002749 1.1411467 0.7357278
v -0.5002749 1.1638922 0.7419766
v -0.5002749 1.1650169 0.7357278
v -0.5002749 1.1875124 0.7438512
v -0.5002749 1.1842631 0.7493501
v -0.5002749 1.2008848 0.7633473
v -0.5002749 1.2057588 0.7592232
v -0.5002749 1.2176314 0.779844
v -0.5002749 1.2117576 0.7820936
v -0.5002749 1.2155068 0.8033393
v -0.4904019 1.2155068 0.8033393
v -0.4904019 1.2117576 0.82471
v -0.5002749 1.2117576 0.82471
v -0.5002749 1.2008848 0.8434563
v -0.4904019 1.2008848 0.8434563
v -0.5002749 1.1842631 0.8574535
v -0.5002749 1.2008848 0.8434563
v -0.4904019 1.2008848 0.8434563
v -0.4904019 1.1842631 0.8574535
v -0.4904019 1.1638922 0.864827
v -0.5002749 1.1638922 0.864827
v -0.5002749 1.1422715 0.864827
v -0.4904019 1.1422715 0.864827
v -0.5002749 1.1219006 0.8574535
v -0.4904019 1.1219006 0.8574535
v -0.5002749 1.1052789 0.8434563
v -0.4904019 1.1052789 0.8434563
v -0.4904019 1.0944061 0.82471
v -0.5002749 1.0944061 0.82471
v -0.5002749 1.1052789 0.8434563
v -0.4904019 1.1052789 0.8434563
v -0.4904019 1.0906568 0.8033393
v -0.5002749 1.0906568 0.8033393
v -0.4904019 1.0944061 0.7820936
v -0.5002749 1.0944061 0.7820936
v -0.4904019 1.1052789 0.7633473
v -0.5002749 1.1052789 0.7633473
v -0.5002749 1.1219006 0.7493501
v -0.5002749 1.1052789 0.7633473
v -0.4904019 1.1052789 0.7633473
v -0.4904019 1.1219006 0.7493501
v -0.5002749 1.1422715 0.7419766
v -0.4904019 1.1422715 0.7419766
v -0.4904019 1.1638922 0.7419766
v -0.5002749 1.1638922 0.7419766
v -0.4904019 1.1842631 0.7493501
v -0.5002749 1.1842631 0.7493501
v -0.4904019 1.2008848 0.7633473
v -0.5002749 1.2008848 0.7633473
v -0.5002749 1.2117576 0.7820936
v -0.5002749 1.2008848 0.7633473
v -0.4904019 1.2008848 0.7633473
v -0.4904019 1.2117576 0.7820936
v -0.4904019 1.2155068 0.8033393
v -0.4904019 1.1963857 0.8033393
v -0.4904019 1.1938862 0.8182113
v -0.4904019 1.2117576 0.82471
v -0.4904019 1.2008848 0.8434563
v -0.4904019 1.1862627 0.8312087
v -0.4904019 1.174765 0.8409568
v -0.4904019 1.1842631 0.8574535
v -0.4904019 1.1638922 0.864827
v -0.4904019 1.1606428 0.8460807
v -0.4904019 1.1422715 0.864827
v -0.4904019 1.1455208 0.8460807
v -0.4904019 1.1313986 0.8409568
v -0.4904019 1.1219006 0.8574535
v -0.4904019 1.1052789 0.8434563
v -0.4904019 1.119901 0.8312087
v -0.4904019 1.1124025 0.8182113
v -0.4904019 1.0944061 0.82471
v -0.4904019 1.0906568 0.8033393
v -0.4904019 1.109778 0.8033393
v -0.4904019 1.0944061 0.7820936
v -0.4904019 1.1124025 0.7885922
v -0.4904019 1.119901 0.7754699
v -0.4904019 1.1052789 0.7633473
v -0.4904019 1.1313986 0.7658468
v -0.4904019 1.1219006 0.7493501
v -0.4904019 1.1422715 0.7419766
v -0.4904019 1.1455208 0.7607228
v -0.4904019 1.1606428 0.7607228
v -0.4904019 1.1638922 0.7419766
v -0.4904019 1.174765 0.7658468
v -0.4904019 1.1842631 0.7493501
v -0.4904019 1.1862627 0.7754699
v -0.4904019 1.2008848 0.7633473
v -0.4904019 1.1938862 0.7885922
v -0.4904019 1.2117576 0.7820936
v -0.4842781 1.1938862 0.8182113
v -0.4904019 1.1938862 0.8182113
v -0.4904019 1.1963857 0.8033393
v -0.4842781 1.1963857 0.8033393
v -0.4842781 1.1862627 0.8312087
v -0.4904019 1.1862627 0.8312087
v -0.4842781 1.1862627 0.8312087
v -0.4842781 1.174765 0.8409568
v -0.4904019 1.174765 0.8409568
v -0.4904019 1.1862627 0.8312087
v -0.4842781 1.1606428 0.8460807
v -0.4904019 1.1606428 0.8460807
v -0.4842781 1.1455208 0.8460807
v -0.4904019 1.1455208 0.8460807
v -0.4842781 1.1313986 0.8409568
v -0.4904019 1.1313986 0.8409568
v -0.4842781 1.119901 0.8312087
v -0.4904019 1.119901 0.8312087
v -0.4842781 1.1124025 0.8182113
v -0.4904019 1.1124025 0.8182113
v -0.4904019 1.119901 0.8312087
v -0.4842781 1.119901 0.8312087
v -0.4842781 1.109778 0.8033393
v -0.4904019 1.109778 0.8033393
v -0.4842781 1.1124025 0.7885922
v -0.4904019 1.1124025 0.7885922
v -0.4842781 1.119901 0.7754699
v -0.4904019 1.119901 0.7754699
v -0.4904019 1.1313986 0.7658468
v -0.4904019 1.119901 0.7754699
v -0.4842781 1.119901 0.7754699
v -0.4842781 1.1313986 0.7658468
v -0.4842781 1.1455208 0.7607228
v -0.4904019 1.1455208 0.7607228
v -0.4842781 1.1606428 0.7607228
v -0.4904019 1.1606428 0.7607228
v -0.4904019 1.174765 0.7658468
v -0.4904019 1.1606428 0.7607228
v -0.4842781 1.1606428 0.7607228
v -0.4842781 1.174765 0.7658468
v -0.4842781 1.1862627 0.7754699
v -0.4904019 1.1862627 0.7754699
v -0.4904019 1.1938862 0.7885922
v -0.4904019 1.1862627 0.7754699
v -0.4842781 1.1862627 0.7754699
v -0.4842781 1.1938862 0.7885922
v -0.5291441 1.1910118 0.8172116
v -0.4959008 1.1910118 0.8172116
v -0.4959008 1.1935112 0.8035893
v -0.5291441 1.1935112 0.8035893
v -0.4959008 1.1841381 0.8293341
v -0.5291441 1.1841381 0.8293341
v -0.5291441 1.1735153 0.8382073
v -0.4959008 1.1735153 0.8382073
v -0.4959008 1.1841381 0.8293341
v -0.5291441 1.1841381 0.8293341
v -0.5291441 1.1603929 0.8429564
v -0.4959008 1.1603929 0.8429564
v -0.5291441 1.1465207 0.8429564
v -0.4959008 1.1465207 0.8429564
v -0.5291441 1.1335233 0.8382073
v -0.4959008 1.1335233 0.8382073
v -0.4959008 1.1227754 0.8293341
v -0.5291441 1.1227754 0.8293341
v -0.4959008 1.1159018 0.8172116
v -0.4959008 1.1227754 0.8293341
v -0.5291441 1.1227754 0.8293341
v -0.5291441 1.1159018 0.8172116
v -0.4959008 1.1135272 0.8035893
v -0.5291441 1.1135272 0.8035893
v -0.5291441 1.1159018 0.789967
v -0.4959008 1.1159018 0.789967
v -0.5291441 1.1227754 0.7778444
v -0.4959008 1.1227754 0.7778444
v -0.5291441 1.1335233 0.7689712
v -0.4959008 1.1335233 0.7689712
v -0.4959008 1.1227754 0.7778444
v -0.5291441 1.1227754 0.7778444
v -0.5291441 1.1465207 0.7642222
v -0.4959008 1.1465207 0.7642222
v -0.4959008 1.1603929 0.7642222
v -0.5291441 1.1603929 0.7642222
v -0.4959008 1.1735153 0.7689712
v -0.5291441 1.1735153 0.7689712
v -0.4959008 1.1841381 0.7778444
v -0.5291441 1.1841381 0.7778444
v -0.5291441 1.1910118 0.789967
v -0.4959008 1.1910118 0.789967
v -0.4959008 1.1841381 0.7778444
v -0.5291441 1.1841381 0.7778444
v -0.5251449 1.1650169 0.7993401
v -0.5251449 1.1628923 0.7957158
v -0.5251449 1.159643 0.7929664
v -0.5251449 1.159643 0.8142121
v -0.5251449 1.1556438 0.7914667
v -0.5251449 1.1512697 0.7914667
v -0.5251449 1.1440211 0.7957158
v -0.5251449 1.1472705 0.7929664
v -0.5251449 1.1418966 0.7993401
v -0.5251449 1.1411467 0.8035893
v -0.5251449 1.1440211 0.8114627
v -0.5251449 1.1418966 0.8078384
v -0.5251449 1.1472705 0.8142121
v -0.5251449 1.1512697 0.8157118
v -0.5251449 1.1556438 0.8157118
v -0.5251449 1.1650169 0.8078384
v -0.5251449 1.1628923 0.8114627
v -0.5251449 1.1657668 0.8035893
v -0.5376424 1.1785142 0.8035893
v -0.5376424 1.1770146 0.8120876
v -0.5316436 1.1770146 0.8120876
v -0.5316436 1.1785142 0.8035893
v -0.4959008 1.1785142 0.8035893
v -0.4959008 1.1770146 0.8120876
v -0.4842781 1.1770146 0.8120876
v -0.4842781 1.1785142 0.8035893
v -0.5376424 1.1726404 0.819711
v -0.5316436 1.1726404 0.819711
v -0.4842781 1.1726404 0.819711
v -0.4959008 1.1726404 0.819711
v -0.5316436 1.1660167 0.82521
v -0.5316436 1.1726404 0.819711
v -0.5376424 1.1726404 0.819711
v -0.5376424 1.1660167 0.82521
v -0.4842781 1.1660167 0.82521
v -0.4842781 1.1726404 0.819711
v -0.4959008 1.1726404 0.819711
v -0.4959008 1.1660167 0.82521
v -0.5376424 1.1577684 0.8282093
v -0.5316436 1.1577684 0.8282093
v -0.4959008 1.1577684 0.8282093
v -0.4842781 1.1577684 0.8282093
v -0.5376424 1.1491451 0.8282093
v -0.5316436 1.1491451 0.8282093
v -0.4959008 1.1491451 0.8282093
v -0.4842781 1.1491451 0.8282093
v -0.5376424 1.1410217 0.82521
v -0.5316436 1.1410217 0.82521
v -0.4959008 1.1410217 0.82521
v -0.4842781 1.1410217 0.82521
v -0.5376424 1.1342731 0.819711
v -0.5316436 1.1342731 0.819711
v -0.4842781 1.1342731 0.819711
v -0.4959008 1.1342731 0.819711
v -0.5316436 1.1300239 0.8120876
v -0.5316436 1.1342731 0.819711
v -0.5376424 1.1342731 0.819711
v -0.5376424 1.1300239 0.8120876
v -0.4842781 1.1342731 0.819711
v -0.4959008 1.1342731 0.819711
v -0.4959008 1.1300239 0.8120876
v -0.4842781 1.1300239 0.8120876
v -0.5316436 1.1285243 0.8035893
v -0.5376424 1.1285243 0.8035893
v -0.4842781 1.1285243 0.8035893
v -0.4959008 1.1285243 0.8035893
v -0.5376424 1.1300239 0.795091
v -0.5316436 1.1300239 0.795091
v -0.4959008 1.1300239 0.795091
v -0.4842781 1.1300239 0.795091
v -0.5376424 1.1342731 0.7874675
v -0.5316436 1.1342731 0.7874675
v -0.4959008 1.1342731 0.7874675
v -0.4842781 1.1342731 0.7874675
v -0.5316436 1.1342731 0.7874675
v -0.5376424 1.1342731 0.7874675
v -0.5376424 1.1410217 0.7819686
v -0.5316436 1.1410217 0.7819686
v -0.4842781 1.1342731 0.7874675
v -0.4959008 1.1342731 0.7874675
v -0.4959008 1.1410217 0.7819686
v -0.4842781 1.1410217 0.7819686
v -0.5376424 1.1491451 0.7789692
v -0.5316436 1.1491451 0.7789692
v -0.4959008 1.1491451 0.7789692
v -0.4842781 1.1491451 0.7789692
v -0.5376424 1.1577684 0.7789692
v -0.5316436 1.1577684 0.7789692
v -0.4959008 1.1577684 0.7789692
v -0.4842781 1.1577684 0.7789692
v -0.5376424 1.1660167 0.7819686
v -0.5316436 1.1660167 0.7819686
v -0.4959008 1.1660167 0.7819686
v -0.4842781 1.1660167 0.7819686
v -0.5376424 1.1726404 0.7874675
v -0.5316436 1.1726404 0.7874675
v -0.4959008 1.1726404 0.7874675
v -0.4842781 1.1726404 0.7874675
v -0.5316436 1.1726404 0.7874675
v -0.5376424 1.1726404 0.7874675
v -0.5376424 1.1770146 0.795091
v -0.5316436 1.1770146 0.795091
v -0.4842781 1.1770146 0.795091
v -0.4842781 1.1726404 0.7874675
v -0.4959008 1.1726404 0.7874675
v -0.4959008 1.1770146 0.795091
v -0.5316436 1.1770146 0.8120876
v -0.5316436 1.1840131 0.814712
v -0.5316436 1.1860128 0.8035893
v -0.5316436 1.1785142 0.8035893
v -0.5316436 1.1840131 0.7924665
v -0.5316436 1.1770146 0.795091
v -0.5316436 1.1726404 0.7874675
v -0.5316436 1.1783893 0.7827184
v -0.5316436 1.1660167 0.7819686
v -0.5316436 1.169766 0.7754699
v -0.5316436 1.1591431 0.7715956
v -0.5316436 1.1577684 0.7789692
v -0.5316436 1.1477704 0.7715956
v -0.5316436 1.1491451 0.7789692
v -0.5316436 1.1372725 0.7754699
v -0.5316436 1.1410217 0.7819686
v -0.5316436 1.1285243 0.7827184
v -0.5316436 1.1342731 0.7874675
v -0.5316436 1.1300239 0.795091
v -0.5316436 1.1229003 0.7924665
v -0.5316436 1.1210257 0.8035893
v -0.5316436 1.1285243 0.8035893
v -0.5316436 1.1229003 0.814712
v -0.5316436 1.1300239 0.8120876
v -0.5316436 1.1285243 0.8244601
v -0.5316436 1.1342731 0.819711
v -0.5316436 1.1372725 0.8317086
v -0.5316436 1.1410217 0.82521
v -0.5316436 1.1477704 0.8355829
v -0.5316436 1.1491451 0.8282093
v -0.5316436 1.1591431 0.8355829
v -0.5316436 1.1577684 0.8282093
v -0.5316436 1.169766 0.8317086
v -0.5316436 1.1660167 0.82521
v -0.5316436 1.1783893 0.8244601
v -0.5316436 1.1726404 0.819711
v -0.5316436 1.1886372 0.8164617
v -0.5316436 1.1910118 0.8035893
v -0.5316436 1.1886372 0.7907169
v -0.5316436 1.1821385 0.7794691
v -0.5316436 1.1722655 0.7710957
v -0.5316436 1.160018 0.7667216
v -0.5316436 1.1468956 0.7667216
v -0.5316436 1.134773 0.7710957
v -0.5316436 1.124775 0.7794691
v -0.5316436 1.1182763 0.7907169
v -0.5316436 1.1160268 0.8035893
v -0.5316436 1.1182763 0.8164617
v -0.5316436 1.124775 0.8277094
v -0.5316436 1.134773 0.8360828
v -0.5316436 1.1468956 0.8404569
v -0.5316436 1.160018 0.8404569
v -0.5316436 1.1722655 0.8360828
v -0.5316436 1.1821385 0.8277094
v -0.5376424 1.1650169 0.8078384
v -0.5376424 1.1770146 0.8120876
v -0.5376424 1.1785142 0.8035893
v -0.5376424 1.1657668 0.8035893
v -0.5376424 1.1628923 0.8114627
v -0.5376424 1.1726404 0.819711
v -0.5376424 1.159643 0.8142121
v -0.5376424 1.1660167 0.82521
v -0.5376424 1.1556438 0.8157118
v -0.5376424 1.1577684 0.8282093
v -0.5376424 1.1491451 0.8282093
v -0.5376424 1.1512697 0.8157118
v -0.5376424 1.1472705 0.8142121
v -0.5376424 1.1410217 0.82521
v -0.5376424 1.1440211 0.8114627
v -0.5376424 1.1342731 0.819711
v -0.5376424 1.1418966 0.8078384
v -0.5376424 1.1300239 0.8120876
v -0.5376424 1.1411467 0.8035893
v -0.5376424 1.1285243 0.8035893
v -0.5376424 1.1418966 0.7993401
v -0.5376424 1.1300239 0.795091
v -0.5376424 1.1440211 0.7957158
v -0.5376424 1.1342731 0.7874675
v -0.5376424 1.1472705 0.7929664
v -0.5376424 1.1410217 0.7819686
v -0.5376424 1.1512697 0.7914667
v -0.5376424 1.1491451 0.7789692
v -0.5376424 1.1556438 0.7914667
v -0.5376424 1.1577684 0.7789692
v -0.5376424 1.159643 0.7929664
v -0.5376424 1.1660167 0.7819686
v -0.5376424 1.1628923 0.7957158
v -0.5376424 1.1726404 0.7874675
v -0.5376424 1.1650169 0.7993401
v -0.5376424 1.1770146 0.795091
v -0.5376424 1.1650169 0.8078384
v -0.5376424 1.1657668 0.8035893
v -0.5251449 1.1657668 0.8035893
v -0.5251449 1.1650169 0.8078384
v -0.5251449 1.1628923 0.8114627
v -0.5376424 1.1628923 0.8114627
v -0.5376424 1.159643 0.8142121
v -0.5376424 1.1628923 0.8114627
v -0.5251449 1.1628923 0.8114627
v -0.5251449 1.159643 0.8142121
v -0.5376424 1.1556438 0.8157118
v -0.5251449 1.1556438 0.8157118
v -0.5251449 1.1512697 0.8157118
v -0.5376424 1.1512697 0.8157118
v -0.5251449 1.1472705 0.8142121
v -0.5376424 1.1472705 0.8142121
v -0.5251449 1.1440211 0.8114627
v -0.5376424 1.1440211 0.8114627
v -0.5251449 1.1418966 0.8078384
v -0.5376424 1.1418966 0.8078384
v -0.5376424 1.1440211 0.8114627
v -0.5251449 1.1440211 0.8114627
v -0.5251449 1.1411467 0.8035893
v -0.5376424 1.1411467 0.8035893
v -0.5251449 1.1418966 0.7993401
v -0.5376424 1.1418966 0.7993401
v -0.5251449 1.1440211 0.7957158
v -0.5376424 1.1440211 0.7957158
v -0.5251449 1.1472705 0.7929664
v -0.5376424 1.1472705 0.7929664
v -0.5376424 1.1440211 0.7957158
v -0.5251449 1.1440211 0.7957158
v -0.5376424 1.1512697 0.7914667
v -0.5251449 1.1512697 0.7914667
v -0.5251449 1.1556438 0.7914667
v -0.5376424 1.1556438 0.7914667
v -0.5376424 1.159643 0.7929664
v -0.5376424 1.1556438 0.7914667
v -0.5251449 1.1556438 0.7914667
v -0.5251449 1.159643 0.7929664
v -0.5376424 1.1628923 0.7957158
v -0.5251449 1.1628923 0.7957158
v -0.5376424 1.1650169 0.7993401
v -0.5376424 1.1628923 0.7957158
v -0.5251449 1.1628923 0.7957158
v -0.5251449 1.1650169 0.7993401
v -0.5310188 1.1928863 0.8035893
v -0.5310188 1.1905119 0.8170866
v -0.5310188 1.1905119 0.790092
v -0.5310188 1.1836382 0.7783443
v -0.5310188 1.1731403 0.7694711
v -0.5310188 1.1836382 0.7783443
v -0.5310188 1.1602679 0.764847
v -0.5310188 1.1466456 0.764847
v -0.5310188 1.1337732 0.7694711
v -0.5310188 1.1232753 0.7783443
v -0.5310188 1.1232753 0.7783443
v -0.5310188 1.1165266 0.790092
v -0.5310188 1.1141521 0.8035893
v -0.5310188 1.1165266 0.8170866
v -0.5310188 1.1232753 0.8288342
v -0.5310188 1.1337732 0.8377074
v -0.5310188 1.1232753 0.8288342
v -0.5310188 1.1466456 0.8423315
v -0.5310188 1.1602679 0.8423315
v -0.5310188 1.1731403 0.8377074
v -0.5310188 1.1836382 0.8288342
v -0.5310188 1.1836382 0.8288342
v -0.5310188 1.1905119 0.8170866
v -0.5310188 1.1928863 0.8035893
v -0.5310188 1.1905119 0.790092
v -0.5310188 1.1836382 0.7783443
v -0.5310188 1.1731403 0.7694711
v -0.5310188 1.1602679 0.764847
v -0.5310188 1.1466456 0.764847
v -0.5310188 1.1337732 0.7694711
v -0.5310188 1.1232753 0.7783443
v -0.5310188 1.1165266 0.790092
v -0.5310188 1.1141521 0.8035893
v -0.5310188 1.1165266 0.8170866
v -0.5310188 1.1232753 0.8288342
v -0.5310188 1.1337732 0.8377074
v -0.5310188 1.1466456 0.8423315
v -0.5310188 1.1602679 0.8423315
v -0.5310188 1.1731403 0.8377074
v -0.5310188 1.1836382 0.8288342
v -0.5401419 1.1435212 0.8589532
v -0.500025 1.1435212 0.8589532
v -0.500025 1.1630173 0.8589532
v -0.5401419 1.1630173 0.8589532
v -0.500025 1.1813887 0.8522046
v -0.5401419 1.1813887 0.8522046
v -0.500025 1.1963857 0.839707
v -0.5401419 1.1963857 0.839707
v -0.5401419 1.1963857 0.839707
v -0.500025 1.1963857 0.839707
v -0.500025 1.2061337 0.8227104
v -0.5401419 1.2061337 0.8227104
v -0.500025 1.209508 0.8034643
v -0.5401419 1.209508 0.8034643
v -0.500025 1.2061337 0.7843431
v -0.5401419 1.2061337 0.7843431
v -0.500025 1.1963857 0.7673465
v -0.5401419 1.1963857 0.7673465
v -0.5401419 1.1963857 0.7673465
v -0.500025 1.1963857 0.7673465
v -0.500025 1.1813887 0.754849
v -0.5401419 1.1813887 0.754849
v -0.500025 1.1630173 0.7482253
v -0.5401419 1.1630173 0.7482253
v -0.500025 1.1435212 0.7482253
v -0.5401419 1.1435212 0.7482253
v -0.5390172 1.089657 0.7482253
v -0.5390172 1.089657 0.8037143
v -0.5401419 1.0966556 0.8035893
v -0.5401419 1.0966556 0.7482253
v -0.5355179 1.0836582 0.7482253
v -0.5355179 1.0836582 0.8037143
v -0.5355179 1.0836582 0.7482253
v -0.530144 1.0792841 0.7482253
v -0.530144 1.0792841 0.8037143
v -0.5355179 1.0836582 0.8037143
v -0.5236453 1.0769096 0.7482253
v -0.5236453 1.0769096 0.8037143
v -0.5167716 1.0769096 0.7482253
v -0.5167716 1.0769096 0.8037143
v -0.5101479 1.0792841 0.7482253
v -0.5101479 1.0792841 0.8037143
v -0.504899 1.0836582 0.7482253
v -0.504899 1.0836582 0.8037143
v -0.504899 1.0836582 0.7482253
v -0.5013997 1.089657 0.7482253
v -0.5013997 1.089657 0.8037143
v -0.504899 1.0836582 0.8037143
v -0.50015 1.0966556 0.7482253
v -0.50015 1.0966556 0.8037143
v -0.5338932 1.0971555 0.8640771
v -0.5063987 1.0971555 0.8640771
v -0.5062737 1.1372725 0.8640771
v -0.5338932 1.1372725 0.8640771
v -0.50015 1.0966556 0.7482253
v -0.5401419 1.0966556 0.7482253
v -0.5390172 1.089657 0.8589532
v -0.5401419 1.0966556 0.8589532
v -0.5355179 1.0836582 0.8589532
v -0.530144 1.0792841 0.8589532
v -0.5355179 1.0836582 0.8589532
v -0.5236453 1.0769096 0.8589532
v -0.5167716 1.0769096 0.8589532
v -0.5101479 1.0792841 0.8589532
v -0.504899 1.0836582 0.8589532
v -0.5013997 1.089657 0.8589532
v -0.504899 1.0836582 0.8589532
v -0.50015 1.0966556 0.8589532
v -0.5517646 1.1241501 0.8138372
v -0.5517646 1.129649 0.8233353
v -0.5517646 1.1378974 0.830209
v -0.5517646 1.1241501 0.7932163
v -0.5517646 1.1478954 0.8339582
v -0.5517646 1.1586432 0.8339582
v -0.5517646 1.1768896 0.8233353
v -0.5517646 1.1687662 0.830209
v -0.5517646 1.1822635 0.8140872
v -0.5517646 1.1841381 0.8034643
v -0.5517646 1.1768896 0.7837182
v -0.5517646 1.1822635 0.7929664
v -0.5517646 1.1687662 0.7768446
v -0.5517646 1.1586432 0.7730954
v -0.5517646 1.1378974 0.7768446
v -0.5517646 1.1478954 0.7730954
v -0.5517646 1.129649 0.7837182
v -0.5517646 1.1221505 0.8035893
v -0.5401419 1.1251499 0.8522046
v -0.5401419 1.1101529 0.839707
v -0.5401419 1.1435212 0.8589532
v -0.5401419 1.1004048 0.8227104
v -0.5401419 1.1101529 0.7673465
v -0.5401419 1.1251499 0.754849
v -0.5401419 1.1435212 0.7482253
v -0.5401419 1.1004048 0.7843431
v -0.5401419 1.1630173 0.8589532
v -0.5401419 1.1608928 0.8464557
v -0.5401419 1.1457708 0.8464557
v -0.5401419 1.1435212 0.8589532
v -0.5401419 1.1813887 0.8522046
v -0.5401419 1.1750149 0.8412067
v -0.5401419 1.1963857 0.839707
v -0.5401419 1.1866376 0.8314587
v -0.5401419 1.2061337 0.8227104
v -0.5401419 1.1942611 0.8184613
v -0.5401419 1.209508 0.8034643
v -0.5401419 1.1968855 0.8034643
v -0.5401419 1.2061337 0.7843431
v -0.5401419 1.1942611 0.7885922
v -0.5401419 1.1963857 0.7673465
v -0.5401419 1.1866376 0.7755948
v -0.5401419 1.1813887 0.754849
v -0.5401419 1.1750149 0.7658468
v -0.5401419 1.1630173 0.7482253
v -0.5401419 1.1608928 0.7605979
v -0.5401419 1.1435212 0.7482253
v -0.5401419 1.1457708 0.7605979
v -0.5401419 1.1251499 0.754849
v -0.5401419 1.1315236 0.7658468
v -0.5401419 1.1101529 0.7673465
v -0.5401419 1.119901 0.7755948
v -0.5401419 1.1122775 0.7887172
v -0.5401419 1.1004048 0.7843431
v -0.5401419 1.0966556 0.8035893
v -0.5401419 1.109403 0.8035893
v -0.5401419 1.1004048 0.8227104
v -0.5401419 1.1122775 0.8183363
v -0.5401419 1.1101529 0.839707
v -0.5401419 1.119901 0.8314587
v -0.5401419 1.1251499 0.8522046
v -0.5401419 1.1315236 0.8412067
v -0.5401419 1.1608928 0.8464557
v -0.5517646 1.1586432 0.8339582
v -0.5517646 1.1478954 0.8339582
v -0.5401419 1.1457708 0.8464557
v -0.5401419 1.1750149 0.8412067
v -0.5517646 1.1687662 0.830209
v -0.5401419 1.1866376 0.8314587
v -0.5517646 1.1768896 0.8233353
v -0.5401419 1.1942611 0.8184613
v -0.5517646 1.1822635 0.8140872
v -0.5401419 1.1968855 0.8034643
v -0.5517646 1.1841381 0.8034643
v -0.5401419 1.1942611 0.7885922
v -0.5517646 1.1822635 0.7929664
v -0.5401419 1.1866376 0.7755948
v -0.5517646 1.1768896 0.7837182
v -0.5401419 1.1750149 0.7658468
v -0.5517646 1.1687662 0.7768446
v -0.5401419 1.1608928 0.7605979
v -0.5517646 1.1586432 0.7730954
v -0.5401419 1.1457708 0.7605979
v -0.5517646 1.1478954 0.7730954
v -0.5401419 1.1315236 0.7658468
v -0.5517646 1.1378974 0.7768446
v -0.5401419 1.119901 0.7755948
v -0.5517646 1.129649 0.7837182
v -0.5401419 1.1122775 0.7887172
v -0.5517646 1.1241501 0.7932163
v -0.5401419 1.109403 0.8035893
v -0.5517646 1.1221505 0.8035893
v -0.5517646 1.1241501 0.8138372
v -0.5401419 1.1122775 0.8183363
v -0.5401419 1.119901 0.8314587
v -0.5517646 1.129649 0.8233353
v -0.5401419 1.1315236 0.8412067
v -0.5517646 1.1378974 0.830209
v -0.500025 1.1435212 0.8589532
v -0.500025 1.1435212 0.7482253
v -0.5330184 1.0919065 0.8640771
v -0.5306439 1.0877824 0.8640771
v -0.5270196 1.084783 0.8640771
v -0.5133973 1.084783 0.8640771
v -0.5225205 1.0831583 0.8640771
v -0.5178964 1.0831583 0.8640771
v -0.509773 1.0877824 0.8640771
v -0.5073985 1.0919065 0.8640771
v -0.500025 1.1630173 0.7482253
v -0.500025 1.1813887 0.754849
v -0.500025 1.1963857 0.7673465
v -0.500025 1.2061337 0.7843431
v -0.500025 1.209508 0.8034643
v -0.500025 1.2061337 0.8227104
v -0.500025 1.1963857 0.839707
v -0.500025 1.1630173 0.8589532
v -0.500025 1.1813887 0.8522046
v -0.4609078 1.1175264 0.6904869
v -0.4571585 1.0960307 0.6904869
v -0.4571585 1.0960307 0.5390172
v -0.4609078 1.1175264 0.5390172
v -0.4719056 1.1363976 0.5390172
v -0.4719056 1.1363976 0.6904869
v -0.4885273 1.1503949 0.6904869
v -0.4719056 1.1363976 0.6904869
v -0.4719056 1.1363976 0.5390172
v -0.4885273 1.1503949 0.5390172
v -0.5090232 1.1578933 0.6904869
v -0.5090232 1.1578933 0.5390172
v -0.5308938 1.1578933 0.6904869
v -0.5308938 1.1578933 0.5390172
v -0.5513897 1.1503949 0.6904869
v -0.5513897 1.1503949 0.5390172
v -0.5680114 1.1363976 0.6904869
v -0.5680114 1.1363976 0.5390172
v -0.5788842 1.1175264 0.6904869
v -0.5680114 1.1363976 0.6904869
v -0.5680114 1.1363976 0.5390172
v -0.5788842 1.1175264 0.5390172
v -0.5827584 1.0960307 0.6904869
v -0.5827584 1.0960307 0.5390172
v -0.5788842 1.07466 0.6904869
v -0.5788842 1.07466 0.5390172
v -0.5680114 1.0557888 0.6904869
v -0.5680114 1.0557888 0.5390172
v -0.5513897 1.0416666 0.6904869
v -0.5680114 1.0557888 0.6904869
v -0.5680114 1.0557888 0.5390172
v -0.5513897 1.0416666 0.5390172
v -0.5308938 1.0342931 0.6904869
v -0.5308938 1.0342931 0.5390172
v -0.5090232 1.0342931 0.6904869
v -0.5090232 1.0342931 0.5390172
v -0.4885273 1.0416666 0.6904869
v -0.4885273 1.0416666 0.5390172
v -0.4719056 1.0557888 0.6904869
v -0.4719056 1.0557888 0.5390172
v -0.4609078 1.07466 0.6904869
v -0.4719056 1.0557888 0.6904869
v -0.4719056 1.0557888 0.5390172
v -0.4609078 1.07466 0.5390172
v -0.5036492 1.0824084 0.5120226
v -0.5092731 1.0776594 0.5120226
v -0.5162717 1.0751599 0.5120226
v -0.4986502 1.0960307 0.5120226
v -0.5236453 1.0751599 0.5120226
v -0.5306439 1.0776594 0.5120226
v -0.539892 1.0887822 0.5120226
v -0.5362677 1.0824084 0.5120226
v -0.5412667 1.0960307 0.5120226
v -0.539892 1.1034043 0.5120226
v -0.5306439 1.114527 0.5120226
v -0.5362677 1.109778 0.5120226
v -0.5236453 1.1170265 0.5120226
v -0.5162717 1.1170265 0.5120226
v -0.5036492 1.109778 0.5120226
v -0.5092731 1.114527 0.5120226
v -0.4999 1.1034043 0.5120226
v -0.4999 1.0887822 0.5120226
v -0.4969006 1.1044041 0.7488502
v -0.5011497 1.1117776 0.7488502
v -0.5076484 1.1172765 0.7488502
v -0.4969006 1.0876574 0.7488502
v -0.5156468 1.1202759 0.7488502
v -0.5241452 1.1202759 0.7488502
v -0.5386422 1.1117776 0.7488502
v -0.5321435 1.1172765 0.7488502
v -0.5428914 1.1044041 0.7488502
v -0.5443911 1.0960307 0.7488502
v -0.5386422 1.0802839 0.7488502
v -0.5428914 1.0876574 0.7488502
v -0.5321435 1.074785 0.7488502
v -0.5241452 1.0719106 0.7488502
v -0.5076484 1.074785 0.7488502
v -0.5156468 1.0719106 0.7488502
v -0.5011497 1.0802839 0.7488502
v -0.4954009 1.0960307 0.7488502
v -0.4909018 1.1066536 0.7238552
v -0.4890272 1.0960307 0.7238552
v -0.4615327 1.0960307 0.7184812
v -0.465032 1.1160268 0.7184812
v -0.4615327 1.0960307 0.5161467
v -0.465032 1.1160268 0.5161467
v -0.475155 1.1336482 0.7184812
v -0.4962757 1.1159018 0.7238552
v -0.475155 1.1336482 0.5161467
v -0.4907768 1.1466456 0.7184812
v -0.5045241 1.1227754 0.7238552
v -0.4907768 1.1466456 0.5161467
v -0.509773 1.1536442 0.7184812
v -0.5145221 1.1265246 0.7238552
v -0.509773 1.1536442 0.5161467
v -0.530144 1.1536442 0.7184812
v -0.5252699 1.1265246 0.7238552
v -0.530144 1.1536442 0.5161467
v -0.5353929 1.1227754 0.7238552
v -0.5491401 1.1466456 0.7184812
v -0.5491401 1.1466456 0.5161467
v -0.564637 1.1336482 0.7184812
v -0.5435163 1.1159018 0.7238552
v -0.564637 1.1336482 0.5161467
v -0.57476 1.1160268 0.7184812
v -0.5488902 1.1066536 0.7238552
v -0.57476 1.1160268 0.5161467
v -0.5783843 1.0960307 0.7184812
v -0.5507648 1.0960307 0.7238552
v -0.5783843 1.0960307 0.5161467
v -0.57476 1.0761597 0.7184812
v -0.5488902 1.0855329 0.7238552
v -0.57476 1.0761597 0.5161467
v -0.564637 1.0585383 0.7184812
v -0.5435163 1.0762847 0.7238552
v -0.564637 1.0585383 0.5161467
v -0.5491401 1.0455409 0.7184812
v -0.5353929 1.0692861 0.7238552
v -0.5491401 1.0455409 0.5161467
v -0.530144 1.0385422 0.7184812
v -0.5252699 1.0656618 0.7238552
v -0.530144 1.0385422 0.5161467
v -0.5145221 1.0656618 0.7238552
v -0.509773 1.0385422 0.7184812
v -0.509773 1.0385422 0.5161467
v -0.4907768 1.0455409 0.7184812
v -0.5045241 1.0692861 0.7238552
v -0.4907768 1.0455409 0.5161467
v -0.475155 1.0585383 0.7184812
v -0.4962757 1.0762847 0.7238552
v -0.475155 1.0585383 0.5161467
v -0.465032 1.0761597 0.7184812
v -0.4909018 1.0855329 0.7238552
v -0.465032 1.0761597 0.5161467
v -0.454909 1.0960307 0.7133573
v -0.4541591 1.0960307 0.7087332
v -0.4581584 1.1186512 0.7087332
v -0.4589082 1.1182763 0.7133573
v -0.4589082 1.1182763 0.5185213
v -0.4581584 1.1186512 0.5207708
v -0.4541591 1.0960307 0.5207708
v -0.454909 1.0960307 0.5185213
v -0.4695311 1.1383973 0.7087332
v -0.4701559 1.1378974 0.7133573
v -0.4701559 1.1378974 0.5185213
v -0.4695311 1.1383973 0.5207708
v -0.4695311 1.1383973 0.7087332
v -0.4870276 1.1530193 0.7087332
v -0.4874025 1.1523945 0.7133573
v -0.4701559 1.1378974 0.7133573
v -0.4874025 1.1523945 0.5185213
v -0.4870276 1.1530193 0.5207708
v -0.4695311 1.1383973 0.5207708
v -0.4701559 1.1378974 0.5185213
v -0.5085233 1.1608928 0.7087332
v -0.5086483 1.1601429 0.7133573
v -0.5086483 1.1601429 0.5185213
v -0.5085233 1.1608928 0.5207708
v -0.5312687 1.1601429 0.7133573
v -0.5313937 1.1608928 0.7087332
v -0.5313937 1.1608928 0.5207708
v -0.5312687 1.1601429 0.5185213
v -0.5528894 1.1530193 0.7087332
v -0.5523895 1.1523945 0.7133573
v -0.5523895 1.1523945 0.5185213
v -0.5528894 1.1530193 0.5207708
v -0.5703859 1.1383973 0.7087332
v -0.569761 1.1378974 0.7133573
v -0.5703859 1.1383973 0.5207708
v -0.569761 1.1378974 0.5185213
v -0.5703859 1.1383973 0.7087332
v -0.5817586 1.1186512 0.7087332
v -0.5810088 1.1182763 0.7133573
v -0.569761 1.1378974 0.7133573
v -0.5817586 1.1186512 0.5207708
v -0.5703859 1.1383973 0.5207708
v -0.569761 1.1378974 0.5185213
v -0.5810088 1.1182763 0.5185213
v -0.5857578 1.0960307 0.7087332
v -0.584883 1.0960307 0.7133573
v -0.5857578 1.0960307 0.5207708
v -0.584883 1.0960307 0.5185213
v -0.5817586 1.0735352 0.7087332
v -0.5810088 1.0739101 0.7133573
v -0.5810088 1.0739101 0.5185213
v -0.5817586 1.0735352 0.5207708
v -0.5703859 1.0537892 0.7087332
v -0.569761 1.0542891 0.7133573
v -0.569761 1.0542891 0.5185213
v -0.5703859 1.0537892 0.5207708
v -0.5523895 1.039792 0.7133573
v -0.569761 1.0542891 0.7133573
v -0.5703859 1.0537892 0.7087332
v -0.5528894 1.0390421 0.7087332
v -0.5528894 1.0390421 0.5207708
v -0.5703859 1.0537892 0.5207708
v -0.569761 1.0542891 0.5185213
v -0.5523895 1.039792 0.5185213
v -0.5313937 1.0312937 0.7087332
v -0.5312687 1.0320436 0.7133573
v -0.5313937 1.0312937 0.5207708
v -0.5312687 1.0320436 0.5185213
v -0.5085233 1.0312937 0.7087332
v -0.5086483 1.0320436 0.7133573
v -0.5085233 1.0312937 0.5207708
v -0.5086483 1.0320436 0.5185213
v -0.4870276 1.0390421 0.7087332
v -0.4874025 1.039792 0.7133573
v -0.4874025 1.039792 0.5185213
v -0.4870276 1.0390421 0.5207708
v -0.4695311 1.0537892 0.7087332
v -0.4701559 1.0542891 0.7133573
v -0.4701559 1.0542891 0.5185213
v -0.4695311 1.0537892 0.5207708
v -0.4701559 1.0542891 0.7133573
v -0.4695311 1.0537892 0.7087332
v -0.4581584 1.0735352 0.7087332
v -0.4589082 1.0739101 0.7133573
v -0.4701559 1.0542891 0.5185213
v -0.4589082 1.0739101 0.5185213
v -0.4581584 1.0735352 0.5207708
v -0.4695311 1.0537892 0.5207708
v -0.4611577 1.1174015 0.7166067
v -0.4574085 1.0960307 0.7166067
v -0.4574085 1.0960307 0.7166067
v -0.4611577 1.1174015 0.7166067
v -0.4611577 1.1174015 0.5170216
v -0.4589082 1.1182763 0.5185213
v -0.454909 1.0960307 0.5185213
v -0.4574085 1.0960307 0.5170216
v -0.4720306 1.1362727 0.7166067
v -0.4589082 1.1182763 0.7133573
v -0.4701559 1.1378974 0.7133573
v -0.4720306 1.1362727 0.5170216
v -0.4701559 1.1378974 0.5185213
v -0.4874025 1.1523945 0.7133573
v -0.4886523 1.1502699 0.7166067
v -0.4886523 1.1502699 0.5170216
v -0.4874025 1.1523945 0.5185213
v -0.5091481 1.1576434 0.7166067
v -0.4886523 1.1502699 0.7166067
v -0.5091481 1.1576434 0.7166067
v -0.5091481 1.1576434 0.5170216
v -0.5086483 1.1601429 0.5185213
v -0.5307688 1.1576434 0.7166067
v -0.5307688 1.1576434 0.7166067
v -0.5307688 1.1576434 0.5170216
v -0.5312687 1.1601429 0.5185213
v -0.5511397 1.1502699 0.7166067
v -0.5511397 1.1502699 0.7166067
v -0.5511397 1.1502699 0.5170216
v -0.5523895 1.1523945 0.5185213
v -0.569761 1.1378974 0.7133573
v -0.5678864 1.1362727 0.7166067
v -0.5511397 1.1502699 0.7166067
v -0.5523895 1.1523945 0.7133573
v -0.5678864 1.1362727 0.7166067
v -0.5678864 1.1362727 0.5170216
v -0.569761 1.1378974 0.5185213
v -0.5810088 1.1182763 0.7133573
v -0.5786343 1.1174015 0.7166067
v -0.5786343 1.1174015 0.7166067
v -0.5786343 1.1174015 0.5170216
v -0.5810088 1.1182763 0.5185213
v -0.5825085 1.0960307 0.7166067
v -0.5786343 1.1174015 0.7166067
v -0.5825085 1.0960307 0.7166067
v -0.5825085 1.0960307 0.5170216
v -0.584883 1.0960307 0.5185213
v -0.5786343 1.07466 0.7166067
v -0.5786343 1.07466 0.7166067
v -0.5786343 1.07466 0.5170216
v -0.5810088 1.0739101 0.5185213
v -0.5678864 1.0559138 0.7166067
v -0.5786343 1.07466 0.7166067
v -0.5810088 1.0739101 0.7133573
v -0.569761 1.0542891 0.7133573
v -0.5678864 1.0559138 0.7166067
v -0.5678864 1.0559138 0.5170216
v -0.569761 1.0542891 0.5185213
v -0.5523895 1.039792 0.7133573
v -0.5511397 1.0419166 0.7166067
v -0.5511397 1.0419166 0.7166067
v -0.5511397 1.0419166 0.5170216
v -0.5523895 1.039792 0.5185213
v -0.5307688 1.034543 0.7166067
v -0.5511397 1.0419166 0.7166067
v -0.5307688 1.034543 0.7166067
v -0.5307688 1.034543 0.5170216
v -0.5312687 1.0320436 0.5185213
v -0.5091481 1.034543 0.7166067
v -0.5091481 1.034543 0.7166067
v -0.5091481 1.034543 0.5170216
v -0.5086483 1.0320436 0.5185213
v -0.4886523 1.0419166 0.7166067
v -0.4886523 1.0419166 0.7166067
v -0.4886523 1.0419166 0.5170216
v -0.4874025 1.039792 0.5185213
v -0.4701559 1.0542891 0.7133573
v -0.4720306 1.0559138 0.7166067
v -0.4886523 1.0419166 0.7166067
v -0.4874025 1.039792 0.7133573
v -0.4720306 1.0559138 0.7166067
v -0.4720306 1.0559138 0.5170216
v -0.4701559 1.0542891 0.5185213
v -0.4701559 1.0542891 0.7133573
v -0.4589082 1.0739101 0.7133573
v -0.4611577 1.07466 0.7166067
v -0.4589082 1.0739101 0.5185213
v -0.4611577 1.07466 0.5170216
v -0.4611577 1.07466 0.7166067
v -0.4890272 1.0960307 0.7238552
v -0.4909018 1.1066536 0.7238552
v -0.4909018 1.1066536 0.7426015
v -0.4890272 1.0960307 0.7426015
v -0.4962757 1.1159018 0.7238552
v -0.4962757 1.1159018 0.7426015
v -0.5045241 1.1227754 0.7238552
v -0.5045241 1.1227754 0.7426015
v -0.4962757 1.1159018 0.7426015
v -0.4962757 1.1159018 0.7238552
v -0.5145221 1.1265246 0.7426015
v -0.5145221 1.1265246 0.7238552
v -0.5252699 1.1265246 0.7238552
v -0.5252699 1.1265246 0.7426015
v -0.5353929 1.1227754 0.7238552
v -0.5353929 1.1227754 0.7426015
v -0.5435163 1.1159018 0.7238552
v -0.5435163 1.1159018 0.7426015
v -0.5435163 1.1159018 0.7426015
v -0.5435163 1.1159018 0.7238552
v -0.5488902 1.1066536 0.7238552
v -0.5488902 1.1066536 0.7426015
v -0.5507648 1.0960307 0.7238552
v -0.5507648 1.0960307 0.7426015
v -0.5488902 1.0855329 0.7238552
v -0.5488902 1.0855329 0.7426015
v -0.5435163 1.0762847 0.7238552
v -0.5435163 1.0762847 0.7426015
v -0.5353929 1.0692861 0.7238552
v -0.5353929 1.0692861 0.7426015
v -0.5435163 1.0762847 0.7426015
v -0.5435163 1.0762847 0.7238552
v -0.5252699 1.0656618 0.7238552
v -0.5252699 1.0656618 0.7426015
v -0.5145221 1.0656618 0.7238552
v -0.5145221 1.0656618 0.7426015
v -0.5045241 1.0692861 0.7238552
v -0.5045241 1.0692861 0.7426015
v -0.4962757 1.0762847 0.7426015
v -0.4962757 1.0762847 0.7238552
v -0.4909018 1.0855329 0.7238552
v -0.4909018 1.0855329 0.7426015
v -0.4962757 1.0762847 0.7426015
v -0.4962757 1.0762847 0.7238552
v -0.4935263 1.1056538 0.7481003
v -0.4919016 1.0960307 0.7481003
v -0.4984003 1.1141521 0.7481003
v -0.5058988 1.1204009 0.7481003
v -0.515022 1.1236502 0.7481003
v -0.52477 1.1236502 0.7481003
v -0.5338932 1.1204009 0.7481003
v -0.5413917 1.1141521 0.7481003
v -0.5462657 1.1056538 0.7481003
v -0.5478904 1.0960307 0.7481003
v -0.5462657 1.0865326 0.7481003
v -0.5413917 1.0780343 0.7481003
v -0.5338932 1.0717856 0.7481003
v -0.52477 1.0684113 0.7481003
v -0.515022 1.0684113 0.7481003
v -0.5058988 1.0717856 0.7481003
v -0.4984003 1.0780343 0.7481003
v -0.4935263 1.0865326 0.7481003
v -0.4935263 1.1056538 0.7481003
v -0.4919016 1.0960307 0.7481003
v -0.489777 1.0960307 0.7461008
v -0.4915267 1.1064037 0.7461008
v -0.4915267 1.1064037 0.7461008
v -0.489777 1.0960307 0.7461008
v -0.4915267 1.1064037 0.7461008
v -0.4967756 1.1154019 0.7461008
v -0.4984003 1.1141521 0.7481003
v -0.4935263 1.1056538 0.7481003
v -0.4967756 1.1154019 0.7461008
v -0.504774 1.1221505 0.7461008
v -0.5058988 1.1204009 0.7481003
v -0.504774 1.1221505 0.7461008
v -0.4967756 1.1154019 0.7461008
v -0.514647 1.1257748 0.7461008
v -0.515022 1.1236502 0.7481003
v -0.5058988 1.1204009 0.7481003
v -0.504774 1.1221505 0.7461008
v -0.514647 1.1257748 0.7461008
v -0.5251449 1.1257748 0.7461008
v -0.52477 1.1236502 0.7481003
v -0.515022 1.1236502 0.7481003
v -0.5251449 1.1257748 0.7461008
v -0.535018 1.1221505 0.7461008
v -0.5338932 1.1204009 0.7481003
v -0.52477 1.1236502 0.7481003
v -0.535018 1.1221505 0.7461008
v -0.5430164 1.1154019 0.7461008
v -0.5413917 1.1141521 0.7481003
v -0.5430164 1.1154019 0.7461008
v -0.5482653 1.1064037 0.7461008
v -0.5462657 1.1056538 0.7481003
v -0.5430164 1.1154019 0.7461008
v -0.5482653 1.1064037 0.7461008
v -0.5478904 1.0960307 0.7481003
v -0.550015 1.0960307 0.7461008
v -0.550015 1.0960307 0.7461008
v -0.5482653 1.0857828 0.7461008
v -0.5462657 1.0865326 0.7481003
v -0.5482653 1.0857828 0.7461008
v -0.5462657 1.0865326 0.7481003
v -0.5482653 1.0857828 0.7461008
v -0.5430164 1.0766596 0.7461008
v -0.5413917 1.0780343 0.7481003
v -0.5430164 1.0766596 0.7461008
v -0.535018 1.0699109 0.7461008
v -0.5338932 1.0717856 0.7481003
v -0.535018 1.0699109 0.7461008
v -0.5430164 1.0766596 0.7461008
v -0.5251449 1.0664117 0.7461008
v -0.52477 1.0684113 0.7481003
v -0.5251449 1.0664117 0.7461008
v -0.52477 1.0684113 0.7481003
v -0.514647 1.0664117 0.7461008
v -0.515022 1.0684113 0.7481003
v -0.504774 1.0699109 0.7461008
v -0.5058988 1.0717856 0.7481003
v -0.515022 1.0684113 0.7481003
v -0.514647 1.0664117 0.7461008
v -0.504774 1.0699109 0.7461008
v -0.4967756 1.0766596 0.7461008
v -0.4984003 1.0780343 0.7481003
v -0.4967756 1.0766596 0.7461008
v -0.4915267 1.0857828 0.7461008
v -0.4935263 1.0865326 0.7481003
v -0.4967756 1.0766596 0.7461008
v -0.4915267 1.0857828 0.7461008
v -0.4552839 1.119651 0.7042341
v -0.4510348 1.0960307 0.7042341
v -0.4510348 1.0960307 0.694861
v -0.4552839 1.119651 0.694861
v -0.4581584 1.1186512 0.5390172
v -0.4541591 1.0960307 0.5390172
v -0.4671566 1.1403968 0.694861
v -0.4671566 1.1403968 0.7042341
v -0.4695311 1.1383973 0.5390172
v -0.4855279 1.1557688 0.694861
v -0.4855279 1.1557688 0.7042341
v -0.4671566 1.1403968 0.7042341
v -0.4671566 1.1403968 0.694861
v -0.4870276 1.1530193 0.5390172
v -0.4695311 1.1383973 0.5390172
v -0.5080234 1.1638922 0.694861
v -0.5080234 1.1638922 0.7042341
v -0.5085233 1.1608928 0.5390172
v -0.5318936 1.1638922 0.694861
v -0.5318936 1.1638922 0.7042341
v -0.5313937 1.1608928 0.5390172
v -0.5543891 1.1557688 0.694861
v -0.5543891 1.1557688 0.7042341
v -0.5528894 1.1530193 0.5390172
v -0.5726355 1.1403968 0.694861
v -0.5726355 1.1403968 0.7042341
v -0.5703859 1.1383973 0.5390172
v -0.584633 1.119651 0.694861
v -0.584633 1.119651 0.7042341
v -0.5726355 1.1403968 0.7042341
v -0.5726355 1.1403968 0.694861
v -0.5817586 1.1186512 0.5390172
v -0.5703859 1.1383973 0.5390172
v -0.5887572 1.0960307 0.694861
v -0.5887572 1.0960307 0.7042341
v -0.5857578 1.0960307 0.5390172
v -0.584633 1.0725354 0.694861
v -0.584633 1.0725354 0.7042341
v -0.5817586 1.0735352 0.5390172
v -0.5726355 1.0517896 0.7042341
v -0.5726355 1.0517896 0.694861
v -0.5703859 1.0537892 0.5390172
v -0.5726355 1.0517896 0.694861
v -0.5543891 1.0364177 0.694861
v -0.5543891 1.0364177 0.7042341
v -0.5726355 1.0517896 0.7042341
v -0.5703859 1.0537892 0.5390172
v -0.5528894 1.0390421 0.5390172
v -0.5318936 1.0282943 0.694861
v -0.5318936 1.0282943 0.7042341
v -0.5313937 1.0312937 0.5390172
v -0.5080234 1.0282943 0.7042341
v -0.5080234 1.0282943 0.694861
v -0.5085233 1.0312937 0.5390172
v -0.4855279 1.0364177 0.694861
v -0.4855279 1.0364177 0.7042341
v -0.4870276 1.0390421 0.5390172
v -0.4671566 1.0517896 0.694861
v -0.4671566 1.0517896 0.7042341
v -0.4695311 1.0537892 0.5390172
v -0.4671566 1.0517896 0.7042341
v -0.4671566 1.0517896 0.694861
v -0.4552839 1.0725354 0.694861
v -0.4552839 1.0725354 0.7042341
v -0.4695311 1.0537892 0.5390172
v -0.4581584 1.0735352 0.5390172
v -0.4541591 1.0960307 0.7042341
v -0.4581584 1.1186512 0.7042341
v -0.4581584 1.1186512 0.6904869
v -0.4581584 1.1186512 0.694861
v -0.4541591 1.0960307 0.694861
v -0.4541591 1.0960307 0.6904869
v -0.4695311 1.1383973 0.7042341
v -0.4695311 1.1383973 0.694861
v -0.4695311 1.1383973 0.6904869
v -0.4870276 1.1530193 0.7042341
v -0.4695311 1.1383973 0.7042341
v -0.4870276 1.1530193 0.6904869
v -0.4870276 1.1530193 0.694861
v -0.4695311 1.1383973 0.694861
v -0.4695311 1.1383973 0.6904869
v -0.5085233 1.1608928 0.7042341
v -0.5085233 1.1608928 0.694861
v -0.5085233 1.1608928 0.6904869
v -0.5313937 1.1608928 0.7042341
v -0.5313937 1.1608928 0.6904869
v -0.5313937 1.1608928 0.694861
v -0.5528894 1.1530193 0.7042341
v -0.5528894 1.1530193 0.694861
v -0.5528894 1.1530193 0.6904869
v -0.5703859 1.1383973 0.7042341
v -0.5703859 1.1383973 0.6904869
v -0.5703859 1.1383973 0.694861
v -0.5703859 1.1383973 0.7042341
v -0.5817586 1.1186512 0.7042341
v -0.5817586 1.1186512 0.694861
v -0.5703859 1.1383973 0.694861
v -0.5703859 1.1383973 0.6904869
v -0.5817586 1.1186512 0.6904869
v -0.5857578 1.0960307 0.7042341
v -0.5857578 1.0960307 0.6904869
v -0.5857578 1.0960307 0.694861
v -0.5817586 1.0735352 0.7042341
v -0.5817586 1.0735352 0.694861
v -0.5817586 1.0735352 0.6904869
v -0.5703859 1.0537892 0.7042341
v -0.5703859 1.0537892 0.6904869
v -0.5703859 1.0537892 0.694861
v -0.5528894 1.0390421 0.7042341
v -0.5703859 1.0537892 0.7042341
v -0.5528894 1.0390421 0.694861
v -0.5703859 1.0537892 0.694861
v -0.5703859 1.0537892 0.6904869
v -0.5528894 1.0390421 0.6904869
v -0.5313937 1.0312937 0.7042341
v -0.5313937 1.0312937 0.6904869
v -0.5313937 1.0312937 0.694861
v -0.5085233 1.0312937 0.7042341
v -0.5085233 1.0312937 0.694861
v -0.5085233 1.0312937 0.6904869
v -0.4870276 1.0390421 0.7042341
v -0.4870276 1.0390421 0.6904869
v -0.4870276 1.0390421 0.694861
v -0.4695311 1.0537892 0.7042341
v -0.4695311 1.0537892 0.694861
v -0.4695311 1.0537892 0.6904869
v -0.4581584 1.0735352 0.7042341
v -0.4695311 1.0537892 0.7042341
v -0.4581584 1.0735352 0.6904869
v -0.4581584 1.0735352 0.694861
v -0.4695311 1.0537892 0.694861
v -0.4695311 1.0537892 0.6904869
v -0.4552839 1.119651 0.7042341
v -0.4581584 1.1186512 0.7042341
v -0.4541591 1.0960307 0.7042341
v -0.4510348 1.0960307 0.7042341
v -0.4541591 1.0960307 0.7042341
v -0.4581584 1.0735352 0.7042341
v -0.4552839 1.0725354 0.7042341
v -0.4510348 1.0960307 0.7042341
v -0.4581584 1.0735352 0.7042341
v -0.4695311 1.0537892 0.7042341
v -0.4671566 1.0517896 0.7042341
v -0.4552839 1.0725354 0.7042341
v -0.4870276 1.0390421 0.7042341
v -0.4855279 1.0364177 0.7042341
v -0.5085233 1.0312937 0.7042341
v -0.5080234 1.0282943 0.7042341
v -0.4855279 1.0364177 0.7042341
v -0.4870276 1.0390421 0.7042341
v -0.5085233 1.0312937 0.7042341
v -0.5313937 1.0312937 0.7042341
v -0.5318936 1.0282943 0.7042341
v -0.5080234 1.0282943 0.7042341
v -0.5528894 1.0390421 0.7042341
v -0.5543891 1.0364177 0.7042341
v -0.5703859 1.0537892 0.7042341
v -0.5726355 1.0517896 0.7042341
v -0.5543891 1.0364177 0.7042341
v -0.5528894 1.0390421 0.7042341
v -0.5817586 1.0735352 0.7042341
v -0.584633 1.0725354 0.7042341
v -0.5887572 1.0960307 0.7042341
v -0.584633 1.0725354 0.7042341
v -0.5817586 1.0735352 0.7042341
v -0.5857578 1.0960307 0.7042341
v -0.5887572 1.0960307 0.7042341
v -0.5857578 1.0960307 0.7042341
v -0.5817586 1.1186512 0.7042341
v -0.584633 1.119651 0.7042341
v -0.5703859 1.1383973 0.7042341
v -0.5726355 1.1403968 0.7042341
v -0.584633 1.119651 0.7042341
v -0.5817586 1.1186512 0.7042341
v -0.5528894 1.1530193 0.7042341
v -0.5543891 1.1557688 0.7042341
v -0.5318936 1.1638922 0.7042341
v -0.5543891 1.1557688 0.7042341
v -0.5528894 1.1530193 0.7042341
v -0.5313937 1.1608928 0.7042341
v -0.5085233 1.1608928 0.7042341
v -0.5080234 1.1638922 0.7042341
v -0.4870276 1.1530193 0.7042341
v -0.4855279 1.1557688 0.7042341
v -0.5080234 1.1638922 0.7042341
v -0.5085233 1.1608928 0.7042341
v -0.4695311 1.1383973 0.7042341
v -0.4671566 1.1403968 0.7042341
v -0.4855279 1.1557688 0.7042341
v -0.4870276 1.1530193 0.7042341
v -0.4695311 1.1383973 0.7042341
v -0.4581584 1.1186512 0.7042341
v -0.4552839 1.119651 0.7042341
v -0.4671566 1.1403968 0.7042341
v -0.4552839 1.119651 0.694861
v -0.4510348 1.0960307 0.694861
v -0.4541591 1.0960307 0.694861
v -0.4581584 1.1186512 0.694861
v -0.4695311 1.1383973 0.694861
v -0.4671566 1.1403968 0.694861
v -0.4552839 1.119651 0.694861
v -0.4581584 1.1186512 0.694861
v -0.4870276 1.1530193 0.694861
v -0.4855279 1.1557688 0.694861
v -0.5085233 1.1608928 0.694861
v -0.5080234 1.1638922 0.694861
v -0.4855279 1.1557688 0.694861
v -0.4870276 1.1530193 0.694861
v -0.5313937 1.1608928 0.694861
v -0.5318936 1.1638922 0.694861
v -0.5528894 1.1530193 0.694861
v -0.5543891 1.1557688 0.694861
v -0.5703859 1.1383973 0.694861
v -0.5726355 1.1403968 0.694861
v -0.5817586 1.1186512 0.694861
v -0.584633 1.119651 0.694861
v -0.5726355 1.1403968 0.694861
v -0.5703859 1.1383973 0.694861
v -0.5857578 1.0960307 0.694861
v -0.5887572 1.0960307 0.694861
v -0.584633 1.119651 0.694861
v -0.5817586 1.1186512 0.694861
v -0.5887572 1.0960307 0.694861
v -0.5857578 1.0960307 0.694861
v -0.5817586 1.0735352 0.694861
v -0.584633 1.0725354 0.694861
v -0.5703859 1.0537892 0.694861
v -0.5726355 1.0517896 0.694861
v -0.584633 1.0725354 0.694861
v -0.5817586 1.0735352 0.694861
v -0.5703859 1.0537892 0.694861
v -0.5528894 1.0390421 0.694861
v -0.5543891 1.0364177 0.694861
v -0.5726355 1.0517896 0.694861
v -0.5313937 1.0312937 0.694861
v -0.5318936 1.0282943 0.694861
v -0.5543891 1.0364177 0.694861
v -0.5528894 1.0390421 0.694861
v -0.5085233 1.0312937 0.694861
v -0.5080234 1.0282943 0.694861
v -0.5080234 1.0282943 0.694861
v -0.5085233 1.0312937 0.694861
v -0.4870276 1.0390421 0.694861
v -0.4855279 1.0364177 0.694861
v -0.4695311 1.0537892 0.694861
v -0.4671566 1.0517896 0.694861
v -0.4671566 1.0517896 0.694861
v -0.4695311 1.0537892 0.694861
v -0.4581584 1.0735352 0.694861
v -0.4552839 1.0725354 0.694861
v -0.4581584 1.0735352 0.694861
v -0.4541591 1.0960307 0.694861
v -0.4510348 1.0960307 0.694861
v -0.4552839 1.0725354 0.694861
v -0.4541591 1.0960307 0.6904869
v -0.4571585 1.0960307 0.6904869
v -0.4609078 1.1175264 0.6904869
v -0.4581584 1.1186512 0.6904869
v -0.4581584 1.0735352 0.6904869
v -0.4609078 1.07466 0.6904869
v -0.4571585 1.0960307 0.6904869
v -0.4541591 1.0960307 0.6904869
v -0.4719056 1.0557888 0.6904869
v -0.4609078 1.07466 0.6904869
v -0.4581584 1.0735352 0.6904869
v -0.4695311 1.0537892 0.6904869
v -0.4695311 1.0537892 0.6904869
v -0.4870276 1.0390421 0.6904869
v -0.4885273 1.0416666 0.6904869
v -0.4719056 1.0557888 0.6904869
v -0.5090232 1.0342931 0.6904869
v -0.5085233 1.0312937 0.6904869
v -0.5313937 1.0312937 0.6904869
v -0.5308938 1.0342931 0.6904869
v -0.5090232 1.0342931 0.6904869
v -0.5085233 1.0312937 0.6904869
v -0.5308938 1.0342931 0.6904869
v -0.5313937 1.0312937 0.6904869
v -0.5528894 1.0390421 0.6904869
v -0.5513897 1.0416666 0.6904869
v -0.5680114 1.0557888 0.6904869
v -0.5513897 1.0416666 0.6904869
v -0.5528894 1.0390421 0.6904869
v -0.5703859 1.0537892 0.6904869
v -0.5680114 1.0557888 0.6904869
v -0.5703859 1.0537892 0.6904869
v -0.5817586 1.0735352 0.6904869
v -0.5788842 1.07466 0.6904869
v -0.5788842 1.07466 0.6904869
v -0.5817586 1.0735352 0.6904869
v -0.5857578 1.0960307 0.6904869
v -0.5827584 1.0960307 0.6904869
v -0.5857578 1.0960307 0.6904869
v -0.5817586 1.1186512 0.6904869
v -0.5788842 1.1175264 0.6904869
v -0.5827584 1.0960307 0.6904869
v -0.5680114 1.1363976 0.6904869
v -0.5703859 1.1383973 0.6904869
v -0.5680114 1.1363976 0.6904869
v -0.5703859 1.1383973 0.6904869
v -0.5528894 1.1530193 0.6904869
v -0.5513897 1.1503949 0.6904869
v -0.5313937 1.1608928 0.6904869
v -0.5308938 1.1578933 0.6904869
v -0.5085233 1.1608928 0.6904869
v -0.5090232 1.1578933 0.6904869
v -0.5308938 1.1578933 0.6904869
v -0.5313937 1.1608928 0.6904869
v -0.4870276 1.1530193 0.6904869
v -0.4885273 1.1503949 0.6904869
v -0.4885273 1.1503949 0.6904869
v -0.4870276 1.1530193 0.6904869
v -0.4695311 1.1383973 0.6904869
v -0.4719056 1.1363976 0.6904869
v -0.4581584 1.1186512 0.6904869
v -0.4609078 1.1175264 0.6904869
v -0.4581584 1.1186512 0.5390172
v -0.4609078 1.1175264 0.5390172
v -0.4571585 1.0960307 0.5390172
v -0.4541591 1.0960307 0.5390172
v -0.4609078 1.1175264 0.5390172
v -0.4581584 1.1186512 0.5390172
v -0.4695311 1.1383973 0.5390172
v -0.4719056 1.1363976 0.5390172
v -0.4695311 1.1383973 0.5390172
v -0.4870276 1.1530193 0.5390172
v -0.4885273 1.1503949 0.5390172
v -0.4719056 1.1363976 0.5390172
v -0.5085233 1.1608928 0.5390172
v -0.5090232 1.1578933 0.5390172
v -0.5313937 1.1608928 0.5390172
v -0.5308938 1.1578933 0.5390172
v -0.5308938 1.1578933 0.5390172
v -0.5313937 1.1608928 0.5390172
v -0.5528894 1.1530193 0.5390172
v -0.5513897 1.1503949 0.5390172
v -0.5528894 1.1530193 0.5390172
v -0.5703859 1.1383973 0.5390172
v -0.5680114 1.1363976 0.5390172
v -0.5513897 1.1503949 0.5390172
v -0.5817586 1.1186512 0.5390172
v -0.5788842 1.1175264 0.5390172
v -0.5857578 1.0960307 0.5390172
v -0.5827584 1.0960307 0.5390172
v -0.5788842 1.07466 0.5390172
v -0.5827584 1.0960307 0.5390172
v -0.5857578 1.0960307 0.5390172
v -0.5817586 1.0735352 0.5390172
v -0.5703859 1.0537892 0.5390172
v -0.5680114 1.0557888 0.5390172
v -0.5788842 1.07466 0.5390172
v -0.5817586 1.0735352 0.5390172
v -0.5528894 1.0390421 0.5390172
v -0.5513897 1.0416666 0.5390172
v -0.5513897 1.0416666 0.5390172
v -0.5528894 1.0390421 0.5390172
v -0.5313937 1.0312937 0.5390172
v -0.5308938 1.0342931 0.5390172
v -0.5085233 1.0312937 0.5390172
v -0.5090232 1.0342931 0.5390172
v -0.5308938 1.0342931 0.5390172
v -0.5313937 1.0312937 0.5390172
v -0.4870276 1.0390421 0.5390172
v -0.4885273 1.0416666 0.5390172
v -0.4695311 1.0537892 0.5390172
v -0.4719056 1.0557888 0.5390172
v -0.4609078 1.07466 0.5390172
v -0.4719056 1.0557888 0.5390172
v -0.4695311 1.0537892 0.5390172
v -0.4581584 1.0735352 0.5390172
v -0.4581584 1.0735352 0.5390172
v -0.4541591 1.0960307 0.5390172
v -0.4571585 1.0960307 0.5390172
v -0.4609078 1.07466 0.5390172
v -0.4524095 1.0944061 0.5392671
v -0.4571585 1.0944061 0.5392671
v -0.4571585 1.0974055 0.5392671
v -0.4524095 1.0974055 0.5392671
v -0.450035 1.0944061 0.5431413
v -0.4524095 1.0944061 0.5392671
v -0.4524095 1.0974055 0.5392671
v -0.450035 1.0974055 0.5431413
v -0.450035 1.0974055 0.6859878
v -0.450035 1.0944061 0.6859878
v -0.450035 1.0944061 0.5431413
v -0.450035 1.0974055 0.5431413
v -0.4529094 1.0974055 0.6903619
v -0.4529094 1.0944061 0.6903619
v -0.450035 1.0944061 0.6859878
v -0.450035 1.0974055 0.6859878
v -0.4571585 1.0974055 0.6903619
v -0.4571585 1.0944061 0.6903619
v -0.4529094 1.0944061 0.6903619
v -0.4529094 1.0974055 0.6903619
v -0.450035 1.0974055 0.5431413
v -0.4524095 1.0974055 0.5392671
v -0.4571585 1.0974055 0.5392671
v -0.450035 1.0974055 0.6859878
v -0.4529094 1.0974055 0.6903619
v -0.4571585 1.0974055 0.6903619
v -0.4529094 1.0944061 0.6903619
v -0.4571585 1.0944061 0.6903619
v -0.4571585 1.0944061 0.5392671
v -0.450035 1.0944061 0.6859878
v -0.4524095 1.0944061 0.5392671
v -0.450035 1.0944061 0.5431413
v -0.4559088 1.1172765 0.5392671
v -0.4604079 1.1156518 0.5392671
v -0.4614077 1.1185262 0.5392671
v -0.4570336 1.1201509 0.5392671
v -0.4570336 1.1201509 0.5392671
v -0.454659 1.1210257 0.5431413
v -0.4536593 1.1181513 0.5431413
v -0.4559088 1.1172765 0.5392671
v -0.454659 1.1210257 0.6859878
v -0.4536593 1.1181513 0.6859878
v -0.4536593 1.1181513 0.5431413
v -0.454659 1.1210257 0.5431413
v -0.4574085 1.120026 0.6903619
v -0.4564087 1.1171515 0.6903619
v -0.4536593 1.1181513 0.6859878
v -0.454659 1.1210257 0.6859878
v -0.4614077 1.1185262 0.6903619
v -0.4604079 1.1156518 0.6903619
v -0.4564087 1.1171515 0.6903619
v -0.4574085 1.120026 0.6903619
v -0.454659 1.1210257 0.5431413
v -0.4570336 1.1201509 0.5392671
v -0.4614077 1.1185262 0.5392671
v -0.454659 1.1210257 0.6859878
v -0.4574085 1.120026 0.6903619
v -0.4614077 1.1185262 0.6903619
v -0.4564087 1.1171515 0.6903619
v -0.4604079 1.1156518 0.6903619
v -0.4604079 1.1156518 0.5392671
v -0.4536593 1.1181513 0.6859878
v -0.4559088 1.1172765 0.5392671
v -0.4536593 1.1181513 0.5431413
v -0.4671566 1.1377724 0.5392671
v -0.4707808 1.134648 0.5392671
v -0.4726554 1.1370225 0.5392671
v -0.4690312 1.1400219 0.5392671
v -0.4690312 1.1400219 0.5392671
v -0.4671566 1.1416466 0.5431413
v -0.4652819 1.1392721 0.5431413
v -0.4671566 1.1377724 0.5392671
v -0.4671566 1.1416466 0.6859878
v -0.4652819 1.1392721 0.6859878
v -0.4652819 1.1392721 0.5431413
v -0.4671566 1.1416466 0.5431413
v -0.4694061 1.139772 0.6903619
v -0.4675315 1.1373975 0.6903619
v -0.4652819 1.1392721 0.6859878
v -0.4671566 1.1416466 0.6859878
v -0.4694061 1.139772 0.6903619
v -0.4726554 1.1370225 0.6903619
v -0.4707808 1.134648 0.6903619
v -0.4675315 1.1373975 0.6903619
v -0.4671566 1.1416466 0.5431413
v -0.4690312 1.1400219 0.5392671
v -0.4726554 1.1370225 0.5392671
v -0.4671566 1.1416466 0.6859878
v -0.4726554 1.1370225 0.6903619
v -0.4694061 1.139772 0.6903619
v -0.4675315 1.1373975 0.6903619
v -0.4707808 1.134648 0.6903619
v -0.4707808 1.134648 0.5392671
v -0.4652819 1.1392721 0.6859878
v -0.4671566 1.1377724 0.5392671
v -0.4652819 1.1392721 0.5431413
v -0.4845281 1.1530193 0.5392671
v -0.4869026 1.1488951 0.5392671
v -0.4895271 1.1505199 0.5392671
v -0.4871525 1.154519 0.5392671
v -0.4871525 1.154519 0.5392671
v -0.4860278 1.1567686 0.5431413
v -0.4832783 1.1551439 0.5431413
v -0.4845281 1.1530193 0.5392671
v -0.4832783 1.1551439 0.6859878
v -0.4832783 1.1551439 0.5431413
v -0.4860278 1.1567686 0.5431413
v -0.4860278 1.1567686 0.6859878
v -0.484778 1.1526444 0.6903619
v -0.4832783 1.1551439 0.6859878
v -0.4860278 1.1567686 0.6859878
v -0.4874025 1.1541441 0.6903619
v -0.4869026 1.1488951 0.6903619
v -0.484778 1.1526444 0.6903619
v -0.4874025 1.1541441 0.6903619
v -0.4895271 1.1505199 0.6903619
v -0.4860278 1.1567686 0.5431413
v -0.4871525 1.154519 0.5392671
v -0.4895271 1.1505199 0.5392671
v -0.4860278 1.1567686 0.6859878
v -0.4895271 1.1505199 0.6903619
v -0.4874025 1.1541441 0.6903619
v -0.4832783 1.1551439 0.6859878
v -0.484778 1.1526444 0.6903619
v -0.4869026 1.1488951 0.6903619
v -0.4869026 1.1488951 0.5392671
v -0.4845281 1.1530193 0.5392671
v -0.4832783 1.1551439 0.5431413
v -0.5062737 1.1615176 0.5392671
v -0.5070236 1.1567686 0.5392671
v -0.510023 1.1573934 0.5392671
v -0.5092731 1.1620175 0.5392671
v -0.5062737 1.1615176 0.5392671
v -0.5092731 1.1620175 0.5392671
v -0.5087732 1.1643921 0.5431413
v -0.5057738 1.1638922 0.5431413
v -0.5057738 1.1638922 0.6859878
v -0.5057738 1.1638922 0.5431413
v -0.5087732 1.1643921 0.5431413
v -0.5087732 1.1643921 0.6859878
v -0.5062737 1.1610177 0.6903619
v -0.5057738 1.1638922 0.6859878
v -0.5087732 1.1643921 0.6859878
v -0.5092731 1.1615176 0.6903619
v -0.5070236 1.1567686 0.6903619
v -0.5062737 1.1610177 0.6903619
v -0.5092731 1.1615176 0.6903619
v -0.510023 1.1573934 0.6903619
v -0.5087732 1.1643921 0.5431413
v -0.5092731 1.1620175 0.5392671
v -0.510023 1.1573934 0.5392671
v -0.5087732 1.1643921 0.6859878
v -0.510023 1.1573934 0.6903619
v -0.5092731 1.1615176 0.6903619
v -0.5057738 1.1638922 0.6859878
v -0.5062737 1.1610177 0.6903619
v -0.5070236 1.1567686 0.6903619
v -0.5070236 1.1567686 0.5392671
v -0.5062737 1.1615176 0.5392671
v -0.5057738 1.1638922 0.5431413
v -0.5293941 1.1620175 0.5392671
v -0.5286443 1.1573934 0.5392671
v -0.5316436 1.1567686 0.5392671
v -0.5323935 1.1615176 0.5392671
v -0.5323935 1.1615176 0.5392671
v -0.5328934 1.1638922 0.5431413
v -0.529894 1.1643921 0.5431413
v -0.5293941 1.1620175 0.5392671
v -0.529894 1.1643921 0.6859878
v -0.529894 1.1643921 0.5431413
v -0.5328934 1.1638922 0.5431413
v -0.5328934 1.1638922 0.6859878
v -0.5293941 1.1615176 0.6903619
v -0.529894 1.1643921 0.6859878
v -0.5328934 1.1638922 0.6859878
v -0.5323935 1.1610177 0.6903619
v -0.5286443 1.1573934 0.6903619
v -0.5293941 1.1615176 0.6903619
v -0.5323935 1.1610177 0.6903619
v -0.5316436 1.1567686 0.6903619
v -0.5328934 1.1638922 0.5431413
v -0.5323935 1.1615176 0.5392671
v -0.5316436 1.1567686 0.5392671
v -0.5328934 1.1638922 0.6859878
v -0.5323935 1.1610177 0.6903619
v -0.5316436 1.1567686 0.6903619
v -0.529894 1.1643921 0.6859878
v -0.5293941 1.1615176 0.6903619
v -0.5286443 1.1573934 0.6903619
v -0.5286443 1.1573934 0.5392671
v -0.5293941 1.1620175 0.5392671
v -0.529894 1.1643921 0.5431413
v -0.5515147 1.154519 0.5392671
v -0.5491401 1.1505199 0.5392671
v -0.5517646 1.1488951 0.5392671
v -0.5541391 1.1530193 0.5392671
v -0.5541391 1.1530193 0.5392671
v -0.5552639 1.1551439 0.5431413
v -0.5526395 1.1567686 0.5431413
v -0.5515147 1.154519 0.5392671
v -0.5526395 1.1567686 0.6859878
v -0.5526395 1.1567686 0.5431413
v -0.5552639 1.1551439 0.5431413
v -0.5552639 1.1551439 0.6859878
v -0.5512647 1.1541441 0.6903619
v -0.5526395 1.1567686 0.6859878
v -0.5552639 1.1551439 0.6859878
v -0.5538892 1.1526444 0.6903619
v -0.5491401 1.1505199 0.6903619
v -0.5512647 1.1541441 0.6903619
v -0.5538892 1.1526444 0.6903619
v -0.5517646 1.1488951 0.6903619
v -0.5552639 1.1551439 0.5431413
v -0.5541391 1.1530193 0.5392671
v -0.5517646 1.1488951 0.5392671
v -0.5552639 1.1551439 0.6859878
v -0.5517646 1.1488951 0.6903619
v -0.5538892 1.1526444 0.6903619
v -0.5526395 1.1567686 0.6859878
v -0.5512647 1.1541441 0.6903619
v -0.5491401 1.1505199 0.6903619
v -0.5491401 1.1505199 0.5392671
v -0.5515147 1.154519 0.5392671
v -0.5526395 1.1567686 0.5431413
v -0.569636 1.1400219 0.5392671
v -0.5660118 1.1370225 0.5392671
v -0.5678864 1.134648 0.5392671
v -0.5715107 1.1377724 0.5392671
v -0.5715107 1.1377724 0.5392671
v -0.5733853 1.1392721 0.5431413
v -0.5715107 1.1416466 0.5431413
v -0.569636 1.1400219 0.5392671
v -0.5715107 1.1416466 0.6859878
v -0.5715107 1.1416466 0.5431413
v -0.5733853 1.1392721 0.5431413
v -0.5733853 1.1392721 0.6859878
v -0.5715107 1.1416466 0.6859878
v -0.5733853 1.1392721 0.6859878
v -0.5711357 1.1373975 0.6903619
v -0.5692611 1.139772 0.6903619
v -0.5711357 1.1373975 0.6903619
v -0.5678864 1.134648 0.6903619
v -0.5660118 1.1370225 0.6903619
v -0.5692611 1.139772 0.6903619
v -0.5733853 1.1392721 0.5431413
v -0.5715107 1.1377724 0.5392671
v -0.5678864 1.134648 0.5392671
v -0.5733853 1.1392721 0.6859878
v -0.5678864 1.134648 0.6903619
v -0.5711357 1.1373975 0.6903619
v -0.5660118 1.1370225 0.6903619
v -0.5660118 1.1370225 0.5392671
v -0.5715107 1.1416466 0.6859878
v -0.5692611 1.139772 0.6903619
v -0.569636 1.1400219 0.5392671
v -0.5715107 1.1416466 0.5431413
v -0.5772595 1.1185262 0.5392671
v -0.5782593 1.1156518 0.5392671
v -0.5827584 1.1172765 0.5392671
v -0.5816336 1.1201509 0.5392671
v -0.5827584 1.1172765 0.5392671
v -0.585008 1.1181513 0.5431413
v -0.5840082 1.1210257 0.5431413
v -0.5816336 1.1201509 0.5392671
v -0.5840082 1.1210257 0.5431413
v -0.585008 1.1181513 0.5431413
v -0.585008 1.1181513 0.6859878
v -0.5840082 1.1210257 0.6859878
v -0.585008 1.1181513 0.6859878
v -0.5822585 1.1171515 0.6903619
v -0.5812587 1.120026 0.6903619
v -0.5840082 1.1210257 0.6859878
v -0.5822585 1.1171515 0.6903619
v -0.5782593 1.1156518 0.6903619
v -0.5772595 1.1185262 0.6903619
v -0.5812587 1.120026 0.6903619
v -0.5782593 1.1156518 0.5392671
v -0.585008 1.1181513 0.6859878
v -0.585008 1.1181513 0.5431413
v -0.5827584 1.1172765 0.5392671
v -0.5782593 1.1156518 0.6903619
v -0.5822585 1.1171515 0.6903619
v -0.5812587 1.120026 0.6903619
v -0.5772595 1.1185262 0.6903619
v -0.5772595 1.1185262 0.5392671
v -0.5840082 1.1210257 0.6859878
v -0.5816336 1.1201509 0.5392671
v -0.5840082 1.1210257 0.5431413
v -0.5815087 1.0974055 0.5392671
v -0.5815087 1.0944061 0.5392671
v -0.5862577 1.0944061 0.5392671
v -0.5862577 1.0974055 0.5392671
v -0.5862577 1.0944061 0.5392671
v -0.5886322 1.0944061 0.5431413
v -0.5886322 1.0974055 0.5431413
v -0.5862577 1.0974055 0.5392671
v -0.5886322 1.0974055 0.5431413
v -0.5886322 1.0944061 0.5431413
v -0.5886322 1.0944061 0.6859878
v -0.5886322 1.0974055 0.6859878
v -0.5886322 1.0944061 0.6859878
v -0.5857578 1.0944061 0.6903619
v -0.5857578 1.0974055 0.6903619
v -0.5886322 1.0974055 0.6859878
v -0.5857578 1.0944061 0.6903619
v -0.5815087 1.0944061 0.6903619
v -0.5815087 1.0974055 0.6903619
v -0.5857578 1.0974055 0.6903619
v -0.5815087 1.0944061 0.5392671
v -0.5886322 1.0944061 0.6859878
v -0.5886322 1.0944061 0.5431413
v -0.5862577 1.0944061 0.5392671
v -0.5815087 1.0944061 0.6903619
v -0.5857578 1.0944061 0.6903619
v -0.5857578 1.0974055 0.6903619
v -0.5815087 1.0974055 0.6903619
v -0.5815087 1.0974055 0.5392671
v -0.5886322 1.0974055 0.6859878
v -0.5862577 1.0974055 0.5392671
v -0.5886322 1.0974055 0.5431413
v -0.5782593 1.0760348 0.5392671
v -0.5772595 1.0731603 0.5392671
v -0.5816336 1.0715357 0.5392671
v -0.5827584 1.07441 0.5392671
v -0.5816336 1.0715357 0.5392671
v -0.5840082 1.0707858 0.5431413
v -0.585008 1.0735352 0.5431413
v -0.5827584 1.07441 0.5392671
v -0.585008 1.0735352 0.5431413
v -0.5840082 1.0707858 0.5431413
v -0.5840082 1.0707858 0.6859878
v -0.585008 1.0735352 0.6859878
v -0.5840082 1.0707858 0.6859878
v -0.5812587 1.0717856 0.6903619
v -0.5822585 1.07466 0.6903619
v -0.585008 1.0735352 0.6859878
v -0.5812587 1.0717856 0.6903619
v -0.5772595 1.0731603 0.6903619
v -0.5782593 1.0760348 0.6903619
v -0.5822585 1.07466 0.6903619
v -0.5772595 1.0731603 0.5392671
v -0.5840082 1.0707858 0.6859878
v -0.5840082 1.0707858 0.5431413
v -0.5816336 1.0715357 0.5392671
v -0.5772595 1.0731603 0.6903619
v -0.5812587 1.0717856 0.6903619
v -0.5822585 1.07466 0.6903619
v -0.5782593 1.0760348 0.6903619
v -0.5782593 1.0760348 0.5392671
v -0.585008 1.0735352 0.6859878
v -0.5827584 1.07441 0.5392671
v -0.585008 1.0735352 0.5431413
v -0.5678864 1.0571635 0.5392671
v -0.5660118 1.054789 0.5392671
v -0.569636 1.0517896 0.5392671
v -0.5715107 1.0540392 0.5392671
v -0.569636 1.0517896 0.5392671
v -0.5715107 1.0501649 0.5431413
v -0.5733853 1.0524144 0.5431413
v -0.5715107 1.0540392 0.5392671
v -0.5733853 1.0524144 0.5431413
v -0.5715107 1.0501649 0.5431413
v -0.5715107 1.0501649 0.6859878
v -0.5733853 1.0524144 0.6859878
v -0.5715107 1.0501649 0.6859878
v -0.5692611 1.0520395 0.6903619
v -0.5711357 1.0544141 0.6903619
v -0.5733853 1.0524144 0.6859878
v -0.5678864 1.0571635 0.6903619
v -0.5711357 1.0544141 0.6903619
v -0.5692611 1.0520395 0.6903619
v -0.5660118 1.054789 0.6903619
v -0.5660118 1.054789 0.5392671
v -0.5715107 1.0501649 0.6859878
v -0.5715107 1.0501649 0.5431413
v -0.569636 1.0517896 0.5392671
v -0.5660118 1.054789 0.6903619
v -0.5692611 1.0520395 0.6903619
v -0.5711357 1.0544141 0.6903619
v -0.5678864 1.0571635 0.6903619
v -0.5678864 1.0571635 0.5392671
v -0.5733853 1.0524144 0.6859878
v -0.5715107 1.0540392 0.5392671
v -0.5733853 1.0524144 0.5431413
v -0.5541391 1.0386672 0.5392671
v -0.5517646 1.0427914 0.5392671
v -0.5491401 1.0412917 0.5392671
v -0.5515147 1.0371675 0.5392671
v -0.5541391 1.0386672 0.5392671
v -0.5515147 1.0371675 0.5392671
v -0.5526395 1.0350429 0.5431413
v -0.5552639 1.0365427 0.5431413
v -0.5552639 1.0365427 0.6859878
v -0.5552639 1.0365427 0.5431413
v -0.5526395 1.0350429 0.5431413
v -0.5526395 1.0350429 0.6859878
v -0.5512647 1.0376674 0.6903619
v -0.5538892 1.0391671 0.6903619
v -0.5552639 1.0365427 0.6859878
v -0.5526395 1.0350429 0.6859878
v -0.5517646 1.0427914 0.6903619
v -0.5538892 1.0391671 0.6903619
v -0.5512647 1.0376674 0.6903619
v -0.5491401 1.0412917 0.6903619
v -0.5491401 1.0412917 0.5392671
v -0.5526395 1.0350429 0.6859878
v -0.5526395 1.0350429 0.5431413
v -0.5515147 1.0371675 0.5392671
v -0.5512647 1.0376674 0.6903619
v -0.5491401 1.0412917 0.6903619
v -0.5517646 1.0427914 0.6903619
v -0.5517646 1.0427914 0.5392671
v -0.5552639 1.0365427 0.6859878
v -0.5538892 1.0391671 0.6903619
v -0.5541391 1.0386672 0.5392671
v -0.5552639 1.0365427 0.5431413
v -0.5316436 1.0349179 0.5392671
v -0.5286443 1.034418 0.5392671
v -0.5293941 1.029794 0.5392671
v -0.5323935 1.0302939 0.5392671
v -0.5328934 1.0277944 0.5431413
v -0.5323935 1.0302939 0.5392671
v -0.5293941 1.029794 0.5392671
v -0.529894 1.0272945 0.5431413
v -0.5328934 1.0277944 0.6859878
v -0.5328934 1.0277944 0.5431413
v -0.529894 1.0272945 0.5431413
v -0.529894 1.0272945 0.6859878
v -0.5293941 1.0302939 0.6903619
v -0.5323935 1.0307938 0.6903619
v -0.5328934 1.0277944 0.6859878
v -0.529894 1.0272945 0.6859878
v -0.5316436 1.0349179 0.6903619
v -0.5323935 1.0307938 0.6903619
v -0.5293941 1.0302939 0.6903619
v -0.5286443 1.034418 0.6903619
v -0.529894 1.0272945 0.5431413
v -0.5293941 1.029794 0.5392671
v -0.5286443 1.034418 0.5392671
v -0.529894 1.0272945 0.6859878
v -0.5293941 1.0302939 0.6903619
v -0.5286443 1.034418 0.6903619
v -0.5328934 1.0277944 0.6859878
v -0.5323935 1.0307938 0.6903619
v -0.5316436 1.0349179 0.6903619
v -0.5316436 1.0349179 0.5392671
v -0.5323935 1.0302939 0.5392671
v -0.5328934 1.0277944 0.5431413
v -0.510023 1.034418 0.5392671
v -0.5070236 1.0349179 0.5392671
v -0.5062737 1.0302939 0.5392671
v -0.5092731 1.029794 0.5392671
v -0.5087732 1.0272945 0.5431413
v -0.5092731 1.029794 0.5392671
v -0.5062737 1.0302939 0.5392671
v -0.5057738 1.0277944 0.5431413
v -0.5087732 1.0272945 0.6859878
v -0.5087732 1.0272945 0.5431413
v -0.5057738 1.0277944 0.5431413
v -0.5057738 1.0277944 0.6859878
v -0.5062737 1.0307938 0.6903619
v -0.5092731 1.0302939 0.6903619
v -0.5087732 1.0272945 0.6859878
v -0.5057738 1.0277944 0.6859878
v -0.510023 1.034418 0.6903619
v -0.5092731 1.0302939 0.6903619
v -0.5062737 1.0307938 0.6903619
v -0.5070236 1.0349179 0.6903619
v -0.5057738 1.0277944 0.5431413
v -0.5062737 1.0302939 0.5392671
v -0.5070236 1.0349179 0.5392671
v -0.5057738 1.0277944 0.6859878
v -0.5062737 1.0307938 0.6903619
v -0.5070236 1.0349179 0.6903619
v -0.5087732 1.0272945 0.6859878
v -0.5092731 1.0302939 0.6903619
v -0.510023 1.034418 0.6903619
v -0.510023 1.034418 0.5392671
v -0.5092731 1.029794 0.5392671
v -0.5087732 1.0272945 0.5431413
v -0.4895271 1.0412917 0.5392671
v -0.4869026 1.0427914 0.5392671
v -0.4845281 1.0386672 0.5392671
v -0.4871525 1.0371675 0.5392671
v -0.4860278 1.0350429 0.5431413
v -0.4871525 1.0371675 0.5392671
v -0.4845281 1.0386672 0.5392671
v -0.4832783 1.0365427 0.5431413
v -0.4860278 1.0350429 0.6859878
v -0.4860278 1.0350429 0.5431413
v -0.4832783 1.0365427 0.5431413
v -0.4832783 1.0365427 0.6859878
v -0.484778 1.0391671 0.6903619
v -0.4874025 1.0376674 0.6903619
v -0.4860278 1.0350429 0.6859878
v -0.4832783 1.0365427 0.6859878
v -0.4895271 1.0412917 0.6903619
v -0.4874025 1.0376674 0.6903619
v -0.484778 1.0391671 0.6903619
v -0.4869026 1.0427914 0.6903619
v -0.4832783 1.0365427 0.5431413
v -0.4845281 1.0386672 0.5392671
v -0.4869026 1.0427914 0.5392671
v -0.4832783 1.0365427 0.6859878
v -0.484778 1.0391671 0.6903619
v -0.4869026 1.0427914 0.6903619
v -0.4860278 1.0350429 0.6859878
v -0.4874025 1.0376674 0.6903619
v -0.4895271 1.0412917 0.6903619
v -0.4895271 1.0412917 0.5392671
v -0.4871525 1.0371675 0.5392671
v -0.4860278 1.0350429 0.5431413
v -0.4726554 1.054789 0.5392671
v -0.4707808 1.0571635 0.5392671
v -0.4671566 1.0540392 0.5392671
v -0.4690312 1.0517896 0.5392671
v -0.4671566 1.0540392 0.5392671
v -0.4652819 1.0524144 0.5431413
v -0.4671566 1.0501649 0.5431413
v -0.4690312 1.0517896 0.5392671
v -0.4671566 1.0501649 0.6859878
v -0.4671566 1.0501649 0.5431413
v -0.4652819 1.0524144 0.5431413
v -0.4652819 1.0524144 0.6859878
v -0.4694061 1.0520395 0.6903619
v -0.4671566 1.0501649 0.6859878
v -0.4652819 1.0524144 0.6859878
v -0.4675315 1.0544141 0.6903619
v -0.4707808 1.0571635 0.6903619
v -0.4726554 1.054789 0.6903619
v -0.4694061 1.0520395 0.6903619
v -0.4675315 1.0544141 0.6903619
v -0.4652819 1.0524144 0.5431413
v -0.4671566 1.0540392 0.5392671
v -0.4707808 1.0571635 0.5392671
v -0.4652819 1.0524144 0.6859878
v -0.4675315 1.0544141 0.6903619
v -0.4707808 1.0571635 0.6903619
v -0.4671566 1.0501649 0.6859878
v -0.4694061 1.0520395 0.6903619
v -0.4726554 1.054789 0.6903619
v -0.4726554 1.054789 0.5392671
v -0.4690312 1.0517896 0.5392671
v -0.4671566 1.0501649 0.5431413
v -0.4570336 1.0715357 0.5392671
v -0.4614077 1.0731603 0.5392671
v -0.4604079 1.0760348 0.5392671
v -0.4559088 1.07441 0.5392671
v -0.4536593 1.0735352 0.5431413
v -0.454659 1.0707858 0.5431413
v -0.4570336 1.0715357 0.5392671
v -0.4559088 1.07441 0.5392671
v -0.454659 1.0707858 0.6859878
v -0.454659 1.0707858 0.5431413
v -0.4536593 1.0735352 0.5431413
v -0.4536593 1.0735352 0.6859878
v -0.4574085 1.0717856 0.6903619
v -0.454659 1.0707858 0.6859878
v -0.4536593 1.0735352 0.6859878
v -0.4564087 1.07466 0.6903619
v -0.4604079 1.0760348 0.6903619
v -0.4614077 1.0731603 0.6903619
v -0.4574085 1.0717856 0.6903619
v -0.4564087 1.07466 0.6903619
v -0.4536593 1.0735352 0.5431413
v -0.4559088 1.07441 0.5392671
v -0.4604079 1.0760348 0.5392671
v -0.4536593 1.0735352 0.6859878
v -0.4604079 1.0760348 0.6903619
v -0.4564087 1.07466 0.6903619
v -0.454659 1.0707858 0.6859878
v -0.4574085 1.0717856 0.6903619
v -0.4614077 1.0731603 0.6903619
v -0.4614077 1.0731603 0.5392671
v -0.454659 1.0707858 0.5431413
v -0.4570336 1.0715357 0.5392671
v -0.4986502 1.1030294 0.795216
v -0.4986502 1.099905 0.7958408
v -0.5516396 1.099905 0.7958408
v -0.5516396 1.1030294 0.795216
v -0.4986502 1.0971555 0.7977154
v -0.5516396 1.0971555 0.7977154
v -0.4986502 1.0971555 0.7977154
v -0.4986502 1.0954059 0.8003399
v -0.5516396 1.0954059 0.8003399
v -0.5516396 1.0971555 0.7977154
v -0.4986502 1.094781 0.8035893
v -0.5516396 1.094781 0.8035893
v -0.4986502 1.0954059 0.8067136
v -0.5516396 1.0954059 0.8067136
v -0.4986502 1.0971555 0.8094631
v -0.5516396 1.0971555 0.8094631
v -0.4986502 1.0971555 0.8094631
v -0.4986502 1.099905 0.8112127
v -0.5516396 1.099905 0.8112127
v -0.5516396 1.0971555 0.8094631
v -0.5516396 1.1030294 0.8118376
v -0.4986502 1.1030294 0.8118376
v -0.4986502 1.1062787 0.8112127
v -0.5516396 1.1062787 0.8112127
v -0.4986502 1.1062787 0.8112127
v -0.4986502 1.1089031 0.8094631
v -0.5516396 1.1089031 0.8094631
v -0.5516396 1.1062787 0.8112127
v -0.5516396 1.1089031 0.8094631
v -0.4986502 1.1089031 0.8094631
v -0.4986502 1.1106528 0.8067136
v -0.5516396 1.1106528 0.8067136
v -0.4986502 1.1112777 0.8035893
v -0.5516396 1.1112777 0.8035893
v -0.4986502 1.1106528 0.8003399
v -0.5516396 1.1106528 0.8003399
v -0.5516396 1.1089031 0.7977154
v -0.4986502 1.1089031 0.7977154
v -0.4986502 1.1089031 0.7977154
v -0.4986502 1.1062787 0.7958408
v -0.5516396 1.1062787 0.7958408
v -0.5516396 1.1089031 0.7977154
v -0.4986502 1.1106528 0.8003399
v -0.4986502 1.1112777 0.8035893
v -0.4986502 1.1030294 0.795216
v -0.4986502 1.1089031 0.7977154
v -0.4986502 1.1030294 0.8118376
v -0.4986502 1.1106528 0.8067136
v -0.4986502 1.1089031 0.8094631
v -0.4986502 1.1062787 0.8112127
v -0.4986502 1.094781 0.8035893
v -0.4986502 1.099905 0.8112127
v -0.4986502 1.0971555 0.8094631
v -0.4986502 1.0954059 0.8067136
v -0.4986502 1.0954059 0.8003399
v -0.4986502 1.0971555 0.7977154
v -0.4986502 1.099905 0.7958408
v -0.4986502 1.1062787 0.7958408
v -0.5516396 1.099905 0.7958408
v -0.5516396 1.0971555 0.7977154
v -0.5516396 1.0954059 0.8003399
v -0.5516396 1.1062787 0.7958408
v -0.5516396 1.099905 0.8112127
v -0.5516396 1.094781 0.8035893
v -0.5516396 1.0954059 0.8067136
v -0.5516396 1.0971555 0.8094631
v -0.5516396 1.1106528 0.8067136
v -0.5516396 1.1030294 0.8118376
v -0.5516396 1.1062787 0.8112127
v -0.5516396 1.1089031 0.8094631
v -0.5516396 1.1112777 0.8035893
v -0.5516396 1.1106528 0.8003399
v -0.5516396 1.1089031 0.7977154
v -0.5516396 1.1030294 0.795216
v -0.5515147 1.1029044 0.7973405
v -0.5515147 1.0975305 0.8004649
v -0.5535143 1.0975305 0.8004649
v -0.5535143 1.1029044 0.7973405
v -0.5515147 1.0975305 0.8004649
v -0.5515147 1.0975305 0.8067136
v -0.5535143 1.0975305 0.8067136
v -0.5535143 1.0975305 0.8004649
v -0.5515147 1.0975305 0.8067136
v -0.5515147 1.1029044 0.809838
v -0.5535143 1.1029044 0.809838
v -0.5535143 1.0975305 0.8067136
v -0.5535143 1.1084033 0.8067136
v -0.5535143 1.1029044 0.809838
v -0.5515147 1.1029044 0.809838
v -0.5515147 1.1084033 0.8067136
v -0.5515147 1.1084033 0.8067136
v -0.5515147 1.1084033 0.8004649
v -0.5535143 1.1084033 0.8004649
v -0.5535143 1.1084033 0.8067136
v -0.5535143 1.1084033 0.8004649
v -0.5515147 1.1084033 0.8004649
v -0.5535143 1.0975305 0.8004649
v -0.5535143 1.0975305 0.8067136
v -0.5535143 1.1029044 0.809838
v -0.5535143 1.1084033 0.8004649
v -0.5535143 1.1084033 0.8067136
v -0.5535143 1.1029044 0.7973405
v -0.4986502 1.1442711 0.8530794
v -0.4986502 1.1450209 0.8563287
v -0.5516396 1.1450209 0.8563287
v -0.5516396 1.1442711 0.8530794
v -0.4986502 1.1467706 0.8589532
v -0.5516396 1.1467706 0.8589532
v -0.4986502 1.1467706 0.8589532
v -0.4986502 1.149395 0.8607029
v -0.5516396 1.149395 0.8607029
v -0.5516396 1.1467706 0.8589532
v -0.5516396 1.1526444 0.8614527
v -0.4986502 1.1526444 0.8614527
v -0.4986502 1.1557688 0.8607029
v -0.5516396 1.1557688 0.8607029
v -0.4986502 1.1557688 0.8607029
v -0.4986502 1.1585182 0.8589532
v -0.5516396 1.1585182 0.8589532
v -0.5516396 1.1557688 0.8607029
v -0.5516396 1.1585182 0.8589532
v -0.4986502 1.1585182 0.8589532
v -0.4986502 1.1602679 0.8563287
v -0.5516396 1.1602679 0.8563287
v -0.4986502 1.1608928 0.8530794
v -0.5516396 1.1608928 0.8530794
v -0.4986502 1.1602679 0.849955
v -0.5516396 1.1602679 0.849955
v -0.5516396 1.1585182 0.8472056
v -0.4986502 1.1585182 0.8472056
v -0.4986502 1.1585182 0.8472056
v -0.4986502 1.1557688 0.8454559
v -0.5516396 1.1557688 0.8454559
v -0.5516396 1.1585182 0.8472056
v -0.4986502 1.1526444 0.844831
v -0.5516396 1.1526444 0.844831
v -0.4986502 1.149395 0.8454559
v -0.5516396 1.149395 0.8454559
v -0.4986502 1.1467706 0.8472056
v -0.5516396 1.1467706 0.8472056
v -0.4986502 1.1467706 0.8472056
v -0.4986502 1.1450209 0.849955
v -0.5516396 1.1450209 0.849955
v -0.5516396 1.1467706 0.8472056
v -0.4986502 1.1526444 0.844831
v -0.4986502 1.1442711 0.8530794
v -0.4986502 1.1467706 0.8472056
v -0.4986502 1.149395 0.8454559
v -0.4986502 1.1557688 0.8454559
v -0.4986502 1.1585182 0.8472056
v -0.4986502 1.1608928 0.8530794
v -0.4986502 1.1602679 0.849955
v -0.4986502 1.1526444 0.8614527
v -0.4986502 1.1602679 0.8563287
v -0.4986502 1.1585182 0.8589532
v -0.4986502 1.1557688 0.8607029
v -0.4986502 1.149395 0.8607029
v -0.4986502 1.1467706 0.8589532
v -0.4986502 1.1450209 0.8563287
v -0.4986502 1.1450209 0.849955
v -0.5516396 1.1467706 0.8589532
v -0.5516396 1.149395 0.8607029
v -0.5516396 1.1450209 0.849955
v -0.5516396 1.1450209 0.8563287
v -0.5516396 1.1602679 0.8563287
v -0.5516396 1.1526444 0.8614527
v -0.5516396 1.1557688 0.8607029
v -0.5516396 1.1585182 0.8589532
v -0.5516396 1.1608928 0.8530794
v -0.5516396 1.1602679 0.849955
v -0.5516396 1.1557688 0.8454559
v -0.5516396 1.1585182 0.8472056
v -0.5516396 1.1526444 0.844831
v -0.5516396 1.149395 0.8454559
v -0.5516396 1.1467706 0.8472056
v -0.5516396 1.1442711 0.8530794
v -0.5515147 1.1463957 0.8532043
v -0.5515147 1.14952 0.8587032
v -0.5535143 1.14952 0.8587032
v -0.5535143 1.1463957 0.8532043
v -0.5515147 1.14952 0.8587032
v -0.5515147 1.1557688 0.8587032
v -0.5535143 1.1557688 0.8587032
v -0.5535143 1.14952 0.8587032
v -0.5535143 1.1557688 0.8587032
v -0.5515147 1.1557688 0.8587032
v -0.5515147 1.1588932 0.8532043
v -0.5535143 1.1588932 0.8532043
v -0.5515147 1.1588932 0.8532043
v -0.5515147 1.1557688 0.8478304
v -0.5535143 1.1557688 0.8478304
v -0.5535143 1.1588932 0.8532043
v -0.5515147 1.1557688 0.8478304
v -0.5515147 1.14952 0.8478304
v -0.5535143 1.14952 0.8478304
v -0.5535143 1.1557688 0.8478304
v -0.5535143 1.14952 0.8478304
v -0.5515147 1.14952 0.8478304
v -0.5535143 1.14952 0.8478304
v -0.5535143 1.14952 0.8587032
v -0.5535143 1.1557688 0.8587032
v -0.5535143 1.1588932 0.8532043
v -0.5535143 1.1557688 0.8478304
v -0.5535143 1.1463957 0.8532043
v -0.4986502 1.2021345 0.8118376
v -0.4986502 1.2053839 0.8112127
v -0.5516396 1.2053839 0.8112127
v -0.5516396 1.2021345 0.8118376
v -0.4986502 1.2080084 0.8094631
v -0.5516396 1.2080084 0.8094631
v -0.5516396 1.2080084 0.8094631
v -0.4986502 1.2080084 0.8094631
v -0.4986502 1.209883 0.8067136
v -0.5516396 1.209883 0.8067136
v -0.4986502 1.2105078 0.8035893
v -0.5516396 1.2105078 0.8035893
v -0.4986502 1.209883 0.8003399
v -0.5516396 1.209883 0.8003399
v -0.5516396 1.2080084 0.7977154
v -0.4986502 1.2080084 0.7977154
v -0.4986502 1.2080084 0.7977154
v -0.4986502 1.2053839 0.7958408
v -0.5516396 1.2053839 0.7958408
v -0.5516396 1.2080084 0.7977154
v -0.4986502 1.2021345 0.795216
v -0.5516396 1.2021345 0.795216
v -0.4986502 1.1990102 0.7958408
v -0.5516396 1.1990102 0.7958408
v -0.4986502 1.1962607 0.7977154
v -0.5516396 1.1962607 0.7977154
v -0.4986502 1.1962607 0.7977154
v -0.4986502 1.1945111 0.8003399
v -0.5516396 1.1945111 0.8003399
v -0.5516396 1.1962607 0.7977154
v -0.5516396 1.1938862 0.8035893
v -0.4986502 1.1938862 0.8035893
v -0.4986502 1.1945111 0.8067136
v -0.5516396 1.1945111 0.8067136
v -0.4986502 1.1962607 0.8094631
v -0.5516396 1.1962607 0.8094631
v -0.5516396 1.1962607 0.8094631
v -0.4986502 1.1962607 0.8094631
v -0.4986502 1.1990102 0.8112127
v -0.5516396 1.1990102 0.8112127
v -0.5516396 1.1990102 0.8112127
v -0.4986502 1.1990102 0.8112127
v -0.4986502 1.1962607 0.8094631
v -0.4986502 1.1945111 0.8067136
v -0.4986502 1.1938862 0.8035893
v -0.4986502 1.2021345 0.8118376
v -0.4986502 1.2021345 0.795216
v -0.4986502 1.1945111 0.8003399
v -0.4986502 1.1962607 0.7977154
v -0.4986502 1.1990102 0.7958408
v -0.4986502 1.2053839 0.7958408
v -0.4986502 1.2080084 0.7977154
v -0.4986502 1.2105078 0.8035893
v -0.4986502 1.209883 0.8003399
v -0.4986502 1.209883 0.8067136
v -0.4986502 1.2080084 0.8094631
v -0.4986502 1.2053839 0.8112127
v -0.4986502 1.1990102 0.8112127
v -0.5516396 1.209883 0.8067136
v -0.5516396 1.1990102 0.8112127
v -0.5516396 1.2053839 0.8112127
v -0.5516396 1.2080084 0.8094631
v -0.5516396 1.2105078 0.8035893
v -0.5516396 1.209883 0.8003399
v -0.5516396 1.2053839 0.7958408
v -0.5516396 1.2080084 0.7977154
v -0.5516396 1.1945111 0.8003399
v -0.5516396 1.2021345 0.795216
v -0.5516396 1.1990102 0.7958408
v -0.5516396 1.1962607 0.7977154
v -0.5516396 1.1938862 0.8035893
v -0.5516396 1.1945111 0.8067136
v -0.5516396 1.1962607 0.8094631
v -0.5516396 1.2021345 0.8118376
v -0.5515147 1.2022595 0.809713
v -0.5515147 1.2077584 0.8065886
v -0.5535143 1.2077584 0.8065886
v -0.5535143 1.2022595 0.809713
v -0.5535143 1.2077584 0.8065886
v -0.5515147 1.2077584 0.8065886
v -0.5515147 1.2077584 0.8003399
v -0.5535143 1.2077584 0.8003399
v -0.5515147 1.2077584 0.8003399
v -0.5515147 1.2022595 0.7972155
v -0.5535143 1.2022595 0.7972155
v -0.5535143 1.2077584 0.8003399
v -0.5515147 1.1968855 0.8003399
v -0.5535143 1.1968855 0.8003399
v -0.5535143 1.1968855 0.8003399
v -0.5515147 1.1968855 0.8003399
v -0.5515147 1.1968855 0.8065886
v -0.5535143 1.1968855 0.8065886
v -0.5515147 1.1968855 0.8065886
v -0.5515147 1.2022595 0.809713
v -0.5535143 1.2022595 0.809713
v -0.5535143 1.1968855 0.8065886
v -0.5535143 1.1968855 0.8065886
v -0.5535143 1.2077584 0.8065886
v -0.5535143 1.2077584 0.8003399
v -0.5535143 1.2022595 0.7972155
v -0.5535143 1.1968855 0.8003399
v -0.5535143 1.2022595 0.809713
v -0.4986502 1.1608928 0.7539741
v -0.4986502 1.1602679 0.7508498
v -0.5516396 1.1602679 0.7508498
v -0.5516396 1.1608928 0.7539741
v -0.4986502 1.1585182 0.7481003
v -0.5516396 1.1585182 0.7481003
v -0.4986502 1.1585182 0.7481003
v -0.4986502 1.1557688 0.7463507
v -0.5516396 1.1557688 0.7463507
v -0.5516396 1.1585182 0.7481003
v -0.4986502 1.1526444 0.7457258
v -0.5516396 1.1526444 0.7457258
v -0.4986502 1.149395 0.7463507
v -0.5516396 1.149395 0.7463507
v -0.4986502 1.1467706 0.7481003
v -0.5516396 1.1467706 0.7481003
v -0.4986502 1.1467706 0.7481003
v -0.4986502 1.1450209 0.7508498
v -0.5516396 1.1450209 0.7508498
v -0.5516396 1.1467706 0.7481003
v -0.5516396 1.1442711 0.7539741
v -0.4986502 1.1442711 0.7539741
v -0.4986502 1.1450209 0.7572235
v -0.5516396 1.1450209 0.7572235
v -0.4986502 1.1467706 0.759848
v -0.5516396 1.1467706 0.759848
v -0.5516396 1.1467706 0.759848
v -0.4986502 1.1467706 0.759848
v -0.4986502 1.149395 0.7615976
v -0.5516396 1.149395 0.7615976
v -0.4986502 1.1526444 0.7622225
v -0.5516396 1.1526444 0.7622225
v -0.4986502 1.1557688 0.7615976
v -0.5516396 1.1557688 0.7615976
v -0.5516396 1.1585182 0.759848
v -0.5516396 1.1557688 0.7615976
v -0.4986502 1.1557688 0.7615976
v -0.4986502 1.1585182 0.759848
v -0.4986502 1.1585182 0.759848
v -0.4986502 1.1602679 0.7572235
v -0.5516396 1.1602679 0.7572235
v -0.5516396 1.1585182 0.759848
v -0.4986502 1.1557688 0.7615976
v -0.4986502 1.1526444 0.7622225
v -0.4986502 1.1608928 0.7539741
v -0.4986502 1.1585182 0.759848
v -0.4986502 1.1442711 0.7539741
v -0.4986502 1.149395 0.7615976
v -0.4986502 1.1467706 0.759848
v -0.4986502 1.1450209 0.7572235
v -0.4986502 1.1526444 0.7457258
v -0.4986502 1.1450209 0.7508498
v -0.4986502 1.1467706 0.7481003
v -0.4986502 1.149395 0.7463507
v -0.4986502 1.1557688 0.7463507
v -0.4986502 1.1585182 0.7481003
v -0.4986502 1.1602679 0.7508498
v -0.4986502 1.1602679 0.7572235
v -0.5516396 1.1602679 0.7508498
v -0.5516396 1.1585182 0.7481003
v -0.5516396 1.1557688 0.7463507
v -0.5516396 1.1602679 0.7572235
v -0.5516396 1.1450209 0.7508498
v -0.5516396 1.1526444 0.7457258
v -0.5516396 1.149395 0.7463507
v -0.5516396 1.1467706 0.7481003
v -0.5516396 1.149395 0.7615976
v -0.5516396 1.1442711 0.7539741
v -0.5516396 1.1450209 0.7572235
v -0.5516396 1.1467706 0.759848
v -0.5516396 1.1526444 0.7622225
v -0.5516396 1.1557688 0.7615976
v -0.5516396 1.1585182 0.759848
v -0.5516396 1.1608928 0.7539741
v -0.5515147 1.1556438 0.7484753
v -0.5535143 1.1556438 0.7484753
v -0.5535143 1.1587682 0.7538492
v -0.5515147 1.1587682 0.7538492
v -0.5515147 1.1556438 0.7484753
v -0.5515147 1.149395 0.7484753
v -0.5535143 1.149395 0.7484753
v -0.5535143 1.1556438 0.7484753
v -0.5515147 1.149395 0.7484753
v -0.5515147 1.1462707 0.7538492
v -0.5535143 1.1462707 0.7538492
v -0.5535143 1.149395 0.7484753
v -0.5535143 1.149395 0.7593481
v -0.5535143 1.1462707 0.7538492
v -0.5515147 1.1462707 0.7538492
v -0.5515147 1.149395 0.7593481
v -0.5515147 1.149395 0.7593481
v -0.5515147 1.1556438 0.7593481
v -0.5535143 1.1556438 0.7593481
v -0.5535143 1.149395 0.7593481
v -0.5535143 1.1587682 0.7538492
v -0.5535143 1.1556438 0.7593481
v -0.5515147 1.1556438 0.7593481
v -0.5515147 1.1587682 0.7538492
v -0.5535143 1.1556438 0.7484753
v -0.5535143 1.149395 0.7484753
v -0.5535143 1.1462707 0.7538492
v -0.5535143 1.1556438 0.7593481
v -0.5535143 1.149395 0.7593481
v -0.5535143 1.1587682 0.7538492
v -0.5401419 1.1435212 0.8589532
v -0.5338932 1.1372725 0.8640771
v -0.5062737 1.1372725 0.8640771
v -0.500025 1.1435212 0.8589532
v -0.5338932 1.0971555 0.8640771
v -0.5338932 1.1372725 0.8640771
v -0.5401419 1.1435212 0.8589532
v -0.5401419 1.0966556 0.8589532
v -0.5390172 1.089657 0.8589532
v -0.5330184 1.0919065 0.8640771
v -0.5355179 1.0836582 0.8589532
v -0.5306439 1.0877824 0.8640771
v -0.530144 1.0792841 0.8589532
v -0.5270196 1.084783 0.8640771
v -0.5236453 1.0769096 0.8589532
v -0.5225205 1.0831583 0.8640771
v -0.5167716 1.0769096 0.8589532
v -0.5178964 1.0831583 0.8640771
v -0.5101479 1.0792841 0.8589532
v -0.5133973 1.084783 0.8640771
v -0.504899 1.0836582 0.8589532
v -0.509773 1.0877824 0.8640771
v -0.5013997 1.089657 0.8589532
v -0.5073985 1.0919065 0.8640771
v -0.50015 1.0966556 0.8589532
v -0.5063987 1.0971555 0.8640771
v -0.500025 1.1435212 0.8589532
v -0.5062737 1.1372725 0.8640771
vt 0.0005 0.2295
vt 0.0005 0.2386
vt 0.0009 0.2411
vt 0.0019 0.2429
vt 0.0037 0.244
vt 0.0063 0.2444
vt 0.5708 0.2444
vt 0.5733 0.244
vt 0.5751 0.2429
vt 0.5762 0.2411
vt 0.5765 0.2386
vt 0.5765 0.2295
vt 0.1789 0.0292
vt 0.7434 0.0292
vt 0.7434 0.0269
vt 0.1789 0.0269
vt 0.0005 0.1417
vt 0.0009 0.1442
vt 0.0019 0.146
vt 0.0005 0.1347
vt 0.0063 0.1474
vt 0.0037 0.1471
vt 0.5765 0.1417
vt 0.5765 0.1347
vt 0.5762 0.1442
vt 0.5751 0.146
vt 0.5708 0.1474
vt 0.5733 0.1471
vt 0.5765 0.3163
vt 0.0005 0.3163
vt 0.0005 0.3185
vt 0.5765 0.3185
vt 0.7534 0.3584
vt 0.7513 0.3584
vt 0.7513 0.3607
vt 0.7534 0.3728
vt 0.7513 0.3752
vt 0.5765 0.1797
vt 0.5765 0.1653
vt 0.0005 0.1653
vt 0.0005 0.1797
vt 0.7506 0.0189
vt 0.1746 0.0189
vt 0.1746 0.0212
vt 0.7506 0.0212
vt 0.5765 0.2936
vt 0.0005 0.2936
vt 0.7341 0.5963
vt 0.7114 0.5963
vt 0.7114 0.5986
vt 0.7341 0.5986
vt 0.5765 0.2924
vt 0.5765 0.2697
vt 0.0005 0.2697
vt 0.0005 0.2924
vt 0.7286 0.3584
vt 0.7286 0.3607
vt 0.7457 0.5842
vt 0.7457 0.5818
vt 0.7432 0.5818
vt 0.7432 0.5842
vt 0.7629 0.3752
vt 0.7629 0.3728
vt 0.7604 0.3728
vt 0.7604 0.3752
vt 0.7475 0.5842
vt 0.7475 0.5818
vt 0.7477 0.0269
vt 0.7459 0.0269
vt 0.7459 0.0292
vt 0.7477 0.0292
vt 0.7647 0.3752
vt 0.7647 0.3728
vt 0.1764 0.0269
vt 0.1746 0.0269
vt 0.1746 0.0292
vt 0.1764 0.0292
vt 0.5765 0.1814
vt 0.0005 0.1814
vt 0.0005 0.1958
vt 0.5765 0.1958
vt 0.7341 0.5818
vt 0.7362 0.5842
vt 0.7362 0.5986
vt 0.175 0.0172
vt 0.7499 0.0172
vt 0.7499 0.0157
vt 0.175 0.0157
vt 0.7499 0.0084
vt 0.7499 0.0069
vt 0.175 0.0069
vt 0.175 0.0084
vt 0.0011 0.1194
vt 0.5765 0.1188
vt 0.5765 0.108
vt 0.0005 0.108
vt 0.0005 0.1188
vt 0.0006 0.1192
vt 0.576 0.1194
vt 0.5764 0.1192
vt 0.0006 0.094
vt 0.0011 0.0941
vt 0.0005 0.0843
vt 0.0005 0.0935
vt 0.5765 0.0935
vt 0.576 0.0941
vt 0.5764 0.094
vt 0.5765 0.0843
vt 0.8779 0.5928
vt 0.8794 0.5928
vt 0.8794 0.5862
vt 0.8779 0.5847
vt 0.5765 0.0609
vt 0.0005 0.0609
vt 0.0006 0.0613
vt 0.0011 0.0615
vt 0.576 0.0615
vt 0.5764 0.0613
vt 0.0005 0.0528
vt 0.5765 0.0528
vt 0.8779 0.5435
vt 0.8779 0.5516
vt 0.8794 0.5502
vt 0.8794 0.5435
vt 0.0005 0.0505
vt 0.0006 0.0509
vt 0.0011 0.0511
vt 0.0005 0.0439
vt 0.5765 0.0439
vt 0.5765 0.0505
vt 0.576 0.0511
vt 0.5764 0.0509
vt 0.8891 0.5516
vt 0.8891 0.5502
vt 0.8886 0.5502
vt 0.8886 0.5516
vt 0.8886 0.5847
vt 0.8886 0.5862
vt 0.8891 0.5862
vt 0.8891 0.5847
vt 0.7503 0.0172
vt 0.7503 0.0157
vt 0.1746 0.0157
vt 0.1746 0.0172
vt 0.7503 0.0069
vt 0.7503 0.0084
vt 0.1746 0.0069
vt 0.1746 0.0084
vt 0.8779 0.5932
vt 0.8794 0.5932
vt 0.8779 0.5431
vt 0.8794 0.5431
vt 0.8706 0.6115
vt 0.8706 0.6129
vt 0.8718 0.6129
vt 0.8718 0.6115
vt 0.8706 0.6142
vt 0.8718 0.6142
vt 0.7128 0.913
vt 0.7117 0.913
vt 0.7117 0.9142
vt 0.7128 0.9142
vt 0.7117 0.9156
vt 0.7128 0.9156
vt 0.7117 0.9171
vt 0.7128 0.9171
vt 0.7117 0.9185
vt 0.7128 0.9185
vt 0.7117 0.9196
vt 0.7128 0.9196
vt 0.8718 0.6027
vt 0.8706 0.6027
vt 0.8706 0.604
vt 0.8718 0.604
vt 0.8706 0.6055
vt 0.8718 0.6055
vt 0.8706 0.607
vt 0.8718 0.607
vt 0.8706 0.6083
vt 0.8718 0.6083
vt 0.8441 0.4828
vt 0.843 0.4828
vt 0.843 0.4839
vt 0.8441 0.4839
vt 0.843 0.4853
vt 0.8441 0.4853
vt 0.843 0.4868
vt 0.8441 0.4868
vt 0.843 0.4882
vt 0.8441 0.4882
vt 0.843 0.4894
vt 0.8441 0.4894
vt 0.8718 0.61
vt 0.8718 0.6087
vt 0.8706 0.6087
vt 0.8706 0.61
vt 0.5784 0.1849
vt 0.5789 0.1857
vt 0.5797 0.1864
vt 0.5784 0.1829
vt 0.5806 0.1867
vt 0.5816 0.1867
vt 0.5833 0.1857
vt 0.5825 0.1864
vt 0.5838 0.1849
vt 0.584 0.1839
vt 0.5833 0.182
vt 0.5838 0.1829
vt 0.5825 0.1814
vt 0.5816 0.1811
vt 0.5797 0.1814
vt 0.5806 0.1811
vt 0.5789 0.182
vt 0.5782 0.1839
vt 0.8207 0.9007
vt 0.8192 0.9007
vt 0.8195 0.9021
vt 0.8209 0.9016
vt 0.8202 0.9034
vt 0.8214 0.9025
vt 0.8221 0.9031
vt 0.8214 0.9044
vt 0.8228 0.9049
vt 0.823 0.9035
vt 0.8243 0.9049
vt 0.824 0.9035
vt 0.8257 0.9044
vt 0.825 0.9031
vt 0.8257 0.9025
vt 0.8269 0.9034
vt 0.8276 0.9021
vt 0.8262 0.9016
vt 0.8279 0.9007
vt 0.8264 0.9007
vt 0.8276 0.8992
vt 0.8262 0.8997
vt 0.8269 0.8979
vt 0.8257 0.8988
vt 0.8257 0.8969
vt 0.825 0.8982
vt 0.8243 0.8964
vt 0.824 0.8978
vt 0.8228 0.8964
vt 0.823 0.8978
vt 0.8214 0.8969
vt 0.8221 0.8982
vt 0.8202 0.8979
vt 0.8214 0.8988
vt 0.8195 0.8992
vt 0.8209 0.8997
vt 0.8075 0.8894
vt 0.8075 0.8904
vt 0.8081 0.8904
vt 0.8081 0.8894
vt 0.8081 0.8912
vt 0.8081 0.8904
vt 0.8075 0.8904
vt 0.8075 0.8912
vt 0.7496 0.366
vt 0.7496 0.3668
vt 0.7502 0.3668
vt 0.7502 0.366
vt 0.7496 0.3677
vt 0.7502 0.3677
vt 0.7502 0.3668
vt 0.7496 0.3668
vt 0.7496 0.3687
vt 0.7502 0.3687
vt 0.7502 0.3677
vt 0.7496 0.3677
vt 0.7496 0.3687
vt 0.7496 0.3696
vt 0.7502 0.3696
vt 0.7502 0.3687
vt 0.7496 0.3704
vt 0.7502 0.3704
vt 0.7502 0.3696
vt 0.7496 0.3696
vt 0.5829 0.132
vt 0.5829 0.1314
vt 0.5821 0.1314
vt 0.5821 0.132
vt 0.5821 0.132
vt 0.5821 0.1314
vt 0.5811 0.1314
vt 0.5811 0.132
vt 0.5811 0.132
vt 0.5811 0.1314
vt 0.5801 0.1314
vt 0.5801 0.132
vt 0.5801 0.132
vt 0.5801 0.1314
vt 0.5793 0.1314
vt 0.5793 0.132
vt 0.7114 0.595
vt 0.7114 0.5956
vt 0.7121 0.5956
vt 0.7121 0.595
vt 0.7121 0.595
vt 0.7121 0.5956
vt 0.7131 0.5956
vt 0.7131 0.595
vt 0.7131 0.595
vt 0.7131 0.5956
vt 0.7141 0.5956
vt 0.7141 0.595
vt 0.7141 0.5956
vt 0.715 0.5956
vt 0.715 0.595
vt 0.7141 0.595
vt 0.7158 0.5956
vt 0.7158 0.595
vt 0.715 0.595
vt 0.715 0.5956
vt 0.8081 0.8876
vt 0.8075 0.8876
vt 0.8075 0.8884
vt 0.8081 0.8884
vt 0.8075 0.8884
vt 0.8075 0.8894
vt 0.8081 0.8894
vt 0.8081 0.8884
vt 0.8706 0.5594
vt 0.8718 0.5594
vt 0.8718 0.5579
vt 0.8706 0.5579
vt 0.8706 0.5607
vt 0.8718 0.5607
vt 0.7374 0.5952
vt 0.7385 0.5952
vt 0.7385 0.5941
vt 0.7374 0.5941
vt 0.7385 0.5927
vt 0.7374 0.5927
vt 0.7385 0.5912
vt 0.7374 0.5912
vt 0.7385 0.5898
vt 0.7374 0.5898
vt 0.7385 0.5886
vt 0.7374 0.5886
vt 0.8492 0.5599
vt 0.8481 0.5599
vt 0.8481 0.5612
vt 0.8492 0.5612
vt 0.8492 0.5626
vt 0.8481 0.5626
vt 0.8481 0.5641
vt 0.8492 0.5641
vt 0.8481 0.5654
vt 0.8492 0.5654
vt 0.848 0.5242
vt 0.848 0.523
vt 0.8469 0.523
vt 0.8469 0.5242
vt 0.8469 0.5256
vt 0.848 0.5256
vt 0.8469 0.5271
vt 0.848 0.5271
vt 0.8469 0.5285
vt 0.848 0.5285
vt 0.8469 0.5296
vt 0.848 0.5296
vt 0.8718 0.5551
vt 0.8706 0.5551
vt 0.8706 0.5564
vt 0.8718 0.5564
vt 0.6934 0.211
vt 0.6942 0.2117
vt 0.693 0.2082
vt 0.693 0.2102
vt 0.6951 0.212
vt 0.6961 0.212
vt 0.6978 0.211
vt 0.6971 0.2117
vt 0.6983 0.2102
vt 0.6985 0.2092
vt 0.6978 0.2073
vt 0.6983 0.2082
vt 0.6942 0.2067
vt 0.6971 0.2067
vt 0.6961 0.2064
vt 0.6951 0.2064
vt 0.6934 0.2073
vt 0.6928 0.2092
vt 0.7627 0.7324
vt 0.763 0.7338
vt 0.7644 0.7333
vt 0.7642 0.7324
vt 0.7637 0.7351
vt 0.7649 0.7342
vt 0.7649 0.7361
vt 0.7656 0.7348
vt 0.7663 0.7366
vt 0.7665 0.7352
vt 0.7678 0.7366
vt 0.7675 0.7352
vt 0.7692 0.7361
vt 0.7685 0.7348
vt 0.7704 0.7351
vt 0.7692 0.7342
vt 0.7711 0.7338
vt 0.7697 0.7333
vt 0.7714 0.7324
vt 0.7699 0.7324
vt 0.7711 0.7309
vt 0.7697 0.7314
vt 0.7699 0.7324
vt 0.7714 0.7324
vt 0.7704 0.7296
vt 0.7692 0.7305
vt 0.7697 0.7314
vt 0.7711 0.7309
vt 0.7692 0.7286
vt 0.7685 0.7299
vt 0.7678 0.7281
vt 0.7675 0.7295
vt 0.7663 0.7281
vt 0.7665 0.7295
vt 0.7649 0.7286
vt 0.7656 0.7299
vt 0.7637 0.7296
vt 0.7649 0.7305
vt 0.763 0.7309
vt 0.7644 0.7314
vt 0.7627 0.7324
vt 0.7642 0.7324
vt 0.7644 0.7314
vt 0.763 0.7309
vt 0.7919 0.9031
vt 0.7919 0.9025
vt 0.7909 0.9025
vt 0.7909 0.9031
vt 0.7919 0.9031
vt 0.7928 0.9031
vt 0.7928 0.9025
vt 0.7919 0.9025
vt 0.7418 0.5975
vt 0.7418 0.598
vt 0.7426 0.598
vt 0.7426 0.5975
vt 0.7426 0.598
vt 0.7435 0.598
vt 0.7435 0.5975
vt 0.7426 0.5975
vt 0.7435 0.598
vt 0.7445 0.598
vt 0.7445 0.5975
vt 0.7435 0.5975
vt 0.7454 0.598
vt 0.7454 0.5975
vt 0.7445 0.5975
vt 0.7445 0.598
vt 0.7462 0.598
vt 0.7462 0.5975
vt 0.7454 0.5975
vt 0.7454 0.598
vt 0.7899 0.9041
vt 0.7899 0.9035
vt 0.7891 0.9035
vt 0.7891 0.9041
vt 0.7909 0.9035
vt 0.7899 0.9035
vt 0.7899 0.9041
vt 0.7909 0.9041
vt 0.7909 0.9035
vt 0.7909 0.9041
vt 0.7919 0.9041
vt 0.7919 0.9035
vt 0.7919 0.9041
vt 0.7928 0.9041
vt 0.7928 0.9035
vt 0.7919 0.9035
vt 0.8646 0.6045
vt 0.8652 0.6045
vt 0.8652 0.6037
vt 0.8646 0.6037
vt 0.8646 0.6045
vt 0.8646 0.6054
vt 0.8652 0.6054
vt 0.8652 0.6045
vt 0.8652 0.6054
vt 0.8646 0.6054
vt 0.8646 0.6064
vt 0.8652 0.6064
vt 0.8646 0.6064
vt 0.8646 0.6073
vt 0.8652 0.6073
vt 0.8652 0.6064
vt 0.8652 0.6073
vt 0.8646 0.6073
vt 0.8646 0.6081
vt 0.8652 0.6081
vt 0.7891 0.9031
vt 0.7899 0.9031
vt 0.7899 0.9025
vt 0.7891 0.9025
vt 0.7899 0.9031
vt 0.7909 0.9031
vt 0.7909 0.9025
vt 0.7899 0.9025
vt 0.8743 0.5626
vt 0.8732 0.5626
vt 0.8732 0.5641
vt 0.8743 0.5641
vt 0.8732 0.5654
vt 0.8743 0.5654
vt 0.8642 0.4783
vt 0.8642 0.4795
vt 0.8653 0.4795
vt 0.8653 0.4783
vt 0.8653 0.4809
vt 0.8642 0.4809
vt 0.8642 0.4824
vt 0.8653 0.4824
vt 0.8642 0.4838
vt 0.8653 0.4838
vt 0.8642 0.4849
vt 0.8653 0.4849
vt 0.8706 0.5611
vt 0.8706 0.5624
vt 0.8718 0.5624
vt 0.8718 0.5611
vt 0.8706 0.5639
vt 0.8718 0.5639
vt 0.8706 0.5654
vt 0.8718 0.5654
vt 0.8706 0.5667
vt 0.8718 0.5667
vt 0.8642 0.5142
vt 0.8642 0.5153
vt 0.8653 0.5153
vt 0.8653 0.5142
vt 0.8653 0.5167
vt 0.8642 0.5167
vt 0.8642 0.5182
vt 0.8653 0.5182
vt 0.8642 0.5196
vt 0.8653 0.5196
vt 0.8642 0.5208
vt 0.8653 0.5208
vt 0.8732 0.5599
vt 0.8732 0.5612
vt 0.8743 0.5612
vt 0.8743 0.5599
vt 0.6634 0.2068
vt 0.6641 0.2075
vt 0.6629 0.204
vt 0.6629 0.206
vt 0.6677 0.2068
vt 0.665 0.2078
vt 0.666 0.2078
vt 0.667 0.2075
vt 0.6682 0.206
vt 0.6684 0.205
vt 0.6677 0.2032
vt 0.6682 0.204
vt 0.667 0.2025
vt 0.666 0.2022
vt 0.6641 0.2025
vt 0.665 0.2022
vt 0.6634 0.2032
vt 0.6627 0.205
vt 0.647 0.849
vt 0.6468 0.848
vt 0.6453 0.848
vt 0.6456 0.8495
vt 0.6463 0.8508
vt 0.6475 0.8499
vt 0.6475 0.8518
vt 0.6482 0.8505
vt 0.6489 0.8523
vt 0.6492 0.8508
vt 0.6504 0.8523
vt 0.6502 0.8508
vt 0.6518 0.8518
vt 0.6511 0.8505
vt 0.653 0.8508
vt 0.6518 0.8499
vt 0.6537 0.8495
vt 0.6523 0.849
vt 0.654 0.848
vt 0.6525 0.848
vt 0.6537 0.8465
vt 0.6523 0.847
vt 0.653 0.8452
vt 0.6518 0.8462
vt 0.6518 0.8443
vt 0.6511 0.8455
vt 0.6504 0.8438
vt 0.6502 0.8452
vt 0.6489 0.8438
vt 0.6492 0.8452
vt 0.6475 0.8443
vt 0.6482 0.8455
vt 0.6463 0.8452
vt 0.6475 0.8462
vt 0.6456 0.8465
vt 0.647 0.847
vt 0.745 0.8567
vt 0.745 0.8577
vt 0.7456 0.8577
vt 0.7456 0.8567
vt 0.745 0.8585
vt 0.7456 0.8585
vt 0.7456 0.8577
vt 0.745 0.8577
vt 0.737 0.598
vt 0.7378 0.598
vt 0.7378 0.5975
vt 0.737 0.5975
vt 0.7378 0.598
vt 0.7387 0.598
vt 0.7387 0.5975
vt 0.7378 0.5975
vt 0.7387 0.598
vt 0.7397 0.598
vt 0.7397 0.5975
vt 0.7387 0.5975
vt 0.7397 0.5975
vt 0.7397 0.598
vt 0.7406 0.598
vt 0.7406 0.5975
vt 0.7414 0.5975
vt 0.7406 0.5975
vt 0.7406 0.598
vt 0.7414 0.598
vt 0.771 0.8549
vt 0.771 0.8557
vt 0.7716 0.8557
vt 0.7716 0.8549
vt 0.7716 0.8567
vt 0.7716 0.8557
vt 0.771 0.8557
vt 0.771 0.8567
vt 0.771 0.8577
vt 0.7716 0.8577
vt 0.7716 0.8567
vt 0.771 0.8567
vt 0.7716 0.8577
vt 0.771 0.8577
vt 0.771 0.8585
vt 0.7716 0.8585
vt 0.717 0.5956
vt 0.717 0.595
vt 0.7162 0.595
vt 0.7162 0.5956
vt 0.717 0.5956
vt 0.7179 0.5956
vt 0.7179 0.595
vt 0.717 0.595
vt 0.7189 0.5956
vt 0.7189 0.595
vt 0.7179 0.595
vt 0.7179 0.5956
vt 0.7189 0.5956
vt 0.7198 0.5956
vt 0.7198 0.595
vt 0.7189 0.595
vt 0.7198 0.5956
vt 0.7206 0.5956
vt 0.7206 0.595
vt 0.7198 0.595
vt 0.745 0.8549
vt 0.745 0.8557
vt 0.7456 0.8557
vt 0.7456 0.8549
vt 0.745 0.8557
vt 0.745 0.8567
vt 0.7456 0.8567
vt 0.7456 0.8557
vt 0.8706 0.5699
vt 0.8706 0.5713
vt 0.8718 0.5713
vt 0.8718 0.5699
vt 0.8706 0.5726
vt 0.8718 0.5726
vt 0.8642 0.5212
vt 0.8642 0.5224
vt 0.8653 0.5224
vt 0.8653 0.5212
vt 0.8642 0.5238
vt 0.8653 0.5238
vt 0.8642 0.5253
vt 0.8653 0.5253
vt 0.8642 0.5267
vt 0.8653 0.5267
vt 0.8642 0.5278
vt 0.8653 0.5278
vt 0.8706 0.5967
vt 0.8706 0.598
vt 0.8718 0.598
vt 0.8718 0.5967
vt 0.8706 0.5995
vt 0.8718 0.5995
vt 0.8706 0.601
vt 0.8718 0.601
vt 0.8706 0.6023
vt 0.8718 0.6023
vt 0.8469 0.5145
vt 0.8469 0.5156
vt 0.848 0.5156
vt 0.848 0.5145
vt 0.8469 0.5171
vt 0.848 0.5171
vt 0.8469 0.5186
vt 0.848 0.5186
vt 0.8469 0.52
vt 0.848 0.52
vt 0.8469 0.5211
vt 0.848 0.5211
vt 0.8706 0.5671
vt 0.8706 0.5684
vt 0.8718 0.5684
vt 0.8718 0.5671
vt 0.7383 0.3667
vt 0.7378 0.3658
vt 0.7371 0.3652
vt 0.7383 0.3686
vt 0.7361 0.3648
vt 0.7351 0.3648
vt 0.7334 0.3658
vt 0.7342 0.3652
vt 0.733 0.3667
vt 0.7328 0.3676
vt 0.7334 0.3695
vt 0.733 0.3686
vt 0.7342 0.3701
vt 0.7351 0.3705
vt 0.7371 0.3701
vt 0.7361 0.3705
vt 0.7378 0.3695
vt 0.7385 0.3676
vt 0.6196 0.551
vt 0.6181 0.551
vt 0.6184 0.5525
vt 0.6198 0.552
vt 0.6191 0.5538
vt 0.6203 0.5529
vt 0.621 0.5535
vt 0.6203 0.5548
vt 0.6217 0.5553
vt 0.622 0.5538
vt 0.6232 0.5553
vt 0.623 0.5538
vt 0.6246 0.5548
vt 0.6239 0.5535
vt 0.6258 0.5538
vt 0.6246 0.5529
vt 0.6265 0.5525
vt 0.6251 0.552
vt 0.6268 0.551
vt 0.6253 0.551
vt 0.6265 0.5495
vt 0.6251 0.55
vt 0.6258 0.5482
vt 0.6246 0.5492
vt 0.6239 0.5485
vt 0.6246 0.5473
vt 0.6232 0.5468
vt 0.623 0.5482
vt 0.622 0.5482
vt 0.6217 0.5468
vt 0.6203 0.5473
vt 0.621 0.5485
vt 0.6191 0.5482
vt 0.6203 0.5492
vt 0.6184 0.5495
vt 0.6198 0.55
vt 0.771 0.8328
vt 0.771 0.8338
vt 0.7716 0.8338
vt 0.7716 0.8328
vt 0.7716 0.8347
vt 0.7716 0.8338
vt 0.771 0.8338
vt 0.771 0.8347
vt 0.7464 0.5922
vt 0.747 0.5922
vt 0.747 0.5915
vt 0.7464 0.5915
vt 0.7464 0.5905
vt 0.7464 0.5915
vt 0.747 0.5915
vt 0.747 0.5905
vt 0.7464 0.5905
vt 0.747 0.5905
vt 0.747 0.5895
vt 0.7464 0.5895
vt 0.7464 0.5895
vt 0.747 0.5895
vt 0.747 0.5886
vt 0.7464 0.5886
vt 0.747 0.5886
vt 0.747 0.5878
vt 0.7464 0.5878
vt 0.7464 0.5886
vt 0.7637 0.8402
vt 0.7643 0.8402
vt 0.7643 0.8393
vt 0.7637 0.8393
vt 0.7643 0.8402
vt 0.7637 0.8402
vt 0.7637 0.8412
vt 0.7643 0.8412
vt 0.7643 0.8412
vt 0.7637 0.8412
vt 0.7637 0.8422
vt 0.7643 0.8422
vt 0.7643 0.8422
vt 0.7637 0.8422
vt 0.7637 0.843
vt 0.7643 0.843
vt 0.7295 0.3722
vt 0.7301 0.3722
vt 0.7301 0.3714
vt 0.7295 0.3714
vt 0.7295 0.3714
vt 0.7301 0.3714
vt 0.7301 0.3705
vt 0.7295 0.3705
vt 0.7295 0.3705
vt 0.7301 0.3705
vt 0.7301 0.3695
vt 0.7295 0.3695
vt 0.7295 0.3695
vt 0.7301 0.3695
vt 0.7301 0.3686
vt 0.7295 0.3686
vt 0.7301 0.3686
vt 0.7301 0.3678
vt 0.7295 0.3678
vt 0.7295 0.3686
vt 0.771 0.831
vt 0.771 0.8319
vt 0.7716 0.8319
vt 0.7716 0.831
vt 0.771 0.8319
vt 0.771 0.8328
vt 0.7716 0.8328
vt 0.7716 0.8319
vt 0.6091 0.549
vt 0.6076 0.549
vt 0.6076 0.5501
vt 0.6091 0.5501
vt 0.6063 0.549
vt 0.6063 0.5501
vt 0.8642 0.4854
vt 0.8642 0.4865
vt 0.8653 0.4865
vt 0.8653 0.4854
vt 0.8642 0.4879
vt 0.8653 0.4879
vt 0.8642 0.4894
vt 0.8653 0.4894
vt 0.8642 0.4908
vt 0.8653 0.4908
vt 0.8642 0.492
vt 0.8653 0.492
vt 0.6228 0.246
vt 0.6215 0.246
vt 0.6215 0.2471
vt 0.6228 0.2471
vt 0.62 0.246
vt 0.62 0.2471
vt 0.6185 0.246
vt 0.6185 0.2471
vt 0.6172 0.246
vt 0.6172 0.2471
vt 0.843 0.5186
vt 0.843 0.5198
vt 0.8441 0.5198
vt 0.8441 0.5186
vt 0.843 0.5212
vt 0.8441 0.5212
vt 0.843 0.5227
vt 0.8441 0.5227
vt 0.843 0.5241
vt 0.8441 0.5241
vt 0.843 0.5252
vt 0.8441 0.5252
vt 0.6119 0.549
vt 0.6106 0.549
vt 0.6106 0.5501
vt 0.6119 0.5501
vt 0.6629 0.1898
vt 0.6634 0.1907
vt 0.6641 0.1913
vt 0.6629 0.1879
vt 0.665 0.1917
vt 0.666 0.1917
vt 0.6677 0.1907
vt 0.667 0.1913
vt 0.6682 0.1898
vt 0.6684 0.1888
vt 0.6677 0.187
vt 0.6682 0.1879
vt 0.667 0.1864
vt 0.666 0.186
vt 0.6641 0.1864
vt 0.665 0.186
vt 0.6634 0.187
vt 0.6627 0.1888
vt 0.9464 0.8063
vt 0.9449 0.8063
vt 0.9452 0.8078
vt 0.9466 0.8073
vt 0.9459 0.8091
vt 0.9471 0.8082
vt 0.9478 0.8088
vt 0.9471 0.8101
vt 0.9485 0.8106
vt 0.9487 0.8091
vt 0.95 0.8106
vt 0.9497 0.8091
vt 0.9514 0.8101
vt 0.9507 0.8088
vt 0.9526 0.8091
vt 0.9514 0.8082
vt 0.9533 0.8078
vt 0.9519 0.8073
vt 0.9536 0.8063
vt 0.9521 0.8063
vt 0.9533 0.8048
vt 0.9519 0.8053
vt 0.9526 0.8035
vt 0.9514 0.8045
vt 0.9507 0.8038
vt 0.9514 0.8026
vt 0.95 0.8021
vt 0.9497 0.8035
vt 0.9487 0.8035
vt 0.9485 0.8021
vt 0.9471 0.8026
vt 0.9478 0.8038
vt 0.9459 0.8035
vt 0.9471 0.8045
vt 0.9452 0.8048
vt 0.9466 0.8053
vt 0.801 0.8864
vt 0.802 0.8864
vt 0.802 0.8858
vt 0.801 0.8858
vt 0.8029 0.8858
vt 0.802 0.8858
vt 0.802 0.8864
vt 0.8029 0.8864
vt 0.8652 0.5621
vt 0.8646 0.5621
vt 0.8646 0.5629
vt 0.8652 0.5629
vt 0.8652 0.5638
vt 0.8652 0.5629
vt 0.8646 0.5629
vt 0.8646 0.5638
vt 0.8652 0.5638
vt 0.8646 0.5638
vt 0.8646 0.5648
vt 0.8652 0.5648
vt 0.8652 0.5648
vt 0.8646 0.5648
vt 0.8646 0.5657
vt 0.8652 0.5657
vt 0.8646 0.5657
vt 0.8646 0.5665
vt 0.8652 0.5665
vt 0.8652 0.5657
vt 0.7301 0.3665
vt 0.7295 0.3665
vt 0.7295 0.3674
vt 0.7301 0.3674
vt 0.7295 0.3665
vt 0.7301 0.3665
vt 0.7301 0.3656
vt 0.7295 0.3656
vt 0.7295 0.3656
vt 0.7301 0.3656
vt 0.7301 0.3646
vt 0.7295 0.3646
vt 0.7295 0.3646
vt 0.7301 0.3646
vt 0.7301 0.3637
vt 0.7295 0.3637
vt 0.7542 0.3584
vt 0.7542 0.359
vt 0.755 0.359
vt 0.755 0.3584
vt 0.755 0.3584
vt 0.755 0.359
vt 0.7559 0.359
vt 0.7559 0.3584
vt 0.7559 0.3584
vt 0.7559 0.359
vt 0.7569 0.359
vt 0.7569 0.3584
vt 0.7569 0.3584
vt 0.7569 0.359
vt 0.7578 0.359
vt 0.7578 0.3584
vt 0.7578 0.359
vt 0.7586 0.359
vt 0.7586 0.3584
vt 0.7578 0.3584
vt 0.7992 0.8864
vt 0.8 0.8864
vt 0.8 0.8858
vt 0.7992 0.8858
vt 0.8 0.8864
vt 0.801 0.8864
vt 0.801 0.8858
vt 0.8 0.8858
vt 0.7378 0.4392
vt 0.7363 0.4392
vt 0.7363 0.4403
vt 0.7378 0.4403
vt 0.735 0.4392
vt 0.735 0.4403
vt 0.7117 0.9045
vt 0.7117 0.9056
vt 0.7128 0.9056
vt 0.7128 0.9045
vt 0.7117 0.9071
vt 0.7128 0.9071
vt 0.7117 0.9086
vt 0.7128 0.9086
vt 0.7117 0.91
vt 0.7128 0.91
vt 0.7117 0.9111
vt 0.7128 0.9111
vt 0.7843 0.4784
vt 0.783 0.4784
vt 0.783 0.4795
vt 0.7843 0.4795
vt 0.7815 0.4784
vt 0.7815 0.4795
vt 0.78 0.4784
vt 0.78 0.4795
vt 0.7787 0.4784
vt 0.7787 0.4795
vt 0.8667 0.4828
vt 0.8667 0.4839
vt 0.8678 0.4839
vt 0.8678 0.4828
vt 0.8667 0.4853
vt 0.8678 0.4853
vt 0.8667 0.4868
vt 0.8678 0.4868
vt 0.8667 0.4882
vt 0.8678 0.4882
vt 0.8667 0.4894
vt 0.8678 0.4894
vt 0.7406 0.4392
vt 0.7393 0.4392
vt 0.7393 0.4403
vt 0.7406 0.4403
vt 0.7435 0.7097
vt 0.744 0.7106
vt 0.7447 0.7112
vt 0.7435 0.7078
vt 0.7456 0.7116
vt 0.7466 0.7116
vt 0.7483 0.7106
vt 0.7476 0.7112
vt 0.7488 0.7097
vt 0.749 0.7088
vt 0.7483 0.7069
vt 0.7488 0.7078
vt 0.7476 0.7063
vt 0.7466 0.7059
vt 0.7447 0.7063
vt 0.7456 0.7059
vt 0.744 0.7069
vt 0.7433 0.7088
vt 0.0179 0.0111
vt 0.0164 0.0111
vt 0.0167 0.0126
vt 0.0181 0.0121
vt 0.0175 0.0139
vt 0.0186 0.013
vt 0.0193 0.0136
vt 0.0186 0.0149
vt 0.02 0.0154
vt 0.0203 0.0139
vt 0.0215 0.0154
vt 0.0213 0.0139
vt 0.0229 0.0149
vt 0.0222 0.0136
vt 0.0241 0.0139
vt 0.023 0.013
vt 0.0248 0.0126
vt 0.0235 0.0121
vt 0.0251 0.0111
vt 0.0236 0.0111
vt 0.0248 0.0097
vt 0.0235 0.0102
vt 0.0241 0.0084
vt 0.023 0.0093
vt 0.0222 0.0087
vt 0.0229 0.0074
vt 0.0215 0.0069
vt 0.0213 0.0083
vt 0.0203 0.0083
vt 0.02 0.0069
vt 0.0186 0.0074
vt 0.0193 0.0087
vt 0.0175 0.0084
vt 0.0186 0.0093
vt 0.0167 0.0097
vt 0.0181 0.0102
vt 0.745 0.8328
vt 0.745 0.8338
vt 0.7456 0.8338
vt 0.7456 0.8328
vt 0.7456 0.8347
vt 0.7456 0.8338
vt 0.745 0.8338
vt 0.745 0.8347
vt 0.7436 0.3743
vt 0.7436 0.3749
vt 0.7443 0.3749
vt 0.7443 0.3743
vt 0.7453 0.3743
vt 0.7443 0.3743
vt 0.7443 0.3749
vt 0.7453 0.3749
vt 0.7453 0.3743
vt 0.7453 0.3749
vt 0.7463 0.3749
vt 0.7463 0.3743
vt 0.7463 0.3743
vt 0.7463 0.3749
vt 0.7472 0.3749
vt 0.7472 0.3743
vt 0.7472 0.3749
vt 0.748 0.3749
vt 0.748 0.3743
vt 0.7472 0.3743
vt 0.7834 0.011
vt 0.7834 0.0105
vt 0.7824 0.0105
vt 0.7824 0.011
vt 0.7834 0.0105
vt 0.7834 0.011
vt 0.7843 0.011
vt 0.7843 0.0105
vt 0.7843 0.0105
vt 0.7843 0.011
vt 0.7851 0.011
vt 0.7851 0.0105
vt 0.759 0.3584
vt 0.759 0.359
vt 0.76 0.359
vt 0.76 0.3584
vt 0.7464 0.597
vt 0.747 0.597
vt 0.747 0.5963
vt 0.7464 0.5963
vt 0.7464 0.5963
vt 0.747 0.5963
vt 0.747 0.5953
vt 0.7464 0.5953
vt 0.7464 0.5953
vt 0.747 0.5953
vt 0.747 0.5943
vt 0.7464 0.5943
vt 0.7464 0.5943
vt 0.747 0.5943
vt 0.747 0.5934
vt 0.7464 0.5934
vt 0.747 0.5934
vt 0.747 0.5926
vt 0.7464 0.5926
vt 0.7464 0.5934
vt 0.745 0.831
vt 0.745 0.8319
vt 0.7456 0.8319
vt 0.7456 0.831
vt 0.745 0.8319
vt 0.745 0.8328
vt 0.7456 0.8328
vt 0.7456 0.8319
vt 0.8732 0.6043
vt 0.8732 0.6057
vt 0.8743 0.6057
vt 0.8743 0.6043
vt 0.8732 0.607
vt 0.8743 0.607
vt 0.763 0.3617
vt 0.763 0.3628
vt 0.7641 0.3628
vt 0.7641 0.3617
vt 0.763 0.3642
vt 0.7641 0.3642
vt 0.763 0.3657
vt 0.7641 0.3657
vt 0.763 0.3671
vt 0.7641 0.3671
vt 0.763 0.3683
vt 0.7641 0.3683
vt 0.8481 0.6015
vt 0.8481 0.6028
vt 0.8492 0.6028
vt 0.8492 0.6015
vt 0.8481 0.6043
vt 0.8492 0.6043
vt 0.8481 0.6057
vt 0.8492 0.6057
vt 0.8481 0.607
vt 0.8492 0.607
vt 0.8667 0.5186
vt 0.8667 0.5198
vt 0.8678 0.5198
vt 0.8678 0.5186
vt 0.8667 0.5212
vt 0.8678 0.5212
vt 0.8667 0.5227
vt 0.8678 0.5227
vt 0.8667 0.5241
vt 0.8678 0.5241
vt 0.8667 0.5252
vt 0.8678 0.5252
vt 0.8732 0.6015
vt 0.8732 0.6028
vt 0.8743 0.6028
vt 0.8743 0.6015
vt 0.693 0.194
vt 0.6934 0.1949
vt 0.6942 0.1955
vt 0.693 0.192
vt 0.6951 0.1958
vt 0.6961 0.1958
vt 0.6978 0.1949
vt 0.6971 0.1955
vt 0.6983 0.194
vt 0.6985 0.193
vt 0.6978 0.1912
vt 0.6983 0.192
vt 0.6971 0.1905
vt 0.6961 0.1902
vt 0.6942 0.1905
vt 0.6951 0.1902
vt 0.6934 0.1912
vt 0.6928 0.193
vt 0.6138 0.4736
vt 0.6123 0.4736
vt 0.6126 0.475
vt 0.614 0.4745
vt 0.6133 0.4763
vt 0.6145 0.4754
vt 0.614 0.4745
vt 0.6126 0.475
vt 0.6152 0.476
vt 0.6145 0.4773
vt 0.6152 0.476
vt 0.6145 0.4773
vt 0.6159 0.4778
vt 0.6162 0.4764
vt 0.6174 0.4778
vt 0.6172 0.4764
vt 0.6174 0.4778
vt 0.6188 0.4773
vt 0.6181 0.476
vt 0.6172 0.4764
vt 0.6181 0.476
vt 0.6188 0.4773
vt 0.62 0.4763
vt 0.6188 0.4754
vt 0.6207 0.475
vt 0.6193 0.4745
vt 0.621 0.4736
vt 0.6195 0.4736
vt 0.6207 0.4721
vt 0.6193 0.4726
vt 0.6193 0.4726
vt 0.6207 0.4721
vt 0.62 0.4708
vt 0.6188 0.4717
vt 0.6181 0.4711
vt 0.6188 0.4698
vt 0.6188 0.4698
vt 0.6174 0.4693
vt 0.6172 0.4707
vt 0.6181 0.4711
vt 0.6162 0.4707
vt 0.6172 0.4707
vt 0.6174 0.4693
vt 0.6159 0.4693
vt 0.6162 0.4707
vt 0.6159 0.4693
vt 0.6145 0.4698
vt 0.6152 0.4711
vt 0.6152 0.4711
vt 0.6145 0.4698
vt 0.6133 0.4708
vt 0.6145 0.4717
vt 0.6126 0.4721
vt 0.614 0.4726
vt 0.6126 0.4721
vt 0.6123 0.4736
vt 0.6138 0.4736
vt 0.614 0.4726
vt 0.8062 0.8891
vt 0.8062 0.8901
vt 0.8067 0.8901
vt 0.8067 0.8891
vt 0.8067 0.8909
vt 0.8067 0.8901
vt 0.8062 0.8901
vt 0.8062 0.8909
vt 0.7395 0.3663
vt 0.7401 0.3663
vt 0.7401 0.3655
vt 0.7395 0.3655
vt 0.7395 0.3646
vt 0.7395 0.3655
vt 0.7401 0.3655
vt 0.7401 0.3646
vt 0.7395 0.3646
vt 0.7401 0.3646
vt 0.7401 0.3636
vt 0.7395 0.3636
vt 0.7395 0.3636
vt 0.7401 0.3636
vt 0.7401 0.3627
vt 0.7395 0.3627
vt 0.7401 0.3627
vt 0.7401 0.3619
vt 0.7395 0.3619
vt 0.7395 0.3627
vt 0.7409 0.5892
vt 0.7409 0.5886
vt 0.7401 0.5886
vt 0.7401 0.5892
vt 0.7409 0.5886
vt 0.7409 0.5892
vt 0.7419 0.5892
vt 0.7419 0.5886
vt 0.7419 0.5886
vt 0.7419 0.5892
vt 0.7429 0.5892
vt 0.7429 0.5886
vt 0.7429 0.5886
vt 0.7429 0.5892
vt 0.7437 0.5892
vt 0.7437 0.5886
vt 0.7502 0.3612
vt 0.7496 0.3612
vt 0.7496 0.3619
vt 0.7502 0.3619
vt 0.7502 0.3619
vt 0.7496 0.3619
vt 0.7496 0.3629
vt 0.7502 0.3629
vt 0.7502 0.3629
vt 0.7496 0.3629
vt 0.7496 0.3639
vt 0.7502 0.3639
vt 0.7502 0.3639
vt 0.7496 0.3639
vt 0.7496 0.3648
vt 0.7502 0.3648
vt 0.7496 0.3648
vt 0.7496 0.3656
vt 0.7502 0.3656
vt 0.7502 0.3648
vt 0.8062 0.8873
vt 0.8062 0.8881
vt 0.8067 0.8881
vt 0.8067 0.8873
vt 0.8062 0.8881
vt 0.8062 0.8891
vt 0.8067 0.8891
vt 0.8067 0.8881
vt 0.7434 0.8666
vt 0.7434 0.8956
vt 0.7438 0.8979
vt 0.7447 0.8993
vt 0.7461 0.9002
vt 0.7484 0.9005
vt 0.7781 0.9005
vt 0.7804 0.9002
vt 0.7819 0.8993
vt 0.7828 0.8979
vt 0.7831 0.8956
vt 0.7781 0.8617
vt 0.7831 0.8666
vt 0.7828 0.8644
vt 0.7819 0.8629
vt 0.7804 0.862
vt 0.7447 0.8629
vt 0.7438 0.8644
vt 0.7461 0.862
vt 0.7484 0.8617
vt 0.5821 0.3268
vt 0.6112 0.3268
vt 0.6112 0.324
vt 0.5821 0.324
vt 0.5826 0.0511
vt 0.6124 0.0511
vt 0.6124 0.0483
vt 0.5826 0.0483
vt 0.5693 0.442
vt 0.5984 0.442
vt 0.5984 0.4392
vt 0.5693 0.4392
vt 0.6121 0.5519
vt 0.5823 0.5519
vt 0.5823 0.5546
vt 0.6121 0.5546
vt 0.6137 0.324
vt 0.6137 0.3268
vt 0.5796 0.3268
vt 0.5796 0.324
vt 0.6149 0.0483
vt 0.6149 0.0511
vt 0.6009 0.4392
vt 0.6009 0.442
vt 0.6155 0.324
vt 0.6155 0.3268
vt 0.58 0.0483
vt 0.5782 0.0483
vt 0.5782 0.0511
vt 0.58 0.0511
vt 0.5778 0.3268
vt 0.5778 0.324
vt 0.5797 0.5519
vt 0.5779 0.5519
vt 0.5779 0.5546
vt 0.5797 0.5546
vt 0.6167 0.0511
vt 0.6167 0.0483
vt 0.5668 0.4392
vt 0.565 0.4392
vt 0.565 0.442
vt 0.5668 0.442
vt 0.6027 0.4392
vt 0.6027 0.442
vt 0.6146 0.5546
vt 0.6164 0.5546
vt 0.6164 0.5519
vt 0.6146 0.5519
vt 0.7434 0.8666
vt 0.7428 0.8666
vt 0.7428 0.8956
vt 0.7434 0.8956
vt 0.7484 0.9005
vt 0.7484 0.9012
vt 0.7782 0.9012
vt 0.7781 0.9005
vt 0.7837 0.8956
vt 0.7837 0.8666
vt 0.7831 0.8666
vt 0.7831 0.8956
vt 0.7782 0.861
vt 0.7484 0.861
vt 0.7484 0.8617
vt 0.7781 0.8617
vt 0.5797 0.3234
vt 0.5822 0.3234
vt 0.5801 0.0477
vt 0.5826 0.0477
vt 0.6121 0.5553
vt 0.6145 0.5553
vt 0.5693 0.4385
vt 0.5669 0.4385
vt 0.5798 0.5553
vt 0.5823 0.5553
vt 0.5781 0.5553
vt 0.578 0.3234
vt 0.6136 0.3234
vt 0.6112 0.3234
vt 0.6154 0.3234
vt 0.5784 0.0477
vt 0.6008 0.4385
vt 0.5983 0.4385
vt 0.6025 0.4385
vt 0.6163 0.5553
vt 0.6149 0.0477
vt 0.6124 0.0477
vt 0.6166 0.0477
vt 0.5651 0.4385
vt 0.7438 0.8644
vt 0.7432 0.8641
vt 0.7461 0.9002
vt 0.7459 0.9008
vt 0.7804 0.862
vt 0.7806 0.8614
vt 0.7828 0.8979
vt 0.7834 0.8981
vt 0.7459 0.8614
vt 0.7461 0.862
vt 0.7442 0.8624
vt 0.7447 0.8629
vt 0.7432 0.8981
vt 0.7438 0.8979
vt 0.7447 0.8993
vt 0.7442 0.8998
vt 0.7834 0.8641
vt 0.7828 0.8644
vt 0.7823 0.8624
vt 0.7819 0.8629
vt 0.7806 0.9008
vt 0.7804 0.9002
vt 0.7823 0.8998
vt 0.7819 0.8993
vt 0.5695 0.9343
vt 0.5695 0.9641
vt 0.5699 0.9666
vt 0.5709 0.9684
vt 0.5727 0.9695
vt 0.5753 0.9699
vt 0.6493 0.9699
vt 0.6519 0.9695
vt 0.6537 0.9684
vt 0.6547 0.9666
vt 0.6551 0.9641
vt 0.6493 0.9285
vt 0.6551 0.9343
vt 0.6547 0.9318
vt 0.6537 0.93
vt 0.6519 0.9289
vt 0.5709 0.93
vt 0.5699 0.9318
vt 0.5753 0.9285
vt 0.5727 0.9289
vt 0.7358 0.9298
vt 0.6618 0.9298
vt 0.6595 0.9301
vt 0.6581 0.931
vt 0.6572 0.9324
vt 0.6569 0.9347
vt 0.6569 0.9644
vt 0.6572 0.9667
vt 0.6581 0.9682
vt 0.6595 0.9691
vt 0.6618 0.9694
vt 0.7407 0.9644
vt 0.7358 0.9694
vt 0.7381 0.9691
vt 0.7395 0.9682
vt 0.7404 0.9667
vt 0.7381 0.9301
vt 0.7395 0.931
vt 0.7407 0.9347
vt 0.7404 0.9324
vt 0.6562 0.2282
vt 0.6562 0.2254
vt 0.5821 0.2254
vt 0.5821 0.2282
vt 0.5821 0.0941
vt 0.612 0.0941
vt 0.612 0.0913
vt 0.5821 0.0913
vt 0.6562 0.2444
vt 0.6562 0.2416
vt 0.5821 0.2416
vt 0.5821 0.2444
vt 0.5821 0.0794
vt 0.5821 0.0822
vt 0.612 0.0822
vt 0.612 0.0794
vt 0.6587 0.2254
vt 0.6587 0.2282
vt 0.5796 0.2282
vt 0.5796 0.2254
vt 0.6145 0.0941
vt 0.6145 0.0913
vt 0.6587 0.2416
vt 0.6587 0.2444
vt 0.6605 0.2282
vt 0.6605 0.2254
vt 0.5796 0.0941
vt 0.5796 0.0913
vt 0.5778 0.0913
vt 0.5778 0.0941
vt 0.5778 0.2254
vt 0.5778 0.2282
vt 0.5796 0.0794
vt 0.5778 0.0794
vt 0.5778 0.0822
vt 0.5796 0.0822
vt 0.6163 0.0941
vt 0.6163 0.0913
vt 0.5778 0.2444
vt 0.5796 0.2444
vt 0.5796 0.2416
vt 0.5778 0.2416
vt 0.6605 0.2444
vt 0.6605 0.2416
vt 0.6163 0.0822
vt 0.6163 0.0794
vt 0.6145 0.0794
vt 0.6145 0.0822
vt 0.7358 0.9293
vt 0.6618 0.9293
vt 0.6618 0.9298
vt 0.7358 0.9298
vt 0.6564 0.9347
vt 0.6564 0.9645
vt 0.6569 0.9644
vt 0.6569 0.9347
vt 0.6618 0.9699
vt 0.7358 0.9699
vt 0.7358 0.9694
vt 0.6618 0.9694
vt 0.7412 0.9347
vt 0.7407 0.9347
vt 0.7407 0.9644
vt 0.7412 0.9645
vt 0.5797 0.2249
vt 0.5821 0.2249
vt 0.5821 0.0908
vt 0.5797 0.0908
vt 0.612 0.0827
vt 0.6145 0.0827
vt 0.5797 0.2411
vt 0.5821 0.2411
vt 0.5797 0.0827
vt 0.5821 0.0827
vt 0.5779 0.0827
vt 0.5779 0.2249
vt 0.6587 0.2249
vt 0.6562 0.2249
vt 0.6605 0.2249
vt 0.5779 0.0908
vt 0.6587 0.2411
vt 0.6562 0.2411
vt 0.6605 0.2411
vt 0.6162 0.0827
vt 0.6145 0.0908
vt 0.612 0.0908
vt 0.6162 0.0908
vt 0.5779 0.2411
vt 0.6618 0.929
vt 0.7358 0.929
vt 0.612 0.0906
vt 0.5822 0.0906
vt 0.6562 0.2408
vt 0.5822 0.2408
vt 0.5822 0.083
vt 0.612 0.083
vt 0.7382 0.9296
vt 0.7383 0.9294
vt 0.7381 0.9301
vt 0.754 0.0109
vt 0.7539 0.0113
vt 0.7564 0.0116
vt 0.7564 0.0112
vt 0.6572 0.9324
vt 0.6567 0.9323
vt 0.9481 0.805
vt 0.948 0.8055
vt 0.9506 0.8054
vt 0.9505 0.805
vt 0.7404 0.9667
vt 0.7409 0.9669
vt 0.6564 0.1321
vt 0.6565 0.1317
vt 0.654 0.1314
vt 0.6539 0.1318
vt 0.6595 0.9691
vt 0.6594 0.9695
vt 0.7415 0.9347
vt 0.7412 0.9322
vt 0.7409 0.9323
vt 0.7404 0.9324
vt 0.7401 0.9304
vt 0.7399 0.9306
vt 0.7395 0.931
vt 0.9486 0.8059
vt 0.9485 0.8063
vt 0.9506 0.8063
vt 0.9505 0.8059
vt 0.6593 0.9294
vt 0.6594 0.9296
vt 0.6595 0.9301
vt 0.6575 0.9304
vt 0.6577 0.9306
vt 0.6581 0.931
vt 0.7523 0.0102
vt 0.7521 0.0106
vt 0.5803 0.1327
vt 0.5778 0.133
vt 0.5779 0.1334
vt 0.5803 0.1331
vt 0.7382 0.9695
vt 0.7381 0.9691
vt 0.7383 0.9698
vt 0.7401 0.9688
vt 0.7399 0.9685
vt 0.7395 0.9682
vt 0.7412 0.967
vt 0.7861 0.0112
vt 0.7861 0.0116
vt 0.7885 0.0113
vt 0.7884 0.0109
vt 0.6567 0.9669
vt 0.6572 0.9667
vt 0.7902 0.0106
vt 0.79 0.0102
vt 0.6577 0.9685
vt 0.6581 0.9682
vt 0.6581 0.1327
vt 0.6583 0.1324
vt 0.6498 0.0511
vt 0.6528 0.0511
vt 0.6528 0.0485
vt 0.6498 0.0485
vt 0.703 0.8515
vt 0.703 0.855
vt 0.7056 0.855
vt 0.7056 0.8515
vt 0.6244 0.0357
vt 0.6214 0.0357
vt 0.6214 0.0383
vt 0.6244 0.0383
vt 0.6214 0.0357
vt 0.6184 0.0357
vt 0.6184 0.0383
vt 0.6214 0.0383
vt 0.9227 0.9468
vt 0.9262 0.9468
vt 0.9262 0.9442
vt 0.9227 0.9442
vt 0.6498 0.0485
vt 0.6469 0.0485
vt 0.6469 0.0511
vt 0.6498 0.0511
vt 0.8927 0.5513
vt 0.8958 0.5513
vt 0.8974 0.5486
vt 0.8927 0.5459
vt 0.8958 0.5459
vt 0.8911 0.5486
vt 0.8925 0.5516
vt 0.8927 0.5513
vt 0.8911 0.5486
vt 0.8908 0.5486
vt 0.896 0.5516
vt 0.8958 0.5513
vt 0.8872 0.5463
vt 0.8876 0.5463
vt 0.8888 0.5434
vt 0.8885 0.5431
vt 0.8885 0.5487
vt 0.8888 0.5485
vt 0.9262 0.9442
vt 0.926 0.9439
vt 0.9229 0.9439
vt 0.9227 0.9442
vt 0.741 0.3703
vt 0.7409 0.3671
vt 0.7405 0.367
vt 0.7406 0.3705
vt 0.6498 0.0422
vt 0.6528 0.0422
vt 0.6528 0.0396
vt 0.6498 0.0396
vt 0.6404 0.69
vt 0.6404 0.6935
vt 0.643 0.6935
vt 0.643 0.69
vt 0.6528 0.0589
vt 0.6498 0.0589
vt 0.6498 0.0615
vt 0.6528 0.0615
vt 0.6469 0.0615
vt 0.6498 0.0615
vt 0.6498 0.0589
vt 0.6469 0.0589
vt 0.643 0.6649
vt 0.6404 0.6649
vt 0.6404 0.6683
vt 0.643 0.6683
vt 0.6498 0.0396
vt 0.6469 0.0396
vt 0.6469 0.0422
vt 0.6498 0.0422
vt 0.8845 0.587
vt 0.8814 0.587
vt 0.8798 0.5897
vt 0.8845 0.5924
vt 0.8814 0.5924
vt 0.8861 0.5897
vt 0.8861 0.5897
vt 0.8864 0.5897
vt 0.8847 0.5867
vt 0.8845 0.587
vt 0.8812 0.5867
vt 0.8814 0.587
vt 0.8885 0.587
vt 0.8882 0.5867
vt 0.8869 0.5899
vt 0.8873 0.5899
vt 0.8882 0.5923
vt 0.8885 0.5921
vt 0.8812 0.5927
vt 0.8847 0.5927
vt 0.8845 0.5924
vt 0.8814 0.5924
vt 0.7358 0.3644
vt 0.7358 0.3618
vt 0.7328 0.3618
vt 0.7328 0.3644
vt 0.8543 0.5127
vt 0.8569 0.5126
vt 0.8568 0.5091
vt 0.8542 0.5092
vt 0.6127 0.0641
vt 0.6097 0.0641
vt 0.6097 0.0667
vt 0.6127 0.0667
vt 0.6067 0.0667
vt 0.6097 0.0667
vt 0.6097 0.0641
vt 0.6067 0.0641
vt 0.8532 0.7841
vt 0.8567 0.7841
vt 0.8567 0.7815
vt 0.8532 0.7815
vt 0.7358 0.3644
vt 0.7388 0.3644
vt 0.7388 0.3618
vt 0.7358 0.3618
vt 0.8578 0.5641
vt 0.8625 0.5668
vt 0.8641 0.5641
vt 0.8625 0.5614
vt 0.8594 0.5614
vt 0.8593 0.5668
vt 0.8593 0.5668
vt 0.8592 0.5671
vt 0.8626 0.5671
vt 0.8625 0.5668
vt 0.8542 0.5092
vt 0.8539 0.5094
vt 0.854 0.5125
vt 0.8543 0.5127
vt 0.7063 0.9137
vt 0.7066 0.914
vt 0.7079 0.9108
vt 0.7075 0.9108
vt 0.7066 0.9084
vt 0.7063 0.9087
vt 0.8534 0.7812
vt 0.8532 0.7815
vt 0.8567 0.7815
vt 0.8565 0.7812
vt 0.7397 0.3705
vt 0.7401 0.3703
vt 0.7399 0.3671
vt 0.7395 0.367
vt 0.7326 0.8515
vt 0.73 0.8515
vt 0.73 0.855
vt 0.7326 0.855
vt 0.7041 0.9264
vt 0.7067 0.9264
vt 0.7067 0.923
vt 0.7041 0.923
vt 0.775 0.3823
vt 0.775 0.3797
vt 0.7716 0.3797
vt 0.7716 0.3823
vt 0.8468 0.7714
vt 0.8433 0.7714
vt 0.8433 0.774
vt 0.8468 0.774
vt 0.819 0.2649
vt 0.8224 0.2649
vt 0.8224 0.2623
vt 0.819 0.2623
vt 0.7891 0.8674
vt 0.7925 0.8674
vt 0.7925 0.8648
vt 0.7891 0.8648
vt 0.8927 0.5875
vt 0.8927 0.593
vt 0.8958 0.593
vt 0.8974 0.5902
vt 0.8958 0.5875
vt 0.8911 0.5902
vt 0.8927 0.593
vt 0.8911 0.5902
vt 0.8908 0.5902
vt 0.8925 0.5932
vt 0.896 0.5932
vt 0.8958 0.593
vt 0.7717 0.3826
vt 0.7749 0.3826
vt 0.775 0.3823
vt 0.7716 0.3823
vt 0.8466 0.7743
vt 0.8468 0.774
vt 0.8433 0.774
vt 0.8435 0.7743
vt 0.8224 0.2623
vt 0.8223 0.262
vt 0.8191 0.262
vt 0.819 0.2623
vt 0.7925 0.8648
vt 0.7924 0.8645
vt 0.7892 0.8645
vt 0.7891 0.8648
vt 0.621 0.0791
vt 0.624 0.0791
vt 0.624 0.0765
vt 0.621 0.0765
vt 0.8814 0.4125
vt 0.878 0.4126
vt 0.8781 0.4152
vt 0.8815 0.4151
vt 0.7056 0.4713
vt 0.709 0.4713
vt 0.709 0.4687
vt 0.7056 0.4687
vt 0.775 0.4408
vt 0.7716 0.4408
vt 0.7716 0.4433
vt 0.775 0.4433
vt 0.6444 0.4088
vt 0.6409 0.4088
vt 0.6409 0.4114
vt 0.6444 0.4114
vt 0.618 0.0791
vt 0.621 0.0791
vt 0.621 0.0765
vt 0.618 0.0765
vt 0.8593 0.6087
vt 0.8624 0.6088
vt 0.8626 0.6034
vt 0.8578 0.6059
vt 0.8641 0.6061
vt 0.8594 0.6033
vt 0.7341 0.3724
vt 0.7343 0.372
vt 0.7308 0.372
vt 0.731 0.3724
vt 0.8814 0.4125
vt 0.8813 0.4123
vt 0.8781 0.4123
vt 0.878 0.4126
vt 0.7058 0.4716
vt 0.7089 0.4716
vt 0.709 0.4713
vt 0.7056 0.4713
vt 0.7716 0.4433
vt 0.7717 0.4436
vt 0.7749 0.4436
vt 0.775 0.4433
vt 0.6411 0.4086
vt 0.6409 0.4088
vt 0.6444 0.4088
vt 0.6442 0.4086
vt 0.8627 0.6031
vt 0.8593 0.603
vt 0.8594 0.6033
vt 0.8626 0.6034
vt 0.6528 0.0693
vt 0.6498 0.0693
vt 0.6498 0.0718
vt 0.6528 0.0718
vt 0.5967 0.5059
vt 0.5967 0.5085
vt 0.6001 0.5085
vt 0.6001 0.5059
vt 0.6214 0.0472
vt 0.6244 0.0472
vt 0.6244 0.0446
vt 0.6214 0.0446
vt 0.6214 0.0446
vt 0.6184 0.0446
vt 0.6184 0.0472
vt 0.6214 0.0472
vt 0.6409 0.442
vt 0.6444 0.442
vt 0.6444 0.4394
vt 0.6409 0.4394
vt 0.6498 0.0693
vt 0.6469 0.0693
vt 0.6469 0.0718
vt 0.6498 0.0718
vt 0.7748 0.8445
vt 0.7732 0.8471
vt 0.7747 0.8499
vt 0.7794 0.8472
vt 0.7778 0.8499
vt 0.7779 0.8445
vt 0.6392 0.6779
vt 0.6405 0.6811
vt 0.6408 0.6808
vt 0.6397 0.6779
vt 0.5968 0.5056
vt 0.5967 0.5059
vt 0.6001 0.5059
vt 0.6 0.5056
vt 0.7745 0.8502
vt 0.7747 0.8499
vt 0.7732 0.8471
vt 0.7728 0.8471
vt 0.778 0.8502
vt 0.7778 0.8499
vt 0.6411 0.4391
vt 0.6409 0.4394
vt 0.6444 0.4394
vt 0.6442 0.4391
vt 0.6408 0.6757
vt 0.6405 0.6755
vt 0.6096 0.0563
vt 0.6126 0.0563
vt 0.6126 0.0537
vt 0.6096 0.0537
vt 0.7326 0.8764
vt 0.73 0.8764
vt 0.73 0.8798
vt 0.7326 0.8798
vt 0.6244 0.0654
vt 0.6214 0.0654
vt 0.6214 0.068
vt 0.6244 0.068
vt 0.6214 0.068
vt 0.6214 0.0654
vt 0.6184 0.0654
vt 0.6184 0.068
vt 0.8602 0.9376
vt 0.8636 0.9376
vt 0.8636 0.935
vt 0.8602 0.935
vt 0.6096 0.0537
vt 0.6067 0.0537
vt 0.6067 0.0563
vt 0.6096 0.0563
vt 0.7387 0.881
vt 0.7391 0.8756
vt 0.736 0.8754
vt 0.7342 0.8779
vt 0.7356 0.8808
vt 0.7405 0.8784
vt 0.6165 0.6811
vt 0.6168 0.6808
vt 0.6157 0.6779
vt 0.6152 0.6779
vt 0.7359 0.8751
vt 0.736 0.8754
vt 0.7391 0.8756
vt 0.7393 0.8753
vt 0.7339 0.8779
vt 0.7342 0.8779
vt 0.7354 0.881
vt 0.7356 0.8808
vt 0.8602 0.935
vt 0.8636 0.935
vt 0.8635 0.9347
vt 0.8604 0.9347
vt 0.6168 0.6757
vt 0.6165 0.6755
vt 0.7315 0.9264
vt 0.7341 0.9264
vt 0.7341 0.923
vt 0.7315 0.923
vt 0.7315 0.8978
vt 0.7315 0.9013
vt 0.7341 0.9013
vt 0.7341 0.8978
vt 0.6207 0.297
vt 0.6207 0.2944
vt 0.6172 0.2944
vt 0.6172 0.297
vt 0.6572 0.3239
vt 0.6538 0.3239
vt 0.6538 0.3265
vt 0.6572 0.3265
vt 0.8224 0.2858
vt 0.819 0.2858
vt 0.819 0.2884
vt 0.8224 0.2884
vt 0.9063 0.5697
vt 0.9063 0.5722
vt 0.9098 0.5722
vt 0.9098 0.5697
vt 0.6886 0.8224
vt 0.6886 0.8278
vt 0.6917 0.8278
vt 0.6933 0.8251
vt 0.6917 0.8224
vt 0.687 0.8251
vt 0.687 0.8251
vt 0.6867 0.8251
vt 0.6884 0.8281
vt 0.6886 0.8278
vt 0.6919 0.8281
vt 0.6917 0.8278
vt 0.6205 0.2973
vt 0.6207 0.297
vt 0.6172 0.297
vt 0.6174 0.2973
vt 0.6538 0.3265
vt 0.654 0.3268
vt 0.6571 0.3268
vt 0.6572 0.3265
vt 0.8223 0.2855
vt 0.8191 0.2855
vt 0.819 0.2858
vt 0.8224 0.2858
vt 0.9098 0.5697
vt 0.9096 0.5694
vt 0.9065 0.5694
vt 0.9063 0.5697
vt 0.6152 0.1474
vt 0.6207 0.1474
vt 0.6207 0.1433
vt 0.6152 0.1433
vt 0.6254 0.1474
vt 0.6254 0.1433
vt 0.7885 0.3143
vt 0.7885 0.3185
vt 0.7927 0.3185
vt 0.7927 0.3143
vt 0.7979 0.3143
vt 0.7979 0.3185
vt 0.8034 0.3143
vt 0.8034 0.3185
vt 0.8086 0.3143
vt 0.8086 0.3185
vt 0.8128 0.3185
vt 0.8128 0.3143
vt 0.5934 0.1302
vt 0.5982 0.1302
vt 0.5982 0.126
vt 0.5934 0.126
vt 0.588 0.126
vt 0.588 0.1302
vt 0.5826 0.1302
vt 0.5826 0.126
vt 0.5778 0.1302
vt 0.5778 0.126
vt 0.8602 0.9468
vt 0.8644 0.9468
vt 0.8644 0.9426
vt 0.8602 0.9426
vt 0.8696 0.9468
vt 0.8696 0.9426
vt 0.8751 0.9426
vt 0.8751 0.9468
vt 0.8802 0.9426
vt 0.8802 0.9468
vt 0.8845 0.9468
vt 0.8845 0.9426
vt 0.6051 0.1474
vt 0.6098 0.1474
vt 0.6098 0.1433
vt 0.6051 0.1433
vt 0.7012 0.6883
vt 0.703 0.6913
vt 0.7056 0.6936
vt 0.7012 0.6815
vt 0.7089 0.6947
vt 0.7124 0.6947
vt 0.7183 0.6913
vt 0.7156 0.6936
vt 0.7206 0.6849
vt 0.7183 0.6785
vt 0.72 0.6883
vt 0.72 0.6815
vt 0.7156 0.6763
vt 0.7124 0.6751
vt 0.7056 0.6763
vt 0.7089 0.6751
vt 0.703 0.6785
vt 0.7006 0.6849
vt 0.839 0.5228
vt 0.84 0.5282
vt 0.8414 0.5277
vt 0.8405 0.5228
vt 0.8427 0.533
vt 0.8439 0.5321
vt 0.847 0.5365
vt 0.8477 0.5353
vt 0.8521 0.5384
vt 0.8524 0.537
vt 0.8576 0.5384
vt 0.8574 0.537
vt 0.8621 0.5353
vt 0.8628 0.5365
vt 0.867 0.533
vt 0.8659 0.5321
vt 0.8698 0.5282
vt 0.8684 0.5277
vt 0.8707 0.5228
vt 0.8693 0.5228
vt 0.8698 0.5174
vt 0.8684 0.5179
vt 0.867 0.5126
vt 0.8659 0.5136
vt 0.8628 0.5091
vt 0.8621 0.5104
vt 0.8576 0.5072
vt 0.8574 0.5087
vt 0.8521 0.5072
vt 0.8524 0.5087
vt 0.847 0.5091
vt 0.8477 0.5104
vt 0.8427 0.5126
vt 0.8439 0.5136
vt 0.84 0.5174
vt 0.8414 0.5179
vt 0.7585 0.5918
vt 0.7585 0.594
vt 0.7634 0.594
vt 0.7634 0.5918
vt 0.7678 0.594
vt 0.7678 0.5918
vt 0.6389 0.8194
vt 0.6389 0.8171
vt 0.6351 0.8171
vt 0.6351 0.8194
vt 0.6304 0.8171
vt 0.6304 0.8194
vt 0.6254 0.8171
vt 0.6254 0.8194
vt 0.6207 0.8194
vt 0.6207 0.8171
vt 0.6169 0.8171
vt 0.6169 0.8194
vt 0.7806 0.371
vt 0.7849 0.371
vt 0.7849 0.3687
vt 0.7806 0.3687
vt 0.7757 0.3687
vt 0.7757 0.371
vt 0.7708 0.3687
vt 0.7708 0.371
vt 0.7665 0.3687
vt 0.7665 0.371
vt 0.6347 0.6307
vt 0.6347 0.6284
vt 0.6309 0.6284
vt 0.6309 0.6307
vt 0.6262 0.6307
vt 0.6262 0.6284
vt 0.6212 0.6284
vt 0.6212 0.6307
vt 0.6165 0.6307
vt 0.6165 0.6284
vt 0.6127 0.6284
vt 0.6127 0.6307
vt 0.7493 0.5918
vt 0.7493 0.594
vt 0.7536 0.594
vt 0.7536 0.5918
vt 0.7477 0.7521
vt 0.7433 0.7521
vt 0.7442 0.757
vt 0.7483 0.7555
vt 0.7467 0.7613
vt 0.75 0.7585
vt 0.7527 0.7607
vt 0.7505 0.7645
vt 0.7552 0.7662
vt 0.7559 0.7619
vt 0.7594 0.7619
vt 0.7602 0.7662
vt 0.7627 0.7607
vt 0.7649 0.7645
vt 0.7653 0.7585
vt 0.7687 0.7613
vt 0.7671 0.7555
vt 0.7712 0.757
vt 0.7677 0.7521
vt 0.772 0.7521
vt 0.7712 0.7471
vt 0.7671 0.7486
vt 0.7687 0.7428
vt 0.7653 0.7456
vt 0.7649 0.7396
vt 0.7627 0.7434
vt 0.7594 0.7422
vt 0.7602 0.7379
vt 0.7552 0.7379
vt 0.7559 0.7422
vt 0.7527 0.7434
vt 0.7505 0.7396
vt 0.7467 0.7428
vt 0.75 0.7456
vt 0.7442 0.7471
vt 0.7483 0.7486
vt 0.8646 0.5755
vt 0.8646 0.5741
vt 0.8611 0.5741
vt 0.8611 0.5755
vt 0.8676 0.5755
vt 0.8676 0.5741
vt 0.637 0.6839
vt 0.637 0.6865
vt 0.6384 0.6865
vt 0.6384 0.6839
vt 0.6384 0.6806
vt 0.637 0.6806
vt 0.6384 0.6772
vt 0.637 0.6772
vt 0.6384 0.6739
vt 0.637 0.6739
vt 0.6384 0.6712
vt 0.637 0.6712
vt 0.7908 0.0278
vt 0.7878 0.0278
vt 0.7878 0.0292
vt 0.7908 0.0292
vt 0.7844 0.0278
vt 0.7844 0.0292
vt 0.7809 0.0278
vt 0.7809 0.0292
vt 0.7779 0.0292
vt 0.7779 0.0278
vt 0.7446 0.5911
vt 0.746 0.5911
vt 0.746 0.5876
vt 0.7446 0.5876
vt 0.746 0.5944
vt 0.7446 0.5944
vt 0.7446 0.597
vt 0.746 0.597
vt 0.7589 0.7597
vt 0.7589 0.7583
vt 0.7554 0.7583
vt 0.7554 0.7597
vt 0.7621 0.7597
vt 0.7621 0.7583
vt 0.8577 0.5741
vt 0.8547 0.5741
vt 0.8547 0.5755
vt 0.8577 0.5755
vt 0.7252 0.5878
vt 0.7328 0.5878
vt 0.7328 0.5846
vt 0.7252 0.5846
vt 0.7328 0.5818
vt 0.7252 0.5818
vt 0.7132 0.9211
vt 0.7157 0.9211
vt 0.7157 0.9135
vt 0.7132 0.9135
vt 0.7187 0.9211
vt 0.7187 0.9135
vt 0.7219 0.9211
vt 0.7219 0.9135
vt 0.7249 0.9135
vt 0.7249 0.9211
vt 0.7273 0.9211
vt 0.7273 0.9135
vt 0.6958 0.8298
vt 0.6958 0.8374
vt 0.6985 0.8374
vt 0.6985 0.8298
vt 0.6926 0.8298
vt 0.6926 0.8374
vt 0.6895 0.8298
vt 0.6895 0.8374
vt 0.6867 0.8298
vt 0.6867 0.8374
vt 0.8492 0.4953
vt 0.8517 0.4953
vt 0.8517 0.4876
vt 0.8492 0.4876
vt 0.8547 0.4953
vt 0.8547 0.4876
vt 0.8579 0.4953
vt 0.8579 0.4876
vt 0.8609 0.4876
vt 0.8609 0.4953
vt 0.8633 0.4953
vt 0.8633 0.4876
vt 0.7252 0.5937
vt 0.7328 0.5937
vt 0.7328 0.5909
vt 0.7252 0.5909
vt 0.6286 0.1471
vt 0.6273 0.1437
vt 0.6273 0.1456
vt 0.6278 0.1465
vt 0.6295 0.1474
vt 0.6305 0.1474
vt 0.6321 0.1465
vt 0.6314 0.1471
vt 0.6326 0.1456
vt 0.6328 0.1446
vt 0.6321 0.1428
vt 0.6326 0.1437
vt 0.6314 0.1422
vt 0.6305 0.1418
vt 0.6286 0.1422
vt 0.6295 0.1418
vt 0.6278 0.1428
vt 0.6271 0.1446
vt 0.7578 0.3634
vt 0.7564 0.3634
vt 0.7564 0.3654
vt 0.7578 0.3654
vt 0.8511 0.5267
vt 0.8484 0.5267
vt 0.8484 0.5287
vt 0.8511 0.5287
vt 0.7564 0.3617
vt 0.7578 0.3617
vt 0.8511 0.5304
vt 0.8484 0.5304
vt 0.6078 0.0777
vt 0.6078 0.0763
vt 0.6063 0.0763
vt 0.6063 0.0777
vt 0.618 0.0876
vt 0.618 0.0902
vt 0.6196 0.0902
vt 0.6196 0.0876
vt 0.6097 0.0777
vt 0.6097 0.0763
vt 0.6214 0.0902
vt 0.6214 0.0876
vt 0.6117 0.0763
vt 0.6117 0.0777
vt 0.6234 0.0876
vt 0.6234 0.0902
vt 0.6136 0.0763
vt 0.6136 0.0777
vt 0.6253 0.0876
vt 0.6253 0.0902
vt 0.6151 0.0763
vt 0.6151 0.0777
vt 0.6268 0.0902
vt 0.6268 0.0876
vt 0.7322 0.5955
vt 0.7322 0.5941
vt 0.7304 0.5941
vt 0.7304 0.5955
vt 0.8488 0.4946
vt 0.8488 0.4928
vt 0.8461 0.4928
vt 0.8461 0.4946
vt 0.7285 0.5941
vt 0.7285 0.5955
vt 0.8488 0.4909
vt 0.8461 0.4909
vt 0.7265 0.5941
vt 0.7265 0.5955
vt 0.8461 0.4889
vt 0.8488 0.4889
vt 0.7247 0.5955
vt 0.7247 0.5941
vt 0.8461 0.4872
vt 0.8488 0.4872
vt 0.5795 0.5865
vt 0.5779 0.5865
vt 0.5779 0.5879
vt 0.5795 0.5879
vt 0.5953 0.0988
vt 0.5938 0.0988
vt 0.5938 0.1015
vt 0.5953 0.1015
vt 0.5813 0.5865
vt 0.5813 0.5879
vt 0.5972 0.0988
vt 0.5972 0.1015
vt 0.5834 0.5865
vt 0.5834 0.5879
vt 0.5992 0.0988
vt 0.5992 0.1015
vt 0.5852 0.5865
vt 0.5852 0.5879
vt 0.6011 0.0988
vt 0.6011 0.1015
vt 0.5868 0.5865
vt 0.5868 0.5879
vt 0.6026 0.0988
vt 0.6026 0.1015
vt 0.7564 0.3673
vt 0.7564 0.3691
vt 0.7578 0.3691
vt 0.7578 0.3673
vt 0.8511 0.523
vt 0.8484 0.523
vt 0.8484 0.5248
vt 0.8511 0.5248
vt 0.8634 0.6132
vt 0.8629 0.6115
vt 0.8609 0.6119
vt 0.8609 0.6136
vt 0.8583 0.6132
vt 0.8589 0.6115
vt 0.8572 0.6105
vt 0.8561 0.6119
vt 0.8559 0.609
vt 0.8544 0.6099
vt 0.8535 0.6074
vt 0.8552 0.6071
vt 0.8535 0.6048
vt 0.8552 0.6051
vt 0.8544 0.6024
vt 0.8559 0.6032
vt 0.8572 0.6017
vt 0.8561 0.6004
vt 0.8583 0.5991
vt 0.8589 0.6007
vt 0.8609 0.6004
vt 0.8609 0.5986
vt 0.8634 0.5991
vt 0.8629 0.6007
vt 0.8646 0.6017
vt 0.8657 0.6004
vt 0.8659 0.6032
vt 0.8674 0.6024
vt 0.8666 0.6051
vt 0.8683 0.6048
vt 0.8666 0.6071
vt 0.8683 0.6074
vt 0.8659 0.609
vt 0.8674 0.6099
vt 0.8646 0.6105
vt 0.8657 0.6119
vt 0.8609 0.6148
vt 0.8638 0.6142
vt 0.8579 0.6142
vt 0.8553 0.6127
vt 0.8534 0.6104
vt 0.8524 0.6076
vt 0.8524 0.6046
vt 0.8534 0.6018
vt 0.8553 0.5995
vt 0.8579 0.598
vt 0.8609 0.5975
vt 0.8638 0.598
vt 0.8664 0.5995
vt 0.8684 0.6018
vt 0.8694 0.6046
vt 0.8694 0.6076
vt 0.8684 0.6104
vt 0.8664 0.6127
vt 0.7518 0.7522
vt 0.7521 0.7542
vt 0.7549 0.7532
vt 0.7547 0.7522
vt 0.7531 0.7559
vt 0.7554 0.754
vt 0.7561 0.7547
vt 0.7546 0.7572
vt 0.7565 0.7579
vt 0.757 0.755
vt 0.7585 0.7579
vt 0.758 0.755
vt 0.7589 0.7547
vt 0.7604 0.7572
vt 0.7619 0.7559
vt 0.7597 0.754
vt 0.7602 0.7532
vt 0.7629 0.7542
vt 0.7633 0.7522
vt 0.7604 0.7522
vt 0.7629 0.7502
vt 0.7602 0.7512
vt 0.7619 0.7485
vt 0.7597 0.7504
vt 0.7604 0.7472
vt 0.7589 0.7497
vt 0.7585 0.7465
vt 0.758 0.7494
vt 0.7565 0.7465
vt 0.757 0.7494
vt 0.7546 0.7472
vt 0.7561 0.7497
vt 0.7531 0.7485
vt 0.7554 0.7504
vt 0.7521 0.7502
vt 0.7549 0.7512
vt 0.6326 0.6708
vt 0.6335 0.6708
vt 0.6335 0.6679
vt 0.6326 0.6679
vt 0.6344 0.6708
vt 0.6344 0.6679
vt 0.854 0.4776
vt 0.8569 0.4776
vt 0.8569 0.4769
vt 0.854 0.4769
vt 0.8569 0.4759
vt 0.854 0.4759
vt 0.8569 0.4749
vt 0.854 0.4749
vt 0.8569 0.474
vt 0.854 0.474
vt 0.8569 0.4733
vt 0.854 0.4733
vt 0.7166 0.9037
vt 0.7166 0.9009
vt 0.7157 0.9009
vt 0.7157 0.9037
vt 0.7147 0.9009
vt 0.7147 0.9037
vt 0.7138 0.9009
vt 0.7138 0.9037
vt 0.7129 0.9037
vt 0.7129 0.9009
vt 0.7209 0.9034
vt 0.7209 0.9026
vt 0.718 0.9026
vt 0.718 0.9034
vt 0.7209 0.9017
vt 0.718 0.9017
vt 0.718 0.9007
vt 0.7209 0.9007
vt 0.7209 0.8998
vt 0.718 0.8998
vt 0.7209 0.899
vt 0.718 0.899
vt 0.6307 0.6708
vt 0.6316 0.6708
vt 0.6316 0.6679
vt 0.6307 0.6679
vt 0.7247 0.5847
vt 0.7247 0.5878
vt 0.7247 0.5909
vt 0.7247 0.5936
vt 0.8632 0.4872
vt 0.8608 0.4872
vt 0.8579 0.4872
vt 0.8547 0.4872
vt 0.8517 0.4872
vt 0.8493 0.4872
vt 0.6895 0.8379
vt 0.6868 0.8379
vt 0.6926 0.8379
vt 0.6957 0.8379
vt 0.6984 0.8379
vt 0.7272 0.913
vt 0.7248 0.913
vt 0.7218 0.913
vt 0.7187 0.913
vt 0.7157 0.913
vt 0.7133 0.913
vt 0.7247 0.5819
vt 0.8609 0.6152
vt 0.864 0.6146
vt 0.8578 0.6146
vt 0.8551 0.6131
vt 0.853 0.6107
vt 0.852 0.6077
vt 0.852 0.6045
vt 0.853 0.6016
vt 0.8551 0.5992
vt 0.8578 0.5976
vt 0.8609 0.597
vt 0.864 0.5976
vt 0.8667 0.5992
vt 0.8687 0.6016
vt 0.8698 0.6045
vt 0.8698 0.6077
vt 0.8687 0.6107
vt 0.8667 0.6131
vt 0.7397 0.7644
vt 0.7406 0.7629
vt 0.7409 0.7606
vt 0.7409 0.7317
vt 0.7382 0.7652
vt 0.736 0.7656
vt 0.736 0.7267
vt 0.7062 0.7267
vt 0.7397 0.7279
vt 0.7382 0.727
vt 0.7406 0.7294
vt 0.7016 0.7294
vt 0.7013 0.7317
vt 0.7013 0.7606
vt 0.7025 0.7279
vt 0.704 0.727
vt 0.7025 0.7644
vt 0.7016 0.7629
vt 0.7062 0.7656
vt 0.704 0.7652
vt 0.5984 0.3476
vt 0.5693 0.3476
vt 0.5693 0.3504
vt 0.5984 0.3504
vt 0.5823 0.5962
vt 0.6121 0.5962
vt 0.6121 0.5935
vt 0.5823 0.5935
vt 0.6112 0.2717
vt 0.5821 0.2717
vt 0.5821 0.2745
vt 0.6112 0.2745
vt 0.5826 0.0394
vt 0.5826 0.0422
vt 0.6124 0.0422
vt 0.6124 0.0394
vt 0.5668 0.3476
vt 0.5668 0.3504
vt 0.6009 0.3504
vt 0.6009 0.3476
vt 0.6146 0.5962
vt 0.6146 0.5935
vt 0.5796 0.2717
vt 0.5796 0.2745
vt 0.565 0.3476
vt 0.565 0.3504
vt 0.5797 0.5962
vt 0.5797 0.5935
vt 0.5779 0.5935
vt 0.5779 0.5962
vt 0.6027 0.3504
vt 0.6027 0.3476
vt 0.58 0.0422
vt 0.58 0.0394
vt 0.5782 0.0394
vt 0.5782 0.0422
vt 0.6164 0.5935
vt 0.6164 0.5962
vt 0.6137 0.2717
vt 0.6137 0.2745
vt 0.6155 0.2745
vt 0.6155 0.2717
vt 0.5778 0.2745
vt 0.5778 0.2717
vt 0.6149 0.0394
vt 0.6149 0.0422
vt 0.6167 0.0422
vt 0.6167 0.0394
vt 0.7013 0.7606
vt 0.7013 0.7317
vt 0.7006 0.7316
vt 0.7006 0.7607
vt 0.736 0.7261
vt 0.7062 0.7261
vt 0.7062 0.7267
vt 0.736 0.7267
vt 0.7416 0.7607
vt 0.7416 0.7316
vt 0.7409 0.7317
vt 0.7409 0.7606
vt 0.736 0.7662
vt 0.736 0.7656
vt 0.7062 0.7656
vt 0.7062 0.7662
vt 0.5983 0.347
vt 0.6008 0.347
vt 0.5823 0.5969
vt 0.5798 0.5969
vt 0.6149 0.0387
vt 0.6124 0.0387
vt 0.6112 0.2711
vt 0.6136 0.2711
vt 0.5801 0.0387
vt 0.5826 0.0387
vt 0.5784 0.0387
vt 0.6025 0.347
vt 0.5693 0.347
vt 0.5669 0.347
vt 0.5651 0.347
vt 0.5781 0.5969
vt 0.5822 0.2711
vt 0.5797 0.2711
vt 0.578 0.2711
vt 0.6166 0.0387
vt 0.6121 0.5969
vt 0.6145 0.5969
vt 0.6163 0.5969
vt 0.6154 0.2711
vt 0.701 0.7631
vt 0.7016 0.7629
vt 0.7037 0.7264
vt 0.704 0.727
vt 0.7382 0.7652
vt 0.7385 0.7659
vt 0.7412 0.7292
vt 0.7406 0.7294
vt 0.704 0.7652
vt 0.7037 0.7659
vt 0.7025 0.7644
vt 0.702 0.7648
vt 0.7016 0.7294
vt 0.701 0.7292
vt 0.7025 0.7279
vt 0.702 0.7275
vt 0.7406 0.7629
vt 0.7412 0.7631
vt 0.7397 0.7644
vt 0.7402 0.7648
vt 0.7382 0.727
vt 0.7385 0.7264
vt 0.7402 0.7275
vt 0.7397 0.7279
vt 0.6409 0.3475
vt 0.6409 0.3501
vt 0.6444 0.3501
vt 0.6444 0.3475
vt 0.8462 0.2924
vt 0.8462 0.2898
vt 0.8427 0.2898
vt 0.8427 0.2924
vt 0.613 0.6683
vt 0.6156 0.6683
vt 0.6156 0.6649
vt 0.613 0.6649
vt 0.7925 0.8792
vt 0.7925 0.8767
vt 0.7891 0.8767
vt 0.7891 0.8792
vt 0.792 0.2604
vt 0.792 0.2578
vt 0.7885 0.2578
vt 0.7885 0.2604
vt 0.6172 0.3231
vt 0.6207 0.3231
vt 0.6207 0.3205
vt 0.6172 0.3205
vt 0.6044 0.8291
vt 0.606 0.8264
vt 0.6045 0.8237
vt 0.5998 0.8263
vt 0.6014 0.8236
vt 0.6013 0.829
vt 0.6442 0.3504
vt 0.6444 0.3501
vt 0.6409 0.3501
vt 0.6411 0.3504
vt 0.846 0.2895
vt 0.8429 0.2895
vt 0.8427 0.2898
vt 0.8462 0.2898
vt 0.6045 0.8237
vt 0.6047 0.8234
vt 0.6012 0.8233
vt 0.6014 0.8236
vt 0.606 0.8264
vt 0.6064 0.8264
vt 0.792 0.2578
vt 0.7918 0.2575
vt 0.7887 0.2575
vt 0.7885 0.2578
vt 0.6207 0.3231
vt 0.6172 0.3231
vt 0.6174 0.3234
vt 0.6205 0.3234
vt 0.6503 0.8213
vt 0.6503 0.8239
vt 0.6533 0.8239
vt 0.6533 0.8213
vt 0.9583 0.8106
vt 0.9583 0.808
vt 0.9549 0.808
vt 0.9549 0.8106
vt 0.6244 0.0576
vt 0.6244 0.055
vt 0.6214 0.055
vt 0.6214 0.0576
vt 0.6214 0.0576
vt 0.6214 0.055
vt 0.6184 0.055
vt 0.6184 0.0576
vt 0.6216 0.5455
vt 0.6216 0.5429
vt 0.6181 0.5429
vt 0.6181 0.5455
vt 0.6473 0.8213
vt 0.6473 0.8239
vt 0.6503 0.8239
vt 0.6503 0.8213
vt 0.8817 0.5488
vt 0.8849 0.5488
vt 0.8864 0.5461
vt 0.8817 0.5434
vt 0.8849 0.5434
vt 0.8802 0.5461
vt 0.8802 0.5461
vt 0.8817 0.5434
vt 0.8816 0.5431
vt 0.8798 0.5461
vt 0.955 0.8077
vt 0.9549 0.808
vt 0.9583 0.808
vt 0.9581 0.8077
vt 0.8849 0.5434
vt 0.8864 0.5461
vt 0.8868 0.5461
vt 0.885 0.5431
vt 0.8849 0.5488
vt 0.885 0.5491
vt 0.6214 0.5426
vt 0.6183 0.5426
vt 0.6181 0.5429
vt 0.6216 0.5429
vt 0.8816 0.5491
vt 0.8817 0.5488
vt 0.7684 0.7149
vt 0.7684 0.7175
vt 0.7714 0.7175
vt 0.7714 0.7149
vt 0.9484 0.8008
vt 0.9484 0.7982
vt 0.9449 0.7982
vt 0.9449 0.8008
vt 0.6525 0.083
vt 0.6525 0.0804
vt 0.6495 0.0804
vt 0.6495 0.083
vt 0.6495 0.083
vt 0.6495 0.0804
vt 0.6465 0.0804
vt 0.6465 0.083
vt 0.7662 0.7268
vt 0.7662 0.7242
vt 0.7627 0.7242
vt 0.7627 0.7268
vt 0.7654 0.7149
vt 0.7654 0.7175
vt 0.7684 0.7175
vt 0.7684 0.7149
vt 0.6014 0.6422
vt 0.603 0.6395
vt 0.6015 0.6368
vt 0.5968 0.6394
vt 0.5984 0.6367
vt 0.5983 0.6421
vt 0.5981 0.6424
vt 0.5983 0.6421
vt 0.5968 0.6394
vt 0.5964 0.6394
vt 0.9482 0.7979
vt 0.9451 0.7979
vt 0.9449 0.7982
vt 0.9484 0.7982
vt 0.7316 0.914
vt 0.7319 0.9137
vt 0.7308 0.9108
vt 0.7303 0.9108
vt 0.7319 0.9087
vt 0.7316 0.9084
vt 0.766 0.7239
vt 0.7629 0.7239
vt 0.7627 0.7242
vt 0.7662 0.7242
vt 0.6016 0.6425
vt 0.6014 0.6422
vt 0.6409 0.378
vt 0.6409 0.3806
vt 0.6444 0.3806
vt 0.6444 0.378
vt 0.9429 0.8
vt 0.9429 0.7974
vt 0.9394 0.7974
vt 0.9394 0.8
vt 0.613 0.6935
vt 0.6156 0.6935
vt 0.6156 0.69
vt 0.613 0.69
vt 0.703 0.8798
vt 0.7056 0.8798
vt 0.7056 0.8764
vt 0.703 0.8764
vt 0.7067 0.9013
vt 0.7067 0.8978
vt 0.7041 0.8978
vt 0.7041 0.9013
vt 0.6001 0.4698
vt 0.5967 0.4698
vt 0.5967 0.4724
vt 0.6001 0.4724
vt 0.8052 0.8925
vt 0.8054 0.8894
vt 0.8028 0.8876
vt 0.7998 0.8921
vt 0.8 0.889
vt 0.8024 0.8938
vt 0.6444 0.3806
vt 0.6409 0.3806
vt 0.6411 0.3809
vt 0.6442 0.3809
vt 0.9429 0.7974
vt 0.9427 0.7971
vt 0.9396 0.7971
vt 0.9394 0.7974
vt 0.8028 0.8876
vt 0.8029 0.8873
vt 0.7998 0.8888
vt 0.8 0.889
vt 0.8054 0.8894
vt 0.8057 0.8892
vt 0.8052 0.8925
vt 0.8055 0.8927
vt 0.5968 0.4727
vt 0.6 0.4727
vt 0.6001 0.4724
vt 0.5967 0.4724
vt 0.6131 0.1594
vt 0.6131 0.1635
vt 0.6186 0.1635
vt 0.6186 0.1594
vt 0.6233 0.1635
vt 0.6233 0.1594
vt 0.6268 0.6812
vt 0.6213 0.6812
vt 0.6213 0.6854
vt 0.6268 0.6854
vt 0.632 0.6854
vt 0.632 0.6812
vt 0.6362 0.6854
vt 0.6362 0.6812
vt 0.7144 0.8874
vt 0.7144 0.8833
vt 0.7089 0.8833
vt 0.7089 0.8874
vt 0.7038 0.8833
vt 0.7038 0.8874
vt 0.68 0.1334
vt 0.68 0.1292
vt 0.6752 0.1292
vt 0.6752 0.1334
vt 0.6698 0.1292
vt 0.6698 0.1334
vt 0.6644 0.1292
vt 0.6644 0.1334
vt 0.6596 0.1292
vt 0.6596 0.1334
vt 0.856 0.9184
vt 0.856 0.9142
vt 0.8518 0.9142
vt 0.8518 0.9184
vt 0.8466 0.9142
vt 0.8466 0.9184
vt 0.8411 0.9142
vt 0.8411 0.9184
vt 0.8359 0.9184
vt 0.8359 0.9142
vt 0.8317 0.9184
vt 0.8317 0.9142
vt 0.603 0.1635
vt 0.6077 0.1635
vt 0.6077 0.1594
vt 0.603 0.1594
vt 0.8814 0.4229
vt 0.8797 0.4199
vt 0.877 0.4177
vt 0.877 0.435
vt 0.8738 0.4165
vt 0.8703 0.4165
vt 0.8644 0.4199
vt 0.867 0.4177
vt 0.8626 0.4229
vt 0.862 0.4264
vt 0.8644 0.4328
vt 0.8626 0.4298
vt 0.867 0.435
vt 0.8703 0.4362
vt 0.8738 0.4362
vt 0.8797 0.4328
vt 0.8814 0.4298
vt 0.882 0.4264
vt 0.8684 0.4919
vt 0.8698 0.4924
vt 0.8707 0.487
vt 0.8693 0.487
vt 0.8659 0.4962
vt 0.867 0.4972
vt 0.8621 0.4994
vt 0.8628 0.5007
vt 0.8574 0.5011
vt 0.8576 0.5026
vt 0.8521 0.5026
vt 0.8524 0.5011
vt 0.8477 0.4994
vt 0.847 0.5007
vt 0.8439 0.4962
vt 0.8427 0.4972
vt 0.8414 0.4919
vt 0.84 0.4924
vt 0.8405 0.487
vt 0.839 0.487
vt 0.84 0.4816
vt 0.8414 0.4821
vt 0.8439 0.4777
vt 0.8427 0.4768
vt 0.847 0.4733
vt 0.8477 0.4745
vt 0.8524 0.4728
vt 0.8521 0.4714
vt 0.8574 0.4728
vt 0.8576 0.4714
vt 0.8628 0.4733
vt 0.8621 0.4745
vt 0.8659 0.4777
vt 0.867 0.4768
vt 0.8698 0.4816
vt 0.8684 0.4821
vt 0.789 0.5963
vt 0.789 0.5986
vt 0.7939 0.5986
vt 0.7939 0.5963
vt 0.7982 0.5963
vt 0.7982 0.5986
vt 0.9043 0.4958
vt 0.9005 0.4958
vt 0.9005 0.4981
vt 0.9043 0.4981
vt 0.909 0.4981
vt 0.909 0.4958
vt 0.914 0.4958
vt 0.914 0.4981
vt 0.9187 0.4958
vt 0.9187 0.4981
vt 0.9225 0.4958
vt 0.9225 0.4981
vt 0.7634 0.5502
vt 0.7634 0.5524
vt 0.7678 0.5524
vt 0.7678 0.5502
vt 0.7585 0.5502
vt 0.7585 0.5524
vt 0.7536 0.5502
vt 0.7536 0.5524
vt 0.7493 0.5502
vt 0.7493 0.5524
vt 0.8228 0.2901
vt 0.819 0.2901
vt 0.819 0.2924
vt 0.8228 0.2924
vt 0.8275 0.2901
vt 0.8275 0.2924
vt 0.8325 0.2924
vt 0.8325 0.2901
vt 0.8372 0.2924
vt 0.8372 0.2901
vt 0.841 0.2924
vt 0.841 0.2901
vt 0.7841 0.5963
vt 0.7797 0.5963
vt 0.7797 0.5986
vt 0.7841 0.5986
vt 0.7716 0.8452
vt 0.7672 0.8452
vt 0.7666 0.8486
vt 0.7707 0.8501
vt 0.7682 0.8544
vt 0.7648 0.8516
vt 0.7622 0.8538
vt 0.7644 0.8576
vt 0.7597 0.8593
vt 0.7589 0.855
vt 0.7547 0.8593
vt 0.7554 0.855
vt 0.7522 0.8538
vt 0.75 0.8576
vt 0.7462 0.8544
vt 0.7495 0.8516
vt 0.7478 0.8486
vt 0.7437 0.8501
vt 0.7428 0.8452
vt 0.7472 0.8452
vt 0.7437 0.8402
vt 0.7478 0.8417
vt 0.7495 0.8387
vt 0.7462 0.8359
vt 0.7522 0.8365
vt 0.75 0.8327
vt 0.7547 0.831
vt 0.7554 0.8353
vt 0.7589 0.8353
vt 0.7597 0.831
vt 0.7622 0.8365
vt 0.7644 0.8327
vt 0.7648 0.8387
vt 0.7682 0.8359
vt 0.7666 0.8417
vt 0.7707 0.8402
vt 0.7906 0.0252
vt 0.7906 0.0238
vt 0.7872 0.0238
vt 0.7872 0.0252
vt 0.7937 0.0252
vt 0.7937 0.0238
vt 0.7281 0.9042
vt 0.7281 0.9069
vt 0.7295 0.9069
vt 0.7295 0.9042
vt 0.7281 0.9101
vt 0.7295 0.9101
vt 0.7281 0.9136
vt 0.7295 0.9136
vt 0.7281 0.9168
vt 0.7295 0.9168
vt 0.7281 0.9195
vt 0.7295 0.9195
vt 0.8646 0.6157
vt 0.8646 0.6171
vt 0.8676 0.6171
vt 0.8676 0.6157
vt 0.8611 0.6157
vt 0.8611 0.6171
vt 0.8577 0.6157
vt 0.8577 0.6171
vt 0.8547 0.6157
vt 0.8547 0.6171
vt 0.7343 0.3728
vt 0.7308 0.3728
vt 0.7308 0.3742
vt 0.7343 0.3742
vt 0.7376 0.3742
vt 0.7376 0.3728
vt 0.7402 0.3742
vt 0.7402 0.3728
vt 0.7471 0.3725
vt 0.7436 0.3725
vt 0.7436 0.3739
vt 0.7471 0.3739
vt 0.7503 0.3739
vt 0.7503 0.3725
vt 0.7838 0.0238
vt 0.7808 0.0238
vt 0.7808 0.0252
vt 0.7838 0.0252
vt 0.8606 0.5222
vt 0.8606 0.5145
vt 0.8574 0.5145
vt 0.8574 0.5222
vt 0.8633 0.5145
vt 0.8633 0.5222
vt 0.7249 0.9049
vt 0.7249 0.9126
vt 0.7273 0.9126
vt 0.7273 0.9049
vt 0.7219 0.9049
vt 0.7219 0.9126
vt 0.7187 0.9049
vt 0.7187 0.9126
vt 0.7157 0.9049
vt 0.7157 0.9126
vt 0.7132 0.9126
vt 0.7132 0.9049
vt 0.8606 0.5311
vt 0.8633 0.5311
vt 0.8633 0.5235
vt 0.8606 0.5235
vt 0.8574 0.5311
vt 0.8574 0.5235
vt 0.8543 0.5235
vt 0.8543 0.5311
vt 0.8515 0.5235
vt 0.8515 0.5311
vt 0.8609 0.4791
vt 0.8609 0.4867
vt 0.8633 0.4867
vt 0.8633 0.4791
vt 0.8579 0.4791
vt 0.8579 0.4867
vt 0.8547 0.4867
vt 0.8547 0.4791
vt 0.8517 0.4867
vt 0.8517 0.4791
vt 0.8492 0.4867
vt 0.8492 0.4791
vt 0.8543 0.5222
vt 0.8543 0.5145
vt 0.8515 0.5145
vt 0.8515 0.5222
vt 0.6054 0.1264
vt 0.6049 0.1255
vt 0.6042 0.1249
vt 0.6042 0.1298
vt 0.6032 0.1246
vt 0.6022 0.1246
vt 0.6006 0.1255
vt 0.6013 0.1249
vt 0.6001 0.1264
vt 0.5999 0.1274
vt 0.6006 0.1292
vt 0.6001 0.1283
vt 0.6013 0.1298
vt 0.6022 0.1302
vt 0.6032 0.1302
vt 0.6054 0.1283
vt 0.6049 0.1292
vt 0.6056 0.1274
vt 0.7556 0.3652
vt 0.7556 0.3633
vt 0.7542 0.3633
vt 0.7542 0.3652
vt 0.8461 0.4823
vt 0.8461 0.4843
vt 0.8488 0.4843
vt 0.8488 0.4823
vt 0.7556 0.3615
vt 0.7542 0.3615
vt 0.8488 0.486
vt 0.8461 0.486
vt 0.6136 0.5917
vt 0.6152 0.5917
vt 0.6152 0.5904
vt 0.6136 0.5904
vt 0.6094 0.0888
vt 0.611 0.0888
vt 0.611 0.0862
vt 0.6094 0.0862
vt 0.6118 0.5904
vt 0.6118 0.5917
vt 0.6076 0.0862
vt 0.6076 0.0888
vt 0.6098 0.5904
vt 0.6098 0.5917
vt 0.6056 0.0862
vt 0.6056 0.0888
vt 0.6079 0.5904
vt 0.6079 0.5917
vt 0.6037 0.0862
vt 0.6037 0.0888
vt 0.6063 0.5904
vt 0.6063 0.5917
vt 0.6021 0.0888
vt 0.6021 0.0862
vt 0.7599 0.8528
vt 0.7616 0.8528
vt 0.7616 0.8514
vt 0.7599 0.8514
vt 0.8484 0.5219
vt 0.8511 0.5219
vt 0.8511 0.5202
vt 0.8484 0.5202
vt 0.7579 0.8528
vt 0.7579 0.8514
vt 0.8484 0.5182
vt 0.8511 0.5182
vt 0.756 0.8514
vt 0.756 0.8528
vt 0.8511 0.5162
vt 0.8484 0.5162
vt 0.7542 0.8514
vt 0.7542 0.8528
vt 0.8511 0.5145
vt 0.8484 0.5145
vt 0.8614 0.5333
vt 0.8614 0.5319
vt 0.8599 0.5319
vt 0.8599 0.5333
vt 0.7626 0.3617
vt 0.7599 0.3617
vt 0.7599 0.3632
vt 0.7626 0.3632
vt 0.858 0.5319
vt 0.858 0.5333
vt 0.7599 0.3651
vt 0.7626 0.3651
vt 0.856 0.5319
vt 0.856 0.5333
vt 0.7599 0.3671
vt 0.7626 0.3671
vt 0.8541 0.5319
vt 0.8541 0.5333
vt 0.7599 0.369
vt 0.7626 0.369
vt 0.8526 0.5319
vt 0.8526 0.5333
vt 0.7599 0.3705
vt 0.7626 0.3705
vt 0.7542 0.3689
vt 0.7556 0.3689
vt 0.7556 0.3672
vt 0.7542 0.3672
vt 0.8488 0.4804
vt 0.8488 0.4786
vt 0.8461 0.4786
vt 0.8461 0.4804
vt 0.8629 0.5591
vt 0.8634 0.5575
vt 0.8609 0.557
vt 0.8609 0.5587
vt 0.8583 0.5575
vt 0.8589 0.5591
vt 0.8572 0.5601
vt 0.8561 0.5588
vt 0.8559 0.5616
vt 0.8544 0.5608
vt 0.8535 0.5632
vt 0.8552 0.5635
vt 0.8535 0.5658
vt 0.8552 0.5655
vt 0.8544 0.5682
vt 0.8559 0.5674
vt 0.8561 0.5702
vt 0.8572 0.5689
vt 0.8589 0.5699
vt 0.8583 0.5715
vt 0.8609 0.572
vt 0.8609 0.5703
vt 0.8634 0.5715
vt 0.8629 0.5699
vt 0.8657 0.5702
vt 0.8646 0.5689
vt 0.8674 0.5682
vt 0.8659 0.5674
vt 0.8683 0.5658
vt 0.8666 0.5655
vt 0.8683 0.5632
vt 0.8666 0.5635
vt 0.8674 0.5608
vt 0.8659 0.5616
vt 0.8657 0.5588
vt 0.8646 0.5601
vt 0.8638 0.5564
vt 0.8609 0.5559
vt 0.8579 0.5564
vt 0.8553 0.5579
vt 0.8534 0.5602
vt 0.8524 0.563
vt 0.8524 0.566
vt 0.8534 0.5688
vt 0.8553 0.5711
vt 0.8579 0.5726
vt 0.8609 0.5731
vt 0.8638 0.5726
vt 0.8664 0.5711
vt 0.8684 0.5688
vt 0.8694 0.566
vt 0.8694 0.563
vt 0.8684 0.5602
vt 0.8664 0.5579
vt 0.7597 0.8463
vt 0.7625 0.8473
vt 0.7628 0.8453
vt 0.7599 0.8453
vt 0.7592 0.8471
vt 0.7615 0.849
vt 0.7585 0.8478
vt 0.7599 0.8503
vt 0.7575 0.8481
vt 0.758 0.851
vt 0.756 0.851
vt 0.7565 0.8481
vt 0.7556 0.8478
vt 0.7542 0.8503
vt 0.7549 0.8471
vt 0.7526 0.849
vt 0.7544 0.8463
vt 0.7516 0.8473
vt 0.7542 0.8453
vt 0.7513 0.8453
vt 0.7544 0.8443
vt 0.7516 0.8433
vt 0.7549 0.8435
vt 0.7526 0.8416
vt 0.7556 0.8428
vt 0.7542 0.8403
vt 0.7565 0.8425
vt 0.756 0.8396
vt 0.7575 0.8425
vt 0.758 0.8396
vt 0.7585 0.8428
vt 0.7599 0.8403
vt 0.7592 0.8435
vt 0.7615 0.8416
vt 0.7597 0.8443
vt 0.7625 0.8433
vt 0.6246 0.6679
vt 0.6236 0.6679
vt 0.6236 0.6708
vt 0.6246 0.6708
vt 0.6255 0.6708
vt 0.6255 0.6679
vt 0.6298 0.6668
vt 0.6298 0.6661
vt 0.6269 0.6661
vt 0.6269 0.6668
vt 0.6298 0.6678
vt 0.6269 0.6678
vt 0.6269 0.6688
vt 0.6298 0.6688
vt 0.6269 0.6697
vt 0.6298 0.6697
vt 0.6269 0.6704
vt 0.6298 0.6704
vt 0.7246 0.9009
vt 0.7246 0.9037
vt 0.7255 0.9037
vt 0.7255 0.9009
vt 0.7237 0.9009
vt 0.7237 0.9037
vt 0.7227 0.9009
vt 0.7227 0.9037
vt 0.7218 0.9009
vt 0.7218 0.9037
vt 0.8697 0.4976
vt 0.8697 0.5005
vt 0.8707 0.5005
vt 0.8707 0.4976
vt 0.8688 0.5005
vt 0.8688 0.4976
vt 0.8681 0.4976
vt 0.8681 0.5005
vt 0.813 0.8776
vt 0.813 0.8786
vt 0.8159 0.8786
vt 0.8159 0.8776
vt 0.813 0.8767
vt 0.8159 0.8767
vt 0.6227 0.6679
vt 0.6218 0.6679
vt 0.6218 0.6708
vt 0.6227 0.6708
vt 0.8574 0.5226
vt 0.8605 0.5226
vt 0.8543 0.5226
vt 0.8516 0.5226
vt 0.8517 0.4786
vt 0.8493 0.4786
vt 0.8547 0.4786
vt 0.8579 0.4786
vt 0.8608 0.4786
vt 0.8632 0.4786
vt 0.8516 0.523
vt 0.8543 0.523
vt 0.8574 0.523
vt 0.8605 0.523
vt 0.8632 0.523
vt 0.7157 0.9045
vt 0.7133 0.9045
vt 0.7187 0.9045
vt 0.7218 0.9045
vt 0.7248 0.9045
vt 0.7272 0.9045
vt 0.8632 0.5226
vt 0.864 0.556
vt 0.8609 0.5554
vt 0.8578 0.556
vt 0.8551 0.5576
vt 0.853 0.56
vt 0.852 0.5629
vt 0.852 0.5661
vt 0.853 0.569
vt 0.8551 0.5715
vt 0.8578 0.573
vt 0.8609 0.5736
vt 0.864 0.573
vt 0.8667 0.5715
vt 0.8687 0.569
vt 0.8698 0.5661
vt 0.8698 0.5629
vt 0.8687 0.56
vt 0.8667 0.5576
vt 0.5936 0.1704
vt 0.5936 0.1797
vt 0.5981 0.1797
vt 0.5981 0.1704
vt 0.6023 0.1797
vt 0.6023 0.1704
vt 0.6058 0.1797
vt 0.6058 0.1704
vt 0.6362 0.6808
vt 0.6362 0.6715
vt 0.6323 0.6715
vt 0.6323 0.6808
vt 0.6279 0.6715
vt 0.6279 0.6808
vt 0.6235 0.6715
vt 0.6235 0.6808
vt 0.6196 0.6715
vt 0.6196 0.6808
vt 0.5782 0.1543
vt 0.5782 0.1635
vt 0.5817 0.1635
vt 0.5817 0.1543
vt 0.5859 0.1635
vt 0.5859 0.1543
vt 0.5904 0.1635
vt 0.5904 0.1543
vt 0.6578 0.8124
vt 0.6578 0.8251
vt 0.6594 0.8251
vt 0.6594 0.8124
vt 0.6564 0.8124
vt 0.6564 0.8251
vt 0.5778 0.1404
vt 0.5778 0.1416
vt 0.5906 0.1416
vt 0.5906 0.1404
vt 0.5778 0.1431
vt 0.5906 0.1431
vt 0.5778 0.1447
vt 0.5906 0.1447
vt 0.5778 0.1462
vt 0.5906 0.1462
vt 0.5778 0.1474
vt 0.5906 0.1474
vt 0.5985 0.8126
vt 0.5971 0.8126
vt 0.5971 0.8253
vt 0.5985 0.8253
vt 0.5955 0.8126
vt 0.5955 0.8253
vt 0.5829 0.1718
vt 0.5829 0.1782
vt 0.5922 0.1782
vt 0.5922 0.1719
vt 0.6012 0.1635
vt 0.6012 0.1543
vt 0.6578 0.8379
vt 0.6594 0.8379
vt 0.6564 0.8379
vt 0.6033 0.1416
vt 0.6033 0.1404
vt 0.6033 0.1431
vt 0.6033 0.1447
vt 0.6033 0.1462
vt 0.6033 0.1474
vt 0.5971 0.8381
vt 0.5985 0.8381
vt 0.5955 0.8381
vt 0.6657 0.8275
vt 0.667 0.8297
vt 0.6689 0.8313
vt 0.6657 0.8227
vt 0.6712 0.8321
vt 0.6737 0.8321
vt 0.6779 0.8297
vt 0.676 0.8313
vt 0.6791 0.8275
vt 0.6795 0.8251
vt 0.6779 0.8205
vt 0.6791 0.8227
vt 0.676 0.8189
vt 0.6737 0.8181
vt 0.6689 0.8189
vt 0.6712 0.8181
vt 0.667 0.8205
vt 0.6652 0.8251
vt 0.666 0.8363
vt 0.6625 0.8334
vt 0.6702 0.8379
vt 0.6603 0.8295
vt 0.6625 0.8168
vt 0.666 0.8139
vt 0.6702 0.8124
vt 0.6603 0.8207
vt 0.6747 0.8379
vt 0.6742 0.835
vt 0.6707 0.835
vt 0.6702 0.8379
vt 0.6789 0.8363
vt 0.6774 0.8338
vt 0.6824 0.8334
vt 0.6801 0.8315
vt 0.6846 0.8295
vt 0.6819 0.8285
vt 0.6854 0.8251
vt 0.6825 0.8251
vt 0.6846 0.8207
vt 0.6819 0.8217
vt 0.6824 0.8168
vt 0.6801 0.8186
vt 0.6789 0.8139
vt 0.6774 0.8164
vt 0.6747 0.8124
vt 0.6742 0.8152
vt 0.6702 0.8124
vt 0.6707 0.8152
vt 0.666 0.8139
vt 0.6674 0.8164
vt 0.6625 0.8168
vt 0.6647 0.8186
vt 0.663 0.8217
vt 0.6603 0.8207
vt 0.6594 0.8251
vt 0.6623 0.8251
vt 0.6603 0.8295
vt 0.663 0.8285
vt 0.6625 0.8334
vt 0.6647 0.8315
vt 0.666 0.8363
vt 0.6674 0.8338
vt 0.6742 0.835
vt 0.6737 0.8321
vt 0.6712 0.8321
vt 0.6707 0.835
vt 0.6774 0.8338
vt 0.676 0.8313
vt 0.6801 0.8315
vt 0.6779 0.8297
vt 0.6819 0.8285
vt 0.6791 0.8275
vt 0.6825 0.8251
vt 0.6795 0.8251
vt 0.6819 0.8217
vt 0.6791 0.8227
vt 0.6801 0.8186
vt 0.6779 0.8205
vt 0.6774 0.8164
vt 0.676 0.8189
vt 0.6742 0.8152
vt 0.6737 0.8181
vt 0.6707 0.8152
vt 0.6712 0.8181
vt 0.6674 0.8164
vt 0.6689 0.8189
vt 0.6647 0.8186
vt 0.667 0.8205
vt 0.663 0.8217
vt 0.6657 0.8227
vt 0.6623 0.8251
vt 0.6652 0.8251
vt 0.6657 0.8275
vt 0.663 0.8285
vt 0.6647 0.8315
vt 0.667 0.8297
vt 0.6674 0.8338
vt 0.6689 0.8313
vt 0.5847 0.8381
vt 0.5847 0.8126
vt 0.5817 0.1721
vt 0.5808 0.1726
vt 0.5801 0.1734
vt 0.5801 0.1766
vt 0.5797 0.1745
vt 0.5797 0.1756
vt 0.5808 0.1774
vt 0.5817 0.178
vt 0.5802 0.8126
vt 0.576 0.8141
vt 0.5725 0.817
vt 0.5703 0.8209
vt 0.5695 0.8253
vt 0.5703 0.8297
vt 0.5725 0.8336
vt 0.5802 0.8381
vt 0.576 0.8365
vt 0.7868 0.264
vt 0.7868 0.2591
vt 0.7519 0.2591
vt 0.7519 0.264
vt 0.7519 0.2684
vt 0.7868 0.2684
vt 0.7868 0.3263
vt 0.7868 0.3225
vt 0.7519 0.3225
vt 0.7519 0.3263
vt 0.7868 0.331
vt 0.7519 0.331
vt 0.7868 0.3361
vt 0.7519 0.3361
vt 0.7868 0.3408
vt 0.7519 0.3408
vt 0.7868 0.3446
vt 0.7519 0.3446
vt 0.7868 0.2781
vt 0.7868 0.2738
vt 0.7519 0.2738
vt 0.7519 0.2781
vt 0.7868 0.2831
vt 0.7519 0.2831
vt 0.7868 0.288
vt 0.7519 0.288
vt 0.7868 0.2924
vt 0.7519 0.2924
vt 0.7868 0.3002
vt 0.7868 0.2963
vt 0.7519 0.2963
vt 0.7519 0.3002
vt 0.7868 0.3049
vt 0.7519 0.3049
vt 0.7868 0.3099
vt 0.7519 0.3099
vt 0.7868 0.3146
vt 0.7519 0.3146
vt 0.7868 0.3185
vt 0.7519 0.3185
vt 0.7868 0.2541
vt 0.7868 0.2498
vt 0.7519 0.2498
vt 0.7519 0.2541
vt 0.7139 0.8694
vt 0.7152 0.8705
vt 0.7168 0.8711
vt 0.7127 0.8663
vt 0.7185 0.8711
vt 0.7201 0.8705
vt 0.7223 0.868
vt 0.7214 0.8694
vt 0.7226 0.8663
vt 0.7223 0.8646
vt 0.7201 0.862
vt 0.7214 0.8631
vt 0.7185 0.8615
vt 0.7168 0.8615
vt 0.7139 0.8631
vt 0.7152 0.862
vt 0.713 0.8646
vt 0.713 0.868
vt 0.7232 0.5863
vt 0.7222 0.5846
vt 0.7207 0.5833
vt 0.7232 0.5901
vt 0.7188 0.5826
vt 0.7169 0.5826
vt 0.7135 0.5846
vt 0.715 0.5833
vt 0.7125 0.5863
vt 0.7122 0.5882
vt 0.7135 0.5918
vt 0.7125 0.5901
vt 0.715 0.5931
vt 0.7169 0.5938
vt 0.7207 0.5931
vt 0.7188 0.5938
vt 0.7222 0.5918
vt 0.7235 0.5882
vt 0.8058 0.897
vt 0.8033 0.8975
vt 0.8035 0.9039
vt 0.8081 0.903
vt 0.7042 0.8663
vt 0.705 0.8617
vt 0.8121 0.9006
vt 0.8079 0.8957
vt 0.7073 0.8576
vt 0.815 0.8971
vt 0.8094 0.8938
vt 0.7109 0.8546
vt 0.8166 0.8927
vt 0.8102 0.8915
vt 0.7153 0.853
vt 0.8165 0.8881
vt 0.8102 0.8891
vt 0.72 0.853
vt 0.8093 0.8869
vt 0.8148 0.8839
vt 0.7244 0.8546
vt 0.8118 0.8804
vt 0.8077 0.885
vt 0.728 0.8576
vt 0.8077 0.8782
vt 0.8056 0.8839
vt 0.7303 0.8617
vt 0.8031 0.8775
vt 0.8031 0.8835
vt 0.7311 0.8663
vt 0.7985 0.8784
vt 0.8007 0.884
vt 0.7303 0.8709
vt 0.7945 0.8808
vt 0.7986 0.8852
vt 0.728 0.8749
vt 0.7915 0.8843
vt 0.797 0.8871
vt 0.7244 0.8779
vt 0.79 0.8887
vt 0.7962 0.8894
vt 0.72 0.8795
vt 0.7962 0.8918
vt 0.7901 0.8933
vt 0.7153 0.8795
vt 0.7917 0.8975
vt 0.7971 0.8941
vt 0.7109 0.8779
vt 0.7948 0.901
vt 0.7987 0.8959
vt 0.7073 0.8749
vt 0.7989 0.9032
vt 0.8009 0.8971
vt 0.705 0.8709
vt 0.7295 0.8958
vt 0.7295 0.8947
vt 0.7243 0.8947
vt 0.7243 0.8958
vt 0.8766 0.5053
vt 0.8766 0.5058
vt 0.8818 0.5058
vt 0.8818 0.5053
vt 0.7197 0.8947
vt 0.7198 0.8958
vt 0.8721 0.5053
vt 0.872 0.5058
vt 0.5954 0.5067
vt 0.5913 0.5067
vt 0.5912 0.5078
vt 0.5952 0.5078
vt 0.6724 0.6298
vt 0.6725 0.6303
vt 0.6765 0.6303
vt 0.6764 0.6298
vt 0.5864 0.5067
vt 0.5864 0.5078
vt 0.6675 0.6298
vt 0.6675 0.6303
vt 0.5812 0.5078
vt 0.5811 0.5067
vt 0.6623 0.6303
vt 0.6623 0.6298
vt 0.5762 0.5067
vt 0.5763 0.5078
vt 0.6574 0.6298
vt 0.6573 0.6303
vt 0.5721 0.5067
vt 0.5723 0.5078
vt 0.6533 0.6303
vt 0.6534 0.6298
vt 0.6492 0.7071
vt 0.6446 0.7071
vt 0.6446 0.7082
vt 0.6491 0.7082
vt 0.8869 0.47
vt 0.8915 0.47
vt 0.8914 0.4694
vt 0.8869 0.4694
vt 0.6394 0.7071
vt 0.6394 0.7082
vt 0.8818 0.47
vt 0.8818 0.4694
vt 0.6343 0.7071
vt 0.6343 0.7082
vt 0.8766 0.4694
vt 0.8766 0.47
vt 0.6297 0.7071
vt 0.6298 0.7082
vt 0.8721 0.4694
vt 0.872 0.47
vt 0.5912 0.4719
vt 0.5952 0.4719
vt 0.5954 0.4709
vt 0.5913 0.4709
vt 0.1938 0.001
vt 0.1978 0.001
vt 0.1977 0.0005
vt 0.1937 0.0005
vt 0.5864 0.4709
vt 0.5864 0.4719
vt 0.1889 0.001
vt 0.1888 0.0005
vt 0.5811 0.4709
vt 0.5812 0.4719
vt 0.1836 0.001
vt 0.1836 0.0005
vt 0.5762 0.4709
vt 0.5763 0.4719
vt 0.1787 0.0005
vt 0.1786 0.001
vt 0.5721 0.4709
vt 0.5723 0.4719
vt 0.1747 0.0005
vt 0.1746 0.001
vt 0.7391 0.8958
vt 0.7392 0.8947
vt 0.7346 0.8947
vt 0.7346 0.8958
vt 0.8914 0.5053
vt 0.8869 0.5053
vt 0.8869 0.5058
vt 0.8915 0.5058
vt 0.7245 0.8965
vt 0.7295 0.8965
vt 0.8035 0.9049
vt 0.8084 0.904
vt 0.7041 0.8614
vt 0.7036 0.8612
vt 0.7027 0.8663
vt 0.7032 0.8663
vt 0.8127 0.9014
vt 0.8086 0.9046
vt 0.8131 0.902
vt 0.7066 0.857
vt 0.7062 0.8567
vt 0.8164 0.898
vt 0.8159 0.8976
vt 0.7104 0.8538
vt 0.7102 0.8533
vt 0.5863 0.5085
vt 0.591 0.5085
vt 0.8175 0.8929
vt 0.7151 0.8521
vt 0.715 0.8515
vt 0.5813 0.5085
vt 0.8174 0.888
vt 0.7202 0.8521
vt 0.7202 0.8515
vt 0.5766 0.5085
vt 0.8157 0.8835
vt 0.7249 0.8538
vt 0.7251 0.8533
vt 0.7432 0.3661
vt 0.7422 0.3662
vt 0.7418 0.3712
vt 0.7428 0.3713
vt 0.8124 0.8798
vt 0.7287 0.857
vt 0.7291 0.8567
vt 0.7425 0.3612
vt 0.7415 0.3614
vt 0.808 0.8774
vt 0.7312 0.8614
vt 0.7317 0.8612
vt 0.6394 0.7089
vt 0.6444 0.7089
vt 0.8031 0.8767
vt 0.7321 0.8663
vt 0.7326 0.8663
vt 0.6345 0.7089
vt 0.7982 0.8776
vt 0.7312 0.8712
vt 0.7317 0.8714
vt 0.742 0.5857
vt 0.7469 0.5865
vt 0.7471 0.5855
vt 0.742 0.5848
vt 0.7939 0.8802
vt 0.7287 0.8755
vt 0.7291 0.8759
vt 0.737 0.5851
vt 0.7371 0.586
vt 0.7907 0.884
vt 0.7249 0.8788
vt 0.7251 0.8793
vt 0.5863 0.4727
vt 0.591 0.4727
vt 0.7891 0.8886
vt 0.7202 0.8805
vt 0.7202 0.881
vt 0.5813 0.4727
vt 0.7892 0.8935
vt 0.7151 0.8805
vt 0.715 0.881
vt 0.5766 0.4727
vt 0.7909 0.8981
vt 0.7104 0.8788
vt 0.7102 0.8793
vt 0.7594 0.3721
vt 0.7594 0.3711
vt 0.7544 0.3707
vt 0.7542 0.3717
vt 0.7942 0.9018
vt 0.7066 0.8755
vt 0.7062 0.8759
vt 0.7939 0.9024
vt 0.7984 0.9048
vt 0.7986 0.9042
vt 0.7036 0.8714
vt 0.7041 0.8712
vt 0.7344 0.8965
vt 0.8319 0.7684
vt 0.8295 0.7684
vt 0.8295 0.7727
vt 0.8319 0.7727
vt 0.8274 0.7684
vt 0.8274 0.7727
vt 0.7436 0.3631
vt 0.7479 0.3631
vt 0.7479 0.3612
vt 0.7436 0.3612
vt 0.7479 0.3654
vt 0.7436 0.3654
vt 0.7436 0.3679
vt 0.7479 0.3679
vt 0.7436 0.3702
vt 0.7479 0.3702
vt 0.7436 0.3721
vt 0.7479 0.3721
vt 0.9381 0.7992
vt 0.9381 0.7949
vt 0.936 0.7949
vt 0.936 0.7992
vt 0.9335 0.7949
vt 0.9335 0.7992
vt 0.9311 0.7949
vt 0.9311 0.7992
vt 0.929 0.7949
vt 0.929 0.7992
vt 0.9411 0.9834
vt 0.9411 0.9877
vt 0.943 0.9877
vt 0.943 0.9834
vt 0.9388 0.9834
vt 0.9388 0.9877
vt 0.9363 0.9834
vt 0.9363 0.9877
vt 0.934 0.9834
vt 0.934 0.9877
vt 0.9321 0.9877
vt 0.9321 0.9834
vt 0.8344 0.7684
vt 0.8344 0.7727
vt 0.8365 0.7727
vt 0.8365 0.7684
vt 0.7239 0.586
vt 0.7243 0.5882
vt 0.7228 0.584
vt 0.7211 0.5826
vt 0.719 0.5818
vt 0.7167 0.5818
vt 0.7146 0.5826
vt 0.7129 0.584
vt 0.7118 0.586
vt 0.7114 0.5882
vt 0.7118 0.5904
vt 0.7129 0.5924
vt 0.7146 0.5938
vt 0.7167 0.5946
vt 0.719 0.5946
vt 0.7211 0.5938
vt 0.7228 0.5924
vt 0.7239 0.5904
vt 0.7639 0.3584
vt 0.7627 0.3595
vt 0.763 0.3601
vt 0.7643 0.359
vt 0.8296 0.7735
vt 0.8319 0.7735
vt 0.744 0.5944
vt 0.7416 0.5941
vt 0.7417 0.5948
vt 0.7439 0.5951
vt 0.8275 0.7735
vt 0.7393 0.5945
vt 0.7395 0.5951
vt 0.7487 0.3632
vt 0.7487 0.3613
vt 0.7304 0.3731
vt 0.7298 0.3727
vt 0.7286 0.3737
vt 0.729 0.3742
vt 0.7487 0.3654
vt 0.7487 0.3678
vt 0.7492 0.3678
vt 0.7492 0.3655
vt 0.7314 0.3713
vt 0.7321 0.3691
vt 0.7314 0.369
vt 0.7308 0.3711
vt 0.7487 0.3701
vt 0.7323 0.3667
vt 0.7316 0.3667
vt 0.7487 0.372
vt 0.732 0.3644
vt 0.7313 0.3646
vt 0.938 0.8
vt 0.9359 0.8
vt 0.7306 0.3628
vt 0.7312 0.3625
vt 0.9335 0.8
vt 0.73 0.3612
vt 0.7295 0.3616
vt 0.9312 0.8
vt 0.7439 0.5966
vt 0.7441 0.596
vt 0.7417 0.5956
vt 0.7417 0.5963
vt 0.9291 0.8
vt 0.7394 0.5958
vt 0.7395 0.5964
vt 0.941 0.9885
vt 0.9429 0.9885
vt 0.7374 0.5964
vt 0.7377 0.597
vt 0.9388 0.9885
vt 0.9387 0.989
vt 0.9363 0.9885
vt 0.9364 0.989
vt 0.7564 0.361
vt 0.7566 0.3604
vt 0.7545 0.3598
vt 0.7542 0.3604
vt 0.9341 0.9885
vt 0.7588 0.3612
vt 0.7588 0.3606
vt 0.9322 0.9885
vt 0.7611 0.3609
vt 0.7609 0.3603
vt 0.8364 0.7735
vt 0.8343 0.7735
vt 0.8238 0.2684
vt 0.8292 0.2684
vt 0.8292 0.2662
vt 0.8238 0.2662
vt 0.8766 0.51
vt 0.8818 0.51
vt 0.819 0.2662
vt 0.819 0.2684
vt 0.872 0.51
vt 0.8086 0.3366
vt 0.8086 0.3388
vt 0.8128 0.3388
vt 0.8128 0.3366
vt 0.6725 0.6345
vt 0.6765 0.6345
vt 0.8034 0.3366
vt 0.8034 0.3388
vt 0.6675 0.6345
vt 0.7979 0.3366
vt 0.7979 0.3388
vt 0.6623 0.6345
vt 0.7927 0.3366
vt 0.7927 0.3388
vt 0.6573 0.6345
vt 0.7885 0.3366
vt 0.7885 0.3388
vt 0.6533 0.6345
vt 0.8041 0.2617
vt 0.8041 0.2639
vt 0.8089 0.2639
vt 0.8089 0.2617
vt 0.8869 0.4742
vt 0.8915 0.4742
vt 0.7987 0.2617
vt 0.7987 0.2639
vt 0.8818 0.4742
vt 0.7933 0.2617
vt 0.7933 0.2639
vt 0.8766 0.4742
vt 0.7885 0.2639
vt 0.7885 0.2617
vt 0.872 0.4742
vt 0.8128 0.3105
vt 0.8086 0.3105
vt 0.8086 0.3126
vt 0.8128 0.3126
vt 0.1978 0.0052
vt 0.1938 0.0052
vt 0.8034 0.3105
vt 0.8034 0.3126
vt 0.1889 0.0052
vt 0.7979 0.3126
vt 0.7979 0.3105
vt 0.1836 0.0052
vt 0.7927 0.3105
vt 0.7927 0.3126
vt 0.1786 0.0052
vt 0.7885 0.3105
vt 0.7885 0.3126
vt 0.1746 0.0052
vt 0.8394 0.2684
vt 0.8394 0.2662
vt 0.8346 0.2662
vt 0.8346 0.2684
vt 0.8915 0.51
vt 0.8869 0.51
vt 0.7295 0.8937
vt 0.7243 0.8937
vt 0.5824 0.1232
vt 0.5824 0.1243
vt 0.5876 0.1243
vt 0.5876 0.1232
vt 0.7197 0.8937
vt 0.5778 0.1243
vt 0.5778 0.1232
vt 0.5913 0.5057
vt 0.5954 0.5057
vt 0.8582 0.5049
vt 0.8582 0.5059
vt 0.8623 0.5059
vt 0.8623 0.5049
vt 0.5864 0.5057
vt 0.8533 0.5059
vt 0.8533 0.5049
vt 0.5811 0.5057
vt 0.848 0.5049
vt 0.848 0.5059
vt 0.5762 0.5057
vt 0.8431 0.5059
vt 0.8431 0.5049
vt 0.5721 0.5057
vt 0.839 0.5049
vt 0.839 0.5059
vt 0.6492 0.7061
vt 0.6446 0.7061
vt 0.7176 0.816
vt 0.7222 0.816
vt 0.7222 0.8149
vt 0.7176 0.8149
vt 0.6394 0.7061
vt 0.7124 0.8149
vt 0.7124 0.816
vt 0.6343 0.7061
vt 0.7072 0.816
vt 0.7072 0.8149
vt 0.6297 0.7061
vt 0.7027 0.8149
vt 0.7027 0.816
vt 0.5913 0.4698
vt 0.5954 0.4698
vt 0.8582 0.4701
vt 0.8623 0.4701
vt 0.8623 0.469
vt 0.8582 0.469
vt 0.5864 0.4698
vt 0.8533 0.469
vt 0.8533 0.4701
vt 0.5811 0.4698
vt 0.848 0.4701
vt 0.848 0.469
vt 0.5762 0.4698
vt 0.8431 0.469
vt 0.8431 0.4701
vt 0.5721 0.4698
vt 0.839 0.4701
vt 0.839 0.469
vt 0.7346 0.8937
vt 0.7392 0.8937
vt 0.5928 0.1232
vt 0.5928 0.1243
vt 0.5973 0.1243
vt 0.5973 0.1232
vt 0.8458 0.6114
vt 0.8465 0.6112
vt 0.8455 0.606
vt 0.8448 0.606
vt 0.8455 0.606
vt 0.8465 0.6008
vt 0.8458 0.6006
vt 0.8448 0.606
vt 0.8465 0.6008
vt 0.8491 0.5963
vt 0.8486 0.5958
vt 0.8458 0.6006
vt 0.8531 0.5929
vt 0.8528 0.5923
vt 0.8581 0.5911
vt 0.858 0.5904
vt 0.8528 0.5923
vt 0.8531 0.5929
vt 0.8581 0.5911
vt 0.8633 0.5911
vt 0.8635 0.5904
vt 0.858 0.5904
vt 0.8683 0.5929
vt 0.8686 0.5923
vt 0.8723 0.5963
vt 0.8729 0.5958
vt 0.8686 0.5923
vt 0.8683 0.5929
vt 0.875 0.6008
vt 0.8756 0.6006
vt 0.8766 0.606
vt 0.8756 0.6006
vt 0.875 0.6008
vt 0.8759 0.606
vt 0.8766 0.606
vt 0.8759 0.606
vt 0.875 0.6112
vt 0.8756 0.6114
vt 0.8723 0.6158
vt 0.8729 0.6162
vt 0.8756 0.6114
vt 0.875 0.6112
vt 0.8683 0.6192
vt 0.8686 0.6198
vt 0.8635 0.6216
vt 0.8686 0.6198
vt 0.8683 0.6192
vt 0.8633 0.621
vt 0.8581 0.621
vt 0.858 0.6216
vt 0.8531 0.6192
vt 0.8528 0.6198
vt 0.858 0.6216
vt 0.8581 0.621
vt 0.8491 0.6158
vt 0.8486 0.6162
vt 0.8528 0.6198
vt 0.8531 0.6192
vt 0.8491 0.6158
vt 0.8465 0.6112
vt 0.8458 0.6114
vt 0.8486 0.6162
vt 0.8458 0.559
vt 0.8448 0.5644
vt 0.8455 0.5644
vt 0.8465 0.5592
vt 0.8491 0.5547
vt 0.8486 0.5542
vt 0.8458 0.559
vt 0.8465 0.5592
vt 0.8531 0.5513
vt 0.8528 0.5507
vt 0.8581 0.5495
vt 0.858 0.5488
vt 0.8528 0.5507
vt 0.8531 0.5513
vt 0.8633 0.5495
vt 0.8635 0.5488
vt 0.8683 0.5513
vt 0.8686 0.5507
vt 0.8723 0.5547
vt 0.8729 0.5542
vt 0.875 0.5592
vt 0.8756 0.559
vt 0.8729 0.5542
vt 0.8723 0.5547
vt 0.8759 0.5644
vt 0.8766 0.5644
vt 0.8756 0.559
vt 0.875 0.5592
vt 0.8766 0.5644
vt 0.8759 0.5644
vt 0.875 0.5696
vt 0.8756 0.5698
vt 0.8723 0.5742
vt 0.8729 0.5746
vt 0.8756 0.5698
vt 0.875 0.5696
vt 0.8723 0.5742
vt 0.8683 0.5775
vt 0.8686 0.5781
vt 0.8729 0.5746
vt 0.8633 0.5793
vt 0.8635 0.58
vt 0.8686 0.5781
vt 0.8683 0.5775
vt 0.8581 0.5793
vt 0.858 0.58
vt 0.858 0.58
vt 0.8581 0.5793
vt 0.8531 0.5775
vt 0.8528 0.5781
vt 0.8491 0.5742
vt 0.8486 0.5746
vt 0.8486 0.5746
vt 0.8491 0.5742
vt 0.8465 0.5696
vt 0.8458 0.5698
vt 0.8465 0.5696
vt 0.8455 0.5644
vt 0.8448 0.5644
vt 0.8458 0.5698
vt 0.7038 0.9128
vt 0.7045 0.9128
vt 0.7053 0.9078
vt 0.7047 0.9076
vt 0.7047 0.918
vt 0.7053 0.9177
vt 0.7045 0.9128
vt 0.7038 0.9128
vt 0.7078 0.9221
vt 0.7053 0.9177
vt 0.7047 0.918
vt 0.7073 0.9225
vt 0.7073 0.9225
vt 0.7113 0.9259
vt 0.7117 0.9253
vt 0.7078 0.9221
vt 0.7164 0.927
vt 0.7163 0.9277
vt 0.7216 0.9277
vt 0.7214 0.927
vt 0.7164 0.927
vt 0.7163 0.9277
vt 0.7214 0.927
vt 0.7216 0.9277
vt 0.7265 0.9259
vt 0.7262 0.9253
vt 0.73 0.9221
vt 0.7262 0.9253
vt 0.7265 0.9259
vt 0.7305 0.9225
vt 0.73 0.9221
vt 0.7305 0.9225
vt 0.7332 0.918
vt 0.7325 0.9177
vt 0.7325 0.9177
vt 0.7332 0.918
vt 0.7341 0.9128
vt 0.7334 0.9128
vt 0.7341 0.9128
vt 0.7332 0.9076
vt 0.7325 0.9078
vt 0.7334 0.9128
vt 0.73 0.9035
vt 0.7305 0.903
vt 0.73 0.9035
vt 0.7305 0.903
vt 0.7265 0.8996
vt 0.7262 0.9002
vt 0.7216 0.8978
vt 0.7214 0.8985
vt 0.7163 0.8978
vt 0.7164 0.8985
vt 0.7214 0.8985
vt 0.7216 0.8978
vt 0.7113 0.8996
vt 0.7117 0.9002
vt 0.7117 0.9002
vt 0.7113 0.8996
vt 0.7073 0.903
vt 0.7078 0.9035
vt 0.7047 0.9076
vt 0.7053 0.9078
vt 0.6136 0.685
vt 0.6142 0.6848
vt 0.6134 0.6798
vt 0.6127 0.6798
vt 0.6142 0.6848
vt 0.6136 0.685
vt 0.6162 0.6896
vt 0.6167 0.6891
vt 0.6162 0.6896
vt 0.6202 0.6929
vt 0.6206 0.6923
vt 0.6167 0.6891
vt 0.6252 0.6947
vt 0.6253 0.6941
vt 0.6305 0.6947
vt 0.6303 0.6941
vt 0.6303 0.6941
vt 0.6305 0.6947
vt 0.6354 0.6929
vt 0.6351 0.6923
vt 0.6354 0.6929
vt 0.6394 0.6896
vt 0.6389 0.6891
vt 0.6351 0.6923
vt 0.6421 0.685
vt 0.6414 0.6848
vt 0.643 0.6798
vt 0.6423 0.6798
vt 0.6414 0.6749
vt 0.6423 0.6798
vt 0.643 0.6798
vt 0.6421 0.6746
vt 0.6394 0.6701
vt 0.6389 0.6705
vt 0.6414 0.6749
vt 0.6421 0.6746
vt 0.6354 0.6667
vt 0.6351 0.6673
vt 0.6351 0.6673
vt 0.6354 0.6667
vt 0.6305 0.6649
vt 0.6303 0.6656
vt 0.6252 0.6649
vt 0.6253 0.6656
vt 0.6303 0.6656
vt 0.6305 0.6649
vt 0.6202 0.6667
vt 0.6206 0.6673
vt 0.6162 0.6701
vt 0.6167 0.6705
vt 0.6142 0.6749
vt 0.6167 0.6705
vt 0.6162 0.6701
vt 0.6136 0.6746
vt 0.6136 0.6746
vt 0.6127 0.6798
vt 0.6134 0.6798
vt 0.6142 0.6749
vt 0.6483 0.8474
vt 0.6494 0.8474
vt 0.6494 0.8467
vt 0.6483 0.8467
vt 0.5843 0.1314
vt 0.5834 0.1314
vt 0.5834 0.1321
vt 0.5843 0.1321
vt 0.6172 0.1321
vt 0.6172 0.1314
vt 0.5843 0.1314
vt 0.5843 0.1321
vt 0.6182 0.1321
vt 0.6182 0.1314
vt 0.6172 0.1314
vt 0.6172 0.1321
vt 0.857 0.6037
vt 0.8563 0.6037
vt 0.8563 0.6047
vt 0.857 0.6047
vt 0.6181 0.2489
vt 0.6172 0.2494
vt 0.6172 0.2505
vt 0.6511 0.2489
vt 0.6521 0.2495
vt 0.6521 0.2505
vt 0.6521 0.2738
vt 0.6521 0.2728
vt 0.6172 0.2728
vt 0.6511 0.2745
vt 0.6172 0.2739
vt 0.6181 0.2745
vt 0.623 0.5498
vt 0.6231 0.5509
vt 0.6238 0.5508
vt 0.6237 0.5497
vt 0.5778 0.3215
vt 0.5787 0.3217
vt 0.5787 0.321
vt 0.5778 0.3208
vt 0.6117 0.3217
vt 0.6117 0.321
vt 0.5787 0.321
vt 0.5787 0.3217
vt 0.6126 0.3214
vt 0.6126 0.3208
vt 0.6117 0.321
vt 0.6117 0.3217
vt 0.7583 0.8456
vt 0.7576 0.8456
vt 0.7575 0.8465
vt 0.7582 0.8466
vt 0.9072 0.6156
vt 0.9063 0.6161
vt 0.9063 0.6171
vt 0.9402 0.6156
vt 0.9412 0.6162
vt 0.9412 0.6171
vt 0.921 0.9461
vt 0.921 0.9452
vt 0.8862 0.9452
vt 0.92 0.9468
vt 0.8862 0.9463
vt 0.8871 0.9468
vt 0.7626 0.7465
vt 0.7626 0.7476
vt 0.7633 0.7476
vt 0.7633 0.7465
vt 0.7621 0.8495
vt 0.7621 0.8506
vt 0.7628 0.8506
vt 0.7628 0.8495
vt 0.7848 0.3208
vt 0.7848 0.3202
vt 0.7519 0.3202
vt 0.7519 0.3208
vt 0.8249 0.9012
vt 0.8249 0.9005
vt 0.8237 0.9005
vt 0.8237 0.9012
vt 0.7563 0.7518
vt 0.7573 0.7517
vt 0.7572 0.751
vt 0.7562 0.7511
vt 0.6053 0.3793
vt 0.6044 0.3798
vt 0.6044 0.3809
vt 0.6382 0.3793
vt 0.6392 0.3809
vt 0.6392 0.3799
vt 0.6392 0.4413
vt 0.6392 0.4403
vt 0.6044 0.4403
vt 0.6382 0.442
vt 0.6044 0.4414
vt 0.6053 0.442
vt 0.6225 0.5513
vt 0.6214 0.5514
vt 0.6215 0.5521
vt 0.6226 0.552
vt 0.7516 0.0171
vt 0.7525 0.0168
vt 0.7525 0.0162
vt 0.7516 0.0165
vt 0.7855 0.0162
vt 0.7525 0.0162
vt 0.7525 0.0168
vt 0.7855 0.0168
vt 0.7865 0.0166
vt 0.7855 0.0162
vt 0.7855 0.0168
vt 0.7865 0.0172
vt 0.764 0.3706
vt 0.763 0.3706
vt 0.763 0.3713
vt 0.764 0.3713
vt 0.5792 0.0354
vt 0.5782 0.0359
vt 0.5782 0.037
vt 0.6121 0.0354
vt 0.6131 0.037
vt 0.6131 0.036
vt 0.9343 0.5339
vt 0.9353 0.5333
vt 0.9353 0.5325
vt 0.9005 0.5325
vt 0.9005 0.5334
vt 0.9014 0.5339
vt 0.9495 0.8076
vt 0.9506 0.8075
vt 0.9505 0.8068
vt 0.9494 0.8069
vt 0.6984 0.4079
vt 0.6984 0.4086
vt 0.6993 0.4085
vt 0.6993 0.4078
vt 0.7323 0.4078
vt 0.6993 0.4078
vt 0.6993 0.4085
vt 0.7323 0.4085
vt 0.7333 0.4079
vt 0.7323 0.4078
vt 0.7323 0.4085
vt 0.7333 0.4086
vt 0.7384 0.5874
vt 0.7374 0.5875
vt 0.7375 0.5882
vt 0.7385 0.5881
vt 0.7431 0.4778
vt 0.7422 0.4784
vt 0.7422 0.4795
vt 0.776 0.4778
vt 0.777 0.4795
vt 0.777 0.4785
vt 0.7689 0.4131
vt 0.7699 0.4124
vt 0.7699 0.4115
vt 0.735 0.4115
vt 0.735 0.4125
vt 0.7359 0.4131
vt 0.6169 0.4743
vt 0.618 0.4742
vt 0.6179 0.4735
vt 0.6168 0.4736
vt 0.7966 0.3751
vt 0.7975 0.3752
vt 0.7975 0.3745
vt 0.7966 0.3744
vt 0.8304 0.3745
vt 0.7975 0.3745
vt 0.7975 0.3752
vt 0.8304 0.3752
vt 0.8314 0.3744
vt 0.8304 0.3745
vt 0.8304 0.3752
vt 0.8314 0.375
vt 0.7401 0.5869
vt 0.7402 0.5879
vt 0.7409 0.5878
vt 0.7408 0.5868
vt 0.6542 0.6269
vt 0.6533 0.6274
vt 0.6533 0.6285
vt 0.6871 0.6269
vt 0.6881 0.6275
vt 0.6881 0.6285
vt 0.233 0.0052
vt 0.234 0.0046
vt 0.234 0.0036
vt 0.1991 0.0036
vt 0.1991 0.0047
vt 0.2 0.0052
vt 0.7526 0.7575
vt 0.7527 0.7564
vt 0.752 0.7564
vt 0.7519 0.7575
vt 0.7516 0.0141
vt 0.7525 0.0144
vt 0.7525 0.0138
vt 0.7516 0.0135
vt 0.7855 0.0138
vt 0.7525 0.0138
vt 0.7525 0.0144
vt 0.7855 0.0144
vt 0.7865 0.0134
vt 0.7855 0.0138
vt 0.7855 0.0144
vt 0.7865 0.014
vt 0.7628 0.8406
vt 0.7627 0.8396
vt 0.762 0.8397
vt 0.7621 0.8406
vt 0.5792 0.0443
vt 0.5782 0.0448
vt 0.5782 0.0459
vt 0.6121 0.0443
vt 0.6131 0.0459
vt 0.6131 0.045
vt 0.9706 0.58
vt 0.9716 0.5794
vt 0.9716 0.5786
vt 0.9368 0.5786
vt 0.9368 0.5795
vt 0.9377 0.58
vt 0.6156 0.4735
vt 0.6157 0.4746
vt 0.6164 0.4746
vt 0.6163 0.4735
vt 0.8448 0.5416
vt 0.8459 0.5416
vt 0.8459 0.5409
vt 0.8448 0.5409
vt 0.8738 0.5409
vt 0.8459 0.5409
vt 0.8459 0.5416
vt 0.8738 0.5416
vt 0.8237 0.8994
vt 0.8237 0.9001
vt 0.8249 0.9001
vt 0.8249 0.8994
vt 0.7552 0.3694
vt 0.7542 0.3694
vt 0.7542 0.3701
vt 0.7552 0.3701
vt 0.6053 0.4098
vt 0.6044 0.4103
vt 0.6044 0.4114
vt 0.6382 0.4098
vt 0.6392 0.4114
vt 0.6392 0.4105
vt 0.7404 0.5092
vt 0.7056 0.5092
vt 0.7394 0.5108
vt 0.7404 0.5101
vt 0.7056 0.5103
vt 0.7065 0.5108
vt 0.623 0.5524
vt 0.6237 0.5524
vt 0.6238 0.5513
vt 0.6231 0.5513
vt 0.6401 0.1194
vt 0.6412 0.1194
vt 0.6412 0.1187
vt 0.6401 0.1187
vt 0.6412 0.1187
vt 0.6412 0.1194
vt 0.6691 0.1194
vt 0.6691 0.1187
vt 0.6487 0.8478
vt 0.6487 0.849
vt 0.6494 0.849
vt 0.6494 0.8478
vt 0.7583 0.8451
vt 0.7582 0.8441
vt 0.7575 0.8442
vt 0.7576 0.8451
vt 0.8145 0.3446
vt 0.8483 0.3431
vt 0.8154 0.3431
vt 0.8145 0.3436
vt 0.8493 0.3446
vt 0.8493 0.3437
vt 0.9412 0.5749
vt 0.9412 0.574
vt 0.9063 0.574
vt 0.9402 0.5755
vt 0.9063 0.575
vt 0.9072 0.5755
vt 0.7515 0.8506
vt 0.7522 0.8506
vt 0.7522 0.8495
vt 0.7515 0.8495
vt 0.6186 0.1321
vt 0.6195 0.1321
vt 0.6195 0.1314
vt 0.6186 0.1314
vt 0.6195 0.1314
vt 0.6195 0.1321
vt 0.6525 0.1321
vt 0.6525 0.1314
vt 0.6525 0.1321
vt 0.6535 0.1321
vt 0.6535 0.1314
vt 0.6525 0.1314
vt 0.8558 0.6063
vt 0.8568 0.6063
vt 0.8568 0.6056
vt 0.8558 0.6056
vt 0.6172 0.3268
vt 0.6511 0.3251
vt 0.6181 0.3251
vt 0.6172 0.3257
vt 0.6521 0.3268
vt 0.6521 0.3258
vt 0.6521 0.3
vt 0.6521 0.299
vt 0.6172 0.299
vt 0.6511 0.3006
vt 0.6172 0.3001
vt 0.6181 0.3006
vt 0.6225 0.5497
vt 0.6218 0.5498
vt 0.6219 0.5509
vt 0.6226 0.5508
vt 0.6817 0.1334
vt 0.6828 0.1334
vt 0.6828 0.1327
vt 0.6817 0.1327
vt 0.6828 0.1327
vt 0.6828 0.1334
vt 0.7107 0.1334
vt 0.7107 0.1327
vt 0.7672 0.733
vt 0.7684 0.733
vt 0.7684 0.7323
vt 0.7672 0.7323
vt 0.7561 0.8448
vt 0.757 0.8448
vt 0.7571 0.8441
vt 0.7561 0.8441
vt 0.8145 0.3185
vt 0.8483 0.3169
vt 0.8154 0.3169
vt 0.8145 0.3175
vt 0.8493 0.3185
vt 0.8493 0.3176
vt 0.8239 0.87
vt 0.8239 0.8691
vt 0.7891 0.8691
vt 0.8229 0.8707
vt 0.7891 0.8701
vt 0.79 0.8707
vt 0.7526 0.7465
vt 0.7519 0.7465
vt 0.752 0.7476
vt 0.7527 0.7476
vt 0.7779 0.0332
vt 0.779 0.0332
vt 0.779 0.0325
vt 0.7779 0.0325
vt 0.779 0.0325
vt 0.779 0.0332
vt 0.8069 0.0332
vt 0.8069 0.0325
vt 0.766 0.7323
vt 0.766 0.7335
vt 0.7667 0.7335
vt 0.7667 0.7323
vt 0.7587 0.7532
vt 0.7587 0.7522
vt 0.758 0.7523
vt 0.758 0.7533
vt 0.6044 0.3504
vt 0.6382 0.3487
vt 0.6053 0.3487
vt 0.6044 0.3493
vt 0.6392 0.3504
vt 0.6392 0.3494
vt 0.7867 0.2474
vt 0.7867 0.2464
vt 0.7519 0.2464
vt 0.7858 0.2481
vt 0.7519 0.2475
vt 0.7528 0.2481
vt 0.7673 0.7318
vt 0.7684 0.7318
vt 0.7683 0.7311
vt 0.7672 0.7311
vt 0.634 0.106
vt 0.634 0.1067
vt 0.635 0.1067
vt 0.635 0.106
vt 0.6629 0.106
vt 0.635 0.106
vt 0.635 0.1067
vt 0.6629 0.1067
vt 0.651 0.8486
vt 0.651 0.8478
vt 0.6498 0.8478
vt 0.6498 0.8486
vt 0.7618 0.3709
vt 0.7618 0.3719
vt 0.7625 0.3719
vt 0.7625 0.3709
vt 0.7521 0.0084
vt 0.7859 0.007
vt 0.753 0.007
vt 0.7521 0.0075
vt 0.7869 0.0076
vt 0.7869 0.0084
vt 0.777 0.5137
vt 0.7422 0.5137
vt 0.776 0.5153
vt 0.777 0.5146
vt 0.7422 0.5148
vt 0.7431 0.5153
vt 0.9478 0.8069
vt 0.9479 0.8076
vt 0.949 0.8075
vt 0.9489 0.8068
vt 0.6993 0.3773
vt 0.6984 0.3774
vt 0.6984 0.3781
vt 0.6993 0.378
vt 0.7323 0.3773
vt 0.6993 0.3773
vt 0.6993 0.378
vt 0.7323 0.378
vt 0.7333 0.3781
vt 0.7333 0.3774
vt 0.7323 0.3773
vt 0.7323 0.378
vt 0.7587 0.751
vt 0.7577 0.7511
vt 0.7578 0.7518
vt 0.7587 0.7517
vt 0.7359 0.442
vt 0.735 0.4426
vt 0.735 0.4436
vt 0.7689 0.442
vt 0.7699 0.4427
vt 0.7699 0.4436
vt 0.7689 0.3826
vt 0.7699 0.3819
vt 0.7699 0.381
vt 0.735 0.381
vt 0.735 0.382
vt 0.7359 0.3826
vt 0.6168 0.4724
vt 0.6169 0.4731
vt 0.618 0.4729
vt 0.6179 0.4723
vt 0.6993 0.4384
vt 0.6984 0.4383
vt 0.6984 0.439
vt 0.6993 0.4391
vt 0.7323 0.4384
vt 0.6993 0.4384
vt 0.6993 0.4391
vt 0.7323 0.4391
vt 0.7333 0.439
vt 0.7333 0.4383
vt 0.7323 0.4384
vt 0.7323 0.4391
vt 0.7419 0.5879
vt 0.7429 0.5878
vt 0.7428 0.5871
vt 0.7419 0.5872
vt 0.7437 0.8238
vt 0.7428 0.8244
vt 0.7428 0.8255
vt 0.7766 0.8238
vt 0.7776 0.8245
vt 0.7776 0.8255
vt 0.7394 0.475
vt 0.7404 0.4743
vt 0.7404 0.4733
vt 0.7056 0.4733
vt 0.7056 0.4744
vt 0.7065 0.475
vt 0.7626 0.7575
vt 0.7633 0.7575
vt 0.7633 0.7564
vt 0.7626 0.7564
vt 0.8459 0.5825
vt 0.8448 0.5825
vt 0.8448 0.5832
vt 0.8459 0.5832
vt 0.8738 0.5825
vt 0.8459 0.5825
vt 0.8459 0.5832
vt 0.8738 0.5832
vt 0.651 0.8474
vt 0.651 0.8467
vt 0.6498 0.8467
vt 0.6498 0.8474
vt 0.7514 0.8397
vt 0.7515 0.8406
vt 0.7522 0.8406
vt 0.7521 0.8396
vt 0.9318 0.537
vt 0.9309 0.5375
vt 0.9309 0.5384
vt 0.9648 0.537
vt 0.9658 0.5376
vt 0.9658 0.5384
vt 0.7858 0.272
vt 0.7867 0.2714
vt 0.7867 0.2704
vt 0.7519 0.2704
vt 0.7519 0.2715
vt 0.7528 0.272
vt 0.6164 0.4729
vt 0.6163 0.4723
vt 0.6153 0.4723
vt 0.6153 0.473
vt 0.8222 0.9001
vt 0.8232 0.9001
vt 0.8232 0.8994
vt 0.8222 0.8994
vt 0.7848 0.2941
vt 0.7519 0.2941
vt 0.7519 0.2946
vt 0.7848 0.2946
vt 0.8232 0.9017
vt 0.8232 0.9005
vt 0.8225 0.9005
vt 0.8225 0.9017
vt 0.7564 0.8463
vt 0.7571 0.8462
vt 0.757 0.8453
vt 0.7563 0.8453
vt 0.7924 0.7911
vt 0.7915 0.7916
vt 0.7915 0.7927
vt 0.8253 0.7911
vt 0.8263 0.7917
vt 0.8263 0.7927
vt 0.7887 0.7882
vt 0.7897 0.7875
vt 0.7897 0.7866
vt 0.7549 0.7866
vt 0.7549 0.7876
vt 0.7558 0.7882
vt 0.7668 0.7311
vt 0.7657 0.7311
vt 0.7657 0.7318
vt 0.7668 0.7318
vt 0.5787 0.2953
vt 0.5787 0.2946
vt 0.5778 0.2948
vt 0.5778 0.2955
vt 0.6117 0.2946
vt 0.5787 0.2946
vt 0.5787 0.2953
vt 0.6117 0.2953
vt 0.6126 0.2949
vt 0.6117 0.2946
vt 0.6117 0.2953
vt 0.6126 0.2955
vt 0.7568 0.7532
vt 0.7575 0.7532
vt 0.7575 0.7522
vt 0.7568 0.7523
vt 0.8611 0.9393
vt 0.8602 0.9399
vt 0.8602 0.9409
vt 0.894 0.9393
vt 0.895 0.9409
vt 0.895 0.94
vt 0.9706 0.6216
vt 0.9716 0.621
vt 0.9716 0.6201
vt 0.9368 0.6201
vt 0.9377 0.6216
vt 0.9368 0.6211
vt 0.9135 0.4654
vt 0.9135 0.4661
vt 0.9257 0.4661
vt 0.9257 0.4654
vt 0.9135 0.4667
vt 0.9257 0.4667
vt 0.7928 0.7594
vt 0.7928 0.76
vt 0.805 0.76
vt 0.805 0.7594
vt 0.7928 0.7607
vt 0.805 0.7607
vt 0.7928 0.7614
vt 0.805 0.7614
vt 0.7928 0.7621
vt 0.805 0.7621
vt 0.7133 0.9218
vt 0.7133 0.9225
vt 0.7255 0.9225
vt 0.7255 0.9218
vt 0.7255 0.9232
vt 0.7133 0.9232
vt 0.7133 0.9237
vt 0.7255 0.9237
vt 0.7697 0.0105
vt 0.7697 0.0112
vt 0.7819 0.0112
vt 0.7819 0.0105
vt 0.7006 0.6696
vt 0.7129 0.6696
vt 0.7129 0.669
vt 0.7006 0.669
vt 0.7129 0.6683
vt 0.7006 0.6683
vt 0.7129 0.6675
vt 0.7006 0.6675
vt 0.7006 0.6669
vt 0.7129 0.6669
vt 0.9135 0.464
vt 0.9135 0.4646
vt 0.9257 0.4646
vt 0.9257 0.464
vt 0.8627 0.5523
vt 0.8627 0.5516
vt 0.8612 0.5538
vt 0.8625 0.553
vt 0.8605 0.55
vt 0.8625 0.5509
vt 0.8619 0.5503
vt 0.8613 0.55
vt 0.859 0.5523
vt 0.8598 0.5503
vt 0.8593 0.5509
vt 0.859 0.5515
vt 0.8593 0.553
vt 0.8598 0.5535
vt 0.8605 0.5538
vt 0.8619 0.5535
vt 0.8619 0.5951
vt 0.8625 0.5946
vt 0.8627 0.5939
vt 0.8605 0.5954
vt 0.8613 0.5917
vt 0.8627 0.5932
vt 0.8625 0.5925
vt 0.8619 0.5919
vt 0.859 0.5932
vt 0.8605 0.5917
vt 0.8598 0.5919
vt 0.8593 0.5925
vt 0.859 0.5939
vt 0.8593 0.5946
vt 0.8598 0.5951
vt 0.8612 0.5954
vt 0.0208 0.0103
vt 0.0221 0.0103
vt 0.0221 0.0098
vt 0.0208 0.0098
vt 0.852 0.614
vt 0.8534 0.614
vt 0.8534 0.6136
vt 0.852 0.6136
vt 0.7635 0.3702
vt 0.7635 0.3687
vt 0.763 0.3687
vt 0.763 0.3702
vt 0.7599 0.3714
vt 0.7613 0.3714
vt 0.7613 0.3709
vt 0.7599 0.3709
vt 0.8688 0.597
vt 0.8673 0.597
vt 0.8673 0.5975
vt 0.8688 0.5975
vt 0.0196 0.0098
vt 0.0196 0.0103
vt 0.8397 0.4983
vt 0.8397 0.4998
vt 0.8409 0.5005
vt 0.8421 0.4983
vt 0.8421 0.4998
vt 0.8409 0.4976
vt 0.9135 0.4043
vt 0.9135 0.4051
vt 0.9257 0.4051
vt 0.9257 0.4043
vt 0.9135 0.4057
vt 0.9257 0.4057
vt 0.624 0.6858
vt 0.624 0.6866
vt 0.6362 0.6866
vt 0.6362 0.6858
vt 0.6362 0.6872
vt 0.624 0.6872
vt 0.624 0.6878
vt 0.6362 0.6878
vt 0.7571 0.0105
vt 0.7571 0.0112
vt 0.7693 0.0112
vt 0.7693 0.0105
vt 0.8833 0.4015
vt 0.8955 0.4015
vt 0.8955 0.4009
vt 0.8833 0.4009
vt 0.8955 0.4002
vt 0.8833 0.4002
vt 0.8955 0.3994
vt 0.8833 0.3994
vt 0.8833 0.3988
vt 0.8955 0.3988
vt 0.6138 0.6971
vt 0.6138 0.6977
vt 0.626 0.6977
vt 0.626 0.6971
vt 0.6138 0.6985
vt 0.626 0.6985
vt 0.6138 0.6992
vt 0.626 0.6992
vt 0.6138 0.6998
vt 0.626 0.6998
vt 0.9135 0.403
vt 0.9135 0.4036
vt 0.9257 0.4036
vt 0.9257 0.403
vt 0.649 0.7414
vt 0.6467 0.7399
vt 0.6475 0.7411
vt 0.6482 0.7414
vt 0.6496 0.7411
vt 0.6502 0.7406
vt 0.6505 0.7392
vt 0.6505 0.7399
vt 0.6482 0.7377
vt 0.6502 0.7385
vt 0.6497 0.738
vt 0.649 0.7377
vt 0.6475 0.738
vt 0.647 0.7385
vt 0.6467 0.7392
vt 0.647 0.7406
vt 0.6533 0.884
vt 0.6536 0.8833
vt 0.6513 0.8848
vt 0.6528 0.8845
vt 0.6521 0.881
vt 0.6536 0.8825
vt 0.6533 0.8818
vt 0.6528 0.8813
vt 0.6514 0.881
vt 0.6507 0.8813
vt 0.6498 0.8825
vt 0.6501 0.8818
vt 0.6498 0.8833
vt 0.6501 0.8839
vt 0.6507 0.8845
vt 0.6521 0.8848
vt 0.0208 0.0112
vt 0.0221 0.0112
vt 0.0221 0.0107
vt 0.0208 0.0107
vt 0.852 0.5984
vt 0.8534 0.5984
vt 0.8534 0.5979
vt 0.852 0.5979
vt 0.8534 0.5975
vt 0.8534 0.597
vt 0.852 0.597
vt 0.852 0.5975
vt 0.8534 0.6145
vt 0.852 0.6145
vt 0.852 0.6149
vt 0.8534 0.6149
vt 0.8673 0.5559
vt 0.8688 0.5559
vt 0.8688 0.5554
vt 0.8673 0.5554
vt 0.0196 0.0107
vt 0.0196 0.0112
vt 0.8682 0.4735
vt 0.8707 0.4735
vt 0.8707 0.4721
vt 0.8695 0.4714
vt 0.8682 0.4721
vt 0.8695 0.4742
vt 0.6344 0.6902
vt 0.6344 0.6895
vt 0.6222 0.6895
vt 0.6222 0.6902
vt 0.6344 0.6888
vt 0.6222 0.6888
vt 0.608 0.2391
vt 0.6202 0.2391
vt 0.6202 0.2385
vt 0.608 0.2385
vt 0.6202 0.2378
vt 0.608 0.2378
vt 0.6202 0.237
vt 0.608 0.237
vt 0.608 0.2364
vt 0.6202 0.2364
vt 0.9135 0.4335
vt 0.9135 0.4341
vt 0.9257 0.4341
vt 0.9257 0.4335
vt 0.9135 0.4348
vt 0.9257 0.4348
vt 0.9135 0.4356
vt 0.9257 0.4356
vt 0.9135 0.4362
vt 0.9257 0.4362
vt 0.8229 0.7635
vt 0.8229 0.7641
vt 0.8351 0.7641
vt 0.8351 0.7635
vt 0.8351 0.7649
vt 0.8229 0.7649
vt 0.8229 0.7656
vt 0.8351 0.7656
vt 0.8229 0.7662
vt 0.8351 0.7662
vt 0.709 0.9042
vt 0.709 0.9164
vt 0.7098 0.9164
vt 0.7098 0.9042
vt 0.6222 0.6909
vt 0.6344 0.6909
vt 0.7277 0.8184
vt 0.727 0.8181
vt 0.7263 0.8181
vt 0.7285 0.8196
vt 0.7248 0.8203
vt 0.7256 0.8184
vt 0.725 0.8189
vt 0.7248 0.8196
vt 0.725 0.821
vt 0.7256 0.8216
vt 0.727 0.8218
vt 0.7262 0.8218
vt 0.7277 0.8216
vt 0.7282 0.821
vt 0.7285 0.8204
vt 0.7282 0.8189
vt 0.7438 0.5918
vt 0.7416 0.5933
vt 0.743 0.5931
vt 0.7435 0.5925
vt 0.7438 0.5911
vt 0.7435 0.5904
vt 0.7423 0.5896
vt 0.743 0.5899
vt 0.7401 0.5911
vt 0.7416 0.5896
vt 0.7409 0.5899
vt 0.7404 0.5904
vt 0.7401 0.5918
vt 0.7403 0.5925
vt 0.7409 0.593
vt 0.7423 0.5933
vt 0.8534 0.5554
vt 0.852 0.5554
vt 0.852 0.5559
vt 0.8534 0.5559
vt 0.8688 0.5733
vt 0.8688 0.5729
vt 0.8673 0.5729
vt 0.8673 0.5733
vt 0.0196 0.0121
vt 0.0208 0.0121
vt 0.0208 0.0116
vt 0.0196 0.0116
vt 0.0221 0.0121
vt 0.0221 0.0116
vt 0.8673 0.572
vt 0.8673 0.5724
vt 0.8688 0.5724
vt 0.8688 0.572
vt 0.7421 0.3738
vt 0.7406 0.3738
vt 0.7406 0.3742
vt 0.7421 0.3742
vt 0.6229 0.6883
vt 0.6229 0.6858
vt 0.6214 0.6858
vt 0.6207 0.6871
vt 0.6214 0.6883
vt 0.6236 0.6871
vt 0.6745 0.2389
vt 0.6745 0.2381
vt 0.6623 0.2381
vt 0.6623 0.2389
vt 0.6745 0.2375
vt 0.6623 0.2375
vt 0.6923 0.2417
vt 0.6923 0.2423
vt 0.7046 0.2423
vt 0.7046 0.2417
vt 0.6923 0.243
vt 0.7046 0.243
vt 0.6923 0.2438
vt 0.7046 0.2438
vt 0.6923 0.2444
vt 0.7046 0.2444
vt 0.5778 0.2323
vt 0.5778 0.2329
vt 0.59 0.2329
vt 0.59 0.2323
vt 0.59 0.2336
vt 0.5778 0.2336
vt 0.5778 0.2343
vt 0.59 0.2343
vt 0.5778 0.235
vt 0.59 0.235
vt 0.8614 0.496
vt 0.8492 0.496
vt 0.8492 0.4968
vt 0.8614 0.4968
vt 0.8492 0.4975
vt 0.8614 0.4975
vt 0.8492 0.498
vt 0.8614 0.498
vt 0.6179 0.6835
vt 0.6187 0.6835
vt 0.6187 0.6712
vt 0.6179 0.6712
vt 0.6745 0.2402
vt 0.6745 0.2396
vt 0.6623 0.2396
vt 0.6623 0.2402
vt 0.8746 0.546
vt 0.8746 0.5453
vt 0.8731 0.5475
vt 0.8743 0.5467
vt 0.8723 0.5437
vt 0.8743 0.5446
vt 0.8738 0.544
vt 0.8731 0.5437
vt 0.8708 0.546
vt 0.8716 0.544
vt 0.8711 0.5446
vt 0.8708 0.5452
vt 0.8711 0.5467
vt 0.8716 0.5472
vt 0.8723 0.5475
vt 0.8738 0.5472
vt 0.8716 0.5856
vt 0.8711 0.5862
vt 0.8708 0.5868
vt 0.8731 0.5854
vt 0.8723 0.5891
vt 0.8708 0.5876
vt 0.8711 0.5883
vt 0.8716 0.5888
vt 0.8746 0.5876
vt 0.8731 0.5891
vt 0.8738 0.5888
vt 0.8743 0.5883
vt 0.8746 0.5869
vt 0.8743 0.5862
vt 0.8738 0.5856
vt 0.8723 0.5854
vt 0.7421 0.3733
vt 0.7421 0.3729
vt 0.7406 0.3729
vt 0.7406 0.3733
vt 0.852 0.5724
vt 0.8534 0.5724
vt 0.8534 0.572
vt 0.852 0.572
vt 0.8673 0.614
vt 0.8688 0.614
vt 0.8688 0.6136
vt 0.8673 0.6136
vt 0.8688 0.6145
vt 0.8673 0.6145
vt 0.8673 0.6149
vt 0.8688 0.6149
vt 0.852 0.5568
vt 0.8534 0.5568
vt 0.8534 0.5563
vt 0.852 0.5563
vt 0.8673 0.5984
vt 0.8688 0.5984
vt 0.8688 0.5979
vt 0.8673 0.5979
vt 0.8397 0.4721
vt 0.8397 0.4735
vt 0.8409 0.4742
vt 0.8421 0.4721
vt 0.8421 0.4735
vt 0.8409 0.4714
vt 0.5936 0.1704
vt 0.5922 0.1719
vt 0.5922 0.1782
vt 0.5936 0.1797
vt 0.5829 0.1718
vt 0.5922 0.1719
vt 0.5936 0.1704
vt 0.5828 0.1704
vt 0.5812 0.1707
vt 0.5817 0.1721
vt 0.5798 0.1715
vt 0.5808 0.1726
vt 0.5788 0.1727
vt 0.5801 0.1734
vt 0.5782 0.1742
vt 0.5797 0.1745
vt 0.5782 0.1758
vt 0.5797 0.1756
vt 0.5788 0.1773
vt 0.5801 0.1766
vt 0.5798 0.1785
vt 0.5808 0.1774
vt 0.5812 0.1793
vt 0.5817 0.178
vt 0.5828 0.1796
vt 0.5829 0.1782
vt 0.5936 0.1797
vt 0.5922 0.1782
vn 1 0 0
vn 1 0 0
vn 1 0 0
vn 1 0 0
vn 1 0 0
vn 1 0 0
vn 1 0 0
vn 1 0 0
vn 1 0 0
vn 1 0 0
vn 1 0 0
vn 1 0 0
vn 0 -0.0708988 0.9974835
vn 0 0.0708988 0.9974835
vn 0 0.0708988 0.9974835
vn 0 -0.0708988 0.9974835
vn -1 0 0
vn -1 0 0
vn -1 0 0
vn -1 0 0
vn -1 0 0
vn -1 0 0
vn -1 0 0
vn -1 0 0
vn -1 0 0
vn -1 0 0
vn -1 0 0
vn -1 0 0
vn -1 0 0
vn -1 0 0
vn -1 0 0
vn -1 0 0
vn 0 -1 0
vn 0 -1 0
vn 0 -1 0
vn 0 -1 0
vn 0 -1 0
vn 0 0 1
vn 0 0 1
vn 0 0 1
vn 0 0 1
vn 0 0 -1
vn 0 0 -1
vn 0 0 -1
vn 0 0 -1
vn -1 0 0
vn -1 0 0
vn 0 1 0
vn 0 1 0
vn 0 1 0
vn 0 1 0
vn 1 0 0
vn 1 0 0
vn 1 0 0
vn 1 0 0
vn 0 -1 0
vn 0 -1 0
vn 0 0.9423647 0.3345875
vn 0 0.9423647 0.3345875
vn 0 0.9974835 0.0708988
vn 0 0.9974835 0.0708988
vn 0 -0.9423647 0.3345875
vn 0 -0.9423647 0.3345875
vn 0 -0.9974835 0.0708988
vn 0 -0.9974835 0.0708988
vn 0 0.7071068 0.7071068
vn 0 0.7071068 0.7071068
vn 0 0.7071068 0.7071068
vn 0 0.3345875 0.9423647
vn 0 0.3345875 0.9423647
vn 0 0.7071068 0.7071068
vn 0 -0.7071068 0.7071068
vn 0 -0.7071068 0.7071068
vn 0 -0.3345875 0.9423647
vn 0 -0.7071068 0.7071068
vn 0 -0.7071068 0.7071068
vn 0 -0.3345875 0.9423647
vn 0 0 -1
vn 0 0 -1
vn 0 0 -1
vn 0 0 -1
vn 0 1 0
vn 0 1 0
vn 0 1 0
vn 0.987085 0.1601976 0
vn 0.987085 -0.1601976 0
vn 0.987085 -0.1601976 0
vn 0.987085 0.1601976 0
vn 0 0.1601976 0.987085
vn 0 0.1601976 0.987085
vn 0 -0.1601976 0.987085
vn 0 -0.1601976 0.987085
vn -1 0 0
vn -1 0 0
vn -1 0 0
vn -1 0 0
vn -1 0 0
vn -1 0 0
vn -1 0 0
vn -1 0 0
vn 1 0 0
vn 1 0 0
vn 1 0 0
vn 1 0 0
vn 1 0 0
vn 1 0 0
vn 1 0 0
vn 1 0 0
vn 0.1601976 -0.987085 0
vn 0.1601976 -0.987085 0
vn 0 -1 0
vn 0 -1 0
vn 0 0 -1
vn 0 0 -1
vn 0 0 -1
vn 0 0 -1
vn 0 0 -1
vn 0 0 -1
vn 0 0 -1
vn 0 0 -1
vn 0.1601976 0.987085 0
vn 0 1 0
vn 0 1 0
vn 0.1601976 0.987085 0
vn 0 0 1
vn 0 0 1
vn 0 0 1
vn 0 0 1
vn 0 0 1
vn 0 0 1
vn 0 0 1
vn 0 0 1
vn 0 0.9486933 0.3161977
vn 0 0.9486933 0.3161977
vn 0 0.987085 0.1601976
vn 0 0.987085 0.1601976
vn 0 -0.987085 0.1601976
vn 0 -0.987085 0.1601976
vn 0 -0.9486933 0.3161977
vn 0 -0.9486933 0.3161977
vn 0.9486933 -0.3161977 0
vn 0.9486933 -0.3161977 0
vn 0.9486933 0.3161977 0
vn 0.9486933 0.3161977 0
vn 0 0.3161977 0.9486933
vn 0 0.3161977 0.9486933
vn 0 -0.3161977 0.9486933
vn 0 -0.3161977 0.9486933
vn 0.3161977 -0.9486933 0
vn 0.3161977 -0.9486933 0
vn 0.3161977 0.9486933 0
vn 0.3161977 0.9486933 0
vn 1 0 0
vn 0.9397 0.342 0
vn 0.9397 0.342 0
vn 1 0 0
vn 0.76602 0.6428168 0
vn 0.76602 0.6428168 0
vn 0.76602 0.6428168 0
vn 0.76602 0.6428168 0
vn 0.500011 0.866019 0
vn 0.500011 0.866019 0
vn 0.1736998 0.9847987 0
vn 0.1736998 0.9847987 0
vn -0.1736998 0.9847987 0
vn -0.1736998 0.9847987 0
vn -0.500011 0.866019 0
vn -0.500011 0.866019 0
vn -0.76602 0.6428168 0
vn -0.76602 0.6428168 0
vn -0.76602 0.6428168 0
vn -0.76602 0.6428168 0
vn -0.9397 0.342 0
vn -0.9397 0.342 0
vn -1 0 0
vn -1 0 0
vn -0.9397 -0.342 0
vn -0.9397 -0.342 0
vn -0.76602 -0.6428168 0
vn -0.76602 -0.6428168 0
vn -0.76602 -0.6428168 0
vn -0.76602 -0.6428168 0
vn -0.500011 -0.866019 0
vn -0.500011 -0.866019 0
vn -0.1736998 -0.9847987 0
vn -0.1736998 -0.9847987 0
vn 0.1736998 -0.9847987 0
vn 0.1736998 -0.9847987 0
vn 0.500011 -0.866019 0
vn 0.500011 -0.866019 0
vn 0.76602 -0.6428168 0
vn 0.76602 -0.6428168 0
vn 0.9397 -0.342 0
vn 0.76602 -0.6428168 0
vn 0.76602 -0.6428168 0
vn 0.9397 -0.342 0
vn 0 0 1
vn 0 0 1
vn 0 0 1
vn 0 0 1
vn 0 0 1
vn 0 0 1
vn 0 0 1
vn 0 0 1
vn 0 0 1
vn 0 0 1
vn 0 0 1
vn 0 0 1
vn 0 0 1
vn 0 0 1
vn 0 0 1
vn 0 0 1
vn 0 0 1
vn 0 0 1
vn 0 0 1
vn 0 0 1
vn 0 0 1
vn 0 0 1
vn 0 0 1
vn 0 0 1
vn 0 0 1
vn 0 0 1
vn 0 0 1
vn 0 0 1
vn 0 0 1
vn 0 0 1
vn 0 0 1
vn 0 0 1
vn 0 0 1
vn 0 0 1
vn 0 0 1
vn 0 0 1
vn 0 0 1
vn 0 0 1
vn 0 0 1
vn 0 0 1
vn 0 0 1
vn 0 0 1
vn 0 0 1
vn 0 0 1
vn 0 0 1
vn 0 0 1
vn 0 0 1
vn 0 0 1
vn 0 0 1
vn 0 0 1
vn 0 0 1
vn 0 0 1
vn 0 0 1
vn 0 0 1
vn 0.9847987 0.1736998 0
vn 0.9847987 0.1736998 0
vn 0.9847987 0.1736998 0
vn 0.9847987 0.1736998 0
vn 0.866019 0.500011 0
vn 0.866019 0.500011 0
vn 0.866019 0.500011 0
vn 0.866019 0.500011 0
vn 0.6428168 0.76602 0
vn 0.6428168 0.76602 0
vn 0.6428168 0.76602 0
vn 0.6428168 0.76602 0
vn 0.342 0.9397 0
vn 0.342 0.9397 0
vn 0.342 0.9397 0
vn 0.342 0.9397 0
vn 0 1 0
vn 0 1 0
vn 0 1 0
vn 0 1 0
vn -0.342 0.9397 0
vn -0.342 0.9397 0
vn -0.342 0.9397 0
vn -0.342 0.9397 0
vn -0.6428168 0.76602 0
vn -0.6428168 0.76602 0
vn -0.6428168 0.76602 0
vn -0.6428168 0.76602 0
vn -0.866019 0.500011 0
vn -0.866019 0.500011 0
vn -0.866019 0.500011 0
vn -0.866019 0.500011 0
vn -0.9847987 0.1736998 0
vn -0.9847987 0.1736998 0
vn -0.9847987 0.1736998 0
vn -0.9847987 0.1736998 0
vn -0.9847987 -0.1736998 0
vn -0.9847987 -0.1736998 0
vn -0.9847987 -0.1736998 0
vn -0.9847987 -0.1736998 0
vn -0.866019 -0.500011 0
vn -0.866019 -0.500011 0
vn -0.866019 -0.500011 0
vn -0.866019 -0.500011 0
vn -0.6428168 -0.76602 0
vn -0.6428168 -0.76602 0
vn -0.6428168 -0.76602 0
vn -0.6428168 -0.76602 0
vn -0.342 -0.9397 0
vn -0.342 -0.9397 0
vn -0.342 -0.9397 0
vn -0.342 -0.9397 0
vn 0 -1 0
vn 0 -1 0
vn 0 -1 0
vn 0 -1 0
vn 0.342 -0.9397 0
vn 0.342 -0.9397 0
vn 0.342 -0.9397 0
vn 0.342 -0.9397 0
vn 0.6428168 -0.76602 0
vn 0.6428168 -0.76602 0
vn 0.6428168 -0.76602 0
vn 0.6428168 -0.76602 0
vn 0.866019 -0.500011 0
vn 0.866019 -0.500011 0
vn 0.866019 -0.500011 0
vn 0.866019 -0.500011 0
vn 0.9847987 -0.1736998 0
vn 0.9847987 -0.1736998 0
vn 0.9847987 -0.1736998 0
vn 0.9847987 -0.1736998 0
vn 0.9397 0.342 0
vn 0.9397 0.342 0
vn 1 0 0
vn 1 0 0
vn 0.76602 0.6428168 0
vn 0.76602 0.6428168 0
vn 0.76602 0.6428168 0
vn 0.76602 0.6428168 0
vn 0.500011 0.866019 0
vn 0.500011 0.866019 0
vn 0.1736028 0.9848158 0
vn 0.1736028 0.9848158 0
vn -0.1736028 0.9848158 0
vn -0.1736028 0.9848158 0
vn -0.500011 0.866019 0
vn -0.500011 0.866019 0
vn -0.76602 0.6428168 0
vn -0.76602 0.6428168 0
vn -0.76602 0.6428168 0
vn -0.76602 0.6428168 0
vn -0.9397 0.342 0
vn -0.9397 0.342 0
vn -1 0 0
vn -1 0 0
vn -0.9397 -0.342 0
vn -0.9397 -0.342 0
vn -0.76602 -0.6428168 0
vn -0.76602 -0.6428168 0
vn -0.500011 -0.866019 0
vn -0.76602 -0.6428168 0
vn -0.76602 -0.6428168 0
vn -0.500011 -0.866019 0
vn -0.1736028 -0.9848158 0
vn -0.1736028 -0.9848158 0
vn 0.1736028 -0.9848158 0
vn 0.1736028 -0.9848158 0
vn 0.500011 -0.866019 0
vn 0.500011 -0.866019 0
vn 0.76602 -0.6428168 0
vn 0.76602 -0.6428168 0
vn 0.76602 -0.6428168 0
vn 0.76602 -0.6428168 0
vn 0.9397 -0.342 0
vn 0.9397 -0.342 0
vn 0 0 1
vn 0 0 1
vn 0 0 1
vn 0 0 1
vn 0 0 1
vn 0 0 1
vn 0 0 1
vn 0 0 1
vn 0 0 1
vn 0 0 1
vn 0 0 1
vn 0 0 1
vn 0 0 1
vn 0 0 1
vn 0 0 1
vn 0 0 1
vn 0 0 1
vn 0 0 1
vn 0 0 1
vn 0 0 1
vn 0 0 1
vn 0 0 1
vn 0 0 1
vn 0 0 1
vn 0 0 1
vn 0 0 1
vn 0 0 1
vn 0 0 1
vn 0 0 1
vn 0 0 1
vn 0 0 1
vn 0 0 1
vn 0 0 1
vn 0 0 1
vn 0 0 1
vn 0 0 1
vn 0 0 1
vn 0 0 1
vn 0 0 1
vn 0 0 1
vn 0 0 1
vn 0 0 1
vn 0 0 1
vn 0 0 1
vn 0 0 1
vn 0 0 1
vn 0 0 1
vn 0 0 1
vn 0 0 1
vn 0 0 1
vn 0 0 1
vn 0 0 1
vn 0 0 1
vn 0 0 1
vn 0 0 1
vn 0 0 1
vn 0 0 1
vn 0 0 1
vn 0 0 1
vn 0 0 1
vn 0 0 1
vn 0 0 1
vn 0.9847987 0.1736998 0
vn 0.9847987 0.1736998 0
vn 0.9847987 0.1736998 0
vn 0.9847987 0.1736998 0
vn 0.866019 0.500011 0
vn 0.866019 0.500011 0
vn 0.866019 0.500011 0
vn 0.866019 0.500011 0
vn 0.6428168 0.76602 0
vn 0.6428168 0.76602 0
vn 0.6428168 0.76602 0
vn 0.6428168 0.76602 0
vn 0.342 0.9397 0
vn 0.342 0.9397 0
vn 0.342 0.9397 0
vn 0.342 0.9397 0
vn 0 1 0
vn 0 1 0
vn 0 1 0
vn 0 1 0
vn -0.342 0.9397 0
vn -0.342 0.9397 0
vn -0.342 0.9397 0
vn -0.342 0.9397 0
vn -0.6428168 0.76602 0
vn -0.6428168 0.76602 0
vn -0.6428168 0.76602 0
vn -0.6428168 0.76602 0
vn -0.866019 0.500011 0
vn -0.866019 0.500011 0
vn -0.866019 0.500011 0
vn -0.866019 0.500011 0
vn -0.9847987 0.1736998 0
vn -0.9847987 0.1736998 0
vn -0.9847987 0.1736998 0
vn -0.9847987 0.1736998 0
vn -0.9848158 -0.1736028 0
vn -0.9848158 -0.1736028 0
vn -0.9848158 -0.1736028 0
vn -0.9848158 -0.1736028 0
vn -0.866019 -0.500011 0
vn -0.866019 -0.500011 0
vn -0.866019 -0.500011 0
vn -0.866019 -0.500011 0
vn -0.6428168 -0.76602 0
vn -0.6428168 -0.76602 0
vn -0.6428168 -0.76602 0
vn -0.6428168 -0.76602 0
vn -0.342 -0.9397 0
vn -0.342 -0.9397 0
vn -0.342 -0.9397 0
vn -0.342 -0.9397 0
vn 0 -1 0
vn 0 -1 0
vn 0 -1 0
vn 0 -1 0
vn 0.342 -0.9397 0
vn 0.342 -0.9397 0
vn 0.342 -0.9397 0
vn 0.342 -0.9397 0
vn 0.6428168 -0.76602 0
vn 0.6428168 -0.76602 0
vn 0.6428168 -0.76602 0
vn 0.6428168 -0.76602 0
vn 0.866019 -0.500011 0
vn 0.866019 -0.500011 0
vn 0.866019 -0.500011 0
vn 0.866019 -0.500011 0
vn 0.9848158 -0.1736028 0
vn 0.9848158 -0.1736028 0
vn 0.9848158 -0.1736028 0
vn 0.9848158 -0.1736028 0
vn 1 0 0
vn 1 0 0
vn 0.9397 0.342 0
vn 0.9397 0.342 0
vn 0.76602 0.6428168 0
vn 0.76602 0.6428168 0
vn 0.76602 0.6428168 0
vn 0.500011 0.866019 0
vn 0.500011 0.866019 0
vn 0.76602 0.6428168 0
vn 0.1736028 0.9848158 0
vn 0.1736028 0.9848158 0
vn -0.1736028 0.9848158 0
vn -0.1736028 0.9848158 0
vn -0.500011 0.866019 0
vn -0.500011 0.866019 0
vn -0.76602 0.6428168 0
vn -0.76602 0.6428168 0
vn -0.76602 0.6428168 0
vn -0.9397 0.342 0
vn -0.9397 0.342 0
vn -0.76602 0.6428168 0
vn -1 0 0
vn -1 0 0
vn -0.9397 -0.342 0
vn -0.9397 -0.342 0
vn -0.76602 -0.6428168 0
vn -0.76602 -0.6428168 0
vn -0.76602 -0.6428168 0
vn -0.500011 -0.866019 0
vn -0.500011 -0.866019 0
vn -0.76602 -0.6428168 0
vn -0.1736998 -0.9847987 0
vn -0.1736998 -0.9847987 0
vn 0.1736998 -0.9847987 0
vn 0.1736998 -0.9847987 0
vn 0.500011 -0.866019 0
vn 0.500011 -0.866019 0
vn 0.76602 -0.6428168 0
vn 0.76602 -0.6428168 0
vn 0.76602 -0.6428168 0
vn 0.9397 -0.342 0
vn 0.9397 -0.342 0
vn 0.76602 -0.6428168 0
vn 0 0 1
vn 0 0 1
vn 0 0 1
vn 0 0 1
vn 0 0 1
vn 0 0 1
vn 0 0 1
vn 0 0 1
vn 0 0 1
vn 0 0 1
vn 0 0 1
vn 0 0 1
vn 0 0 1
vn 0 0 1
vn 0 0 1
vn 0 0 1
vn 0 0 1
vn 0 0 1
vn 0 0 1
vn 0 0 1
vn 0 0 1
vn 0 0 1
vn 0 0 1
vn 0 0 1
vn 0 0 1
vn 0 0 1
vn 0 0 1
vn 0 0 1
vn 0 0 1
vn 0 0 1
vn 0 0 1
vn 0 0 1
vn 0 0 1
vn 0 0 1
vn 0 0 1
vn 0 0 1
vn 0 0 1
vn 0 0 1
vn 0 0 1
vn 0 0 1
vn 0 0 1
vn 0 0 1
vn 0 0 1
vn 0 0 1
vn 0 0 1
vn 0 0 1
vn 0 0 1
vn 0 0 1
vn 0 0 1
vn 0 0 1
vn 0 0 1
vn 0 0 1
vn 0 0 1
vn 0 0 1
vn 0.9848158 0.1736028 0
vn 0.9848158 0.1736028 0
vn 0.9848158 0.1736028 0
vn 0.9848158 0.1736028 0
vn 0.866019 0.500011 0
vn 0.866019 0.500011 0
vn 0.866019 0.500011 0
vn 0.866019 0.500011 0
vn 0.6428168 0.76602 0
vn 0.6428168 0.76602 0
vn 0.6428168 0.76602 0
vn 0.6428168 0.76602 0
vn 0.342 0.9397 0
vn 0.342 0.9397 0
vn 0.342 0.9397 0
vn 0.342 0.9397 0
vn 0 1 0
vn 0 1 0
vn 0 1 0
vn 0 1 0
vn -0.342 0.9397 0
vn -0.342 0.9397 0
vn -0.342 0.9397 0
vn -0.342 0.9397 0
vn -0.6428168 0.76602 0
vn -0.6428168 0.76602 0
vn -0.6428168 0.76602 0
vn -0.6428168 0.76602 0
vn -0.866019 0.500011 0
vn -0.866019 0.500011 0
vn -0.866019 0.500011 0
vn -0.866019 0.500011 0
vn -0.9848158 0.1736028 0
vn -0.9848158 0.1736028 0
vn -0.9848158 0.1736028 0
vn -0.9848158 0.1736028 0
vn -0.9847987 -0.1736998 0
vn -0.9847987 -0.1736998 0
vn -0.9847987 -0.1736998 0
vn -0.9847987 -0.1736998 0
vn -0.866019 -0.500011 0
vn -0.866019 -0.500011 0
vn -0.866019 -0.500011 0
vn -0.866019 -0.500011 0
vn -0.6428168 -0.76602 0
vn -0.6428168 -0.76602 0
vn -0.6428168 -0.76602 0
vn -0.6428168 -0.76602 0
vn -0.342 -0.9397 0
vn -0.342 -0.9397 0
vn -0.342 -0.9397 0
vn -0.342 -0.9397 0
vn 0 -1 0
vn 0 -1 0
vn 0 -1 0
vn 0 -1 0
vn 0.342 -0.9397 0
vn 0.342 -0.9397 0
vn 0.342 -0.9397 0
vn 0.342 -0.9397 0
vn 0.6428168 -0.76602 0
vn 0.6428168 -0.76602 0
vn 0.6428168 -0.76602 0
vn 0.6428168 -0.76602 0
vn 0.866019 -0.500011 0
vn 0.866019 -0.500011 0
vn 0.866019 -0.500011 0
vn 0.866019 -0.500011 0
vn 0.9847987 -0.1736998 0
vn 0.9847987 -0.1736998 0
vn 0.9847987 -0.1736998 0
vn 0.9847987 -0.1736998 0
vn 1 0 0
vn 0.9397 0.342 0
vn 0.9397 0.342 0
vn 1 0 0
vn 0.76602 0.6428168 0
vn 0.76602 0.6428168 0
vn 0.76602 0.6428168 0
vn 0.500011 0.866019 0
vn 0.500011 0.866019 0
vn 0.76602 0.6428168 0
vn 0.1736998 0.9847987 0
vn 0.1736998 0.9847987 0
vn -0.1736998 0.9847987 0
vn -0.1736998 0.9847987 0
vn -0.500011 0.866019 0
vn -0.500011 0.866019 0
vn -0.76602 0.6428168 0
vn -0.76602 0.6428168 0
vn -0.76602 0.6428168 0
vn -0.9397 0.342 0
vn -0.9397 0.342 0
vn -0.76602 0.6428168 0
vn -1 0 0
vn -1 0 0
vn -0.9397 -0.342 0
vn -0.9397 -0.342 0
vn -0.76602 -0.6428168 0
vn -0.76602 -0.6428168 0
vn -0.76602 -0.6428168 0
vn -0.500011 -0.866019 0
vn -0.500011 -0.866019 0
vn -0.76602 -0.6428168 0
vn -0.1736028 -0.9848158 0
vn -0.1736028 -0.9848158 0
vn 0.1736028 -0.9848158 0
vn 0.1736028 -0.9848158 0
vn 0.500011 -0.866019 0
vn 0.500011 -0.866019 0
vn 0.76602 -0.6428168 0
vn 0.76602 -0.6428168 0
vn 0.76602 -0.6428168 0
vn 0.9397 -0.342 0
vn 0.9397 -0.342 0
vn 0.76602 -0.6428168 0
vn 0 0 1
vn 0 0 1
vn 0 0 1
vn 0 0 1
vn 0 0 1
vn 0 0 1
vn 0 0 1
vn 0 0 1
vn 0 0 1
vn 0 0 1
vn 0 0 1
vn 0 0 1
vn 0 0 1
vn 0 0 1
vn 0 0 1
vn 0 0 1
vn 0 0 1
vn 0 0 1
vn 0 0 1
vn 0 0 1
vn 0 0 1
vn 0 0 1
vn 0 0 1
vn 0 0 1
vn 0 0 1
vn 0 0 1
vn 0 0 1
vn 0 0 1
vn 0 0 1
vn 0 0 1
vn 0 0 1
vn 0 0 1
vn 0 0 1
vn 0 0 1
vn 0 0 1
vn 0 0 1
vn 0 0 1
vn 0 0 1
vn 0 0 1
vn 0 0 1
vn 0 0 1
vn 0 0 1
vn 0 0 1
vn 0 0 1
vn 0 0 1
vn 0 0 1
vn 0 0 1
vn 0 0 1
vn 0 0 1
vn 0 0 1
vn 0 0 1
vn 0 0 1
vn 0 0 1
vn 0 0 1
vn 0.9847987 0.1736998 0
vn 0.9847987 0.1736998 0
vn 0.9847987 0.1736998 0
vn 0.9847987 0.1736998 0
vn 0.866019 0.500011 0
vn 0.866019 0.500011 0
vn 0.866019 0.500011 0
vn 0.866019 0.500011 0
vn 0.6428168 0.76602 0
vn 0.6428168 0.76602 0
vn 0.6428168 0.76602 0
vn 0.6428168 0.76602 0
vn 0.342 0.9397 0
vn 0.342 0.9397 0
vn 0.342 0.9397 0
vn 0.342 0.9397 0
vn 0 1 0
vn 0 1 0
vn 0 1 0
vn 0 1 0
vn -0.342 0.9397 0
vn -0.342 0.9397 0
vn -0.342 0.9397 0
vn -0.342 0.9397 0
vn -0.6428168 0.76602 0
vn -0.6428168 0.76602 0
vn -0.6428168 0.76602 0
vn -0.6428168 0.76602 0
vn -0.866019 0.500011 0
vn -0.866019 0.500011 0
vn -0.866019 0.500011 0
vn -0.866019 0.500011 0
vn -0.9847987 0.1736998 0
vn -0.9847987 0.1736998 0
vn -0.9847987 0.1736998 0
vn -0.9847987 0.1736998 0
vn -0.9847987 -0.1736998 0
vn -0.9847987 -0.1736998 0
vn -0.9847987 -0.1736998 0
vn -0.9847987 -0.1736998 0
vn -0.866019 -0.500011 0
vn -0.866019 -0.500011 0
vn -0.866019 -0.500011 0
vn -0.866019 -0.500011 0
vn -0.6428168 -0.76602 0
vn -0.6428168 -0.76602 0
vn -0.6428168 -0.76602 0
vn -0.6428168 -0.76602 0
vn -0.342 -0.9397 0
vn -0.342 -0.9397 0
vn -0.342 -0.9397 0
vn -0.342 -0.9397 0
vn 0 -1 0
vn 0 -1 0
vn 0 -1 0
vn 0 -1 0
vn 0.342 -0.9397 0
vn 0.342 -0.9397 0
vn 0.342 -0.9397 0
vn 0.342 -0.9397 0
vn 0.6428168 -0.76602 0
vn 0.6428168 -0.76602 0
vn 0.6428168 -0.76602 0
vn 0.6428168 -0.76602 0
vn 0.866019 -0.500011 0
vn 0.866019 -0.500011 0
vn 0.866019 -0.500011 0
vn 0.866019 -0.500011 0
vn 0.9847987 -0.1736998 0
vn 0.9847987 -0.1736998 0
vn 0.9847987 -0.1736998 0
vn 0.9847987 -0.1736998 0
vn 1 0 0
vn 0.9397 0.342 0
vn 0.9397 0.342 0
vn 1 0 0
vn 0.76602 0.6428168 0
vn 0.76602 0.6428168 0
vn 0.76602 0.6428168 0
vn 0.500011 0.866019 0
vn 0.500011 0.866019 0
vn 0.76602 0.6428168 0
vn 0.1736028 0.9848158 0
vn 0.1736028 0.9848158 0
vn -0.1736028 0.9848158 0
vn -0.1736028 0.9848158 0
vn -0.500011 0.866019 0
vn -0.500011 0.866019 0
vn -0.76602 0.6428168 0
vn -0.76602 0.6428168 0
vn -0.76602 0.6428168 0
vn -0.9397 0.342 0
vn -0.9397 0.342 0
vn -0.76602 0.6428168 0
vn -1 0 0
vn -1 0 0
vn -0.9397 -0.342 0
vn -0.9397 -0.342 0
vn -0.76602 -0.6428168 0
vn -0.76602 -0.6428168 0
vn -0.76602 -0.6428168 0
vn -0.500011 -0.866019 0
vn -0.500011 -0.866019 0
vn -0.76602 -0.6428168 0
vn -0.1736028 -0.9848158 0
vn -0.1736028 -0.9848158 0
vn 0.1736028 -0.9848158 0
vn 0.1736028 -0.9848158 0
vn 0.500011 -0.866019 0
vn 0.500011 -0.866019 0
vn 0.76602 -0.6428168 0
vn 0.76602 -0.6428168 0
vn 0.76602 -0.6428168 0
vn 0.9397 -0.342 0
vn 0.9397 -0.342 0
vn 0.76602 -0.6428168 0
vn 0 0 1
vn 0 0 1
vn 0 0 1
vn 0 0 1
vn 0 0 1
vn 0 0 1
vn 0 0 1
vn 0 0 1
vn 0 0 1
vn 0 0 1
vn 0 0 1
vn 0 0 1
vn 0 0 1
vn 0 0 1
vn 0 0 1
vn 0 0 1
vn 0 0 1
vn 0 0 1
vn 0 0 1
vn 0 0 1
vn 0 0 1
vn 0 0 1
vn 0 0 1
vn 0 0 1
vn 0 0 1
vn 0 0 1
vn 0 0 1
vn 0 0 1
vn 0 0 1
vn 0 0 1
vn 0 0 1
vn 0 0 1
vn 0 0 1
vn 0 0 1
vn 0 0 1
vn 0 0 1
vn 0 0 1
vn 0 0 1
vn 0 0 1
vn 0 0 1
vn 0 0 1
vn 0 0 1
vn 0 0 1
vn 0 0 1
vn 0 0 1
vn 0 0 1
vn 0 0 1
vn 0 0 1
vn 0 0 1
vn 0 0 1
vn 0 0 1
vn 0 0 1
vn 0 0 1
vn 0 0 1
vn 0.9847987 0.1736998 0
vn 0.9847987 0.1736998 0
vn 0.9847987 0.1736998 0
vn 0.9847987 0.1736998 0
vn 0.866019 0.500011 0
vn 0.866019 0.500011 0
vn 0.866019 0.500011 0
vn 0.866019 0.500011 0
vn 0.6428168 0.76602 0
vn 0.6428168 0.76602 0
vn 0.6428168 0.76602 0
vn 0.6428168 0.76602 0
vn 0.342 0.9397 0
vn 0.342 0.9397 0
vn 0.342 0.9397 0
vn 0.342 0.9397 0
vn 0 1 0
vn 0 1 0
vn 0 1 0
vn 0 1 0
vn -0.342 0.9397 0
vn -0.342 0.9397 0
vn -0.342 0.9397 0
vn -0.342 0.9397 0
vn -0.6428168 0.76602 0
vn -0.6428168 0.76602 0
vn -0.6428168 0.76602 0
vn -0.6428168 0.76602 0
vn -0.866019 0.500011 0
vn -0.866019 0.500011 0
vn -0.866019 0.500011 0
vn -0.866019 0.500011 0
vn -0.9847987 0.1736998 0
vn -0.9847987 0.1736998 0
vn -0.9847987 0.1736998 0
vn -0.9847987 0.1736998 0
vn -0.9847987 -0.1736998 0
vn -0.9847987 -0.1736998 0
vn -0.9847987 -0.1736998 0
vn -0.9847987 -0.1736998 0
vn -0.866019 -0.500011 0
vn -0.866019 -0.500011 0
vn -0.866019 -0.500011 0
vn -0.866019 -0.500011 0
vn -0.6428168 -0.76602 0
vn -0.6428168 -0.76602 0
vn -0.6428168 -0.76602 0
vn -0.6428168 -0.76602 0
vn -0.342 -0.9397 0
vn -0.342 -0.9397 0
vn -0.342 -0.9397 0
vn -0.342 -0.9397 0
vn 0 -1 0
vn 0 -1 0
vn 0 -1 0
vn 0 -1 0
vn 0.342 -0.9397 0
vn 0.342 -0.9397 0
vn 0.342 -0.9397 0
vn 0.342 -0.9397 0
vn 0.6428168 -0.76602 0
vn 0.6428168 -0.76602 0
vn 0.6428168 -0.76602 0
vn 0.6428168 -0.76602 0
vn 0.866019 -0.500011 0
vn 0.866019 -0.500011 0
vn 0.866019 -0.500011 0
vn 0.866019 -0.500011 0
vn 0.9847987 -0.1736998 0
vn 0.9847987 -0.1736998 0
vn 0.9847987 -0.1736998 0
vn 0.9847987 -0.1736998 0
vn 1 0 0
vn 0.9397 0.342 0
vn 0.9397 0.342 0
vn 1 0 0
vn 0.76602 0.6428168 0
vn 0.76602 0.6428168 0
vn 0.76602 0.6428168 0
vn 0.500011 0.866019 0
vn 0.500011 0.866019 0
vn 0.76602 0.6428168 0
vn 0.1736028 0.9848158 0
vn 0.1736028 0.9848158 0
vn -0.1736028 0.9848158 0
vn -0.1736028 0.9848158 0
vn -0.500011 0.866019 0
vn -0.500011 0.866019 0
vn -0.76602 0.6428168 0
vn -0.76602 0.6428168 0
vn -0.76602 0.6428168 0
vn -0.9397 0.342 0
vn -0.9397 0.342 0
vn -0.76602 0.6428168 0
vn -1 0 0
vn -1 0 0
vn -0.9397 -0.342 0
vn -0.9397 -0.342 0
vn -0.76602 -0.6428168 0
vn -0.76602 -0.6428168 0
vn -0.76602 -0.6428168 0
vn -0.500011 -0.866019 0
vn -0.500011 -0.866019 0
vn -0.76602 -0.6428168 0
vn -0.1736028 -0.9848158 0
vn -0.1736028 -0.9848158 0
vn 0.1736028 -0.9848158 0
vn 0.1736028 -0.9848158 0
vn 0.500011 -0.866019 0
vn 0.500011 -0.866019 0
vn 0.76602 -0.6428168 0
vn 0.76602 -0.6428168 0
vn 0.76602 -0.6428168 0
vn 0.9397 -0.342 0
vn 0.9397 -0.342 0
vn 0.76602 -0.6428168 0
vn 0 0 1
vn 0 0 1
vn 0 0 1
vn 0 0 1
vn 0 0 1
vn 0 0 1
vn 0 0 1
vn 0 0 1
vn 0 0 1
vn 0 0 1
vn 0 0 1
vn 0 0 1
vn 0 0 1
vn 0 0 1
vn 0 0 1
vn 0 0 1
vn 0 0 1
vn 0 0 1
vn 0 0 1
vn 0 0 1
vn 0 0 1
vn 0 0 1
vn 0 0 1
vn 0 0 1
vn 0 0 1
vn 0 0 1
vn 0 0 1
vn 0 0 1
vn 0 0 1
vn 0 0 1
vn 0 0 1
vn 0 0 1
vn 0 0 1
vn 0 0 1
vn 0 0 1
vn 0 0 1
vn 0 0 1
vn 0 0 1
vn 0 0 1
vn 0 0 1
vn 0 0 1
vn 0 0 1
vn 0 0 1
vn 0 0 1
vn 0 0 1
vn 0 0 1
vn 0 0 1
vn 0 0 1
vn 0 0 1
vn 0 0 1
vn 0 0 1
vn 0 0 1
vn 0 0 1
vn 0 0 1
vn 0.9847987 0.1736998 0
vn 0.9847987 0.1736998 0
vn 0.9847987 0.1736998 0
vn 0.9847987 0.1736998 0
vn 0.866019 0.500011 0
vn 0.866019 0.500011 0
vn 0.866019 0.500011 0
vn 0.866019 0.500011 0
vn 0.6428168 0.76602 0
vn 0.6428168 0.76602 0
vn 0.6428168 0.76602 0
vn 0.6428168 0.76602 0
vn 0.342 0.9397 0
vn 0.342 0.9397 0
vn 0.342 0.9397 0
vn 0.342 0.9397 0
vn 0 1 0
vn 0 1 0
vn 0 1 0
vn 0 1 0
vn -0.342 0.9397 0
vn -0.342 0.9397 0
vn -0.342 0.9397 0
vn -0.342 0.9397 0
vn -0.6428168 0.76602 0
vn -0.6428168 0.76602 0
vn -0.6428168 0.76602 0
vn -0.6428168 0.76602 0
vn -0.866019 0.500011 0
vn -0.866019 0.500011 0
vn -0.866019 0.500011 0
vn -0.866019 0.500011 0
vn -0.9847987 0.1736998 0
vn -0.9847987 0.1736998 0
vn -0.9847987 0.1736998 0
vn -0.9847987 0.1736998 0
vn -0.9847987 -0.1736998 0
vn -0.9847987 -0.1736998 0
vn -0.9847987 -0.1736998 0
vn -0.9847987 -0.1736998 0
vn -0.866019 -0.500011 0
vn -0.866019 -0.500011 0
vn -0.866019 -0.500011 0
vn -0.866019 -0.500011 0
vn -0.6428168 -0.76602 0
vn -0.6428168 -0.76602 0
vn -0.6428168 -0.76602 0
vn -0.6428168 -0.76602 0
vn -0.342 -0.9397 0
vn -0.342 -0.9397 0
vn -0.342 -0.9397 0
vn -0.342 -0.9397 0
vn 0 -1 0
vn 0 -1 0
vn 0 -1 0
vn 0 -1 0
vn 0.342 -0.9397 0
vn 0.342 -0.9397 0
vn 0.342 -0.9397 0
vn 0.342 -0.9397 0
vn 0.6428168 -0.76602 0
vn 0.6428168 -0.76602 0
vn 0.6428168 -0.76602 0
vn 0.6428168 -0.76602 0
vn 0.866019 -0.500011 0
vn 0.866019 -0.500011 0
vn 0.866019 -0.500011 0
vn 0.866019 -0.500011 0
vn 0.9847987 -0.1736998 0
vn 0.9847987 -0.1736998 0
vn 0.9847987 -0.1736998 0
vn 0.9847987 -0.1736998 0
vn 1 0 0
vn 0.9397 0.342 0
vn 0.9397 0.342 0
vn 1 0 0
vn 0.76602 0.6428168 0
vn 0.76602 0.6428168 0
vn 0.76602 0.6428168 0
vn 0.500011 0.866019 0
vn 0.500011 0.866019 0
vn 0.76602 0.6428168 0
vn 0.1736028 0.9848158 0
vn 0.1736028 0.9848158 0
vn -0.1736028 0.9848158 0
vn -0.1736028 0.9848158 0
vn -0.500011 0.866019 0
vn -0.500011 0.866019 0
vn -0.76602 0.6428168 0
vn -0.76602 0.6428168 0
vn -0.76602 0.6428168 0
vn -0.9397 0.342 0
vn -0.9397 0.342 0
vn -0.76602 0.6428168 0
vn -1 0 0
vn -1 0 0
vn -0.9397 -0.342 0
vn -0.9397 -0.342 0
vn -0.76602 -0.6428168 0
vn -0.76602 -0.6428168 0
vn -0.76602 -0.6428168 0
vn -0.500011 -0.866019 0
vn -0.500011 -0.866019 0
vn -0.76602 -0.6428168 0
vn -0.1736028 -0.9848158 0
vn -0.1736028 -0.9848158 0
vn 0.1736028 -0.9848158 0
vn 0.1736028 -0.9848158 0
vn 0.500011 -0.866019 0
vn 0.500011 -0.866019 0
vn 0.76602 -0.6428168 0
vn 0.76602 -0.6428168 0
vn 0.76602 -0.6428168 0
vn 0.9397 -0.342 0
vn 0.9397 -0.342 0
vn 0.76602 -0.6428168 0
vn 0 0 1
vn 0 0 1
vn 0 0 1
vn 0 0 1
vn 0 0 1
vn 0 0 1
vn 0 0 1
vn 0 0 1
vn 0 0 1
vn 0 0 1
vn 0 0 1
vn 0 0 1
vn 0 0 1
vn 0 0 1
vn 0 0 1
vn 0 0 1
vn 0 0 1
vn 0 0 1
vn 0 0 1
vn 0 0 1
vn 0 0 1
vn 0 0 1
vn 0 0 1
vn 0 0 1
vn 0 0 1
vn 0 0 1
vn 0 0 1
vn 0 0 1
vn 0 0 1
vn 0 0 1
vn 0 0 1
vn 0 0 1
vn 0 0 1
vn 0 0 1
vn 0 0 1
vn 0 0 1
vn 0 0 1
vn 0 0 1
vn 0 0 1
vn 0 0 1
vn 0 0 1
vn 0 0 1
vn 0 0 1
vn 0 0 1
vn 0 0 1
vn 0 0 1
vn 0 0 1
vn 0 0 1
vn 0 0 1
vn 0 0 1
vn 0 0 1
vn 0 0 1
vn 0 0 1
vn 0 0 1
vn 0 0 1
vn 0 0 1
vn 0 0 1
vn 0 0 1
vn 0 0 1
vn 0 0 1
vn 0 0 1
vn 0 0 1
vn 0 0 1
vn 0 0 1
vn 0 0 1
vn 0 0 1
vn 0 0 1
vn 0 0 1
vn 0 0 1
vn 0 0 1
vn 0 0 1
vn 0 0 1
vn 0 0 1
vn 0 0 1
vn 0 0 1
vn 0 0 1
vn 0.9847987 0.1736998 0
vn 0.9847987 0.1736998 0
vn 0.9847987 0.1736998 0
vn 0.9847987 0.1736998 0
vn 0.866019 0.500011 0
vn 0.866019 0.500011 0
vn 0.866019 0.500011 0
vn 0.866019 0.500011 0
vn 0.6428168 0.76602 0
vn 0.6428168 0.76602 0
vn 0.6428168 0.76602 0
vn 0.6428168 0.76602 0
vn 0.342 0.9397 0
vn 0.342 0.9397 0
vn 0.342 0.9397 0
vn 0.342 0.9397 0
vn 0 1 0
vn 0 1 0
vn 0 1 0
vn 0 1 0
vn -0.342 0.9397 0
vn -0.342 0.9397 0
vn -0.342 0.9397 0
vn -0.342 0.9397 0
vn -0.6428168 0.76602 0
vn -0.6428168 0.76602 0
vn -0.6428168 0.76602 0
vn -0.6428168 0.76602 0
vn -0.866019 0.500011 0
vn -0.866019 0.500011 0
vn -0.866019 0.500011 0
vn -0.866019 0.500011 0
vn -0.9847987 0.1736998 0
vn -0.9847987 0.1736998 0
vn -0.9847987 0.1736998 0
vn -0.9847987 0.1736998 0
vn -0.9847987 -0.1736998 0
vn -0.9847987 -0.1736998 0
vn -0.9847987 -0.1736998 0
vn -0.9847987 -0.1736998 0
vn -0.866019 -0.500011 0
vn -0.866019 -0.500011 0
vn -0.866019 -0.500011 0
vn -0.866019 -0.500011 0
vn -0.6428168 -0.76602 0
vn -0.6428168 -0.76602 0
vn -0.6428168 -0.76602 0
vn -0.6428168 -0.76602 0
vn -0.342 -0.9397 0
vn -0.342 -0.9397 0
vn -0.342 -0.9397 0
vn -0.342 -0.9397 0
vn 0 -1 0
vn 0 -1 0
vn 0 -1 0
vn 0 -1 0
vn 0.342 -0.9397 0
vn 0.342 -0.9397 0
vn 0.342 -0.9397 0
vn 0.342 -0.9397 0
vn 0.6428168 -0.76602 0
vn 0.6428168 -0.76602 0
vn 0.6428168 -0.76602 0
vn 0.6428168 -0.76602 0
vn 0.866019 -0.500011 0
vn 0.866019 -0.500011 0
vn 0.866019 -0.500011 0
vn 0.866019 -0.500011 0
vn 0.9847987 -0.1736998 0
vn 0.9847987 -0.1736998 0
vn 0.9847987 -0.1736998 0
vn 0.9847987 -0.1736998 0
vn -1 0 0
vn -1 0 0
vn -1 0 0
vn -1 0 0
vn -1 0 0
vn -1 0 0
vn -1 0 0
vn -1 0 0
vn -1 0 0
vn -1 0 0
vn -1 0 0
vn -1 0 0
vn -1 0 0
vn -1 0 0
vn -1 0 0
vn -1 0 0
vn -1 0 0
vn -1 0 0
vn -1 0 0
vn -1 0 0
vn 0 0.0708988 -0.9974835
vn 0 -0.0708988 -0.9974835
vn -0.1594046 -0.070002 -0.9847283
vn -0.1594046 0.070002 -0.9847283
vn 0 -0.9974835 -0.0708988
vn 0 -0.9974835 0.0708988
vn -0.1594046 -0.9847283 0.070002
vn -0.1594046 -0.9847283 -0.070002
vn 0 -0.0708988 0.9974835
vn 0 0.0708988 0.9974835
vn -0.1594046 0.070002 0.9847283
vn -0.1594046 -0.070002 0.9847283
vn 0 0.9974835 0.0708988
vn 0 0.9974835 -0.0708988
vn -0.1594046 0.9847283 -0.070002
vn -0.1594046 0.9847283 0.070002
vn -0.1599049 -0.3303102 -0.9302288
vn 0 -0.3345875 -0.9423647
vn 0 0.3345875 -0.9423647
vn -0.1599049 0.3303102 -0.9302288
vn -0.1599049 -0.9302288 0.3303102
vn 0 -0.9423647 0.3345875
vn -0.1599049 0.3303102 0.9302288
vn 0 0.3345875 0.9423647
vn -0.1607037 -0.6979163 -0.6979163
vn 0 -0.7071068 -0.7071068
vn -0.1599049 -0.9302288 -0.3303102
vn -0.1607037 -0.6979163 -0.6979163
vn 0 -0.7071068 -0.7071068
vn 0 -0.9423647 -0.3345875
vn 0 0.7071068 -0.7071068
vn -0.1607037 0.6979163 -0.6979163
vn 0 0.9423647 -0.3345875
vn 0 0.7071068 -0.7071068
vn -0.1607037 0.6979163 -0.6979163
vn -0.1599049 0.9302288 -0.3303102
vn 0 -0.7071068 0.7071068
vn -0.1607037 -0.6979163 0.6979163
vn -0.1599049 -0.3303102 0.9302288
vn -0.1607037 -0.6979163 0.6979163
vn 0 -0.7071068 0.7071068
vn 0 -0.3345875 0.9423647
vn -0.1607037 0.6979163 0.6979163
vn 0 0.7071068 0.7071068
vn -0.1599049 0.9302288 0.3303102
vn -0.1607037 0.6979163 0.6979163
vn 0 0.7071068 0.7071068
vn 0 0.9423647 0.3345875
vn -0.9489242 0.0224006 -0.314708
vn -0.9489242 0.0224006 -0.314708
vn -0.9489242 -0.0224006 -0.314708
vn -0.9489242 -0.0224006 -0.314708
vn -0.9489242 -0.314708 -0.0224006
vn -0.9489242 -0.314708 -0.0224006
vn -0.9489242 -0.314708 0.0224006
vn -0.9489242 -0.314708 0.0224006
vn -0.9489242 -0.0224006 0.314708
vn -0.9489242 0.0224006 0.314708
vn -0.9489242 0.0224006 0.314708
vn -0.9489242 -0.0224006 0.314708
vn -0.9489242 0.314708 0.0224006
vn -0.9489242 0.314708 -0.0224006
vn -0.9489242 0.314708 -0.0224006
vn -0.9489242 0.314708 0.0224006
vn -0.3219892 0.3167894 -0.8921701
vn -0.3168926 0.0671984 -0.9460779
vn -0.3219892 -0.8921701 -0.3167894
vn -0.3168926 -0.9460779 -0.0671984
vn -0.3168926 0.9460779 0.0671984
vn -0.3219892 0.8921701 0.3167894
vn -0.3168926 -0.0671984 0.9460779
vn -0.3219892 -0.3167894 0.8921701
vn -0.3219892 0.8921701 -0.3167894
vn -0.3168926 0.9460779 -0.0671984
vn -0.3249196 0.6687403 -0.6687403
vn -0.3249196 0.6687403 -0.6687403
vn -0.3219892 -0.3167894 -0.8921701
vn -0.3168926 -0.0671984 -0.9460779
vn -0.3249196 -0.6687403 -0.6687403
vn -0.3249196 -0.6687403 -0.6687403
vn -0.3219892 0.3167894 0.8921701
vn -0.3168926 0.0671984 0.9460779
vn -0.325009 0.6687186 0.6687186
vn -0.325009 0.6687186 0.6687186
vn -0.3219892 -0.8921701 0.3167894
vn -0.3168926 -0.9460779 0.0671984
vn -0.3249196 -0.6687403 0.6687403
vn -0.3249196 -0.6687403 0.6687403
vn -0.9505483 0.1038943 -0.2926841
vn -0.9505483 0.1038943 -0.2926841
vn -0.9505386 -0.2927119 -0.1039042
vn -0.9505386 -0.2927119 -0.1039042
vn -0.9505386 0.2927119 0.1039042
vn -0.9505386 0.2927119 0.1039042
vn -0.9505483 -0.1038943 0.2926841
vn -0.9505386 -0.1039042 0.2927119
vn -0.9505483 0.2926841 -0.1038943
vn -0.9505483 0.2926841 -0.1038943
vn -0.9514754 0.2175944 -0.2175944
vn -0.9514754 0.2175944 -0.2175944
vn -0.9505386 -0.1039042 -0.2927119
vn -0.9505386 -0.1039042 -0.2927119
vn -0.9514754 -0.2175944 -0.2175944
vn -0.9514754 -0.2175944 -0.2175944
vn -0.9505386 0.1039042 0.2927119
vn -0.9505386 0.1039042 0.2927119
vn -0.9514754 0.2175944 0.2175944
vn -0.9514754 0.2175944 0.2175944
vn -0.9505386 -0.2927119 0.1039042
vn -0.9505386 -0.2927119 0.1039042
vn -0.9514754 -0.2175944 0.2175944
vn -0.9514754 -0.2175944 0.2175944
vn 1 0 0
vn 1 0 0
vn 1 0 0
vn 1 0 0
vn 1 0 0
vn 1 0 0
vn 1 0 0
vn 1 0 0
vn 1 0 0
vn 1 0 0
vn 1 0 0
vn 1 0 0
vn 1 0 0
vn 1 0 0
vn 1 0 0
vn 1 0 0
vn 1 0 0
vn 1 0 0
vn 1 0 0
vn 1 0 0
vn -1 0 0
vn -1 0 0
vn -1 0 0
vn -1 0 0
vn -1 0 0
vn -1 0 0
vn -1 0 0
vn -1 0 0
vn -1 0 0
vn -1 0 0
vn -1 0 0
vn -1 0 0
vn -1 0 0
vn -1 0 0
vn -1 0 0
vn -1 0 0
vn -1 0 0
vn -1 0 0
vn -1 0 0
vn -1 0 0
vn 0 -0.0708988 -0.9974835
vn -0.0983055 -0.070504 -0.9926556
vn -0.0983055 0.070504 -0.9926556
vn 0 0.0708988 -0.9974835
vn 0 -0.9974835 -0.0708988
vn 0 -0.9974835 0.0708988
vn -0.0984045 -0.9926459 0.0705033
vn -0.0983055 -0.9926556 -0.070504
vn 0 0.0708988 0.9974835
vn -0.0983055 0.070504 0.9926556
vn -0.0983055 -0.070504 0.9926556
vn 0 -0.0708988 0.9974835
vn 0 0.9974835 -0.0708988
vn -0.0984045 0.9926459 -0.0705033
vn -0.0984045 0.9926459 0.0705033
vn 0 0.9974835 0.0708988
vn -0.0992028 -0.3329093 -0.9377261
vn 0 -0.3345875 -0.9423647
vn 0 0.3345875 -0.9423647
vn -0.0992028 0.3329093 -0.9377261
vn 0 -0.9423647 0.3345875
vn -0.0992028 -0.9377261 0.3329093
vn -0.0992028 0.3329093 0.9377261
vn 0 0.3345875 0.9423647
vn 0 -0.7071068 -0.7071068
vn -0.0998957 -0.7035698 -0.7035698
vn 0 -0.9423647 -0.3345875
vn -0.0992028 -0.9377261 -0.3329093
vn -0.0998957 -0.7035698 -0.7035698
vn 0 -0.7071068 -0.7071068
vn -0.0998957 0.7035698 -0.7035698
vn 0 0.7071068 -0.7071068
vn 0 0.9423647 -0.3345875
vn 0 0.7071068 -0.7071068
vn -0.0998957 0.7035698 -0.7035698
vn -0.0992028 0.9377261 -0.3329093
vn 0 -0.7071068 0.7071068
vn -0.0998957 -0.7035698 0.7035698
vn 0 -0.7071068 0.7071068
vn 0 -0.3345875 0.9423647
vn -0.0992028 -0.3329093 0.9377261
vn -0.0998957 -0.7035698 0.7035698
vn 0 0.7071068 0.7071068
vn -0.0998957 0.7035698 0.7035698
vn -0.0998957 0.7035698 0.7035698
vn 0 0.7071068 0.7071068
vn 0 0.9423647 0.3345875
vn -0.0992028 0.9377261 0.3329093
vn -0.8766463 0.0341018 -0.4799253
vn -0.8766463 -0.0341018 -0.4799253
vn -0.9806663 -0.0138995 -0.1951933
vn -0.9806663 0.0138995 -0.1951933
vn -0.8766463 -0.4799253 -0.0341018
vn -0.8766463 -0.4799253 0.0341018
vn -0.9806854 -0.1950971 0.0138998
vn -0.9806854 -0.1950971 -0.0138998
vn -0.8766463 -0.0341018 0.4799253
vn -0.8766463 0.0341018 0.4799253
vn -0.9806854 0.0138998 0.1950971
vn -0.9806663 -0.0138995 0.1951933
vn -0.8766463 0.4799253 -0.0341018
vn -0.9806663 0.1951933 -0.0138995
vn -0.9806854 0.1950971 0.0138998
vn -0.8766463 0.4799253 0.0341018
vn -0.4631155 0.2965099 -0.835228
vn -0.4672887 0.0626985 -0.8818788
vn -0.4672106 -0.88192 -0.0627014
vn -0.4631155 -0.835228 -0.2965099
vn -0.4672887 0.8818788 0.0626985
vn -0.4631155 0.835228 0.2965099
vn -0.4631155 -0.2965099 0.835228
vn -0.4672887 -0.0626985 0.8818788
vn -0.4631155 0.835228 -0.2965099
vn -0.4672887 0.8818788 -0.0626985
vn -0.4628924 0.6267897 -0.6267897
vn -0.4628924 0.6267897 -0.6267897
vn -0.4631155 -0.2965099 -0.835228
vn -0.4672887 -0.0626985 -0.8818788
vn -0.4628924 -0.6267897 -0.6267897
vn -0.4628924 -0.6267897 -0.6267897
vn -0.4631155 0.2965099 0.835228
vn -0.4672887 0.0626985 0.8818788
vn -0.4628924 0.6267897 0.6267897
vn -0.4628924 0.6267897 0.6267897
vn -0.4631155 -0.835228 0.2965099
vn -0.4672887 -0.8818788 0.0626985
vn -0.4628924 -0.6267897 0.6267897
vn -0.4628924 -0.6267897 0.6267897
vn -0.4672887 -0.0626985 -0.8818788
vn -0.4672887 0.0626985 -0.8818788
vn -0.8766463 -0.4799253 0.0341018
vn -0.8766463 -0.4799253 -0.0341018
vn -0.8766463 0.0341018 0.4799253
vn -0.8766463 -0.0341018 0.4799253
vn -0.8766463 0.4799253 -0.0341018
vn -0.8766463 0.4799253 0.0341018
vn -0.8699043 0.1650008 -0.4648023
vn -0.4631155 0.2965099 -0.835228
vn -0.9813163 0.0644011 -0.181303
vn -0.8699043 -0.4648023 -0.1650008
vn -0.4631155 -0.835228 -0.2965099
vn -0.4672106 -0.88192 -0.0627014
vn -0.8766463 -0.4799253 -0.0341018
vn -0.9813163 -0.181303 -0.0644011
vn -0.8699043 -0.4648023 -0.1650008
vn -0.8699043 0.4648023 0.1650008
vn -0.4631155 0.835228 0.2965099
vn -0.4672887 0.8818788 0.0626985
vn -0.8766463 0.4799253 0.0341018
vn -0.9813163 0.181303 0.0644011
vn -0.8699043 0.4648023 0.1650008
vn -0.8699043 -0.1650008 0.4648023
vn -0.4631155 -0.2965099 0.835228
vn -0.4672887 -0.0626985 0.8818788
vn -0.8766463 -0.0341018 0.4799253
vn -0.9813163 -0.0644011 0.181303
vn -0.8699043 -0.1650008 0.4648023
vn -0.4672887 0.8818788 -0.0626985
vn -0.4631155 0.835228 -0.2965099
vn -0.8699043 0.4648023 -0.1650008
vn -0.9813163 0.181303 -0.0644011
vn -0.4628924 0.6267897 -0.6267897
vn -0.8682713 0.3507884 -0.3507884
vn -0.9816887 0.1346984 -0.1346984
vn -0.8682713 0.3507884 -0.3507884
vn -0.4628924 0.6267897 -0.6267897
vn -0.4631155 0.2965099 -0.835228
vn -0.8699043 0.1650008 -0.4648023
vn -0.4631155 -0.2965099 -0.835228
vn -0.8699043 -0.1650008 -0.4648023
vn -0.9813163 -0.0644011 -0.181303
vn -0.4628924 -0.6267897 -0.6267897
vn -0.8682713 -0.3507884 -0.3507884
vn -0.9816887 -0.1346984 -0.1346984
vn -0.8682713 -0.3507884 -0.3507884
vn -0.4628924 -0.6267897 -0.6267897
vn -0.4672887 0.0626985 0.8818788
vn -0.4631155 0.2965099 0.835228
vn -0.8699043 0.1650008 0.4648023
vn -0.8766463 0.0341018 0.4799253
vn -0.8699043 0.1650008 0.4648023
vn -0.9813163 0.0644011 0.181303
vn -0.4631155 0.2965099 0.835228
vn -0.4628924 0.6267897 0.6267897
vn -0.8682713 0.3507884 0.3507884
vn -0.9816887 0.1346984 0.1346984
vn -0.4631155 0.835228 0.2965099
vn -0.8766463 -0.4799253 0.0341018
vn -0.4672887 -0.8818788 0.0626985
vn -0.4631155 -0.835228 0.2965099
vn -0.8699043 -0.4648023 0.1650008
vn -0.8699043 -0.4648023 0.1650008
vn -0.9813163 -0.181303 0.0644011
vn -0.4628924 -0.6267897 0.6267897
vn -0.8682713 -0.3507884 0.3507884
vn -0.8682713 -0.3507884 0.3507884
vn -0.9816887 -0.1346984 0.1346984
vn -0.8682713 -0.3507884 0.3507884
vn -0.4628924 -0.6267897 0.6267897
vn 0 -0.866019 0.500011
vn 0 -0.866019 0.500011
vn 0 -0.866019 0.500011
vn 0 -0.866019 0.500011
vn 0 0 1
vn 0 0 1
vn 0 0 1
vn 0 0 1
vn 0 0.866019 0.500011
vn 0 0.866019 0.500011
vn 0 0.866019 0.500011
vn 0 0.866019 0.500011
vn 0 0.866019 -0.500011
vn 0 0.866019 -0.500011
vn 0 0.866019 -0.500011
vn 0 0.866019 -0.500011
vn 0 0 -1
vn 0 0 -1
vn 0 0 -1
vn 0 0 -1
vn 0 -0.866019 -0.500011
vn 0 -0.866019 -0.500011
vn 0 -0.866019 -0.500011
vn 0 -0.866019 -0.500011
vn -1 0 0
vn -1 0 0
vn -1 0 0
vn -1 0 0
vn -1 0 0
vn -1 0 0
vn -0.7559432 -0.3273187 0.5669324
vn -0.7559432 -0.3273187 0.5669324
vn -0.7558936 -0.6546944 0
vn -0.7558936 -0.6546944 0
vn -0.7559432 0.3273187 0.5669324
vn -0.7559432 0.3273187 0.5669324
vn -0.7558936 0.6546944 0
vn -0.7558936 0.6546944 0
vn -0.7559432 0.3273187 0.5669324
vn -0.7559432 0.3273187 0.5669324
vn -0.7559003 0.3273001 -0.5670002
vn -0.7559003 0.3273001 -0.5670002
vn -0.7559432 -0.3273187 -0.5669324
vn -0.7559003 -0.3273001 -0.5670002
vn -0.7559003 0.3273001 -0.5670002
vn -0.7559003 0.3273001 -0.5670002
vn -0.7558936 -0.6546944 0
vn -0.7559003 -0.3273001 -0.5670002
vn -0.7559432 -0.3273187 -0.5669324
vn -0.7558936 -0.6546944 0
vn 0 -0.866019 0.500011
vn 0 -0.866019 0.500011
vn 0 -0.866019 0.500011
vn 0 -0.866019 0.500011
vn 0 0 1
vn 0 0 1
vn 0 0 1
vn 0 0 1
vn 0 0.866019 0.500011
vn 0 0.866019 0.500011
vn 0 0.866019 0.500011
vn 0 0.866019 0.500011
vn 0 0.866019 -0.500011
vn 0 0.866019 -0.500011
vn 0 0.866019 -0.500011
vn 0 0.866019 -0.500011
vn 0 0 -1
vn 0 0 -1
vn 0 0 -1
vn 0 0 -1
vn 0 -0.866019 -0.500011
vn 0 -0.866019 -0.500011
vn 0 -0.866019 -0.500011
vn 0 -0.866019 -0.500011
vn -1 0 0
vn -1 0 0
vn -1 0 0
vn -1 0 0
vn -1 0 0
vn -1 0 0
vn -0.7559431 -0.6546373 0
vn -0.7559431 -0.6546373 0
vn -0.7559432 -0.3273187 0.5669324
vn -0.7559432 -0.3273187 0.5669324
vn -0.7559432 0.3273187 0.5669324
vn -0.7559432 0.3273187 0.5669324
vn -0.7559432 0.3273187 0.5669324
vn -0.7559432 0.3273187 0.5669324
vn -0.7558936 0.6546944 0
vn -0.7558936 0.6546944 0
vn -0.7559432 0.3273187 -0.5669324
vn -0.7559432 0.3273187 -0.5669324
vn -0.7559432 0.3273187 -0.5669324
vn -0.7559432 -0.3273187 -0.5669324
vn -0.7559432 -0.3273187 -0.5669324
vn -0.7559432 0.3273187 -0.5669324
vn 0 -0.866019 0.500011
vn 0 -0.866019 0.500011
vn 0 -0.866019 0.500011
vn 0 -0.866019 0.500011
vn 0 0 1
vn 0 0 1
vn 0 0 1
vn 0 0 1
vn 0 0.866019 0.500011
vn 0 0.866019 0.500011
vn 0 0.866019 0.500011
vn 0 0.866019 0.500011
vn 0 0.866019 -0.500011
vn 0 0.866019 -0.500011
vn 0 0.866019 -0.500011
vn 0 0.866019 -0.500011
vn 0 0 -1
vn 0 0 -1
vn 0 0 -1
vn 0 0 -1
vn 0 -0.866019 -0.500011
vn 0 -0.866019 -0.500011
vn 0 -0.866019 -0.500011
vn 0 -0.866019 -0.500011
vn -1 0 0
vn -1 0 0
vn -1 0 0
vn -1 0 0
vn -1 0 0
vn -1 0 0
vn -0.7558936 -0.6546944 0
vn -0.7558936 -0.6546944 0
vn -0.7559432 -0.3273187 0.5669324
vn -0.7559432 -0.3273187 0.5669324
vn -0.7559003 0.3273001 0.5670002
vn -0.7559003 0.3273001 0.5670002
vn -0.7559432 -0.3273187 0.5669324
vn -0.7559432 -0.3273187 0.5669324
vn -0.7559003 0.3273001 0.5670002
vn -0.7559003 0.3273001 0.5670002
vn -0.7558936 0.6546944 0
vn -0.7558936 0.6546944 0
vn -0.7559003 0.3273001 -0.5670002
vn -0.7559003 0.3273001 -0.5670002
vn -0.7559003 0.3273001 -0.5670002
vn -0.7559003 0.3273001 -0.5670002
vn -0.7559003 -0.3273001 -0.5670002
vn -0.7559003 -0.3273001 -0.5670002
vn -0.7558936 -0.6546944 0
vn -0.7558936 -0.6546944 0
vn -0.7559003 -0.3273001 -0.5670002
vn -0.7559003 -0.3273001 -0.5670002
vn 0 -0.866019 0.500011
vn 0 -0.866019 0.500011
vn 0 -0.866019 0.500011
vn 0 -0.866019 0.500011
vn 0 0 1
vn 0 0 1
vn 0 0 1
vn 0 0 1
vn 0 0.866019 0.500011
vn 0 0.866019 0.500011
vn 0 0.866019 0.500011
vn 0 0.866019 0.500011
vn 0 0.866019 -0.500011
vn 0 0.866019 -0.500011
vn 0 0.866019 -0.500011
vn 0 0.866019 -0.500011
vn 0 0 -1
vn 0 0 -1
vn 0 0 -1
vn 0 0 -1
vn 0 -0.866019 -0.500011
vn 0 -0.866019 -0.500011
vn 0 -0.866019 -0.500011
vn 0 -0.866019 -0.500011
vn -1 0 0
vn -1 0 0
vn -1 0 0
vn -1 0 0
vn -1 0 0
vn -1 0 0
vn -0.7559432 -0.3273187 0.5669324
vn -0.7559431 -0.6546373 0
vn -0.7559431 -0.6546373 0
vn -0.7559432 -0.3273187 0.5669324
vn -0.7559432 0.3273187 0.5669324
vn -0.7559432 0.3273187 0.5669324
vn -0.7558936 0.6546944 0
vn -0.7559432 0.3273187 0.5669324
vn -0.7559432 0.3273187 0.5669324
vn -0.7558936 0.6546944 0
vn -0.7558936 0.6546944 0
vn -0.7558936 0.6546944 0
vn -0.7559003 0.3273001 -0.5670002
vn -0.7559003 0.3273001 -0.5670002
vn -0.7559003 -0.3273001 -0.5670002
vn -0.7559003 -0.3273001 -0.5670002
vn -0.7559003 0.3273001 -0.5670002
vn -0.7559003 0.3273001 -0.5670002
vn -0.7559431 -0.6546373 0
vn -0.7559431 -0.6546373 0
vn -0.7559003 -0.3273001 -0.5670002
vn -0.7559003 -0.3273001 -0.5670002
vn 0 -0.866019 0.500011
vn 0 -0.866019 0.500011
vn 0 -0.866019 0.500011
vn 0 -0.866019 0.500011
vn 0 0 1
vn 0 0 1
vn 0 0 1
vn 0 0 1
vn 0 0.866019 0.500011
vn 0 0.866019 0.500011
vn 0 0.866019 0.500011
vn 0 0.866019 0.500011
vn 0 0.866019 -0.500011
vn 0 0.866019 -0.500011
vn 0 0.866019 -0.500011
vn 0 0.866019 -0.500011
vn 0 0 -1
vn 0 0 -1
vn 0 0 -1
vn 0 0 -1
vn 0 -0.866019 -0.500011
vn 0 -0.866019 -0.500011
vn 0 -0.866019 -0.500011
vn 0 -0.866019 -0.500011
vn -1 0 0
vn -1 0 0
vn -1 0 0
vn -1 0 0
vn -1 0 0
vn -1 0 0
vn -0.7558936 -0.6546944 0
vn -0.7558936 -0.6546944 0
vn -0.7559003 -0.3273001 0.5670002
vn -0.7559003 -0.3273001 0.5670002
vn -0.7559432 0.3273187 0.5669324
vn -0.7559003 0.3273001 0.5670002
vn -0.7559003 -0.3273001 0.5670002
vn -0.7559003 -0.3273001 0.5670002
vn -0.7558936 0.6546944 0
vn -0.7559003 0.3273001 0.5670002
vn -0.7559432 0.3273187 0.5669324
vn -0.7558936 0.6546944 0
vn -0.7559003 0.3273001 -0.5670002
vn -0.7559003 0.3273001 -0.5670002
vn -0.7558936 0.6546944 0
vn -0.7558936 0.6546944 0
vn -0.7559003 0.3273001 -0.5670002
vn -0.7559003 0.3273001 -0.5670002
vn -0.7559432 -0.3273187 -0.5669324
vn -0.7559432 -0.3273187 -0.5669324
vn -0.7559432 -0.3273187 -0.5669324
vn -0.7558936 -0.6546944 0
vn -0.7558936 -0.6546944 0
vn -0.7559432 -0.3273187 -0.5669324
vn 0 -0.866019 0.500011
vn 0 -0.866019 0.500011
vn 0 -0.866019 0.500011
vn 0 -0.866019 0.500011
vn 0 0 1
vn 0 0 1
vn 0 0 1
vn 0 0 1
vn 0 0.866019 0.500011
vn 0 0.866019 0.500011
vn 0 0.866019 0.500011
vn 0 0.866019 0.500011
vn 0 0.866019 -0.500011
vn 0 0.866019 -0.500011
vn 0 0.866019 -0.500011
vn 0 0.866019 -0.500011
vn 0 0 -1
vn 0 0 -1
vn 0 0 -1
vn 0 0 -1
vn 0 -0.866019 -0.500011
vn 0 -0.866019 -0.500011
vn 0 -0.866019 -0.500011
vn 0 -0.866019 -0.500011
vn -1 0 0
vn -1 0 0
vn -1 0 0
vn -1 0 0
vn -1 0 0
vn -1 0 0
vn -0.7558936 -0.6546944 0
vn -0.7559003 -0.3273001 0.5670002
vn -0.7559003 -0.3273001 0.5670002
vn -0.7558936 -0.6546944 0
vn -0.7559003 -0.3273001 0.5670002
vn -0.7559003 -0.3273001 0.5670002
vn -0.7559432 0.3273187 0.5669324
vn -0.7559003 0.3273001 0.5670002
vn -0.7558936 0.6546944 0
vn -0.7558936 0.6546944 0
vn -0.7559003 0.3273001 0.5670002
vn -0.7559432 0.3273187 0.5669324
vn -0.7559432 0.3273187 -0.5669324
vn -0.7559432 0.3273187 -0.5669324
vn -0.7559432 0.3273187 -0.5669324
vn -0.7559432 0.3273187 -0.5669324
vn -0.7559003 -0.3273001 -0.5670002
vn -0.7559003 -0.3273001 -0.5670002
vn -0.7559003 -0.3273001 -0.5670002
vn -0.7559003 -0.3273001 -0.5670002
vn 0 -0.866019 0.500011
vn 0 -0.866019 0.500011
vn 0 -0.866019 0.500011
vn 0 -0.866019 0.500011
vn 0 0 1
vn 0 0 1
vn 0 0 1
vn 0 0 1
vn 0 0.866019 0.500011
vn 0 0.866019 0.500011
vn 0 0.866019 0.500011
vn 0 0.866019 0.500011
vn 0 0.866019 -0.500011
vn 0 0.866019 -0.500011
vn 0 0.866019 -0.500011
vn 0 0.866019 -0.500011
vn 0 0 -1
vn 0 0 -1
vn 0 0 -1
vn 0 0 -1
vn 0 -0.866019 -0.500011
vn 0 -0.866019 -0.500011
vn 0 -0.866019 -0.500011
vn 0 -0.866019 -0.500011
vn -1 0 0
vn -1 0 0
vn -1 0 0
vn -1 0 0
vn -1 0 0
vn -1 0 0
vn -0.7559432 -0.3273187 0.5669324
vn -0.7559432 -0.3273187 0.5669324
vn -0.7558936 -0.6546944 0
vn -0.7558936 -0.6546944 0
vn -0.7559432 0.3273187 0.5669324
vn -0.7559432 0.3273187 0.5669324
vn -0.7559432 -0.3273187 0.5669324
vn -0.7559432 -0.3273187 0.5669324
vn -0.7558936 0.6546944 0
vn -0.7558936 0.6546944 0
vn -0.7559432 0.3273187 -0.5669324
vn -0.7559432 0.3273187 -0.5669324
vn -0.7559432 0.3273187 -0.5669324
vn -0.7559003 -0.3273001 -0.5670002
vn -0.7559003 -0.3273001 -0.5670002
vn -0.7559432 0.3273187 -0.5669324
vn -0.7559003 -0.3273001 -0.5670002
vn -0.7559003 -0.3273001 -0.5670002
vn 0 -0.866019 0.500011
vn 0 -0.866019 0.500011
vn 0 -0.866019 0.500011
vn 0 -0.866019 0.500011
vn 0 0 1
vn 0 0 1
vn 0 0 1
vn 0 0 1
vn 0 0.866019 0.500011
vn 0 0.866019 0.500011
vn 0 0.866019 0.500011
vn 0 0.866019 0.500011
vn 0 0.866019 -0.500011
vn 0 0.866019 -0.500011
vn 0 0.866019 -0.500011
vn 0 0.866019 -0.500011
vn 0 0 -1
vn 0 0 -1
vn 0 0 -1
vn 0 0 -1
vn 0 -0.866019 -0.500011
vn 0 -0.866019 -0.500011
vn 0 -0.866019 -0.500011
vn 0 -0.866019 -0.500011
vn -1 0 0
vn -1 0 0
vn -1 0 0
vn -1 0 0
vn -1 0 0
vn -1 0 0
vn -0.7559431 -0.6546373 0
vn -0.7559431 -0.6546373 0
vn -0.7559432 -0.3273187 0.5669324
vn -0.7559432 -0.3273187 0.5669324
vn -0.7559432 0.3273187 0.5669324
vn -0.7559432 0.3273187 0.5669324
vn -0.7559432 0.3273187 0.5669324
vn -0.7559432 0.3273187 0.5669324
vn -0.7558936 0.6546944 0
vn -0.7558936 0.6546944 0
vn -0.7559003 0.3273001 -0.5670002
vn -0.7559003 0.3273001 -0.5670002
vn -0.7558936 0.6546944 0
vn -0.7558936 0.6546944 0
vn -0.7559003 -0.3273001 -0.5670002
vn -0.7559003 0.3273001 -0.5670002
vn -0.7559003 0.3273001 -0.5670002
vn -0.7559003 -0.3273001 -0.5670002
vn -0.7559431 -0.6546373 0
vn -0.7559431 -0.6546373 0
vn -0.7559003 -0.3273001 -0.5670002
vn -0.7559003 -0.3273001 -0.5670002
vn 0 -1 0
vn 0 -0.9397 0.342
vn 0 -0.9397 0.342
vn 0 -1 0
vn 0 -0.76602 0.6428168
vn 0 -0.76602 0.6428168
vn 0 -0.76602 0.6428168
vn 0 -0.76602 0.6428168
vn 0 -0.500011 0.866019
vn 0 -0.500011 0.866019
vn 0 -0.1736028 0.9848158
vn 0 -0.1736028 0.9848158
vn 0 0.1736028 0.9848158
vn 0 0.1736028 0.9848158
vn 0 0.500011 0.866019
vn 0 0.500011 0.866019
vn 0 0.76602 0.6428168
vn 0 0.76602 0.6428168
vn 0 0.9397 0.342
vn 0 0.76602 0.6428168
vn 0 0.76602 0.6428168
vn 0 0.9397 0.342
vn 0 1 0
vn 0 1 0
vn 0 0.9397 -0.342
vn 0 0.9397 -0.342
vn 0 0.76602 -0.6428168
vn 0 0.76602 -0.6428168
vn 0 0.76602 -0.6428168
vn 0 0.500011 -0.866019
vn 0 0.500011 -0.866019
vn 0 0.76602 -0.6428168
vn 0 0.1736028 -0.9848158
vn 0 0.1736028 -0.9848158
vn 0 -0.1736028 -0.9848158
vn 0 -0.1736028 -0.9848158
vn 0 -0.500011 -0.866019
vn 0 -0.500011 -0.866019
vn 0 -0.76602 -0.6428168
vn 0 -0.76602 -0.6428168
vn 0 -0.76602 -0.6428168
vn 0 -0.9397 -0.342
vn 0 -0.9397 -0.342
vn 0 -0.76602 -0.6428168
vn -1 0 0
vn -1 0 0
vn -1 0 0
vn -1 0 0
vn -1 0 0
vn -1 0 0
vn -1 0 0
vn -1 0 0
vn -1 0 0
vn -1 0 0
vn -1 0 0
vn -1 0 0
vn -1 0 0
vn -1 0 0
vn -1 0 0
vn -1 0 0
vn -1 0 0
vn -1 0 0
vn -1 0 0
vn -1 0 0
vn -1 0 0
vn -1 0 0
vn -1 0 0
vn -1 0 0
vn -1 0 0
vn -1 0 0
vn -1 0 0
vn -1 0 0
vn -1 0 0
vn -1 0 0
vn -1 0 0
vn -1 0 0
vn -1 0 0
vn -1 0 0
vn -1 0 0
vn -1 0 0
vn -1 0 0
vn -1 0 0
vn -1 0 0
vn -1 0 0
vn -1 0 0
vn -1 0 0
vn -1 0 0
vn -1 0 0
vn -1 0 0
vn -1 0 0
vn -1 0 0
vn -1 0 0
vn -1 0 0
vn -1 0 0
vn -1 0 0
vn -1 0 0
vn -1 0 0
vn -1 0 0
vn 0 1 0
vn 0 1 0
vn 0 0.9397 -0.342
vn 0 0.9397 -0.342
vn 0 0.76602 -0.6428168
vn 0 0.76602 -0.6428168
vn 0 0.76602 -0.6428168
vn 0 0.76602 -0.6428168
vn 0 0.500011 -0.866019
vn 0 0.500011 -0.866019
vn 0 0.1736028 -0.9848158
vn 0 0.1736028 -0.9848158
vn 0 -0.1736028 -0.9848158
vn 0 -0.1736028 -0.9848158
vn 0 -0.500011 -0.866019
vn 0 -0.500011 -0.866019
vn 0 -0.76602 -0.6428168
vn 0 -0.76602 -0.6428168
vn 0 -0.9397 -0.342
vn 0 -0.76602 -0.6428168
vn 0 -0.76602 -0.6428168
vn 0 -0.9397 -0.342
vn 0 -1 0
vn 0 -1 0
vn 0 -0.9397 0.342
vn 0 -0.9397 0.342
vn 0 -0.76602 0.6428168
vn 0 -0.76602 0.6428168
vn 0 -0.76602 0.6428168
vn 0 -0.76602 0.6428168
vn 0 -0.500011 0.866019
vn 0 -0.500011 0.866019
vn 0 -0.1736028 0.9848158
vn 0 -0.1736028 0.9848158
vn 0 0.1736028 0.9848158
vn 0 0.1736028 0.9848158
vn 0 0.500011 0.866019
vn 0 0.500011 0.866019
vn 0 0.76602 0.6428168
vn 0 0.76602 0.6428168
vn 0 0.76602 0.6428168
vn 0 0.76602 0.6428168
vn 0 0.9397 0.342
vn 0 0.9397 0.342
vn -1 0 0
vn -1 0 0
vn -1 0 0
vn -1 0 0
vn -1 0 0
vn -1 0 0
vn -1 0 0
vn -1 0 0
vn -1 0 0
vn -1 0 0
vn -1 0 0
vn -1 0 0
vn -1 0 0
vn -1 0 0
vn -1 0 0
vn -1 0 0
vn -1 0 0
vn -1 0 0
vn -1 0 0
vn -1 0 0
vn -1 0 0
vn -1 0 0
vn -1 0 0
vn -1 0 0
vn -1 0 0
vn -1 0 0
vn -1 0 0
vn -1 0 0
vn -1 0 0
vn -1 0 0
vn -1 0 0
vn -1 0 0
vn -1 0 0
vn -1 0 0
vn -1 0 0
vn -1 0 0
vn 0 0.9397 -0.342
vn 0 0.9397 -0.342
vn 0 1 0
vn 0 1 0
vn 0 0.76602 -0.6428168
vn 0 0.76602 -0.6428168
vn 0 0.500011 -0.866019
vn 0 0.76602 -0.6428168
vn 0 0.76602 -0.6428168
vn 0 0.500011 -0.866019
vn 0 0.1736028 -0.9848158
vn 0 0.1736028 -0.9848158
vn 0 -0.1736028 -0.9848158
vn 0 -0.1736028 -0.9848158
vn 0 -0.500011 -0.866019
vn 0 -0.500011 -0.866019
vn 0 -0.76602 -0.6428168
vn 0 -0.76602 -0.6428168
vn 0 -0.76602 -0.6428168
vn 0 -0.9397 -0.342
vn 0 -0.9397 -0.342
vn 0 -0.76602 -0.6428168
vn 0 -1 0
vn 0 -1 0
vn 0 -0.9397 0.342
vn 0 -0.9397 0.342
vn 0 -0.76602 0.6428168
vn 0 -0.76602 0.6428168
vn 0 -0.500011 0.866019
vn 0 -0.500011 0.866019
vn 0 -0.76602 0.6428168
vn 0 -0.76602 0.6428168
vn 0 -0.1736028 0.9848158
vn 0 -0.1736028 0.9848158
vn 0 0.1736028 0.9848158
vn 0 0.1736028 0.9848158
vn 0 0.500011 0.866019
vn 0 0.500011 0.866019
vn 0 0.1736028 0.9848158
vn 0 0.1736028 0.9848158
vn 0 0.76602 0.6428168
vn 0 0.76602 0.6428168
vn 0 0.9397 0.342
vn 0 0.76602 0.6428168
vn 0 0.76602 0.6428168
vn 0 0.9397 0.342
vn -0.1574054 -0.9875341 0
vn 0 -1 0
vn 0 -0.9397 0.342
vn -0.1574922 -0.927954 0.3377833
vn 0 -0.76602 0.6428168
vn -0.1574945 -0.7564737 0.6347779
vn 0 -0.76602 0.6428168
vn 0 -0.500011 0.866019
vn -0.1574991 -0.4937971 0.855195
vn -0.1574945 -0.7564737 0.6347779
vn 0 -0.1736028 0.9848158
vn -0.157502 -0.1715022 0.9725123
vn 0 0.1736028 0.9848158
vn -0.1574045 0.1715049 0.9725276
vn -0.1574016 0.4938049 0.8552084
vn 0 0.500011 0.866019
vn 0 0.7660613 0.6427675
vn -0.157397 0.7564856 0.6347879
vn 0 0.9397 0.342
vn -0.1573947 0.9279686 0.3377886
vn -0.157397 0.7564856 0.6347879
vn 0 0.7660613 0.6427675
vn 0 1 0
vn -0.1575029 0.9875185 0
vn 0 0.9397 -0.342
vn -0.1574922 0.927954 -0.3377833
vn 0 0.76602 -0.6428168
vn -0.1574945 0.7564737 -0.6347779
vn 0 0.76602 -0.6428168
vn 0 0.500011 -0.866019
vn -0.1574991 0.4937971 -0.855195
vn -0.1574945 0.7564737 -0.6347779
vn 0 0.1736998 -0.9847987
vn -0.157502 0.1715022 -0.9725123
vn 0 -0.1736028 -0.9848158
vn -0.157502 -0.1715022 -0.9725123
vn -0.1574991 -0.4937971 -0.855195
vn 0 -0.500011 -0.866019
vn 0 -0.76602 -0.6428168
vn -0.1574945 -0.7564737 -0.6347779
vn -0.1574945 -0.7564737 -0.6347779
vn 0 -0.76602 -0.6428168
vn 0 -0.9397 -0.342
vn -0.1574975 -0.9279854 -0.3376947
vn -1 0 0
vn -1 0 0
vn -1 0 0
vn -1 0 0
vn -1 0 0
vn -1 0 0
vn -1 0 0
vn -1 0 0
vn -1 0 0
vn -1 0 0
vn -1 0 0
vn -1 0 0
vn -1 0 0
vn -1 0 0
vn -1 0 0
vn -1 0 0
vn -1 0 0
vn -1 0 0
vn 0 -0.9397 0.342
vn 0 -0.9397 0.342
vn 0 -1 0
vn 0 -1 0
vn 0 -1 0
vn 0 -1 0
vn 0 -0.9397 0.342
vn 0 -0.9397 0.342
vn 0 -0.76602 0.6428168
vn 0 -0.76602 0.6428168
vn 0 -0.76602 0.6428168
vn 0 -0.76602 0.6428168
vn 0 -0.500011 0.866019
vn 0 -0.500011 0.866019
vn 0 -0.76602 0.6428168
vn 0 -0.76602 0.6428168
vn 0 -0.76602 0.6428168
vn 0 -0.76602 0.6428168
vn 0 -0.500011 0.866019
vn 0 -0.500011 0.866019
vn 0 -0.1736028 0.9848158
vn 0 -0.1736028 0.9848158
vn 0 -0.1736028 0.9848158
vn 0 -0.1736028 0.9848158
vn 0 0.1736028 0.9848158
vn 0 0.1736028 0.9848158
vn 0 0.1736028 0.9848158
vn 0 0.1736028 0.9848158
vn 0 0.500011 0.866019
vn 0 0.500011 0.866019
vn 0 0.500011 0.866019
vn 0 0.500011 0.866019
vn 0 0.76602 0.6428168
vn 0 0.76602 0.6428168
vn 0 0.76602 0.6428168
vn 0 0.76602 0.6428168
vn 0 0.76602 0.6428168
vn 0 0.76602 0.6428168
vn 0 0.9397 0.342
vn 0 0.9397 0.342
vn 0 0.76602 0.6428168
vn 0 0.9397 0.342
vn 0 0.9397 0.342
vn 0 0.76602 0.6428168
vn 0 1 0
vn 0 1 0
vn 0 1 0
vn 0 1 0
vn 0 0.9397 -0.342
vn 0 0.9397 -0.342
vn 0 0.9397 -0.342
vn 0 0.9397 -0.342
vn 0 0.76602 -0.6428168
vn 0 0.76602 -0.6428168
vn 0 0.76602 -0.6428168
vn 0 0.76602 -0.6428168
vn 0 0.500011 -0.866019
vn 0 0.76602 -0.6428168
vn 0 0.76602 -0.6428168
vn 0 0.500011 -0.866019
vn 0 0.500011 -0.866019
vn 0 0.76602 -0.6428168
vn 0 0.76602 -0.6428168
vn 0 0.500011 -0.866019
vn 0 0.1736028 -0.9848158
vn 0 0.1736028 -0.9848158
vn 0 0.1736028 -0.9848158
vn 0 0.1736028 -0.9848158
vn 0 -0.1736028 -0.9848158
vn 0 -0.1736028 -0.9848158
vn 0 -0.1736028 -0.9848158
vn 0 -0.1736028 -0.9848158
vn 0 -0.500011 -0.866019
vn 0 -0.500011 -0.866019
vn 0 -0.500011 -0.866019
vn 0 -0.500011 -0.866019
vn 0 -0.76602 -0.6428168
vn 0 -0.76602 -0.6428168
vn 0 -0.76602 -0.6428168
vn 0 -0.76602 -0.6428168
vn 0 -0.9397 -0.342
vn 0 -0.76602 -0.6428168
vn 0 -0.76602 -0.6428168
vn 0 -0.9397 -0.342
vn 0 -0.76602 -0.6428168
vn 0 -0.76602 -0.6428168
vn 0 -0.9397 -0.342
vn 0 -0.9397 -0.342
vn -1 0 0
vn -1 0 0
vn -1 0 0
vn -1 0 0
vn -1 0 0
vn -1 0 0
vn -1 0 0
vn -1 0 0
vn -1 0 0
vn -1 0 0
vn -1 0 0
vn -1 0 0
vn -1 0 0
vn -1 0 0
vn -1 0 0
vn -1 0 0
vn -1 0 0
vn -1 0 0
vn -1 0 0
vn -1 0 0
vn -1 0 0
vn -1 0 0
vn -1 0 0
vn -1 0 0
vn -1 0 0
vn -1 0 0
vn -1 0 0
vn -1 0 0
vn -1 0 0
vn -1 0 0
vn -1 0 0
vn -1 0 0
vn -1 0 0
vn -1 0 0
vn -1 0 0
vn -1 0 0
vn -0.9841376 -0.1774068 0
vn -0.9841363 -0.1667062 0.0607022
vn -0.9841363 -0.1667062 -0.0607022
vn -0.9841405 -0.1359056 -0.1140047
vn -0.9841426 -0.0887038 -0.1536067
vn -0.9841386 -0.0308012 -0.1747069
vn -0.9841386 0.0308012 -0.1747069
vn -0.9841275 0.0887025 -0.1537043
vn -0.9841405 0.1359056 -0.1140047
vn -0.9841363 0.1667062 -0.0607022
vn -0.9841376 0.1774068 0
vn -0.9841363 0.1667062 0.0607022
vn -0.9841405 0.1359056 0.1140047
vn -0.9841426 0.0887038 0.1536067
vn -0.9841386 0.0308012 0.1747069
vn -0.9841386 -0.0308012 0.1747069
vn -0.9841275 -0.0887025 0.1537043
vn -0.9841405 -0.1359056 0.1140047
vn -1 0 0
vn -1 0 0
vn -1 0 0
vn -1 0 0
vn -1 0 0
vn -1 0 0
vn -1 0 0
vn -1 0 0
vn -1 0 0
vn -1 0 0
vn -1 0 0
vn -1 0 0
vn -1 0 0
vn -1 0 0
vn -1 0 0
vn -1 0 0
vn -1 0 0
vn -1 0 0
vn -1 0 0
vn -1 0 0
vn -1 0 0
vn -1 0 0
vn -1 0 0
vn -1 0 0
vn -1 0 0
vn -1 0 0
vn -1 0 0
vn -1 0 0
vn -1 0 0
vn -1 0 0
vn -1 0 0
vn -1 0 0
vn -1 0 0
vn -1 0 0
vn -1 0 0
vn -1 0 0
vn 0 1 0
vn 0 0.9397 -0.342
vn 0 0.9397 -0.342
vn 0 1 0
vn 0 0.76602 -0.6428168
vn 0 0.76602 -0.6428168
vn 0 0.76602 -0.6428168
vn 0 0.76602 -0.6428168
vn 0 0.500011 -0.866019
vn 0 0.500011 -0.866019
vn 0 0.1736028 -0.9848158
vn 0 0.1736028 -0.9848158
vn 0 -0.1736028 -0.9848158
vn 0 -0.1736028 -0.9848158
vn 0 -0.500011 -0.866019
vn 0 -0.500011 -0.866019
vn 0 -0.76602 -0.6428168
vn 0 -0.76602 -0.6428168
vn 0 -0.76602 -0.6428168
vn 0 -0.76602 -0.6428168
vn 0 -0.9397 -0.342
vn 0 -0.9397 -0.342
vn 0 -1 0
vn 0 -1 0
vn 0 -0.9397 0.342
vn 0 -0.9397 0.342
vn 0 -0.76602 0.6428168
vn 0 -0.76602 0.6428168
vn 0 -0.76602 0.6428168
vn 0 -0.500011 0.866019
vn 0 -0.500011 0.866019
vn 0 -0.76602 0.6428168
vn 0 -0.1736028 0.9848158
vn 0 -0.1736028 0.9848158
vn 0 0.1736028 0.9848158
vn 0 0.1736028 0.9848158
vn 0 0.500011 0.866019
vn 0 0.500011 0.866019
vn 0 0.76602 0.6428168
vn 0 0.76602 0.6428168
vn 0 0.76602 0.6428168
vn 0 0.9397 0.342
vn 0 0.9397 0.342
vn 0 0.76602 0.6428168
vn -0.3161913 -0.8914755 0.3244911
vn -0.3161977 -0.9486933 0
vn -0.3161913 -0.8914755 -0.3244911
vn -0.3162108 -0.726725 -0.6098209
vn -0.3162108 -0.726725 -0.6098209
vn -0.3162048 -0.4743072 -0.8216125
vn -0.316196 -0.1646979 -0.9342883
vn -0.316196 0.1646979 -0.9342883
vn -0.3162048 0.4743072 -0.8216125
vn -0.3162108 0.726725 -0.6098209
vn -0.3161913 0.8914755 -0.3244911
vn -0.3162108 0.726725 -0.6098209
vn -0.3161977 0.9486933 0
vn -0.3161913 0.8914755 0.3244911
vn -0.3162108 0.726725 0.6098209
vn -0.3162108 0.726725 0.6098209
vn -0.3162048 0.4743072 0.8216125
vn -0.316196 0.1646979 0.9342883
vn -0.316196 -0.1646979 0.9342883
vn -0.3162048 -0.4743072 0.8216125
vn -0.3162108 -0.726725 0.6098209
vn -0.3162108 -0.726725 0.6098209
vn -0.9486933 -0.3161977 0
vn -0.9486683 -0.2971901 0.1081964
vn -0.9486683 -0.2971901 -0.1081964
vn -0.9486889 -0.2421972 -0.2032976
vn -0.948677 -0.1580962 -0.2738934
vn -0.9486926 -0.0548996 -0.3113975
vn -0.9486926 0.0548996 -0.3113975
vn -0.948677 0.1580962 -0.2738934
vn -0.9486659 0.2422913 -0.2032927
vn -0.9486683 0.2971901 -0.1081964
vn -0.9486933 0.3161977 0
vn -0.9486683 0.2971901 0.1081964
vn -0.9486889 0.2421972 0.2032976
vn -0.948677 0.1580962 0.2738934
vn -0.9486926 0.0548996 0.3113975
vn -0.9486926 -0.0548996 0.3113975
vn -0.948677 -0.1580962 0.2738934
vn -0.9486889 -0.2421972 0.2032976
vn -1 0 0
vn -1 0 0
vn -1 0 0
vn -1 0 0
vn -1 0 0
vn -1 0 0
vn -1 0 0
vn -1 0 0
vn -1 0 0
vn -1 0 0
vn -1 0 0
vn -1 0 0
vn -1 0 0
vn -1 0 0
vn -1 0 0
vn -1 0 0
vn -1 0 0
vn -1 0 0
vn -1 0 0
vn -1 0 0
vn -0.1594046 -0.070002 -0.9847283
vn -0.1594046 0.070002 -0.9847283
vn 0 0.0708988 -0.9974835
vn 0 -0.0708988 -0.9974835
vn -0.1594046 0.9847283 -0.070002
vn -0.1594046 0.9847283 0.070002
vn 0 0.9974835 0.0708988
vn 0 0.9974835 -0.0708988
vn -0.1594046 0.070002 0.9847283
vn -0.1594046 -0.070002 0.9847283
vn 0 -0.0708988 0.9974835
vn 0 0.0708988 0.9974835
vn -0.1594046 -0.9847283 -0.070002
vn 0 -0.9974835 -0.0708988
vn 0 -0.9974835 0.0708988
vn -0.1594046 -0.9847283 0.070002
vn -0.1599049 0.3303102 -0.9302288
vn 0 0.3345875 -0.9423647
vn 0 -0.3345875 -0.9423647
vn -0.1599049 -0.3303102 -0.9302288
vn -0.1599049 0.9302288 0.3303102
vn 0 0.9423647 0.3345875
vn -0.1599049 -0.3303102 0.9302288
vn 0 -0.3345875 0.9423647
vn -0.1607037 0.6979163 -0.6979163
vn 0 0.7071068 -0.7071068
vn -0.1599049 0.9302288 -0.3303102
vn 0 0.9423647 -0.3345875
vn 0 0.7071068 -0.7071068
vn -0.1607037 0.6979163 -0.6979163
vn 0 -0.7071068 -0.7071068
vn -0.1607037 -0.6979163 -0.6979163
vn 0 -0.9423647 -0.3345875
vn -0.1599049 -0.9302288 -0.3303102
vn -0.1607037 -0.6979163 -0.6979163
vn 0 -0.7071068 -0.7071068
vn 0 0.7071068 0.7071068
vn -0.1607037 0.6979163 0.6979163
vn -0.1599049 0.3303102 0.9302288
vn 0 0.3345875 0.9423647
vn 0 0.7071068 0.7071068
vn -0.1607037 0.6979163 0.6979163
vn 0 -0.7071068 0.7071068
vn -0.1607037 -0.6979163 0.6979163
vn -0.1599049 -0.9302288 0.3303102
vn 0 -0.9423647 0.3345875
vn 0 -0.7071068 0.7071068
vn -0.1607037 -0.6979163 0.6979163
vn -0.9489242 -0.0224006 -0.314708
vn -0.9489242 0.0224006 -0.314708
vn -0.9489242 0.0224006 -0.314708
vn -0.9489242 -0.0224006 -0.314708
vn -0.9489242 0.314708 0.0224006
vn -0.9489242 0.314708 -0.0224006
vn -0.9489242 0.314708 -0.0224006
vn -0.9489242 0.314708 0.0224006
vn -0.9489242 -0.0224006 0.314708
vn -0.9489242 0.0224006 0.314708
vn -0.9489242 0.0224006 0.314708
vn -0.9489242 -0.0224006 0.314708
vn -0.9489242 -0.314708 0.0224006
vn -0.9489242 -0.314708 0.0224006
vn -0.9489242 -0.314708 -0.0224006
vn -0.9489242 -0.314708 -0.0224006
vn -0.3168926 -0.0671984 -0.9460779
vn -0.3219892 -0.3167894 -0.8921701
vn -0.3168926 0.9460779 -0.0671984
vn -0.3218996 0.8921988 -0.3167996
vn -0.3218996 -0.8921988 0.3167996
vn -0.3168926 -0.9460779 0.0671984
vn -0.3168926 0.0671984 0.9460779
vn -0.3219892 0.3167894 0.8921701
vn -0.3218996 -0.8921988 -0.3167996
vn -0.3168926 -0.9460779 -0.0671984
vn -0.325009 -0.6687186 -0.6687186
vn -0.325009 -0.6687186 -0.6687186
vn -0.3168926 0.0671984 -0.9460779
vn -0.3218996 0.3167996 -0.8921988
vn -0.3249196 0.6687403 -0.6687403
vn -0.3249196 0.6687403 -0.6687403
vn -0.3168926 -0.0671984 0.9460779
vn -0.3218996 -0.3167996 0.8921988
vn -0.325009 -0.6687186 0.6687186
vn -0.325009 -0.6687186 0.6687186
vn -0.3168926 0.9460779 0.0671984
vn -0.3218996 0.8921988 0.3167996
vn -0.3249196 0.6687403 0.6687403
vn -0.3249196 0.6687403 0.6687403
vn -0.9505386 -0.1039042 -0.2927119
vn -0.9505386 -0.1039042 -0.2927119
vn -0.9505386 0.2927119 -0.1039042
vn -0.9505386 0.2927119 -0.1039042
vn -0.9505386 -0.2927119 0.1039042
vn -0.9505386 -0.2927119 0.1039042
vn -0.9505386 0.1039042 0.2927119
vn -0.9505386 0.1039042 0.2927119
vn -0.9505386 -0.2927119 -0.1039042
vn -0.9505386 -0.2927119 -0.1039042
vn -0.9514754 -0.2175944 -0.2175944
vn -0.9514754 -0.2175944 -0.2175944
vn -0.9505386 0.1039042 -0.2927119
vn -0.9505386 0.1039042 -0.2927119
vn -0.9514754 0.2175944 -0.2175944
vn -0.9514754 0.2175944 -0.2175944
vn -0.9505386 -0.1039042 0.2927119
vn -0.9505386 -0.1039042 0.2927119
vn -0.9514754 -0.2175944 0.2175944
vn -0.9514754 -0.2175944 0.2175944
vn -0.9505386 0.2927119 0.1039042
vn -0.9505386 0.2927119 0.1039042
vn -0.9514754 0.2175944 0.2175944
vn -0.9514754 0.2175944 0.2175944
vn 0 0.866019 0.500011
vn 0 0.866019 0.500011
vn 0 0.866019 0.500011
vn 0 0.866019 0.500011
vn 0 0 1
vn 0 0 1
vn 0 0 1
vn 0 0 1
vn 0 -0.866019 0.500011
vn 0 -0.866019 0.500011
vn 0 -0.866019 0.500011
vn 0 -0.866019 0.500011
vn 0 -0.866019 -0.500011
vn 0 -0.866019 -0.500011
vn 0 -0.866019 -0.500011
vn 0 -0.866019 -0.500011
vn 0 0 -1
vn 0 0 -1
vn 0 0 -1
vn 0 0 -1
vn 0 0.866019 -0.500011
vn 0 0.866019 -0.500011
vn 0 0.866019 -0.500011
vn 0 0.866019 -0.500011
vn -1 0 0
vn -1 0 0
vn -1 0 0
vn -1 0 0
vn -1 0 0
vn -1 0 0
vn -0.7559003 0.3273001 0.5670002
vn -0.7559003 0.3273001 0.5670002
vn -0.7558936 0.6546944 0
vn -0.7558936 0.6546944 0
vn -0.7559003 0.3273001 0.5670002
vn -0.7559003 -0.3273001 0.5670002
vn -0.7559003 -0.3273001 0.5670002
vn -0.7559003 0.3273001 0.5670002
vn -0.7559431 -0.6546373 0
vn -0.7559431 -0.6546373 0
vn -0.7559003 -0.3273001 0.5670002
vn -0.7559003 -0.3273001 0.5670002
vn -0.7559003 -0.3273001 -0.5670002
vn -0.7559003 -0.3273001 -0.5670002
vn -0.7559003 -0.3273001 -0.5670002
vn -0.7559003 -0.3273001 -0.5670002
vn -0.7559003 0.3273001 -0.5670002
vn -0.7559003 0.3273001 -0.5670002
vn -0.7558936 0.6546944 0
vn -0.7559003 0.3273001 -0.5670002
vn -0.7559003 0.3273001 -0.5670002
vn -0.7558936 0.6546944 0
vn 0 0.866019 0.500011
vn 0 0.866019 0.500011
vn 0 0.866019 0.500011
vn 0 0.866019 0.500011
vn 0 0 1
vn 0 0 1
vn 0 0 1
vn 0 0 1
vn 0 -0.866019 0.500011
vn 0 -0.866019 0.500011
vn 0 -0.866019 0.500011
vn 0 -0.866019 0.500011
vn 0 -0.866019 -0.500011
vn 0 -0.866019 -0.500011
vn 0 -0.866019 -0.500011
vn 0 -0.866019 -0.500011
vn 0 0 -1
vn 0 0 -1
vn 0 0 -1
vn 0 0 -1
vn 0 0.866019 -0.500011
vn 0 0.866019 -0.500011
vn 0 0.866019 -0.500011
vn 0 0.866019 -0.500011
vn -1 0 0
vn -1 0 0
vn -1 0 0
vn -1 0 0
vn -1 0 0
vn -1 0 0
vn -0.7558936 0.6546944 0
vn -0.7559432 0.3273187 0.5669324
vn -0.7559432 0.3273187 0.5669324
vn -0.7558936 0.6546944 0
vn -0.7559432 -0.3273187 0.5669324
vn -0.7559432 -0.3273187 0.5669324
vn -0.7559432 0.3273187 0.5669324
vn -0.7559432 0.3273187 0.5669324
vn -0.7559432 -0.3273187 0.5669324
vn -0.7558936 -0.6546944 0
vn -0.7558936 -0.6546944 0
vn -0.7559432 -0.3273187 0.5669324
vn -0.7559432 -0.3273187 -0.5669324
vn -0.7559432 -0.3273187 -0.5669324
vn -0.7559432 -0.3273187 -0.5669324
vn -0.7559432 0.3273187 -0.5669324
vn -0.7559432 0.3273187 -0.5669324
vn -0.7559432 -0.3273187 -0.5669324
vn -0.7559432 0.3273187 -0.5669324
vn -0.7559432 0.3273187 -0.5669324
vn 0 0.866019 0.500011
vn 0 0.866019 0.500011
vn 0 0.866019 0.500011
vn 0 0.866019 0.500011
vn 0 0 1
vn 0 0 1
vn 0 0 1
vn 0 0 1
vn 0 -0.866019 0.500011
vn 0 -0.866019 0.500011
vn 0 -0.866019 0.500011
vn 0 -0.866019 0.500011
vn 0 -0.866019 -0.500011
vn 0 -0.866019 -0.500011
vn 0 -0.866019 -0.500011
vn 0 -0.866019 -0.500011
vn 0 0 -1
vn 0 0 -1
vn 0 0 -1
vn 0 0 -1
vn 0 0.866019 -0.500011
vn 0 0.866019 -0.500011
vn 0 0.866019 -0.500011
vn 0 0.866019 -0.500011
vn -1 0 0
vn -1 0 0
vn -1 0 0
vn -1 0 0
vn -1 0 0
vn -1 0 0
vn -0.7558936 0.6546944 0
vn -0.7558936 0.6546944 0
vn -0.7559432 0.3273187 0.5669324
vn -0.7559432 0.3273187 0.5669324
vn -0.7559432 0.3273187 0.5669324
vn -0.7559003 -0.3273001 0.5670002
vn -0.7559003 -0.3273001 0.5670002
vn -0.7559432 0.3273187 0.5669324
vn -0.7559003 -0.3273001 0.5670002
vn -0.7559003 -0.3273001 0.5670002
vn -0.7558936 -0.6546944 0
vn -0.7558936 -0.6546944 0
vn -0.7559003 -0.3273001 -0.5670002
vn -0.7559003 -0.3273001 -0.5670002
vn -0.7559003 -0.3273001 -0.5670002
vn -0.7559432 0.3273187 -0.5669324
vn -0.7559432 0.3273187 -0.5669324
vn -0.7559003 -0.3273001 -0.5670002
vn -0.7559432 0.3273187 -0.5669324
vn -0.7559432 0.3273187 -0.5669324
vn 0 0.866019 0.500011
vn 0 0.866019 0.500011
vn 0 0.866019 0.500011
vn 0 0.866019 0.500011
vn 0 0 1
vn 0 0 1
vn 0 0 1
vn 0 0 1
vn 0 -0.866019 0.500011
vn 0 -0.866019 0.500011
vn 0 -0.866019 0.500011
vn 0 -0.866019 0.500011
vn 0 -0.866019 -0.500011
vn 0 -0.866019 -0.500011
vn 0 -0.866019 -0.500011
vn 0 -0.866019 -0.500011
vn 0 0 -1
vn 0 0 -1
vn 0 0 -1
vn 0 0 -1
vn 0 0.866019 -0.500011
vn 0 0.866019 -0.500011
vn 0 0.866019 -0.500011
vn 0 0.866019 -0.500011
vn -1 0 0
vn -1 0 0
vn -1 0 0
vn -1 0 0
vn -1 0 0
vn -1 0 0
vn -0.7559003 0.3273001 0.5670002
vn -0.7558936 0.6546944 0
vn -0.7558936 0.6546944 0
vn -0.7559003 0.3273001 0.5670002
vn -0.7559003 0.3273001 0.5670002
vn -0.7559003 0.3273001 0.5670002
vn -0.7559003 -0.3273001 0.5670002
vn -0.7559003 -0.3273001 0.5670002
vn -0.7559431 -0.6546373 0
vn -0.7559431 -0.6546373 0
vn -0.7559003 -0.3273001 0.5670002
vn -0.7559003 -0.3273001 0.5670002
vn -0.7559432 -0.3273187 -0.5669324
vn -0.7559432 -0.3273187 -0.5669324
vn -0.7559003 0.3273001 -0.5670002
vn -0.7559003 0.3273001 -0.5670002
vn -0.7559003 0.3273001 -0.5670002
vn -0.7558936 0.6546944 0
vn -0.7558936 0.6546944 0
vn -0.7559003 0.3273001 -0.5670002
vn 0 1 0
vn 0 1 0
vn 0 0.9397 0.342
vn 0 0.9397 0.342
vn 0 0.76602 0.6428168
vn 0 0.76602 0.6428168
vn 0 0.500011 0.866019
vn 0 0.76602 0.6428168
vn 0 0.76602 0.6428168
vn 0 0.500011 0.866019
vn 0 0.1736028 0.9848158
vn 0 0.1736028 0.9848158
vn 0 -0.1736028 0.9848158
vn 0 -0.1736028 0.9848158
vn 0 -0.1736028 0.9848158
vn 0 -0.1736028 0.9848158
vn 0 -0.500011 0.866019
vn 0 -0.500011 0.866019
vn 0 -0.76602 0.6428168
vn 0 -0.76602 0.6428168
vn 0 -0.76602 0.6428168
vn 0 -0.76602 0.6428168
vn 0 -0.9397 0.342
vn 0 -0.9397 0.342
vn 0 -1 0
vn 0 -1 0
vn 0 -0.9397 -0.342
vn 0 -0.9397 -0.342
vn 0 -0.76602 -0.6428168
vn 0 -0.76602 -0.6428168
vn 0 -0.76602 -0.6428168
vn 0 -0.76602 -0.6428168
vn 0 -0.500011 -0.866019
vn 0 -0.500011 -0.866019
vn 0 -0.1736028 -0.9848158
vn 0 -0.1736028 -0.9848158
vn 0 0.1736028 -0.9848158
vn 0 0.1736028 -0.9848158
vn 0 0.500011 -0.866019
vn 0 0.500011 -0.866019
vn 0 0.76602 -0.6428168
vn 0 0.76602 -0.6428168
vn 0 0.76602 -0.6428168
vn 0 0.9397 -0.342
vn 0 0.9397 -0.342
vn 0 0.76602 -0.6428168
vn -1 0 0
vn -1 0 0
vn -1 0 0
vn -1 0 0
vn -1 0 0
vn -1 0 0
vn -1 0 0
vn -1 0 0
vn -1 0 0
vn -1 0 0
vn -1 0 0
vn -1 0 0
vn -1 0 0
vn -1 0 0
vn -1 0 0
vn -1 0 0
vn -1 0 0
vn -1 0 0
vn -1 0 0
vn -1 0 0
vn -1 0 0
vn -1 0 0
vn -1 0 0
vn -1 0 0
vn -1 0 0
vn -1 0 0
vn -1 0 0
vn -1 0 0
vn -1 0 0
vn -1 0 0
vn -1 0 0
vn -1 0 0
vn -1 0 0
vn -1 0 0
vn -1 0 0
vn -1 0 0
vn -1 0 0
vn -1 0 0
vn -1 0 0
vn -1 0 0
vn -1 0 0
vn -1 0 0
vn -1 0 0
vn -1 0 0
vn -1 0 0
vn -1 0 0
vn -1 0 0
vn -1 0 0
vn -1 0 0
vn -1 0 0
vn -1 0 0
vn -1 0 0
vn -1 0 0
vn -1 0 0
vn 0 -1 0
vn 0 -1 0
vn 0 -0.9397 -0.342
vn 0 -0.9397 -0.342
vn 0 -0.76602 -0.6428168
vn 0 -0.76602 -0.6428168
vn 0 -0.500011 -0.866019
vn 0 -0.76602 -0.6428168
vn 0 -0.76602 -0.6428168
vn 0 -0.500011 -0.866019
vn 0 -0.1736028 -0.9848158
vn 0 -0.1736028 -0.9848158
vn 0 0.1736028 -0.9848158
vn 0 0.1736028 -0.9848158
vn 0 0.500011 -0.866019
vn 0 0.500011 -0.866019
vn 0 0.76602 -0.6428168
vn 0 0.76602 -0.6428168
vn 0 0.9397 -0.342
vn 0 0.9397 -0.342
vn 0 0.76602 -0.6428168
vn 0 0.76602 -0.6428168
vn 0 1 0
vn 0 1 0
vn 0 0.9397 0.342
vn 0 0.9397 0.342
vn 0 0.76602 0.6428168
vn 0 0.76602 0.6428168
vn 0 0.500011 0.866019
vn 0 0.76602 0.6428168
vn 0 0.76602 0.6428168
vn 0 0.500011 0.866019
vn 0 0.1736028 0.9848158
vn 0 0.1736028 0.9848158
vn 0 -0.1736028 0.9848158
vn 0 -0.1736028 0.9848158
vn 0 -0.500011 0.866019
vn 0 -0.500011 0.866019
vn 0 -0.76602 0.6428168
vn 0 -0.76602 0.6428168
vn 0 -0.9397 0.342
vn 0 -0.76602 0.6428168
vn 0 -0.76602 0.6428168
vn 0 -0.9397 0.342
vn -1 0 0
vn -1 0 0
vn -1 0 0
vn -1 0 0
vn -1 0 0
vn -1 0 0
vn -1 0 0
vn -1 0 0
vn -1 0 0
vn -1 0 0
vn -1 0 0
vn -1 0 0
vn -1 0 0
vn -1 0 0
vn -1 0 0
vn -1 0 0
vn -1 0 0
vn -1 0 0
vn -1 0 0
vn -1 0 0
vn -1 0 0
vn -1 0 0
vn -1 0 0
vn -1 0 0
vn -1 0 0
vn -1 0 0
vn -1 0 0
vn -1 0 0
vn -1 0 0
vn -1 0 0
vn -1 0 0
vn -1 0 0
vn -1 0 0
vn -1 0 0
vn -1 0 0
vn -1 0 0
vn 0 -0.9397 -0.342
vn 0 -0.9397 -0.342
vn 0 -1 0
vn 0 -1 0
vn 0 -0.76602 -0.6428168
vn 0 -0.76602 -0.6428168
vn 0 -0.76602 -0.6428168
vn 0 -0.500011 -0.866019
vn 0 -0.500011 -0.866019
vn 0 -0.76602 -0.6428168
vn 0 -0.1736028 -0.9848158
vn 0 -0.1736028 -0.9848158
vn 0 0.1736028 -0.9848158
vn 0 0.1736028 -0.9848158
vn 0 0.500011 -0.866019
vn 0 0.500011 -0.866019
vn 0 0.76602 -0.6428168
vn 0 0.76602 -0.6428168
vn 0 0.9397 -0.342
vn 0 0.9397 -0.342
vn 0 0.76602 -0.6428168
vn 0 0.76602 -0.6428168
vn 0 1 0
vn 0 1 0
vn 0 0.9397 0.342
vn 0 0.9397 0.342
vn 0 0.76602 0.6428168
vn 0 0.76602 0.6428168
vn 0 0.500011 0.866019
vn 0 0.76602 0.6428168
vn 0 0.76602 0.6428168
vn 0 0.500011 0.866019
vn 0 0.1736028 0.9848158
vn 0 0.1736028 0.9848158
vn 0 -0.1736028 0.9848158
vn 0 -0.1736028 0.9848158
vn 0 -0.500011 0.866019
vn 0 -0.1736028 0.9848158
vn 0 -0.1736028 0.9848158
vn 0 -0.500011 0.866019
vn 0 -0.76602 0.6428168
vn 0 -0.76602 0.6428168
vn 0 -0.9397 0.342
vn 0 -0.76602 0.6428168
vn 0 -0.76602 0.6428168
vn 0 -0.9397 0.342
vn -0.1573947 0.9279686 0.3377886
vn 0 0.9397 0.342
vn 0 1 0
vn -0.1574054 0.9875341 0
vn 0 0.76602 0.6428168
vn -0.1574945 0.7564737 0.6347779
vn -0.1574016 0.4938049 0.8552084
vn 0 0.500011 0.866019
vn 0 0.76602 0.6428168
vn -0.1574945 0.7564737 0.6347779
vn -0.157502 0.1715022 0.9725123
vn 0 0.1736028 0.9848158
vn -0.1574045 -0.1715049 0.9725276
vn 0 -0.1736998 0.9847987
vn -0.1574016 -0.4938049 0.8552084
vn 0 -0.500011 0.866019
vn 0 -0.7660613 0.6427675
vn -0.157397 -0.7564856 0.6347879
vn 0 -0.9397 0.342
vn 0 -0.7660613 0.6427675
vn -0.157397 -0.7564856 0.6347879
vn -0.1573947 -0.9279686 0.3377886
vn 0 -1 0
vn -0.1574054 -0.9875341 0
vn -0.1573947 -0.9279686 -0.3377886
vn 0 -0.9397 -0.342
vn -0.157397 -0.7564856 -0.6347879
vn 0 -0.76602 -0.6428168
vn -0.1574016 -0.4938049 -0.8552084
vn 0 -0.500011 -0.866019
vn 0 -0.76602 -0.6428168
vn -0.157397 -0.7564856 -0.6347879
vn -0.157502 -0.1715022 -0.9725123
vn 0 -0.1736998 -0.9847987
vn 0 0.1736028 -0.9848158
vn -0.157502 0.1715022 -0.9725123
vn 0 0.500011 -0.866019
vn -0.1574016 0.4938049 -0.8552084
vn 0 0.76602 -0.6428168
vn -0.1574945 0.7564737 -0.6347779
vn -0.1574 0.928 -0.3377
vn 0 0.9397 -0.342
vn 0 0.76602 -0.6428168
vn -0.1574945 0.7564737 -0.6347779
vn -1 0 0
vn -1 0 0
vn -1 0 0
vn -1 0 0
vn -1 0 0
vn -1 0 0
vn -1 0 0
vn -1 0 0
vn -1 0 0
vn -1 0 0
vn -1 0 0
vn -1 0 0
vn -1 0 0
vn -1 0 0
vn -1 0 0
vn -1 0 0
vn -1 0 0
vn -1 0 0
vn 0 1 0
vn 0 0.9397 0.342
vn 0 0.9397 0.342
vn 0 1 0
vn 0 1 0
vn 0 0.9397 0.342
vn 0 0.9397 0.342
vn 0 1 0
vn 0 0.76602 0.6428168
vn 0 0.76602 0.6428168
vn 0 0.76602 0.6428168
vn 0 0.76602 0.6428168
vn 0 0.500011 0.866019
vn 0 0.76602 0.6428168
vn 0 0.76602 0.6428168
vn 0 0.500011 0.866019
vn 0 0.500011 0.866019
vn 0 0.76602 0.6428168
vn 0 0.76602 0.6428168
vn 0 0.500011 0.866019
vn 0 0.1736028 0.9848158
vn 0 0.1736028 0.9848158
vn 0 0.1736028 0.9848158
vn 0 0.1736028 0.9848158
vn 0 -0.1736028 0.9848158
vn 0 -0.1736028 0.9848158
vn 0 -0.1736028 0.9848158
vn 0 -0.1736028 0.9848158
vn 0 -0.500011 0.866019
vn 0 -0.500011 0.866019
vn 0 -0.500011 0.866019
vn 0 -0.500011 0.866019
vn 0 -0.76602 0.6428168
vn 0 -0.76602 0.6428168
vn 0 -0.76602 0.6428168
vn 0 -0.76602 0.6428168
vn 0 -0.9397 0.342
vn 0 -0.76602 0.6428168
vn 0 -0.76602 0.6428168
vn 0 -0.9397 0.342
vn 0 -0.76602 0.6428168
vn 0 -0.76602 0.6428168
vn 0 -0.9397 0.342
vn 0 -0.9397 0.342
vn 0 -1 0
vn 0 -1 0
vn 0 -1 0
vn 0 -1 0
vn 0 -0.9397 -0.342
vn 0 -0.9397 -0.342
vn 0 -0.9397 -0.342
vn 0 -0.9397 -0.342
vn 0 -0.76602 -0.6428168
vn 0 -0.76602 -0.6428168
vn 0 -0.76602 -0.6428168
vn 0 -0.76602 -0.6428168
vn 0 -0.76602 -0.6428168
vn 0 -0.76602 -0.6428168
vn 0 -0.500011 -0.866019
vn 0 -0.500011 -0.866019
vn 0 -0.76602 -0.6428168
vn 0 -0.76602 -0.6428168
vn 0 -0.500011 -0.866019
vn 0 -0.500011 -0.866019
vn 0 -0.1736028 -0.9848158
vn 0 -0.1736028 -0.9848158
vn 0 -0.1736028 -0.9848158
vn 0 -0.1736028 -0.9848158
vn 0 0.1736998 -0.9847987
vn 0 0.1736028 -0.9848158
vn 0 0.1736028 -0.9848158
vn 0 0.1736028 -0.9848158
vn 0 0.500011 -0.866019
vn 0 0.500011 -0.866019
vn 0 0.500011 -0.866019
vn 0 0.500011 -0.866019
vn 0 0.76602 -0.6428168
vn 0 0.76602 -0.6428168
vn 0 0.76602 -0.6428168
vn 0 0.76602 -0.6428168
vn 0 0.76602 -0.6428168
vn 0 0.76602 -0.6428168
vn 0 0.9397 -0.342
vn 0 0.9397 -0.342
vn 0 0.9397 -0.342
vn 0 0.76602 -0.6428168
vn 0 0.76602 -0.6428168
vn 0 0.9397 -0.342
vn -1 0 0
vn -1 0 0
vn -1 0 0
vn -1 0 0
vn -1 0 0
vn -1 0 0
vn -1 0 0
vn -1 0 0
vn -1 0 0
vn -1 0 0
vn -1 0 0
vn -1 0 0
vn -1 0 0
vn -1 0 0
vn -1 0 0
vn -1 0 0
vn -1 0 0
vn -1 0 0
vn -1 0 0
vn -1 0 0
vn -1 0 0
vn -1 0 0
vn -1 0 0
vn -1 0 0
vn -1 0 0
vn -1 0 0
vn -1 0 0
vn -1 0 0
vn -1 0 0
vn -1 0 0
vn -1 0 0
vn -1 0 0
vn -1 0 0
vn -1 0 0
vn -1 0 0
vn -1 0 0
vn -0.9841363 0.1667062 0.0607022
vn -0.9841376 0.1774068 0
vn -0.9841363 0.1667062 -0.0607022
vn -0.9841405 0.1359056 -0.1140047
vn -0.9841426 0.0887038 -0.1536067
vn -0.9841386 0.0308012 -0.1747069
vn -0.9841386 -0.0308012 -0.1747069
vn -0.9841426 -0.0887038 -0.1536067
vn -0.9841405 -0.1359056 -0.1140047
vn -0.9841363 -0.1667062 -0.0607022
vn -0.9841376 -0.1774068 0
vn -0.9841363 -0.1667062 0.0607022
vn -0.9841405 -0.1359056 0.1140047
vn -0.9841275 -0.0887025 0.1537043
vn -0.9841386 -0.0308012 0.1747069
vn -0.9841386 0.0308012 0.1747069
vn -0.9841275 0.0887025 0.1537043
vn -0.9841405 0.1359056 0.1140047
vn -1 0 0
vn -1 0 0
vn -1 0 0
vn -1 0 0
vn -1 0 0
vn -1 0 0
vn -1 0 0
vn -1 0 0
vn -1 0 0
vn -1 0 0
vn -1 0 0
vn -1 0 0
vn -1 0 0
vn -1 0 0
vn -1 0 0
vn -1 0 0
vn -1 0 0
vn -1 0 0
vn -1 0 0
vn -1 0 0
vn -1 0 0
vn -1 0 0
vn -1 0 0
vn -1 0 0
vn -1 0 0
vn -1 0 0
vn -1 0 0
vn -1 0 0
vn -1 0 0
vn -1 0 0
vn -1 0 0
vn -1 0 0
vn -1 0 0
vn -1 0 0
vn -1 0 0
vn -1 0 0
vn 0 -0.9397 -0.342
vn 0 -1 0
vn 0 -1 0
vn 0 -0.9397 -0.342
vn 0 -0.76602 -0.6428168
vn 0 -0.76602 -0.6428168
vn 0 -0.500011 -0.866019
vn 0 -0.76602 -0.6428168
vn 0 -0.76602 -0.6428168
vn 0 -0.500011 -0.866019
vn 0 -0.1736028 -0.9848158
vn 0 -0.1736028 -0.9848158
vn 0 0.1736028 -0.9848158
vn 0 0.1736028 -0.9848158
vn 0 0.500011 -0.866019
vn 0 0.500011 -0.866019
vn 0 0.76602 -0.6428168
vn 0 0.76602 -0.6428168
vn 0 0.9397 -0.342
vn 0 0.9397 -0.342
vn 0 0.76602 -0.6428168
vn 0 0.76602 -0.6428168
vn 0 1 0
vn 0 1 0
vn 0 0.9397 0.342
vn 0 0.9397 0.342
vn 0 0.76602 0.6428168
vn 0 0.76602 0.6428168
vn 0 0.500011 0.866019
vn 0 0.500011 0.866019
vn 0 0.76602 0.6428168
vn 0 0.76602 0.6428168
vn 0 0.1736028 0.9848158
vn 0 0.1736028 0.9848158
vn 0 -0.1736028 0.9848158
vn 0 -0.1736028 0.9848158
vn 0 -0.500011 0.866019
vn 0 -0.1736028 0.9848158
vn 0 -0.1736028 0.9848158
vn 0 -0.500011 0.866019
vn 0 -0.76602 0.6428168
vn 0 -0.76602 0.6428168
vn 0 -0.9397 0.342
vn 0 -0.76602 0.6428168
vn 0 -0.76602 0.6428168
vn 0 -0.9397 0.342
vn -0.3161977 0.9486933 0
vn -0.3161913 0.8914755 0.3244911
vn -0.3161913 0.8914755 -0.3244911
vn -0.3162108 0.726725 -0.6098209
vn -0.3162048 0.4743072 -0.8216125
vn -0.3162108 0.726725 -0.6098209
vn -0.316196 0.1646979 -0.9342883
vn -0.316196 -0.1646979 -0.9342883
vn -0.3162048 -0.4743072 -0.8216125
vn -0.3162108 -0.726725 -0.6098209
vn -0.3162108 -0.726725 -0.6098209
vn -0.3161913 -0.8914755 -0.3244911
vn -0.3161977 -0.9486933 0
vn -0.3161913 -0.8914755 0.3244911
vn -0.3162108 -0.726725 0.6098209
vn -0.3162048 -0.4743072 0.8216125
vn -0.3162108 -0.726725 0.6098209
vn -0.316196 -0.1646979 0.9342883
vn -0.316196 0.1646979 0.9342883
vn -0.3162048 0.4743072 0.8216125
vn -0.3162108 0.726725 0.6098209
vn -0.3162108 0.726725 0.6098209
vn -0.9486683 0.2971901 0.1081964
vn -0.9486933 0.3161977 0
vn -0.9486683 0.2971901 -0.1081964
vn -0.9486889 0.2421972 -0.2032976
vn -0.948677 0.1580962 -0.2738934
vn -0.9486926 0.0548996 -0.3113975
vn -0.9486926 -0.0548996 -0.3113975
vn -0.948677 -0.1580962 -0.2738934
vn -0.9486889 -0.2421972 -0.2032976
vn -0.9486683 -0.2971901 -0.1081964
vn -0.9486933 -0.3161977 0
vn -0.9486683 -0.2971901 0.1081964
vn -0.9486889 -0.2421972 0.2032976
vn -0.948677 -0.1580962 0.2738934
vn -0.9486926 -0.0548996 0.3113975
vn -0.9486926 0.0548996 0.3113975
vn -0.948677 0.1580962 0.2738934
vn -0.9486889 0.2421972 0.2032976
vn 0 0 1
vn 0 0 1
vn 0 0.1754965 0.9844801
vn 0 0.1754965 0.9844801
vn 0 0.5015999 0.8650998
vn 0 0.5016747 0.8650564
vn 0 0.76602 0.6428168
vn 0 0.76602 0.6428168
vn 0 0.76602 0.6428168
vn 0 0.76602 0.6428168
vn 0 0.9397 0.342
vn 0 0.9397 0.342
vn 0 1 0
vn 0 1 0
vn 0 0.9397 -0.342
vn 0 0.9397 -0.342
vn 0 0.76602 -0.6428168
vn 0 0.76602 -0.6428168
vn 0 0.76602 -0.6428168
vn 0 0.76602 -0.6428168
vn 0 0.4976029 -0.867405
vn 0 0.4976029 -0.867405
vn 0 0.1709951 -0.9852719
vn 0 0.1709951 -0.9852719
vn 0 0 -1
vn 0 0 -1
vn -0.9401316 -0.3408114 0.0004
vn -0.9412591 -0.3376853 0
vn -0.9894166 -0.1451024 0
vn -0.9964554 -0.0840962 0.0020999
vn -0.76602 -0.6428168 0
vn -0.76602 -0.6428168 0
vn -0.76602 -0.6428168 0
vn -0.500011 -0.866019 0
vn -0.500011 -0.866019 0
vn -0.76602 -0.6428168 0
vn -0.1736028 -0.9848158 0
vn -0.1736998 -0.9847987 0
vn 0.1736028 -0.9848158 0
vn 0.1736028 -0.9848158 0
vn 0.500011 -0.866019 0
vn 0.500011 -0.866019 0
vn 0.76602 -0.6428168 0
vn 0.76602 -0.6428168 0
vn 0.76602 -0.6428168 0
vn 0.9400239 -0.3411087 0
vn 0.9400239 -0.3411087 0
vn 0.76602 -0.6428168 0
vn 0.9960852 -0.0883987 0
vn 0.9960852 -0.0883987 0
vn 0 0 1
vn 0 0 1
vn 0 0 1
vn 0 0 1
vn 0 0 -1
vn 0 0 -1
vn -0.9401316 -0.3408114 -0.0004
vn -0.9964554 -0.0840962 -0.0020999
vn -0.76602 -0.6428168 0
vn -0.500011 -0.866019 0
vn -0.76602 -0.6428168 0
vn -0.1736998 -0.9847987 0
vn 0.1736998 -0.9847987 0
vn 0.500011 -0.866019 0
vn 0.76602 -0.6428168 0
vn 0.9400239 -0.3411087 0
vn 0.76602 -0.6428168 0
vn 0.9960852 -0.0883987 0
vn -0.9999986 0.0017 0
vn -1 -0.0001 0
vn -1 -0.0001 0
vn -0.9999987 0.0016 0
vn -1 -0.0001 0
vn -1 -0.0001 0
vn -1 -0.0001 0
vn -1 -0.0001 0
vn -1 -0.0001 0
vn -1 -0.0001 0
vn -1 -0.0001 0
vn -1 -0.0001 0
vn -1 -0.0001 0
vn -1 -0.0001 0
vn -1 -0.0001 0
vn -1 -0.0001 0
vn -1 -0.0001 0
vn -0.9996924 0.0247998 0
vn -0.9999838 0.0023 -0.0051999
vn -0.99999 0.0035 -0.0028
vn -0.9999802 0.0022 -0.0058999
vn -0.9998807 0.0153997 -0.0012
vn -0.9999896 0.0036 0.0028
vn -0.9999833 0.0023 0.0052999
vn -0.999979 0.0022 0.0060999
vn -0.9998792 0.0154997 0.0012
vn -1 0 0
vn -1 0 0
vn -1 0 0
vn -1 0 0
vn -1 0 0.0001
vn -1 0 0
vn -1 0.0001 0.0001
vn -1 0 0.0001
vn -1 0.0001 0
vn -1 0.0001 0
vn -1 0.0001 0
vn -1 0.0001 0
vn -1 0.0001 0
vn -1 0.0001 0
vn -1 0.0001 -0.0001
vn -1 0.0001 -0.0001
vn -1 0 0
vn -1 0 -0.0001
vn -1 0 0
vn -1 0 0
vn -1 0 0
vn -1 0 0
vn -1 0 0
vn -1 0 0
vn -1 0.0001 0.0001
vn -1 0 0.0001
vn -0.9999985 0.0007 -0.0016
vn -0.9999989 0.0004 -0.0014
vn -0.9999999 0.0003 0.0002
vn -0.9999999 0.0003 0.0003
vn -0.9999992 0.0005 0.0012
vn -0.9999989 0.0004 0.0014
vn -1 0.0001 -0.0001
vn -1 0.0001 -0.0001
vn -1 0 0
vn -1 0 -0.0001
vn -0.7362421 0.1175067 0.6664381
vn -0.7362421 0.1175067 0.6664381
vn -0.7362792 -0.1175967 0.6663812
vn -0.7362421 -0.1175067 0.6664381
vn -0.7362182 0.3383084 0.5861145
vn -0.7362182 0.3383084 0.5861145
vn -0.7362169 0.5184119 0.43501
vn -0.7362169 0.5184119 0.43501
vn -0.7362178 0.6359154 0.2315056
vn -0.7362178 0.6359154 0.2315056
vn -0.7362319 0.6767293 0
vn -0.7362319 0.6767293 0
vn -0.7362178 0.6359154 -0.2315056
vn -0.7362178 0.6359154 -0.2315056
vn -0.7362169 0.5184119 -0.43501
vn -0.7362169 0.5184119 -0.43501
vn -0.7362182 0.3383084 -0.5861145
vn -0.7362182 0.3383084 -0.5861145
vn -0.7362421 0.1175067 -0.6664381
vn -0.736193 0.1174989 -0.6664937
vn -0.7362879 -0.1174981 -0.666389
vn -0.7362334 -0.1176053 -0.6664303
vn -0.7362822 -0.3383918 -0.5859859
vn -0.7362822 -0.3383918 -0.5859859
vn -0.7362947 -0.5183963 -0.4348969
vn -0.7362947 -0.5183963 -0.4348969
vn -0.7355029 -0.6337025 -0.239701
vn -0.7356703 -0.6334744 -0.2397903
vn -0.7378095 -0.6750087 0.0006
vn -0.7378094 -0.6750087 0.0007
vn -0.7354789 -0.6335819 0.2400931
vn -0.7356068 -0.6335058 0.2399022
vn -0.7362947 -0.5183963 0.4348969
vn -0.7362947 -0.5183963 0.4348969
vn -0.7362822 -0.3383918 0.5859859
vn -0.7362822 -0.3383918 0.5859859
vn 0.9999976 -0.0022 0
vn 0.9999976 -0.0022 0
vn 0 0 1
vn 0 0 1
vn 0 0 1
vn 0 0 1
vn 0 0 1
vn 0 0 1
vn 0 0 1
vn 0 0 1
vn 1 0 0
vn 1 0 0
vn 1 0 0
vn 1 0 0
vn 1 0 0
vn 1 0 0
vn 1 0 0
vn 1 0 0
vn 1 0 0
vn 0.9397 0.342 0
vn 1 0 0
vn 1 0 0
vn 0.9397 0.342 0
vn 0.76602 0.6428168 0
vn 0.76602 0.6428168 0
vn 0.500011 0.866019 0
vn 0.76602 0.6428168 0
vn 0.76602 0.6428168 0
vn 0.500011 0.866019 0
vn 0.1736028 0.9848158 0
vn 0.1736028 0.9848158 0
vn -0.1736028 0.9848158 0
vn -0.1736028 0.9848158 0
vn -0.500011 0.866019 0
vn -0.500011 0.866019 0
vn -0.76602 0.6428168 0
vn -0.76602 0.6428168 0
vn -0.9397 0.342 0
vn -0.76602 0.6428168 0
vn -0.76602 0.6428168 0
vn -0.9397 0.342 0
vn -1 0 0
vn -1 0 0
vn -0.9397 -0.342 0
vn -0.9397 -0.342 0
vn -0.76602 -0.6428168 0
vn -0.76602 -0.6428168 0
vn -0.500011 -0.866019 0
vn -0.76602 -0.6428168 0
vn -0.76602 -0.6428168 0
vn -0.500011 -0.866019 0
vn -0.1736028 -0.9848158 0
vn -0.1736028 -0.9848158 0
vn 0.1736028 -0.9848158 0
vn 0.1736028 -0.9848158 0
vn 0.500011 -0.866019 0
vn 0.500011 -0.866019 0
vn 0.76602 -0.6428168 0
vn 0.76602 -0.6428168 0
vn 0.9397 -0.342 0
vn 0.76602 -0.6428168 0
vn 0.76602 -0.6428168 0
vn 0.9397 -0.342 0
vn 0.0469012 -0.039301 -0.9981261
vn 0.0306008 -0.0530014 -0.9981255
vn 0.0106003 -0.0603014 -0.9981239
vn 0.0612016 0 -0.9981254
vn -0.0106003 -0.0603014 -0.9981239
vn -0.0306008 -0.0530014 -0.9981255
vn -0.0575015 -0.0209006 -0.9981266
vn -0.0469012 -0.039301 -0.9981261
vn -0.0612016 0 -0.9981254
vn -0.0575015 0.0209006 -0.9981266
vn -0.0306008 0.0530014 -0.9981255
vn -0.0469012 0.039301 -0.9981261
vn -0.0106003 0.0603014 -0.9981239
vn 0.0106003 0.0603014 -0.9981239
vn 0.0469012 0.039301 -0.9981261
vn 0.0306008 0.0530014 -0.9981255
vn 0.0575015 0.0209006 -0.9981266
vn 0.0575015 -0.0209006 -0.9981266
vn 0.1011981 0.0368993 0.9941818
vn 0.0824983 0.0692985 0.9941789
vn 0.0538988 0.093298 0.9941783
vn 0.1011981 -0.0368993 0.9941818
vn 0.0186996 0.1060978 0.9941798
vn -0.0186996 0.1060978 0.9941798
vn -0.0824983 0.0692985 0.9941789
vn -0.0538988 0.093298 0.9941783
vn -0.1011981 0.0368993 0.9941818
vn -0.1076982 0 0.9941836
vn -0.0824983 -0.0692985 0.9941789
vn -0.1011985 -0.0367995 0.9941854
vn -0.0538988 -0.093298 0.9941783
vn -0.0186996 -0.1060978 0.9941798
vn 0.0538988 -0.093298 0.9941783
vn 0.0186996 -0.1060978 0.9941798
vn 0.0824983 -0.0692985 0.9941789
vn 0.1076982 0 0.9941836
vn 0.1813986 0.0659995 0.9811924
vn 0.1929998 0 0.9811988
vn 0.3140069 0 0.9494207
vn 0.2951031 0.1074011 0.9494099
vn 0.1650962 0 -0.9862775
vn 0.1551948 0.0564981 -0.986267
vn 0.2405092 0.2018077 0.9494361
vn 0.1478019 0.1240016 0.9812126
vn 0.126497 0.1060975 -0.9862767
vn 0.1570048 0.2719083 0.949429
vn 0.0964047 0.1669082 0.9812481
vn 0.0825975 0.1429958 -0.9862707
vn 0.0544983 0.3090902 0.94947
vn 0.0334984 0.1897909 0.9812529
vn 0.0286993 0.1625959 -0.9862753
vn -0.0544983 0.3090902 0.94947
vn -0.0333991 0.1896951 0.9812748
vn -0.0286993 0.1625959 -0.9862753
vn -0.0962003 0.1667006 0.9813034
vn -0.1568966 0.2717941 0.9494795
vn -0.0825975 0.1429958 -0.9862707
vn -0.2403969 0.2016974 0.949488
vn -0.1474016 0.1237013 0.9813107
vn -0.126497 0.1060975 -0.9862767
vn -0.2948043 0.1073016 0.949514
vn -0.1808029 0.0658011 0.9813157
vn -0.1551948 0.0564981 -0.986267
vn -0.3137968 0 0.9494902
vn -0.1924031 0 0.981316
vn -0.1650962 0 -0.9862775
vn -0.2948956 -0.1072984 0.949486
vn -0.1808984 -0.0658994 0.9812915
vn -0.1551948 -0.0564981 -0.986267
vn -0.2403969 -0.2016974 0.949488
vn -0.1474976 -0.123798 0.9812841
vn -0.126497 -0.1060975 -0.9862767
vn -0.1568966 -0.2717941 0.9494795
vn -0.0962962 -0.1668934 0.9812612
vn -0.0825975 -0.1429958 -0.9862707
vn -0.0544983 -0.3090902 0.94947
vn -0.0334012 -0.1899066 0.9812338
vn -0.0286993 -0.1625959 -0.9862753
vn 0.033501 -0.1899059 0.9812306
vn 0.0545018 -0.30921 0.9494307
vn 0.0286993 -0.1625959 -0.9862753
vn 0.1570048 -0.2719083 0.949429
vn 0.0965006 -0.167101 0.9812058
vn 0.0825975 -0.1429958 -0.9862707
vn 0.2405985 -0.2018988 0.9493941
vn 0.1478979 -0.1240982 0.9811859
vn 0.126497 -0.1060975 -0.9862767
vn 0.2951031 -0.1074011 0.9494099
vn 0.1813986 -0.0659995 0.9811924
vn 0.1551948 -0.0564981 -0.986267
vn 0.919548 0 0.3929778
vn 0.9961996 0 0.0871
vn 0.9361252 0.3407092 0.0871023
vn 0.8640879 0.3144956 0.3929945
vn 0.7408223 0.2696081 -0.6152185
vn 0.9253651 0.3367873 -0.1739934
vn 0.9847443 0 -0.1740078
vn 0.788382 0 -0.615186
vn 0.7631412 0.6403345 0.0871047
vn 0.7043903 0.5910918 0.3929946
vn 0.6038962 0.5067968 -0.6151962
vn 0.7543682 0.6329733 -0.1739926
vn 0.7631412 0.6403345 0.0871047
vn 0.4981146 0.8627253 0.0871026
vn 0.4597729 0.796353 0.3929768
vn 0.7043903 0.5910918 0.3929946
vn 0.3941841 0.6827725 -0.6151752
vn 0.4923996 0.8527993 -0.1739999
vn 0.7543682 0.6329733 -0.1739926
vn 0.6038962 0.5067968 -0.6151962
vn 0.1729952 0.9810729 0.0869976
vn 0.1596949 0.9055708 0.3929873
vn 0.1368993 0.7763963 -0.615197
vn 0.1709975 0.9697859 -0.1739975
vn -0.1596949 0.9055708 0.3929873
vn -0.1729937 0.9810644 0.0870968
vn -0.1709975 0.9697859 -0.1739975
vn -0.1368993 0.7763963 -0.615197
vn -0.4981146 0.8627253 0.0871026
vn -0.4597729 0.796353 0.3929768
vn -0.3941841 0.6827725 -0.6151752
vn -0.4923996 0.8527993 -0.1739999
vn -0.7631412 0.6403345 0.0871047
vn -0.7043903 0.5910918 0.3929946
vn -0.7543682 0.6329733 -0.1739926
vn -0.6038962 0.5067968 -0.6151962
vn -0.7631412 0.6403345 0.0871047
vn -0.9361252 0.3407092 0.0871023
vn -0.8640879 0.3144956 0.3929945
vn -0.7043903 0.5910918 0.3929946
vn -0.9253651 0.3367873 -0.1739934
vn -0.7543682 0.6329733 -0.1739926
vn -0.6038962 0.5067968 -0.6151962
vn -0.7408223 0.2696081 -0.6152185
vn -0.9961996 0 0.0871
vn -0.919548 0 0.3929778
vn -0.9847443 0 -0.1740078
vn -0.788382 0 -0.615186
vn -0.9361252 -0.3407092 0.0871023
vn -0.8640879 -0.3144956 0.3929945
vn -0.7408223 -0.2696081 -0.6152185
vn -0.9253651 -0.3367873 -0.1739934
vn -0.7631412 -0.6403345 0.0871047
vn -0.7043903 -0.5910918 0.3929946
vn -0.6038962 -0.5067968 -0.6151962
vn -0.7543682 -0.6329733 -0.1739926
vn -0.4597729 -0.796353 0.3929768
vn -0.7043903 -0.5910918 0.3929946
vn -0.7631412 -0.6403345 0.0871047
vn -0.4981146 -0.8627253 0.0871026
vn -0.4923996 -0.8527993 -0.1739999
vn -0.7543682 -0.6329733 -0.1739926
vn -0.6038962 -0.5067968 -0.6151962
vn -0.3941841 -0.6827725 -0.6151752
vn -0.1729937 -0.9810644 0.0870968
vn -0.1596949 -0.9055708 0.3929873
vn -0.1709975 -0.9697859 -0.1739975
vn -0.1368993 -0.7763963 -0.615197
vn 0.1729937 -0.9810644 0.0870968
vn 0.1596949 -0.9055708 0.3929873
vn 0.1709975 -0.9697859 -0.1739975
vn 0.1368993 -0.7763963 -0.615197
vn 0.4981146 -0.8627253 0.0871026
vn 0.4597729 -0.796353 0.3929768
vn 0.3941841 -0.6827725 -0.6151752
vn 0.4923996 -0.8527993 -0.1739999
vn 0.7631412 -0.6403345 0.0871047
vn 0.7043903 -0.5910918 0.3929946
vn 0.6038962 -0.5067968 -0.6151962
vn 0.7543682 -0.6329733 -0.1739926
vn 0.7043903 -0.5910918 0.3929946
vn 0.7631412 -0.6403345 0.0871047
vn 0.9361252 -0.3407092 0.0871023
vn 0.8640879 -0.3144956 0.3929945
vn 0.6038962 -0.5067968 -0.6151962
vn 0.7408223 -0.2696081 -0.6152185
vn 0.9253651 -0.3367873 -0.1739934
vn 0.7543682 -0.6329733 -0.1739926
vn 0.5986836 0.217894 0.7707789
vn 0.6370908 0 0.7707888
vn 0.6370908 0 0.7707888
vn 0.5986836 0.217894 0.7707789
vn 0.3680116 0.1339042 -0.9201289
vn 0.7408223 0.2696081 -0.6152185
vn 0.788382 0 -0.615186
vn 0.3916128 0 -0.9201301
vn 0.4880081 0.4095068 0.7708127
vn 0.8640879 0.3144956 0.3929945
vn 0.7043903 0.5910918 0.3929946
vn 0.3000095 0.251708 -0.920129
vn 0.6038962 0.5067968 -0.6151962
vn 0.4597729 0.796353 0.3929768
vn 0.3185083 0.5517144 0.7708201
vn 0.1958088 0.3391152 -0.9201412
vn 0.3941841 0.6827725 -0.6151752
vn 0.1106002 0.6274013 0.7708016
vn 0.3185083 0.5517144 0.7708201
vn 0.1106002 0.6274013 0.7708016
vn 0.0680036 0.3856202 -0.9201481
vn 0.1368993 0.7763963 -0.615197
vn -0.1106002 0.6274013 0.7708016
vn -0.1106002 0.6274013 0.7708016
vn -0.0680036 0.3856202 -0.9201481
vn -0.1368993 0.7763963 -0.615197
vn -0.3185083 0.5517144 0.7708201
vn -0.3185083 0.5517144 0.7708201
vn -0.1958088 0.3391152 -0.9201412
vn -0.3941841 0.6827725 -0.6151752
vn -0.7043903 0.5910918 0.3929946
vn -0.4880081 0.4095068 0.7708127
vn -0.3185083 0.5517144 0.7708201
vn -0.4597729 0.796353 0.3929768
vn -0.4880081 0.4095068 0.7708127
vn -0.3000095 0.251708 -0.920129
vn -0.6038962 0.5067968 -0.6151962
vn -0.8640879 0.3144956 0.3929945
vn -0.5986836 0.217894 0.7707789
vn -0.5986836 0.217894 0.7707789
vn -0.3680116 0.1339042 -0.9201289
vn -0.7408223 0.2696081 -0.6152185
vn -0.6370908 0 0.7707888
vn -0.5986836 0.217894 0.7707789
vn -0.6370908 0 0.7707888
vn -0.3916128 0 -0.9201301
vn -0.788382 0 -0.615186
vn -0.5986836 -0.217894 0.7707789
vn -0.5986836 -0.217894 0.7707789
vn -0.3680116 -0.1339042 -0.9201289
vn -0.7408223 -0.2696081 -0.6152185
vn -0.4880081 -0.4095068 0.7708127
vn -0.5986836 -0.217894 0.7707789
vn -0.8640879 -0.3144956 0.3929945
vn -0.7043903 -0.5910918 0.3929946
vn -0.4880081 -0.4095068 0.7708127
vn -0.3000095 -0.251708 -0.920129
vn -0.6038962 -0.5067968 -0.6151962
vn -0.4597729 -0.796353 0.3929768
vn -0.3185083 -0.5517144 0.7708201
vn -0.3185083 -0.5517144 0.7708201
vn -0.1958088 -0.3391152 -0.9201412
vn -0.3941841 -0.6827725 -0.6151752
vn -0.1106002 -0.6274013 0.7708016
vn -0.3185083 -0.5517144 0.7708201
vn -0.1106002 -0.6274013 0.7708016
vn -0.0680036 -0.3856202 -0.9201481
vn -0.1368993 -0.7763963 -0.615197
vn 0.1106002 -0.6274013 0.7708016
vn 0.1106002 -0.6274013 0.7708016
vn 0.0680036 -0.3856202 -0.9201481
vn 0.1368993 -0.7763963 -0.615197
vn 0.3185083 -0.5517144 0.7708201
vn 0.3185083 -0.5517144 0.7708201
vn 0.1958088 -0.3391152 -0.9201412
vn 0.3941841 -0.6827725 -0.6151752
vn 0.7043903 -0.5910918 0.3929946
vn 0.4880081 -0.4095068 0.7708127
vn 0.3185083 -0.5517144 0.7708201
vn 0.4597729 -0.796353 0.3929768
vn 0.4880081 -0.4095068 0.7708127
vn 0.3000095 -0.251708 -0.920129
vn 0.6038962 -0.5067968 -0.6151962
vn 0.7043903 -0.5910918 0.3929946
vn 0.8640879 -0.3144956 0.3929945
vn 0.5986836 -0.217894 0.7707789
vn 0.7408223 -0.2696081 -0.6152185
vn 0.3680116 -0.1339042 -0.9201289
vn 0.5986836 -0.217894 0.7707789
vn 1 0 0
vn 0.9397 0.342 0
vn 0.9351013 0.3403004 0.0989001
vn 0.9950974 0 0.0988997
vn 0.76602 0.6428168 0
vn 0.7623112 0.6396094 0.0989014
vn 0.500011 0.866019 0
vn 0.4975033 0.8618057 0.0989007
vn 0.7623112 0.6396094 0.0989014
vn 0.76602 0.6428168 0
vn 0.1727965 0.9799799 0.098898
vn 0.1736028 0.9848158 0
vn -0.1736028 0.9848158 0
vn -0.1727965 0.9799799 0.098898
vn -0.500011 0.866019 0
vn -0.4975033 0.8618057 0.0989007
vn -0.76602 0.6428168 0
vn -0.7623112 0.6396094 0.0989014
vn -0.7623112 0.6396094 0.0989014
vn -0.76602 0.6428168 0
vn -0.9397 0.342 0
vn -0.9351013 0.3403004 0.0989001
vn -1 0 0
vn -0.9950974 0 0.0988997
vn -0.9397 -0.342 0
vn -0.9351013 -0.3403004 0.0989001
vn -0.76602 -0.6428168 0
vn -0.7623112 -0.6396094 0.0989014
vn -0.500011 -0.866019 0
vn -0.4975033 -0.8618057 0.0989007
vn -0.7623112 -0.6396094 0.0989014
vn -0.76602 -0.6428168 0
vn -0.1736028 -0.9848158 0
vn -0.1727965 -0.9799799 0.098898
vn 0.1736028 -0.9848158 0
vn 0.1727965 -0.9799799 0.098898
vn 0.500011 -0.866019 0
vn 0.4975033 -0.8618057 0.0989007
vn 0.7623112 -0.6396094 0.0989014
vn 0.76602 -0.6428168 0
vn 0.9397 -0.342 0
vn 0.9351013 -0.3403004 0.0989001
vn 0.7623112 -0.6396094 0.0989014
vn 0.76602 -0.6428168 0
vn 0.4618038 0.1681014 0.8709071
vn 0.4914145 0 0.8709258
vn 0.3764119 0.31591 0.8709276
vn 0.2457036 0.4256062 0.8709128
vn 0.0853042 0.4839237 0.8709426
vn -0.0853042 0.4839237 0.8709426
vn -0.2457036 0.4256062 0.8709128
vn -0.3764119 0.31591 0.8709276
vn -0.4618038 0.1681014 0.8709071
vn -0.4914145 0 0.8709258
vn -0.4618038 -0.1681014 0.8709071
vn -0.3764119 -0.31591 0.8709276
vn -0.2457036 -0.4256062 0.8709128
vn -0.0853042 -0.4839237 0.8709426
vn 0.0853042 -0.4839237 0.8709426
vn 0.2457036 -0.4256062 0.8709128
vn 0.3764119 -0.31591 0.8709276
vn 0.4618038 -0.1681014 0.8709071
vn 0.4618038 0.1681014 0.8709071
vn 0.4914145 0 0.8709258
vn 0.8860976 0 0.4634987
vn 0.8326621 0.3030862 0.4634789
vn 0.8326621 0.3030862 0.4634789
vn 0.8860976 0 0.4634987
vn 0.8326621 0.3030862 0.4634789
vn 0.6787844 0.5695869 0.4634894
vn 0.3764119 0.31591 0.8709276
vn 0.4618038 0.1681014 0.8709071
vn 0.6787844 0.5695869 0.4634894
vn 0.4430839 0.7673722 0.4634832
vn 0.2457036 0.4256062 0.8709128
vn 0.4430839 0.7673722 0.4634832
vn 0.6787844 0.5695869 0.4634894
vn 0.153904 0.8726226 0.463512
vn 0.0853042 0.4839237 0.8709426
vn 0.2457036 0.4256062 0.8709128
vn 0.4430839 0.7673722 0.4634832
vn 0.153904 0.8726226 0.463512
vn -0.153904 0.8726226 0.463512
vn -0.0853042 0.4839237 0.8709426
vn 0.0853042 0.4839237 0.8709426
vn -0.153904 0.8726226 0.463512
vn -0.4430839 0.7673722 0.4634832
vn -0.2457036 0.4256062 0.8709128
vn -0.0853042 0.4839237 0.8709426
vn -0.4430839 0.7673722 0.4634832
vn -0.6787844 0.5695869 0.4634894
vn -0.3764119 0.31591 0.8709276
vn -0.6787844 0.5695869 0.4634894
vn -0.8326621 0.3030862 0.4634789
vn -0.4618038 0.1681014 0.8709071
vn -0.6787844 0.5695869 0.4634894
vn -0.8326621 0.3030862 0.4634789
vn -0.4914145 0 0.8709258
vn -0.8860976 0 0.4634987
vn -0.8860976 0 0.4634987
vn -0.8326621 -0.3030862 0.4634789
vn -0.4618038 -0.1681014 0.8709071
vn -0.8326621 -0.3030862 0.4634789
vn -0.4618038 -0.1681014 0.8709071
vn -0.8326621 -0.3030862 0.4634789
vn -0.6787844 -0.5695869 0.4634894
vn -0.3764119 -0.31591 0.8709276
vn -0.6787844 -0.5695869 0.4634894
vn -0.4430839 -0.7673722 0.4634832
vn -0.2457036 -0.4256062 0.8709128
vn -0.4430839 -0.7673722 0.4634832
vn -0.6787844 -0.5695869 0.4634894
vn -0.153904 -0.8726226 0.463512
vn -0.0853042 -0.4839237 0.8709426
vn -0.153904 -0.8726226 0.463512
vn -0.0853042 -0.4839237 0.8709426
vn 0.153904 -0.8726226 0.463512
vn 0.0853042 -0.4839237 0.8709426
vn 0.4430839 -0.7673722 0.4634832
vn 0.2457036 -0.4256062 0.8709128
vn 0.0853042 -0.4839237 0.8709426
vn 0.153904 -0.8726226 0.463512
vn 0.4430839 -0.7673722 0.4634832
vn 0.6787844 -0.5695869 0.4634894
vn 0.3764119 -0.31591 0.8709276
vn 0.6787844 -0.5695869 0.4634894
vn 0.8326621 -0.3030862 0.4634789
vn 0.4618038 -0.1681014 0.8709071
vn 0.6787844 -0.5695869 0.4634894
vn 0.8326621 -0.3030862 0.4634789
vn 0.9397 0.342 0
vn 1 0 0
vn 1 0 0
vn 0.9397 0.342 0
vn 0.9397 0.342 0
vn 1 0 0
vn 0.76602 0.6428168 0
vn 0.76602 0.6428168 0
vn 0.76602 0.6428168 0
vn 0.500011 0.866019 0
vn 0.500011 0.866019 0
vn 0.76602 0.6428168 0
vn 0.76602 0.6428168 0
vn 0.500011 0.866019 0
vn 0.76602 0.6428168 0
vn 0.1736028 0.9848158 0
vn 0.1736028 0.9848158 0
vn 0.1736028 0.9848158 0
vn -0.1736028 0.9848158 0
vn -0.1736028 0.9848158 0
vn -0.1736028 0.9848158 0
vn -0.500011 0.866019 0
vn -0.500011 0.866019 0
vn -0.500011 0.866019 0
vn -0.76602 0.6428168 0
vn -0.76602 0.6428168 0
vn -0.76602 0.6428168 0
vn -0.9397 0.342 0
vn -0.9397 0.342 0
vn -0.76602 0.6428168 0
vn -0.76602 0.6428168 0
vn -0.9397 0.342 0
vn -0.76602 0.6428168 0
vn -1 0 0
vn -1 0 0
vn -1 0 0
vn -0.9397 -0.342 0
vn -0.9397 -0.342 0
vn -0.9397 -0.342 0
vn -0.76602 -0.6428168 0
vn -0.76602 -0.6428168 0
vn -0.76602 -0.6428168 0
vn -0.76602 -0.6428168 0
vn -0.500011 -0.866019 0
vn -0.500011 -0.866019 0
vn -0.76602 -0.6428168 0
vn -0.76602 -0.6428168 0
vn -0.500011 -0.866019 0
vn -0.1736028 -0.9848158 0
vn -0.1736028 -0.9848158 0
vn -0.1736028 -0.9848158 0
vn 0.1736028 -0.9848158 0
vn 0.1736028 -0.9848158 0
vn 0.1736028 -0.9848158 0
vn 0.500011 -0.866019 0
vn 0.500011 -0.866019 0
vn 0.500011 -0.866019 0
vn 0.76602 -0.6428168 0
vn 0.76602 -0.6428168 0
vn 0.76602 -0.6428168 0
vn 0.76602 -0.6428168 0
vn 0.76602 -0.6428168 0
vn 0.9397 -0.342 0
vn 0.9397 -0.342 0
vn 0.76602 -0.6428168 0
vn 0.9397 -0.342 0
vn 1 0 0
vn 0.9397 0.342 0
vn 0.9397 0.342 0
vn 0.9397 0.342 0
vn 1 0 0
vn 1 0 0
vn 0.76602 0.6428168 0
vn 0.76602 0.6428168 0
vn 0.76602 0.6428168 0
vn 0.500011 0.866019 0
vn 0.76602 0.6428168 0
vn 0.500011 0.866019 0
vn 0.500011 0.866019 0
vn 0.76602 0.6428168 0
vn 0.76602 0.6428168 0
vn 0.1736028 0.9848158 0
vn 0.1736028 0.9848158 0
vn 0.1736028 0.9848158 0
vn -0.1736028 0.9848158 0
vn -0.1736028 0.9848158 0
vn -0.1736028 0.9848158 0
vn -0.500011 0.866019 0
vn -0.500011 0.866019 0
vn -0.500011 0.866019 0
vn -0.76602 0.6428168 0
vn -0.76602 0.6428168 0
vn -0.76602 0.6428168 0
vn -0.76602 0.6428168 0
vn -0.9397 0.342 0
vn -0.9397 0.342 0
vn -0.76602 0.6428168 0
vn -0.76602 0.6428168 0
vn -0.9397 0.342 0
vn -1 0 0
vn -1 0 0
vn -1 0 0
vn -0.9397 -0.342 0
vn -0.9397 -0.342 0
vn -0.9397 -0.342 0
vn -0.76602 -0.6428168 0
vn -0.76602 -0.6428168 0
vn -0.76602 -0.6428168 0
vn -0.500011 -0.866019 0
vn -0.76602 -0.6428168 0
vn -0.500011 -0.866019 0
vn -0.76602 -0.6428168 0
vn -0.76602 -0.6428168 0
vn -0.500011 -0.866019 0
vn -0.1736028 -0.9848158 0
vn -0.1736028 -0.9848158 0
vn -0.1736028 -0.9848158 0
vn 0.1736028 -0.9848158 0
vn 0.1736028 -0.9848158 0
vn 0.1736028 -0.9848158 0
vn 0.500011 -0.866019 0
vn 0.500011 -0.866019 0
vn 0.500011 -0.866019 0
vn 0.76602 -0.6428168 0
vn 0.76602 -0.6428168 0
vn 0.76602 -0.6428168 0
vn 0.9397 -0.342 0
vn 0.76602 -0.6428168 0
vn 0.9397 -0.342 0
vn 0.9397 -0.342 0
vn 0.76602 -0.6428168 0
vn 0.76602 -0.6428168 0
vn 0 0 1
vn 0 0 1
vn 0 0 1
vn 0 0 1
vn 0 0 1
vn 0 0 1
vn 0 0 1
vn 0 0 1
vn 0 0 1
vn 0 0 1
vn 0 0 1
vn 0 0 1
vn 0 0 1
vn 0 0 1
vn 0 0 1
vn 0 0 1
vn 0 0 1
vn 0 0 1
vn 0 0 1
vn 0 0 1
vn 0 0 1
vn 0 0 1
vn 0 0 1
vn 0 0 1
vn 0 0 1
vn 0 0 1
vn 0 0 1
vn 0 0 1
vn 0 0 1
vn 0 0 1
vn 0 0 1
vn 0 0 1
vn 0 0 1
vn 0 0 1
vn 0 0 1
vn 0 0 1
vn 0 0 1
vn 0 0 1
vn 0 0 1
vn 0 0 1
vn 0 0 1
vn 0 0 1
vn 0 0 1
vn 0 0 1
vn 0 0 1
vn 0 0 1
vn 0 0 1
vn 0 0 1
vn 0 0 1
vn 0 0 1
vn 0 0 1
vn 0 0 1
vn 0 0 1
vn 0 0 1
vn 0 0 1
vn 0 0 1
vn 0 0 1
vn 0 0 1
vn 0 0 1
vn 0 0 1
vn 0 0 1
vn 0 0 1
vn 0 0 -1
vn 0 0 -1
vn 0 0 -1
vn 0 0 -1
vn 0 0 -1
vn 0 0 -1
vn 0 0 -1
vn 0 0 -1
vn 0 0 -1
vn 0 0 -1
vn 0 0 -1
vn 0 0 -1
vn 0 0 -1
vn 0 0 -1
vn 0 0 -1
vn 0 0 -1
vn 0 0 -1
vn 0 0 -1
vn 0 0 -1
vn 0 0 -1
vn 0 0 -1
vn 0 0 -1
vn 0 0 -1
vn 0 0 -1
vn 0 0 -1
vn 0 0 -1
vn 0 0 -1
vn 0 0 -1
vn 0 0 -1
vn 0 0 -1
vn 0 0 -1
vn 0 0 -1
vn 0 0 -1
vn 0 0 -1
vn 0 0 -1
vn 0 0 -1
vn 0 0 -1
vn 0 0 -1
vn 0 0 -1
vn 0 0 -1
vn 0 0 -1
vn 0 0 -1
vn 0 0 -1
vn 0 0 -1
vn 0 0 -1
vn 0 0 -1
vn 0 0 -1
vn 0 0 -1
vn 0 0 -1
vn 0 0 -1
vn 0 0 -1
vn 0 0 -1
vn 0 0 -1
vn 0 0 -1
vn 0 0 -1
vn 0 0 -1
vn 0 0 -1
vn 0 0 -1
vn 0 0 -1
vn 0 0 -1
vn 0 0 -1
vn 0 0 -1
vn 0 0 -1
vn 0 0 -1
vn 0 0 -1
vn 0 0 -1
vn 0 0 -1
vn 0 0 -1
vn 0 0 -1
vn 0 0 -1
vn 0 0 -1
vn 0 0 -1
vn 0 0 -1
vn 0 0 -1
vn 0 0 -1
vn 0 0 -1
vn 0 0 -1
vn 0 0 -1
vn 0 0 -1
vn 0 0 -1
vn 0 0 -1
vn 0 0 -1
vn 0 0 -1
vn 0 0 -1
vn 0 0 -1
vn 0 0 -1
vn 0 0 -1
vn 0 0 -1
vn 0 0 -1
vn 0 0 -1
vn 0 0 -1
vn 0 0 -1
vn 0 0 -1
vn 0 0 -1
vn 0 0 -1
vn 0 0 -1
vn 0 0 -1
vn 0 0 -1
vn 0 0 -1
vn 0 0 -1
vn 0 0 -1
vn 0 0 -1
vn 0 0 -1
vn 0 0 -1
vn 0 0 -1
vn 0 0 -1
vn 0 0 -1
vn 0 0 -1
vn 0 0 -1
vn 0 0 -1
vn 0 0 -1
vn 0 0 -1
vn 0 0 -1
vn 0 0 -1
vn 0 0 -1
vn 0 0 -1
vn 0 0 -1
vn 0 0 -1
vn 0 0 -1
vn 0 0 -1
vn 0 0 -1
vn 0 0 -1
vn 0 0 1
vn 0 0 1
vn 0 0 1
vn 0 0 1
vn 0 0 1
vn 0 0 1
vn 0 0 1
vn 0 0 1
vn 0 0 1
vn 0 0 1
vn 0 0 1
vn 0 0 1
vn 0 0 1
vn 0 0 1
vn 0 0 1
vn 0 0 1
vn 0 0 1
vn 0 0 1
vn 0 0 1
vn 0 0 1
vn 0 0 1
vn 0 0 1
vn 0 0 1
vn 0 0 1
vn 0 0 1
vn 0 0 1
vn 0 0 1
vn 0 0 1
vn 0 0 1
vn 0 0 1
vn 0 0 1
vn 0 0 1
vn 0 0 1
vn 0 0 1
vn 0 0 1
vn 0 0 1
vn 0 0 1
vn 0 0 1
vn 0 0 1
vn 0 0 1
vn 0 0 1
vn 0 0 1
vn 0 0 1
vn 0 0 1
vn 0 0 1
vn 0 0 1
vn 0 0 1
vn 0 0 1
vn 0 0 1
vn 0 0 1
vn 0 0 1
vn 0 0 1
vn 0 0 1
vn 0 0 1
vn 0 0 1
vn 0 0 1
vn 0 0 1
vn 0 0 1
vn 0 0 -1
vn 0 0 -1
vn 0 0 -1
vn 0 0 -1
vn 0.8472333 0 -0.5312209
vn 0.8472333 0 -0.5312209
vn 0.8472333 0 -0.5312209
vn 0.8472333 0 -0.5312209
vn 1 0 0
vn 1 0 0
vn 1 0 0
vn 1 0 0
vn 0.8228145 0 0.56831
vn 0.8228145 0 0.56831
vn 0.8228145 0 0.56831
vn 0.8228145 0 0.56831
vn 0 0 1
vn 0 0 1
vn 0 0 1
vn 0 0 1
vn 0 1 0
vn 0 1 0
vn 0 1 0
vn 0 1 0
vn 0 1 0
vn 0 1 0
vn 0 -1 0
vn 0 -1 0
vn 0 -1 0
vn 0 -1 0
vn 0 -1 0
vn 0 -1 0
vn 0 0 -1
vn 0 0 -1
vn 0 0 -1
vn 0 0 -1
vn 0.7961268 0.2898097 -0.5312179
vn 0.7961268 0.2898097 -0.5312179
vn 0.7961268 0.2898097 -0.5312179
vn 0.7961268 0.2898097 -0.5312179
vn 0.9397 0.342 0
vn 0.9397 0.342 0
vn 0.9397 0.342 0
vn 0.9397 0.342 0
vn 0.7732042 0.2814015 0.5683031
vn 0.7732042 0.2814015 0.5683031
vn 0.7732042 0.2814015 0.5683031
vn 0.7732042 0.2814015 0.5683031
vn 0 0 1
vn 0 0 1
vn 0 0 1
vn 0 0 1
vn -0.342 0.9397 0
vn -0.342 0.9397 0
vn -0.342 0.9397 0
vn -0.342 0.9397 0
vn -0.342 0.9397 0
vn -0.342 0.9397 0
vn 0.342 -0.9397 0
vn 0.342 -0.9397 0
vn 0.342 -0.9397 0
vn 0.342 -0.9397 0
vn 0.342 -0.9397 0
vn 0.342 -0.9397 0
vn 0 0 -1
vn 0 0 -1
vn 0 0 -1
vn 0 0 -1
vn 0.6490118 0.5446099 -0.5312097
vn 0.6490118 0.5446099 -0.5312097
vn 0.6490118 0.5446099 -0.5312097
vn 0.6490118 0.5446099 -0.5312097
vn 0.76602 0.6428168 0
vn 0.76602 0.6428168 0
vn 0.76602 0.6428168 0
vn 0.76602 0.6428168 0
vn 0.6303069 0.5289058 0.5683062
vn 0.6303069 0.5289058 0.5683062
vn 0.6303069 0.5289058 0.5683062
vn 0.6303069 0.5289058 0.5683062
vn 0 0 1
vn 0 0 1
vn 0 0 1
vn 0 0 1
vn -0.6428168 0.76602 0
vn -0.6428168 0.76602 0
vn -0.6428168 0.76602 0
vn -0.6428168 0.76602 0
vn -0.6428168 0.76602 0
vn -0.6428168 0.76602 0
vn 0.6428168 -0.76602 0
vn 0.6428168 -0.76602 0
vn 0.6428168 -0.76602 0
vn 0.6428168 -0.76602 0
vn 0.6428168 -0.76602 0
vn 0.6428168 -0.76602 0
vn 0 0 -1
vn 0 0 -1
vn 0 0 -1
vn 0 0 -1
vn 0.4236157 0.7337271 -0.5312196
vn 0.4236157 0.7337271 -0.5312196
vn 0.4236157 0.7337271 -0.5312196
vn 0.4236157 0.7337271 -0.5312196
vn 0.500011 0.866019 0
vn 0.500011 0.866019 0
vn 0.500011 0.866019 0
vn 0.500011 0.866019 0
vn 0.4113972 0.7125952 0.5682961
vn 0.4113972 0.7125952 0.5682961
vn 0.4113972 0.7125952 0.5682961
vn 0.4113972 0.7125952 0.5682961
vn 0 0 1
vn 0 0 1
vn 0 0 1
vn 0 0 1
vn -0.866019 0.500011 0
vn -0.866019 0.500011 0
vn -0.866019 0.500011 0
vn -0.866019 0.500011 0
vn -0.866019 0.500011 0
vn -0.866019 0.500011 0
vn 0.866019 -0.500011 0
vn 0.866019 -0.500011 0
vn 0.866019 -0.500011 0
vn 0.866019 -0.500011 0
vn 0.866019 -0.500011 0
vn 0.866019 -0.500011 0
vn 0 0 -1
vn 0 0 -1
vn 0 0 -1
vn 0 0 -1
vn 0.1470974 0.8343853 -0.5311906
vn 0.1470974 0.8343853 -0.5311906
vn 0.1470974 0.8343853 -0.5311906
vn 0.1470974 0.8343853 -0.5311906
vn 0.1736998 0.9847987 0
vn 0.1736998 0.9847987 0
vn 0.1736998 0.9847987 0
vn 0.1736998 0.9847987 0
vn 0.1429021 0.8103116 0.5683081
vn 0.1429021 0.8103116 0.5683081
vn 0.1429021 0.8103116 0.5683081
vn 0.1429021 0.8103116 0.5683081
vn 0 0 1
vn 0 0 1
vn 0 0 1
vn 0 0 1
vn -0.9847987 0.1736998 0
vn -0.9848158 0.1736028 0
vn -0.9848158 0.1736028 0
vn -0.9848158 0.1736028 0
vn -0.9848158 0.1736028 0
vn -0.9848158 0.1736028 0
vn 0.9847987 -0.1736998 0
vn 0.9848158 -0.1736028 0
vn 0.9848158 -0.1736028 0
vn 0.9848158 -0.1736028 0
vn 0.9848158 -0.1736028 0
vn 0.9848158 -0.1736028 0
vn 0 0 -1
vn 0 0 -1
vn 0 0 -1
vn 0 0 -1
vn -0.1470974 0.8343853 -0.5311906
vn -0.1470974 0.8343853 -0.5311906
vn -0.1470974 0.8343853 -0.5311906
vn -0.1470974 0.8343853 -0.5311906
vn -0.1736998 0.9847987 0
vn -0.1736998 0.9847987 0
vn -0.1736998 0.9847987 0
vn -0.1736998 0.9847987 0
vn -0.1429021 0.8103116 0.5683081
vn -0.1429021 0.8103116 0.5683081
vn -0.1429021 0.8103116 0.5683081
vn -0.1429021 0.8103116 0.5683081
vn 0 0 1
vn 0 0 1
vn 0 0 1
vn 0 0 1
vn -0.9848158 -0.1736028 0
vn -0.9848158 -0.1736028 0
vn -0.9848158 -0.1736028 0
vn -0.9847987 -0.1736998 0
vn -0.9848158 -0.1736028 0
vn -0.9848158 -0.1736028 0
vn 0.9848158 0.1736028 0
vn 0.9848158 0.1736028 0
vn 0.9848158 0.1736028 0
vn 0.9848158 0.1736028 0
vn 0.9848158 0.1736028 0
vn 0.9848158 0.1736028 0
vn 0 0 -1
vn 0 0 -1
vn 0 0 -1
vn 0 0 -1
vn -0.4236157 0.7337271 -0.5312196
vn -0.4236157 0.7337271 -0.5312196
vn -0.4236157 0.7337271 -0.5312196
vn -0.4236157 0.7337271 -0.5312196
vn -0.500011 0.866019 0
vn -0.500011 0.866019 0
vn -0.500011 0.866019 0
vn -0.500011 0.866019 0
vn -0.4113972 0.7125952 0.5682961
vn -0.4113972 0.7125952 0.5682961
vn -0.4113972 0.7125952 0.5682961
vn -0.4113972 0.7125952 0.5682961
vn 0 0 1
vn 0 0 1
vn 0 0 1
vn 0 0 1
vn -0.866019 -0.500011 0
vn -0.866019 -0.500011 0
vn -0.866019 -0.500011 0
vn -0.866019 -0.500011 0
vn -0.866019 -0.500011 0
vn -0.866019 -0.500011 0
vn 0.866019 0.500011 0
vn 0.866019 0.500011 0
vn 0.866019 0.500011 0
vn 0.866019 0.500011 0
vn 0.866019 0.500011 0
vn 0.866019 0.500011 0
vn 0 0 -1
vn 0 0 -1
vn 0 0 -1
vn 0 0 -1
vn -0.6490118 0.5446099 -0.5312097
vn -0.6490118 0.5446099 -0.5312097
vn -0.6490118 0.5446099 -0.5312097
vn -0.6490118 0.5446099 -0.5312097
vn -0.76602 0.6428168 0
vn -0.76602 0.6428168 0
vn -0.76602 0.6428168 0
vn -0.76602 0.6428168 0
vn -0.6303069 0.5289058 0.5683062
vn -0.6303069 0.5289058 0.5683062
vn -0.6303069 0.5289058 0.5683062
vn -0.6303069 0.5289058 0.5683062
vn 0 0 1
vn 0 0 1
vn 0 0 1
vn 0 0 1
vn -0.6428168 -0.76602 0
vn -0.6428168 -0.76602 0
vn -0.6428168 -0.76602 0
vn -0.6428168 -0.76602 0
vn -0.6428168 -0.76602 0
vn -0.6428168 -0.76602 0
vn 0.6428168 0.76602 0
vn 0.6428168 0.76602 0
vn 0.6428168 0.76602 0
vn 0.6428168 0.76602 0
vn 0.6428168 0.76602 0
vn 0.6428168 0.76602 0
vn 0 0 -1
vn 0 0 -1
vn 0 0 -1
vn 0 0 -1
vn -0.7961268 0.2898097 -0.5312179
vn -0.7961268 0.2898097 -0.5312179
vn -0.7961268 0.2898097 -0.5312179
vn -0.7961268 0.2898097 -0.5312179
vn -0.9397 0.342 0
vn -0.9397 0.342 0
vn -0.9397 0.342 0
vn -0.9397 0.342 0
vn -0.7732042 0.2814015 0.5683031
vn -0.7732042 0.2814015 0.5683031
vn -0.7732042 0.2814015 0.5683031
vn -0.7732042 0.2814015 0.5683031
vn 0 0 1
vn 0 0 1
vn 0 0 1
vn 0 0 1
vn -0.342 -0.9397 0
vn -0.342 -0.9397 0
vn -0.342 -0.9397 0
vn -0.342 -0.9397 0
vn -0.342 -0.9397 0
vn -0.342 -0.9397 0
vn 0.342 0.9397 0
vn 0.342 0.9397 0
vn 0.342 0.9397 0
vn 0.342 0.9397 0
vn 0.342 0.9397 0
vn 0.342 0.9397 0
vn 0 0 -1
vn 0 0 -1
vn 0 0 -1
vn 0 0 -1
vn -0.8472333 0 -0.5312209
vn -0.8472333 0 -0.5312209
vn -0.8472333 0 -0.5312209
vn -0.8472333 0 -0.5312209
vn -1 0 0
vn -1 0 0
vn -1 0 0
vn -1 0 0
vn -0.8228145 0 0.56831
vn -0.8228145 0 0.56831
vn -0.8228145 0 0.56831
vn -0.8228145 0 0.56831
vn 0 0 1
vn 0 0 1
vn 0 0 1
vn 0 0 1
vn 0 -1 0
vn 0 -1 0
vn 0 -1 0
vn 0 -1 0
vn 0 -1 0
vn 0 -1 0
vn 0 1 0
vn 0 1 0
vn 0 1 0
vn 0 1 0
vn 0 1 0
vn 0 1 0
vn 0 0 -1
vn 0 0 -1
vn 0 0 -1
vn 0 0 -1
vn -0.7961268 -0.2898097 -0.5312179
vn -0.7961268 -0.2898097 -0.5312179
vn -0.7961268 -0.2898097 -0.5312179
vn -0.7961268 -0.2898097 -0.5312179
vn -0.9397 -0.342 0
vn -0.9397 -0.342 0
vn -0.9397 -0.342 0
vn -0.9397 -0.342 0
vn -0.7732042 -0.2814015 0.5683031
vn -0.7732042 -0.2814015 0.5683031
vn -0.7732042 -0.2814015 0.5683031
vn -0.7732042 -0.2814015 0.5683031
vn 0 0 1
vn 0 0 1
vn 0 0 1
vn 0 0 1
vn 0.342 -0.9397 0
vn 0.342 -0.9397 0
vn 0.342 -0.9397 0
vn 0.342 -0.9397 0
vn 0.342 -0.9397 0
vn 0.342 -0.9397 0
vn -0.342 0.9397 0
vn -0.342 0.9397 0
vn -0.342 0.9397 0
vn -0.342 0.9397 0
vn -0.342 0.9397 0
vn -0.342 0.9397 0
vn 0 0 -1
vn 0 0 -1
vn 0 0 -1
vn 0 0 -1
vn -0.6490118 -0.5446099 -0.5312097
vn -0.6490118 -0.5446099 -0.5312097
vn -0.6490118 -0.5446099 -0.5312097
vn -0.6490118 -0.5446099 -0.5312097
vn -0.7660613 -0.6427675 0
vn -0.7660613 -0.6427675 0
vn -0.76602 -0.6428168 0
vn -0.76602 -0.6428168 0
vn -0.6303069 -0.5289058 0.5683062
vn -0.6303069 -0.5289058 0.5683062
vn -0.6303069 -0.5289058 0.5683062
vn -0.6303069 -0.5289058 0.5683062
vn 0 0 1
vn 0 0 1
vn 0 0 1
vn 0 0 1
vn 0.6428168 -0.76602 0
vn 0.6428168 -0.76602 0
vn 0.6428168 -0.76602 0
vn 0.6428168 -0.76602 0
vn 0.6428168 -0.76602 0
vn 0.6428168 -0.76602 0
vn -0.6428168 0.76602 0
vn -0.6428168 0.76602 0
vn -0.6428168 0.76602 0
vn -0.6428168 0.76602 0
vn -0.6428168 0.76602 0
vn -0.6428168 0.76602 0
vn 0 0 -1
vn 0 0 -1
vn 0 0 -1
vn 0 0 -1
vn -0.4236157 -0.7337271 -0.5312196
vn -0.4236157 -0.7337271 -0.5312196
vn -0.4236157 -0.7337271 -0.5312196
vn -0.4236157 -0.7337271 -0.5312196
vn -0.500011 -0.866019 0
vn -0.500011 -0.866019 0
vn -0.500011 -0.866019 0
vn -0.500011 -0.866019 0
vn -0.4113972 -0.7125952 0.5682961
vn -0.4113972 -0.7125952 0.5682961
vn -0.4113972 -0.7125952 0.5682961
vn -0.4113972 -0.7125952 0.5682961
vn 0 0 1
vn 0 0 1
vn 0 0 1
vn 0 0 1
vn 0.866019 -0.500011 0
vn 0.866019 -0.500011 0
vn 0.866019 -0.500011 0
vn 0.866019 -0.500011 0
vn 0.866019 -0.500011 0
vn 0.866019 -0.500011 0
vn -0.866019 0.500011 0
vn -0.866019 0.500011 0
vn -0.866019 0.500011 0
vn -0.866019 0.500011 0
vn -0.866019 0.500011 0
vn -0.866019 0.500011 0
vn 0 0 -1
vn 0 0 -1
vn 0 0 -1
vn 0 0 -1
vn -0.1470974 -0.8343853 -0.5311906
vn -0.1471097 -0.8343549 -0.531235
vn -0.1471097 -0.8343549 -0.531235
vn -0.1470974 -0.8343853 -0.5311906
vn -0.1736998 -0.9847987 0
vn -0.1736028 -0.9848158 0
vn -0.1736028 -0.9848158 0
vn -0.1736998 -0.9847987 0
vn -0.1429021 -0.8103116 0.5683081
vn -0.1429021 -0.8103116 0.5683081
vn -0.1429021 -0.8103116 0.5683081
vn -0.1429021 -0.8103116 0.5683081
vn 0 0 1
vn 0 0 1
vn 0 0 1
vn 0 0 1
vn 0.9848158 -0.1736028 0
vn 0.9848158 -0.1736028 0
vn 0.9848158 -0.1736028 0
vn 0.9848158 -0.1736028 0
vn 0.9847987 -0.1736998 0
vn 0.9847987 -0.1736998 0
vn -0.9848158 0.1736028 0
vn -0.9847987 0.1736998 0
vn -0.9847987 0.1736998 0
vn -0.9848158 0.1736028 0
vn -0.9848158 0.1736028 0
vn -0.9848158 0.1736028 0
vn 0 0 -1
vn 0 0 -1
vn 0 0 -1
vn 0 0 -1
vn 0.1471097 -0.8343549 -0.531235
vn 0.1470974 -0.8343853 -0.5311906
vn 0.1471097 -0.8343549 -0.531235
vn 0.1471097 -0.8343549 -0.531235
vn 0.1736998 -0.9847987 0
vn 0.1736028 -0.9848158 0
vn 0.1736028 -0.9848158 0
vn 0.1736998 -0.9847987 0
vn 0.1429021 -0.8103116 0.5683081
vn 0.1429021 -0.8103116 0.5683081
vn 0.1429021 -0.8103116 0.5683081
vn 0.1429021 -0.8103116 0.5683081
vn 0 0 1
vn 0 0 1
vn 0 0 1
vn 0 0 1
vn 0.9848158 0.1736028 0
vn 0.9848158 0.1736028 0
vn 0.9848158 0.1736028 0
vn 0.9848158 0.1736028 0
vn 0.9847987 0.1736998 0
vn 0.9847987 0.1736998 0
vn -0.9848158 -0.1736028 0
vn -0.9848158 -0.1736028 0
vn -0.9848158 -0.1736028 0
vn -0.9848158 -0.1736028 0
vn -0.9848158 -0.1736028 0
vn -0.9847987 -0.1736998 0
vn 0 0 -1
vn 0 0 -1
vn 0 0 -1
vn 0 0 -1
vn 0.4236157 -0.7337271 -0.5312196
vn 0.4236157 -0.7337271 -0.5312196
vn 0.4236157 -0.7337271 -0.5312196
vn 0.4236157 -0.7337271 -0.5312196
vn 0.500011 -0.866019 0
vn 0.500011 -0.866019 0
vn 0.500011 -0.866019 0
vn 0.500011 -0.866019 0
vn 0.4113972 -0.7125952 0.5682961
vn 0.4113972 -0.7125952 0.5682961
vn 0.4113972 -0.7125952 0.5682961
vn 0.4113972 -0.7125952 0.5682961
vn 0 0 1
vn 0 0 1
vn 0 0 1
vn 0 0 1
vn 0.866019 0.500011 0
vn 0.866019 0.500011 0
vn 0.866019 0.500011 0
vn 0.866019 0.500011 0
vn 0.866019 0.500011 0
vn 0.866019 0.500011 0
vn -0.866019 -0.500011 0
vn -0.866019 -0.500011 0
vn -0.866019 -0.500011 0
vn -0.866019 -0.500011 0
vn -0.866019 -0.500011 0
vn -0.866019 -0.500011 0
vn 0 0 -1
vn 0 0 -1
vn 0 0 -1
vn 0 0 -1
vn 0.6490118 -0.5446099 -0.5312097
vn 0.6490118 -0.5446099 -0.5312097
vn 0.6490118 -0.5446099 -0.5312097
vn 0.6490118 -0.5446099 -0.5312097
vn 0.76602 -0.6428168 0
vn 0.76602 -0.6428168 0
vn 0.76602 -0.6428168 0
vn 0.76602 -0.6428168 0
vn 0.6303069 -0.5289058 0.5683062
vn 0.6303069 -0.5289058 0.5683062
vn 0.6303069 -0.5289058 0.5683062
vn 0.6303069 -0.5289058 0.5683062
vn 0 0 1
vn 0 0 1
vn 0 0 1
vn 0 0 1
vn 0.6428168 0.76602 0
vn 0.6428168 0.76602 0
vn 0.6428168 0.76602 0
vn 0.6427675 0.7660613 0
vn 0.6428168 0.76602 0
vn 0.6428168 0.76602 0
vn -0.6428168 -0.76602 0
vn -0.6428168 -0.76602 0
vn -0.6428168 -0.76602 0
vn -0.6428168 -0.76602 0
vn -0.6428168 -0.76602 0
vn -0.6428168 -0.76602 0
vn 0 0 -1
vn 0 0 -1
vn 0 0 -1
vn 0 0 -1
vn 0.7961268 -0.2898097 -0.5312179
vn 0.7961268 -0.2898097 -0.5312179
vn 0.7961268 -0.2898097 -0.5312179
vn 0.7961268 -0.2898097 -0.5312179
vn 0.9397 -0.342 0
vn 0.9397 -0.342 0
vn 0.9397 -0.342 0
vn 0.9397 -0.342 0
vn 0.7732042 -0.2814015 0.5683031
vn 0.7732042 -0.2814015 0.5683031
vn 0.7732042 -0.2814015 0.5683031
vn 0.7732042 -0.2814015 0.5683031
vn 0 0 1
vn 0 0 1
vn 0 0 1
vn 0 0 1
vn 0.342 0.9397 0
vn 0.342 0.9397 0
vn 0.342 0.9397 0
vn 0.342 0.9397 0
vn 0.342 0.9397 0
vn 0.342 0.9397 0
vn -0.342 -0.9397 0
vn -0.342 -0.9397 0
vn -0.342 -0.9397 0
vn -0.342 -0.9397 0
vn -0.342 -0.9397 0
vn -0.342 -0.9397 0
vn 0 0 -1
vn 0 -0.3826903 -0.9238767
vn 0 -0.3826903 -0.9238767
vn 0 0 -1
vn 0 -0.7071068 -0.7071068
vn 0 -0.7071068 -0.7071068
vn 0 -0.7071068 -0.7071068
vn 0 -0.9238767 -0.3826903
vn 0 -0.9238767 -0.3826903
vn 0 -0.7071068 -0.7071068
vn 0 -1 0
vn 0 -1 0
vn 0 -0.9238767 0.3826903
vn 0 -0.9238767 0.3826903
vn 0 -0.7071068 0.7071068
vn 0 -0.7071068 0.7071068
vn 0 -0.7071068 0.7071068
vn 0 -0.3826903 0.9238767
vn 0 -0.3826903 0.9238767
vn 0 -0.7071068 0.7071068
vn 0 0 1
vn 0 0 1
vn 0 0.3826903 0.9238767
vn 0 0.3826903 0.9238767
vn 0 0.3826903 0.9238767
vn 0 0.7071068 0.7071068
vn 0 0.7071068 0.7071068
vn 0 0.3826903 0.9238767
vn 0 0.7071068 0.7071068
vn 0 0.7071068 0.7071068
vn 0 0.9238767 0.3826903
vn 0 0.9238767 0.3826903
vn 0 1 0
vn 0 1 0
vn 0 0.9238767 -0.3826903
vn 0 0.9238767 -0.3826903
vn 0 0.7071068 -0.7071068
vn 0 0.7071068 -0.7071068
vn 0 0.7071068 -0.7071068
vn 0 0.3826903 -0.9238767
vn 0 0.3826903 -0.9238767
vn 0 0.7071068 -0.7071068
vn 1 0 0
vn 1 0 0
vn 1 0 0
vn 1 0 0
vn 1 0 0
vn 1 0 0
vn 1 0 0
vn 1 0 0
vn 1 0 0
vn 1 0 0
vn 1 0 0
vn 1 0 0
vn 1 0 0
vn 1 0 0
vn 1 0 0
vn 1 0 0
vn -1 0 0
vn -1 0 0
vn -1 0 0
vn -1 0 0
vn -1 0 0
vn -1 0 0
vn -1 0 0
vn -1 0 0
vn -1 0 0
vn -1 0 0
vn -1 0 0
vn -1 0 0
vn -1 0 0
vn -1 0 0
vn -1 0 0
vn -1 0 0
vn 0 0 -1
vn 0 -0.866019 -0.500011
vn 0 -0.866019 -0.500011
vn 0 0 -1
vn 0 -0.866019 -0.500011
vn 0 -0.866019 0.500011
vn 0 -0.866019 0.500011
vn 0 -0.866019 -0.500011
vn 0 -0.866019 0.500011
vn 0 0 1
vn 0 0 1
vn 0 -0.866019 0.500011
vn 0 0.866019 0.500011
vn 0 0 1
vn 0 0 1
vn 0 0.866019 0.500011
vn 0 0.866019 0.500011
vn 0 0.866019 -0.500011
vn 0 0.866019 -0.500011
vn 0 0.866019 0.500011
vn 0 0.866019 -0.500011
vn 0 0.866019 -0.500011
vn -1 0 0
vn -1 0 0
vn -1 0 0
vn -1 0 0
vn -1 0 0
vn -1 0 0
vn 0 -1 0
vn 0 -0.9238767 0.3826903
vn 0 -0.9238767 0.3826903
vn 0 -1 0
vn 0 -0.7071068 0.7071068
vn 0 -0.7071068 0.7071068
vn 0 -0.7071068 0.7071068
vn 0 -0.3826903 0.9238767
vn 0 -0.3826903 0.9238767
vn 0 -0.7071068 0.7071068
vn 0 0 1
vn 0 0 1
vn 0 0.3826903 0.9238767
vn 0 0.3826903 0.9238767
vn 0 0.3826903 0.9238767
vn 0 0.7071068 0.7071068
vn 0 0.7071068 0.7071068
vn 0 0.3826903 0.9238767
vn 0 0.7071068 0.7071068
vn 0 0.7071068 0.7071068
vn 0 0.9238767 0.3826903
vn 0 0.9238767 0.3826903
vn 0 1 0
vn 0 1 0
vn 0 0.9238767 -0.3826903
vn 0 0.9238767 -0.3826903
vn 0 0.7071068 -0.7071068
vn 0 0.7071068 -0.7071068
vn 0 0.7071068 -0.7071068
vn 0 0.3826903 -0.9238767
vn 0 0.3826903 -0.9238767
vn 0 0.7071068 -0.7071068
vn 0 0 -1
vn 0 0 -1
vn 0 -0.3826903 -0.9238767
vn 0 -0.3826903 -0.9238767
vn 0 -0.7071068 -0.7071068
vn 0 -0.7071068 -0.7071068
vn 0 -0.7071068 -0.7071068
vn 0 -0.9238767 -0.3826903
vn 0 -0.9238767 -0.3826903
vn 0 -0.7071068 -0.7071068
vn 1 0 0
vn 1 0 0
vn 1 0 0
vn 1 0 -0.0001
vn 1 0 0
vn 1 0 0
vn 1 0 0
vn 1 0 0
vn 1 0 0
vn 1 0 0
vn 1 0 0
vn 1 0 -0.0001
vn 1 0 0
vn 1 0 0
vn 1 0 0
vn 1 0 0
vn -1 0 0
vn -1 0 0
vn -1 0 0
vn -1 0 0
vn -1 0 0
vn -1 0 0
vn -1 0 0
vn -1 0 0
vn -1 0 0
vn -1 0 0
vn -1 0 0
vn -1 0 0
vn -1 0 0
vn -1 0 0
vn -1 0 0
vn -1 0 0
vn 0 -1 0
vn 0 -0.500011 0.866019
vn 0 -0.500011 0.866019
vn 0 -1 0
vn 0 -0.500011 0.866019
vn 0 0.500011 0.866019
vn 0 0.500011 0.866019
vn 0 -0.500011 0.866019
vn 0 0.500011 0.866019
vn 0 0.500011 0.866019
vn 0 1 0
vn 0 1 0
vn 0 1 0
vn 0 0.500011 -0.866019
vn 0 0.500011 -0.866019
vn 0 1 0
vn 0 0.500011 -0.866019
vn 0 -0.500011 -0.866019
vn 0 -0.500011 -0.866019
vn 0 0.500011 -0.866019
vn 0 -0.500011 -0.866019
vn 0 -0.500011 -0.866019
vn -1 0 0
vn -1 0 0
vn -1 0 0
vn -1 0 0
vn -1 0 0
vn -1 0 0
vn 0 0 1
vn 0 0.3826903 0.9238767
vn 0 0.3826903 0.9238767
vn 0 0 1
vn 0 0.7071068 0.7071068
vn 0 0.7071068 0.7071068
vn 0 0.7071068 0.7071068
vn 0 0.7071068 0.7071068
vn 0 0.9238767 0.3826903
vn 0 0.9238767 0.3826903
vn 0 1 0
vn 0 1 0
vn 0 0.9238767 -0.3826903
vn 0 0.9238767 -0.3826903
vn 0 0.7071068 -0.7071068
vn 0 0.7071068 -0.7071068
vn 0 0.7071068 -0.7071068
vn 0 0.3826903 -0.9238767
vn 0 0.3826903 -0.9238767
vn 0 0.7071068 -0.7071068
vn 0 0 -1
vn 0 0 -1
vn 0 -0.3826903 -0.9238767
vn 0 -0.3826903 -0.9238767
vn 0 -0.7071068 -0.7071068
vn 0 -0.7071068 -0.7071068
vn 0 -0.7071068 -0.7071068
vn 0 -0.9238767 -0.3826903
vn 0 -0.9238767 -0.3826903
vn 0 -0.7071068 -0.7071068
vn 0 -1 0
vn 0 -1 0
vn 0 -0.9238767 0.3826903
vn 0 -0.9238767 0.3826903
vn 0 -0.7071068 0.7071068
vn 0 -0.7071068 0.7071068
vn 0 -0.7071068 0.7071068
vn 0 -0.7071068 0.7071068
vn 0 -0.3826903 0.9238767
vn 0 -0.3826903 0.9238767
vn 0 -0.3826903 0.9238767
vn 0 -0.3826903 0.9238767
vn 1 0 0
vn 1 0 0
vn 1 0 0
vn 1 0 0
vn 1 0 0
vn 1 0 0
vn 1 0 0
vn 1 0 0
vn 1 0 0
vn 1 0 0
vn 1 0 0
vn 1 0 0
vn 1 0 0
vn 1 0 0
vn 1 0 0
vn 1 0 0
vn -1 0 0
vn -1 0 0
vn -1 0 0
vn -1 0 0
vn -1 0 0
vn -1 0 0
vn -1 0 0
vn -1 0 0
vn -1 0 0
vn -1 0 0
vn -1 0 0
vn -1 0 0
vn -1 0 0
vn -1 0 0
vn -1 0 0
vn -1 0 0
vn 0 0 1
vn 0 0.866019 0.500011
vn 0 0.866019 0.500011
vn 0 0 1
vn 0 0.866019 0.500011
vn 0 0.866019 0.500011
vn 0 0.866019 -0.500011
vn 0 0.866019 -0.500011
vn 0 0.866019 -0.500011
vn 0 0 -1
vn 0 0 -1
vn 0 0.866019 -0.500011
vn 0 -0.866019 -0.500011
vn 0 -0.866019 -0.500011
vn 0 -0.866019 -0.500011
vn 0 -0.866019 -0.500011
vn 0 -0.866019 0.500011
vn 0 -0.866019 0.500011
vn 0 -0.866019 0.500011
vn 0 0 1
vn 0 0 1
vn 0 -0.866019 0.500011
vn -1 0 0
vn -1 0 0
vn -1 0 0
vn -1 0 0
vn -1 0 0
vn -1 0 0
vn 0 1 0
vn 0 0.9238767 -0.3826903
vn 0 0.9238767 -0.3826903
vn 0 1 0
vn 0 0.7071068 -0.7071068
vn 0 0.7071068 -0.7071068
vn 0 0.7071068 -0.7071068
vn 0 0.3826903 -0.9238767
vn 0 0.3826903 -0.9238767
vn 0 0.7071068 -0.7071068
vn 0 0 -1
vn 0 0 -1
vn 0 -0.3826903 -0.9238767
vn 0 -0.3826903 -0.9238767
vn 0 -0.7071068 -0.7071068
vn 0 -0.7071068 -0.7071068
vn 0 -0.7071068 -0.7071068
vn 0 -0.9238767 -0.3826903
vn 0 -0.9238767 -0.3826903
vn 0 -0.7071068 -0.7071068
vn 0 -1 0
vn 0 -1 0
vn 0 -0.9238767 0.3826903
vn 0 -0.9238767 0.3826903
vn 0 -0.7071068 0.7071068
vn 0 -0.7071068 0.7071068
vn 0 -0.7071068 0.7071068
vn 0 -0.7071068 0.7071068
vn 0 -0.3826903 0.9238767
vn 0 -0.3826903 0.9238767
vn 0 0 1
vn 0 0 1
vn 0 0.3826903 0.9238767
vn 0 0.3826903 0.9238767
vn 0 0.7071068 0.7071068
vn 0 0.3826903 0.9238767
vn 0 0.3826903 0.9238767
vn 0 0.7071068 0.7071068
vn 0 0.7071068 0.7071068
vn 0 0.9238767 0.3826903
vn 0 0.9238767 0.3826903
vn 0 0.7071068 0.7071068
vn 1 0 0
vn 1 0 0
vn 1 0 0
vn 1 0 0
vn 1 0 0
vn 1 0 0
vn 1 0 0
vn 1 0 0
vn 1 0 0
vn 1 0 0
vn 1 0 0
vn 1 0 0
vn 1 0 0
vn 1 0 0
vn 1 0 0
vn 1 0 0
vn -1 0 0
vn -1 0 0
vn -1 0 0
vn -1 0 0
vn -1 0 0
vn -1 0 0
vn -1 0 0
vn -1 0 0
vn -1 0 0
vn -1 0 0
vn -1 0 0
vn -1 0 0
vn -1 0 0
vn -1 0 0
vn -1 0 0
vn -1 0 0
vn 0 0.500011 -0.866019
vn 0 0.500011 -0.866019
vn 0 1 0
vn 0 1 0
vn 0 0.500011 -0.866019
vn 0 -0.500011 -0.866019
vn 0 -0.500011 -0.866019
vn 0 0.500011 -0.866019
vn 0 -0.500011 -0.866019
vn 0 -1 0
vn 0 -1 0
vn 0 -0.500011 -0.866019
vn 0 -0.500011 0.866019
vn 0 -1 0
vn 0 -1 0
vn 0 -0.500011 0.866019
vn 0 -0.500011 0.866019
vn 0 0.500011 0.866019
vn 0 0.500011 0.866019
vn 0 -0.500011 0.866019
vn 0 1 0
vn 0 0.500011 0.866019
vn 0 0.500011 0.866019
vn 0 1 0
vn -1 0 0
vn -1 0 0
vn -1 0 0
vn -1 0 0
vn -1 0 0
vn -1 0 0
vn 0 0.6283953 0.7778942
vn 0 0.6283953 0.7778942
vn 0 0.6283953 0.7778942
vn 0 0.6283953 0.7778942
vn -0.6246116 -0.053301 0.7791145
vn -0.6283947 0.0014 0.7778934
vn -0.6283947 0.0014 0.7778934
vn -0.6246116 -0.053301 0.7791145
vn -0.5851363 -0.2123132 0.7826485
vn -0.5851363 -0.2123132 0.7826485
vn -0.4768866 -0.4001887 0.7825779
vn -0.4768866 -0.4001887 0.7825779
vn -0.3113001 -0.5391002 0.7826003
vn -0.3113001 -0.5391002 0.7826003
vn -0.1080978 -0.6130877 0.7825844
vn -0.1080978 -0.6130877 0.7825844
vn 0.1080978 -0.6130877 0.7825844
vn 0.1080978 -0.6130877 0.7825844
vn 0.3113001 -0.5391002 0.7826003
vn 0.3113001 -0.5391002 0.7826003
vn 0.4768866 -0.4001887 0.7825779
vn 0.4768866 -0.4001887 0.7825779
vn 0.5851363 -0.2123132 0.7826485
vn 0.5851363 -0.2123132 0.7826485
vn 0.624589 -0.055399 0.7789862
vn 0.624589 -0.055399 0.7789862
vn 0.6283928 -0.0028 0.7778911
vn 0.6283928 -0.0028 0.7778911
f 1/1/1 2/2/2 3/3/3
f 3/3/3 4/4/4 1/1/1
f 1/1/1 4/4/4 5/5/5
f 5/5/5 6/6/6 1/1/1
f 6/6/6 7/7/7 8/8/8
f 8/8/8 9/9/9 6/6/6
f 10/10/10 11/11/11 6/6/6
f 6/6/6 9/9/9 10/10/10
f 12/12/12 1/1/1 6/6/6
f 6/6/6 11/11/11 12/12/12
f 13/13/13 14/14/14 15/15/15
f 15/15/15 16/16/16 13/13/13
f 17/17/17 18/18/18 19/19/19
f 19/19/19 20/20/20 17/17/17
f 21/21/21 20/20/20 19/19/19
f 19/19/19 22/22/22 21/21/21
f 23/23/23 24/24/24 20/20/20
f 20/20/20 21/21/21 23/23/23
f 25/25/25 23/23/23 21/21/21
f 21/21/21 26/26/26 25/25/25
f 27/27/27 28/28/28 26/26/26
f 26/26/26 21/21/21 27/27/27
f 29/29/29 30/30/30 31/31/31
f 31/31/31 32/32/32 29/29/29
f 33/33/33 34/34/34 35/35/35
f 35/35/35 36/36/36 33/33/33
f 37/37/37 36/36/36 35/35/35
f 38/38/38 39/39/39 40/40/40
f 40/40/40 41/41/41 38/38/38
f 42/42/42 43/43/43 44/44/44
f 44/44/44 45/45/45 42/42/42
f 30/30/30 29/29/29 46/46/46
f 46/46/46 47/47/47 30/30/30
f 48/48/48 49/49/49 50/50/50
f 50/50/50 51/51/51 48/48/48
f 52/52/52 53/53/53 54/54/54
f 54/54/54 55/55/55 52/52/52
f 35/35/35 34/34/34 56/56/56
f 56/56/56 57/57/57 35/35/35
f 58/58/58 59/59/59 60/60/60
f 60/60/60 61/61/61 58/58/58
f 62/62/62 63/63/63 64/64/64
f 64/64/64 65/65/65 62/62/62
f 66/66/66 67/67/67 59/59/59
f 59/59/59 58/58/58 66/66/66
f 68/68/68 69/69/69 70/70/70
f 70/70/70 71/71/71 68/68/68
f 14/14/14 70/70/70 69/69/69
f 69/69/69 15/15/15 14/14/14
f 72/72/72 73/73/73 63/63/63
f 63/63/63 62/62/62 72/72/72
f 74/74/74 75/75/75 76/76/76
f 76/76/76 77/77/77 74/74/74
f 77/77/77 13/13/13 16/16/16
f 16/16/16 74/74/74 77/77/77
f 37/37/37 65/65/65 64/64/64
f 64/64/64 36/36/36 37/37/37
f 78/78/78 79/79/79 80/80/80
f 80/80/80 81/81/81 78/78/78
f 60/60/60 82/82/82 83/83/83
f 83/83/83 61/61/61 60/60/60
f 51/51/51 84/84/84 83/83/83
f 83/83/83 48/48/48 51/51/51
f 82/82/82 48/48/48 83/83/83
f 85/85/85 86/86/86 87/87/87
f 87/87/87 88/88/88 85/85/85
f 89/89/89 90/90/90 91/91/91
f 91/91/91 92/92/92 89/89/89
f 93/93/93 94/94/94 95/95/95
f 95/95/95 96/96/96 93/93/93
f 93/93/93 96/96/96 97/97/97
f 97/97/97 98/98/98 93/93/93
f 94/94/94 93/93/93 99/99/99
f 99/99/99 100/100/100 94/94/94
f 101/101/101 102/102/102 103/103/103
f 103/103/103 104/104/104 101/101/101
f 105/105/105 102/102/102 106/106/106
f 106/106/106 107/107/107 105/105/105
f 102/102/102 105/105/105 108/108/108
f 108/108/108 103/103/103 102/102/102
f 109/109/109 110/110/110 111/111/111
f 111/111/111 112/112/112 109/109/109
f 113/113/113 114/114/114 115/115/115
f 115/115/115 116/116/116 113/113/113
f 117/117/117 118/118/118 113/113/113
f 113/113/113 116/116/116 117/117/117
f 119/119/119 114/114/114 113/113/113
f 113/113/113 120/120/120 119/119/119
f 121/121/121 122/122/122 123/123/123
f 123/123/123 124/124/124 121/121/121
f 125/125/125 126/126/126 127/127/127
f 127/127/127 128/128/128 125/125/125
f 129/129/129 128/128/128 127/127/127
f 127/127/127 130/130/130 129/129/129
f 127/127/127 131/131/131 132/132/132
f 132/132/132 130/130/130 127/127/127
f 133/133/133 134/134/134 135/135/135
f 135/135/135 136/136/136 133/133/133
f 137/137/137 138/138/138 139/139/139
f 139/139/139 140/140/140 137/137/137
f 87/87/87 86/86/86 141/141/141
f 141/141/141 142/142/142 87/87/87
f 143/143/143 144/144/144 85/85/85
f 85/85/85 88/88/88 143/143/143
f 145/145/145 90/90/90 89/89/89
f 89/89/89 146/146/146 145/145/145
f 92/92/92 91/91/91 147/147/147
f 147/147/147 148/148/148 92/92/92
f 110/110/110 109/109/109 149/149/149
f 149/149/149 150/150/150 110/110/110
f 151/151/151 121/121/121 124/124/124
f 124/124/124 152/152/152 151/151/151
f 111/111/111 138/138/138 137/137/137
f 137/137/137 112/112/112 111/111/111
f 122/122/122 136/136/136 135/135/135
f 135/135/135 123/123/123 122/122/122
f 153/153/153 154/154/154 155/155/155
f 155/155/155 156/156/156 153/153/153
f 154/154/154 157/157/157 158/158/158
f 158/158/158 155/155/155 154/154/154
f 159/159/159 160/160/160 161/161/161
f 161/161/161 162/162/162 159/159/159
f 162/162/162 161/161/161 163/163/163
f 163/163/163 164/164/164 162/162/162
f 164/164/164 163/163/163 165/165/165
f 165/165/165 166/166/166 164/164/164
f 166/166/166 165/165/165 167/167/167
f 167/167/167 168/168/168 166/166/166
f 168/168/168 167/167/167 169/169/169
f 169/169/169 170/170/170 168/168/168
f 171/171/171 172/172/172 173/173/173
f 173/173/173 174/174/174 171/171/171
f 174/174/174 173/173/173 175/175/175
f 175/175/175 176/176/176 174/174/174
f 176/176/176 175/175/175 177/177/177
f 177/177/177 178/178/178 176/176/176
f 178/178/178 177/177/177 179/179/179
f 179/179/179 180/180/180 178/178/178
f 181/181/181 182/182/182 183/183/183
f 183/183/183 184/184/184 181/181/181
f 184/184/184 183/183/183 185/185/185
f 185/185/185 186/186/186 184/184/184
f 186/186/186 185/185/185 187/187/187
f 187/187/187 188/188/188 186/186/186
f 188/188/188 187/187/187 189/189/189
f 189/189/189 190/190/190 188/188/188
f 190/190/190 189/189/189 191/191/191
f 191/191/191 192/192/192 190/190/190
f 193/193/193 194/194/194 195/195/195
f 195/195/195 196/196/196 193/193/193
f 153/153/153 156/156/156 193/193/193
f 193/193/193 196/196/196 153/153/153
f 197/197/197 198/198/198 199/199/199
f 199/199/199 200/200/200 197/197/197
f 199/199/199 201/201/201 202/202/202
f 202/202/202 203/203/203 199/199/199
f 202/202/202 204/204/204 203/203/203
f 203/203/203 205/205/205 206/206/206
f 206/206/206 207/207/207 203/203/203
f 206/206/206 208/208/208 207/207/207
f 207/207/207 209/209/209 210/210/210
f 210/210/210 211/211/211 207/207/207
f 210/210/210 212/212/212 211/211/211
f 199/199/199 203/203/203 207/207/207
f 207/207/207 211/211/211 199/199/199
f 200/200/200 199/199/199 211/211/211
f 211/211/211 213/213/213 200/200/200
f 214/214/214 197/197/197 200/200/200
f 215/215/215 216/216/216 217/217/217
f 217/217/217 218/218/218 215/215/215
f 219/219/219 220/220/220 218/218/218
f 218/218/218 217/217/217 219/219/219
f 221/221/221 220/220/220 219/219/219
f 219/219/219 222/222/222 221/221/221
f 222/222/222 223/223/223 224/224/224
f 224/224/224 221/221/221 222/222/222
f 224/224/224 223/223/223 225/225/225
f 225/225/225 226/226/226 224/224/224
f 226/226/226 225/225/225 227/227/227
f 227/227/227 228/228/228 226/226/226
f 229/229/229 228/228/228 227/227/227
f 227/227/227 230/230/230 229/229/229
f 229/229/229 230/230/230 231/231/231
f 231/231/231 232/232/232 229/229/229
f 232/232/232 231/231/231 233/233/233
f 233/233/233 234/234/234 232/232/232
f 234/234/234 233/233/233 235/235/235
f 235/235/235 236/236/236 234/234/234
f 236/236/236 235/235/235 237/237/237
f 237/237/237 238/238/238 236/236/236
f 238/238/238 237/237/237 239/239/239
f 239/239/239 240/240/240 238/238/238
f 240/240/240 239/239/239 241/241/241
f 241/241/241 242/242/242 240/240/240
f 242/242/242 241/241/241 243/243/243
f 243/243/243 244/244/244 242/242/242
f 244/244/244 243/243/243 245/245/245
f 245/245/245 246/246/246 244/244/244
f 246/246/246 245/245/245 247/247/247
f 247/247/247 248/248/248 246/246/246
f 249/249/249 250/250/250 248/248/248
f 248/248/248 247/247/247 249/249/249
f 215/215/215 250/250/250 249/249/249
f 249/249/249 216/216/216 215/215/215
f 251/251/251 252/252/252 253/253/253
f 253/253/253 254/254/254 251/251/251
f 255/255/255 256/256/256 257/257/257
f 257/257/257 258/258/258 255/255/255
f 259/259/259 260/260/260 261/261/261
f 261/261/261 262/262/262 259/259/259
f 263/263/263 264/264/264 265/265/265
f 265/265/265 266/266/266 263/263/263
f 267/267/267 268/268/268 269/269/269
f 269/269/269 270/270/270 267/267/267
f 271/271/271 272/272/272 273/273/273
f 273/273/273 274/274/274 271/271/271
f 275/275/275 276/276/276 277/277/277
f 277/277/277 278/278/278 275/275/275
f 279/279/279 280/280/280 281/281/281
f 281/281/281 282/282/282 279/279/279
f 283/283/283 284/284/284 285/285/285
f 285/285/285 286/286/286 283/283/283
f 287/287/287 288/288/288 289/289/289
f 289/289/289 290/290/290 287/287/287
f 291/291/291 292/292/292 293/293/293
f 293/293/293 294/294/294 291/291/291
f 295/295/295 296/296/296 297/297/297
f 297/297/297 298/298/298 295/295/295
f 299/299/299 300/300/300 301/301/301
f 301/301/301 302/302/302 299/299/299
f 303/303/303 304/304/304 305/305/305
f 305/305/305 306/306/306 303/303/303
f 307/307/307 308/308/308 309/309/309
f 309/309/309 310/310/310 307/307/307
f 311/311/311 312/312/312 313/313/313
f 313/313/313 314/314/314 311/311/311
f 315/315/315 316/316/316 317/317/317
f 317/317/317 318/318/318 315/315/315
f 319/319/319 320/320/320 321/321/321
f 321/321/321 322/322/322 319/319/319
f 323/323/323 324/324/324 325/325/325
f 325/325/325 326/326/326 323/323/323
f 323/323/323 327/327/327 328/328/328
f 328/328/328 324/324/324 323/323/323
f 329/329/329 330/330/330 331/331/331
f 331/331/331 332/332/332 329/329/329
f 332/332/332 331/331/331 333/333/333
f 333/333/333 334/334/334 332/332/332
f 334/334/334 333/333/333 335/335/335
f 335/335/335 336/336/336 334/334/334
f 336/336/336 335/335/335 337/337/337
f 337/337/337 338/338/338 336/336/336
f 338/338/338 337/337/337 339/339/339
f 339/339/339 340/340/340 338/338/338
f 341/341/341 342/342/342 343/343/343
f 343/343/343 344/344/344 341/341/341
f 345/345/345 344/344/344 343/343/343
f 343/343/343 346/346/346 345/345/345
f 345/345/345 346/346/346 347/347/347
f 347/347/347 348/348/348 345/345/345
f 348/348/348 347/347/347 349/349/349
f 349/349/349 350/350/350 348/348/348
f 351/351/351 352/352/352 353/353/353
f 353/353/353 354/354/354 351/351/351
f 351/351/351 354/354/354 355/355/355
f 355/355/355 356/356/356 351/351/351
f 356/356/356 355/355/355 357/357/357
f 357/357/357 358/358/358 356/356/356
f 358/358/358 357/357/357 359/359/359
f 359/359/359 360/360/360 358/358/358
f 360/360/360 359/359/359 361/361/361
f 361/361/361 362/362/362 360/360/360
f 363/363/363 364/364/364 365/365/365
f 365/365/365 366/366/366 363/363/363
f 366/366/366 365/365/365 326/326/326
f 326/326/326 325/325/325 366/366/366
f 367/367/367 368/368/368 369/369/369
f 369/369/369 370/370/370 367/367/367
f 368/368/368 371/371/371 372/372/372
f 372/372/372 373/373/373 368/368/368
f 372/372/372 374/374/374 373/373/373
f 373/373/373 375/375/375 376/376/376
f 376/376/376 377/377/377 373/373/373
f 376/376/376 378/378/378 377/377/377
f 379/379/379 377/377/377 380/380/380
f 380/380/380 381/381/381 379/379/379
f 381/381/381 382/382/382 379/379/379
f 373/373/373 377/377/377 379/379/379
f 379/379/379 368/368/368 373/373/373
f 379/379/379 383/383/383 369/369/369
f 369/369/369 368/368/368 379/379/379
f 384/384/384 370/370/370 369/369/369
f 385/385/385 386/386/386 387/387/387
f 387/387/387 388/388/388 385/385/385
f 389/389/389 390/390/390 387/387/387
f 387/387/387 386/386/386 389/389/389
f 389/389/389 391/391/391 392/392/392
f 392/392/392 390/390/390 389/389/389
f 393/393/393 394/394/394 392/392/392
f 392/392/392 391/391/391 393/393/393
f 395/395/395 396/396/396 394/394/394
f 394/394/394 393/393/393 395/395/395
f 396/396/396 395/395/395 397/397/397
f 397/397/397 398/398/398 396/396/396
f 399/399/399 400/400/400 398/398/398
f 398/398/398 397/397/397 399/399/399
f 400/400/400 399/399/399 401/401/401
f 401/401/401 402/402/402 400/400/400
f 401/401/401 403/403/403 404/404/404
f 404/404/404 402/402/402 401/401/401
f 405/405/405 406/406/406 407/407/407
f 407/407/407 408/408/408 405/405/405
f 409/409/409 410/410/410 411/411/411
f 411/411/411 412/412/412 409/409/409
f 413/413/413 414/414/414 410/410/410
f 410/410/410 409/409/409 413/413/413
f 413/413/413 415/415/415 416/416/416
f 416/416/416 414/414/414 413/413/413
f 415/415/415 417/417/417 418/418/418
f 418/418/418 416/416/416 415/415/415
f 418/418/418 417/417/417 419/419/419
f 419/419/419 420/420/420 418/418/418
f 420/420/420 419/419/419 421/421/421
f 421/421/421 422/422/422 420/420/420
f 422/422/422 421/421/421 423/423/423
f 423/423/423 424/424/424 422/422/422
f 425/425/425 426/426/426 427/427/427
f 427/427/427 428/428/428 425/425/425
f 429/429/429 430/430/430 431/431/431
f 431/431/431 432/432/432 429/429/429
f 433/433/433 434/434/434 435/435/435
f 435/435/435 436/436/436 433/433/433
f 437/437/437 438/438/438 439/439/439
f 439/439/439 440/440/440 437/437/437
f 441/441/441 442/442/442 443/443/443
f 443/443/443 444/444/444 441/441/441
f 445/445/445 446/446/446 447/447/447
f 447/447/447 448/448/448 445/445/445
f 449/449/449 450/450/450 451/451/451
f 451/451/451 452/452/452 449/449/449
f 453/453/453 454/454/454 455/455/455
f 455/455/455 456/456/456 453/453/453
f 457/457/457 458/458/458 459/459/459
f 459/459/459 460/460/460 457/457/457
f 461/461/461 462/462/462 463/463/463
f 463/463/463 464/464/464 461/461/461
f 465/465/465 466/466/466 467/467/467
f 467/467/467 468/468/468 465/465/465
f 469/469/469 470/470/470 471/471/471
f 471/471/471 472/472/472 469/469/469
f 473/473/473 474/474/474 475/475/475
f 475/475/475 476/476/476 473/473/473
f 477/477/477 478/478/478 479/479/479
f 479/479/479 480/480/480 477/477/477
f 481/481/481 482/482/482 483/483/483
f 483/483/483 484/484/484 481/481/481
f 485/485/485 486/486/486 487/487/487
f 487/487/487 488/488/488 485/485/485
f 489/489/489 490/490/490 491/491/491
f 491/491/491 492/492/492 489/489/489
f 493/493/493 494/494/494 495/495/495
f 495/495/495 496/496/496 493/493/493
f 497/497/497 498/498/498 499/499/499
f 499/499/499 500/500/500 497/497/497
f 501/501/501 502/502/502 503/503/503
f 503/503/503 504/504/504 501/501/501
f 505/505/505 506/506/506 504/504/504
f 504/504/504 503/503/503 505/505/505
f 507/507/507 508/508/508 509/509/509
f 509/509/509 510/510/510 507/507/507
f 511/511/511 509/509/509 508/508/508
f 508/508/508 512/512/512 511/511/511
f 512/512/512 513/513/513 514/514/514
f 514/514/514 511/511/511 512/512/512
f 513/513/513 515/515/515 516/516/516
f 516/516/516 514/514/514 513/513/513
f 516/516/516 515/515/515 517/517/517
f 517/517/517 518/518/518 516/516/516
f 519/519/519 520/520/520 521/521/521
f 521/521/521 522/522/522 519/519/519
f 523/523/523 524/524/524 521/521/521
f 521/521/521 520/520/520 523/523/523
f 523/523/523 525/525/525 526/526/526
f 526/526/526 524/524/524 523/523/523
f 527/527/527 528/528/528 526/526/526
f 526/526/526 525/525/525 527/527/527
f 529/529/529 530/530/530 531/531/531
f 531/531/531 532/532/532 529/529/529
f 533/533/533 531/531/531 530/530/530
f 530/530/530 534/534/534 533/533/533
f 535/535/535 536/536/536 533/533/533
f 533/533/533 534/534/534 535/535/535
f 535/535/535 537/537/537 538/538/538
f 538/538/538 536/536/536 535/535/535
f 538/538/538 537/537/537 539/539/539
f 539/539/539 540/540/540 538/538/538
f 541/541/541 542/542/542 543/543/543
f 543/543/543 544/544/544 541/541/541
f 543/543/543 542/542/542 502/502/502
f 502/502/502 501/501/501 543/543/543
f 545/545/545 546/546/546 547/547/547
f 547/547/547 548/548/548 545/545/545
f 549/549/549 546/546/546 550/550/550
f 550/550/550 551/551/551 549/549/549
f 551/551/551 552/552/552 549/549/549
f 549/549/549 553/553/553 554/554/554
f 554/554/554 555/555/555 549/549/549
f 554/554/554 556/556/556 555/555/555
f 555/555/555 557/557/557 558/558/558
f 558/558/558 559/559/559 555/555/555
f 558/558/558 560/560/560 559/559/559
f 549/549/549 555/555/555 559/559/559
f 559/559/559 546/546/546 549/549/549
f 546/546/546 559/559/559 561/561/561
f 561/561/561 547/547/547 546/546/546
f 562/562/562 548/548/548 547/547/547
f 563/563/563 564/564/564 565/565/565
f 565/565/565 566/566/566 563/563/563
f 567/567/567 568/568/568 563/563/563
f 563/563/563 566/566/566 567/567/567
f 568/568/568 567/567/567 569/569/569
f 569/569/569 570/570/570 568/568/568
f 571/571/571 572/572/572 570/570/570
f 570/570/570 569/569/569 571/571/571
f 572/572/572 571/571/571 573/573/573
f 573/573/573 574/574/574 572/572/572
f 575/575/575 576/576/576 574/574/574
f 574/574/574 573/573/573 575/575/575
f 577/577/577 578/578/578 576/576/576
f 576/576/576 575/575/575 577/577/577
f 577/577/577 579/579/579 580/580/580
f 580/580/580 578/578/578 577/577/577
f 581/581/581 582/582/582 580/580/580
f 580/580/580 579/579/579 581/581/581
f 581/581/581 583/583/583 584/584/584
f 584/584/584 582/582/582 581/581/581
f 584/584/584 583/583/583 585/585/585
f 585/585/585 586/586/586 584/584/584
f 585/585/585 587/587/587 588/588/588
f 588/588/588 586/586/586 585/585/585
f 589/589/589 590/590/590 588/588/588
f 588/588/588 587/587/587 589/589/589
f 591/591/591 592/592/592 590/590/590
f 590/590/590 589/589/589 591/591/591
f 593/593/593 594/594/594 592/592/592
f 592/592/592 591/591/591 593/593/593
f 593/593/593 595/595/595 596/596/596
f 596/596/596 594/594/594 593/593/593
f 597/597/597 598/598/598 596/596/596
f 596/596/596 595/595/595 597/597/597
f 598/598/598 597/597/597 565/565/565
f 565/565/565 564/564/564 598/598/598
f 599/599/599 600/600/600 601/601/601
f 601/601/601 602/602/602 599/599/599
f 603/603/603 604/604/604 605/605/605
f 605/605/605 606/606/606 603/603/603
f 607/607/607 608/608/608 609/609/609
f 609/609/609 610/610/610 607/607/607
f 611/611/611 612/612/612 613/613/613
f 613/613/613 614/614/614 611/611/611
f 615/615/615 616/616/616 617/617/617
f 617/617/617 618/618/618 615/615/615
f 619/619/619 620/620/620 621/621/621
f 621/621/621 622/622/622 619/619/619
f 623/623/623 624/624/624 625/625/625
f 625/625/625 626/626/626 623/623/623
f 627/627/627 628/628/628 629/629/629
f 629/629/629 630/630/630 627/627/627
f 631/631/631 632/632/632 633/633/633
f 633/633/633 634/634/634 631/631/631
f 635/635/635 636/636/636 637/637/637
f 637/637/637 638/638/638 635/635/635
f 639/639/639 640/640/640 641/641/641
f 641/641/641 642/642/642 639/639/639
f 643/643/643 644/644/644 645/645/645
f 645/645/645 646/646/646 643/643/643
f 647/647/647 648/648/648 649/649/649
f 649/649/649 650/650/650 647/647/647
f 651/651/651 652/652/652 653/653/653
f 653/653/653 654/654/654 651/651/651
f 655/655/655 656/656/656 657/657/657
f 657/657/657 658/658/658 655/655/655
f 659/659/659 660/660/660 661/661/661
f 661/661/661 662/662/662 659/659/659
f 663/663/663 664/664/664 665/665/665
f 665/665/665 666/666/666 663/663/663
f 667/667/667 668/668/668 669/669/669
f 669/669/669 670/670/670 667/667/667
f 671/671/671 672/672/672 673/673/673
f 673/673/673 674/674/674 671/671/671
f 672/672/672 675/675/675 676/676/676
f 676/676/676 673/673/673 672/672/672
f 677/677/677 678/678/678 679/679/679
f 679/679/679 680/680/680 677/677/677
f 678/678/678 681/681/681 682/682/682
f 682/682/682 679/679/679 678/678/678
f 681/681/681 683/683/683 684/684/684
f 684/684/684 682/682/682 681/681/681
f 683/683/683 685/685/685 686/686/686
f 686/686/686 684/684/684 683/683/683
f 685/685/685 687/687/687 688/688/688
f 688/688/688 686/686/686 685/685/685
f 689/689/689 690/690/690 691/691/691
f 691/691/691 692/692/692 689/689/689
f 690/690/690 693/693/693 694/694/694
f 694/694/694 691/691/691 690/690/690
f 693/693/693 695/695/695 696/696/696
f 696/696/696 694/694/694 693/693/693
f 695/695/695 697/697/697 698/698/698
f 698/698/698 696/696/696 695/695/695
f 699/699/699 700/700/700 701/701/701
f 701/701/701 702/702/702 699/699/699
f 700/700/700 703/703/703 704/704/704
f 704/704/704 701/701/701 700/700/700
f 703/703/703 705/705/705 706/706/706
f 706/706/706 704/704/704 703/703/703
f 705/705/705 707/707/707 708/708/708
f 708/708/708 706/706/706 705/705/705
f 707/707/707 709/709/709 710/710/710
f 710/710/710 708/708/708 707/707/707
f 711/711/711 712/712/712 713/713/713
f 713/713/713 714/714/714 711/711/711
f 674/674/674 713/713/713 712/712/712
f 712/712/712 671/671/671 674/674/674
f 715/715/715 716/716/716 717/717/717
f 717/717/717 718/718/718 715/715/715
f 717/717/717 719/719/719 720/720/720
f 720/720/720 721/721/721 717/717/717
f 720/720/720 722/722/722 721/721/721
f 721/721/721 723/723/723 724/724/724
f 724/724/724 725/725/725 721/721/721
f 724/724/724 726/726/726 725/725/725
f 725/725/725 727/727/727 728/728/728
f 728/728/728 729/729/729 725/725/725
f 728/728/728 730/730/730 729/729/729
f 717/717/717 721/721/721 725/725/725
f 725/725/725 729/729/729 717/717/717
f 731/731/731 718/718/718 717/717/717
f 717/717/717 729/729/729 731/731/731
f 732/732/732 715/715/715 718/718/718
f 733/733/733 734/734/734 735/735/735
f 735/735/735 736/736/736 733/733/733
f 737/737/737 738/738/738 736/736/736
f 736/736/736 735/735/735 737/737/737
f 739/739/739 738/738/738 737/737/737
f 737/737/737 740/740/740 739/739/739
f 739/739/739 740/740/740 741/741/741
f 741/741/741 742/742/742 739/739/739
f 742/742/742 741/741/741 743/743/743
f 743/743/743 744/744/744 742/742/742
f 743/743/743 745/745/745 746/746/746
f 746/746/746 744/744/744 743/743/743
f 746/746/746 745/745/745 747/747/747
f 747/747/747 748/748/748 746/746/746
f 748/748/748 747/747/747 749/749/749
f 749/749/749 750/750/750 748/748/748
f 749/749/749 751/751/751 752/752/752
f 752/752/752 750/750/750 749/749/749
f 752/752/752 751/751/751 753/753/753
f 753/753/753 754/754/754 752/752/752
f 754/754/754 753/753/753 755/755/755
f 755/755/755 756/756/756 754/754/754
f 757/757/757 756/756/756 755/755/755
f 755/755/755 758/758/758 757/757/757
f 758/758/758 759/759/759 760/760/760
f 760/760/760 757/757/757 758/758/758
f 761/761/761 760/760/760 759/759/759
f 759/759/759 762/762/762 761/761/761
f 761/761/761 762/762/762 763/763/763
f 763/763/763 764/764/764 761/761/761
f 764/764/764 763/763/763 765/765/765
f 765/765/765 766/766/766 764/764/764
f 765/765/765 767/767/767 768/768/768
f 768/768/768 766/766/766 765/765/765
f 767/767/767 734/734/734 733/733/733
f 733/733/733 768/768/768 767/767/767
f 769/769/769 770/770/770 771/771/771
f 771/771/771 772/772/772 769/769/769
f 773/773/773 774/774/774 775/775/775
f 775/775/775 776/776/776 773/773/773
f 777/777/777 778/778/778 779/779/779
f 779/779/779 780/780/780 777/777/777
f 781/781/781 782/782/782 783/783/783
f 783/783/783 784/784/784 781/781/781
f 785/785/785 786/786/786 787/787/787
f 787/787/787 788/788/788 785/785/785
f 789/789/789 790/790/790 791/791/791
f 791/791/791 792/792/792 789/789/789
f 793/793/793 794/794/794 795/795/795
f 795/795/795 796/796/796 793/793/793
f 797/797/797 798/798/798 799/799/799
f 799/799/799 800/800/800 797/797/797
f 801/801/801 802/802/802 803/803/803
f 803/803/803 804/804/804 801/801/801
f 805/805/805 806/806/806 807/807/807
f 807/807/807 808/808/808 805/805/805
f 809/809/809 810/810/810 811/811/811
f 811/811/811 812/812/812 809/809/809
f 813/813/813 814/814/814 815/815/815
f 815/815/815 816/816/816 813/813/813
f 817/817/817 818/818/818 819/819/819
f 819/819/819 820/820/820 817/817/817
f 821/821/821 822/822/822 823/823/823
f 823/823/823 824/824/824 821/821/821
f 825/825/825 826/826/826 827/827/827
f 827/827/827 828/828/828 825/825/825
f 829/829/829 830/830/830 831/831/831
f 831/831/831 832/832/832 829/829/829
f 833/833/833 834/834/834 835/835/835
f 835/835/835 836/836/836 833/833/833
f 837/837/837 838/838/838 839/839/839
f 839/839/839 840/840/840 837/837/837
f 841/841/841 842/842/842 843/843/843
f 843/843/843 844/844/844 841/841/841
f 842/842/842 845/845/845 846/846/846
f 846/846/846 843/843/843 842/842/842
f 847/847/847 848/848/848 849/849/849
f 849/849/849 850/850/850 847/847/847
f 848/848/848 851/851/851 852/852/852
f 852/852/852 849/849/849 848/848/848
f 851/851/851 853/853/853 854/854/854
f 854/854/854 852/852/852 851/851/851
f 853/853/853 855/855/855 856/856/856
f 856/856/856 854/854/854 853/853/853
f 855/855/855 857/857/857 858/858/858
f 858/858/858 856/856/856 855/855/855
f 859/859/859 860/860/860 861/861/861
f 861/861/861 862/862/862 859/859/859
f 860/860/860 863/863/863 864/864/864
f 864/864/864 861/861/861 860/860/860
f 863/863/863 865/865/865 866/866/866
f 866/866/866 864/864/864 863/863/863
f 865/865/865 867/867/867 868/868/868
f 868/868/868 866/866/866 865/865/865
f 869/869/869 870/870/870 871/871/871
f 871/871/871 872/872/872 869/869/869
f 870/870/870 873/873/873 874/874/874
f 874/874/874 871/871/871 870/870/870
f 873/873/873 875/875/875 876/876/876
f 876/876/876 874/874/874 873/873/873
f 875/875/875 877/877/877 878/878/878
f 878/878/878 876/876/876 875/875/875
f 877/877/877 879/879/879 880/880/880
f 880/880/880 878/878/878 877/877/877
f 881/881/881 882/882/882 883/883/883
f 883/883/883 884/884/884 881/881/881
f 844/844/844 883/883/883 882/882/882
f 882/882/882 841/841/841 844/844/844
f 885/885/885 886/886/886 887/887/887
f 887/887/887 888/888/888 885/885/885
f 887/887/887 889/889/889 890/890/890
f 890/890/890 891/891/891 887/887/887
f 890/890/890 892/892/892 891/891/891
f 891/891/891 893/893/893 894/894/894
f 894/894/894 895/895/895 891/891/891
f 894/894/894 896/896/896 895/895/895
f 895/895/895 897/897/897 898/898/898
f 898/898/898 899/899/899 895/895/895
f 898/898/898 900/900/900 899/899/899
f 887/887/887 891/891/891 895/895/895
f 895/895/895 899/899/899 887/887/887
f 901/901/901 888/888/888 887/887/887
f 887/887/887 899/899/899 901/901/901
f 902/902/902 885/885/885 888/888/888
f 903/903/903 904/904/904 905/905/905
f 905/905/905 906/906/906 903/903/903
f 907/907/907 908/908/908 906/906/906
f 906/906/906 905/905/905 907/907/907
f 909/909/909 908/908/908 907/907/907
f 907/907/907 910/910/910 909/909/909
f 909/909/909 910/910/910 911/911/911
f 911/911/911 912/912/912 909/909/909
f 912/912/912 911/911/911 913/913/913
f 913/913/913 914/914/914 912/912/912
f 913/913/913 915/915/915 916/916/916
f 916/916/916 914/914/914 913/913/913
f 916/916/916 915/915/915 917/917/917
f 917/917/917 918/918/918 916/916/916
f 918/918/918 917/917/917 919/919/919
f 919/919/919 920/920/920 918/918/918
f 919/919/919 921/921/921 922/922/922
f 922/922/922 920/920/920 919/919/919
f 922/922/922 921/921/921 923/923/923
f 923/923/923 924/924/924 922/922/922
f 924/924/924 923/923/923 925/925/925
f 925/925/925 926/926/926 924/924/924
f 927/927/927 926/926/926 925/925/925
f 925/925/925 928/928/928 927/927/927
f 928/928/928 929/929/929 930/930/930
f 930/930/930 927/927/927 928/928/928
f 931/931/931 930/930/930 929/929/929
f 929/929/929 932/932/932 931/931/931
f 931/931/931 932/932/932 933/933/933
f 933/933/933 934/934/934 931/931/931
f 934/934/934 933/933/933 935/935/935
f 935/935/935 936/936/936 934/934/934
f 935/935/935 937/937/937 938/938/938
f 938/938/938 936/936/936 935/935/935
f 937/937/937 904/904/904 903/903/903
f 903/903/903 938/938/938 937/937/937
f 939/939/939 940/940/940 941/941/941
f 941/941/941 942/942/942 939/939/939
f 943/943/943 944/944/944 945/945/945
f 945/945/945 946/946/946 943/943/943
f 947/947/947 948/948/948 949/949/949
f 949/949/949 950/950/950 947/947/947
f 951/951/951 952/952/952 953/953/953
f 953/953/953 954/954/954 951/951/951
f 955/955/955 956/956/956 957/957/957
f 957/957/957 958/958/958 955/955/955
f 959/959/959 960/960/960 961/961/961
f 961/961/961 962/962/962 959/959/959
f 963/963/963 964/964/964 965/965/965
f 965/965/965 966/966/966 963/963/963
f 967/967/967 968/968/968 969/969/969
f 969/969/969 970/970/970 967/967/967
f 971/971/971 972/972/972 973/973/973
f 973/973/973 974/974/974 971/971/971
f 975/975/975 976/976/976 977/977/977
f 977/977/977 978/978/978 975/975/975
f 979/979/979 980/980/980 981/981/981
f 981/981/981 982/982/982 979/979/979
f 983/983/983 984/984/984 985/985/985
f 985/985/985 986/986/986 983/983/983
f 987/987/987 988/988/988 989/989/989
f 989/989/989 990/990/990 987/987/987
f 991/991/991 992/992/992 993/993/993
f 993/993/993 994/994/994 991/991/991
f 995/995/995 996/996/996 997/997/997
f 997/997/997 998/998/998 995/995/995
f 999/999/999 1000/1000/1000 1001/1001/1001
f 1001/1001/1001 1002/1002/1002 999/999/999
f 1003/1003/1003 1004/1004/1004 1005/1005/1005
f 1005/1005/1005 1006/1006/1006 1003/1003/1003
f 1007/1007/1007 1008/1008/1008 1009/1009/1009
f 1009/1009/1009 1010/1010/1010 1007/1007/1007
f 1011/1011/1011 1012/1012/1012 1013/1013/1013
f 1013/1013/1013 1014/1014/1014 1011/1011/1011
f 1012/1012/1012 1015/1015/1015 1016/1016/1016
f 1016/1016/1016 1013/1013/1013 1012/1012/1012
f 1017/1017/1017 1018/1018/1018 1019/1019/1019
f 1019/1019/1019 1020/1020/1020 1017/1017/1017
f 1018/1018/1018 1021/1021/1021 1022/1022/1022
f 1022/1022/1022 1019/1019/1019 1018/1018/1018
f 1021/1021/1021 1023/1023/1023 1024/1024/1024
f 1024/1024/1024 1022/1022/1022 1021/1021/1021
f 1023/1023/1023 1025/1025/1025 1026/1026/1026
f 1026/1026/1026 1024/1024/1024 1023/1023/1023
f 1025/1025/1025 1027/1027/1027 1028/1028/1028
f 1028/1028/1028 1026/1026/1026 1025/1025/1025
f 1029/1029/1029 1030/1030/1030 1031/1031/1031
f 1031/1031/1031 1032/1032/1032 1029/1029/1029
f 1030/1030/1030 1033/1033/1033 1034/1034/1034
f 1034/1034/1034 1031/1031/1031 1030/1030/1030
f 1033/1033/1033 1035/1035/1035 1036/1036/1036
f 1036/1036/1036 1034/1034/1034 1033/1033/1033
f 1035/1035/1035 1037/1037/1037 1038/1038/1038
f 1038/1038/1038 1036/1036/1036 1035/1035/1035
f 1039/1039/1039 1040/1040/1040 1041/1041/1041
f 1041/1041/1041 1042/1042/1042 1039/1039/1039
f 1040/1040/1040 1043/1043/1043 1044/1044/1044
f 1044/1044/1044 1041/1041/1041 1040/1040/1040
f 1043/1043/1043 1045/1045/1045 1046/1046/1046
f 1046/1046/1046 1044/1044/1044 1043/1043/1043
f 1045/1045/1045 1047/1047/1047 1048/1048/1048
f 1048/1048/1048 1046/1046/1046 1045/1045/1045
f 1047/1047/1047 1049/1049/1049 1050/1050/1050
f 1050/1050/1050 1048/1048/1048 1047/1047/1047
f 1051/1051/1051 1052/1052/1052 1053/1053/1053
f 1053/1053/1053 1054/1054/1054 1051/1051/1051
f 1014/1014/1014 1053/1053/1053 1052/1052/1052
f 1052/1052/1052 1011/1011/1011 1014/1014/1014
f 1055/1055/1055 1056/1056/1056 1057/1057/1057
f 1057/1057/1057 1058/1058/1058 1055/1055/1055
f 1057/1057/1057 1059/1059/1059 1060/1060/1060
f 1060/1060/1060 1061/1061/1061 1057/1057/1057
f 1060/1060/1060 1062/1062/1062 1061/1061/1061
f 1061/1061/1061 1063/1063/1063 1064/1064/1064
f 1064/1064/1064 1065/1065/1065 1061/1061/1061
f 1064/1064/1064 1066/1066/1066 1065/1065/1065
f 1065/1065/1065 1067/1067/1067 1068/1068/1068
f 1068/1068/1068 1069/1069/1069 1065/1065/1065
f 1068/1068/1068 1070/1070/1070 1069/1069/1069
f 1057/1057/1057 1061/1061/1061 1065/1065/1065
f 1065/1065/1065 1069/1069/1069 1057/1057/1057
f 1071/1071/1071 1058/1058/1058 1057/1057/1057
f 1057/1057/1057 1069/1069/1069 1071/1071/1071
f 1072/1072/1072 1055/1055/1055 1058/1058/1058
f 1073/1073/1073 1074/1074/1074 1075/1075/1075
f 1075/1075/1075 1076/1076/1076 1073/1073/1073
f 1077/1077/1077 1078/1078/1078 1076/1076/1076
f 1076/1076/1076 1075/1075/1075 1077/1077/1077
f 1079/1079/1079 1078/1078/1078 1077/1077/1077
f 1077/1077/1077 1080/1080/1080 1079/1079/1079
f 1079/1079/1079 1080/1080/1080 1081/1081/1081
f 1081/1081/1081 1082/1082/1082 1079/1079/1079
f 1082/1082/1082 1081/1081/1081 1083/1083/1083
f 1083/1083/1083 1084/1084/1084 1082/1082/1082
f 1083/1083/1083 1085/1085/1085 1086/1086/1086
f 1086/1086/1086 1084/1084/1084 1083/1083/1083
f 1086/1086/1086 1085/1085/1085 1087/1087/1087
f 1087/1087/1087 1088/1088/1088 1086/1086/1086
f 1088/1088/1088 1087/1087/1087 1089/1089/1089
f 1089/1089/1089 1090/1090/1090 1088/1088/1088
f 1089/1089/1089 1091/1091/1091 1092/1092/1092
f 1092/1092/1092 1090/1090/1090 1089/1089/1089
f 1092/1092/1092 1091/1091/1091 1093/1093/1093
f 1093/1093/1093 1094/1094/1094 1092/1092/1092
f 1094/1094/1094 1093/1093/1093 1095/1095/1095
f 1095/1095/1095 1096/1096/1096 1094/1094/1094
f 1097/1097/1097 1096/1096/1096 1095/1095/1095
f 1095/1095/1095 1098/1098/1098 1097/1097/1097
f 1098/1098/1098 1099/1099/1099 1100/1100/1100
f 1100/1100/1100 1097/1097/1097 1098/1098/1098
f 1101/1101/1101 1100/1100/1100 1099/1099/1099
f 1099/1099/1099 1102/1102/1102 1101/1101/1101
f 1101/1101/1101 1102/1102/1102 1103/1103/1103
f 1103/1103/1103 1104/1104/1104 1101/1101/1101
f 1104/1104/1104 1103/1103/1103 1105/1105/1105
f 1105/1105/1105 1106/1106/1106 1104/1104/1104
f 1105/1105/1105 1107/1107/1107 1108/1108/1108
f 1108/1108/1108 1106/1106/1106 1105/1105/1105
f 1107/1107/1107 1074/1074/1074 1073/1073/1073
f 1073/1073/1073 1108/1108/1108 1107/1107/1107
f 1109/1109/1109 1110/1110/1110 1111/1111/1111
f 1111/1111/1111 1112/1112/1112 1109/1109/1109
f 1113/1113/1113 1114/1114/1114 1115/1115/1115
f 1115/1115/1115 1116/1116/1116 1113/1113/1113
f 1117/1117/1117 1118/1118/1118 1119/1119/1119
f 1119/1119/1119 1120/1120/1120 1117/1117/1117
f 1121/1121/1121 1122/1122/1122 1123/1123/1123
f 1123/1123/1123 1124/1124/1124 1121/1121/1121
f 1125/1125/1125 1126/1126/1126 1127/1127/1127
f 1127/1127/1127 1128/1128/1128 1125/1125/1125
f 1129/1129/1129 1130/1130/1130 1131/1131/1131
f 1131/1131/1131 1132/1132/1132 1129/1129/1129
f 1133/1133/1133 1134/1134/1134 1135/1135/1135
f 1135/1135/1135 1136/1136/1136 1133/1133/1133
f 1137/1137/1137 1138/1138/1138 1139/1139/1139
f 1139/1139/1139 1140/1140/1140 1137/1137/1137
f 1141/1141/1141 1142/1142/1142 1143/1143/1143
f 1143/1143/1143 1144/1144/1144 1141/1141/1141
f 1145/1145/1145 1146/1146/1146 1147/1147/1147
f 1147/1147/1147 1148/1148/1148 1145/1145/1145
f 1149/1149/1149 1150/1150/1150 1151/1151/1151
f 1151/1151/1151 1152/1152/1152 1149/1149/1149
f 1153/1153/1153 1154/1154/1154 1155/1155/1155
f 1155/1155/1155 1156/1156/1156 1153/1153/1153
f 1157/1157/1157 1158/1158/1158 1159/1159/1159
f 1159/1159/1159 1160/1160/1160 1157/1157/1157
f 1161/1161/1161 1162/1162/1162 1163/1163/1163
f 1163/1163/1163 1164/1164/1164 1161/1161/1161
f 1165/1165/1165 1166/1166/1166 1167/1167/1167
f 1167/1167/1167 1168/1168/1168 1165/1165/1165
f 1169/1169/1169 1170/1170/1170 1171/1171/1171
f 1171/1171/1171 1172/1172/1172 1169/1169/1169
f 1173/1173/1173 1174/1174/1174 1175/1175/1175
f 1175/1175/1175 1176/1176/1176 1173/1173/1173
f 1177/1177/1177 1178/1178/1178 1179/1179/1179
f 1179/1179/1179 1180/1180/1180 1177/1177/1177
f 1181/1181/1181 1182/1182/1182 1183/1183/1183
f 1183/1183/1183 1184/1184/1184 1181/1181/1181
f 1182/1182/1182 1185/1185/1185 1186/1186/1186
f 1186/1186/1186 1183/1183/1183 1182/1182/1182
f 1187/1187/1187 1188/1188/1188 1189/1189/1189
f 1189/1189/1189 1190/1190/1190 1187/1187/1187
f 1188/1188/1188 1191/1191/1191 1192/1192/1192
f 1192/1192/1192 1189/1189/1189 1188/1188/1188
f 1191/1191/1191 1193/1193/1193 1194/1194/1194
f 1194/1194/1194 1192/1192/1192 1191/1191/1191
f 1193/1193/1193 1195/1195/1195 1196/1196/1196
f 1196/1196/1196 1194/1194/1194 1193/1193/1193
f 1195/1195/1195 1197/1197/1197 1198/1198/1198
f 1198/1198/1198 1196/1196/1196 1195/1195/1195
f 1199/1199/1199 1200/1200/1200 1201/1201/1201
f 1201/1201/1201 1202/1202/1202 1199/1199/1199
f 1200/1200/1200 1203/1203/1203 1204/1204/1204
f 1204/1204/1204 1201/1201/1201 1200/1200/1200
f 1203/1203/1203 1205/1205/1205 1206/1206/1206
f 1206/1206/1206 1204/1204/1204 1203/1203/1203
f 1205/1205/1205 1207/1207/1207 1208/1208/1208
f 1208/1208/1208 1206/1206/1206 1205/1205/1205
f 1209/1209/1209 1210/1210/1210 1211/1211/1211
f 1211/1211/1211 1212/1212/1212 1209/1209/1209
f 1210/1210/1210 1213/1213/1213 1214/1214/1214
f 1214/1214/1214 1211/1211/1211 1210/1210/1210
f 1213/1213/1213 1215/1215/1215 1216/1216/1216
f 1216/1216/1216 1214/1214/1214 1213/1213/1213
f 1215/1215/1215 1217/1217/1217 1218/1218/1218
f 1218/1218/1218 1216/1216/1216 1215/1215/1215
f 1217/1217/1217 1219/1219/1219 1220/1220/1220
f 1220/1220/1220 1218/1218/1218 1217/1217/1217
f 1221/1221/1221 1222/1222/1222 1223/1223/1223
f 1223/1223/1223 1224/1224/1224 1221/1221/1221
f 1184/1184/1184 1223/1223/1223 1222/1222/1222
f 1222/1222/1222 1181/1181/1181 1184/1184/1184
f 1225/1225/1225 1226/1226/1226 1227/1227/1227
f 1227/1227/1227 1228/1228/1228 1225/1225/1225
f 1227/1227/1227 1229/1229/1229 1230/1230/1230
f 1230/1230/1230 1231/1231/1231 1227/1227/1227
f 1230/1230/1230 1232/1232/1232 1231/1231/1231
f 1231/1231/1231 1233/1233/1233 1234/1234/1234
f 1234/1234/1234 1235/1235/1235 1231/1231/1231
f 1234/1234/1234 1236/1236/1236 1235/1235/1235
f 1235/1235/1235 1237/1237/1237 1238/1238/1238
f 1238/1238/1238 1239/1239/1239 1235/1235/1235
f 1238/1238/1238 1240/1240/1240 1239/1239/1239
f 1227/1227/1227 1231/1231/1231 1235/1235/1235
f 1235/1235/1235 1239/1239/1239 1227/1227/1227
f 1241/1241/1241 1228/1228/1228 1227/1227/1227
f 1227/1227/1227 1239/1239/1239 1241/1241/1241
f 1242/1242/1242 1225/1225/1225 1228/1228/1228
f 1243/1243/1243 1244/1244/1244 1245/1245/1245
f 1245/1245/1245 1246/1246/1246 1243/1243/1243
f 1247/1247/1247 1248/1248/1248 1249/1249/1249
f 1249/1249/1249 1250/1250/1250 1247/1247/1247
f 1251/1251/1251 1248/1248/1248 1247/1247/1247
f 1247/1247/1247 1252/1252/1252 1251/1251/1251
f 1253/1253/1253 1254/1254/1254 1255/1255/1255
f 1255/1255/1255 1256/1256/1256 1253/1253/1253
f 1256/1256/1256 1255/1255/1255 1257/1257/1257
f 1257/1257/1257 1258/1258/1258 1256/1256/1256
f 1259/1259/1259 1260/1260/1260 1261/1261/1261
f 1261/1261/1261 1262/1262/1262 1259/1259/1259
f 1263/1263/1263 1264/1264/1264 1265/1265/1265
f 1265/1265/1265 1266/1266/1266 1263/1263/1263
f 1266/1266/1266 1265/1265/1265 1267/1267/1267
f 1267/1267/1267 1268/1268/1268 1266/1266/1266
f 1267/1267/1267 1269/1269/1269 1270/1270/1270
f 1270/1270/1270 1268/1268/1268 1267/1267/1267
f 1270/1270/1270 1269/1269/1269 1271/1271/1271
f 1271/1271/1271 1272/1272/1272 1270/1270/1270
f 1273/1273/1273 1274/1274/1274 1275/1275/1275
f 1275/1275/1275 1276/1276/1276 1273/1273/1273
f 1277/1277/1277 1276/1276/1276 1275/1275/1275
f 1275/1275/1275 1278/1278/1278 1277/1277/1277
f 1279/1279/1279 1280/1280/1280 1281/1281/1281
f 1281/1281/1281 1282/1282/1282 1279/1279/1279
f 1283/1283/1283 1284/1284/1284 1285/1285/1285
f 1285/1285/1285 1286/1286/1286 1283/1283/1283
f 1287/1287/1287 1288/1288/1288 1289/1289/1289
f 1289/1289/1289 1290/1290/1290 1287/1287/1287
f 1291/1291/1291 1292/1292/1292 1293/1293/1293
f 1293/1293/1293 1294/1294/1294 1291/1291/1291
f 1293/1293/1293 1295/1295/1295 1296/1296/1296
f 1296/1296/1296 1294/1294/1294 1293/1293/1293
f 1297/1297/1297 1298/1298/1298 1299/1299/1299
f 1299/1299/1299 1300/1300/1300 1297/1297/1297
f 1301/1301/1301 1302/1302/1302 1303/1303/1303
f 1303/1303/1303 1304/1304/1304 1301/1301/1301
f 1305/1305/1305 1306/1306/1306 1307/1307/1307
f 1307/1307/1307 1308/1308/1308 1305/1305/1305
f 1309/1309/1309 1310/1310/1310 1311/1311/1311
f 1311/1311/1311 1312/1312/1312 1309/1309/1309
f 1313/1313/1313 1314/1314/1314 1315/1315/1315
f 1315/1315/1315 1316/1316/1316 1313/1313/1313
f 1317/1317/1317 1318/1318/1318 1319/1319/1319
f 1319/1319/1319 1320/1320/1320 1317/1317/1317
f 1321/1321/1321 1322/1322/1322 1323/1323/1323
f 1323/1323/1323 1324/1324/1324 1321/1321/1321
f 1325/1325/1325 1326/1326/1326 1327/1327/1327
f 1327/1327/1327 1328/1328/1328 1325/1325/1325
f 1329/1329/1329 1330/1330/1330 1331/1331/1331
f 1331/1331/1331 1332/1332/1332 1329/1329/1329
f 1333/1333/1333 1334/1334/1334 1335/1335/1335
f 1335/1335/1335 1336/1336/1336 1333/1333/1333
f 1337/1337/1337 1338/1338/1338 1339/1339/1339
f 1339/1339/1339 1340/1340/1340 1337/1337/1337
f 1341/1341/1341 1342/1342/1342 1343/1343/1343
f 1343/1343/1343 1344/1344/1344 1341/1341/1341
f 1345/1345/1345 1346/1346/1346 1347/1347/1347
f 1347/1347/1347 1348/1348/1348 1345/1345/1345
f 1349/1349/1349 1350/1350/1350 1351/1351/1351
f 1351/1351/1351 1352/1352/1352 1349/1349/1349
f 1353/1353/1353 1354/1354/1354 1355/1355/1355
f 1355/1355/1355 1356/1356/1356 1353/1353/1353
f 1357/1357/1357 1358/1358/1358 1359/1359/1359
f 1359/1359/1359 1360/1360/1360 1357/1357/1357
f 1361/1361/1361 1362/1362/1362 1363/1363/1363
f 1363/1363/1363 1364/1364/1364 1361/1361/1361
f 1365/1365/1365 1366/1366/1366 1367/1367/1367
f 1367/1367/1367 1368/1368/1368 1365/1365/1365
f 1369/1369/1369 1370/1370/1370 1371/1371/1371
f 1371/1371/1371 1372/1372/1372 1369/1369/1369
f 1373/1373/1373 1374/1374/1374 1375/1375/1375
f 1375/1375/1375 1376/1376/1376 1373/1373/1373
f 1373/1373/1373 1376/1376/1376 1377/1377/1377
f 1377/1377/1377 1378/1378/1378 1373/1373/1373
f 1378/1378/1378 1379/1379/1379 1380/1380/1380
f 1380/1380/1380 1381/1381/1381 1378/1378/1378
f 1378/1378/1378 1381/1381/1381 1382/1382/1382
f 1382/1382/1382 1383/1383/1383 1378/1378/1378
f 1373/1373/1373 1378/1378/1378 1383/1383/1383
f 1383/1383/1383 1384/1384/1384 1373/1373/1373
f 1385/1385/1385 1386/1386/1386 1387/1387/1387
f 1387/1387/1387 1383/1383/1383 1385/1385/1385
f 1383/1383/1383 1387/1387/1387 1388/1388/1388
f 1388/1388/1388 1384/1384/1384 1383/1383/1383
f 1384/1384/1384 1389/1389/1389 1390/1390/1390
f 1390/1390/1390 1373/1373/1373 1384/1384/1384
f 1391/1391/1391 1389/1389/1389 1384/1384/1384
f 1384/1384/1384 1392/1392/1392 1391/1391/1391
f 1393/1393/1393 1394/1394/1394 1395/1395/1395
f 1395/1395/1395 1396/1396/1396 1393/1393/1393
f 1397/1397/1397 1398/1398/1398 1399/1399/1399
f 1399/1399/1399 1400/1400/1400 1397/1397/1397
f 1401/1401/1401 1402/1402/1402 1403/1403/1403
f 1403/1403/1403 1404/1404/1404 1401/1401/1401
f 1405/1405/1405 1406/1406/1406 1407/1407/1407
f 1407/1407/1407 1408/1408/1408 1405/1405/1405
f 1409/1409/1409 1395/1395/1395 1394/1394/1394
f 1394/1394/1394 1410/1410/1410 1409/1409/1409
f 1411/1411/1411 1393/1393/1393 1396/1396/1396
f 1396/1396/1396 1412/1412/1412 1411/1411/1411
f 1413/1413/1413 1399/1399/1399 1398/1398/1398
f 1398/1398/1398 1414/1414/1414 1413/1413/1413
f 1415/1415/1415 1403/1403/1403 1402/1402/1402
f 1402/1402/1402 1416/1416/1416 1415/1415/1415
f 1417/1417/1417 1409/1409/1409 1410/1410/1410
f 1410/1410/1410 1418/1418/1418 1417/1417/1417
f 1419/1419/1419 1420/1420/1420 1421/1421/1421
f 1421/1421/1421 1422/1422/1422 1419/1419/1419
f 1400/1400/1400 1419/1419/1419 1422/1422/1422
f 1422/1422/1422 1397/1397/1397 1400/1400/1400
f 1423/1423/1423 1411/1411/1411 1412/1412/1412
f 1412/1412/1412 1424/1424/1424 1423/1423/1423
f 1425/1425/1425 1426/1426/1426 1427/1427/1427
f 1427/1427/1427 1428/1428/1428 1425/1425/1425
f 1406/1406/1406 1425/1425/1425 1428/1428/1428
f 1428/1428/1428 1407/1407/1407 1406/1406/1406
f 1414/1414/1414 1429/1429/1429 1430/1430/1430
f 1430/1430/1430 1413/1413/1413 1414/1414/1414
f 1431/1431/1431 1432/1432/1432 1433/1433/1433
f 1433/1433/1433 1434/1434/1434 1431/1431/1431
f 1404/1404/1404 1431/1431/1431 1434/1434/1434
f 1434/1434/1434 1401/1401/1401 1404/1404/1404
f 1435/1435/1435 1415/1415/1415 1416/1416/1416
f 1416/1416/1416 1436/1436/1436 1435/1435/1435
f 1437/1437/1437 1438/1438/1438 1439/1439/1439
f 1439/1439/1439 1440/1440/1440 1437/1437/1437
f 1440/1440/1440 1405/1405/1405 1408/1408/1408
f 1408/1408/1408 1437/1437/1437 1440/1440/1440
f 1441/1441/1441 1442/1442/1442 1443/1443/1443
f 1443/1443/1443 1444/1444/1444 1441/1441/1441
f 1445/1445/1445 1446/1446/1446 1447/1447/1447
f 1447/1447/1447 1448/1448/1448 1445/1445/1445
f 1449/1449/1449 1450/1450/1450 1451/1451/1451
f 1451/1451/1451 1452/1452/1452 1449/1449/1449
f 1453/1453/1453 1454/1454/1454 1455/1455/1455
f 1455/1455/1455 1456/1456/1456 1453/1453/1453
f 1457/1457/1457 1412/1412/1412 1396/1396/1396
f 1396/1396/1396 1458/1458/1458 1457/1457/1457
f 1459/1459/1459 1419/1419/1419 1400/1400/1400
f 1400/1400/1400 1460/1460/1460 1459/1459/1459
f 1408/1408/1408 1461/1461/1461 1462/1462/1462
f 1462/1462/1462 1437/1437/1437 1408/1408/1408
f 1404/1404/1404 1463/1463/1463 1464/1464/1464
f 1464/1464/1464 1431/1431/1431 1404/1404/1404
f 1465/1465/1465 1466/1466/1466 1407/1407/1407
f 1407/1407/1407 1428/1428/1428 1465/1465/1465
f 1467/1467/1467 1465/1465/1465 1428/1428/1428
f 1428/1428/1428 1427/1427/1427 1467/1467/1467
f 1412/1412/1412 1457/1457/1457 1468/1468/1468
f 1468/1468/1468 1424/1424/1424 1412/1412/1412
f 1409/1409/1409 1469/1469/1469 1470/1470/1470
f 1470/1470/1470 1395/1395/1395 1409/1409/1409
f 1471/1471/1471 1469/1469/1469 1409/1409/1409
f 1409/1409/1409 1417/1417/1417 1471/1471/1471
f 1419/1419/1419 1459/1459/1459 1472/1472/1472
f 1472/1472/1472 1420/1420/1420 1419/1419/1419
f 1403/1403/1403 1415/1415/1415 1473/1473/1473
f 1473/1473/1473 1474/1474/1474 1403/1403/1403
f 1473/1473/1473 1415/1415/1415 1435/1435/1435
f 1435/1435/1435 1475/1475/1475 1473/1473/1473
f 1462/1462/1462 1476/1476/1476 1438/1438/1438
f 1438/1438/1438 1437/1437/1437 1462/1462/1462
f 1477/1477/1477 1478/1478/1478 1399/1399/1399
f 1399/1399/1399 1413/1413/1413 1477/1477/1477
f 1477/1477/1477 1413/1413/1413 1430/1430/1430
f 1430/1430/1430 1479/1479/1479 1477/1477/1477
f 1431/1431/1431 1464/1464/1464 1480/1480/1480
f 1480/1480/1480 1432/1432/1432 1431/1431/1431
f 1396/1396/1396 1395/1395/1395 1470/1470/1470
f 1470/1470/1470 1458/1458/1458 1396/1396/1396
f 1400/1400/1400 1399/1399/1399 1478/1478/1478
f 1478/1478/1478 1460/1460/1460 1400/1400/1400
f 1404/1404/1404 1403/1403/1403 1474/1474/1474
f 1474/1474/1474 1463/1463/1463 1404/1404/1404
f 1407/1407/1407 1466/1466/1466 1461/1461/1461
f 1461/1461/1461 1408/1408/1408 1407/1407/1407
f 1481/1481/1481 1482/1482/1482 1442/1442/1442
f 1442/1442/1442 1441/1441/1441 1481/1481/1481
f 1445/1445/1445 1483/1483/1483 1484/1484/1484
f 1484/1484/1484 1446/1446/1446 1445/1445/1445
f 1456/1456/1456 1485/1485/1485 1486/1486/1486
f 1486/1486/1486 1453/1453/1453 1456/1456/1456
f 1452/1452/1452 1487/1487/1487 1488/1488/1488
f 1488/1488/1488 1449/1449/1449 1452/1452/1452
f 1489/1489/1489 1490/1490/1490 1455/1455/1455
f 1455/1455/1455 1454/1454/1454 1489/1489/1489
f 1491/1491/1491 1492/1492/1492 1490/1490/1490
f 1490/1490/1490 1489/1489/1489 1491/1491/1491
f 1481/1481/1481 1492/1492/1492 1491/1491/1491
f 1491/1491/1491 1482/1482/1482 1481/1481/1481
f 1493/1493/1493 1494/1494/1494 1444/1444/1444
f 1444/1444/1444 1443/1443/1443 1493/1493/1493
f 1495/1495/1495 1494/1494/1494 1493/1493/1493
f 1493/1493/1493 1496/1496/1496 1495/1495/1495
f 1495/1495/1495 1496/1496/1496 1484/1484/1484
f 1484/1484/1484 1483/1483/1483 1495/1495/1495
f 1497/1497/1497 1498/1498/1498 1451/1451/1451
f 1451/1451/1451 1450/1450/1450 1497/1497/1497
f 1498/1498/1498 1497/1497/1497 1499/1499/1499
f 1499/1499/1499 1500/1500/1500 1498/1498/1498
f 1500/1500/1500 1499/1499/1499 1486/1486/1486
f 1486/1486/1486 1485/1485/1485 1500/1500/1500
f 1448/1448/1448 1447/1447/1447 1501/1501/1501
f 1501/1501/1501 1502/1502/1502 1448/1448/1448
f 1502/1502/1502 1501/1501/1501 1503/1503/1503
f 1503/1503/1503 1504/1504/1504 1502/1502/1502
f 1487/1487/1487 1504/1504/1504 1503/1503/1503
f 1503/1503/1503 1488/1488/1488 1487/1487/1487
f 1505/1505/1505 1506/1506/1506 1507/1507/1507
f 1507/1507/1507 1508/1508/1508 1505/1505/1505
f 1505/1505/1505 1508/1508/1508 1509/1509/1509
f 1509/1509/1509 1510/1510/1510 1505/1505/1505
f 1510/1510/1510 1511/1511/1511 1512/1512/1512
f 1512/1512/1512 1513/1513/1513 1510/1510/1510
f 1510/1510/1510 1513/1513/1513 1514/1514/1514
f 1514/1514/1514 1515/1515/1515 1510/1510/1510
f 1510/1510/1510 1515/1515/1515 1516/1516/1516
f 1516/1516/1516 1505/1505/1505 1510/1510/1510
f 1515/1515/1515 1517/1517/1517 1518/1518/1518
f 1518/1518/1518 1519/1519/1519 1515/1515/1515
f 1515/1515/1515 1519/1519/1519 1520/1520/1520
f 1520/1520/1520 1516/1516/1516 1515/1515/1515
f 1516/1516/1516 1521/1521/1521 1522/1522/1522
f 1522/1522/1522 1505/1505/1505 1516/1516/1516
f 1516/1516/1516 1523/1523/1523 1524/1524/1524
f 1524/1524/1524 1521/1521/1521 1516/1516/1516
f 1525/1525/1525 1526/1526/1526 1527/1527/1527
f 1527/1527/1527 1528/1528/1528 1525/1525/1525
f 1525/1525/1525 1528/1528/1528 1529/1529/1529
f 1529/1529/1529 1530/1530/1530 1525/1525/1525
f 1530/1530/1530 1531/1531/1531 1532/1532/1532
f 1532/1532/1532 1533/1533/1533 1530/1530/1530
f 1530/1530/1530 1533/1533/1533 1534/1534/1534
f 1534/1534/1534 1535/1535/1535 1530/1530/1530
f 1530/1530/1530 1535/1535/1535 1536/1536/1536
f 1536/1536/1536 1525/1525/1525 1530/1530/1530
f 1535/1535/1535 1537/1537/1537 1538/1538/1538
f 1538/1538/1538 1539/1539/1539 1535/1535/1535
f 1535/1535/1535 1539/1539/1539 1540/1540/1540
f 1540/1540/1540 1536/1536/1536 1535/1535/1535
f 1541/1541/1541 1525/1525/1525 1536/1536/1536
f 1536/1536/1536 1542/1542/1542 1541/1541/1541
f 1543/1543/1543 1544/1544/1544 1542/1542/1542
f 1542/1542/1542 1536/1536/1536 1543/1543/1543
f 1545/1545/1545 1546/1546/1546 1547/1547/1547
f 1547/1547/1547 1548/1548/1548 1545/1545/1545
f 1549/1549/1549 1550/1550/1550 1551/1551/1551
f 1551/1551/1551 1552/1552/1552 1549/1549/1549
f 1553/1553/1553 1554/1554/1554 1555/1555/1555
f 1555/1555/1555 1556/1556/1556 1553/1553/1553
f 1557/1557/1557 1558/1558/1558 1559/1559/1559
f 1559/1559/1559 1560/1560/1560 1557/1557/1557
f 1561/1561/1561 1546/1546/1546 1545/1545/1545
f 1545/1545/1545 1562/1562/1562 1561/1561/1561
f 1563/1563/1563 1548/1548/1548 1547/1547/1547
f 1547/1547/1547 1564/1564/1564 1563/1563/1563
f 1551/1551/1551 1550/1550/1550 1565/1565/1565
f 1565/1565/1565 1566/1566/1566 1551/1551/1551
f 1567/1567/1567 1554/1554/1554 1553/1553/1553
f 1553/1553/1553 1568/1568/1568 1567/1567/1567
f 1569/1569/1569 1570/1570/1570 1561/1561/1561
f 1561/1561/1561 1562/1562/1562 1569/1569/1569
f 1571/1571/1571 1572/1572/1572 1573/1573/1573
f 1573/1573/1573 1574/1574/1574 1571/1571/1571
f 1572/1572/1572 1571/1571/1571 1549/1549/1549
f 1549/1549/1549 1552/1552/1552 1572/1572/1572
f 1564/1564/1564 1575/1575/1575 1576/1576/1576
f 1576/1576/1576 1563/1563/1563 1564/1564/1564
f 1577/1577/1577 1578/1578/1578 1579/1579/1579
f 1579/1579/1579 1580/1580/1580 1577/1577/1577
f 1558/1558/1558 1557/1557/1557 1577/1577/1577
f 1577/1577/1577 1580/1580/1580 1558/1558/1558
f 1566/1566/1566 1565/1565/1565 1581/1581/1581
f 1581/1581/1581 1582/1582/1582 1566/1566/1566
f 1583/1583/1583 1584/1584/1584 1585/1585/1585
f 1585/1585/1585 1586/1586/1586 1583/1583/1583
f 1584/1584/1584 1556/1556/1556 1555/1555/1555
f 1555/1555/1555 1585/1585/1585 1584/1584/1584
f 1568/1568/1568 1587/1587/1587 1588/1588/1588
f 1588/1588/1588 1567/1567/1567 1568/1568/1568
f 1589/1589/1589 1590/1590/1590 1591/1591/1591
f 1591/1591/1591 1592/1592/1592 1589/1589/1589
f 1592/1592/1592 1591/1591/1591 1560/1560/1560
f 1560/1560/1560 1559/1559/1559 1592/1592/1592
f 1593/1593/1593 1594/1594/1594 1595/1595/1595
f 1595/1595/1595 1596/1596/1596 1593/1593/1593
f 1597/1597/1597 1598/1598/1598 1599/1599/1599
f 1599/1599/1599 1600/1600/1600 1597/1597/1597
f 1601/1601/1601 1602/1602/1602 1603/1603/1603
f 1603/1603/1603 1604/1604/1604 1601/1601/1601
f 1605/1605/1605 1606/1606/1606 1607/1607/1607
f 1607/1607/1607 1608/1608/1608 1605/1605/1605
f 1609/1609/1609 1564/1564/1564 1547/1547/1547
f 1547/1547/1547 1610/1610/1610 1609/1609/1609
f 1611/1611/1611 1612/1612/1612 1572/1572/1572
f 1572/1572/1572 1552/1552/1552 1611/1611/1611
f 1559/1559/1559 1613/1613/1613 1614/1614/1614
f 1614/1614/1614 1592/1592/1592 1559/1559/1559
f 1615/1615/1615 1585/1585/1585 1555/1555/1555
f 1555/1555/1555 1616/1616/1616 1615/1615/1615
f 1580/1580/1580 1617/1617/1617 1618/1618/1618
f 1618/1618/1618 1558/1558/1558 1580/1580/1580
f 1617/1617/1617 1580/1580/1580 1579/1579/1579
f 1579/1579/1579 1619/1619/1619 1617/1617/1617
f 1620/1620/1620 1575/1575/1575 1564/1564/1564
f 1564/1564/1564 1609/1609/1609 1620/1620/1620
f 1546/1546/1546 1561/1561/1561 1621/1621/1621
f 1621/1621/1621 1622/1622/1622 1546/1546/1546
f 1621/1621/1621 1561/1561/1561 1570/1570/1570
f 1570/1570/1570 1623/1623/1623 1621/1621/1621
f 1624/1624/1624 1573/1573/1573 1572/1572/1572
f 1572/1572/1572 1612/1612/1612 1624/1624/1624
f 1625/1625/1625 1626/1626/1626 1554/1554/1554
f 1554/1554/1554 1567/1567/1567 1625/1625/1625
f 1567/1567/1567 1588/1588/1588 1627/1627/1627
f 1627/1627/1627 1625/1625/1625 1567/1567/1567
f 1628/1628/1628 1589/1589/1589 1592/1592/1592
f 1592/1592/1592 1614/1614/1614 1628/1628/1628
f 1566/1566/1566 1629/1629/1629 1630/1630/1630
f 1630/1630/1630 1551/1551/1551 1566/1566/1566
f 1631/1631/1631 1629/1629/1629 1566/1566/1566
f 1566/1566/1566 1582/1582/1582 1631/1631/1631
f 1586/1586/1586 1585/1585/1585 1615/1615/1615
f 1615/1615/1615 1632/1632/1632 1586/1586/1586
f 1633/1633/1633 1594/1594/1594 1593/1593/1593
f 1593/1593/1593 1634/1634/1634 1633/1633/1633
f 1610/1610/1610 1547/1547/1547 1546/1546/1546
f 1546/1546/1546 1622/1622/1622 1610/1610/1610
f 1630/1630/1630 1635/1635/1635 1636/1636/1636
f 1636/1636/1636 1611/1611/1611 1630/1630/1630
f 1551/1551/1551 1630/1630/1630 1611/1611/1611
f 1611/1611/1611 1552/1552/1552 1551/1551/1551
f 1626/1626/1626 1637/1637/1637 1638/1638/1638
f 1638/1638/1638 1616/1616/1616 1626/1626/1626
f 1616/1616/1616 1555/1555/1555 1554/1554/1554
f 1554/1554/1554 1626/1626/1626 1616/1616/1616
f 1618/1618/1618 1639/1639/1639 1640/1640/1640
f 1640/1640/1640 1613/1613/1613 1618/1618/1618
f 1558/1558/1558 1618/1618/1618 1613/1613/1613
f 1613/1613/1613 1559/1559/1559 1558/1558/1558
f 1641/1641/1641 1642/1642/1642 1634/1634/1634
f 1634/1634/1634 1593/1593/1593 1641/1641/1641
f 1593/1593/1593 1596/1596/1596 1643/1643/1643
f 1643/1643/1643 1641/1641/1641 1593/1593/1593
f 1644/1644/1644 1645/1645/1645 1646/1646/1646
f 1646/1646/1646 1647/1647/1647 1644/1644/1644
f 1597/1597/1597 1600/1600/1600 1648/1648/1648
f 1648/1648/1648 1649/1649/1649 1597/1597/1597
f 1650/1650/1650 1651/1651/1651 1652/1652/1652
f 1652/1652/1652 1653/1653/1653 1650/1650/1650
f 1654/1654/1654 1655/1655/1655 1608/1608/1608
f 1608/1608/1608 1607/1607/1607 1654/1654/1654
f 1656/1656/1656 1657/1657/1657 1658/1658/1658
f 1658/1658/1658 1659/1659/1659 1656/1656/1656
f 1604/1604/1604 1660/1660/1660 1661/1661/1661
f 1661/1661/1661 1601/1601/1601 1604/1604/1604
f 1605/1605/1605 1662/1662/1662 1663/1663/1663
f 1663/1663/1663 1664/1664/1664 1605/1605/1605
f 1664/1664/1664 1665/1665/1665 1606/1606/1606
f 1606/1606/1606 1605/1605/1605 1664/1664/1664
f 1664/1664/1664 1663/1663/1663 1666/1666/1666
f 1666/1666/1666 1667/1667/1667 1664/1664/1664
f 1667/1667/1667 1668/1668/1668 1665/1665/1665
f 1665/1665/1665 1664/1664/1664 1667/1667/1667
f 1669/1669/1669 1670/1670/1670 1671/1671/1671
f 1671/1671/1671 1672/1672/1672 1669/1669/1669
f 1643/1643/1643 1668/1668/1668 1667/1667/1667
f 1667/1667/1667 1641/1641/1641 1643/1643/1643
f 1594/1594/1594 1633/1633/1633 1673/1673/1673
f 1673/1673/1673 1674/1674/1674 1594/1594/1594
f 1674/1674/1674 1675/1675/1675 1595/1595/1595
f 1595/1595/1595 1594/1594/1594 1674/1674/1674
f 1674/1674/1674 1673/1673/1673 1676/1676/1676
f 1676/1676/1676 1677/1677/1677 1674/1674/1674
f 1677/1677/1677 1678/1678/1678 1675/1675/1675
f 1675/1675/1675 1674/1674/1674 1677/1677/1677
f 1679/1679/1679 1680/1680/1680 1645/1645/1645
f 1645/1645/1645 1644/1644/1644 1679/1679/1679
f 1649/1649/1649 1648/1648/1648 1678/1678/1678
f 1678/1678/1678 1677/1677/1677 1649/1649/1649
f 1681/1681/1681 1682/1682/1682 1683/1683/1683
f 1683/1683/1683 1684/1684/1684 1681/1681/1681
f 1685/1685/1685 1686/1686/1686 1603/1603/1603
f 1603/1603/1603 1602/1602/1602 1685/1685/1685
f 1685/1685/1685 1687/1687/1687 1688/1688/1688
f 1688/1688/1688 1689/1689/1689 1685/1685/1685
f 1689/1689/1689 1690/1690/1690 1686/1686/1686
f 1686/1686/1686 1685/1685/1685 1689/1689/1689
f 1689/1689/1689 1688/1688/1688 1691/1691/1691
f 1691/1691/1691 1655/1655/1655 1689/1689/1689
f 1690/1690/1690 1689/1689/1689 1655/1655/1655
f 1655/1655/1655 1654/1654/1654 1690/1690/1690
f 1692/1692/1692 1693/1693/1693 1694/1694/1694
f 1694/1694/1694 1695/1695/1695 1692/1692/1692
f 1599/1599/1599 1598/1598/1598 1696/1696/1696
f 1696/1696/1696 1697/1697/1697 1599/1599/1599
f 1695/1695/1695 1694/1694/1694 1698/1698/1698
f 1698/1698/1698 1699/1699/1699 1695/1695/1695
f 1697/1697/1697 1696/1696/1696 1700/1700/1700
f 1700/1700/1700 1701/1701/1701 1697/1697/1697
f 1702/1702/1702 1703/1703/1703 1657/1657/1657
f 1657/1657/1657 1656/1656/1656 1702/1702/1702
f 1660/1660/1660 1701/1701/1701 1700/1700/1700
f 1700/1700/1700 1661/1661/1661 1660/1660/1660
f 1704/1704/1704 1705/1705/1705 1706/1706/1706
f 1706/1706/1706 1707/1707/1707 1704/1704/1704
f 1708/1708/1708 1709/1709/1709 1710/1710/1710
f 1710/1710/1710 1711/1711/1711 1708/1708/1708
f 1712/1712/1712 1713/1713/1713 1714/1714/1714
f 1714/1714/1714 1715/1715/1715 1712/1712/1712
f 1716/1716/1716 1717/1717/1717 1718/1718/1718
f 1718/1718/1718 1719/1719/1719 1716/1716/1716
f 1720/1720/1720 1721/1721/1721 1722/1722/1722
f 1722/1722/1722 1723/1723/1723 1720/1720/1720
f 1724/1724/1724 1725/1725/1725 1726/1726/1726
f 1726/1726/1726 1727/1727/1727 1724/1724/1724
f 1728/1728/1728 1729/1729/1729 1730/1730/1730
f 1730/1730/1730 1731/1731/1731 1728/1728/1728
f 1730/1730/1730 1732/1732/1732 1731/1731/1731
f 1733/1733/1733 1728/1728/1728 1731/1731/1731
f 1734/1734/1734 1735/1735/1735 1736/1736/1736
f 1736/1736/1736 1737/1737/1737 1734/1734/1734
f 1738/1738/1738 1739/1739/1739 1735/1735/1735
f 1735/1735/1735 1734/1734/1734 1738/1738/1738
f 1740/1740/1740 1741/1741/1741 1742/1742/1742
f 1742/1742/1742 1743/1743/1743 1740/1740/1740
f 1741/1741/1741 1740/1740/1740 1744/1744/1744
f 1744/1744/1744 1745/1745/1745 1741/1741/1741
f 1746/1746/1746 1747/1747/1747 1748/1748/1748
f 1748/1748/1748 1749/1749/1749 1746/1746/1746
f 1750/1750/1750 1751/1751/1751 1752/1752/1752
f 1752/1752/1752 1753/1753/1753 1750/1750/1750
f 1754/1754/1754 1755/1755/1755 1756/1756/1756
f 1756/1756/1756 1757/1757/1757 1754/1754/1754
f 1758/1758/1758 1759/1759/1759 1760/1760/1760
f 1760/1760/1760 1761/1761/1761 1758/1758/1758
f 1762/1762/1762 1763/1763/1763 1764/1764/1764
f 1764/1764/1764 1765/1765/1765 1762/1762/1762
f 1766/1766/1766 1767/1767/1767 1768/1768/1768
f 1768/1768/1768 1769/1769/1769 1766/1766/1766
f 1770/1770/1770 1771/1771/1771 1772/1772/1772
f 1772/1772/1772 1773/1773/1773 1770/1770/1770
f 1774/1774/1774 1775/1775/1775 1776/1776/1776
f 1776/1776/1776 1777/1777/1777 1774/1774/1774
f 1778/1778/1778 1779/1779/1779 1780/1780/1780
f 1780/1780/1780 1781/1781/1781 1778/1778/1778
f 1780/1780/1780 1782/1782/1782 1781/1781/1781
f 1783/1783/1783 1778/1778/1778 1781/1781/1781
f 1784/1784/1784 1785/1785/1785 1786/1786/1786
f 1786/1786/1786 1787/1787/1787 1784/1784/1784
f 1788/1788/1788 1789/1789/1789 1787/1787/1787
f 1787/1787/1787 1786/1786/1786 1788/1788/1788
f 1790/1790/1790 1791/1791/1791 1792/1792/1792
f 1792/1792/1792 1793/1793/1793 1790/1790/1790
f 1793/1793/1793 1792/1792/1792 1794/1794/1794
f 1794/1794/1794 1795/1795/1795 1793/1793/1793
f 1796/1796/1796 1797/1797/1797 1798/1798/1798
f 1798/1798/1798 1799/1799/1799 1796/1796/1796
f 1785/1785/1785 1784/1784/1784 1798/1798/1798
f 1798/1798/1798 1797/1797/1797 1785/1785/1785
f 1800/1800/1800 1801/1801/1801 1802/1802/1802
f 1802/1802/1802 1803/1803/1803 1800/1800/1800
f 1804/1804/1804 1805/1805/1805 1806/1806/1806
f 1806/1806/1806 1807/1807/1807 1804/1804/1804
f 1808/1808/1808 1809/1809/1809 1810/1810/1810
f 1810/1810/1810 1811/1811/1811 1808/1808/1808
f 1812/1812/1812 1813/1813/1813 1814/1814/1814
f 1814/1814/1814 1815/1815/1815 1812/1812/1812
f 1816/1816/1816 1817/1817/1817 1818/1818/1818
f 1818/1818/1818 1819/1819/1819 1816/1816/1816
f 1820/1820/1820 1821/1821/1821 1822/1822/1822
f 1822/1822/1822 1823/1823/1823 1820/1820/1820
f 1824/1824/1824 1825/1825/1825 1826/1826/1826
f 1826/1826/1826 1827/1827/1827 1824/1824/1824
f 1827/1827/1827 1828/1828/1828 1824/1824/1824
f 1829/1829/1829 1825/1825/1825 1824/1824/1824
f 1830/1830/1830 1831/1831/1831 1832/1832/1832
f 1832/1832/1832 1833/1833/1833 1830/1830/1830
f 1834/1834/1834 1835/1835/1835 1836/1836/1836
f 1836/1836/1836 1837/1837/1837 1834/1834/1834
f 1838/1838/1838 1839/1839/1839 1840/1840/1840
f 1840/1840/1840 1841/1841/1841 1838/1838/1838
f 1842/1842/1842 1843/1843/1843 1841/1841/1841
f 1841/1841/1841 1840/1840/1840 1842/1842/1842
f 1844/1844/1844 1845/1845/1845 1846/1846/1846
f 1846/1846/1846 1847/1847/1847 1844/1844/1844
f 1848/1848/1848 1849/1849/1849 1850/1850/1850
f 1850/1850/1850 1851/1851/1851 1848/1848/1848
f 1852/1852/1852 1853/1853/1853 1854/1854/1854
f 1854/1854/1854 1855/1855/1855 1852/1852/1852
f 1856/1856/1856 1857/1857/1857 1858/1858/1858
f 1858/1858/1858 1859/1859/1859 1856/1856/1856
f 1860/1860/1860 1861/1861/1861 1862/1862/1862
f 1862/1862/1862 1863/1863/1863 1860/1860/1860
f 1864/1864/1864 1865/1865/1865 1866/1866/1866
f 1866/1866/1866 1867/1867/1867 1864/1864/1864
f 1868/1868/1868 1869/1869/1869 1870/1870/1870
f 1870/1870/1870 1871/1871/1871 1868/1868/1868
f 1872/1872/1872 1873/1873/1873 1874/1874/1874
f 1874/1874/1874 1875/1875/1875 1872/1872/1872
f 1876/1876/1876 1877/1877/1877 1878/1878/1878
f 1878/1878/1878 1879/1879/1879 1876/1876/1876
f 1879/1879/1879 1880/1880/1880 1876/1876/1876
f 1881/1881/1881 1877/1877/1877 1876/1876/1876
f 1882/1882/1882 1883/1883/1883 1884/1884/1884
f 1884/1884/1884 1885/1885/1885 1882/1882/1882
f 1886/1886/1886 1887/1887/1887 1882/1882/1882
f 1882/1882/1882 1885/1885/1885 1886/1886/1886
f 1888/1888/1888 1889/1889/1889 1890/1890/1890
f 1890/1890/1890 1891/1891/1891 1888/1888/1888
f 1892/1892/1892 1893/1893/1893 1894/1894/1894
f 1894/1894/1894 1895/1895/1895 1892/1892/1892
f 1896/1896/1896 1897/1897/1897 1898/1898/1898
f 1898/1898/1898 1899/1899/1899 1896/1896/1896
f 1900/1900/1900 1901/1901/1901 1902/1902/1902
f 1902/1902/1902 1903/1903/1903 1900/1900/1900
f 1904/1904/1904 1905/1905/1905 1906/1906/1906
f 1906/1906/1906 1907/1907/1907 1904/1904/1904
f 1908/1908/1908 1909/1909/1909 1910/1910/1910
f 1910/1910/1910 1911/1911/1911 1908/1908/1908
f 1912/1912/1912 1913/1913/1913 1914/1914/1914
f 1914/1914/1914 1915/1915/1915 1912/1912/1912
f 1916/1916/1916 1917/1917/1917 1918/1918/1918
f 1918/1918/1918 1919/1919/1919 1916/1916/1916
f 1920/1920/1920 1921/1921/1921 1922/1922/1922
f 1922/1922/1922 1923/1923/1923 1920/1920/1920
f 1924/1924/1924 1925/1925/1925 1926/1926/1926
f 1926/1926/1926 1927/1927/1927 1924/1924/1924
f 1928/1928/1928 1929/1929/1929 1930/1930/1930
f 1930/1930/1930 1931/1931/1931 1928/1928/1928
f 1929/1929/1929 1932/1932/1932 1930/1930/1930
f 1933/1933/1933 1931/1931/1931 1930/1930/1930
f 1934/1934/1934 1935/1935/1935 1936/1936/1936
f 1936/1936/1936 1937/1937/1937 1934/1934/1934
f 1938/1938/1938 1939/1939/1939 1940/1940/1940
f 1940/1940/1940 1941/1941/1941 1938/1938/1938
f 1942/1942/1942 1943/1943/1943 1944/1944/1944
f 1944/1944/1944 1945/1945/1945 1942/1942/1942
f 1946/1946/1946 1947/1947/1947 1948/1948/1948
f 1948/1948/1948 1949/1949/1949 1946/1946/1946
f 1950/1950/1950 1951/1951/1951 1952/1952/1952
f 1952/1952/1952 1953/1953/1953 1950/1950/1950
f 1954/1954/1954 1955/1955/1955 1956/1956/1956
f 1956/1956/1956 1957/1957/1957 1954/1954/1954
f 1958/1958/1958 1959/1959/1959 1960/1960/1960
f 1960/1960/1960 1961/1961/1961 1958/1958/1958
f 1962/1962/1962 1963/1963/1963 1964/1964/1964
f 1964/1964/1964 1965/1965/1965 1962/1962/1962
f 1966/1966/1966 1967/1967/1967 1968/1968/1968
f 1968/1968/1968 1969/1969/1969 1966/1966/1966
f 1970/1970/1970 1971/1971/1971 1972/1972/1972
f 1972/1972/1972 1973/1973/1973 1970/1970/1970
f 1974/1974/1974 1975/1975/1975 1976/1976/1976
f 1976/1976/1976 1977/1977/1977 1974/1974/1974
f 1978/1978/1978 1979/1979/1979 1980/1980/1980
f 1980/1980/1980 1981/1981/1981 1978/1978/1978
f 1982/1982/1982 1983/1983/1983 1984/1984/1984
f 1984/1984/1984 1985/1985/1985 1982/1982/1982
f 1984/1984/1984 1986/1986/1986 1985/1985/1985
f 1987/1987/1987 1982/1982/1982 1985/1985/1985
f 1988/1988/1988 1989/1989/1989 1990/1990/1990
f 1990/1990/1990 1991/1991/1991 1988/1988/1988
f 1992/1992/1992 1993/1993/1993 1994/1994/1994
f 1994/1994/1994 1995/1995/1995 1992/1992/1992
f 1996/1996/1996 1997/1997/1997 1998/1998/1998
f 1998/1998/1998 1999/1999/1999 1996/1996/1996
f 2000/2000/2000 2001/2001/2001 1997/1997/1997
f 1997/1997/1997 1996/1996/1996 2000/2000/2000
f 2002/2002/2002 2003/2003/2003 2004/2004/2004
f 2004/2004/2004 2005/2005/2005 2002/2002/2002
f 1988/1988/1988 1991/1991/1991 2006/2006/2006
f 2006/2006/2006 2007/2007/2007 1988/1988/1988
f 2008/2008/2008 2009/2009/2009 2010/2010/2010
f 2010/2010/2010 2011/2011/2011 2008/2008/2008
f 2012/2012/2012 2013/2013/2013 2014/2014/2014
f 2014/2014/2014 2015/2015/2015 2012/2012/2012
f 2016/2016/2016 2017/2017/2017 2018/2018/2018
f 2018/2018/2018 2019/2019/2019 2016/2016/2016
f 2020/2020/2020 2021/2021/2021 2022/2022/2022
f 2022/2022/2022 2023/2023/2023 2020/2020/2020
f 2024/2024/2024 2025/2025/2025 2026/2026/2026
f 2026/2026/2026 2027/2027/2027 2024/2024/2024
f 2028/2028/2028 2029/2029/2029 2030/2030/2030
f 2030/2030/2030 2031/2031/2031 2028/2028/2028
f 2032/2032/2032 2033/2033/2033 2034/2034/2034
f 2034/2034/2034 2035/2035/2035 2032/2032/2032
f 2035/2035/2035 2036/2036/2036 2032/2032/2032
f 2037/2037/2037 2033/2033/2033 2032/2032/2032
f 2038/2038/2038 2039/2039/2039 2040/2040/2040
f 2040/2040/2040 2041/2041/2041 2038/2038/2038
f 2042/2042/2042 2043/2043/2043 2044/2044/2044
f 2044/2044/2044 2045/2045/2045 2042/2042/2042
f 2043/2043/2043 2042/2042/2042 2046/2046/2046
f 2046/2046/2046 2047/2047/2047 2043/2043/2043
f 2048/2048/2048 2049/2049/2049 2047/2047/2047
f 2047/2047/2047 2046/2046/2046 2048/2048/2048
f 2050/2050/2050 2051/2051/2051 2052/2052/2052
f 2052/2052/2052 2053/2053/2053 2050/2050/2050
f 2054/2054/2054 2055/2055/2055 2041/2041/2041
f 2041/2041/2041 2040/2040/2040 2054/2054/2054
f 2056/2056/2056 2057/2057/2057 2058/2058/2058
f 2058/2058/2058 2059/2059/2059 2056/2056/2056
f 2060/2060/2060 2061/2061/2061 2062/2062/2062
f 2062/2062/2062 2063/2063/2063 2060/2060/2060
f 2064/2064/2064 2065/2065/2065 2066/2066/2066
f 2066/2066/2066 2067/2067/2067 2064/2064/2064
f 2068/2068/2068 2069/2069/2069 2070/2070/2070
f 2070/2070/2070 2071/2071/2071 2068/2068/2068
f 2072/2072/2072 2073/2073/2073 2074/2074/2074
f 2074/2074/2074 2075/2075/2075 2072/2072/2072
f 2076/2076/2076 2077/2077/2077 2078/2078/2078
f 2078/2078/2078 2079/2079/2079 2076/2076/2076
f 2080/2080/2080 2081/2081/2081 2082/2082/2082
f 2082/2082/2082 2083/2083/2083 2080/2080/2080
f 2083/2083/2083 2084/2084/2084 2080/2080/2080
f 2085/2085/2085 2081/2081/2081 2080/2080/2080
f 2086/2086/2086 2087/2087/2087 2088/2088/2088
f 2088/2088/2088 2089/2089/2089 2086/2086/2086
f 2089/2089/2089 2088/2088/2088 2090/2090/2090
f 2090/2090/2090 2091/2091/2091 2089/2089/2089
f 2092/2092/2092 2093/2093/2093 2094/2094/2094
f 2094/2094/2094 2095/2095/2095 2092/2092/2092
f 2096/2096/2096 2097/2097/2097 2098/2098/2098
f 2098/2098/2098 2099/2099/2099 2096/2096/2096
f 2100/2100/2100 2101/2101/2101 2102/2102/2102
f 2102/2102/2102 2103/2103/2103 2100/2100/2100
f 2104/2104/2104 2105/2105/2105 2106/2106/2106
f 2106/2106/2106 2107/2107/2107 2104/2104/2104
f 2108/2108/2108 2109/2109/2109 2110/2110/2110
f 2110/2110/2110 2111/2111/2111 2108/2108/2108
f 2110/2110/2110 2109/2109/2109 2112/2112/2112
f 2112/2112/2112 2113/2113/2113 2110/2110/2110
f 2114/2114/2114 2115/2115/2115 2116/2116/2116
f 2116/2116/2116 2117/2117/2117 2114/2114/2114
f 2118/2118/2118 2117/2117/2117 2116/2116/2116
f 2116/2116/2116 2119/2119/2119 2118/2118/2118
f 2120/2120/2120 2118/2118/2118 2119/2119/2119
f 2119/2119/2119 2121/2121/2121 2120/2120/2120
f 2122/2122/2122 2120/2120/2120 2121/2121/2121
f 2121/2121/2121 2123/2123/2123 2122/2122/2122
f 2123/2123/2123 2124/2124/2124 2125/2125/2125
f 2125/2125/2125 2122/2122/2122 2123/2123/2123
f 2126/2126/2126 2127/2127/2127 2128/2128/2128
f 2128/2128/2128 2129/2129/2129 2126/2126/2126
f 2129/2129/2129 2130/2130/2130 2131/2131/2131
f 2131/2131/2131 2126/2126/2126 2129/2129/2129
f 2132/2132/2132 2131/2131/2131 2130/2130/2130
f 2130/2130/2130 2133/2133/2133 2132/2132/2132
f 2134/2134/2134 2132/2132/2132 2133/2133/2133
f 2133/2133/2133 2135/2135/2135 2134/2134/2134
f 2136/2136/2136 2137/2137/2137 2138/2138/2138
f 2138/2138/2138 2139/2139/2139 2136/2136/2136
f 2137/2137/2137 2140/2140/2140 2141/2141/2141
f 2141/2141/2141 2138/2138/2138 2137/2137/2137
f 2142/2142/2142 2141/2141/2141 2140/2140/2140
f 2140/2140/2140 2143/2143/2143 2142/2142/2142
f 2144/2144/2144 2142/2142/2142 2143/2143/2143
f 2143/2143/2143 2145/2145/2145 2144/2144/2144
f 2145/2145/2145 2146/2146/2146 2147/2147/2147
f 2147/2147/2147 2144/2144/2144 2145/2145/2145
f 2148/2148/2148 2149/2149/2149 2150/2150/2150
f 2150/2150/2150 2151/2151/2151 2148/2148/2148
f 2108/2108/2108 2111/2111/2111 2150/2150/2150
f 2150/2150/2150 2149/2149/2149 2108/2108/2108
f 2152/2152/2152 2153/2153/2153 2154/2154/2154
f 2154/2154/2154 2155/2155/2155 2152/2152/2152
f 2154/2154/2154 2156/2156/2156 2157/2157/2157
f 2157/2157/2157 2158/2158/2158 2154/2154/2154
f 2157/2157/2157 2159/2159/2159 2158/2158/2158
f 2160/2160/2160 2161/2161/2161 2158/2158/2158
f 2158/2158/2158 2162/2162/2162 2160/2160/2160
f 2160/2160/2160 2163/2163/2163 2161/2161/2161
f 2161/2161/2161 2164/2164/2164 2165/2165/2165
f 2165/2165/2165 2166/2166/2166 2161/2161/2161
f 2165/2165/2165 2167/2167/2167 2166/2166/2166
f 2166/2166/2166 2154/2154/2154 2158/2158/2158
f 2158/2158/2158 2161/2161/2161 2166/2166/2166
f 2166/2166/2166 2168/2168/2168 2155/2155/2155
f 2155/2155/2155 2154/2154/2154 2166/2166/2166
f 2169/2169/2169 2152/2152/2152 2155/2155/2155
f 2170/2170/2170 2171/2171/2171 2172/2172/2172
f 2172/2172/2172 2173/2173/2173 2170/2170/2170
f 2174/2174/2174 2175/2175/2175 2172/2172/2172
f 2172/2172/2172 2171/2171/2171 2174/2174/2174
f 2176/2176/2176 2177/2177/2177 2175/2175/2175
f 2175/2175/2175 2174/2174/2174 2176/2176/2176
f 2176/2176/2176 2178/2178/2178 2179/2179/2179
f 2179/2179/2179 2177/2177/2177 2176/2176/2176
f 2180/2180/2180 2181/2181/2181 2179/2179/2179
f 2179/2179/2179 2178/2178/2178 2180/2180/2180
f 2182/2182/2182 2181/2181/2181 2180/2180/2180
f 2180/2180/2180 2183/2183/2183 2182/2182/2182
f 2184/2184/2184 2185/2185/2185 2182/2182/2182
f 2182/2182/2182 2183/2183/2183 2184/2184/2184
f 2184/2184/2184 2186/2186/2186 2187/2187/2187
f 2187/2187/2187 2185/2185/2185 2184/2184/2184
f 2188/2188/2188 2189/2189/2189 2187/2187/2187
f 2187/2187/2187 2186/2186/2186 2188/2188/2188
f 2190/2190/2190 2191/2191/2191 2189/2189/2189
f 2189/2189/2189 2188/2188/2188 2190/2190/2190
f 2192/2192/2192 2193/2193/2193 2191/2191/2191
f 2191/2191/2191 2190/2190/2190 2192/2192/2192
f 2192/2192/2192 2194/2194/2194 2195/2195/2195
f 2195/2195/2195 2193/2193/2193 2192/2192/2192
f 2196/2196/2196 2197/2197/2197 2195/2195/2195
f 2195/2195/2195 2194/2194/2194 2196/2196/2196
f 2196/2196/2196 2198/2198/2198 2199/2199/2199
f 2199/2199/2199 2197/2197/2197 2196/2196/2196
f 2200/2200/2200 2201/2201/2201 2199/2199/2199
f 2199/2199/2199 2198/2198/2198 2200/2200/2200
f 2200/2200/2200 2202/2202/2202 2203/2203/2203
f 2203/2203/2203 2201/2201/2201 2200/2200/2200
f 2204/2204/2204 2205/2205/2205 2203/2203/2203
f 2203/2203/2203 2202/2202/2202 2204/2204/2204
f 2204/2204/2204 2170/2170/2170 2173/2173/2173
f 2173/2173/2173 2205/2205/2205 2204/2204/2204
f 2206/2206/2206 2207/2207/2207 2208/2208/2208
f 2208/2208/2208 2209/2209/2209 2206/2206/2206
f 2209/2209/2209 2208/2208/2208 2210/2210/2210
f 2210/2210/2210 2211/2211/2211 2209/2209/2209
f 2212/2212/2212 2213/2213/2213 2214/2214/2214
f 2214/2214/2214 2215/2215/2215 2212/2212/2212
f 2215/2215/2215 2214/2214/2214 2216/2216/2216
f 2216/2216/2216 2217/2217/2217 2215/2215/2215
f 2217/2217/2217 2216/2216/2216 2218/2218/2218
f 2218/2218/2218 2219/2219/2219 2217/2217/2217
f 2220/2220/2220 2219/2219/2219 2218/2218/2218
f 2218/2218/2218 2221/2221/2221 2220/2220/2220
f 2220/2220/2220 2221/2221/2221 2222/2222/2222
f 2222/2222/2222 2223/2223/2223 2220/2220/2220
f 2224/2224/2224 2225/2225/2225 2226/2226/2226
f 2226/2226/2226 2227/2227/2227 2224/2224/2224
f 2224/2224/2224 2227/2227/2227 2228/2228/2228
f 2228/2228/2228 2229/2229/2229 2224/2224/2224
f 2229/2229/2229 2228/2228/2228 2230/2230/2230
f 2230/2230/2230 2231/2231/2231 2229/2229/2229
f 2230/2230/2230 2232/2232/2232 2233/2233/2233
f 2233/2233/2233 2231/2231/2231 2230/2230/2230
f 2234/2234/2234 2235/2235/2235 2236/2236/2236
f 2236/2236/2236 2237/2237/2237 2234/2234/2234
f 2238/2238/2238 2237/2237/2237 2236/2236/2236
f 2236/2236/2236 2239/2239/2239 2238/2238/2238
f 2239/2239/2239 2240/2240/2240 2241/2241/2241
f 2241/2241/2241 2238/2238/2238 2239/2239/2239
f 2242/2242/2242 2241/2241/2241 2240/2240/2240
f 2240/2240/2240 2243/2243/2243 2242/2242/2242
f 2244/2244/2244 2245/2245/2245 2242/2242/2242
f 2242/2242/2242 2243/2243/2243 2244/2244/2244
f 2246/2246/2246 2247/2247/2247 2248/2248/2248
f 2248/2248/2248 2249/2249/2249 2246/2246/2246
f 2248/2248/2248 2207/2207/2207 2206/2206/2206
f 2206/2206/2206 2249/2249/2249 2248/2248/2248
f 2250/2250/2250 2251/2251/2251 2252/2252/2252
f 2252/2252/2252 2253/2253/2253 2250/2250/2250
f 2253/2253/2253 2252/2252/2252 2254/2254/2254
f 2254/2254/2254 2255/2255/2255 2253/2253/2253
f 2256/2256/2256 2255/2255/2255 2254/2254/2254
f 2254/2254/2254 2257/2257/2257 2256/2256/2256
f 2256/2256/2256 2257/2257/2257 2258/2258/2258
f 2258/2258/2258 2259/2259/2259 2256/2256/2256
f 2260/2260/2260 2259/2259/2259 2258/2258/2258
f 2258/2258/2258 2261/2261/2261 2260/2260/2260
f 2262/2262/2262 2260/2260/2260 2261/2261/2261
f 2261/2261/2261 2263/2263/2263 2262/2262/2262
f 2264/2264/2264 2262/2262/2262 2263/2263/2263
f 2263/2263/2263 2265/2265/2265 2264/2264/2264
f 2266/2266/2266 2264/2264/2264 2265/2265/2265
f 2265/2265/2265 2267/2267/2267 2266/2266/2266
f 2268/2268/2268 2266/2266/2266 2267/2267/2267
f 2267/2267/2267 2269/2269/2269 2268/2268/2268
f 2268/2268/2268 2269/2269/2269 2270/2270/2270
f 2270/2270/2270 2271/2271/2271 2268/2268/2268
f 2271/2271/2271 2270/2270/2270 2272/2272/2272
f 2272/2272/2272 2273/2273/2273 2271/2271/2271
f 2273/2273/2273 2272/2272/2272 2274/2274/2274
f 2274/2274/2274 2275/2275/2275 2273/2273/2273
f 2276/2276/2276 2275/2275/2275 2274/2274/2274
f 2274/2274/2274 2277/2277/2277 2276/2276/2276
f 2276/2276/2276 2277/2277/2277 2278/2278/2278
f 2278/2278/2278 2279/2279/2279 2276/2276/2276
f 2280/2280/2280 2279/2279/2279 2278/2278/2278
f 2278/2278/2278 2281/2281/2281 2280/2280/2280
f 2282/2282/2282 2283/2283/2283 2280/2280/2280
f 2280/2280/2280 2281/2281/2281 2282/2282/2282
f 2283/2283/2283 2282/2282/2282 2284/2284/2284
f 2284/2284/2284 2285/2285/2285 2283/2283/2283
f 2284/2284/2284 2251/2251/2251 2250/2250/2250
f 2250/2250/2250 2285/2285/2285 2284/2284/2284
f 2286/2286/2286 2287/2287/2287 2288/2288/2288
f 2288/2288/2288 2289/2289/2289 2286/2286/2286
f 2290/2290/2290 2291/2291/2291 2287/2287/2287
f 2287/2287/2287 2286/2286/2286 2290/2290/2290
f 2292/2292/2292 2293/2293/2293 2294/2294/2294
f 2294/2294/2294 2295/2295/2295 2292/2292/2292
f 2296/2296/2296 2297/2297/2297 2292/2292/2292
f 2292/2292/2292 2295/2295/2295 2296/2296/2296
f 2296/2296/2296 2298/2298/2298 2299/2299/2299
f 2299/2299/2299 2297/2297/2297 2296/2296/2296
f 2298/2298/2298 2300/2300/2300 2301/2301/2301
f 2301/2301/2301 2299/2299/2299 2298/2298/2298
f 2300/2300/2300 2302/2302/2302 2303/2303/2303
f 2303/2303/2303 2301/2301/2301 2300/2300/2300
f 2304/2304/2304 2305/2305/2305 2306/2306/2306
f 2306/2306/2306 2307/2307/2307 2304/2304/2304
f 2306/2306/2306 2305/2305/2305 2308/2308/2308
f 2308/2308/2308 2309/2309/2309 2306/2306/2306
f 2308/2308/2308 2310/2310/2310 2311/2311/2311
f 2311/2311/2311 2309/2309/2309 2308/2308/2308
f 2312/2312/2312 2311/2311/2311 2310/2310/2310
f 2310/2310/2310 2313/2313/2313 2312/2312/2312
f 2314/2314/2314 2315/2315/2315 2316/2316/2316
f 2316/2316/2316 2317/2317/2317 2314/2314/2314
f 2318/2318/2318 2315/2315/2315 2314/2314/2314
f 2314/2314/2314 2319/2319/2319 2318/2318/2318
f 2319/2319/2319 2320/2320/2320 2321/2321/2321
f 2321/2321/2321 2318/2318/2318 2319/2319/2319
f 2322/2322/2322 2323/2323/2323 2324/2324/2324
f 2324/2324/2324 2325/2325/2325 2322/2322/2322
f 2322/2322/2322 2326/2326/2326 2327/2327/2327
f 2327/2327/2327 2323/2323/2323 2322/2322/2322
f 2328/2328/2328 2329/2329/2329 2330/2330/2330
f 2330/2330/2330 2331/2331/2331 2328/2328/2328
f 2328/2328/2328 2331/2331/2331 2289/2289/2289
f 2289/2289/2289 2288/2288/2288 2328/2328/2328
f 2332/2332/2332 2333/2333/2333 2334/2334/2334
f 2334/2334/2334 2335/2335/2335 2332/2332/2332
f 2334/2334/2334 2336/2336/2336 2337/2337/2337
f 2337/2337/2337 2335/2335/2335 2334/2334/2334
f 2338/2338/2338 2339/2339/2339 2340/2340/2340
f 2340/2340/2340 2341/2341/2341 2338/2338/2338
f 2339/2339/2339 2342/2342/2342 2343/2343/2343
f 2343/2343/2343 2340/2340/2340 2339/2339/2339
f 2343/2343/2343 2342/2342/2342 2344/2344/2344
f 2344/2344/2344 2345/2345/2345 2343/2343/2343
f 2346/2346/2346 2345/2345/2345 2344/2344/2344
f 2344/2344/2344 2347/2347/2347 2346/2346/2346
f 2348/2348/2348 2349/2349/2349 2346/2346/2346
f 2346/2346/2346 2347/2347/2347 2348/2348/2348
f 2350/2350/2350 2351/2351/2351 2352/2352/2352
f 2352/2352/2352 2353/2353/2353 2350/2350/2350
f 2354/2354/2354 2355/2355/2355 2351/2351/2351
f 2351/2351/2351 2350/2350/2350 2354/2354/2354
f 2355/2355/2355 2354/2354/2354 2356/2356/2356
f 2356/2356/2356 2357/2357/2357 2355/2355/2355
f 2356/2356/2356 2358/2358/2358 2359/2359/2359
f 2359/2359/2359 2357/2357/2357 2356/2356/2356
f 2360/2360/2360 2361/2361/2361 2362/2362/2362
f 2362/2362/2362 2363/2363/2363 2360/2360/2360
f 2361/2361/2361 2364/2364/2364 2365/2365/2365
f 2365/2365/2365 2362/2362/2362 2361/2361/2361
f 2365/2365/2365 2364/2364/2364 2366/2366/2366
f 2366/2366/2366 2367/2367/2367 2365/2365/2365
f 2368/2368/2368 2367/2367/2367 2366/2366/2366
f 2366/2366/2366 2369/2369/2369 2368/2368/2368
f 2370/2370/2370 2371/2371/2371 2368/2368/2368
f 2368/2368/2368 2369/2369/2369 2370/2370/2370
f 2372/2372/2372 2373/2373/2373 2374/2374/2374
f 2374/2374/2374 2375/2375/2375 2372/2372/2372
f 2375/2375/2375 2374/2374/2374 2333/2333/2333
f 2333/2333/2333 2332/2332/2332 2375/2375/2375
f 2376/2376/2376 2377/2377/2377 2378/2378/2378
f 2378/2378/2378 2379/2379/2379 2376/2376/2376
f 2380/2380/2380 2381/2381/2381 2382/2382/2382
f 2382/2382/2382 2376/2376/2376 2380/2380/2380
f 2381/2381/2381 2383/2383/2383 2382/2382/2382
f 2382/2382/2382 2384/2384/2384 2385/2385/2385
f 2385/2385/2385 2386/2386/2386 2382/2382/2382
f 2385/2385/2385 2387/2387/2387 2386/2386/2386
f 2388/2388/2388 2389/2389/2389 2390/2390/2390
f 2390/2390/2390 2386/2386/2386 2388/2388/2388
f 2389/2389/2389 2391/2391/2391 2390/2390/2390
f 2382/2382/2382 2386/2386/2386 2390/2390/2390
f 2390/2390/2390 2376/2376/2376 2382/2382/2382
f 2377/2377/2377 2376/2376/2376 2390/2390/2390
f 2390/2390/2390 2392/2392/2392 2377/2377/2377
f 2393/2393/2393 2378/2378/2378 2377/2377/2377
f 2394/2394/2394 2395/2395/2395 2396/2396/2396
f 2396/2396/2396 2397/2397/2397 2394/2394/2394
f 2398/2398/2398 2399/2399/2399 2400/2400/2400
f 2400/2400/2400 2401/2401/2401 2398/2398/2398
f 2402/2402/2402 2395/2395/2395 2394/2394/2394
f 2394/2394/2394 2403/2403/2403 2402/2402/2402
f 2404/2404/2404 2401/2401/2401 2400/2400/2400
f 2400/2400/2400 2405/2405/2405 2404/2404/2404
f 2406/2406/2406 2407/2407/2407 2408/2408/2408
f 2408/2408/2408 2409/2409/2409 2406/2406/2406
f 2410/2410/2410 2411/2411/2411 2412/2412/2412
f 2412/2412/2412 2413/2413/2413 2410/2410/2410
f 2407/2407/2407 2406/2406/2406 2414/2414/2414
f 2414/2414/2414 2415/2415/2415 2407/2407/2407
f 2413/2413/2413 2412/2412/2412 2416/2416/2416
f 2416/2416/2416 2417/2417/2417 2413/2413/2413
f 2418/2418/2418 2415/2415/2415 2414/2414/2414
f 2414/2414/2414 2419/2419/2419 2418/2418/2418
f 2420/2420/2420 2417/2417/2417 2416/2416/2416
f 2416/2416/2416 2421/2421/2421 2420/2420/2420
f 2422/2422/2422 2418/2418/2418 2419/2419/2419
f 2419/2419/2419 2423/2423/2423 2422/2422/2422
f 2424/2424/2424 2420/2420/2420 2421/2421/2421
f 2421/2421/2421 2425/2425/2425 2424/2424/2424
f 2426/2426/2426 2422/2422/2422 2423/2423/2423
f 2423/2423/2423 2427/2427/2427 2426/2426/2426
f 2428/2428/2428 2429/2429/2429 2424/2424/2424
f 2424/2424/2424 2425/2425/2425 2428/2428/2428
f 2430/2430/2430 2431/2431/2431 2432/2432/2432
f 2432/2432/2432 2433/2433/2433 2430/2430/2430
f 2434/2434/2434 2435/2435/2435 2436/2436/2436
f 2436/2436/2436 2437/2437/2437 2434/2434/2434
f 2432/2432/2432 2438/2438/2438 2439/2439/2439
f 2439/2439/2439 2433/2433/2433 2432/2432/2432
f 2436/2436/2436 2435/2435/2435 2440/2440/2440
f 2440/2440/2440 2441/2441/2441 2436/2436/2436
f 2438/2438/2438 2442/2442/2442 2443/2443/2443
f 2443/2443/2443 2439/2439/2439 2438/2438/2438
f 2444/2444/2444 2441/2441/2441 2440/2440/2440
f 2440/2440/2440 2445/2445/2445 2444/2444/2444
f 2446/2446/2446 2443/2443/2443 2442/2442/2442
f 2442/2442/2442 2447/2447/2447 2446/2446/2446
f 2448/2448/2448 2444/2444/2444 2445/2445/2445
f 2445/2445/2445 2449/2449/2449 2448/2448/2448
f 2450/2450/2450 2451/2451/2451 2452/2452/2452
f 2452/2452/2452 2453/2453/2453 2450/2450/2450
f 2454/2454/2454 2455/2455/2455 2456/2456/2456
f 2456/2456/2456 2457/2457/2457 2454/2454/2454
f 2458/2458/2458 2450/2450/2450 2453/2453/2453
f 2453/2453/2453 2459/2459/2459 2458/2458/2458
f 2460/2460/2460 2454/2454/2454 2457/2457/2457
f 2457/2457/2457 2461/2461/2461 2460/2460/2460
f 2462/2462/2462 2458/2458/2458 2459/2459/2459
f 2459/2459/2459 2463/2463/2463 2462/2462/2462
f 2464/2464/2464 2460/2460/2460 2461/2461/2461
f 2461/2461/2461 2465/2465/2465 2464/2464/2464
f 2466/2466/2466 2462/2462/2462 2463/2463/2463
f 2463/2463/2463 2467/2467/2467 2466/2466/2466
f 2468/2468/2468 2464/2464/2464 2465/2465/2465
f 2465/2465/2465 2469/2469/2469 2468/2468/2468
f 2470/2470/2470 2466/2466/2466 2467/2467/2467
f 2467/2467/2467 2471/2471/2471 2470/2470/2470
f 2472/2472/2472 2468/2468/2468 2469/2469/2469
f 2469/2469/2469 2473/2473/2473 2472/2472/2472
f 2474/2474/2474 2475/2475/2475 2476/2476/2476
f 2476/2476/2476 2477/2477/2477 2474/2474/2474
f 2478/2478/2478 2479/2479/2479 2480/2480/2480
f 2480/2480/2480 2481/2481/2481 2478/2478/2478
f 2397/2397/2397 2396/2396/2396 2474/2474/2474
f 2474/2474/2474 2477/2477/2477 2397/2397/2397
f 2398/2398/2398 2481/2481/2481 2480/2480/2480
f 2480/2480/2480 2399/2399/2399 2398/2398/2398
f 2482/2482/2482 2483/2483/2483 2484/2484/2484
f 2484/2484/2484 2485/2485/2485 2482/2482/2482
f 2486/2486/2486 2485/2485/2485 2484/2484/2484
f 2484/2484/2484 2487/2487/2487 2486/2486/2486
f 2487/2487/2487 2488/2488/2488 2489/2489/2489
f 2489/2489/2489 2486/2486/2486 2487/2487/2487
f 2490/2490/2490 2491/2491/2491 2489/2489/2489
f 2489/2489/2489 2488/2488/2488 2490/2490/2490
f 2492/2492/2492 2491/2491/2491 2490/2490/2490
f 2490/2490/2490 2493/2493/2493 2492/2492/2492
f 2494/2494/2494 2492/2492/2492 2493/2493/2493
f 2493/2493/2493 2495/2495/2495 2494/2494/2494
f 2496/2496/2496 2494/2494/2494 2495/2495/2495
f 2495/2495/2495 2497/2497/2497 2496/2496/2496
f 2498/2498/2498 2499/2499/2499 2496/2496/2496
f 2496/2496/2496 2497/2497/2497 2498/2498/2498
f 2500/2500/2500 2499/2499/2499 2498/2498/2498
f 2498/2498/2498 2501/2501/2501 2500/2500/2500
f 2501/2501/2501 2502/2502/2502 2503/2503/2503
f 2503/2503/2503 2500/2500/2500 2501/2501/2501
f 2504/2504/2504 2503/2503/2503 2502/2502/2502
f 2502/2502/2502 2505/2505/2505 2504/2504/2504
f 2505/2505/2505 2506/2506/2506 2507/2507/2507
f 2507/2507/2507 2504/2504/2504 2505/2505/2505
f 2508/2508/2508 2509/2509/2509 2507/2507/2507
f 2507/2507/2507 2506/2506/2506 2508/2508/2508
f 2510/2510/2510 2511/2511/2511 2509/2509/2509
f 2509/2509/2509 2508/2508/2508 2510/2510/2510
f 2510/2510/2510 2512/2512/2512 2513/2513/2513
f 2513/2513/2513 2511/2511/2511 2510/2510/2510
f 2513/2513/2513 2512/2512/2512 2514/2514/2514
f 2514/2514/2514 2515/2515/2515 2513/2513/2513
f 2516/2516/2516 2517/2517/2517 2515/2515/2515
f 2515/2515/2515 2514/2514/2514 2516/2516/2516
f 2482/2482/2482 2517/2517/2517 2516/2516/2516
f 2516/2516/2516 2483/2483/2483 2482/2482/2482
f 2485/2485/2485 2518/2518/2518 2519/2519/2519
f 2519/2519/2519 2482/2482/2482 2485/2485/2485
f 2520/2520/2520 2518/2518/2518 2485/2485/2485
f 2485/2485/2485 2486/2486/2486 2520/2520/2520
f 2521/2521/2521 2520/2520/2520 2486/2486/2486
f 2486/2486/2486 2489/2489/2489 2521/2521/2521
f 2522/2522/2522 2521/2521/2521 2489/2489/2489
f 2489/2489/2489 2491/2491/2491 2522/2522/2522
f 2522/2522/2522 2491/2491/2491 2492/2492/2492
f 2492/2492/2492 2523/2523/2523 2522/2522/2522
f 2494/2494/2494 2524/2524/2524 2523/2523/2523
f 2523/2523/2523 2492/2492/2492 2494/2494/2494
f 2525/2525/2525 2524/2524/2524 2494/2494/2494
f 2494/2494/2494 2496/2496/2496 2525/2525/2525
f 2526/2526/2526 2525/2525/2525 2496/2496/2496
f 2496/2496/2496 2499/2499/2499 2526/2526/2526
f 2526/2526/2526 2499/2499/2499 2500/2500/2500
f 2500/2500/2500 2527/2527/2527 2526/2526/2526
f 2503/2503/2503 2528/2528/2528 2527/2527/2527
f 2527/2527/2527 2500/2500/2500 2503/2503/2503
f 2529/2529/2529 2528/2528/2528 2503/2503/2503
f 2503/2503/2503 2504/2504/2504 2529/2529/2529
f 2530/2530/2530 2529/2529/2529 2504/2504/2504
f 2504/2504/2504 2507/2507/2507 2530/2530/2530
f 2530/2530/2530 2507/2507/2507 2509/2509/2509
f 2509/2509/2509 2531/2531/2531 2530/2530/2530
f 2511/2511/2511 2532/2532/2532 2531/2531/2531
f 2531/2531/2531 2509/2509/2509 2511/2511/2511
f 2533/2533/2533 2532/2532/2532 2511/2511/2511
f 2511/2511/2511 2513/2513/2513 2533/2533/2533
f 2513/2513/2513 2515/2515/2515 2534/2534/2534
f 2534/2534/2534 2533/2533/2533 2513/2513/2513
f 2535/2535/2535 2534/2534/2534 2515/2515/2515
f 2515/2515/2515 2517/2517/2517 2535/2535/2535
f 2535/2535/2535 2517/2517/2517 2482/2482/2482
f 2482/2482/2482 2519/2519/2519 2535/2535/2535
f 2536/2536/2536 2537/2537/2537 2538/2538/2538
f 2538/2538/2538 2539/2539/2539 2536/2536/2536
f 2537/2537/2537 2540/2540/2540 2541/2541/2541
f 2541/2541/2541 2538/2538/2538 2537/2537/2537
f 2542/2542/2542 2541/2541/2541 2540/2540/2540
f 2540/2540/2540 2543/2543/2543 2542/2542/2542
f 2544/2544/2544 2545/2545/2545 2542/2542/2542
f 2542/2542/2542 2543/2543/2543 2544/2544/2544
f 2545/2545/2545 2544/2544/2544 2546/2546/2546
f 2546/2546/2546 2547/2547/2547 2545/2545/2545
f 2548/2548/2548 2547/2547/2547 2546/2546/2546
f 2546/2546/2546 2549/2549/2549 2548/2548/2548
f 2550/2550/2550 2551/2551/2551 2548/2548/2548
f 2548/2548/2548 2549/2549/2549 2550/2550/2550
f 2552/2552/2552 2551/2551/2551 2550/2550/2550
f 2550/2550/2550 2553/2553/2553 2552/2552/2552
f 2554/2554/2554 2555/2555/2555 2552/2552/2552
f 2552/2552/2552 2553/2553/2553 2554/2554/2554
f 2556/2556/2556 2557/2557/2557 2555/2555/2555
f 2555/2555/2555 2554/2554/2554 2556/2556/2556
f 2558/2558/2558 2559/2559/2559 2557/2557/2557
f 2557/2557/2557 2556/2556/2556 2558/2558/2558
f 2560/2560/2560 2561/2561/2561 2559/2559/2559
f 2559/2559/2559 2558/2558/2558 2560/2560/2560
f 2562/2562/2562 2563/2563/2563 2561/2561/2561
f 2561/2561/2561 2560/2560/2560 2562/2562/2562
f 2564/2564/2564 2565/2565/2565 2563/2563/2563
f 2563/2563/2563 2562/2562/2562 2564/2564/2564
f 2566/2566/2566 2567/2567/2567 2565/2565/2565
f 2565/2565/2565 2564/2564/2564 2566/2566/2566
f 2568/2568/2568 2569/2569/2569 2567/2567/2567
f 2567/2567/2567 2566/2566/2566 2568/2568/2568
f 2568/2568/2568 2570/2570/2570 2571/2571/2571
f 2571/2571/2571 2569/2569/2569 2568/2568/2568
f 2536/2536/2536 2539/2539/2539 2571/2571/2571
f 2571/2571/2571 2570/2570/2570 2536/2536/2536
f 2572/2572/2572 2573/2573/2573 2574/2574/2574
f 2574/2574/2574 2575/2575/2575 2572/2572/2572
f 2576/2576/2576 2577/2577/2577 2574/2574/2574
f 2574/2574/2574 2573/2573/2573 2576/2576/2576
f 2578/2578/2578 2579/2579/2579 2580/2580/2580
f 2580/2580/2580 2581/2581/2581 2578/2578/2578
f 2582/2582/2582 2583/2583/2583 2581/2581/2581
f 2581/2581/2581 2580/2580/2580 2582/2582/2582
f 2583/2583/2583 2582/2582/2582 2584/2584/2584
f 2584/2584/2584 2585/2585/2585 2583/2583/2583
f 2585/2585/2585 2584/2584/2584 2586/2586/2586
f 2586/2586/2586 2587/2587/2587 2585/2585/2585
f 2587/2587/2587 2586/2586/2586 2588/2588/2588
f 2588/2588/2588 2589/2589/2589 2587/2587/2587
f 2590/2590/2590 2591/2591/2591 2592/2592/2592
f 2592/2592/2592 2593/2593/2593 2590/2590/2590
f 2593/2593/2593 2592/2592/2592 2594/2594/2594
f 2594/2594/2594 2595/2595/2595 2593/2593/2593
f 2594/2594/2594 2596/2596/2596 2597/2597/2597
f 2597/2597/2597 2595/2595/2595 2594/2594/2594
f 2598/2598/2598 2597/2597/2597 2596/2596/2596
f 2596/2596/2596 2599/2599/2599 2598/2598/2598
f 2600/2600/2600 2601/2601/2601 2602/2602/2602
f 2602/2602/2602 2603/2603/2603 2600/2600/2600
f 2601/2601/2601 2604/2604/2604 2605/2605/2605
f 2605/2605/2605 2602/2602/2602 2601/2601/2601
f 2606/2606/2606 2605/2605/2605 2604/2604/2604
f 2604/2604/2604 2607/2607/2607 2606/2606/2606
f 2608/2608/2608 2609/2609/2609 2606/2606/2606
f 2606/2606/2606 2607/2607/2607 2608/2608/2608
f 2610/2610/2610 2611/2611/2611 2609/2609/2609
f 2609/2609/2609 2608/2608/2608 2610/2610/2610
f 2612/2612/2612 2613/2613/2613 2614/2614/2614
f 2614/2614/2614 2615/2615/2615 2612/2612/2612
f 2572/2572/2572 2575/2575/2575 2614/2614/2614
f 2614/2614/2614 2613/2613/2613 2572/2572/2572
f 2335/2335/2335 2616/2616/2616 2617/2617/2617
f 2617/2617/2617 2332/2332/2332 2335/2335/2335
f 2332/2332/2332 2617/2617/2617 2618/2618/2618
f 2618/2618/2618 2375/2375/2375 2332/2332/2332
f 2375/2375/2375 2618/2618/2618 2619/2619/2619
f 2619/2619/2619 2372/2372/2372 2375/2375/2375
f 2371/2371/2371 2620/2620/2620 2621/2621/2621
f 2621/2621/2621 2368/2368/2368 2371/2371/2371
f 2368/2368/2368 2621/2621/2621 2622/2622/2622
f 2622/2622/2622 2367/2367/2367 2368/2368/2368
f 2367/2367/2367 2622/2622/2622 2623/2623/2623
f 2623/2623/2623 2365/2365/2365 2367/2367/2367
f 2624/2624/2624 2362/2362/2362 2365/2365/2365
f 2365/2365/2365 2623/2623/2623 2624/2624/2624
f 2625/2625/2625 2363/2363/2363 2362/2362/2362
f 2362/2362/2362 2624/2624/2624 2625/2625/2625
f 2626/2626/2626 2357/2357/2357 2359/2359/2359
f 2359/2359/2359 2627/2627/2627 2626/2626/2626
f 2626/2626/2626 2628/2628/2628 2355/2355/2355
f 2355/2355/2355 2357/2357/2357 2626/2626/2626
f 2355/2355/2355 2628/2628/2628 2629/2629/2629
f 2629/2629/2629 2351/2351/2351 2355/2355/2355
f 2352/2352/2352 2351/2351/2351 2629/2629/2629
f 2629/2629/2629 2630/2630/2630 2352/2352/2352
f 2349/2349/2349 2631/2631/2631 2632/2632/2632
f 2632/2632/2632 2346/2346/2346 2349/2349/2349
f 2346/2346/2346 2632/2632/2632 2633/2633/2633
f 2633/2633/2633 2345/2345/2345 2346/2346/2346
f 2345/2345/2345 2633/2633/2633 2634/2634/2634
f 2634/2634/2634 2343/2343/2343 2345/2345/2345
f 2635/2635/2635 2340/2340/2340 2343/2343/2343
f 2343/2343/2343 2634/2634/2634 2635/2635/2635
f 2340/2340/2340 2635/2635/2635 2636/2636/2636
f 2636/2636/2636 2341/2341/2341 2340/2340/2340
f 2637/2637/2637 2616/2616/2616 2335/2335/2335
f 2335/2335/2335 2337/2337/2337 2637/2637/2637
f 2518/2518/2518 2638/2638/2638 2639/2639/2639
f 2639/2639/2639 2519/2519/2519 2518/2518/2518
f 2518/2518/2518 2520/2520/2520 2640/2640/2640
f 2640/2640/2640 2638/2638/2638 2518/2518/2518
f 2520/2520/2520 2521/2521/2521 2641/2641/2641
f 2641/2641/2641 2640/2640/2640 2520/2520/2520
f 2521/2521/2521 2522/2522/2522 2642/2642/2642
f 2642/2642/2642 2641/2641/2641 2521/2521/2521
f 2522/2522/2522 2523/2523/2523 2643/2643/2643
f 2643/2643/2643 2642/2642/2642 2522/2522/2522
f 2523/2523/2523 2524/2524/2524 2644/2644/2644
f 2644/2644/2644 2643/2643/2643 2523/2523/2523
f 2524/2524/2524 2525/2525/2525 2645/2645/2645
f 2645/2645/2645 2644/2644/2644 2524/2524/2524
f 2525/2525/2525 2526/2526/2526 2646/2646/2646
f 2646/2646/2646 2645/2645/2645 2525/2525/2525
f 2526/2526/2526 2527/2527/2527 2647/2647/2647
f 2647/2647/2647 2646/2646/2646 2526/2526/2526
f 2527/2527/2527 2528/2528/2528 2648/2648/2648
f 2648/2648/2648 2647/2647/2647 2527/2527/2527
f 2528/2528/2528 2529/2529/2529 2649/2649/2649
f 2649/2649/2649 2648/2648/2648 2528/2528/2528
f 2529/2529/2529 2530/2530/2530 2650/2650/2650
f 2650/2650/2650 2649/2649/2649 2529/2529/2529
f 2530/2530/2530 2531/2531/2531 2651/2651/2651
f 2651/2651/2651 2650/2650/2650 2530/2530/2530
f 2531/2531/2531 2532/2532/2532 2652/2652/2652
f 2652/2652/2652 2651/2651/2651 2531/2531/2531
f 2532/2532/2532 2533/2533/2533 2653/2653/2653
f 2653/2653/2653 2652/2652/2652 2532/2532/2532
f 2653/2653/2653 2533/2533/2533 2534/2534/2534
f 2534/2534/2534 2654/2654/2654 2653/2653/2653
f 2654/2654/2654 2534/2534/2534 2535/2535/2535
f 2535/2535/2535 2655/2655/2655 2654/2654/2654
f 2655/2655/2655 2535/2535/2535 2519/2519/2519
f 2519/2519/2519 2639/2639/2639 2655/2655/2655
f 2656/2656/2656 2657/2657/2657 2658/2658/2658
f 2658/2658/2658 2659/2659/2659 2656/2656/2656
f 2660/2660/2660 2656/2656/2656 2659/2659/2659
f 2659/2659/2659 2661/2661/2661 2660/2660/2660
f 2662/2662/2662 2663/2663/2663 2664/2664/2664
f 2664/2664/2664 2665/2665/2665 2662/2662/2662
f 2666/2666/2666 2664/2664/2664 2663/2663/2663
f 2663/2663/2663 2659/2659/2659 2666/2666/2666
f 2667/2667/2667 2668/2668/2668 2669/2669/2669
f 2669/2669/2669 2670/2670/2670 2667/2667/2667
f 2671/2671/2671 2670/2670/2670 2669/2669/2669
f 2669/2669/2669 2663/2663/2663 2671/2671/2671
f 2661/2661/2661 2659/2659/2659 2663/2663/2663
f 2663/2663/2663 2669/2669/2669 2661/2661/2661
f 2672/2672/2672 2661/2661/2661 2669/2669/2669
f 2669/2669/2669 2673/2673/2673 2672/2672/2672
f 2674/2674/2674 2661/2661/2661 2672/2672/2672
f 2672/2672/2672 2675/2675/2675 2674/2674/2674
f 2676/2676/2676 2677/2677/2677 2678/2678/2678
f 2678/2678/2678 2679/2679/2679 2676/2676/2676
f 2680/2680/2680 2681/2681/2681 2682/2682/2682
f 2682/2682/2682 2683/2683/2683 2680/2680/2680
f 2684/2684/2684 2685/2685/2685 2686/2686/2686
f 2686/2686/2686 2687/2687/2687 2684/2684/2684
f 2688/2688/2688 2689/2689/2689 2690/2690/2690
f 2690/2690/2690 2691/2691/2691 2688/2688/2688
f 2678/2678/2678 2677/2677/2677 2692/2692/2692
f 2692/2692/2692 2693/2693/2693 2678/2678/2678
f 2679/2679/2679 2694/2694/2694 2695/2695/2695
f 2695/2695/2695 2676/2676/2676 2679/2679/2679
f 2696/2696/2696 2697/2697/2697 2682/2682/2682
f 2682/2682/2682 2681/2681/2681 2696/2696/2696
f 2698/2698/2698 2699/2699/2699 2686/2686/2686
f 2686/2686/2686 2685/2685/2685 2698/2698/2698
f 2700/2700/2700 2701/2701/2701 2693/2693/2693
f 2693/2693/2693 2692/2692/2692 2700/2700/2700
f 2702/2702/2702 2703/2703/2703 2704/2704/2704
f 2704/2704/2704 2705/2705/2705 2702/2702/2702
f 2703/2703/2703 2702/2702/2702 2680/2680/2680
f 2680/2680/2680 2683/2683/2683 2703/2703/2703
f 2706/2706/2706 2707/2707/2707 2695/2695/2695
f 2695/2695/2695 2694/2694/2694 2706/2706/2706
f 2708/2708/2708 2709/2709/2709 2710/2710/2710
f 2710/2710/2710 2711/2711/2711 2708/2708/2708
f 2689/2689/2689 2688/2688/2688 2709/2709/2709
f 2709/2709/2709 2708/2708/2708 2689/2689/2689
f 2712/2712/2712 2697/2697/2697 2696/2696/2696
f 2696/2696/2696 2713/2713/2713 2712/2712/2712
f 2714/2714/2714 2715/2715/2715 2716/2716/2716
f 2716/2716/2716 2717/2717/2717 2714/2714/2714
f 2687/2687/2687 2715/2715/2715 2714/2714/2714
f 2714/2714/2714 2684/2684/2684 2687/2687/2687
f 2718/2718/2718 2699/2699/2699 2698/2698/2698
f 2698/2698/2698 2719/2719/2719 2718/2718/2718
f 2720/2720/2720 2721/2721/2721 2722/2722/2722
f 2722/2722/2722 2723/2723/2723 2720/2720/2720
f 2690/2690/2690 2721/2721/2721 2720/2720/2720
f 2720/2720/2720 2691/2691/2691 2690/2690/2690
f 2724/2724/2724 2725/2725/2725 2726/2726/2726
f 2726/2726/2726 2727/2727/2727 2724/2724/2724
f 2728/2728/2728 2729/2729/2729 2730/2730/2730
f 2730/2730/2730 2731/2731/2731 2728/2728/2728
f 2732/2732/2732 2733/2733/2733 2734/2734/2734
f 2734/2734/2734 2735/2735/2735 2732/2732/2732
f 2736/2736/2736 2737/2737/2737 2738/2738/2738
f 2738/2738/2738 2739/2739/2739 2736/2736/2736
f 2740/2740/2740 2676/2676/2676 2695/2695/2695
f 2695/2695/2695 2741/2741/2741 2740/2740/2740
f 2742/2742/2742 2680/2680/2680 2702/2702/2702
f 2702/2702/2702 2743/2743/2743 2742/2742/2742
f 2720/2720/2720 2744/2744/2744 2745/2745/2745
f 2745/2745/2745 2691/2691/2691 2720/2720/2720
f 2746/2746/2746 2684/2684/2684 2714/2714/2714
f 2714/2714/2714 2747/2747/2747 2746/2746/2746
f 2748/2748/2748 2709/2709/2709 2688/2688/2688
f 2688/2688/2688 2749/2749/2749 2748/2748/2748
f 2748/2748/2748 2750/2750/2750 2710/2710/2710
f 2710/2710/2710 2709/2709/2709 2748/2748/2748
f 2751/2751/2751 2741/2741/2741 2695/2695/2695
f 2695/2695/2695 2707/2707/2707 2751/2751/2751
f 2752/2752/2752 2753/2753/2753 2692/2692/2692
f 2692/2692/2692 2677/2677/2677 2752/2752/2752
f 2692/2692/2692 2753/2753/2753 2754/2754/2754
f 2754/2754/2754 2700/2700/2700 2692/2692/2692
f 2743/2743/2743 2702/2702/2702 2705/2705/2705
f 2705/2705/2705 2755/2755/2755 2743/2743/2743
f 2698/2698/2698 2685/2685/2685 2756/2756/2756
f 2756/2756/2756 2757/2757/2757 2698/2698/2698
f 2757/2757/2757 2758/2758/2758 2719/2719/2719
f 2719/2719/2719 2698/2698/2698 2757/2757/2757
f 2723/2723/2723 2759/2759/2759 2744/2744/2744
f 2744/2744/2744 2720/2720/2720 2723/2723/2723
f 2696/2696/2696 2681/2681/2681 2760/2760/2760
f 2760/2760/2760 2761/2761/2761 2696/2696/2696
f 2761/2761/2761 2762/2762/2762 2713/2713/2713
f 2713/2713/2713 2696/2696/2696 2761/2761/2761
f 2714/2714/2714 2717/2717/2717 2763/2763/2763
f 2763/2763/2763 2747/2747/2747 2714/2714/2714
f 2752/2752/2752 2677/2677/2677 2676/2676/2676
f 2676/2676/2676 2740/2740/2740 2752/2752/2752
f 2742/2742/2742 2760/2760/2760 2681/2681/2681
f 2681/2681/2681 2680/2680/2680 2742/2742/2742
f 2756/2756/2756 2685/2685/2685 2684/2684/2684
f 2684/2684/2684 2746/2746/2746 2756/2756/2756
f 2691/2691/2691 2745/2745/2745 2749/2749/2749
f 2749/2749/2749 2688/2688/2688 2691/2691/2691
f 2724/2724/2724 2727/2727/2727 2764/2764/2764
f 2764/2764/2764 2765/2765/2765 2724/2724/2724
f 2766/2766/2766 2767/2767/2767 2730/2730/2730
f 2730/2730/2730 2729/2729/2729 2766/2766/2766
f 2768/2768/2768 2737/2737/2737 2736/2736/2736
f 2736/2736/2736 2769/2769/2769 2768/2768/2768
f 2770/2770/2770 2771/2771/2771 2734/2734/2734
f 2734/2734/2734 2733/2733/2733 2770/2770/2770
f 2738/2738/2738 2772/2772/2772 2773/2773/2773
f 2773/2773/2773 2739/2739/2739 2738/2738/2738
f 2773/2773/2773 2772/2772/2772 2774/2774/2774
f 2774/2774/2774 2775/2775/2775 2773/2773/2773
f 2764/2764/2764 2775/2775/2775 2774/2774/2774
f 2774/2774/2774 2765/2765/2765 2764/2764/2764
f 2725/2725/2725 2776/2776/2776 2777/2777/2777
f 2777/2777/2777 2726/2726/2726 2725/2725/2725
f 2778/2778/2778 2779/2779/2779 2777/2777/2777
f 2777/2777/2777 2776/2776/2776 2778/2778/2778
f 2779/2779/2779 2778/2778/2778 2767/2767/2767
f 2767/2767/2767 2766/2766/2766 2779/2779/2779
f 2780/2780/2780 2781/2781/2781 2732/2732/2732
f 2732/2732/2732 2735/2735/2735 2780/2780/2780
f 2782/2782/2782 2783/2783/2783 2781/2781/2781
f 2781/2781/2781 2780/2780/2780 2782/2782/2782
f 2769/2769/2769 2783/2783/2783 2782/2782/2782
f 2782/2782/2782 2768/2768/2768 2769/2769/2769
f 2784/2784/2784 2785/2785/2785 2728/2728/2728
f 2728/2728/2728 2731/2731/2731 2784/2784/2784
f 2786/2786/2786 2785/2785/2785 2784/2784/2784
f 2784/2784/2784 2787/2787/2787 2786/2786/2786
f 2771/2771/2771 2770/2770/2770 2786/2786/2786
f 2786/2786/2786 2787/2787/2787 2771/2771/2771
f 2788/2788/2788 2789/2789/2789 2790/2790/2790
f 2790/2790/2790 2791/2791/2791 2788/2788/2788
f 2792/2792/2792 2793/2793/2793 2794/2794/2794
f 2794/2794/2794 2795/2795/2795 2792/2792/2792
f 2796/2796/2796 2797/2797/2797 2798/2798/2798
f 2798/2798/2798 2799/2799/2799 2796/2796/2796
f 2800/2800/2800 2801/2801/2801 2802/2802/2802
f 2802/2802/2802 2803/2803/2803 2800/2800/2800
f 2804/2804/2804 2805/2805/2805 2806/2806/2806
f 2806/2806/2806 2807/2807/2807 2804/2804/2804
f 2808/2808/2808 2809/2809/2809 2810/2810/2810
f 2810/2810/2810 2811/2811/2811 2808/2808/2808
f 2812/2812/2812 2813/2813/2813 2814/2814/2814
f 2814/2814/2814 2815/2815/2815 2812/2812/2812
f 2814/2814/2814 2816/2816/2816 2815/2815/2815
f 2817/2817/2817 2812/2812/2812 2815/2815/2815
f 2818/2818/2818 2819/2819/2819 2820/2820/2820
f 2820/2820/2820 2821/2821/2821 2818/2818/2818
f 2822/2822/2822 2823/2823/2823 2824/2824/2824
f 2824/2824/2824 2825/2825/2825 2822/2822/2822
f 2826/2826/2826 2827/2827/2827 2828/2828/2828
f 2828/2828/2828 2829/2829/2829 2826/2826/2826
f 2826/2826/2826 2830/2830/2830 2831/2831/2831
f 2831/2831/2831 2827/2827/2827 2826/2826/2826
f 2832/2832/2832 2833/2833/2833 2834/2834/2834
f 2834/2834/2834 2835/2835/2835 2832/2832/2832
f 2836/2836/2836 2837/2837/2837 2838/2838/2838
f 2838/2838/2838 2839/2839/2839 2836/2836/2836
f 2840/2840/2840 2841/2841/2841 2842/2842/2842
f 2842/2842/2842 2843/2843/2843 2840/2840/2840
f 2844/2844/2844 2845/2845/2845 2846/2846/2846
f 2846/2846/2846 2847/2847/2847 2844/2844/2844
f 2848/2848/2848 2849/2849/2849 2850/2850/2850
f 2850/2850/2850 2851/2851/2851 2848/2848/2848
f 2852/2852/2852 2853/2853/2853 2854/2854/2854
f 2854/2854/2854 2855/2855/2855 2852/2852/2852
f 2856/2856/2856 2857/2857/2857 2858/2858/2858
f 2858/2858/2858 2859/2859/2859 2856/2856/2856
f 2860/2860/2860 2861/2861/2861 2862/2862/2862
f 2862/2862/2862 2863/2863/2863 2860/2860/2860
f 2864/2864/2864 2865/2865/2865 2866/2866/2866
f 2866/2866/2866 2867/2867/2867 2864/2864/2864
f 2866/2866/2866 2868/2868/2868 2867/2867/2867
f 2869/2869/2869 2864/2864/2864 2867/2867/2867
f 2870/2870/2870 2871/2871/2871 2872/2872/2872
f 2872/2872/2872 2873/2873/2873 2870/2870/2870
f 2874/2874/2874 2875/2875/2875 2876/2876/2876
f 2876/2876/2876 2877/2877/2877 2874/2874/2874
f 2878/2878/2878 2879/2879/2879 2880/2880/2880
f 2880/2880/2880 2881/2881/2881 2878/2878/2878
f 2882/2882/2882 2883/2883/2883 2880/2880/2880
f 2880/2880/2880 2879/2879/2879 2882/2882/2882
f 2884/2884/2884 2885/2885/2885 2886/2886/2886
f 2886/2886/2886 2887/2887/2887 2884/2884/2884
f 2888/2888/2888 2889/2889/2889 2870/2870/2870
f 2870/2870/2870 2873/2873/2873 2888/2888/2888
f 2890/2890/2890 2891/2891/2891 2892/2892/2892
f 2892/2892/2892 2893/2893/2893 2890/2890/2890
f 2894/2894/2894 2895/2895/2895 2896/2896/2896
f 2896/2896/2896 2897/2897/2897 2894/2894/2894
f 2898/2898/2898 2899/2899/2899 2900/2900/2900
f 2900/2900/2900 2901/2901/2901 2898/2898/2898
f 2902/2902/2902 2903/2903/2903 2904/2904/2904
f 2904/2904/2904 2905/2905/2905 2902/2902/2902
f 2906/2906/2906 2907/2907/2907 2908/2908/2908
f 2908/2908/2908 2909/2909/2909 2906/2906/2906
f 2910/2910/2910 2911/2911/2911 2912/2912/2912
f 2912/2912/2912 2913/2913/2913 2910/2910/2910
f 2914/2914/2914 2915/2915/2915 2916/2916/2916
f 2916/2916/2916 2917/2917/2917 2914/2914/2914
f 2916/2916/2916 2918/2918/2918 2917/2917/2917
f 2919/2919/2919 2914/2914/2914 2917/2917/2917
f 2920/2920/2920 2921/2921/2921 2922/2922/2922
f 2922/2922/2922 2923/2923/2923 2920/2920/2920
f 2924/2924/2924 2925/2925/2925 2926/2926/2926
f 2926/2926/2926 2927/2927/2927 2924/2924/2924
f 2928/2928/2928 2929/2929/2929 2930/2930/2930
f 2930/2930/2930 2931/2931/2931 2928/2928/2928
f 2931/2931/2931 2930/2930/2930 2932/2932/2932
f 2932/2932/2932 2933/2933/2933 2931/2931/2931
f 2934/2934/2934 2935/2935/2935 2936/2936/2936
f 2936/2936/2936 2937/2937/2937 2934/2934/2934
f 2920/2920/2920 2938/2938/2938 2939/2939/2939
f 2939/2939/2939 2921/2921/2921 2920/2920/2920
f 2940/2940/2940 2941/2941/2941 2942/2942/2942
f 2942/2942/2942 2943/2943/2943 2940/2940/2940
f 2944/2944/2944 2945/2945/2945 2946/2946/2946
f 2946/2946/2946 2947/2947/2947 2944/2944/2944
f 2948/2948/2948 2949/2949/2949 2950/2950/2950
f 2950/2950/2950 2951/2951/2951 2948/2948/2948
f 2952/2952/2952 2953/2953/2953 2954/2954/2954
f 2954/2954/2954 2955/2955/2955 2952/2952/2952
f 2956/2956/2956 2957/2957/2957 2958/2958/2958
f 2958/2958/2958 2959/2959/2959 2956/2956/2956
f 2960/2960/2960 2961/2961/2961 2962/2962/2962
f 2962/2962/2962 2963/2963/2963 2960/2960/2960
f 2964/2964/2964 2965/2965/2965 2966/2966/2966
f 2966/2966/2966 2967/2967/2967 2964/2964/2964
f 2966/2966/2966 2968/2968/2968 2967/2967/2967
f 2969/2969/2969 2964/2964/2964 2967/2967/2967
f 2970/2970/2970 2971/2971/2971 2972/2972/2972
f 2972/2972/2972 2973/2973/2973 2970/2970/2970
f 2974/2974/2974 2975/2975/2975 2976/2976/2976
f 2976/2976/2976 2977/2977/2977 2974/2974/2974
f 2978/2978/2978 2979/2979/2979 2980/2980/2980
f 2980/2980/2980 2981/2981/2981 2978/2978/2978
f 2978/2978/2978 2982/2982/2982 2983/2983/2983
f 2983/2983/2983 2979/2979/2979 2978/2978/2978
f 2982/2982/2982 2984/2984/2984 2985/2985/2985
f 2985/2985/2985 2983/2983/2983 2982/2982/2982
f 2986/2986/2986 2987/2987/2987 2988/2988/2988
f 2988/2988/2988 2989/2989/2989 2986/2986/2986
f 2990/2990/2990 2991/2991/2991 2992/2992/2992
f 2992/2992/2992 2993/2993/2993 2990/2990/2990
f 2992/2992/2992 2994/2994/2994 2995/2995/2995
f 2995/2995/2995 2993/2993/2993 2992/2992/2992
f 2996/2996/2996 2997/2997/2997 2998/2998/2998
f 2998/2998/2998 2999/2999/2999 2996/2996/2996
f 2999/2999/2999 3000/3000/3000 3001/3001/3001
f 3001/3001/3001 2996/2996/2996 2999/2999/2999
f 3001/3001/3001 3000/3000/3000 3002/3002/3002
f 3002/3002/3002 3003/3003/3003 3001/3001/3001
f 3004/3004/3004 3005/3005/3005 3006/3006/3006
f 3006/3006/3006 3007/3007/3007 3004/3004/3004
f 3007/3007/3007 3006/3006/3006 3008/3008/3008
f 3008/3008/3008 3009/3009/3009 3007/3007/3007
f 3010/3010/3010 3011/3011/3011 3012/3012/3012
f 3012/3012/3012 3013/3013/3013 3010/3010/3010
f 3013/3013/3013 3012/3012/3012 3014/3014/3014
f 3014/3014/3014 3015/3015/3015 3013/3013/3013
f 3015/3015/3015 3014/3014/3014 3016/3016/3016
f 3016/3016/3016 3017/3017/3017 3015/3015/3015
f 3017/3017/3017 3016/3016/3016 3018/3018/3018
f 3018/3018/3018 3019/3019/3019 3017/3017/3017
f 3020/3020/3020 3021/3021/3021 3022/3022/3022
f 3022/3022/3022 3023/3023/3023 3020/3020/3020
f 3023/3023/3023 3022/3022/3022 3024/3024/3024
f 3024/3024/3024 3025/3025/3025 3023/3023/3023
f 3025/3025/3025 3024/3024/3024 3026/3026/3026
f 3026/3026/3026 3027/3027/3027 3025/3025/3025
f 3028/3028/3028 3027/3027/3027 3026/3026/3026
f 3026/3026/3026 3029/3029/3029 3028/3028/3028
f 3030/3030/3030 3028/3028/3028 3029/3029/3029
f 3029/3029/3029 3031/3031/3031 3030/3030/3030
f 3032/3032/3032 3033/3033/3033 3034/3034/3034
f 3034/3034/3034 3035/3035/3035 3032/3032/3032
f 2991/2991/2991 2990/2990/2990 3034/3034/3034
f 3034/3034/3034 3033/3033/3033 2991/2991/2991
f 3036/3036/3036 3037/3037/3037 3038/3038/3038
f 3038/3038/3038 3039/3039/3039 3036/3036/3036
f 3038/3038/3038 3040/3040/3040 3041/3041/3041
f 3041/3041/3041 3042/3042/3042 3038/3038/3038
f 3041/3041/3041 3043/3043/3043 3042/3042/3042
f 3044/3044/3044 3045/3045/3045 3046/3046/3046
f 3046/3046/3046 3042/3042/3042 3044/3044/3044
f 3045/3045/3045 3047/3047/3047 3046/3046/3046
f 3042/3042/3042 3046/3046/3046 3039/3039/3039
f 3039/3039/3039 3038/3038/3038 3042/3042/3042
f 3048/3048/3048 3049/3049/3049 3039/3039/3039
f 3039/3039/3039 3046/3046/3046 3048/3048/3048
f 3049/3049/3049 3050/3050/3050 3039/3039/3039
f 3036/3036/3036 3039/3039/3039 3051/3051/3051
f 3051/3051/3051 3052/3052/3052 3036/3036/3036
f 3053/3053/3053 3036/3036/3036 3052/3052/3052
f 3054/3054/3054 3055/3055/3055 3056/3056/3056
f 3056/3056/3056 3057/3057/3057 3054/3054/3054
f 3055/3055/3055 3054/3054/3054 3058/3058/3058
f 3058/3058/3058 3059/3059/3059 3055/3055/3055
f 3060/3060/3060 3061/3061/3061 3059/3059/3059
f 3059/3059/3059 3058/3058/3058 3060/3060/3060
f 3061/3061/3061 3060/3060/3060 3062/3062/3062
f 3062/3062/3062 3063/3063/3063 3061/3061/3061
f 3064/3064/3064 3063/3063/3063 3062/3062/3062
f 3062/3062/3062 3065/3065/3065 3064/3064/3064
f 3066/3066/3066 3067/3067/3067 3064/3064/3064
f 3064/3064/3064 3065/3065/3065 3066/3066/3066
f 3068/3068/3068 3069/3069/3069 3067/3067/3067
f 3067/3067/3067 3066/3066/3066 3068/3068/3068
f 3070/3070/3070 3071/3071/3071 3069/3069/3069
f 3069/3069/3069 3068/3068/3068 3070/3070/3070
f 3072/3072/3072 3073/3073/3073 3071/3071/3071
f 3071/3071/3071 3070/3070/3070 3072/3072/3072
f 3074/3074/3074 3073/3073/3073 3072/3072/3072
f 3072/3072/3072 3075/3075/3075 3074/3074/3074
f 3074/3074/3074 3075/3075/3075 3076/3076/3076
f 3076/3076/3076 3077/3077/3077 3074/3074/3074
f 3078/3078/3078 3077/3077/3077 3076/3076/3076
f 3076/3076/3076 3079/3079/3079 3078/3078/3078
f 3080/3080/3080 3081/3081/3081 3078/3078/3078
f 3078/3078/3078 3079/3079/3079 3080/3080/3080
f 3082/3082/3082 3083/3083/3083 3081/3081/3081
f 3081/3081/3081 3080/3080/3080 3082/3082/3082
f 3084/3084/3084 3083/3083/3083 3082/3082/3082
f 3082/3082/3082 3085/3085/3085 3084/3084/3084
f 3086/3086/3086 3087/3087/3087 3084/3084/3084
f 3084/3084/3084 3085/3085/3085 3086/3086/3086
f 3088/3088/3088 3087/3087/3087 3086/3086/3086
f 3086/3086/3086 3089/3089/3089 3088/3088/3088
f 3056/3056/3056 3088/3088/3088 3089/3089/3089
f 3089/3089/3089 3057/3057/3057 3056/3056/3056
f 3090/3090/3090 3091/3091/3091 3092/3092/3092
f 3092/3092/3092 3093/3093/3093 3090/3090/3090
f 3094/3094/3094 3093/3093/3093 3092/3092/3092
f 3092/3092/3092 3095/3095/3095 3094/3094/3094
f 3096/3096/3096 3097/3097/3097 3098/3098/3098
f 3098/3098/3098 3099/3099/3099 3096/3096/3096
f 3096/3096/3096 3099/3099/3099 3100/3100/3100
f 3100/3100/3100 3101/3101/3101 3096/3096/3096
f 3102/3102/3102 3101/3101/3101 3100/3100/3100
f 3100/3100/3100 3103/3103/3103 3102/3102/3102
f 3104/3104/3104 3102/3102/3102 3103/3103/3103
f 3103/3103/3103 3105/3105/3105 3104/3104/3104
f 3106/3106/3106 3104/3104/3104 3105/3105/3105
f 3105/3105/3105 3107/3107/3107 3106/3106/3106
f 3108/3108/3108 3109/3109/3109 3110/3110/3110
f 3110/3110/3110 3111/3111/3111 3108/3108/3108
f 3112/3112/3112 3113/3113/3113 3109/3109/3109
f 3109/3109/3109 3108/3108/3108 3112/3112/3112
f 3112/3112/3112 3114/3114/3114 3115/3115/3115
f 3115/3115/3115 3113/3113/3113 3112/3112/3112
f 3115/3115/3115 3114/3114/3114 3116/3116/3116
f 3116/3116/3116 3117/3117/3117 3115/3115/3115
f 3118/3118/3118 3119/3119/3119 3120/3120/3120
f 3120/3120/3120 3121/3121/3121 3118/3118/3118
f 3122/3122/3122 3118/3118/3118 3121/3121/3121
f 3121/3121/3121 3123/3123/3123 3122/3122/3122
f 3124/3124/3124 3125/3125/3125 3122/3122/3122
f 3122/3122/3122 3123/3123/3123 3124/3124/3124
f 3125/3125/3125 3124/3124/3124 3126/3126/3126
f 3126/3126/3126 3127/3127/3127 3125/3125/3125
f 3128/3128/3128 3129/3129/3129 3127/3127/3127
f 3127/3127/3127 3126/3126/3126 3128/3128/3128
f 3130/3130/3130 3131/3131/3131 3132/3132/3132
f 3132/3132/3132 3133/3133/3133 3130/3130/3130
f 3091/3091/3091 3090/3090/3090 3130/3130/3130
f 3130/3130/3130 3133/3133/3133 3091/3091/3091
f 3134/3134/3134 3135/3135/3135 3136/3136/3136
f 3136/3136/3136 3137/3137/3137 3134/3134/3134
f 3138/3138/3138 3137/3137/3137 3136/3136/3136
f 3136/3136/3136 3139/3139/3139 3138/3138/3138
f 3138/3138/3138 3139/3139/3139 3140/3140/3140
f 3140/3140/3140 3141/3141/3141 3138/3138/3138
f 3142/3142/3142 3141/3141/3141 3140/3140/3140
f 3140/3140/3140 3143/3143/3143 3142/3142/3142
f 3144/3144/3144 3142/3142/3142 3143/3143/3143
f 3143/3143/3143 3145/3145/3145 3144/3144/3144
f 3146/3146/3146 3147/3147/3147 3144/3144/3144
f 3144/3144/3144 3145/3145/3145 3146/3146/3146
f 3148/3148/3148 3147/3147/3147 3146/3146/3146
f 3146/3146/3146 3149/3149/3149 3148/3148/3148
f 3148/3148/3148 3149/3149/3149 3150/3150/3150
f 3150/3150/3150 3151/3151/3151 3148/3148/3148
f 3152/3152/3152 3151/3151/3151 3150/3150/3150
f 3150/3150/3150 3153/3153/3153 3152/3152/3152
f 3154/3154/3154 3152/3152/3152 3153/3153/3153
f 3153/3153/3153 3155/3155/3155 3154/3154/3154
f 3154/3154/3154 3155/3155/3155 3156/3156/3156
f 3156/3156/3156 3157/3157/3157 3154/3154/3154
f 3157/3157/3157 3156/3156/3156 3158/3158/3158
f 3158/3158/3158 3159/3159/3159 3157/3157/3157
f 3160/3160/3160 3159/3159/3159 3158/3158/3158
f 3158/3158/3158 3161/3161/3161 3160/3160/3160
f 3162/3162/3162 3163/3163/3163 3160/3160/3160
f 3160/3160/3160 3161/3161/3161 3162/3162/3162
f 3164/3164/3164 3165/3165/3165 3163/3163/3163
f 3163/3163/3163 3162/3162/3162 3164/3164/3164
f 3164/3164/3164 3166/3166/3166 3167/3167/3167
f 3167/3167/3167 3165/3165/3165 3164/3164/3164
f 3168/3168/3168 3169/3169/3169 3167/3167/3167
f 3167/3167/3167 3166/3166/3166 3168/3168/3168
f 3169/3169/3169 3168/3168/3168 3135/3135/3135
f 3135/3135/3135 3134/3134/3134 3169/3169/3169
f 3170/3170/3170 3171/3171/3171 3172/3172/3172
f 3172/3172/3172 3173/3173/3173 3170/3170/3170
f 3170/3170/3170 3174/3174/3174 3175/3175/3175
f 3175/3175/3175 3171/3171/3171 3170/3170/3170
f 3176/3176/3176 3177/3177/3177 3178/3178/3178
f 3178/3178/3178 3179/3179/3179 3176/3176/3176
f 3177/3177/3177 3180/3180/3180 3181/3181/3181
f 3181/3181/3181 3178/3178/3178 3177/3177/3177
f 3180/3180/3180 3182/3182/3182 3183/3183/3183
f 3183/3183/3183 3181/3181/3181 3180/3180/3180
f 3184/3184/3184 3185/3185/3185 3183/3183/3183
f 3183/3183/3183 3182/3182/3182 3184/3184/3184
f 3186/3186/3186 3187/3187/3187 3185/3185/3185
f 3185/3185/3185 3184/3184/3184 3186/3186/3186
f 3188/3188/3188 3189/3189/3189 3190/3190/3190
f 3190/3190/3190 3191/3191/3191 3188/3188/3188
f 3189/3189/3189 3188/3188/3188 3192/3192/3192
f 3192/3192/3192 3193/3193/3193 3189/3189/3189
f 3193/3193/3193 3192/3192/3192 3194/3194/3194
f 3194/3194/3194 3195/3195/3195 3193/3193/3193
f 3195/3195/3195 3194/3194/3194 3196/3196/3196
f 3196/3196/3196 3197/3197/3197 3195/3195/3195
f 3198/3198/3198 3199/3199/3199 3200/3200/3200
f 3200/3200/3200 3201/3201/3201 3198/3198/3198
f 3202/3202/3202 3203/3203/3203 3198/3198/3198
f 3198/3198/3198 3201/3201/3201 3202/3202/3202
f 3203/3203/3203 3202/3202/3202 3204/3204/3204
f 3204/3204/3204 3205/3205/3205 3203/3203/3203
f 3206/3206/3206 3207/3207/3207 3208/3208/3208
f 3208/3208/3208 3209/3209/3209 3206/3206/3206
f 3206/3206/3206 3209/3209/3209 3210/3210/3210
f 3210/3210/3210 3211/3211/3211 3206/3206/3206
f 3212/3212/3212 3213/3213/3213 3214/3214/3214
f 3214/3214/3214 3215/3215/3215 3212/3212/3212
f 3173/3173/3173 3172/3172/3172 3212/3212/3212
f 3212/3212/3212 3215/3215/3215 3173/3173/3173
f 3216/3216/3216 3217/3217/3217 3218/3218/3218
f 3218/3218/3218 3219/3219/3219 3216/3216/3216
f 3220/3220/3220 3217/3217/3217 3216/3216/3216
f 3216/3216/3216 3221/3221/3221 3220/3220/3220
f 3222/3222/3222 3223/3223/3223 3224/3224/3224
f 3224/3224/3224 3225/3225/3225 3222/3222/3222
f 3226/3226/3226 3227/3227/3227 3223/3223/3223
f 3223/3223/3223 3222/3222/3222 3226/3226/3226
f 3226/3226/3226 3228/3228/3228 3229/3229/3229
f 3229/3229/3229 3227/3227/3227 3226/3226/3226
f 3228/3228/3228 3230/3230/3230 3231/3231/3231
f 3231/3231/3231 3229/3229/3229 3228/3228/3228
f 3232/3232/3232 3231/3231/3231 3230/3230/3230
f 3230/3230/3230 3233/3233/3233 3232/3232/3232
f 3234/3234/3234 3235/3235/3235 3236/3236/3236
f 3236/3236/3236 3237/3237/3237 3234/3234/3234
f 3238/3238/3238 3234/3234/3234 3237/3237/3237
f 3237/3237/3237 3239/3239/3239 3238/3238/3238
f 3240/3240/3240 3241/3241/3241 3238/3238/3238
f 3238/3238/3238 3239/3239/3239 3240/3240/3240
f 3242/3242/3242 3243/3243/3243 3241/3241/3241
f 3241/3241/3241 3240/3240/3240 3242/3242/3242
f 3244/3244/3244 3245/3245/3245 3246/3246/3246
f 3246/3246/3246 3247/3247/3247 3244/3244/3244
f 3248/3248/3248 3249/3249/3249 3245/3245/3245
f 3245/3245/3245 3244/3244/3244 3248/3248/3248
f 3250/3250/3250 3249/3249/3249 3248/3248/3248
f 3248/3248/3248 3251/3251/3251 3250/3250/3250
f 3252/3252/3252 3250/3250/3250 3251/3251/3251
f 3251/3251/3251 3253/3253/3253 3252/3252/3252
f 3254/3254/3254 3252/3252/3252 3253/3253/3253
f 3253/3253/3253 3255/3255/3255 3254/3254/3254
f 3256/3256/3256 3257/3257/3257 3258/3258/3258
f 3258/3258/3258 3259/3259/3259 3256/3256/3256
f 3257/3257/3257 3256/3256/3256 3219/3219/3219
f 3219/3219/3219 3218/3218/3218 3257/3257/3257
f 3260/3260/3260 3261/3261/3261 3262/3262/3262
f 3262/3262/3262 3263/3263/3263 3260/3260/3260
f 3264/3264/3264 3265/3265/3265 3266/3266/3266
f 3266/3266/3266 3262/3262/3262 3264/3264/3264
f 3265/3265/3265 3267/3267/3267 3266/3266/3266
f 3268/3268/3268 3269/3269/3269 3270/3270/3270
f 3270/3270/3270 3266/3266/3266 3268/3268/3268
f 3269/3269/3269 3271/3271/3271 3270/3270/3270
f 3262/3262/3262 3266/3266/3266 3270/3270/3270
f 3270/3270/3270 3263/3263/3263 3262/3262/3262
f 3272/3272/3272 3273/3273/3273 3263/3263/3263
f 3263/3263/3263 3270/3270/3270 3272/3272/3272
f 3273/3273/3273 3274/3274/3274 3263/3263/3263
f 3275/3275/3275 3260/3260/3260 3263/3263/3263
f 3263/3263/3263 3276/3276/3276 3275/3275/3275
f 3277/3277/3277 3260/3260/3260 3275/3275/3275
f 3278/3278/3278 3279/3279/3279 3280/3280/3280
f 3280/3280/3280 3281/3281/3281 3278/3278/3278
f 3282/3282/3282 3283/3283/3283 3284/3284/3284
f 3284/3284/3284 3285/3285/3285 3282/3282/3282
f 3279/3279/3279 3286/3286/3286 3287/3287/3287
f 3287/3287/3287 3280/3280/3280 3279/3279/3279
f 3288/3288/3288 3284/3284/3284 3283/3283/3283
f 3283/3283/3283 3289/3289/3289 3288/3288/3288
f 3290/3290/3290 3291/3291/3291 3292/3292/3292
f 3292/3292/3292 3293/3293/3293 3290/3290/3290
f 3294/3294/3294 3295/3295/3295 3296/3296/3296
f 3296/3296/3296 3297/3297/3297 3294/3294/3294
f 3290/3290/3290 3293/3293/3293 3298/3298/3298
f 3298/3298/3298 3299/3299/3299 3290/3290/3290
f 3294/3294/3294 3297/3297/3297 3300/3300/3300
f 3300/3300/3300 3301/3301/3301 3294/3294/3294
f 3298/3298/3298 3302/3302/3302 3303/3303/3303
f 3303/3303/3303 3299/3299/3299 3298/3298/3298
f 3301/3301/3301 3300/3300/3300 3304/3304/3304
f 3304/3304/3304 3305/3305/3305 3301/3301/3301
f 3303/3303/3303 3302/3302/3302 3306/3306/3306
f 3306/3306/3306 3307/3307/3307 3303/3303/3303
f 3305/3305/3305 3304/3304/3304 3308/3308/3308
f 3308/3308/3308 3309/3309/3309 3305/3305/3305
f 3306/3306/3306 3310/3310/3310 3311/3311/3311
f 3311/3311/3311 3307/3307/3307 3306/3306/3306
f 3312/3312/3312 3309/3309/3309 3308/3308/3308
f 3308/3308/3308 3313/3313/3313 3312/3312/3312
f 3314/3314/3314 3315/3315/3315 3316/3316/3316
f 3316/3316/3316 3317/3317/3317 3314/3314/3314
f 3318/3318/3318 3319/3319/3319 3320/3320/3320
f 3320/3320/3320 3321/3321/3321 3318/3318/3318
f 3322/3322/3322 3314/3314/3314 3317/3317/3317
f 3317/3317/3317 3323/3323/3323 3322/3322/3322
f 3324/3324/3324 3321/3321/3321 3320/3320/3320
f 3320/3320/3320 3325/3325/3325 3324/3324/3324
f 3322/3322/3322 3323/3323/3323 3326/3326/3326
f 3326/3326/3326 3327/3327/3327 3322/3322/3322
f 3324/3324/3324 3325/3325/3325 3328/3328/3328
f 3328/3328/3328 3329/3329/3329 3324/3324/3324
f 3327/3327/3327 3326/3326/3326 3330/3330/3330
f 3330/3330/3330 3331/3331/3331 3327/3327/3327
f 3329/3329/3329 3328/3328/3328 3332/3332/3332
f 3332/3332/3332 3333/3333/3333 3329/3329/3329
f 3334/3334/3334 3335/3335/3335 3336/3336/3336
f 3336/3336/3336 3337/3337/3337 3334/3334/3334
f 3338/3338/3338 3339/3339/3339 3340/3340/3340
f 3340/3340/3340 3341/3341/3341 3338/3338/3338
f 3337/3337/3337 3336/3336/3336 3342/3342/3342
f 3342/3342/3342 3343/3343/3343 3337/3337/3337
f 3341/3341/3341 3340/3340/3340 3344/3344/3344
f 3344/3344/3344 3345/3345/3345 3341/3341/3341
f 3343/3343/3343 3342/3342/3342 3346/3346/3346
f 3346/3346/3346 3347/3347/3347 3343/3343/3343
f 3345/3345/3345 3344/3344/3344 3348/3348/3348
f 3348/3348/3348 3349/3349/3349 3345/3345/3345
f 3347/3347/3347 3346/3346/3346 3350/3350/3350
f 3350/3350/3350 3351/3351/3351 3347/3347/3347
f 3349/3349/3349 3348/3348/3348 3352/3352/3352
f 3352/3352/3352 3353/3353/3353 3349/3349/3349
f 3351/3351/3351 3350/3350/3350 3354/3354/3354
f 3354/3354/3354 3355/3355/3355 3351/3351/3351
f 3353/3353/3353 3352/3352/3352 3356/3356/3356
f 3356/3356/3356 3357/3357/3357 3353/3353/3353
f 3358/3358/3358 3359/3359/3359 3360/3360/3360
f 3360/3360/3360 3361/3361/3361 3358/3358/3358
f 3362/3362/3362 3363/3363/3363 3364/3364/3364
f 3364/3364/3364 3365/3365/3365 3362/3362/3362
f 3361/3361/3361 3360/3360/3360 3278/3278/3278
f 3278/3278/3278 3281/3281/3281 3361/3361/3361
f 3362/3362/3362 3365/3365/3365 3282/3282/3282
f 3282/3282/3282 3285/3285/3285 3362/3362/3362
f 3366/3366/3366 3367/3367/3367 3368/3368/3368
f 3368/3368/3368 3369/3369/3369 3366/3366/3366
f 3368/3368/3368 3370/3370/3370 3371/3371/3371
f 3371/3371/3371 3369/3369/3369 3368/3368/3368
f 3372/3372/3372 3371/3371/3371 3370/3370/3370
f 3370/3370/3370 3373/3373/3373 3372/3372/3372
f 3374/3374/3374 3372/3372/3372 3373/3373/3373
f 3373/3373/3373 3375/3375/3375 3374/3374/3374
f 3374/3374/3374 3375/3375/3375 3376/3376/3376
f 3376/3376/3376 3377/3377/3377 3374/3374/3374
f 3377/3377/3377 3376/3376/3376 3378/3378/3378
f 3378/3378/3378 3379/3379/3379 3377/3377/3377
f 3380/3380/3380 3381/3381/3381 3379/3379/3379
f 3379/3379/3379 3378/3378/3378 3380/3380/3380
f 3382/3382/3382 3383/3383/3383 3381/3381/3381
f 3381/3381/3381 3380/3380/3380 3382/3382/3382
f 3384/3384/3384 3383/3383/3383 3382/3382/3382
f 3382/3382/3382 3385/3385/3385 3384/3384/3384
f 3384/3384/3384 3385/3385/3385 3386/3386/3386
f 3386/3386/3386 3387/3387/3387 3384/3384/3384
f 3387/3387/3387 3386/3386/3386 3388/3388/3388
f 3388/3388/3388 3389/3389/3389 3387/3387/3387
f 3389/3389/3389 3388/3388/3388 3390/3390/3390
f 3390/3390/3390 3391/3391/3391 3389/3389/3389
f 3391/3391/3391 3390/3390/3390 3392/3392/3392
f 3392/3392/3392 3393/3393/3393 3391/3391/3391
f 3392/3392/3392 3394/3394/3394 3395/3395/3395
f 3395/3395/3395 3393/3393/3393 3392/3392/3392
f 3395/3395/3395 3394/3394/3394 3396/3396/3396
f 3396/3396/3396 3397/3397/3397 3395/3395/3395
f 3397/3397/3397 3396/3396/3396 3398/3398/3398
f 3398/3398/3398 3399/3399/3399 3397/3397/3397
f 3399/3399/3399 3398/3398/3398 3400/3400/3400
f 3400/3400/3400 3401/3401/3401 3399/3399/3399
f 3401/3401/3401 3400/3400/3400 3367/3367/3367
f 3367/3367/3367 3366/3366/3366 3401/3401/3401
f 3402/3402/3402 3403/3403/3403 3368/3368/3368
f 3368/3368/3368 3367/3367/3367 3402/3402/3402
f 3368/3368/3368 3403/3403/3403 3404/3404/3404
f 3404/3404/3404 3370/3370/3370 3368/3368/3368
f 3370/3370/3370 3404/3404/3404 3405/3405/3405
f 3405/3405/3405 3373/3373/3373 3370/3370/3370
f 3375/3375/3375 3373/3373/3373 3405/3405/3405
f 3405/3405/3405 3406/3406/3406 3375/3375/3375
f 3407/3407/3407 3376/3376/3376 3375/3375/3375
f 3375/3375/3375 3406/3406/3406 3407/3407/3407
f 3378/3378/3378 3376/3376/3376 3407/3407/3407
f 3407/3407/3407 3408/3408/3408 3378/3378/3378
f 3409/3409/3409 3380/3380/3380 3378/3378/3378
f 3378/3378/3378 3408/3408/3408 3409/3409/3409
f 3410/3410/3410 3382/3382/3382 3380/3380/3380
f 3380/3380/3380 3409/3409/3409 3410/3410/3410
f 3385/3385/3385 3382/3382/3382 3410/3410/3410
f 3410/3410/3410 3411/3411/3411 3385/3385/3385
f 3385/3385/3385 3411/3411/3411 3412/3412/3412
f 3412/3412/3412 3386/3386/3386 3385/3385/3385
f 3386/3386/3386 3412/3412/3412 3413/3413/3413
f 3413/3413/3413 3388/3388/3388 3386/3386/3386
f 3388/3388/3388 3413/3413/3413 3414/3414/3414
f 3414/3414/3414 3390/3390/3390 3388/3388/3388
f 3392/3392/3392 3390/3390/3390 3414/3414/3414
f 3414/3414/3414 3415/3415/3415 3392/3392/3392
f 3392/3392/3392 3415/3415/3415 3416/3416/3416
f 3416/3416/3416 3394/3394/3394 3392/3392/3392
f 3396/3396/3396 3394/3394/3394 3416/3416/3416
f 3416/3416/3416 3417/3417/3417 3396/3396/3396
f 3417/3417/3417 3418/3418/3418 3398/3398/3398
f 3398/3398/3398 3396/3396/3396 3417/3417/3417
f 3398/3398/3398 3418/3418/3418 3419/3419/3419
f 3419/3419/3419 3400/3400/3400 3398/3398/3398
f 3367/3367/3367 3400/3400/3400 3419/3419/3419
f 3419/3419/3419 3402/3402/3402 3367/3367/3367
f 3420/3420/3420 3421/3421/3421 3422/3422/3422
f 3422/3422/3422 3423/3423/3423 3420/3420/3420
f 3424/3424/3424 3425/3425/3425 3421/3421/3421
f 3421/3421/3421 3420/3420/3420 3424/3424/3424
f 3426/3426/3426 3427/3427/3427 3425/3425/3425
f 3425/3425/3425 3424/3424/3424 3426/3426/3426
f 3427/3427/3427 3426/3426/3426 3428/3428/3428
f 3428/3428/3428 3429/3429/3429 3427/3427/3427
f 3430/3430/3430 3429/3429/3429 3428/3428/3428
f 3428/3428/3428 3431/3431/3431 3430/3430/3430
f 3432/3432/3432 3433/3433/3433 3430/3430/3430
f 3430/3430/3430 3431/3431/3431 3432/3432/3432
f 3434/3434/3434 3435/3435/3435 3433/3433/3433
f 3433/3433/3433 3432/3432/3432 3434/3434/3434
f 3436/3436/3436 3437/3437/3437 3435/3435/3435
f 3435/3435/3435 3434/3434/3434 3436/3436/3436
f 3437/3437/3437 3436/3436/3436 3438/3438/3438
f 3438/3438/3438 3439/3439/3439 3437/3437/3437
f 3439/3439/3439 3438/3438/3438 3440/3440/3440
f 3440/3440/3440 3441/3441/3441 3439/3439/3439
f 3441/3441/3441 3440/3440/3440 3442/3442/3442
f 3442/3442/3442 3443/3443/3443 3441/3441/3441
f 3443/3443/3443 3442/3442/3442 3444/3444/3444
f 3444/3444/3444 3445/3445/3445 3443/3443/3443
f 3445/3445/3445 3444/3444/3444 3446/3446/3446
f 3446/3446/3446 3447/3447/3447 3445/3445/3445
f 3447/3447/3447 3446/3446/3446 3448/3448/3448
f 3448/3448/3448 3449/3449/3449 3447/3447/3447
f 3449/3449/3449 3448/3448/3448 3450/3450/3450
f 3450/3450/3450 3451/3451/3451 3449/3449/3449
f 3451/3451/3451 3450/3450/3450 3452/3452/3452
f 3452/3452/3452 3453/3453/3453 3451/3451/3451
f 3452/3452/3452 3454/3454/3454 3455/3455/3455
f 3455/3455/3455 3453/3453/3453 3452/3452/3452
f 3454/3454/3454 3423/3423/3423 3422/3422/3422
f 3422/3422/3422 3455/3455/3455 3454/3454/3454
f 3456/3456/3456 3457/3457/3457 3458/3458/3458
f 3458/3458/3458 3459/3459/3459 3456/3456/3456
f 3460/3460/3460 3461/3461/3461 3456/3456/3456
f 3456/3456/3456 3459/3459/3459 3460/3460/3460
f 3462/3462/3462 3463/3463/3463 3464/3464/3464
f 3464/3464/3464 3465/3465/3465 3462/3462/3462
f 3466/3466/3466 3462/3462/3462 3465/3465/3465
f 3465/3465/3465 3467/3467/3467 3466/3466/3466
f 3466/3466/3466 3467/3467/3467 3468/3468/3468
f 3468/3468/3468 3469/3469/3469 3466/3466/3466
f 3470/3470/3470 3471/3471/3471 3469/3469/3469
f 3469/3469/3469 3468/3468/3468 3470/3470/3470
f 3472/3472/3472 3473/3473/3473 3471/3471/3471
f 3471/3471/3471 3470/3470/3470 3472/3472/3472
f 3474/3474/3474 3475/3475/3475 3476/3476/3476
f 3476/3476/3476 3477/3477/3477 3474/3474/3474
f 3478/3478/3478 3479/3479/3479 3475/3475/3475
f 3475/3475/3475 3474/3474/3474 3478/3478/3478
f 3480/3480/3480 3481/3481/3481 3479/3479/3479
f 3479/3479/3479 3478/3478/3478 3480/3480/3480
f 3481/3481/3481 3480/3480/3480 3482/3482/3482
f 3482/3482/3482 3483/3483/3483 3481/3481/3481
f 3484/3484/3484 3485/3485/3485 3486/3486/3486
f 3486/3486/3486 3487/3487/3487 3484/3484/3484
f 3488/3488/3488 3485/3485/3485 3484/3484/3484
f 3484/3484/3484 3489/3489/3489 3488/3488/3488
f 3490/3490/3490 3491/3491/3491 3488/3488/3488
f 3488/3488/3488 3489/3489/3489 3490/3490/3490
f 3492/3492/3492 3493/3493/3493 3494/3494/3494
f 3494/3494/3494 3495/3495/3495 3492/3492/3492
f 3496/3496/3496 3492/3492/3492 3495/3495/3495
f 3495/3495/3495 3497/3497/3497 3496/3496/3496
f 3498/3498/3498 3499/3499/3499 3500/3500/3500
f 3500/3500/3500 3501/3501/3501 3498/3498/3498
f 3458/3458/3458 3457/3457/3457 3498/3498/3498
f 3498/3498/3498 3501/3501/3501 3458/3458/3458
f 3216/3216/3216 3219/3219/3219 3502/3502/3502
f 3502/3502/3502 3503/3503/3503 3216/3216/3216
f 3256/3256/3256 3504/3504/3504 3502/3502/3502
f 3502/3502/3502 3219/3219/3219 3256/3256/3256
f 3505/3505/3505 3504/3504/3504 3256/3256/3256
f 3256/3256/3256 3259/3259/3259 3505/3505/3505
f 3253/3253/3253 3506/3506/3506 3507/3507/3507
f 3507/3507/3507 3255/3255/3255 3253/3253/3253
f 3251/3251/3251 3508/3508/3508 3506/3506/3506
f 3506/3506/3506 3253/3253/3253 3251/3251/3251
f 3251/3251/3251 3248/3248/3248 3509/3509/3509
f 3509/3509/3509 3508/3508/3508 3251/3251/3251
f 3509/3509/3509 3248/3248/3248 3244/3244/3244
f 3244/3244/3244 3510/3510/3510 3509/3509/3509
f 3511/3511/3511 3510/3510/3510 3244/3244/3244
f 3244/3244/3244 3247/3247/3247 3511/3511/3511
f 3512/3512/3512 3242/3242/3242 3240/3240/3240
f 3240/3240/3240 3513/3513/3513 3512/3512/3512
f 3240/3240/3240 3239/3239/3239 3514/3514/3514
f 3514/3514/3514 3513/3513/3513 3240/3240/3240
f 3237/3237/3237 3515/3515/3515 3514/3514/3514
f 3514/3514/3514 3239/3239/3239 3237/3237/3237
f 3237/3237/3237 3236/3236/3236 3516/3516/3516
f 3516/3516/3516 3515/3515/3515 3237/3237/3237
f 3517/3517/3517 3518/3518/3518 3233/3233/3233
f 3233/3233/3233 3230/3230/3230 3517/3517/3517
f 3519/3519/3519 3517/3517/3517 3230/3230/3230
f 3230/3230/3230 3228/3228/3228 3519/3519/3519
f 3519/3519/3519 3228/3228/3228 3226/3226/3226
f 3226/3226/3226 3520/3520/3520 3519/3519/3519
f 3521/3521/3521 3520/3520/3520 3226/3226/3226
f 3226/3226/3226 3222/3222/3222 3521/3521/3521
f 3222/3222/3222 3225/3225/3225 3522/3522/3522
f 3522/3522/3522 3521/3521/3521 3222/3222/3222
f 3503/3503/3503 3523/3523/3523 3221/3221/3221
f 3221/3221/3221 3216/3216/3216 3503/3503/3503
f 3402/3402/3402 3524/3524/3524 3525/3525/3525
f 3525/3525/3525 3403/3403/3403 3402/3402/3402
f 3526/3526/3526 3404/3404/3404 3403/3403/3403
f 3403/3403/3403 3525/3525/3525 3526/3526/3526
f 3527/3527/3527 3405/3405/3405 3404/3404/3404
f 3404/3404/3404 3526/3526/3526 3527/3527/3527
f 3528/3528/3528 3406/3406/3406 3405/3405/3405
f 3405/3405/3405 3527/3527/3527 3528/3528/3528
f 3529/3529/3529 3407/3407/3407 3406/3406/3406
f 3406/3406/3406 3528/3528/3528 3529/3529/3529
f 3530/3530/3530 3408/3408/3408 3407/3407/3407
f 3407/3407/3407 3529/3529/3529 3530/3530/3530
f 3531/3531/3531 3409/3409/3409 3408/3408/3408
f 3408/3408/3408 3530/3530/3530 3531/3531/3531
f 3532/3532/3532 3410/3410/3410 3409/3409/3409
f 3409/3409/3409 3531/3531/3531 3532/3532/3532
f 3533/3533/3533 3411/3411/3411 3410/3410/3410
f 3410/3410/3410 3532/3532/3532 3533/3533/3533
f 3534/3534/3534 3412/3412/3412 3411/3411/3411
f 3411/3411/3411 3533/3533/3533 3534/3534/3534
f 3535/3535/3535 3413/3413/3413 3412/3412/3412
f 3412/3412/3412 3534/3534/3534 3535/3535/3535
f 3536/3536/3536 3414/3414/3414 3413/3413/3413
f 3413/3413/3413 3535/3535/3535 3536/3536/3536
f 3537/3537/3537 3415/3415/3415 3414/3414/3414
f 3414/3414/3414 3536/3536/3536 3537/3537/3537
f 3538/3538/3538 3416/3416/3416 3415/3415/3415
f 3415/3415/3415 3537/3537/3537 3538/3538/3538
f 3539/3539/3539 3417/3417/3417 3416/3416/3416
f 3416/3416/3416 3538/3538/3538 3539/3539/3539
f 3539/3539/3539 3540/3540/3540 3418/3418/3418
f 3418/3418/3418 3417/3417/3417 3539/3539/3539
f 3418/3418/3418 3540/3540/3540 3541/3541/3541
f 3541/3541/3541 3419/3419/3419 3418/3418/3418
f 3524/3524/3524 3402/3402/3402 3419/3419/3419
f 3419/3419/3419 3541/3541/3541 3524/3524/3524
f 3542/3542/3542 3543/3543/3543 3544/3544/3544
f 3544/3544/3544 3545/3545/3545 3542/3542/3542
f 3544/3544/3544 3546/3546/3546 3547/3547/3547
f 3547/3547/3547 3545/3545/3545 3544/3544/3544
f 3547/3547/3547 3546/3546/3546 3548/3548/3548
f 3548/3548/3548 3549/3549/3549 3547/3547/3547
f 3550/3550/3550 3551/3551/3551 3552/3552/3552
f 3552/3552/3552 3553/3553/3553 3550/3550/3550
f 3553/3553/3553 3552/3552/3552 3554/3554/3554
f 3554/3554/3554 3555/3555/3555 3553/3553/3553
f 3555/3555/3555 3554/3554/3554 3556/3556/3556
f 3556/3556/3556 3557/3557/3557 3555/3555/3555
f 3557/3557/3557 3556/3556/3556 3558/3558/3558
f 3558/3558/3558 3559/3559/3559 3557/3557/3557
f 3560/3560/3560 3561/3561/3561 3562/3562/3562
f 3562/3562/3562 3563/3563/3563 3560/3560/3560
f 3563/3563/3563 3562/3562/3562 3564/3564/3564
f 3564/3564/3564 3565/3565/3565 3563/3563/3563
f 3565/3565/3565 3564/3564/3564 3566/3566/3566
f 3566/3566/3566 3567/3567/3567 3565/3565/3565
f 3568/3568/3568 3569/3569/3569 3570/3570/3570
f 3570/3570/3570 3571/3571/3571 3568/3568/3568
f 3568/3568/3568 3572/3572/3572 3573/3573/3573
f 3573/3573/3573 3569/3569/3569 3568/3568/3568
f 3574/3574/3574 3575/3575/3575 3576/3576/3576
f 3576/3576/3576 3577/3577/3577 3574/3574/3574
f 3575/3575/3575 3578/3578/3578 3579/3579/3579
f 3579/3579/3579 3576/3576/3576 3575/3575/3575
f 3578/3578/3578 3580/3580/3580 3581/3581/3581
f 3581/3581/3581 3579/3579/3579 3578/3578/3578
f 3582/3582/3582 3583/3583/3583 3581/3581/3581
f 3581/3581/3581 3580/3580/3580 3582/3582/3582
f 3584/3584/3584 3585/3585/3585 3583/3583/3583
f 3583/3583/3583 3582/3582/3582 3584/3584/3584
f 3586/3586/3586 3587/3587/3587 3588/3588/3588
f 3588/3588/3588 3589/3589/3589 3586/3586/3586
f 3590/3590/3590 3591/3591/3591 3588/3588/3588
f 3588/3588/3588 3587/3587/3587 3590/3590/3590
f 3592/3592/3592 3593/3593/3593 3594/3594/3594
f 3594/3594/3594 3595/3595/3595 3592/3592/3592
f 3567/3567/3567 3566/3566/3566 3596/3596/3596
f 3596/3596/3596 3597/3597/3597 3567/3567/3567
f 3598/3598/3598 3599/3599/3599 3570/3570/3570
f 3570/3570/3570 3569/3569/3569 3598/3598/3598
f 3573/3573/3573 3600/3600/3600 3598/3598/3598
f 3598/3598/3598 3569/3569/3569 3573/3573/3573
f 3577/3577/3577 3576/3576/3576 3601/3601/3601
f 3601/3601/3601 3602/3602/3602 3577/3577/3577
f 3603/3603/3603 3601/3601/3601 3576/3576/3576
f 3576/3576/3576 3579/3579/3579 3603/3603/3603
f 3604/3604/3604 3603/3603/3603 3579/3579/3579
f 3579/3579/3579 3581/3581/3581 3604/3604/3604
f 3605/3605/3605 3604/3604/3604 3581/3581/3581
f 3581/3581/3581 3583/3583/3583 3605/3605/3605
f 3585/3585/3585 3606/3606/3606 3605/3605/3605
f 3605/3605/3605 3583/3583/3583 3585/3585/3585
f 3607/3607/3607 3608/3608/3608 3589/3589/3589
f 3589/3589/3589 3588/3588/3588 3607/3607/3607
f 3607/3607/3607 3588/3588/3588 3591/3591/3591
f 3591/3591/3591 3609/3609/3609 3607/3607/3607
f 3610/3610/3610 3611/3611/3611 3612/3612/3612
f 3612/3612/3612 3613/3613/3613 3610/3610/3610
f 3612/3612/3612 3614/3614/3614 3615/3615/3615
f 3615/3615/3615 3616/3616/3616 3612/3612/3612
f 3615/3615/3615 3617/3617/3617 3616/3616/3616
f 3616/3616/3616 3618/3618/3618 3619/3619/3619
f 3619/3619/3619 3620/3620/3620 3616/3616/3616
f 3619/3619/3619 3621/3621/3621 3620/3620/3620
f 3620/3620/3620 3622/3622/3622 3623/3623/3623
f 3623/3623/3623 3624/3624/3624 3620/3620/3620
f 3623/3623/3623 3625/3625/3625 3624/3624/3624
f 3616/3616/3616 3620/3620/3620 3624/3624/3624
f 3624/3624/3624 3612/3612/3612 3616/3616/3616
f 3626/3626/3626 3613/3613/3613 3612/3612/3612
f 3612/3612/3612 3624/3624/3624 3626/3626/3626
f 3627/3627/3627 3610/3610/3610 3613/3613/3613
f 3628/3628/3628 3629/3629/3629 3599/3599/3599
f 3599/3599/3599 3630/3630/3630 3628/3628/3628
f 3599/3599/3599 3629/3629/3629 3631/3631/3631
f 3631/3631/3631 3570/3570/3570 3599/3599/3599
f 3632/3632/3632 3633/3633/3633 3634/3634/3634
f 3634/3634/3634 3571/3571/3571 3632/3632/3632
f 3570/3570/3570 3635/3635/3635 3632/3632/3632
f 3632/3632/3632 3571/3571/3571 3570/3570/3570
f 3636/3636/3636 3637/3637/3637 3638/3638/3638
f 3638/3638/3638 3639/3639/3639 3636/3636/3636
f 3636/3636/3636 3640/3640/3640 3641/3641/3641
f 3641/3641/3641 3637/3637/3637 3636/3636/3636
f 3642/3642/3642 3643/3643/3643 3641/3641/3641
f 3641/3641/3641 3640/3640/3640 3642/3642/3642
f 3644/3644/3644 3645/3645/3645 3643/3643/3643
f 3643/3643/3643 3642/3642/3642 3644/3644/3644
f 3646/3646/3646 3647/3647/3647 3645/3645/3645
f 3645/3645/3645 3644/3644/3644 3646/3646/3646
f 3647/3647/3647 3646/3646/3646 3648/3648/3648
f 3648/3648/3648 3649/3649/3649 3647/3647/3647
f 3650/3650/3650 3651/3651/3651 3649/3649/3649
f 3649/3649/3649 3648/3648/3648 3650/3650/3650
f 3650/3650/3650 3652/3652/3652 3653/3653/3653
f 3653/3653/3653 3651/3651/3651 3650/3650/3650
f 3654/3654/3654 3655/3655/3655 3653/3653/3653
f 3653/3653/3653 3652/3652/3652 3654/3654/3654
f 3654/3654/3654 3656/3656/3656 3657/3657/3657
f 3657/3657/3657 3655/3655/3655 3654/3654/3654
f 3658/3658/3658 3659/3659/3659 3657/3657/3657
f 3657/3657/3657 3656/3656/3656 3658/3658/3658
f 3658/3658/3658 3660/3660/3660 3661/3661/3661
f 3661/3661/3661 3659/3659/3659 3658/3658/3658
f 3662/3662/3662 3661/3661/3661 3660/3660/3660
f 3660/3660/3660 3663/3663/3663 3662/3662/3662
f 3663/3663/3663 3664/3664/3664 3665/3665/3665
f 3665/3665/3665 3662/3662/3662 3663/3663/3663
f 3666/3666/3666 3667/3667/3667 3665/3665/3665
f 3665/3665/3665 3664/3664/3664 3666/3666/3666
f 3667/3667/3667 3666/3666/3666 3668/3668/3668
f 3668/3668/3668 3669/3669/3669 3667/3667/3667
f 3670/3670/3670 3671/3671/3671 3669/3669/3669
f 3669/3669/3669 3668/3668/3668 3670/3670/3670
f 3638/3638/3638 3671/3671/3671 3670/3670/3670
f 3670/3670/3670 3639/3639/3639 3638/3638/3638
f 3672/3672/3672 3673/3673/3673 3674/3674/3674
f 3674/3674/3674 3675/3675/3675 3672/3672/3672
f 3673/3673/3673 3672/3672/3672 3676/3676/3676
f 3676/3676/3676 3677/3677/3677 3673/3673/3673
f 3676/3676/3676 3678/3678/3678 3679/3679/3679
f 3679/3679/3679 3677/3677/3677 3676/3676/3676
f 3679/3679/3679 3678/3678/3678 3680/3680/3680
f 3680/3680/3680 3681/3681/3681 3679/3679/3679
f 3681/3681/3681 3680/3680/3680 3682/3682/3682
f 3682/3682/3682 3683/3683/3683 3681/3681/3681
f 3683/3683/3683 3682/3682/3682 3684/3684/3684
f 3684/3684/3684 3685/3685/3685 3683/3683/3683
f 3684/3684/3684 3686/3686/3686 3687/3687/3687
f 3687/3687/3687 3685/3685/3685 3684/3684/3684
f 3687/3687/3687 3686/3686/3686 3688/3688/3688
f 3688/3688/3688 3689/3689/3689 3687/3687/3687
f 3689/3689/3689 3688/3688/3688 3690/3690/3690
f 3690/3690/3690 3691/3691/3691 3689/3689/3689
f 3691/3691/3691 3690/3690/3690 3692/3692/3692
f 3692/3692/3692 3693/3693/3693 3691/3691/3691
f 3692/3692/3692 3694/3694/3694 3695/3695/3695
f 3695/3695/3695 3693/3693/3693 3692/3692/3692
f 3695/3695/3695 3694/3694/3694 3696/3696/3696
f 3696/3696/3696 3697/3697/3697 3695/3695/3695
f 3697/3697/3697 3696/3696/3696 3698/3698/3698
f 3698/3698/3698 3699/3699/3699 3697/3697/3697
f 3698/3698/3698 3700/3700/3700 3701/3701/3701
f 3701/3701/3701 3699/3699/3699 3698/3698/3698
f 3702/3702/3702 3701/3701/3701 3700/3700/3700
f 3700/3700/3700 3703/3703/3703 3702/3702/3702
f 3704/3704/3704 3705/3705/3705 3702/3702/3702
f 3702/3702/3702 3703/3703/3703 3704/3704/3704
f 3705/3705/3705 3704/3704/3704 3706/3706/3706
f 3706/3706/3706 3707/3707/3707 3705/3705/3705
f 3674/3674/3674 3707/3707/3707 3706/3706/3706
f 3706/3706/3706 3675/3675/3675 3674/3674/3674
f 3590/3590/3590 3708/3708/3708 3609/3609/3609
f 3708/3708/3708 3590/3590/3590 3709/3709/3709
f 3710/3710/3710 3711/3711/3711 3712/3712/3712
f 3712/3712/3712 3713/3713/3713 3710/3710/3710
f 3712/3712/3712 3714/3714/3714 3715/3715/3715
f 3715/3715/3715 3713/3713/3713 3712/3712/3712
f 3713/3713/3713 3716/3716/3716 3717/3717/3717
f 3717/3717/3717 3710/3710/3710 3713/3713/3713
f 3717/3717/3717 3593/3593/3593 3592/3592/3592
f 3592/3592/3592 3710/3710/3710 3717/3717/3717
f 3709/3709/3709 3718/3718/3718 3719/3719/3719
f 3719/3719/3719 3720/3720/3720 3709/3709/3709
f 3709/3709/3709 3720/3720/3720 3721/3721/3721
f 3721/3721/3721 3722/3722/3722 3709/3709/3709
f 3709/3709/3709 3722/3722/3722 3723/3723/3723
f 3723/3723/3723 3724/3724/3724 3709/3709/3709
f 3725/3725/3725 3709/3709/3709 3724/3724/3724
f 3724/3724/3724 3726/3726/3726 3725/3725/3725
f 3708/3708/3708 3709/3709/3709 3725/3725/3725
f 3727/3727/3727 3728/3728/3728 3729/3729/3729
f 3729/3729/3729 3730/3730/3730 3727/3727/3727
f 3730/3730/3730 3731/3731/3731 3732/3732/3732
f 3732/3732/3732 3727/3727/3727 3730/3730/3730
f 3733/3733/3733 3734/3734/3734 3735/3735/3735
f 3735/3735/3735 3736/3736/3736 3733/3733/3733
f 3737/3737/3737 3733/3733/3733 3736/3736/3736
f 3736/3736/3736 3738/3738/3738 3737/3737/3737
f 3739/3739/3739 3737/3737/3737 3738/3738/3738
f 3738/3738/3738 3740/3740/3740 3739/3739/3739
f 3741/3741/3741 3739/3739/3739 3740/3740/3740
f 3740/3740/3740 3742/3742/3742 3741/3741/3741
f 3743/3743/3743 3741/3741/3741 3742/3742/3742
f 3742/3742/3742 3744/3744/3744 3743/3743/3743
f 3745/3745/3745 3746/3746/3746 3747/3747/3747
f 3747/3747/3747 3748/3748/3748 3745/3745/3745
f 3749/3749/3749 3745/3745/3745 3748/3748/3748
f 3748/3748/3748 3750/3750/3750 3749/3749/3749
f 3751/3751/3751 3749/3749/3749 3750/3750/3750
f 3750/3750/3750 3752/3752/3752 3751/3751/3751
f 3753/3753/3753 3751/3751/3751 3752/3752/3752
f 3752/3752/3752 3754/3754/3754 3753/3753/3753
f 3755/3755/3755 3756/3756/3756 3757/3757/3757
f 3757/3757/3757 3758/3758/3758 3755/3755/3755
f 3759/3759/3759 3755/3755/3755 3758/3758/3758
f 3758/3758/3758 3760/3760/3760 3759/3759/3759
f 3761/3761/3761 3759/3759/3759 3760/3760/3760
f 3760/3760/3760 3762/3762/3762 3761/3761/3761
f 3763/3763/3763 3761/3761/3761 3762/3762/3762
f 3762/3762/3762 3764/3764/3764 3763/3763/3763
f 3765/3765/3765 3763/3763/3763 3764/3764/3764
f 3764/3764/3764 3766/3766/3766 3765/3765/3765
f 3767/3767/3767 3768/3768/3768 3769/3769/3769
f 3769/3769/3769 3770/3770/3770 3767/3767/3767
f 3728/3728/3728 3767/3767/3767 3770/3770/3770
f 3770/3770/3770 3729/3729/3729 3728/3728/3728
f 3771/3771/3771 3772/3772/3772 3773/3773/3773
f 3773/3773/3773 3774/3774/3774 3771/3771/3771
f 3773/3773/3773 3775/3775/3775 3776/3776/3776
f 3776/3776/3776 3777/3777/3777 3773/3773/3773
f 3776/3776/3776 3778/3778/3778 3777/3777/3777
f 3777/3777/3777 3779/3779/3779 3780/3780/3780
f 3780/3780/3780 3781/3781/3781 3777/3777/3777
f 3780/3780/3780 3782/3782/3782 3781/3781/3781
f 3781/3781/3781 3783/3783/3783 3784/3784/3784
f 3784/3784/3784 3785/3785/3785 3781/3781/3781
f 3784/3784/3784 3786/3786/3786 3785/3785/3785
f 3773/3773/3773 3777/3777/3777 3781/3781/3781
f 3781/3781/3781 3785/3785/3785 3773/3773/3773
f 3787/3787/3787 3774/3774/3774 3773/3773/3773
f 3773/3773/3773 3785/3785/3785 3787/3787/3787
f 3788/3788/3788 3771/3771/3771 3774/3774/3774
f 3789/3789/3789 3790/3790/3790 3791/3791/3791
f 3791/3791/3791 3792/3792/3792 3789/3789/3789
f 3791/3791/3791 3793/3793/3793 3794/3794/3794
f 3794/3794/3794 3795/3795/3795 3791/3791/3791
f 3794/3794/3794 3796/3796/3796 3795/3795/3795
f 3795/3795/3795 3797/3797/3797 3798/3798/3798
f 3798/3798/3798 3799/3799/3799 3795/3795/3795
f 3798/3798/3798 3800/3800/3800 3799/3799/3799
f 3799/3799/3799 3801/3801/3801 3802/3802/3802
f 3802/3802/3802 3803/3803/3803 3799/3799/3799
f 3802/3802/3802 3804/3804/3804 3803/3803/3803
f 3791/3791/3791 3795/3795/3795 3799/3799/3799
f 3799/3799/3799 3803/3803/3803 3791/3791/3791
f 3803/3803/3803 3805/3805/3805 3792/3792/3792
f 3792/3792/3792 3791/3791/3791 3803/3803/3803
f 3806/3806/3806 3789/3789/3789 3792/3792/3792
f 3807/3807/3807 3808/3808/3808 3809/3809/3809
f 3809/3809/3809 3810/3810/3810 3807/3807/3807
f 3811/3811/3811 3774/3774/3774 3787/3787/3787
f 3787/3787/3787 3812/3812/3812 3811/3811/3811
f 3807/3807/3807 3810/3810/3810 3813/3813/3813
f 3813/3813/3813 3814/3814/3814 3807/3807/3807
f 3815/3815/3815 3812/3812/3812 3787/3787/3787
f 3787/3787/3787 3785/3785/3785 3815/3815/3815
f 3813/3813/3813 3816/3816/3816 3817/3817/3817
f 3817/3817/3817 3814/3814/3814 3813/3813/3813
f 3815/3815/3815 3785/3785/3785 3786/3786/3786
f 3786/3786/3786 3818/3818/3818 3815/3815/3815
f 3817/3817/3817 3816/3816/3816 3819/3819/3819
f 3819/3819/3819 3820/3820/3820 3817/3817/3817
f 3786/3786/3786 3784/3784/3784 3821/3821/3821
f 3821/3821/3821 3818/3818/3818 3786/3786/3786
f 3819/3819/3819 3822/3822/3822 3823/3823/3823
f 3823/3823/3823 3820/3820/3820 3819/3819/3819
f 3821/3821/3821 3784/3784/3784 3783/3783/3783
f 3783/3783/3783 3824/3824/3824 3821/3821/3821
f 3825/3825/3825 3823/3823/3823 3822/3822/3822
f 3822/3822/3822 3826/3826/3826 3825/3825/3825
f 3824/3824/3824 3783/3783/3783 3781/3781/3781
f 3781/3781/3781 3827/3827/3827 3824/3824/3824
f 3825/3825/3825 3826/3826/3826 3828/3828/3828
f 3828/3828/3828 3829/3829/3829 3825/3825/3825
f 3827/3827/3827 3781/3781/3781 3782/3782/3782
f 3782/3782/3782 3830/3830/3830 3827/3827/3827
f 3829/3829/3829 3828/3828/3828 3831/3831/3831
f 3831/3831/3831 3832/3832/3832 3829/3829/3829
f 3780/3780/3780 3833/3833/3833 3830/3830/3830
f 3830/3830/3830 3782/3782/3782 3780/3780/3780
f 3832/3832/3832 3831/3831/3831 3834/3834/3834
f 3834/3834/3834 3835/3835/3835 3832/3832/3832
f 3836/3836/3836 3833/3833/3833 3780/3780/3780
f 3780/3780/3780 3779/3779/3779 3836/3836/3836
f 3835/3835/3835 3834/3834/3834 3837/3837/3837
f 3837/3837/3837 3838/3838/3838 3835/3835/3835
f 3777/3777/3777 3839/3839/3839 3836/3836/3836
f 3836/3836/3836 3779/3779/3779 3777/3777/3777
f 3838/3838/3838 3837/3837/3837 3840/3840/3840
f 3840/3840/3840 3841/3841/3841 3838/3838/3838
f 3777/3777/3777 3778/3778/3778 3842/3842/3842
f 3842/3842/3842 3839/3839/3839 3777/3777/3777
f 3841/3841/3841 3840/3840/3840 3843/3843/3843
f 3843/3843/3843 3844/3844/3844 3841/3841/3841
f 3842/3842/3842 3778/3778/3778 3776/3776/3776
f 3776/3776/3776 3845/3845/3845 3842/3842/3842
f 3843/3843/3843 3846/3846/3846 3847/3847/3847
f 3847/3847/3847 3844/3844/3844 3843/3843/3843
f 3776/3776/3776 3775/3775/3775 3848/3848/3848
f 3848/3848/3848 3845/3845/3845 3776/3776/3776
f 3849/3849/3849 3847/3847/3847 3846/3846/3846
f 3846/3846/3846 3850/3850/3850 3849/3849/3849
f 3848/3848/3848 3775/3775/3775 3773/3773/3773
f 3773/3773/3773 3851/3851/3851 3848/3848/3848
f 3852/3852/3852 3853/3853/3853 3849/3849/3849
f 3849/3849/3849 3850/3850/3850 3852/3852/3852
f 3854/3854/3854 3851/3851/3851 3773/3773/3773
f 3773/3773/3773 3772/3772/3772 3854/3854/3854
f 3853/3853/3853 3852/3852/3852 3855/3855/3855
f 3855/3855/3855 3856/3856/3856 3853/3853/3853
f 3854/3854/3854 3772/3772/3772 3771/3771/3771
f 3771/3771/3771 3857/3857/3857 3854/3854/3854
f 3856/3856/3856 3855/3855/3855 3858/3858/3858
f 3858/3858/3858 3859/3859/3859 3856/3856/3856
f 3860/3860/3860 3857/3857/3857 3771/3771/3771
f 3771/3771/3771 3788/3788/3788 3860/3860/3860
f 3808/3808/3808 3859/3859/3859 3858/3858/3858
f 3858/3858/3858 3809/3809/3809 3808/3808/3808
f 3811/3811/3811 3860/3860/3860 3788/3788/3788
f 3788/3788/3788 3774/3774/3774 3811/3811/3811
f 3861/3861/3861 3862/3862/3862 3863/3863/3863
f 3863/3863/3863 3864/3864/3864 3861/3861/3861
f 3865/3865/3865 3866/3866/3866 3867/3867/3867
f 3867/3867/3867 3868/3868/3868 3865/3865/3865
f 3869/3869/3869 3870/3870/3870 3864/3864/3864
f 3864/3864/3864 3863/3863/3863 3869/3869/3869
f 3871/3871/3871 3872/3872/3872 3866/3866/3866
f 3866/3866/3866 3865/3865/3865 3871/3871/3871
f 3873/3873/3873 3874/3874/3874 3875/3875/3875
f 3875/3875/3875 3876/3876/3876 3873/3873/3873
f 3877/3877/3877 3878/3878/3878 3879/3879/3879
f 3879/3879/3879 3880/3880/3880 3877/3877/3877
f 3875/3875/3875 3874/3874/3874 3881/3881/3881
f 3881/3881/3881 3882/3882/3882 3875/3875/3875
f 3883/3883/3883 3884/3884/3884 3878/3878/3878
f 3878/3878/3878 3877/3877/3877 3883/3883/3883
f 3885/3885/3885 3882/3882/3882 3881/3881/3881
f 3881/3881/3881 3886/3886/3886 3885/3885/3885
f 3887/3887/3887 3884/3884/3884 3883/3883/3883
f 3883/3883/3883 3888/3888/3888 3887/3887/3887
f 3886/3886/3886 3889/3889/3889 3890/3890/3890
f 3890/3890/3890 3885/3885/3885 3886/3886/3886
f 3891/3891/3891 3892/3892/3892 3887/3887/3887
f 3887/3887/3887 3888/3888/3888 3891/3891/3891
f 3890/3890/3890 3889/3889/3889 3893/3893/3893
f 3893/3893/3893 3894/3894/3894 3890/3890/3890
f 3895/3895/3895 3892/3892/3892 3891/3891/3891
f 3891/3891/3891 3896/3896/3896 3895/3895/3895
f 3897/3897/3897 3898/3898/3898 3899/3899/3899
f 3899/3899/3899 3900/3900/3900 3897/3897/3897
f 3901/3901/3901 3902/3902/3902 3903/3903/3903
f 3903/3903/3903 3904/3904/3904 3901/3901/3901
f 3899/3899/3899 3898/3898/3898 3905/3905/3905
f 3905/3905/3905 3906/3906/3906 3899/3899/3899
f 3907/3907/3907 3901/3901/3901 3904/3904/3904
f 3904/3904/3904 3908/3908/3908 3907/3907/3907
f 3906/3906/3906 3905/3905/3905 3909/3909/3909
f 3909/3909/3909 3910/3910/3910 3906/3906/3906
f 3908/3908/3908 3911/3911/3911 3912/3912/3912
f 3912/3912/3912 3907/3907/3907 3908/3908/3908
f 3909/3909/3909 3913/3913/3913 3914/3914/3914
f 3914/3914/3914 3910/3910/3910 3909/3909/3909
f 3915/3915/3915 3916/3916/3916 3912/3912/3912
f 3912/3912/3912 3911/3911/3911 3915/3915/3915
f 3917/3917/3917 3918/3918/3918 3919/3919/3919
f 3919/3919/3919 3920/3920/3920 3917/3917/3917
f 3921/3921/3921 3922/3922/3922 3923/3923/3923
f 3923/3923/3923 3924/3924/3924 3921/3921/3921
f 3920/3920/3920 3925/3925/3925 3926/3926/3926
f 3926/3926/3926 3917/3917/3917 3920/3920/3920
f 3927/3927/3927 3921/3921/3921 3924/3924/3924
f 3924/3924/3924 3928/3928/3928 3927/3927/3927
f 3925/3925/3925 3929/3929/3929 3930/3930/3930
f 3930/3930/3930 3926/3926/3926 3925/3925/3925
f 3931/3931/3931 3927/3927/3927 3928/3928/3928
f 3928/3928/3928 3932/3932/3932 3931/3931/3931
f 3929/3929/3929 3933/3933/3933 3934/3934/3934
f 3934/3934/3934 3930/3930/3930 3929/3929/3929
f 3935/3935/3935 3936/3936/3936 3931/3931/3931
f 3931/3931/3931 3932/3932/3932 3935/3935/3935
f 3937/3937/3937 3938/3938/3938 3934/3934/3934
f 3934/3934/3934 3933/3933/3933 3937/3937/3937
f 3939/3939/3939 3940/3940/3940 3936/3936/3936
f 3936/3936/3936 3935/3935/3935 3939/3939/3939
f 3941/3941/3941 3942/3942/3942 3943/3943/3943
f 3943/3943/3943 3944/3944/3944 3941/3941/3941
f 3945/3945/3945 3946/3946/3946 3947/3947/3947
f 3947/3947/3947 3948/3948/3948 3945/3945/3945
f 3862/3862/3862 3861/3861/3861 3944/3944/3944
f 3944/3944/3944 3943/3943/3943 3862/3862/3862
f 3947/3947/3947 3946/3946/3946 3868/3868/3868
f 3868/3868/3868 3867/3867/3867 3947/3947/3947
f 3949/3949/3949 3950/3950/3950 3861/3861/3861
f 3861/3861/3861 3864/3864/3864 3949/3949/3949
f 3810/3810/3810 3809/3809/3809 3951/3951/3951
f 3951/3951/3951 3952/3952/3952 3810/3810/3810
f 3953/3953/3953 3954/3954/3954 3955/3955/3955
f 3955/3955/3955 3956/3956/3956 3953/3953/3953
f 3811/3811/3811 3812/3812/3812 3953/3953/3953
f 3953/3953/3953 3956/3956/3956 3811/3811/3811
f 3957/3957/3957 3952/3952/3952 3958/3958/3958
f 3958/3958/3958 3959/3959/3959 3957/3957/3957
f 3810/3810/3810 3952/3952/3952 3957/3957/3957
f 3957/3957/3957 3813/3813/3813 3810/3810/3810
f 3960/3960/3960 3961/3961/3961 3954/3954/3954
f 3954/3954/3954 3953/3953/3953 3960/3960/3960
f 3953/3953/3953 3812/3812/3812 3815/3815/3815
f 3815/3815/3815 3960/3960/3960 3953/3953/3953
f 3962/3962/3962 3963/3963/3963 3957/3957/3957
f 3957/3957/3957 3959/3959/3959 3962/3962/3962
f 3963/3963/3963 3816/3816/3816 3813/3813/3813
f 3813/3813/3813 3957/3957/3957 3963/3963/3963
f 3964/3964/3964 3965/3965/3965 3961/3961/3961
f 3961/3961/3961 3960/3960/3960 3964/3964/3964
f 3960/3960/3960 3815/3815/3815 3818/3818/3818
f 3818/3818/3818 3964/3964/3964 3960/3960/3960
f 3882/3882/3882 3966/3966/3966 3967/3967/3967
f 3967/3967/3967 3875/3875/3875 3882/3882/3882
f 3968/3968/3968 3819/3819/3819 3816/3816/3816
f 3816/3816/3816 3963/3963/3963 3968/3968/3968
f 3965/3965/3965 3964/3964/3964 3969/3969/3969
f 3969/3969/3969 3970/3970/3970 3965/3965/3965
f 3818/3818/3818 3821/3821/3821 3969/3969/3969
f 3969/3969/3969 3964/3964/3964 3818/3818/3818
f 3885/3885/3885 3971/3971/3971 3966/3966/3966
f 3966/3966/3966 3882/3882/3882 3885/3885/3885
f 3972/3972/3972 3822/3822/3822 3819/3819/3819
f 3819/3819/3819 3968/3968/3968 3972/3972/3972
f 3969/3969/3969 3973/3973/3973 3974/3974/3974
f 3974/3974/3974 3970/3970/3970 3969/3969/3969
f 3969/3969/3969 3821/3821/3821 3824/3824/3824
f 3824/3824/3824 3973/3973/3973 3969/3969/3969
f 3975/3975/3975 3971/3971/3971 3885/3885/3885
f 3885/3885/3885 3890/3890/3890 3975/3975/3975
f 3976/3976/3976 3826/3826/3826 3822/3822/3822
f 3822/3822/3822 3972/3972/3972 3976/3976/3976
f 3974/3974/3974 3973/3973/3973 3977/3977/3977
f 3977/3977/3977 3978/3978/3978 3974/3974/3974
f 3824/3824/3824 3827/3827/3827 3977/3977/3977
f 3977/3977/3977 3973/3973/3973 3824/3824/3824
f 3979/3979/3979 3980/3980/3980 3981/3981/3981
f 3981/3981/3981 3982/3982/3982 3979/3979/3979
f 3828/3828/3828 3826/3826/3826 3976/3976/3976
f 3976/3976/3976 3983/3983/3983 3828/3828/3828
f 3984/3984/3984 3985/3985/3985 3978/3978/3978
f 3978/3978/3978 3977/3977/3977 3984/3984/3984
f 3830/3830/3830 3984/3984/3984 3977/3977/3977
f 3977/3977/3977 3827/3827/3827 3830/3830/3830
f 3986/3986/3986 3987/3987/3987 3980/3980/3980
f 3980/3980/3980 3979/3979/3979 3986/3986/3986
f 3828/3828/3828 3983/3983/3983 3988/3988/3988
f 3988/3988/3988 3831/3831/3831 3828/3828/3828
f 3984/3984/3984 3989/3989/3989 3990/3990/3990
f 3990/3990/3990 3985/3985/3985 3984/3984/3984
f 3833/3833/3833 3989/3989/3989 3984/3984/3984
f 3984/3984/3984 3830/3830/3830 3833/3833/3833
f 3906/3906/3906 3991/3991/3991 3992/3992/3992
f 3992/3992/3992 3899/3899/3899 3906/3906/3906
f 3831/3831/3831 3988/3988/3988 3993/3993/3993
f 3993/3993/3993 3834/3834/3834 3831/3831/3831
f 3990/3990/3990 3989/3989/3989 3994/3994/3994
f 3994/3994/3994 3995/3995/3995 3990/3990/3990
f 3836/3836/3836 3994/3994/3994 3989/3989/3989
f 3989/3989/3989 3833/3833/3833 3836/3836/3836
f 3910/3910/3910 3996/3996/3996 3991/3991/3991
f 3991/3991/3991 3906/3906/3906 3910/3910/3910
f 3837/3837/3837 3834/3834/3834 3993/3993/3993
f 3993/3993/3993 3997/3997/3997 3837/3837/3837
f 3994/3994/3994 3998/3998/3998 3999/3999/3999
f 3999/3999/3999 3995/3995/3995 3994/3994/3994
f 3994/3994/3994 3836/3836/3836 3839/3839/3839
f 3839/3839/3839 3998/3998/3998 3994/3994/3994
f 4000/4000/4000 4001/4001/4001 4002/4002/4002
f 4002/4002/4002 4003/4003/4003 4000/4000/4000
f 3837/3837/3837 3997/3997/3997 4004/4004/4004
f 4004/4004/4004 3840/3840/3840 3837/3837/3837
f 3999/3999/3999 3998/3998/3998 4005/4005/4005
f 4005/4005/4005 4006/4006/4006 3999/3999/3999
f 3842/3842/3842 4005/4005/4005 3998/3998/3998
f 3998/3998/3998 3839/3839/3839 3842/3842/3842
f 4000/4000/4000 4003/4003/4003 4007/4007/4007
f 4007/4007/4007 4008/4008/4008 4000/4000/4000
f 3843/3843/3843 3840/3840/3840 4004/4004/4004
f 4004/4004/4004 4009/4009/4009 3843/3843/3843
f 4005/4005/4005 4010/4010/4010 4011/4011/4011
f 4011/4011/4011 4006/4006/4006 4005/4005/4005
f 4005/4005/4005 3842/3842/3842 3845/3845/3845
f 3845/3845/3845 4010/4010/4010 4005/4005/4005
f 3926/3926/3926 4012/4012/4012 4013/4013/4013
f 4013/4013/4013 3917/3917/3917 3926/3926/3926
f 3843/3843/3843 4009/4009/4009 4014/4014/4014
f 4014/4014/4014 3846/3846/3846 3843/3843/3843
f 4010/4010/4010 4015/4015/4015 4016/4016/4016
f 4016/4016/4016 4011/4011/4011 4010/4010/4010
f 3848/3848/3848 4015/4015/4015 4010/4010/4010
f 4010/4010/4010 3845/3845/3845 3848/3848/3848
f 3930/3930/3930 4017/4017/4017 4012/4012/4012
f 4012/4012/4012 3926/3926/3926 3930/3930/3930
f 4018/4018/4018 3850/3850/3850 3846/3846/3846
f 3846/3846/3846 4014/4014/4014 4018/4018/4018
f 4016/4016/4016 4015/4015/4015 4019/4019/4019
f 4019/4019/4019 4020/4020/4020 4016/4016/4016
f 3851/3851/3851 4019/4019/4019 4015/4015/4015
f 4015/4015/4015 3848/3848/3848 3851/3851/3851
f 4021/4021/4021 4017/4017/4017 3930/3930/3930
f 3930/3930/3930 3934/3934/3934 4021/4021/4021
f 3852/3852/3852 3850/3850/3850 4018/4018/4018
f 4018/4018/4018 4022/4022/4022 3852/3852/3852
f 4020/4020/4020 4019/4019/4019 4023/4023/4023
f 4023/4023/4023 4024/4024/4024 4020/4020/4020
f 3851/3851/3851 3854/3854/3854 4023/4023/4023
f 4023/4023/4023 4019/4019/4019 3851/3851/3851
f 4025/4025/4025 4026/4026/4026 4027/4027/4027
f 4027/4027/4027 4028/4028/4028 4025/4025/4025
f 3855/3855/3855 3852/3852/3852 4022/4022/4022
f 4022/4022/4022 4029/4029/4029 3855/3855/3855
f 4023/4023/4023 4030/4030/4030 4031/4031/4031
f 4031/4031/4031 4024/4024/4024 4023/4023/4023
f 3857/3857/3857 4030/4030/4030 4023/4023/4023
f 4023/4023/4023 3854/3854/3854 3857/3857/3857
f 4029/4029/4029 4032/4032/4032 4033/4033/4033
f 4033/4033/4033 4034/4034/4034 4029/4029/4029
f 4034/4034/4034 3858/3858/3858 3855/3855/3855
f 3855/3855/3855 4029/4029/4029 4034/4034/4034
f 4035/4035/4035 4031/4031/4031 4030/4030/4030
f 4030/4030/4030 4036/4036/4036 4035/4035/4035
f 4030/4030/4030 3857/3857/3857 3860/3860/3860
f 3860/3860/3860 4036/4036/4036 4030/4030/4030
f 4037/4037/4037 3944/3944/3944 3861/3861/3861
f 3861/3861/3861 3950/3950/3950 4037/4037/4037
f 3951/3951/3951 3809/3809/3809 3858/3858/3858
f 3858/3858/3858 4034/4034/4034 3951/3951/3951
f 3956/3956/3956 3955/3955/3955 4035/4035/4035
f 4035/4035/4035 4036/4036/4036 3956/3956/3956
f 3860/3860/3860 3811/3811/3811 3956/3956/3956
f 3956/3956/3956 4036/4036/4036 3860/3860/3860
f 4038/4038/4038 4039/4039/4039 4040/4040/4040
f 4040/4040/4040 4041/4041/4041 4038/4038/4038
f 4040/4040/4040 4039/4039/4039 4042/4042/4042
f 4042/4042/4042 4043/4043/4043 4040/4040/4040
f 4044/4044/4044 4045/4045/4045 4046/4046/4046
f 4046/4046/4046 4047/4047/4047 4044/4044/4044
f 4048/4048/4048 4045/4045/4045 4044/4044/4044
f 4044/4044/4044 4049/4049/4049 4048/4048/4048
f 4050/4050/4050 4051/4051/4051 4048/4048/4048
f 4048/4048/4048 4049/4049/4049 4050/4050/4050
f 4052/4052/4052 4053/4053/4053 4051/4051/4051
f 4051/4051/4051 4050/4050/4050 4052/4052/4052
f 4053/4053/4053 4052/4052/4052 4054/4054/4054
f 4054/4054/4054 4055/4055/4055 4053/4053/4053
f 4056/4056/4056 4057/4057/4057 4058/4058/4058
f 4058/4058/4058 4059/4059/4059 4056/4056/4056
f 4060/4060/4060 4061/4061/4061 4059/4059/4059
f 4059/4059/4059 4058/4058/4058 4060/4060/4060
f 4062/4062/4062 4063/4063/4063 4061/4061/4061
f 4061/4061/4061 4060/4060/4060 4062/4062/4062
f 4063/4063/4063 4062/4062/4062 4064/4064/4064
f 4064/4064/4064 4065/4065/4065 4063/4063/4063
f 4066/4066/4066 4067/4067/4067 4068/4068/4068
f 4068/4068/4068 4069/4069/4069 4066/4066/4066
f 4070/4070/4070 4071/4071/4071 4067/4067/4067
f 4067/4067/4067 4066/4066/4066 4070/4070/4070
f 4070/4070/4070 4072/4072/4072 4073/4073/4073
f 4073/4073/4073 4071/4071/4071 4070/4070/4070
f 4073/4073/4073 4072/4072/4072 4074/4074/4074
f 4074/4074/4074 4075/4075/4075 4073/4073/4073
f 4076/4076/4076 4075/4075/4075 4074/4074/4074
f 4074/4074/4074 4077/4077/4077 4076/4076/4076
f 4078/4078/4078 4079/4079/4079 4080/4080/4080
f 4080/4080/4080 4081/4081/4081 4078/4078/4078
f 4038/4038/4038 4041/4041/4041 4079/4079/4079
f 4079/4079/4079 4078/4078/4078 4038/4038/4038
f 4082/4082/4082 3789/3789/3789 3806/3806/3806
f 3806/3806/3806 4083/4083/4083 4082/4082/4082
f 4084/4084/4084 3790/3790/3790 3789/3789/3789
f 3789/3789/3789 4082/4082/4082 4084/4084/4084
f 4085/4085/4085 3791/3791/3791 3790/3790/3790
f 3790/3790/3790 4084/4084/4084 4085/4085/4085
f 4085/4085/4085 4086/4086/4086 3793/3793/3793
f 3793/3793/3793 3791/3791/3791 4085/4085/4085
f 4087/4087/4087 3794/3794/3794 3793/3793/3793
f 3793/3793/3793 4086/4086/4086 4087/4087/4087
f 4087/4087/4087 4088/4088/4088 3796/3796/3796
f 3796/3796/3796 3794/3794/3794 4087/4087/4087
f 4089/4089/4089 3795/3795/3795 3796/3796/3796
f 3796/3796/3796 4088/4088/4088 4089/4089/4089
f 3797/3797/3797 3795/3795/3795 4089/4089/4089
f 4089/4089/4089 4090/4090/4090 3797/3797/3797
f 4091/4091/4091 3798/3798/3798 3797/3797/3797
f 3797/3797/3797 4090/4090/4090 4091/4091/4091
f 3800/3800/3800 3798/3798/3798 4091/4091/4091
f 4091/4091/4091 4092/4092/4092 3800/3800/3800
f 4092/4092/4092 4093/4093/4093 3799/3799/3799
f 3799/3799/3799 3800/3800/3800 4092/4092/4092
f 4093/4093/4093 4094/4094/4094 3801/3801/3801
f 3801/3801/3801 3799/3799/3799 4093/4093/4093
f 4095/4095/4095 3802/3802/3802 3801/3801/3801
f 3801/3801/3801 4094/4094/4094 4095/4095/4095
f 3802/3802/3802 4095/4095/4095 4096/4096/4096
f 4096/4096/4096 3804/3804/3804 3802/3802/3802
f 4097/4097/4097 3803/3803/3803 3804/3804/3804
f 3804/3804/3804 4096/4096/4096 4097/4097/4097
f 4098/4098/4098 3805/3805/3805 3803/3803/3803
f 3803/3803/3803 4097/4097/4097 4098/4098/4098
f 4098/4098/4098 4099/4099/4099 3792/3792/3792
f 3792/3792/3792 3805/3805/3805 4098/4098/4098
f 4083/4083/4083 3806/3806/3806 3792/3792/3792
f 3792/3792/3792 4099/4099/4099 4083/4083/4083
f 4100/4100/4100 4101/4101/4101 4102/4102/4102
f 4102/4102/4102 4103/4103/4103 4100/4100/4100
f 4041/4041/4041 4040/4040/4040 4104/4104/4104
f 4104/4104/4104 4105/4105/4105 4041/4041/4041
f 4106/4106/4106 4107/4107/4107 4108/4108/4108
f 4108/4108/4108 4109/4109/4109 4106/4106/4106
f 4104/4104/4104 4040/4040/4040 4043/4043/4043
f 4043/4043/4043 4110/4110/4110 4104/4104/4104
f 4108/4108/4108 4107/4107/4107 4111/4111/4111
f 4111/4111/4111 4112/4112/4112 4108/4108/4108
f 4046/4046/4046 4045/4045/4045 4113/4113/4113
f 4113/4113/4113 4114/4114/4114 4046/4046/4046
f 4115/4115/4115 4116/4116/4116 4117/4117/4117
f 4117/4117/4117 4118/4118/4118 4115/4115/4115
f 4113/4113/4113 4045/4045/4045 4048/4048/4048
f 4048/4048/4048 4119/4119/4119 4113/4113/4113
f 4120/4120/4120 4121/4121/4121 4122/4122/4122
f 4122/4122/4122 4119/4119/4119 4120/4120/4120
f 4048/4048/4048 4051/4051/4051 4120/4120/4120
f 4120/4120/4120 4119/4119/4119 4048/4048/4048
f 4123/4123/4123 4124/4124/4124 4125/4125/4125
f 4125/4125/4125 4126/4126/4126 4123/4123/4123
f 4053/4053/4053 4127/4127/4127 4120/4120/4120
f 4120/4120/4120 4051/4051/4051 4053/4053/4053
f 4128/4128/4128 4129/4129/4129 4125/4125/4125
f 4125/4125/4125 4124/4124/4124 4128/4128/4128
f 4127/4127/4127 4053/4053/4053 4055/4055/4055
f 4055/4055/4055 4130/4130/4130 4127/4127/4127
f 4129/4129/4129 4128/4128/4128 4131/4131/4131
f 4131/4131/4131 4132/4132/4132 4129/4129/4129
f 4133/4133/4133 4056/4056/4056 4059/4059/4059
f 4059/4059/4059 4134/4134/4134 4133/4133/4133
f 4135/4135/4135 4132/4132/4132 4131/4131/4131
f 4131/4131/4131 4136/4136/4136 4135/4135/4135
f 4134/4134/4134 4059/4059/4059 4061/4061/4061
f 4061/4061/4061 4137/4137/4137 4134/4134/4134
f 4138/4138/4138 4139/4139/4139 4135/4135/4135
f 4135/4135/4135 4136/4136/4136 4138/4138/4138
f 4137/4137/4137 4061/4061/4061 4063/4063/4063
f 4063/4063/4063 4140/4140/4140 4137/4137/4137
f 4141/4141/4141 4142/4142/4142 4143/4143/4143
f 4143/4143/4143 4144/4144/4144 4141/4141/4141
f 4140/4140/4140 4063/4063/4063 4065/4065/4065
f 4065/4065/4065 4145/4145/4145 4140/4140/4140
f 4146/4146/4146 4147/4147/4147 4144/4144/4144
f 4144/4144/4144 4143/4143/4143 4146/4146/4146
f 4068/4068/4068 4067/4067/4067 4148/4148/4148
f 4148/4148/4148 4149/4149/4149 4068/4068/4068
f 4150/4150/4150 4151/4151/4151 4147/4147/4147
f 4147/4147/4147 4146/4146/4146 4150/4150/4150
f 4148/4148/4148 4067/4067/4067 4071/4071/4071
f 4071/4071/4071 4152/4152/4152 4148/4148/4148
f 4153/4153/4153 4152/4152/4152 4154/4154/4154
f 4154/4154/4154 4155/4155/4155 4153/4153/4153
f 4071/4071/4071 4073/4073/4073 4154/4154/4154
f 4154/4154/4154 4152/4152/4152 4071/4071/4071
f 4156/4156/4156 4157/4157/4157 4158/4158/4158
f 4158/4158/4158 4159/4159/4159 4156/4156/4156
f 4154/4154/4154 4073/4073/4073 4075/4075/4075
f 4075/4075/4075 4160/4160/4160 4154/4154/4154
f 4161/4161/4161 4162/4162/4162 4157/4157/4157
f 4157/4157/4157 4156/4156/4156 4161/4161/4161
f 4075/4075/4075 4076/4076/4076 4163/4163/4163
f 4163/4163/4163 4160/4160/4160 4075/4075/4075
f 4164/4164/4164 4165/4165/4165 4162/4162/4162
f 4162/4162/4162 4161/4161/4161 4164/4164/4164
f 4166/4166/4166 4080/4080/4080 4079/4079/4079
f 4079/4079/4079 4167/4167/4167 4166/4166/4166
f 4102/4102/4102 4101/4101/4101 4165/4165/4165
f 4165/4165/4165 4164/4164/4164 4102/4102/4102
f 4105/4105/4105 4167/4167/4167 4079/4079/4079
f 4079/4079/4079 4041/4041/4041 4105/4105/4105
f 4168/4168/4168 4169/4169/4169 4170/4170/4170
f 4170/4170/4170 4171/4171/4171 4168/4168/4168
f 3866/3866/3866 4172/4172/4172 4173/4173/4173
f 4173/4173/4173 3867/3867/3867 3866/3866/3866
f 4171/4171/4171 4174/4174/4174 4175/4175/4175
f 4175/4175/4175 4168/4168/4168 4171/4171/4171
f 3872/3872/3872 4176/4176/4176 4172/4172/4172
f 4172/4172/4172 3866/3866/3866 3872/3872/3872
f 4177/4177/4177 4178/4178/4178 4179/4179/4179
f 4179/4179/4179 4180/4180/4180 4177/4177/4177
f 4181/4181/4181 4182/4182/4182 3879/3879/3879
f 3879/3879/3879 3878/3878/3878 4181/4181/4181
f 4183/4183/4183 4184/4184/4184 4178/4178/4178
f 4178/4178/4178 4177/4177/4177 4183/4183/4183
f 3884/3884/3884 4185/4185/4185 4181/4181/4181
f 4181/4181/4181 3878/3878/3878 3884/3884/3884
f 4186/4186/4186 4187/4187/4187 4184/4184/4184
f 4184/4184/4184 4183/4183/4183 4186/4186/4186
f 3887/3887/3887 4188/4188/4188 4185/4185/4185
f 4185/4185/4185 3884/3884/3884 3887/3887/3887
f 4189/4189/4189 4190/4190/4190 4187/4187/4187
f 4187/4187/4187 4186/4186/4186 4189/4189/4189
f 4191/4191/4191 4188/4188/4188 3887/3887/3887
f 3887/3887/3887 3892/3892/3892 4191/4191/4191
f 4192/4192/4192 4193/4193/4193 4190/4190/4190
f 4190/4190/4190 4189/4189/4189 4192/4192/4192
f 4191/4191/4191 3892/3892/3892 3895/3895/3895
f 3895/3895/3895 4194/4194/4194 4191/4191/4191
f 4195/4195/4195 4196/4196/4196 4197/4197/4197
f 4197/4197/4197 4198/4198/4198 4195/4195/4195
f 3901/3901/3901 4199/4199/4199 4200/4200/4200
f 4200/4200/4200 3902/3902/3902 3901/3901/3901
f 4201/4201/4201 4202/4202/4202 4196/4196/4196
f 4196/4196/4196 4195/4195/4195 4201/4201/4201
f 3907/3907/3907 4203/4203/4203 4199/4199/4199
f 4199/4199/4199 3901/3901/3901 3907/3907/3907
f 4204/4204/4204 4205/4205/4205 4202/4202/4202
f 4202/4202/4202 4201/4201/4201 4204/4204/4204
f 3912/3912/3912 4206/4206/4206 4203/4203/4203
f 4203/4203/4203 3907/3907/3907 3912/3912/3912
f 4207/4207/4207 4205/4205/4205 4204/4204/4204
f 4204/4204/4204 4208/4208/4208 4207/4207/4207
f 4209/4209/4209 4206/4206/4206 3912/3912/3912
f 3912/3912/3912 3916/3916/3916 4209/4209/4209
f 4210/4210/4210 4211/4211/4211 4212/4212/4212
f 4212/4212/4212 4213/4213/4213 4210/4210/4210
f 4214/4214/4214 3922/3922/3922 3921/3921/3921
f 3921/3921/3921 4215/4215/4215 4214/4214/4214
f 4212/4212/4212 4211/4211/4211 4216/4216/4216
f 4216/4216/4216 4217/4217/4217 4212/4212/4212
f 4215/4215/4215 3921/3921/3921 3927/3927/3927
f 3927/3927/3927 4218/4218/4218 4215/4215/4215
f 4219/4219/4219 4217/4217/4217 4216/4216/4216
f 4216/4216/4216 4220/4220/4220 4219/4219/4219
f 3927/3927/3927 3931/3931/3931 4221/4221/4221
f 4221/4221/4221 4218/4218/4218 3927/3927/3927
f 4219/4219/4219 4220/4220/4220 4222/4222/4222
f 4222/4222/4222 4223/4223/4223 4219/4219/4219
f 4224/4224/4224 4221/4221/4221 3931/3931/3931
f 3931/3931/3931 3936/3936/3936 4224/4224/4224
f 4222/4222/4222 4225/4225/4225 4226/4226/4226
f 4226/4226/4226 4223/4223/4223 4222/4222/4222
f 3936/3936/3936 3940/3940/3940 4227/4227/4227
f 4227/4227/4227 4224/4224/4224 3936/3936/3936
f 4228/4228/4228 4229/4229/4229 4230/4230/4230
f 4230/4230/4230 4231/4231/4231 4228/4228/4228
f 4232/4232/4232 3948/3948/3948 3947/3947/3947
f 3947/3947/3947 4233/4233/4233 4232/4232/4232
f 4169/4169/4169 4231/4231/4231 4230/4230/4230
f 4230/4230/4230 4170/4170/4170 4169/4169/4169
f 4173/4173/4173 4233/4233/4233 3947/3947/3947
f 3947/3947/3947 3867/3867/3867 4173/4173/4173
f 3862/3862/3862 4234/4234/4234 4235/4235/4235
f 4235/4235/4235 3863/3863/3863 3862/3862/3862
f 4236/4236/4236 4237/4237/4237 4238/4238/4238
f 4238/4238/4238 4239/4239/4239 4236/4236/4236
f 3863/3863/3863 4235/4235/4235 4240/4240/4240
f 4240/4240/4240 3869/3869/3869 3863/3863/3863
f 4241/4241/4241 4237/4237/4237 4236/4236/4236
f 4236/4236/4236 4242/4242/4242 4241/4241/4241
f 4243/4243/4243 3874/3874/3874 3873/3873/3873
f 3873/3873/3873 4244/4244/4244 4243/4243/4243
f 4245/4245/4245 4246/4246/4246 4247/4247/4247
f 4247/4247/4247 4248/4248/4248 4245/4245/4245
f 4249/4249/4249 3881/3881/3881 3874/3874/3874
f 3874/3874/3874 4243/4243/4243 4249/4249/4249
f 4250/4250/4250 4246/4246/4246 4245/4245/4245
f 4245/4245/4245 4251/4251/4251 4250/4250/4250
f 4249/4249/4249 4252/4252/4252 3886/3886/3886
f 3886/3886/3886 3881/3881/3881 4249/4249/4249
f 4253/4253/4253 4254/4254/4254 4250/4250/4250
f 4250/4250/4250 4251/4251/4251 4253/4253/4253
f 4255/4255/4255 3889/3889/3889 3886/3886/3886
f 3886/3886/3886 4252/4252/4252 4255/4255/4255
f 4256/4256/4256 4254/4254/4254 4253/4253/4253
f 4253/4253/4253 4257/4257/4257 4256/4256/4256
f 4258/4258/4258 3893/3893/3893 3889/3889/3889
f 3889/3889/3889 4255/4255/4255 4258/4258/4258
f 4259/4259/4259 4260/4260/4260 4256/4256/4256
f 4256/4256/4256 4257/4257/4257 4259/4259/4259
f 3898/3898/3898 3897/3897/3897 4261/4261/4261
f 4261/4261/4261 4262/4262/4262 3898/3898/3898
f 4263/4263/4263 4264/4264/4264 4265/4265/4265
f 4265/4265/4265 4266/4266/4266 4263/4263/4263
f 4267/4267/4267 3905/3905/3905 3898/3898/3898
f 3898/3898/3898 4262/4262/4262 4267/4267/4267
f 4268/4268/4268 4269/4269/4269 4263/4263/4263
f 4263/4263/4263 4266/4266/4266 4268/4268/4268
f 4270/4270/4270 3909/3909/3909 3905/3905/3905
f 3905/3905/3905 4267/4267/4267 4270/4270/4270
f 4271/4271/4271 4269/4269/4269 4268/4268/4268
f 4268/4268/4268 4272/4272/4272 4271/4271/4271
f 4273/4273/4273 3913/3913/3913 3909/3909/3909
f 3909/3909/3909 4270/4270/4270 4273/4273/4273
f 4274/4274/4274 4275/4275/4275 4271/4271/4271
f 4271/4271/4271 4272/4272/4272 4274/4274/4274
f 4276/4276/4276 3920/3920/3920 3919/3919/3919
f 3919/3919/3919 4277/4277/4277 4276/4276/4276
f 4278/4278/4278 4279/4279/4279 4280/4280/4280
f 4280/4280/4280 4281/4281/4281 4278/4278/4278
f 3925/3925/3925 3920/3920/3920 4276/4276/4276
f 4276/4276/4276 4282/4282/4282 3925/3925/3925
f 4283/4283/4283 4284/4284/4284 4278/4278/4278
f 4278/4278/4278 4281/4281/4281 4283/4283/4283
f 4282/4282/4282 4285/4285/4285 3929/3929/3929
f 3929/3929/3929 3925/3925/3925 4282/4282/4282
f 4286/4286/4286 4284/4284/4284 4283/4283/4283
f 4283/4283/4283 4287/4287/4287 4286/4286/4286
f 4288/4288/4288 3933/3933/3933 3929/3929/3929
f 3929/3929/3929 4285/4285/4285 4288/4288/4288
f 4289/4289/4289 4290/4290/4290 4286/4286/4286
f 4286/4286/4286 4287/4287/4287 4289/4289/4289
f 3933/3933/3933 4288/4288/4288 4291/4291/4291
f 4291/4291/4291 3937/3937/3937 3933/3933/3933
f 4292/4292/4292 4290/4290/4290 4289/4289/4289
f 4289/4289/4289 4293/4293/4293 4292/4292/4292
f 4294/4294/4294 3943/3943/3943 3942/3942/3942
f 3942/3942/3942 4295/4295/4295 4294/4294/4294
f 4296/4296/4296 4297/4297/4297 4298/4298/4298
f 4298/4298/4298 4299/4299/4299 4296/4296/4296
f 4294/4294/4294 4234/4234/4234 3862/3862/3862
f 3862/3862/3862 3943/3943/3943 4294/4294/4294
f 4239/4239/4239 4238/4238/4238 4297/4297/4297
f 4297/4297/4297 4296/4296/4296 4239/4239/4239
f 4300/4300/4300 4301/4301/4301 4302/4302/4302
f 4302/4302/4302 4303/4303/4303 4300/4300/4300
f 4304/4304/4304 4305/4305/4305 4306/4306/4306
f 4306/4306/4306 4307/4307/4307 4304/4304/4304
f 4308/4308/4308 4309/4309/4309 4310/4310/4310
f 4310/4310/4310 4311/4311/4311 4308/4308/4308
f 4309/4309/4309 4312/4312/4312 4313/4313/4313
f 4313/4313/4313 4310/4310/4310 4309/4309/4309
f 4314/4314/4314 4315/4315/4315 4316/4316/4316
f 4316/4316/4316 4317/4317/4317 4314/4314/4314
f 4318/4318/4318 4319/4319/4319 4320/4320/4320
f 4320/4320/4320 4321/4321/4321 4318/4318/4318
f 4320/4320/4320 4319/4319/4319 4322/4322/4322
f 4322/4322/4322 4323/4323/4323 4320/4320/4320
f 4324/4324/4324 4325/4325/4325 4326/4326/4326
f 4326/4326/4326 4327/4327/4327 4324/4324/4324
f 4328/4328/4328 4329/4329/4329 4325/4325/4325
f 4325/4325/4325 4324/4324/4324 4328/4328/4328
f 4330/4330/4330 4331/4331/4331 4332/4332/4332
f 4332/4332/4332 4333/4333/4333 4330/4330/4330
f 4334/4334/4334 4335/4335/4335 4336/4336/4336
f 4336/4336/4336 4337/4337/4337 4334/4334/4334
f 4338/4338/4338 4339/4339/4339 4340/4340/4340
f 4340/4340/4340 4341/4341/4341 4338/4338/4338
f 4342/4342/4342 4343/4343/4343 4339/4339/4339
f 4339/4339/4339 4338/4338/4338 4342/4342/4342
f 4344/4344/4344 4345/4345/4345 4346/4346/4346
f 4346/4346/4346 4347/4347/4347 4344/4344/4344
f 4344/4344/4344 4347/4347/4347 4348/4348/4348
f 4348/4348/4348 4349/4349/4349 4344/4344/4344
f 4350/4350/4350 4351/4351/4351 4352/4352/4352
f 4352/4352/4352 4353/4353/4353 4350/4350/4350
f 4354/4354/4354 4355/4355/4355 4356/4356/4356
f 4356/4356/4356 4357/4357/4357 4354/4354/4354
f 4358/4358/4358 4359/4359/4359 4360/4360/4360
f 4360/4360/4360 4361/4361/4361 4358/4358/4358
f 4362/4362/4362 4363/4363/4363 4364/4364/4364
f 4364/4364/4364 4365/4365/4365 4362/4362/4362
f 4366/4366/4366 4367/4367/4367 4368/4368/4368
f 4368/4368/4368 4369/4369/4369 4366/4366/4366
f 4370/4370/4370 4371/4371/4371 4367/4367/4367
f 4367/4367/4367 4366/4366/4366 4370/4370/4370
f 4372/4372/4372 4373/4373/4373 4374/4374/4374
f 4374/4374/4374 4375/4375/4375 4372/4372/4372
f 4376/4376/4376 4377/4377/4377 4373/4373/4373
f 4373/4373/4373 4372/4372/4372 4376/4376/4376
f 4377/4377/4377 4376/4376/4376 4378/4378/4378
f 4378/4378/4378 4379/4379/4379 4377/4377/4377
f 4380/4380/4380 4381/4381/4381 4379/4379/4379
f 4379/4379/4379 4378/4378/4378 4380/4380/4380
f 4382/4382/4382 4383/4383/4383 4384/4384/4384
f 4384/4384/4384 4385/4385/4385 4382/4382/4382
f 4386/4386/4386 4387/4387/4387 4388/4388/4388
f 4388/4388/4388 4389/4389/4389 4386/4386/4386
f 4390/4390/4390 4391/4391/4391 4392/4392/4392
f 4392/4392/4392 4393/4393/4393 4390/4390/4390
f 4394/4394/4394 4395/4395/4395 4396/4396/4396
f 4396/4396/4396 4397/4397/4397 4394/4394/4394
f 4398/4398/4398 4399/4399/4399 4400/4400/4400
f 4400/4400/4400 4401/4401/4401 4398/4398/4398
f 4402/4402/4402 4403/4403/4403 4404/4404/4404
f 4404/4404/4404 4405/4405/4405 4402/4402/4402
f 4406/4406/4406 4407/4407/4407 4403/4403/4403
f 4403/4403/4403 4402/4402/4402 4406/4406/4406
f 4408/4408/4408 4409/4409/4409 4410/4410/4410
f 4410/4410/4410 4411/4411/4411 4408/4408/4408
f 4410/4410/4410 4412/4412/4412 4413/4413/4413
f 4413/4413/4413 4411/4411/4411 4410/4410/4410
f 4414/4414/4414 4415/4415/4415 4416/4416/4416
f 4416/4416/4416 4417/4417/4417 4414/4414/4414
f 4418/4418/4418 4419/4419/4419 4420/4420/4420
f 4420/4420/4420 4421/4421/4421 4418/4418/4418
f 4422/4422/4422 4423/4423/4423 4424/4424/4424
f 4424/4424/4424 4425/4425/4425 4422/4422/4422
f 4426/4426/4426 4427/4427/4427 4428/4428/4428
f 4428/4428/4428 4429/4429/4429 4426/4426/4426
f 4430/4430/4430 4431/4431/4431 4432/4432/4432
f 4432/4432/4432 4433/4433/4433 4430/4430/4430
f 4434/4434/4434 4435/4435/4435 4436/4436/4436
f 4436/4436/4436 4437/4437/4437 4434/4434/4434
f 4438/4438/4438 4436/4436/4436 4435/4435/4435
f 4435/4435/4435 4439/4439/4439 4438/4438/4438
f 4440/4440/4440 4441/4441/4441 4442/4442/4442
f 4442/4442/4442 4443/4443/4443 4440/4440/4440
f 4444/4444/4444 4445/4445/4445 4446/4446/4446
f 4446/4446/4446 4447/4447/4447 4444/4444/4444
f 4448/4448/4448 4449/4449/4449 4450/4450/4450
f 4450/4450/4450 4451/4451/4451 4448/4448/4448
f 4452/4452/4452 4453/4453/4453 4454/4454/4454
f 4454/4454/4454 4455/4455/4455 4452/4452/4452
f 4456/4456/4456 4457/4457/4457 4458/4458/4458
f 4458/4458/4458 4459/4459/4459 4456/4456/4456
f 4460/4460/4460 4461/4461/4461 4462/4462/4462
f 4462/4462/4462 4463/4463/4463 4460/4460/4460
f 4464/4464/4464 4462/4462/4462 4461/4461/4461
f 4461/4461/4461 4465/4465/4465 4464/4464/4464
f 4466/4466/4466 4467/4467/4467 4468/4468/4468
f 4468/4468/4468 4469/4469/4469 4466/4466/4466
f 4469/4469/4469 4468/4468/4468 4470/4470/4470
f 4470/4470/4470 4471/4471/4471 4469/4469/4469
f 4472/4472/4472 4473/4473/4473 4474/4474/4474
f 4474/4474/4474 4475/4475/4475 4472/4472/4472
f 4476/4476/4476 4477/4477/4477 4473/4473/4473
f 4473/4473/4473 4472/4472/4472 4476/4476/4476
f 4478/4478/4478 4479/4479/4479 4480/4480/4480
f 4480/4480/4480 4481/4481/4481 4478/4478/4478
f 4482/4482/4482 4483/4483/4483 4481/4481/4481
f 4481/4481/4481 4480/4480/4480 4482/4482/4482
f 4484/4484/4484 4485/4485/4485 4486/4486/4486
f 4486/4486/4486 4487/4487/4487 4484/4484/4484
f 4488/4488/4488 4489/4489/4489 4490/4490/4490
f 4490/4490/4490 4491/4491/4491 4488/4488/4488
f 4492/4492/4492 4493/4493/4493 4494/4494/4494
f 4494/4494/4494 4495/4495/4495 4492/4492/4492
f 4494/4494/4494 4493/4493/4493 4496/4496/4496
f 4496/4496/4496 4497/4497/4497 4494/4494/4494
f 4496/4496/4496 4498/4498/4498 4499/4499/4499
f 4499/4499/4499 4497/4497/4497 4496/4496/4496
f 4500/4500/4500 4501/4501/4501 4502/4502/4502
f 4502/4502/4502 4503/4503/4503 4500/4500/4500
f 4504/4504/4504 4505/4505/4505 4506/4506/4506
f 4506/4506/4506 4507/4507/4507 4504/4504/4504
f 4506/4506/4506 4505/4505/4505 4508/4508/4508
f 4508/4508/4508 4509/4509/4509 4506/4506/4506
f 4508/4508/4508 4510/4510/4510 4511/4511/4511
f 4511/4511/4511 4509/4509/4509 4508/4508/4508
f 4512/4512/4512 4513/4513/4513 4514/4514/4514
f 4514/4514/4514 4515/4515/4515 4512/4512/4512
f 4516/4516/4516 4517/4517/4517 4518/4518/4518
f 4518/4518/4518 4519/4519/4519 4516/4516/4516
f 4520/4520/4520 4521/4521/4521 4517/4517/4517
f 4517/4517/4517 4516/4516/4516 4520/4520/4520
f 4522/4522/4522 4523/4523/4523 4524/4524/4524
f 4524/4524/4524 4525/4525/4525 4522/4522/4522
f 4526/4526/4526 4527/4527/4527 4528/4528/4528
f 4528/4528/4528 4529/4529/4529 4526/4526/4526
f 4527/4527/4527 4526/4526/4526 4530/4530/4530
f 4530/4530/4530 4531/4531/4531 4527/4527/4527
f 4531/4531/4531 4530/4530/4530 4532/4532/4532
f 4532/4532/4532 4533/4533/4533 4531/4531/4531
f 4534/4534/4534 4535/4535/4535 4536/4536/4536
f 4536/4536/4536 4537/4537/4537 4534/4534/4534
f 4538/4538/4538 4539/4539/4539 4540/4540/4540
f 4540/4540/4540 4541/4541/4541 4538/4538/4538
f 4542/4542/4542 4543/4543/4543 4544/4544/4544
f 4544/4544/4544 4545/4545/4545 4542/4542/4542
f 4546/4546/4546 4547/4547/4547 4548/4548/4548
f 4548/4548/4548 4549/4549/4549 4546/4546/4546
f 4550/4550/4550 4551/4551/4551 4552/4552/4552
f 4552/4552/4552 4553/4553/4553 4550/4550/4550
f 4554/4554/4554 4555/4555/4555 4556/4556/4556
f 4556/4556/4556 4557/4557/4557 4554/4554/4554
f 4558/4558/4558 4559/4559/4559 4560/4560/4560
f 4560/4560/4560 4561/4561/4561 4558/4558/4558
f 4562/4562/4562 4563/4563/4563 4564/4564/4564
f 4564/4564/4564 4565/4565/4565 4562/4562/4562
f 4566/4566/4566 4565/4565/4565 4564/4564/4564
f 4564/4564/4564 4567/4567/4567 4566/4566/4566
f 4568/4568/4568 4569/4569/4569 4570/4570/4570
f 4570/4570/4570 4571/4571/4571 4568/4568/4568
f 4571/4571/4571 4570/4570/4570 4572/4572/4572
f 4572/4572/4572 4573/4573/4573 4571/4571/4571
f 4574/4574/4574 4575/4575/4575 4576/4576/4576
f 4576/4576/4576 4577/4577/4577 4574/4574/4574
f 4578/4578/4578 4579/4579/4579 4580/4580/4580
f 4580/4580/4580 4581/4581/4581 4578/4578/4578
f 4582/4582/4582 4583/4583/4583 4584/4584/4584
f 4584/4584/4584 4585/4585/4585 4582/4582/4582
f 4586/4586/4586 4587/4587/4587 4588/4588/4588
f 4588/4588/4588 4589/4589/4589 4586/4586/4586
f 4590/4590/4590 4591/4591/4591 4592/4592/4592
f 4592/4592/4592 4593/4593/4593 4590/4590/4590
f 4594/4594/4594 4595/4595/4595 4596/4596/4596
f 4596/4596/4596 4597/4597/4597 4594/4594/4594
f 4598/4598/4598 4597/4597/4597 4596/4596/4596
f 4596/4596/4596 4599/4599/4599 4598/4598/4598
f 4600/4600/4600 4601/4601/4601 4602/4602/4602
f 4602/4602/4602 4603/4603/4603 4600/4600/4600
f 4602/4602/4602 4604/4604/4604 4605/4605/4605
f 4605/4605/4605 4603/4603/4603 4602/4602/4602
f 4606/4606/4606 4607/4607/4607 4608/4608/4608
f 4608/4608/4608 4609/4609/4609 4606/4606/4606
f 4610/4610/4610 4611/4611/4611 4612/4612/4612
f 4612/4612/4612 4613/4613/4613 4610/4610/4610
f 4614/4614/4614 4615/4615/4615 4616/4616/4616
f 4616/4616/4616 4617/4617/4617 4614/4614/4614
f 4618/4618/4618 4619/4619/4619 4620/4620/4620
f 4620/4620/4620 4621/4621/4621 4618/4618/4618
f 4622/4622/4622 4623/4623/4623 4624/4624/4624
f 4624/4624/4624 4625/4625/4625 4622/4622/4622
f 4626/4626/4626 4627/4627/4627 4628/4628/4628
f 4628/4628/4628 4629/4629/4629 4626/4626/4626
f 4628/4628/4628 4630/4630/4630 4631/4631/4631
f 4631/4631/4631 4629/4629/4629 4628/4628/4628
f 4632/4632/4632 4633/4633/4633 4634/4634/4634
f 4634/4634/4634 4635/4635/4635 4632/4632/4632
f 4634/4634/4634 4636/4636/4636 4637/4637/4637
f 4637/4637/4637 4635/4635/4635 4634/4634/4634
f 4638/4638/4638 4639/4639/4639 4640/4640/4640
f 4640/4640/4640 4641/4641/4641 4638/4638/4638
f 4642/4642/4642 4643/4643/4643 4644/4644/4644
f 4644/4644/4644 4645/4645/4645 4642/4642/4642
f 4646/4646/4646 4647/4647/4647 4648/4648/4648
f 4648/4648/4648 4649/4649/4649 4646/4646/4646
f 4650/4650/4650 4651/4651/4651 4652/4652/4652
f 4652/4652/4652 4653/4653/4653 4650/4650/4650
f 4654/4654/4654 4655/4655/4655 4656/4656/4656
f 4656/4656/4656 4657/4657/4657 4654/4654/4654
f 4658/4658/4658 4659/4659/4659 4660/4660/4660
f 4660/4660/4660 4661/4661/4661 4658/4658/4658
f 4662/4662/4662 4663/4663/4663 4661/4661/4661
f 4661/4661/4661 4660/4660/4660 4662/4662/4662
f 4664/4664/4664 4665/4665/4665 4666/4666/4666
f 4666/4666/4666 4667/4667/4667 4664/4664/4664
f 4667/4667/4667 4668/4668/4668 4669/4669/4669
f 4669/4669/4669 4664/4664/4664 4667/4667/4667
f 4670/4670/4670 4671/4671/4671 4672/4672/4672
f 4672/4672/4672 4673/4673/4673 4670/4670/4670
f 4674/4674/4674 4675/4675/4675 4676/4676/4676
f 4676/4676/4676 4677/4677/4677 4674/4674/4674
f 4678/4678/4678 4679/4679/4679 4680/4680/4680
f 4680/4680/4680 4681/4681/4681 4678/4678/4678
f 4682/4682/4682 4683/4683/4683 4684/4684/4684
f 4684/4684/4684 4685/4685/4685 4682/4682/4682
f 4686/4686/4686 4687/4687/4687 4688/4688/4688
f 4688/4688/4688 4689/4689/4689 4686/4686/4686
f 4690/4690/4690 4691/4691/4691 4692/4692/4692
f 4692/4692/4692 4693/4693/4693 4690/4690/4690
f 4694/4694/4694 4695/4695/4695 4693/4693/4693
f 4693/4693/4693 4692/4692/4692 4694/4694/4694
f 4696/4696/4696 4697/4697/4697 4698/4698/4698
f 4698/4698/4698 4699/4699/4699 4696/4696/4696
f 4700/4700/4700 4701/4701/4701 4696/4696/4696
f 4696/4696/4696 4699/4699/4699 4700/4700/4700
f 4702/4702/4702 4703/4703/4703 4704/4704/4704
f 4704/4704/4704 4705/4705/4705 4702/4702/4702
f 4706/4706/4706 4707/4707/4707 4708/4708/4708
f 4708/4708/4708 4709/4709/4709 4706/4706/4706
f 4710/4710/4710 4711/4711/4711 4712/4712/4712
f 4712/4712/4712 4713/4713/4713 4710/4710/4710
f 4714/4714/4714 4715/4715/4715 4716/4716/4716
f 4716/4716/4716 4717/4717/4717 4714/4714/4714
f 4718/4718/4718 4719/4719/4719 4720/4720/4720
f 4720/4720/4720 4721/4721/4721 4718/4718/4718
f 4722/4722/4722 4723/4723/4723 4724/4724/4724
f 4724/4724/4724 4725/4725/4725 4722/4722/4722
f 4726/4726/4726 4725/4725/4725 4724/4724/4724
f 4724/4724/4724 4727/4727/4727 4726/4726/4726
f 4728/4728/4728 4729/4729/4729 4730/4730/4730
f 4730/4730/4730 4731/4731/4731 4728/4728/4728
f 4731/4731/4731 4732/4732/4732 4733/4733/4733
f 4733/4733/4733 4728/4728/4728 4731/4731/4731
f 4734/4734/4734 4735/4735/4735 4736/4736/4736
f 4736/4736/4736 4737/4737/4737 4734/4734/4734
f 4738/4738/4738 4739/4739/4739 4740/4740/4740
f 4740/4740/4740 4741/4741/4741 4738/4738/4738
f 4742/4742/4742 4743/4743/4743 4744/4744/4744
f 4744/4744/4744 4745/4745/4745 4742/4742/4742
f 4746/4746/4746 4747/4747/4747 4748/4748/4748
f 4748/4748/4748 4749/4749/4749 4746/4746/4746
f 4750/4750/4750 4751/4751/4751 4752/4752/4752
f 4752/4752/4752 4753/4753/4753 4750/4750/4750
f 4754/4754/4754 4755/4755/4755 4756/4756/4756
f 4756/4756/4756 4757/4757/4757 4754/4754/4754
f 4758/4758/4758 4759/4759/4759 4757/4757/4757
f 4757/4757/4757 4756/4756/4756 4758/4758/4758
f 4760/4760/4760 4761/4761/4761 4762/4762/4762
f 4762/4762/4762 4763/4763/4763 4760/4760/4760
f 4763/4763/4763 4764/4764/4764 4765/4765/4765
f 4765/4765/4765 4760/4760/4760 4763/4763/4763
f 4766/4766/4766 4767/4767/4767 4768/4768/4768
f 4768/4768/4768 4769/4769/4769 4766/4766/4766
f 4770/4770/4770 4771/4771/4771 4772/4772/4772
f 4772/4772/4772 4773/4773/4773 4770/4770/4770
f 4774/4774/4774 4775/4775/4775 4776/4776/4776
f 4776/4776/4776 4777/4777/4777 4774/4774/4774
f 4778/4778/4778 4779/4779/4779 4780/4780/4780
f 4780/4780/4780 4781/4781/4781 4778/4778/4778
f 4782/4782/4782 4783/4783/4783 4784/4784/4784
f 4784/4784/4784 4785/4785/4785 4782/4782/4782
f 4786/4786/4786 4787/4787/4787 4788/4788/4788
f 4788/4788/4788 4789/4789/4789 4786/4786/4786
f 4789/4789/4789 4788/4788/4788 4790/4790/4790
f 4790/4790/4790 4791/4791/4791 4789/4789/4789
f 4792/4792/4792 4793/4793/4793 4794/4794/4794
f 4794/4794/4794 4795/4795/4795 4792/4792/4792
f 4793/4793/4793 4796/4796/4796 4797/4797/4797
f 4797/4797/4797 4794/4794/4794 4793/4793/4793
f 4798/4798/4798 4799/4799/4799 4800/4800/4800
f 4800/4800/4800 4801/4801/4801 4798/4798/4798
f 4802/4802/4802 4803/4803/4803 4804/4804/4804
f 4804/4804/4804 4805/4805/4805 4802/4802/4802
f 4806/4806/4806 4807/4807/4807 4808/4808/4808
f 4808/4808/4808 4809/4809/4809 4806/4806/4806
f 4810/4810/4810 4811/4811/4811 4812/4812/4812
f 4812/4812/4812 4813/4813/4813 4810/4810/4810
f 4814/4814/4814 4815/4815/4815 4816/4816/4816
f 4816/4816/4816 4817/4817/4817 4814/4814/4814
f 4818/4818/4818 4819/4819/4819 4820/4820/4820
f 4820/4820/4820 4821/4821/4821 4818/4818/4818
f 4819/4819/4819 4818/4818/4818 4822/4822/4822
f 4822/4822/4822 4823/4823/4823 4819/4819/4819
f 4824/4824/4824 4825/4825/4825 4826/4826/4826
f 4826/4826/4826 4827/4827/4827 4824/4824/4824
f 4828/4828/4828 4829/4829/4829 4827/4827/4827
f 4827/4827/4827 4826/4826/4826 4828/4828/4828
f 4830/4830/4830 4831/4831/4831 4832/4832/4832
f 4832/4832/4832 4833/4833/4833 4830/4830/4830
f 4834/4834/4834 4835/4835/4835 4836/4836/4836
f 4836/4836/4836 4837/4837/4837 4834/4834/4834
f 4838/4838/4838 4839/4839/4839 4840/4840/4840
f 4840/4840/4840 4841/4841/4841 4838/4838/4838
f 4842/4842/4842 4843/4843/4843 4844/4844/4844
f 4844/4844/4844 4845/4845/4845 4842/4842/4842
f 4846/4846/4846 4847/4847/4847 4848/4848/4848
f 4848/4848/4848 4849/4849/4849 4846/4846/4846
f 4850/4850/4850 4851/4851/4851 4852/4852/4852
f 4852/4852/4852 4853/4853/4853 4850/4850/4850
f 4851/4851/4851 4850/4850/4850 4854/4854/4854
f 4854/4854/4854 4855/4855/4855 4851/4851/4851
f 4856/4856/4856 4857/4857/4857 4858/4858/4858
f 4858/4858/4858 4859/4859/4859 4856/4856/4856
f 4860/4860/4860 4861/4861/4861 4859/4859/4859
f 4859/4859/4859 4858/4858/4858 4860/4860/4860
f 4862/4862/4862 4863/4863/4863 4864/4864/4864
f 4864/4864/4864 4865/4865/4865 4862/4862/4862
f 4866/4866/4866 4867/4867/4867 4868/4868/4868
f 4868/4868/4868 4869/4869/4869 4866/4866/4866
f 4870/4870/4870 4871/4871/4871 4872/4872/4872
f 4872/4872/4872 4873/4873/4873 4870/4870/4870
f 4874/4874/4874 4875/4875/4875 4876/4876/4876
f 4876/4876/4876 4877/4877/4877 4874/4874/4874
f 4878/4878/4878 4879/4879/4879 4880/4880/4880
f 4880/4880/4880 4881/4881/4881 4878/4878/4878
f 4882/4882/4882 4883/4883/4883 4884/4884/4884
f 4884/4884/4884 4885/4885/4885 4882/4882/4882
f 4883/4883/4883 4882/4882/4882 4886/4886/4886
f 4886/4886/4886 4887/4887/4887 4883/4883/4883
f 4888/4888/4888 4889/4889/4889 4890/4890/4890
f 4890/4890/4890 4891/4891/4891 4888/4888/4888
f 4892/4892/4892 4893/4893/4893 4891/4891/4891
f 4891/4891/4891 4890/4890/4890 4892/4892/4892
f 4894/4894/4894 4895/4895/4895 4896/4896/4896
f 4896/4896/4896 4897/4897/4897 4894/4894/4894
f 4898/4898/4898 4899/4899/4899 4900/4900/4900
f 4900/4900/4900 4901/4901/4901 4898/4898/4898
f 4902/4902/4902 4903/4903/4903 4904/4904/4904
f 4904/4904/4904 4905/4905/4905 4902/4902/4902
f 4906/4906/4906 4907/4907/4907 4908/4908/4908
f 4908/4908/4908 4909/4909/4909 4906/4906/4906
f 4910/4910/4910 4911/4911/4911 4912/4912/4912
f 4912/4912/4912 4913/4913/4913 4910/4910/4910
f 4914/4914/4914 4915/4915/4915 4916/4916/4916
f 4916/4916/4916 4917/4917/4917 4914/4914/4914
f 4915/4915/4915 4914/4914/4914 4918/4918/4918
f 4918/4918/4918 4919/4919/4919 4915/4915/4915
f 4920/4920/4920 4921/4921/4921 4922/4922/4922
f 4922/4922/4922 4923/4923/4923 4920/4920/4920
f 4924/4924/4924 4925/4925/4925 4923/4923/4923
f 4923/4923/4923 4922/4922/4922 4924/4924/4924
f 4926/4926/4926 4927/4927/4927 4928/4928/4928
f 4928/4928/4928 4929/4929/4929 4926/4926/4926
f 4930/4930/4930 4931/4931/4931 4932/4932/4932
f 4932/4932/4932 4933/4933/4933 4930/4930/4930
f 4934/4934/4934 4935/4935/4935 4936/4936/4936
f 4936/4936/4936 4937/4937/4937 4934/4934/4934
f 4938/4938/4938 4939/4939/4939 4940/4940/4940
f 4940/4940/4940 4941/4941/4941 4938/4938/4938
f 4942/4942/4942 4943/4943/4943 4944/4944/4944
f 4944/4944/4944 4945/4945/4945 4942/4942/4942
f 4946/4946/4946 4947/4947/4947 4948/4948/4948
f 4948/4948/4948 4949/4949/4949 4946/4946/4946
f 4950/4950/4950 4947/4947/4947 4946/4946/4946
f 4946/4946/4946 4951/4951/4951 4950/4950/4950
f 4952/4952/4952 4953/4953/4953 4954/4954/4954
f 4954/4954/4954 4955/4955/4955 4952/4952/4952
f 4953/4953/4953 4956/4956/4956 4957/4957/4957
f 4957/4957/4957 4954/4954/4954 4953/4953/4953
f 4958/4958/4958 4959/4959/4959 4960/4960/4960
f 4960/4960/4960 4961/4961/4961 4958/4958/4958
f 4962/4962/4962 4963/4963/4963 4964/4964/4964
f 4964/4964/4964 4965/4965/4965 4962/4962/4962
f 4966/4966/4966 4967/4967/4967 4968/4968/4968
f 4968/4968/4968 4969/4969/4969 4966/4966/4966
f 4970/4970/4970 4971/4971/4971 4972/4972/4972
f 4972/4972/4972 4973/4973/4973 4970/4970/4970
f 4974/4974/4974 4975/4975/4975 4976/4976/4976
f 4976/4976/4976 4977/4977/4977 4974/4974/4974
f 4978/4978/4978 4979/4979/4979 4980/4980/4980
f 4980/4980/4980 4981/4981/4981 4978/4978/4978
f 4982/4982/4982 4981/4981/4981 4980/4980/4980
f 4980/4980/4980 4983/4983/4983 4982/4982/4982
f 4984/4984/4984 4985/4985/4985 4986/4986/4986
f 4986/4986/4986 4987/4987/4987 4984/4984/4984
f 4987/4987/4987 4988/4988/4988 4989/4989/4989
f 4989/4989/4989 4984/4984/4984 4987/4987/4987
f 4990/4990/4990 4991/4991/4991 4992/4992/4992
f 4992/4992/4992 4993/4993/4993 4990/4990/4990
f 4994/4994/4994 4995/4995/4995 4996/4996/4996
f 4996/4996/4996 4997/4997/4997 4994/4994/4994
f 4998/4998/4998 4999/4999/4999 5000/5000/5000
f 5000/5000/5000 5001/5001/5001 4998/4998/4998
f 5002/5002/5002 5003/5003/5003 5004/5004/5004
f 5004/5004/5004 5005/5005/5005 5002/5002/5002
f 5006/5006/5006 5007/5007/5007 5008/5008/5008
f 5008/5008/5008 5009/5009/5009 5006/5006/5006
f 5010/5010/5010 5011/5011/5011 5012/5012/5012
f 5012/5012/5012 5013/5013/5013 5010/5010/5010
f 5014/5014/5014 5013/5013/5013 5012/5012/5012
f 5012/5012/5012 5015/5015/5015 5014/5014/5014
f 5016/5016/5016 5017/5017/5017 5018/5018/5018
f 5018/5018/5018 5019/5019/5019 5016/5016/5016
f 5019/5019/5019 5020/5020/5020 5021/5021/5021
f 5021/5021/5021 5016/5016/5016 5019/5019/5019
f 5022/5022/5022 5023/5023/5023 5024/5024/5024
f 5024/5024/5024 5025/5025/5025 5022/5022/5022
f 5026/5026/5026 5027/5027/5027 5028/5028/5028
f 5028/5028/5028 5029/5029/5029 5026/5026/5026
f 5030/5030/5030 5031/5031/5031 5032/5032/5032
f 5032/5032/5032 5033/5033/5033 5030/5030/5030
f 5034/5034/5034 5035/5035/5035 5036/5036/5036
f 5036/5036/5036 5037/5037/5037 5034/5034/5034
f 5038/5038/5038 5039/5039/5039 5040/5040/5040
f 5040/5040/5040 5041/5041/5041 5038/5038/5038
f 5042/5042/5042 5043/5043/5043 5044/5044/5044
f 5044/5044/5044 5045/5045/5045 5042/5042/5042
f 5046/5046/5046 5045/5045/5045 5044/5044/5044
f 5044/5044/5044 5047/5047/5047 5046/5046/5046
f 5048/5048/5048 5049/5049/5049 5050/5050/5050
f 5050/5050/5050 5051/5051/5051 5048/5048/5048
f 5051/5051/5051 5052/5052/5052 5053/5053/5053
f 5053/5053/5053 5048/5048/5048 5051/5051/5051
f 5054/5054/5054 5055/5055/5055 5056/5056/5056
f 5056/5056/5056 5057/5057/5057 5054/5054/5054
f 5058/5058/5058 5059/5059/5059 5060/5060/5060
f 5060/5060/5060 5061/5061/5061 5058/5058/5058
f 5062/5062/5062 5063/5063/5063 5064/5064/5064
f 5064/5064/5064 5065/5065/5065 5062/5062/5062
f 5066/5066/5066 5067/5067/5067 5068/5068/5068
f 5068/5068/5068 5069/5069/5069 5066/5066/5066
f 5070/5070/5070 5071/5071/5071 5072/5072/5072
f 5072/5072/5072 5073/5073/5073 5070/5070/5070
f 5074/5074/5074 5075/5075/5075 5076/5076/5076
f 5076/5076/5076 5077/5077/5077 5074/5074/5074
f 5078/5078/5078 5077/5077/5077 5076/5076/5076
f 5076/5076/5076 5079/5079/5079 5078/5078/5078
f 5080/5080/5080 5081/5081/5081 5082/5082/5082
f 5082/5082/5082 5083/5083/5083 5080/5080/5080
f 5080/5080/5080 5083/5083/5083 5084/5084/5084
f 5084/5084/5084 5085/5085/5085 5080/5080/5080
f 5086/5086/5086 5087/5087/5087 5088/5088/5088
f 5088/5088/5088 5089/5089/5089 5086/5086/5086
f 5090/5090/5090 5091/5091/5091 5092/5092/5092
f 5092/5092/5092 5093/5093/5093 5090/5090/5090
f 5094/5094/5094 5095/5095/5095 5096/5096/5096
f 5096/5096/5096 5097/5097/5097 5094/5094/5094
f 5098/5098/5098 5099/5099/5099 5100/5100/5100
f 5100/5100/5100 5101/5101/5101 5098/5098/5098
f 5102/5102/5102 5103/5103/5103 5104/5104/5104
f 5104/5104/5104 5105/5105/5105 5102/5102/5102
f 5106/5106/5106 5107/5107/5107 5108/5108/5108
f 5108/5108/5108 5109/5109/5109 5106/5106/5106
f 5110/5110/5110 5111/5111/5111 5109/5109/5109
f 5109/5109/5109 5108/5108/5108 5110/5110/5110
f 5112/5112/5112 5113/5113/5113 5114/5114/5114
f 5114/5114/5114 5115/5115/5115 5112/5112/5112
f 5116/5116/5116 5112/5112/5112 5115/5115/5115
f 5115/5115/5115 5117/5117/5117 5116/5116/5116
f 5118/5118/5118 5119/5119/5119 5120/5120/5120
f 5120/5120/5120 5121/5121/5121 5118/5118/5118
f 5120/5120/5120 5119/5119/5119 5122/5122/5122
f 5122/5122/5122 5123/5123/5123 5120/5120/5120
f 5124/5124/5124 5125/5125/5125 5126/5126/5126
f 5126/5126/5126 5127/5127/5127 5124/5124/5124
f 5125/5125/5125 5128/5128/5128 5129/5129/5129
f 5129/5129/5129 5126/5126/5126 5125/5125/5125
f 5129/5129/5129 5128/5128/5128 5130/5130/5130
f 5130/5130/5130 5131/5131/5131 5129/5129/5129
f 5130/5130/5130 5132/5132/5132 5133/5133/5133
f 5133/5133/5133 5131/5131/5131 5130/5130/5130
f 5134/5134/5134 5135/5135/5135 5136/5136/5136
f 5136/5136/5136 5137/5137/5137 5134/5134/5134
f 5138/5138/5138 5136/5136/5136 5135/5135/5135
f 5135/5135/5135 5139/5139/5139 5138/5138/5138
f 5139/5139/5139 5140/5140/5140 5141/5141/5141
f 5141/5141/5141 5138/5138/5138 5139/5139/5139
f 5142/5142/5142 5143/5143/5143 5144/5144/5144
f 5144/5144/5144 5145/5145/5145 5142/5142/5142
f 5146/5146/5146 5147/5147/5147 5148/5148/5148
f 5148/5148/5148 5149/5149/5149 5146/5146/5146
f 5148/5148/5148 5150/5150/5150 5151/5151/5151
f 5151/5151/5151 5149/5149/5149 5148/5148/5148
f 5150/5150/5150 5152/5152/5152 5153/5153/5153
f 5153/5153/5153 5151/5151/5151 5150/5150/5150
f 5154/5154/5154 5153/5153/5153 5152/5152/5152
f 5152/5152/5152 5155/5155/5155 5154/5154/5154
f 5156/5156/5156 5157/5157/5157 5158/5158/5158
f 5158/5158/5158 5159/5159/5159 5156/5156/5156
f 5121/5121/5121 5158/5158/5158 5157/5157/5157
f 5157/5157/5157 5118/5118/5118 5121/5121/5121
f 5160/5160/5160 5161/5161/5161 5162/5162/5162
f 5162/5162/5162 5163/5163/5163 5160/5160/5160
f 5164/5164/5164 5161/5161/5161 5165/5165/5165
f 5165/5165/5165 5166/5166/5166 5164/5164/5164
f 5166/5166/5166 5167/5167/5167 5164/5164/5164
f 5168/5168/5168 5164/5164/5164 5169/5169/5169
f 5169/5169/5169 5170/5170/5170 5168/5168/5168
f 5170/5170/5170 5171/5171/5171 5168/5168/5168
f 5168/5168/5168 5172/5172/5172 5173/5173/5173
f 5173/5173/5173 5162/5162/5162 5168/5168/5168
f 5173/5173/5173 5174/5174/5174 5162/5162/5162
f 5161/5161/5161 5164/5164/5164 5168/5168/5168
f 5168/5168/5168 5162/5162/5162 5161/5161/5161
f 5175/5175/5175 5163/5163/5163 5162/5162/5162
f 5176/5176/5176 5177/5177/5177 5178/5178/5178
f 5178/5178/5178 5179/5179/5179 5176/5176/5176
f 5180/5180/5180 5178/5178/5178 5181/5181/5181
f 5181/5181/5181 5182/5182/5182 5180/5180/5180
f 5182/5182/5182 5183/5183/5183 5180/5180/5180
f 5184/5184/5184 5180/5180/5180 5185/5185/5185
f 5185/5185/5185 5186/5186/5186 5184/5184/5184
f 5186/5186/5186 5187/5187/5187 5184/5184/5184
f 5184/5184/5184 5188/5188/5188 5189/5189/5189
f 5189/5189/5189 5179/5179/5179 5184/5184/5184
f 5189/5189/5189 5190/5190/5190 5179/5179/5179
f 5178/5178/5178 5180/5180/5180 5184/5184/5184
f 5184/5184/5184 5179/5179/5179 5178/5178/5178
f 5191/5191/5191 5176/5176/5176 5179/5179/5179
f 5192/5192/5192 5193/5193/5193 5194/5194/5194
f 5194/5194/5194 5195/5195/5195 5192/5192/5192
f 5196/5196/5196 5197/5197/5197 5198/5198/5198
f 5198/5198/5198 5199/5199/5199 5196/5196/5196
f 5200/5200/5200 5201/5201/5201 5202/5202/5202
f 5202/5202/5202 5203/5203/5203 5200/5200/5200
f 5204/5204/5204 5205/5205/5205 5206/5206/5206
f 5206/5206/5206 5207/5207/5207 5204/5204/5204
f 5208/5208/5208 5209/5209/5209 5210/5210/5210
f 5210/5210/5210 5211/5211/5211 5208/5208/5208
f 5195/5195/5195 5212/5212/5212 5213/5213/5213
f 5213/5213/5213 5192/5192/5192 5195/5195/5195
f 5214/5214/5214 5215/5215/5215 5216/5216/5216
f 5216/5216/5216 5217/5217/5217 5214/5214/5214
f 5216/5216/5216 5218/5218/5218 5217/5217/5217
f 5219/5219/5219 5214/5214/5214 5217/5217/5217
f 5220/5220/5220 5221/5221/5221 5222/5222/5222
f 5222/5222/5222 5223/5223/5223 5220/5220/5220
f 5221/5221/5221 5224/5224/5224 5225/5225/5225
f 5225/5225/5225 5222/5222/5222 5221/5221/5221
f 5226/5226/5226 5227/5227/5227 5228/5228/5228
f 5228/5228/5228 5229/5229/5229 5226/5226/5226
f 5230/5230/5230 5228/5228/5228 5227/5227/5227
f 5227/5227/5227 5231/5231/5231 5230/5230/5230
f 5231/5231/5231 5232/5232/5232 5233/5233/5233
f 5233/5233/5233 5230/5230/5230 5231/5231/5231
f 5234/5234/5234 5235/5235/5235 5236/5236/5236
f 5236/5236/5236 5237/5237/5237 5234/5234/5234
f 5238/5238/5238 5239/5239/5239 5240/5240/5240
f 5240/5240/5240 5241/5241/5241 5238/5238/5238
f 5240/5240/5240 5242/5242/5242 5243/5243/5243
f 5243/5243/5243 5241/5241/5241 5240/5240/5240
f 5242/5242/5242 5244/5244/5244 5245/5245/5245
f 5245/5245/5245 5243/5243/5243 5242/5242/5242
f 5246/5246/5246 5245/5245/5245 5244/5244/5244
f 5244/5244/5244 5247/5247/5247 5246/5246/5246
f 5248/5248/5248 5249/5249/5249 5250/5250/5250
f 5250/5250/5250 5251/5251/5251 5248/5248/5248
f 5249/5249/5249 5252/5252/5252 5253/5253/5253
f 5253/5253/5253 5250/5250/5250 5249/5249/5249
f 5253/5253/5253 5252/5252/5252 5254/5254/5254
f 5254/5254/5254 5255/5255/5255 5253/5253/5253
f 5254/5254/5254 5256/5256/5256 5257/5257/5257
f 5257/5257/5257 5255/5255/5255 5254/5254/5254
f 5258/5258/5258 5259/5259/5259 5260/5260/5260
f 5260/5260/5260 5261/5261/5261 5258/5258/5258
f 5223/5223/5223 5260/5260/5260 5259/5259/5259
f 5259/5259/5259 5220/5220/5220 5223/5223/5223
f 5262/5262/5262 5263/5263/5263 5264/5264/5264
f 5264/5264/5264 5265/5265/5265 5262/5262/5262
f 5262/5262/5262 5266/5266/5266 5267/5267/5267
f 5267/5267/5267 5268/5268/5268 5262/5262/5262
f 5267/5267/5267 5269/5269/5269 5268/5268/5268
f 5270/5270/5270 5268/5268/5268 5271/5271/5271
f 5271/5271/5271 5272/5272/5272 5270/5270/5270
f 5272/5272/5272 5273/5273/5273 5270/5270/5270
f 5263/5263/5263 5270/5270/5270 5274/5274/5274
f 5274/5274/5274 5275/5275/5275 5263/5263/5263
f 5275/5275/5275 5276/5276/5276 5263/5263/5263
f 5268/5268/5268 5270/5270/5270 5263/5263/5263
f 5263/5263/5263 5262/5262/5262 5268/5268/5268
f 5277/5277/5277 5264/5264/5264 5263/5263/5263
f 5278/5278/5278 5279/5279/5279 5280/5280/5280
f 5280/5280/5280 5281/5281/5281 5278/5278/5278
f 5282/5282/5282 5279/5279/5279 5283/5283/5283
f 5283/5283/5283 5284/5284/5284 5282/5282/5282
f 5284/5284/5284 5285/5285/5285 5282/5282/5282
f 5282/5282/5282 5286/5286/5286 5287/5287/5287
f 5287/5287/5287 5288/5288/5288 5282/5282/5282
f 5287/5287/5287 5289/5289/5289 5288/5288/5288
f 5280/5280/5280 5288/5288/5288 5290/5290/5290
f 5290/5290/5290 5291/5291/5291 5280/5280/5280
f 5291/5291/5291 5292/5292/5292 5280/5280/5280
f 5282/5282/5282 5288/5288/5288 5280/5280/5280
f 5280/5280/5280 5279/5279/5279 5282/5282/5282
f 5293/5293/5293 5281/5281/5281 5280/5280/5280
f 5294/5294/5294 5295/5295/5295 5296/5296/5296
f 5296/5296/5296 5297/5297/5297 5294/5294/5294
f 5298/5298/5298 5299/5299/5299 5300/5300/5300
f 5300/5300/5300 5301/5301/5301 5298/5298/5298
f 5302/5302/5302 5303/5303/5303 5304/5304/5304
f 5304/5304/5304 5305/5305/5305 5302/5302/5302
f 5306/5306/5306 5307/5307/5307 5308/5308/5308
f 5308/5308/5308 5309/5309/5309 5306/5306/5306
f 5310/5310/5310 5311/5311/5311 5312/5312/5312
f 5312/5312/5312 5313/5313/5313 5310/5310/5310
f 5314/5314/5314 5315/5315/5315 5294/5294/5294
f 5294/5294/5294 5297/5297/5297 5314/5314/5314
f 5316/5316/5316 5317/5317/5317 5318/5318/5318
f 5318/5318/5318 5319/5319/5319 5316/5316/5316
f 5319/5319/5319 5320/5320/5320 5316/5316/5316
f 5321/5321/5321 5317/5317/5317 5316/5316/5316
f 5322/5322/5322 5323/5323/5323 5324/5324/5324
f 5324/5324/5324 5325/5325/5325 5322/5322/5322
f 5323/5323/5323 5326/5326/5326 5327/5327/5327
f 5327/5327/5327 5324/5324/5324 5323/5323/5323
f 5328/5328/5328 5329/5329/5329 5330/5330/5330
f 5330/5330/5330 5331/5331/5331 5328/5328/5328
f 5330/5330/5330 5332/5332/5332 5333/5333/5333
f 5333/5333/5333 5331/5331/5331 5330/5330/5330
f 5332/5332/5332 5334/5334/5334 5335/5335/5335
f 5335/5335/5335 5333/5333/5333 5332/5332/5332
f 5336/5336/5336 5335/5335/5335 5334/5334/5334
f 5334/5334/5334 5337/5337/5337 5336/5336/5336
f 5338/5338/5338 5339/5339/5339 5340/5340/5340
f 5340/5340/5340 5341/5341/5341 5338/5338/5338
f 5339/5339/5339 5342/5342/5342 5343/5343/5343
f 5343/5343/5343 5340/5340/5340 5339/5339/5339
f 5343/5343/5343 5342/5342/5342 5344/5344/5344
f 5344/5344/5344 5345/5345/5345 5343/5343/5343
f 5344/5344/5344 5346/5346/5346 5347/5347/5347
f 5347/5347/5347 5345/5345/5345 5344/5344/5344
f 5348/5348/5348 5349/5349/5349 5350/5350/5350
f 5350/5350/5350 5351/5351/5351 5348/5348/5348
f 5352/5352/5352 5350/5350/5350 5349/5349/5349
f 5349/5349/5349 5353/5353/5353 5352/5352/5352
f 5353/5353/5353 5354/5354/5354 5355/5355/5355
f 5355/5355/5355 5352/5352/5352 5353/5353/5353
f 5354/5354/5354 5356/5356/5356 5357/5357/5357
f 5357/5357/5357 5355/5355/5355 5354/5354/5354
f 5358/5358/5358 5359/5359/5359 5360/5360/5360
f 5360/5360/5360 5361/5361/5361 5358/5358/5358
f 5325/5325/5325 5362/5362/5362 5363/5363/5363
f 5363/5363/5363 5322/5322/5322 5325/5325/5325
f 5364/5364/5364 5365/5365/5365 5366/5366/5366
f 5366/5366/5366 5367/5367/5367 5364/5364/5364
f 5368/5368/5368 5366/5366/5366 5369/5369/5369
f 5369/5369/5369 5370/5370/5370 5368/5368/5368
f 5370/5370/5370 5371/5371/5371 5368/5368/5368
f 5368/5368/5368 5372/5372/5372 5373/5373/5373
f 5373/5373/5373 5374/5374/5374 5368/5368/5368
f 5373/5373/5373 5375/5375/5375 5374/5374/5374
f 5367/5367/5367 5374/5374/5374 5376/5376/5376
f 5376/5376/5376 5377/5377/5377 5367/5367/5367
f 5377/5377/5377 5378/5378/5378 5367/5367/5367
f 5368/5368/5368 5374/5374/5374 5367/5367/5367
f 5367/5367/5367 5366/5366/5366 5368/5368/5368
f 5379/5379/5379 5364/5364/5364 5367/5367/5367
f 5380/5380/5380 5381/5381/5381 5382/5382/5382
f 5382/5382/5382 5383/5383/5383 5380/5380/5380
f 5380/5380/5380 5384/5384/5384 5385/5385/5385
f 5385/5385/5385 5386/5386/5386 5380/5380/5380
f 5385/5385/5385 5387/5387/5387 5386/5386/5386
f 5388/5388/5388 5386/5386/5386 5389/5389/5389
f 5389/5389/5389 5390/5390/5390 5388/5388/5388
f 5390/5390/5390 5391/5391/5391 5388/5388/5388
f 5381/5381/5381 5388/5388/5388 5392/5392/5392
f 5392/5392/5392 5393/5393/5393 5381/5381/5381
f 5393/5393/5393 5394/5394/5394 5381/5381/5381
f 5386/5386/5386 5388/5388/5388 5381/5381/5381
f 5381/5381/5381 5380/5380/5380 5386/5386/5386
f 5395/5395/5395 5382/5382/5382 5381/5381/5381
f 5396/5396/5396 5397/5397/5397 5398/5398/5398
f 5398/5398/5398 5399/5399/5399 5396/5396/5396
f 5400/5400/5400 5401/5401/5401 5402/5402/5402
f 5402/5402/5402 5403/5403/5403 5400/5400/5400
f 5404/5404/5404 5405/5405/5405 5406/5406/5406
f 5406/5406/5406 5407/5407/5407 5404/5404/5404
f 5405/5405/5405 5408/5408/5408 5409/5409/5409
f 5409/5409/5409 5406/5406/5406 5405/5405/5405
f 5410/5410/5410 5411/5411/5411 5412/5412/5412
f 5412/5412/5412 5413/5413/5413 5410/5410/5410
f 5414/5414/5414 5415/5415/5415 5416/5416/5416
f 5416/5416/5416 5417/5417/5417 5414/5414/5414
f 5418/5418/5418 5419/5419/5419 5420/5420/5420
f 5420/5420/5420 5421/5421/5421 5418/5418/5418
f 5421/5421/5421 5422/5422/5422 5418/5418/5418
f 5423/5423/5423 5419/5419/5419 5418/5418/5418
f 5424/5424/5424 5425/5425/5425 5426/5426/5426
f 5426/5426/5426 5427/5427/5427 5424/5424/5424
f 5426/5426/5426 5425/5425/5425 5428/5428/5428
f 5428/5428/5428 5429/5429/5429 5426/5426/5426
f 5430/5430/5430 5431/5431/5431 5432/5432/5432
f 5432/5432/5432 5433/5433/5433 5430/5430/5430
f 5431/5431/5431 5434/5434/5434 5435/5435/5435
f 5435/5435/5435 5432/5432/5432 5431/5431/5431
f 5435/5435/5435 5434/5434/5434 5436/5436/5436
f 5436/5436/5436 5437/5437/5437 5435/5435/5435
f 5436/5436/5436 5438/5438/5438 5439/5439/5439
f 5439/5439/5439 5437/5437/5437 5436/5436/5436
f 5440/5440/5440 5441/5441/5441 5442/5442/5442
f 5442/5442/5442 5443/5443/5443 5440/5440/5440
f 5444/5444/5444 5442/5442/5442 5441/5441/5441
f 5441/5441/5441 5445/5445/5445 5444/5444/5444
f 5445/5445/5445 5446/5446/5446 5447/5447/5447
f 5447/5447/5447 5444/5444/5444 5445/5445/5445
f 5446/5446/5446 5448/5448/5448 5449/5449/5449
f 5449/5449/5449 5447/5447/5447 5446/5446/5446
f 5450/5450/5450 5451/5451/5451 5452/5452/5452
f 5452/5452/5452 5453/5453/5453 5450/5450/5450
f 5452/5452/5452 5454/5454/5454 5455/5455/5455
f 5455/5455/5455 5453/5453/5453 5452/5452/5452
f 5454/5454/5454 5456/5456/5456 5457/5457/5457
f 5457/5457/5457 5455/5455/5455 5454/5454/5454
f 5458/5458/5458 5459/5459/5459 5460/5460/5460
f 5460/5460/5460 5461/5461/5461 5458/5458/5458
f 5462/5462/5462 5463/5463/5463 5464/5464/5464
f 5464/5464/5464 5465/5465/5465 5462/5462/5462
f 5427/5427/5427 5464/5464/5464 5463/5463/5463
f 5463/5463/5463 5424/5424/5424 5427/5427/5427
f 5466/5466/5466 5467/5467/5467 5468/5468/5468
f 5468/5468/5468 5469/5469/5469 5466/5466/5466
f 5470/5470/5470 5467/5467/5467 5471/5471/5471
f 5471/5471/5471 5472/5472/5472 5470/5470/5470
f 5472/5472/5472 5473/5473/5473 5470/5470/5470
f 5474/5474/5474 5470/5470/5470 5475/5475/5475
f 5475/5475/5475 5476/5476/5476 5474/5474/5474
f 5476/5476/5476 5477/5477/5477 5474/5474/5474
f 5474/5474/5474 5478/5478/5478 5479/5479/5479
f 5479/5479/5479 5468/5468/5468 5474/5474/5474
f 5479/5479/5479 5480/5480/5480 5468/5468/5468
f 5467/5467/5467 5470/5470/5470 5474/5474/5474
f 5474/5474/5474 5468/5468/5468 5467/5467/5467
f 5481/5481/5481 5469/5469/5469 5468/5468/5468
f 5482/5482/5482 5483/5483/5483 5484/5484/5484
f 5484/5484/5484 5485/5485/5485 5482/5482/5482
f 5486/5486/5486 5484/5484/5484 5487/5487/5487
f 5487/5487/5487 5488/5488/5488 5486/5486/5486
f 5488/5488/5488 5489/5489/5489 5486/5486/5486
f 5490/5490/5490 5486/5486/5486 5491/5491/5491
f 5491/5491/5491 5492/5492/5492 5490/5490/5490
f 5492/5492/5492 5493/5493/5493 5490/5490/5490
f 5490/5490/5490 5494/5494/5494 5495/5495/5495
f 5495/5495/5495 5485/5485/5485 5490/5490/5490
f 5495/5495/5495 5496/5496/5496 5485/5485/5485
f 5484/5484/5484 5486/5486/5486 5490/5490/5490
f 5490/5490/5490 5485/5485/5485 5484/5484/5484
f 5497/5497/5497 5482/5482/5482 5485/5485/5485
f 5498/5498/5498 5499/5499/5499 5500/5500/5500
f 5500/5500/5500 5501/5501/5501 5498/5498/5498
f 5502/5502/5502 5503/5503/5503 5504/5504/5504
f 5504/5504/5504 5505/5505/5505 5502/5502/5502
f 5506/5506/5506 5507/5507/5507 5508/5508/5508
f 5508/5508/5508 5509/5509/5509 5506/5506/5506
f 5510/5510/5510 5511/5511/5511 5512/5512/5512
f 5512/5512/5512 5513/5513/5513 5510/5510/5510
f 5514/5514/5514 5515/5515/5515 5516/5516/5516
f 5516/5516/5516 5517/5517/5517 5514/5514/5514
f 5518/5518/5518 5519/5519/5519 5520/5520/5520
f 5520/5520/5520 5521/5521/5521 5518/5518/5518
f 5522/5522/5522 5523/5523/5523 5524/5524/5524
f 5524/5524/5524 5525/5525/5525 5522/5522/5522
f 5524/5524/5524 5526/5526/5526 5525/5525/5525
f 5527/5527/5527 5522/5522/5522 5525/5525/5525
f 5528/5528/5528 5529/5529/5529 5530/5530/5530
f 5530/5530/5530 5531/5531/5531 5528/5528/5528
f 5532/5532/5532 5533/5533/5533 5534/5534/5534
f 5534/5534/5534 5535/5535/5535 5532/5532/5532
f 5532/5532/5532 5535/5535/5535 5536/5536/5536
f 5536/5536/5536 5537/5537/5537 5532/5532/5532
f 5537/5537/5537 5536/5536/5536 5538/5538/5538
f 5538/5538/5538 5539/5539/5539 5537/5537/5537
f 5538/5538/5538 5540/5540/5540 5541/5541/5541
f 5541/5541/5541 5539/5539/5539 5538/5538/5538
f 5541/5541/5541 5540/5540/5540 5542/5542/5542
f 5542/5542/5542 5543/5543/5543 5541/5541/5541
f 5543/5543/5543 5542/5542/5542 5544/5544/5544
f 5544/5544/5544 5545/5545/5545 5543/5543/5543
f 5544/5544/5544 5546/5546/5546 5547/5547/5547
f 5547/5547/5547 5545/5545/5545 5544/5544/5544
f 5546/5546/5546 5548/5548/5548 5549/5549/5549
f 5549/5549/5549 5547/5547/5547 5546/5546/5546
f 5549/5549/5549 5548/5548/5548 5550/5550/5550
f 5550/5550/5550 5551/5551/5551 5549/5549/5549
f 5550/5550/5550 5552/5552/5552 5553/5553/5553
f 5553/5553/5553 5551/5551/5551 5550/5550/5550
f 5552/5552/5552 5554/5554/5554 5555/5555/5555
f 5555/5555/5555 5553/5553/5553 5552/5552/5552
