mtllib Book_1.mtl
v 0.2126377 0 0.164381
v 0.2126377 0.004774297 0.164381
v 0.2126377 0.004774297 -0.164381
v 0.2126377 0 -0.164381
v -0.2123553 0.01992602 0.164381
v -0.2133291 0.03102003 -0.164381
v -0.2133291 0.03102003 0.164381
v -0.2123553 0.01992602 -0.164381
v -0.2087146 0.008970167 0.164381
v -0.2087146 0.008970167 -0.164381
v -0.2026994 0.001837445 -0.164381
v -0.2026993 0.001837399 0.164381
v -0.2133291 0.03102003 0.164381
v -0.2119023 0.03251714 0.1638383
v -0.2083401 0.03251693 0.1638383
v -0.2067711 0.03102004 0.164381
v -0.2058569 0.02082518 0.164381
v -0.2123553 0.01992602 0.164381
v -0.2029497 0.009887475 0.164381
v -0.2087146 0.008970167 0.164381
v -0.2026993 0.001837399 0.164381
v -0.1997079 0.006200433 0.164381
v -0.2001899 0.001280474 0.1627371
v -0.2001882 0.001279776 -0.1627371
v -0.2015384 0.00183225 -0.1627371
v -0.2015399 0.001832918 0.1627371
v -0.2015399 0.001832918 0.1627371
v -0.1995356 0.004493054 0.1627371
v -0.1981725 0.003957754 0.1627371
v -0.2001899 0.001280474 0.1627371
v -0.1995337 0.004492387 -0.162737
v -0.2015384 0.00183225 -0.1627371
v -0.2001882 0.001279776 -0.1627371
v -0.1981706 0.003957083 -0.1627371
v -0.1992665 0 0.164381
v -0.1956778 0.004774297 0.164381
v 0.2126377 0.004774297 0.164381
v 0.2126377 0 0.164381
v -0.1956778 0.004774297 -0.164381
v -0.1992664 0 -0.164381
v 0.2126377 0 -0.164381
v 0.2126377 0.004774297 -0.164381
v -0.1992664 0 -0.164381
v -0.1992665 0 0.164381
v 0.2126377 0 0.164381
v 0.2126377 0 -0.164381
v -0.1997079 0.006200433 -0.164381
v -0.2087146 0.008970167 -0.164381
v -0.2026994 0.001837445 -0.164381
v -0.2029497 0.009887475 -0.164381
v -0.2058569 0.02082518 -0.164381
v -0.2123553 0.01992602 -0.164381
v -0.2067711 0.03102004 -0.164381
v -0.2133291 0.03102003 -0.164381
v -0.2119023 0.03251714 -0.1638383
v -0.2083401 0.03251693 -0.1638383
v -0.2026993 0.001837399 0.164381
v -0.2015399 0.001832918 0.1627371
v -0.2015384 0.00183225 -0.1627371
v -0.2026994 0.001837445 -0.164381
v -0.1992664 0 -0.164381
v -0.2001882 0.001279776 -0.1627371
v -0.2001899 0.001280474 0.1627371
v -0.1992665 0 0.164381
v -0.1992665 0 0.164381
v -0.2001899 0.001280474 0.1627371
v -0.1981725 0.003957754 0.1627371
v -0.1956778 0.004774297 0.164381
v -0.1997079 0.006200433 0.164381
v -0.1995356 0.004493054 0.1627371
v -0.2015399 0.001832918 0.1627371
v -0.2026993 0.001837399 0.164381
v -0.1956778 0.004774297 -0.164381
v -0.1981706 0.003957083 -0.1627371
v -0.2001882 0.001279776 -0.1627371
v -0.1992664 0 -0.164381
v -0.2026994 0.001837445 -0.164381
v -0.2015384 0.00183225 -0.1627371
v -0.1995337 0.004492387 -0.162737
v -0.1997079 0.006200433 -0.164381
v -0.2119023 0.03251714 -0.1638383
v -0.2119023 0.03251714 0.1638383
v -0.2133291 0.03102003 0.164381
v -0.2133291 0.03102003 -0.164381
v -0.1995356 0.004493054 0.1627371
v -0.1995337 0.004492387 -0.162737
v -0.1981706 0.003957083 -0.1627371
v -0.1981725 0.003957754 0.1627371
v -0.1956778 0.004774297 0.164381
v -0.1956778 0.004774297 -0.164381
v 0.2126377 0.004774297 -0.164381
v 0.2126377 0.004774297 0.164381
v -0.1997079 0.006200433 0.164381
v -0.2029497 0.009887475 -0.164381
v -0.1997079 0.006200433 -0.164381
v -0.2029497 0.009887475 0.164381
v -0.2058569 0.02082518 0.164381
v -0.2058569 0.02082518 -0.164381
v -0.2067711 0.03102004 -0.164381
v -0.2067711 0.03102004 0.164381
v -0.2083401 0.03251693 0.1638383
v -0.2083401 0.03251693 -0.1638383
v -0.1956778 0.004774297 0.164381
v -0.1981725 0.003957754 0.1627371
v -0.1981706 0.003957083 -0.1627371
v -0.1956778 0.004774297 -0.164381
v -0.1997079 0.006200433 -0.164381
v -0.1995337 0.004492387 -0.162737
v -0.1995356 0.004493054 0.1627371
v -0.1997079 0.006200433 0.164381
v -0.2119023 0.03251714 -0.1638383
v -0.2083401 0.03251693 -0.1638383
v -0.2083401 0.03251693 0.1638383
v -0.2119023 0.03251714 0.1638383
v 0.06805205 0.03768465 -0.1595456
v 0.2033732 0.03768465 -0.1595456
v 0.2033732 0.03768465 0.1595456
v 0.06805205 0.03768465 0.1595456
v 0.02207801 0.04225498 0.1595456
v 0.02207801 0.04225498 -0.1595456
v -0.02389601 0.05100914 0.1595456
v -0.02389601 0.05100914 -0.1595456
v -0.06987 0.05837451 -0.1595456
v -0.06987 0.05822248 0.1595456
v -0.1055217 0.06107191 0.1595456
v -0.1055217 0.06192014 -0.1595456
v -0.1411735 0.06016556 0.1595456
v -0.1411735 0.06016556 -0.1595456
v -0.1768252 0.05451293 0.1595456
v -0.1768252 0.05451293 -0.1595456
v -0.1947632 0.04853578 0.1595456
v -0.1947632 0.04853578 -0.1595456
v -0.2127011 0.0346464 -0.1595456
v -0.2127011 0.0346464 0.1595456
v -0.1947632 0.03293282 0.1595456
v -0.2127011 0.03293282 0.1595456
v -0.2127011 0.03346457 0.1574153
v -0.1922185 0.04598451 -0.1574153
v -0.2127011 0.0346464 -0.1595456
v -0.2127011 0.03441003 -0.1574153
v -0.1947631 0.04343326 -0.1595456
v -0.2127011 0.03441003 -0.1574153
v -0.2127011 0.03417366 -0.1595456
v -0.1922185 0.04088199 -0.1574153
v -0.2127011 0.03417366 -0.1595456
v -0.2127011 0.03393729 -0.1574153
v -0.1947632 0.03833072 -0.1595456
v -0.2127011 0.03393729 -0.1574153
v -0.2127011 0.03370093 -0.1595456
v -0.1922185 0.03577946 -0.1574153
v -0.2127011 0.03370093 -0.1595456
v -0.2127011 0.03346457 -0.1574153
v 0.2091701 0.01257751 0.1620817
v 0.2091701 0.01257751 -0.1620817
v 0.2069456 0.01031053 -0.1612791
v 0.2069456 0.01031053 0.1612791
v 0.07110947 0.01257751 0.1620817
v 0.2091701 0.01257751 0.1620817
v 0.2069456 0.01031053 0.1612791
v 0.06998422 0.01031053 0.1612791
v 0.2104471 0.008043561 0.1620817
v 0.07267635 0.008043567 0.1620817
v 0.02675274 0.008043567 0.1620817
v 0.02433044 0.01031053 0.1612791
v 0.02508922 0.01257751 0.1620817
v -0.01917086 0.008043561 0.1620817
v -0.02132339 0.01031053 0.1612791
v -0.02093098 0.01257751 0.1620817
v -0.06695119 0.01257751 0.1620817
v -0.0669771 0.01031053 0.1612791
v -0.06509445 0.008043561 0.1620817
v -0.09953718 0.008043567 0.1620817
v -0.1012286 0.01031053 0.1612791
v -0.1015257 0.01257751 0.1620817
v -0.1339799 0.008043567 0.1620817
v -0.13548 0.01031053 0.1612791
v -0.1361002 0.01257751 0.1620817
v -0.1684226 0.008043567 0.1620817
v -0.1697314 0.01031053 0.1612791
v -0.1706747 0.01257751 0.1620817
v -0.1856439 0.008043561 0.1620817
v -0.1868571 0.01031053 0.1612791
v -0.187962 0.01257751 0.1620817
v -0.2052493 0.01257751 0.1620817
v -0.2039829 0.01031053 0.1612791
v -0.2028653 0.008043561 0.1620817
v 0.2066069 0.02217127 0.1620817
v 0.2066069 0.02217127 -0.1620817
v 0.2042974 0.01937842 -0.1612791
v 0.2042974 0.01937842 0.1612791
v 0.06880493 0.02217127 0.1620817
v 0.2066069 0.02217127 0.1620817
v 0.2042974 0.01937842 0.1612791
v 0.06741421 0.01937842 0.1612791
v 0.2078204 0.01711146 0.1620817
v 0.0699118 0.01711145 0.1620817
v 0.02394228 0.01711145 0.1620817
v 0.02178642 0.01937842 0.1612791
v 0.02287095 0.02217127 0.1620817
v -0.02202729 0.01711145 0.1620817
v -0.02384125 0.01937842 0.1612791
v -0.02306307 0.02217127 0.1620817
v -0.06899709 0.02217127 0.1620817
v -0.06946904 0.01937842 0.1612791
v -0.06799681 0.01711145 0.1620817
v -0.1028618 0.01711144 0.1620817
v -0.104237 0.01937842 0.1612791
v -0.104191 0.02217127 0.1620817
v -0.1377267 0.01711144 0.1620817
v -0.139005 0.01937842 0.1612791
v -0.1393849 0.02217127 0.1620817
v -0.1725917 0.01711144 0.1620817
v -0.1737728 0.01937842 0.1612791
v -0.1745789 0.02217127 0.1620817
v -0.1900241 0.01711144 0.1620817
v -0.1911569 0.01937842 0.1612791
v -0.1921758 0.02217127 0.1620817
v -0.2097728 0.02217127 0.1620817
v -0.2085408 0.01937842 0.1612791
v -0.2074566 0.01711144 0.1620817
v 0.205974 0.0310231 0.1620817
v 0.205974 0.0310231 -0.1620817
v 0.2030635 0.0284463 -0.1612791
v 0.2031001 0.0284463 0.1612791
v 0.06805205 0.0310231 0.1611904
v 0.205974 0.0310231 0.1620817
v 0.2031001 0.0284463 0.1612791
v 0.06621888 0.02844629 0.1612791
v 0.2061012 0.02617931 0.1620817
v 0.06830227 0.02617931 0.1620817
v 0.02236931 0.02635235 0.1620817
v 0.02059173 0.02844629 0.1612791
v 0.02207801 0.03204294 0.1611904
v -0.02356362 0.02620321 0.1620817
v -0.02503543 0.02844629 0.1612791
v -0.02389597 0.03187299 0.1611904
v -0.06986995 0.0310231 0.1611904
v -0.07066246 0.02844629 0.1612791
v -0.06949663 0.02617931 0.1620817
v -0.1049386 0.02617931 0.1620817
v -0.1059868 0.02844629 0.1612791
v -0.1055217 0.0310231 0.1611904
v -0.1403805 0.02617931 0.1620817
v -0.1413113 0.02844629 0.1612791
v -0.1411735 0.0310231 0.1611904
v -0.1758224 0.02617931 0.1620817
v -0.1766357 0.02844629 0.1612791
v -0.1768252 0.0310231 0.1611904
v -0.1935434 0.02617931 0.1620817
v -0.1942979 0.02844628 0.1612791
v -0.194651 0.0310231 0.1611904
v -0.2124769 0.0310231 0.1611904
v -0.2119601 0.02844629 0.1612791
v -0.2112643 0.02617931 0.1620817
v 0.2080862 0.005776593 0.1612791
v 0.2080862 0.005776593 -0.1612791
v 0.2113545 0.003509637 -0.1620817
v 0.2113545 0.003509637 0.1620817
v 0.07267635 0.008043567 0.1620817
v 0.2104471 0.008043561 0.1620817
v 0.2080862 0.005776593 0.1612791
v 0.07146017 0.005776593 0.1612791
v 0.2113545 0.003509637 0.1620817
v 0.07399669 0.003509637 0.1620817
v 0.02821084 0.003509637 0.1620817
v 0.02591808 0.005776593 0.1612791
v 0.02675274 0.008043567 0.1620817
v -0.0175751 0.003509637 0.1620817
v -0.01962391 0.005776593 0.1612791
v -0.01917086 0.008043561 0.1620817
v -0.06509445 0.008043561 0.1620817
v -0.06516594 0.005776593 0.1612791
v -0.06336104 0.003509626 0.1620817
v -0.09770044 0.003509626 0.1620817
v -0.09932243 0.005776593 0.1612791
v -0.09953718 0.008043567 0.1620817
v -0.1320399 0.003509626 0.1620817
v -0.1334789 0.005776593 0.1612791
v -0.1339799 0.008043567 0.1620817
v -0.1663793 0.003509621 0.1620817
v -0.1676355 0.005776593 0.1612791
v -0.1684226 0.008043567 0.1620817
v -0.183549 0.003509621 0.1620817
v -0.1847137 0.005776593 0.1612791
v -0.1856439 0.008043561 0.1620817
v -0.2028653 0.008043561 0.1620817
v -0.201792 0.005776593 0.1612791
v -0.2007188 0.003509626 0.1620817
v 0.2104471 0.008043561 0.1620817
v 0.2104471 0.008043561 -0.1620817
v 0.2080862 0.005776593 -0.1612791
v 0.2080862 0.005776593 0.1612791
v 0.2069456 0.01031053 0.1612791
v 0.2069456 0.01031053 -0.1612791
v 0.2104471 0.008043561 -0.1620817
v 0.2104471 0.008043561 0.1620817
v 0.2054144 0.01537036 0.1612791
v 0.2054144 0.01537036 -0.1612791
v 0.2091701 0.01257751 -0.1620817
v 0.2091701 0.01257751 0.1620817
v 0.0699118 0.01711145 0.1620817
v 0.2078204 0.01711146 0.1620817
v 0.2054144 0.01537036 0.1612791
v 0.06845669 0.01537036 0.1612791
v 0.2091701 0.01257751 0.1620817
v 0.07110947 0.01257751 0.1620817
v 0.02508922 0.01257751 0.1620817
v 0.02280416 0.01537036 0.1612791
v 0.02394228 0.01711145 0.1620817
v -0.02093098 0.01257751 0.1620817
v -0.0228484 0.01537037 0.1612791
v -0.02202729 0.01711145 0.1620817
v -0.06799681 0.01711145 0.1620817
v -0.06850099 0.01537037 0.1612791
v -0.06695119 0.01257751 0.1620817
v -0.1015257 0.01257751 0.1620817
v -0.103026 0.01537037 0.1612791
v -0.1028618 0.01711144 0.1620817
v -0.1361002 0.01257751 0.1620817
v -0.137551 0.01537037 0.1612791
v -0.1377267 0.01711144 0.1620817
v -0.1706747 0.01257751 0.1620817
v -0.172076 0.01537037 0.1612791
v -0.1725917 0.01711144 0.1620817
v -0.187962 0.01257751 0.1620817
v -0.1893385 0.01537037 0.1612791
v -0.1900241 0.01711144 0.1620817
v -0.2074566 0.01711144 0.1620817
v -0.2066011 0.01537037 0.1612791
v -0.2052493 0.01257751 0.1620817
v 0.2078204 0.01711146 0.1620817
v 0.2078204 0.01711146 -0.1620817
v 0.2054144 0.01537036 -0.1612791
v 0.2054144 0.01537036 0.1612791
v 0.2042974 0.01937842 0.1612791
v 0.2042974 0.01937842 -0.1612791
v 0.2078204 0.01711146 -0.1620817
v 0.2078204 0.01711146 0.1620817
v 0.2034018 0.02391236 0.1612791
v 0.2034018 0.02391236 -0.1612791
v 0.2066069 0.02217127 -0.1620817
v 0.2066069 0.02217127 0.1620817
v 0.06830227 0.02617931 0.1620817
v 0.2061012 0.02617931 0.1620817
v 0.2034018 0.02391236 0.1612791
v 0.06658542 0.02391236 0.1612791
v 0.2066069 0.02217127 0.1620817
v 0.06880493 0.02217127 0.1620817
v 0.02287095 0.02217127 0.1620817
v 0.02097994 0.02392732 0.1612791
v 0.02236931 0.02635235 0.1620817
v -0.02306307 0.02217127 0.1620817
v -0.02462544 0.02391236 0.1612791
v -0.02356362 0.02620321 0.1620817
v -0.06949663 0.02617931 0.1620817
v -0.07023089 0.02391236 0.1612791
v -0.06899709 0.02217127 0.1620817
v -0.104191 0.02217127 0.1620817
v -0.1052867 0.02391236 0.1612791
v -0.1049386 0.02617931 0.1620817
v -0.1393849 0.02217127 0.1620817
v -0.1403424 0.02391236 0.1612791
v -0.1403805 0.02617931 0.1620817
v -0.1745789 0.02217127 0.1620817
v -0.1753982 0.02391235 0.1612791
v -0.1758224 0.02617931 0.1620817
v -0.1921758 0.02217127 0.1620817
v -0.192926 0.02391235 0.1612791
v -0.1935434 0.02617931 0.1620817
v -0.2112643 0.02617931 0.1620817
v -0.2104539 0.02391235 0.1612791
v -0.2097728 0.02217127 0.1620817
v 0.2061012 0.02617931 0.1620817
v 0.2061012 0.02617931 -0.1620817
v 0.2034018 0.02391236 -0.1612791
v 0.2034018 0.02391236 0.1612791
v 0.2031001 0.0284463 0.1612791
v 0.2030635 0.0284463 -0.1612791
v 0.2061012 0.02617931 -0.1620817
v 0.2061012 0.02617931 0.1620817
v 0.2001162 0.03293282 -0.1595456
v 0.2001162 0.03293282 0.1595456
v 0.200589 0.03397094 0.1574153
v 0.200589 0.03397094 -0.1574153
v 0.2033732 0.03471369 0.1595456
v 0.2033732 0.03471369 -0.1595456
v 0.2001162 0.03293282 0.1595456
v 0.06708742 0.03397094 0.1574153
v 0.200589 0.03397094 0.1574153
v 0.06805205 0.03293282 0.1595456
v 0.02172728 0.03617659 0.1574153
v 0.06805205 0.03293282 0.1595456
v 0.02207805 0.03293282 0.1595456
v 0.02172728 0.03617659 0.1574153
v -0.0236329 0.0367659 0.1574153
v -0.02389597 0.03978776 0.1595456
v 0.02207801 0.03755787 0.1595456
v 0.06708742 0.03397094 0.1574153
v 0.06805207 0.03471368 0.1595456
v 0.200589 0.03397094 0.1574153
v 0.2033732 0.03471369 0.1595456
v -0.06987 0.04141418 0.1595456
v -0.06899302 0.0372273 0.1574153
v -0.1055217 0.04250943 0.1595456
v -0.02389597 0.03293282 0.1595456
v -0.1041687 0.03786882 0.1574153
v -0.1411735 0.04220732 0.1595456
v -0.06986995 0.03293282 0.1595456
v -0.1393444 0.03771776 0.1574153
v -0.1768252 0.0403231 0.1595456
v -0.1055218 0.03293282 0.1595456
v -0.1745201 0.03677565 0.1574153
v -0.1947632 0.03833072 0.1595456
v -0.1411735 0.03293282 0.1595456
v -0.1922185 0.03577946 0.1574153
v -0.2127011 0.03370093 0.1595456
v -0.2127011 0.03346457 0.1574153
v -0.1947632 0.03293282 0.1595456
v -0.1768252 0.03293282 0.1595456
v -0.02389597 0.03187299 0.1611904
v -0.06986995 0.0310231 0.1611904
v 0.02207801 0.03204294 0.1611904
v -0.1055217 0.0310231 0.1611904
v -0.1411735 0.0310231 0.1611904
v 0.06805205 0.0310231 0.1611904
v -0.1768252 0.0310231 0.1611904
v 0.06805205 0.03293282 0.1595456
v 0.205974 0.0310231 0.1620817
v 0.2001162 0.03293282 0.1595456
v -0.194651 0.0310231 0.1611904
v -0.2127011 0.03293282 0.1595456
v -0.2124769 0.0310231 0.1611904
v 0.205974 0.0310231 -0.1620817
v 0.205974 0.0310231 0.1620817
v 0.2001162 0.03293282 0.1595456
v 0.2001162 0.03293282 -0.1595456
v 0.06708745 0.03694191 0.1574153
v 0.02172728 0.0412485 0.1574153
v 0.02207801 0.04225498 0.1595456
v -0.02389601 0.05100914 0.1595456
v -0.02363284 0.04898012 0.1574153
v -0.06987 0.05822248 0.1595456
v -0.06899302 0.05421048 0.1574153
v -0.1055217 0.06107191 0.1595456
v -0.1041687 0.05643129 0.1574153
v -0.1411735 0.06016556 0.1595456
v -0.1393445 0.05567599 0.1574153
v -0.1768252 0.05451293 0.1595456
v -0.1745201 0.05096547 0.1574153
v -0.1947632 0.04853578 0.1595456
v -0.1922185 0.04598451 0.1574153
v -0.2127011 0.0346464 0.1595456
v -0.2127011 0.03441003 0.1574153
v 0.06708745 0.03694191 0.1574153
v 0.02207801 0.04225498 0.1595456
v 0.06805205 0.03768465 0.1595456
v 0.200589 0.0369419 0.1574153
v 0.2033732 0.03768465 0.1595456
v 0.200589 0.0369419 -0.1574153
v 0.200589 0.0369419 0.1574153
v 0.2033732 0.03768465 0.1595456
v 0.2033732 0.03768465 -0.1595456
v 0.2033732 0.03619917 0.1595456
v 0.06708745 0.03694191 0.1574153
v 0.200589 0.0369419 0.1574153
v 0.06805205 0.03619917 0.1595456
v 0.02172728 0.0412485 0.1574153
v 0.02207801 0.04011939 0.1595456
v -0.02363284 0.04898012 0.1574153
v -0.02389605 0.04544068 0.1595456
v -0.06899302 0.05421048 0.1574153
v -0.06987 0.05001379 0.1595456
v -0.1041687 0.05643129 0.1574153
v -0.1055218 0.05179067 0.1595456
v -0.1393445 0.05567599 0.1574153
v -0.1411735 0.05118643 0.1595456
v -0.1745201 0.05096547 0.1574153
v -0.1768252 0.04741801 0.1595456
v -0.1922185 0.04598451 0.1574153
v -0.1947631 0.04343326 0.1595456
v -0.2127011 0.03441003 0.1574153
v -0.2127011 0.03417366 0.1595456
v 0.2033732 0.03619917 -0.1595456
v 0.2033732 0.03619917 0.1595456
v 0.200589 0.0369419 0.1574153
v 0.200589 0.0369419 -0.1574153
v 0.200589 0.03545643 0.1574153
v 0.06805205 0.03619917 0.1595456
v 0.2033732 0.03619917 0.1595456
v 0.06708738 0.03545643 0.1574153
v 0.02207801 0.04011939 0.1595456
v 0.02172728 0.03888175 0.1574153
v -0.02389605 0.04544068 0.1595456
v -0.02363284 0.04272545 0.1574153
v -0.06987 0.05001379 0.1595456
v -0.06899302 0.04571218 0.1574153
v -0.1055218 0.05179067 0.1595456
v -0.1041687 0.04715005 0.1574153
v -0.1411735 0.05118643 0.1595456
v -0.1393444 0.04669688 0.1574153
v -0.1768252 0.04741801 0.1595456
v -0.1745201 0.04387057 0.1574153
v -0.1947631 0.04343326 0.1595456
v -0.1922185 0.04088199 0.1574153
v -0.2127011 0.03417366 0.1595456
v -0.2127011 0.03393729 0.1574153
v 0.200589 0.03545643 -0.1574153
v 0.200589 0.03545643 0.1574153
v 0.2033732 0.03619917 0.1595456
v 0.2033732 0.03619917 -0.1595456
v 0.2033732 0.03471369 0.1595456
v 0.06708738 0.03545643 0.1574153
v 0.200589 0.03545643 0.1574153
v 0.06805207 0.03471368 0.1595456
v 0.02172728 0.03888175 0.1574153
v 0.02207801 0.03755787 0.1595456
v -0.02363284 0.04272545 0.1574153
v -0.02389597 0.03978776 0.1595456
v -0.06899302 0.04571218 0.1574153
v -0.06987 0.04141418 0.1595456
v -0.1041687 0.04715005 0.1574153
v -0.1055217 0.04250943 0.1595456
v -0.1393444 0.04669688 0.1574153
v -0.1411735 0.04220732 0.1595456
v -0.1745201 0.04387057 0.1574153
v -0.1768252 0.0403231 0.1595456
v -0.1922185 0.04088199 0.1574153
v -0.1947632 0.03833072 0.1595456
v -0.2127011 0.03393729 0.1574153
v -0.2127011 0.03370093 0.1595456
v 0.2033732 0.03471369 -0.1595456
v 0.2033732 0.03471369 0.1595456
v 0.200589 0.03545643 0.1574153
v 0.200589 0.03545643 -0.1574153
v 0.07110947 0.01257751 -0.1620817
v 0.2069456 0.01031053 -0.1612791
v 0.2091701 0.01257751 -0.1620817
v 0.06998422 0.01031053 -0.1612791
v 0.2104471 0.008043561 -0.1620817
v 0.07267635 0.008043567 -0.1620817
v 0.02675274 0.008043567 -0.1620817
v 0.02433044 0.01031053 -0.1612791
v 0.02508922 0.01257751 -0.1620817
v -0.01917086 0.008043561 -0.1620817
v -0.02132339 0.01031053 -0.1612791
v -0.02093098 0.01257751 -0.1620817
v -0.06695119 0.01257751 -0.1620817
v -0.0669771 0.01031053 -0.1612791
v -0.06509445 0.008043561 -0.1620817
v -0.09953718 0.008043567 -0.1620817
v -0.1012286 0.01031053 -0.1612791
v -0.1015257 0.01257751 -0.1620817
v -0.1339799 0.008043567 -0.1620817
v -0.13548 0.01031053 -0.1612791
v -0.1361002 0.01257751 -0.1620817
v -0.1684226 0.008043567 -0.1620817
v -0.1697314 0.01031053 -0.1612791
v -0.1706747 0.01257751 -0.1620817
v -0.1856439 0.008043561 -0.1620817
v -0.1868571 0.01031053 -0.1612791
v -0.187962 0.01257751 -0.1620817
v -0.2052493 0.01257751 -0.1620817
v -0.2039829 0.01031053 -0.1612791
v -0.2028653 0.008043561 -0.1620817
v 0.06880493 0.02217127 -0.1620817
v 0.2042974 0.01937842 -0.1612791
v 0.2066069 0.02217127 -0.1620817
v 0.06741421 0.01937842 -0.1612791
v 0.2078204 0.01711146 -0.1620817
v 0.0699118 0.01711145 -0.1620817
v 0.02394228 0.01711145 -0.1620817
v 0.02178642 0.01937842 -0.1612791
v 0.02287095 0.02217127 -0.1620817
v -0.02202729 0.01711145 -0.1620817
v -0.02384125 0.01937842 -0.1612791
v -0.02306307 0.02217127 -0.1620817
v -0.06899709 0.02217127 -0.1620817
v -0.06946904 0.01937842 -0.1612791
v -0.06799681 0.01711145 -0.1620817
v -0.1028618 0.01711144 -0.1620817
v -0.104237 0.01937842 -0.1612791
v -0.104191 0.02217127 -0.1620817
v -0.1377267 0.01711144 -0.1620817
v -0.139005 0.01937842 -0.1612791
v -0.1393849 0.02217127 -0.1620817
v -0.1725917 0.01711144 -0.1620817
v -0.1737728 0.01937842 -0.1612791
v -0.1745789 0.02217127 -0.1620817
v -0.1900241 0.01711144 -0.1620817
v -0.1911569 0.01937842 -0.1612791
v -0.1921758 0.02217127 -0.1620817
v -0.2097728 0.02217127 -0.1620817
v -0.2085408 0.01937842 -0.1612791
v -0.2074566 0.01711144 -0.1620817
v 0.06805205 0.0310231 -0.1611904
v 0.2030635 0.0284463 -0.1612791
v 0.205974 0.0310231 -0.1620817
v 0.06621888 0.02844629 -0.1612791
v 0.2061012 0.02617931 -0.1620817
v 0.06830227 0.02617931 -0.1620817
v 0.02236931 0.02635235 -0.1620817
v 0.02059173 0.02844629 -0.1612791
v 0.02207801 0.03204294 -0.1611904
v -0.02356362 0.02620321 -0.1620817
v -0.02503543 0.02844629 -0.1612791
v -0.02389597 0.03187299 -0.1611904
v -0.06986995 0.0310231 -0.1611904
v -0.07066246 0.02844629 -0.1612791
v -0.06949663 0.02617931 -0.1620817
v -0.1049386 0.02617931 -0.1620817
v -0.1059868 0.02844629 -0.1612791
v -0.1055217 0.0310231 -0.1611904
v -0.1403805 0.02617931 -0.1620817
v -0.1413113 0.02844629 -0.1612791
v -0.1411735 0.0310231 -0.1611904
v -0.1758224 0.02617931 -0.1620817
v -0.1766357 0.02844629 -0.1612791
v -0.1768252 0.0310231 -0.1611904
v -0.1935434 0.02617931 -0.1620817
v -0.1942979 0.02844628 -0.1612791
v -0.194651 0.0310231 -0.1611904
v -0.2124769 0.0310231 -0.1611904
v -0.2119601 0.02844629 -0.1612791
v -0.2112643 0.02617931 -0.1620817
v 0.07267635 0.008043567 -0.1620817
v 0.2080862 0.005776593 -0.1612791
v 0.2104471 0.008043561 -0.1620817
v 0.07146017 0.005776593 -0.1612791
v 0.2113545 0.003509637 -0.1620817
v 0.07399669 0.003509637 -0.1620817
v 0.02821084 0.003509637 -0.1620817
v 0.02591808 0.005776593 -0.1612791
v 0.02675274 0.008043567 -0.1620817
v -0.0175751 0.003509637 -0.1620817
v -0.01962391 0.005776593 -0.1612791
v -0.01917086 0.008043561 -0.1620817
v -0.06509445 0.008043561 -0.1620817
v -0.06516594 0.005776593 -0.1612791
v -0.06336104 0.003509626 -0.1620817
v -0.09770044 0.003509626 -0.1620817
v -0.09932243 0.005776593 -0.1612791
v -0.09953718 0.008043567 -0.1620817
v -0.1320399 0.003509626 -0.1620817
v -0.1334789 0.005776593 -0.1612791
v -0.1339799 0.008043567 -0.1620817
v -0.1663793 0.003509621 -0.1620817
v -0.1676355 0.005776593 -0.1612791
v -0.1684226 0.008043567 -0.1620817
v -0.183549 0.003509621 -0.1620817
v -0.1847137 0.005776593 -0.1612791
v -0.1856439 0.008043561 -0.1620817
v -0.2028653 0.008043561 -0.1620817
v -0.201792 0.005776593 -0.1612791
v -0.2007188 0.003509626 -0.1620817
v 0.0699118 0.01711145 -0.1620817
v 0.2054144 0.01537036 -0.1612791
v 0.2078204 0.01711146 -0.1620817
v 0.06845669 0.01537036 -0.1612791
v 0.2091701 0.01257751 -0.1620817
v 0.07110947 0.01257751 -0.1620817
v 0.02508922 0.01257751 -0.1620817
v 0.02280416 0.01537036 -0.1612791
v 0.02394228 0.01711145 -0.1620817
v -0.02093098 0.01257751 -0.1620817
v -0.0228484 0.01537037 -0.1612791
v -0.02202729 0.01711145 -0.1620817
v -0.06799681 0.01711145 -0.1620817
v -0.06850099 0.01537037 -0.1612791
v -0.06695119 0.01257751 -0.1620817
v -0.1015257 0.01257751 -0.1620817
v -0.103026 0.01537037 -0.1612791
v -0.1028618 0.01711144 -0.1620817
v -0.1361002 0.01257751 -0.1620817
v -0.137551 0.01537037 -0.1612791
v -0.1377267 0.01711144 -0.1620817
v -0.1706747 0.01257751 -0.1620817
v -0.172076 0.01537037 -0.1612791
v -0.1725917 0.01711144 -0.1620817
v -0.187962 0.01257751 -0.1620817
v -0.1893385 0.01537037 -0.1612791
v -0.1900241 0.01711144 -0.1620817
v -0.2074566 0.01711144 -0.1620817
v -0.2066011 0.01537037 -0.1612791
v -0.2052493 0.01257751 -0.1620817
v 0.06830227 0.02617931 -0.1620817
v 0.2034018 0.02391236 -0.1612791
v 0.2061012 0.02617931 -0.1620817
v 0.06658542 0.02391236 -0.1612791
v 0.2066069 0.02217127 -0.1620817
v 0.06880493 0.02217127 -0.1620817
v 0.02287095 0.02217127 -0.1620817
v 0.02097994 0.02392732 -0.1612791
v 0.02236931 0.02635235 -0.1620817
v -0.02306307 0.02217127 -0.1620817
v -0.02462544 0.02391236 -0.1612791
v -0.02356362 0.02620321 -0.1620817
v -0.06949663 0.02617931 -0.1620817
v -0.07023089 0.02391236 -0.1612791
v -0.06899709 0.02217127 -0.1620817
v -0.104191 0.02217127 -0.1620817
v -0.1052867 0.02391236 -0.1612791
v -0.1049386 0.02617931 -0.1620817
v -0.1393849 0.02217127 -0.1620817
v -0.1403424 0.02391236 -0.1612791
v -0.1403805 0.02617931 -0.1620817
v -0.1745789 0.02217127 -0.1620817
v -0.1753982 0.02391235 -0.1612791
v -0.1758224 0.02617931 -0.1620817
v -0.1921758 0.02217127 -0.1620817
v -0.192926 0.02391235 -0.1612791
v -0.1935434 0.02617931 -0.1620817
v -0.2112643 0.02617931 -0.1620817
v -0.2104539 0.02391235 -0.1612791
v -0.2097728 0.02217127 -0.1620817
v 0.205974 0.0310231 -0.1620817
v 0.2001162 0.03293282 -0.1595456
v 0.06805205 0.03293282 -0.1595456
v 0.06805205 0.0310231 -0.1611904
v 0.02207805 0.03293282 -0.1595456
v 0.02207801 0.03204294 -0.1611904
v -0.02389597 0.03293282 -0.1595456
v -0.02389597 0.03187299 -0.1611904
v -0.06986995 0.03293282 -0.1595456
v -0.06986995 0.0310231 -0.1611904
v -0.1055218 0.03293282 -0.1595456
v -0.1055217 0.0310231 -0.1611904
v -0.1411735 0.03293282 -0.1595456
v -0.1411735 0.0310231 -0.1611904
v -0.1768252 0.03293282 -0.1595456
v -0.1768252 0.0310231 -0.1611904
v -0.1947632 0.03293282 -0.1595456
v -0.194651 0.0310231 -0.1611904
v -0.2127011 0.03293282 -0.1595456
v -0.2124769 0.0310231 -0.1611904
v -0.2127011 0.03346457 -0.1574153
v -0.1922185 0.03577946 -0.1574153
v -0.1745201 0.03677565 -0.1574153
v -0.1393444 0.03771776 -0.1574153
v -0.1947632 0.03833072 -0.1595456
v -0.2127011 0.03370093 -0.1595456
v -0.1768252 0.0403231 -0.1595456
v -0.1411735 0.04220732 -0.1595456
v -0.1041687 0.03786882 -0.1574153
v -0.1055217 0.04250943 -0.1595456
v -0.06899302 0.0372273 -0.1574153
v -0.06987 0.04141418 -0.1595456
v -0.0236329 0.0367659 -0.1574153
v -0.02389597 0.03978776 -0.1595456
v 0.02172728 0.03617659 -0.1574153
v 0.06805205 0.03293282 -0.1595456
v 0.02207801 0.03755787 -0.1595456
v 0.06708742 0.03397094 -0.1574153
v 0.2001162 0.03293282 -0.1595456
v 0.06805207 0.03471368 -0.1595456
v 0.200589 0.03397094 -0.1574153
v 0.2033732 0.03471369 -0.1595456
v 0.02172728 0.0412485 -0.1574153
v 0.02207801 0.04225498 -0.1595456
v -0.02389601 0.05100914 -0.1595456
v -0.02363284 0.04898012 -0.1574153
v -0.06987 0.05822248 -0.1595456
v -0.06899302 0.05421048 -0.1574153
v -0.1055217 0.06107191 -0.1595456
v -0.1041687 0.05643129 -0.1574153
v -0.1411735 0.06016556 -0.1595456
v -0.1393445 0.05567599 -0.1574153
v -0.1768252 0.05451293 -0.1595456
v -0.1745201 0.05096547 -0.1574153
v -0.1947632 0.04853578 -0.1595456
v -0.1922185 0.04598451 -0.1574153
v -0.2127011 0.0346464 -0.1595456
v 0.06708745 0.03694191 -0.1574153
v 0.02207801 0.04225498 -0.1595456
v 0.02172728 0.0412485 -0.1574153
v 0.06805205 0.03768465 -0.1595456
v 0.200589 0.0369419 -0.1574153
v 0.2033732 0.03768465 -0.1595456
v 0.2033732 0.03619917 -0.1595456
v 0.200589 0.0369419 -0.1574153
v 0.06708745 0.03694191 -0.1574153
v 0.06805205 0.03619917 -0.1595456
v 0.02172728 0.0412485 -0.1574153
v 0.02207801 0.04011939 -0.1595456
v -0.02363284 0.04898012 -0.1574153
v -0.02389605 0.04544068 -0.1595456
v -0.06899302 0.05421048 -0.1574153
v -0.06987 0.05001379 -0.1595456
v -0.1041687 0.05643129 -0.1574153
v -0.1055218 0.05179067 -0.1595456
v -0.1393445 0.05567599 -0.1574153
v -0.1411735 0.05118643 -0.1595456
v -0.1745201 0.05096547 -0.1574153
v -0.1768252 0.04741801 -0.1595456
v -0.1922185 0.04598451 -0.1574153
v -0.1947631 0.04343326 -0.1595456
v -0.2127011 0.03441003 -0.1574153
v 0.200589 0.03545643 -0.1574153
v 0.2033732 0.03619917 -0.1595456
v 0.06805205 0.03619917 -0.1595456
v 0.06708738 0.03545643 -0.1574153
v 0.02207801 0.04011939 -0.1595456
v 0.02172728 0.03888175 -0.1574153
v -0.02389605 0.04544068 -0.1595456
v -0.02363284 0.04272545 -0.1574153
v -0.06987 0.05001379 -0.1595456
v -0.06899302 0.04571218 -0.1574153
v -0.1055218 0.05179067 -0.1595456
v -0.1041687 0.04715005 -0.1574153
v -0.1411735 0.05118643 -0.1595456
v -0.1393444 0.04669688 -0.1574153
v -0.1768252 0.04741801 -0.1595456
v -0.1745201 0.04387057 -0.1574153
v -0.1947631 0.04343326 -0.1595456
v -0.1922185 0.04088199 -0.1574153
v -0.2127011 0.03417366 -0.1595456
v 0.2033732 0.03471369 -0.1595456
v 0.200589 0.03545643 -0.1574153
v 0.06708738 0.03545643 -0.1574153
v 0.06805207 0.03471368 -0.1595456
v 0.02172728 0.03888175 -0.1574153
v 0.02207801 0.03755787 -0.1595456
v -0.02363284 0.04272545 -0.1574153
v -0.02389597 0.03978776 -0.1595456
v -0.06899302 0.04571218 -0.1574153
v -0.06987 0.04141418 -0.1595456
v -0.1041687 0.04715005 -0.1574153
v -0.1055217 0.04250943 -0.1595456
v -0.1393444 0.04669688 -0.1574153
v -0.1411735 0.04220732 -0.1595456
v -0.1745201 0.04387057 -0.1574153
v -0.1768252 0.0403231 -0.1595456
v -0.1922185 0.04088199 -0.1574153
v -0.1947632 0.03833072 -0.1595456
v -0.2127011 0.03393729 -0.1574153
vt 0.000271976 0.8378209
vt 0.000271976 0.8378209
vt 0.000271976 0.9953727
vt 0.000271976 0.9953727
vt 0.008190691 0.8378209
vt 0.01111406 0.9953727
vt 0.01123416 0.8378209
vt 0.008190691 0.9953727
vt 0.004538417 0.8378209
vt 0.004538417 0.9953727
vt 0.002390385 0.9953727
vt 0.002390385 0.8378209
vt 0.01123416 0.8378209
vt 0.0121066 0.8378209
vt 0.01210648 0.8352259
vt 0.01123416 0.8352259
vt 0.008190751 0.8352259
vt 0.008190691 0.8378209
vt 0.004538417 0.8352259
vt 0.004538417 0.8378209
vt 0.002390385 0.8378209
vt 0.002390385 0.8352259
vt 0.001621246 0.8378209
vt 0.001621246 0.9953727
vt 0.001992047 0.9953727
vt 0.001992047 0.8378209
vt 0.001992047 0.8378209
vt 0.001992047 0.8352259
vt 0.001621246 0.8352259
vt 0.001621246 0.8378209
vt 0.001992047 0.997936
vt 0.001992047 0.9953727
vt 0.001621246 0.9953727
vt 0.001621246 0.997936
vt 0.0005331635 0.8378209
vt 0.0005331635 0.8352259
vt 0.000271976 0.8352259
vt 0.000271976 0.8378209
vt 0.0005331635 0.997936
vt 0.0005331635 0.9953727
vt 0.000271976 0.9953727
vt 0.000271976 0.997936
vt 0.0005331635 0.9953727
vt 0.0005331635 0.8378209
vt 0.000271976 0.8378209
vt 0.000271976 0.9953727
vt 0.002390385 0.997936
vt 0.004538417 0.9953727
vt 0.002390385 0.9953727
vt 0.004538417 0.997936
vt 0.008190691 0.997936
vt 0.008190691 0.9953727
vt 0.01111388 0.997936
vt 0.01111406 0.9953727
vt 0.01210654 0.9953727
vt 0.01210624 0.997936
vt 0.002390385 0.8378209
vt 0.001992047 0.8378209
vt 0.001992047 0.9953727
vt 0.002390385 0.9953727
vt 0.0005331635 0.9953727
vt 0.001621246 0.9953727
vt 0.001621246 0.8378209
vt 0.0005331635 0.8378209
vt 0.0005331635 0.8378209
vt 0.001621246 0.8378209
vt 0.001621246 0.8352259
vt 0.0005331635 0.8352259
vt 0.002390385 0.8352259
vt 0.001992047 0.8352259
vt 0.001992047 0.8378209
vt 0.002390385 0.8378209
vt 0.0005331635 0.997936
vt 0.001621246 0.997936
vt 0.001621246 0.9953727
vt 0.0005331635 0.9953727
vt 0.002390385 0.9953727
vt 0.001992047 0.9953727
vt 0.001992047 0.997936
vt 0.002390385 0.997936
vt 0.01210654 0.9953727
vt 0.0121066 0.8378209
vt 0.01123416 0.8378209
vt 0.01111406 0.9953727
vt 0.115744 0.1138725
vt 0.1155928 0.03518933
vt 0.1153672 0.03518933
vt 0.1155183 0.1138725
vt 0.1151205 0.1138725
vt 0.1149681 0.03518933
vt 0.0555774 0.03518933
vt 0.0555774 0.1138725
vt 0.1160882 0.1138725
vt 0.116813 0.03518933
vt 0.1159356 0.03518933
vt 0.1169655 0.1138725
vt 0.1191999 0.1138725
vt 0.1190473 0.03518933
vt 0.1378024 0.03518933
vt 0.1379551 0.1138725
vt 0.1407086 0.1138725
vt 0.1405565 0.03518933
vt 0.1151205 0.1138725
vt 0.1155183 0.1138725
vt 0.1153672 0.03518933
vt 0.1149681 0.03518933
vt 0.1159356 0.03518933
vt 0.1155928 0.03518933
vt 0.115744 0.1138725
vt 0.1160882 0.1138725
vt 0.1471097 0.03518933
vt 0.1405565 0.03518933
vt 0.1407086 0.1138725
vt 0.1472617 0.1138725
vt 2.558173 0.9992436
vt 2.666457 0.9992436
vt 2.666457 0.7502664
vt 2.558173 0.7502664
vt 2.521384 0.7502664
vt 2.521384 0.9992436
vt 2.484596 0.7502664
vt 2.484596 0.9992436
vt 2.447808 0.9992436
vt 2.447808 0.7502664
vt 2.419279 0.7502664
vt 2.419279 0.9992436
vt 2.390751 0.7502664
vt 2.390751 0.9992436
vt 2.362223 0.7502664
vt 2.362223 0.9992436
vt 2.347868 0.7502664
vt 2.347868 0.9992436
vt 2.333515 0.9992436
vt 2.333515 0.7502664
vt 1.209567 0.093541
vt 1.216188 0.03759342
vt 1.209068 0.03759342
vt 1.098684 0.093541
vt 1.118519 0.03759342
vt 1.136269 0.03759342
vt 1.123484 0.093541
vt 1.136269 0.03759342
vt 1.157367 0.03759342
vt 1.146778 0.0935415
vt 1.157367 0.03759342
vt 1.178242 0.03759372
vt 1.172722 0.0935415
vt 1.178242 0.03759372
vt 1.198803 0.03759342
vt 1.193816 0.0935415
vt 1.198803 0.03759342
vt 1.209068 0.03759342
vt 1.404911 0.9335123
vt 1.404911 0.94166
vt 1.428203 0.94166
vt 1.428203 0.9335119
vt 1.404911 0.9230596
vt 1.404911 0.9313436
vt 1.428203 0.9313436
vt 1.428203 0.9194729
vt 1.451496 0.9313432
vt 1.451496 0.9280537
vt 1.451496 0.7816851
vt 1.428203 0.773965
vt 1.404911 0.7763835
vt 1.451496 0.6353179
vt 1.428204 0.6284573
vt 1.404911 0.6297073
vt 1.404911 0.4830321
vt 1.428204 0.4829501
vt 1.451496 0.4889509
vt 1.451496 0.3791743
vt 1.428204 0.3737832
vt 1.404911 0.3728366
vt 1.451496 0.2693991
vt 1.428204 0.2646174
vt 1.404911 0.2626411
vt 1.451496 0.1494883
vt 1.428204 0.1494886
vt 1.404911 0.1494888
vt 1.451496 0.093541
vt 1.428204 0.093541
vt 1.404911 0.093541
vt 1.404911 0.03759372
vt 1.428204 0.03759316
vt 1.451496 0.03759372
vt 1.306338 0.9335123
vt 1.306338 0.9416603
vt 1.335034 0.9416603
vt 1.335034 0.9335123
vt 1.306338 0.9157141
vt 1.306338 0.9313436
vt 1.335034 0.9313436
vt 1.335034 0.9112818
vt 1.358326 0.9313436
vt 1.358326 0.9192421
vt 1.358326 0.7727283
vt 1.335034 0.7658569
vt 1.306338 0.7693135
vt 1.358326 0.6262136
vt 1.335034 0.6204324
vt 1.306338 0.6229128
vt 1.306338 0.4765121
vt 1.335034 0.4750076
vt 1.358327 0.4797
vt 1.358327 0.3685785
vt 1.335035 0.3641949
vt 1.306338 0.364342
vt 1.358327 0.257457
vt 1.335034 0.2533827
vt 1.306338 0.2521719
vt 1.358327 0.1494886
vt 1.335034 0.1494886
vt 1.306338 0.1494888
vt 1.358327 0.093541
vt 1.335034 0.093541
vt 1.306338 0.0935415
vt 1.306338 0.03759372
vt 1.335034 0.03759342
vt 1.358327 0.03759316
vt 1.219595 0.9335119
vt 1.219606 0.9416982
vt 1.241865 0.9416603
vt 1.241865 0.9335119
vt 1.219595 0.9133148
vt 1.219595 0.9313436
vt 1.241864 0.9313436
vt 1.241865 0.9074718
vt 1.265157 0.9313436
vt 1.265157 0.914112
vt 1.263379 0.7677147
vt 1.241865 0.7620493
vt 1.219596 0.7667862
vt 1.264911 0.6213173
vt 1.241865 0.6166264
vt 1.219596 0.620258
vt 1.219596 0.4737297
vt 1.241865 0.471204
vt 1.265157 0.4749193
vt 1.265157 0.3619591
vt 1.241865 0.3586179
vt 1.219596 0.3601003
vt 1.265157 0.2489989
vt 1.241865 0.246032
vt 1.219596 0.2464712
vt 1.265157 0.1494886
vt 1.241865 0.1494888
vt 1.219596 0.1494888
vt 1.265157 0.093541
vt 1.241865 0.0935415
vt 1.219596 0.0935415
vt 1.219596 0.03759342
vt 1.241865 0.03759342
vt 1.265157 0.03759342
vt 1.474788 0.9335119
vt 1.474788 0.94166
vt 1.49808 0.9416604
vt 1.498081 0.9335114
vt 1.451496 0.9280537
vt 1.451496 0.9313432
vt 1.474788 0.9313436
vt 1.474788 0.9241769
vt 1.49808 0.9313441
vt 1.49808 0.9265721
vt 1.49808 0.7863321
vt 1.474788 0.7790253
vt 1.451496 0.7816851
vt 1.49808 0.6404043
vt 1.474788 0.6338739
vt 1.451496 0.6353179
vt 1.451496 0.4889509
vt 1.474788 0.4887224
vt 1.498081 0.494475
vt 1.498081 0.3850285
vt 1.474788 0.3798591
vt 1.451496 0.3791743
vt 1.498081 0.275582
vt 1.474788 0.2709953
vt 1.451496 0.2693991
vt 1.498081 0.1494886
vt 1.474788 0.1494886
vt 1.451496 0.1494883
vt 1.498081 0.093541
vt 1.474788 0.093541
vt 1.451496 0.093541
vt 1.451496 0.03759372
vt 1.474788 0.03759316
vt 1.498081 0.03759372
vt 1.451496 0.9335123
vt 1.451496 0.94166
vt 1.474788 0.94166
vt 1.474788 0.9335119
vt 1.428203 0.9335119
vt 1.428203 0.94166
vt 1.451496 0.94166
vt 1.451496 0.9335123
vt 1.376215 0.9335119
vt 1.376215 0.9416603
vt 1.404911 0.94166
vt 1.404911 0.9335123
vt 1.358326 0.9192421
vt 1.358326 0.9313436
vt 1.376215 0.9313436
vt 1.376215 0.9146042
vt 1.404911 0.9313436
vt 1.404911 0.9230596
vt 1.404911 0.7763835
vt 1.376216 0.7691007
vt 1.358326 0.7727283
vt 1.404911 0.6297073
vt 1.376216 0.6235967
vt 1.358326 0.6262136
vt 1.358327 0.4797
vt 1.376216 0.478093
vt 1.404911 0.4830321
vt 1.404911 0.3728366
vt 1.376216 0.368055
vt 1.358327 0.3685785
vt 1.404911 0.2626411
vt 1.376216 0.2580169
vt 1.358327 0.257457
vt 1.404911 0.1494888
vt 1.376216 0.1494886
vt 1.358327 0.1494886
vt 1.404911 0.093541
vt 1.376216 0.093541
vt 1.358327 0.093541
vt 1.358327 0.03759316
vt 1.376216 0.03759316
vt 1.404911 0.03759372
vt 1.358326 0.9335123
vt 1.358326 0.9416603
vt 1.376215 0.9416603
vt 1.376215 0.9335119
vt 1.335034 0.9335123
vt 1.335034 0.9416603
vt 1.358326 0.9416603
vt 1.358326 0.9335123
vt 1.288449 0.9335119
vt 1.288449 0.9416603
vt 1.306338 0.9416603
vt 1.306338 0.9335123
vt 1.265157 0.914112
vt 1.265157 0.9313436
vt 1.28845 0.9313436
vt 1.28845 0.9086401
vt 1.306338 0.9313436
vt 1.306338 0.9157141
vt 1.306338 0.7693135
vt 1.288295 0.7632866
vt 1.263379 0.7677147
vt 1.306338 0.6229128
vt 1.288449 0.617933
vt 1.264911 0.6213173
vt 1.265157 0.4749193
vt 1.288449 0.4725792
vt 1.306338 0.4765121
vt 1.306338 0.364342
vt 1.28845 0.3608495
vt 1.265157 0.3619591
vt 1.306338 0.2521719
vt 1.28845 0.2491201
vt 1.265157 0.2489989
vt 1.306338 0.1494888
vt 1.28845 0.1494886
vt 1.265157 0.1494886
vt 1.306338 0.0935415
vt 1.28845 0.0935415
vt 1.265157 0.093541
vt 1.265157 0.03759342
vt 1.28845 0.03759372
vt 1.306338 0.03759372
vt 1.265157 0.9335123
vt 1.265157 0.9416603
vt 1.288449 0.9416603
vt 1.288449 0.9335119
vt 1.241865 0.9335119
vt 1.241865 0.9416603
vt 1.265157 0.9416603
vt 1.265157 0.9335123
vt 1.197378 0.9416603
vt 1.197377 0.9335119
vt 1.177019 0.9335119
vt 1.177019 0.9416603
vt 1.155658 0.9335119
vt 1.155658 0.9416603
vt 1.197378 0.9313436
vt 1.177019 0.9102401
vt 1.177019 0.9313436
vt 1.197378 0.9133148
vt 1.169693 0.7656685
vt 1.197378 0.9133148
vt 1.197378 0.7667862
vt 1.169693 0.7656685
vt 1.154244 0.6210967
vt 1.123009 0.620258
vt 1.136797 0.7667862
vt 1.177019 0.9102401
vt 1.155658 0.9133148
vt 1.177019 0.9313436
vt 1.155658 0.9313436
vt 1.107 0.4737297
vt 1.13332 0.4765245
vt 1.103621 0.3558323
vt 1.188349 0.620258
vt 1.130764 0.3644125
vt 1.121378 0.2464712
vt 1.166144 0.4737297
vt 1.155552 0.2523007
vt 1.148658 0.1494888
vt 1.174063 0.3601003
vt 1.179681 0.1494888
vt 1.172722 0.0935415
vt 1.187928 0.2464715
vt 1.193816 0.0935415
vt 1.198803 0.03759342
vt 1.209068 0.03759342
vt 1.209567 0.093541
vt 1.202315 0.1494888
vt 1.219596 0.620258
vt 1.219596 0.4737297
vt 1.219596 0.7667862
vt 1.219596 0.3601003
vt 1.219596 0.2464712
vt 1.219595 0.9133148
vt 1.219596 0.1494888
vt 1.197378 0.9133148
vt 1.219595 0.9313436
vt 1.197378 0.9313436
vt 1.219596 0.0935415
vt 1.216188 0.03759342
vt 1.219596 0.03759342
vt 1.219606 0.9416982
vt 1.219595 0.9335119
vt 1.197377 0.9335119
vt 1.197378 0.9416603
vt 1.136339 0.9102401
vt 1.107781 0.7656685
vt 1.101106 0.7667862
vt 1.064765 0.620258
vt 1.075091 0.6210967
vt 1.02806 0.4737297
vt 1.0459 0.4765247
vt 1.013561 0.3601003
vt 1.035944 0.3644125
vt 1.018173 0.2464715
vt 1.043704 0.2523007
vt 1.046937 0.1494886
vt 1.073339 0.1494888
vt 1.077351 0.093541
vt 1.098684 0.093541
vt 1.118519 0.03759342
vt 1.136269 0.03759342
vt 1.136339 0.9102401
vt 1.101106 0.7667862
vt 1.131414 0.9133148
vt 1.136339 0.9313436
vt 1.131414 0.9313436
vt 1.13634 0.9416603
vt 1.13634 0.9335119
vt 1.131414 0.9335123
vt 1.131414 0.9416603
vt 1.141265 0.9313436
vt 1.136339 0.9102401
vt 1.136339 0.9313436
vt 1.141265 0.9133148
vt 1.107781 0.7656685
vt 1.115268 0.7667862
vt 1.075091 0.6210967
vt 1.087279 0.6202576
vt 1.0459 0.4765247
vt 1.063393 0.4737297
vt 1.035944 0.3644125
vt 1.056164 0.3601003
vt 1.043704 0.2523007
vt 1.069281 0.2464715
vt 1.073339 0.1494888
vt 1.097513 0.1494888
vt 1.098684 0.093541
vt 1.123484 0.093541
vt 1.136269 0.03759342
vt 1.157367 0.03759342
vt 1.141265 0.9416603
vt 1.141264 0.9335119
vt 1.13634 0.9335119
vt 1.13634 0.9416603
vt 1.14619 0.9313436
vt 1.141265 0.9133148
vt 1.141265 0.9313436
vt 1.14619 0.9102401
vt 1.115268 0.7667862
vt 1.123476 0.7656685
vt 1.087279 0.6202576
vt 1.101095 0.6210967
vt 1.063393 0.4737297
vt 1.083994 0.4765247
vt 1.056164 0.3601003
vt 1.076366 0.3644125
vt 1.069281 0.2464715
vt 1.090898 0.2523007
vt 1.097513 0.1494888
vt 1.12416 0.1494888
vt 1.123484 0.093541
vt 1.146778 0.0935415
vt 1.157367 0.03759342
vt 1.178242 0.03759372
vt 1.14619 0.9416603
vt 1.14619 0.9335119
vt 1.141264 0.9335119
vt 1.141265 0.9416603
vt 1.155658 0.9313436
vt 1.14619 0.9102401
vt 1.14619 0.9313436
vt 1.155658 0.9133148
vt 1.123476 0.7656685
vt 1.136797 0.7667862
vt 1.101095 0.6210967
vt 1.123009 0.620258
vt 1.083994 0.4765247
vt 1.107 0.4737297
vt 1.076366 0.3644125
vt 1.103621 0.3558323
vt 1.090898 0.2523007
vt 1.121378 0.2464712
vt 1.12416 0.1494888
vt 1.148658 0.1494888
vt 1.146778 0.0935415
vt 1.172722 0.0935415
vt 1.178242 0.03759372
vt 1.198803 0.03759342
vt 1.155658 0.9416603
vt 1.155658 0.9335119
vt 1.14619 0.9335119
vt 1.14619 0.9416603
vt 1.404911 0.9230596
vt 1.428203 0.9313436
vt 1.404911 0.9313436
vt 1.428203 0.9194729
vt 1.451496 0.9313432
vt 1.451496 0.9280537
vt 1.451496 0.7816851
vt 1.428203 0.773965
vt 1.404911 0.7763835
vt 1.451496 0.6353179
vt 1.428204 0.6284573
vt 1.404911 0.6297073
vt 1.404911 0.4830321
vt 1.428204 0.4829501
vt 1.451496 0.4889509
vt 1.451496 0.3791743
vt 1.428204 0.3737832
vt 1.404911 0.3728366
vt 1.451496 0.2693991
vt 1.428204 0.2646174
vt 1.404911 0.2626411
vt 1.451496 0.1494883
vt 1.428204 0.1494886
vt 1.404911 0.1494888
vt 1.451496 0.093541
vt 1.428204 0.093541
vt 1.404911 0.093541
vt 1.404911 0.03759372
vt 1.428204 0.03759316
vt 1.451496 0.03759372
vt 1.306338 0.9157141
vt 1.335034 0.9313436
vt 1.306338 0.9313436
vt 1.335034 0.9112818
vt 1.358326 0.9313436
vt 1.358326 0.9192421
vt 1.358326 0.7727283
vt 1.335034 0.7658569
vt 1.306338 0.7693135
vt 1.358326 0.6262136
vt 1.335034 0.6204324
vt 1.306338 0.6229128
vt 1.306338 0.4765121
vt 1.335034 0.4750076
vt 1.358327 0.4797
vt 1.358327 0.3685785
vt 1.335035 0.3641949
vt 1.306338 0.364342
vt 1.358327 0.257457
vt 1.335034 0.2533827
vt 1.306338 0.2521719
vt 1.358327 0.1494886
vt 1.335034 0.1494886
vt 1.306338 0.1494888
vt 1.358327 0.093541
vt 1.335034 0.093541
vt 1.306338 0.0935415
vt 1.306338 0.03759372
vt 1.335034 0.03759342
vt 1.358327 0.03759316
vt 1.219595 0.9133148
vt 1.241864 0.9313436
vt 1.219922 0.931947
vt 1.241865 0.9074718
vt 1.265157 0.9313436
vt 1.265157 0.914112
vt 1.263379 0.7677147
vt 1.241865 0.7620493
vt 1.219596 0.7667862
vt 1.264911 0.6213173
vt 1.241865 0.6166264
vt 1.219596 0.620258
vt 1.219596 0.4737297
vt 1.241865 0.471204
vt 1.265157 0.4749193
vt 1.265157 0.3619591
vt 1.241865 0.3586179
vt 1.219596 0.3601003
vt 1.265157 0.2489989
vt 1.241865 0.246032
vt 1.219596 0.2464712
vt 1.265157 0.1494886
vt 1.241865 0.1494888
vt 1.219596 0.1494888
vt 1.265157 0.093541
vt 1.241865 0.0935415
vt 1.219596 0.0935415
vt 1.219596 0.03759342
vt 1.241865 0.03759342
vt 1.265157 0.03759342
vt 1.451496 0.9280537
vt 1.474788 0.9313436
vt 1.451496 0.9313432
vt 1.474788 0.9241769
vt 1.49808 0.9313441
vt 1.49808 0.9265721
vt 1.49808 0.7863321
vt 1.474788 0.7790253
vt 1.451496 0.7816851
vt 1.49808 0.6404043
vt 1.474788 0.6338739
vt 1.451496 0.6353179
vt 1.451496 0.4889509
vt 1.474788 0.4887224
vt 1.498081 0.494475
vt 1.498081 0.3850285
vt 1.474788 0.3798591
vt 1.451496 0.3791743
vt 1.498081 0.275582
vt 1.474788 0.2709953
vt 1.451496 0.2693991
vt 1.498081 0.1494886
vt 1.474788 0.1494886
vt 1.451496 0.1494883
vt 1.498081 0.093541
vt 1.474788 0.093541
vt 1.451496 0.093541
vt 1.451496 0.03759372
vt 1.474788 0.03759316
vt 1.498081 0.03759372
vt 1.358326 0.9192421
vt 1.376215 0.9313436
vt 1.358326 0.9313436
vt 1.376215 0.9146042
vt 1.404911 0.9313436
vt 1.404911 0.9230596
vt 1.404911 0.7763835
vt 1.376216 0.7691007
vt 1.358326 0.7727283
vt 1.404911 0.6297073
vt 1.376216 0.6235967
vt 1.358326 0.6262136
vt 1.358327 0.4797
vt 1.376216 0.478093
vt 1.404911 0.4830321
vt 1.404911 0.3728366
vt 1.376216 0.368055
vt 1.358327 0.3685785
vt 1.404911 0.2626411
vt 1.376216 0.2580169
vt 1.358327 0.257457
vt 1.404911 0.1494888
vt 1.376216 0.1494886
vt 1.358327 0.1494886
vt 1.404911 0.093541
vt 1.376216 0.093541
vt 1.358327 0.093541
vt 1.358327 0.03759316
vt 1.376216 0.03759316
vt 1.404911 0.03759372
vt 1.265157 0.914112
vt 1.28845 0.9313436
vt 1.265157 0.9313436
vt 1.28845 0.9086401
vt 1.306338 0.9313436
vt 1.306338 0.9157141
vt 1.306338 0.7693135
vt 1.288295 0.7632866
vt 1.263379 0.7677147
vt 1.306338 0.6229128
vt 1.288449 0.617933
vt 1.264911 0.6213173
vt 1.265157 0.4749193
vt 1.288449 0.4725792
vt 1.306338 0.4765121
vt 1.306338 0.364342
vt 1.28845 0.3608495
vt 1.265157 0.3619591
vt 1.306338 0.2521719
vt 1.28845 0.2491201
vt 1.265157 0.2489989
vt 1.306338 0.1494888
vt 1.28845 0.1494886
vt 1.265157 0.1494886
vt 1.306338 0.0935415
vt 1.28845 0.0935415
vt 1.265157 0.093541
vt 1.265157 0.03759342
vt 1.28845 0.03759372
vt 1.306338 0.03759372
vt 1.219922 0.931947
vt 1.197378 0.9313436
vt 1.197378 0.9133148
vt 1.219595 0.9133148
vt 1.197378 0.7667862
vt 1.219596 0.7667862
vt 1.188349 0.620258
vt 1.219596 0.620258
vt 1.166144 0.4737297
vt 1.219596 0.4737297
vt 1.174063 0.3601003
vt 1.219596 0.3601003
vt 1.187928 0.2464715
vt 1.219596 0.2464712
vt 1.202315 0.1494888
vt 1.219596 0.1494888
vt 1.209567 0.093541
vt 1.219596 0.0935415
vt 1.216188 0.03759342
vt 1.219596 0.03759342
vt 1.209068 0.03759342
vt 1.193816 0.0935415
vt 1.179681 0.1494888
vt 1.155552 0.2523007
vt 1.172722 0.0935415
vt 1.198803 0.03759342
vt 1.148658 0.1494888
vt 1.121378 0.2464712
vt 1.130764 0.3644125
vt 1.103621 0.3558323
vt 1.13332 0.4765245
vt 1.107 0.4737297
vt 1.154244 0.6210967
vt 1.123009 0.620258
vt 1.169693 0.7656685
vt 1.197378 0.9133148
vt 1.136797 0.7667862
vt 1.177019 0.9102401
vt 1.197378 0.9313436
vt 1.155658 0.9133148
vt 1.177019 0.9313436
vt 1.155658 0.9313436
vt 1.107781 0.7656685
vt 1.101106 0.7667862
vt 1.064765 0.620258
vt 1.075091 0.6210967
vt 1.02806 0.4737297
vt 1.0459 0.4765247
vt 1.013561 0.3601003
vt 1.035944 0.3644125
vt 1.018173 0.2464715
vt 1.043704 0.2523007
vt 1.046937 0.1494886
vt 1.073339 0.1494888
vt 1.077351 0.093541
vt 1.098684 0.093541
vt 1.118519 0.03759342
vt 1.136339 0.9102401
vt 1.101106 0.7667862
vt 1.107781 0.7656685
vt 1.131414 0.9133148
vt 1.136339 0.9313436
vt 1.131414 0.9313436
vt 1.141265 0.9313436
vt 1.136339 0.9313436
vt 1.136339 0.9102401
vt 1.141265 0.9133148
vt 1.107781 0.7656685
vt 1.115268 0.7667862
vt 1.075091 0.6210967
vt 1.087279 0.6202576
vt 1.0459 0.4765247
vt 1.063393 0.4737297
vt 1.035944 0.3644125
vt 1.056164 0.3601003
vt 1.043704 0.2523007
vt 1.069281 0.2464715
vt 1.073339 0.1494888
vt 1.097513 0.1494888
vt 1.098684 0.093541
vt 1.123484 0.093541
vt 1.136269 0.03759342
vt 1.14619 0.9313436
vt 1.141265 0.9313436
vt 1.141265 0.9133148
vt 1.14619 0.9102401
vt 1.115268 0.7667862
vt 1.123476 0.7656685
vt 1.087279 0.6202576
vt 1.101095 0.6210967
vt 1.063393 0.4737297
vt 1.083994 0.4765247
vt 1.056164 0.3601003
vt 1.076366 0.3644125
vt 1.069281 0.2464715
vt 1.090898 0.2523007
vt 1.097513 0.1494888
vt 1.12416 0.1494888
vt 1.123484 0.093541
vt 1.146778 0.0935415
vt 1.157367 0.03759342
vt 1.155658 0.9313436
vt 1.14619 0.9313436
vt 1.14619 0.9102401
vt 1.155658 0.9133148
vt 1.123476 0.7656685
vt 1.136797 0.7667862
vt 1.101095 0.6210967
vt 1.123009 0.620258
vt 1.083994 0.4765247
vt 1.107 0.4737297
vt 1.076366 0.3644125
vt 1.103621 0.3558323
vt 1.090898 0.2523007
vt 1.121378 0.2464712
vt 1.12416 0.1494888
vt 1.148658 0.1494888
vt 1.146778 0.0935415
vt 1.172722 0.0935415
vt 1.178242 0.03759372
vt 1.209567 0.093541
vt 1.209068 0.03759342
vt 1.216188 0.03759342
vt 1.098684 0.093541
vt 1.118519 0.03759342
vt 1.136269 0.03759342
vt 1.123484 0.093541
vt 1.136269 0.03759342
vt 1.157367 0.03759342
vt 1.146778 0.0935415
vt 1.157367 0.03759342
vt 1.178242 0.03759372
vt 1.172722 0.0935415
vt 1.178242 0.03759372
vt 1.198803 0.03759342
vt 1.193816 0.0935415
vt 1.198803 0.03759342
vt 1.209068 0.03759342
vt 1.209567 0.093541
vt 1.216188 0.03759342
vt 1.209068 0.03759342
vt 1.098684 0.093541
vt 1.136269 0.03759342
vt 1.118519 0.03759342
vt 1.193816 0.0935415
vt 1.209068 0.03759342
vt 1.198803 0.03759342
vt 1.404911 0.9335123
vt 1.428203 0.9335119
vt 1.428203 0.94166
vt 1.404911 0.94166
vt 1.404911 0.9230596
vt 1.428203 0.9313436
vt 1.404911 0.9313436
vt 1.428203 0.9194729
vt 1.451496 0.9313432
vt 1.451496 0.9280537
vt 1.451496 0.7816851
vt 1.428203 0.773965
vt 1.404911 0.7763835
vt 1.451496 0.6353179
vt 1.428204 0.6284573
vt 1.404911 0.6297073
vt 1.404911 0.4830321
vt 1.428204 0.4829501
vt 1.451496 0.4889509
vt 1.451496 0.3791743
vt 1.428204 0.3737832
vt 1.404911 0.3728366
vt 1.451496 0.2693991
vt 1.428204 0.2646174
vt 1.404911 0.2626411
vt 1.451496 0.1494883
vt 1.428204 0.1494886
vt 1.404911 0.1494888
vt 1.451496 0.093541
vt 1.428204 0.093541
vt 1.404911 0.093541
vt 1.404911 0.03759372
vt 1.428204 0.03759316
vt 1.451496 0.03759372
vt 1.306338 0.9335123
vt 1.335034 0.9335123
vt 1.335034 0.9416603
vt 1.306338 0.9416603
vt 1.306338 0.9157141
vt 1.335034 0.9313436
vt 1.306338 0.9313436
vt 1.335034 0.9112818
vt 1.358326 0.9313436
vt 1.358326 0.9192421
vt 1.358326 0.7727283
vt 1.335034 0.7658569
vt 1.306338 0.7693135
vt 1.358326 0.6262136
vt 1.335034 0.6204324
vt 1.306338 0.6229128
vt 1.306338 0.4765121
vt 1.335034 0.4750076
vt 1.358327 0.4797
vt 1.358327 0.3685785
vt 1.335035 0.3641949
vt 1.306338 0.364342
vt 1.358327 0.257457
vt 1.335034 0.2533827
vt 1.306338 0.2521719
vt 1.358327 0.1494886
vt 1.335034 0.1494886
vt 1.306338 0.1494888
vt 1.358327 0.093541
vt 1.335034 0.093541
vt 1.306338 0.0935415
vt 1.306338 0.03759372
vt 1.335034 0.03759342
vt 1.358327 0.03759316
vt 1.219595 0.9335119
vt 1.241865 0.9335119
vt 1.241865 0.9416603
vt 1.219606 0.9416982
vt 1.219595 0.9133148
vt 1.241864 0.9313436
vt 1.219595 0.9313436
vt 1.241865 0.9074718
vt 1.265157 0.9313436
vt 1.265157 0.914112
vt 1.263379 0.7677147
vt 1.241865 0.7620493
vt 1.219596 0.7667862
vt 1.264911 0.6213173
vt 1.241865 0.6166264
vt 1.219596 0.620258
vt 1.219596 0.4737297
vt 1.241865 0.471204
vt 1.265157 0.4749193
vt 1.265157 0.3619591
vt 1.241865 0.3586179
vt 1.219596 0.3601003
vt 1.265157 0.2489989
vt 1.241865 0.246032
vt 1.219596 0.2464712
vt 1.265157 0.1494886
vt 1.241865 0.1494888
vt 1.219596 0.1494888
vt 1.265157 0.093541
vt 1.241865 0.0935415
vt 1.219596 0.0935415
vt 1.219596 0.03759342
vt 1.241865 0.03759342
vt 1.265157 0.03759342
vt 1.474788 0.9335119
vt 1.498081 0.9335114
vt 1.49808 0.9416604
vt 1.474788 0.94166
vt 1.451496 0.9280537
vt 1.474788 0.9313436
vt 1.451496 0.9313432
vt 1.474788 0.9241769
vt 1.49808 0.9313441
vt 1.49808 0.9265721
vt 1.49808 0.7863321
vt 1.474788 0.7790253
vt 1.451496 0.7816851
vt 1.49808 0.6404043
vt 1.474788 0.6338739
vt 1.451496 0.6353179
vt 1.451496 0.4889509
vt 1.474788 0.4887224
vt 1.498081 0.494475
vt 1.498081 0.3850285
vt 1.474788 0.3798591
vt 1.451496 0.3791743
vt 1.498081 0.275582
vt 1.474788 0.2709953
vt 1.451496 0.2693991
vt 1.498081 0.1494886
vt 1.474788 0.1494886
vt 1.451496 0.1494883
vt 1.498081 0.093541
vt 1.474788 0.093541
vt 1.451496 0.093541
vt 1.451496 0.03759372
vt 1.474788 0.03759316
vt 1.498081 0.03759372
vt 1.451496 0.9335123
vt 1.474788 0.9335119
vt 1.474788 0.94166
vt 1.451496 0.94166
vt 1.428203 0.9335119
vt 1.451496 0.9335123
vt 1.451496 0.94166
vt 1.428203 0.94166
vt 1.376215 0.9335119
vt 1.404911 0.9335123
vt 1.404911 0.94166
vt 1.376215 0.9416603
vt 1.358326 0.9192421
vt 1.376215 0.9313436
vt 1.358326 0.9313436
vt 1.376215 0.9146042
vt 1.404911 0.9313436
vt 1.404911 0.9230596
vt 1.404911 0.7763835
vt 1.376216 0.7691007
vt 1.358326 0.7727283
vt 1.404911 0.6297073
vt 1.376216 0.6235967
vt 1.358326 0.6262136
vt 1.358327 0.4797
vt 1.376216 0.478093
vt 1.404911 0.4830321
vt 1.404911 0.3728366
vt 1.376216 0.368055
vt 1.358327 0.3685785
vt 1.404911 0.2626411
vt 1.376216 0.2580169
vt 1.358327 0.257457
vt 1.404911 0.1494888
vt 1.376216 0.1494886
vt 1.358327 0.1494886
vt 1.404911 0.093541
vt 1.376216 0.093541
vt 1.358327 0.093541
vt 1.358327 0.03759316
vt 1.376216 0.03759316
vt 1.404911 0.03759372
vt 1.358326 0.9335123
vt 1.376215 0.9335119
vt 1.376215 0.9416603
vt 1.358326 0.9416603
vt 1.335034 0.9335123
vt 1.358326 0.9335123
vt 1.358326 0.9416603
vt 1.335034 0.9416603
vt 1.288449 0.9335119
vt 1.306338 0.9335123
vt 1.306338 0.9416603
vt 1.288449 0.9416603
vt 1.265157 0.914112
vt 1.28845 0.9313436
vt 1.265157 0.9313436
vt 1.28845 0.9086401
vt 1.306338 0.9313436
vt 1.306338 0.9157141
vt 1.306338 0.7693135
vt 1.288295 0.7632866
vt 1.263379 0.7677147
vt 1.306338 0.6229128
vt 1.288449 0.617933
vt 1.264911 0.6213173
vt 1.265157 0.4749193
vt 1.288449 0.4725792
vt 1.306338 0.4765121
vt 1.306338 0.364342
vt 1.28845 0.3608495
vt 1.265157 0.3619591
vt 1.306338 0.2521719
vt 1.28845 0.2491201
vt 1.265157 0.2489989
vt 1.306338 0.1494888
vt 1.28845 0.1494886
vt 1.265157 0.1494886
vt 1.306338 0.0935415
vt 1.28845 0.0935415
vt 1.265157 0.093541
vt 1.265157 0.03759342
vt 1.28845 0.03759372
vt 1.306338 0.03759372
vt 1.265157 0.9335123
vt 1.288449 0.9335119
vt 1.288449 0.9416603
vt 1.265157 0.9416603
vt 1.241865 0.9335119
vt 1.265157 0.9335123
vt 1.265157 0.9416603
vt 1.241865 0.9416603
vt 1.197378 0.9416603
vt 1.177019 0.9335119
vt 1.197377 0.9335119
vt 1.177019 0.9416603
vt 1.155658 0.9335119
vt 1.155658 0.9416603
vt 1.197378 0.9313436
vt 1.177019 0.9313436
vt 1.177019 0.9102401
vt 1.197378 0.9133148
vt 1.169693 0.7656685
vt 1.209567 0.093541
vt 1.193816 0.0935415
vt 1.209068 0.03759342
vt 1.202315 0.1494888
vt 1.219596 0.1494888
vt 1.219596 0.0935415
vt 1.216188 0.03759342
vt 1.219596 0.03759342
vt 1.219596 0.2464712
vt 1.187928 0.2464715
vt 1.219596 0.3601003
vt 1.179681 0.1494888
vt 1.174063 0.3601003
vt 1.219596 0.4737297
vt 1.172722 0.0935415
vt 1.198803 0.03759342
vt 1.148658 0.1494888
vt 1.155552 0.2523007
vt 1.121378 0.2464712
vt 1.130764 0.3644125
vt 1.103621 0.3558323
vt 1.166144 0.4737297
vt 1.219596 0.620258
vt 1.13332 0.4765245
vt 1.107 0.4737297
vt 1.188349 0.620258
vt 1.219596 0.7667862
vt 1.154244 0.6210967
vt 1.123009 0.620258
vt 1.169693 0.7656685
vt 1.197378 0.7667862
vt 1.197378 0.9133148
vt 1.219595 0.9133148
vt 1.197378 0.9133148
vt 1.219595 0.9313436
vt 1.197378 0.9313436
vt 1.219606 0.9416982
vt 1.197378 0.9416603
vt 1.197377 0.9335119
vt 1.219595 0.9335119
vt 1.107781 0.7656685
vt 1.101106 0.7667862
vt 1.064765 0.620258
vt 1.075091 0.6210967
vt 1.02806 0.4737297
vt 1.0459 0.4765247
vt 1.013561 0.3601003
vt 1.035944 0.3644125
vt 1.018173 0.2464715
vt 1.043704 0.2523007
vt 1.046937 0.1494886
vt 1.073339 0.1494888
vt 1.077351 0.093541
vt 1.098684 0.093541
vt 1.118519 0.03759342
vt 1.136339 0.9102401
vt 1.101106 0.7667862
vt 1.107781 0.7656685
vt 1.131414 0.9133148
vt 1.136339 0.9313436
vt 1.131414 0.9313436
vt 1.13634 0.9416603
vt 1.131414 0.9416603
vt 1.131414 0.9335123
vt 1.13634 0.9335119
vt 1.141265 0.9313436
vt 1.136339 0.9313436
vt 1.136339 0.9102401
vt 1.141265 0.9133148
vt 1.107781 0.7656685
vt 1.115268 0.7667862
vt 1.075091 0.6210967
vt 1.087279 0.6202576
vt 1.0459 0.4765247
vt 1.063393 0.4737297
vt 1.035944 0.3644125
vt 1.056164 0.3601003
vt 1.043704 0.2523007
vt 1.069281 0.2464715
vt 1.073339 0.1494888
vt 1.097513 0.1494888
vt 1.098684 0.093541
vt 1.123484 0.093541
vt 1.136269 0.03759342
vt 1.141265 0.9416603
vt 1.13634 0.9416603
vt 1.13634 0.9335119
vt 1.141264 0.9335119
vt 1.14619 0.9313436
vt 1.141265 0.9313436
vt 1.141265 0.9133148
vt 1.14619 0.9102401
vt 1.115268 0.7667862
vt 1.123476 0.7656685
vt 1.087279 0.6202576
vt 1.101095 0.6210967
vt 1.063393 0.4737297
vt 1.083994 0.4765247
vt 1.123009 0.620258
vt 1.056164 0.3601003
vt 1.107 0.4737297
vt 1.076366 0.3644125
vt 1.069281 0.2464715
vt 1.103621 0.3558323
vt 1.090898 0.2523007
vt 1.097513 0.1494888
vt 1.121378 0.2464712
vt 1.12416 0.1494888
vt 1.123484 0.093541
vt 1.148658 0.1494888
vt 1.146778 0.0935415
vt 1.157367 0.03759342
vt 1.172722 0.0935415
vt 1.178242 0.03759372
vt 1.14619 0.9416603
vt 1.141265 0.9416603
vt 1.141264 0.9335119
vt 1.14619 0.9335119
vt 1.136797 0.7667862
vt 1.101095 0.6210967
vt 1.123009 0.620258
vt 1.123476 0.7656685
vt 1.155658 0.9133148
vt 1.14619 0.9102401
vt 1.155658 0.9313436
vt 1.14619 0.9313436
vt 1.155658 0.9416603
vt 1.14619 0.9416603
vt 1.14619 0.9335119
vt 1.155658 0.9335119
vt 1.169693 0.7656685
vt 1.136797 0.7667862
vt 1.123009 0.620258
vt 1.177019 0.9102401
vt 1.155658 0.9133148
vt 1.177019 0.9313436
vt 1.155658 0.9313436
vt 1.404911 0.9230596
vt 1.404911 0.9313436
vt 1.428203 0.9313436
vt 1.428203 0.9194729
vt 1.451496 0.9313432
vt 1.451496 0.9280537
vt 1.451496 0.7816851
vt 1.428203 0.773965
vt 1.404911 0.7763835
vt 1.451496 0.6353179
vt 1.428204 0.6284573
vt 1.404911 0.6297073
vt 1.404911 0.4830321
vt 1.428204 0.4829501
vt 1.451496 0.4889509
vt 1.451496 0.3791743
vt 1.428204 0.3737832
vt 1.404911 0.3728366
vt 1.451496 0.2693991
vt 1.428204 0.2646174
vt 1.404911 0.2626411
vt 1.451496 0.1494883
vt 1.428204 0.1494886
vt 1.404911 0.1494888
vt 1.451496 0.093541
vt 1.428204 0.093541
vt 1.404911 0.093541
vt 1.404911 0.03759372
vt 1.428204 0.03759316
vt 1.451496 0.03759372
vt 1.306338 0.9157141
vt 1.306338 0.9313436
vt 1.335034 0.9313436
vt 1.335034 0.9112818
vt 1.358326 0.9313436
vt 1.358326 0.9192421
vt 1.358326 0.7727283
vt 1.335034 0.7658569
vt 1.306338 0.7693135
vt 1.358326 0.6262136
vt 1.335034 0.6204324
vt 1.306338 0.6229128
vt 1.306338 0.4765121
vt 1.335034 0.4750076
vt 1.358327 0.4797
vt 1.358327 0.3685785
vt 1.335035 0.3641949
vt 1.306338 0.364342
vt 1.358327 0.257457
vt 1.335034 0.2533827
vt 1.306338 0.2521719
vt 1.358327 0.1494886
vt 1.335034 0.1494886
vt 1.306338 0.1494888
vt 1.358327 0.093541
vt 1.335034 0.093541
vt 1.306338 0.0935415
vt 1.306338 0.03759372
vt 1.335034 0.03759342
vt 1.358327 0.03759316
vt 1.219595 0.9133148
vt 1.219922 0.931947
vt 1.241864 0.9313436
vt 1.241865 0.9074718
vt 1.265157 0.9313436
vt 1.265157 0.914112
vt 1.263379 0.7677147
vt 1.241865 0.7620493
vt 1.219596 0.7667862
vt 1.264911 0.6213173
vt 1.241865 0.6166264
vt 1.219596 0.620258
vt 1.219596 0.4737297
vt 1.241865 0.471204
vt 1.265157 0.4749193
vt 1.265157 0.3619591
vt 1.241865 0.3586179
vt 1.219596 0.3601003
vt 1.265157 0.2489989
vt 1.241865 0.246032
vt 1.219596 0.2464712
vt 1.265157 0.1494886
vt 1.241865 0.1494888
vt 1.219596 0.1494888
vt 1.265157 0.093541
vt 1.241865 0.0935415
vt 1.219596 0.0935415
vt 1.219596 0.03759342
vt 1.241865 0.03759342
vt 1.265157 0.03759342
vt 1.451496 0.9280537
vt 1.451496 0.9313432
vt 1.474788 0.9313436
vt 1.474788 0.9241769
vt 1.49808 0.9313441
vt 1.49808 0.9265721
vt 1.49808 0.7863321
vt 1.474788 0.7790253
vt 1.451496 0.7816851
vt 1.49808 0.6404043
vt 1.474788 0.6338739
vt 1.451496 0.6353179
vt 1.451496 0.4889509
vt 1.474788 0.4887224
vt 1.498081 0.494475
vt 1.498081 0.3850285
vt 1.474788 0.3798591
vt 1.451496 0.3791743
vt 1.498081 0.275582
vt 1.474788 0.2709953
vt 1.451496 0.2693991
vt 1.498081 0.1494886
vt 1.474788 0.1494886
vt 1.451496 0.1494883
vt 1.498081 0.093541
vt 1.474788 0.093541
vt 1.451496 0.093541
vt 1.451496 0.03759372
vt 1.474788 0.03759316
vt 1.498081 0.03759372
vt 1.358326 0.9192421
vt 1.358326 0.9313436
vt 1.376215 0.9313436
vt 1.376215 0.9146042
vt 1.404911 0.9313436
vt 1.404911 0.9230596
vt 1.404911 0.7763835
vt 1.376216 0.7691007
vt 1.358326 0.7727283
vt 1.404911 0.6297073
vt 1.376216 0.6235967
vt 1.358326 0.6262136
vt 1.358327 0.4797
vt 1.376216 0.478093
vt 1.404911 0.4830321
vt 1.404911 0.3728366
vt 1.376216 0.368055
vt 1.358327 0.3685785
vt 1.404911 0.2626411
vt 1.376216 0.2580169
vt 1.358327 0.257457
vt 1.404911 0.1494888
vt 1.376216 0.1494886
vt 1.358327 0.1494886
vt 1.404911 0.093541
vt 1.376216 0.093541
vt 1.358327 0.093541
vt 1.358327 0.03759316
vt 1.376216 0.03759316
vt 1.404911 0.03759372
vt 1.265157 0.914112
vt 1.265157 0.9313436
vt 1.28845 0.9313436
vt 1.28845 0.9086401
vt 1.306338 0.9313436
vt 1.306338 0.9157141
vt 1.306338 0.7693135
vt 1.288295 0.7632866
vt 1.263379 0.7677147
vt 1.306338 0.6229128
vt 1.288449 0.617933
vt 1.264911 0.6213173
vt 1.265157 0.4749193
vt 1.288449 0.4725792
vt 1.306338 0.4765121
vt 1.306338 0.364342
vt 1.28845 0.3608495
vt 1.265157 0.3619591
vt 1.306338 0.2521719
vt 1.28845 0.2491201
vt 1.265157 0.2489989
vt 1.306338 0.1494888
vt 1.28845 0.1494886
vt 1.265157 0.1494886
vt 1.306338 0.0935415
vt 1.28845 0.0935415
vt 1.265157 0.093541
vt 1.265157 0.03759342
vt 1.28845 0.03759372
vt 1.306338 0.03759372
vt 1.209567 0.093541
vt 1.209068 0.03759342
vt 1.193816 0.0935415
vt 1.202315 0.1494888
vt 1.219596 0.1494888
vt 1.219596 0.0935415
vt 1.216188 0.03759342
vt 1.219596 0.03759342
vt 1.219596 0.2464712
vt 1.187928 0.2464715
vt 1.219596 0.3601003
vt 1.179681 0.1494888
vt 1.174063 0.3601003
vt 1.219596 0.4737297
vt 1.172722 0.0935415
vt 1.198803 0.03759342
vt 1.148658 0.1494888
vt 1.155552 0.2523007
vt 1.121378 0.2464712
vt 1.130764 0.3644125
vt 1.103621 0.3558323
vt 1.166144 0.4737297
vt 1.219596 0.620258
vt 1.13332 0.4765245
vt 1.107 0.4737297
vt 1.188349 0.620258
vt 1.219596 0.7667862
vt 1.154244 0.6210967
vt 1.123009 0.620258
vt 1.197378 0.7667862
vt 1.219595 0.9133148
vt 1.169693 0.7656685
vt 1.136797 0.7667862
vt 1.197378 0.9133148
vt 1.219922 0.931947
vt 1.197378 0.9313436
vt 1.197378 0.9133148
vt 1.177019 0.9102401
vt 1.197378 0.9313436
vt 1.155658 0.9133148
vt 1.177019 0.9313436
vt 1.155658 0.9313436
vt 1.136339 0.9102401
vt 1.107781 0.7656685
vt 1.101106 0.7667862
vt 1.064765 0.620258
vt 1.075091 0.6210967
vt 1.02806 0.4737297
vt 1.0459 0.4765247
vt 1.013561 0.3601003
vt 1.035944 0.3644125
vt 1.018173 0.2464715
vt 1.043704 0.2523007
vt 1.046937 0.1494886
vt 1.073339 0.1494888
vt 1.069281 0.2464715
vt 1.077351 0.093541
vt 1.098684 0.093541
vt 1.118519 0.03759342
vt 1.136339 0.9102401
vt 1.101106 0.7667862
vt 1.131414 0.9133148
vt 1.136339 0.9313436
vt 1.131414 0.9313436
vt 1.056164 0.3601003
vt 1.069281 0.2464715
vt 1.043704 0.2523007
vt 1.035944 0.3644125
vt 1.063393 0.4737297
vt 1.0459 0.4765247
vt 1.087279 0.6202576
vt 1.075091 0.6210967
vt 1.115268 0.7667862
vt 1.107781 0.7656685
vt 1.141265 0.9133148
vt 1.136339 0.9102401
vt 1.141265 0.9313436
vt 1.136339 0.9313436
vt 1.123484 0.093541
vt 1.157367 0.03759342
vt 1.136269 0.03759342
vt 1.098684 0.093541
vt 1.097513 0.1494888
vt 1.073339 0.1494888
vt 1.069281 0.2464715
vt 1.14619 0.9313436
vt 1.141265 0.9133148
vt 1.141265 0.9313436
vt 1.14619 0.9102401
vt 1.115268 0.7667862
vt 1.123476 0.7656685
vt 1.087279 0.6202576
vt 1.101095 0.6210967
vt 1.063393 0.4737297
vt 1.083994 0.4765247
vt 1.056164 0.3601003
vt 1.076366 0.3644125
vt 1.069281 0.2464715
vt 1.090898 0.2523007
vt 1.097513 0.1494888
vt 1.12416 0.1494888
vt 1.123484 0.093541
vt 1.146778 0.0935415
vt 1.157367 0.03759342
vt 1.178242 0.03759372
vt 1.155658 0.9313436
vt 1.14619 0.9102401
vt 1.14619 0.9313436
vt 1.155658 0.9133148
vt 1.123476 0.7656685
vt 1.136797 0.7667862
vt 1.101095 0.6210967
vt 1.123009 0.620258
vt 1.083994 0.4765247
vt 1.107 0.4737297
vt 1.076366 0.3644125
vt 1.103621 0.3558323
vt 1.090898 0.2523007
vt 1.121378 0.2464712
vt 1.12416 0.1494888
vt 1.148658 0.1494888
vt 1.146778 0.0935415
vt 1.172722 0.0935415
vt 1.178242 0.03759372
vt 1.198803 0.03759342
vn 1 0 0
vn 1 0 0
vn 1 0 0
vn 1 0 0
vn -0.9787955 -0.2048403 0
vn -0.9998442 0.01765356 0
vn -0.9998442 0.01765356 0
vn -0.9787955 -0.2048403 0
vn -0.882177 -0.4709179 0
vn -0.882177 -0.4709179 0
vn -0.7644517 -0.6446811 0
vn -0.7644517 -0.6446811 0
vn 0 0.02095659 0.9997804
vn 7.194142E-06 0.3408018 0.9401352
vn 7.194144E-06 0.3408019 0.9401352
vn 0 0.01782855 0.9998411
vn -4.139976E-07 0 1
vn -4.140343E-07 0 1
vn -1.614765E-06 0 1
vn -1.069311E-06 0 1
vn -3.228743E-06 0 1
vn -3.228743E-06 0 1
vn -0.378724 -0.9255097 0
vn -0.378724 -0.9255097 0
vn -0.378724 -0.9255097 0
vn -0.378724 -0.9255097 0
vn 6.148287E-06 0 1
vn 6.148286E-06 0 1
vn 6.148287E-06 0 1
vn 6.148287E-06 0 1
vn -1.844363E-05 3.755745E-05 -1
vn -1.844363E-05 3.755744E-05 -1
vn -1.844363E-05 3.755745E-05 -1
vn -1.844363E-05 3.755744E-05 -1
vn 0 0 1
vn 0 0 1
vn 0 0 1
vn 0 0 1
vn 0 0 -1
vn 0 0 -1
vn 0 0 -1
vn 0 0 -1
vn 0 -1 0
vn 0 -1 0
vn 0 -1 0
vn 0 -1 0
vn 1.614378E-06 0 -1
vn 6.932318E-07 0 -1
vn 1.614378E-06 0 -1
vn 9.259048E-07 0 -1
vn 0 0 -1
vn 0 0 -1
vn 0 0.01782859 -0.9998411
vn 0 0.02095663 -0.9997804
vn 7.194152E-06 0.3408023 -0.9401349
vn 7.194152E-06 0.3408023 -0.9401349
vn -0.00417011 -0.9999913 9.413976E-07
vn -0.004170109 -0.9999913 9.413975E-07
vn -0.00417011 -0.9999913 9.413976E-07
vn -0.004170109 -0.9999913 9.413975E-07
vn -0.8112563 -0.5846907 -1.514146E-06
vn -0.8112563 -0.5846907 -1.514146E-06
vn -0.8112563 -0.5846907 -1.514146E-06
vn -0.8112563 -0.5846907 -1.514146E-06
vn -0.5893638 0.4433936 0.6753166
vn -0.5893638 0.4433936 0.6753166
vn -0.5893638 0.4433936 0.6753166
vn -0.5893638 0.4433936 0.6753166
vn 0.6888672 -0.4900078 0.5341859
vn 0.6888672 -0.4900078 0.5341858
vn 0.6888672 -0.4900078 0.5341858
vn 0.6888672 -0.4900078 0.5341858
vn -0.589677 0.4436426 -0.6748794
vn -0.5896771 0.4436426 -0.6748794
vn -0.5896771 0.4436426 -0.6748794
vn -0.5896771 0.4436426 -0.6748794
vn 0.6885056 -0.4897924 -0.534849
vn 0.6885056 -0.4897925 -0.5348489
vn 0.6885056 -0.4897924 -0.5348489
vn 0.6885056 -0.4897925 -0.5348489
vn -0.3166752 0.948534 0
vn -0.3166752 0.948534 0
vn -0.9998442 0.01765356 0
vn -0.9998442 0.01765356 0
vn 0.3655348 0.9307976 2.338588E-07
vn 0.3655348 0.9307976 2.338588E-07
vn 0.3655348 0.9307976 2.338588E-07
vn 0.3655348 0.9307976 2.338588E-07
vn 0 1 0
vn 0 1 0
vn 0 1 0
vn 0 1 0
vn 0.750987 0.6603171 0
vn 0.9218333 0.3875865 0
vn 0.750987 0.6603171 0
vn 0.9218333 0.3875865 0
vn 0.9840406 0.1779438 0
vn 0.9840406 0.1779438 0
vn 0.9814766 0.1915816 0
vn 0.9814766 0.1915816 0
vn 0.3067538 0.951789 0
vn 0.3067538 0.951789 0
vn -0.311295 0.9503134 -1.875983E-06
vn -0.3112949 0.9503134 -1.875983E-06
vn -0.3112949 0.9503134 -1.875983E-06
vn -0.3112949 0.9503134 -1.875983E-06
vn 0.9948952 0.1009137 2.839052E-06
vn 0.9948952 0.1009137 2.839053E-06
vn 0.9948952 0.1009137 2.839052E-06
vn 0.9948952 0.1009137 2.839052E-06
vn -0.3166752 0.948534 0
vn 0.3067538 0.951789 0
vn 0.3067538 0.951789 0
vn -0.3166752 0.948534 0
vn 0.02520137 0.9996824 0
vn 0 1 0
vn 0 1 0
vn 0.02520137 0.9996824 0
vn 0.1434153 0.9896626 0
vn 0.1434153 0.9896626 0
vn 0.1718876 0.9851165 0.0001173352
vn 0.1718876 0.9851165 0.0001173352
vn 0.1274265 0.9918476 0.0008120982
vn 0.127429 0.9918473 0.0008120496
vn 0.02617861 0.9996562 0.00144775
vn 0.02617303 0.9996563 0.00144774
vn -0.09746867 0.9952384 0.0006613981
vn -0.09746867 0.9952384 0.0006613981
vn -0.2120787 0.9772527 0
vn -0.2120787 0.9772527 0
vn -0.48444 0.8748245 0
vn -0.48444 0.8748245 0
vn -0.6122265 0.7906823 0
vn -0.6122265 0.7906823 0
vn -0.02019526 0.6870279 0.7263504
vn -0.02641112 0.7355778 0.6769252
vn 0.07709327 0.01646402 0.996888
vn 0.07625953 -0.04805706 -0.9959292
vn 0.4156961 -0.62721 -0.6586383
vn 0.05800243 0.05082427 -0.9970219
vn -0.3928095 0.8200111 -0.4162721
vn 0.05800243 0.05082427 -0.9970219
vn -0.4577701 0.8441806 -0.2789367
vn 0.04947762 -0.03441162 -0.9981823
vn 0.2983034 -0.7072784 -0.6409153
vn 0.07575643 0.0327846 -0.9965873
vn -0.2127606 0.812255 -0.5431158
vn 0.07575643 0.0327846 -0.9965873
vn -0.2626328 0.8717862 -0.4135368
vn 0.03135365 -0.01198527 -0.9994364
vn 0.1422929 -0.7872152 -0.6000375
vn 0.07709392 0.01646402 -0.9968879
vn 0.7137574 -0.700393 0
vn 0.7137574 -0.700393 0
vn 0.9674982 0.2528777 0
vn 0.9674982 0.2528777 0
vn 0 -0.3337176 0.9426731
vn 0 -0.3337176 0.9426731
vn 0 0.01602912 0.9998715
vn 0 -0.0287601 0.9995864
vn 0 0.3337189 0.9426726
vn 0 0.333719 0.9426726
vn 0 0.3337192 0.9426725
vn 0 -0.0001866625 1
vn -1.058838E-07 -0.3337176 0.9426731
vn 0 0.3337185 0.9426727
vn 0 -0.0001866737 1
vn -1.450008E-07 -0.3337181 0.942673
vn 1.490027E-07 -0.3337182 0.942673
vn 0 -0.01109733 0.9999385
vn 0 0.3337184 0.9426728
vn 0 0.3337192 0.9426725
vn 0 -0.0003393764 1
vn 0 -0.3337179 0.942673
vn 0 0.3337194 0.9426724
vn 0 -0.0003392803 1
vn 0 -0.333718 0.942673
vn 0 0.3337193 0.9426725
vn 0 -0.03351888 0.9994381
vn -1.206978E-07 -0.3337179 0.942673
vn 0 0.3337187 0.9426727
vn -2.369095E-07 -0.000339687 1
vn -2.541931E-07 -0.3337184 0.9426728
vn 0 -0.3337187 0.9426727
vn 0 -0.1018095 0.9948038
vn 0 0.3337183 0.9426728
vn 0.77063 -0.6372828 0
vn 0.77063 -0.6372828 0
vn 0.9744863 0.2244468 0
vn 0.9744863 0.2244468 0
vn 0 -0.2761782 0.9611064
vn 0 -0.2761782 0.9611064
vn 0 0.02009585 0.9997981
vn 0 -0.02233129 0.9997507
vn 0 0.3337203 0.9426722
vn 0 0.3337202 0.9426722
vn 0 0.3337197 0.9426723
vn 0 6.15208E-05 1
vn 0 -0.2761782 0.9611064
vn 0 0.3337196 0.9426723
vn 0 6.153069E-05 1
vn 0 -0.2761781 0.9611065
vn 0 -0.2761778 0.9611065
vn 0 -0.005829915 0.9999831
vn 0 0.3337193 0.9426725
vn 0 0.3337185 0.9426727
vn 0 -0.0007474517 0.9999998
vn 0 -0.2761776 0.9611067
vn 0 0.3337182 0.942673
vn 0 -0.0007474446 0.9999998
vn 0 -0.2761775 0.9611067
vn 0 0.3337182 0.942673
vn 0 -0.02548666 0.9996752
vn 0 -0.2761776 0.9611067
vn 0 0.3337181 0.942673
vn 0 -0.0007474447 0.9999998
vn 0 -0.2761776 0.9611067
vn 0 -0.2761775 0.9611067
vn 0 -0.08199925 0.9966324
vn 0 0.3337179 0.942673
vn 0.6652126 -0.7466539 -3.761116E-05
vn 0.6652126 -0.7466539 -3.761115E-05
vn 0.9996087 0.02797541 -5.652286E-05
vn 0.9996069 0.02803791 -5.652275E-05
vn -0.002686422 -0.1099633 0.993932
vn -0.003213917 -0.1343147 0.9909335
vn -0.001691603 0.09700686 0.9952822
vn -0.0007261778 0.1229015 0.9924186
vn 0 0.3337163 0.9426736
vn 7.010054E-05 0.3350271 0.9422085
vn 0.0003046285 0.3461426 0.9381818
vn -4.103878E-05 0.1590708 0.9872672
vn 0.0001696055 0.02722878 0.9996293
vn -0.0004065281 0.3429109 0.9393679
vn -0.0002048638 0.1620423 0.9867837
vn -0.000128235 0.02683179 0.99964
vn -0.0001896222 0.03111912 0.9995157
vn -9.27764E-05 0.1732372 0.9848801
vn -6.128672E-05 0.3347841 0.9422949
vn 0 0.3337174 0.9426731
vn 0 0.1807409 0.9835308
vn 0 0.0344152 0.9994076
vn 0 0.3337177 0.9426731
vn 0 0.180741 0.9835307
vn -1.637583E-07 0.0344152 0.9994076
vn 0 0.3337177 0.942673
vn 0 0.1741551 0.9847183
vn 0 0.03441522 0.9994076
vn -1.724517E-07 0.3337182 0.9426728
vn 0 0.1807411 0.9835307
vn 1.308721E-07 0.03441516 0.9994076
vn 2.408719E-07 0.03441512 0.9994076
vn 0 0.1570989 0.9875829
vn -4.276824E-07 0.3337185 0.9426728
vn 0.9831745 0.1826686 0
vn 0.9831745 0.1826686 0
vn 0.5699441 0.8216834 0
vn 0.5699441 0.8216834 0
vn 0 -0.3337187 0.9426727
vn 0 -0.3337187 0.9426727
vn 0 0.01142092 0.9999348
vn 0 -0.02458799 0.9996977
vn 0 0.3337204 0.9426721
vn 0 0.3337204 0.9426721
vn 0 0.3337204 0.9426721
vn 0 -0.000266665 1
vn 0 -0.3337185 0.9426728
vn 0 0.3337202 0.9426722
vn 0 -0.0002665869 1
vn 0 -0.3337188 0.9426726
vn 0 -0.3337188 0.9426726
vn 0 -0.01046444 0.9999453
vn 0 0.3337196 0.9426724
vn 0 0.333719 0.9426726
vn 0 -0.0002666794 1
vn 0 -0.3337185 0.9426728
vn 0 0.3337189 0.9426726
vn 0 -0.0002666418 1
vn 0 -0.3337183 0.9426728
vn 0 0.3337187 0.9426727
vn 0 -0.03074716 0.9995272
vn 0 -0.3337184 0.9426728
vn 0 0.3337184 0.9426728
vn 0 -0.0002665308 1
vn 0 -0.3337188 0.9426726
vn 0 -0.3337189 0.9426726
vn 0 -0.09442744 0.9955317
vn 0 0.3337186 0.9426727
vn 0.6926171 -0.7213054 0
vn 0.6926171 -0.7213054 0
vn 0.9831745 0.1826686 0
vn 0.9831745 0.1826686 0
vn 0.9674982 0.2528777 0
vn 0.9674982 0.2528777 0
vn 0.5434766 0.8394244 0
vn 0.5434766 0.8394244 0
vn 0.9669822 0.2548442 0
vn 0.9669822 0.2548442 0
vn 0.5967123 0.8024552 0
vn 0.5967123 0.8024552 0
vn 0 -0.4186089 0.9081665
vn 0 -0.4186088 0.9081666
vn 0 0.001119454 0.9999994
vn 0 -0.006487684 0.999979
vn 0 0.276178 0.9611065
vn 0 0.2761781 0.9611065
vn 0 0.276178 0.9611065
vn 0 9.781546E-05 1
vn 0 -0.4186097 0.9081662
vn 1.491962E-07 0.2761776 0.9611067
vn 0 9.779879E-05 1
vn 0 -0.4186105 0.9081658
vn 1.00472E-07 -0.4186117 0.9081653
vn 0 -0.004154605 0.9999914
vn 0 0.2761772 0.9611068
vn 0 0.2761771 0.9611068
vn 0 -0.0007426762 0.9999998
vn 2.297124E-07 -0.418613 0.9081647
vn 0 0.276177 0.9611068
vn 0 -0.000742713 0.9999998
vn 0 -0.4186132 0.9081646
vn 0 0.2761771 0.9611068
vn 0 -0.02853724 0.9995927
vn 0 -0.4186132 0.9081646
vn 0 0.2761771 0.9611068
vn 0 -0.0007426176 0.9999998
vn 0 -0.4186133 0.9081646
vn 0 -0.4186133 0.9081646
vn 0 -0.1036302 0.9946159
vn 0 0.2761773 0.9611068
vn 0.5862464 -0.8101329 0
vn 0.5862464 -0.8101329 0
vn 0.9669822 0.2548442 0
vn 0.9669822 0.2548442 0
vn 0.9744863 0.2244468 0
vn 0.9744863 0.2244468 0
vn 0.5411183 0.8409465 0
vn 0.5411183 0.8409465 0
vn 0.992502 0.122228 0
vn 0.992502 0.122228 0
vn 0.4773399 0.8787188 0
vn 0.4773399 0.8787188 0
vn -8.655007E-05 -0.3323632 0.9431515
vn 0 -0.3337219 0.9426715
vn 0 0.01513837 0.9998854
vn -0.0001680424 -0.01950716 0.9998097
vn 0 0.4186083 0.9081669
vn 6.08702E-06 0.4184822 0.9082251
vn 3.36166E-05 0.4171647 0.9088309
vn 7.795867E-05 -7.359022E-05 1
vn -0.0002394369 -0.3230054 0.9463972
vn -4.894844E-05 0.4175064 0.9086739
vn 0.0001543959 4.062067E-05 1
vn 0.0004003657 -0.3259913 0.9453728
vn 5.695323E-05 -0.332719 0.9430261
vn 2.480114E-05 -0.005152223 0.9999868
vn 0 0.4186096 0.9081663
vn 0 0.4186113 0.9081656
vn 0 -0.0007053422 0.9999998
vn 0 -0.3337204 0.9426721
vn 0 0.4186114 0.9081655
vn 1.016936E-07 -0.000705309 0.9999998
vn 1.726774E-07 -0.3337201 0.9426722
vn 0 0.4186119 0.9081652
vn 1.546481E-07 -0.02566859 0.9996705
vn 2.103961E-07 -0.3337197 0.9426723
vn 0 0.4186125 0.908165
vn 0 -0.0007053746 0.9999998
vn 0 -0.3337194 0.9426724
vn 0 -0.3337193 0.9426725
vn 0 -0.08341402 0.9965149
vn 2.200569E-07 0.4186126 0.908165
vn 0.6431005 -0.7657817 0
vn 0.6431005 -0.7657817 0
vn 0.992502 0.122228 0
vn 0.992502 0.122228 0
vn 0.9996069 0.02803791 -5.652275E-05
vn 0.9996087 0.02797541 -5.652286E-05
vn 0.6004119 0.7996909 -3.395363E-05
vn 0.6004118 0.799691 -3.395363E-05
vn 0.9100593 -0.4144781 0
vn 0.9100593 -0.4144781 0
vn 0.5103307 -0.8599783 0
vn 0.5103307 -0.8599783 0
vn 0.2577621 -0.9662084 0
vn 0.2577621 -0.9662084 0
vn 0 0.8989446 0.4380625
vn -0.01032768 0.004963111 0.9999343
vn 0 -0.5876279 0.8091313
vn 0.003605558 0.8668301 0.4985906
vn -0.01303498 -0.007312743 0.9998883
vn 0.003605558 0.8668301 0.4985906
vn 0.007517257 0.6886393 0.7250652
vn -0.01303498 -0.007312743 0.9998883
vn -0.006824351 -0.0004858926 0.9999766
vn -0.01558893 -0.5861819 0.8100295
vn -0.03498945 -0.79678 0.6032556
vn -0.01032768 0.004963111 0.9999343
vn -0.008777979 -0.9356823 0.3527344
vn 0 -0.5876279 0.8091313
vn 0 -0.9442536 0.3292192
vn -0.01115479 -0.4706899 0.8822281
vn -0.004394072 0.0005783693 0.9999902
vn -0.002732257 -0.4280937 0.9037303
vn 0.0004774643 0.5998152 0.8001384
vn -0.001724591 -0.003038209 0.9999939
vn 0.01186089 -0.4448569 0.8955231
vn 0.0008718319 0.5329911 0.8461204
vn 0.003132575 -0.003070186 0.9999905
vn 0.03029644 -0.4988357 0.8661669
vn 0.0007168078 0.4929791 0.8700408
vn 0.008849064 -0.00154067 0.9999597
vn 0.1054416 -0.7019954 0.7043328
vn -0.002543263 0.5072007 0.8618243
vn 0.03135362 -0.01198527 0.9994364
vn 0.1422923 -0.7872152 0.6000376
vn 0.07709327 0.01646402 0.996888
vn -0.02019526 0.6870279 0.7263504
vn -0.006099342 0.5562966 0.8309613
vn -0.004451381 0.8006377 0.5991322
vn -0.003637228 0.7014119 0.7127469
vn 0.003761161 0.8106611 0.5855036
vn 0 0.6525813 0.7577187
vn 0 0.6525811 0.7577188
vn -4.912903E-05 0.7418838 0.6705286
vn 0 0.6525807 0.7577192
vn -2.569588E-05 0.7419389 0.6704676
vn -0.002232218 0.7367264 0.6761873
vn -0.002232218 0.7367263 0.6761873
vn 0 0.6525811 0.757719
vn -0.02641112 0.7355778 0.6769252
vn -2.445138E-07 0.6525819 0.7577182
vn 0.3099555 0.9507511 0
vn 0.3099555 0.9507511 0
vn 0.3099555 0.9507511 0
vn 0.3099555 0.9507511 0
vn -0.002017016 0.01526149 0.9998815
vn -0.01344694 0.01516487 0.9997947
vn -0.1178092 -0.8623646 0.4923903
vn -0.1043576 -0.6713755 0.7337332
vn -0.01619878 -0.01063924 0.9998122
vn -0.05135427 -0.5046411 0.8618006
vn -0.00865638 -0.01180498 0.9998928
vn -0.006559841 -0.431185 0.9022397
vn -0.002181346 -0.01170993 0.9999291
vn 0.04145688 -0.4324842 0.9006879
vn 0.005558537 -0.0156113 0.9998627
vn 0.09902789 -0.4592577 0.8827661
vn 0.01269302 -0.0007556327 0.9999192
vn 0.2986511 -0.571266 0.7645016
vn 0.07625962 -0.048057 0.9959292
vn 0.415696 -0.6272101 0.6586382
vn 0.05800349 0.05082425 0.9970217
vn -0.002017016 0.01526149 0.9998815
vn -0.1178092 -0.8623646 0.4923903
vn -0.01563754 -0.9394487 0.3423327
vn 0 9.438766E-07 1
vn 0 -0.944253 0.3292207
vn 1 8.92345E-07 0
vn 1 8.92345E-07 0
vn 0.2577569 -0.9662098 0
vn 0.2577569 -0.9662098 0
vn 0 0.9442554 0.3292138
vn -0.002017016 0.01526149 0.9998815
vn 0 9.438766E-07 1
vn 0.0139016 0.9411076 0.3378212
vn -0.01344694 0.01516487 0.9997947
vn 0.09194166 0.8116865 0.5768119
vn -0.01619878 -0.01063924 0.9998122
vn 0.07064754 0.5631776 0.8233104
vn -0.00865638 -0.01180498 0.9998928
vn 0.03769333 0.4528239 0.8908028
vn -0.002181346 -0.01170993 0.9999291
vn 0.00549002 0.4269327 0.9042668
vn 0.005558537 -0.0156113 0.9998627
vn -0.03818241 0.4646355 0.8846785
vn 0.01269302 -0.0007556327 0.9999192
vn -0.1085357 0.5688376 0.8152569
vn 0.07625962 -0.048057 0.9959292
vn -0.3928086 0.8200113 0.4162725
vn 0.05800349 0.05082425 0.9970217
vn -0.4577691 0.844181 0.278937
vn 0.2577509 0.9662114 0
vn 0.2577509 0.9662114 0
vn 1 8.92345E-07 0
vn 1 8.92345E-07 0
vn 0 -5.899174E-07 1
vn -0.01285978 -0.936953 0.3492187
vn 0 -0.944253 0.3292206
vn -0.004573728 0.01158258 0.9999225
vn -0.07347923 -0.81813 0.5703192
vn -0.01570481 0.002017385 0.9998746
vn -0.05485055 -0.605022 0.7943172
vn -0.01325699 -0.003667142 0.9999055
vn -0.03006127 -0.4738077 0.880115
vn -0.006991483 -0.005889804 0.9999583
vn -0.004206918 -0.4263534 0.9045469
vn -0.001107675 -0.00734615 0.9999725
vn 0.0270216 -0.4385816 0.898285
vn 0.004024713 -0.009430465 0.9999474
vn 0.0666885 -0.4782552 0.8756853
vn 0.01038195 -0.0006930731 0.9999459
vn 0.2163121 -0.6336639 0.7427511
vn 0.04947794 -0.03441156 0.9981823
vn 0.2983029 -0.7072784 0.6409156
vn 0.07575589 0.03278458 0.9965873
vn 1 4.46171E-07 0
vn 1 4.46171E-07 0
vn 0.257756 -0.9662101 0
vn 0.257756 -0.9662101 0
vn 0 0.9442536 0.3292193
vn -0.004573728 0.01158258 0.9999225
vn 0 -5.899174E-07 1
vn 0.01061854 0.9385267 0.3450433
vn -0.01570481 0.002017385 0.9998746
vn 0.05529156 0.8168902 0.574137
vn -0.01325699 -0.003667142 0.9999055
vn 0.0344549 0.5909061 0.8060043
vn -0.006991483 -0.005889804 0.9999583
vn 0.02012564 0.4641171 0.8855453
vn -0.001107675 -0.00734615 0.9999725
vn 0.003792037 0.4254244 0.904986
vn 0.004024713 -0.009430465 0.9999474
vn -0.0207249 0.4578986 0.8887628
vn 0.01038195 -0.0006930731 0.9999459
vn -0.05686671 0.5444175 0.8368846
vn 0.04947794 -0.03441156 0.9981823
vn -0.2127605 0.8122549 0.5431159
vn 0.07575589 0.03278458 0.9965873
vn -0.2626328 0.8717862 0.4135371
vn 0.2577534 0.9662107 0
vn 0.2577534 0.9662107 0
vn 1 4.46171E-07 0
vn 1 4.46171E-07 0
vn 0 -0.3337176 -0.9426731
vn 0 0.01602916 -0.9998715
vn 0 -0.3337177 -0.9426731
vn 0 -0.02876007 -0.9995864
vn 0 0.333719 -0.9426726
vn 0 0.333719 -0.9426726
vn 0 0.3337192 -0.9426725
vn -1.110276E-07 -0.0001866846 -1
vn 0 -0.3337175 -0.9426731
vn 0 0.3337185 -0.9426727
vn 0 -0.000186707 -1
vn -1.450008E-07 -0.3337182 -0.942673
vn 1.109111E-07 -0.3337182 -0.942673
vn 1.085686E-07 -0.01109733 -0.9999385
vn 0 0.3337184 -0.9426728
vn 0 0.3337192 -0.9426725
vn 0 -0.0003393911 -1
vn 0 -0.3337179 -0.942673
vn 0 0.3337194 -0.9426724
vn 0 -0.0003393173 -1
vn 0 -0.3337181 -0.942673
vn 0 0.3337193 -0.9426725
vn 0 -0.03351892 -0.9994381
vn 0 -0.333718 -0.942673
vn -1.826579E-07 0.3337187 -0.9426727
vn -2.287554E-07 -0.0003397536 -1
vn -1.892102E-07 -0.3337185 -0.9426727
vn 0 -0.3337188 -0.9426727
vn 0 -0.1018096 -0.9948038
vn 0 0.3337184 -0.9426728
vn 0 -0.2761782 -0.9611064
vn 0 0.02009589 -0.9997981
vn 0 -0.2761782 -0.9611064
vn 0 -0.0223313 -0.9997507
vn 0 0.3337203 -0.9426722
vn 0 0.3337203 -0.9426722
vn 0 0.3337198 -0.9426723
vn 0 6.15208E-05 -1
vn 0 -0.2761782 -0.9611064
vn 0 0.3337196 -0.9426723
vn 0 6.152572E-05 -1
vn 0 -0.2761781 -0.9611065
vn 0 -0.2761778 -0.9611065
vn 0 -0.005829934 -0.9999831
vn 0 0.3337193 -0.9426725
vn 0 0.3337186 -0.9426727
vn 0 -0.0007474647 -0.9999998
vn 0 -0.2761776 -0.9611067
vn 0 0.3337181 -0.942673
vn 0 -0.0007474642 -0.9999998
vn 0 -0.2761775 -0.9611067
vn 0 0.3337181 -0.942673
vn 0 -0.02548669 -0.9996752
vn 0 -0.2761775 -0.9611067
vn 0 0.3337182 -0.942673
vn 0 -0.0007474317 -0.9999998
vn 0 -0.2761776 -0.9611067
vn 0 -0.2761774 -0.9611067
vn 0 -0.08199922 -0.9966324
vn 0 0.3337179 -0.942673
vn -0.002686702 -0.1099411 -0.9939345
vn -0.001692026 0.09698934 -0.995284
vn -0.003214354 -0.1342919 -0.9909366
vn -0.0007261853 0.1229112 -0.9924173
vn 0 0.3337168 -0.9426734
vn 7.011077E-05 0.3350278 -0.9422082
vn 0.0003045994 0.3461427 -0.9381818
vn -4.098435E-05 0.1590708 -0.9872672
vn 0.0001697264 0.02722878 -0.9996293
vn -0.0004064499 0.3429109 -0.9393679
vn -0.0002047908 0.1620423 -0.9867837
vn -0.0001281972 0.0268318 -0.99964
vn -0.0001895859 0.0311191 -0.9995157
vn -9.275999E-05 0.1732372 -0.9848801
vn -6.121786E-05 0.334784 -0.9422949
vn 0 0.3337173 -0.9426731
vn 0 0.1807408 -0.9835308
vn 0 0.03441518 -0.9994076
vn 0 0.3337174 -0.9426731
vn 0 0.180741 -0.9835308
vn -1.068183E-07 0.03441518 -0.9994076
vn 0 0.3337177 -0.942673
vn 0 0.1741551 -0.9847183
vn 0 0.0344152 -0.9994076
vn -2.746827E-07 0.3337182 -0.942673
vn -2.443288E-07 0.1807411 -0.9835307
vn 0 0.03441516 -0.9994076
vn 0 0.03441514 -0.9994076
vn -2.78339E-07 0.157099 -0.9875829
vn -6.812161E-07 0.3337186 -0.9426727
vn 0 -0.3337187 -0.9426727
vn 0 0.01142087 -0.9999348
vn 0 -0.3337187 -0.9426727
vn 0 -0.02458803 -0.9996977
vn 0 0.3337204 -0.9426721
vn 0 0.3337204 -0.9426721
vn 0 0.3337203 -0.9426721
vn 0 -0.0002666761 -1
vn 0 -0.3337185 -0.9426728
vn 0 0.3337201 -0.9426722
vn 0 -0.0002665702 -1
vn 0 -0.3337188 -0.9426726
vn 0 -0.3337189 -0.9426726
vn 0 -0.0104644 -0.9999453
vn 0 0.3337196 -0.9426724
vn 0 0.333719 -0.9426726
vn 0 -0.0002666719 -1
vn 0 -0.3337184 -0.9426728
vn 0 0.3337189 -0.9426726
vn 0 -0.0002666269 -1
vn 0 -0.3337183 -0.9426728
vn -1.115738E-07 0.3337187 -0.9426727
vn 0 -0.03074718 -0.9995272
vn 0 -0.3337184 -0.9426728
vn 0 0.3337184 -0.9426728
vn 0 -0.0002665011 -1
vn 0 -0.3337188 -0.9426727
vn 0 -0.3337189 -0.9426726
vn 0 -0.09442745 -0.9955317
vn 0 0.3337186 -0.9426727
vn 0 -0.418609 -0.9081665
vn 0 0.001119398 -0.9999994
vn 0 -0.4186089 -0.9081666
vn 0 -0.006487675 -0.999979
vn 0 0.2761782 -0.9611064
vn 0 0.2761782 -0.9611065
vn -1.174432E-07 0.2761782 -0.9611065
vn 0 9.784874E-05 -1
vn 0 -0.4186096 -0.9081663
vn 0 0.2761776 -0.9611067
vn 0 9.781545E-05 -1
vn 0 -0.4186105 -0.9081658
vn 1.535694E-07 -0.4186119 -0.9081653
vn 0 -0.004154572 -0.9999914
vn 0 0.2761772 -0.9611068
vn 0 0.2761771 -0.9611068
vn 0 -0.0007427203 -0.9999998
vn 2.297124E-07 -0.418613 -0.9081647
vn 0 0.276177 -0.9611068
vn 0 -0.0007427793 -0.9999998
vn 0 -0.4186132 -0.9081646
vn 0 0.276177 -0.9611068
vn 0 -0.02853723 -0.9995927
vn 0 -0.4186132 -0.9081646
vn 0 0.2761772 -0.9611068
vn 0 -0.0007425661 -0.9999998
vn 0 -0.4186133 -0.9081646
vn 0 -0.4186132 -0.9081646
vn 0 -0.1036301 -0.9946159
vn 0 0.2761772 -0.9611068
vn -8.653011E-05 -0.3323633 -0.9431514
vn 0 0.01513827 -0.9998854
vn 0 -0.3337219 -0.9426715
vn -0.0001680527 -0.01950724 -0.9998097
vn 0 0.4186081 -0.908167
vn 6.08702E-06 0.4184819 -0.9082251
vn 3.361656E-05 0.4171646 -0.9088309
vn 7.797451E-05 -7.356566E-05 -1
vn -0.0002394626 -0.3230053 -0.9463971
vn -4.893762E-05 0.4175064 -0.9086739
vn 0.0001544321 4.05771E-05 -1
vn 0.0004004224 -0.3259913 -0.9453728
vn 5.696129E-05 -0.332719 -0.9430261
vn 2.48115E-05 -0.005152191 -0.9999868
vn 0 0.4186094 -0.9081663
vn 0 0.4186113 -0.9081656
vn 0 -0.000705432 -0.9999998
vn 0 -0.3337204 -0.9426721
vn 0 0.4186113 -0.9081656
vn 1.155211E-07 -0.000705309 -0.9999998
vn 1.285335E-07 -0.3337203 -0.9426721
vn 0 0.4186119 -0.9081652
vn 0 -0.02566854 -0.9996705
vn 1.566096E-07 -0.3337199 -0.9426723
vn -1.59454E-07 0.4186125 -0.908165
vn 0 -0.000705399 -0.9999998
vn 0 -0.3337196 -0.9426724
vn 0 -0.3337194 -0.9426724
vn 0 -0.08341406 -0.9965149
vn 0 0.4186126 -0.908165
vn -0.002232219 0.7367265 -0.6761872
vn -0.002232218 0.7367265 -0.6761872
vn -2.569603E-05 0.7419389 -0.6704674
vn -4.912918E-05 0.7418838 -0.6705284
vn 0.00751721 0.6886393 -0.7250652
vn 0.003761122 0.8106611 -0.5855037
vn 0.0004774518 0.5998152 -0.8001384
vn -0.004451419 0.8006377 -0.5991324
vn 0.0008718325 0.5329912 -0.8461204
vn -0.003637229 0.7014119 -0.7127469
vn 0.0007168286 0.4929791 -0.8700408
vn 0 0.6525814 -0.7577187
vn -0.002543229 0.5072007 -0.8618243
vn 0 0.6525812 -0.7577188
vn -0.006099292 0.5562966 -0.8309613
vn 2.14807E-07 0.6525808 -0.7577192
vn -0.02019505 0.6870279 -0.7263504
vn 3.306363E-07 0.652581 -0.757719
vn -0.02641086 0.7355778 -0.6769252
vn 0 0.6525817 -0.7577183
vn 0.07709392 0.01646402 -0.9968879
vn 0.03135365 -0.01198527 -0.9994364
vn 0.008849167 -0.00154071 -0.9999597
vn 0.00313263 -0.003070251 -0.9999905
vn 0.1054418 -0.7019954 -0.7043328
vn 0.1422929 -0.7872152 -0.6000375
vn 0.0302965 -0.4988357 -0.8661669
vn 0.01186105 -0.4448569 -0.8955231
vn -0.001724602 -0.003038195 -0.9999939
vn -0.002732273 -0.4280938 -0.9037302
vn -0.004394068 0.000578438 -0.9999902
vn -0.0111548 -0.47069 -0.8822281
vn -0.006824279 -0.0004859078 -0.9999766
vn -0.0155888 -0.586182 -0.8100294
vn -0.01303482 -0.007312853 -0.9998883
vn 0.003605535 0.8668299 -0.4985909
vn -0.03498911 -0.79678 -0.6032557
vn -0.01032758 0.004963109 -0.9999344
vn 0 0.8989444 -0.4380628
vn -0.008777902 -0.9356822 -0.3527348
vn 0 -0.5876275 -0.8091316
vn 0 -0.9442534 -0.3292196
vn -0.01344696 0.0151649 -0.9997947
vn -0.1178091 -0.8623646 -0.4923904
vn -0.1043574 -0.6713755 -0.7337333
vn -0.01619887 -0.01063895 -0.9998122
vn -0.05135415 -0.5046408 -0.8618006
vn -0.008656482 -0.0118048 -0.9998928
vn -0.006559759 -0.4311849 -0.9022397
vn -0.002181396 -0.01170981 -0.9999291
vn 0.04145693 -0.4324843 -0.9006879
vn 0.005558613 -0.0156113 -0.9998627
vn 0.09902791 -0.4592577 -0.8827659
vn 0.01269304 -0.0007556734 -0.9999192
vn 0.2986511 -0.571266 -0.7645016
vn 0.07625953 -0.04805706 -0.9959292
vn 0.4156961 -0.62721 -0.6586383
vn -0.002016902 0.01526113 -0.9998815
vn -0.1178091 -0.8623646 -0.4923904
vn -0.01344696 0.0151649 -0.9997947
vn -0.01563753 -0.9394487 -0.3423324
vn 0 8.258926E-07 -1
vn 0 -0.944253 -0.3292205
vn 0 0.9442555 -0.3292134
vn 0 8.258926E-07 -1
vn -0.002016902 0.01526113 -0.9998815
vn 0.01390163 0.9411077 -0.337821
vn -0.01344696 0.0151649 -0.9997947
vn 0.09194162 0.8116865 -0.5768119
vn -0.01619887 -0.01063895 -0.9998122
vn 0.07064724 0.5631776 -0.8233104
vn -0.008656482 -0.0118048 -0.9998928
vn 0.03769302 0.4528241 -0.8908028
vn -0.002181396 -0.01170981 -0.9999291
vn 0.005489935 0.426933 -0.9042666
vn 0.005558613 -0.0156113 -0.9998627
vn -0.03818239 0.4646356 -0.8846784
vn 0.01269304 -0.0007556734 -0.9999192
vn -0.1085358 0.5688378 -0.8152568
vn 0.07625953 -0.04805706 -0.9959292
vn -0.3928095 0.8200111 -0.4162721
vn 0.05800243 0.05082427 -0.9970219
vn 0 1.179836E-07 -1
vn 0 -0.9442533 -0.3292202
vn -0.0128598 -0.9369531 -0.3492185
vn -0.004573789 0.01158301 -0.9999225
vn -0.07347908 -0.8181298 -0.5703196
vn -0.01570466 0.002017544 -0.9998746
vn -0.0548503 -0.6050217 -0.7943175
vn -0.01325688 -0.003666976 -0.9999055
vn -0.03006111 -0.4738075 -0.8801152
vn -0.006991494 -0.005889731 -0.9999583
vn -0.004206896 -0.4263534 -0.9045469
vn -0.001107719 -0.007346123 -0.9999725
vn 0.02702167 -0.4385816 -0.898285
vn 0.004024713 -0.009430489 -0.9999474
vn 0.06668841 -0.4782551 -0.8756853
vn 0.01038195 -0.0006929921 -0.9999459
vn 0.2163122 -0.633664 -0.742751
vn 0.04947762 -0.03441162 -0.9981823
vn 0.2983034 -0.7072784 -0.6409153
vn 0 0.9442536 -0.329219
vn 0 1.179836E-07 -1
vn -0.004573789 0.01158301 -0.9999225
vn 0.01061853 0.9385268 -0.3450431
vn -0.01570466 0.002017544 -0.9998746
vn 0.05529154 0.8168902 -0.574137
vn -0.01325688 -0.003666976 -0.9999055
vn 0.03445481 0.590906 -0.8060043
vn -0.006991494 -0.005889731 -0.9999583
vn 0.02012544 0.464117 -0.8855453
vn -0.001107719 -0.007346123 -0.9999725
vn 0.003791923 0.4254245 -0.904986
vn 0.004024713 -0.009430489 -0.9999474
vn -0.02072491 0.4578986 -0.8887628
vn 0.01038195 -0.0006929921 -0.9999459
vn -0.05686693 0.5444176 -0.8368845
vn 0.04947762 -0.03441162 -0.9981823
vn -0.2127606 0.812255 -0.5431158
vn 0.07575643 0.0327846 -0.9965873
vn 0 -0.3337194 0.9426724
vn 0 -0.3337185 0.9426728
vn 0 0.3337177 0.942673
vn 0 -0.3337194 0.9426724
vn 0 0.3337179 0.942673
vn 0 0.3337186 0.9426727
vn 0 -0.3337183 0.9426728
vn 0 -0.3337194 0.9426724
vn 0 0.2761781 0.9611065
vn 0 -0.3337184 0.9426728
vn 0 -0.3337184 0.9426728
vn 0 -0.3337185 0.9426728
vn 0 -0.3337179 0.942673
vn 0 0.3337189 0.9426726
vn 0 0.3337192 0.9426725
vn 0 0.3337189 0.9426726
vn 0 -0.3337193 0.9426725
vn 0 0.3337185 0.9426727
vn 0 0.3337187 0.9426727
vn 0 0.3337186 0.9426727
vn 0 -0.3337193 0.9426725
vn 0 -0.2761781 0.9611065
vn 0 0.4186125 0.908165
vn 0 0.3337197 0.9426723
vn 0 0.3337196 0.9426723
vn 0 0.3337174 -0.9426731
vn 0 -0.3337196 -0.9426724
vn 0 -0.3337184 -0.9426728
vn 0 -0.3337184 -0.9426728
vn 0 -0.3337194 -0.9426724
vn 0 0.3337177 -0.942673
vn 0 -0.3337185 -0.9426728
vn 0 -0.3337196 -0.9426724
vn 0 -0.3337196 -0.9426724
vn 0 -0.3337196 -0.9426724
vn 0 0.2761782 -0.9611064
vn 0 -0.3337183 -0.9426728
vn 0 0.2761776 -0.9611067
vn 0 -0.3337187 -0.9426727
vn 0 -0.3337184 -0.9426728
vn 0 0.2761776 -0.9611067
vn 0 0.2761776 -0.9611067
vn 0 -0.3337184 -0.9426728
vn 0 0.3337189 -0.9426726
vn 0 0.333719 -0.9426726
vn 0 -0.3337189 -0.9426726
vn 0 0.3337189 -0.9426726
vn 0 0.3337192 -0.9426725
vn 0 -0.3337196 -0.9426724
vn 0 -0.2761778 -0.9611065
vn 0 0.3337201 -0.9426722
vn 0 0.3337203 -0.9426722
vn 0 0.3337201 -0.9426722
vn 0 0.3337196 -0.9426724
vn 0 0.3337196 -0.9426724
vn 1 0 0
vn 1 0 0
vn 1 0 0
vn 1 0 0
vn 0 0 1
vn 0 0 1
vn 0 0 1
vn 0 0 1
vn 0 1 0
vn 0 1 0
vn 0 1 0
vn 0 1 0
vn 0 0 -1
vn 0 0 -1
vn 0 0 -1
vn 0 0 -1
vn 0 -1 0
vn 0 -1 0
vn 0 -1 0
vn 0 -1 0
vn 0 0 -1
vn 0 0 -1
vn 0 0 -1
vn 0 0 -1
vn 0 0 -1
vn 0 0 -1
vn 0 -1 0
vn 0 -1 0
usemtl Book_Cover_Mat
f 3/3/3 2/2/2 1/1/1
f 4/4/4 3/3/3 1/1/1
f 7/7/7 6/6/6 5/5/5
f 6/6/6 8/8/8 5/5/5
f 5/5/5 8/8/8 9/9/9
f 8/8/8 10/10/10 9/9/9
f 9/9/9 10/10/10 11/11/11
f 12/12/12 9/9/9 11/11/11
f 15/15/15 14/14/14 13/13/13
f 16/16/16 15/15/15 13/13/13
f 16/16/16 13/13/13 17/17/17
f 13/13/13 18/18/18 17/17/17
f 17/17/17 18/18/18 19/19/19
f 18/18/18 20/20/20 19/19/19
f 19/19/19 20/20/20 21/21/21
f 22/22/22 19/19/19 21/21/21
f 25/25/25 24/24/24 23/23/23
f 26/26/26 25/25/25 23/23/23
f 29/29/29 28/28/28 27/27/27
f 30/30/30 29/29/29 27/27/27
f 33/33/33 32/32/32 31/31/31
f 34/34/34 33/33/33 31/31/31
f 37/37/37 36/36/36 35/35/35
f 38/38/38 37/37/37 35/35/35
f 41/41/41 40/40/40 39/39/39
f 42/42/42 41/41/41 39/39/39
f 45/45/45 44/44/44 43/43/43
f 46/46/46 45/45/45 43/43/43
f 49/49/49 48/48/48 47/47/47
f 48/48/48 50/50/50 47/47/47
f 50/50/50 48/48/48 51/51/51
f 48/48/48 52/52/52 51/51/51
f 53/53/53 51/51/51 52/52/52
f 54/54/54 53/53/53 52/52/52
f 54/54/54 55/55/55 53/53/53
f 55/55/55 56/56/56 53/53/53
f 59/59/59 58/58/58 57/57/57
f 60/60/60 59/59/59 57/57/57
f 63/63/63 62/62/62 61/61/61
f 64/64/64 63/63/63 61/61/61
f 67/67/67 66/66/66 65/65/65
f 68/68/68 67/67/67 65/65/65
f 71/71/71 70/70/70 69/69/69
f 72/72/72 71/71/71 69/69/69
f 75/75/75 74/74/74 73/73/73
f 76/76/76 75/75/75 73/73/73
f 79/79/79 78/78/78 77/77/77
f 80/80/80 79/79/79 77/77/77
f 83/83/83 82/82/82 81/81/81
f 84/84/84 83/83/83 81/81/81
usemtl Book_Text_Mat
f 87/87/87 86/86/86 85/85/85
f 88/88/88 87/87/87 85/85/85
f 91/91/91 90/90/90 89/89/89
f 92/92/92 91/91/91 89/89/89
f 95/95/95 94/94/94 93/93/93
f 94/94/94 96/96/96 93/93/93
f 96/96/96 94/94/94 97/97/97
f 94/94/94 98/98/98 97/97/97
f 97/97/97 98/98/98 99/99/99
f 100/100/100 97/97/97 99/99/99
f 100/100/100 99/99/99 101/101/101
f 99/99/99 102/102/102 101/101/101
f 105/105/105 104/104/104 103/103/103
f 106/106/106 105/105/105 103/103/103
f 109/109/109 108/108/108 107/107/107
f 110/110/110 109/109/109 107/107/107
f 113/113/113 112/112/112 111/111/111
f 114/114/114 113/113/113 111/111/111
f 117/117/117 116/116/116 115/115/115
f 118/118/118 117/117/117 115/115/115
f 118/118/118 115/115/115 119/119/119
f 115/115/115 120/120/120 119/119/119
f 119/119/119 120/120/120 121/121/121
f 120/120/120 122/122/122 121/121/121
f 121/121/121 122/122/122 123/123/123
f 124/124/124 121/121/121 123/123/123
f 124/124/124 123/123/123 125/125/125
f 123/123/123 126/126/126 125/125/125
f 125/125/125 126/126/126 127/127/127
f 126/126/126 128/128/128 127/127/127
f 127/127/127 128/128/128 129/129/129
f 128/128/128 130/130/130 129/129/129
f 129/129/129 130/130/130 131/131/131
f 130/130/130 132/132/132 131/131/131
f 131/131/131 132/132/132 133/133/133
f 134/134/134 131/131/131 133/133/133
usemtl Book_Pages_1_Mat
f 137/137/137 136/136/136 135/135/135
f 140/140/140 139/139/139 138/138/138
f 143/143/143 142/142/142 141/141/141
f 146/146/146 145/145/145 144/144/144
f 149/149/149 148/148/148 147/147/147
f 152/152/152 151/151/151 150/150/150
f 155/155/155 154/154/154 153/153/153
f 156/156/156 155/155/155 153/153/153
f 159/159/159 158/158/158 157/157/157
f 160/160/160 159/159/159 157/157/157
f 161/161/161 159/159/159 160/160/160
f 162/162/162 161/161/161 160/160/160
f 162/162/162 160/160/160 163/163/163
f 160/160/160 157/157/157 164/164/164
f 160/160/160 164/164/164 163/163/163
f 157/157/157 165/165/165 164/164/164
f 163/163/163 164/164/164 166/166/166
f 164/164/164 165/165/165 167/167/167
f 164/164/164 167/167/167 166/166/166
f 165/165/165 168/168/168 167/167/167
f 167/167/167 168/168/168 169/169/169
f 166/166/166 167/167/167 170/170/170
f 170/170/170 167/167/167 169/169/169
f 171/171/171 166/166/166 170/170/170
f 171/171/171 170/170/170 172/172/172
f 170/170/170 169/169/169 173/173/173
f 170/170/170 173/173/173 172/172/172
f 169/169/169 174/174/174 173/173/173
f 172/172/172 173/173/173 175/175/175
f 173/173/173 174/174/174 176/176/176
f 173/173/173 176/176/176 175/175/175
f 174/174/174 177/177/177 176/176/176
f 175/175/175 176/176/176 178/178/178
f 176/176/176 177/177/177 179/179/179
f 176/176/176 179/179/179 178/178/178
f 177/177/177 180/180/180 179/179/179
f 178/178/178 179/179/179 181/181/181
f 179/179/179 180/180/180 182/182/182
f 179/179/179 182/182/182 181/181/181
f 180/180/180 183/183/183 182/182/182
f 182/182/182 183/183/183 184/184/184
f 185/185/185 182/182/182 184/184/184
f 181/181/181 182/182/182 185/185/185
f 186/186/186 181/181/181 185/185/185
f 189/189/189 188/188/188 187/187/187
f 190/190/190 189/189/189 187/187/187
f 193/193/193 192/192/192 191/191/191
f 194/194/194 193/193/193 191/191/191
f 195/195/195 193/193/193 194/194/194
f 196/196/196 195/195/195 194/194/194
f 196/196/196 194/194/194 197/197/197
f 194/194/194 191/191/191 198/198/198
f 194/194/194 198/198/198 197/197/197
f 191/191/191 199/199/199 198/198/198
f 197/197/197 198/198/198 200/200/200
f 198/198/198 199/199/199 201/201/201
f 198/198/198 201/201/201 200/200/200
f 199/199/199 202/202/202 201/201/201
f 201/201/201 202/202/202 203/203/203
f 200/200/200 201/201/201 204/204/204
f 204/204/204 201/201/201 203/203/203
f 205/205/205 200/200/200 204/204/204
f 205/205/205 204/204/204 206/206/206
f 204/204/204 203/203/203 207/207/207
f 204/204/204 207/207/207 206/206/206
f 203/203/203 208/208/208 207/207/207
f 206/206/206 207/207/207 209/209/209
f 207/207/207 208/208/208 210/210/210
f 207/207/207 210/210/210 209/209/209
f 208/208/208 211/211/211 210/210/210
f 209/209/209 210/210/210 212/212/212
f 210/210/210 211/211/211 213/213/213
f 210/210/210 213/213/213 212/212/212
f 211/211/211 214/214/214 213/213/213
f 212/212/212 213/213/213 215/215/215
f 213/213/213 214/214/214 216/216/216
f 213/213/213 216/216/216 215/215/215
f 214/214/214 217/217/217 216/216/216
f 216/216/216 217/217/217 218/218/218
f 219/219/219 216/216/216 218/218/218
f 215/215/215 216/216/216 219/219/219
f 220/220/220 215/215/215 219/219/219
f 223/223/223 222/222/222 221/221/221
f 224/224/224 223/223/223 221/221/221
f 227/227/227 226/226/226 225/225/225
f 228/228/228 227/227/227 225/225/225
f 229/229/229 227/227/227 228/228/228
f 230/230/230 229/229/229 228/228/228
f 230/230/230 228/228/228 231/231/231
f 228/228/228 225/225/225 232/232/232
f 228/228/228 232/232/232 231/231/231
f 225/225/225 233/233/233 232/232/232
f 231/231/231 232/232/232 234/234/234
f 232/232/232 233/233/233 235/235/235
f 232/232/232 235/235/235 234/234/234
f 233/233/233 236/236/236 235/235/235
f 235/235/235 236/236/236 237/237/237
f 234/234/234 235/235/235 238/238/238
f 238/238/238 235/235/235 237/237/237
f 239/239/239 234/234/234 238/238/238
f 239/239/239 238/238/238 240/240/240
f 238/238/238 237/237/237 241/241/241
f 238/238/238 241/241/241 240/240/240
f 237/237/237 242/242/242 241/241/241
f 240/240/240 241/241/241 243/243/243
f 241/241/241 242/242/242 244/244/244
f 241/241/241 244/244/244 243/243/243
f 242/242/242 245/245/245 244/244/244
f 243/243/243 244/244/244 246/246/246
f 244/244/244 245/245/245 247/247/247
f 244/244/244 247/247/247 246/246/246
f 245/245/245 248/248/248 247/247/247
f 246/246/246 247/247/247 249/249/249
f 247/247/247 248/248/248 250/250/250
f 247/247/247 250/250/250 249/249/249
f 248/248/248 251/251/251 250/250/250
f 250/250/250 251/251/251 252/252/252
f 253/253/253 250/250/250 252/252/252
f 249/249/249 250/250/250 253/253/253
f 254/254/254 249/249/249 253/253/253
f 257/257/257 256/256/256 255/255/255
f 258/258/258 257/257/257 255/255/255
f 261/261/261 260/260/260 259/259/259
f 262/262/262 261/261/261 259/259/259
f 263/263/263 261/261/261 262/262/262
f 264/264/264 263/263/263 262/262/262
f 264/264/264 262/262/262 265/265/265
f 262/262/262 259/259/259 266/266/266
f 262/262/262 266/266/266 265/265/265
f 259/259/259 267/267/267 266/266/266
f 265/265/265 266/266/266 268/268/268
f 266/266/266 267/267/267 269/269/269
f 266/266/266 269/269/269 268/268/268
f 267/267/267 270/270/270 269/269/269
f 269/269/269 270/270/270 271/271/271
f 268/268/268 269/269/269 272/272/272
f 272/272/272 269/269/269 271/271/271
f 273/273/273 268/268/268 272/272/272
f 273/273/273 272/272/272 274/274/274
f 272/272/272 271/271/271 275/275/275
f 272/272/272 275/275/275 274/274/274
f 271/271/271 276/276/276 275/275/275
f 274/274/274 275/275/275 277/277/277
f 275/275/275 276/276/276 278/278/278
f 275/275/275 278/278/278 277/277/277
f 276/276/276 279/279/279 278/278/278
f 277/277/277 278/278/278 280/280/280
f 278/278/278 279/279/279 281/281/281
f 278/278/278 281/281/281 280/280/280
f 279/279/279 282/282/282 281/281/281
f 280/280/280 281/281/281 283/283/283
f 281/281/281 282/282/282 284/284/284
f 281/281/281 284/284/284 283/283/283
f 282/282/282 285/285/285 284/284/284
f 284/284/284 285/285/285 286/286/286
f 287/287/287 284/284/284 286/286/286
f 283/283/283 284/284/284 287/287/287
f 288/288/288 283/283/283 287/287/287
f 291/291/291 290/290/290 289/289/289
f 292/292/292 291/291/291 289/289/289
f 295/295/295 294/294/294 293/293/293
f 296/296/296 295/295/295 293/293/293
f 299/299/299 298/298/298 297/297/297
f 300/300/300 299/299/299 297/297/297
f 303/303/303 302/302/302 301/301/301
f 304/304/304 303/303/303 301/301/301
f 305/305/305 303/303/303 304/304/304
f 306/306/306 305/305/305 304/304/304
f 306/306/306 304/304/304 307/307/307
f 304/304/304 301/301/301 308/308/308
f 304/304/304 308/308/308 307/307/307
f 301/301/301 309/309/309 308/308/308
f 307/307/307 308/308/308 310/310/310
f 308/308/308 309/309/309 311/311/311
f 308/308/308 311/311/311 310/310/310
f 309/309/309 312/312/312 311/311/311
f 311/311/311 312/312/312 313/313/313
f 310/310/310 311/311/311 314/314/314
f 314/314/314 311/311/311 313/313/313
f 315/315/315 310/310/310 314/314/314
f 315/315/315 314/314/314 316/316/316
f 314/314/314 313/313/313 317/317/317
f 314/314/314 317/317/317 316/316/316
f 313/313/313 318/318/318 317/317/317
f 316/316/316 317/317/317 319/319/319
f 317/317/317 318/318/318 320/320/320
f 317/317/317 320/320/320 319/319/319
f 318/318/318 321/321/321 320/320/320
f 319/319/319 320/320/320 322/322/322
f 320/320/320 321/321/321 323/323/323
f 320/320/320 323/323/323 322/322/322
f 321/321/321 324/324/324 323/323/323
f 322/322/322 323/323/323 325/325/325
f 323/323/323 324/324/324 326/326/326
f 323/323/323 326/326/326 325/325/325
f 324/324/324 327/327/327 326/326/326
f 326/326/326 327/327/327 328/328/328
f 329/329/329 326/326/326 328/328/328
f 325/325/325 326/326/326 329/329/329
f 330/330/330 325/325/325 329/329/329
f 333/333/333 332/332/332 331/331/331
f 334/334/334 333/333/333 331/331/331
f 337/337/337 336/336/336 335/335/335
f 338/338/338 337/337/337 335/335/335
f 341/341/341 340/340/340 339/339/339
f 342/342/342 341/341/341 339/339/339
f 345/345/345 344/344/344 343/343/343
f 346/346/346 345/345/345 343/343/343
f 347/347/347 345/345/345 346/346/346
f 348/348/348 347/347/347 346/346/346
f 348/348/348 346/346/346 349/349/349
f 346/346/346 343/343/343 350/350/350
f 346/346/346 350/350/350 349/349/349
f 343/343/343 351/351/351 350/350/350
f 349/349/349 350/350/350 352/352/352
f 350/350/350 351/351/351 353/353/353
f 350/350/350 353/353/353 352/352/352
f 351/351/351 354/354/354 353/353/353
f 353/353/353 354/354/354 355/355/355
f 352/352/352 353/353/353 356/356/356
f 356/356/356 353/353/353 355/355/355
f 357/357/357 352/352/352 356/356/356
f 357/357/357 356/356/356 358/358/358
f 356/356/356 355/355/355 359/359/359
f 356/356/356 359/359/359 358/358/358
f 355/355/355 360/360/360 359/359/359
f 358/358/358 359/359/359 361/361/361
f 359/359/359 360/360/360 362/362/362
f 359/359/359 362/362/362 361/361/361
f 360/360/360 363/363/363 362/362/362
f 361/361/361 362/362/362 364/364/364
f 362/362/362 363/363/363 365/365/365
f 362/362/362 365/365/365 364/364/364
f 363/363/363 366/366/366 365/365/365
f 364/364/364 365/365/365 367/367/367
f 365/365/365 366/366/366 368/368/368
f 365/365/365 368/368/368 367/367/367
f 366/366/366 369/369/369 368/368/368
f 368/368/368 369/369/369 370/370/370
f 371/371/371 368/368/368 370/370/370
f 367/367/367 368/368/368 371/371/371
f 372/372/372 367/367/367 371/371/371
f 375/375/375 374/374/374 373/373/373
f 376/376/376 375/375/375 373/373/373
f 379/379/379 378/378/378 377/377/377
f 380/380/380 379/379/379 377/377/377
f 383/383/383 382/382/382 381/381/381
f 384/384/384 383/383/383 381/381/381
f 385/385/385 383/383/383 384/384/384
f 386/386/386 385/385/385 384/384/384
f 389/389/389 388/388/388 387/387/387
f 388/388/388 390/390/390 387/387/387
f 388/388/388 391/391/391 390/390/390
f 394/394/394 393/393/393 392/392/392
f 394/394/394 395/395/395 393/393/393
f 396/396/396 395/395/395 394/394/394
f 397/397/397 396/396/396 394/394/394
f 397/397/397 394/394/394 398/398/398
f 399/399/399 397/397/397 398/398/398
f 399/399/399 398/398/398 400/400/400
f 401/401/401 399/399/399 400/400/400
f 396/396/396 402/402/402 395/395/395
f 402/402/402 403/403/403 395/395/395
f 402/402/402 404/404/404 403/403/403
f 395/395/395 405/405/405 393/393/393
f 395/395/395 403/403/403 405/405/405
f 404/404/404 406/406/406 403/403/403
f 404/404/404 407/407/407 406/406/406
f 403/403/403 408/408/408 405/405/405
f 403/403/403 406/406/406 408/408/408
f 407/407/407 409/409/409 406/406/406
f 407/407/407 410/410/410 409/409/409
f 406/406/406 411/411/411 408/408/408
f 406/406/406 409/409/409 411/411/411
f 410/410/410 412/412/412 409/409/409
f 410/410/410 413/413/413 412/412/412
f 409/409/409 414/414/414 411/411/411
f 409/409/409 412/412/412 414/414/414
f 413/413/413 415/415/415 412/412/412
f 413/413/413 416/416/416 415/415/415
f 416/416/416 417/417/417 415/415/415
f 415/415/415 417/417/417 418/418/418
f 412/412/412 415/415/415 419/419/419
f 412/412/412 419/419/419 414/414/414
f 415/415/415 418/418/418 419/419/419
f 405/405/405 408/408/408 420/420/420
f 408/408/408 421/421/421 420/420/420
f 408/408/408 411/411/411 421/421/421
f 405/405/405 420/420/420 422/422/422
f 411/411/411 423/423/423 421/421/421
f 411/411/411 414/414/414 423/423/423
f 393/393/393 405/405/405 422/422/422
f 414/414/414 424/424/424 423/423/423
f 414/414/414 419/419/419 424/424/424
f 393/393/393 422/422/422 425/425/425
f 419/419/419 426/426/426 424/424/424
f 419/419/419 418/418/418 426/426/426
f 427/427/427 393/393/393 425/425/425
f 427/427/427 425/425/425 428/428/428
f 429/429/429 427/427/427 428/428/428
f 418/418/418 430/430/430 426/426/426
f 418/418/418 431/431/431 430/430/430
f 431/431/431 432/432/432 430/430/430
f 435/435/435 434/434/434 433/433/433
f 436/436/436 435/435/435 433/433/433
f 439/439/439 438/438/438 437/437/437
f 439/439/439 440/440/440 438/438/438
f 440/440/440 441/441/441 438/438/438
f 440/440/440 442/442/442 441/441/441
f 442/442/442 443/443/443 441/441/441
f 442/442/442 444/444/444 443/443/443
f 444/444/444 445/445/445 443/443/443
f 444/444/444 446/446/446 445/445/445
f 446/446/446 447/447/447 445/445/445
f 446/446/446 448/448/448 447/447/447
f 448/448/448 449/449/449 447/447/447
f 448/448/448 450/450/450 449/449/449
f 450/450/450 451/451/451 449/449/449
f 450/450/450 452/452/452 451/451/451
f 452/452/452 453/453/453 451/451/451
f 456/456/456 455/455/455 454/454/454
f 456/456/456 454/454/454 457/457/457
f 458/458/458 456/456/456 457/457/457
f 461/461/461 460/460/460 459/459/459
f 462/462/462 461/461/461 459/459/459
f 465/465/465 464/464/464 463/463/463
f 464/464/464 466/466/466 463/463/463
f 464/464/464 467/467/467 466/466/466
f 467/467/467 468/468/468 466/466/466
f 467/467/467 469/469/469 468/468/468
f 469/469/469 470/470/470 468/468/468
f 469/469/469 471/471/471 470/470/470
f 471/471/471 472/472/472 470/470/470
f 471/471/471 473/473/473 472/472/472
f 473/473/473 474/474/474 472/472/472
f 473/473/473 475/475/475 474/474/474
f 475/475/475 476/476/476 474/474/474
f 475/475/475 477/477/477 476/476/476
f 477/477/477 478/478/478 476/476/476
f 477/477/477 479/479/479 478/478/478
f 479/479/479 480/480/480 478/478/478
f 479/479/479 481/481/481 480/480/480
f 481/481/481 482/482/482 480/480/480
f 485/485/485 484/484/484 483/483/483
f 486/486/486 485/485/485 483/483/483
f 489/489/489 488/488/488 487/487/487
f 488/488/488 490/490/490 487/487/487
f 488/488/488 491/491/491 490/490/490
f 491/491/491 492/492/492 490/490/490
f 491/491/491 493/493/493 492/492/492
f 493/493/493 494/494/494 492/492/492
f 493/493/493 495/495/495 494/494/494
f 495/495/495 496/496/496 494/494/494
f 495/495/495 497/497/497 496/496/496
f 497/497/497 498/498/498 496/496/496
f 497/497/497 499/499/499 498/498/498
f 499/499/499 500/500/500 498/498/498
f 499/499/499 501/501/501 500/500/500
f 501/501/501 502/502/502 500/500/500
f 501/501/501 503/503/503 502/502/502
f 503/503/503 504/504/504 502/502/502
f 503/503/503 505/505/505 504/504/504
f 505/505/505 506/506/506 504/504/504
f 509/509/509 508/508/508 507/507/507
f 510/510/510 509/509/509 507/507/507
f 513/513/513 512/512/512 511/511/511
f 512/512/512 514/514/514 511/511/511
f 512/512/512 515/515/515 514/514/514
f 515/515/515 516/516/516 514/514/514
f 515/515/515 517/517/517 516/516/516
f 517/517/517 518/518/518 516/516/516
f 517/517/517 519/519/519 518/518/518
f 519/519/519 520/520/520 518/518/518
f 519/519/519 521/521/521 520/520/520
f 521/521/521 522/522/522 520/520/520
f 521/521/521 523/523/523 522/522/522
f 523/523/523 524/524/524 522/522/522
f 523/523/523 525/525/525 524/524/524
f 525/525/525 526/526/526 524/524/524
f 525/525/525 527/527/527 526/526/526
f 527/527/527 528/528/528 526/526/526
f 527/527/527 529/529/529 528/528/528
f 529/529/529 530/530/530 528/528/528
f 533/533/533 532/532/532 531/531/531
f 534/534/534 533/533/533 531/531/531
f 537/537/537 536/536/536 535/535/535
f 536/536/536 538/538/538 535/535/535
f 536/536/536 539/539/539 538/538/538
f 539/539/539 540/540/540 538/538/538
f 538/538/538 540/540/540 541/541/541
f 535/535/535 538/538/538 542/542/542
f 542/542/542 538/538/538 541/541/541
f 543/543/543 535/535/535 542/542/542
f 542/542/542 541/541/541 544/544/544
f 543/543/543 542/542/542 545/545/545
f 545/545/545 542/542/542 544/544/544
f 546/546/546 543/543/543 545/545/545
f 546/546/546 545/545/545 547/547/547
f 545/545/545 544/544/544 548/548/548
f 545/545/545 548/548/548 547/547/547
f 544/544/544 549/549/549 548/548/548
f 548/548/548 549/549/549 550/550/550
f 547/547/547 548/548/548 551/551/551
f 551/551/551 548/548/548 550/550/550
f 552/552/552 547/547/547 551/551/551
f 551/551/551 550/550/550 553/553/553
f 552/552/552 551/551/551 554/554/554
f 554/554/554 551/551/551 553/553/553
f 555/555/555 552/552/552 554/554/554
f 554/554/554 553/553/553 556/556/556
f 555/555/555 554/554/554 557/557/557
f 557/557/557 554/554/554 556/556/556
f 558/558/558 555/555/555 557/557/557
f 557/557/557 556/556/556 559/559/559
f 558/558/558 557/557/557 560/560/560
f 560/560/560 557/557/557 559/559/559
f 561/561/561 558/558/558 560/560/560
f 561/561/561 560/560/560 562/562/562
f 560/560/560 563/563/563 562/562/562
f 560/560/560 559/559/559 563/563/563
f 559/559/559 564/564/564 563/563/563
f 567/567/567 566/566/566 565/565/565
f 566/566/566 568/568/568 565/565/565
f 566/566/566 569/569/569 568/568/568
f 569/569/569 570/570/570 568/568/568
f 568/568/568 570/570/570 571/571/571
f 565/565/565 568/568/568 572/572/572
f 572/572/572 568/568/568 571/571/571
f 573/573/573 565/565/565 572/572/572
f 572/572/572 571/571/571 574/574/574
f 573/573/573 572/572/572 575/575/575
f 575/575/575 572/572/572 574/574/574
f 576/576/576 573/573/573 575/575/575
f 576/576/576 575/575/575 577/577/577
f 575/575/575 574/574/574 578/578/578
f 575/575/575 578/578/578 577/577/577
f 574/574/574 579/579/579 578/578/578
f 578/578/578 579/579/579 580/580/580
f 577/577/577 578/578/578 581/581/581
f 581/581/581 578/578/578 580/580/580
f 582/582/582 577/577/577 581/581/581
f 581/581/581 580/580/580 583/583/583
f 582/582/582 581/581/581 584/584/584
f 584/584/584 581/581/581 583/583/583
f 585/585/585 582/582/582 584/584/584
f 584/584/584 583/583/583 586/586/586
f 585/585/585 584/584/584 587/587/587
f 587/587/587 584/584/584 586/586/586
f 588/588/588 585/585/585 587/587/587
f 587/587/587 586/586/586 589/589/589
f 588/588/588 587/587/587 590/590/590
f 590/590/590 587/587/587 589/589/589
f 591/591/591 588/588/588 590/590/590
f 591/591/591 590/590/590 592/592/592
f 590/590/590 593/593/593 592/592/592
f 590/590/590 589/589/589 593/593/593
f 589/589/589 594/594/594 593/593/593
f 597/597/597 596/596/596 595/595/595
f 596/596/596 598/598/598 595/595/595
f 596/596/596 599/599/599 598/598/598
f 599/599/599 600/600/600 598/598/598
f 598/598/598 600/600/600 601/601/601
f 595/595/595 598/598/598 602/602/602
f 602/602/602 598/598/598 601/601/601
f 603/603/603 595/595/595 602/602/602
f 602/602/602 601/601/601 604/604/604
f 603/603/603 602/602/602 605/605/605
f 605/605/605 602/602/602 604/604/604
f 606/606/606 603/603/603 605/605/605
f 606/606/606 605/605/605 607/607/607
f 605/605/605 604/604/604 608/608/608
f 605/605/605 608/608/608 607/607/607
f 604/604/604 609/609/609 608/608/608
f 608/608/608 609/609/609 610/610/610
f 607/607/607 608/608/608 611/611/611
f 611/611/611 608/608/608 610/610/610
f 612/612/612 607/607/607 611/611/611
f 611/611/611 610/610/610 613/613/613
f 612/612/612 611/611/611 614/614/614
f 614/614/614 611/611/611 613/613/613
f 615/615/615 612/612/612 614/614/614
f 614/614/614 613/613/613 616/616/616
f 615/615/615 614/614/614 617/617/617
f 617/617/617 614/614/614 616/616/616
f 618/618/618 615/615/615 617/617/617
f 617/617/617 616/616/616 619/619/619
f 618/618/618 617/617/617 620/620/620
f 620/620/620 617/617/617 619/619/619
f 621/621/621 618/618/618 620/620/620
f 621/621/621 620/620/620 622/622/622
f 620/620/620 623/623/623 622/622/622
f 620/620/620 619/619/619 623/623/623
f 619/619/619 624/624/624 623/623/623
f 627/627/627 626/626/626 625/625/625
f 626/626/626 628/628/628 625/625/625
f 626/626/626 629/629/629 628/628/628
f 629/629/629 630/630/630 628/628/628
f 628/628/628 630/630/630 631/631/631
f 625/625/625 628/628/628 632/632/632
f 632/632/632 628/628/628 631/631/631
f 633/633/633 625/625/625 632/632/632
f 632/632/632 631/631/631 634/634/634
f 633/633/633 632/632/632 635/635/635
f 635/635/635 632/632/632 634/634/634
f 636/636/636 633/633/633 635/635/635
f 636/636/636 635/635/635 637/637/637
f 635/635/635 634/634/634 638/638/638
f 635/635/635 638/638/638 637/637/637
f 634/634/634 639/639/639 638/638/638
f 638/638/638 639/639/639 640/640/640
f 637/637/637 638/638/638 641/641/641
f 641/641/641 638/638/638 640/640/640
f 642/642/642 637/637/637 641/641/641
f 641/641/641 640/640/640 643/643/643
f 642/642/642 641/641/641 644/644/644
f 644/644/644 641/641/641 643/643/643
f 645/645/645 642/642/642 644/644/644
f 644/644/644 643/643/643 646/646/646
f 645/645/645 644/644/644 647/647/647
f 647/647/647 644/644/644 646/646/646
f 648/648/648 645/645/645 647/647/647
f 647/647/647 646/646/646 649/649/649
f 648/648/648 647/647/647 650/650/650
f 650/650/650 647/647/647 649/649/649
f 651/651/651 648/648/648 650/650/650
f 651/651/651 650/650/650 652/652/652
f 650/650/650 653/653/653 652/652/652
f 650/650/650 649/649/649 653/653/653
f 649/649/649 654/654/654 653/653/653
f 657/657/657 656/656/656 655/655/655
f 656/656/656 658/658/658 655/655/655
f 656/656/656 659/659/659 658/658/658
f 659/659/659 660/660/660 658/658/658
f 658/658/658 660/660/660 661/661/661
f 655/655/655 658/658/658 662/662/662
f 662/662/662 658/658/658 661/661/661
f 663/663/663 655/655/655 662/662/662
f 662/662/662 661/661/661 664/664/664
f 663/663/663 662/662/662 665/665/665
f 665/665/665 662/662/662 664/664/664
f 666/666/666 663/663/663 665/665/665
f 666/666/666 665/665/665 667/667/667
f 665/665/665 664/664/664 668/668/668
f 665/665/665 668/668/668 667/667/667
f 664/664/664 669/669/669 668/668/668
f 668/668/668 669/669/669 670/670/670
f 667/667/667 668/668/668 671/671/671
f 671/671/671 668/668/668 670/670/670
f 672/672/672 667/667/667 671/671/671
f 671/671/671 670/670/670 673/673/673
f 672/672/672 671/671/671 674/674/674
f 674/674/674 671/671/671 673/673/673
f 675/675/675 672/672/672 674/674/674
f 674/674/674 673/673/673 676/676/676
f 675/675/675 674/674/674 677/677/677
f 677/677/677 674/674/674 676/676/676
f 678/678/678 675/675/675 677/677/677
f 677/677/677 676/676/676 679/679/679
f 678/678/678 677/677/677 680/680/680
f 680/680/680 677/677/677 679/679/679
f 681/681/681 678/678/678 680/680/680
f 681/681/681 680/680/680 682/682/682
f 680/680/680 683/683/683 682/682/682
f 680/680/680 679/679/679 683/683/683
f 679/679/679 684/684/684 683/683/683
f 687/687/687 686/686/686 685/685/685
f 686/686/686 688/688/688 685/685/685
f 686/686/686 689/689/689 688/688/688
f 689/689/689 690/690/690 688/688/688
f 688/688/688 690/690/690 691/691/691
f 685/685/685 688/688/688 692/692/692
f 692/692/692 688/688/688 691/691/691
f 693/693/693 685/685/685 692/692/692
f 692/692/692 691/691/691 694/694/694
f 693/693/693 692/692/692 695/695/695
f 695/695/695 692/692/692 694/694/694
f 696/696/696 693/693/693 695/695/695
f 696/696/696 695/695/695 697/697/697
f 695/695/695 694/694/694 698/698/698
f 695/695/695 698/698/698 697/697/697
f 694/694/694 699/699/699 698/698/698
f 698/698/698 699/699/699 700/700/700
f 697/697/697 698/698/698 701/701/701
f 701/701/701 698/698/698 700/700/700
f 702/702/702 697/697/697 701/701/701
f 701/701/701 700/700/700 703/703/703
f 702/702/702 701/701/701 704/704/704
f 704/704/704 701/701/701 703/703/703
f 705/705/705 702/702/702 704/704/704
f 704/704/704 703/703/703 706/706/706
f 705/705/705 704/704/704 707/707/707
f 707/707/707 704/704/704 706/706/706
f 708/708/708 705/705/705 707/707/707
f 707/707/707 706/706/706 709/709/709
f 708/708/708 707/707/707 710/710/710
f 710/710/710 707/707/707 709/709/709
f 711/711/711 708/708/708 710/710/710
f 711/711/711 710/710/710 712/712/712
f 710/710/710 713/713/713 712/712/712
f 710/710/710 709/709/709 713/713/713
f 709/709/709 714/714/714 713/713/713
f 717/717/717 716/716/716 715/715/715
f 718/718/718 717/717/717 715/715/715
f 719/719/719 717/717/717 718/718/718
f 720/720/720 719/719/719 718/718/718
f 721/721/721 719/719/719 720/720/720
f 722/722/722 721/721/721 720/720/720
f 723/723/723 721/721/721 722/722/722
f 724/724/724 723/723/723 722/722/722
f 725/725/725 723/723/723 724/724/724
f 726/726/726 725/725/725 724/724/724
f 727/727/727 725/725/725 726/726/726
f 728/728/728 727/727/727 726/726/726
f 729/729/729 727/727/727 728/728/728
f 730/730/730 729/729/729 728/728/728
f 731/731/731 729/729/729 730/730/730
f 732/732/732 731/731/731 730/730/730
f 733/733/733 731/731/731 732/732/732
f 734/734/734 733/733/733 732/732/732
f 733/733/733 735/735/735 731/731/731
f 735/735/735 736/736/736 731/731/731
f 731/731/731 736/736/736 729/729/729
f 729/729/729 737/737/737 727/727/727
f 736/736/736 737/737/737 729/729/729
f 727/727/727 738/738/738 725/725/725
f 737/737/737 738/738/738 727/727/727
f 736/736/736 739/739/739 737/737/737
f 740/740/740 739/739/739 736/736/736
f 739/739/739 741/741/741 737/737/737
f 737/737/737 741/741/741 738/738/738
f 741/741/741 742/742/742 738/738/738
f 738/738/738 743/743/743 725/725/725
f 738/738/738 742/742/742 743/743/743
f 725/725/725 743/743/743 723/723/723
f 742/742/742 744/744/744 743/743/743
f 743/743/743 745/745/745 723/723/723
f 743/743/743 744/744/744 745/745/745
f 723/723/723 745/745/745 721/721/721
f 744/744/744 746/746/746 745/745/745
f 745/745/745 747/747/747 721/721/721
f 745/745/745 746/746/746 747/747/747
f 721/721/721 747/747/747 719/719/719
f 746/746/746 748/748/748 747/747/747
f 747/747/747 749/749/749 719/719/719
f 747/747/747 748/748/748 749/749/749
f 719/719/719 749/749/749 750/750/750
f 748/748/748 751/751/751 749/749/749
f 749/749/749 752/752/752 750/750/750
f 749/749/749 751/751/751 752/752/752
f 750/750/750 752/752/752 753/753/753
f 751/751/751 754/754/754 752/752/752
f 752/752/752 755/755/755 753/753/753
f 752/752/752 754/754/754 755/755/755
f 754/754/754 756/756/756 755/755/755
f 759/759/759 758/758/758 757/757/757
f 760/760/760 759/759/759 757/757/757
f 761/761/761 759/759/759 760/760/760
f 762/762/762 761/761/761 760/760/760
f 763/763/763 761/761/761 762/762/762
f 764/764/764 763/763/763 762/762/762
f 765/765/765 763/763/763 764/764/764
f 766/766/766 765/765/765 764/764/764
f 767/767/767 765/765/765 766/766/766
f 768/768/768 767/767/767 766/766/766
f 769/769/769 767/767/767 768/768/768
f 770/770/770 769/769/769 768/768/768
f 771/771/771 769/769/769 770/770/770
f 774/774/774 773/773/773 772/772/772
f 773/773/773 775/775/775 772/772/772
f 772/772/772 775/775/775 776/776/776
f 775/775/775 777/777/777 776/776/776
f 780/780/780 779/779/779 778/778/778
f 781/781/781 780/780/780 778/778/778
f 782/782/782 780/780/780 781/781/781
f 783/783/783 782/782/782 781/781/781
f 784/784/784 782/782/782 783/783/783
f 785/785/785 784/784/784 783/783/783
f 786/786/786 784/784/784 785/785/785
f 787/787/787 786/786/786 785/785/785
f 788/788/788 786/786/786 787/787/787
f 789/789/789 788/788/788 787/787/787
f 790/790/790 788/788/788 789/789/789
f 791/791/791 790/790/790 789/789/789
f 792/792/792 790/790/790 791/791/791
f 793/793/793 792/792/792 791/791/791
f 794/794/794 792/792/792 793/793/793
f 795/795/795 794/794/794 793/793/793
f 796/796/796 794/794/794 795/795/795
f 799/799/799 798/798/798 797/797/797
f 800/800/800 799/799/799 797/797/797
f 801/801/801 799/799/799 800/800/800
f 802/802/802 801/801/801 800/800/800
f 803/803/803 801/801/801 802/802/802
f 804/804/804 803/803/803 802/802/802
f 805/805/805 803/803/803 804/804/804
f 806/806/806 805/805/805 804/804/804
f 807/807/807 805/805/805 806/806/806
f 808/808/808 807/807/807 806/806/806
f 809/809/809 807/807/807 808/808/808
f 810/810/810 809/809/809 808/808/808
f 811/811/811 809/809/809 810/810/810
f 812/812/812 811/811/811 810/810/810
f 813/813/813 811/811/811 812/812/812
f 814/814/814 813/813/813 812/812/812
f 815/815/815 813/813/813 814/814/814
f 818/818/818 817/817/817 816/816/816
f 819/819/819 818/818/818 816/816/816
f 820/820/820 818/818/818 819/819/819
f 821/821/821 820/820/820 819/819/819
f 822/822/822 820/820/820 821/821/821
f 823/823/823 822/822/822 821/821/821
f 824/824/824 822/822/822 823/823/823
f 825/825/825 824/824/824 823/823/823
f 826/826/826 824/824/824 825/825/825
f 827/827/827 826/826/826 825/825/825
f 828/828/828 826/826/826 827/827/827
f 829/829/829 828/828/828 827/827/827
f 830/830/830 828/828/828 829/829/829
f 831/831/831 830/830/830 829/829/829
f 832/832/832 830/830/830 831/831/831
f 833/833/833 832/832/832 831/831/831
f 834/834/834 832/832/832 833/833/833
