mtllib Book_1.mtl
v 0.01787622 -0.001910468 0.1595456
v -6.172514E-05 -0.002442213 0.1574153
v -6.172514E-05 -0.001910468 0.1595456
v 0.0204208 -0.01496216 0.1574153
v -6.172514E-05 -0.003624042 0.1595456
v -6.172514E-05 -0.003387674 0.1574153
v 0.01787628 -0.0124109 0.1595456
v -6.172514E-05 -0.003387674 0.1574153
v -6.170607E-05 -0.003151308 0.1595456
v 0.02042082 -0.009859638 0.1574153
v -6.170607E-05 -0.003151308 0.1595456
v -6.170607E-05 -0.002914942 0.1574153
v 0.01787622 -0.007308371 0.1595456
v -6.170607E-05 -0.002914942 0.1574153
v -6.170607E-05 -0.002678578 0.1595456
v 0.0204208 -0.004757114 0.1574153
v -6.170607E-05 -0.002678578 0.1595456
v -6.172514E-05 -0.002442213 0.1574153
v 0.01787622 -0.001910468 -0.1595456
v -6.172514E-05 -0.001910468 -0.1595456
v -6.172514E-05 -0.002442213 -0.1574153
v 0.0204208 -0.01496216 -0.1574153
v -6.172514E-05 -0.003387674 -0.1574153
v -6.172514E-05 -0.003624042 -0.1595456
v 0.0204208 -0.004757114 -0.1574153
v -6.172514E-05 -0.002442213 -0.1574153
v -6.170607E-05 -0.002678578 -0.1595456
v 0.4218095 0.01844485 0.1620817
v 0.419585 0.02071182 0.1612791
v 0.419585 0.02071182 -0.1612791
v 0.4218095 0.01844485 -0.1620817
v 0.2837488 0.01844484 0.1620817
v 0.419585 0.02071182 0.1612791
v 0.4218095 0.01844485 0.1620817
v 0.2826236 0.02071183 0.1612791
v 0.4230865 0.02297879 0.1620817
v 0.2853157 0.02297879 0.1620817
v 0.2393921 0.02297879 0.1620817
v 0.2369698 0.02071182 0.1612791
v 0.2377286 0.01844484 0.1620817
v 0.1934685 0.02297879 0.1620817
v 0.191316 0.02071182 0.1612791
v 0.1917084 0.01844485 0.1620817
v 0.1456882 0.01844485 0.1620817
v 0.1456623 0.02071182 0.1612791
v 0.1475449 0.02297879 0.1620817
v 0.1131022 0.02297879 0.1620817
v 0.1114108 0.02071183 0.1612791
v 0.1111137 0.01844485 0.1620817
v 0.07865951 0.02297879 0.1620817
v 0.07715934 0.02071182 0.1612791
v 0.07653914 0.01844485 0.1620817
v 0.04421672 0.02297879 0.1620817
v 0.04290794 0.02071183 0.1612791
v 0.04196464 0.01844485 0.1620817
v 0.02699541 0.02297879 0.1620817
v 0.0257822 0.02071182 0.1612791
v 0.02467735 0.01844485 0.1620817
v 0.007390095 0.01844485 0.1620817
v 0.008656478 0.02071182 0.1612791
v 0.00977409 0.02297879 0.1620817
v 0.4192463 0.008851091 0.1620817
v 0.4169368 0.01164394 0.1612791
v 0.4169368 0.01164394 -0.1612791
v 0.4192463 0.008851091 -0.1620817
v 0.2814443 0.008851091 0.1620817
v 0.4169368 0.01164394 0.1612791
v 0.4192463 0.008851091 0.1620817
v 0.2800536 0.01164394 0.1612791
v 0.4204598 0.01391089 0.1620817
v 0.2825512 0.0139109 0.1620817
v 0.2365817 0.0139109 0.1620817
v 0.2344258 0.01164394 0.1612791
v 0.2355103 0.008851091 0.1620817
v 0.1906121 0.0139109 0.1620817
v 0.1887981 0.01164394 0.1612791
v 0.1895763 0.008851091 0.1620817
v 0.1436423 0.008851081 0.1620817
v 0.1431703 0.01164394 0.1612791
v 0.1446426 0.01391091 0.1620817
v 0.1097776 0.01391091 0.1620817
v 0.1084024 0.01164394 0.1612791
v 0.1084484 0.008851081 0.1620817
v 0.07491267 0.01391091 0.1620817
v 0.07363445 0.01164394 0.1612791
v 0.07325447 0.008851081 0.1620817
v 0.04004772 0.01391091 0.1620817
v 0.03886653 0.01164394 0.1612791
v 0.03806045 0.008851081 0.1620817
v 0.02261524 0.01391091 0.1620817
v 0.02148256 0.01164394 0.1612791
v 0.0204635 0.008851081 0.1620817
v 0.00286657 0.008851081 0.1620817
v 0.004098564 0.01164394 0.1612791
v 0.005182797 0.01391091 0.1620817
v 0.4186134 -7.445641E-07 0.1620817
v 0.4157395 0.002576055 0.1612791
v 0.4157028 0.002576057 -0.1612791
v 0.4186134 -7.445641E-07 -0.1620817
v 0.2806914 -7.445641E-07 0.1611904
v 0.4157395 0.002576055 0.1612791
v 0.4186134 -7.445641E-07 0.1620817
v 0.2788582 0.002576062 0.1612791
v 0.4187406 0.004843046 0.1620817
v 0.2809417 0.004843039 0.1620817
v 0.2350087 0.004670007 0.1620817
v 0.2332311 0.002576062 0.1612791
v 0.2347174 -0.001020589 0.1611904
v 0.1890758 0.00481914 0.1620817
v 0.187604 0.002576062 0.1612791
v 0.1887434 -0.0008506376 0.1611904
v 0.1427694 -7.469483E-07 0.1611904
v 0.1419769 0.002576064 0.1612791
v 0.1431427 0.004843039 0.1620817
v 0.1077008 0.004843039 0.1620817
v 0.1066525 0.002576062 0.1612791
v 0.1071177 -7.469483E-07 0.1611904
v 0.07225891 0.004843039 0.1620817
v 0.0713281 0.002576062 0.1612791
v 0.07146586 -7.493325E-07 0.1611904
v 0.03681694 0.004843039 0.1620817
v 0.03600365 0.002576064 0.1612791
v 0.03581417 -7.445641E-07 0.1611904
v 0.01909603 0.004843039 0.1620817
v 0.01834144 0.002576069 0.1612791
v 0.01798831 -7.469483E-07 0.1611904
v 0.0001624455 -7.493325E-07 0.1611904
v 0.0006792416 0.002576067 0.1612791
v 0.001375023 0.004843039 0.1620817
v 0.4207256 0.02524576 0.1612791
v 0.4239939 0.02751272 0.1620817
v 0.4239939 0.02751272 -0.1620817
v 0.4207256 0.02524576 -0.1612791
v 0.2853157 0.02297879 0.1620817
v 0.4207256 0.02524576 0.1612791
v 0.4230865 0.02297879 0.1620817
v 0.2840995 0.02524576 0.1612791
v 0.4239939 0.02751272 0.1620817
v 0.2866361 0.02751272 0.1620817
v 0.2408502 0.02751272 0.1620817
v 0.2385575 0.02524576 0.1612791
v 0.2393921 0.02297879 0.1620817
v 0.1950643 0.02751272 0.1620817
v 0.1930155 0.02524576 0.1612791
v 0.1934685 0.02297879 0.1620817
v 0.1475449 0.02297879 0.1620817
v 0.1474734 0.02524576 0.1612791
v 0.1492783 0.02751273 0.1620817
v 0.1149389 0.02751273 0.1620817
v 0.113317 0.02524576 0.1612791
v 0.1131022 0.02297879 0.1620817
v 0.08059949 0.02751273 0.1620817
v 0.07916048 0.02524576 0.1612791
v 0.07865951 0.02297879 0.1620817
v 0.04626001 0.02751274 0.1620817
v 0.04500386 0.02524576 0.1612791
v 0.04421672 0.02297879 0.1620817
v 0.02909032 0.02751274 0.1620817
v 0.02792562 0.02524576 0.1612791
v 0.02699541 0.02297879 0.1620817
v 0.00977409 0.02297879 0.1620817
v 0.01084736 0.02524576 0.1612791
v 0.01192062 0.02751273 0.1620817
v 0.4230865 0.02297879 0.1620817
v 0.4207256 0.02524576 0.1612791
v 0.4207256 0.02524576 -0.1612791
v 0.4230865 0.02297879 -0.1620817
v 0.419585 0.02071182 0.1612791
v 0.4230865 0.02297879 0.1620817
v 0.4230865 0.02297879 -0.1620817
v 0.419585 0.02071182 -0.1612791
v 0.4180537 0.01565199 0.1612791
v 0.4218095 0.01844485 0.1620817
v 0.4218095 0.01844485 -0.1620817
v 0.4180537 0.01565199 -0.1612791
v 0.2825512 0.0139109 0.1620817
v 0.4180537 0.01565199 0.1612791
v 0.4204598 0.01391089 0.1620817
v 0.2810961 0.01565199 0.1612791
v 0.4218095 0.01844485 0.1620817
v 0.2837488 0.01844484 0.1620817
v 0.2377286 0.01844484 0.1620817
v 0.2354435 0.01565199 0.1612791
v 0.2365817 0.0139109 0.1620817
v 0.1917084 0.01844485 0.1620817
v 0.189791 0.01565198 0.1612791
v 0.1906121 0.0139109 0.1620817
v 0.1446426 0.01391091 0.1620817
v 0.1441384 0.01565198 0.1612791
v 0.1456882 0.01844485 0.1620817
v 0.1111137 0.01844485 0.1620817
v 0.1096134 0.01565198 0.1612791
v 0.1097776 0.01391091 0.1620817
v 0.07653914 0.01844485 0.1620817
v 0.0750884 0.01565198 0.1612791
v 0.07491267 0.01391091 0.1620817
v 0.04196464 0.01844485 0.1620817
v 0.04056331 0.01565198 0.1612791
v 0.04004772 0.01391091 0.1620817
v 0.02467735 0.01844485 0.1620817
v 0.0233008 0.01565198 0.1612791
v 0.02261524 0.01391091 0.1620817
v 0.005182797 0.01391091 0.1620817
v 0.006038319 0.01565198 0.1612791
v 0.007390095 0.01844485 0.1620817
v 0.4204598 0.01391089 0.1620817
v 0.4180537 0.01565199 0.1612791
v 0.4180537 0.01565199 -0.1612791
v 0.4204598 0.01391089 -0.1620817
v 0.4169368 0.01164394 0.1612791
v 0.4204598 0.01391089 0.1620817
v 0.4204598 0.01391089 -0.1620817
v 0.4169368 0.01164394 -0.1612791
v 0.4160412 0.007109989 0.1612791
v 0.4192463 0.008851091 0.1620817
v 0.4192463 0.008851091 -0.1620817
v 0.4160412 0.007109989 -0.1612791
v 0.2809417 0.004843039 0.1620817
v 0.4160412 0.007109989 0.1612791
v 0.4187406 0.004843046 0.1620817
v 0.2792248 0.007109989 0.1612791
v 0.4192463 0.008851091 0.1620817
v 0.2814443 0.008851091 0.1620817
v 0.2355103 0.008851091 0.1620817
v 0.2336193 0.007095036 0.1612791
v 0.2350087 0.004670007 0.1620817
v 0.1895763 0.008851091 0.1620817
v 0.188014 0.007109989 0.1612791
v 0.1890758 0.00481914 0.1620817
v 0.1431427 0.004843039 0.1620817
v 0.1424085 0.007109996 0.1612791
v 0.1436423 0.008851081 0.1620817
v 0.1084484 0.008851081 0.1620817
v 0.1073527 0.007109996 0.1612791
v 0.1077008 0.004843039 0.1620817
v 0.07325447 0.008851081 0.1620817
v 0.07229704 0.007109996 0.1612791
v 0.07225891 0.004843039 0.1620817
v 0.03806045 0.008851081 0.1620817
v 0.03724121 0.007109999 0.1612791
v 0.03681694 0.004843039 0.1620817
v 0.0204635 0.008851081 0.1620817
v 0.01971334 0.007109999 0.1612791
v 0.01909603 0.004843039 0.1620817
v 0.001375023 0.004843039 0.1620817
v 0.002185437 0.007110009 0.1612791
v 0.00286657 0.008851081 0.1620817
v 0.4187406 0.004843046 0.1620817
v 0.4160412 0.007109989 0.1612791
v 0.4160412 0.007109989 -0.1612791
v 0.4187406 0.004843046 -0.1620817
v 0.4157395 0.002576055 0.1612791
v 0.4187406 0.004843046 0.1620817
v 0.4187406 0.004843046 -0.1620817
v 0.4157028 0.002576057 -0.1612791
v 0.4127556 -0.001910468 -0.1595456
v 0.4132284 -0.002948588 0.1574153
v 0.4127556 -0.001910468 0.1595456
v 0.4132284 -0.002948588 -0.1574153
v 0.4160126 -0.003691333 0.1595456
v 0.4160126 -0.003691333 -0.1595456
v 0.4127556 -0.001910468 0.1595456
v 0.4132284 -0.002948588 0.1574153
v 0.2797268 -0.002948583 0.1574153
v 0.2806914 -0.001910468 0.1595456
v 0.2343667 -0.005154236 0.1574153
v 0.01787622 -0.001910468 0.1595456
v 0.0204208 -0.004757114 0.1574153
v -6.172514E-05 -0.002442213 0.1574153
v 0.03581417 -0.001910468 0.1595456
v 0.03581417 -7.445641E-07 0.1611904
v 0.01798831 -7.469483E-07 0.1611904
v -6.172514E-05 -0.001910468 0.1595456
v 0.0001624455 -7.493325E-07 0.1611904
v 0.07146586 -7.493325E-07 0.1611904
v 0.07146586 -0.001910468 0.1595456
v 0.1071177 -7.469483E-07 0.1611904
v 0.03811931 -0.005753296 0.1574153
v 0.1071176 -0.001910468 0.1595456
v 0.1427694 -7.469483E-07 0.1611904
v 0.01787622 -0.007308371 0.1595456
v -6.170607E-05 -0.002678578 0.1595456
v 0.03581417 -0.009300745 0.1595456
v 0.07329494 -0.006695407 0.1574153
v 0.07146586 -0.01118497 0.1595456
v 0.1084706 -0.006846467 0.1574153
v 0.1071177 -0.01148708 0.1595456
v 0.1427694 -0.001910468 0.1595456
v 0.1887434 -0.0008506376 0.1611904
v 0.1436464 -0.006204944 0.1574153
v 0.1427694 -0.01039183 0.1595456
v 0.1887434 -0.001910468 0.1595456
v 0.2347174 -0.001020589 0.1611904
v 0.1890065 -0.005743552 0.1574153
v 0.1887434 -0.008765412 0.1595456
v 0.2343667 -0.005154236 0.1574153
v 0.2347174 -0.001910468 0.1595456
v 0.2806914 -0.001910468 0.1595456
v 0.2806914 -7.445641E-07 0.1611904
v 0.2806914 -0.001910468 0.1595456
v 0.4186134 -7.445641E-07 0.1620817
v 0.4127556 -0.001910468 0.1595456
v 0.4186134 -7.445641E-07 -0.1620817
v 0.4127556 -0.001910468 -0.1595456
v 0.4127556 -0.001910468 0.1595456
v 0.4186134 -7.445641E-07 0.1620817
v 0.2343667 -0.01022615 0.1574153
v 0.2347174 -0.01123263 0.1595456
v 0.1887434 -0.01998679 0.1595456
v 0.1890065 -0.01795776 0.1574153
v 0.1427694 -0.02720012 0.1595456
v 0.1436464 -0.02318813 0.1574153
v 0.1071177 -0.03004956 0.1595456
v 0.1084706 -0.02540894 0.1574153
v 0.07146586 -0.0291432 0.1595456
v 0.07329492 -0.02465363 0.1574153
v 0.03581417 -0.02349057 0.1595456
v 0.03811931 -0.01994312 0.1574153
v 0.01787622 -0.01751343 0.1595456
v 0.0204208 -0.01496216 0.1574153
v -6.172514E-05 -0.003624042 0.1595456
v 0.2797268 -0.005919555 0.1574153
v 0.2347174 -0.01123263 0.1595456
v 0.2343667 -0.01022615 0.1574153
v 0.2806914 -0.006662295 0.1595456
v 0.4132284 -0.005919548 0.1574153
v 0.4160126 -0.006662295 0.1595456
v 0.4132284 -0.005919548 -0.1574153
v 0.4160126 -0.006662295 -0.1595456
v 0.4160126 -0.006662295 0.1595456
v 0.4132284 -0.005919548 0.1574153
v 0.4160126 -0.005176817 0.1595456
v 0.4132284 -0.005919548 0.1574153
v 0.2797268 -0.005919555 0.1574153
v 0.2806914 -0.005176817 0.1595456
v 0.2343667 -0.01022615 0.1574153
v 0.2347174 -0.009097035 0.1595456
v 0.1890065 -0.01795776 0.1574153
v 0.1887433 -0.01441833 0.1595456
v 0.1436464 -0.02318813 0.1574153
v 0.1427694 -0.01899143 0.1595456
v 0.1084706 -0.02540894 0.1574153
v 0.1071176 -0.02076832 0.1595456
v 0.07329492 -0.02465363 0.1574153
v 0.07146586 -0.02016407 0.1595456
v 0.03811931 -0.01994312 0.1574153
v 0.03581417 -0.01639566 0.1595456
v 0.0204208 -0.01496216 0.1574153
v 0.01787628 -0.0124109 0.1595456
v -6.172514E-05 -0.003387674 0.1574153
v 0.4160126 -0.005176817 -0.1595456
v 0.4132284 -0.005919548 -0.1574153
v 0.4132284 -0.005919548 0.1574153
v 0.4160126 -0.005176817 0.1595456
v 0.4132284 -0.004434071 0.1574153
v 0.4160126 -0.005176817 0.1595456
v 0.2806914 -0.005176817 0.1595456
v 0.2797268 -0.004434071 0.1574153
v 0.2347174 -0.009097035 0.1595456
v 0.2343667 -0.007859393 0.1574153
v 0.1887433 -0.01441833 0.1595456
v 0.1890065 -0.01170309 0.1574153
v 0.1427694 -0.01899143 0.1595456
v 0.1436464 -0.01468983 0.1574153
v 0.1887434 -0.008765412 0.1595456
v 0.1071176 -0.02076832 0.1595456
v 0.1427694 -0.01039183 0.1595456
v 0.1084706 -0.0161277 0.1574153
v 0.07146586 -0.02016407 0.1595456
v 0.1071177 -0.01148708 0.1595456
v 0.07329494 -0.01567452 0.1574153
v 0.03581417 -0.01639566 0.1595456
v 0.07146586 -0.01118497 0.1595456
v 0.03811931 -0.01284821 0.1574153
v 0.01787628 -0.0124109 0.1595456
v 0.03581417 -0.009300745 0.1595456
v 0.02042082 -0.009859638 0.1574153
v -6.170607E-05 -0.003151308 0.1595456
v 0.01787622 -0.007308371 0.1595456
v -6.170607E-05 -0.002914942 0.1574153
v 0.4132284 -0.004434071 -0.1574153
v 0.4160126 -0.005176817 -0.1595456
v 0.4160126 -0.005176817 0.1595456
v 0.4132284 -0.004434071 0.1574153
v 0.2347174 -0.006535518 0.1595456
v 0.1890065 -0.01170309 0.1574153
v 0.1887434 -0.008765412 0.1595456
v 0.2343667 -0.007859393 0.1574153
v 0.2806914 -0.003691328 0.1595456
v 0.2797268 -0.004434071 0.1574153
v 0.4160126 -0.003691333 0.1595456
v 0.4132284 -0.004434071 0.1574153
v 0.4160126 -0.003691333 -0.1595456
v 0.4132284 -0.004434071 -0.1574153
v 0.4132284 -0.004434071 0.1574153
v 0.4160126 -0.003691333 0.1595456
v 0.2343667 -0.005154236 0.1574153
v 0.2347174 -0.006535518 0.1595456
v 0.1887434 -0.008765412 0.1595456
v 0.2797268 -0.002948583 0.1574153
v 0.2806914 -0.003691328 0.1595456
v 0.4132284 -0.002948588 0.1574153
v 0.4160126 -0.003691333 0.1595456
v 0.2837488 0.01844484 -0.1620817
v 0.4218095 0.01844485 -0.1620817
v 0.419585 0.02071182 -0.1612791
v 0.2826236 0.02071183 -0.1612791
v 0.4230865 0.02297879 -0.1620817
v 0.2853157 0.02297879 -0.1620817
v 0.2393921 0.02297879 -0.1620817
v 0.2369698 0.02071182 -0.1612791
v 0.2377286 0.01844484 -0.1620817
v 0.1934685 0.02297879 -0.1620817
v 0.191316 0.02071182 -0.1612791
v 0.1917084 0.01844485 -0.1620817
v 0.1456882 0.01844485 -0.1620817
v 0.1456623 0.02071182 -0.1612791
v 0.1475449 0.02297879 -0.1620817
v 0.1131022 0.02297879 -0.1620817
v 0.1114108 0.02071183 -0.1612791
v 0.1111137 0.01844485 -0.1620817
v 0.07865951 0.02297879 -0.1620817
v 0.07715934 0.02071182 -0.1612791
v 0.07653914 0.01844485 -0.1620817
v 0.04421672 0.02297879 -0.1620817
v 0.04290794 0.02071183 -0.1612791
v 0.04196464 0.01844485 -0.1620817
v 0.02699541 0.02297879 -0.1620817
v 0.0257822 0.02071182 -0.1612791
v 0.02467735 0.01844485 -0.1620817
v 0.007390095 0.01844485 -0.1620817
v 0.008656478 0.02071182 -0.1612791
v 0.00977409 0.02297879 -0.1620817
v 0.2814443 0.008851091 -0.1620817
v 0.4192463 0.008851091 -0.1620817
v 0.4169368 0.01164394 -0.1612791
v 0.2800536 0.01164394 -0.1612791
v 0.4204598 0.01391089 -0.1620817
v 0.2825512 0.0139109 -0.1620817
v 0.2365817 0.0139109 -0.1620817
v 0.2344258 0.01164394 -0.1612791
v 0.2355103 0.008851091 -0.1620817
v 0.1906121 0.0139109 -0.1620817
v 0.1887981 0.01164394 -0.1612791
v 0.1895763 0.008851091 -0.1620817
v 0.1436423 0.008851081 -0.1620817
v 0.1431703 0.01164394 -0.1612791
v 0.1446426 0.01391091 -0.1620817
v 0.1097776 0.01391091 -0.1620817
v 0.1084024 0.01164394 -0.1612791
v 0.1084484 0.008851081 -0.1620817
v 0.07491267 0.01391091 -0.1620817
v 0.07363445 0.01164394 -0.1612791
v 0.07325447 0.008851081 -0.1620817
v 0.04004772 0.01391091 -0.1620817
v 0.03886653 0.01164394 -0.1612791
v 0.03806045 0.008851081 -0.1620817
v 0.02261524 0.01391091 -0.1620817
v 0.02148256 0.01164394 -0.1612791
v 0.0204635 0.008851081 -0.1620817
v 0.00286657 0.008851081 -0.1620817
v 0.004098564 0.01164394 -0.1612791
v 0.005182797 0.01391091 -0.1620817
v 0.2806914 -7.445641E-07 -0.1611904
v 0.4186134 -7.445641E-07 -0.1620817
v 0.4157028 0.002576057 -0.1612791
v 0.2788582 0.002576062 -0.1612791
v 0.4187406 0.004843046 -0.1620817
v 0.2809417 0.004843039 -0.1620817
v 0.2350087 0.004670007 -0.1620817
v 0.2332311 0.002576062 -0.1612791
v 0.2347174 -0.001020589 -0.1611904
v 0.1890758 0.00481914 -0.1620817
v 0.187604 0.002576062 -0.1612791
v 0.1887434 -0.0008506376 -0.1611904
v 0.1427694 -7.469483E-07 -0.1611904
v 0.1419769 0.002576064 -0.1612791
v 0.1431427 0.004843039 -0.1620817
v 0.1077008 0.004843039 -0.1620817
v 0.1066525 0.002576062 -0.1612791
v 0.1071177 -7.469483E-07 -0.1611904
v 0.07225891 0.004843039 -0.1620817
v 0.0713281 0.002576062 -0.1612791
v 0.07146586 -7.493325E-07 -0.1611904
v 0.03681694 0.004843039 -0.1620817
v 0.03600365 0.002576064 -0.1612791
v 0.03581417 -7.445641E-07 -0.1611904
v 0.01909603 0.004843039 -0.1620817
v 0.01834144 0.002576069 -0.1612791
v 0.01798831 -7.469483E-07 -0.1611904
v 0.0001624455 -7.493325E-07 -0.1611904
v 0.0006792416 0.002576067 -0.1612791
v 0.001375023 0.004843039 -0.1620817
v 0.2853157 0.02297879 -0.1620817
v 0.4230865 0.02297879 -0.1620817
v 0.4207256 0.02524576 -0.1612791
v 0.2840995 0.02524576 -0.1612791
v 0.4239939 0.02751272 -0.1620817
v 0.2866361 0.02751272 -0.1620817
v 0.2408502 0.02751272 -0.1620817
v 0.2385575 0.02524576 -0.1612791
v 0.2393921 0.02297879 -0.1620817
v 0.1950643 0.02751272 -0.1620817
v 0.1930155 0.02524576 -0.1612791
v 0.1934685 0.02297879 -0.1620817
v 0.1475449 0.02297879 -0.1620817
v 0.1474734 0.02524576 -0.1612791
v 0.1492783 0.02751273 -0.1620817
v 0.1149389 0.02751273 -0.1620817
v 0.113317 0.02524576 -0.1612791
v 0.1131022 0.02297879 -0.1620817
v 0.08059949 0.02751273 -0.1620817
v 0.07916048 0.02524576 -0.1612791
v 0.07865951 0.02297879 -0.1620817
v 0.04626001 0.02751274 -0.1620817
v 0.04500386 0.02524576 -0.1612791
v 0.04421672 0.02297879 -0.1620817
v 0.02909032 0.02751274 -0.1620817
v 0.02792562 0.02524576 -0.1612791
v 0.02699541 0.02297879 -0.1620817
v 0.00977409 0.02297879 -0.1620817
v 0.01084736 0.02524576 -0.1612791
v 0.01192062 0.02751273 -0.1620817
v 0.2825512 0.0139109 -0.1620817
v 0.4204598 0.01391089 -0.1620817
v 0.4180537 0.01565199 -0.1612791
v 0.2810961 0.01565199 -0.1612791
v 0.4218095 0.01844485 -0.1620817
v 0.2837488 0.01844484 -0.1620817
v 0.2377286 0.01844484 -0.1620817
v 0.2354435 0.01565199 -0.1612791
v 0.2365817 0.0139109 -0.1620817
v 0.1917084 0.01844485 -0.1620817
v 0.189791 0.01565198 -0.1612791
v 0.1906121 0.0139109 -0.1620817
v 0.1446426 0.01391091 -0.1620817
v 0.1441384 0.01565198 -0.1612791
v 0.1456882 0.01844485 -0.1620817
v 0.1111137 0.01844485 -0.1620817
v 0.1096134 0.01565198 -0.1612791
v 0.1097776 0.01391091 -0.1620817
v 0.07653914 0.01844485 -0.1620817
v 0.0750884 0.01565198 -0.1612791
v 0.07491267 0.01391091 -0.1620817
v 0.04196464 0.01844485 -0.1620817
v 0.04056331 0.01565198 -0.1612791
v 0.04004772 0.01391091 -0.1620817
v 0.02467735 0.01844485 -0.1620817
v 0.0233008 0.01565198 -0.1612791
v 0.02261524 0.01391091 -0.1620817
v 0.005182797 0.01391091 -0.1620817
v 0.006038319 0.01565198 -0.1612791
v 0.007390095 0.01844485 -0.1620817
v 0.2809417 0.004843039 -0.1620817
v 0.4187406 0.004843046 -0.1620817
v 0.4160412 0.007109989 -0.1612791
v 0.2792248 0.007109989 -0.1612791
v 0.4192463 0.008851091 -0.1620817
v 0.2814443 0.008851091 -0.1620817
v 0.2355103 0.008851091 -0.1620817
v 0.2336193 0.007095036 -0.1612791
v 0.2350087 0.004670007 -0.1620817
v 0.1895763 0.008851091 -0.1620817
v 0.188014 0.007109989 -0.1612791
v 0.1890758 0.00481914 -0.1620817
v 0.1431427 0.004843039 -0.1620817
v 0.1424085 0.007109996 -0.1612791
v 0.1436423 0.008851081 -0.1620817
v 0.1084484 0.008851081 -0.1620817
v 0.1073527 0.007109996 -0.1612791
v 0.1077008 0.004843039 -0.1620817
v 0.07325447 0.008851081 -0.1620817
v 0.07229704 0.007109996 -0.1612791
v 0.07225891 0.004843039 -0.1620817
v 0.03806045 0.008851081 -0.1620817
v 0.03724121 0.007109999 -0.1612791
v 0.03681694 0.004843039 -0.1620817
v 0.0204635 0.008851081 -0.1620817
v 0.01971334 0.007109999 -0.1612791
v 0.01909603 0.004843039 -0.1620817
v 0.001375023 0.004843039 -0.1620817
v 0.002185437 0.007110009 -0.1612791
v 0.00286657 0.008851081 -0.1620817
v 0.01787622 -0.001910468 -0.1595456
v -6.172514E-05 -0.002442213 -0.1574153
v 0.0204208 -0.004757114 -0.1574153
v 0.03581417 -0.001910468 -0.1595456
v 0.03581417 -7.445641E-07 -0.1611904
v 0.01798831 -7.469483E-07 -0.1611904
v -6.172514E-05 -0.001910468 -0.1595456
v 0.0001624455 -7.493325E-07 -0.1611904
v 0.07146586 -7.493325E-07 -0.1611904
v 0.07146586 -0.001910468 -0.1595456
v 0.1071177 -7.469483E-07 -0.1611904
v 0.03811931 -0.005753296 -0.1574153
v 0.1071176 -0.001910468 -0.1595456
v 0.1427694 -7.469483E-07 -0.1611904
v 0.01787622 -0.007308371 -0.1595456
v -6.170607E-05 -0.002678578 -0.1595456
v 0.03581417 -0.009300745 -0.1595456
v 0.07329494 -0.006695407 -0.1574153
v 0.07146586 -0.01118497 -0.1595456
v 0.1084706 -0.006846467 -0.1574153
v 0.1071177 -0.01148708 -0.1595456
v 0.1427694 -0.001910468 -0.1595456
v 0.1887434 -0.0008506376 -0.1611904
v 0.1436464 -0.006204944 -0.1574153
v 0.1427694 -0.01039183 -0.1595456
v 0.1887434 -0.001910468 -0.1595456
v 0.2347174 -0.001020589 -0.1611904
v 0.1890065 -0.005743552 -0.1574153
v 0.1887434 -0.008765412 -0.1595456
v 0.2347174 -0.001910468 -0.1595456
v 0.2806914 -7.445641E-07 -0.1611904
v 0.2343667 -0.005154236 -0.1574153
v 0.2347174 -0.006535518 -0.1595456
v 0.2806914 -0.001910468 -0.1595456
v 0.4186134 -7.445641E-07 -0.1620817
v 0.4127556 -0.001910468 -0.1595456
v 0.2806914 -0.001910468 -0.1595456
v 0.2797268 -0.002948583 -0.1574153
v 0.4127556 -0.001910468 -0.1595456
v 0.2806914 -0.003691328 -0.1595456
v 0.4132284 -0.002948588 -0.1574153
v 0.4160126 -0.003691333 -0.1595456
v 0.2797268 -0.005919555 -0.1574153
v 0.2343667 -0.01022615 -0.1574153
v 0.2347174 -0.01123263 -0.1595456
v 0.1887434 -0.01998679 -0.1595456
v 0.1890065 -0.01795776 -0.1574153
v 0.1427694 -0.02720012 -0.1595456
v 0.1436464 -0.02318813 -0.1574153
v 0.1071177 -0.03004956 -0.1595456
v 0.1084706 -0.02540894 -0.1574153
v 0.07146586 -0.0291432 -0.1595456
v 0.07329492 -0.02465363 -0.1574153
v 0.03581417 -0.02349057 -0.1595456
v 0.03811931 -0.01994312 -0.1574153
v 0.07146586 -0.02016407 -0.1595456
v 0.01787622 -0.01751343 -0.1595456
v 0.0204208 -0.01496216 -0.1574153
v -6.172514E-05 -0.003624042 -0.1595456
v 0.2797268 -0.005919555 -0.1574153
v 0.2347174 -0.01123263 -0.1595456
v 0.2806914 -0.006662295 -0.1595456
v 0.4132284 -0.005919548 -0.1574153
v 0.4160126 -0.006662295 -0.1595456
v 0.1071176 -0.02076832 -0.1595456
v 0.07146586 -0.02016407 -0.1595456
v 0.07329492 -0.02465363 -0.1574153
v 0.1084706 -0.02540894 -0.1574153
v 0.1427694 -0.01899143 -0.1595456
v 0.1436464 -0.02318813 -0.1574153
v 0.1887433 -0.01441833 -0.1595456
v 0.1890065 -0.01795776 -0.1574153
v 0.2347174 -0.009097035 -0.1595456
v 0.2343667 -0.01022615 -0.1574153
v 0.2806914 -0.005176817 -0.1595456
v 0.2797268 -0.005919555 -0.1574153
v 0.4160126 -0.005176817 -0.1595456
v 0.4132284 -0.005919548 -0.1574153
v 0.01787628 -0.0124109 -0.1595456
v -6.170607E-05 -0.003151308 -0.1595456
v -6.172514E-05 -0.003387674 -0.1574153
v 0.0204208 -0.01496216 -0.1574153
v 0.03581417 -0.01639566 -0.1595456
v 0.03811931 -0.01994312 -0.1574153
v 0.07146586 -0.02016407 -0.1595456
v 0.4132284 -0.004434071 -0.1574153
v 0.2806914 -0.005176817 -0.1595456
v 0.4160126 -0.005176817 -0.1595456
v 0.2797268 -0.004434071 -0.1574153
v 0.2347174 -0.009097035 -0.1595456
v 0.2343667 -0.007859393 -0.1574153
v 0.1887433 -0.01441833 -0.1595456
v 0.1890065 -0.01170309 -0.1574153
v 0.1427694 -0.01899143 -0.1595456
v 0.1436464 -0.01468983 -0.1574153
v 0.1071176 -0.02076832 -0.1595456
v 0.1084706 -0.0161277 -0.1574153
v 0.07146586 -0.02016407 -0.1595456
v 0.07329494 -0.01567452 -0.1574153
v 0.03581417 -0.01639566 -0.1595456
v 0.03811931 -0.01284821 -0.1574153
v 0.01787628 -0.0124109 -0.1595456
v 0.02042082 -0.009859638 -0.1574153
v -6.170607E-05 -0.003151308 -0.1595456
v -6.170607E-05 -0.002914942 -0.1574153
v 0.4160126 -0.003691333 -0.1595456
v 0.2797268 -0.004434071 -0.1574153
v 0.4132284 -0.004434071 -0.1574153
v 0.2806914 -0.003691328 -0.1595456
v 0.2343667 -0.007859393 -0.1574153
v 0.2347174 -0.006535518 -0.1595456
v 0.1890065 -0.01170309 -0.1574153
v 0.1887434 -0.008765412 -0.1595456
v 0.1436464 -0.01468983 -0.1574153
v 0.1427694 -0.01039183 -0.1595456
v 0.1084706 -0.0161277 -0.1574153
v 0.1071177 -0.01148708 -0.1595456
v 0.07329494 -0.01567452 -0.1574153
v 0.07146586 -0.01118497 -0.1595456
v 0.03811931 -0.01284821 -0.1574153
v 0.03581417 -0.009300745 -0.1595456
v 0.02042082 -0.009859638 -0.1574153
v 0.01787622 -0.007308371 -0.1595456
v -6.170607E-05 -0.002914942 -0.1574153
v -6.170607E-05 -0.002678578 -0.1595456
v 0.4252735 0.0262472 0.164381
v 0.4252735 0.03102236 0.164381
v 0.4252735 0.03102236 -0.164381
v 0.4252735 0.0262472 -0.164381
v -0.0006939349 -6.981819E-10 -0.164381
v 0.0002675786 0.01101582 0.164381
v -0.0006939349 -6.981819E-10 0.164381
v 0.0002675786 0.01101582 -0.164381
v 0.003899476 0.02199695 -0.164381
v 0.003899476 0.02199695 0.164381
v 0.009935794 0.02917805 0.164381
v 0.009935852 0.0291781 -0.164381
v 0.01437999 0.02703274 0.1627371
v 0.01437835 0.02703205 -0.1627371
v 0.01318262 0.02656459 -0.1627371
v 0.01318433 0.02656523 0.1627371
v 0.01318433 0.02656523 0.1627371
v 0.01118724 0.02922207 0.1627371
v 0.01236637 0.0297116 0.1627371
v 0.01437999 0.02703274 0.1627371
v 0.01118724 0.02922207 0.1627371
v 0.01118543 0.02922148 -0.1627371
v 0.01236435 0.02971091 -0.1627371
v 0.01236637 0.0297116 0.1627371
v 0.01118543 0.02922148 -0.1627371
v 0.01318262 0.02656459 -0.1627371
v 0.01437835 0.02703205 -0.1627371
v 0.01236435 0.02971091 -0.1627371
v 0.01695646 0.0262472 0.164381
v 0.01337024 0.03102236 0.164381
v 0.4252735 0.03102236 0.164381
v 0.4252735 0.0262472 0.164381
v 0.01337024 0.03102236 0.164381
v 0.01337019 0.03102236 -0.164381
v 0.4252735 0.03102236 -0.164381
v 0.4252735 0.03102236 0.164381
v 0.01337019 0.03102236 -0.164381
v 0.01695646 0.0262472 -0.164381
v 0.4252735 0.0262472 -0.164381
v 0.4252735 0.03102236 -0.164381
v 0.01695646 0.0262472 -0.164381
v 0.01695646 0.0262472 0.164381
v 0.4252735 0.0262472 0.164381
v 0.4252735 0.0262472 -0.164381
v 0.0129302 0.02483522 0.164381
v 0.003899476 0.02199695 0.164381
v 0.009935794 0.02917805 0.164381
v 0.009744411 0.02124185 0.164381
v 0.006791741 0.01028591 0.164381
v 0.0002675786 0.01101582 0.164381
v -0.0006939349 -6.981819E-10 0.164381
v 0.005865303 -6.981819E-10 0.164381
v 0.004295785 -0.001496933 0.1638383
v 0.000733334 -0.001496723 0.1638383
v 0.009935852 0.0291781 -0.164381
v 0.009744411 0.02124185 -0.164381
v 0.0129302 0.02483522 -0.164381
v 0.003899476 0.02199695 -0.164381
v 0.0002675786 0.01101582 -0.164381
v 0.006791741 0.01028591 -0.164381
v 0.005865303 -6.981819E-10 -0.164381
v -0.0006939349 -6.981819E-10 -0.164381
v 0.000733334 -0.001496723 -0.1638383
v 0.004295785 -0.001496933 -0.1638383
v 0.0129302 0.02483522 -0.164381
v 0.009744411 0.02124185 0.164381
v 0.0129302 0.02483522 0.164381
v 0.009744411 0.02124185 -0.164381
v 0.006791741 0.01028591 -0.164381
v 0.006791741 0.01028591 0.164381
v 0.005865303 -6.981819E-10 -0.164381
v 0.005865303 -6.981819E-10 0.164381
v 0.004295785 -0.001496933 -0.1638383
v 0.004295785 -0.001496933 0.1638383
v 0.0129302 0.02483522 0.164381
v 0.01318433 0.02656523 0.1627371
v 0.01318262 0.02656459 -0.1627371
v 0.0129302 0.02483522 -0.164381
v 0.01695646 0.0262472 -0.164381
v 0.01437835 0.02703205 -0.1627371
v 0.01437999 0.02703274 0.1627371
v 0.01695646 0.0262472 0.164381
v 0.01695646 0.0262472 0.164381
v 0.01437999 0.02703274 0.1627371
v 0.01236637 0.0297116 0.1627371
v 0.01337024 0.03102236 0.164381
v 0.009935794 0.02917805 0.164381
v 0.01118724 0.02922207 0.1627371
v 0.01318433 0.02656523 0.1627371
v 0.0129302 0.02483522 0.164381
v 0.01337024 0.03102236 0.164381
v 0.01236637 0.0297116 0.1627371
v 0.01236435 0.02971091 -0.1627371
v 0.01337019 0.03102236 -0.164381
v 0.009935852 0.0291781 -0.164381
v 0.01118543 0.02922148 -0.1627371
v 0.01118724 0.02922207 0.1627371
v 0.009935794 0.02917805 0.164381
v 0.01337019 0.03102236 -0.164381
v 0.01236435 0.02971091 -0.1627371
v 0.01437835 0.02703205 -0.1627371
v 0.01695646 0.0262472 -0.164381
v 0.0129302 0.02483522 -0.164381
v 0.01318262 0.02656459 -0.1627371
v 0.01118543 0.02922148 -0.1627371
v 0.009935852 0.0291781 -0.164381
v 0.004295785 -0.001496933 -0.1638383
v 0.000733334 -0.001496723 -0.1638383
v 0.000733334 -0.001496723 0.1638383
v 0.004295785 -0.001496933 0.1638383
v 0.000733334 -0.001496723 0.1638383
v 0.000733334 -0.001496723 -0.1638383
v -0.0006939349 -6.981819E-10 -0.164381
v -0.0006939349 -6.981819E-10 0.164381
v 0.2806914 -0.006662295 -0.1595456
v 0.4160126 -0.006662295 0.1595456
v 0.4160126 -0.006662295 -0.1595456
v 0.2806914 -0.006662295 0.1595456
v 0.2347174 -0.01123263 0.1595456
v 0.2347174 -0.01123263 -0.1595456
v 0.1887434 -0.01998679 0.1595456
v 0.1887434 -0.01998679 -0.1595456
v 0.1427694 -0.02735216 -0.1595456
v 0.1427694 -0.02720012 0.1595456
v 0.1071177 -0.03004956 0.1595456
v 0.1071177 -0.03089779 -0.1595456
v 0.07146586 -0.0291432 0.1595456
v 0.07146586 -0.0291432 -0.1595456
v 0.03581417 -0.02349057 0.1595456
v 0.03581417 -0.02349057 -0.1595456
v 0.01787622 -0.01751343 0.1595456
v 0.01787622 -0.01751343 -0.1595456
v -6.172514E-05 -0.003624042 -0.1595456
v -6.172514E-05 -0.003624042 0.1595456
vt 1.209567 0.093541
vt 1.216188 0.03759342
vt 1.209068 0.03759342
vt 1.098684 0.093541
vt 1.118519 0.03759342
vt 1.136269 0.03759342
vt 1.123484 0.093541
vt 1.136269 0.03759342
vt 1.157367 0.03759342
vt 1.146778 0.0935415
vt 1.157367 0.03759342
vt 1.178242 0.03759372
vt 1.172722 0.0935415
vt 1.178242 0.03759372
vt 1.198803 0.03759342
vt 1.193816 0.0935415
vt 1.198803 0.03759342
vt 1.209068 0.03759342
vt 1.404911 0.9335123
vt 1.404911 0.94166
vt 1.428203 0.94166
vt 1.428203 0.9335119
vt 1.404911 0.9230596
vt 1.404911 0.9313436
vt 1.428203 0.9313436
vt 1.428203 0.9194729
vt 1.451496 0.9313432
vt 1.451496 0.9280537
vt 1.451496 0.7816851
vt 1.428203 0.773965
vt 1.404911 0.7763835
vt 1.451496 0.6353179
vt 1.428204 0.6284573
vt 1.404911 0.6297073
vt 1.404911 0.4830321
vt 1.428204 0.4829501
vt 1.451496 0.4889509
vt 1.451496 0.3791743
vt 1.428204 0.3737832
vt 1.404911 0.3728366
vt 1.451496 0.2693991
vt 1.428204 0.2646174
vt 1.404911 0.2626411
vt 1.451496 0.1494883
vt 1.428204 0.1494886
vt 1.404911 0.1494888
vt 1.451496 0.093541
vt 1.428204 0.093541
vt 1.404911 0.093541
vt 1.404911 0.03759372
vt 1.428204 0.03759316
vt 1.451496 0.03759372
vt 1.306338 0.9335123
vt 1.306338 0.9416603
vt 1.335034 0.9416603
vt 1.335034 0.9335123
vt 1.306338 0.9157141
vt 1.306338 0.9313436
vt 1.335034 0.9313436
vt 1.335034 0.9112818
vt 1.358326 0.9313436
vt 1.358326 0.9192421
vt 1.358326 0.7727283
vt 1.335034 0.7658569
vt 1.306338 0.7693135
vt 1.358326 0.6262136
vt 1.335034 0.6204324
vt 1.306338 0.6229128
vt 1.306338 0.4765121
vt 1.335034 0.4750076
vt 1.358327 0.4797
vt 1.358327 0.3685785
vt 1.335035 0.3641949
vt 1.306338 0.364342
vt 1.358327 0.257457
vt 1.335034 0.2533827
vt 1.306338 0.2521719
vt 1.358327 0.1494886
vt 1.335034 0.1494886
vt 1.306338 0.1494888
vt 1.358327 0.093541
vt 1.335034 0.093541
vt 1.306338 0.0935415
vt 1.306338 0.03759372
vt 1.335034 0.03759342
vt 1.358327 0.03759316
vt 1.219595 0.9335119
vt 1.219606 0.9416982
vt 1.241865 0.9416603
vt 1.241865 0.9335119
vt 1.219595 0.9133148
vt 1.219595 0.9313436
vt 1.241864 0.9313436
vt 1.241865 0.9074718
vt 1.265157 0.9313436
vt 1.265157 0.914112
vt 1.263379 0.7677147
vt 1.241865 0.7620493
vt 1.219596 0.7667862
vt 1.264911 0.6213173
vt 1.241865 0.6166264
vt 1.219596 0.620258
vt 1.219596 0.4737297
vt 1.241865 0.471204
vt 1.265157 0.4749193
vt 1.265157 0.3619591
vt 1.241865 0.3586179
vt 1.219596 0.3601003
vt 1.265157 0.2489989
vt 1.241865 0.246032
vt 1.219596 0.2464712
vt 1.265157 0.1494886
vt 1.241865 0.1494888
vt 1.219596 0.1494888
vt 1.265157 0.093541
vt 1.241865 0.0935415
vt 1.219596 0.0935415
vt 1.219596 0.03759342
vt 1.241865 0.03759342
vt 1.265157 0.03759342
vt 1.474788 0.9335119
vt 1.474788 0.94166
vt 1.49808 0.9416604
vt 1.498081 0.9335114
vt 1.451496 0.9280537
vt 1.451496 0.9313432
vt 1.474788 0.9313436
vt 1.474788 0.9241769
vt 1.49808 0.9313441
vt 1.49808 0.9265721
vt 1.49808 0.7863321
vt 1.474788 0.7790253
vt 1.451496 0.7816851
vt 1.49808 0.6404043
vt 1.474788 0.6338739
vt 1.451496 0.6353179
vt 1.451496 0.4889509
vt 1.474788 0.4887224
vt 1.498081 0.494475
vt 1.498081 0.3850285
vt 1.474788 0.3798591
vt 1.451496 0.3791743
vt 1.498081 0.275582
vt 1.474788 0.2709953
vt 1.451496 0.2693991
vt 1.498081 0.1494886
vt 1.474788 0.1494886
vt 1.451496 0.1494883
vt 1.498081 0.093541
vt 1.474788 0.093541
vt 1.451496 0.093541
vt 1.451496 0.03759372
vt 1.474788 0.03759316
vt 1.498081 0.03759372
vt 1.451496 0.9335123
vt 1.451496 0.94166
vt 1.474788 0.94166
vt 1.474788 0.9335119
vt 1.428203 0.9335119
vt 1.428203 0.94166
vt 1.451496 0.94166
vt 1.451496 0.9335123
vt 1.376215 0.9335119
vt 1.376215 0.9416603
vt 1.404911 0.94166
vt 1.404911 0.9335123
vt 1.358326 0.9192421
vt 1.358326 0.9313436
vt 1.376215 0.9313436
vt 1.376215 0.9146042
vt 1.404911 0.9313436
vt 1.404911 0.9230596
vt 1.404911 0.7763835
vt 1.376216 0.7691007
vt 1.358326 0.7727283
vt 1.404911 0.6297073
vt 1.376216 0.6235967
vt 1.358326 0.6262136
vt 1.358327 0.4797
vt 1.376216 0.478093
vt 1.404911 0.4830321
vt 1.404911 0.3728366
vt 1.376216 0.368055
vt 1.358327 0.3685785
vt 1.404911 0.2626411
vt 1.376216 0.2580169
vt 1.358327 0.257457
vt 1.404911 0.1494888
vt 1.376216 0.1494886
vt 1.358327 0.1494886
vt 1.404911 0.093541
vt 1.376216 0.093541
vt 1.358327 0.093541
vt 1.358327 0.03759316
vt 1.376216 0.03759316
vt 1.404911 0.03759372
vt 1.358326 0.9335123
vt 1.358326 0.9416603
vt 1.376215 0.9416603
vt 1.376215 0.9335119
vt 1.335034 0.9335123
vt 1.335034 0.9416603
vt 1.358326 0.9416603
vt 1.358326 0.9335123
vt 1.288449 0.9335119
vt 1.288449 0.9416603
vt 1.306338 0.9416603
vt 1.306338 0.9335123
vt 1.265157 0.914112
vt 1.265157 0.9313436
vt 1.28845 0.9313436
vt 1.28845 0.9086401
vt 1.306338 0.9313436
vt 1.306338 0.9157141
vt 1.306338 0.7693135
vt 1.288295 0.7632866
vt 1.263379 0.7677147
vt 1.306338 0.6229128
vt 1.288449 0.617933
vt 1.264911 0.6213173
vt 1.265157 0.4749193
vt 1.288449 0.4725792
vt 1.306338 0.4765121
vt 1.306338 0.364342
vt 1.28845 0.3608495
vt 1.265157 0.3619591
vt 1.306338 0.2521719
vt 1.28845 0.2491201
vt 1.265157 0.2489989
vt 1.306338 0.1494888
vt 1.28845 0.1494886
vt 1.265157 0.1494886
vt 1.306338 0.0935415
vt 1.28845 0.0935415
vt 1.265157 0.093541
vt 1.265157 0.03759342
vt 1.28845 0.03759372
vt 1.306338 0.03759372
vt 1.265157 0.9335123
vt 1.265157 0.9416603
vt 1.288449 0.9416603
vt 1.288449 0.9335119
vt 1.241865 0.9335119
vt 1.241865 0.9416603
vt 1.265157 0.9416603
vt 1.265157 0.9335123
vt 1.197378 0.9416603
vt 1.197377 0.9335119
vt 1.177019 0.9335119
vt 1.177019 0.9416603
vt 1.155658 0.9335119
vt 1.155658 0.9416603
vt 1.197378 0.9313436
vt 1.177019 0.9102401
vt 1.177019 0.9313436
vt 1.197378 0.9133148
vt 1.169693 0.7656685
vt 1.197378 0.9133148
vt 1.197378 0.7667862
vt 1.169693 0.7656685
vt 1.154244 0.6210967
vt 1.123009 0.620258
vt 1.136797 0.7667862
vt 1.177019 0.9102401
vt 1.155658 0.9133148
vt 1.177019 0.9313436
vt 1.155658 0.9313436
vt 1.107 0.4737297
vt 1.13332 0.4765245
vt 1.103621 0.3558323
vt 1.188349 0.620258
vt 1.130764 0.3644125
vt 1.121378 0.2464712
vt 1.166144 0.4737297
vt 1.155552 0.2523007
vt 1.148658 0.1494888
vt 1.174063 0.3601003
vt 1.179681 0.1494888
vt 1.172722 0.0935415
vt 1.187928 0.2464715
vt 1.193816 0.0935415
vt 1.198803 0.03759342
vt 1.209068 0.03759342
vt 1.209567 0.093541
vt 1.202315 0.1494888
vt 1.219596 0.620258
vt 1.219596 0.4737297
vt 1.219596 0.7667862
vt 1.219596 0.3601003
vt 1.219596 0.2464712
vt 1.219595 0.9133148
vt 1.219596 0.1494888
vt 1.197378 0.9133148
vt 1.219595 0.9313436
vt 1.197378 0.9313436
vt 1.219596 0.0935415
vt 1.216188 0.03759342
vt 1.219596 0.03759342
vt 1.219606 0.9416982
vt 1.219595 0.9335119
vt 1.197377 0.9335119
vt 1.197378 0.9416603
vt 1.136339 0.9102401
vt 1.107781 0.7656685
vt 1.101106 0.7667862
vt 1.064765 0.620258
vt 1.075091 0.6210967
vt 1.02806 0.4737297
vt 1.0459 0.4765247
vt 1.013561 0.3601003
vt 1.035944 0.3644125
vt 1.018173 0.2464715
vt 1.043704 0.2523007
vt 1.046937 0.1494886
vt 1.073339 0.1494888
vt 1.077351 0.093541
vt 1.098684 0.093541
vt 1.118519 0.03759342
vt 1.136269 0.03759342
vt 1.136339 0.9102401
vt 1.101106 0.7667862
vt 1.131414 0.9133148
vt 1.136339 0.9313436
vt 1.131414 0.9313436
vt 1.13634 0.9416603
vt 1.13634 0.9335119
vt 1.131414 0.9335123
vt 1.131414 0.9416603
vt 1.141265 0.9313436
vt 1.136339 0.9102401
vt 1.136339 0.9313436
vt 1.141265 0.9133148
vt 1.107781 0.7656685
vt 1.115268 0.7667862
vt 1.075091 0.6210967
vt 1.087279 0.6202576
vt 1.0459 0.4765247
vt 1.063393 0.4737297
vt 1.035944 0.3644125
vt 1.056164 0.3601003
vt 1.043704 0.2523007
vt 1.069281 0.2464715
vt 1.073339 0.1494888
vt 1.097513 0.1494888
vt 1.098684 0.093541
vt 1.123484 0.093541
vt 1.136269 0.03759342
vt 1.157367 0.03759342
vt 1.141265 0.9416603
vt 1.141264 0.9335119
vt 1.13634 0.9335119
vt 1.13634 0.9416603
vt 1.14619 0.9313436
vt 1.141265 0.9133148
vt 1.141265 0.9313436
vt 1.14619 0.9102401
vt 1.115268 0.7667862
vt 1.123476 0.7656685
vt 1.087279 0.6202576
vt 1.101095 0.6210967
vt 1.063393 0.4737297
vt 1.083994 0.4765247
vt 1.056164 0.3601003
vt 1.076366 0.3644125
vt 1.069281 0.2464715
vt 1.090898 0.2523007
vt 1.097513 0.1494888
vt 1.12416 0.1494888
vt 1.123484 0.093541
vt 1.146778 0.0935415
vt 1.157367 0.03759342
vt 1.178242 0.03759372
vt 1.14619 0.9416603
vt 1.14619 0.9335119
vt 1.141264 0.9335119
vt 1.141265 0.9416603
vt 1.155658 0.9313436
vt 1.14619 0.9102401
vt 1.14619 0.9313436
vt 1.155658 0.9133148
vt 1.123476 0.7656685
vt 1.136797 0.7667862
vt 1.101095 0.6210967
vt 1.123009 0.620258
vt 1.083994 0.4765247
vt 1.107 0.4737297
vt 1.076366 0.3644125
vt 1.103621 0.3558323
vt 1.090898 0.2523007
vt 1.121378 0.2464712
vt 1.12416 0.1494888
vt 1.148658 0.1494888
vt 1.146778 0.0935415
vt 1.172722 0.0935415
vt 1.178242 0.03759372
vt 1.198803 0.03759342
vt 1.155658 0.9416603
vt 1.155658 0.9335119
vt 1.14619 0.9335119
vt 1.14619 0.9416603
vt 1.404911 0.9230596
vt 1.428203 0.9313436
vt 1.404911 0.9313436
vt 1.428203 0.9194729
vt 1.451496 0.9313432
vt 1.451496 0.9280537
vt 1.451496 0.7816851
vt 1.428203 0.773965
vt 1.404911 0.7763835
vt 1.451496 0.6353179
vt 1.428204 0.6284573
vt 1.404911 0.6297073
vt 1.404911 0.4830321
vt 1.428204 0.4829501
vt 1.451496 0.4889509
vt 1.451496 0.3791743
vt 1.428204 0.3737832
vt 1.404911 0.3728366
vt 1.451496 0.2693991
vt 1.428204 0.2646174
vt 1.404911 0.2626411
vt 1.451496 0.1494883
vt 1.428204 0.1494886
vt 1.404911 0.1494888
vt 1.451496 0.093541
vt 1.428204 0.093541
vt 1.404911 0.093541
vt 1.404911 0.03759372
vt 1.428204 0.03759316
vt 1.451496 0.03759372
vt 1.306338 0.9157141
vt 1.335034 0.9313436
vt 1.306338 0.9313436
vt 1.335034 0.9112818
vt 1.358326 0.9313436
vt 1.358326 0.9192421
vt 1.358326 0.7727283
vt 1.335034 0.7658569
vt 1.306338 0.7693135
vt 1.358326 0.6262136
vt 1.335034 0.6204324
vt 1.306338 0.6229128
vt 1.306338 0.4765121
vt 1.335034 0.4750076
vt 1.358327 0.4797
vt 1.358327 0.3685785
vt 1.335035 0.3641949
vt 1.306338 0.364342
vt 1.358327 0.257457
vt 1.335034 0.2533827
vt 1.306338 0.2521719
vt 1.358327 0.1494886
vt 1.335034 0.1494886
vt 1.306338 0.1494888
vt 1.358327 0.093541
vt 1.335034 0.093541
vt 1.306338 0.0935415
vt 1.306338 0.03759372
vt 1.335034 0.03759342
vt 1.358327 0.03759316
vt 1.219595 0.9133148
vt 1.241864 0.9313436
vt 1.219922 0.931947
vt 1.241865 0.9074718
vt 1.265157 0.9313436
vt 1.265157 0.914112
vt 1.263379 0.7677147
vt 1.241865 0.7620493
vt 1.219596 0.7667862
vt 1.264911 0.6213173
vt 1.241865 0.6166264
vt 1.219596 0.620258
vt 1.219596 0.4737297
vt 1.241865 0.471204
vt 1.265157 0.4749193
vt 1.265157 0.3619591
vt 1.241865 0.3586179
vt 1.219596 0.3601003
vt 1.265157 0.2489989
vt 1.241865 0.246032
vt 1.219596 0.2464712
vt 1.265157 0.1494886
vt 1.241865 0.1494888
vt 1.219596 0.1494888
vt 1.265157 0.093541
vt 1.241865 0.0935415
vt 1.219596 0.0935415
vt 1.219596 0.03759342
vt 1.241865 0.03759342
vt 1.265157 0.03759342
vt 1.451496 0.9280537
vt 1.474788 0.9313436
vt 1.451496 0.9313432
vt 1.474788 0.9241769
vt 1.49808 0.9313441
vt 1.49808 0.9265721
vt 1.49808 0.7863321
vt 1.474788 0.7790253
vt 1.451496 0.7816851
vt 1.49808 0.6404043
vt 1.474788 0.6338739
vt 1.451496 0.6353179
vt 1.451496 0.4889509
vt 1.474788 0.4887224
vt 1.498081 0.494475
vt 1.498081 0.3850285
vt 1.474788 0.3798591
vt 1.451496 0.3791743
vt 1.498081 0.275582
vt 1.474788 0.2709953
vt 1.451496 0.2693991
vt 1.498081 0.1494886
vt 1.474788 0.1494886
vt 1.451496 0.1494883
vt 1.498081 0.093541
vt 1.474788 0.093541
vt 1.451496 0.093541
vt 1.451496 0.03759372
vt 1.474788 0.03759316
vt 1.498081 0.03759372
vt 1.358326 0.9192421
vt 1.376215 0.9313436
vt 1.358326 0.9313436
vt 1.376215 0.9146042
vt 1.404911 0.9313436
vt 1.404911 0.9230596
vt 1.404911 0.7763835
vt 1.376216 0.7691007
vt 1.358326 0.7727283
vt 1.404911 0.6297073
vt 1.376216 0.6235967
vt 1.358326 0.6262136
vt 1.358327 0.4797
vt 1.376216 0.478093
vt 1.404911 0.4830321
vt 1.404911 0.3728366
vt 1.376216 0.368055
vt 1.358327 0.3685785
vt 1.404911 0.2626411
vt 1.376216 0.2580169
vt 1.358327 0.257457
vt 1.404911 0.1494888
vt 1.376216 0.1494886
vt 1.358327 0.1494886
vt 1.404911 0.093541
vt 1.376216 0.093541
vt 1.358327 0.093541
vt 1.358327 0.03759316
vt 1.376216 0.03759316
vt 1.404911 0.03759372
vt 1.265157 0.914112
vt 1.28845 0.9313436
vt 1.265157 0.9313436
vt 1.28845 0.9086401
vt 1.306338 0.9313436
vt 1.306338 0.9157141
vt 1.306338 0.7693135
vt 1.288295 0.7632866
vt 1.263379 0.7677147
vt 1.306338 0.6229128
vt 1.288449 0.617933
vt 1.264911 0.6213173
vt 1.265157 0.4749193
vt 1.288449 0.4725792
vt 1.306338 0.4765121
vt 1.306338 0.364342
vt 1.28845 0.3608495
vt 1.265157 0.3619591
vt 1.306338 0.2521719
vt 1.28845 0.2491201
vt 1.265157 0.2489989
vt 1.306338 0.1494888
vt 1.28845 0.1494886
vt 1.265157 0.1494886
vt 1.306338 0.0935415
vt 1.28845 0.0935415
vt 1.265157 0.093541
vt 1.265157 0.03759342
vt 1.28845 0.03759372
vt 1.306338 0.03759372
vt 1.219922 0.931947
vt 1.197378 0.9313436
vt 1.197378 0.9133148
vt 1.219595 0.9133148
vt 1.197378 0.7667862
vt 1.219596 0.7667862
vt 1.188349 0.620258
vt 1.219596 0.620258
vt 1.166144 0.4737297
vt 1.219596 0.4737297
vt 1.174063 0.3601003
vt 1.219596 0.3601003
vt 1.187928 0.2464715
vt 1.219596 0.2464712
vt 1.202315 0.1494888
vt 1.219596 0.1494888
vt 1.209567 0.093541
vt 1.219596 0.0935415
vt 1.216188 0.03759342
vt 1.219596 0.03759342
vt 1.209068 0.03759342
vt 1.193816 0.0935415
vt 1.179681 0.1494888
vt 1.155552 0.2523007
vt 1.172722 0.0935415
vt 1.198803 0.03759342
vt 1.148658 0.1494888
vt 1.121378 0.2464712
vt 1.130764 0.3644125
vt 1.103621 0.3558323
vt 1.13332 0.4765245
vt 1.107 0.4737297
vt 1.154244 0.6210967
vt 1.123009 0.620258
vt 1.169693 0.7656685
vt 1.197378 0.9133148
vt 1.136797 0.7667862
vt 1.177019 0.9102401
vt 1.197378 0.9313436
vt 1.155658 0.9133148
vt 1.177019 0.9313436
vt 1.155658 0.9313436
vt 1.107781 0.7656685
vt 1.101106 0.7667862
vt 1.064765 0.620258
vt 1.075091 0.6210967
vt 1.02806 0.4737297
vt 1.0459 0.4765247
vt 1.013561 0.3601003
vt 1.035944 0.3644125
vt 1.018173 0.2464715
vt 1.043704 0.2523007
vt 1.046937 0.1494886
vt 1.073339 0.1494888
vt 1.077351 0.093541
vt 1.098684 0.093541
vt 1.118519 0.03759342
vt 1.136339 0.9102401
vt 1.101106 0.7667862
vt 1.107781 0.7656685
vt 1.131414 0.9133148
vt 1.136339 0.9313436
vt 1.131414 0.9313436
vt 1.141265 0.9313436
vt 1.136339 0.9313436
vt 1.136339 0.9102401
vt 1.141265 0.9133148
vt 1.107781 0.7656685
vt 1.115268 0.7667862
vt 1.075091 0.6210967
vt 1.087279 0.6202576
vt 1.0459 0.4765247
vt 1.063393 0.4737297
vt 1.035944 0.3644125
vt 1.056164 0.3601003
vt 1.043704 0.2523007
vt 1.069281 0.2464715
vt 1.073339 0.1494888
vt 1.097513 0.1494888
vt 1.098684 0.093541
vt 1.123484 0.093541
vt 1.136269 0.03759342
vt 1.14619 0.9313436
vt 1.141265 0.9313436
vt 1.141265 0.9133148
vt 1.14619 0.9102401
vt 1.115268 0.7667862
vt 1.123476 0.7656685
vt 1.087279 0.6202576
vt 1.101095 0.6210967
vt 1.063393 0.4737297
vt 1.083994 0.4765247
vt 1.056164 0.3601003
vt 1.076366 0.3644125
vt 1.069281 0.2464715
vt 1.090898 0.2523007
vt 1.097513 0.1494888
vt 1.12416 0.1494888
vt 1.123484 0.093541
vt 1.146778 0.0935415
vt 1.157367 0.03759342
vt 1.155658 0.9313436
vt 1.14619 0.9313436
vt 1.14619 0.9102401
vt 1.155658 0.9133148
vt 1.123476 0.7656685
vt 1.136797 0.7667862
vt 1.101095 0.6210967
vt 1.123009 0.620258
vt 1.083994 0.4765247
vt 1.107 0.4737297
vt 1.076366 0.3644125
vt 1.103621 0.3558323
vt 1.090898 0.2523007
vt 1.121378 0.2464712
vt 1.12416 0.1494888
vt 1.148658 0.1494888
vt 1.146778 0.0935415
vt 1.172722 0.0935415
vt 1.178242 0.03759372
vt 1.209567 0.093541
vt 1.209068 0.03759342
vt 1.216188 0.03759342
vt 1.098684 0.093541
vt 1.118519 0.03759342
vt 1.136269 0.03759342
vt 1.123484 0.093541
vt 1.136269 0.03759342
vt 1.157367 0.03759342
vt 1.146778 0.0935415
vt 1.157367 0.03759342
vt 1.178242 0.03759372
vt 1.172722 0.0935415
vt 1.178242 0.03759372
vt 1.198803 0.03759342
vt 1.193816 0.0935415
vt 1.198803 0.03759342
vt 1.209068 0.03759342
vt 1.209567 0.093541
vt 1.216188 0.03759342
vt 1.209068 0.03759342
vt 1.098684 0.093541
vt 1.136269 0.03759342
vt 1.118519 0.03759342
vt 1.193816 0.0935415
vt 1.209068 0.03759342
vt 1.198803 0.03759342
vt 1.404911 0.9335123
vt 1.428203 0.9335119
vt 1.428203 0.94166
vt 1.404911 0.94166
vt 1.404911 0.9230596
vt 1.428203 0.9313436
vt 1.404911 0.9313436
vt 1.428203 0.9194729
vt 1.451496 0.9313432
vt 1.451496 0.9280537
vt 1.451496 0.7816851
vt 1.428203 0.773965
vt 1.404911 0.7763835
vt 1.451496 0.6353179
vt 1.428204 0.6284573
vt 1.404911 0.6297073
vt 1.404911 0.4830321
vt 1.428204 0.4829501
vt 1.451496 0.4889509
vt 1.451496 0.3791743
vt 1.428204 0.3737832
vt 1.404911 0.3728366
vt 1.451496 0.2693991
vt 1.428204 0.2646174
vt 1.404911 0.2626411
vt 1.451496 0.1494883
vt 1.428204 0.1494886
vt 1.404911 0.1494888
vt 1.451496 0.093541
vt 1.428204 0.093541
vt 1.404911 0.093541
vt 1.404911 0.03759372
vt 1.428204 0.03759316
vt 1.451496 0.03759372
vt 1.306338 0.9335123
vt 1.335034 0.9335123
vt 1.335034 0.9416603
vt 1.306338 0.9416603
vt 1.306338 0.9157141
vt 1.335034 0.9313436
vt 1.306338 0.9313436
vt 1.335034 0.9112818
vt 1.358326 0.9313436
vt 1.358326 0.9192421
vt 1.358326 0.7727283
vt 1.335034 0.7658569
vt 1.306338 0.7693135
vt 1.358326 0.6262136
vt 1.335034 0.6204324
vt 1.306338 0.6229128
vt 1.306338 0.4765121
vt 1.335034 0.4750076
vt 1.358327 0.4797
vt 1.358327 0.3685785
vt 1.335035 0.3641949
vt 1.306338 0.364342
vt 1.358327 0.257457
vt 1.335034 0.2533827
vt 1.306338 0.2521719
vt 1.358327 0.1494886
vt 1.335034 0.1494886
vt 1.306338 0.1494888
vt 1.358327 0.093541
vt 1.335034 0.093541
vt 1.306338 0.0935415
vt 1.306338 0.03759372
vt 1.335034 0.03759342
vt 1.358327 0.03759316
vt 1.219595 0.9335119
vt 1.241865 0.9335119
vt 1.241865 0.9416603
vt 1.219606 0.9416982
vt 1.219595 0.9133148
vt 1.241864 0.9313436
vt 1.219595 0.9313436
vt 1.241865 0.9074718
vt 1.265157 0.9313436
vt 1.265157 0.914112
vt 1.263379 0.7677147
vt 1.241865 0.7620493
vt 1.219596 0.7667862
vt 1.264911 0.6213173
vt 1.241865 0.6166264
vt 1.219596 0.620258
vt 1.219596 0.4737297
vt 1.241865 0.471204
vt 1.265157 0.4749193
vt 1.265157 0.3619591
vt 1.241865 0.3586179
vt 1.219596 0.3601003
vt 1.265157 0.2489989
vt 1.241865 0.246032
vt 1.219596 0.2464712
vt 1.265157 0.1494886
vt 1.241865 0.1494888
vt 1.219596 0.1494888
vt 1.265157 0.093541
vt 1.241865 0.0935415
vt 1.219596 0.0935415
vt 1.219596 0.03759342
vt 1.241865 0.03759342
vt 1.265157 0.03759342
vt 1.474788 0.9335119
vt 1.498081 0.9335114
vt 1.49808 0.9416604
vt 1.474788 0.94166
vt 1.451496 0.9280537
vt 1.474788 0.9313436
vt 1.451496 0.9313432
vt 1.474788 0.9241769
vt 1.49808 0.9313441
vt 1.49808 0.9265721
vt 1.49808 0.7863321
vt 1.474788 0.7790253
vt 1.451496 0.7816851
vt 1.49808 0.6404043
vt 1.474788 0.6338739
vt 1.451496 0.6353179
vt 1.451496 0.4889509
vt 1.474788 0.4887224
vt 1.498081 0.494475
vt 1.498081 0.3850285
vt 1.474788 0.3798591
vt 1.451496 0.3791743
vt 1.498081 0.275582
vt 1.474788 0.2709953
vt 1.451496 0.2693991
vt 1.498081 0.1494886
vt 1.474788 0.1494886
vt 1.451496 0.1494883
vt 1.498081 0.093541
vt 1.474788 0.093541
vt 1.451496 0.093541
vt 1.451496 0.03759372
vt 1.474788 0.03759316
vt 1.498081 0.03759372
vt 1.451496 0.9335123
vt 1.474788 0.9335119
vt 1.474788 0.94166
vt 1.451496 0.94166
vt 1.428203 0.9335119
vt 1.451496 0.9335123
vt 1.451496 0.94166
vt 1.428203 0.94166
vt 1.376215 0.9335119
vt 1.404911 0.9335123
vt 1.404911 0.94166
vt 1.376215 0.9416603
vt 1.358326 0.9192421
vt 1.376215 0.9313436
vt 1.358326 0.9313436
vt 1.376215 0.9146042
vt 1.404911 0.9313436
vt 1.404911 0.9230596
vt 1.404911 0.7763835
vt 1.376216 0.7691007
vt 1.358326 0.7727283
vt 1.404911 0.6297073
vt 1.376216 0.6235967
vt 1.358326 0.6262136
vt 1.358327 0.4797
vt 1.376216 0.478093
vt 1.404911 0.4830321
vt 1.404911 0.3728366
vt 1.376216 0.368055
vt 1.358327 0.3685785
vt 1.404911 0.2626411
vt 1.376216 0.2580169
vt 1.358327 0.257457
vt 1.404911 0.1494888
vt 1.376216 0.1494886
vt 1.358327 0.1494886
vt 1.404911 0.093541
vt 1.376216 0.093541
vt 1.358327 0.093541
vt 1.358327 0.03759316
vt 1.376216 0.03759316
vt 1.404911 0.03759372
vt 1.358326 0.9335123
vt 1.376215 0.9335119
vt 1.376215 0.9416603
vt 1.358326 0.9416603
vt 1.335034 0.9335123
vt 1.358326 0.9335123
vt 1.358326 0.9416603
vt 1.335034 0.9416603
vt 1.288449 0.9335119
vt 1.306338 0.9335123
vt 1.306338 0.9416603
vt 1.288449 0.9416603
vt 1.265157 0.914112
vt 1.28845 0.9313436
vt 1.265157 0.9313436
vt 1.28845 0.9086401
vt 1.306338 0.9313436
vt 1.306338 0.9157141
vt 1.306338 0.7693135
vt 1.288295 0.7632866
vt 1.263379 0.7677147
vt 1.306338 0.6229128
vt 1.288449 0.617933
vt 1.264911 0.6213173
vt 1.265157 0.4749193
vt 1.288449 0.4725792
vt 1.306338 0.4765121
vt 1.306338 0.364342
vt 1.28845 0.3608495
vt 1.265157 0.3619591
vt 1.306338 0.2521719
vt 1.28845 0.2491201
vt 1.265157 0.2489989
vt 1.306338 0.1494888
vt 1.28845 0.1494886
vt 1.265157 0.1494886
vt 1.306338 0.0935415
vt 1.28845 0.0935415
vt 1.265157 0.093541
vt 1.265157 0.03759342
vt 1.28845 0.03759372
vt 1.306338 0.03759372
vt 1.265157 0.9335123
vt 1.288449 0.9335119
vt 1.288449 0.9416603
vt 1.265157 0.9416603
vt 1.241865 0.9335119
vt 1.265157 0.9335123
vt 1.265157 0.9416603
vt 1.241865 0.9416603
vt 1.197378 0.9416603
vt 1.177019 0.9335119
vt 1.197377 0.9335119
vt 1.177019 0.9416603
vt 1.155658 0.9335119
vt 1.155658 0.9416603
vt 1.197378 0.9313436
vt 1.177019 0.9313436
vt 1.177019 0.9102401
vt 1.197378 0.9133148
vt 1.169693 0.7656685
vt 1.209567 0.093541
vt 1.193816 0.0935415
vt 1.209068 0.03759342
vt 1.202315 0.1494888
vt 1.219596 0.1494888
vt 1.219596 0.0935415
vt 1.216188 0.03759342
vt 1.219596 0.03759342
vt 1.219596 0.2464712
vt 1.187928 0.2464715
vt 1.219596 0.3601003
vt 1.179681 0.1494888
vt 1.174063 0.3601003
vt 1.219596 0.4737297
vt 1.172722 0.0935415
vt 1.198803 0.03759342
vt 1.148658 0.1494888
vt 1.155552 0.2523007
vt 1.121378 0.2464712
vt 1.130764 0.3644125
vt 1.103621 0.3558323
vt 1.166144 0.4737297
vt 1.219596 0.620258
vt 1.13332 0.4765245
vt 1.107 0.4737297
vt 1.188349 0.620258
vt 1.219596 0.7667862
vt 1.154244 0.6210967
vt 1.123009 0.620258
vt 1.169693 0.7656685
vt 1.197378 0.7667862
vt 1.197378 0.9133148
vt 1.219595 0.9133148
vt 1.197378 0.9133148
vt 1.219595 0.9313436
vt 1.197378 0.9313436
vt 1.219606 0.9416982
vt 1.197378 0.9416603
vt 1.197377 0.9335119
vt 1.219595 0.9335119
vt 1.107781 0.7656685
vt 1.101106 0.7667862
vt 1.064765 0.620258
vt 1.075091 0.6210967
vt 1.02806 0.4737297
vt 1.0459 0.4765247
vt 1.013561 0.3601003
vt 1.035944 0.3644125
vt 1.018173 0.2464715
vt 1.043704 0.2523007
vt 1.046937 0.1494886
vt 1.073339 0.1494888
vt 1.077351 0.093541
vt 1.098684 0.093541
vt 1.118519 0.03759342
vt 1.136339 0.9102401
vt 1.101106 0.7667862
vt 1.107781 0.7656685
vt 1.131414 0.9133148
vt 1.136339 0.9313436
vt 1.131414 0.9313436
vt 1.13634 0.9416603
vt 1.131414 0.9416603
vt 1.131414 0.9335123
vt 1.13634 0.9335119
vt 1.141265 0.9313436
vt 1.136339 0.9313436
vt 1.136339 0.9102401
vt 1.141265 0.9133148
vt 1.107781 0.7656685
vt 1.115268 0.7667862
vt 1.075091 0.6210967
vt 1.087279 0.6202576
vt 1.0459 0.4765247
vt 1.063393 0.4737297
vt 1.035944 0.3644125
vt 1.056164 0.3601003
vt 1.043704 0.2523007
vt 1.069281 0.2464715
vt 1.073339 0.1494888
vt 1.097513 0.1494888
vt 1.098684 0.093541
vt 1.123484 0.093541
vt 1.136269 0.03759342
vt 1.141265 0.9416603
vt 1.13634 0.9416603
vt 1.13634 0.9335119
vt 1.141264 0.9335119
vt 1.14619 0.9313436
vt 1.141265 0.9313436
vt 1.141265 0.9133148
vt 1.14619 0.9102401
vt 1.115268 0.7667862
vt 1.123476 0.7656685
vt 1.087279 0.6202576
vt 1.101095 0.6210967
vt 1.063393 0.4737297
vt 1.083994 0.4765247
vt 1.123009 0.620258
vt 1.056164 0.3601003
vt 1.107 0.4737297
vt 1.076366 0.3644125
vt 1.069281 0.2464715
vt 1.103621 0.3558323
vt 1.090898 0.2523007
vt 1.097513 0.1494888
vt 1.121378 0.2464712
vt 1.12416 0.1494888
vt 1.123484 0.093541
vt 1.148658 0.1494888
vt 1.146778 0.0935415
vt 1.157367 0.03759342
vt 1.172722 0.0935415
vt 1.178242 0.03759372
vt 1.14619 0.9416603
vt 1.141265 0.9416603
vt 1.141264 0.9335119
vt 1.14619 0.9335119
vt 1.136797 0.7667862
vt 1.101095 0.6210967
vt 1.123009 0.620258
vt 1.123476 0.7656685
vt 1.155658 0.9133148
vt 1.14619 0.9102401
vt 1.155658 0.9313436
vt 1.14619 0.9313436
vt 1.155658 0.9416603
vt 1.14619 0.9416603
vt 1.14619 0.9335119
vt 1.155658 0.9335119
vt 1.169693 0.7656685
vt 1.136797 0.7667862
vt 1.123009 0.620258
vt 1.177019 0.9102401
vt 1.155658 0.9133148
vt 1.177019 0.9313436
vt 1.155658 0.9313436
vt 1.404911 0.9230596
vt 1.404911 0.9313436
vt 1.428203 0.9313436
vt 1.428203 0.9194729
vt 1.451496 0.9313432
vt 1.451496 0.9280537
vt 1.451496 0.7816851
vt 1.428203 0.773965
vt 1.404911 0.7763835
vt 1.451496 0.6353179
vt 1.428204 0.6284573
vt 1.404911 0.6297073
vt 1.404911 0.4830321
vt 1.428204 0.4829501
vt 1.451496 0.4889509
vt 1.451496 0.3791743
vt 1.428204 0.3737832
vt 1.404911 0.3728366
vt 1.451496 0.2693991
vt 1.428204 0.2646174
vt 1.404911 0.2626411
vt 1.451496 0.1494883
vt 1.428204 0.1494886
vt 1.404911 0.1494888
vt 1.451496 0.093541
vt 1.428204 0.093541
vt 1.404911 0.093541
vt 1.404911 0.03759372
vt 1.428204 0.03759316
vt 1.451496 0.03759372
vt 1.306338 0.9157141
vt 1.306338 0.9313436
vt 1.335034 0.9313436
vt 1.335034 0.9112818
vt 1.358326 0.9313436
vt 1.358326 0.9192421
vt 1.358326 0.7727283
vt 1.335034 0.7658569
vt 1.306338 0.7693135
vt 1.358326 0.6262136
vt 1.335034 0.6204324
vt 1.306338 0.6229128
vt 1.306338 0.4765121
vt 1.335034 0.4750076
vt 1.358327 0.4797
vt 1.358327 0.3685785
vt 1.335035 0.3641949
vt 1.306338 0.364342
vt 1.358327 0.257457
vt 1.335034 0.2533827
vt 1.306338 0.2521719
vt 1.358327 0.1494886
vt 1.335034 0.1494886
vt 1.306338 0.1494888
vt 1.358327 0.093541
vt 1.335034 0.093541
vt 1.306338 0.0935415
vt 1.306338 0.03759372
vt 1.335034 0.03759342
vt 1.358327 0.03759316
vt 1.219595 0.9133148
vt 1.219922 0.931947
vt 1.241864 0.9313436
vt 1.241865 0.9074718
vt 1.265157 0.9313436
vt 1.265157 0.914112
vt 1.263379 0.7677147
vt 1.241865 0.7620493
vt 1.219596 0.7667862
vt 1.264911 0.6213173
vt 1.241865 0.6166264
vt 1.219596 0.620258
vt 1.219596 0.4737297
vt 1.241865 0.471204
vt 1.265157 0.4749193
vt 1.265157 0.3619591
vt 1.241865 0.3586179
vt 1.219596 0.3601003
vt 1.265157 0.2489989
vt 1.241865 0.246032
vt 1.219596 0.2464712
vt 1.265157 0.1494886
vt 1.241865 0.1494888
vt 1.219596 0.1494888
vt 1.265157 0.093541
vt 1.241865 0.0935415
vt 1.219596 0.0935415
vt 1.219596 0.03759342
vt 1.241865 0.03759342
vt 1.265157 0.03759342
vt 1.451496 0.9280537
vt 1.451496 0.9313432
vt 1.474788 0.9313436
vt 1.474788 0.9241769
vt 1.49808 0.9313441
vt 1.49808 0.9265721
vt 1.49808 0.7863321
vt 1.474788 0.7790253
vt 1.451496 0.7816851
vt 1.49808 0.6404043
vt 1.474788 0.6338739
vt 1.451496 0.6353179
vt 1.451496 0.4889509
vt 1.474788 0.4887224
vt 1.498081 0.494475
vt 1.498081 0.3850285
vt 1.474788 0.3798591
vt 1.451496 0.3791743
vt 1.498081 0.275582
vt 1.474788 0.2709953
vt 1.451496 0.2693991
vt 1.498081 0.1494886
vt 1.474788 0.1494886
vt 1.451496 0.1494883
vt 1.498081 0.093541
vt 1.474788 0.093541
vt 1.451496 0.093541
vt 1.451496 0.03759372
vt 1.474788 0.03759316
vt 1.498081 0.03759372
vt 1.358326 0.9192421
vt 1.358326 0.9313436
vt 1.376215 0.9313436
vt 1.376215 0.9146042
vt 1.404911 0.9313436
vt 1.404911 0.9230596
vt 1.404911 0.7763835
vt 1.376216 0.7691007
vt 1.358326 0.7727283
vt 1.404911 0.6297073
vt 1.376216 0.6235967
vt 1.358326 0.6262136
vt 1.358327 0.4797
vt 1.376216 0.478093
vt 1.404911 0.4830321
vt 1.404911 0.3728366
vt 1.376216 0.368055
vt 1.358327 0.3685785
vt 1.404911 0.2626411
vt 1.376216 0.2580169
vt 1.358327 0.257457
vt 1.404911 0.1494888
vt 1.376216 0.1494886
vt 1.358327 0.1494886
vt 1.404911 0.093541
vt 1.376216 0.093541
vt 1.358327 0.093541
vt 1.358327 0.03759316
vt 1.376216 0.03759316
vt 1.404911 0.03759372
vt 1.265157 0.914112
vt 1.265157 0.9313436
vt 1.28845 0.9313436
vt 1.28845 0.9086401
vt 1.306338 0.9313436
vt 1.306338 0.9157141
vt 1.306338 0.7693135
vt 1.288295 0.7632866
vt 1.263379 0.7677147
vt 1.306338 0.6229128
vt 1.288449 0.617933
vt 1.264911 0.6213173
vt 1.265157 0.4749193
vt 1.288449 0.4725792
vt 1.306338 0.4765121
vt 1.306338 0.364342
vt 1.28845 0.3608495
vt 1.265157 0.3619591
vt 1.306338 0.2521719
vt 1.28845 0.2491201
vt 1.265157 0.2489989
vt 1.306338 0.1494888
vt 1.28845 0.1494886
vt 1.265157 0.1494886
vt 1.306338 0.0935415
vt 1.28845 0.0935415
vt 1.265157 0.093541
vt 1.265157 0.03759342
vt 1.28845 0.03759372
vt 1.306338 0.03759372
vt 1.209567 0.093541
vt 1.209068 0.03759342
vt 1.193816 0.0935415
vt 1.202315 0.1494888
vt 1.219596 0.1494888
vt 1.219596 0.0935415
vt 1.216188 0.03759342
vt 1.219596 0.03759342
vt 1.219596 0.2464712
vt 1.187928 0.2464715
vt 1.219596 0.3601003
vt 1.179681 0.1494888
vt 1.174063 0.3601003
vt 1.219596 0.4737297
vt 1.172722 0.0935415
vt 1.198803 0.03759342
vt 1.148658 0.1494888
vt 1.155552 0.2523007
vt 1.121378 0.2464712
vt 1.130764 0.3644125
vt 1.103621 0.3558323
vt 1.166144 0.4737297
vt 1.219596 0.620258
vt 1.13332 0.4765245
vt 1.107 0.4737297
vt 1.188349 0.620258
vt 1.219596 0.7667862
vt 1.154244 0.6210967
vt 1.123009 0.620258
vt 1.197378 0.7667862
vt 1.219595 0.9133148
vt 1.169693 0.7656685
vt 1.136797 0.7667862
vt 1.197378 0.9133148
vt 1.219922 0.931947
vt 1.197378 0.9313436
vt 1.197378 0.9133148
vt 1.177019 0.9102401
vt 1.197378 0.9313436
vt 1.155658 0.9133148
vt 1.177019 0.9313436
vt 1.155658 0.9313436
vt 1.136339 0.9102401
vt 1.107781 0.7656685
vt 1.101106 0.7667862
vt 1.064765 0.620258
vt 1.075091 0.6210967
vt 1.02806 0.4737297
vt 1.0459 0.4765247
vt 1.013561 0.3601003
vt 1.035944 0.3644125
vt 1.018173 0.2464715
vt 1.043704 0.2523007
vt 1.046937 0.1494886
vt 1.073339 0.1494888
vt 1.069281 0.2464715
vt 1.077351 0.093541
vt 1.098684 0.093541
vt 1.118519 0.03759342
vt 1.136339 0.9102401
vt 1.101106 0.7667862
vt 1.131414 0.9133148
vt 1.136339 0.9313436
vt 1.131414 0.9313436
vt 1.056164 0.3601003
vt 1.069281 0.2464715
vt 1.043704 0.2523007
vt 1.035944 0.3644125
vt 1.063393 0.4737297
vt 1.0459 0.4765247
vt 1.087279 0.6202576
vt 1.075091 0.6210967
vt 1.115268 0.7667862
vt 1.107781 0.7656685
vt 1.141265 0.9133148
vt 1.136339 0.9102401
vt 1.141265 0.9313436
vt 1.136339 0.9313436
vt 1.123484 0.093541
vt 1.157367 0.03759342
vt 1.136269 0.03759342
vt 1.098684 0.093541
vt 1.097513 0.1494888
vt 1.073339 0.1494888
vt 1.069281 0.2464715
vt 1.14619 0.9313436
vt 1.141265 0.9133148
vt 1.141265 0.9313436
vt 1.14619 0.9102401
vt 1.115268 0.7667862
vt 1.123476 0.7656685
vt 1.087279 0.6202576
vt 1.101095 0.6210967
vt 1.063393 0.4737297
vt 1.083994 0.4765247
vt 1.056164 0.3601003
vt 1.076366 0.3644125
vt 1.069281 0.2464715
vt 1.090898 0.2523007
vt 1.097513 0.1494888
vt 1.12416 0.1494888
vt 1.123484 0.093541
vt 1.146778 0.0935415
vt 1.157367 0.03759342
vt 1.178242 0.03759372
vt 1.155658 0.9313436
vt 1.14619 0.9102401
vt 1.14619 0.9313436
vt 1.155658 0.9133148
vt 1.123476 0.7656685
vt 1.136797 0.7667862
vt 1.101095 0.6210967
vt 1.123009 0.620258
vt 1.083994 0.4765247
vt 1.107 0.4737297
vt 1.076366 0.3644125
vt 1.103621 0.3558323
vt 1.090898 0.2523007
vt 1.121378 0.2464712
vt 1.12416 0.1494888
vt 1.148658 0.1494888
vt 1.146778 0.0935415
vt 1.172722 0.0935415
vt 1.178242 0.03759372
vt 1.198803 0.03759342
vt 0.1657816 0.8378209
vt 0.1630289 0.8378209
vt 0.1628321 0.9953727
vt 0.1655856 0.9953727
vt 0.01111478 0.9953727
vt 0.01416701 0.8378209
vt 0.01123399 0.8378209
vt 0.01405519 0.9953727
vt 0.01748198 0.9953727
vt 0.01755679 0.8378209
vt 0.0201208 0.8378209
vt 0.0200454 0.9953727
vt 0.1425824 0.1138725
vt 0.1423334 0.03518933
vt 0.1420078 0.03518933
vt 0.1422566 0.1138725
vt 0.02097756 0.8352259
vt 0.02093178 0.8378209
vt 0.02205628 0.8378209
vt 0.02215379 0.8352259
vt 0.02093178 0.8378209
vt 0.02085799 0.9953727
vt 0.02198392 0.9953727
vt 0.02205628 0.8378209
vt 0.02085799 0.9953727
vt 0.02083987 0.997936
vt 0.02198803 0.997936
vt 0.02198392 0.9953727
vt 0.02434776 0.8352259
vt 0.02315336 0.8378209
vt 0.1630289 0.8378209
vt 0.1630289 0.8352259
vt 0.02315336 0.8378209
vt 0.02315336 0.9953727
vt 0.1628321 0.9953727
vt 0.1630289 0.8378209
vt 0.02315336 0.9953727
vt 0.02434776 0.997936
vt 0.1628321 0.997936
vt 0.1628321 0.9953727
vt 0.1430027 0.03518933
vt 0.1432538 0.1138725
vt 0.2410592 0.1138725
vt 0.2410592 0.03518933
vt 0.0201208 0.8352259
vt 0.01755679 0.8378209
vt 0.0201208 0.8378209
vt 0.01755679 0.8352259
vt 0.01426911 0.8352259
vt 0.01416701 0.8378209
vt 0.01123399 0.8378209
vt 0.01123428 0.8352259
vt 0.009933054 0.8352259
vt 0.009932518 0.8378209
vt 0.0200454 0.9953727
vt 0.01748198 0.997936
vt 0.0200454 0.997936
vt 0.01748198 0.9953727
vt 0.01405519 0.9953727
vt 0.01405519 0.997936
vt 0.01111466 0.997936
vt 0.01111478 0.9953727
vt 0.009932697 0.9953727
vt 0.009932458 0.997936
vt 0.141432 0.03518933
vt 0.1402716 0.1138725
vt 0.1416832 0.1138725
vt 0.1400204 0.03518933
vt 0.1364585 0.03518933
vt 0.1364585 0.1138725
vt 0.1351407 0.03518933
vt 0.1351407 0.1138725
vt 0.1303856 0.03518933
vt 0.1303856 0.1138725
vt 0.1416832 0.1138725
vt 0.1422566 0.1138725
vt 0.1420078 0.03518933
vt 0.141432 0.03518933
vt 0.1430027 0.03518933
vt 0.1423334 0.03518933
vt 0.1425824 0.1138725
vt 0.1432538 0.1138725
vt 0.02434776 0.8352259
vt 0.02215379 0.8352259
vt 0.02205628 0.8378209
vt 0.02315336 0.8378209
vt 0.0201208 0.8378209
vt 0.02093178 0.8378209
vt 0.02097756 0.8352259
vt 0.0201208 0.8352259
vt 0.02315336 0.8378209
vt 0.02205628 0.8378209
vt 0.02198392 0.9953727
vt 0.02315336 0.9953727
vt 0.0200454 0.9953727
vt 0.02085799 0.9953727
vt 0.02093178 0.8378209
vt 0.0201208 0.8378209
vt 0.02315336 0.9953727
vt 0.02198392 0.9953727
vt 0.02198803 0.997936
vt 0.02434776 0.997936
vt 0.0200454 0.997936
vt 0.02083987 0.997936
vt 0.02085799 0.9953727
vt 0.0200454 0.9953727
vt 0.1303856 0.03518933
vt 0.1195927 0.03518933
vt 0.1195927 0.1138725
vt 0.1303856 0.1138725
vt 0.009932518 0.8378209
vt 0.009932697 0.9953727
vt 0.01111478 0.9953727
vt 0.01123399 0.8378209
vt 2.108955 0.9992436
vt 2.000671 0.7502664
vt 2.000671 0.9992436
vt 2.108955 0.7502664
vt 2.145743 0.7502664
vt 2.145743 0.9992436
vt 2.182532 0.7502664
vt 2.182532 0.9992436
vt 2.21932 0.9992436
vt 2.21932 0.7502664
vt 2.247849 0.7502664
vt 2.247849 0.9992436
vt 2.276377 0.7502664
vt 2.276377 0.9992436
vt 2.304905 0.7502664
vt 2.304905 0.9992436
vt 2.319259 0.7502664
vt 2.319259 0.9992436
vt 2.333613 0.9992436
vt 2.333613 0.7502664
vn 1 0 0
vn 1 0 0
vn 1 0 0
vn 1 0 0
vn 0 0 1
vn 0 0 1
vn 0 0 1
vn 0 0 1
vn 0 0 -1
vn 0 0 -1
vn 0 0 -1
vn 0 0 -1
vn 0 -1 0
vn 0 -1 0
vn 0 -1 0
vn 0 -1 0
vn 0 0 -1
vn 0 0 -1
vn 0 1 0
vn 0 1 0
vn 0 1 0
vn 0 1 0
vn 0 1 0
vn 0 1 0
vn 0 0.3337189 0.9426726
vn 0 0.3337192 0.9426725
vn 0 0.3337185 0.9426727
vn 0 0.3337192 0.9426725
vn 0 -0.3337179 0.942673
vn 0 0.3337187 0.9426727
vn 0 0.3337197 0.9426723
vn 0 0.3337196 0.9426723
vn 0 -0.2761781 0.9611065
vn 0 0.3337185 0.9426727
vn 0 0.3337179 0.942673
vn 0 0.3337177 0.942673
vn 0 -0.3337185 0.9426728
vn 0 -0.3337185 0.9426728
vn 0 0.3337189 0.9426726
vn 0 -0.3337183 0.9426728
vn 0 0.3337187 0.9426727
vn 0 -0.3337184 0.9426728
vn 0 0.3337186 0.9426727
vn 0 0.2761781 0.9611065
vn 0 0.4186125 0.908165
vn 0 -0.3337194 0.9426724
vn 0 -0.3337193 0.9426725
vn 0 0.333719 -0.9426726
vn 0 0.333719 -0.9426726
vn 0 0.3337192 -0.9426725
vn 0 0.3337192 -0.9426725
vn 0 0.3337203 -0.9426722
vn 0 0.3337203 -0.9426722
vn 0 -0.2761778 -0.9611065
vn 0 0.3337174 -0.9426731
vn 0 0.3337177 -0.942673
vn 0 -0.3337187 -0.9426727
vn 0 -0.3337187 -0.9426727
vn 0 -0.3337185 -0.9426728
vn 0 0.3337201 -0.9426722
vn 0 -0.3337189 -0.9426726
vn 0 0.3337196 -0.9426724
vn 0 0.333719 -0.9426726
vn 0 -0.3337184 -0.9426728
vn 0 0.3337189 -0.9426726
vn 0 -0.3337183 -0.9426728
vn 0 -0.3337184 -0.9426728
vn 0 -0.3337189 -0.9426726
vn 0 0.2761782 -0.9611064
vn 0 0.2761776 -0.9611067
vn 0 -0.3337196 -0.9426724
vn 0 -0.3337194 -0.9426724
vn -0.02019505 -0.6870279 0.7263502
vn 0.07709389 -0.01646454 0.9968879
vn -0.02641086 -0.7355777 0.6769254
vn 0.0762594 0.04805658 0.9959293
vn 0.415696 0.6272098 0.6586384
vn 0.05800258 -0.05082413 0.9970219
vn -0.3928095 -0.8200112 0.4162719
vn 0.05800258 -0.05082413 0.9970219
vn -0.4577702 -0.8441808 0.278936
vn 0.04947732 0.03441145 0.9981823
vn 0.2983039 0.7072785 0.6409149
vn 0.07575695 -0.0327847 0.9965872
vn -0.2127606 -0.812255 0.5431159
vn 0.07575695 -0.0327847 0.9965872
vn -0.2626328 -0.8717862 0.4135368
vn 0.03135368 0.01198545 0.9994364
vn 0.1422928 0.7872149 0.6000379
vn 0.07709389 -0.01646454 0.9968879
vn -0.02019526 -0.6870279 -0.7263504
vn -0.02641112 -0.7355775 -0.6769255
vn 0.07709311 -0.01646468 -0.996888
vn 0.07625952 0.04805661 -0.9959293
vn 0.05800332 -0.05082462 -0.9970217
vn 0.4156959 0.6272098 -0.6586385
vn 0.03135361 0.01198516 -0.9994364
vn 0.07709311 -0.01646468 -0.996888
vn 0.1422922 0.7872146 -0.6000383
vn 0.7137561 0.7003943 0
vn 0.9674982 -0.2528778 0
vn 0.9674982 -0.2528778 0
vn 0.7137561 0.7003943 0
vn 0 0.3337171 0.9426733
vn 0 -0.01602914 0.9998715
vn 0 0.3337173 0.9426731
vn 0 0.02875999 0.9995864
vn 0 -0.333719 0.9426725
vn 0 -0.333719 0.9426725
vn 0 -0.3337194 0.9426724
vn -1.110277E-07 0.0001865957 1
vn 0 0.3337172 0.9426733
vn 0 -0.3337185 0.9426728
vn 0 0.0001869069 1
vn -1.450009E-07 0.3337183 0.9426728
vn 1.109109E-07 0.3337176 0.9426731
vn 1.085685E-07 0.01109762 0.9999385
vn 0 -0.3337186 0.9426727
vn 0 -0.333719 0.9426725
vn 0 0.000339613 1
vn 0 0.3337177 0.942673
vn 0 -0.3337194 0.9426724
vn 0 0.0003393543 1
vn 0 0.3337179 0.942673
vn 0 -0.3337192 0.9426725
vn 0 0.0335188 0.9994381
vn 0 0.3337178 0.942673
vn -1.826578E-07 -0.3337186 0.9426727
vn -2.287553E-07 0.0003396868 1
vn -1.892102E-07 0.3337182 0.9426728
vn 0 0.3337186 0.9426727
vn 0 0.1018094 0.9948038
vn 0 -0.3337183 0.9426728
vn 0.7706292 0.6372838 0
vn 0.9744862 -0.2244475 0
vn 0.9744862 -0.2244475 0
vn 0.7706292 0.6372838 0
vn 0 0.2761787 0.9611063
vn 0 -0.02009575 0.9997981
vn 0 0.2761788 0.9611063
vn 0 0.02233136 0.9997507
vn 0 -0.3337194 0.9426724
vn 0 -0.3337195 0.9426724
vn 0 -0.3337199 0.9426723
vn 0 -6.146111E-05 1
vn 0 0.2761784 0.9611064
vn 0 -0.3337196 0.9426723
vn 0 -6.158047E-05 1
vn 0 0.2761781 0.9611065
vn 0 0.2761778 0.9611065
vn 0 0.005829847 0.9999831
vn 0 -0.333719 0.9426725
vn 0 -0.3337182 0.942673
vn 0 0.0007473858 0.9999998
vn 0 0.2761775 0.9611067
vn 0 -0.3337184 0.9426728
vn 0 0.0007473666 0.9999998
vn 0 0.2761776 0.9611067
vn 0 -0.3337188 0.9426727
vn 0 0.02548668 0.9996752
vn 0 0.2761776 0.9611067
vn 0 -0.3337184 0.9426728
vn 0 0.0007474059 0.9999998
vn 0 0.2761776 0.9611067
vn 0 0.2761775 0.9611067
vn 0 0.08199925 0.9966324
vn 0 -0.3337185 0.9426728
vn 0.6652122 0.7466544 -3.761113E-05
vn 0.9996069 -0.02803767 -5.652123E-05
vn 0.9996087 -0.02797522 -5.652134E-05
vn 0.6652122 0.7466545 -3.761113E-05
vn -0.002686393 0.1099634 0.993932
vn -0.001691599 -0.09700681 0.9952822
vn -0.003213917 0.1343147 0.9909335
vn -0.000726135 -0.1229014 0.9924186
vn 0 -0.3337165 0.9426734
vn 7.010237E-05 -0.3350272 0.9422085
vn 0.0003045992 -0.3461424 0.9381819
vn -4.098434E-05 -0.1590707 0.9872672
vn 0.0001697263 -0.02722876 0.9996293
vn -0.0004064499 -0.3429109 0.9393678
vn -0.0002047908 -0.1620422 0.9867839
vn -0.0001281972 -0.02683178 0.99964
vn -0.000189586 -0.03111911 0.9995157
vn -9.276006E-05 -0.1732372 0.9848801
vn -6.121789E-05 -0.3347841 0.9422949
vn 0 -0.3337179 0.942673
vn 0 -0.180741 0.9835307
vn 0 -0.03441516 0.9994076
vn 0 -0.3337181 0.942673
vn 0 -0.1807412 0.9835307
vn -1.068183E-07 -0.03441516 0.9994076
vn 0 -0.3337182 0.9426728
vn 0 -0.1741552 0.9847183
vn 0 -0.03441517 0.9994076
vn -2.746827E-07 -0.3337182 0.9426728
vn -2.443288E-07 -0.1807411 0.9835307
vn 0 -0.03441514 0.9994076
vn 0 -0.03441512 0.9994076
vn -2.783389E-07 -0.1570989 0.9875829
vn -6.812158E-07 -0.3337184 0.9426728
vn 0.9831745 -0.1826686 0
vn 0.5699453 -0.8216825 0
vn 0.5699453 -0.8216825 0
vn 0.9831745 -0.1826686 0
vn 0 0.3337188 0.9426726
vn 0 -0.01142113 0.9999348
vn 0 0.3337188 0.9426726
vn 0 0.02458791 0.9996977
vn 0 -0.3337212 0.9426718
vn 0 -0.3337212 0.9426718
vn 0 -0.3337207 0.942672
vn 0 0.0002666319 1
vn 0 0.3337189 0.9426726
vn 0 -0.3337203 0.9426721
vn 0 0.0002667038 1
vn 0 0.3337188 0.9426726
vn 0 0.3337192 0.9426725
vn 0 0.01046474 0.9999453
vn 0 -0.3337192 0.9426725
vn 0 -0.333719 0.9426725
vn 0 0.0002664792 1
vn 0 0.3337189 0.9426726
vn 0 -0.3337193 0.9426725
vn 0 0.0002666049 1
vn 0 0.3337185 0.9426727
vn -1.115739E-07 -0.333719 0.9426725
vn 0 0.0307473 0.9995272
vn 0 0.3337188 0.9426726
vn 0 -0.3337192 0.9426725
vn 0 0.0002660415 1
vn 0 0.3337187 0.9426727
vn 0 0.3337186 0.9426727
vn 0 0.09442708 0.9955317
vn 0 -0.3337193 0.9426725
vn 0.6926186 0.7213041 0
vn 0.9831745 -0.1826686 0
vn 0.9831745 -0.1826686 0
vn 0.6926186 0.7213041 0
vn 0.9674982 -0.2528778 0
vn 0.5434758 -0.8394248 0
vn 0.5434758 -0.8394248 0
vn 0.9674982 -0.2528778 0
vn 0.9669821 -0.2548446 0
vn 0.5967119 -0.8024555 0
vn 0.5967119 -0.8024555 0
vn 0.9669821 -0.2548446 0
vn 0 0.4186091 0.9081665
vn 0 -0.001119492 0.9999994
vn 0 0.4186092 0.9081664
vn 0 0.006487527 0.999979
vn 0 -0.2761779 0.9611065
vn 0 -0.2761781 0.9611065
vn -1.800868E-07 -0.2761786 0.9611063
vn -1.37471E-07 -9.775989E-05 1
vn -1.097018E-07 0.4186088 0.9081666
vn 0 -0.2761773 0.9611068
vn 0 -9.773763E-05 1
vn -1.014106E-07 0.4186105 0.9081658
vn 0 0.4186125 0.908165
vn 0 0.004154567 0.9999914
vn 0 -0.2761769 0.9611068
vn 0 -0.276177 0.9611068
vn 0 0.0007426323 0.9999998
vn 0 0.4186133 0.9081646
vn 0 -0.2761769 0.9611068
vn 0 0.0007426904 0.9999998
vn 0 0.4186128 0.9081649
vn 0 -0.2761768 0.9611068
vn 0 0.02853721 0.9995927
vn 0 0.418613 0.9081647
vn 0 -0.2761769 0.9611068
vn 0 0.0007426761 0.9999998
vn 0 0.4186133 0.9081646
vn 0 0.4186131 0.9081647
vn 0 0.1036301 0.9946159
vn 0 -0.2761773 0.9611068
vn 0.5862458 0.8101332 0
vn 0.9669821 -0.2548446 0
vn 0.9669821 -0.2548446 0
vn 0.5862458 0.8101332 0
vn 0.9744862 -0.2244475 0
vn 0.5411191 -0.8409459 0
vn 0.5411191 -0.8409459 0
vn 0.9744862 -0.2244475 0
vn 0.992502 -0.1222288 0
vn 0.4773414 -0.8787178 0
vn 0.4773414 -0.8787178 0
vn 0.992502 -0.1222288 0
vn -8.65301E-05 0.332363 0.9431516
vn 0 -0.01513813 0.9998854
vn 0 0.3337216 0.9426717
vn -0.0001680527 0.01950722 0.9998097
vn 0 -0.4186075 0.9081672
vn 6.087022E-06 -0.4184814 0.9082254
vn 3.361656E-05 -0.4171644 0.9088309
vn 7.797439E-05 7.373758E-05 1
vn -0.0002394627 0.3230054 0.9463972
vn -4.893757E-05 -0.4175062 0.9086741
vn 0.0001544321 -4.050247E-05 1
vn 0.0004004221 0.3259911 0.9453728
vn 5.69613E-05 0.332719 0.9430261
vn 2.481151E-05 0.005152326 0.9999868
vn 0 -0.4186099 0.9081661
vn 0 -0.4186114 0.9081655
vn 0 0.00070544 0.9999998
vn 0 0.3337201 0.9426722
vn 1.517438E-07 -0.418611 0.9081656
vn 1.708684E-07 0.0007053897 0.9999998
vn 0 0.33372 0.9426723
vn 3.322282E-07 -0.4186109 0.9081656
vn 1.609509E-07 0.02566867 0.9996705
vn 0 0.33372 0.9426723
vn 0 -0.4186121 0.908165
vn 0 0.0007055542 0.9999998
vn 0 0.3337197 0.9426723
vn 0 0.3337196 0.9426723
vn 0 0.08341437 0.9965149
vn 0 -0.4186119 0.9081652
vn 0.6431007 0.7657816 0
vn 0.992502 -0.1222288 0
vn 0.992502 -0.1222288 0
vn 0.6431007 0.7657816 0
vn 0.9996069 -0.02803767 -5.652123E-05
vn 0.6004111 -0.7996915 -3.395164E-05
vn 0.6004111 -0.7996915 -3.395164E-05
vn 0.9996087 -0.02797522 -5.652134E-05
vn 0.9100555 0.4144864 0
vn 0.5103277 0.85998 0
vn 0.9100555 0.4144864 0
vn 0.5103277 0.85998 0
vn 0.2577622 0.9662084 0
vn 0.2577622 0.9662084 0
vn 0 -0.8989441 0.4380635
vn 0 0.5876272 0.8091319
vn -0.01032758 -0.004963004 0.9999344
vn 0.003605533 -0.8668297 0.4985914
vn -0.01303482 0.007313072 0.9998883
vn -0.02019505 -0.6870279 0.7263502
vn 0.03135368 0.01198545 0.9994364
vn 0.07709389 -0.01646454 0.9968879
vn -0.006099292 -0.5562969 0.8309613
vn 2.14807E-07 -0.6525808 0.7577192
vn 3.306361E-07 -0.6525807 0.7577192
vn -0.02641086 -0.7355777 0.6769254
vn 0 -0.6525812 0.7577188
vn 0 -0.6525812 0.7577187
vn -0.002543229 -0.5072007 0.8618243
vn 0 -0.6525815 0.7577186
vn 0.008849171 0.001540768 0.9999597
vn 0.0007168283 -0.4929793 0.8700408
vn -0.003637229 -0.7014119 0.7127469
vn 0.1054418 0.7019953 0.7043329
vn 0.1422928 0.7872149 0.6000379
vn 0.0302965 0.4988357 0.8661669
vn 0.00313252 0.003070237 0.9999905
vn 0.01186091 0.4448569 0.8955231
vn -0.001724677 0.003038239 0.9999939
vn -0.002732466 0.4280938 0.9037302
vn 0.0008718319 -0.5329912 0.8461204
vn -0.004451421 -0.800638 0.5991318
vn -0.004394068 -0.0005784107 0.9999902
vn -0.0111548 0.4706899 0.8822283
vn 0.0004774508 -0.599815 0.8001385
vn 0.003761125 -0.8106618 0.5855026
vn -0.006824278 0.0004859836 0.9999766
vn -0.01558881 0.5861823 0.8100292
vn -0.01303482 0.007313072 0.9998883
vn 0.00751721 -0.6886393 0.7250652
vn 0.003605533 -0.8668297 0.4985914
vn -4.912847E-05 -0.7418841 0.6705282
vn -2.569529E-05 -0.7419391 0.6704672
vn -0.002232219 -0.7367266 0.6761871
vn -0.002232219 -0.7367266 0.6761871
vn 0.3099556 -0.9507511 0
vn 0.3099555 -0.9507511 0
vn 0.3099555 -0.9507511 0
vn 0.3099556 -0.9507511 0
vn -0.0134472 -0.01516489 0.9997947
vn -0.1178088 0.8623649 0.4923899
vn -0.1043572 0.6713755 0.7337332
vn -0.01619885 0.01063896 0.9998122
vn -0.05135414 0.5046406 0.8618007
vn -0.008656474 0.01180466 0.9998928
vn -0.006559752 0.4311849 0.9022398
vn -0.00218139 0.01170972 0.9999291
vn 0.04145696 0.4324846 0.9006878
vn 0.005558675 0.01561131 0.9998627
vn 0.09902795 0.459258 0.8827659
vn 0.01269318 0.0007555725 0.9999192
vn 0.2986512 0.571266 0.7645016
vn 0.0762594 0.04805658 0.9959293
vn 0.415696 0.6272098 0.6586384
vn -0.00201718 -0.01526105 0.9998815
vn -0.1178088 0.8623649 0.4923899
vn -0.0134472 -0.01516489 0.9997947
vn -0.01563754 0.939449 0.3423318
vn 0 -7.079073E-07 1
vn 0 0.9442533 0.3292198
vn 1 -4.461722E-07 0
vn 0.257757 0.9662098 0
vn 0.257757 0.9662098 0
vn 1 -4.461722E-07 0
vn 0 -0.9442551 0.3292149
vn 0 -7.079073E-07 1
vn -0.00201718 -0.01526105 0.9998815
vn 0.01390153 -0.9411072 0.3378223
vn -0.0134472 -0.01516489 0.9997947
vn 0.09194104 -0.8116867 0.5768116
vn -0.01619885 0.01063896 0.9998122
vn 0.07064706 -0.5631783 0.82331
vn -0.008656474 0.01180466 0.9998928
vn 0.03769306 -0.4528244 0.8908026
vn -0.00218139 0.01170972 0.9999291
vn 0.005489932 -0.4269329 0.9042666
vn 0.005558675 0.01561131 0.9998627
vn -0.03818213 -0.4646352 0.8846787
vn 0.01269318 0.0007555725 0.9999192
vn -0.1085355 -0.5688373 0.8152571
vn 0.0762594 0.04805658 0.9959293
vn -0.3928095 -0.8200112 0.4162719
vn 0.05800258 -0.05082413 0.9970219
vn 0.257751 -0.9662113 0
vn 1 -4.461722E-07 0
vn 1 -4.461722E-07 0
vn 0.257751 -0.9662113 0
vn 0 -4.719354E-07 1
vn 0 0.9442533 0.3292202
vn -0.01285981 0.9369532 0.3492181
vn -0.004573811 -0.01158309 0.9999225
vn -0.07347911 0.81813 0.5703193
vn -0.01570468 -0.002017416 0.9998746
vn -0.05485034 0.6050209 0.7943179
vn -0.01325693 0.003667011 0.9999055
vn -0.03006114 0.4738071 0.8801154
vn -0.006991547 0.005889743 0.9999583
vn 0.03445483 -0.5909064 0.806004
vn -0.004206898 0.4263534 0.9045469
vn 0.02012545 -0.4641174 0.8855451
vn -0.001107719 0.007346077 0.9999725
vn 0.02702167 0.4385816 0.898285
vn 0.003791925 -0.4254246 0.904986
vn 0.004024784 0.009430441 0.9999474
vn 0.06668808 0.4782551 0.8756853
vn -0.0207247 -0.4578987 0.8887628
vn 0.01038201 0.0006929313 0.9999459
vn 0.2163122 0.6336641 0.7427509
vn -0.05686674 -0.5444177 0.8368844
vn 0.04947732 0.03441145 0.9981823
vn 0.2983039 0.7072785 0.6409149
vn -0.2127606 -0.812255 0.5431159
vn 0.07575695 -0.0327847 0.9965872
vn 1 -4.461706E-07 0
vn 0.2577561 0.96621 0
vn 0.2577561 0.96621 0
vn 1 -4.461706E-07 0
vn 0.05529153 -0.81689 0.5741373
vn -0.01325693 0.003667011 0.9999055
vn 0.03445483 -0.5909064 0.806004
vn -0.01570468 -0.002017416 0.9998746
vn 0.01061854 -0.9385271 0.3450422
vn -0.004573811 -0.01158309 0.9999225
vn 0 -0.9442541 0.3292177
vn 0 -4.719354E-07 1
vn 0.2577536 -0.9662107 0
vn 1 -4.461706E-07 0
vn 1 -4.461706E-07 0
vn 0.2577536 -0.9662107 0
vn -0.01303482 0.007313072 0.9998883
vn -0.03498912 0.7967801 0.6032555
vn -0.01558881 0.5861823 0.8100292
vn -0.01032758 -0.004963004 0.9999344
vn -0.008777902 0.9356821 0.3527349
vn 0 0.5876272 0.8091319
vn 0 0.9442533 0.3292196
vn 0 0.3337172 -0.9426733
vn 0 0.3337174 -0.9426731
vn 0 -0.01602914 -0.9998715
vn 0 0.02876008 -0.9995864
vn 0 -0.3337192 -0.9426725
vn 0 -0.3337193 -0.9426725
vn 0 -0.3337196 -0.9426724
vn 0 0.0001865958 -1
vn -1.058836E-07 0.3337173 -0.9426731
vn 0 -0.3337184 -0.9426728
vn 0 0.0001867848 -1
vn -1.450008E-07 0.3337182 -0.942673
vn 1.490026E-07 0.3337177 -0.9426731
vn 0 0.01109749 -0.9999385
vn 0 -0.3337184 -0.9426728
vn 0 -0.3337194 -0.9426724
vn 0 0.0003394209 -1
vn 0 0.3337177 -0.942673
vn 0 -0.3337197 -0.9426723
vn 0 0.0003391841 -1
vn 0 0.3337178 -0.942673
vn 0 -0.3337193 -0.9426725
vn 0 0.03351876 -0.9994381
vn -1.206977E-07 0.3337177 -0.942673
vn 0 -0.3337185 -0.9426728
vn -2.369093E-07 0.0003397682 -1
vn -2.54193E-07 0.3337183 -0.9426728
vn 0 0.3337187 -0.9426727
vn 0 0.1018096 -0.9948038
vn 0 -0.3337178 -0.942673
vn 0 0.2761786 -0.9611063
vn 0 0.2761787 -0.9611063
vn 0 -0.02009579 -0.9997981
vn 0 0.02233139 -0.9997507
vn 0 -0.3337196 -0.9426724
vn 0 -0.3337196 -0.9426724
vn 0 -0.3337197 -0.9426723
vn 0 -6.134164E-05 -1
vn 0 0.2761786 -0.9611063
vn 0 -0.3337196 -0.9426724
vn 0 -6.156056E-05 -1
vn 0 0.2761782 -0.9611064
vn 0 0.2761775 -0.9611067
vn 0 0.005829743 -0.9999831
vn 0 -0.333719 -0.9426725
vn 0 -0.3337183 -0.9426728
vn 0 0.0007473727 -0.9999998
vn 0 0.2761773 -0.9611068
vn 0 -0.3337185 -0.9426727
vn 0 0.0007475366 -0.9999998
vn 0 0.2761776 -0.9611067
vn 0 -0.3337187 -0.9426727
vn 0 0.02548675 -0.9996752
vn 0 0.2761778 -0.9611067
vn 0 -0.3337184 -0.9426728
vn 0 0.0007474647 -0.9999998
vn 0 0.2761776 -0.9611067
vn 0 0.2761776 -0.9611067
vn 0 0.08199937 -0.9966324
vn 0 -0.3337184 -0.9426728
vn -0.002686728 0.1099409 -0.9939345
vn -0.003214349 0.1342916 -0.9909367
vn -0.001692014 -0.0969892 -0.995284
vn -0.00072622 -0.1229111 -0.9924175
vn 0 -0.3337168 -0.9426734
vn 7.013814E-05 -0.3350278 -0.9422082
vn 0.0003046281 -0.3461424 -0.9381819
vn -4.103889E-05 -0.1590708 -0.9872672
vn 0.0001696053 -0.02722877 -0.9996293
vn -0.0004065283 -0.3429109 -0.9393678
vn -0.0002048638 -0.1620422 -0.9867839
vn -0.0001282349 -0.02683179 -0.99964
vn -0.0001896223 -0.03111911 -0.9995157
vn -9.277646E-05 -0.1732372 -0.9848801
vn -6.128672E-05 -0.3347841 -0.9422949
vn 0 -0.3337182 -0.942673
vn 0 -0.180741 -0.9835307
vn 0 -0.03441514 -0.9994076
vn 0 -0.3337182 -0.942673
vn 0 -0.1807411 -0.9835307
vn -1.637581E-07 -0.03441516 -0.9994076
vn 0 -0.3337182 -0.942673
vn 0 -0.1741551 -0.9847183
vn 0 -0.03441516 -0.9994076
vn -1.724517E-07 -0.3337181 -0.942673
vn 0 -0.180741 -0.9835307
vn 1.30872E-07 -0.03441514 -0.9994076
vn 2.408719E-07 -0.03441512 -0.9994076
vn 0 -0.1570989 -0.9875829
vn -4.276821E-07 -0.3337183 -0.9426728
vn 0 0.3337189 -0.9426726
vn 0 0.333719 -0.9426726
vn 0 -0.01142083 -0.9999348
vn 0 0.02458804 -0.9996977
vn 0 -0.333721 -0.9426719
vn 0 -0.333721 -0.9426719
vn 0 -0.3337206 -0.942672
vn 0 0.0002666652 -1
vn 0 0.3337187 -0.9426727
vn 0 -0.3337201 -0.9426723
vn 0 0.0002669153 -1
vn 0 0.3337188 -0.9426727
vn 0 0.333719 -0.9426725
vn 0 0.01046449 -0.9999453
vn 0 -0.3337189 -0.9426726
vn 0 -0.3337192 -0.9426725
vn 0 0.000266301 -1
vn 0 0.3337189 -0.9426726
vn 0 -0.3337193 -0.9426725
vn 0 0.0002666495 -1
vn 0 0.3337187 -0.9426727
vn 0 -0.333719 -0.9426725
vn 0 0.03074733 -0.9995272
vn 0 0.3337188 -0.9426727
vn 0 -0.3337193 -0.9426725
vn 0 0.0002661825 -1
vn 0 0.333719 -0.9426725
vn 0 0.3337192 -0.9426725
vn 0 0.09442743 -0.9955317
vn 0 -0.3337196 -0.9426724
vn 0 0.4186091 -0.9081665
vn 0 0.4186092 -0.9081665
vn 0 -0.001119492 -0.9999994
vn 0 0.006487701 -0.999979
vn 0 -0.2761778 -0.9611065
vn 0 -0.2761779 -0.9611065
vn -1.549528E-07 -0.2761784 -0.9611064
vn 0 -9.756011E-05 -1
vn 0 0.4186092 -0.9081664
vn 0 -0.2761771 -0.9611068
vn 0 -9.749344E-05 -1
vn 0 0.4186107 -0.9081658
vn 0 0.4186122 -0.908165
vn 0 0.004154678 -0.9999914
vn 0 -0.2761768 -0.9611068
vn 0 -0.276177 -0.9611068
vn 0 0.0007426249 -0.9999998
vn 0 0.4186132 -0.9081647
vn 0 -0.2761769 -0.9611068
vn 0 0.0007426461 -0.9999998
vn 0 0.4186127 -0.9081649
vn 0 -0.2761769 -0.9611068
vn 0 0.02853715 -0.9995927
vn 0 0.4186131 -0.9081647
vn 0 -0.276177 -0.9611068
vn 0 0.0007426247 -0.9999998
vn 0 0.4186133 -0.9081646
vn 0 0.418613 -0.9081647
vn 0 0.1036301 -0.9946159
vn 0 -0.2761772 -0.9611068
vn -8.655007E-05 0.332363 -0.9431516
vn 0 0.3337216 -0.9426717
vn 0 -0.01513818 -0.9998854
vn -0.0001680424 0.01950713 -0.9998097
vn 0 -0.4186076 -0.9081672
vn 6.087027E-06 -0.4184815 -0.9082254
vn 3.361659E-05 -0.4171647 -0.9088309
vn 7.795879E-05 7.367619E-05 -1
vn -0.0002394367 0.3230053 -0.9463972
vn -4.894845E-05 -0.4175065 -0.9086739
vn 0.000154396 -4.052735E-05 -1
vn 0.0004003655 0.3259911 -0.9453728
vn 5.695323E-05 0.332719 -0.9430261
vn 2.480115E-05 0.005152281 -0.9999868
vn 0 -0.4186099 -0.9081661
vn 0 -0.4186113 -0.9081656
vn 0 0.0007054808 -0.9999998
vn 0 0.3337201 -0.9426722
vn 1.517439E-07 -0.4186111 -0.9081656
vn 1.330204E-07 0.0007053816 -0.9999998
vn 0 0.3337203 -0.9426722
vn 3.322285E-07 -0.4186111 -0.9081656
vn 1.033943E-07 0.02566862 -0.9996705
vn 0 0.3337201 -0.9426722
vn 0 -0.4186121 -0.908165
vn 0 0.0007054072 -0.9999998
vn 0 0.3337196 -0.9426724
vn 0 0.3337196 -0.9426724
vn 0 0.08341412 -0.9965149
vn -1.003128E-07 -0.4186122 -0.908165
vn -0.02019526 -0.6870279 -0.7263504
vn 0.07709311 -0.01646468 -0.996888
vn 0.03135361 0.01198516 -0.9994364
vn -0.006099345 -0.5562969 -0.8309613
vn 0 -0.6525808 -0.7577192
vn 0 -0.6525808 -0.7577192
vn -0.02641112 -0.7355775 -0.6769255
vn -2.445136E-07 -0.6525812 -0.7577187
vn 0 -0.6525811 -0.7577188
vn -0.002543263 -0.5072007 -0.8618243
vn 0 -0.6525813 -0.7577187
vn 0.008849069 0.001540749 -0.9999597
vn 0.0007168079 -0.4929791 -0.8700408
vn -0.003637227 -0.7014119 -0.7127469
vn 0.1054415 0.701995 -0.7043332
vn 0.1422922 0.7872146 -0.6000383
vn 0.03029644 0.4988357 -0.8661669
vn 0.003132466 0.003070208 -0.9999905
vn 0.01186076 0.4448569 -0.8955231
vn -0.001724559 0.003038196 -0.9999939
vn -0.002732313 0.4280938 -0.9037302
vn 0.000871832 -0.5329912 -0.8461204
vn -0.004451382 -0.800638 -0.5991318
vn -0.004393997 -0.000578397 -0.9999902
vn -0.01115461 0.47069 -0.8822281
vn 0.0004774635 -0.599815 -0.8001385
vn 0.003761164 -0.8106617 -0.5855027
vn -0.006824351 0.0004859078 -0.9999766
vn -0.01558894 0.5861824 -0.8100292
vn 0.007517256 -0.6886393 -0.7250651
vn -4.912771E-05 -0.7418838 -0.6705284
vn -0.01303497 0.007312872 -0.9998883
vn -0.03498945 0.79678 -0.6032557
vn -2.569439E-05 -0.7419389 -0.6704674
vn -0.002232219 -0.7367263 -0.6761873
vn -0.002232218 -0.7367263 -0.6761873
vn 0.003605554 -0.8668296 -0.4985915
vn -0.01032767 -0.004963154 -0.9999343
vn 0 -0.898944 -0.4380637
vn -0.008777976 0.935682 -0.3527351
vn 0 0.5876268 -0.8091321
vn 0 0.9442533 -0.3292199
vn -0.002017313 -0.01526134 -0.9998815
vn -0.01344716 -0.01516502 -0.9997947
vn -0.1178088 0.8623649 -0.4923901
vn -0.1043572 0.6713755 -0.7337333
vn -0.01619871 0.01063884 -0.9998122
vn -0.05135423 0.5046407 -0.8618007
vn -0.00865635 0.01180464 -0.9998928
vn -0.006559826 0.4311849 -0.9022398
vn -0.002181334 0.01170972 -0.9999291
vn 0.04145691 0.4324846 -0.9006878
vn 0.005558605 0.01561132 -0.9998627
vn 0.09902795 0.459258 -0.8827659
vn 0.01269319 0.0007556127 -0.9999192
vn -0.03818217 -0.4646352 -0.8846785
vn 0.2986512 0.571266 -0.7645016
vn 0.07625952 0.04805661 -0.9959293
vn 0.4156959 0.6272098 -0.6586385
vn -0.002017313 -0.01526134 -0.9998815
vn -0.1178088 0.8623649 -0.4923901
vn -0.01563754 0.9394489 -0.3423319
vn 0 -8.25892E-07 -1
vn 0 0.9442533 -0.32922
vn 0.005490025 -0.4269329 -0.9042666
vn -0.03818217 -0.4646352 -0.8846785
vn 0.005558605 0.01561132 -0.9998627
vn -0.002181334 0.01170972 -0.9999291
vn 0.03769337 -0.4528244 -0.8908026
vn -0.00865635 0.01180464 -0.9998928
vn 0.07064726 -0.5631782 -0.8233099
vn -0.01619871 0.01063884 -0.9998122
vn 0.09194101 -0.8116868 -0.5768115
vn -0.01344716 -0.01516502 -0.9997947
vn 0.0139015 -0.9411074 -0.3378219
vn -0.002017313 -0.01526134 -0.9998815
vn 0 -0.9442552 -0.3292145
vn 0 -8.25892E-07 -1
vn -0.3928088 -0.8200115 -0.4162719
vn -0.4577692 -0.8441812 -0.2789359
vn 0.05800332 -0.05082462 -0.9970217
vn 0.07625952 0.04805661 -0.9959293
vn -0.1085355 -0.5688373 -0.8152571
vn 0.01269319 0.0007556127 -0.9999192
vn -0.03818217 -0.4646352 -0.8846785
vn 0 -4.719355E-07 -1
vn -0.01285979 0.9369532 -0.349218
vn 0 0.9442533 -0.3292199
vn -0.004573746 -0.01158302 -0.9999225
vn -0.07347922 0.8181299 -0.5703195
vn -0.01570479 -0.002017511 -0.9998746
vn -0.05485045 0.6050209 -0.7943179
vn -0.01325696 0.003666938 -0.9999055
vn -0.03006123 0.473807 -0.8801154
vn -0.006991494 0.005889686 -0.9999583
vn -0.004206915 0.4263534 -0.9045469
vn -0.001107716 0.00734605 -0.9999725
vn 0.02702161 0.4385817 -0.898285
vn 0.004024752 0.00943044 -0.9999474
vn 0.06668816 0.4782551 -0.8756853
vn 0.01038198 0.0006929719 -0.9999459
vn 0.2163128 0.633664 -0.7427508
vn 0.04947771 0.03441145 -0.9981823
vn 0.2983048 0.7072783 -0.6409147
vn 0.07575782 -0.03278502 -0.9965872
vn 0 -0.944254 -0.3292179
vn -0.004573746 -0.01158302 -0.9999225
vn 0 -4.719355E-07 -1
vn 0.01061854 -0.938527 -0.3450423
vn -0.01570479 -0.002017511 -0.9998746
vn 0.05529153 -0.81689 -0.5741373
vn -0.01325696 0.003666938 -0.9999055
vn 0.03445492 -0.5909064 -0.806004
vn -0.006991494 0.005889686 -0.9999583
vn 0.02012562 -0.4641174 -0.8855451
vn -0.001107716 0.00734605 -0.9999725
vn 0.003791959 -0.4254246 -0.904986
vn 0.004024752 0.00943044 -0.9999474
vn -0.02072473 -0.4578988 -0.8887628
vn 0.01038198 0.0006929719 -0.9999459
vn -0.05686674 -0.5444177 -0.8368844
vn 0.04947771 0.03441145 -0.9981823
vn -0.2127606 -0.8122548 -0.543116
vn 0.07575782 -0.03278502 -0.9965872
vn -0.2626328 -0.8717862 -0.4135371
vn 1 0 0
vn 1 0 0
vn 1 0 0
vn 1 0 0
vn -0.9998234 -0.01879781 0
vn -0.9788852 0.2044109 0
vn -0.9998234 -0.01879781 0
vn -0.9788852 0.2044109 0
vn -0.8827212 0.4698972 0
vn -0.8827212 0.4698972 0
vn -0.7654812 0.6434583 0
vn -0.7654812 0.6434583 0
vn 0.3641309 -0.9313478 0
vn 0.3641309 -0.9313478 0
vn 0.3641309 -0.9313478 0
vn 0.3641308 -0.9313478 0
vn 7.021942E-06 0 1
vn 7.021941E-06 0 1
vn 7.021941E-06 0 1
vn 7.021942E-06 0 1
vn -0.3834232 0.9235727 4.539409E-07
vn -0.3834232 0.9235727 4.539409E-07
vn -0.3834232 0.9235727 4.539409E-07
vn -0.3834232 0.9235727 4.539409E-07
vn 7.022324E-06 0 -1
vn 7.022324E-06 0 -1
vn 7.022324E-06 0 -1
vn 7.022325E-06 0 -1
vn 0 0 1
vn 0 0 1
vn 0 0 1
vn 0 0 1
vn 0 1 0
vn 0 1 0
vn 0 1 0
vn 0 1 0
vn 0 0 -1
vn 0 0 -1
vn 0 0 -1
vn 0 0 -1
vn 0 -1 0
vn 0 -1 0
vn 0 -1 0
vn 0 -1 0
vn -1.629913E-06 0 1
vn -9.243821E-07 0 1
vn -1.629913E-06 0 1
vn -1.114995E-06 0 1
vn -3.756849E-07 0 1
vn -3.387284E-07 0 1
vn -4.414917E-07 -0.02091771 0.9997812
vn -3.756591E-07 -0.01779859 0.9998416
vn -7.193701E-06 -0.3408348 0.9401231
vn -7.193701E-06 -0.3408348 0.9401233
vn 0 0 -1
vn 0 0 -1
vn 0 0 -1
vn 0 0 -1
vn 0 0 -1
vn 0 0 -1
vn -4.142246E-07 -0.01779859 -0.9998416
vn -4.868158E-07 -0.02091771 -0.9997812
vn -7.932215E-06 -0.3408348 -0.9401233
vn -7.932214E-06 -0.3408348 -0.9401231
vn 0.748267 -0.6633977 0
vn 0.9213529 -0.388727 0
vn 0.748267 -0.6633977 0
vn 0.9213529 -0.388727 0
vn 0.9837317 -0.179644 0
vn 0.9837317 -0.179644 0
vn 0.9815598 -0.1911554 0
vn 0.9815598 -0.1911554 0
vn 0.306642 -0.951825 0
vn 0.306642 -0.951825 0
vn 0.9894493 -0.1448792 -2.466022E-06
vn 0.9894493 -0.1448792 -2.466023E-06
vn 0.9894493 -0.1448792 -2.466022E-06
vn 0.9894493 -0.1448792 -2.466022E-06
vn -0.2914362 -0.9565903 1.742894E-06
vn -0.2914363 -0.9565903 1.742894E-06
vn -0.2914363 -0.9565903 1.742894E-06
vn -0.2914362 -0.9565903 1.742894E-06
vn -0.5748402 -0.4318536 0.695026
vn -0.5748402 -0.4318536 0.695026
vn -0.5748402 -0.4318536 0.695026
vn -0.5748402 -0.4318535 0.695026
vn 0.671345 0.478746 0.5657723
vn 0.671345 0.4787459 0.5657723
vn 0.671345 0.4787459 0.5657723
vn 0.671345 0.478746 0.5657723
vn -0.7936958 0.6083149 1.917456E-06
vn -0.7936958 0.6083149 1.917457E-06
vn -0.7936958 0.6083149 1.917456E-06
vn -0.7936958 0.6083149 1.917456E-06
vn -0.03492317 0.99939 -7.08106E-07
vn -0.03492317 0.99939 -7.08106E-07
vn -0.03492317 0.99939 -7.081057E-07
vn -0.03492317 0.99939 -7.081058E-07
vn -0.5745079 -0.4316382 -0.6954345
vn -0.5745079 -0.4316382 -0.6954345
vn -0.574508 -0.4316382 -0.6954345
vn -0.574508 -0.4316382 -0.6954345
vn 0.6716964 0.4789942 -0.5651447
vn 0.6716964 0.4789942 -0.5651446
vn 0.6716964 0.4789942 -0.5651446
vn 0.6716964 0.4789942 -0.5651447
vn 0.306642 -0.951825 0
vn -0.3166239 -0.9485512 0
vn -0.3166239 -0.9485512 0
vn 0.306642 -0.951825 0
vn -0.3166239 -0.9485512 0
vn -0.3166239 -0.9485512 0
vn -0.9998234 -0.01879781 0
vn -0.9998234 -0.01879781 0
vn 0.02520137 -0.9996824 0
vn 0 -1 0
vn 0 -1 0
vn 0.02520137 -0.9996824 0
vn 0.1434153 -0.9896626 0
vn 0.1434153 -0.9896626 0
vn 0.1718876 -0.9851165 0.000117341
vn 0.1718876 -0.9851165 0.000117341
vn 0.1274265 -0.9918476 0.0008121012
vn 0.127429 -0.9918473 0.0008120525
vn 0.02617861 -0.9996562 0.001447746
vn 0.02617303 -0.9996563 0.001447736
vn -0.09746867 -0.9952384 0.0006613984
vn -0.09746867 -0.9952384 0.0006613984
vn -0.2120787 -0.9772527 0
vn -0.2120787 -0.9772527 0
vn -0.48444 -0.8748245 0
vn -0.48444 -0.8748245 0
vn -0.6122265 -0.7906823 0
vn -0.6122265 -0.7906823 0
usemtl Book_Pages_1_Mat
f 3/703/75 2/702/74 1/701/73
f 6/706/78 5/705/77 4/704/76
f 9/709/81 8/708/80 7/707/79
f 12/712/84 11/711/83 10/710/82
f 15/715/87 14/714/86 13/713/85
f 18/718/90 17/717/89 16/716/88
f 21/721/93 20/720/92 19/719/91
f 24/724/96 23/723/95 22/722/94
f 27/727/99 26/726/98 25/725/97
f 30/730/102 29/729/101 28/728/100
f 31/731/103 30/730/102 28/728/100
f 34/734/106 33/733/105 32/732/104
f 33/733/105 35/735/107 32/732/104
f 33/733/105 36/736/108 35/735/107
f 36/736/108 37/737/109 35/735/107
f 35/735/107 37/737/109 38/738/110
f 32/732/104 35/735/107 39/739/111
f 39/739/111 35/735/107 38/738/110
f 40/740/112 32/732/104 39/739/111
f 39/739/111 38/738/110 41/741/113
f 40/740/112 39/739/111 42/742/114
f 42/742/114 39/739/111 41/741/113
f 43/743/115 40/740/112 42/742/114
f 43/743/115 42/742/114 44/744/116
f 42/742/114 41/741/113 45/745/117
f 42/742/114 45/745/117 44/744/116
f 41/741/113 46/746/118 45/745/117
f 45/745/117 46/746/118 47/747/119
f 44/744/116 45/745/117 48/748/120
f 48/748/120 45/745/117 47/747/119
f 49/749/121 44/744/116 48/748/120
f 48/748/120 47/747/119 50/750/122
f 49/749/121 48/748/120 51/751/123
f 51/751/123 48/748/120 50/750/122
f 52/752/124 49/749/121 51/751/123
f 51/751/123 50/750/122 53/753/125
f 52/752/124 51/751/123 54/754/126
f 54/754/126 51/751/123 53/753/125
f 55/755/127 52/752/124 54/754/126
f 54/754/126 53/753/125 56/756/128
f 55/755/127 54/754/126 57/757/129
f 57/757/129 54/754/126 56/756/128
f 58/758/130 55/755/127 57/757/129
f 58/758/130 57/757/129 59/759/131
f 57/757/129 60/760/132 59/759/131
f 57/757/129 56/756/128 60/760/132
f 56/756/128 61/761/133 60/760/132
f 64/764/136 63/763/135 62/762/134
f 65/765/137 64/764/136 62/762/134
f 68/768/140 67/767/139 66/766/138
f 67/767/139 69/769/141 66/766/138
f 67/767/139 70/770/142 69/769/141
f 70/770/142 71/771/143 69/769/141
f 69/769/141 71/771/143 72/772/144
f 66/766/138 69/769/141 73/773/145
f 73/773/145 69/769/141 72/772/144
f 74/774/146 66/766/138 73/773/145
f 73/773/145 72/772/144 75/775/147
f 74/774/146 73/773/145 76/776/148
f 76/776/148 73/773/145 75/775/147
f 77/777/149 74/774/146 76/776/148
f 77/777/149 76/776/148 78/778/150
f 76/776/148 75/775/147 79/779/151
f 76/776/148 79/779/151 78/778/150
f 75/775/147 80/780/152 79/779/151
f 79/779/151 80/780/152 81/781/153
f 78/778/150 79/779/151 82/782/154
f 82/782/154 79/779/151 81/781/153
f 83/783/155 78/778/150 82/782/154
f 82/782/154 81/781/153 84/784/156
f 83/783/155 82/782/154 85/785/157
f 85/785/157 82/782/154 84/784/156
f 86/786/158 83/783/155 85/785/157
f 85/785/157 84/784/156 87/787/159
f 86/786/158 85/785/157 88/788/160
f 88/788/160 85/785/157 87/787/159
f 89/789/161 86/786/158 88/788/160
f 88/788/160 87/787/159 90/790/162
f 89/789/161 88/788/160 91/791/163
f 91/791/163 88/788/160 90/790/162
f 92/792/164 89/789/161 91/791/163
f 92/792/164 91/791/163 93/793/165
f 91/791/163 94/794/166 93/793/165
f 91/791/163 90/790/162 94/794/166
f 90/790/162 95/795/167 94/794/166
f 98/798/170 97/797/169 96/796/168
f 99/799/171 98/798/170 96/796/168
f 102/802/174 101/801/173 100/800/172
f 101/801/173 103/803/175 100/800/172
f 101/801/173 104/804/176 103/803/175
f 104/804/176 105/805/177 103/803/175
f 103/803/175 105/805/177 106/806/178
f 100/800/172 103/803/175 107/807/179
f 107/807/179 103/803/175 106/806/178
f 108/808/180 100/800/172 107/807/179
f 107/807/179 106/806/178 109/809/181
f 108/808/180 107/807/179 110/810/182
f 110/810/182 107/807/179 109/809/181
f 111/811/183 108/808/180 110/810/182
f 111/811/183 110/810/182 112/812/184
f 110/810/182 109/809/181 113/813/185
f 110/810/182 113/813/185 112/812/184
f 109/809/181 114/814/186 113/813/185
f 113/813/185 114/814/186 115/815/187
f 112/812/184 113/813/185 116/816/188
f 116/816/188 113/813/185 115/815/187
f 117/817/189 112/812/184 116/816/188
f 116/816/188 115/815/187 118/818/190
f 117/817/189 116/816/188 119/819/191
f 119/819/191 116/816/188 118/818/190
f 120/820/192 117/817/189 119/819/191
f 119/819/191 118/818/190 121/821/193
f 120/820/192 119/819/191 122/822/194
f 122/822/194 119/819/191 121/821/193
f 123/823/195 120/820/192 122/822/194
f 122/822/194 121/821/193 124/824/196
f 123/823/195 122/822/194 125/825/197
f 125/825/197 122/822/194 124/824/196
f 126/826/198 123/823/195 125/825/197
f 126/826/198 125/825/197 127/827/199
f 125/825/197 128/828/200 127/827/199
f 125/825/197 124/824/196 128/828/200
f 124/824/196 129/829/201 128/828/200
f 132/832/204 131/831/203 130/830/202
f 133/833/205 132/832/204 130/830/202
f 136/836/208 135/835/207 134/834/206
f 135/835/207 137/837/209 134/834/206
f 135/835/207 138/838/210 137/837/209
f 138/838/210 139/839/211 137/837/209
f 137/837/209 139/839/211 140/840/212
f 134/834/206 137/837/209 141/841/213
f 141/841/213 137/837/209 140/840/212
f 142/842/214 134/834/206 141/841/213
f 141/841/213 140/840/212 143/843/215
f 142/842/214 141/841/213 144/844/216
f 144/844/216 141/841/213 143/843/215
f 145/845/217 142/842/214 144/844/216
f 145/845/217 144/844/216 146/846/218
f 144/844/216 143/843/215 147/847/219
f 144/844/216 147/847/219 146/846/218
f 143/843/215 148/848/220 147/847/219
f 147/847/219 148/848/220 149/849/221
f 146/846/218 147/847/219 150/850/222
f 150/850/222 147/847/219 149/849/221
f 151/851/223 146/846/218 150/850/222
f 150/850/222 149/849/221 152/852/224
f 151/851/223 150/850/222 153/853/225
f 153/853/225 150/850/222 152/852/224
f 154/854/226 151/851/223 153/853/225
f 153/853/225 152/852/224 155/855/227
f 154/854/226 153/853/225 156/856/228
f 156/856/228 153/853/225 155/855/227
f 157/857/229 154/854/226 156/856/228
f 156/856/228 155/855/227 158/858/230
f 157/857/229 156/856/228 159/859/231
f 159/859/231 156/856/228 158/858/230
f 160/860/232 157/857/229 159/859/231
f 160/860/232 159/859/231 161/861/233
f 159/859/231 162/862/234 161/861/233
f 159/859/231 158/858/230 162/862/234
f 158/858/230 163/863/235 162/862/234
f 166/866/238 165/865/237 164/864/236
f 167/867/239 166/866/238 164/864/236
f 170/870/242 169/869/241 168/868/240
f 171/871/243 170/870/242 168/868/240
f 174/874/246 173/873/245 172/872/244
f 175/875/247 174/874/246 172/872/244
f 178/878/250 177/877/249 176/876/248
f 177/877/249 179/879/251 176/876/248
f 177/877/249 180/880/252 179/879/251
f 180/880/252 181/881/253 179/879/251
f 179/879/251 181/881/253 182/882/254
f 176/876/248 179/879/251 183/883/255
f 183/883/255 179/879/251 182/882/254
f 184/884/256 176/876/248 183/883/255
f 183/883/255 182/882/254 185/885/257
f 184/884/256 183/883/255 186/886/258
f 186/886/258 183/883/255 185/885/257
f 187/887/259 184/884/256 186/886/258
f 187/887/259 186/886/258 188/888/260
f 186/886/258 185/885/257 189/889/261
f 186/886/258 189/889/261 188/888/260
f 185/885/257 190/890/262 189/889/261
f 189/889/261 190/890/262 191/891/263
f 188/888/260 189/889/261 192/892/264
f 192/892/264 189/889/261 191/891/263
f 193/893/265 188/888/260 192/892/264
f 192/892/264 191/891/263 194/894/266
f 193/893/265 192/892/264 195/895/267
f 195/895/267 192/892/264 194/894/266
f 196/896/268 193/893/265 195/895/267
f 195/895/267 194/894/266 197/897/269
f 196/896/268 195/895/267 198/898/270
f 198/898/270 195/895/267 197/897/269
f 199/899/271 196/896/268 198/898/270
f 198/898/270 197/897/269 200/900/272
f 199/899/271 198/898/270 201/901/273
f 201/901/273 198/898/270 200/900/272
f 202/902/274 199/899/271 201/901/273
f 202/902/274 201/901/273 203/903/275
f 201/901/273 204/904/276 203/903/275
f 201/901/273 200/900/272 204/904/276
f 200/900/272 205/905/277 204/904/276
f 208/908/280 207/907/279 206/906/278
f 209/909/281 208/908/280 206/906/278
f 212/912/284 211/911/283 210/910/282
f 213/913/285 212/912/284 210/910/282
f 216/916/288 215/915/287 214/914/286
f 217/917/289 216/916/288 214/914/286
f 220/920/292 219/919/291 218/918/290
f 219/919/291 221/921/293 218/918/290
f 219/919/291 222/922/294 221/921/293
f 222/922/294 223/923/295 221/921/293
f 221/921/293 223/923/295 224/924/296
f 218/918/290 221/921/293 225/925/297
f 225/925/297 221/921/293 224/924/296
f 226/926/298 218/918/290 225/925/297
f 225/925/297 224/924/296 227/927/299
f 226/926/298 225/925/297 228/928/300
f 228/928/300 225/925/297 227/927/299
f 229/929/301 226/926/298 228/928/300
f 229/929/301 228/928/300 230/930/302
f 228/928/300 227/927/299 231/931/303
f 228/928/300 231/931/303 230/930/302
f 227/927/299 232/932/304 231/931/303
f 231/931/303 232/932/304 233/933/305
f 230/930/302 231/931/303 234/934/306
f 234/934/306 231/931/303 233/933/305
f 235/935/307 230/930/302 234/934/306
f 234/934/306 233/933/305 236/936/308
f 235/935/307 234/934/306 237/937/309
f 237/937/309 234/934/306 236/936/308
f 238/938/310 235/935/307 237/937/309
f 237/937/309 236/936/308 239/939/311
f 238/938/310 237/937/309 240/940/312
f 240/940/312 237/937/309 239/939/311
f 241/941/313 238/938/310 240/940/312
f 240/940/312 239/939/311 242/942/314
f 241/941/313 240/940/312 243/943/315
f 243/943/315 240/940/312 242/942/314
f 244/944/316 241/941/313 243/943/315
f 244/944/316 243/943/315 245/945/317
f 243/943/315 246/946/318 245/945/317
f 243/943/315 242/942/314 246/946/318
f 242/942/314 247/947/319 246/946/318
f 250/950/322 249/949/321 248/948/320
f 251/951/323 250/950/322 248/948/320
f 254/954/326 253/953/325 252/952/324
f 255/955/327 254/954/326 252/952/324
f 258/958/330 257/957/329 256/956/328
f 257/957/329 259/959/331 256/956/328
f 257/957/329 260/960/332 259/959/331
f 260/960/332 261/961/333 259/959/331
f 264/964/336 263/963/335 262/962/334
f 265/965/337 264/964/336 262/962/334
f 266/966/338 264/964/336 265/965/337
f 269/969/341 268/968/340 267/967/339
f 267/967/339 268/968/340 270/970/342
f 267/967/339 270/970/342 271/971/343
f 272/972/344 267/967/339 271/971/343
f 273/973/345 267/967/339 272/972/344
f 274/974/346 273/973/345 272/972/344
f 271/971/343 270/970/342 275/975/347
f 270/970/342 276/976/348 275/975/347
f 275/975/347 276/976/348 277/977/349
f 268/968/340 278/978/350 270/970/342
f 270/970/342 278/978/350 276/976/348
f 276/976/348 279/979/351 277/977/349
f 277/977/349 279/979/351 280/980/352
f 268/968/340 281/981/353 278/978/350
f 282/982/354 281/981/353 268/968/340
f 281/981/353 283/983/355 278/978/350
f 278/978/350 284/984/356 276/976/348
f 278/978/350 283/983/355 284/984/356
f 276/976/348 284/984/356 279/979/351
f 283/983/355 285/985/357 284/984/356
f 284/984/356 285/985/357 286/986/358
f 284/984/356 286/986/358 279/979/351
f 285/985/357 287/987/359 286/986/358
f 279/979/351 288/988/360 280/980/352
f 279/979/351 286/986/358 288/988/360
f 280/980/352 288/988/360 289/989/361
f 286/986/358 287/987/359 290/990/362
f 286/986/358 290/990/362 288/988/360
f 287/987/359 291/991/363 290/990/362
f 288/988/360 292/992/364 289/989/361
f 288/988/360 290/990/362 292/992/364
f 289/989/361 292/992/364 293/993/365
f 290/990/362 291/991/363 294/994/366
f 290/990/362 294/994/366 292/992/364
f 291/991/363 295/995/367 294/994/366
f 294/994/366 295/995/367 296/996/368
f 292/992/364 297/997/369 293/993/365
f 292/992/364 294/994/366 297/997/369
f 294/994/366 296/996/368 297/997/369
f 297/997/369 296/996/368 298/998/370
f 293/993/365 297/997/369 299/999/371
f 297/997/369 300/1000/372 299/999/371
f 299/999/371 300/1000/372 301/1001/373
f 300/1000/372 302/1002/374 301/1001/373
f 305/1005/377 304/1004/376 303/1003/375
f 306/1006/378 305/1005/377 303/1003/375
f 309/1009/381 308/1008/380 307/1007/379
f 310/1010/382 309/1009/381 307/1007/379
f 311/1011/383 309/1009/381 310/1010/382
f 312/1012/384 311/1011/383 310/1010/382
f 313/1013/385 311/1011/383 312/1012/384
f 314/1014/386 313/1013/385 312/1012/384
f 315/1015/387 313/1013/385 314/1014/386
f 316/1016/388 315/1015/387 314/1014/386
f 317/1017/389 315/1015/387 316/1016/388
f 318/1018/390 317/1017/389 316/1016/388
f 319/1019/391 317/1017/389 318/1018/390
f 320/1020/392 319/1019/391 318/1018/390
f 321/1021/393 319/1019/391 320/1020/392
f 324/1024/396 323/1023/395 322/1022/394
f 323/1023/395 325/1025/397 322/1022/394
f 322/1022/394 325/1025/397 326/1026/398
f 325/1025/397 327/1027/399 326/1026/398
f 330/1030/402 329/1029/401 328/1028/400
f 331/1031/403 330/1030/402 328/1028/400
f 334/1034/406 333/1033/405 332/1032/404
f 335/1035/407 334/1034/406 332/1032/404
f 336/1036/408 334/1034/406 335/1035/407
f 337/1037/409 336/1036/408 335/1035/407
f 338/1038/410 336/1036/408 337/1037/409
f 339/1039/411 338/1038/410 337/1037/409
f 340/1040/412 338/1038/410 339/1039/411
f 341/1041/413 340/1040/412 339/1039/411
f 342/1042/414 340/1040/412 341/1041/413
f 343/1043/415 342/1042/414 341/1041/413
f 344/1044/416 342/1042/414 343/1043/415
f 345/1045/417 344/1044/416 343/1043/415
f 346/1046/418 344/1044/416 345/1045/417
f 347/1047/419 346/1046/418 345/1045/417
f 348/1048/420 346/1046/418 347/1047/419
f 349/1049/421 348/1048/420 347/1047/419
f 350/1050/422 348/1048/420 349/1049/421
f 353/1053/425 352/1052/424 351/1051/423
f 354/1054/426 353/1053/425 351/1051/423
f 357/1057/429 356/1056/428 355/1055/427
f 358/1058/430 357/1057/429 355/1055/427
f 359/1059/431 357/1057/429 358/1058/430
f 360/1060/432 359/1059/431 358/1058/430
f 361/1061/433 359/1059/431 360/1060/432
f 362/1062/434 361/1061/433 360/1060/432
f 363/1063/435 361/1061/433 362/1062/434
f 364/1064/436 363/1063/435 362/1062/434
f 364/1064/436 362/1062/434 365/1065/437
f 366/1066/438 363/1063/435 364/1064/436
f 367/1067/439 364/1064/436 365/1065/437
f 368/1068/440 366/1066/438 364/1064/436
f 368/1068/440 364/1064/436 367/1067/439
f 369/1069/441 366/1066/438 368/1068/440
f 370/1070/442 368/1068/440 367/1067/439
f 371/1071/443 369/1069/441 368/1068/440
f 371/1071/443 368/1068/440 370/1070/442
f 372/1072/444 369/1069/441 371/1071/443
f 373/1073/445 371/1071/443 370/1070/442
f 374/1074/446 372/1072/444 371/1071/443
f 374/1074/446 371/1071/443 373/1073/445
f 375/1075/447 372/1072/444 374/1074/446
f 376/1076/448 374/1074/446 373/1073/445
f 377/1077/449 375/1075/447 374/1074/446
f 377/1077/449 374/1074/446 376/1076/448
f 378/1078/450 375/1075/447 377/1077/449
f 379/1079/451 377/1077/449 376/1076/448
f 380/1080/452 377/1077/449 379/1079/451
f 383/1083/455 382/1082/454 381/1081/453
f 384/1084/456 383/1083/455 381/1081/453
f 387/1087/459 386/1086/458 385/1085/457
f 386/1086/458 388/1088/460 385/1085/457
f 385/1085/457 388/1088/460 389/1089/461
f 388/1088/460 390/1090/462 389/1089/461
f 389/1089/461 390/1090/462 391/1091/463
f 390/1090/462 392/1092/464 391/1091/463
f 395/1095/467 394/1094/466 393/1093/465
f 396/1096/468 395/1095/467 393/1093/465
f 399/1099/471 398/1098/470 397/1097/469
f 397/1097/469 398/1098/470 400/1100/472
f 398/1098/470 401/1101/473 400/1100/472
f 400/1100/472 401/1101/473 402/1102/474
f 401/1101/473 403/1103/475 402/1102/474
f 406/1106/478 405/1105/477 404/1104/476
f 407/1107/479 406/1106/478 404/1104/476
f 408/1108/480 406/1106/478 407/1107/479
f 409/1109/481 408/1108/480 407/1107/479
f 409/1109/481 407/1107/479 410/1110/482
f 407/1107/479 404/1104/476 411/1111/483
f 407/1107/479 411/1111/483 410/1110/482
f 404/1104/476 412/1112/484 411/1111/483
f 410/1110/482 411/1111/483 413/1113/485
f 411/1111/483 412/1112/484 414/1114/486
f 411/1111/483 414/1114/486 413/1113/485
f 412/1112/484 415/1115/487 414/1114/486
f 414/1114/486 415/1115/487 416/1116/488
f 413/1113/485 414/1114/486 417/1117/489
f 417/1117/489 414/1114/486 416/1116/488
f 418/1118/490 413/1113/485 417/1117/489
f 418/1118/490 417/1117/489 419/1119/491
f 417/1117/489 416/1116/488 420/1120/492
f 417/1117/489 420/1120/492 419/1119/491
f 416/1116/488 421/1121/493 420/1120/492
f 419/1119/491 420/1120/492 422/1122/494
f 420/1120/492 421/1121/493 423/1123/495
f 420/1120/492 423/1123/495 422/1122/494
f 421/1121/493 424/1124/496 423/1123/495
f 422/1122/494 423/1123/495 425/1125/497
f 423/1123/495 424/1124/496 426/1126/498
f 423/1123/495 426/1126/498 425/1125/497
f 424/1124/496 427/1127/499 426/1126/498
f 425/1125/497 426/1126/498 428/1128/500
f 426/1126/498 427/1127/499 429/1129/501
f 426/1126/498 429/1129/501 428/1128/500
f 427/1127/499 430/1130/502 429/1129/501
f 429/1129/501 430/1130/502 431/1131/503
f 432/1132/504 429/1129/501 431/1131/503
f 428/1128/500 429/1129/501 432/1132/504
f 433/1133/505 428/1128/500 432/1132/504
f 436/1136/508 435/1135/507 434/1134/506
f 437/1137/509 436/1136/508 434/1134/506
f 438/1138/510 436/1136/508 437/1137/509
f 439/1139/511 438/1138/510 437/1137/509
f 439/1139/511 437/1137/509 440/1140/512
f 437/1137/509 434/1134/506 441/1141/513
f 437/1137/509 441/1141/513 440/1140/512
f 434/1134/506 442/1142/514 441/1141/513
f 440/1140/512 441/1141/513 443/1143/515
f 441/1141/513 442/1142/514 444/1144/516
f 441/1141/513 444/1144/516 443/1143/515
f 442/1142/514 445/1145/517 444/1144/516
f 444/1144/516 445/1145/517 446/1146/518
f 443/1143/515 444/1144/516 447/1147/519
f 447/1147/519 444/1144/516 446/1146/518
f 448/1148/520 443/1143/515 447/1147/519
f 448/1148/520 447/1147/519 449/1149/521
f 447/1147/519 446/1146/518 450/1150/522
f 447/1147/519 450/1150/522 449/1149/521
f 446/1146/518 451/1151/523 450/1150/522
f 449/1149/521 450/1150/522 452/1152/524
f 450/1150/522 451/1151/523 453/1153/525
f 450/1150/522 453/1153/525 452/1152/524
f 451/1151/523 454/1154/526 453/1153/525
f 452/1152/524 453/1153/525 455/1155/527
f 453/1153/525 454/1154/526 456/1156/528
f 453/1153/525 456/1156/528 455/1155/527
f 454/1154/526 457/1157/529 456/1156/528
f 455/1155/527 456/1156/528 458/1158/530
f 456/1156/528 457/1157/529 459/1159/531
f 456/1156/528 459/1159/531 458/1158/530
f 457/1157/529 460/1160/532 459/1159/531
f 459/1159/531 460/1160/532 461/1161/533
f 462/1162/534 459/1159/531 461/1161/533
f 458/1158/530 459/1159/531 462/1162/534
f 463/1163/535 458/1158/530 462/1162/534
f 466/1166/538 465/1165/537 464/1164/536
f 467/1167/539 466/1166/538 464/1164/536
f 468/1168/540 466/1166/538 467/1167/539
f 469/1169/541 468/1168/540 467/1167/539
f 469/1169/541 467/1167/539 470/1170/542
f 467/1167/539 464/1164/536 471/1171/543
f 467/1167/539 471/1171/543 470/1170/542
f 464/1164/536 472/1172/544 471/1171/543
f 470/1170/542 471/1171/543 473/1173/545
f 471/1171/543 472/1172/544 474/1174/546
f 471/1171/543 474/1174/546 473/1173/545
f 472/1172/544 475/1175/547 474/1174/546
f 474/1174/546 475/1175/547 476/1176/548
f 473/1173/545 474/1174/546 477/1177/549
f 477/1177/549 474/1174/546 476/1176/548
f 478/1178/550 473/1173/545 477/1177/549
f 478/1178/550 477/1177/549 479/1179/551
f 477/1177/549 476/1176/548 480/1180/552
f 477/1177/549 480/1180/552 479/1179/551
f 476/1176/548 481/1181/553 480/1180/552
f 479/1179/551 480/1180/552 482/1182/554
f 480/1180/552 481/1181/553 483/1183/555
f 480/1180/552 483/1183/555 482/1182/554
f 481/1181/553 484/1184/556 483/1183/555
f 482/1182/554 483/1183/555 485/1185/557
f 483/1183/555 484/1184/556 486/1186/558
f 483/1183/555 486/1186/558 485/1185/557
f 484/1184/556 487/1187/559 486/1186/558
f 485/1185/557 486/1186/558 488/1188/560
f 486/1186/558 487/1187/559 489/1189/561
f 486/1186/558 489/1189/561 488/1188/560
f 487/1187/559 490/1190/562 489/1189/561
f 489/1189/561 490/1190/562 491/1191/563
f 492/1192/564 489/1189/561 491/1191/563
f 488/1188/560 489/1189/561 492/1192/564
f 493/1193/565 488/1188/560 492/1192/564
f 496/1196/568 495/1195/567 494/1194/566
f 497/1197/569 496/1196/568 494/1194/566
f 498/1198/570 496/1196/568 497/1197/569
f 499/1199/571 498/1198/570 497/1197/569
f 499/1199/571 497/1197/569 500/1200/572
f 497/1197/569 494/1194/566 501/1201/573
f 497/1197/569 501/1201/573 500/1200/572
f 494/1194/566 502/1202/574 501/1201/573
f 500/1200/572 501/1201/573 503/1203/575
f 501/1201/573 502/1202/574 504/1204/576
f 501/1201/573 504/1204/576 503/1203/575
f 502/1202/574 505/1205/577 504/1204/576
f 504/1204/576 505/1205/577 506/1206/578
f 503/1203/575 504/1204/576 507/1207/579
f 507/1207/579 504/1204/576 506/1206/578
f 508/1208/580 503/1203/575 507/1207/579
f 508/1208/580 507/1207/579 509/1209/581
f 507/1207/579 506/1206/578 510/1210/582
f 507/1207/579 510/1210/582 509/1209/581
f 506/1206/578 511/1211/583 510/1210/582
f 509/1209/581 510/1210/582 512/1212/584
f 510/1210/582 511/1211/583 513/1213/585
f 510/1210/582 513/1213/585 512/1212/584
f 511/1211/583 514/1214/586 513/1213/585
f 512/1212/584 513/1213/585 515/1215/587
f 513/1213/585 514/1214/586 516/1216/588
f 513/1213/585 516/1216/588 515/1215/587
f 514/1214/586 517/1217/589 516/1216/588
f 515/1215/587 516/1216/588 518/1218/590
f 516/1216/588 517/1217/589 519/1219/591
f 516/1216/588 519/1219/591 518/1218/590
f 517/1217/589 520/1220/592 519/1219/591
f 519/1219/591 520/1220/592 521/1221/593
f 522/1222/594 519/1219/591 521/1221/593
f 518/1218/590 519/1219/591 522/1222/594
f 523/1223/595 518/1218/590 522/1222/594
f 526/1226/598 525/1225/597 524/1224/596
f 527/1227/599 526/1226/598 524/1224/596
f 528/1228/600 526/1226/598 527/1227/599
f 529/1229/601 528/1228/600 527/1227/599
f 529/1229/601 527/1227/599 530/1230/602
f 527/1227/599 524/1224/596 531/1231/603
f 527/1227/599 531/1231/603 530/1230/602
f 524/1224/596 532/1232/604 531/1231/603
f 530/1230/602 531/1231/603 533/1233/605
f 531/1231/603 532/1232/604 534/1234/606
f 531/1231/603 534/1234/606 533/1233/605
f 532/1232/604 535/1235/607 534/1234/606
f 534/1234/606 535/1235/607 536/1236/608
f 533/1233/605 534/1234/606 537/1237/609
f 537/1237/609 534/1234/606 536/1236/608
f 538/1238/610 533/1233/605 537/1237/609
f 538/1238/610 537/1237/609 539/1239/611
f 537/1237/609 536/1236/608 540/1240/612
f 537/1237/609 540/1240/612 539/1239/611
f 536/1236/608 541/1241/613 540/1240/612
f 539/1239/611 540/1240/612 542/1242/614
f 540/1240/612 541/1241/613 543/1243/615
f 540/1240/612 543/1243/615 542/1242/614
f 541/1241/613 544/1244/616 543/1243/615
f 542/1242/614 543/1243/615 545/1245/617
f 543/1243/615 544/1244/616 546/1246/618
f 543/1243/615 546/1246/618 545/1245/617
f 544/1244/616 547/1247/619 546/1246/618
f 545/1245/617 546/1246/618 548/1248/620
f 546/1246/618 547/1247/619 549/1249/621
f 546/1246/618 549/1249/621 548/1248/620
f 547/1247/619 550/1250/622 549/1249/621
f 549/1249/621 550/1250/622 551/1251/623
f 552/1252/624 549/1249/621 551/1251/623
f 548/1248/620 549/1249/621 552/1252/624
f 553/1253/625 548/1248/620 552/1252/624
f 556/1256/628 555/1255/627 554/1254/626
f 557/1257/629 556/1256/628 554/1254/626
f 558/1258/630 556/1256/628 557/1257/629
f 559/1259/631 558/1258/630 557/1257/629
f 559/1259/631 557/1257/629 560/1260/632
f 557/1257/629 554/1254/626 561/1261/633
f 557/1257/629 561/1261/633 560/1260/632
f 554/1254/626 562/1262/634 561/1261/633
f 560/1260/632 561/1261/633 563/1263/635
f 561/1261/633 562/1262/634 564/1264/636
f 561/1261/633 564/1264/636 563/1263/635
f 562/1262/634 565/1265/637 564/1264/636
f 564/1264/636 565/1265/637 566/1266/638
f 563/1263/635 564/1264/636 567/1267/639
f 567/1267/639 564/1264/636 566/1266/638
f 568/1268/640 563/1263/635 567/1267/639
f 568/1268/640 567/1267/639 569/1269/641
f 567/1267/639 566/1266/638 570/1270/642
f 567/1267/639 570/1270/642 569/1269/641
f 566/1266/638 571/1271/643 570/1270/642
f 569/1269/641 570/1270/642 572/1272/644
f 570/1270/642 571/1271/643 573/1273/645
f 570/1270/642 573/1273/645 572/1272/644
f 571/1271/643 574/1274/646 573/1273/645
f 572/1272/644 573/1273/645 575/1275/647
f 573/1273/645 574/1274/646 576/1276/648
f 573/1273/645 576/1276/648 575/1275/647
f 574/1274/646 577/1277/649 576/1276/648
f 575/1275/647 576/1276/648 578/1278/650
f 576/1276/648 577/1277/649 579/1279/651
f 576/1276/648 579/1279/651 578/1278/650
f 577/1277/649 580/1280/652 579/1279/651
f 579/1279/651 580/1280/652 581/1281/653
f 582/1282/654 579/1279/651 581/1281/653
f 578/1278/650 579/1279/651 582/1282/654
f 583/1283/655 578/1278/650 582/1282/654
f 586/1286/658 585/1285/657 584/1284/656
f 586/1286/658 584/1284/656 587/1287/659
f 587/1287/659 584/1284/656 588/1288/660
f 584/1284/656 589/1289/661 588/1288/660
f 584/1284/656 590/1290/662 589/1289/661
f 590/1290/662 591/1291/663 589/1289/661
f 587/1287/659 588/1288/660 592/1292/664
f 593/1293/665 587/1287/659 592/1292/664
f 593/1293/665 592/1292/664 594/1294/666
f 595/1295/667 586/1286/658 587/1287/659
f 595/1295/667 587/1287/659 593/1293/665
f 596/1296/668 593/1293/665 594/1294/666
f 596/1296/668 594/1294/666 597/1297/669
f 598/1298/670 586/1286/658 595/1295/667
f 598/1298/670 599/1299/671 586/1286/658
f 600/1300/672 598/1298/670 595/1295/667
f 601/1301/673 595/1295/667 593/1293/665
f 600/1300/672 595/1295/667 601/1301/673
f 601/1301/673 593/1293/665 596/1296/668
f 602/1302/674 600/1300/672 601/1301/673
f 602/1302/674 601/1301/673 603/1303/675
f 603/1303/675 601/1301/673 596/1296/668
f 604/1304/676 602/1302/674 603/1303/675
f 605/1305/677 596/1296/668 597/1297/669
f 603/1303/675 596/1296/668 605/1305/677
f 605/1305/677 597/1297/669 606/1306/678
f 604/1304/676 603/1303/675 607/1307/679
f 607/1307/679 603/1303/675 605/1305/677
f 608/1308/680 604/1304/676 607/1307/679
f 609/1309/681 605/1305/677 606/1306/678
f 607/1307/679 605/1305/677 609/1309/681
f 609/1309/681 606/1306/678 610/1310/682
f 608/1308/680 607/1307/679 611/1311/683
f 611/1311/683 607/1307/679 609/1309/681
f 612/1312/684 608/1308/680 611/1311/683
f 613/1313/685 609/1309/681 610/1310/682
f 611/1311/683 609/1309/681 613/1313/685
f 613/1313/685 610/1310/682 614/1314/686
f 612/1312/684 611/1311/683 615/1315/687
f 615/1315/687 611/1311/683 613/1313/685
f 616/1316/688 612/1312/684 615/1315/687
f 617/1317/689 613/1313/685 614/1314/686
f 617/1317/689 614/1314/686 618/1318/690
f 619/1319/691 617/1317/689 618/1318/690
f 615/1315/687 613/1313/685 620/1320/692
f 616/1316/688 615/1315/687 621/1321/693
f 621/1321/693 615/1315/687 620/1320/692
f 621/1321/693 620/1320/692 622/1322/694
f 623/1323/695 616/1316/688 621/1321/693
f 624/1324/696 621/1321/693 622/1322/694
f 623/1323/695 621/1321/693 624/1324/696
f 625/1325/697 623/1323/695 624/1324/696
f 628/1328/700 627/1327/699 626/1326/698
f 628/1328/700 629/1329/701 627/1327/699
f 629/1329/701 630/1330/702 627/1327/699
f 629/1329/701 631/1331/703 630/1330/702
f 631/1331/703 632/1332/704 630/1330/702
f 631/1331/703 633/1333/705 632/1332/704
f 633/1333/705 634/1334/706 632/1332/704
f 633/1333/705 635/1335/707 634/1334/706
f 635/1335/707 636/1336/708 634/1334/706
f 635/1335/707 637/1337/709 636/1336/708
f 637/1337/709 638/1338/710 636/1336/708
f 636/1336/708 638/1338/710 639/1339/711
f 637/1337/709 640/1340/712 638/1338/710
f 640/1340/712 641/1341/713 638/1338/710
f 640/1340/712 642/1342/714 641/1341/713
f 645/1345/717 644/1344/716 643/1343/715
f 645/1345/717 643/1343/715 646/1346/718
f 647/1347/719 645/1345/717 646/1346/718
f 650/1350/722 649/1349/721 648/1348/720
f 651/1351/723 650/1350/722 648/1348/720
f 651/1351/723 648/1348/720 652/1352/724
f 653/1353/725 651/1351/723 652/1352/724
f 653/1353/725 652/1352/724 654/1354/726
f 655/1355/727 653/1353/725 654/1354/726
f 655/1355/727 654/1354/726 656/1356/728
f 657/1357/729 655/1355/727 656/1356/728
f 657/1357/729 656/1356/728 658/1358/730
f 659/1359/731 657/1357/729 658/1358/730
f 659/1359/731 658/1358/730 660/1360/732
f 661/1361/733 659/1359/731 660/1360/732
f 664/1364/736 663/1363/735 662/1362/734
f 665/1365/737 664/1364/736 662/1362/734
f 665/1365/737 662/1362/734 666/1366/738
f 667/1367/739 665/1365/737 666/1366/738
f 667/1367/739 666/1366/738 668/1368/740
f 671/1371/743 670/1370/742 669/1369/741
f 670/1370/742 672/1372/744 669/1369/741
f 670/1370/742 673/1373/745 672/1372/744
f 673/1373/745 674/1374/746 672/1372/744
f 673/1373/745 675/1375/747 674/1374/746
f 675/1375/747 676/1376/748 674/1374/746
f 675/1375/747 677/1377/749 676/1376/748
f 677/1377/749 678/1378/750 676/1376/748
f 677/1377/749 679/1379/751 678/1378/750
f 679/1379/751 680/1380/752 678/1378/750
f 679/1379/751 681/1381/753 680/1380/752
f 681/1381/753 682/1382/754 680/1380/752
f 681/1381/753 683/1383/755 682/1382/754
f 683/1383/755 684/1384/756 682/1382/754
f 683/1383/755 685/1385/757 684/1384/756
f 685/1385/757 686/1386/758 684/1384/756
f 685/1385/757 687/1387/759 686/1386/758
f 687/1387/759 688/1388/760 686/1386/758
f 691/1391/763 690/1390/762 689/1389/761
f 690/1390/762 692/1392/764 689/1389/761
f 690/1390/762 693/1393/765 692/1392/764
f 693/1393/765 694/1394/766 692/1392/764
f 693/1393/765 695/1395/767 694/1394/766
f 695/1395/767 696/1396/768 694/1394/766
f 695/1395/767 697/1397/769 696/1396/768
f 697/1397/769 698/1398/770 696/1396/768
f 697/1397/769 699/1399/771 698/1398/770
f 699/1399/771 700/1400/772 698/1398/770
f 699/1399/771 701/1401/773 700/1400/772
f 701/1401/773 702/1402/774 700/1400/772
f 701/1401/773 703/1403/775 702/1402/774
f 703/1403/775 704/1404/776 702/1402/774
f 703/1403/775 705/1405/777 704/1404/776
f 705/1405/777 706/1406/778 704/1404/776
f 705/1405/777 707/1407/779 706/1406/778
f 707/1407/779 708/1408/780 706/1406/778
usemtl Book_Cover_Mat
f 711/1411/783 710/1410/782 709/1409/781
f 712/1412/784 711/1411/783 709/1409/781
f 715/1415/787 714/1414/786 713/1413/785
f 714/1414/786 716/1416/788 713/1413/785
f 717/1417/789 716/1416/788 714/1414/786
f 718/1418/790 717/1417/789 714/1414/786
f 717/1417/789 718/1418/790 719/1419/791
f 720/1420/792 717/1417/789 719/1419/791
f 723/1423/795 722/1422/794 721/1421/793
f 724/1424/796 723/1423/795 721/1421/793
f 727/1427/799 726/1426/798 725/1425/797
f 728/1428/800 727/1427/799 725/1425/797
f 731/1431/803 730/1430/802 729/1429/801
f 732/1432/804 731/1431/803 729/1429/801
f 735/1435/807 734/1434/806 733/1433/805
f 736/1436/808 735/1435/807 733/1433/805
f 739/1439/811 738/1438/810 737/1437/809
f 740/1440/812 739/1439/811 737/1437/809
f 743/1443/815 742/1442/814 741/1441/813
f 744/1444/816 743/1443/815 741/1441/813
f 747/1447/819 746/1446/818 745/1445/817
f 748/1448/820 747/1447/819 745/1445/817
f 751/1451/823 750/1450/822 749/1449/821
f 752/1452/824 751/1451/823 749/1449/821
f 755/1455/827 754/1454/826 753/1453/825
f 754/1454/826 756/1456/828 753/1453/825
f 756/1456/828 754/1454/826 757/1457/829
f 754/1454/826 758/1458/830 757/1457/829
f 757/1457/829 758/1458/830 759/1459/831
f 760/1460/832 757/1457/829 759/1459/831
f 761/1461/833 760/1460/832 759/1459/831
f 762/1462/834 761/1461/833 759/1459/831
f 765/1465/837 764/1464/836 763/1463/835
f 764/1464/836 766/1466/838 763/1463/835
f 767/1467/839 766/1466/838 764/1464/836
f 768/1468/840 767/1467/839 764/1464/836
f 767/1467/839 768/1468/840 769/1469/841
f 770/1470/842 767/1467/839 769/1469/841
f 770/1470/842 769/1469/841 771/1471/843
f 769/1469/841 772/1472/844 771/1471/843
f 775/1475/847 774/1474/846 773/1473/845
f 774/1474/846 776/1476/848 773/1473/845
f 777/1477/849 776/1476/848 774/1474/846
f 778/1478/850 777/1477/849 774/1474/846
f 779/1479/851 777/1477/849 778/1478/850
f 780/1480/852 779/1479/851 778/1478/850
f 781/1481/853 779/1479/851 780/1480/852
f 782/1482/854 781/1481/853 780/1480/852
f 785/1485/857 784/1484/856 783/1483/855
f 786/1486/858 785/1485/857 783/1483/855
f 789/1489/861 788/1488/860 787/1487/859
f 790/1490/862 789/1489/861 787/1487/859
f 793/1493/865 792/1492/864 791/1491/863
f 794/1494/866 793/1493/865 791/1491/863
f 797/1497/869 796/1496/868 795/1495/867
f 798/1498/870 797/1497/869 795/1495/867
f 801/1501/873 800/1500/872 799/1499/871
f 802/1502/874 801/1501/873 799/1499/871
f 805/1505/877 804/1504/876 803/1503/875
f 806/1506/878 805/1505/877 803/1503/875
f 809/1509/881 808/1508/880 807/1507/879
f 810/1510/882 809/1509/881 807/1507/879
f 813/1513/885 812/1512/884 811/1511/883
f 814/1514/886 813/1513/885 811/1511/883
f 817/1517/889 816/1516/888 815/1515/887
f 818/1518/890 817/1517/889 815/1515/887
f 821/1521/893 820/1520/892 819/1519/891
f 822/1522/894 821/1521/893 819/1519/891
usemtl Book_Text_Mat
f 825/1525/897 824/1524/896 823/1523/895
f 824/1524/896 826/1526/898 823/1523/895
f 823/1523/895 826/1526/898 827/1527/899
f 828/1528/900 823/1523/895 827/1527/899
f 828/1528/900 827/1527/899 829/1529/901
f 830/1530/902 828/1528/900 829/1529/901
f 830/1530/902 829/1529/901 831/1531/903
f 829/1529/901 832/1532/904 831/1531/903
f 831/1531/903 832/1532/904 833/1533/905
f 834/1534/906 831/1531/903 833/1533/905
f 834/1534/906 833/1533/905 835/1535/907
f 836/1536/908 834/1534/906 835/1535/907
f 836/1536/908 835/1535/907 837/1537/909
f 838/1538/910 836/1536/908 837/1537/909
f 838/1538/910 837/1537/909 839/1539/911
f 840/1540/912 838/1538/910 839/1539/911
f 840/1540/912 839/1539/911 841/1541/913
f 839/1539/911 842/1542/914 841/1541/913
