mtllib Cup_1.mtl
v 0.02483371 0.006758915 -0.003154616
v 0.01769166 0.008773536 -1.019035E-09
v 0.02432548 0.008773536 -1.811302E-09
v 0.01874408 0.006758915 -0.00266497
v 0.01160923 0.009942974 -0.003994584
v 0.01769166 0.008773536 -1.019035E-09
v 0.02561453 2.593388E-05 -0.009716557
v 0.02194118 2.593388E-05 -0.009066941
v 0.0208523 0.001648982 -0.006256758
v 0.03233038 0.009615442 -1.360612E-09
v 0.031491 0.008773536 -0.003483219
v 0.02432548 0.008773536 -1.811302E-09
v 0.03060877 0.006758915 -0.02250273
v 0.02670564 0.008856726 -0.02672105
v 0.02608194 0.006758915 -0.02517411
v 0.02216852 0.001648982 -0.02123842
v 0.02584528 0.004353049 -0.02404347
v 0.02117385 0.004353049 -0.022747
v 0.02117385 0.004353049 -0.022747
v 0.02608194 0.006758915 -0.02517411
v 0.02010748 0.006758915 -0.02401429
v 0.009684876 0.006758915 -0.02308393
v 0.007064105 0.006758915 -0.01756533
v 0.008845829 0.008773536 -0.01532143
v 0.004183548 0.006758915 -0.03775934
v 0.008760441 0.006758915 -0.03517467
v 0.009788294 0.008856726 -0.03648828
v 0.005931854 0.001648982 -0.0331675
v 0.007899616 0.004353049 -0.03440441
v 0.003517488 0.004353048 -0.03695901
v 0.005931854 0.001648982 -0.0331675
v 0.003517488 0.004353048 -0.03695901
v 0.002451876 0.001648981 -0.03624417
v 2.261991E-09 2.593388E-05 -0.03411349
v 0.001362078 2.593388E-05 -0.0341083
v -7.91697E-09 0.001648981 -0.03624972
v -0.002451868 0.001648981 -0.03624417
v -0.001362075 2.593388E-05 -0.03410829
v -0.008760449 0.006758915 -0.03517467
v -0.009788291 0.008856726 -0.03648828
v -0.01272894 0.008773536 -0.02901362
v -0.009112556 0.004353049 -0.0297106
v -0.007899616 0.004353049 -0.03440441
v -0.00730875 0.001648982 -0.02981771
v -0.00593186 0.001648982 -0.03316751
v -0.00593186 0.001648982 -0.03316751
v -0.003517487 0.004353048 -0.03695903
v -0.007899616 0.004353049 -0.03440441
v -0.004392475 2.593388E-05 -0.02704111
v -0.00686897 0.001648982 -0.02565944
v -0.005007641 0.001648982 -0.021187
v 0.01904473 0.01148471 -0.03298644
v 0.02213166 0.009606631 -0.02969063
v 0.02269272 0.01099027 -0.03045723
v 0.01961935 0.01241932 -0.03398171
v 0.02738498 0.01241932 -0.0275138
v 0.0150518 0.01106757 -0.03492965
v 0.01464701 0.009606631 -0.03401189
v 0.01837888 0.01003715 -0.03183314
v 0.01013517 0.01241932 -0.037473
v 0.01904473 0.01148471 -0.03298644
v 0.01961935 0.01241932 -0.03398171
v 0.02269272 0.01099027 -0.03045723
v -0.01357847 0.004353049 -0.01033003
v -0.01544982 0.001648982 -0.01100071
v -0.01635872 0.001648982 -0.009444711
v -0.03021969 2.593388E-05 -0.01587456
v -0.03168984 0.001648982 -0.01144661
v -0.02941488 2.593388E-05 -0.01272796
v -0.01503038 0.01099027 -0.0348811
v -0.014647 0.009606631 -0.03401189
v -0.009788291 0.008856726 -0.03648828
v -0.014647 0.009606631 -0.03401189
v -0.01272894 0.008773536 -0.02901362
v -0.009788291 0.008856726 -0.03648828
v -0.01514883 0.006758915 0.01992931
v -0.01216274 0.008773536 0.02106649
v -0.008845829 0.008773536 0.01532143
v -0.01961935 0.01241932 0.03398171
v -0.02269272 0.01099027 0.03045723
v -0.02738498 0.01241932 0.0275138
v -0.01904473 0.01148471 0.03298644
v -0.02213166 0.009606631 0.02969063
v -0.01837888 0.01003715 0.03183314
v 0.02608194 0.006758915 0.0251741
v 0.02010748 0.006758915 0.02401429
v 0.01876206 0.008773536 0.0255304
v 0.02608194 0.006758915 0.0251741
v 0.01876206 0.008773536 0.0255304
v 0.02670564 0.008856726 0.02672105
v 0.01878723 0.001648982 0.01877841
v 0.01724617 0.004353049 0.01944651
v 0.02117385 0.004353049 0.022747
v 0.02117385 0.004353049 0.022747
v 0.02010748 0.006758915 0.02401429
v 0.02608194 0.006758915 0.0251741
v 0.02806775 0.01891751 -0.01620496
v 0.0228119 0.01891752 -0.02296781
v 0.02389911 0.02024319 -0.02402771
v 0.02483371 0.006758915 -0.003154616
v 0.01874408 0.006758915 -0.00266497
v 0.01769166 0.008773536 -1.019035E-09
v 0.01977775 0.004353049 -0.004500277
v 0.02546426 0.004353049 -0.005212363
v 0.0208523 0.001648982 -0.006256758
v 0.03085073 0.006758915 -0.005406443
v 0.02432548 0.008773536 -1.811302E-09
v 0.031491 0.008773536 -0.003483219
v 0.03028641 0.004353049 -0.006963592
v 0.0256562 0.001648982 -0.006881012
v 0.02561453 2.593388E-05 -0.009716557
v 0.02794928 2.593388E-05 -0.01070539
v 0.02947727 0.001648982 -0.008579288
v 0.02941488 2.593388E-05 -0.01272797
v 0.03168983 0.001648982 -0.01144662
v 0.03028641 0.004353049 -0.006963592
v 0.03085073 0.006758915 -0.005406443
v 0.03484238 0.006758915 -0.01000057
v 0.031491 0.008773536 -0.003483219
v 0.03649393 0.008856726 -0.009767232
v 0.03479231 0.006758915 -0.01525661
v 0.0337449 0.004353049 -0.01036094
v 0.03376619 0.004353048 -0.01543328
v 0.03307172 0.006758915 -0.01909396
v 0.03168983 0.001648982 -0.01144662
v 0.03261431 0.001648981 -0.0159987
v 0.03535583 0.008785255 -0.01514172
v 0.03229416 0.004353048 -0.01864504
v 0.03554754 0.01049391 -0.01516241
v 0.03752015 0.01241932 -0.009959186
v 0.03677867 0.009606631 -0.004321268
v 0.03777587 0.01106757 -0.004429587
v 0.03675775 0.01003715 3.628298E-09
v 0.03808946 0.01148471 1.680722E-09
v 0.03677867 0.009606631 0.00432127
v 0.0377231 0.01099027 0.004423856
v 0.03649393 0.008856726 0.009767232
v 0.03923871 0.01241932 -9.049878E-19
v 0.03752014 0.01241932 0.009959185
v 0.03867085 0.02792598 0.0102672
v 0.04044421 0.02792606 -9.32791E-19
v 0.03981608 0.05106191 0.0105736
v 0.04164384 0.05106191 -9.604588E-19
v 0.04034597 0.07238122 0.01071516
v 0.03867085 0.02792587 -0.0102672
v 0.04219873 0.07238122 -9.732567E-19
v 0.04044661 0.09322893 0.01074274
v 0.03554766 0.01049492 0.01516242
v 0.03347775 0.01050947 0.01932839
v 0.03535583 0.008785255 0.01514172
v 0.0336467 0.01241932 -0.01942593
v 0.0398161 0.05106203 -0.01057361
v 0.03332419 0.008773536 0.01923973
v 0.03079102 0.008785255 0.0230482
v 0.03307172 0.006758915 0.01909397
v 0.03479232 0.006758915 0.01525661
v 0.03347775 0.01050947 -0.01932839
v 0.03468039 0.0279258 -0.02002273
v 0.03484239 0.006758915 0.01000057
v 0.031491 0.008773536 0.003483219
v 0.03085073 0.006758915 0.005406443
v 0.03028641 0.004353049 0.006963593
v 0.0337449 0.004353049 0.01036094
v 0.02947727 0.001648982 0.008579288
v 0.03168984 0.001648982 0.01144661
v 0.0337662 0.004353048 0.01543328
v 0.0326143 0.001648981 0.0159987
v 0.03021969 2.593388E-05 0.01587456
v 0.02941488 2.593388E-05 0.01272796
v 0.03229416 0.004353048 0.01864504
v 0.0302487 0.004353048 0.02152574
v 0.03016244 0.001648981 0.02024548
v 0.03028641 0.004353049 -0.006963592
v 0.03484238 0.006758915 -0.01000057
v 0.0337449 0.004353049 -0.01036094
v 0.02947727 0.001648982 -0.008579288
v 0.03168983 0.001648982 -0.01144662
v 0.03021969 2.593388E-05 -0.01587456
v 0.02941488 2.593388E-05 -0.01272797
v 0.03261431 0.001648981 -0.0159987
v 0.02954316 2.593388E-05 -0.01705675
v 0.03021969 2.593388E-05 -0.01587456
v 0.03139317 0.001648981 -0.01812487
v 0.03016244 0.001648981 -0.02024547
v 0.02885761 2.593388E-05 -0.01823374
v 0.03024871 0.004353048 -0.02152574
v 0.03060877 0.006758915 -0.02250273
v 0.03079103 0.008785255 -0.0230482
v 0.02670564 0.008856726 -0.02672105
v 0.03332419 0.008773536 -0.01923973
v 0.03090487 0.01049492 -0.02320397
v 0.02738498 0.01241932 -0.0275138
v 0.02269272 0.01099027 -0.03045723
v 0.02213166 0.009606631 -0.02969063
v 0.02822709 0.02792598 -0.02835634
v 0.01961935 0.01241932 -0.03398171
v 0.02022211 0.02792606 -0.03502571
v 0.03570908 0.05106191 -0.02061664
v 0.02906505 0.05106191 -0.02919494
v 0.02082192 0.05106191 -0.03606462
v 0.04034598 0.07238122 -0.01071517
v 0.02945259 0.07238122 -0.02958306
v 0.02109936 0.07238122 -0.03654517
v 0.03618489 0.07238122 -0.02089135
v 0.04230466 0.09322904 -9.757E-19
v 0.02952679 0.09322893 -0.02965642
v 0.02115233 0.09322904 -0.03663691
v 0.03627572 0.09322915 -0.0209438
v 0.04044661 0.09322903 -0.01074274
v 0.02885343 0.1163753 -0.02897701
v 0.02066946 0.1163752 -0.03580056
v 0.0354476 0.1163755 -0.02046568
v 0.03952155 0.1163752 -0.0104993
v 0.04133893 0.1163752 -9.534265E-19
v 0.03952155 0.1163753 0.0104993
v 0.02738868 0.1400529 -0.02750079
v 0.01961935 0.1400529 -0.03398171
v 0.0336467 0.1400529 -0.01942593
v 0.026415 0.1416843 -0.02653113
v 0.03245591 0.1416843 -0.01873843
v 0.03618413 0.1416843 -0.009610501
v 0.03751073 0.1400529 -0.0099689
v 0.03923871 0.1400529 -9.049878E-19
v 0.03785355 0.1416843 2.687238E-10
v 0.03618413 0.1416843 0.009610499
v 0.03751073 0.1400529 0.009968899
v 0.0336467 0.1400529 0.01942593
v 0.03245591 0.1416843 0.01873843
v 0.026415 0.1416843 0.02653113
v 0.02738868 0.1400529 0.0275008
v 0.0354476 0.1163755 0.02046568
v 0.03627572 0.09322915 0.0209438
v 0.02941488 2.593388E-05 -0.01272797
v 0.03021969 2.593388E-05 -0.01587456
v 0.02954316 2.593388E-05 -0.01705675
v 0.02758492 2.593388E-05 -0.01592617
v 0.02794928 2.593388E-05 -0.01070539
v 0.02573018 2.593388E-05 -0.01911005
v 0.02885761 2.593388E-05 -0.01823374
v 0.02561495 2.593388E-05 -0.0147888
v 0.02343625 2.593388E-05 -0.01353093
v 0.02324579 2.593388E-05 -0.01885209
v 0.02122205 2.593395E-05 -0.01732455
v 0.02575798 0.001648982 -0.0217209
v 0.03016244 0.001648981 -0.02024547
v 0.03024871 0.004353048 -0.02152574
v 0.02584528 0.004353049 -0.02404347
v 0.02216852 0.001648982 -0.02123842
v 0.01878724 0.001648982 -0.01877842
v 0.02117385 0.004353049 -0.022747
v 0.01584466 0.001648982 -0.01493025
v 0.01882279 2.593388E-05 -0.01446815
v 0.01724617 0.004353049 -0.01944651
v 0.02010748 0.006758915 -0.02401429
v 0.01544982 0.001648982 -0.01100071
v 0.01823053 2.593388E-05 -0.01182548
v 0.0187984 2.593388E-05 -0.01085326
v 0.01378623 0.004353049 -0.01487789
v 0.01514883 0.006758915 -0.01992931
v 0.01167997 0.006758915 -0.01490035
v 0.008845829 0.008773536 -0.01532143
v 0.01216274 0.008773536 -0.02106649
v 0.01876206 0.008773536 -0.0255304
v 0.02608194 0.006758915 -0.02517411
v 0.01616519 0.009615442 -0.02799893
v 0.02343625 2.593388E-05 -0.01353093
v 0.02561453 2.593388E-05 -0.009716557
v 0.02794928 2.593388E-05 -0.01070539
v 0.02039513 2.593388E-05 -0.01177513
v 0.02122205 2.593395E-05 -0.01732455
v 0.01882279 2.593388E-05 -0.01446815
v 0.02194118 2.593388E-05 -0.009066941
v 0.0187984 2.593388E-05 -0.01085326
v 0.01935643 2.593388E-05 -0.009875361
v 0.01635872 0.001648982 -0.009444711
v 0.01823053 2.593388E-05 -0.01182548
v 0.01544982 0.001648982 -0.01100071
v 0.01725181 0.001648982 -0.00787958
v 0.0208523 0.001648982 -0.006256758
v 0.01977775 0.004353049 -0.004500277
v 0.0157353 0.004353049 -0.006594284
v 0.01874408 0.006758915 -0.00266497
v 0.0142562 0.006758915 -0.005285744
v 0.01160923 0.009942974 -0.003994584
v 0.01043663 0.009942974 -0.006025589
v 0.008859211 0.01062035 -0.002406856
v 0.007686609 0.01062035 -0.004437866
v 0.006514007 0.01062035 -0.006468872
v 0.009264023 0.009942974 -0.008056595
v 0.01299208 0.006758915 -0.007500983
v 0.01466635 0.004353049 -0.008467619
v 0.01357847 0.004353049 -0.01033003
v 0.01170569 0.006758915 -0.009703358
v 0.01167997 0.006758915 -0.01490035
v 0.008845829 0.008773536 -0.01532143
v 0.01378623 0.004353049 -0.01487789
v 0.01584466 0.001648982 -0.01493025
v 0.03677867 0.009606631 -0.004321268
v 0.03649393 0.008856726 -0.009767232
v 0.031491 0.008773536 -0.003483219
v 0.03288617 0.009288331 -0.002169338
v 0.03233038 0.009615442 -1.360612E-09
v 0.03675775 0.01003715 3.628298E-09
v 0.03677867 0.009606631 0.00432127
v 0.03288617 0.009288331 0.00216934
v 0.031491 0.008773536 0.003483219
v 0.03649393 0.008856726 0.009767232
v 0.02432548 0.008773536 -1.811302E-09
v 0.03085073 0.006758915 0.005406443
v 0.0248337 0.006758915 0.00315462
v 0.02546426 0.004353049 0.005212367
v 0.03028641 0.004353049 0.006963593
v 0.02608194 0.006758915 -0.02517411
v 0.02670564 0.008856726 -0.02672105
v 0.01876206 0.008773536 -0.0255304
v 0.02213166 0.009606631 -0.02969063
v 0.01832179 0.009288331 -0.02739559
v 0.01616519 0.009615442 -0.02799893
v 0.01837888 0.01003715 -0.03183314
v 0.01464701 0.009606631 -0.03401189
v 0.01904473 0.01148471 -0.03298644
v 0.0150518 0.01106757 -0.03492965
v 0.02117385 0.004353049 -0.022747
v 0.02584528 0.004353049 -0.02404347
v 0.02608194 0.006758915 -0.02517411
v 0.03060877 0.006758915 -0.02250273
v 0.03024871 0.004353048 -0.02152574
v 0.009264023 0.009942974 -0.008056595
v 0.004355395 0.01062035 -0.007543764
v 0.006514007 0.01062035 -0.006468872
v 0.008845829 0.008773536 -0.01532143
v 0.002345204 0.009942974 -0.01205118
v 0.007064105 0.006758915 -0.01756533
v 0.002345207 0.01062035 -0.00887573
v 1.008073E-17 0.009942974 -0.01205118
v 1.713335E-18 0.01062035 -3.046712E-18
v 2.827489E-10 0.01062035 -0.008875731
v -0.002345205 0.01062035 -0.008875731
v 0.002550512 0.006758915 -0.0149891
v 0.002156832 0.004353049 -0.01692431
v 0.005991517 0.004353049 -0.01937817
v -0.002345205 0.009942974 -0.01205118
v -0.004355393 0.01062035 -0.007543764
v 5.654979E-10 0.006758915 -0.01500196
v 0.001801987 0.001648982 -0.01888029
v 5.654979E-10 0.001648982 -0.01888942
v 0.005007644 0.001648982 -0.02118701
v 0.003118388 2.593388E-05 -0.02353509
v 0.001125903 2.593388E-05 -0.02170084
v -1.130996E-09 2.593388E-05 -0.02170652
v -0.0011259 2.593388E-05 -0.02170084
v -0.001801985 0.001648982 -0.01888029
v -0.002156832 0.004353049 -0.01692431
v 1.696494E-09 0.004353049 -0.01693524
v -0.002550509 0.006758915 -0.0149891
v -0.007064103 0.006758915 -0.01756533
v -0.005991517 0.004353049 -0.01937817
v -0.008845829 0.008773536 -0.01532143
v -0.009264024 0.009942974 -0.008056594
v -0.006514004 0.01062035 -0.006468873
v -0.01043663 0.009942974 -0.006025588
v -0.007686609 0.01062035 -0.004437866
v -0.008859211 0.01062035 -0.002406859
v -0.01170569 0.006758915 -0.00970336
v -0.01160923 0.009942974 -0.003994581
v -0.01299208 0.006758915 -0.007500983
v -0.01357847 0.004353049 -0.01033003
v -0.0142562 0.006758915 -0.005285746
v -0.01466635 0.004353049 -0.008467623
v -0.01635872 0.001648982 -0.009444711
v -0.0157353 0.004353049 -0.006594284
v -0.01874407 0.006758915 -0.00266497
v -0.01769166 0.008773536 1.019035E-09
v -0.0248337 0.006758915 -0.00315462
v -0.02432548 0.008773536 1.811302E-09
v -0.01977775 0.004353049 -0.004500276
v -0.02546426 0.004353049 -0.005212367
v -0.03085073 0.006758915 -0.005406443
v -0.03028641 0.004353049 -0.006963593
v -0.0172518 0.001648982 -0.00787958
v -0.0208523 0.001648982 -0.006256758
v -0.02194118 2.593388E-05 -0.009066944
v -0.02561453 2.593388E-05 -0.009716557
v -0.01935643 2.59338E-05 -0.009875361
v -0.02565621 0.001648982 -0.006881014
v -0.0187984 2.593388E-05 -0.01085326
v -0.01823053 2.593388E-05 -0.01182548
v -0.01544982 0.001648982 -0.01100071
v -0.02794928 2.593388E-05 -0.01070539
v -0.02947727 0.001648982 -0.008579288
v -0.02941488 2.593388E-05 -0.01272796
v -0.03168984 0.001648982 -0.01144661
v 1.713335E-18 0.01062035 -3.046712E-18
v 0.006514007 0.01062035 -0.006468872
v 0.004355395 0.01062035 -0.007543764
v 0.007686609 0.01062035 -0.004437866
v 0.008859211 0.01062035 -0.002406856
v 0.00871079 0.01062035 2.267686E-10
v 0.01160923 0.009942974 -0.003994584
v 0.01769166 0.008773536 -1.019035E-09
v 0.008859211 0.01062035 0.002406859
v 0.01160923 0.009942974 0.003994581
v 0.01043663 0.009942974 0.006025588
v 0.007686609 0.01062035 0.004437866
v 0.006514004 0.01062035 0.006468873
v 0.004355393 0.01062035 0.007543764
v 0.009264024 0.009942974 0.008056594
v 0.01170569 0.006758915 0.00970336
v 0.01299208 0.006758915 0.007500983
v 0.01357847 0.004353049 0.01033003
v 0.0142562 0.006758915 0.005285746
v 0.01874407 0.006758915 0.00266497
v 0.0157353 0.004353049 0.006594284
v 0.01466635 0.004353049 0.008467623
v 0.01635872 0.001648982 0.009444711
v 0.01544982 0.001648982 0.01100071
v 0.01823053 2.593388E-05 0.01182548
v 0.0248337 0.006758915 0.00315462
v 0.02432548 0.008773536 -1.811302E-09
v 0.01977775 0.004353049 0.004500276
v 0.02546426 0.004353049 0.005212367
v 0.0172518 0.001648982 0.00787958
v 0.0208523 0.001648982 0.006256758
v 0.0187984 2.593388E-05 0.01085326
v 0.01882279 2.593388E-05 0.01446815
v 0.01935643 2.59338E-05 0.009875361
v 0.02194118 2.593388E-05 0.009066944
v 0.02039513 2.593388E-05 0.01177514
v 0.02122205 2.59338E-05 0.01732455
v 0.02561453 2.593388E-05 0.009716557
v 0.02565621 0.001648982 0.006881014
v 0.02343626 2.593388E-05 0.01353092
v 0.02324579 2.593388E-05 0.01885209
v 0.02794928 2.593388E-05 0.01070539
v 0.02947727 0.001648982 0.008579288
v 0.02561495 2.593388E-05 0.0147888
v 0.02758493 2.593388E-05 0.01592616
v 0.02573018 2.593388E-05 0.01911005
v 0.02941488 2.593388E-05 0.01272796
v 0.02954315 2.593388E-05 0.01705675
v 0.02885761 2.593395E-05 0.01823374
v 0.03021969 2.593388E-05 0.01587456
v -0.026415 0.1416843 0.02653113
v -0.01892678 0.1416843 0.03278214
v -0.01961935 0.1400529 0.03398171
v -0.02738868 0.1400529 0.02750079
v -0.026415 0.1416843 -0.02653113
v -0.02738868 0.1400529 -0.0275008
v -0.01961935 0.1400529 -0.03398171
v -0.01892678 0.1416843 -0.03278214
v -0.009769125 0.1416843 -0.03614162
v -0.01012204 0.1400529 -0.03746969
v 1.215849E-18 0.1400529 -0.03885186
v -1.399678E-11 0.1416843 -0.03747685
v 0.009769129 0.1416843 -0.03614163
v 0.01012205 0.1400529 -0.0374697
v -0.03618413 0.1416843 -0.009610499
v -0.03751073 0.1400529 -0.009968899
v -0.0336467 0.1400529 -0.01942593
v -0.03245591 0.1416843 -0.01873843
v -0.026415 0.1416843 -0.02653113
v -0.02738868 0.1400529 -0.0275008
v -0.01961935 0.1400529 -0.03398171
v -0.02885344 0.1163752 -0.02897702
v -0.02066946 0.1163752 -0.03580056
v -0.02952679 0.09322903 -0.02965643
v -0.02115233 0.09322904 -0.03663691
v -0.0294526 0.07238122 -0.02958306
v -0.02109936 0.07238122 -0.03654517
v -0.02906506 0.05106203 -0.02919495
v -0.02082192 0.05106191 -0.03606462
v -0.02822709 0.02792587 -0.02835634
v -0.02022211 0.02792606 -0.03502571
v -0.02738498 0.01241932 -0.02751381
v -0.01961935 0.01241932 -0.03398171
v -0.0336467 0.01241932 -0.01942593
v -0.03468039 0.0279258 -0.02002273
v -0.03752014 0.01241932 -0.009959185
v -0.03867085 0.02792598 -0.0102672
v -0.03923871 0.01241932 -9.768035E-18
v -0.0377231 0.01099027 -0.004423856
v -0.03649393 0.008856726 -0.009767232
v -0.03347775 0.01050947 -0.01932839
v -0.0309048 0.01049391 -0.02320388
v -0.03554766 0.01049492 -0.01516242
v -0.03535583 0.008785255 -0.01514172
v -0.03479232 0.006758915 -0.01525661
v -0.03307172 0.006758915 -0.01909397
v -0.03484239 0.006758915 -0.01000057
v -0.0337449 0.004353049 -0.01036094
v -0.0337662 0.004353048 -0.01543328
v -0.03168984 0.001648982 -0.01144661
v -0.03332419 0.008773536 -0.01923973
v -0.03079102 0.008785255 -0.0230482
v -0.02670564 0.008856726 -0.02672105
v -0.02213166 0.009606631 -0.02969063
v -0.02272407 0.01106757 -0.03050007
v -0.03060877 0.006758915 -0.02250273
v -0.02608194 0.006758915 -0.0251741
v -0.0302487 0.004353048 -0.02152574
v -0.03229416 0.004353048 -0.01864504
v -0.03016244 0.001648981 -0.02024548
v -0.0326143 0.001648981 -0.0159987
v -0.03021969 2.593388E-05 -0.01587456
v -0.02954315 2.593388E-05 -0.01705675
v -0.02885761 2.593395E-05 -0.01823374
v -0.03139318 0.001648981 -0.01812485
v 0.009769129 0.1416843 -0.03614163
v 0.01012205 0.1400529 -0.0374697
v 0.01961935 0.1400529 -0.03398171
v 0.01892678 0.1416843 -0.03278214
v 0.026415 0.1416843 -0.02653113
v 0.02738868 0.1400529 -0.02750079
v 0.026415 0.1416843 0.02653113
v 0.02738868 0.1400529 0.0275008
v 0.01961935 0.1400529 0.03398171
v 0.01892678 0.1416843 0.03278214
v -0.009769129 0.1416843 0.03614163
v -0.01961935 0.1400529 0.03398171
v -0.01892678 0.1416843 0.03278214
v -0.01012205 0.1400529 0.0374697
v -3.542132E-18 0.1400529 0.03885186
v 1.399678E-11 0.1416843 0.03747685
v 0.009769125 0.1416843 0.03614162
v 0.01012204 0.1400529 0.03746969
v 0.01961935 0.1400529 0.03398171
v 0.01892678 0.1416843 0.03278214
v 0.009684876 0.006758915 -0.02308393
v 0.008845829 0.008773536 -0.01532143
v 0.01216274 0.008773536 -0.02106649
v 0.01074324 0.006758915 -0.02942074
v 0.01272894 0.008773536 -0.02901362
v 0.008760441 0.006758915 -0.03517467
v 0.009788294 0.008856726 -0.03648828
v 0.009112556 0.004353049 -0.02971059
v 0.007899616 0.004353049 -0.03440441
v 0.00730875 0.001648982 -0.02981771
v 0.005931854 0.001648982 -0.0331675
v 0.008218089 0.004353049 -0.02465887
v 0.006868968 0.001648982 -0.02565943
v 0.005007644 0.001648982 -0.02118701
v 0.005991517 0.004353049 -0.01937817
v 0.007064105 0.006758915 -0.01756533
v 0.006868968 0.001648982 -0.02565943
v 0.009112556 0.004353049 -0.02971059
v 0.00730875 0.001648982 -0.02981771
v 0.004703497 2.593388E-05 -0.02955749
v 0.004392477 2.59338E-05 -0.02704111
v 0.007899616 0.004353049 -0.03440441
v 0.008760441 0.006758915 -0.03517467
v 0.004183548 0.006758915 -0.03775934
v 0.003517488 0.004353048 -0.03695901
v 2.261991E-09 0.006758915 -0.03818792
v 1.008073E-17 0.004353048 -0.03729009
v 0.002451876 0.001648981 -0.03624417
v -7.91697E-09 0.001648981 -0.03624972
v -0.002451868 0.001648981 -0.03624417
v -0.003517487 0.004353048 -0.03695903
v 0.004564808 0.008785255 -0.03818991
v 0.009788294 0.008856726 -0.03648828
v -0.004183551 0.006758915 -0.03775934
v -0.007899616 0.004353049 -0.03440441
v -0.008760449 0.006758915 -0.03517467
v -0.009788291 0.008856726 -0.03648828
v -0.004564805 0.008785255 -0.03818991
v -1.130996E-09 0.008773536 -0.03847945
v -1.130996E-09 0.01050947 -0.03865677
v 0.004642745 0.01049391 -0.03836628
v -0.004642787 0.01049492 -0.03836639
v -0.01013517 0.01241932 -0.03747299
v -0.01503038 0.01099027 -0.0348811
v 0.01013517 0.01241932 -0.037473
v 0.01464701 0.009606631 -0.03401189
v 0.0150518 0.01106757 -0.03492965
v 1.130996E-09 0.01241932 -0.03885187
v 0.01044377 0.02792587 -0.03862354
v 9.270014E-10 0.0279258 -0.04004547
v -0.01044377 0.02792598 -0.03862355
v -0.01961935 0.01241932 -0.03398171
v -0.02022211 0.02792606 -0.03502571
v 0.01075104 0.05106203 -0.03976855
v 0.02082192 0.05106191 -0.03606462
v 7.37898E-10 0.05106191 -0.04123328
v 0.01089338 0.07238122 -0.04029823
v -0.01075103 0.05106191 -0.03976854
v -0.02082192 0.05106191 -0.03606462
v 6.695894E-10 0.07238122 -0.04178271
v 0.01091982 0.09322903 -0.04039916
v -0.01089338 0.07238122 -0.04029822
v -0.02109936 0.07238122 -0.03654517
v 5.929048E-10 0.09322915 -0.0418876
v 0.01066811 0.1163752 -0.03947632
v -0.01091982 0.09322893 -0.04039915
v -0.02115233 0.09322904 -0.03663691
v 3.698234E-10 0.1163755 -0.04093136
v 0.01012205 0.1400529 -0.0374697
v 1.215849E-18 0.1400529 -0.03885186
v -0.01066811 0.1163753 -0.0394763
v -0.02066946 0.1163752 -0.03580056
v -0.01012204 0.1400529 -0.03746969
v -0.01961935 0.1400529 -0.03398171
v 0.001362078 2.593388E-05 -0.0341083
v 0.005931854 0.001648982 -0.0331675
v 0.002451876 0.001648981 -0.03624417
v 0.003684699 2.593388E-05 -0.03183801
v 0.00730875 0.001648982 -0.02981771
v 2.261991E-09 2.593388E-05 -0.03411349
v 0.004703497 2.593388E-05 -0.02955749
v -1.130996E-09 2.593388E-05 -0.03185232
v -0.003684701 2.593388E-05 -0.03183801
v -0.001362075 2.593388E-05 -0.03410829
v -0.004703497 2.593388E-05 -0.02955749
v 1.130996E-09 2.593388E-05 -0.0295776
v -1.130996E-09 2.593388E-05 -0.02706185
v -0.004392475 2.593388E-05 -0.02704111
v 0.004392477 2.59338E-05 -0.02704111
v 1.130996E-09 2.593388E-05 -0.02355027
v -0.003118386 2.593388E-05 -0.02353509
v -1.130996E-09 2.593388E-05 -0.02170652
v -0.0011259 2.593388E-05 -0.02170084
v 0.003118388 2.593388E-05 -0.02353509
v 0.001125903 2.593388E-05 -0.02170084
v 0.005007644 0.001648982 -0.02118701
v 0.006868968 0.001648982 -0.02565943
v 0.01616519 0.009615442 -0.02799893
v 0.01272894 0.008773536 -0.02901362
v 0.01216274 0.008773536 -0.02106649
v 0.01456438 0.009288331 -0.02956493
v 0.01464701 0.009606631 -0.03401189
v 0.009788294 0.008856726 -0.03648828
v -0.005991517 0.004353049 -0.01937817
v -0.002156832 0.004353049 -0.01692431
v -0.001801985 0.001648982 -0.01888029
v -0.005007641 0.001648982 -0.021187
v -0.003118386 2.593388E-05 -0.02353509
v -0.004392475 2.593388E-05 -0.02704111
v -0.0011259 2.593388E-05 -0.02170084
v -0.00686897 0.001648982 -0.02565944
v -0.00730875 0.001648982 -0.02981771
v -0.009112556 0.004353049 -0.0297106
v -0.004703497 2.593388E-05 -0.02955749
v -0.004392475 2.593388E-05 -0.02704111
v -0.00593186 0.001648982 -0.03316751
v -0.002451868 0.001648981 -0.03624417
v -0.003517487 0.004353048 -0.03695903
v -0.001362075 2.593388E-05 -0.03410829
v -0.003684701 2.593388E-05 -0.03183801
v -0.00730875 0.001648982 -0.02981771
v -0.004703497 2.593388E-05 -0.02955749
v 1.713335E-18 0.01062035 -3.046712E-18
v 2.827489E-10 0.01062035 -0.008875731
v -0.002345205 0.01062035 -0.008875731
v -0.004355393 0.01062035 -0.007543764
v -0.006514004 0.01062035 -0.006468873
v -0.007686609 0.01062035 -0.004437866
v -0.008859211 0.01062035 -0.002406859
v -0.00871079 0.01062035 -2.267686E-10
v -0.01160923 0.009942974 -0.003994581
v -0.01769166 0.008773536 1.019035E-09
v -0.008859211 0.01062035 0.002406856
v -0.01160923 0.009942974 0.003994584
v -0.007686609 0.01062035 0.004437866
v -0.006514007 0.01062035 0.006468872
v -0.004355395 0.01062035 0.007543764
v -0.009264023 0.009942974 0.008056595
v -0.01043663 0.009942974 0.006025589
v -0.01874408 0.006758915 0.00266497
v -0.0142562 0.006758915 0.005285744
v -0.01299208 0.006758915 0.007500983
v -0.01170569 0.006758915 0.009703358
v -0.01357847 0.004353049 0.01033003
v -0.0157353 0.004353049 0.006594284
v -0.02483371 0.006758915 0.003154616
v -0.02432548 0.008773536 1.811302E-09
v -0.01466635 0.004353049 0.008467619
v -0.01635872 0.001648982 0.009444711
v -0.01544982 0.001648982 0.01100071
v -0.01823053 2.593388E-05 0.01182548
v -0.01977775 0.004353049 0.004500277
v -0.03085073 0.006758915 0.005406443
v -0.031491 0.008773536 0.003483219
v -0.02546426 0.004353049 0.005212363
v -0.03028641 0.004353049 0.006963592
v -0.01725181 0.001648982 0.00787958
v -0.0187984 2.593388E-05 0.01085326
v -0.01882279 2.593388E-05 0.01446815
v -0.0208523 0.001648982 0.006256758
v -0.0256562 0.001648982 0.006881012
v -0.02947727 0.001648982 0.008579288
v -0.01935643 2.593388E-05 0.009875361
v -0.02194118 2.593388E-05 0.009066941
v -0.02039513 2.593388E-05 0.01177513
v -0.02122205 2.593395E-05 0.01732455
v -0.02561453 2.593388E-05 0.009716557
v -0.02343625 2.593388E-05 0.01353093
v -0.02324579 2.593388E-05 0.01885209
v -0.02794928 2.593388E-05 0.01070539
v -0.02561495 2.593388E-05 0.0147888
v -0.02758492 2.593388E-05 0.01592617
v -0.02573018 2.593388E-05 0.01911005
v -0.02941488 2.593388E-05 0.01272797
v -0.03168983 0.001648982 0.01144662
v -0.02954316 2.593388E-05 0.01705675
v -0.02885761 2.593388E-05 0.01823374
v -0.03021969 2.593388E-05 0.01587456
v -0.02575798 0.001648982 -0.02172089
v -0.02584528 0.004353049 -0.02404347
v -0.0302487 0.004353048 -0.02152574
v -0.03016244 0.001648981 -0.02024548
v -0.02117385 0.004353049 -0.022747
v -0.02010748 0.006758915 -0.02401429
v -0.02608194 0.006758915 -0.0251741
v -0.02584528 0.004353049 -0.02404347
v -0.02584528 0.004353049 -0.02404347
v -0.02608194 0.006758915 -0.0251741
v -0.03060877 0.006758915 -0.02250273
v -0.0302487 0.004353048 -0.02152574
v -0.02885761 2.593395E-05 -0.01823374
v -0.02575798 0.001648982 -0.02172089
v -0.03016244 0.001648981 -0.02024548
v -0.02573018 2.593388E-05 -0.01911005
v -0.02954315 2.593388E-05 -0.01705675
v -0.02216852 0.001648982 -0.02123842
v -0.02584528 0.004353049 -0.02404347
v -0.02117385 0.004353049 -0.022747
v -0.01878723 0.001648982 -0.01877841
v -0.02324579 2.593388E-05 -0.01885209
v -0.02758493 2.593388E-05 -0.01592616
v -0.02941488 2.593388E-05 -0.01272796
v -0.03021969 2.593388E-05 -0.01587456
v -0.02794928 2.593388E-05 -0.01070539
v -0.02561495 2.593388E-05 -0.0147888
v -0.02343626 2.593388E-05 -0.01353092
v -0.02561453 2.593388E-05 -0.009716557
v -0.02122205 2.59338E-05 -0.01732455
v -0.01584466 0.001648982 -0.01493025
v -0.01882279 2.593388E-05 -0.01446815
v -0.02039513 2.593388E-05 -0.01177514
v -0.02194118 2.593388E-05 -0.009066944
v -0.0187984 2.593388E-05 -0.01085326
v -0.01823053 2.593388E-05 -0.01182548
v -0.01935643 2.59338E-05 -0.009875361
v -0.01882279 2.593388E-05 -0.01446815
v -0.01823053 2.593388E-05 -0.01182548
v -0.01544982 0.001648982 -0.01100071
v -0.01584466 0.001648982 -0.01493025
v -0.01378623 0.004353049 -0.01487789
v -0.01357847 0.004353049 -0.01033003
v -0.01724617 0.004353049 -0.01944651
v -0.01878723 0.001648982 -0.01877841
v -0.02117385 0.004353049 -0.022747
v -0.02010748 0.006758915 -0.02401429
v -0.01514883 0.006758915 -0.01992931
v -0.01216274 0.008773536 -0.02106649
v -0.008845829 0.008773536 -0.01532143
v -0.01167997 0.006758915 -0.01490036
v -0.01170569 0.006758915 -0.00970336
v -0.009264024 0.009942974 -0.008056594
v -0.03085073 0.006758915 -0.005406443
v -0.02432548 0.008773536 1.811302E-09
v -0.0248337 0.006758915 -0.00315462
v -0.031491 0.008773536 -0.003483219
v -0.03233038 0.009615442 1.360612E-09
v -0.031491 0.008773536 0.003483219
v -0.03288617 0.009288331 -0.00216934
v -0.03677867 0.009606631 -0.00432127
v -0.03649393 0.008856726 -0.009767232
v -0.03675775 0.01003715 -3.628298E-09
v -0.03677867 0.009606631 0.004321268
v -0.03649393 0.008856726 0.009767232
v -0.03288617 0.009288331 0.002169338
v -0.0208523 0.001648982 -0.006256758
v -0.02546426 0.004353049 -0.005212367
v -0.01977775 0.004353049 -0.004500276
v -0.02565621 0.001648982 -0.006881014
v -0.03028641 0.004353049 -0.006963593
v -0.02947727 0.001648982 -0.008579288
v -0.02947727 0.001648982 -0.008579288
v -0.03168984 0.001648982 -0.01144661
v -0.0337449 0.004353049 -0.01036094
v -0.03028641 0.004353049 -0.006963593
v -0.03484239 0.006758915 -0.01000057
v -0.03085073 0.006758915 -0.005406443
v -0.031491 0.008773536 -0.003483219
v -0.03649393 0.008856726 -0.009767232
v -0.0377231 0.01099027 -0.004423856
v -0.03677867 0.009606631 -0.00432127
v -0.03808946 0.01148471 -1.680722E-09
v -0.03675775 0.01003715 -3.628298E-09
v -0.03923871 0.01241932 -9.768035E-18
v -0.03752015 0.01241932 0.009959186
v -0.03777587 0.01106757 0.004429587
v -0.03677867 0.009606631 0.004321268
v -0.03649393 0.008856726 0.009767232
v -0.04044421 0.02792606 2.732992E-17
v -0.03867085 0.02792598 -0.0102672
v -0.03981608 0.05106191 -0.0105736
v -0.03570908 0.05106191 -0.02061664
v -0.03468039 0.0279258 -0.02002273
v -0.02906506 0.05106203 -0.02919495
v -0.02822709 0.02792587 -0.02835634
v -0.0294526 0.07238122 -0.02958306
v -0.03618489 0.07238122 -0.02089135
v -0.02952679 0.09322903 -0.02965643
v -0.03627572 0.09322915 -0.0209438
v -0.02885344 0.1163752 -0.02897702
v -0.04034597 0.07238122 -0.01071517
v -0.04164384 0.05106191 -6.742995E-18
v -0.0354476 0.1163755 -0.02046568
v -0.02738868 0.1400529 -0.0275008
v -0.0336467 0.1400529 -0.01942593
v -0.04044661 0.09322893 -0.01074274
v -0.03952155 0.1163753 -0.0104993
v -0.03751073 0.1400529 -0.009968899
v -0.04219873 0.07238122 -6.220494E-18
v -0.03867085 0.02792587 0.0102672
v -0.04230466 0.09322904 -5.622E-18
v -0.04133893 0.1163752 -3.85158E-18
v -0.0398161 0.05106203 0.01057361
v -0.04034598 0.07238122 0.01071517
v -0.03468039 0.0279258 0.02002273
v -0.03923871 0.1400529 -9.049878E-19
v -0.03618413 0.1416843 -0.009610499
v -0.03785355 0.1416843 -2.687238E-10
v -0.03618413 0.1416843 0.009610501
v -0.04044661 0.09322903 0.01074274
v -0.03570908 0.05106191 0.02061664
v -0.03952155 0.1163752 0.0104993
v -0.03751073 0.1400529 0.0099689
v -0.03618489 0.07238122 0.02089135
v -0.0336467 0.1400529 0.01942593
v -0.03245591 0.1416843 0.01873843
v -0.026415 0.1416843 0.02653113
v -0.02738868 0.1400529 0.02750079
v -0.02885344 0.1163753 0.02897701
v -0.0354476 0.1163755 0.02046568
v -0.02952679 0.09322893 0.02965642
v -0.03627572 0.09322915 0.0209438
v -0.02945259 0.07238122 0.02958306
v -0.02906505 0.05106191 0.02919494
v -0.02822709 0.02792598 0.02835634
v -0.02022211 0.02792606 0.03502571
v -0.02082192 0.05106191 0.03606462
v -0.01961935 0.01241932 0.03398171
v -0.02738498 0.01241932 0.0275138
v -0.0336467 0.01241932 0.01942593
v -0.03554754 0.01049391 0.01516241
v -0.03347775 0.01050947 0.01932839
v -0.03535583 0.008785255 0.01514172
v -0.03090487 0.01049492 0.02320397
v -0.02670564 0.008856726 0.02672105
v -0.02269272 0.01099027 0.03045723
v -0.02213166 0.009606631 0.02969063
v -0.03079103 0.008785255 0.0230482
v -0.03332419 0.008773536 0.01923973
v -0.03307172 0.006758915 0.01909396
v -0.03060877 0.006758915 0.02250273
v -0.02608194 0.006758915 0.02517411
v -0.03024871 0.004353048 0.02152574
v -0.03479231 0.006758915 0.01525661
v -0.03229416 0.004353048 0.01864504
v -0.03016244 0.001648981 0.02024547
v -0.03484238 0.006758915 0.01000057
v -0.031491 0.008773536 0.003483219
v -0.03085073 0.006758915 0.005406443
v -0.03028641 0.004353049 0.006963592
v -0.0337449 0.004353049 0.01036094
v -0.02947727 0.001648982 0.008579288
v -0.03168983 0.001648982 0.01144662
v -0.03376619 0.004353048 0.01543328
v -0.03261431 0.001648981 0.0159987
v -0.03139317 0.001648981 0.01812487
v -0.02954316 2.593388E-05 0.01705675
v -0.02885761 2.593388E-05 0.01823374
v -0.03021969 2.593388E-05 0.01587456
v -0.01616519 0.009615442 -0.02799893
v -0.01216274 0.008773536 -0.02106649
v -0.01272894 0.008773536 -0.02901362
v -0.01456438 0.009288331 -0.02956493
v -0.014647 0.009606631 -0.03401189
v -0.01616519 0.009615442 -0.02799893
v -0.014647 0.009606631 -0.03401189
v -0.01837887 0.01003715 -0.03183315
v -0.02213166 0.009606631 -0.02969063
v -0.01832179 0.009288331 -0.02739559
v -0.01876206 0.008773536 -0.0255304
v -0.01216274 0.008773536 -0.02106649
v -0.02670564 0.008856726 -0.02672105
v -0.02010748 0.006758915 -0.02401429
v -0.02608194 0.006758915 -0.0251741
v -0.02272407 0.01106757 -0.03050007
v -0.02213166 0.009606631 -0.02969063
v -0.01837887 0.01003715 -0.03183315
v -0.01904473 0.01148471 -0.03298644
v -0.02738498 0.01241932 -0.02751381
v -0.014647 0.009606631 -0.03401189
v -0.01961935 0.01241932 -0.03398171
v -0.01503038 0.01099027 -0.0348811
v -0.01013517 0.01241932 -0.03747299
v -0.03021969 2.593388E-05 0.01587456
v -0.02941488 2.593388E-05 0.01272797
v -0.03168983 0.001648982 0.01144662
v -0.03261431 0.001648981 0.0159987
v -0.01514883 0.006758915 0.01992931
v -0.008845829 0.008773536 0.01532143
v -0.01167997 0.006758915 0.01490035
v -0.01378623 0.004353049 0.01487789
v -0.01724617 0.004353049 0.01944651
v -0.01584466 0.001648982 0.01493025
v -0.01878724 0.001648982 0.01877842
v -0.02010748 0.006758915 0.02401429
v -0.01216274 0.008773536 0.02106649
v -0.01876206 0.008773536 0.0255304
v -0.02608194 0.006758915 0.02517411
v -0.02670564 0.008856726 0.02672105
v -0.02117385 0.004353049 0.022747
v -0.02216852 0.001648982 0.02123842
v -0.02584528 0.004353049 0.02404347
v -0.02324579 2.593388E-05 0.01885209
v -0.02122205 2.593395E-05 0.01732455
v -0.02573018 2.593388E-05 0.01911005
v -0.02575798 0.001648982 0.0217209
v -0.03024871 0.004353048 0.02152574
v -0.02885761 2.593388E-05 0.01823374
v -0.03016244 0.001648981 0.02024547
v -0.01167997 0.006758915 0.01490035
v -0.008845829 0.008773536 0.01532143
v -0.009264023 0.009942974 0.008056595
v -0.01170569 0.006758915 0.009703358
v -0.01357847 0.004353049 0.01033003
v -0.01043663 0.009942974 0.006025589
v -0.006514007 0.01062035 0.006468872
v -0.007686609 0.01062035 0.004437866
v -0.01378623 0.004353049 0.01487789
v -0.01544982 0.001648982 0.01100071
v -0.01584466 0.001648982 0.01493025
v -0.01882279 2.593388E-05 0.01446815
v -0.01823053 2.593388E-05 0.01182548
v -0.02122205 2.593395E-05 0.01732455
v -0.01878724 0.001648982 0.01877842
v -0.02117385 0.004353049 0.022747
v -0.02584528 0.004353049 0.02404347
v -0.02608194 0.006758915 0.02517411
v -0.02010748 0.006758915 0.02401429
v -0.02584528 0.004353049 0.02404347
v -0.03024871 0.004353048 0.02152574
v -0.03060877 0.006758915 0.02250273
v -0.02608194 0.006758915 0.02517411
v -0.009264023 0.009942974 0.008056595
v -0.008845829 0.008773536 0.01532143
v -0.004355395 0.01062035 0.007543764
v -0.002345204 0.009942974 0.01205118
v -0.007064105 0.006758915 0.01756533
v -0.002345207 0.01062035 0.00887573
v 1.713335E-18 0.01062035 -3.046712E-18
v -2.827489E-10 0.01062035 0.008875731
v -7.656699E-18 0.009942974 0.01205118
v 0.002345205 0.01062035 0.008875731
v 0.002345205 0.009942974 0.01205118
v 0.004355393 0.01062035 0.007543764
v 0.008845829 0.008773536 0.01532143
v 0.009264024 0.009942974 0.008056594
v 0.01167997 0.006758915 0.01490036
v 0.01170569 0.006758915 0.00970336
v 0.01357847 0.004353049 0.01033003
v 0.01514883 0.006758915 0.01992931
v 0.01216274 0.008773536 0.02106649
v 0.01378623 0.004353049 0.01487789
v 0.01544982 0.001648982 0.01100071
v 0.02010748 0.006758915 0.02401429
v 0.01724617 0.004353049 0.01944651
v 0.02117385 0.004353049 0.022747
v 0.01876206 0.008773536 0.0255304
v 0.01616519 0.009615442 0.02799893
v 0.01584466 0.001648982 0.01493025
v 0.01878723 0.001648982 0.01877841
v 0.02216852 0.001648982 0.02123842
v 0.02324579 2.593388E-05 0.01885209
v 0.02122205 2.59338E-05 0.01732455
v 0.01882279 2.593388E-05 0.01446815
v 0.01823053 2.593388E-05 0.01182548
v 0.01832179 0.009288331 0.02739559
v 0.02213166 0.009606631 0.02969063
v 0.01837887 0.01003715 0.03183315
v 0.02670564 0.008856726 0.02672105
v -0.008760441 0.006758915 0.03517467
v -0.01272894 0.008773536 0.02901362
v -0.009788294 0.008856726 0.03648828
v -0.01074324 0.006758915 0.02942074
v -0.01216274 0.008773536 0.02106649
v -0.009112556 0.004353049 0.02971059
v -0.007899616 0.004353049 0.03440441
v -0.009684876 0.006758915 0.02308393
v -0.008845829 0.008773536 0.01532143
v -0.007064105 0.006758915 0.01756533
v -0.005991517 0.004353049 0.01937817
v -0.008218089 0.004353049 0.02465887
v -0.005007644 0.001648982 0.02118701
v -0.006868968 0.001648982 0.02565943
v -0.00730875 0.001648982 0.02981771
v -0.005931854 0.001648982 0.0331675
v -0.004703497 2.593388E-05 0.02955749
v -0.004392477 2.59338E-05 0.02704111
v -0.007064105 0.006758915 0.01756533
v -0.002550512 0.006758915 0.0149891
v -0.002345204 0.009942974 0.01205118
v -0.002156832 0.004353049 0.01692431
v -0.005991517 0.004353049 0.01937817
v -0.001801987 0.001648982 0.01888029
v -0.005007644 0.001648982 0.02118701
v -0.003118388 2.593388E-05 0.02353509
v -0.004392477 2.59338E-05 0.02704111
v -0.006868968 0.001648982 0.02565943
v -0.001125903 2.593388E-05 0.02170084
v -5.654979E-10 0.001648982 0.01888942
v 1.130996E-09 2.593388E-05 0.02170652
v 0.0011259 2.593388E-05 0.02170084
v 0.003118386 2.593388E-05 0.02353509
v -1.130996E-09 2.593388E-05 0.02355027
v 0.004392475 2.593388E-05 0.02704111
v 1.130996E-09 2.593388E-05 0.02706185
v -0.004703497 2.593388E-05 0.02955749
v 0.004703497 2.593388E-05 0.02955749
v -1.130996E-09 2.593388E-05 0.0295776
v 1.130996E-09 2.593388E-05 0.03185232
v 0.003684701 2.593388E-05 0.03183801
v -0.003684699 2.593388E-05 0.03183801
v -0.00730875 0.001648982 0.02981771
v -0.005931854 0.001648982 0.0331675
v -2.261991E-09 2.593388E-05 0.03411349
v 0.001362075 2.593388E-05 0.03410829
v -0.001362078 2.593388E-05 0.0341083
v -0.002451876 0.001648981 0.03624417
v -0.005931854 0.001648982 0.0331675
v -0.007899616 0.004353049 0.03440441
v -0.003517488 0.004353048 0.03695901
v -0.002451876 0.001648981 0.03624417
v -2.261991E-09 2.593388E-05 0.03411349
v -0.001362078 2.593388E-05 0.0341083
v 7.91697E-09 0.001648981 0.03624972
v 0.002451868 0.001648981 0.03624417
v 0.001362075 2.593388E-05 0.03410829
v 0.00593186 0.001648982 0.03316751
v 0.003517487 0.004353048 0.03695903
v 0.007899616 0.004353049 0.03440441
v 0.003684701 2.593388E-05 0.03183801
v 0.00730875 0.001648982 0.02981771
v 0.004703497 2.593388E-05 0.02955749
v -0.002156832 0.004353049 0.01692431
v -0.001801987 0.001648982 0.01888029
v -5.654979E-10 0.001648982 0.01888942
v -1.696494E-09 0.004353049 0.01693524
v -5.654979E-10 0.006758915 0.01500196
v -0.002550512 0.006758915 0.0149891
v 0.002156832 0.004353049 0.01692431
v -7.656699E-18 0.009942974 0.01205118
v -0.002345204 0.009942974 0.01205118
v -0.002345207 0.01062035 0.00887573
v 0.002550509 0.006758915 0.0149891
v 0.002345205 0.009942974 0.01205118
v 0.007064103 0.006758915 0.01756533
v 0.008845829 0.008773536 0.01532143
v 0.005991517 0.004353049 0.01937817
v 0.001801985 0.001648982 0.01888029
v 0.0011259 2.593388E-05 0.02170084
v 0.003118386 2.593388E-05 0.02353509
v 0.005007641 0.001648982 0.021187
v 0.004392475 2.593388E-05 0.02704111
v 0.00686897 0.001648982 0.02565944
v -0.01464701 0.009606631 0.03401189
v -0.009788294 0.008856726 0.03648828
v -0.01272894 0.008773536 0.02901362
v -0.01456438 0.009288331 0.02956493
v -0.01616519 0.009615442 0.02799893
v -0.01837888 0.01003715 0.03183314
v -0.01216274 0.008773536 0.02106649
v -0.02213166 0.009606631 0.02969063
v -0.01876206 0.008773536 0.0255304
v -0.02670564 0.008856726 0.02672105
v -0.01832179 0.009288331 0.02739559
v 0.01074324 0.006758915 0.02942073
v 0.01272894 0.008773536 0.02901362
v 0.01216274 0.008773536 0.02106649
v 0.009684868 0.006758915 0.02308393
v 0.008845829 0.008773536 0.01532143
v 0.007064103 0.006758915 0.01756533
v 0.005991517 0.004353049 0.01937817
v 0.008218086 0.004353049 0.02465888
v 0.005007641 0.001648982 0.021187
v 0.009112556 0.004353049 0.0297106
v 0.00686897 0.001648982 0.02565944
v 0.00730875 0.001648982 0.02981771
v 0.004703497 2.593388E-05 0.02955749
v 0.004392475 2.593388E-05 0.02704111
v 0.008760449 0.006758915 0.03517467
v 0.009788291 0.008856726 0.03648828
v 0.01272894 0.008773536 0.02901362
v 0.01074324 0.006758915 0.02942073
v 0.009112556 0.004353049 0.0297106
v 0.007899616 0.004353049 0.03440441
v 0.00730875 0.001648982 0.02981771
v 0.00593186 0.001648982 0.03316751
v -0.0150518 0.01106757 0.03492965
v -0.01464701 0.009606631 0.03401189
v -0.01837888 0.01003715 0.03183314
v -0.01904473 0.01148471 0.03298644
v -0.01013517 0.01241932 0.037473
v -0.01961935 0.01241932 0.03398171
v -0.02269272 0.01099027 0.03045723
v -0.01013517 0.01241932 0.037473
v -0.01464701 0.009606631 0.03401189
v -0.0150518 0.01106757 0.03492965
v -0.009788294 0.008856726 0.03648828
v -0.004642745 0.01049391 0.03836628
v -0.004564808 0.008785255 0.03818991
v -0.004183548 0.006758915 0.03775934
v -2.261991E-09 0.006758915 0.03818792
v -0.008760441 0.006758915 0.03517467
v -0.007899616 0.004353049 0.03440441
v -0.003517488 0.004353048 0.03695901
v -7.656699E-18 0.004353048 0.03729009
v -0.002451876 0.001648981 0.03624417
v 7.91697E-09 0.001648981 0.03624972
v 0.002451868 0.001648981 0.03624417
v 0.003517487 0.004353048 0.03695903
v 0.004183551 0.006758915 0.03775934
v 0.007899616 0.004353049 0.03440441
v 0.008760449 0.006758915 0.03517467
v 0.009788291 0.008856726 0.03648828
v 0.004564805 0.008785255 0.03818991
v 1.130996E-09 0.008773536 0.03847945
v 1.130996E-09 0.01050947 0.03865677
v 0.004642787 0.01049492 0.03836639
v -1.130996E-09 0.01241932 0.03885187
v 0.01013517 0.01241932 0.03747299
v 0.01503038 0.01099027 0.0348811
v 0.014647 0.009606631 0.03401189
v -0.01044377 0.02792587 0.03862354
v -9.270014E-10 0.0279258 0.04004547
v -0.02022211 0.02792606 0.03502571
v -0.01961935 0.01241932 0.03398171
v -0.02082192 0.05106191 0.03606462
v -0.01075104 0.05106203 0.03976855
v -0.02109936 0.07238122 0.03654517
v 0.01044377 0.02792598 0.03862355
v 0.01961935 0.01241932 0.03398171
v 0.02022211 0.02792606 0.03502571
v -7.37898E-10 0.05106191 0.04123328
v -0.01089338 0.07238122 0.04029823
v -0.02115233 0.09322904 0.03663691
v 0.01075103 0.05106191 0.03976854
v 0.02082192 0.05106191 0.03606462
v -6.695894E-10 0.07238122 0.04178271
v -0.01091982 0.09322903 0.04039916
v -0.02066946 0.1163752 0.03580056
v 0.01089338 0.07238122 0.04029822
v 0.02109936 0.07238122 0.03654517
v -0.01066811 0.1163752 0.03947632
v -0.01961935 0.1400529 0.03398171
v -0.01012205 0.1400529 0.0374697
v -5.929048E-10 0.09322915 0.0418876
v 0.01091982 0.09322893 0.04039915
v 0.02115233 0.09322904 0.03663691
v -3.698234E-10 0.1163755 0.04093136
v -3.542132E-18 0.1400529 0.03885186
v 0.01066811 0.1163753 0.0394763
v 0.02066946 0.1163752 0.03580056
v 0.01012204 0.1400529 0.03746969
v 0.01961935 0.1400529 0.03398171
v 0.03060877 0.006758915 0.02250273
v 0.02608194 0.006758915 0.0251741
v 0.02670564 0.008856726 0.02672105
v 0.03079102 0.008785255 0.0230482
v 0.03307172 0.006758915 0.01909397
v 0.0302487 0.004353048 0.02152574
v 0.0309048 0.01049391 0.02320388
v 0.03347775 0.01050947 0.01932839
v 0.02738498 0.01241932 0.02751381
v 0.02213166 0.009606631 0.02969063
v 0.02272407 0.01106757 0.03050007
v 0.0336467 0.01241932 0.01942593
v 0.03752014 0.01241932 0.009959185
v 0.03468039 0.0279258 0.02002273
v 0.03867085 0.02792598 0.0102672
v 0.02822709 0.02792587 0.02835634
v 0.03570908 0.05106191 0.02061664
v 0.03981608 0.05106191 0.0105736
v 0.02022211 0.02792606 0.03502571
v 0.01961935 0.01241932 0.03398171
v 0.02082192 0.05106191 0.03606462
v 0.02906506 0.05106203 0.02919495
v 0.02109936 0.07238122 0.03654517
v 0.0294526 0.07238122 0.02958306
v 0.02115233 0.09322904 0.03663691
v 0.03618489 0.07238122 0.02089135
v 0.04034597 0.07238122 0.01071516
v 0.02952679 0.09322903 0.02965643
v 0.02066946 0.1163752 0.03580056
v 0.03627572 0.09322915 0.0209438
v 0.04044661 0.09322893 0.01074274
v 0.02885344 0.1163752 0.02897702
v 0.01961935 0.1400529 0.03398171
v 0.0354476 0.1163755 0.02046568
v 0.02738868 0.1400529 0.0275008
v 0.0336467 0.1400529 0.01942593
v 0.02216852 0.001648982 0.02123842
v 0.02117385 0.004353049 0.022747
v 0.02584528 0.004353049 0.02404347
v 0.02575798 0.001648982 0.02172089
v 0.0302487 0.004353048 0.02152574
v 0.03016244 0.001648981 0.02024548
v 0.02885761 2.593395E-05 0.01823374
v 0.02573018 2.593388E-05 0.01911005
v 0.02324579 2.593388E-05 0.01885209
v 0.02117385 0.004353049 0.022747
v 0.02608194 0.006758915 0.0251741
v 0.02584528 0.004353049 0.02404347
v 0.03060877 0.006758915 0.02250273
v 0.0302487 0.004353048 0.02152574
v 0.02954315 2.593388E-05 0.01705675
v 0.02885761 2.593395E-05 0.01823374
v 0.03016244 0.001648981 0.02024548
v 0.03139318 0.001648981 0.01812485
v 0.03229416 0.004353048 0.01864504
v 0.0326143 0.001648981 0.0159987
v 0.03021969 2.593388E-05 0.01587456
v 0.0337662 0.004353048 0.01543328
v 0.0208523 0.001648982 0.006256758
v 0.02546426 0.004353049 0.005212367
v 0.01977775 0.004353049 0.004500276
v 0.02565621 0.001648982 0.006881014
v 0.03028641 0.004353049 0.006963593
v 0.02947727 0.001648982 0.008579288
v 0.02941488 2.593388E-05 0.01272796
v 0.03168984 0.001648982 0.01144661
v 0.02947727 0.001648982 0.008579288
v 0.02794928 2.593388E-05 0.01070539
v 0.01616519 0.009615442 0.02799893
v 0.01216274 0.008773536 0.02106649
v 0.01272894 0.008773536 0.02901362
v 0.01456438 0.009288331 0.02956493
v 0.014647 0.009606631 0.03401189
v 0.01837887 0.01003715 0.03183315
v 0.009788291 0.008856726 0.03648828
v 0.02272407 0.01106757 0.03050007
v 0.02213166 0.009606631 0.02969063
v 0.01837887 0.01003715 0.03183315
v 0.01904473 0.01148471 0.03298644
v 0.02738498 0.01241932 0.02751381
v 0.014647 0.009606631 0.03401189
v 0.01961935 0.01241932 0.03398171
v 0.01503038 0.01099027 0.0348811
v 0.01013517 0.01241932 0.03747299
v 0.02022211 0.02792606 -0.03502571
v 0.01013517 0.01241932 -0.037473
v 0.01961935 0.01241932 -0.03398171
v 0.01044377 0.02792587 -0.03862354
v 0.02082192 0.05106191 -0.03606462
v 0.01075104 0.05106203 -0.03976855
v 0.02109936 0.07238122 -0.03654517
v 0.01089338 0.07238122 -0.04029823
v 0.02115233 0.09322904 -0.03663691
v 0.01091982 0.09322903 -0.04039916
v 0.02066946 0.1163752 -0.03580056
v 0.01066811 0.1163752 -0.03947632
v 0.01961935 0.1400529 -0.03398171
v 0.01012205 0.1400529 -0.0374697
v -0.02738868 0.1400529 0.02750079
v -0.01961935 0.1400529 0.03398171
v -0.02066946 0.1163752 0.03580056
v -0.02885344 0.1163753 0.02897701
v -0.02115233 0.09322904 0.03663691
v -0.02952679 0.09322893 0.02965642
v -0.02109936 0.07238122 0.03654517
v -0.02945259 0.07238122 0.02958306
v -0.02082192 0.05106191 0.03606462
v -0.02906505 0.05106191 0.02919494
v -0.03129664 0.01891753 0.008271784
v -0.02806775 0.01891751 0.01620496
v -0.0293812 0.02024319 0.01696325
v -0.03275814 0.02024321 0.008683396
v -0.03001136 0.02793883 0.01732707
v -0.03346077 0.02793923 0.008869645
v -0.0343131 0.02024319 1.375048E-08
v -0.02441171 0.02793905 0.02454306
v -0.02389911 0.02024319 0.02402771
v -0.01752454 0.02793923 0.03035341
v -0.01715654 0.02024319 0.02971602
v -0.01820822 0.05106638 0.03153758
v -0.02536407 0.05106656 0.02550055
v -0.01845079 0.07238126 0.03195773
v -0.03118218 0.05106633 0.01800304
v -0.02570197 0.07238126 0.02584026
v -0.01849712 0.09323188 0.03203797
v -0.0350491 0.02793923 1.241512E-08
v -0.03275815 0.02024319 -0.008683382
v -0.03476614 0.05106638 0.009215665
v -0.0257665 0.09323188 0.02590514
v -0.01807459 0.1163826 0.03130612
v -0.03159758 0.07238126 0.01824288
v -0.03346077 0.02793905 -0.008869628
v -0.02938121 0.02024319 -0.01696323
v -0.03001137 0.02793883 -0.01732706
v -0.0251779 0.1163826 0.02531336
v -0.0171566 0.1400529 0.02971611
v -0.03641645 0.05106638 9.880019E-09
v -0.03476616 0.05106656 -0.009215658
v -0.03118218 0.05106633 -0.01800303
v -0.0316769 0.09323195 0.01828867
v -0.03522929 0.07238126 0.009338436
v -0.0369016 0.07238126 8.900044E-09
v -0.03522931 0.07238126 -0.009338427
v -0.03531775 0.0932318 0.00936188
v -0.03095326 0.1163828 0.01787087
v -0.03699426 0.09323188 7.807218E-09
v -0.03159758 0.07238126 -0.01824287
v -0.02536407 0.05106638 -0.02550052
v -0.02570197 0.07238126 -0.02584024
v -0.03167691 0.09323195 -0.01828866
v -0.03531775 0.09323188 -0.009361873
v -0.03451095 0.1163826 0.009148022
v -0.02389911 0.1400529 0.02402769
v -0.03451097 0.1163826 -0.009148016
v -0.03095327 0.1163828 -0.01787087
v -0.0361492 0.1163826 5.119382E-09
v -0.02938113 0.1400529 0.0169632
v -0.02465563 0.1416843 0.02478024
v -0.01769473 0.1416843 0.03064818
v -0.03030574 0.1416843 0.01749703
v -0.03378813 0.1416843 0.008962278
v -0.03275814 0.1400529 0.00868339
v -0.03431321 0.1400529 8.594052E-10
v -0.03538947 0.1416843 1.176872E-09
v -0.03378813 0.1416843 -0.008962277
v -0.03275815 0.1400529 -0.008683389
v -0.02938113 0.1400529 -0.01696321
v -0.02517789 0.1163826 -0.02531335
v -0.03030574 0.1416843 -0.01749703
v -0.02465562 0.1416843 -0.02478024
v -0.02389911 0.1400529 -0.02402769
v -0.0328344 0.01891752 -2.602029E-08
v -0.03129664 0.01891753 0.008271784
v -0.03275814 0.02024321 0.008683396
v -0.0343131 0.02024319 1.375048E-08
v -0.03129665 0.01891752 -0.008271784
v -0.03275815 0.02024319 -0.008683382
v -0.02806778 0.01891751 -0.0162049
v -0.02938121 0.02024319 -0.01696323
v -0.0228119 0.01891753 -0.02296779
v -0.02389911 0.02024321 -0.02402768
v -0.01715656 0.02024319 -0.02971601
v -0.02441172 0.02793923 -0.02454305
v -0.01752456 0.02793923 -0.0303534
v -0.0228119 0.01891752 0.02296781
v -0.01715654 0.02024319 0.02971602
v -0.02389911 0.02024319 0.02402771
v -0.01641722 0.01891752 0.0284354
v -2.952704E-13 0.01891752 -1.182272E-18
v -0.02806775 0.01891751 0.01620496
v -0.03129664 0.01891753 0.008271784
v -0.0328344 0.01891752 -2.602029E-08
v -0.03129665 0.01891752 -0.008271784
v -0.02806778 0.01891751 -0.0162049
v -0.0228119 0.01891753 -0.02296779
v -0.01641718 0.01891752 -0.02843543
v -0.008484747 0.01891753 0.03123957
v -0.008859027 0.02024321 0.03271108
v -0.02389911 0.02024321 -0.02402768
v 1.254551E-08 0.02024319 0.03392649
v -0.01715656 0.02024319 -0.02971601
v 3.012536E-08 0.01891751 0.03240986
v 0.008859047 0.02024319 0.03271108
v -0.008484753 0.01891752 -0.03123959
v -0.008859047 0.02024319 -0.03271108
v 0.008484753 0.01891752 0.03123959
v 0.01715656 0.02024319 0.02971601
v -3.012536E-08 0.01891751 -0.03240986
v -1.254551E-08 0.02024319 -0.03392649
v 0.01641718 0.01891752 0.02843543
v 0.02389911 0.02024321 0.02402768
v 0.0228119 0.01891753 0.02296779
v 0.02806778 0.01891751 0.0162049
v 0.03129665 0.01891752 0.008271784
v 0.0328344 0.01891752 2.602029E-08
v 0.03129664 0.01891753 -0.008271784
v 0.02806775 0.01891751 -0.01620496
v 0.0228119 0.01891752 -0.02296781
v 0.008484747 0.01891753 -0.03123957
v 0.008859027 0.02024321 -0.03271108
v 0.01641722 0.01891752 -0.0284354
v 0.01715654 0.02024319 -0.02971602
v 0.02389911 0.02024319 -0.02402771
v -0.02806775 0.01891751 0.01620496
v -0.0228119 0.01891752 0.02296781
v -0.02389911 0.02024319 0.02402771
v -0.0293812 0.02024319 0.01696325
v 0.0228119 0.01891753 0.02296779
v 0.02938121 0.02024319 0.01696323
v 0.02389911 0.02024321 0.02402768
v 0.02806778 0.01891751 0.0162049
v 0.03275815 0.02024319 0.008683382
v 0.03129665 0.01891752 0.008271784
v 0.0343131 0.02024319 -1.375048E-08
v 0.0328344 0.01891752 2.602029E-08
v -0.02465562 0.1416843 -0.02478024
v -0.01769474 0.1416843 -0.03064817
v -0.0171566 0.1400529 -0.02971611
v -0.02389911 0.1400529 -0.02402769
v -0.0180746 0.1163826 -0.03130611
v -0.02517789 0.1163826 -0.02531335
v -0.02938113 0.1400529 -0.01696321
v -0.01849714 0.09323188 -0.03203796
v -0.0257665 0.0932318 -0.02590512
v -0.03095327 0.1163828 -0.01787087
v -0.03167691 0.09323195 -0.01828866
v -0.01845081 0.07238126 -0.03195772
v -0.02570197 0.07238126 -0.02584024
v -0.01820824 0.05106638 -0.03153757
v -0.02536407 0.05106638 -0.02550052
v -0.01752456 0.02793923 -0.0303534
v -0.02441172 0.02793923 -0.02454305
v -0.03118218 0.05106633 -0.01800303
v -0.03001137 0.02793883 -0.01732706
v -0.02389911 0.02024321 -0.02402768
v -0.02938121 0.02024319 -0.01696323
v 0.009132504 0.1416843 -0.03374251
v 0.01769473 0.1416843 -0.03064818
v 0.0171566 0.1400529 -0.02971611
v 0.008859034 0.1400529 -0.03271108
v 0.009132504 0.1416843 -0.03374251
v 0.008859034 0.1400529 -0.03271108
v 2.509102E-09 0.1400529 -0.03392641
v 2.562699E-09 0.1416843 -0.03499405
v -0.009132504 0.1416843 -0.03374251
v -0.008859036 0.1400529 -0.03271108
v -0.0171566 0.1400529 -0.02971611
v -0.01769474 0.1416843 -0.03064817
v 0.02465563 0.1416843 -0.02478024
v 0.0171566 0.1400529 -0.02971611
v 0.01769473 0.1416843 -0.03064818
v 0.02389911 0.1400529 -0.02402769
v 0.02938113 0.1400529 -0.0169632
v 0.03030574 0.1416843 -0.01749703
v 0.03378813 0.1416843 -0.008962278
v 0.0251779 0.1163826 -0.02531336
v 0.01807459 0.1163826 -0.03130612
v 0.03095326 0.1163828 -0.01787087
v 0.0257665 0.09323188 -0.02590514
v 0.01849712 0.09323188 -0.03203797
v 0.0316769 0.09323195 -0.01828867
v 0.02570197 0.07238126 -0.02584026
v 0.01845079 0.07238126 -0.03195773
v 0.03159758 0.07238126 -0.01824288
v 0.02536407 0.05106656 -0.02550055
v 0.01820822 0.05106638 -0.03153758
v 0.03118218 0.05106633 -0.01800304
v 0.02441171 0.02793905 -0.02454306
v 0.01752454 0.02793923 -0.03035341
v 0.03001136 0.02793883 -0.01732707
v 0.02389911 0.02024319 -0.02402771
v 0.01715654 0.02024319 -0.02971602
v 0.0293812 0.02024319 -0.01696325
v 0.02806775 0.01891751 -0.01620496
v 0.03129664 0.01891753 -0.008271784
v 0.03275814 0.02024321 -0.008683396
v 0.0328344 0.01891752 2.602029E-08
v 0.0343131 0.02024319 -1.375048E-08
v 0.03346077 0.02793923 -0.008869645
v 0.03476614 0.05106638 -0.009215665
v 0.0350491 0.02793923 -1.241512E-08
v 0.03275815 0.02024319 0.008683382
v 0.03522929 0.07238126 -0.009338436
v 0.03346077 0.02793905 0.008869628
v 0.02938121 0.02024319 0.01696323
v 0.03641645 0.05106638 -9.880019E-09
v 0.03476616 0.05106656 0.009215658
v 0.0369016 0.07238126 -8.900044E-09
v 0.03522931 0.07238126 0.009338427
v 0.03699426 0.09323188 -7.807218E-09
v 0.03531775 0.0932318 -0.00936188
v 0.03451095 0.1163826 -0.009148022
v 0.03275814 0.1400529 -0.00868339
v 0.03431321 0.1400529 -8.594052E-10
v 0.03538947 0.1416843 -1.176872E-09
v 0.03378813 0.1416843 0.008962277
v 0.03275815 0.1400529 0.008683389
v 0.02938113 0.1400529 0.01696321
v 0.03030574 0.1416843 0.01749703
v 0.02465562 0.1416843 0.02478024
v 0.01769474 0.1416843 0.03064817
v 0.0171566 0.1400529 0.02971611
v 0.02389911 0.1400529 0.02402769
v 0.0180746 0.1163826 0.03130611
v 0.02938113 0.1400529 0.01696321
v 0.03030574 0.1416843 0.01749703
v 0.02517789 0.1163826 0.02531335
v 0.01849714 0.09323188 0.03203796
v 0.03095327 0.1163828 0.01787087
v 0.03275815 0.1400529 0.008683389
v 0.0257665 0.0932318 0.02590512
v 0.01845081 0.07238126 0.03195772
v 0.03451097 0.1163826 0.009148016
v 0.03431321 0.1400529 -8.594052E-10
v 0.03167691 0.09323195 0.01828866
v 0.02570197 0.07238126 0.02584024
v 0.01820824 0.05106638 0.03153757
v 0.0361492 0.1163826 -5.119382E-09
v 0.03275814 0.1400529 -0.00868339
v 0.03451095 0.1163826 -0.009148022
v 0.03699426 0.09323188 -7.807218E-09
v 0.03531775 0.09323188 0.009361873
v 0.03522931 0.07238126 0.009338427
v 0.03159758 0.07238126 0.01824287
v 0.02536407 0.05106638 0.02550052
v 0.01752456 0.02793923 0.0303534
v 0.03118218 0.05106633 0.01800303
v 0.03476616 0.05106656 0.009215658
v 0.02441172 0.02793923 0.02454305
v 0.01715656 0.02024319 0.02971601
v 0.02389911 0.02024321 0.02402768
v 0.03001137 0.02793883 0.01732706
v 0.03346077 0.02793905 0.008869628
v 0.02938121 0.02024319 0.01696323
v -0.009132504 0.1416843 0.03374251
v -0.01769473 0.1416843 0.03064818
v -0.0171566 0.1400529 0.02971611
v -0.008859034 0.1400529 0.03271108
v -2.509102E-09 0.1400529 0.03392641
v -2.562699E-09 0.1416843 0.03499405
v 0.009132504 0.1416843 0.03374251
v 0.008859036 0.1400529 0.03271108
v 0.0171566 0.1400529 0.02971611
v 0.01769474 0.1416843 0.03064817
v -0.009049059 0.02793905 -0.03341269
v -0.01752456 0.02793923 -0.0303534
v -0.01820824 0.05106638 -0.03153757
v -0.009402085 0.05106656 -0.0347162
v -0.01845081 0.07238126 -0.03195772
v -0.009527336 0.07238126 -0.03517868
v -0.01849714 0.09323188 -0.03203796
v -0.009551253 0.09323188 -0.035267
v -0.0180746 0.1163826 -0.03130611
v -1.091076E-08 0.02793883 -0.03465413
v -7.810135E-09 0.05106633 -0.03600608
v -1.254551E-08 0.02024319 -0.03392649
v -0.008859047 0.02024319 -0.03271108
v 0.008859027 0.02024321 -0.03271108
v 0.009049046 0.02793923 -0.0334127
v 0.009402068 0.05106638 -0.0347162
v -6.616022E-09 0.07238126 -0.03648575
v 0.009527323 0.07238126 -0.03517868
v -5.330296E-09 0.09323195 -0.03657734
v -0.009333067 0.1163826 -0.03446138
v -2.277829E-09 0.1163828 -0.03574174
v -0.008859036 0.1400529 -0.03271108
v -0.0171566 0.1400529 -0.02971611
v 2.509102E-09 0.1400529 -0.03392641
v 0.01807459 0.1163826 -0.03130612
v 0.008859034 0.1400529 -0.03271108
v 0.0171566 0.1400529 -0.02971611
v 0.009333057 0.1163826 -0.03446137
v 2.509102E-09 0.1400529 -0.03392641
v 0.01849712 0.09323188 -0.03203797
v -2.277829E-09 0.1163828 -0.03574174
v 0.009551244 0.0932318 -0.035267
v -5.330296E-09 0.09323195 -0.03657734
v 0.01845079 0.07238126 -0.03195773
v 0.009527323 0.07238126 -0.03517868
v 0.01820822 0.05106638 -0.03153758
v 0.009402068 0.05106638 -0.0347162
v 0.01752454 0.02793923 -0.03035341
v 0.009049046 0.02793923 -0.0334127
v 0.01715654 0.02024319 -0.02971602
v 0.008859027 0.02024321 -0.03271108
v -0.01807459 0.1163826 0.03130612
v -0.008859034 0.1400529 0.03271108
v -0.0171566 0.1400529 0.02971611
v -0.009333057 0.1163826 0.03446137
v -0.01849712 0.09323188 0.03203797
v -2.509102E-09 0.1400529 0.03392641
v -0.009551244 0.0932318 0.035267
v -0.01845079 0.07238126 0.03195773
v 2.277829E-09 0.1163828 0.03574174
v 0.008859036 0.1400529 0.03271108
v -0.009527323 0.07238126 0.03517868
v -0.01820822 0.05106638 0.03153758
v 5.330296E-09 0.09323195 0.03657734
v 0.009333067 0.1163826 0.03446138
v 0.0171566 0.1400529 0.02971611
v 0.0180746 0.1163826 0.03130611
v 0.009551253 0.09323188 0.035267
v 0.01849714 0.09323188 0.03203796
v -0.009402068 0.05106638 0.0347162
v -0.01752454 0.02793923 0.03035341
v 6.616022E-09 0.07238126 0.03648575
v 0.009527336 0.07238126 0.03517868
v 0.01845081 0.07238126 0.03195772
v -0.009049046 0.02793923 0.0334127
v -0.01715654 0.02024319 0.02971602
v 7.810135E-09 0.05106633 0.03600608
v 1.091076E-08 0.02793883 0.03465413
v 0.009402085 0.05106656 0.0347162
v 0.01820824 0.05106638 0.03153757
v 0.009049059 0.02793905 0.03341269
v 0.01752456 0.02793923 0.0303534
v 1.254551E-08 0.02024319 0.03392649
v -0.008859027 0.02024321 0.03271108
v 0.008859047 0.02024319 0.03271108
v 0.01715656 0.02024319 0.02971601
v -0.008859027 0.02024321 0.03271108
v 1.091076E-08 0.02793883 0.03465413
v -0.009049046 0.02793923 0.0334127
v -0.01715654 0.02024319 0.02971602
v -0.008859047 0.02024319 -0.03271108
v -0.01715656 0.02024319 -0.02971601
v -0.01752456 0.02793923 -0.0303534
v -0.009049059 0.02793905 -0.03341269
v -0.03498613 0.1416843 0.009286391
v -0.03245591 0.1416843 0.01873843
v -0.03618413 0.1416843 0.009610501
v -0.03785355 0.1416843 -2.687238E-10
v -0.03138082 0.1416843 0.01811773
v -0.02553532 0.1416843 0.02565568
v -0.026415 0.1416843 0.02653113
v -0.01892678 0.1416843 0.03278214
v -0.03662151 0.1416843 4.54074E-10
v -0.03378813 0.1416843 0.008962278
v -0.03030574 0.1416843 0.01749703
v -0.03538947 0.1416843 1.176872E-09
v -0.02465563 0.1416843 0.02478024
v -0.03378813 0.1416843 -0.008962277
v -0.03498613 0.1416843 -0.009286389
v -0.03618413 0.1416843 -0.009610499
v -0.03245591 0.1416843 -0.01873843
v -0.01831075 0.1416843 0.03171516
v -0.01769473 0.1416843 0.03064818
v -0.009132504 0.1416843 0.03374251
v -0.03138082 0.1416843 -0.01811773
v -0.03030574 0.1416843 -0.01749703
v -0.02465562 0.1416843 -0.02478024
v -0.009450815 0.1416843 0.03494207
v -0.009769129 0.1416843 0.03614163
v 1.399678E-11 0.1416843 0.03747685
v -0.02553531 0.1416843 -0.02565568
v -0.026415 0.1416843 -0.02653113
v -0.01892678 0.1416843 -0.03278214
v -1.274351E-09 0.1416843 0.03623546
v -2.562699E-09 0.1416843 0.03499405
v 0.009132504 0.1416843 0.03374251
v -0.01831076 0.1416843 -0.03171515
v -0.01769474 0.1416843 -0.03064817
v -0.009132504 0.1416843 -0.03374251
v 0.009450815 0.1416843 0.03494207
v 0.009769125 0.1416843 0.03614162
v 0.01892678 0.1416843 0.03278214
v -0.009450815 0.1416843 -0.03494207
v -0.009769125 0.1416843 -0.03614162
v -1.399678E-11 0.1416843 -0.03747685
v 0.01831076 0.1416843 0.03171515
v 0.01769474 0.1416843 0.03064817
v 0.02465562 0.1416843 0.02478024
v 1.274351E-09 0.1416843 -0.03623546
v 2.562699E-09 0.1416843 -0.03499405
v 0.009132504 0.1416843 -0.03374251
v 0.02553531 0.1416843 0.02565568
v 0.026415 0.1416843 0.02653113
v 0.03245591 0.1416843 0.01873843
v 0.009450815 0.1416843 -0.03494207
v 0.009769129 0.1416843 -0.03614163
v 0.01892678 0.1416843 -0.03278214
v 0.03138082 0.1416843 0.01811773
v 0.03030574 0.1416843 0.01749703
v 0.03378813 0.1416843 0.008962277
v 0.01831075 0.1416843 -0.03171516
v 0.01769473 0.1416843 -0.03064818
v 0.02465563 0.1416843 -0.02478024
v 0.03498613 0.1416843 0.009286389
v 0.03618413 0.1416843 0.009610499
v 0.03785355 0.1416843 2.687238E-10
v 0.02553532 0.1416843 -0.02565568
v 0.026415 0.1416843 -0.02653113
v 0.03245591 0.1416843 -0.01873843
v 0.03662151 0.1416843 -4.54074E-10
v 0.03538947 0.1416843 -1.176872E-09
v 0.03378813 0.1416843 -0.008962278
v 0.03138082 0.1416843 -0.01811773
v 0.03030574 0.1416843 -0.01749703
v 0.03498613 0.1416843 -0.009286391
v 0.03618413 0.1416843 -0.009610501
v -0.009684868 0.006758915 -0.02308393
v -0.01216274 0.008773536 -0.02106649
v -0.008845829 0.008773536 -0.01532143
v -0.007064103 0.006758915 -0.01756533
v -0.005991517 0.004353049 -0.01937817
v -0.01074324 0.006758915 -0.02942073
v -0.01272894 0.008773536 -0.02901362
v -0.008760449 0.006758915 -0.03517467
v -0.009112556 0.004353049 -0.0297106
v -0.008218086 0.004353049 -0.02465888
v -0.005007641 0.001648982 -0.021187
v -0.00686897 0.001648982 -0.02565944
v -0.0227544 0.01910686 0.02291264
v -0.01706411 0.02033273 0.02955594
v -0.02376608 0.02033363 0.0239
v 0.009450289 0.1418897 -0.03493997
v 1.073279E-09 0.1418897 -0.03623304
v -2.592013E-10 0.1418721 -0.03756064
v 0.009788843 0.1418728 -0.03622155
v 0.01896921 0.1418717 -0.03285563
v 0.01830898 0.1418897 -0.03171209
v 0.02553376 0.1418897 -0.02565418
v 0.01971501 0.1401276 -0.03414739
v 0.01016821 0.1401277 -0.03765532
v 0.02647435 0.1418728 -0.02658815
v 0.03252847 0.1418722 -0.01878032
v 0.03137873 0.1418897 -0.01811652
v 0.03498404 0.1418897 -0.009285794
v 0.03626319 0.1418728 -0.009633384
v 0.03793842 0.1418717 -5.536645E-10
v 0.03661797 0.1418897 -1.426395E-09
v 0.03498405 0.1418897 0.009285791
v 0.03626319 0.1418728 0.009633383
v 0.03252847 0.1418722 0.01878032
v 0.03137873 0.1418897 0.01811652
v 0.02553375 0.1418897 0.02565418
v 0.03381247 0.1401274 0.01952164
v 0.03769457 0.1401277 0.01002173
v 0.02647435 0.1418728 0.02658815
v 0.02752635 0.1401277 0.02763359
v 0.01971501 0.1401276 0.03414741
v 0.01896921 0.1418717 0.03285563
v 0.01830898 0.1418897 0.03171208
v 0.009450289 0.1418897 0.03493997
v 0.00978884 0.1418728 0.03622153
v 0.01016821 0.1401277 0.03765531
v 4.053647E-11 0.1418721 0.03756064
v -1.206453E-09 0.1418897 0.03623304
v -0.009450289 0.1418897 0.03493997
v -0.009788843 0.1418728 0.03622155
v -0.01896921 0.1418717 0.03285563
v -0.01830898 0.1418897 0.03171209
v -0.02553376 0.1418897 0.02565417
v -0.02647435 0.1418728 0.02658815
v -0.03252847 0.1418722 0.01878032
v -0.03137873 0.1418897 0.01811652
v -0.03498404 0.1418897 0.009285795
v -0.03626319 0.1418728 0.009633385
v -0.03793842 0.1418717 6.863726E-10
v -0.03661797 0.1418897 1.405038E-09
v -0.03498405 0.1418897 -0.009285792
v -0.03626319 0.1418728 -0.009633383
v -0.03252847 0.1418722 -0.01878032
v -0.03137873 0.1418897 -0.01811652
v -0.02553375 0.1418897 -0.02565417
v -0.02647435 0.1418728 -0.02658815
v -0.01896921 0.1418717 -0.03285563
v -0.01830898 0.1418897 -0.03171208
v -0.009450289 0.1418897 -0.03493997
v -0.00978884 0.1418728 -0.03622153
v -2.592013E-10 0.1418721 -0.03756064
v 1.073279E-09 0.1418897 -0.03623304
v -0.02647435 0.1418728 -0.02658815
v -0.01971501 0.1401276 -0.03414741
v -0.01896921 0.1418717 -0.03285563
v -0.02752635 0.1401277 -0.02763359
v -0.03381247 0.1401274 -0.01952164
v -0.03252847 0.1418722 -0.01878032
v -0.03626319 0.1418728 -0.009633383
v -0.02900102 0.116388 -0.02911927
v -0.02077196 0.1163882 -0.03597807
v -0.02967463 0.09323274 -0.02979892
v -0.0356251 0.1163884 -0.02056818
v -0.03645356 0.09323287 -0.02104647
v -0.03636273 0.07237805 -0.02099403
v -0.03769457 0.1401277 -0.01002173
v -0.03971853 0.1163881 -0.01055598
v -0.04064394 0.09323264 -0.01079952
v -0.03943003 0.1401276 4.127637E-10
v -0.03793842 0.1418717 6.863726E-10
v -0.03626319 0.1418728 0.009633385
v -0.0415439 0.1163882 4.848039E-11
v -0.04054333 0.07237806 -0.01077195
v -0.04251001 0.0932328 -3.779555E-11
v -0.04240408 0.07237803 -5.174297E-11
v -0.03769457 0.1401277 0.01002172
v -0.03971854 0.116388 0.01055599
v -0.04064395 0.09323274 0.01079952
v -0.03381248 0.1401274 0.01952164
v -0.03252847 0.1418722 0.01878032
v -0.02647435 0.1418728 0.02658815
v -0.02752634 0.1401277 0.02763358
v -0.02900102 0.1163881 0.02911927
v -0.03562512 0.1163884 0.02056817
v -0.03645357 0.09323287 0.02104646
v -0.04054333 0.07237806 0.01077195
v -0.03636273 0.07237805 0.02099403
v -0.02960043 0.07237806 0.02972557
v -0.02921281 0.05105402 0.02933737
v -0.02092453 0.05105393 0.03624235
v -0.04001334 0.05105413 0.01063036
v -0.03588681 0.05105401 0.02071926
v -0.04184907 0.05105393 -1.262664E-10
v -0.03485789 0.02791267 0.02012521
v -0.02837466 0.02791287 0.02849859
v -0.03886782 0.02791275 0.01032387
v -0.04001333 0.05105402 -0.01063035
v -0.04064916 0.0279128 -7.885188E-11
v -0.03588681 0.05105401 -0.02071926
v -0.02960045 0.07237806 -0.02972557
v -0.03771694 0.01240358 0.01001583
v -0.03382405 0.01240356 0.01952832
v -0.02753243 0.01240358 0.02765591
v -0.01972174 0.0124034 0.03415904
v -0.02032458 0.0279128 0.0352032
v -0.03944347 0.0124034 -1.311634E-10
v -0.03886783 0.02791287 -0.01032387
v -0.03771692 0.01240358 -0.01001583
v -0.0348579 0.02791267 -0.02012521
v -0.03382404 0.01240356 -0.01952832
v -0.02921282 0.05105413 -0.02933738
v -0.02120204 0.07237803 -0.03672303
v -0.02092453 0.05105393 -0.03624235
v -0.01094288 0.07237806 -0.04049752
v -0.0108005 0.05105402 -0.03996773
v -0.02837465 0.02791275 -0.02849859
v -0.02753244 0.01240358 -0.02765591
v -0.02032457 0.0279128 -0.03520319
v -0.01972174 0.0124034 -0.03415903
v 0.009788843 0.1418728 -0.03622155
v -2.592013E-10 0.1418721 -0.03756064
v -2.04618E-10 0.1401274 -0.03904327
v 0.01016821 0.1401277 -0.03765532
v 1.485015E-10 0.1163884 -0.04113634
v 0.01071752 0.116388 -0.03967525
v 4.606421E-10 0.09323287 -0.04209295
v 0.01971501 0.1401276 -0.03414739
v 0.01096932 0.09323274 -0.04059844
v 6.685502E-10 0.07237805 -0.04198807
v 0.02077195 0.1163882 -0.03597807
v 0.01094288 0.07237806 -0.04049753
v 7.256388E-10 0.05105401 -0.04143852
v 0.02752635 0.1401277 -0.02763359
v 0.02647435 0.1418728 -0.02658815
v 0.021255 0.0932328 -0.03681474
v 0.01080051 0.05105413 -0.03996773
v 9.346173E-10 0.02791267 -0.04025044
v 0.03381248 0.1401274 -0.01952164
v 0.03252847 0.1418722 -0.01878032
v 0.03626319 0.1418728 -0.009633384
v 0.02900103 0.1163881 -0.02911926
v 0.03562513 0.1163884 -0.02056817
v 0.02967463 0.09323264 -0.02979893
v 0.02120204 0.07237803 -0.03672303
v 0.02960043 0.07237806 -0.02972558
v 0.02092453 0.05105393 -0.03624235
v 0.02921281 0.05105402 -0.02933737
v 0.02032458 0.0279128 -0.03520321
v 0.01049318 0.02791275 -0.03882246
v 1.137232E-09 0.01240356 -0.03905665
v 0.01018451 0.01240358 -0.03767173
v 0.01972174 0.0124034 -0.03415904
v -0.00978884 0.1418728 -0.03622153
v -0.01896921 0.1418717 -0.03285563
v -0.01971501 0.1401276 -0.03414741
v -0.01016821 0.1401277 -0.03765531
v -0.02077196 0.1163882 -0.03597807
v -2.04618E-10 0.1401274 -0.03904327
v -2.592013E-10 0.1418721 -0.03756064
v -0.01071751 0.1163881 -0.03967523
v 1.485015E-10 0.1163884 -0.04113634
v -0.02125499 0.0932328 -0.03681473
v -0.02967463 0.09323274 -0.02979892
v -0.01096932 0.09323264 -0.04059844
v 4.606421E-10 0.09323287 -0.04209295
v -0.02960045 0.07237806 -0.02972557
v -0.03636273 0.07237805 -0.02099403
v -0.02120204 0.07237803 -0.03672303
v -0.01094288 0.07237806 -0.04049752
v 6.685502E-10 0.07237805 -0.04198807
v -0.0108005 0.05105402 -0.03996773
v 7.256388E-10 0.05105401 -0.04143852
v -0.01049317 0.02791287 -0.03882245
v 9.346173E-10 0.02791267 -0.04025044
v -0.01018451 0.01240358 -0.03767174
v 1.137232E-09 0.01240356 -0.03905665
v -0.01972174 0.0124034 -0.03415903
v -0.02032457 0.0279128 -0.03520319
v -0.02092453 0.05105393 -0.03624235
v -0.02837465 0.02791275 -0.02849859
v -0.02921282 0.05105413 -0.02933738
v 0.02032457 0.0279128 0.03520319
v 0.02753244 0.01240358 0.02765591
v 0.01972174 0.0124034 0.03415903
v 0.02837465 0.02791275 0.02849859
v 0.02092453 0.05105393 0.03624235
v 0.03382405 0.01240356 0.01952832
v 0.02921282 0.05105413 0.02933738
v 0.02120204 0.07237803 0.03672303
v 0.03485789 0.02791267 0.02012521
v 0.03771693 0.01240358 0.01001583
v 0.02960045 0.07237806 0.02972557
v 0.02125499 0.0932328 0.03681473
v 0.03588681 0.05105401 0.02071926
v 0.03886782 0.02791287 0.01032387
v 0.03944347 0.0124034 -2.677183E-12
v 0.02967463 0.09323274 0.02979892
v 0.02077196 0.1163882 0.03597807
v 0.03636273 0.07237805 0.02099403
v 0.04001333 0.05105402 0.01063035
v 0.04064916 0.0279128 1.594345E-10
v 0.03771693 0.01240358 -0.01001583
v 0.02900102 0.116388 0.02911927
v 0.01971501 0.1401276 0.03414741
v 0.02752635 0.1401277 0.02763359
v 0.03645355 0.09323287 0.02104647
v 0.03562511 0.1163884 0.02056818
v 0.03381247 0.1401274 0.01952164
v 0.04054333 0.07237806 0.01077195
v 0.04184907 0.05105393 1.329126E-10
v 0.03886783 0.02791275 -0.01032387
v 0.03382405 0.01240356 -0.01952832
v 0.03971853 0.1163881 0.01055598
v 0.03769457 0.1401277 0.01002173
v 0.04064394 0.09323264 0.01079952
v 0.04240408 0.07237803 1.0604E-10
v 0.04001335 0.05105413 -0.01063035
v 0.03485789 0.02791267 -0.02012521
v 0.02753243 0.01240358 -0.02765591
v 0.04251001 0.0932328 4.964594E-11
v 0.04154389 0.1163882 -1.342557E-10
v 0.04054334 0.07237806 -0.01077195
v 0.03588681 0.05105401 -0.02071925
v 0.02837465 0.02791287 -0.02849859
v 0.01972174 0.0124034 -0.03415904
v 0.02032458 0.0279128 -0.03520321
v 0.02921281 0.05105402 -0.02933737
v 0.03636273 0.07237805 -0.02099403
v 0.02960043 0.07237806 -0.02972558
v 0.04064395 0.09323274 -0.01079952
v 0.03645356 0.09323287 -0.02104647
v 0.02967463 0.09323264 -0.02979893
v 0.03562513 0.1163884 -0.02056817
v 0.03971853 0.116388 -0.01055598
v 0.03943002 0.1401276 -3.007695E-10
v 0.03626319 0.1418728 0.009633383
v 0.03793842 0.1418717 -5.536645E-10
v 0.03626319 0.1418728 -0.009633384
v 0.03769457 0.1401277 -0.01002173
v 0.03381248 0.1401274 -0.01952164
v -0.02032458 0.0279128 0.0352032
v -0.01018451 0.01240358 0.03767173
v -0.01972174 0.0124034 0.03415904
v -0.01049318 0.02791275 0.03882246
v -1.127294E-09 0.01240356 0.03905665
v -9.346173E-10 0.02791267 0.04025044
v 0.01018451 0.01240358 0.03767174
v 0.01049317 0.02791287 0.03882245
v 0.01972174 0.0124034 0.03415903
v 0.02032457 0.0279128 0.03520319
v 0.0108005 0.05105402 0.03996773
v 0.02092453 0.05105393 0.03624235
v -8.707646E-10 0.05105401 0.04143852
v -0.01080051 0.05105413 0.03996773
v -0.02092453 0.05105393 0.03624235
v 0.01094288 0.07237806 0.04049752
v 0.02120204 0.07237803 0.03672303
v -6.685502E-10 0.07237805 0.04198807
v -0.02921281 0.05105402 0.02933737
v -0.02837466 0.02791287 0.02849859
v -0.03588681 0.05105401 0.02071926
v -0.03636273 0.07237805 0.02099403
v -0.04054333 0.07237806 0.01077195
v -0.01094288 0.07237806 0.04049753
v -0.02120204 0.07237803 0.03672303
v -0.02960043 0.07237806 0.02972557
v 0.01096932 0.09323264 0.04059844
v 0.02125499 0.0932328 0.03681473
v -4.606421E-10 0.09323287 0.04209295
v -0.01096932 0.09323274 0.04059844
v -0.02967462 0.09323264 0.02979893
v -0.03645357 0.09323287 0.02104646
v -0.03562512 0.1163884 0.02056817
v -0.02900102 0.1163881 0.02911927
v -0.021255 0.0932328 0.03681474
v -0.02077196 0.1163882 0.03597807
v -0.02752634 0.1401277 0.02763358
v 0.01071751 0.1163881 0.03967523
v 0.02077196 0.1163882 0.03597807
v -1.55478E-10 0.1163884 0.04113634
v -0.01071752 0.116388 0.03967525
v -0.01971502 0.1401276 0.03414739
v -0.02647435 0.1418728 0.02658815
v -0.01896921 0.1418717 0.03285563
v -0.009788843 0.1418728 0.03622155
v -0.01016821 0.1401277 0.03765532
v 1.000145E-10 0.1401274 0.03904327
v 4.053647E-11 0.1418721 0.03756064
v 0.00978884 0.1418728 0.03622153
v 0.01016821 0.1401277 0.03765531
v 0.01971501 0.1401276 0.03414741
v 0.009111921 0.1418713 -0.03365961
v 2.507111E-09 0.1400981 -0.03372586
v 2.542596E-09 0.1418721 -0.03491045
v 0.008811032 0.1400978 -0.03251631
v 0.01705638 0.1400986 -0.02954252
v 0.01765409 0.1418731 -0.03057778
v 0.02459412 0.1418713 -0.02472096
v 0.02375443 0.1400978 -0.02388874
v 0.009283897 0.1163706 -0.03426233
v -2.100692E-09 0.1163708 -0.03553671
v 0.01797208 0.1163704 -0.03112856
v 0.02503009 0.1163706 -0.02517126
v 0.01839445 0.09322859 -0.03186012
v 0.009502014 0.09322856 -0.03506763
v 0.01834811 0.07238404 -0.03177987
v 0.02561845 0.09322863 -0.02576283
v 0.03077568 0.1163708 -0.01776836
v 0.02920747 0.1400981 -0.01686293
v 0.034314 0.1163706 -0.009091068
v 0.03512047 0.09322856 -0.009304832
v 0.03149905 0.0932287 -0.01818599
v 0.03503202 0.07238401 -0.00928138
v 0.03141975 0.07238401 -0.0181402
v 0.034569 0.05107467 -0.009158658
v 0.02555392 0.07238401 -0.02569795
v 0.03100446 0.05107462 -0.01790044
v 0.03326418 0.02795661 -0.008812775
v 0.02521613 0.05107485 -0.02535833
v 0.01810561 0.05107476 -0.03135987
v 0.02983413 0.02795623 -0.01722474
v 0.03258104 0.02033365 -0.008632039
v 0.02922148 0.02033358 -0.01687104
v 0.02426417 0.02795643 -0.02440123
v 0.01742222 0.02795678 -0.03017617
v 0.02376608 0.02033363 -0.02390001
v -0.009111919 0.1418713 -0.03365961
v 2.542596E-09 0.1418721 -0.03491045
v 2.507111E-09 0.1400981 -0.03372586
v -0.008811031 0.1400978 -0.03251631
v -2.100692E-09 0.1163708 -0.03553671
v 0.02459412 0.1418713 -0.02472096
v 0.02920747 0.1400981 -0.01686293
v 0.02375443 0.1400978 -0.02388874
v 0.03023334 0.1418721 -0.01745522
v 0.03370604 0.1418713 -0.008938652
v 0.03137873 0.1418897 -0.01811652
v 0.02553376 0.1418897 -0.02565418
v 0.03498404 0.1418897 -0.009285794
v 0.01830898 0.1418897 -0.03171209
v 0.01765409 0.1418731 -0.03057778
v 0.03661797 0.1418897 -1.426395E-09
v 0.03530817 0.1418731 -2.017532E-09
v 0.009111921 0.1418713 -0.03365961
v 0.009450289 0.1418897 -0.03493997
v 1.073279E-09 0.1418897 -0.03623304
v 2.542596E-09 0.1418721 -0.03491045
v 0.03370604 0.1418713 0.008938651
v 0.03498405 0.1418897 0.009285791
v 0.03137873 0.1418897 0.01811652
v 0.03023334 0.1418721 0.01745523
v 0.02459411 0.1418713 0.02472096
v 0.02553375 0.1418897 0.02565418
v 0.01830898 0.1418897 0.03171208
v 0.01765409 0.1418731 0.03057777
v 0.009111919 0.1418713 0.03365961
v 0.009450289 0.1418897 0.03493997
v -1.206453E-09 0.1418897 0.03623304
v -2.504622E-09 0.1418721 0.03491045
v -0.009111921 0.1418713 0.03365961
v -0.009450289 0.1418897 0.03493997
v -0.01830898 0.1418897 0.03171209
v -0.01765409 0.1418731 0.03057778
v -0.02459412 0.1418713 0.02472096
v -0.02553376 0.1418897 0.02565417
v -0.03137873 0.1418897 0.01811652
v -0.03023334 0.1418721 0.01745523
v -0.03370604 0.1418713 0.008938651
v -0.03498404 0.1418897 0.009285795
v -0.03661797 0.1418897 1.405038E-09
v -0.03530818 0.1418731 1.734953E-09
v -0.03370604 0.1418713 -0.008938651
v -0.03498405 0.1418897 -0.009285792
v -0.03137873 0.1418897 -0.01811652
v -0.03023334 0.1418721 -0.01745523
v -0.02459411 0.1418713 -0.02472096
v -0.02553375 0.1418897 -0.02565417
v -0.01830898 0.1418897 -0.03171208
v -0.01765409 0.1418731 -0.03057777
v -0.009111919 0.1418713 -0.03365961
v -0.009450289 0.1418897 -0.03493997
v 1.073279E-09 0.1418897 -0.03623304
v 2.542596E-09 0.1418721 -0.03491045
v 0.009111919 0.1418713 0.03365961
v 0.008811031 0.1400978 0.03251631
v 0.01705638 0.1400986 0.02954251
v 0.01765409 0.1418731 0.03057777
v 0.02459411 0.1418713 0.02472096
v 0.02375443 0.1400978 0.02388874
v 0.0179721 0.1163704 0.03112855
v 0.02920745 0.1400981 0.01686295
v 0.03023334 0.1418721 0.01745523
v 0.03370604 0.1418713 0.008938651
v 0.02503009 0.1163706 0.02517125
v 0.01839446 0.09322859 0.03186011
v 0.009502025 0.09322863 0.03506764
v 0.03256547 0.1400978 0.008627575
v 0.03077571 0.1163708 0.01776835
v 0.03411277 0.1400986 -1.0999E-09
v 0.03530817 0.1418731 -2.017532E-09
v 0.03370604 0.1418713 -0.008938652
v 0.02561844 0.09322856 0.0257628
v 0.034314 0.1163706 0.009091064
v 0.03256546 0.1400978 -0.008627574
v 0.02920747 0.1400981 -0.01686293
v 0.034314 0.1163706 -0.009091068
v 0.03594416 0.1163704 -5.02713E-09
v 0.03149906 0.0932287 0.01818599
v 0.0367889 0.09322859 -7.695221E-09
v 0.03512047 0.09322856 -0.009304832
v 0.03512048 0.09322863 0.009304825
v 0.03669626 0.07238404 -8.70308E-09
v 0.03503202 0.07238401 -0.00928138
v 0.03503203 0.07238401 0.009281372
v 0.03141974 0.07238401 0.01814017
v 0.02555392 0.07238401 0.02569792
v 0.03621124 0.05107476 -9.753526E-09
v 0.034569 0.05107467 -0.009158658
v 0.03456902 0.05107485 0.009158651
v 0.03100446 0.05107462 0.01790043
v 0.03484447 0.02795678 -1.226388E-08
v 0.03326418 0.02795661 -0.008812775
v 0.03326418 0.02795643 0.008812761
v 0.03412826 0.02033272 -1.344777E-08
v 0.03258104 0.02033365 -0.008632039
v 0.03258104 0.02033363 0.008632027
v 0.0292215 0.02033358 0.01687102
v 0.02983413 0.02795623 0.01722473
v 0.02376608 0.02033366 0.02389999
v 0.02426418 0.02795661 0.02440122
v 0.01706414 0.02033273 0.02955593
v 0.02521613 0.05107467 0.0253583
v 0.01742224 0.02795678 0.03017618
v 0.008814969 0.02033364 0.03253203
v 0.01810563 0.05107476 0.03135985
v 0.009000006 0.02795643 0.03321401
v 1.271069E-08 0.02033357 0.03374206
v 1.083047E-08 0.02795623 0.03444948
v 0.009352888 0.05107485 0.03451697
v 7.792364E-09 0.05107462 0.03580087
v 0.01834813 0.07238404 0.03177988
v 0.009478108 0.07238401 0.03497931
v 6.643538E-09 0.07238401 0.03628039
v 5.218884E-09 0.0932287 0.03637199
v -2.100692E-09 0.1163708 -0.03553671
v 0.009283897 0.1163706 -0.03426233
v 0.009502014 0.09322856 -0.03506763
v -5.267712E-09 0.0932287 -0.03637199
v 0.009478098 0.07238401 -0.03497929
v 0.01834811 0.07238404 -0.03177987
v -6.649217E-09 0.07238401 -0.03628039
v 0.01810561 0.05107476 -0.03135987
v 0.009352869 0.05107467 -0.03451698
v -7.811503E-09 0.05107462 -0.03580087
v 0.01742222 0.02795678 -0.03017617
v 0.008999994 0.02795661 -0.03321403
v 0.01706411 0.02033273 -0.02955593
v -1.102793E-08 0.02795623 -0.03444948
v 0.008814952 0.02033365 -0.03253201
v -1.287676E-08 0.02033358 -0.03374206
v -0.01797208 0.1163704 0.03112856
v -0.02561845 0.09322863 0.02576283
v -0.01839445 0.09322859 0.03186012
v -0.02555392 0.07238401 0.02569795
v -0.03141975 0.07238401 0.0181402
v -0.03100446 0.05107462 0.01790044
v -0.02521613 0.05107485 0.02535833
v -0.03456901 0.05107467 0.009158658
v -0.03503202 0.07238401 0.00928138
v -0.03149905 0.0932287 0.01818599
v -0.02983413 0.02795623 0.01722474
v -0.02426418 0.02795643 0.02440123
v -0.01810561 0.05107476 0.03135987
v -0.01834811 0.07238404 0.03177987
v -0.03326418 0.02795661 0.008812775
v -0.03484447 0.02795678 1.226388E-08
v -0.03621124 0.05107476 9.641758E-09
v -0.03512047 0.09322856 0.009304832
v -0.03669626 0.07238404 8.70308E-09
v -0.03077569 0.1163708 0.01776836
v -0.02503009 0.1163706 0.02517126
v -0.02375443 0.1400978 0.02388874
v -0.02920747 0.1400981 0.01686293
v -0.02459412 0.1418713 0.02472096
v -0.03023334 0.1418721 0.01745523
v -0.03370604 0.1418713 0.008938651
v -0.034314 0.1163706 0.009091068
v -0.03256547 0.1400978 0.008627577
v -0.0367889 0.09322859 7.709999E-09
v -0.03411277 0.1400986 9.545124E-10
v -0.03530818 0.1418731 1.734953E-09
v -0.03370604 0.1418713 -0.008938651
v -0.03256547 0.1400978 -0.008627576
v -0.03594416 0.1163704 5.116728E-09
v -0.034314 0.1163706 -0.009091063
v -0.0307757 0.1163708 -0.01776835
v -0.03149907 0.0932287 -0.01818598
v -0.03512048 0.09322863 -0.009304825
v -0.03141974 0.07238401 -0.01814017
v -0.03503203 0.07238401 -0.009281372
v -0.03100446 0.05107462 -0.01790043
v -0.03456902 0.05107485 -0.009158651
v -0.02983413 0.02795623 -0.01722473
v -0.03326418 0.02795643 -0.008812761
v -0.0292215 0.02033358 -0.01687102
v -0.03258104 0.02033363 -0.008632027
v -0.03412826 0.02033272 1.345068E-08
v 0.02376608 0.02033363 -0.02390001
v 0.01706411 0.02033273 -0.02955593
v 0.01742222 0.02795678 -0.03017617
v 0.02426417 0.02795643 -0.02440123
v -0.008814948 0.02033366 0.03253202
v 1.271069E-08 0.02033357 0.03374206
v 1.083047E-08 0.02795623 0.03444948
v -0.008999994 0.02795661 0.03321403
v -0.01706411 0.02033273 0.02955594
v 7.792364E-09 0.05107462 0.03580087
v -0.01742222 0.02795678 0.03017617
v -0.02376608 0.02033363 0.0239
v -0.009352869 0.05107467 0.03451697
v 6.643538E-09 0.07238401 0.03628039
v -0.02426418 0.02795643 0.02440123
v -0.02922148 0.02033358 0.01687104
v -0.02983413 0.02795623 0.01722474
v -0.03258104 0.02033365 0.008632039
v -0.03326418 0.02795661 0.008812775
v -0.03412826 0.02033272 1.345068E-08
v -0.03484447 0.02795678 1.226388E-08
v -0.01810561 0.05107476 0.03135987
v -0.009478098 0.07238401 0.03497929
v 5.218884E-09 0.0932287 0.03637199
v -0.01834811 0.07238404 0.03177987
v -0.009502014 0.09322856 0.03506763
v 2.153139E-09 0.1163708 0.03553671
v 0.009283906 0.1163706 0.03426233
v 0.009502025 0.09322863 0.03506764
v 0.0179721 0.1163704 0.03112855
v 0.01705638 0.1400986 0.02954251
v 0.008811031 0.1400978 0.03251631
v -2.451815E-09 0.1400981 0.03372586
v 0.009111919 0.1418713 0.03365961
v -2.504622E-09 0.1418721 0.03491045
v -0.009111921 0.1418713 0.03365961
v -0.009283897 0.1163706 0.03426233
v -0.01839445 0.09322859 0.03186012
v -0.02555392 0.07238401 0.02569795
v -0.02521613 0.05107485 0.02535833
v -0.01797208 0.1163704 0.03112856
v -0.008811032 0.1400978 0.03251631
v -0.01705638 0.1400986 0.02954252
v -0.01765409 0.1418731 0.03057778
v -0.02459412 0.1418713 0.02472096
v -0.02375443 0.1400978 0.02388874
v -0.02503009 0.1163706 0.02517126
v -0.02561845 0.09322863 0.02576283
v -0.03149905 0.0932287 0.01818599
v -0.03141975 0.07238401 0.0181402
v -0.02376608 0.02033365 -0.02389999
v -0.0292215 0.02033358 -0.01687102
v -0.02983413 0.02795623 -0.01722473
v -0.02426417 0.02795661 -0.02440123
v -0.01706414 0.02033273 -0.02955593
v -0.03100446 0.05107462 -0.01790043
v -0.01742223 0.02795678 -0.03017618
v -0.008814971 0.02033364 -0.03253203
v -0.02521613 0.05107467 -0.0253583
v -0.03141974 0.07238401 -0.01814017
v -0.009000007 0.02795643 -0.03321401
v -1.287676E-08 0.02033358 -0.03374206
v -1.102793E-08 0.02795623 -0.03444948
v -0.02555392 0.07238401 -0.02569792
v -0.03149907 0.0932287 -0.01818598
v -0.01810563 0.05107476 -0.03135985
v -0.009352888 0.05107485 -0.03451696
v -7.811503E-09 0.05107462 -0.03580087
v -0.02561845 0.09322856 -0.0257628
v -0.0307757 0.1163708 -0.01776835
v -0.01834812 0.07238404 -0.03177987
v -0.009478107 0.07238401 -0.03497931
v -6.649217E-09 0.07238401 -0.03628039
v -0.01839446 0.09322859 -0.03186011
v -0.009502023 0.09322863 -0.03506764
v -5.267712E-09 0.0932287 -0.03637199
v -0.0250301 0.1163706 -0.02517125
v -0.01797209 0.1163704 -0.03112856
v -0.009283907 0.1163706 -0.03426233
v -2.100692E-09 0.1163708 -0.03553671
v -0.008811031 0.1400978 -0.03251631
v -0.02920746 0.1400981 -0.01686295
v -0.03256547 0.1400978 -0.008627576
v -0.03370604 0.1418713 -0.008938651
v -0.03023334 0.1418721 -0.01745523
v -0.02459411 0.1418713 -0.02472096
v -0.02375444 0.1400978 -0.02388874
v -0.01705638 0.1400986 -0.02954251
v -0.009111919 0.1418713 -0.03365961
v -0.01765409 0.1418731 -0.03057777
v -0.0227544 0.01910686 0.02291264
v -0.0163758 0.01910551 0.02836367
v -0.01706411 0.02033273 0.02955594
v 4.079896E-12 0.01912292 3.349009E-12
v -0.008814948 0.02033366 0.03253202
v -0.008465726 0.01910686 0.03116218
v 1.271069E-08 0.02033357 0.03374206
v 3.03485E-08 0.01910643 0.03232918
v 0.008814969 0.02033364 0.03253203
v 0.008465733 0.01910684 0.0311622
v 0.01706414 0.02033273 0.02955593
v 0.01637576 0.0191055 0.0283637
v 0.02376608 0.02033366 0.02389999
v 0.02275439 0.01910685 0.02291263
v 0.0292215 0.02033358 0.01687102
v -0.02799788 0.01910642 0.01616462
v 0.02799791 0.01910643 0.01616456
v 0.03122013 0.01910685 0.008249563
v 0.03258104 0.02033363 0.008632027
v -0.02376608 0.02033363 0.0239
v 0.03412826 0.02033272 -1.344777E-08
v -0.02922148 0.02033358 0.01687104
v 0.03275156 0.0191055 2.615004E-08
v 0.03258104 0.02033365 -0.008632039
v -0.03122012 0.01910686 0.008249565
v -0.03258104 0.02033365 0.008632039
v 0.03122012 0.01910686 -0.008249565
v 0.02922148 0.02033358 -0.01687104
v -0.03275156 0.0191055 -2.613665E-08
v -0.03412826 0.02033272 1.345068E-08
v 0.02799788 0.01910642 -0.01616462
v 0.02376608 0.02033363 -0.02390001
v -0.03122013 0.01910685 -0.008249563
v 0.0227544 0.01910684 -0.02291264
v -0.02799791 0.01910643 -0.01616456
v -0.03258104 0.02033363 -0.008632027
v 0.01706411 0.02033273 -0.02955593
v -0.0292215 0.02033358 -0.01687102
v 0.0163758 0.01910549 -0.02836367
v 0.008814952 0.02033365 -0.03253201
v -0.02275439 0.01910685 -0.02291263
v -0.02376608 0.02033365 -0.02389999
v 0.008465726 0.01910686 -0.03116219
v -1.287676E-08 0.02033358 -0.03374206
v -0.01637576 0.0191055 -0.0283637
v -0.01706414 0.02033273 -0.02955593
v -3.036118E-08 0.01910643 -0.03232918
v -0.008814971 0.02033364 -0.03253203
v -0.008465733 0.01910684 -0.0311622
vt -3.852641 0.784434
vt -3.862381 0.7887359
vt -3.853334 0.7887359
vt -3.860945 0.7851017
vt -3.870675 0.7832885
vt -3.862381 0.7887359
vt -3.851576 0.7754856
vt -3.856586 0.7763714
vt -3.85807 0.7802036
vt -3.842418 0.7887359
vt -3.843563 0.7839858
vt -3.853334 0.7887359
vt -3.856817 0.1353608
vt -3.851172 0.1381683
vt -3.853242 0.1353608
vt -3.856276 0.7597734
vt -3.851262 0.7559481
vt -3.857632 0.7577161
vt -3.430171 0.8232112
vt -3.433392 0.8166403
vt -3.433392 0.8246388
vt -3.547976 0.8386308
vt -3.547976 0.8465806
vt -3.545073 0.8498132
vt -3.472374 0.2958933
vt -3.466686 0.2958933
vt -3.465409 0.2932863
vt -3.878417 0.7435058
vt -3.875734 0.741819
vt -3.88171 0.7383354
vt -3.878417 0.7435058
vt -3.88171 0.7383354
vt -3.883163 0.7393103
vt -3.886506 0.7422158
vt -3.884649 0.7422229
vt -3.886506 0.7393028
vt -3.88985 0.7393103
vt -3.888364 0.742223
vt -3.515673 0.8479205
vt -3.512651 0.849813
vt -3.512771 0.8390453
vt -3.519139 0.8400494
vt -3.519139 0.8468111
vt -3.523034 0.8402038
vt -3.523034 0.8450293
vt -3.894596 0.7435058
vt -3.891303 0.7383354
vt -3.897279 0.741819
vt -3.892496 0.7518603
vt -3.895874 0.7537444
vt -3.893335 0.7598435
vt -3.860535 0.7437527
vt -3.856326 0.7482472
vt -3.855561 0.7472019
vt -3.859752 0.7423955
vt -3.849162 0.7512158
vt -3.86598 0.7411028
vt -3.866532 0.7423544
vt -3.861444 0.7453255
vt -3.872685 0.7376345
vt -3.860535 0.7437527
vt -3.859752 0.7423955
vt -3.855561 0.7472019
vt -3.905023 0.774649
vt -3.907575 0.7737343
vt -3.908814 0.7758563
vt -3.680089 0.1263498
vt -3.674164 0.128522
vt -3.675879 0.1263498
vt -3.496253 0.2906347
vt -3.495777 0.2923542
vt -3.489738 0.2932863
vt -3.90648 0.7423544
vt -3.903865 0.7491705
vt -3.899854 0.7389773
vt -3.907165 0.8159131
vt -3.903092 0.8174639
vt -3.898569 0.8096294
vt -3.913261 0.8350762
vt -3.917452 0.8302698
vt -3.923851 0.826256
vt -3.912477 0.8337189
vt -3.916687 0.8292245
vt -3.911569 0.8321462
vt -3.850939 0.8230654
vt -3.859086 0.8214838
vt -3.860921 0.8235512
vt -3.850939 0.8230654
vt -3.860921 0.8235512
vt -3.850088 0.8251749
vt -3.860887 0.8143437
vt -3.862988 0.8152547
vt -3.857632 0.8197556
vt -3.390322 0.8232102
vt -3.387102 0.8246377
vt -3.387102 0.8166404
vt -3.396974 0.5311668
vt -3.406015 0.5311668
vt -3.407432 0.5329391
vt -3.852641 0.784434
vt -3.860945 0.7851017
vt -3.862381 0.7887359
vt -3.859536 0.7825989
vt -3.851781 0.7816279
vt -3.85807 0.7802036
vt -3.844436 0.7813632
vt -3.853334 0.7887359
vt -3.843563 0.7839858
vt -3.845205 0.7792397
vt -3.851519 0.7793523
vt -3.851576 0.7754856
vt -3.848392 0.7741371
vt -3.846309 0.7770364
vt -3.846394 0.7713789
vt -3.843291 0.7731263
vt -3.877614 0.1321409
vt -3.879698 0.1353608
vt -3.873549 0.1353608
vt -3.882272 0.138057
vt -3.873862 0.1381683
vt -3.866515 0.1353608
vt -3.873067 0.1321409
vt -3.866279 0.1321409
vt -3.861379 0.1353608
vt -3.871614 0.128522
vt -3.865522 0.128522
vt -3.866669 0.1380727
vt -3.86198 0.1321409
vt -3.866641 0.1403594
vt -3.873605 0.1429362
vt -3.88115 0.139172
vt -3.881005 0.1411272
vt -3.886933 0.1397481
vt -3.886933 0.1416854
vt -3.892717 0.139172
vt -3.892854 0.1410237
vt -3.900005 0.1381683
vt -3.886933 0.1429362
vt -3.900262 0.1429362
vt -3.900674 0.1636892
vt -3.886933 0.1636893
vt -3.901084 0.1946525
vt -3.886933 0.1946525
vt -3.901274 0.2231847
vt -3.873193 0.163689
vt -3.886933 0.2231847
vt -3.90131 0.2510857
vt -3.907226 0.1403608
vt -3.912801 0.1403802
vt -3.907198 0.1380727
vt -3.860935 0.1429362
vt -3.872782 0.1946527
vt -3.912682 0.138057
vt -3.917779 0.1380727
vt -3.912487 0.1353608
vt -3.907351 0.1353608
vt -3.861066 0.1403802
vt -3.860137 0.1636889
vt -3.900317 0.1353608
vt -3.891595 0.138057
vt -3.894169 0.1353608
vt -3.896253 0.1321409
vt -3.9008 0.1321409
vt -3.898415 0.128522
vt -3.902253 0.128522
vt -3.907588 0.1321409
vt -3.908345 0.128522
vt -3.908179 0.1263499
vt -3.903967 0.1263499
vt -3.911886 0.1321409
vt -3.915742 0.1321409
vt -3.914028 0.128522
vt -3.877614 0.1321409
vt -3.873549 0.1353608
vt -3.873067 0.1321409
vt -3.875452 0.128522
vt -3.871614 0.128522
vt -3.865688 0.1263499
vt -3.869899 0.1263499
vt -3.865522 0.128522
vt -3.864106 0.1263499
vt -3.865688 0.1263499
vt -3.862676 0.128522
vt -3.859838 0.128522
vt -3.862531 0.1263499
vt -3.858125 0.1321409
vt -3.856817 0.1353608
vt -3.856087 0.1380727
vt -3.851172 0.1381683
vt -3.861184 0.138057
vt -3.855879 0.1403608
vt -3.850111 0.1429362
vt -3.846172 0.1410237
vt -3.847198 0.139172
vt -3.848983 0.1636892
vt -3.841455 0.1429362
vt -3.840058 0.1636893
vt -3.859342 0.1946525
vt -3.847861 0.1946525
vt -3.838667 0.1946525
vt -3.872593 0.2231847
vt -3.847342 0.2231847
vt -3.838024 0.2231847
vt -3.858974 0.2231847
vt -3.886933 0.2510858
vt -3.847243 0.2510857
vt -3.837901 0.2510858
vt -3.858904 0.2510859
vt -3.872556 0.2510858
vt -3.848153 0.2820629
vt -3.839021 0.2820629
vt -3.859544 0.2820633
vt -3.872882 0.2820628
vt -3.886933 0.2820629
vt -3.900985 0.2820629
vt -3.850128 0.3137512
vt -3.841455 0.3137512
vt -3.860935 0.3137512
vt -3.851426 0.3159346
vt -3.861855 0.3159346
vt -3.874071 0.3159346
vt -3.873592 0.3137512
vt -3.886933 0.3137512
vt -3.886933 0.3159346
vt -3.899795 0.3159346
vt -3.900275 0.3137512
vt -3.912931 0.3137512
vt -3.912011 0.3159346
vt -3.922441 0.3159346
vt -3.923738 0.3137512
vt -3.914323 0.2820633
vt -3.914963 0.2510859
vt -3.846394 0.7713789
vt -3.845296 0.767088
vt -3.846219 0.7654759
vt -3.848889 0.7670177
vt -3.848392 0.7741371
vt -3.851418 0.7626758
vt -3.847154 0.7638708
vt -3.851576 0.7685686
vt -3.854547 0.770284
vt -3.854806 0.7630276
vt -3.857566 0.7651107
vt -3.851381 0.7591154
vt -3.845374 0.7611275
vt -3.845257 0.7593816
vt -3.851262 0.7559481
vt -3.856276 0.7597734
vt -3.860887 0.763128
vt -3.857632 0.7577161
vt -3.864899 0.7683756
vt -3.860838 0.7690058
vt -3.862988 0.7622169
vt -3.859086 0.755988
vt -3.865438 0.7737343
vt -3.861646 0.7726097
vt -3.860871 0.7739354
vt -3.867706 0.7684472
vt -3.865848 0.7615586
vt -3.870579 0.7684165
vt -3.874444 0.7678422
vt -3.86992 0.7600079
vt -3.860921 0.7539205
vt -3.850939 0.7544063
vt -3.864462 0.7505542
vt -3.854547 0.770284
vt -3.851576 0.7754856
vt -3.848392 0.7741371
vt -3.858694 0.7726783
vt -3.857566 0.7651107
vt -3.860838 0.7690058
vt -3.856586 0.7763714
vt -3.860871 0.7739354
vt -3.86011 0.775269
vt -3.864198 0.7758563
vt -3.861646 0.7726097
vt -3.865438 0.7737343
vt -3.86298 0.7779906
vt -3.85807 0.7802036
vt -3.859536 0.7825989
vt -3.865048 0.7797434
vt -3.860945 0.7851017
vt -3.867065 0.7815278
vt -3.870675 0.7832885
vt -3.872274 0.7805188
vt -3.874425 0.7854537
vt -3.876024 0.7826841
vt -3.877623 0.7799144
vt -3.873873 0.7777492
vt -3.868789 0.7785069
vt -3.866506 0.7771888
vt -3.86799 0.774649
vt -3.870543 0.7755036
vt -3.870579 0.7684165
vt -3.874444 0.7678422
vt -3.867706 0.7684472
vt -3.864899 0.7683756
vt -3.836352 0.7828431
vt -3.83674 0.7754164
vt -3.843563 0.7839858
vt -3.84166 0.7857776
vt -3.842418 0.7887359
vt -3.83638 0.7887359
vt -3.836352 0.7946287
vt -3.84166 0.7916942
vt -3.843563 0.7934859
vt -3.83674 0.8020553
vt -3.853334 0.7887359
vt -3.844436 0.7961085
vt -3.852641 0.7930378
vt -3.851781 0.7958439
vt -3.845205 0.7982321
vt -3.850939 0.7544063
vt -3.850088 0.7522968
vt -3.860921 0.7539205
vt -3.856326 0.7482472
vt -3.861521 0.7513769
vt -3.864462 0.7505542
vt -3.861444 0.7453255
vt -3.866532 0.7423544
vt -3.860535 0.7437527
vt -3.86598 0.7411028
vt -3.430171 0.8232112
vt -3.430171 0.8169571
vt -3.433392 0.8166403
vt -3.433392 0.8105799
vt -3.430171 0.8110619
vt -3.873873 0.7777492
vt -3.880567 0.7784486
vt -3.877623 0.7799144
vt -3.874444 0.7678422
vt -3.883308 0.7723019
vt -3.876873 0.7647822
vt -3.883308 0.7766321
vt -3.886506 0.7723019
vt -3.886506 0.7887359
vt -3.886506 0.7766321
vt -3.889704 0.7766321
vt -3.883028 0.7682954
vt -3.883565 0.7656565
vt -3.878336 0.7623102
vt -3.889704 0.7723019
vt -3.892446 0.7784486
vt -3.886506 0.7682779
vt -3.884049 0.7629891
vt -3.886506 0.7629766
vt -3.879678 0.7598435
vt -3.882254 0.7566414
vt -3.884971 0.7591428
vt -3.886506 0.7591351
vt -3.888042 0.7591428
vt -3.888964 0.7629891
vt -3.889448 0.7656565
vt -3.886506 0.7656415
vt -3.889985 0.7682954
vt -3.89614 0.7647823
vt -3.894677 0.7623102
vt -3.898569 0.7678422
vt -3.899139 0.7777492
vt -3.89539 0.7799144
vt -3.900739 0.7805188
vt -3.896988 0.7826841
vt -3.898587 0.7854537
vt -3.902469 0.7755035
vt -3.902338 0.7832885
vt -3.904223 0.7785069
vt -3.905023 0.774649
vt -3.905947 0.7815278
vt -3.906507 0.7771888
vt -3.908814 0.7758563
vt -3.907964 0.7797434
vt -3.912067 0.7851017
vt -3.910632 0.7887359
vt -3.920372 0.784434
vt -3.919679 0.7887359
vt -3.913477 0.7825989
vt -3.921232 0.7816279
vt -3.928577 0.7813632
vt -3.927807 0.7792397
vt -3.910032 0.7779906
vt -3.914942 0.7802036
vt -3.916427 0.7763714
vt -3.921437 0.7754856
vt -3.912902 0.775269
vt -3.921493 0.7793523
vt -3.912141 0.7739354
vt -3.911367 0.7726097
vt -3.907575 0.7737343
vt -3.92462 0.7741371
vt -3.926704 0.7770364
vt -3.926619 0.7713789
vt -3.929721 0.7731263
vt -3.886506 0.7887359
vt -3.877623 0.7799144
vt -3.880567 0.7784486
vt -3.876024 0.7826841
vt -3.874425 0.7854537
vt -3.874628 0.7887359
vt -3.870675 0.7832885
vt -3.862381 0.7887359
vt -3.874425 0.7920181
vt -3.870675 0.7941832
vt -3.872274 0.7969528
vt -3.876024 0.7947876
vt -3.877623 0.7975574
vt -3.880567 0.7990232
vt -3.873873 0.7997226
vt -3.870543 0.8019682
vt -3.868789 0.7989648
vt -3.86799 0.8028227
vt -3.867065 0.795944
vt -3.860945 0.79237
vt -3.865048 0.7977283
vt -3.866506 0.800283
vt -3.864198 0.8016155
vt -3.865438 0.8037373
vt -3.861646 0.804862
vt -3.852641 0.7930378
vt -3.853334 0.7887359
vt -3.859536 0.7948728
vt -3.851781 0.7958439
vt -3.86298 0.799481
vt -3.85807 0.7972682
vt -3.860871 0.8035362
vt -3.860838 0.8084659
vt -3.86011 0.8022027
vt -3.856586 0.8011003
vt -3.858694 0.8047934
vt -3.857566 0.8123611
vt -3.851576 0.8019862
vt -3.851519 0.7981194
vt -3.854547 0.8071878
vt -3.854806 0.8144442
vt -3.848392 0.8033347
vt -3.846309 0.8004354
vt -3.851576 0.8089032
vt -3.848889 0.8104541
vt -3.851418 0.8147959
vt -3.846394 0.8060929
vt -3.846219 0.8119959
vt -3.847154 0.8136009
vt -3.845296 0.8103837
vt -3.860929 0.5197059
vt -3.850919 0.5113495
vt -3.851845 0.5097459
vt -3.862231 0.5184096
vt -3.860929 0.5906399
vt -3.862231 0.5919362
vt -3.851845 0.6005998
vt -3.850919 0.5989962
vt -3.838677 0.6034872
vt -3.839149 0.6052626
vt -3.825617 0.6071103
vt -3.825617 0.6052722
vt -3.812558 0.6034872
vt -3.812086 0.6052626
vt -3.671706 0.3159346
vt -3.672186 0.3137513
vt -3.684843 0.3137513
vt -3.683922 0.3159346
vt -3.694352 0.3159346
vt -3.695649 0.3137513
vt -3.704323 0.3137513
vt -3.697625 0.2820628
vt -3.706757 0.2820629
vt -3.698534 0.2510858
vt -3.707876 0.2510858
vt -3.698436 0.2231847
vt -3.707754 0.2231847
vt -3.697917 0.1946527
vt -3.70711 0.1946525
vt -3.696794 0.163689
vt -3.70572 0.1636892
vt -3.695667 0.1429362
vt -3.704323 0.1429362
vt -3.684843 0.1429362
vt -3.685641 0.1636889
vt -3.672173 0.1429362
vt -3.672585 0.1636892
vt -3.658844 0.1429362
vt -3.664765 0.1410237
vt -3.671916 0.1381683
vt -3.684712 0.1403802
vt -3.689898 0.1403594
vt -3.679137 0.1403608
vt -3.679109 0.1380727
vt -3.679263 0.1353607
vt -3.684398 0.1353607
vt -3.672228 0.1353607
vt -3.672711 0.1321409
vt -3.679499 0.1321409
vt -3.674164 0.128522
vt -3.684593 0.138057
vt -3.68969 0.1380727
vt -3.694606 0.1381683
vt -3.69858 0.1391719
vt -3.699663 0.1411271
vt -3.68896 0.1353607
vt -3.692535 0.1353607
vt -3.687653 0.1321409
vt -3.683797 0.1321409
vt -3.685939 0.128522
vt -3.680256 0.128522
vt -3.680089 0.1263498
vt -3.681672 0.1263498
vt -3.683247 0.1263498
vt -3.683101 0.128522
vt -3.812558 0.6034872
vt -3.812086 0.6052626
vt -3.79939 0.6005998
vt -3.800316 0.5989962
vt -3.790306 0.5906399
vt -3.789004 0.5919362
vt -3.790306 0.5197059
vt -3.789004 0.5184096
vt -3.79939 0.5097459
vt -3.800316 0.5113495
vt -3.838677 0.5068585
vt -3.851845 0.5097459
vt -3.850919 0.5113495
vt -3.839149 0.5050831
vt -3.825617 0.5032354
vt -3.825617 0.5050735
vt -3.812558 0.5068585
vt -3.812086 0.5050831
vt -3.79939 0.5097459
vt -3.800316 0.5113495
vt -3.547976 0.8386308
vt -3.545073 0.8498132
vt -3.545073 0.841537
vt -3.547976 0.8295022
vt -3.545073 0.8300887
vt -3.547976 0.8212133
vt -3.544953 0.819321
vt -3.551441 0.8290846
vt -3.551441 0.822323
vt -3.555336 0.8289304
vt -3.555336 0.8241048
vt -3.551441 0.836362
vt -3.555336 0.8349206
vt -3.555336 0.8413634
vt -3.551441 0.8439691
vt -3.547976 0.8465806
vt -3.555336 0.8349206
vt -3.551441 0.8290846
vt -3.555336 0.8289304
vt -3.557675 0.8293053
vt -3.557675 0.8329302
vt -3.467756 0.2988833
vt -3.466686 0.2958933
vt -3.472374 0.2958933
vt -3.473202 0.2988833
vt -3.477574 0.2958933
vt -3.477574 0.2988833
vt -3.474526 0.3022439
vt -3.477574 0.3022439
vt -3.480621 0.3022439
vt -3.481945 0.2988833
vt -3.471901 0.293375
vt -3.465409 0.2932863
vt -3.482773 0.2958933
vt -3.487391 0.2988833
vt -3.488461 0.2958933
vt -3.489738 0.2932863
vt -3.483247 0.293375
vt -3.477574 0.2933896
vt -3.477574 0.2912322
vt -3.471804 0.2912516
vt -3.483344 0.2912503
vt -3.49017 0.2888587
vt -3.496253 0.2906347
vt -3.464978 0.2888587
vt -3.459371 0.2923542
vt -3.458868 0.2905386
vt -3.477574 0.2888587
vt -3.464594 0.2695874
vt -3.477574 0.2695875
vt -3.490553 0.2695873
vt -3.501956 0.2888587
vt -3.502705 0.2695872
vt -3.464212 0.2408343
vt -3.451697 0.2408345
vt -3.477574 0.2408345
vt -3.464036 0.2143393
vt -3.490935 0.2408345
vt -3.503451 0.2408345
vt -3.477574 0.2143393
vt -3.464003 0.1884301
vt -3.491112 0.2143393
vt -3.503796 0.2143393
vt -3.477574 0.1884299
vt -3.464316 0.1596645
vt -3.491145 0.1884302
vt -3.503861 0.18843
vt -3.477574 0.1596641
vt -3.464994 0.1302383
vt -3.477574 0.1302383
vt -3.490832 0.1596644
vt -3.503261 0.1596644
vt -3.490153 0.1302383
vt -3.501956 0.1302383
vt -3.884649 0.7422229
vt -3.878417 0.7435058
vt -3.883163 0.7393103
vt -3.881482 0.7453189
vt -3.876539 0.7480739
vt -3.886506 0.7422158
vt -3.880092 0.7484288
vt -3.886506 0.7452993
vt -3.891531 0.7453189
vt -3.888364 0.742223
vt -3.89292 0.7484288
vt -3.886506 0.7484013
vt -3.886506 0.751832
vt -3.892496 0.7518603
vt -3.880517 0.7518603
vt -3.886506 0.7566207
vt -3.890759 0.7566414
vt -3.886506 0.7591351
vt -3.888042 0.7591428
vt -3.882254 0.7566414
vt -3.884971 0.7591428
vt -3.879678 0.7598435
vt -3.877139 0.7537444
vt -3.864462 0.7505542
vt -3.869148 0.7491705
vt -3.86992 0.7600079
vt -3.866645 0.7484186
vt -3.866532 0.7423544
vt -3.873158 0.7389773
vt -3.894677 0.7623102
vt -3.889448 0.7656565
vt -3.888964 0.7629891
vt -3.893335 0.7598435
vt -3.890759 0.7566414
vt -3.892496 0.7518603
vt -3.888042 0.7591428
vt -3.523034 0.8342136
vt -3.523034 0.8402038
vt -3.519139 0.8400494
vt -3.525373 0.8398288
vt -3.525373 0.8362039
vt -3.894596 0.7435058
vt -3.88985 0.7393103
vt -3.891303 0.7383354
vt -3.888364 0.742223
vt -3.891531 0.7453189
vt -3.896473 0.7480739
vt -3.89292 0.7484288
vt -3.886506 0.7887359
vt -3.886506 0.7766321
vt -3.889704 0.7766321
vt -3.892446 0.7784486
vt -3.89539 0.7799144
vt -3.896988 0.7826841
vt -3.898587 0.7854537
vt -3.898385 0.7887359
vt -3.902338 0.7832885
vt -3.910632 0.7887359
vt -3.898587 0.7920181
vt -3.902338 0.7941832
vt -3.896988 0.7947876
vt -3.89539 0.7975574
vt -3.892446 0.7990232
vt -3.899139 0.7997226
vt -3.900739 0.7969528
vt -3.912067 0.79237
vt -3.905947 0.795944
vt -3.904223 0.7989648
vt -3.902469 0.8019682
vt -3.905023 0.8028227
vt -3.907964 0.7977283
vt -3.920372 0.7930378
vt -3.919679 0.7887359
vt -3.906507 0.800283
vt -3.908814 0.8016155
vt -3.907575 0.8037373
vt -3.911367 0.804862
vt -3.913477 0.7948728
vt -3.928577 0.7961085
vt -3.92945 0.7934859
vt -3.921232 0.7958439
vt -3.927807 0.7982321
vt -3.910032 0.799481
vt -3.912141 0.8035362
vt -3.912175 0.8084659
vt -3.914942 0.7972682
vt -3.921493 0.7981194
vt -3.926704 0.8004354
vt -3.912902 0.8022027
vt -3.916427 0.8011003
vt -3.914319 0.8047934
vt -3.915447 0.8123611
vt -3.921437 0.8019862
vt -3.918466 0.8071878
vt -3.918206 0.8144442
vt -3.92462 0.8033347
vt -3.921437 0.8089032
vt -3.924124 0.8104541
vt -3.921594 0.8147959
vt -3.926619 0.8060929
vt -3.929721 0.8043454
vt -3.926794 0.8119959
vt -3.925859 0.8136009
vt -3.927716 0.8103837
vt -3.921632 0.7591154
vt -3.921751 0.7559481
vt -3.927756 0.7593817
vt -3.927639 0.7611275
vt -3.415815 0.8120084
vt -3.419035 0.810581
vt -3.419035 0.8185781
vt -3.415815 0.8182614
vt -3.415815 0.8182614
vt -3.419035 0.8185781
vt -3.419035 0.8246377
vt -3.415815 0.8241556
vt -3.925859 0.7638708
vt -3.921632 0.7591154
vt -3.927639 0.7611275
vt -3.921594 0.7626758
vt -3.926794 0.7654759
vt -3.916737 0.7597734
vt -3.921751 0.7559481
vt -3.915381 0.7577161
vt -3.912126 0.763128
vt -3.918206 0.7630276
vt -3.924124 0.7670177
vt -3.926619 0.7713789
vt -3.927716 0.767088
vt -3.92462 0.7741371
vt -3.921437 0.7685686
vt -3.918466 0.770284
vt -3.921437 0.7754856
vt -3.915447 0.7651107
vt -3.908113 0.7683756
vt -3.912175 0.7690058
vt -3.914319 0.7726783
vt -3.916427 0.7763714
vt -3.912141 0.7739354
vt -3.911367 0.7726097
vt -3.912902 0.775269
vt -3.912175 0.7690058
vt -3.911367 0.7726097
vt -3.907575 0.7737343
vt -3.908113 0.7683756
vt -3.905306 0.7684472
vt -3.905023 0.774649
vt -3.910025 0.7622169
vt -3.912126 0.763128
vt -3.915381 0.7577161
vt -3.913927 0.755988
vt -3.907165 0.7615586
vt -3.903092 0.7600079
vt -3.898569 0.7678422
vt -3.902434 0.7684165
vt -3.902469 0.7755035
vt -3.899139 0.7777492
vt -3.928577 0.7813632
vt -3.919679 0.7887359
vt -3.920372 0.784434
vt -3.92945 0.7839858
vt -3.930595 0.7887359
vt -3.92945 0.7934859
vt -3.931353 0.7857776
vt -3.936661 0.7828431
vt -3.936273 0.7754164
vt -3.936632 0.7887359
vt -3.936661 0.7946287
vt -3.936273 0.8020553
vt -3.931353 0.7916942
vt -3.914942 0.7802036
vt -3.921232 0.7816279
vt -3.913477 0.7825989
vt -3.921493 0.7793523
vt -3.927807 0.7792397
vt -3.926704 0.7770364
vt -3.670326 0.128522
vt -3.674164 0.128522
vt -3.672711 0.1321409
vt -3.668164 0.1321409
vt -3.672228 0.1353607
vt -3.66608 0.1353607
vt -3.663506 0.138057
vt -3.671916 0.1381683
vt -3.664765 0.1410237
vt -3.664628 0.1391719
vt -3.658844 0.1416854
vt -3.658844 0.1397481
vt -3.658844 0.1429362
vt -3.645516 0.1429362
vt -3.652916 0.1411271
vt -3.653061 0.1391719
vt -3.645772 0.1381683
vt -3.658844 0.1636892
vt -3.672585 0.1636892
vt -3.672995 0.1946525
vt -3.686436 0.1946525
vt -3.685641 0.1636889
vt -3.697917 0.1946527
vt -3.696794 0.163689
vt -3.698436 0.2231847
vt -3.686804 0.2231847
vt -3.698534 0.2510858
vt -3.686874 0.2510859
vt -3.697625 0.2820628
vt -3.673185 0.2231847
vt -3.658844 0.1946525
vt -3.686234 0.2820633
vt -3.695649 0.3137513
vt -3.684843 0.3137513
vt -3.673222 0.2510857
vt -3.672896 0.2820629
vt -3.672186 0.3137513
vt -3.658844 0.2231847
vt -3.645103 0.163689
vt -3.658844 0.2510858
vt -3.658844 0.2820629
vt -3.644693 0.1946527
vt -3.644504 0.2231847
vt -3.632047 0.1636889
vt -3.658844 0.3137513
vt -3.671706 0.3159346
vt -3.658844 0.3159346
vt -3.645982 0.3159346
vt -3.644467 0.2510858
vt -3.631253 0.1946525
vt -3.644793 0.2820628
vt -3.645503 0.3137513
vt -3.630885 0.2231847
vt -3.632846 0.3137513
vt -3.633766 0.3159346
vt -3.623337 0.3159346
vt -3.622039 0.3137513
vt -3.620064 0.2820629
vt -3.631454 0.2820633
vt -3.619154 0.2510857
vt -3.630815 0.2510859
vt -3.619253 0.2231847
vt -3.619772 0.1946525
vt -3.620894 0.1636892
vt -3.611969 0.1636892
vt -3.610578 0.1946525
vt -3.613366 0.1429362
vt -3.622022 0.1429362
vt -3.632846 0.1429362
vt -3.638552 0.1403594
vt -3.632977 0.1403802
vt -3.63858 0.1380727
vt -3.62779 0.1403608
vt -3.623083 0.1381683
vt -3.618083 0.1410237
vt -3.619109 0.1391719
vt -3.627998 0.1380727
vt -3.633095 0.138057
vt -3.63329 0.1353607
vt -3.628728 0.1353607
vt -3.625153 0.1353607
vt -3.630036 0.1321409
vt -3.638426 0.1353607
vt -3.633891 0.1321409
vt -3.631749 0.128522
vt -3.64546 0.1353607
vt -3.654183 0.138057
vt -3.651609 0.1353607
vt -3.649525 0.1321409
vt -3.644978 0.1321409
vt -3.647362 0.128522
vt -3.643525 0.128522
vt -3.63819 0.1321409
vt -3.637433 0.128522
vt -3.634587 0.128522
vt -3.636017 0.1263498
vt -3.634442 0.1263498
vt -3.637599 0.1263498
vt -3.908551 0.7505542
vt -3.903092 0.7600079
vt -3.903865 0.7491705
vt -3.906368 0.7484186
vt -3.90648 0.7423544
vt -3.908551 0.7505542
vt -3.90648 0.7423544
vt -3.911569 0.7453255
vt -3.916687 0.7482472
vt -3.911491 0.7513769
vt -3.912092 0.7539205
vt -3.903092 0.7600079
vt -3.922925 0.7522968
vt -3.913927 0.755988
vt -3.922074 0.7544063
vt -3.917495 0.7471434
vt -3.916687 0.7482472
vt -3.911569 0.7453255
vt -3.912477 0.7437527
vt -3.923851 0.7512158
vt -3.90648 0.7423544
vt -3.913261 0.7423955
vt -3.907003 0.7411691
vt -3.900327 0.7376345
vt -3.637599 0.1263498
vt -3.64181 0.1263498
vt -3.643525 0.128522
vt -3.637433 0.128522
vt -3.907165 0.8159131
vt -3.898569 0.8096294
vt -3.902434 0.8090553
vt -3.905306 0.8090246
vt -3.910025 0.8152547
vt -3.908113 0.809096
vt -3.912126 0.8143437
vt -3.913927 0.8214838
vt -3.903092 0.8174639
vt -3.912092 0.8235512
vt -3.922074 0.8230654
vt -3.922925 0.8251749
vt -3.915381 0.8197556
vt -3.916737 0.8176983
vt -3.921751 0.8215235
vt -3.918206 0.8144442
vt -3.915447 0.8123611
vt -3.921594 0.8147959
vt -3.921632 0.8183563
vt -3.927756 0.8180901
vt -3.925859 0.8136009
vt -3.927639 0.8163443
vt -3.902434 0.8090553
vt -3.898569 0.8096294
vt -3.899139 0.7997226
vt -3.902469 0.8019682
vt -3.905023 0.8028227
vt -3.900739 0.7969528
vt -3.89539 0.7975574
vt -3.896988 0.7947876
vt -3.905306 0.8090246
vt -3.907575 0.8037373
vt -3.908113 0.809096
vt -3.912175 0.8084659
vt -3.911367 0.804862
vt -3.915447 0.8123611
vt -3.912126 0.8143437
vt -3.404679 0.8120084
vt -3.404679 0.8182614
vt -3.401458 0.8185782
vt -3.401458 0.810581
vt -3.404679 0.8182614
vt -3.404679 0.8241557
vt -3.401458 0.8246377
vt -3.401458 0.8185782
vt -3.899139 0.7997226
vt -3.898569 0.8096294
vt -3.892446 0.7990232
vt -3.889704 0.8051698
vt -3.89614 0.8126894
vt -3.889704 0.8008396
vt -3.886506 0.7887359
vt -3.886506 0.8008396
vt -3.886506 0.8051698
vt -3.883308 0.8008396
vt -3.883308 0.8051698
vt -3.880567 0.7990232
vt -3.874444 0.8096294
vt -3.873873 0.7997226
vt -3.870579 0.8090553
vt -3.870543 0.8019682
vt -3.86799 0.8028227
vt -3.865848 0.8159131
vt -3.86992 0.8174639
vt -3.867706 0.8090246
vt -3.865438 0.8037373
vt -3.859086 0.8214838
vt -3.862988 0.8152547
vt -3.857632 0.8197556
vt -3.860921 0.8235512
vt -3.864462 0.8269175
vt -3.864899 0.809096
vt -3.860887 0.8143437
vt -3.856276 0.8176983
vt -3.854806 0.8144442
vt -3.857566 0.8123611
vt -3.860838 0.8084659
vt -3.861646 0.804862
vt -3.861521 0.8260949
vt -3.856326 0.8292245
vt -3.861444 0.8321462
vt -3.850088 0.8251749
vt -3.483371 0.8212135
vt -3.480469 0.8300887
vt -3.480349 0.8193212
vt -3.483371 0.8295022
vt -3.480469 0.841537
vt -3.486837 0.8290848
vt -3.486837 0.8223231
vt -3.483371 0.8386307
vt -3.480469 0.8498129
vt -3.483371 0.8465805
vt -3.486837 0.843969
vt -3.486837 0.8363621
vt -3.490732 0.8413633
vt -3.490732 0.8349206
vt -3.490732 0.8289305
vt -3.490732 0.824105
vt -3.49307 0.8293054
vt -3.49307 0.8329303
vt -3.89614 0.8126894
vt -3.889985 0.8091763
vt -3.889704 0.8051698
vt -3.889448 0.8118153
vt -3.894677 0.8151616
vt -3.888964 0.8144826
vt -3.893335 0.8176283
vt -3.890759 0.8208303
vt -3.892496 0.8256114
vt -3.895874 0.8237273
vt -3.888042 0.818329
vt -3.886506 0.8144951
vt -3.886506 0.8183367
vt -3.884971 0.818329
vt -3.882254 0.8208303
vt -3.886506 0.820851
vt -3.880517 0.8256114
vt -3.886506 0.8256397
vt -3.89292 0.829043
vt -3.880092 0.829043
vt -3.886506 0.8290703
vt -3.886506 0.8321724
vt -3.881482 0.8321529
vt -3.891531 0.8321529
vt -3.896473 0.8293978
vt -3.894596 0.8339659
vt -3.886506 0.8352559
vt -3.884649 0.8352488
vt -3.888364 0.8352488
vt -3.88985 0.8381616
vt -3.894596 0.8339659
vt -3.897279 0.8356526
vt -3.891303 0.8391364
vt -3.88985 0.8381616
vt -3.886506 0.8352559
vt -3.888364 0.8352488
vt -3.886506 0.8381691
vt -3.883163 0.8381616
vt -3.884649 0.8352488
vt -3.878417 0.8339659
vt -3.88171 0.8391364
vt -3.875734 0.8356526
vt -3.881482 0.8321529
vt -3.876539 0.8293978
vt -3.880092 0.829043
vt -3.889448 0.8118153
vt -3.888964 0.8144826
vt -3.886506 0.8144951
vt -3.886506 0.8118302
vt -3.886506 0.8091938
vt -3.889985 0.8091763
vt -3.883565 0.8118153
vt -3.886506 0.8051698
vt -3.889704 0.8051698
vt -3.889704 0.8008396
vt -3.883028 0.8091763
vt -3.883308 0.8051698
vt -3.876873 0.8126894
vt -3.874444 0.8096294
vt -3.878336 0.8151615
vt -3.884049 0.8144826
vt -3.884971 0.818329
vt -3.882254 0.8208303
vt -3.879678 0.8176283
vt -3.880517 0.8256114
vt -3.877139 0.8237273
vt -3.90648 0.8351173
vt -3.899855 0.8384943
vt -3.903865 0.8283013
vt -3.906368 0.8290531
vt -3.908551 0.8269175
vt -3.911569 0.8321462
vt -3.903092 0.8174639
vt -3.916687 0.8292245
vt -3.912092 0.8235512
vt -3.922925 0.8251749
vt -3.911491 0.8260949
vt -3.451069 0.8387367
vt -3.448166 0.8381501
vt -3.448166 0.8267009
vt -3.451069 0.8296074
vt -3.448166 0.8184242
vt -3.451069 0.821657
vt -3.454535 0.8242686
vt -3.454535 0.8318764
vt -3.458431 0.8268746
vt -3.454535 0.8391543
vt -3.458431 0.8333179
vt -3.458431 0.8393086
vt -3.460769 0.8389336
vt -3.460769 0.8353084
vt -3.451069 0.8470263
vt -3.448046 0.8489187
vt -3.448166 0.8381501
vt -3.451069 0.8387367
vt -3.454535 0.8391543
vt -3.454535 0.8459165
vt -3.458431 0.8393086
vt -3.458431 0.8441346
vt -3.907032 0.8363689
vt -3.90648 0.8351173
vt -3.911569 0.8321462
vt -3.912477 0.8337189
vt -3.900327 0.8398372
vt -3.913261 0.8350762
vt -3.917452 0.8302698
vt -3.355577 0.1436236
vt -3.361184 0.140128
vt -3.361687 0.1419436
vt -3.355146 0.1391961
vt -3.348751 0.1412307
vt -3.348655 0.1391073
vt -3.348181 0.1365889
vt -3.342981 0.1365889
vt -3.353869 0.1365889
vt -3.352799 0.133599
vt -3.347353 0.133599
vt -3.342981 0.133599
vt -3.346029 0.1302384
vt -3.342981 0.1302384
vt -3.339934 0.1302384
vt -3.33861 0.133599
vt -3.337782 0.1365889
vt -3.333164 0.133599
vt -3.332094 0.1365889
vt -3.330817 0.1391961
vt -3.337308 0.1391073
vt -3.342981 0.1390927
vt -3.342981 0.1412501
vt -3.337211 0.141232
vt -3.342981 0.1436236
vt -3.330386 0.1436236
vt -3.324302 0.1418476
vt -3.324779 0.140128
vt -3.355961 0.1628948
vt -3.342981 0.1628947
vt -3.368113 0.162895
vt -3.367364 0.1436236
vt -3.368858 0.1916477
vt -3.356343 0.1916479
vt -3.369203 0.2181429
vt -3.330002 0.1628949
vt -3.318599 0.1436236
vt -3.31785 0.162895
vt -3.342981 0.1916477
vt -3.356519 0.2181429
vt -3.369269 0.2440521
vt -3.32962 0.1916477
vt -3.317104 0.1916477
vt -3.342981 0.2181429
vt -3.356552 0.2440521
vt -3.368669 0.2728177
vt -3.329443 0.2181429
vt -3.31676 0.2181429
vt -3.35624 0.2728176
vt -3.367364 0.3022438
vt -3.355561 0.3022438
vt -3.342981 0.2440522
vt -3.329411 0.244052
vt -3.316694 0.2440521
vt -3.342981 0.2728181
vt -3.342981 0.3022438
vt -3.329723 0.2728178
vt -3.317294 0.2728177
vt -3.330402 0.3022438
vt -3.318599 0.3022438
vt -3.917049 0.1353608
vt -3.920624 0.1353608
vt -3.922695 0.1381683
vt -3.917779 0.1380727
vt -3.912487 0.1353608
vt -3.915742 0.1321409
vt -3.917988 0.1403594
vt -3.912801 0.1403802
vt -3.923756 0.1429362
vt -3.926669 0.139172
vt -3.927752 0.1411272
vt -3.912931 0.1429362
vt -3.900262 0.1429362
vt -3.91373 0.1636889
vt -3.900674 0.1636892
vt -3.924883 0.163689
vt -3.914525 0.1946525
vt -3.901084 0.1946525
vt -3.933809 0.1636893
vt -3.932412 0.1429362
vt -3.935199 0.1946525
vt -3.926006 0.1946527
vt -3.935843 0.2231847
vt -3.926525 0.2231847
vt -3.935965 0.2510858
vt -3.914893 0.2231847
vt -3.901274 0.2231847
vt -3.926623 0.2510858
vt -3.934846 0.2820629
vt -3.914963 0.2510859
vt -3.90131 0.2510857
vt -3.925714 0.2820628
vt -3.932412 0.3137512
vt -3.914323 0.2820633
vt -3.923738 0.3137512
vt -3.912931 0.3137512
vt -3.856276 0.8176983
vt -3.857632 0.8197556
vt -3.851262 0.8215235
vt -3.851381 0.8183563
vt -3.845257 0.8180901
vt -3.845374 0.8163443
vt -3.847154 0.8136009
vt -3.851418 0.8147959
vt -3.854806 0.8144442
vt -3.390322 0.8232102
vt -3.387102 0.8166404
vt -3.390322 0.8169572
vt -3.387102 0.810581
vt -3.390322 0.8110629
vt -3.909761 0.1263499
vt -3.911336 0.1263499
vt -3.914028 0.128522
vt -3.91119 0.128522
vt -3.911886 0.1321409
vt -3.908345 0.128522
vt -3.908179 0.1263499
vt -3.907588 0.1321409
vt -3.85807 0.7972682
vt -3.851781 0.7958439
vt -3.859536 0.7948728
vt -3.851519 0.7981194
vt -3.845205 0.7982321
vt -3.846309 0.8004354
vt -3.846394 0.8060929
vt -3.843291 0.8043454
vt -3.846309 0.8004354
vt -3.848392 0.8033347
vt -3.864462 0.8269175
vt -3.86992 0.8174639
vt -3.869148 0.8283013
vt -3.866645 0.8290531
vt -3.866532 0.8351173
vt -3.861444 0.8321462
vt -3.873158 0.8384943
vt -3.855518 0.8303284
vt -3.856326 0.8292245
vt -3.861444 0.8321462
vt -3.860535 0.8337189
vt -3.849162 0.826256
vt -3.866532 0.8351173
vt -3.859752 0.8350762
vt -3.86601 0.8363026
vt -3.872685 0.8398372
vt -3.452442 0.2695872
vt -3.464978 0.2888587
vt -3.453191 0.2888587
vt -3.464594 0.2695874
vt -3.451697 0.2408345
vt -3.464212 0.2408343
vt -3.451352 0.2143393
vt -3.464036 0.2143393
vt -3.451286 0.18843
vt -3.464003 0.1884301
vt -3.451886 0.1596644
vt -3.464316 0.1596645
vt -3.453191 0.1302383
vt -3.464994 0.1302383
vt -3.622039 0.3137513
vt -3.613366 0.3137513
vt -3.610931 0.2820629
vt -3.620064 0.2820629
vt -3.609812 0.2510858
vt -3.619154 0.2510857
vt -3.609935 0.2231847
vt -3.619253 0.2231847
vt -3.610578 0.1946525
vt -3.619772 0.1946525
vt -3.187723 0.1106237
vt -3.19833 0.1106237
vt -3.199344 0.1123961
vt -3.188274 0.1123962
vt -3.19983 0.122685
vt -3.188523 0.1226855
vt -3.176664 0.1123961
vt -3.209478 0.1226853
vt -3.208789 0.1123961
vt -3.217246 0.1226855
vt -3.216394 0.1123961
vt -3.218829 0.153606
vt -3.210758 0.1536062
vt -3.219391 0.1821035
vt -3.200734 0.153606
vt -3.211212 0.1821035
vt -3.219498 0.2099803
vt -3.176664 0.1226855
vt -3.165055 0.1123961
vt -3.188985 0.153606
vt -3.211299 0.2099803
vt -3.21852 0.2409322
vt -3.201055 0.1821035
vt -3.164806 0.1226853
vt -3.153985 0.1123961
vt -3.153498 0.122685
vt -3.210508 0.2409322
vt -3.216394 0.2725788
vt -3.176664 0.153606
vt -3.164343 0.1536062
vt -3.152595 0.153606
vt -3.201116 0.2099804
vt -3.18915 0.1821035
vt -3.176664 0.1821035
vt -3.164179 0.1821035
vt -3.189181 0.2099802
vt -3.200557 0.2409325
vt -3.176664 0.2099803
vt -3.152274 0.1821035
vt -3.14257 0.153606
vt -3.142117 0.1821035
vt -3.152213 0.2099804
vt -3.164148 0.2099803
vt -3.188895 0.2409323
vt -3.208789 0.2725788
vt -3.164433 0.2409322
vt -3.152771 0.2409325
vt -3.176664 0.2409322
vt -3.199344 0.2725788
vt -3.209795 0.27476
vt -3.21764 0.27476
vt -3.200058 0.27476
vt -3.188647 0.27476
vt -3.188274 0.2725788
vt -3.176664 0.2725788
vt -3.176664 0.27476
vt -3.164682 0.27476
vt -3.165055 0.2725788
vt -3.153985 0.2725788
vt -3.142821 0.2409323
vt -3.153271 0.27476
vt -3.143534 0.27476
vt -3.14454 0.2725788
vt -3.176664 0.1106237
vt -3.187723 0.1106237
vt -3.188274 0.1123962
vt -3.176664 0.1123961
vt -3.165605 0.1106237
vt -3.165055 0.1123961
vt -3.154999 0.1106237
vt -3.153985 0.1123961
vt -3.145957 0.1106237
vt -3.14454 0.1123962
vt -3.136935 0.1123961
vt -3.143851 0.1226855
vt -3.136082 0.1226855
vt -3.698304 0.8766773
vt -3.691361 0.8683923
vt -3.699639 0.8753761
vt -3.690453 0.8699646
vt -3.670297 0.9048755
vt -3.704757 0.8849802
vt -3.708721 0.8947199
vt -3.710609 0.9048755
vt -3.708721 0.9150311
vt -3.704757 0.9247707
vt -3.698304 0.9330737
vt -3.690453 0.9397866
vt -3.680714 0.8665218
vt -3.681174 0.8647152
vt -3.699639 0.9343749
vt -3.670297 0.8632231
vt -3.691361 0.9413587
vt -3.670297 0.865085
vt -3.659421 0.8647152
vt -3.680714 0.9432293
vt -3.681174 0.9450359
vt -3.65988 0.8665218
vt -3.649234 0.8683923
vt -3.670297 0.944666
vt -3.670297 0.946528
vt -3.650141 0.8699646
vt -3.640956 0.8753761
vt -3.642291 0.8766773
vt -3.635838 0.8849803
vt -3.631874 0.8947199
vt -3.629986 0.9048755
vt -3.631874 0.9150311
vt -3.635838 0.9247707
vt -3.642291 0.9330737
vt -3.65988 0.9432293
vt -3.659421 0.9450359
vt -3.650141 0.9397866
vt -3.649234 0.9413587
vt -3.640956 0.934375
vt -3.19833 0.1106237
vt -3.207372 0.1106237
vt -3.208789 0.1123961
vt -3.199344 0.1123961
vt -3.344601 0.5311668
vt -3.352629 0.5329391
vt -3.343184 0.5329391
vt -3.353642 0.5311668
vt -3.363698 0.5329391
vt -3.364249 0.5311668
vt -3.375308 0.5329391
vt -3.375308 0.5311668
vt -3.143534 0.27476
vt -3.135688 0.27476
vt -3.136935 0.2725788
vt -3.14454 0.2725788
vt -3.134809 0.2409322
vt -3.142821 0.2409323
vt -3.153985 0.2725788
vt -3.13383 0.2099803
vt -3.14203 0.2099802
vt -3.152771 0.2409325
vt -3.152213 0.2099804
vt -3.133937 0.1821035
vt -3.142117 0.1821035
vt -3.134499 0.153606
vt -3.14257 0.153606
vt -3.136082 0.1226855
vt -3.143851 0.1226855
vt -3.152595 0.153606
vt -3.153498 0.122685
vt -3.14454 0.1123962
vt -3.153985 0.1123961
vt -3.813519 0.5998718
vt -3.802177 0.5957727
vt -3.80289 0.594538
vt -3.813882 0.5985055
vt -3.813519 0.5998718
vt -3.813882 0.5985055
vt -3.825617 0.6001154
vt -3.825617 0.6015297
vt -3.837715 0.5998718
vt -3.837353 0.5985055
vt -3.848345 0.594538
vt -3.849058 0.5957727
vt -3.408439 0.6953027
vt -3.415038 0.6931217
vt -3.416284 0.6953027
vt -3.407432 0.6931217
vt -3.397987 0.6931217
vt -3.398701 0.6953027
vt -3.38729 0.6953027
vt -3.409151 0.661475
vt -3.417163 0.661475
vt -3.399201 0.6614754
vt -3.409942 0.6305231
vt -3.418142 0.6305231
vt -3.399759 0.6305231
vt -3.409856 0.6026464
vt -3.418035 0.6026464
vt -3.399698 0.6026464
vt -3.409402 0.5741492
vt -3.417473 0.574149
vt -3.399378 0.574149
vt -3.408121 0.5432283
vt -3.41589 0.5432285
vt -3.398474 0.543228
vt -3.407432 0.5329391
vt -3.415038 0.5329391
vt -3.397987 0.5329391
vt -3.396974 0.5311668
vt -3.386367 0.5311668
vt -3.386918 0.5329391
vt -3.375308 0.5311668
vt -3.375308 0.5329391
vt -3.387167 0.5432285
vt -3.387629 0.574149
vt -3.375308 0.5432285
vt -3.363698 0.5329391
vt -3.387793 0.6026464
vt -3.36345 0.5432283
vt -3.352629 0.5329391
vt -3.375308 0.574149
vt -3.362987 0.5741492
vt -3.375308 0.6026464
vt -3.362823 0.6026464
vt -3.375308 0.6305231
vt -3.387825 0.630523
vt -3.387539 0.6614751
vt -3.386918 0.6931217
vt -3.375308 0.6931217
vt -3.375308 0.6953027
vt -3.363326 0.6953027
vt -3.363698 0.6931217
vt -3.352629 0.6931217
vt -3.351915 0.6953027
vt -3.342177 0.6953027
vt -3.334332 0.6953027
vt -3.335578 0.6931217
vt -3.343184 0.6931217
vt -3.333452 0.661475
vt -3.352629 0.6931217
vt -3.351915 0.6953027
vt -3.341465 0.6614751
vt -3.332474 0.6305231
vt -3.351415 0.6614754
vt -3.363698 0.6931217
vt -3.340673 0.630523
vt -3.332581 0.6026464
vt -3.363077 0.661475
vt -3.375308 0.6931217
vt -3.350857 0.6305231
vt -3.34076 0.6026464
vt -3.333143 0.574149
vt -3.375308 0.661475
vt -3.386918 0.6931217
vt -3.387539 0.6614751
vt -3.375308 0.6305231
vt -3.362792 0.6305231
vt -3.362823 0.6026464
vt -3.350918 0.6026464
vt -3.341214 0.574149
vt -3.334726 0.5432285
vt -3.351238 0.574149
vt -3.362987 0.5741492
vt -3.342494 0.5432285
vt -3.335578 0.5329391
vt -3.343184 0.5329391
vt -3.352142 0.543228
vt -3.36345 0.5432283
vt -3.352629 0.5329391
vt -3.837715 0.5104739
vt -3.849058 0.514573
vt -3.848345 0.5158077
vt -3.837353 0.5118402
vt -3.825617 0.5102304
vt -3.825617 0.508816
vt -3.813519 0.5104739
vt -3.813882 0.5118402
vt -3.80289 0.5158077
vt -3.802177 0.514573
vt -3.544394 0.5538106
vt -3.554909 0.5538109
vt -3.555757 0.5825036
vt -3.544832 0.5825037
vt -3.556058 0.6089478
vt -3.544987 0.6089478
vt -3.556116 0.6348161
vt -3.545017 0.6348161
vt -3.555591 0.663538
vt -3.533167 0.5538104
vt -3.533167 0.5825035
vt -3.533167 0.5442628
vt -3.544158 0.5442628
vt -3.522176 0.5442628
vt -3.52194 0.5538109
vt -3.521502 0.5825036
vt -3.533167 0.6089478
vt -3.521347 0.6089478
vt -3.533167 0.6348162
vt -3.544746 0.663538
vt -3.533167 0.6635383
vt -3.544158 0.6929046
vt -3.554452 0.6929046
vt -3.533167 0.6929046
vt -3.510743 0.663538
vt -3.522176 0.6929046
vt -3.511882 0.6929046
vt -3.521588 0.663538
vt -3.533167 0.6929046
vt -3.510219 0.6348161
vt -3.533167 0.6635383
vt -3.521317 0.6348161
vt -3.533167 0.6348162
vt -3.510276 0.6089478
vt -3.521347 0.6089478
vt -3.510577 0.5825036
vt -3.521502 0.5825036
vt -3.511425 0.5538109
vt -3.52194 0.5538109
vt -3.511882 0.5442628
vt -3.522176 0.5442628
vt -3.672666 0.5736294
vt -3.661233 0.5442628
vt -3.671527 0.5442628
vt -3.661821 0.5736293
vt -3.67319 0.6023512
vt -3.650242 0.5442628
vt -3.662092 0.6023514
vt -3.673133 0.6282195
vt -3.650242 0.5736291
vt -3.639251 0.5442628
vt -3.662062 0.6282195
vt -3.672832 0.6546637
vt -3.650242 0.6023512
vt -3.638663 0.5736294
vt -3.628957 0.5442628
vt -3.627818 0.5736294
vt -3.638392 0.6023512
vt -3.627294 0.6023512
vt -3.661906 0.6546637
vt -3.671984 0.6833565
vt -3.650242 0.6282195
vt -3.638422 0.6282195
vt -3.627351 0.6282195
vt -3.661469 0.6833565
vt -3.671527 0.6929046
vt -3.650242 0.6546638
vt -3.650242 0.683357
vt -3.638577 0.6546636
vt -3.627652 0.6546637
vt -3.639015 0.6833567
vt -3.6285 0.6833565
vt -3.650242 0.6929046
vt -3.661233 0.6929045
vt -3.639251 0.6929046
vt -3.628957 0.6929046
vt -3.661233 0.6929045
vt -3.650242 0.683357
vt -3.661469 0.6833565
vt -3.671527 0.6929046
vt -3.544158 0.5442628
vt -3.554452 0.5442628
vt -3.554909 0.5538109
vt -3.544394 0.5538106
vt -3.872387 0.5427588
vt -3.869005 0.5301232
vt -3.873989 0.5423255
vt -3.87622 0.5551729
vt -3.867568 0.530953
vt -3.859753 0.5208762
vt -3.860929 0.5197059
vt -3.850919 0.5113495
vt -3.874573 0.5551729
vt -3.870377 0.5433005
vt -3.865764 0.5319945
vt -3.872498 0.5551729
vt -3.858279 0.5223463
vt -3.870377 0.5670453
vt -3.872387 0.567587
vt -3.873989 0.5680202
vt -3.869005 0.5802225
vt -3.850095 0.5127758
vt -3.849058 0.514573
vt -3.837715 0.5104739
vt -3.867568 0.5793927
vt -3.865764 0.5783513
vt -3.858279 0.5879995
vt -3.838251 0.5084621
vt -3.838677 0.5068585
vt -3.825617 0.5050735
vt -3.859753 0.5894696
vt -3.860929 0.5906399
vt -3.850919 0.5989962
vt -3.825617 0.5067331
vt -3.825617 0.508816
vt -3.813519 0.5104739
vt -3.850095 0.5975699
vt -3.849058 0.5957727
vt -3.837715 0.5998718
vt -3.812984 0.5084621
vt -3.812558 0.5068585
vt -3.800316 0.5113495
vt -3.838251 0.6018837
vt -3.838677 0.6034872
vt -3.825617 0.6052722
vt -3.801139 0.5127759
vt -3.802177 0.514573
vt -3.792956 0.5223463
vt -3.825617 0.6036127
vt -3.825617 0.6015297
vt -3.813519 0.5998718
vt -3.791481 0.5208762
vt -3.790306 0.5197059
vt -3.78223 0.5301232
vt -3.812984 0.6018837
vt -3.812558 0.6034872
vt -3.800316 0.5989962
vt -3.783667 0.530953
vt -3.785471 0.5319945
vt -3.780858 0.5433005
vt -3.801139 0.5975699
vt -3.802177 0.5957727
vt -3.792956 0.5879995
vt -3.778848 0.5427588
vt -3.777246 0.5423255
vt -3.775014 0.5551729
vt -3.791481 0.5894696
vt -3.790306 0.5906399
vt -3.78223 0.5802225
vt -3.776661 0.5551729
vt -3.778737 0.5551729
vt -3.780858 0.5670453
vt -3.783667 0.5793927
vt -3.785471 0.5783513
vt -3.778848 0.567587
vt -3.777246 0.5680202
vt -3.515673 0.8305034
vt -3.512771 0.8275971
vt -3.512771 0.8193212
vt -3.515673 0.8225536
vt -3.519139 0.8251652
vt -3.515673 0.8396319
vt -3.512771 0.8390453
vt -3.515673 0.8479205
vt -3.519139 0.8400494
vt -3.519139 0.8327722
vt -3.523034 0.8277708
vt -3.523034 0.8342136
vt 0.09020601 2.089116
vt 0.1298203 2.041847
vt 0.08259043 2.081692
vt 0.9579893 2.997137
vt 1.00003 2.997137
vt 1.00003 2.991982
vt 0.9580145 2.991982
vt 0.9166969 2.991982
vt 0.9166969 2.997137
vt 0.8754045 2.997137
vt 0.9166969 2.985672
vt 0.9580384 2.985672
vt 0.8753793 2.991982
vt 0.8333635 2.991982
vt 0.8333635 2.997137
vt 0.7913226 2.997137
vt 0.7913479 2.991982
vt 0.7500302 2.991982
vt 0.7500302 2.997137
vt 0.7087377 2.997137
vt 0.7087126 2.991982
vt 0.6666969 2.991982
vt 0.6666969 2.997137
vt 0.624656 2.997137
vt 0.6666969 2.985672
vt 0.7086886 2.985672
vt 0.6246811 2.991982
vt 0.6247051 2.985672
vt 0.5833635 2.985672
vt 0.5833635 2.991982
vt 0.5833635 2.997137
vt 0.5420711 2.997137
vt 0.542046 2.991982
vt 0.5420219 2.985672
vt 0.5000302 2.991982
vt 0.5000302 2.997137
vt 0.4579893 2.997137
vt 0.4580145 2.991982
vt 0.4166968 2.991982
vt 0.4166969 2.997137
vt 0.3754044 2.997137
vt 0.3753793 2.991982
vt 0.3333635 2.991982
vt 0.3333635 2.997137
vt 0.2913226 2.997137
vt 0.2913478 2.991982
vt 0.2500302 2.991982
vt 0.2500302 2.997137
vt 0.2087378 2.997137
vt 0.2087126 2.991982
vt 0.1666969 2.991982
vt 0.1666968 2.997137
vt 0.124656 2.997137
vt 0.1246811 2.991982
vt 0.08336353 2.991982
vt 0.08336353 2.997137
vt 0.04207107 2.997137
vt 0.04204592 2.991982
vt 3.018975E-05 2.991982
vt 3.018975E-05 2.997137
vt 0.1246811 2.991982
vt 0.08336353 2.985672
vt 0.08336353 2.991982
vt 0.1247051 2.985672
vt 0.1666969 2.985672
vt 0.1666969 2.991982
vt 0.2087126 2.991982
vt 0.1246901 2.902103
vt 0.08336353 2.902104
vt 0.1246816 2.812574
vt 0.1666968 2.902105
vt 0.1666968 2.812574
vt 0.1666968 2.731934
vt 0.2086886 2.985672
vt 0.2087036 2.902104
vt 0.2087121 2.812574
vt 0.2500302 2.985672
vt 0.2500302 2.991982
vt 0.2913478 2.991982
vt 0.2500302 2.902104
vt 0.2087152 2.731934
vt 0.2500302 2.812574
vt 0.2500302 2.731934
vt 0.2913718 2.985672
vt 0.2913568 2.902103
vt 0.2913482 2.812574
vt 0.3333635 2.985672
vt 0.3333635 2.991982
vt 0.3753793 2.991982
vt 0.3753552 2.985672
vt 0.3753703 2.902104
vt 0.3333635 2.902105
vt 0.3333635 2.812574
vt 0.2913451 2.731934
vt 0.3333635 2.731934
vt 0.3753819 2.731934
vt 0.375385 2.649471
vt 0.4166968 2.649471
vt 0.291342 2.649471
vt 0.3333635 2.649471
vt 0.2500302 2.649471
vt 0.3333635 2.559979
vt 0.3753937 2.55998
vt 0.2913333 2.55998
vt 0.2087184 2.649471
vt 0.2500302 2.55998
vt 0.1666969 2.649471
vt 0.1246785 2.731934
vt 0.2913234 2.5
vt 0.3333635 2.5
vt 0.3754036 2.5
vt 0.4166968 2.5
vt 0.4166968 2.55998
vt 0.2500302 2.5
vt 0.2087271 2.55998
vt 0.208737 2.5
vt 0.1666968 2.559979
vt 0.1666968 2.5
vt 0.1246754 2.649471
vt 0.08336353 2.731934
vt 0.08336353 2.649471
vt 0.04204857 2.731934
vt 0.0420517 2.649471
vt 0.1246666 2.55998
vt 0.1246567 2.5
vt 0.08336353 2.55998
vt 0.08336353 2.5
vt 0.9580145 2.991982
vt 1.00003 2.991982
vt 1.00003 2.985672
vt 0.9580384 2.985672
vt 1.00003 2.902105
vt 0.9580234 2.902103
vt 1.00003 2.812574
vt 0.9166969 2.985672
vt 0.958015 2.812574
vt 1.00003 2.731934
vt 0.9166969 2.902104
vt 0.9580119 2.731934
vt 1.00003 2.649471
vt 0.8753552 2.985672
vt 0.8753793 2.991982
vt 0.9166969 2.812574
vt 0.9580088 2.649471
vt 1.00003 2.559979
vt 0.8333635 2.985672
vt 0.8333635 2.991982
vt 0.7913479 2.991982
vt 0.8753703 2.902104
vt 0.8333635 2.902105
vt 0.8753788 2.812574
vt 0.9166969 2.731934
vt 0.8753819 2.731934
vt 0.9166969 2.649471
vt 0.875385 2.649471
vt 0.9166969 2.55998
vt 0.9579999 2.55998
vt 1.00003 2.5
vt 0.9579901 2.5
vt 0.9166969 2.5
vt 0.04204592 2.991982
vt 0.08336353 2.991982
vt 0.08336353 2.985672
vt 0.04202193 2.985672
vt 0.08336353 2.902104
vt 3.018975E-05 2.985672
vt 3.018975E-05 2.991982
vt 0.04203695 2.902104
vt 3.018975E-05 2.902105
vt 0.08336353 2.812574
vt 0.1246816 2.812574
vt 0.04204547 2.812574
vt 3.018975E-05 2.812574
vt 0.1246785 2.731934
vt 0.1666968 2.731934
vt 0.08336353 2.731934
vt 0.04204857 2.731934
vt 3.018975E-05 2.731934
vt 0.0420517 2.649471
vt 3.018975E-05 2.649471
vt 0.04206043 2.55998
vt 3.018975E-05 2.559979
vt 0.04207033 2.5
vt 3.018975E-05 2.5
vt 0.08336353 2.5
vt 0.08336353 2.55998
vt 0.08336353 2.649471
vt 0.1246666 2.55998
vt 0.1246754 2.649471
vt 0.5833635 2.55998
vt 0.6246567 2.5
vt 0.5833635 2.5
vt 0.6246666 2.55998
vt 0.5833635 2.649471
vt 0.6666968 2.5
vt 0.6246754 2.649471
vt 0.5833635 2.731934
vt 0.6666969 2.559979
vt 0.708737 2.5
vt 0.6246785 2.731934
vt 0.5833635 2.812574
vt 0.6666969 2.649471
vt 0.7087271 2.55998
vt 0.7500302 2.5
vt 0.6246816 2.812574
vt 0.5833635 2.902104
vt 0.6666969 2.731934
vt 0.7087183 2.649471
vt 0.7500302 2.55998
vt 0.7913234 2.5
vt 0.6246901 2.902103
vt 0.5833635 2.985672
vt 0.6247051 2.985672
vt 0.6666968 2.812574
vt 0.6666969 2.902105
vt 0.6666969 2.985672
vt 0.7087152 2.731934
vt 0.7500302 2.649471
vt 0.7913333 2.55998
vt 0.8333635 2.5
vt 0.7087036 2.902104
vt 0.7086886 2.985672
vt 0.7087121 2.812574
vt 0.7500302 2.731934
vt 0.791342 2.649471
vt 0.8333635 2.559979
vt 0.8754036 2.5
vt 0.7500302 2.812574
vt 0.7500302 2.902104
vt 0.7913451 2.731934
vt 0.8333635 2.649471
vt 0.8753937 2.55998
vt 0.9166969 2.5
vt 0.9166969 2.55998
vt 0.875385 2.649471
vt 0.8333635 2.731934
vt 0.8753819 2.731934
vt 0.7913482 2.812574
vt 0.8333635 2.812574
vt 0.8753788 2.812574
vt 0.8333635 2.902105
vt 0.7913568 2.902103
vt 0.7500302 2.985672
vt 0.7087126 2.991982
vt 0.7500302 2.991982
vt 0.7913479 2.991982
vt 0.7913718 2.985672
vt 0.8333635 2.985672
vt 0.4166968 2.55998
vt 0.4579901 2.5
vt 0.4166968 2.5
vt 0.4579999 2.55998
vt 0.5000302 2.5
vt 0.5000302 2.559979
vt 0.5420703 2.5
vt 0.5420604 2.55998
vt 0.5833635 2.5
vt 0.5833635 2.55998
vt 0.5420517 2.649471
vt 0.5833635 2.649471
vt 0.5000302 2.649471
vt 0.4580087 2.649471
vt 0.4166968 2.649471
vt 0.5420486 2.731934
vt 0.5833635 2.731934
vt 0.5000302 2.731934
vt 0.375385 2.649471
vt 0.3753937 2.55998
vt 0.3333635 2.649471
vt 0.3333635 2.731934
vt 0.2913451 2.731934
vt 0.4580118 2.731934
vt 0.4166968 2.731934
vt 0.3753819 2.731934
vt 0.5420455 2.812574
vt 0.5833635 2.812574
vt 0.5000302 2.812574
vt 0.4580149 2.812574
vt 0.3753788 2.812574
vt 0.3333635 2.812574
vt 0.3333635 2.902105
vt 0.3753703 2.902104
vt 0.4166968 2.812574
vt 0.4166968 2.902104
vt 0.3753552 2.985672
vt 0.542037 2.902104
vt 0.5833635 2.902104
vt 0.5000302 2.902105
vt 0.4580234 2.902103
vt 0.4166968 2.985672
vt 0.3753793 2.991982
vt 0.4166968 2.991982
vt 0.4580145 2.991982
vt 0.4580384 2.985672
vt 0.5000302 2.985672
vt 0.5000302 2.991982
vt 0.542046 2.991982
vt 0.5420219 2.985672
vt 0.5833635 2.985672
vt 0.9579624 2.991982
vt 1.00003 2.985672
vt 1.00003 2.991982
vt 0.9579365 2.985672
vt 0.9166969 2.985672
vt 0.9166969 2.991982
vt 0.8754314 2.991982
vt 0.8754572 2.985672
vt 0.9579365 2.902133
vt 1.00003 2.902133
vt 0.9166969 2.902132
vt 0.8754572 2.902132
vt 0.9166969 2.812585
vt 0.9579365 2.812585
vt 0.9166969 2.731934
vt 0.8754573 2.812585
vt 0.8333635 2.902133
vt 0.8333635 2.985672
vt 0.7912699 2.902133
vt 0.7912699 2.812585
vt 0.8333635 2.812585
vt 0.7912699 2.731934
vt 0.8333635 2.731934
vt 0.7912699 2.649488
vt 0.8754573 2.731934
vt 0.8333635 2.649488
vt 0.7912699 2.560031
vt 0.8754572 2.649488
vt 0.9166969 2.649488
vt 0.8333635 2.56003
vt 0.7912699 2.530263
vt 0.8333637 2.530263
vt 0.8754573 2.560031
vt 0.9166969 2.560031
vt 0.8754573 2.530263
vt 0.04209805 2.991982
vt 3.018975E-05 2.991982
vt 3.018975E-05 2.985672
vt 0.04212385 2.985672
vt 3.018975E-05 2.902133
vt 0.8754314 2.991982
vt 0.8333635 2.985672
vt 0.8754572 2.985672
vt 0.8333635 2.991982
vt 0.7912956 2.991982
vt 0.8333635 2.997137
vt 0.8754045 2.997137
vt 0.7913226 2.997137
vt 0.9166969 2.997137
vt 0.9166969 2.991982
vt 0.7500302 2.997137
vt 0.7500302 2.991982
vt 0.9579624 2.991982
vt 0.9579893 2.997137
vt 1.00003 2.997137
vt 1.00003 2.991982
vt 0.7087647 2.991982
vt 0.7087377 2.997137
vt 0.6666969 2.997137
vt 0.6666968 2.991982
vt 0.624629 2.991982
vt 0.624656 2.997137
vt 0.5833635 2.997137
vt 0.5833635 2.991982
vt 0.542098 2.991982
vt 0.5420711 2.997137
vt 0.5000302 2.997137
vt 0.5000302 2.991982
vt 0.4579623 2.991982
vt 0.4579893 2.997137
vt 0.4166969 2.997137
vt 0.4166969 2.991982
vt 0.3754314 2.991982
vt 0.3754044 2.997137
vt 0.3333635 2.997137
vt 0.3333635 2.991982
vt 0.2912957 2.991982
vt 0.2913226 2.997137
vt 0.2500302 2.997137
vt 0.2500302 2.991982
vt 0.2087647 2.991982
vt 0.2087378 2.997137
vt 0.1666968 2.997137
vt 0.1666968 2.991982
vt 0.124629 2.991982
vt 0.124656 2.997137
vt 0.08336353 2.997137
vt 0.08336353 2.991982
vt 0.04209805 2.991982
vt 0.04207107 2.997137
vt 3.018975E-05 2.997137
vt 3.018975E-05 2.991982
vt 0.542098 2.991982
vt 0.5421239 2.985672
vt 0.5833635 2.985672
vt 0.5833635 2.991982
vt 0.624629 2.991982
vt 0.6246032 2.985672
vt 0.5833635 2.902132
vt 0.6666968 2.985672
vt 0.6666968 2.991982
vt 0.7087647 2.991982
vt 0.6246032 2.902133
vt 0.5833635 2.812585
vt 0.5421239 2.812585
vt 0.7087905 2.985672
vt 0.6666969 2.902133
vt 0.7500302 2.985672
vt 0.7500302 2.991982
vt 0.7912956 2.991982
vt 0.6246032 2.812585
vt 0.7087905 2.902132
vt 0.7912699 2.985672
vt 0.8333635 2.985672
vt 0.7912699 2.902133
vt 0.7500303 2.902132
vt 0.6666969 2.812585
vt 0.7500303 2.812585
vt 0.7912699 2.812585
vt 0.7087905 2.812585
vt 0.7500303 2.731934
vt 0.7912699 2.731934
vt 0.7087905 2.731934
vt 0.6666969 2.731934
vt 0.6246033 2.731934
vt 0.7500303 2.649488
vt 0.7912699 2.649488
vt 0.7087905 2.649488
vt 0.6666969 2.649488
vt 0.7500303 2.560031
vt 0.7912699 2.560031
vt 0.7087905 2.560031
vt 0.7500303 2.530263
vt 0.7912699 2.530263
vt 0.7087905 2.530263
vt 0.6666969 2.530263
vt 0.6666969 2.56003
vt 0.6246033 2.530263
vt 0.6246033 2.560031
vt 0.5833636 2.530263
vt 0.6246033 2.649488
vt 0.5833635 2.560031
vt 0.5421239 2.530263
vt 0.5833635 2.649488
vt 0.5421239 2.560031
vt 0.5000303 2.530263
vt 0.5000303 2.56003
vt 0.5421239 2.649488
vt 0.5000302 2.649488
vt 0.5833635 2.731934
vt 0.5421239 2.731934
vt 0.5000302 2.731934
vt 0.5000302 2.812585
vt 1.00003 2.902133
vt 0.9579365 2.902133
vt 0.9579365 2.812585
vt 1.00003 2.812585
vt 0.9579365 2.731934
vt 0.9166969 2.731934
vt 1.00003 2.731934
vt 0.9166969 2.649488
vt 0.9579365 2.649488
vt 1.00003 2.649488
vt 0.9166969 2.560031
vt 0.9579365 2.560031
vt 0.9166969 2.530263
vt 1.00003 2.56003
vt 0.9579365 2.530263
vt 1.00003 2.530263
vt 0.4166968 2.902132
vt 0.3754572 2.812585
vt 0.4166969 2.812585
vt 0.3754572 2.731934
vt 0.3333635 2.731934
vt 0.3333635 2.649488
vt 0.3754572 2.649488
vt 0.2912699 2.649488
vt 0.2912699 2.731934
vt 0.3333635 2.812585
vt 0.3333636 2.56003
vt 0.3754572 2.560031
vt 0.4166969 2.649488
vt 0.4166969 2.731934
vt 0.2912699 2.560031
vt 0.2500302 2.560031
vt 0.2500302 2.649488
vt 0.2912699 2.812585
vt 0.2500302 2.731934
vt 0.3333635 2.902133
vt 0.3754572 2.902132
vt 0.3754572 2.985672
vt 0.3333635 2.985672
vt 0.3754314 2.991982
vt 0.3333635 2.991982
vt 0.2912957 2.991982
vt 0.2912699 2.902133
vt 0.2912699 2.985672
vt 0.2500302 2.812585
vt 0.2500302 2.985672
vt 0.2500302 2.991982
vt 0.2087647 2.991982
vt 0.2087905 2.985672
vt 0.2500302 2.902132
vt 0.2087905 2.902132
vt 0.1666969 2.902133
vt 0.1666969 2.812585
vt 0.2087905 2.812585
vt 0.1666969 2.731934
vt 0.2087905 2.731934
vt 0.1666969 2.649488
vt 0.2087905 2.649488
vt 0.1666969 2.56003
vt 0.2087906 2.560031
vt 0.1666969 2.530263
vt 0.2087906 2.530263
vt 0.2500302 2.530263
vt 0.8754573 2.530263
vt 0.9166969 2.530263
vt 0.9166969 2.560031
vt 0.8754573 2.560031
vt 0.4579366 2.530263
vt 0.5000303 2.530263
vt 0.5000303 2.56003
vt 0.4579366 2.560031
vt 0.4166969 2.530263
vt 0.5000302 2.649488
vt 0.4166969 2.560031
vt 0.3754572 2.530263
vt 0.4579366 2.649488
vt 0.5000302 2.731934
vt 0.3754572 2.560031
vt 0.3333636 2.530263
vt 0.3333636 2.56003
vt 0.2912699 2.530263
vt 0.2912699 2.560031
vt 0.2500302 2.530263
vt 0.2500302 2.560031
vt 0.4166969 2.649488
vt 0.4579366 2.731934
vt 0.5000302 2.812585
vt 0.4166969 2.731934
vt 0.4579366 2.812585
vt 0.5000302 2.902133
vt 0.5421239 2.902132
vt 0.5421239 2.812585
vt 0.5833635 2.902132
vt 0.5833635 2.985672
vt 0.5421239 2.985672
vt 0.5000302 2.985672
vt 0.542098 2.991982
vt 0.5000302 2.991982
vt 0.4579623 2.991982
vt 0.4579366 2.902133
vt 0.4166969 2.812585
vt 0.3754572 2.731934
vt 0.3754572 2.649488
vt 0.4166968 2.902132
vt 0.4579365 2.985672
vt 0.4166969 2.985672
vt 0.4166969 2.991982
vt 0.3754314 2.991982
vt 0.3754572 2.985672
vt 0.3754572 2.902132
vt 0.3754572 2.812585
vt 0.3333635 2.812585
vt 0.3333635 2.731934
vt 0.1246032 2.530263
vt 0.1666969 2.530263
vt 0.1666969 2.56003
vt 0.1246032 2.560031
vt 0.08336359 2.530263
vt 0.1666969 2.649488
vt 0.08336359 2.560031
vt 0.04212388 2.530263
vt 0.1246032 2.649488
vt 0.1666969 2.731934
vt 0.04212388 2.560031
vt 3.024936E-05 2.530263
vt 3.024936E-05 2.56003
vt 0.1246032 2.731934
vt 0.1666969 2.812585
vt 0.08336359 2.649488
vt 0.04212388 2.649488
vt 3.021955E-05 2.649488
vt 0.1246032 2.812585
vt 0.1666969 2.902133
vt 0.08336356 2.731934
vt 0.04212388 2.731934
vt 3.021955E-05 2.731934
vt 0.08336356 2.812585
vt 0.04212385 2.812585
vt 3.021955E-05 2.812585
vt 0.1246032 2.902133
vt 0.08336356 2.902132
vt 0.04212385 2.902132
vt 3.018975E-05 2.902133
vt 0.04212385 2.985672
vt 0.1666968 2.985672
vt 0.2087905 2.985672
vt 0.2087647 2.991982
vt 0.1666968 2.991982
vt 0.124629 2.991982
vt 0.1246032 2.985672
vt 0.08336353 2.985672
vt 0.04209805 2.991982
vt 0.08336353 2.991982
vt 0.09020601 2.089116
vt 0.134999 2.050817
vt 0.1298203 2.041847
vt 0.249997 2.249999
vt 0.187942 2.020867
vt 0.1905637 2.031175
vt 0.2499971 2.012354
vt 0.2499973 2.022977
vt 0.3120522 2.020867
vt 0.3094304 2.031175
vt 0.370174 2.041847
vt 0.3649948 2.050817
vt 0.4174036 2.081692
vt 0.409788 2.089116
vt 0.4558043 2.131177
vt 0.0533902 2.136488
vt 0.446604 2.136488
vt 0.4692214 2.192058
vt 0.4794588 2.189175
vt 0.08259043 2.081692
vt 0.4903507 2.25
vt 0.04418992 2.131176
vt 0.4799928 2.249999
vt 0.4794587 2.310824
vt 0.03077275 2.192058
vt 0.02053536 2.189175
vt 0.4692213 2.307941
vt 0.4558041 2.368822
vt 0.02000122 2.25
vt 0.009643331 2.249999
vt 0.4466038 2.363511
vt 0.4174036 2.418307
vt 0.03077269 2.307941
vt 0.4097881 2.410882
vt 0.05339003 2.36351
vt 0.02053528 2.310824
vt 0.3701738 2.458152
vt 0.04418981 2.368822
vt 0.3649951 2.449181
vt 0.312052 2.479131
vt 0.09020604 2.410882
vt 0.08259043 2.418306
vt 0.3094304 2.468824
vt 0.2499969 2.487645
vt 0.1349993 2.449182
vt 0.1298201 2.458152
vt 0.2499968 2.477021
vt 0.1879419 2.479131
vt 0.1905637 2.468824
vn 0.1627369 -0.7180459 0.6767027
vn -0.2656591 -0.9640671 0
vn 0.1369543 -0.9905775 -1.043583E-07
vn -0.1840355 -0.7440658 0.6422592
vn -0.3523035 -0.9059436 0.2348371
vn -0.2656591 -0.9640671 0
vn 0.07863937 -0.9595442 0.2703531
vn -0.01250159 -0.9502723 0.3111692
vn -0.07097066 -0.6920081 0.7183926
vn 0.1164829 -0.9931927 0
vn 0.2753789 -0.8835996 0.3787062
vn 0.1369543 -0.9905775 -1.043583E-07
vn 0.6259789 -0.3673692 -0.6878883
vn 0.3687837 -0.5513934 -0.7483073
vn 0.1228255 -0.5349177 -0.8359288
vn -0.3028289 -0.6808453 -0.6668915
vn 0.1064674 -0.5148995 -0.8506134
vn -0.3679776 -0.5442749 -0.7538947
vn -0.3679776 -0.5442749 -0.7538947
vn 0.1228255 -0.5349177 -0.8359288
vn -0.3165935 -0.6376469 -0.7022644
vn 0.6674102 -0.7180459 0.197417
vn 0.4641951 -0.7440658 0.480509
vn -0.1328297 -0.9640671 0.2300674
vn 0.282739 -0.3673696 -0.8860577
vn 0.6625218 -0.5349185 -0.5243348
vn 0.4628061 -0.5515298 -0.6939924
vn 0.5796928 -0.6844408 -0.4421507
vn 0.6834192 -0.5148993 -0.5175105
vn 0.3380927 -0.4337807 -0.8351812
vn 0.5796928 -0.6844408 -0.4421507
vn 0.3380927 -0.4337807 -0.8351812
vn 0.3152012 -0.6126193 -0.7248074
vn -5.813291E-07 -0.9531946 -0.3023576
vn 0.187641 -0.9190652 -0.3465686
vn 0 -0.5191143 -0.8547048
vn -0.3152006 -0.6126205 -0.7248067
vn -0.1876408 -0.9190655 -0.346568
vn -0.6625229 -0.5349179 -0.5243342
vn -0.463661 -0.5513934 -0.6935299
vn -0.4656585 -0.8835996 -0.04913206
vn -0.8368809 -0.5442747 -0.05826925
vn -0.6834193 -0.5148993 -0.5175102
vn -0.7289596 -0.6808453 -0.07118806
vn -0.5796922 -0.6844408 -0.4421512
vn -0.5796922 -0.6844408 -0.4421512
vn -0.338092 -0.4337808 -0.8351814
vn -0.6834193 -0.5148993 -0.5175102
vn -0.2734522 -0.9595442 0.06707292
vn -0.7109346 -0.6756843 0.1949939
vn -0.586661 -0.6920081 0.4206584
vn 0.4057512 -0.5885282 -0.6992858
vn 0.1889665 -0.857635 -0.4782823
vn 0.4833973 -0.5069174 -0.7136959
vn 0.4972347 -0.1071061 -0.8609796
vn 0.7117165 -0.09400031 -0.696149
vn 0.3762158 -0.5068991 -0.775574
vn 0.320042 -0.8557485 -0.4065313
vn 0.2029768 -0.9138713 -0.3516241
vn 0.2470561 -0.0941451 -0.9644169
vn 0.4057512 -0.5885282 -0.6992858
vn 0.4972347 -0.1071061 -0.8609796
vn 0.4833973 -0.5069174 -0.7136959
vn 0.7719357 -0.6262077 0.10945
vn 0.6998333 -0.7110845 0.06776506
vn 0.6017112 -0.7192068 0.347398
vn -0.3939579 -0.9190652 -0.01078249
vn -0.6727604 -0.6844407 0.2809527
vn -0.3136635 -0.9403272 0.1319086
vn -0.3763802 -0.5069171 -0.7754825
vn -0.3197214 -0.857635 -0.4027909
vn -0.463661 -0.5513934 -0.6935299
vn -0.3197214 -0.857635 -0.4027909
vn -0.4656585 -0.8835996 -0.04913206
vn -0.463661 -0.5513934 -0.6935299
vn 0.5046731 -0.7180464 0.4792854
vn -0.06847725 -0.9905775 0.1186059
vn 0.1328297 -0.9640671 -0.2300674
vn -0.4972347 -0.1071061 0.8609796
vn -0.4833975 -0.5069173 0.7136959
vn -0.7117165 -0.09400029 0.696149
vn -0.4057513 -0.5885282 0.6992857
vn -0.1889666 -0.857635 0.4782824
vn -0.2029768 -0.9138713 0.3516241
vn 0.1228258 -0.5349181 0.8359284
vn -0.3165931 -0.6376467 0.7022645
vn -0.1902795 -0.8835996 0.4278381
vn 0.1228258 -0.5349181 0.8359284
vn -0.1902795 -0.8835996 0.4278381
vn 0.369612 -0.5515299 0.7477978
vn -0.5243371 -0.6756843 0.5181904
vn -0.5978631 -0.5587253 0.574792
vn -0.3679772 -0.5442749 0.753895
vn -0.3679772 -0.5442749 0.753895
vn -0.3165931 -0.6376467 0.7022645
vn 0.1228258 -0.5349181 0.8359284
vn -0.04022022 0.998921 0.02322104
vn -0.03222754 0.9990069 0.03076772
vn -0.7028381 0.229361 0.6733587
vn 0.1627369 -0.7180459 0.6767027
vn -0.1840355 -0.7440658 0.6422592
vn -0.2656591 -0.9640671 0
vn -0.1207011 -0.6086057 0.7842386
vn 0.1988527 -0.5587254 0.8051606
vn -0.07097066 -0.6920081 0.7183926
vn 0.4498824 -0.6376466 0.6253101
vn 0.1369543 -0.9905775 -1.043583E-07
vn 0.2753789 -0.8835996 0.3787062
vn 0.4689034 -0.5442747 0.6956254
vn 0.1865974 -0.6756843 0.7131844
vn 0.07863937 -0.9595442 0.2703531
vn 0.1858027 -0.9532845 0.238172
vn 0.4261308 -0.6808453 0.5957032
vn 0.3136632 -0.9403273 0.1319088
vn 0.6727603 -0.6844407 0.280953
vn 0.4689034 -0.5442747 0.6956254
vn 0.4498824 -0.6376466 0.6253101
vn 0.7853483 -0.5349184 0.3115934
vn 0.2753789 -0.8835996 0.3787062
vn 0.8324179 -0.5515301 0.05380556
vn 0.9087179 -0.3673697 -0.1981697
vn 0.789887 -0.5148988 0.3331033
vn 0.8923346 -0.4337803 -0.1247939
vn 0.834557 -0.2671221 -0.4818303
vn 0.6727603 -0.6844407 0.280953
vn 0.7853022 -0.6126193 -0.08943149
vn 0.9231912 -0.2736609 -0.2698655
vn 0.8167652 -0.3324565 -0.4715584
vn 0.9322224 -0.08751258 -0.351145
vn 0.9587376 -0.09414534 -0.2682517
vn 0.5120869 -0.8557488 0.07389879
vn 0.8597745 -0.5068992 -0.06197488
vn 0.4060035 -0.9138715 -2.890243E-05
vn 0.8084748 -0.5885282 0.001748079
vn 0.5086878 -0.857635 -0.07549137
vn 0.8597775 -0.5069173 0.06178659
vn 0.832445 -0.5513936 -0.05477742
vn 0.9942476 -0.1071062 0.0001284388
vn 0.958741 -0.09400026 0.2682902
vn 0.9591763 -0.06117624 0.2761128
vn 0.9980878 -0.0618102 2.069979E-07
vn 0.9602571 -0.03881863 0.2764046
vn 0.9992305 -0.0392231 4.138066E-07
vn 0.9608662 -0.01543582 0.2765825
vn 0.9591763 -0.06117631 -0.2761128
vn 0.9998784 -0.01559786 4.762753E-07
vn 0.9608093 0.01919641 0.2765447
vn 0.9322233 -0.08749815 0.3511466
vn 0.8657686 -0.02397124 0.4998701
vn 0.9231936 -0.2736401 0.269879
vn 0.8639652 -0.06894854 -0.4988087
vn 0.9602571 -0.0388185 -0.2764046
vn 0.8567733 -0.1457995 0.4946535
vn 0.6953056 -0.2736614 0.6645748
vn 0.8345562 -0.2671211 0.481832
vn 0.9087185 -0.3673683 0.1981699
vn 0.8657846 -0.0239708 -0.4998423
vn 0.8644 -0.06123743 -0.4990617
vn 0.7853482 -0.534918 -0.3115942
vn 0.2753787 -0.8835996 -0.3787062
vn 0.4498819 -0.6376469 -0.6253101
vn 0.4689032 -0.5442747 -0.6956255
vn 0.7898868 -0.5148991 -0.3331031
vn 0.4261306 -0.6808451 -0.5957035
vn 0.6727604 -0.6844407 -0.2809527
vn 0.8923342 -0.433781 0.1247942
vn 0.7853016 -0.6126201 0.08943156
vn 0.3939579 -0.9190652 0.01078249
vn 0.3136635 -0.9403272 -0.1319086
vn 0.8167644 -0.3324567 0.4715596
vn 0.5542416 -0.4337804 0.7103878
vn 0.4701011 -0.6126191 0.635376
vn 0.4689034 -0.5442747 0.6956254
vn 0.7853483 -0.5349184 0.3115934
vn 0.789887 -0.5148988 0.3331033
vn 0.4261308 -0.6808453 0.5957032
vn 0.6727603 -0.6844407 0.280953
vn 0.3939575 -0.9190654 -0.01078239
vn 0.3136632 -0.9403273 0.1319088
vn 0.7853022 -0.6126193 -0.08943149
vn 0.2618501 -0.9531943 -0.1511795
vn 0.3939575 -0.9190654 -0.01078239
vn 0.7401963 -0.5191144 -0.4273522
vn 0.4701007 -0.6126201 -0.6353755
vn 0.206316 -0.9190655 -0.3357859
vn 0.5542419 -0.4337814 -0.7103871
vn 0.6259789 -0.3673692 -0.6878883
vn 0.6953183 -0.2736408 -0.6645699
vn 0.3687837 -0.5513934 -0.7483073
vn 0.8567691 -0.1458 -0.4946604
vn 0.7702136 -0.08749747 -0.6317557
vn 0.7117165 -0.09400031 -0.696149
vn 0.4833973 -0.5069174 -0.7136959
vn 0.1889665 -0.857635 -0.4782823
vn 0.7187089 -0.06117629 -0.6926147
vn 0.4972347 -0.1071061 -0.8609796
vn 0.4990438 -0.06181022 -0.8643696
vn 0.8653713 -0.03885795 -0.4996225
vn 0.7195019 -0.03881862 -0.6934047
vn 0.4996153 -0.03922329 -0.8653589
vn 0.9608662 -0.01543568 -0.2765825
vn 0.7199606 -0.01543577 -0.6938434
vn 0.4999394 -0.01559791 -0.8659198
vn 0.8659218 -0.01545281 -0.4999405
vn 0.9998118 0.01939792 4.050852E-07
vn 0.7198992 0.01919647 -0.6938131
vn 0.4999063 0.01939802 -0.8658623
vn 0.8658655 0.01920649 -0.4999081
vn 0.9608093 0.01919656 -0.2765448
vn 0.7185516 0.06412163 -0.6925114
vn 0.4989499 0.06478165 -0.8642061
vn 0.8642409 0.06416138 -0.49897
vn 0.9590082 0.06412152 -0.2760285
vn 0.9978995 0.06478152 1.788529E-07
vn 0.9590082 0.0641215 0.2760285
vn 0.7139054 0.1310402 -0.6878718
vn 0.49568 0.1311678 -0.8585432
vn 0.8585979 0.1306894 -0.4957115
vn 0.4009164 0.8309315 -0.3857704
vn 0.4848637 0.8285792 -0.2799353
vn 0.5345434 0.8309326 -0.154319
vn 0.9526671 0.1310403 -0.2743244
vn 0.9913601 0.1311679 -2.319463E-07
vn 0.5645689 0.8253859 5.911812E-07
vn 0.5345436 0.8309324 0.1543192
vn 0.9526669 0.1310403 0.2743246
vn 0.8585978 0.1306894 0.4957118
vn 0.484864 0.8285794 0.279934
vn 0.4009167 0.830933 0.385767
vn 0.7139054 0.1310403 0.6878718
vn 0.8642411 0.06416139 0.4989697
vn 0.8658659 0.01920651 0.4999073
vn 0.3136632 -0.9403273 0.1319088
vn 0.3939575 -0.9190654 -0.01078239
vn 0.2618501 -0.9531943 -0.1511795
vn 0 -1 0
vn 0.1858027 -0.9532845 0.238172
vn 0.04259544 -0.9403274 -0.3375946
vn 0.206316 -0.9190655 -0.3357859
vn 0 -1 0
vn 0 -1 0
vn -0.1133618 -0.9532845 -0.279996
vn -0.1948133 -0.9595441 -0.2032804
vn 0.09306805 -0.6844409 -0.7231039
vn 0.4701007 -0.6126201 -0.6353755
vn 0.5542419 -0.4337814 -0.7103871
vn 0.1064674 -0.5148995 -0.8506134
vn -0.3028289 -0.6808453 -0.6668915
vn -0.5243372 -0.6756841 -0.5181906
vn -0.3679776 -0.5442749 -0.7538947
vn -0.6576314 -0.6920081 -0.2977342
vn -0.2757313 -0.9502723 -0.1447579
vn -0.5978634 -0.5587251 -0.5747918
vn -0.3165935 -0.6376469 -0.7022644
vn -0.6998331 -0.7110848 0.06776535
vn -0.3748516 -0.9269844 0.01364635
vn -0.2448635 -0.9591953 0.1413722
vn -0.7395211 -0.6086057 -0.2875894
vn -0.5046731 -0.7180464 -0.4792854
vn -0.6482304 -0.7440661 -0.16175
vn -0.1328297 -0.9640671 0.2300674
vn 0.06847725 -0.9905775 -0.1186059
vn -0.1902795 -0.8835996 -0.4278381
vn 0.1228255 -0.5349177 -0.8359288
vn 0.05824148 -0.9931927 -0.1008771
vn 0 -1 0
vn 0.07863937 -0.9595442 0.2703531
vn 0.1858027 -0.9532845 0.238172
vn 0 -1 0
vn -0.1948133 -0.9595441 -0.2032804
vn -0.2757313 -0.9502723 -0.1447579
vn -0.01250159 -0.9502723 0.3111692
vn -0.2448635 -0.9591953 0.1413722
vn -0.1992439 -0.9269843 0.317808
vn -0.6017111 -0.7192066 0.3473985
vn -0.3748516 -0.9269844 0.01364635
vn -0.6998331 -0.7110848 0.06776535
vn -0.4086029 -0.7110845 0.572191
vn -0.07097066 -0.6920081 0.7183926
vn -0.1207011 -0.6086057 0.7842386
vn -0.4807542 -0.6262079 0.6137908
vn -0.1840355 -0.7440658 0.6422592
vn -0.4847291 -0.692471 0.5343422
vn -0.3523035 -0.9059436 0.2348371
vn -0.4669558 -0.8421815 0.269597
vn -0.1063622 -0.9941766 0.01731822
vn -0.04847266 -0.9984323 0.02798569
vn -0.06817909 -0.9941766 0.08345329
vn -0.3795266 -0.9059436 0.1876853
vn -0.6521841 -0.6579321 0.3765385
vn -0.6881091 -0.6071857 0.39728
vn -0.7719356 -0.6262077 0.1094502
vn -0.7051184 -0.6924708 0.1526169
vn -0.6482304 -0.7440661 -0.16175
vn -0.1328297 -0.9640671 0.2300674
vn -0.7395211 -0.6086057 -0.2875894
vn -0.6576314 -0.6920081 -0.2977342
vn 0.5120869 -0.8557488 0.07389879
vn 0.8324179 -0.5515301 0.05380556
vn 0.2753789 -0.8835996 0.3787062
vn 0.1370094 -0.9778348 0.1583276
vn 0.1164829 -0.9931927 0
vn 0.4060035 -0.9138715 -2.890243E-05
vn 0.5086878 -0.857635 -0.07549137
vn 0.1370095 -0.9778348 -0.1583277
vn 0.2753787 -0.8835996 -0.3787062
vn 0.832445 -0.5513936 -0.05477742
vn 0.1369543 -0.9905775 -1.043583E-07
vn 0.4498819 -0.6376469 -0.6253101
vn 0.1627368 -0.7180463 -0.6767026
vn 0.1988527 -0.558725 -0.8051609
vn 0.4689032 -0.5442747 -0.6956255
vn 0.1228255 -0.5349177 -0.8359288
vn 0.3687837 -0.5513934 -0.7483073
vn -0.1902795 -0.8835996 -0.4278381
vn 0.1889665 -0.857635 -0.4782823
vn -0.06861106 -0.9778348 -0.1978174
vn 0.05824148 -0.9931927 -0.1008771
vn 0.2029768 -0.9138713 -0.3516241
vn 0.320042 -0.8557485 -0.4065313
vn 0.4057512 -0.5885282 -0.6992858
vn 0.3762158 -0.5068991 -0.775574
vn -0.3679776 -0.5442749 -0.7538947
vn 0.1064674 -0.5148995 -0.8506134
vn 0.1228255 -0.5349177 -0.8359288
vn 0.6259789 -0.3673692 -0.6878883
vn 0.5542419 -0.4337814 -0.7103871
vn -0.3795266 -0.9059436 0.1876853
vn -0.05125279 -0.9947325 0.08877231
vn -0.06817909 -0.9941766 0.08345329
vn -0.1328297 -0.9640671 0.2300674
vn 0.02722313 -0.9059436 0.4225223
vn 0.4641951 -0.7440658 0.480509
vn -0.03818315 -0.9941766 0.1007713
vn 1.075462E-07 -0.8421816 0.5391939
vn 0 -1 0
vn 0 -0.9984323 0.05597133
vn 0.03818315 -0.9941766 0.1007714
vn 0.2203895 -0.692471 0.6869588
vn 0.2911813 -0.6262078 0.7232409
vn 0.6188198 -0.6086058 0.4966497
vn -0.02722306 -0.9059436 0.4225223
vn 0.05125276 -0.9947325 0.08877227
vn 1.671636E-07 -0.6579321 0.7530773
vn 0.2912307 -0.7110845 0.6399559
vn 5.360909E-07 -0.7192065 0.6947964
vn 0.5866609 -0.6920081 0.4206587
vn 0.2632296 -0.9502723 0.1664113
vn 0.1756082 -0.9269843 0.3314542
vn 3.551337E-07 -0.9591953 0.2827441
vn -0.1756081 -0.9269843 0.3314541
vn -0.2912303 -0.7110845 0.6399561
vn -0.2911811 -0.6262075 0.7232411
vn 3.216011E-07 -0.6071857 0.79456
vn -0.2203891 -0.6924709 0.686959
vn -0.4641949 -0.7440661 0.480509
vn -0.6188204 -0.6086054 0.4966494
vn 0.1328296 -0.9640671 0.2300675
vn 0.3795266 -0.9059436 0.1876852
vn 0.06817906 -0.9941766 0.0834532
vn 0.4669558 -0.8421815 0.2695971
vn 0.04847267 -0.9984323 0.02798569
vn 0.1063622 -0.9941766 0.01731826
vn 0.7051185 -0.6924708 0.1526166
vn 0.3523035 -0.9059436 0.2348371
vn 0.6521841 -0.657932 0.3765387
vn 0.7719357 -0.6262077 0.10945
vn 0.4847293 -0.6924709 0.5343421
vn 0.6881091 -0.6071857 0.3972799
vn 0.6017112 -0.7192068 0.347398
vn 0.4807545 -0.6262076 0.6137908
vn 0.1840356 -0.744066 0.6422591
vn 0.2656591 -0.9640671 0
vn -0.1627368 -0.7180463 0.6767026
vn -0.1369543 -0.9905775 0
vn 0.1207007 -0.6086054 0.784239
vn -0.1988527 -0.558725 0.8051609
vn -0.4498819 -0.6376469 0.6253101
vn -0.4689032 -0.5442747 0.6956255
vn 0.4086032 -0.7110845 0.5721909
vn 0.07097037 -0.6920082 0.7183926
vn 0.0125015 -0.9502723 0.3111692
vn -0.07863925 -0.9595442 0.2703532
vn 0.1992436 -0.9269844 0.3178078
vn -0.1865976 -0.6756841 0.7131846
vn 0.2448639 -0.9591953 0.1413722
vn 0.3748519 -0.9269843 0.01364626
vn 0.6998333 -0.7110845 0.06776506
vn -0.1858026 -0.9532845 0.2381721
vn -0.4261306 -0.6808451 0.5957035
vn -0.3136635 -0.9403272 0.1319086
vn -0.6727604 -0.6844407 0.2809527
vn 0 -1 0
vn -0.06817909 -0.9941766 0.08345329
vn -0.05125279 -0.9947325 0.08877231
vn -0.04847266 -0.9984323 0.02798569
vn -0.1063622 -0.9941766 0.01731822
vn -0.1025056 -0.9947325 0
vn -0.3523035 -0.9059436 0.2348371
vn -0.2656591 -0.9640671 0
vn -0.1063622 -0.9941766 -0.01731826
vn -0.3523035 -0.9059436 -0.2348371
vn -0.4669558 -0.8421815 -0.2695971
vn -0.04847267 -0.9984323 -0.02798569
vn -0.06817906 -0.9941766 -0.0834532
vn -0.05125276 -0.9947325 -0.08877227
vn -0.3795266 -0.9059436 -0.1876852
vn -0.7051185 -0.6924708 -0.1526166
vn -0.6521841 -0.657932 -0.3765387
vn -0.7719357 -0.6262077 -0.10945
vn -0.4847293 -0.6924709 -0.5343421
vn -0.1840356 -0.744066 -0.6422591
vn -0.4807545 -0.6262076 -0.6137908
vn -0.6881091 -0.6071857 -0.3972799
vn -0.6017112 -0.7192068 -0.347398
vn -0.6998333 -0.7110845 -0.06776506
vn -0.3748519 -0.9269843 -0.01364626
vn 0.1627368 -0.7180463 -0.6767026
vn 0.1369543 -0.9905775 -1.043583E-07
vn -0.1207007 -0.6086054 -0.784239
vn 0.1988527 -0.558725 -0.8051609
vn -0.4086032 -0.7110845 -0.5721909
vn -0.07097037 -0.6920082 -0.7183926
vn -0.2448639 -0.9591953 -0.1413722
vn -0.2757311 -0.9502723 0.1447579
vn -0.1992436 -0.9269844 -0.3178078
vn -0.0125015 -0.9502723 -0.3111692
vn 0 -1 0
vn -0.1948129 -0.9595442 0.2032802
vn 0.07863925 -0.9595442 -0.2703532
vn 0.1865976 -0.6756841 -0.7131846
vn 0 -1 0
vn -0.1133619 -0.9532845 0.2799961
vn 0.1858026 -0.9532845 -0.2381721
vn 0.4261306 -0.6808451 -0.5957035
vn 0 -1 0
vn 0 -1 0
vn 0.04259513 -0.9403274 0.3375945
vn 0.3136635 -0.9403272 -0.1319086
vn 0.2618501 -0.9531944 0.1511786
vn 0.2063165 -0.9190654 0.3357858
vn 0.3939579 -0.9190652 0.01078249
vn -0.4009164 0.8309315 0.3857704
vn -0.2822849 0.8253843 0.4889335
vn -0.49568 0.1311678 0.8585432
vn -0.7139053 0.1310402 0.6878719
vn -0.4009167 0.830933 -0.385767
vn -0.7139054 0.1310403 -0.6878718
vn -0.4956799 0.1311678 -0.8585432
vn -0.2822847 0.8253852 -0.4889321
vn -0.1336283 0.8309319 -0.5400885
vn -0.2387619 0.1310402 -0.9621961
vn -4.000495E-07 0.1306893 -0.9914233
vn -1.201593E-07 0.8285791 -0.559872
vn 0.1336284 0.8309323 -0.5400879
vn 0.2387619 0.1310403 -0.9621961
vn -0.5345436 0.8309324 -0.1543192
vn -0.9526671 0.1310403 -0.2743245
vn -0.8585978 0.1306894 -0.4957118
vn -0.484864 0.8285794 -0.279934
vn -0.4009167 0.830933 -0.385767
vn -0.7139054 0.1310403 -0.6878718
vn -0.4956799 0.1311678 -0.8585432
vn -0.7185515 0.06412164 -0.6925115
vn -0.4989492 0.06478167 -0.8642066
vn -0.7198992 0.01919663 -0.693813
vn -0.499905 0.01939804 -0.8658629
vn -0.7199605 -0.01543578 -0.6938434
vn -0.4999385 -0.01559791 -0.8659204
vn -0.7195019 -0.03881862 -0.6934047
vn -0.499615 -0.03922322 -0.8653591
vn -0.7187088 -0.06117632 -0.6926148
vn -0.4990439 -0.06181019 -0.8643695
vn -0.7116815 -0.09414531 -0.6961653
vn -0.4970126 -0.1071061 -0.8611079
vn -0.8639638 -0.06894848 -0.4988112
vn -0.8644002 -0.06123738 -0.4990615
vn -0.958741 -0.09400033 -0.2682901
vn -0.9591763 -0.06117623 -0.2761128
vn -0.9942476 -0.1071062 -0.0001284274
vn -0.8597776 -0.5069172 -0.06178671
vn -0.8324451 -0.5513934 0.05477733
vn -0.8657686 -0.02397123 -0.4998701
vn -0.7702117 -0.08751229 -0.6317559
vn -0.9322233 -0.08749813 -0.3511465
vn -0.9231936 -0.27364 -0.269879
vn -0.9087185 -0.3673683 -0.1981699
vn -0.8345562 -0.2671211 -0.481832
vn -0.7853482 -0.534918 0.3115942
vn -0.7898868 -0.5148991 0.3331031
vn -0.8923342 -0.433781 -0.1247942
vn -0.6727604 -0.6844407 0.2809527
vn -0.8567733 -0.1457995 -0.4946535
vn -0.6953056 -0.2736614 -0.6645748
vn -0.369612 -0.5515299 -0.7477978
vn -0.1920458 -0.8557487 -0.4804296
vn -0.4835593 -0.506899 -0.7135991
vn -0.6259789 -0.3673691 -0.6878883
vn -0.1228258 -0.5349181 -0.8359284
vn -0.5542416 -0.4337804 -0.7103878
vn -0.8167644 -0.3324567 -0.4715596
vn -0.4701011 -0.6126191 -0.635376
vn -0.7853016 -0.6126201 -0.08943156
vn -0.3939579 -0.9190652 -0.01078249
vn -0.2618501 -0.9531944 -0.1511786
vn -0.2063165 -0.9190654 -0.3357858
vn -0.7401961 -0.5191146 -0.4273519
vn 0.1336284 0.8309323 -0.5400879
vn 0.2387619 0.1310403 -0.9621961
vn 0.49568 0.1311678 -0.8585432
vn 0.2822849 0.8253843 -0.4889335
vn 0.4009164 0.8309315 -0.3857704
vn 0.7139054 0.1310402 -0.6878718
vn 0.4009167 0.830933 0.385767
vn 0.7139054 0.1310403 0.6878718
vn 0.4956799 0.1311678 0.8585432
vn 0.2822847 0.8253852 0.4889321
vn -0.1336284 0.8309323 0.5400879
vn -0.49568 0.1311678 0.8585432
vn -0.2822849 0.8253843 0.4889335
vn -0.2387619 0.1310403 0.9621961
vn 4.000495E-07 0.1306893 0.9914233
vn 1.201593E-07 0.8285791 0.559872
vn 0.1336283 0.8309319 0.5400885
vn 0.2387619 0.1310402 0.9621961
vn 0.4956799 0.1311678 0.8585432
vn 0.2822847 0.8253852 0.4889321
vn 0.6674102 -0.7180459 0.197417
vn -0.1328297 -0.9640671 0.2300674
vn 0.06847725 -0.9905775 -0.1186059
vn 0.7664754 -0.6376468 -0.07695461
vn 0.4656586 -0.8835996 -0.04913207
vn 0.6625218 -0.5349185 -0.5243348
vn 0.4628061 -0.5515298 -0.6939924
vn 0.8368807 -0.544275 -0.05826955
vn 0.6834192 -0.5148993 -0.5175105
vn 0.7289594 -0.6808453 -0.07118846
vn 0.5796928 -0.6844408 -0.4421507
vn 0.796716 -0.5587254 0.2303687
vn 0.7109346 -0.6756843 0.1949941
vn 0.5866609 -0.6920081 0.4206587
vn 0.6188198 -0.6086058 0.4966497
vn 0.4641951 -0.7440658 0.480509
vn 0.7109346 -0.6756843 0.1949941
vn 0.8368807 -0.544275 -0.05826955
vn 0.7289594 -0.6808453 -0.07118846
vn 0.2991647 -0.9532845 -0.04182393
vn 0.2734523 -0.9595442 0.06707276
vn 0.6834192 -0.5148993 -0.5175105
vn 0.6625218 -0.5349185 -0.5243348
vn 0.282739 -0.3673696 -0.8860577
vn 0.3380927 -0.4337807 -0.8351812
vn 1.009342E-06 -0.2671218 -0.9636629
vn 1.001231E-06 -0.3324563 -0.9431187
vn 0.3152012 -0.6126193 -0.7248074
vn 0 -0.5191143 -0.8547048
vn -0.3152006 -0.6126205 -0.7248067
vn -0.338092 -0.4337808 -0.8351814
vn 0.2278854 -0.2736612 -0.9344399
vn 0.4628061 -0.5515298 -0.6939924
vn -0.2827391 -0.3673689 -0.8860579
vn -0.6834193 -0.5148993 -0.5175102
vn -0.6625229 -0.5349179 -0.5243342
vn -0.463661 -0.5513934 -0.6935299
vn -0.2278746 -0.273641 -0.9344483
vn -3.789019E-06 -0.1457998 -0.9893141
vn 1.615011E-05 -0.02397165 -0.9997126
vn 0.1620106 -0.08751301 -0.9829008
vn -0.1620093 -0.08749891 -0.9829023
vn -0.2470245 -0.09400028 -0.964439
vn -0.3763802 -0.5069171 -0.7754825
vn 0.2470561 -0.0941451 -0.9644169
vn 0.320042 -0.8557485 -0.4065313
vn 0.3762158 -0.5068991 -0.775574
vn 1.652527E-06 -0.06894851 -0.9976202
vn 0.2404676 -0.06117625 -0.9687274
vn 2.128748E-07 -0.06123728 -0.9981232
vn -0.2404674 -0.06117615 -0.9687274
vn -0.4970126 -0.1071061 -0.8611079
vn -0.4990439 -0.06181019 -0.8643695
vn 0.2407553 -0.03881869 -0.9698093
vn 0.4996153 -0.03922329 -0.8653589
vn -1.376011E-07 -0.038858 -0.9992448
vn 0.2409059 -0.01543579 -0.9704257
vn -0.2407552 -0.03881858 -0.9698093
vn -0.499615 -0.03922322 -0.8653591
vn -5.802787E-07 -0.01545295 -0.9998806
vn 0.2409103 0.01919662 -0.9703575
vn -0.2409058 -0.01543582 -0.9704257
vn -0.4999385 -0.01559791 -0.8659204
vn -7.26929E-07 0.01920654 -0.9998155
vn 0.2404567 0.06412161 -0.9685397
vn -0.2409101 0.01919653 -0.9703575
vn -0.499905 0.01939804 -0.8658629
vn -6.999652E-07 0.06416143 -0.9979395
vn 0.2387619 0.1310403 -0.9621961
vn -4.000495E-07 0.1306893 -0.9914233
vn -0.2404567 0.06412163 -0.9685397
vn -0.4989492 0.06478167 -0.8642066
vn -0.2387619 0.1310402 -0.9621961
vn -0.4956799 0.1311678 -0.8585432
vn 0.187641 -0.9190652 -0.3465686
vn 0.5796928 -0.6844408 -0.4421507
vn 0.3152012 -0.6126193 -0.7248074
vn 0.2710682 -0.9403273 -0.2056859
vn 0.7289594 -0.6808453 -0.07118846
vn -5.813291E-07 -0.9531946 -0.3023576
vn 0.2991647 -0.9532845 -0.04182393
vn 0 -1 0
vn -0.2710678 -0.9403274 -0.2056859
vn -0.1876408 -0.9190655 -0.346568
vn -0.2991646 -0.9532845 -0.04182373
vn 0 -1 0
vn 0 -1 0
vn -0.2734522 -0.9595442 0.06707292
vn 0.2734523 -0.9595442 0.06707276
vn 0 -1 0
vn -0.2632298 -0.9502723 0.1664113
vn 3.551337E-07 -0.9591953 0.2827441
vn -0.1756081 -0.9269843 0.3314541
vn 0.2632296 -0.9502723 0.1664113
vn 0.1756082 -0.9269843 0.3314542
vn 0.5866609 -0.6920081 0.4206587
vn 0.7109346 -0.6756843 0.1949941
vn 0.05824148 -0.9931927 -0.1008771
vn 0.4656586 -0.8835996 -0.04913207
vn 0.06847725 -0.9905775 -0.1186059
vn 0.2056205 -0.9778348 -0.0394897
vn 0.320042 -0.8557485 -0.4065313
vn 0.4628061 -0.5515298 -0.6939924
vn -0.6188204 -0.6086054 0.4966494
vn -0.2911811 -0.6262075 0.7232411
vn -0.2912303 -0.7110845 0.6399561
vn -0.586661 -0.6920081 0.4206584
vn -0.2632298 -0.9502723 0.1664113
vn -0.2734522 -0.9595442 0.06707292
vn -0.1756081 -0.9269843 0.3314541
vn -0.7109346 -0.6756843 0.1949939
vn -0.7289596 -0.6808453 -0.07118806
vn -0.8368809 -0.5442747 -0.05826925
vn -0.2991646 -0.9532845 -0.04182373
vn -0.2734522 -0.9595442 0.06707292
vn -0.5796922 -0.6844408 -0.4421512
vn -0.3152006 -0.6126205 -0.7248067
vn -0.338092 -0.4337808 -0.8351814
vn -0.1876408 -0.9190655 -0.346568
vn -0.2710678 -0.9403274 -0.2056859
vn -0.7289596 -0.6808453 -0.07118806
vn -0.2991646 -0.9532845 -0.04182373
vn 0 -1 0
vn 0 -0.9984323 0.05597133
vn 0.03818315 -0.9941766 0.1007714
vn 0.05125276 -0.9947325 0.08877227
vn 0.06817906 -0.9941766 0.0834532
vn 0.04847267 -0.9984323 0.02798569
vn 0.1063622 -0.9941766 0.01731826
vn 0.1025056 -0.9947325 0
vn 0.3523035 -0.9059436 0.2348371
vn 0.2656591 -0.9640671 0
vn 0.1063622 -0.9941766 -0.01731822
vn 0.3523035 -0.9059436 -0.2348371
vn 0.04847266 -0.9984323 -0.02798569
vn 0.06817909 -0.9941766 -0.08345329
vn 0.05125279 -0.9947325 -0.08877231
vn 0.3795266 -0.9059436 -0.1876853
vn 0.4669558 -0.8421815 -0.269597
vn 0.1840355 -0.7440658 -0.6422592
vn 0.4847291 -0.692471 -0.5343422
vn 0.6521841 -0.6579321 -0.3765385
vn 0.7051184 -0.6924708 -0.1526169
vn 0.7719356 -0.6262077 -0.1094502
vn 0.4807542 -0.6262079 -0.6137908
vn -0.1627369 -0.7180459 -0.6767027
vn -0.1369543 -0.9905775 0
vn 0.6881091 -0.6071857 -0.39728
vn 0.6017111 -0.7192066 -0.3473985
vn 0.6998331 -0.7110848 -0.06776535
vn 0.3748516 -0.9269844 -0.01364635
vn 0.1207011 -0.6086057 -0.7842386
vn -0.4498824 -0.6376466 -0.6253101
vn -0.2753789 -0.8835996 -0.3787062
vn -0.1988527 -0.5587254 -0.8051606
vn -0.4689034 -0.5442747 -0.6956254
vn 0.4086029 -0.7110845 -0.572191
vn 0.2448635 -0.9591953 -0.1413722
vn 0.2757313 -0.9502723 0.1447579
vn 0.07097066 -0.6920081 -0.7183926
vn -0.1865974 -0.6756843 -0.7131844
vn -0.4261308 -0.6808453 -0.5957032
vn 0.1992439 -0.9269843 -0.317808
vn 0.01250159 -0.9502723 -0.3111692
vn 0 -1 0
vn 0.1948133 -0.9595441 0.2032804
vn -0.07863937 -0.9595442 -0.2703531
vn 0 -1 0
vn 0.1133618 -0.9532845 0.279996
vn -0.1858027 -0.9532845 -0.238172
vn 0 -1 0
vn 0 -1 0
vn -0.04259544 -0.9403274 0.3375946
vn -0.3136632 -0.9403273 -0.1319088
vn -0.6727603 -0.6844407 -0.280953
vn -0.2618501 -0.9531943 0.1511795
vn -0.206316 -0.9190655 0.3357859
vn -0.3939575 -0.9190654 0.01078239
vn -0.09306756 -0.6844406 -0.7231041
vn -0.1064676 -0.5148989 -0.8506138
vn -0.5542416 -0.4337804 -0.7103878
vn -0.4701011 -0.6126191 -0.635376
vn 0.3679772 -0.5442749 -0.753895
vn 0.3165931 -0.6376467 -0.7022645
vn -0.1228258 -0.5349181 -0.8359284
vn -0.1064676 -0.5148989 -0.8506138
vn -0.1064676 -0.5148989 -0.8506138
vn -0.1228258 -0.5349181 -0.8359284
vn -0.6259789 -0.3673691 -0.6878883
vn -0.5542416 -0.4337804 -0.7103878
vn -0.2063165 -0.9190654 -0.3357858
vn -0.09306756 -0.6844406 -0.7231041
vn -0.4701011 -0.6126191 -0.635376
vn -0.04259513 -0.9403274 -0.3375945
vn -0.2618501 -0.9531944 -0.1511786
vn 0.3028288 -0.6808454 -0.6668916
vn -0.1064676 -0.5148989 -0.8506138
vn 0.3679772 -0.5442749 -0.753895
vn 0.5243371 -0.6756843 -0.5181904
vn 0.1133619 -0.9532845 -0.2799961
vn 0 -1 0
vn -0.3136635 -0.9403272 0.1319086
vn -0.3939579 -0.9190652 -0.01078249
vn -0.1858026 -0.9532845 0.2381721
vn 0 -1 0
vn 0 -1 0
vn -0.07863925 -0.9595442 0.2703532
vn 0.1948129 -0.9595442 -0.2032802
vn 0.6576315 -0.692008 -0.2977342
vn 0.2757311 -0.9502723 -0.1447579
vn 0 -1 0
vn 0.0125015 -0.9502723 0.3111692
vn 0.2448639 -0.9591953 0.1413722
vn 0.3748519 -0.9269843 0.01364626
vn 0.1992436 -0.9269844 0.3178078
vn 0.2757311 -0.9502723 -0.1447579
vn 0.3748519 -0.9269843 0.01364626
vn 0.6998333 -0.7110845 0.06776506
vn 0.6576315 -0.692008 -0.2977342
vn 0.7395213 -0.6086056 -0.287589
vn 0.7719357 -0.6262077 0.10945
vn 0.5978631 -0.5587253 -0.574792
vn 0.5243371 -0.6756843 -0.5181904
vn 0.3679772 -0.5442749 -0.753895
vn 0.3165931 -0.6376467 -0.7022645
vn 0.5046732 -0.7180462 -0.4792856
vn -0.06847727 -0.9905773 -0.1186059
vn 0.1328296 -0.9640671 0.2300675
vn 0.6482305 -0.744066 -0.1617504
vn 0.7051185 -0.6924708 0.1526166
vn 0.3795266 -0.9059436 0.1876852
vn -0.4498819 -0.6376469 0.6253101
vn -0.1369543 -0.9905775 0
vn -0.1627368 -0.7180463 0.6767026
vn -0.2753786 -0.8835996 0.3787062
vn -0.1164829 -0.9931927 0
vn -0.2753789 -0.8835996 -0.3787062
vn -0.1370095 -0.9778348 0.1583277
vn -0.508688 -0.857635 0.07549135
vn -0.8324451 -0.5513934 0.05477733
vn -0.4060035 -0.9138715 2.890243E-05
vn -0.5120869 -0.8557488 -0.07389879
vn -0.8324179 -0.5515301 -0.05380556
vn -0.1370094 -0.9778348 -0.1583276
vn 0.07097037 -0.6920082 0.7183926
vn -0.1988527 -0.558725 0.8051609
vn 0.1207007 -0.6086054 0.784239
vn -0.1865976 -0.6756841 0.7131846
vn -0.4689032 -0.5442747 0.6956255
vn -0.4261306 -0.6808451 0.5957035
vn -0.4261306 -0.6808451 0.5957035
vn -0.6727604 -0.6844407 0.2809527
vn -0.7898868 -0.5148991 0.3331031
vn -0.4689032 -0.5442747 0.6956255
vn -0.7853482 -0.534918 0.3115942
vn -0.4498819 -0.6376469 0.6253101
vn -0.2753786 -0.8835996 0.3787062
vn -0.8324451 -0.5513934 0.05477733
vn -0.8597776 -0.5069172 -0.06178671
vn -0.508688 -0.857635 0.07549135
vn -0.8084749 -0.5885282 -0.001748162
vn -0.4060035 -0.9138715 2.890243E-05
vn -0.9942476 -0.1071062 -0.0001284274
vn -0.9587376 -0.09414531 0.2682517
vn -0.8597745 -0.5068992 0.06197488
vn -0.5120869 -0.8557488 -0.07389879
vn -0.8324179 -0.5515301 -0.05380556
vn -0.9980878 -0.0618102 -2.093772E-07
vn -0.9591763 -0.06117623 -0.2761128
vn -0.9602571 -0.03881861 -0.2764046
vn -0.8653715 -0.038858 -0.499622
vn -0.8644002 -0.06123738 -0.4990615
vn -0.7195019 -0.03881862 -0.6934047
vn -0.7187088 -0.06117632 -0.6926148
vn -0.7199605 -0.01543578 -0.6938434
vn -0.8659223 -0.01545289 -0.4999398
vn -0.7198992 0.01919663 -0.693813
vn -0.8658659 0.01920651 -0.4999073
vn -0.7185515 0.06412164 -0.6925115
vn -0.9608662 -0.01543582 -0.2765825
vn -0.9992305 -0.0392231 -4.178635E-07
vn -0.8642409 0.06416138 -0.4989697
vn -0.7139054 0.1310403 -0.6878718
vn -0.8585978 0.1306894 -0.4957118
vn -0.9608093 0.01919641 -0.2765447
vn -0.9590082 0.0641215 -0.2760285
vn -0.9526671 0.1310403 -0.2743245
vn -0.9998784 -0.01559786 -4.762753E-07
vn -0.9591763 -0.0611763 0.2761128
vn -0.9998118 0.01939792 -4.050852E-07
vn -0.9978995 0.06478152 -1.749648E-07
vn -0.9602571 -0.0388185 0.2764046
vn -0.9608662 -0.01543567 0.2765825
vn -0.8644 -0.06123743 0.4990617
vn -0.9913601 0.1311679 2.391945E-07
vn -0.5345436 0.8309324 -0.1543192
vn -0.5645689 0.8253859 -5.911812E-07
vn -0.5345434 0.8309326 0.154319
vn -0.9608093 0.01919656 0.2765448
vn -0.8653713 -0.03885794 0.4996225
vn -0.9590082 0.06412152 0.2760285
vn -0.9526671 0.1310403 0.2743245
vn -0.8659218 -0.01545281 0.4999405
vn -0.8585979 0.1306894 0.4957115
vn -0.4848637 0.8285792 0.2799353
vn -0.4009164 0.8309315 0.3857704
vn -0.7139053 0.1310402 0.6878719
vn -0.7185515 0.06412161 0.6925115
vn -0.8642409 0.06416138 0.4989699
vn -0.7198992 0.01919645 0.6938131
vn -0.8658655 0.01920649 0.4999081
vn -0.7199606 -0.01543577 0.6938434
vn -0.7195019 -0.03881862 0.6934047
vn -0.7187089 -0.0611763 0.6926147
vn -0.4990438 -0.06181022 0.8643696
vn -0.4996153 -0.03922329 0.8653589
vn -0.4972347 -0.1071061 0.8609796
vn -0.7117165 -0.09400029 0.696149
vn -0.8639652 -0.06894853 0.4988088
vn -0.9322224 -0.08751258 0.351145
vn -0.8657847 -0.0239708 0.4998422
vn -0.9231912 -0.2736609 0.2698655
vn -0.7702136 -0.08749746 0.6317557
vn -0.3687838 -0.5513932 0.7483075
vn -0.4833975 -0.5069173 0.7136959
vn -0.1889666 -0.857635 0.4782824
vn -0.6953183 -0.2736408 0.6645699
vn -0.8567691 -0.1458 0.4946604
vn -0.834557 -0.2671221 0.4818303
vn -0.6259789 -0.3673692 0.6878883
vn -0.1228255 -0.5349177 0.8359288
vn -0.5542419 -0.4337814 0.7103871
vn -0.9087179 -0.3673697 0.1981697
vn -0.8167652 -0.3324565 0.4715584
vn -0.4701007 -0.6126201 0.6353755
vn -0.7853483 -0.5349184 -0.3115934
vn -0.2753789 -0.8835996 -0.3787062
vn -0.4498824 -0.6376466 -0.6253101
vn -0.4689034 -0.5442747 -0.6956254
vn -0.789887 -0.5148988 -0.3331033
vn -0.4261308 -0.6808453 -0.5957032
vn -0.6727603 -0.6844407 -0.280953
vn -0.8923346 -0.4337803 0.1247939
vn -0.7853022 -0.6126193 0.08943149
vn -0.7401963 -0.5191144 0.4273522
vn -0.2618501 -0.9531943 0.1511795
vn -0.206316 -0.9190655 0.3357859
vn -0.3939575 -0.9190654 0.01078239
vn -0.05824144 -0.9931927 -0.1008772
vn -0.06847727 -0.9905773 -0.1186059
vn -0.4656585 -0.8835996 -0.04913206
vn -0.2056206 -0.9778348 -0.03948976
vn -0.3197214 -0.857635 -0.4027909
vn -0.05824144 -0.9931927 -0.1008772
vn -0.3197214 -0.857635 -0.4027909
vn -0.203027 -0.9138713 -0.3515953
vn -0.1920458 -0.8557487 -0.4804296
vn 0.06861099 -0.9778348 -0.1978174
vn 0.1902795 -0.8835996 -0.4278381
vn -0.06847727 -0.9905773 -0.1186059
vn -0.369612 -0.5515299 -0.7477978
vn 0.3165931 -0.6376467 -0.7022645
vn -0.1228258 -0.5349181 -0.8359284
vn -0.4835593 -0.506899 -0.7135991
vn -0.1920458 -0.8557487 -0.4804296
vn -0.203027 -0.9138713 -0.3515953
vn -0.4027237 -0.5885276 -0.7010342
vn -0.7116815 -0.09414531 -0.6961653
vn -0.3197214 -0.857635 -0.4027909
vn -0.4970126 -0.1071061 -0.8611079
vn -0.3763802 -0.5069171 -0.7754825
vn -0.2470245 -0.09400028 -0.964439
vn -0.3939575 -0.9190654 0.01078239
vn -0.3136632 -0.9403273 -0.1319088
vn -0.6727603 -0.6844407 -0.280953
vn -0.7853022 -0.6126193 0.08943149
vn 0.5046731 -0.7180464 0.4792854
vn 0.1328297 -0.9640671 -0.2300674
vn 0.6482304 -0.7440661 0.16175
vn 0.7395211 -0.6086057 0.2875894
vn 0.5978634 -0.5587251 0.5747918
vn 0.6576314 -0.6920081 0.2977342
vn 0.5243372 -0.6756841 0.5181906
vn 0.3165935 -0.6376469 0.7022644
vn -0.06847725 -0.9905775 0.1186059
vn 0.1902795 -0.8835996 0.4278381
vn -0.1228255 -0.5349177 0.8359288
vn -0.3687838 -0.5513932 0.7483075
vn 0.3679776 -0.5442749 0.7538947
vn 0.3028289 -0.6808453 0.6668915
vn -0.1064674 -0.5148995 0.8506134
vn 0.1133618 -0.9532845 0.279996
vn 0.1948133 -0.9595441 0.2032804
vn -0.04259544 -0.9403274 0.3375946
vn -0.09306805 -0.6844409 0.7231039
vn -0.5542419 -0.4337814 0.7103871
vn -0.206316 -0.9190655 0.3357859
vn -0.4701007 -0.6126201 0.6353755
vn 0.6482304 -0.7440661 0.16175
vn 0.1328297 -0.9640671 -0.2300674
vn 0.3795266 -0.9059436 -0.1876853
vn 0.7051184 -0.6924708 -0.1526169
vn 0.7719356 -0.6262077 -0.1094502
vn 0.4669558 -0.8421815 -0.269597
vn 0.06817909 -0.9941766 -0.08345329
vn 0.04847266 -0.9984323 -0.02798569
vn 0.7395211 -0.6086057 0.2875894
vn 0.6998331 -0.7110848 -0.06776535
vn 0.6576314 -0.6920081 0.2977342
vn 0.2757313 -0.9502723 0.1447579
vn 0.3748516 -0.9269844 -0.01364635
vn 0.1948133 -0.9595441 0.2032804
vn 0.5243372 -0.6756841 0.5181906
vn 0.3679776 -0.5442749 0.7538947
vn -0.1064674 -0.5148995 0.8506134
vn -0.1228255 -0.5349177 0.8359288
vn 0.3165935 -0.6376469 0.7022644
vn -0.1064674 -0.5148995 0.8506134
vn -0.5542419 -0.4337814 0.7103871
vn -0.6259789 -0.3673692 0.6878883
vn -0.1228255 -0.5349177 0.8359288
vn 0.3795266 -0.9059436 -0.1876853
vn 0.1328297 -0.9640671 -0.2300674
vn 0.05125279 -0.9947325 -0.08877231
vn -0.02722313 -0.9059436 -0.4225223
vn -0.4641951 -0.7440658 -0.480509
vn 0.03818315 -0.9941766 -0.1007713
vn 0 -1 0
vn 0 -0.9984323 -0.05597133
vn -1.075462E-07 -0.8421816 -0.5391939
vn -0.03818315 -0.9941766 -0.1007714
vn 0.02722306 -0.9059436 -0.4225223
vn -0.05125276 -0.9947325 -0.08877227
vn -0.1328296 -0.9640671 -0.2300675
vn -0.3795266 -0.9059436 -0.1876852
vn -0.6482305 -0.744066 0.1617504
vn -0.7051185 -0.6924708 -0.1526166
vn -0.7719357 -0.6262077 -0.10945
vn -0.5046732 -0.7180462 0.4792856
vn 0.06847727 -0.9905773 0.1186059
vn -0.7395213 -0.6086056 0.287589
vn -0.6998333 -0.7110845 -0.06776506
vn -0.3165931 -0.6376467 0.7022645
vn -0.5978631 -0.5587253 0.574792
vn -0.3679772 -0.5442749 0.753895
vn -0.1902795 -0.8835996 0.4278381
vn 0.05824144 -0.9931927 0.1008772
vn -0.6576315 -0.692008 0.2977342
vn -0.5243371 -0.6756843 0.5181904
vn -0.3028288 -0.6808454 0.6668916
vn -0.1133619 -0.9532845 0.2799961
vn -0.1948129 -0.9595442 0.2032802
vn -0.2757311 -0.9502723 0.1447579
vn -0.3748519 -0.9269843 -0.01364626
vn -0.06861099 -0.9778348 0.1978174
vn 0.1920458 -0.8557487 0.4804296
vn 0.203027 -0.9138713 0.3515953
vn 0.369612 -0.5515299 0.7477978
vn -0.6625218 -0.5349185 0.5243348
vn -0.4656586 -0.8835996 0.04913207
vn -0.4628061 -0.5515298 0.6939924
vn -0.7664754 -0.6376468 0.07695461
vn -0.06847725 -0.9905775 0.1186059
vn -0.8368807 -0.544275 0.05826955
vn -0.6834192 -0.5148993 0.5175105
vn -0.6674102 -0.7180459 -0.197417
vn 0.1328297 -0.9640671 -0.2300674
vn -0.4641951 -0.7440658 -0.480509
vn -0.6188198 -0.6086058 -0.4966497
vn -0.796716 -0.5587254 -0.2303687
vn -0.5866609 -0.6920081 -0.4206587
vn -0.7109346 -0.6756843 -0.1949941
vn -0.7289594 -0.6808453 0.07118846
vn -0.5796928 -0.6844408 0.4421507
vn -0.2991647 -0.9532845 0.04182393
vn -0.2734523 -0.9595442 -0.06707276
vn -0.4641951 -0.7440658 -0.480509
vn -0.2203895 -0.692471 -0.6869588
vn -0.02722313 -0.9059436 -0.4225223
vn -0.2911813 -0.6262078 -0.7232409
vn -0.6188198 -0.6086058 -0.4966497
vn -0.2912307 -0.7110845 -0.6399559
vn -0.5866609 -0.6920081 -0.4206587
vn -0.2632296 -0.9502723 -0.1664113
vn -0.2734523 -0.9595442 -0.06707276
vn -0.7109346 -0.6756843 -0.1949941
vn -0.1756082 -0.9269843 -0.3314542
vn -5.360909E-07 -0.7192065 -0.6947964
vn -3.551337E-07 -0.9591953 -0.2827441
vn 0.1756081 -0.9269843 -0.3314541
vn 0.2632298 -0.9502723 -0.1664113
vn 0 -1 0
vn 0.2734522 -0.9595442 -0.06707292
vn 0 -1 0
vn -0.2991647 -0.9532845 0.04182393
vn 0.2991646 -0.9532845 0.04182373
vn 0 -1 0
vn 0 -1 0
vn 0.2710678 -0.9403274 0.2056859
vn -0.2710682 -0.9403273 0.2056859
vn -0.7289594 -0.6808453 0.07118846
vn -0.5796928 -0.6844408 0.4421507
vn 5.813291E-07 -0.9531946 0.3023576
vn 0.1876408 -0.9190655 0.346568
vn -0.187641 -0.9190652 0.3465686
vn -0.3152012 -0.6126193 0.7248074
vn -0.5796928 -0.6844408 0.4421507
vn -0.6834192 -0.5148993 0.5175105
vn -0.3380927 -0.4337807 0.8351812
vn -0.3152012 -0.6126193 0.7248074
vn 5.813291E-07 -0.9531946 0.3023576
vn -0.187641 -0.9190652 0.3465686
vn 0 -0.5191143 0.8547048
vn 0.3152006 -0.6126205 0.7248067
vn 0.1876408 -0.9190655 0.346568
vn 0.5796922 -0.6844408 0.4421512
vn 0.338092 -0.4337808 0.8351814
vn 0.6834193 -0.5148993 0.5175102
vn 0.2710678 -0.9403274 0.2056859
vn 0.7289596 -0.6808453 0.07118806
vn 0.2991646 -0.9532845 0.04182373
vn -0.2911813 -0.6262078 -0.7232409
vn -0.2912307 -0.7110845 -0.6399559
vn -5.360909E-07 -0.7192065 -0.6947964
vn -3.216011E-07 -0.6071857 -0.79456
vn -1.671636E-07 -0.6579321 -0.7530773
vn -0.2203895 -0.692471 -0.6869588
vn 0.2911811 -0.6262075 -0.7232411
vn -1.075462E-07 -0.8421816 -0.5391939
vn -0.02722313 -0.9059436 -0.4225223
vn 0.03818315 -0.9941766 -0.1007713
vn 0.2203891 -0.6924709 -0.686959
vn 0.02722306 -0.9059436 -0.4225223
vn 0.4641949 -0.7440661 -0.480509
vn -0.1328296 -0.9640671 -0.2300675
vn 0.6188204 -0.6086054 -0.4966494
vn 0.2912303 -0.7110845 -0.6399561
vn 0.1756081 -0.9269843 -0.3314541
vn 0.2632298 -0.9502723 -0.1664113
vn 0.586661 -0.6920081 -0.4206584
vn 0.2734522 -0.9595442 -0.06707292
vn 0.7109346 -0.6756843 -0.1949939
vn -0.320042 -0.8557485 0.4065313
vn -0.4628061 -0.5515298 0.6939924
vn -0.4656586 -0.8835996 0.04913207
vn -0.2056205 -0.9778348 0.0394897
vn -0.05824148 -0.9931927 0.1008771
vn -0.2029768 -0.9138713 0.3516241
vn -0.06847725 -0.9905775 0.1186059
vn -0.1889666 -0.857635 0.4782824
vn 0.1902795 -0.8835996 0.4278381
vn -0.3687838 -0.5513932 0.7483075
vn 0.06861106 -0.9778348 0.1978174
vn 0.7664756 -0.6376467 0.07695399
vn 0.4656585 -0.8835996 0.04913206
vn 0.06847727 -0.9905773 0.1186059
vn 0.6674102 -0.7180462 -0.1974171
vn -0.1328296 -0.9640671 -0.2300675
vn 0.4641949 -0.7440661 -0.480509
vn 0.6188204 -0.6086054 -0.4966494
vn 0.7967162 -0.5587248 -0.2303689
vn 0.586661 -0.6920081 -0.4206584
vn 0.8368809 -0.5442747 0.05826925
vn 0.7109346 -0.6756843 -0.1949939
vn 0.7289596 -0.6808453 0.07118806
vn 0.2991646 -0.9532845 0.04182373
vn 0.2734522 -0.9595442 -0.06707292
vn 0.6625229 -0.5349179 0.5243342
vn 0.463661 -0.5513934 0.6935299
vn 0.4656585 -0.8835996 0.04913206
vn 0.7664756 -0.6376467 0.07695399
vn 0.8368809 -0.5442747 0.05826925
vn 0.6834193 -0.5148993 0.5175102
vn 0.7289596 -0.6808453 0.07118806
vn 0.5796922 -0.6844408 0.4421512
vn -0.3762158 -0.5068991 0.775574
vn -0.320042 -0.8557485 0.4065313
vn -0.2029768 -0.9138713 0.3516241
vn -0.4057513 -0.5885282 0.6992857
vn -0.2470561 -0.0941451 0.9644169
vn -0.4972347 -0.1071061 0.8609796
vn -0.4833975 -0.5069173 0.7136959
vn -0.2470561 -0.0941451 0.9644169
vn -0.320042 -0.8557485 0.4065313
vn -0.3762158 -0.5068991 0.775574
vn -0.4628061 -0.5515298 0.6939924
vn -0.1620106 -0.08751301 0.9829008
vn -0.2278854 -0.2736612 0.9344399
vn -0.282739 -0.3673696 0.8860577
vn -1.009342E-06 -0.2671218 0.9636629
vn -0.6625218 -0.5349185 0.5243348
vn -0.6834192 -0.5148993 0.5175105
vn -0.3380927 -0.4337807 0.8351812
vn -1.001231E-06 -0.3324563 0.9431187
vn -0.3152012 -0.6126193 0.7248074
vn 0 -0.5191143 0.8547048
vn 0.3152006 -0.6126205 0.7248067
vn 0.338092 -0.4337808 0.8351814
vn 0.2827391 -0.3673689 0.8860579
vn 0.6834193 -0.5148993 0.5175102
vn 0.6625229 -0.5349179 0.5243342
vn 0.463661 -0.5513934 0.6935299
vn 0.2278746 -0.273641 0.9344483
vn 3.789019E-06 -0.1457998 0.9893141
vn -1.615011E-05 -0.02397165 0.9997126
vn 0.1620093 -0.08749891 0.9829023
vn -1.652527E-06 -0.06894851 0.9976202
vn 0.2470245 -0.09400028 0.964439
vn 0.3763802 -0.5069171 0.7754825
vn 0.3197214 -0.857635 0.4027909
vn -0.2404676 -0.06117625 0.9687274
vn -2.128748E-07 -0.06123728 0.9981232
vn -0.4990438 -0.06181022 0.8643696
vn -0.4972347 -0.1071061 0.8609796
vn -0.4996153 -0.03922329 0.8653589
vn -0.2407553 -0.03881869 0.9698093
vn -0.4999394 -0.01559791 0.8659198
vn 0.2404674 -0.06117615 0.9687274
vn 0.4970126 -0.1071061 0.8611079
vn 0.4990439 -0.06181019 0.8643695
vn 1.376011E-07 -0.038858 0.9992448
vn -0.2409059 -0.01543579 0.9704257
vn -0.4999062 0.01939801 0.8658623
vn 0.2407552 -0.03881858 0.9698093
vn 0.499615 -0.03922322 0.8653591
vn 5.802787E-07 -0.01545295 0.9998806
vn -0.2409103 0.01919662 0.9703575
vn -0.4989499 0.06478163 0.8642061
vn 0.2409058 -0.01543582 0.9704257
vn 0.4999385 -0.01559791 0.8659204
vn -0.2404567 0.06412161 0.9685397
vn -0.49568 0.1311678 0.8585432
vn -0.2387619 0.1310403 0.9621961
vn 7.26929E-07 0.01920654 0.9998155
vn 0.2409101 0.01919653 0.9703575
vn 0.499905 0.01939804 0.8658629
vn 6.999652E-07 0.06416143 0.9979395
vn 4.000495E-07 0.1306893 0.9914233
vn 0.2404567 0.06412163 0.9685397
vn 0.4989492 0.06478167 0.8642066
vn 0.2387619 0.1310402 0.9621961
vn 0.4956799 0.1311678 0.8585432
vn 0.6259789 -0.3673691 0.6878883
vn 0.1228258 -0.5349181 0.8359284
vn 0.369612 -0.5515299 0.7477978
vn 0.6953056 -0.2736614 0.6645748
vn 0.8345562 -0.2671211 0.481832
vn 0.5542416 -0.4337804 0.7103878
vn 0.7702117 -0.08751229 0.6317559
vn 0.8657686 -0.02397124 0.4998701
vn 0.7116815 -0.09414531 0.6961653
vn 0.1920458 -0.8557487 0.4804296
vn 0.4835593 -0.506899 0.7135991
vn 0.8639639 -0.06894841 0.4988112
vn 0.958741 -0.09400026 0.2682902
vn 0.8644002 -0.06123738 0.4990614
vn 0.9591763 -0.06117624 0.2761128
vn 0.7187088 -0.06117632 0.6926148
vn 0.8653715 -0.03885803 0.4996221
vn 0.9602571 -0.03881863 0.2764046
vn 0.4990439 -0.06181019 0.8643695
vn 0.4970126 -0.1071061 0.8611079
vn 0.499615 -0.03922322 0.8653591
vn 0.7195019 -0.03881862 0.6934047
vn 0.4999385 -0.01559791 0.8659204
vn 0.7199605 -0.01543578 0.6938434
vn 0.499905 0.01939804 0.8658629
vn 0.8659223 -0.01545289 0.4999398
vn 0.9608662 -0.01543582 0.2765825
vn 0.7198992 0.01919663 0.693813
vn 0.4989492 0.06478167 0.8642066
vn 0.8658659 0.01920651 0.4999073
vn 0.9608093 0.01919641 0.2765447
vn 0.7185515 0.06412164 0.6925115
vn 0.4956799 0.1311678 0.8585432
vn 0.8642411 0.06416139 0.4989697
vn 0.7139054 0.1310403 0.6878718
vn 0.8585978 0.1306894 0.4957118
vn -0.3028288 -0.6808454 0.6668916
vn -0.3679772 -0.5442749 0.753895
vn 0.1064676 -0.5148989 0.8506138
vn 0.09306756 -0.6844406 0.7231041
vn 0.5542416 -0.4337804 0.7103878
vn 0.4701011 -0.6126191 0.635376
vn 0.2063165 -0.9190654 0.3357858
vn 0.04259513 -0.9403274 0.3375945
vn -0.1133619 -0.9532845 0.2799961
vn -0.3679772 -0.5442749 0.753895
vn 0.1228258 -0.5349181 0.8359284
vn 0.1064676 -0.5148989 0.8506138
vn 0.6259789 -0.3673691 0.6878883
vn 0.5542416 -0.4337804 0.7103878
vn 0.2618501 -0.9531944 0.1511786
vn 0.2063165 -0.9190654 0.3357858
vn 0.4701011 -0.6126191 0.635376
vn 0.7401961 -0.5191146 0.4273519
vn 0.8167644 -0.3324567 0.4715596
vn 0.7853016 -0.6126201 0.08943156
vn 0.3939579 -0.9190652 0.01078249
vn 0.8923342 -0.433781 0.1247942
vn -0.07097037 -0.6920082 -0.7183926
vn 0.1988527 -0.558725 -0.8051609
vn -0.1207007 -0.6086054 -0.784239
vn 0.1865976 -0.6756841 -0.7131846
vn 0.4689032 -0.5442747 -0.6956255
vn 0.4261306 -0.6808451 -0.5957035
vn 0.3136635 -0.9403272 -0.1319086
vn 0.6727604 -0.6844407 -0.2809527
vn 0.4261306 -0.6808451 -0.5957035
vn 0.1858026 -0.9532845 -0.2381721
vn 0.05824144 -0.9931927 0.1008772
vn 0.06847727 -0.9905773 0.1186059
vn 0.4656585 -0.8835996 0.04913206
vn 0.2056206 -0.9778348 0.03948976
vn 0.3197214 -0.857635 0.4027909
vn 0.203027 -0.9138713 0.3515953
vn 0.463661 -0.5513934 0.6935299
vn 0.4835593 -0.506899 0.7135991
vn 0.1920458 -0.8557487 0.4804296
vn 0.203027 -0.9138713 0.3515953
vn 0.4027237 -0.5885276 0.7010342
vn 0.7116815 -0.09414531 0.6961653
vn 0.3197214 -0.857635 0.4027909
vn 0.4970126 -0.1071061 0.8611079
vn 0.3763802 -0.5069171 0.7754825
vn 0.2470245 -0.09400028 0.964439
vn 0.4990438 -0.06181022 -0.8643696
vn 0.2470561 -0.0941451 -0.9644169
vn 0.4972347 -0.1071061 -0.8609796
vn 0.2404676 -0.06117625 -0.9687274
vn 0.4996153 -0.03922329 -0.8653589
vn 0.2407553 -0.03881869 -0.9698093
vn 0.4999394 -0.01559791 -0.8659198
vn 0.2409059 -0.01543579 -0.9704257
vn 0.4999063 0.01939802 -0.8658623
vn 0.2409103 0.01919662 -0.9703575
vn 0.4989499 0.06478165 -0.8642061
vn 0.2404567 0.06412161 -0.9685397
vn 0.49568 0.1311678 -0.8585432
vn 0.2387619 0.1310403 -0.9621961
vn -0.7139053 0.1310402 0.6878719
vn -0.49568 0.1311678 0.8585432
vn -0.4989499 0.06478163 0.8642061
vn -0.7185515 0.06412161 0.6925115
vn -0.4999062 0.01939801 0.8658623
vn -0.7198992 0.01919645 0.6938131
vn -0.4999394 -0.01559791 0.8659198
vn -0.7199606 -0.01543577 0.6938434
vn -0.4996153 -0.03922329 0.8653589
vn -0.7195019 -0.03881862 0.6934047
vn 0.04275979 0.9990069 -0.01252607
vn 0.04022022 0.998921 -0.02322104
vn 0.8429723 0.2291977 -0.4866889
vn 0.9345647 0.2293604 -0.2719973
vn 0.8640774 0.06702971 -0.4988759
vn 0.9580739 0.06695796 -0.2785876
vn 0.9740947 0.2261399 -2.12307E-06
vn 0.7203004 0.06695801 -0.690423
vn 0.7028381 0.229361 -0.6733587
vn 0.498851 0.06776343 -0.8640346
vn 0.4870454 0.2261399 -0.8435921
vn 0.4995725 0.04133219 -0.8652855
vn 0.7212757 0.04084458 -0.6914427
vn 0.4999529 0.01365181 -0.865945
vn 0.8653012 0.04088642 -0.4995819
vn 0.7218238 0.01348491 -0.6919456
vn 0.4999275 -0.01695636 -0.8659012
vn 0.9977015 0.06776337 3.00311E-07
vn 0.9345647 0.2293612 0.2719966
vn 0.9594446 0.04084469 -0.2789223
vn 0.7217763 -0.01675759 -0.6919234
vn 0.4991964 -0.05665639 -0.8646346
vn 0.8659467 0.01350083 -0.4999542
vn 0.958074 0.06695805 0.2785871
vn 0.842971 0.229198 0.486691
vn 0.8640779 0.0670298 0.4988752
vn 0.7207476 -0.05599701 -0.6909322
vn 0.4998025 -0.0280883 -0.8656839
vn 0.9991455 0.04133211 -3.782062E-07
vn 0.9594448 0.04084463 0.2789219
vn 0.8653012 0.04088647 0.4995819
vn 0.8659037 -0.01677482 -0.4999293
vn 0.9601541 0.01348505 -0.2791455
vn 0.9999068 0.01365193 -7.737585E-07
vn 0.9601542 0.013485 0.2791451
vn 0.9601113 -0.01675743 -0.2791155
vn 0.864664 -0.05605196 -0.4992137
vn 0.9998562 -0.0169563 -7.713641E-07
vn 0.8659463 0.01350091 0.4999548
vn 0.7212762 0.04084476 0.6914423
vn 0.7218241 0.01348501 0.6919452
vn 0.8659033 -0.01677471 0.4999301
vn 0.9601114 -0.01675749 0.2791149
vn 0.9587385 -0.05599706 -0.2787201
vn 0.7217062 -0.02862852 -0.6916072
vn 0.9587386 -0.05599704 0.2787196
vn 0.8646637 -0.0560519 0.4992144
vn 0.9983937 -0.05665652 -7.499385E-07
vn 0.8656801 -0.02823395 -0.4998007
vn 0.3965652 0.8353375 -0.3807197
vn 0.2655054 0.8473642 -0.4598705
vn 0.4690574 0.8406231 -0.2708097
vn 0.5279955 0.8353373 -0.1530759
vn 0.9598023 -0.02862853 -0.2792128
vn 0.9996055 -0.02808843 -4.904377E-07
vn 0.5310115 0.8473646 3.253123E-07
vn 0.5279952 0.8353375 0.1530764
vn 0.9598024 -0.02862877 0.2792124
vn 0.86568 -0.0282341 0.4998009
vn 0.7207476 -0.05599692 0.6909322
vn 0.4690575 0.8406231 0.2708098
vn 0.3965655 0.8353373 0.3807194
vn 0.7217063 -0.02862859 0.6916072
vn 0.04780945 0.9988564 0
vn 0.04275979 0.9990069 -0.01252607
vn 0.9345647 0.2293604 -0.2719973
vn 0.9740947 0.2261399 -2.12307E-06
vn 0.0427594 0.9990069 0.01252591
vn 0.9345647 0.2293612 0.2719966
vn 0.0402201 0.998921 0.02322114
vn 0.842971 0.229198 0.486691
vn 0.03222781 0.9990069 0.03076801
vn 0.7028388 0.2293607 0.6733581
vn 0.4870493 0.22614 0.8435898
vn 0.720301 0.06695803 0.6904224
vn 0.4988504 0.06776337 0.864035
vn 0.03222754 0.9990069 -0.03076772
vn 0.4870454 0.2261399 -0.8435921
vn 0.7028381 0.229361 -0.6733587
vn 0.02390466 0.9988564 -0.04140422
vn 0 1 0
vn 0.04022022 0.998921 -0.02322104
vn 0.04275979 0.9990069 -0.01252607
vn 0.04780945 0.9988564 0
vn 0.0427594 0.9990069 0.01252591
vn 0.0402201 0.998921 0.02322114
vn 0.03222781 0.9990069 0.03076801
vn 0.02390476 0.9988564 0.04140417
vn 0.01053198 0.9990069 -0.04329421
vn 0.2317258 0.2293607 -0.9453554
vn 0.7028388 0.2293607 0.6733581
vn 1.346821E-06 0.2291981 -0.9733799
vn 0.4870493 0.22614 0.8435898
vn 0 0.998921 -0.0464423
vn -0.2317263 0.2293613 -0.9453552
vn 0.01053188 0.9990069 0.04329379
vn 0.2317263 0.2293613 0.9453552
vn -0.01053188 0.9990069 -0.04329379
vn -0.4870493 0.22614 -0.8435898
vn 0 0.998921 0.0464423
vn -1.346821E-06 0.2291981 0.9733799
vn -0.02390476 0.9988564 -0.04140417
vn -0.7028388 0.2293607 -0.6733581
vn -0.03222781 0.9990069 -0.03076801
vn -0.0402201 0.998921 -0.02322114
vn -0.0427594 0.9990069 -0.01252591
vn -0.04780945 0.9988564 0
vn -0.04275979 0.9990069 0.01252607
vn -0.04022022 0.998921 0.02322104
vn -0.03222754 0.9990069 0.03076772
vn -0.01053198 0.9990069 0.04329421
vn -0.2317258 0.2293607 0.9453554
vn -0.02390466 0.9988564 0.04140422
vn -0.4870454 0.2261399 0.8435921
vn -0.7028381 0.229361 0.6733587
vn 0.04022022 0.998921 -0.02322104
vn 0.03222754 0.9990069 -0.03076772
vn 0.7028381 0.229361 -0.6733587
vn 0.8429723 0.2291977 -0.4866889
vn -0.03222781 0.9990069 -0.03076801
vn -0.842971 0.229198 -0.486691
vn -0.7028388 0.2293607 -0.6733581
vn -0.0402201 0.998921 -0.02322114
vn -0.9345647 0.2293612 -0.2719966
vn -0.0427594 0.9990069 -0.01252591
vn -0.9740947 0.2261399 2.12307E-06
vn -0.04780945 0.9988564 0
vn 0.3965655 0.8353373 0.3807194
vn 0.2655064 0.8473647 0.4598689
vn 0.4998029 -0.0280885 0.8656837
vn 0.7217063 -0.02862859 0.6916072
vn 0.4991973 -0.05665633 0.8646341
vn 0.7207476 -0.05599692 0.6909322
vn 0.86568 -0.0282341 0.4998009
vn 0.4999285 -0.01695636 0.8659006
vn 0.7217765 -0.01675745 0.6919233
vn 0.8646637 -0.0560519 0.4992144
vn 0.8659033 -0.01677471 0.4999301
vn 0.4999539 0.01365184 0.8659444
vn 0.7218241 0.01348501 0.6919452
vn 0.499573 0.04133214 0.8652852
vn 0.7212762 0.04084476 0.6914423
vn 0.4988504 0.06776337 0.864035
vn 0.720301 0.06695803 0.6904224
vn 0.8653012 0.04088647 0.4995819
vn 0.8640779 0.0670298 0.4988752
vn 0.7028388 0.2293607 0.6733581
vn 0.842971 0.229198 0.486691
vn -0.1314302 0.8353382 0.5337942
vn -0.2655054 0.8473642 0.4598705
vn -0.4998025 -0.0280883 0.8656839
vn -0.238096 -0.02862847 0.9708195
vn -0.1314302 0.8353382 0.5337942
vn -0.238096 -0.02862847 0.9708195
vn 0 -0.02823404 0.9996014
vn 0 0.8406237 0.5416196
vn 0.1314303 0.8353375 0.5337954
vn 0.238096 -0.02862871 0.9708195
vn 0.4998029 -0.0280885 0.8656837
vn 0.2655064 0.8473647 0.4598689
vn -0.3965652 0.8353375 0.3807197
vn -0.4998025 -0.0280883 0.8656839
vn -0.2655054 0.8473642 0.4598705
vn -0.7217062 -0.02862852 0.6916072
vn -0.8656801 -0.02823395 0.4998007
vn -0.4690574 0.8406231 0.2708097
vn -0.5279955 0.8353373 0.1530759
vn -0.7207476 -0.05599701 0.6909322
vn -0.4991963 -0.05665639 0.8646346
vn -0.864664 -0.05605196 0.4992137
vn -0.7217763 -0.01675759 0.6919234
vn -0.4999275 -0.01695636 0.8659012
vn -0.8659037 -0.01677482 0.4999293
vn -0.7218238 0.01348491 0.6919456
vn -0.4999529 0.01365181 0.865945
vn -0.8659467 0.01350083 0.4999542
vn -0.7212757 0.04084458 0.6914427
vn -0.4995725 0.04133219 0.8652855
vn -0.8653012 0.04088642 0.4995819
vn -0.7203004 0.06695801 0.690423
vn -0.498851 0.06776343 0.8640346
vn -0.8640774 0.06702971 0.4988759
vn -0.7028381 0.229361 0.6733587
vn -0.4870454 0.2261399 0.8435921
vn -0.8429723 0.2291977 0.4866889
vn -0.04022022 0.998921 0.02322104
vn -0.04275979 0.9990069 0.01252607
vn -0.9345647 0.2293604 0.2719973
vn -0.04780945 0.9988564 0
vn -0.9740947 0.2261399 2.12307E-06
vn -0.9580739 0.06695796 0.2785876
vn -0.9594446 0.04084469 0.2789223
vn -0.9977015 0.06776337 -3.00311E-07
vn -0.9345647 0.2293612 -0.2719966
vn -0.9601541 0.01348505 0.2791455
vn -0.958074 0.06695805 -0.2785871
vn -0.842971 0.229198 -0.486691
vn -0.9991455 0.04133211 3.782062E-07
vn -0.9594448 0.04084463 -0.2789219
vn -0.9999068 0.01365193 7.737585E-07
vn -0.9601542 0.013485 -0.2791451
vn -0.9998562 -0.0169563 7.713641E-07
vn -0.9601113 -0.01675743 0.2791155
vn -0.9587385 -0.05599706 0.2787201
vn -0.9598023 -0.02862853 0.2792128
vn -0.9996055 -0.02808843 4.904377E-07
vn -0.5310115 0.8473646 -3.253123E-07
vn -0.5279952 0.8353375 -0.1530764
vn -0.9598024 -0.02862877 -0.2792124
vn -0.86568 -0.0282341 -0.4998009
vn -0.4690575 0.8406231 -0.2708098
vn -0.3965655 0.8353373 -0.3807194
vn -0.2655064 0.8473647 -0.4598689
vn -0.4998029 -0.02808849 -0.8656837
vn -0.7217063 -0.02862859 -0.6916072
vn -0.4991973 -0.05665633 -0.8646341
vn -0.86568 -0.0282341 -0.4998009
vn -0.4690575 0.8406231 -0.2708098
vn -0.7207476 -0.05599693 -0.6909322
vn -0.4999286 -0.01695636 -0.8659006
vn -0.8646637 -0.0560519 -0.4992144
vn -0.9598024 -0.02862877 -0.2792124
vn -0.7217765 -0.01675745 -0.6919233
vn -0.4999539 0.01365184 -0.8659443
vn -0.9587386 -0.05599704 -0.2787196
vn -0.9996055 -0.02808843 4.904377E-07
vn -0.8659033 -0.01677471 -0.4999301
vn -0.7218241 0.01348501 -0.6919452
vn -0.499573 0.04133214 -0.8652852
vn -0.9983937 -0.05665652 7.499385E-07
vn -0.9598023 -0.02862853 0.2792128
vn -0.9587385 -0.05599706 0.2787201
vn -0.9998562 -0.0169563 7.713641E-07
vn -0.9601114 -0.01675749 -0.2791149
vn -0.9601542 0.013485 -0.2791451
vn -0.8659463 0.01350091 -0.4999548
vn -0.7212762 0.04084476 -0.6914423
vn -0.4988505 0.06776337 -0.8640349
vn -0.8653012 0.04088647 -0.4995819
vn -0.9594448 0.04084463 -0.2789219
vn -0.7203009 0.06695803 -0.6904224
vn -0.4870493 0.22614 -0.8435898
vn -0.7028388 0.2293607 -0.6733581
vn -0.8640779 0.0670298 -0.4988752
vn -0.958074 0.06695805 -0.2785871
vn -0.842971 0.229198 -0.486691
vn 0.1314302 0.8353382 -0.5337942
vn 0.2655054 0.8473642 -0.4598705
vn 0.4998025 -0.0280883 -0.8656839
vn 0.238096 -0.02862847 -0.9708195
vn 0 -0.02823404 -0.9996014
vn 0 0.8406237 -0.5416196
vn -0.1314303 0.8353375 -0.5337954
vn -0.238096 -0.0286287 -0.9708195
vn -0.4998029 -0.02808849 -0.8656837
vn -0.2655064 0.8473647 -0.4598689
vn 0.2377734 0.06695799 0.96901
vn 0.4988504 0.06776337 0.864035
vn 0.499573 0.04133214 0.8652852
vn 0.2381689 0.04084457 0.9703645
vn 0.4999539 0.01365184 0.8659444
vn 0.2383305 0.01348494 0.9710905
vn 0.4999285 -0.01695636 0.8659006
vn 0.2383351 -0.01675757 0.9710385
vn 0.4991973 -0.05665633 0.8646341
vn 5.823923E-07 0.06702976 0.9977509
vn 1.463789E-07 0.04088647 0.9991637
vn -1.346821E-06 0.2291981 0.9733799
vn 0.2317263 0.2293613 0.9453552
vn -0.2317258 0.2293607 0.9453554
vn -0.2377729 0.0669581 0.9690101
vn -0.2381685 0.04084481 0.9703646
vn 0 0.01350087 0.9999089
vn -0.2383303 0.01348497 0.9710905
vn -1.206297E-07 -0.01677485 0.9998593
vn 0.237991 -0.05599694 0.9696518
vn -1.858623E-07 -0.05605195 0.9984279
vn 0.238096 -0.02862871 0.9708195
vn 0.4998029 -0.0280885 0.8656837
vn 0 -0.02823404 0.9996014
vn -0.4991963 -0.05665639 0.8646346
vn -0.238096 -0.02862847 0.9708195
vn -0.4998025 -0.0280883 0.8656839
vn -0.2379909 -0.05599697 0.9696519
vn 0 -0.02823404 0.9996014
vn -0.4999275 -0.01695636 0.8659012
vn -1.858623E-07 -0.05605195 0.9984279
vn -0.2383349 -0.01675752 0.9710385
vn -1.206297E-07 -0.01677485 0.9998593
vn -0.4999529 0.01365181 0.865945
vn -0.2383303 0.01348497 0.9710905
vn -0.4995725 0.04133219 0.8652855
vn -0.2381685 0.04084481 0.9703646
vn -0.498851 0.06776343 0.8640346
vn -0.2377729 0.0669581 0.9690101
vn -0.4870454 0.2261399 0.8435921
vn -0.2317258 0.2293607 0.9453554
vn 0.4991964 -0.05665639 -0.8646346
vn 0.238096 -0.02862847 -0.9708195
vn 0.4998025 -0.0280883 -0.8656839
vn 0.2379909 -0.05599697 -0.9696519
vn 0.4999275 -0.01695636 -0.8659012
vn 0 -0.02823404 -0.9996014
vn 0.2383349 -0.01675752 -0.9710385
vn 0.4999529 0.01365181 -0.865945
vn 1.858623E-07 -0.05605195 -0.9984279
vn -0.238096 -0.0286287 -0.9708195
vn 0.2383303 0.01348497 -0.9710905
vn 0.4995725 0.04133219 -0.8652855
vn 1.206297E-07 -0.01677485 -0.9998593
vn -0.237991 -0.05599694 -0.9696518
vn -0.4998029 -0.02808849 -0.8656837
vn -0.4991973 -0.05665633 -0.8646341
vn -0.2383351 -0.01675756 -0.9710385
vn -0.4999286 -0.01695636 -0.8659006
vn 0.2381685 0.04084481 -0.9703646
vn 0.498851 0.06776343 -0.8640346
vn 0 0.01350087 -0.9999089
vn -0.2383305 0.01348494 -0.9710905
vn -0.4999539 0.01365184 -0.8659443
vn 0.2377729 0.0669581 -0.9690101
vn 0.4870454 0.2261399 -0.8435921
vn -1.463789E-07 0.04088647 -0.9991637
vn -5.823923E-07 0.06702976 -0.9977509
vn -0.238169 0.04084458 -0.9703645
vn -0.499573 0.04133214 -0.8652852
vn -0.2377734 0.06695799 -0.96901
vn -0.4988505 0.06776337 -0.8640349
vn 1.346821E-06 0.2291981 -0.9733799
vn 0.2317258 0.2293607 -0.9453554
vn -0.2317263 0.2293613 -0.9453552
vn -0.4870493 0.22614 -0.8435898
vn 0.2317258 0.2293607 -0.9453554
vn -5.823923E-07 0.06702976 -0.9977509
vn 0.2377729 0.0669581 -0.9690101
vn 0.4870454 0.2261399 -0.8435921
vn 0.2317263 0.2293613 0.9453552
vn 0.4870493 0.22614 0.8435898
vn 0.4988504 0.06776337 0.864035
vn 0.2377734 0.06695799 0.96901
vn 0 1 1.073628E-06
vn -0.4848637 0.8285792 0.2799353
vn -0.5345434 0.8309326 0.154319
vn -0.5645689 0.8253859 -5.911812E-07
vn 0 1 2.391018E-06
vn 0 1 1.298299E-06
vn -0.4009164 0.8309315 0.3857704
vn -0.2822849 0.8253843 0.4889335
vn 0 1 4.008132E-07
vn 0.5279955 0.8353373 -0.1530759
vn 0.4690574 0.8406231 -0.2708097
vn 0.5310115 0.8473646 3.253123E-07
vn 0.3965652 0.8353375 -0.3807197
vn 0.5279952 0.8353375 0.1530764
vn 0 1 1.661467E-07
vn -0.5345436 0.8309324 -0.1543192
vn -0.484864 0.8285794 -0.279934
vn 0 1 1.030144E-06
vn 0.2655054 0.8473642 -0.4598705
vn 0.1314302 0.8353382 -0.5337942
vn 0 1 -3.193167E-07
vn 0.4690575 0.8406231 0.2708098
vn 0.3965655 0.8353373 0.3807194
vn 0 1 2.845118E-06
vn -0.1336284 0.8309323 0.5400879
vn 1.201593E-07 0.8285791 0.559872
vn 0 1 2.220726E-06
vn -0.4009167 0.830933 -0.385767
vn -0.2822847 0.8253852 -0.4889321
vn 0 1 2.612651E-06
vn 0 0.8406237 -0.5416196
vn -0.1314303 0.8353375 -0.5337954
vn 0 1 -1.717588E-06
vn 0.2655064 0.8473647 0.4598689
vn 0.1314303 0.8353375 0.5337954
vn 0 1 4.857233E-06
vn 0.1336283 0.8309319 0.5400885
vn 0.2822847 0.8253852 0.4889321
vn 0 1 -4.857233E-06
vn -0.1336283 0.8309319 -0.5400885
vn -1.201593E-07 0.8285791 -0.559872
vn 0 1 1.717588E-06
vn -0.2655064 0.8473647 -0.4598689
vn -0.3965655 0.8353373 -0.3807194
vn 0 1 -2.612651E-06
vn 0 0.8406237 0.5416196
vn -0.1314302 0.8353382 0.5337942
vn 0 1 -2.220726E-06
vn 0.4009167 0.830933 0.385767
vn 0.484864 0.8285794 0.279934
vn 0 1 -2.845118E-06
vn 0.1336284 0.8309323 -0.5400879
vn 0.2822849 0.8253843 -0.4889335
vn 0 1 3.193167E-07
vn -0.4690575 0.8406231 -0.2708098
vn -0.5279952 0.8353375 -0.1530764
vn 0 1 -1.030144E-06
vn -0.2655054 0.8473642 0.4598705
vn -0.3965652 0.8353375 0.3807197
vn 0 1 -1.661467E-07
vn 0.5345436 0.8309324 0.1543192
vn 0.5645689 0.8253859 5.911812E-07
vn 0 1 -1.298299E-06
vn 0.4009164 0.8309315 -0.3857704
vn 0.4848637 0.8285792 -0.2799353
vn 0 1 -4.008132E-07
vn -0.5310115 0.8473646 -3.253123E-07
vn -0.5279955 0.8353373 0.1530759
vn 0 1 -2.391018E-06
vn -0.4690574 0.8406231 0.2708097
vn 0 1 -1.073628E-06
vn 0.5345434 0.8309326 -0.154319
vn -0.6674102 -0.7180462 0.1974171
vn -0.06847727 -0.9905773 -0.1186059
vn 0.1328296 -0.9640671 0.2300675
vn -0.4641949 -0.7440661 0.480509
vn -0.6188204 -0.6086054 0.4966494
vn -0.7664756 -0.6376467 -0.07695399
vn -0.4656585 -0.8835996 -0.04913206
vn -0.6625229 -0.5349179 -0.5243342
vn -0.8368809 -0.5442747 -0.05826925
vn -0.7967162 -0.5587248 0.2303689
vn -0.586661 -0.6920081 0.4206584
vn -0.7109346 -0.6756843 0.1949939
vn 0.02967202 0.9991603 -0.02825147
vn 0.4879256 0.2184195 -0.8451163
vn 0.7042138 0.221487 -0.6745566
vn 0.0002385709 0.9999995 -0.0009639486
vn -2.752862E-07 0.9999994 -0.001094708
vn -3.628889E-07 0.8273507 -0.5616857
vn 0.1341362 0.829666 -0.5419059
vn 0.2831393 0.8242164 -0.4904075
vn 0.0008400801 0.9999986 -0.001455349
vn 0.0007093529 0.9999995 -0.0006826353
vn 0.4954589 0.1344673 -0.8581602
vn 0.2387399 0.1344187 -0.9617354
vn 0.4022379 0.8296663 -0.3871157
vn 0.4864351 0.82735 -0.2808431
vn 0.0009423819 0.9999994 -0.0005440408
vn 0.0009497403 0.9999995 -0.0002718075
vn 0.5363715 0.8296666 -0.1547871
vn 0.5662757 0.8242159 0
vn 0.001683468 0.9999986 -2.148523E-07
vn 0.0009485792 0.9999995 0.0002709964
vn 0.5363726 0.8296658 0.1547875
vn 0.4864351 0.8273497 0.2808441
vn 0.0009416954 0.9999994 0.0005447032
vn 0.0007081208 0.9999995 0.000685042
vn 0.858208 0.1340594 0.4954868
vn 0.9522571 0.134419 0.2741132
vn 0.4022363 0.829666 0.3871178
vn 0.7135178 0.1344189 0.687622
vn 0.4954586 0.1344671 0.8581604
vn 0.2831365 0.824217 0.490408
vn 0.0008390899 0.9999986 0.001451242
vn 0.0002384855 0.9999995 0.0009562874
vn 0.1341347 0.8296669 0.5419048
vn 0.2387393 0.1344186 0.9617355
vn 4.311551E-07 0.8273503 0.5616862
vn 2.766513E-07 0.9999994 0.001094706
vn -0.0002385721 0.9999995 0.0009639474
vn -0.1341355 0.8296655 0.5419066
vn -0.2831388 0.8242157 0.4904091
vn -0.0008408533 0.9999986 0.001459635
vn -0.000710785 0.9999995 0.0006866824
vn -0.4022379 0.8296653 0.3871177
vn -0.4864354 0.8273497 0.2808435
vn -0.0009430863 0.9999994 0.0005440391
vn -0.0009489316 0.9999995 0.0002715815
vn -0.5363709 0.8296669 0.1547873
vn -0.5662745 0.8242168 0
vn -0.001681926 0.9999986 0
vn -0.0009469554 0.9999995 -0.0002716575
vn -0.5363719 0.8296662 -0.1547875
vn -0.486435 0.8273498 -0.2808439
vn -0.0009410325 0.9999994 -0.0005453498
vn -0.0007087021 0.9999995 -0.0006868415
vn -0.4022362 0.8296662 -0.3871177
vn -0.2831364 0.8242171 -0.4904079
vn -0.0008395138 0.9999986 -0.001452956
vn -0.0002384832 0.9999995 -0.0009562871
vn -0.1341349 0.8296669 -0.5419047
vn -3.628889E-07 0.8273507 -0.5616857
vn -2.752862E-07 0.9999994 -0.001094708
vn -0.4022362 0.8296662 -0.3871177
vn -0.4954587 0.1344672 -0.8581603
vn -0.2831364 0.8242171 -0.4904079
vn -0.7135178 0.1344189 -0.687622
vn -0.8582079 0.1340594 -0.495487
vn -0.486435 0.8273498 -0.2808439
vn -0.5363719 0.8296662 -0.1547875
vn -0.7184793 0.06431697 -0.6925682
vn -0.498943 0.06497581 -0.8641956
vn -0.7198365 0.01919887 -0.6938781
vn -0.8642301 0.06435629 -0.4989635
vn -0.8658658 0.01920843 -0.4999075
vn -0.8659221 -0.01545124 -0.4999402
vn -0.952257 0.1344189 -0.2741135
vn -0.9590213 0.06431709 -0.2759375
vn -0.9608342 0.01919877 -0.2764581
vn -0.990918 0.1344674 2.792781E-07
vn -0.5662745 0.8242168 0
vn -0.5363709 0.8296669 0.1547873
vn -0.9978868 0.06497595 -1.00404E-07
vn -0.9608912 -0.01543443 -0.276496
vn -0.9998118 0.01939967 -2.819559E-07
vn -0.9998784 -0.01559593 -2.766314E-07
vn -0.9522571 0.1344188 0.274113
vn -0.9590214 0.06431706 0.2759371
vn -0.9608343 0.01919889 0.2764578
vn -0.8582079 0.1340593 0.4954869
vn -0.4864354 0.8273497 0.2808435
vn -0.4022379 0.8296653 0.3871177
vn -0.7135174 0.1344191 0.6876224
vn -0.7184792 0.06431732 0.6925684
vn -0.8642299 0.06435641 0.4989638
vn -0.8658654 0.01920835 0.499908
vn -0.9608912 -0.01543441 0.2764958
vn -0.8659216 -0.01545134 0.4999409
vn -0.7198979 -0.01543464 0.6939083
vn -0.7194386 -0.03881978 0.6934704
vn -0.4996156 -0.03922332 0.8653589
vn -0.9602823 -0.03881994 0.2763169
vn -0.865371 -0.03885833 0.4996228
vn -0.9992305 -0.03922322 -1.250623E-07
vn -0.8644001 -0.061237 0.4990615
vn -0.718644 -0.06117736 0.6926819
vn -0.959202 -0.06117752 0.2760231
vn -0.9602823 -0.03881991 -0.2763169
vn -0.9980879 -0.06180958 0
vn -0.8653713 -0.03885831 -0.4996225
vn -0.7198979 -0.01543444 -0.6939083
vn -0.9581518 -0.07662337 0.2758154
vn -0.8634734 -0.07671162 0.4985269
vn -0.7179389 -0.07662354 0.6918761
vn -0.4984983 -0.07745279 0.8634236
vn -0.4990438 -0.06180939 0.8643696
vn -0.996996 -0.07745271 -8.563053E-07
vn -0.9592021 -0.06117766 -0.276023
vn -0.9581518 -0.07662384 -0.2758152
vn -0.8644001 -0.06123704 -0.4990615
vn -0.863474 -0.07671197 -0.4985258
vn -0.7194383 -0.03881995 -0.6934708
vn -0.499939 -0.01559599 -0.8659201
vn -0.4996153 -0.03922357 -0.8653589
vn -0.2409935 -0.01543453 -0.970404
vn -0.2408444 -0.03882015 -0.9697871
vn -0.7186434 -0.0611774 -0.6926824
vn -0.7179382 -0.07662347 -0.6918768
vn -0.4990439 -0.06180938 -0.8643696
vn -0.4984973 -0.07745212 -0.8634242
vn 0.1341362 0.829666 -0.5419059
vn -3.628889E-07 0.8273507 -0.5616857
vn -1.977421E-07 0.1340591 -0.9909733
vn 0.2387399 0.1344187 -0.9617354
vn -5.132453E-07 0.06435642 -0.997927
vn 0.2405423 0.0643172 -0.9685054
vn -6.55983E-07 0.01920857 -0.9998155
vn 0.4954589 0.1344673 -0.8581602
vn 0.2409977 0.0191991 -0.9703358
vn -3.959917E-07 -0.01545137 -0.9998807
vn 0.4989433 0.06497616 -0.8641954
vn 0.2409931 -0.01543457 -0.9704041
vn 0 -0.0388584 -0.9992447
vn 0.7135174 0.134419 -0.6876224
vn 0.4022379 0.8296663 -0.3871157
vn 0.4999059 0.0193999 -0.8658624
vn 0.240844 -0.03882005 -0.9697872
vn 1.582922E-07 -0.06123697 -0.9981232
vn 0.8582082 0.1340593 -0.4954863
vn 0.4864351 0.82735 -0.2808431
vn 0.5363715 0.8296666 -0.1547871
vn 0.7184792 0.06431725 -0.6925684
vn 0.8642302 0.06435636 -0.4989634
vn 0.7198366 0.01919863 -0.693878
vn 0.4999395 -0.01559621 -0.8659199
vn 0.719898 -0.01543473 -0.6939082
vn 0.4996156 -0.03922339 -0.8653589
vn 0.7194386 -0.03881987 -0.6934704
vn 0.4990438 -0.06180944 -0.8643696
vn 0.2405586 -0.06117753 -0.9687047
vn -2.63707E-07 -0.0767116 -0.9970534
vn 0.2402135 -0.07662389 -0.9676912
vn 0.4984984 -0.07745292 -0.8634236
vn -0.1341349 0.8296669 -0.5419047
vn -0.2831364 0.8242171 -0.4904079
vn -0.4954587 0.1344672 -0.8581603
vn -0.2387394 0.1344186 -0.9617355
vn -0.498943 0.06497581 -0.8641956
vn -1.977421E-07 0.1340591 -0.9909733
vn -3.628889E-07 0.8273507 -0.5616857
vn -0.2405423 0.06431712 -0.9685054
vn -5.132453E-07 0.06435642 -0.997927
vn -0.4999054 0.01939995 -0.8658627
vn -0.7198365 0.01919887 -0.6938781
vn -0.2409982 0.01919904 -0.9703357
vn -6.55983E-07 0.01920857 -0.9998155
vn -0.7198979 -0.01543444 -0.6939083
vn -0.8659221 -0.01545124 -0.4999402
vn -0.499939 -0.01559599 -0.8659201
vn -0.2409935 -0.01543453 -0.970404
vn -3.959917E-07 -0.01545137 -0.9998807
vn -0.2408444 -0.03882015 -0.9697871
vn 0 -0.0388584 -0.9992447
vn -0.2405592 -0.06117737 -0.9687046
vn 1.582922E-07 -0.06123697 -0.9981232
vn -0.2402141 -0.07662282 -0.9676912
vn -2.63707E-07 -0.0767116 -0.9970534
vn -0.4984973 -0.07745212 -0.8634242
vn -0.4990439 -0.06180938 -0.8643696
vn -0.4996153 -0.03922357 -0.8653589
vn -0.7186434 -0.0611774 -0.6926824
vn -0.7194383 -0.03881995 -0.6934708
vn 0.4990439 -0.06180939 0.8643696
vn 0.7179385 -0.07662328 0.6918765
vn 0.4984974 -0.07745209 0.8634244
vn 0.7186435 -0.06117741 0.6926823
vn 0.4996153 -0.03922356 0.8653589
vn 0.8634741 -0.07671145 0.4985256
vn 0.7194383 -0.03881998 0.6934707
vn 0.4999389 -0.01559597 0.8659202
vn 0.8644002 -0.06123703 0.4990614
vn 0.9581518 -0.07662319 0.2758154
vn 0.7198979 -0.01543438 0.6939083
vn 0.4999053 0.01939996 0.8658627
vn 0.8653713 -0.03885843 0.4996222
vn 0.959202 -0.06117756 0.2760232
vn 0.996996 -0.07745279 9.692897E-07
vn 0.7198365 0.01919888 0.6938781
vn 0.4989429 0.06497583 0.8641956
vn 0.8659221 -0.01545116 0.4999402
vn 0.9602823 -0.03882007 0.276317
vn 0.9980879 -0.06180961 5.488612E-07
vn 0.9581518 -0.07662407 -0.2758154
vn 0.7184794 0.06431701 0.6925683
vn 0.4954586 0.1344671 0.8581604
vn 0.7135178 0.1344189 0.687622
vn 0.8658658 0.01920841 0.4999075
vn 0.8642302 0.06435624 0.4989633
vn 0.858208 0.1340594 0.4954868
vn 0.9608911 -0.0154344 0.276496
vn 0.9992305 -0.03922322 6.454828E-07
vn 0.959202 -0.06117776 -0.2760231
vn 0.8634732 -0.07671186 -0.4985272
vn 0.9590214 0.06431708 0.2759373
vn 0.9522571 0.134419 0.2741132
vn 0.9608342 0.01919875 0.2764581
vn 0.9998784 -0.01559599 6.07751E-07
vn 0.9602823 -0.03881986 -0.2763169
vn 0.8643999 -0.06123712 -0.4990619
vn 0.7179387 -0.07662349 -0.6918762
vn 0.9998118 0.01939983 4.471016E-07
vn 0.9978868 0.06497609 0
vn 0.9608912 -0.01543444 -0.276496
vn 0.8653709 -0.03885832 -0.4996231
vn 0.718644 -0.06117734 -0.6926818
vn 0.4984984 -0.07745292 -0.8634236
vn 0.4990438 -0.06180944 -0.8643696
vn 0.7194386 -0.03881987 -0.6934704
vn 0.8659216 -0.01545136 -0.4999411
vn 0.719898 -0.01543473 -0.6939082
vn 0.9608343 0.01919902 -0.2764577
vn 0.8658654 0.0192083 -0.499908
vn 0.7198366 0.01919863 -0.693878
vn 0.8642302 0.06435636 -0.4989634
vn 0.9590215 0.06431718 -0.2759368
vn 0.990918 0.1344672 -3.150828E-07
vn 0.5363726 0.8296658 0.1547875
vn 0.5662757 0.8242159 0
vn 0.5363715 0.8296666 -0.1547871
vn 0.9522572 0.1344187 -0.2741127
vn 0.8582082 0.1340593 -0.4954863
vn -0.4990438 -0.06180939 0.8643696
vn -0.2402136 -0.07662375 0.9676912
vn -0.4984983 -0.07745279 0.8634236
vn -0.2405587 -0.0611775 0.9687047
vn 2.63707E-07 -0.07671157 0.9970534
vn -1.582922E-07 -0.06123696 0.9981232
vn 0.2402141 -0.07662282 0.9676912
vn 0.2405592 -0.06117737 0.9687046
vn 0.4984974 -0.07745209 0.8634244
vn 0.4990439 -0.06180939 0.8643696
vn 0.2408444 -0.03882015 0.9697871
vn 0.4996153 -0.03922356 0.8653589
vn 0 -0.0388584 0.9992447
vn -0.240844 -0.03882005 0.9697872
vn -0.4996156 -0.03922332 0.8653589
vn 0.2409935 -0.01543453 0.970404
vn 0.4999389 -0.01559597 0.8659202
vn 4.001166E-07 -0.01545137 0.9998807
vn -0.7194386 -0.03881978 0.6934704
vn -0.718644 -0.06117736 0.6926819
vn -0.865371 -0.03885833 0.4996228
vn -0.8659216 -0.01545134 0.4999409
vn -0.9608912 -0.01543441 0.2764958
vn -0.2409931 -0.01543457 0.9704041
vn -0.4999397 -0.01559616 0.8659198
vn -0.7198979 -0.01543464 0.6939083
vn 0.2409982 0.01919905 0.9703357
vn 0.4999053 0.01939996 0.8658627
vn 6.55983E-07 0.01920858 0.9998155
vn -0.2409977 0.01919909 0.9703358
vn -0.7198367 0.01919853 0.6938779
vn -0.8658654 0.01920835 0.499908
vn -0.8642299 0.06435641 0.4989638
vn -0.7184792 0.06431732 0.6925684
vn -0.4999061 0.01939975 0.8658624
vn -0.4989435 0.06497616 0.8641954
vn -0.7135174 0.1344191 0.6876224
vn 0.2405424 0.06431714 0.9685054
vn 0.4989429 0.06497583 0.8641956
vn 5.132453E-07 0.06435645 0.997927
vn -0.2405424 0.0643172 0.9685054
vn -0.4954591 0.1344674 0.85816
vn -0.4022379 0.8296653 0.3871177
vn -0.2831388 0.8242157 0.4904091
vn -0.1341355 0.8296655 0.5419066
vn -0.23874 0.1344186 0.9617354
vn 2.118666E-07 0.1340591 0.9909733
vn 4.311551E-07 0.8273503 0.5616862
vn 0.1341347 0.8296669 0.5419048
vn 0.2387393 0.1344186 0.9617355
vn 0.4954586 0.1344671 0.8581604
vn -0.132486 0.832152 0.5384893
vn 1.100205E-07 -0.02304405 0.9997345
vn -3.172699E-07 0.8374975 0.5464411
vn -0.2380097 -0.02348774 0.9709787
vn -0.4998709 -0.02274703 0.8658012
vn -0.2679953 0.8442245 0.4641805
vn -0.4001042 0.8321508 0.3839814
vn -0.7218872 -0.02348752 0.6916121
vn -0.2378736 -0.05583877 0.9696898
vn -1.866602E-07 -0.0558961 0.9984366
vn -0.499201 -0.05649885 0.8646423
vn -0.7208391 -0.0558388 0.6908494
vn -0.4999272 -0.01695419 0.8659014
vn -0.2382193 -0.01675456 0.9710669
vn -0.4999523 0.01365213 0.8659453
vn -0.7218592 -0.016755 0.6918372
vn -0.8646715 -0.05589588 0.4992182
vn -0.8657956 -0.02304374 0.4998671
vn -0.9587128 -0.05583871 0.2788405
vn -0.9600781 -0.01675496 0.2792301
vn -0.8659037 -0.01677283 0.4999294
vn -0.9601209 0.01348469 0.2792599
vn -0.8659468 0.01350102 0.4999539
vn -0.959411 0.04084042 0.2790386
vn -0.721906 0.01348472 0.6918596
vn -0.8653015 0.04088345 0.4995817
vn -0.958071 0.06648393 0.2787111
vn -0.7213595 0.04084026 0.6913555
vn -0.4995724 0.04132936 0.8652856
vn -0.8641053 0.06655314 0.4988916
vn -0.9362898 0.2214862 0.27259
vn -0.8445526 0.2213055 0.4876009
vn -0.7204057 0.0664841 0.6903589
vn -0.4988671 0.06729497 0.8640618
vn -0.7042137 0.2214866 0.6745567
vn 0.1324858 0.83215 0.5384923
vn -3.172699E-07 0.8374975 0.5464411
vn 1.100205E-07 -0.02304405 0.9997345
vn 0.23801 -0.02348783 0.9709787
vn -1.866602E-07 -0.0558961 0.9984366
vn -0.4001042 0.8321508 0.3839814
vn -0.8657956 -0.02304374 0.4998671
vn -0.7218872 -0.02348752 0.6916121
vn -0.4732333 0.8374965 0.2732211
vn -0.5325907 0.8321503 0.1545092
vn 0.0009423819 0.9999994 -0.0005440408
vn 0.0007093529 0.9999995 -0.0006826353
vn 0.0009497403 0.9999995 -0.0002718075
vn 0.0008400801 0.9999986 -0.001455349
vn -0.2679953 0.8442245 0.4641805
vn 0.001683468 0.9999986 -2.148523E-07
vn -0.5359917 0.8442232 -3.9951E-07
vn -0.132486 0.832152 0.5384893
vn 0.0002385709 0.9999995 -0.0009639486
vn -2.752862E-07 0.9999994 -0.001094708
vn -3.172699E-07 0.8374975 0.5464411
vn -0.5325909 0.8321499 -0.1545105
vn 0.0009485792 0.9999995 0.0002709964
vn 0.0009416954 0.9999994 0.0005447032
vn -0.473233 0.8374967 -0.2732212
vn -0.4001049 0.8321503 -0.3839817
vn 0.0007081208 0.9999995 0.000685042
vn 0.0008390899 0.9999986 0.001451242
vn -0.2679956 0.8442234 -0.4641824
vn -0.1324858 0.83215 -0.5384921
vn 0.0002384855 0.9999995 0.0009562874
vn 2.766513E-07 0.9999994 0.001094706
vn 3.258001E-07 0.8374976 -0.5464409
vn 0.1324859 0.8321521 -0.5384889
vn -0.0002385721 0.9999995 0.0009639474
vn -0.0008408533 0.9999986 0.001459635
vn 0.2679952 0.8442247 -0.4641802
vn 0.4001041 0.8321508 -0.3839814
vn -0.000710785 0.9999995 0.0006866824
vn -0.0009430863 0.9999994 0.0005440391
vn 0.4732337 0.8374963 -0.2732213
vn 0.5325918 0.8321494 -0.15451
vn -0.0009489316 0.9999995 0.0002715815
vn -0.001681926 0.9999986 0
vn 0.5359918 0.8442232 0
vn 0.5325918 0.8321496 0.1545092
vn -0.0009469554 0.9999995 -0.0002716575
vn -0.0009410325 0.9999994 -0.0005453498
vn 0.4732345 0.837496 0.2732207
vn 0.4001058 0.8321501 0.3839812
vn -0.0007087021 0.9999995 -0.0006868415
vn -0.0008395138 0.9999986 -0.001452956
vn 0.2679961 0.8442239 0.4641812
vn 0.1324858 0.83215 0.5384923
vn -0.0002384832 0.9999995 -0.0009562871
vn -2.752862E-07 0.9999994 -0.001094708
vn -3.172699E-07 0.8374975 0.5464411
vn -0.1324858 0.83215 -0.5384921
vn -0.2380103 -0.02348779 -0.9709786
vn -0.4998707 -0.02274723 -0.8658012
vn -0.2679956 0.8442234 -0.4641824
vn -0.4001049 0.8321503 -0.3839817
vn -0.7218868 -0.02348766 -0.6916123
vn -0.4992019 -0.05649879 -0.8646417
vn -0.8657952 -0.02304405 -0.4998676
vn -0.473233 0.8374967 -0.2732212
vn -0.5325909 0.8321499 -0.1545105
vn -0.7208389 -0.05583868 -0.6908497
vn -0.4999289 -0.01695441 -0.8659005
vn -0.2382196 -0.01675494 -0.9710668
vn -0.9598972 -0.0234877 -0.2793666
vn -0.8646712 -0.05589593 -0.4992188
vn -0.9997413 -0.02274708 2.987331E-07
vn -0.5359917 0.8442232 -3.9951E-07
vn -0.5325907 0.8321503 0.1545092
vn -0.7218594 -0.01675475 -0.691837
vn -0.9587129 -0.05583873 -0.2788399
vn -0.9598972 -0.02348751 0.2793667
vn -0.8657956 -0.02304374 0.4998671
vn -0.9587128 -0.05583871 0.2788405
vn -0.9984027 -0.05649874 5.699011E-07
vn -0.8659031 -0.01677246 -0.4999304
vn -0.9998562 -0.01695458 7.483247E-07
vn -0.9600781 -0.01675496 0.2792301
vn -0.9600782 -0.01675498 -0.2792296
vn -0.9999068 0.01365225 9.88029E-07
vn -0.9601209 0.01348469 0.2792599
vn -0.9601208 0.01348485 -0.27926
vn -0.8659461 0.01350115 -0.4999551
vn -0.7219069 0.01348471 -0.6918588
vn -0.9991456 0.04132954 4.700015E-07
vn -0.959411 0.04084042 0.2790386
vn -0.959411 0.0408403 -0.2790388
vn -0.8653011 0.04088335 -0.4995824
vn -0.9977331 0.06729451 -3.769987E-07
vn -0.958071 0.06648393 0.2787111
vn -0.958071 0.06648403 -0.2787109
vn -0.9758549 0.2184196 1.817048E-06
vn -0.9362898 0.2214862 0.27259
vn -0.9362897 0.2214869 -0.2725896
vn -0.8445514 0.2213049 -0.4876033
vn -0.8641055 0.06655311 -0.4988913
vn -0.704215 0.2214852 -0.6745558
vn -0.7204065 0.06648386 -0.6903582
vn -0.4879297 0.2184188 -0.8451141
vn -0.7213601 0.04084045 -0.6913548
vn -0.4988667 0.06729445 -0.8640622
vn -0.2320754 0.2214869 -0.9471455
vn -0.4995733 0.0413295 -0.8652852
vn -0.2376651 0.06648397 -0.9690692
vn 9.682158E-07 0.2213066 -0.9752043
vn -1.157152E-06 0.06655326 -0.9977829
vn -0.2380515 0.04084016 -0.9703935
vn -4.462061E-07 0.04088321 -0.999164
vn -0.4999541 0.01365223 -0.8659443
vn -0.238215 0.01348481 -0.9711188
vn 4.097835E-07 0.01350115 -0.9999089
vn 5.035066E-07 -0.01677253 -0.9998593
vn -1.866602E-07 -0.0558961 0.9984366
vn -0.2378736 -0.05583877 0.9696898
vn -0.2382193 -0.01675456 0.9710669
vn -4.554446E-07 -0.0167725 0.9998593
vn -0.2382147 0.01348462 0.9711189
vn -0.4999523 0.01365213 0.8659453
vn -2.263339E-07 0.01350118 0.9999089
vn -0.4995724 0.04132936 0.8652856
vn -0.238051 0.04084018 0.9703937
vn 6.164083E-07 0.04088323 0.9991639
vn -0.4988671 0.06729497 0.8640618
vn -0.2376647 0.06648453 0.9690693
vn -0.4879256 0.2184192 0.8451164
vn 1.155465E-06 0.06655331 0.9977829
vn -0.2320755 0.2214871 0.9471454
vn -1.269307E-06 0.2213064 0.9752043
vn 0.4992009 -0.05649886 -0.8646423
vn 0.721859 -0.01675494 -0.6918373
vn 0.4999271 -0.01695416 -0.8659015
vn 0.721906 0.01348477 -0.6918596
vn 0.8659468 0.01350105 -0.4999539
vn 0.8653015 0.04088346 -0.4995817
vn 0.7213594 0.04084028 -0.6913556
vn 0.959411 0.04084044 -0.2790387
vn 0.9601209 0.01348472 -0.2792598
vn 0.8659039 -0.01677277 -0.4999292
vn 0.8641053 0.06655318 -0.4988916
vn 0.7204058 0.06648417 -0.6903588
vn 0.4995724 0.04132936 -0.8652856
vn 0.4999523 0.01365216 -0.8659454
vn 0.958071 0.06648393 -0.2787112
vn 0.9977331 0.06729451 4.183136E-07
vn 0.9991456 0.04132954 -3.901013E-07
vn 0.9600781 -0.01675496 -0.27923
vn 0.9999068 0.01365225 -9.296234E-07
vn 0.8646715 -0.05589579 -0.4992183
vn 0.7208391 -0.05583882 -0.6908494
vn 0.7218869 -0.02348766 -0.6916122
vn 0.8657953 -0.02304398 -0.4998675
vn 0.4001041 0.8321508 -0.3839814
vn 0.4732337 0.8374963 -0.2732213
vn 0.5325918 0.8321494 -0.15451
vn 0.9587128 -0.05583853 -0.2788403
vn 0.9598972 -0.02348763 -0.2793666
vn 0.9998562 -0.01695458 -7.249394E-07
vn 0.9997413 -0.02274716 3.98311E-07
vn 0.5359918 0.8442232 0
vn 0.5325918 0.8321496 0.1545092
vn 0.9598972 -0.02348768 0.2793665
vn 0.9984027 -0.05649869 -1.839838E-07
vn 0.9587129 -0.05583875 0.2788399
vn 0.8646714 -0.05589592 0.4992183
vn 0.8659033 -0.01677252 0.4999302
vn 0.9600782 -0.01675504 0.2792296
vn 0.8659462 0.01350118 0.4999549
vn 0.9601209 0.01348479 0.27926
vn 0.8653011 0.04088338 0.4995823
vn 0.959411 0.04084032 0.2790387
vn 0.8641054 0.06655312 0.4988913
vn 0.958071 0.06648408 0.2787109
vn 0.8445514 0.2213048 0.4876034
vn 0.9362897 0.2214869 0.2725896
vn 0.9758549 0.2184196 -1.817048E-06
vn -0.7042137 0.2214866 0.6745567
vn -0.4879256 0.2184192 0.8451164
vn -0.4988671 0.06729497 0.8640618
vn -0.7204057 0.0664841 0.6903589
vn 0.2320751 0.2214874 -0.9471454
vn 9.682158E-07 0.2213066 -0.9752043
vn -1.157152E-06 0.06655326 -0.9977829
vn 0.2376647 0.06648426 -0.9690693
vn 0.4879256 0.2184195 -0.8451163
vn -4.462061E-07 0.04088321 -0.999164
vn 0.4988672 0.06729484 -0.8640618
vn 0.7042138 0.221487 -0.6745566
vn 0.2380511 0.04084013 -0.9703936
vn 4.097835E-07 0.01350115 -0.9999089
vn 0.7204058 0.06648417 -0.6903588
vn 0.8445526 0.2213056 -0.4876009
vn 0.8641053 0.06655318 -0.4988916
vn 0.9362897 0.2214863 -0.2725901
vn 0.958071 0.06648393 -0.2787112
vn 0.9758549 0.2184196 -1.817048E-06
vn 0.9977331 0.06729451 4.183136E-07
vn 0.4995724 0.04132936 -0.8652856
vn 0.2382147 0.01348465 -0.9711189
vn 5.035066E-07 -0.01677253 -0.9998593
vn 0.4999523 0.01365216 -0.8659454
vn 0.2382193 -0.01675455 -0.9710669
vn 1.778761E-07 -0.05589612 -0.9984366
vn -0.2378742 -0.05583889 -0.9696895
vn -0.2382196 -0.01675494 -0.9710668
vn -0.4992019 -0.05649879 -0.8646417
vn -0.4998707 -0.02274723 -0.8658012
vn -0.2380103 -0.02348779 -0.9709786
vn -1.181702E-07 -0.02304405 -0.9997345
vn -0.1324858 0.83215 -0.5384921
vn 3.258001E-07 0.8374976 -0.5464409
vn 0.1324859 0.8321521 -0.5384889
vn 0.2378736 -0.05583878 -0.9696898
vn 0.4999271 -0.01695416 -0.8659015
vn 0.721906 0.01348477 -0.6918596
vn 0.7213594 0.04084028 -0.6913556
vn 0.4992009 -0.05649886 -0.8646423
vn 0.2380097 -0.02348774 -0.9709787
vn 0.4998706 -0.02274707 -0.8658012
vn 0.2679952 0.8442247 -0.4641802
vn 0.4001041 0.8321508 -0.3839814
vn 0.7218869 -0.02348766 -0.6916122
vn 0.7208391 -0.05583882 -0.6908494
vn 0.721859 -0.01675494 -0.6918373
vn 0.8659039 -0.01677277 -0.4999292
vn 0.8659468 0.01350105 -0.4999539
vn 0.7042148 0.2214851 0.6745561
vn 0.8445514 0.2213048 0.4876034
vn 0.8641054 0.06655312 0.4988913
vn 0.7204062 0.06648378 0.6903584
vn 0.4879296 0.2184186 0.8451142
vn 0.8653011 0.04088338 0.4995823
vn 0.4988665 0.06729434 0.8640623
vn 0.2320756 0.2214869 0.9471454
vn 0.72136 0.04084038 0.691355
vn 0.8659462 0.01350118 0.4999549
vn 0.237665 0.06648385 0.9690692
vn -1.269307E-06 0.2213064 0.9752043
vn 1.155465E-06 0.06655331 0.9977829
vn 0.7219067 0.01348484 0.6918591
vn 0.8659033 -0.01677252 0.4999302
vn 0.4995731 0.04132938 0.8652852
vn 0.2380516 0.04084008 0.9703935
vn 6.164083E-07 0.04088323 0.9991639
vn 0.7218592 -0.01675463 0.6918372
vn 0.8646714 -0.05589592 0.4992183
vn 0.4999537 0.01365232 0.8659445
vn 0.2382152 0.01348488 0.9711187
vn -2.263339E-07 0.01350118 0.9999089
vn 0.4999286 -0.01695418 0.8659007
vn 0.2382196 -0.01675479 0.9710668
vn -4.554446E-07 -0.0167725 0.9998593
vn 0.7208389 -0.05583867 0.6908497
vn 0.4992015 -0.05649881 0.864642
vn 0.2378739 -0.05583887 0.9696897
vn -1.866602E-07 -0.0558961 0.9984366
vn 0.23801 -0.02348783 0.9709787
vn 0.8657956 -0.02304396 0.4998669
vn 0.9598972 -0.02348768 0.2793665
vn 0.5325918 0.8321496 0.1545092
vn 0.4732345 0.837496 0.2732207
vn 0.4001058 0.8321501 0.3839812
vn 0.7218869 -0.02348767 0.6916122
vn 0.4998707 -0.0227474 0.8658012
vn 0.1324858 0.83215 0.5384923
vn 0.2679961 0.8442239 0.4641812
vn 0.02967202 0.9991603 -0.02825147
vn 0.02198898 0.9990325 -0.03808656
vn 0.4879256 0.2184195 -0.8451163
vn 0 1 0
vn 0.2320751 0.2214874 -0.9471454
vn 0.009630129 0.9991603 -0.03982285
vn 9.682158E-07 0.2213066 -0.9752043
vn 4.091624E-07 0.9990854 -0.04276061
vn -0.2320754 0.2214869 -0.9471455
vn -0.009629479 0.9991604 -0.03982244
vn -0.4879297 0.2184188 -0.8451141
vn -0.02198916 0.9990325 -0.03808612
vn -0.704215 0.2214852 -0.6745558
vn -0.02967289 0.9991603 -0.02825071
vn -0.8445514 0.2213049 -0.4876033
vn 0.03703178 0.9990854 -0.02138042
vn -0.03703186 0.9990854 -0.02138026
vn -0.03930215 0.9991603 -0.01157187
vn -0.9362897 0.2214869 -0.2725896
vn 0.7042138 0.221487 -0.6745566
vn -0.9758549 0.2184196 1.817048E-06
vn 0.8445526 0.2213056 -0.4876009
vn -0.04397826 0.9990325 -3.042205E-07
vn -0.9362898 0.2214862 0.27259
vn 0.03930271 0.9991603 -0.01157139
vn 0.9362897 0.2214863 -0.2725901
vn -0.03930269 0.9991603 0.01157138
vn -0.8445526 0.2213055 0.4876009
vn 0.04397828 0.9990325 1.379592E-07
vn 0.9758549 0.2184196 -1.817048E-06
vn -0.03703199 0.9990853 0.02138019
vn -0.7042137 0.2214866 0.6745567
vn 0.03930221 0.9991604 0.01157155
vn -0.02967243 0.9991603 0.0282511
vn 0.03703182 0.9990854 0.02138035
vn 0.9362897 0.2214869 0.2725896
vn -0.4879256 0.2184192 0.8451164
vn 0.8445514 0.2213048 0.4876034
vn -0.02198884 0.9990325 0.03808655
vn -0.2320755 0.2214871 0.9471454
vn 0.02967278 0.9991603 0.02825117
vn 0.7042148 0.2214851 0.6745561
vn -0.009629454 0.9991603 0.03982307
vn -1.269307E-06 0.2213064 0.9752043
vn 0.02198909 0.9990325 0.03808632
vn 0.4879296 0.2184186 0.8451142
vn 0 0.9990854 0.04276071
vn 0.2320756 0.2214869 0.9471454
vn 0.009629464 0.9991604 0.03982247
usemtl Cup1_Mat (Glass)
f 3/3/3 2/2/2 1/1/1
f 6/6/6 5/5/5 4/4/4
f 9/9/9 8/8/8 7/7/7
f 12/12/12 11/11/11 10/10/10
f 15/15/15 14/14/14 13/13/13
f 18/18/18 17/17/17 16/16/16
f 21/21/21 20/20/20 19/19/19
f 24/24/24 23/23/23 22/22/22
f 27/27/27 26/26/26 25/25/25
f 30/30/30 29/29/29 28/28/28
f 33/33/33 32/32/32 31/31/31
f 33/33/33 35/35/35 34/34/34
f 36/36/36 33/33/33 34/34/34
f 37/37/37 36/36/36 34/34/34
f 38/38/38 37/37/37 34/34/34
f 41/41/41 40/40/40 39/39/39
f 39/39/39 43/43/43 42/42/42
f 42/42/42 43/43/43 44/44/44
f 43/43/43 45/45/45 44/44/44
f 48/48/48 47/47/47 46/46/46
f 51/51/51 50/50/50 49/49/49
f 54/54/54 53/53/53 52/52/52
f 56/56/56 54/54/54 55/55/55
f 59/59/59 58/58/58 57/57/57
f 61/61/61 57/57/57 60/60/60
f 62/62/62 61/61/61 60/60/60
f 63/63/63 61/61/61 62/62/62
f 66/66/66 65/65/65 64/64/64
f 69/69/69 68/68/68 67/67/67
f 72/72/72 71/71/71 70/70/70
f 75/75/75 74/74/74 73/73/73
f 78/78/78 77/77/77 76/76/76
f 81/81/81 80/80/80 79/79/79
f 80/80/80 83/83/83 82/82/82
f 83/83/83 84/84/84 82/82/82
f 87/87/87 86/86/86 85/85/85
f 90/90/90 89/89/89 88/88/88
f 93/93/93 92/92/92 91/91/91
f 96/96/96 95/95/95 94/94/94
f 99/99/99 98/98/98 97/97/97
f 102/102/102 101/101/101 100/100/100
f 100/100/100 101/101/101 103/103/103
f 104/104/104 100/100/100 103/103/103
f 104/104/104 103/103/103 105/105/105
f 106/106/106 100/100/100 104/104/104
f 107/107/107 100/100/100 106/106/106
f 108/108/108 107/107/107 106/106/106
f 109/109/109 106/106/106 104/104/104
f 110/110/110 104/104/104 105/105/105
f 109/109/109 104/104/104 110/110/110
f 110/110/110 105/105/105 111/111/111
f 110/110/110 111/111/111 112/112/112
f 113/113/113 109/109/109 110/110/110
f 113/113/113 110/110/110 112/112/112
f 113/113/113 112/112/112 114/114/114
f 115/115/115 113/113/113 114/114/114
f 118/118/118 117/117/117 116/116/116
f 119/119/119 117/117/117 118/118/118
f 120/120/120 119/119/119 118/118/118
f 120/120/120 118/118/118 121/121/121
f 121/121/121 118/118/118 122/122/122
f 123/123/123 121/121/121 122/122/122
f 124/124/124 121/121/121 123/123/123
f 123/123/123 122/122/122 125/125/125
f 126/126/126 123/123/123 125/125/125
f 127/127/127 120/120/120 121/121/121
f 127/127/127 121/121/121 124/124/124
f 128/128/128 124/124/124 123/123/123
f 128/128/128 123/123/123 126/126/126
f 127/127/127 129/129/129 120/120/120
f 129/129/129 130/130/130 120/120/120
f 131/131/131 120/120/120 130/130/130
f 132/132/132 131/131/131 130/130/130
f 133/133/133 131/131/131 132/132/132
f 134/134/134 133/133/133 132/132/132
f 134/134/134 132/132/132 130/130/130
f 135/135/135 133/133/133 134/134/134
f 136/136/136 135/135/135 134/134/134
f 137/137/137 135/135/135 136/136/136
f 136/136/136 134/134/134 138/138/138
f 138/138/138 134/134/134 130/130/130
f 139/139/139 137/137/137 136/136/136
f 139/139/139 136/136/136 138/138/138
f 139/139/139 138/138/138 140/140/140
f 138/138/138 141/141/141 140/140/140
f 138/138/138 130/130/130 141/141/141
f 142/142/142 140/140/140 141/141/141
f 143/143/143 142/142/142 141/141/141
f 144/144/144 142/142/142 143/143/143
f 130/130/130 145/145/145 141/141/141
f 143/143/143 141/141/141 145/145/145
f 146/146/146 144/144/144 143/143/143
f 147/147/147 144/144/144 146/146/146
f 139/139/139 148/148/148 137/137/137
f 149/149/149 148/148/148 139/139/139
f 148/148/148 149/149/149 150/150/150
f 148/148/148 150/150/150 137/137/137
f 130/130/130 151/151/151 145/145/145
f 130/130/130 129/129/129 151/151/151
f 152/152/152 143/143/143 145/145/145
f 146/146/146 143/143/143 152/152/152
f 149/149/149 153/153/153 150/150/150
f 153/153/153 149/149/149 154/154/154
f 153/153/153 154/154/154 155/155/155
f 150/150/150 153/153/153 155/155/155
f 137/137/137 150/150/150 156/156/156
f 156/156/156 150/150/150 155/155/155
f 129/129/129 157/157/157 151/151/151
f 157/157/157 129/129/129 127/127/127
f 151/151/151 158/158/158 145/145/145
f 152/152/152 145/145/145 158/158/158
f 159/159/159 137/137/137 156/156/156
f 160/160/160 137/137/137 159/159/159
f 161/161/161 160/160/160 159/159/159
f 161/161/161 159/159/159 162/162/162
f 159/159/159 163/163/163 162/162/162
f 159/159/159 156/156/156 163/163/163
f 162/162/162 163/163/163 164/164/164
f 163/163/163 165/165/165 164/164/164
f 156/156/156 166/166/166 163/163/163
f 163/163/163 166/166/166 165/165/165
f 156/156/156 155/155/155 166/166/166
f 166/166/166 167/167/167 165/165/165
f 165/165/165 167/167/167 168/168/168
f 169/169/169 165/165/165 168/168/168
f 155/155/155 170/170/170 166/166/166
f 170/170/170 155/155/155 171/171/171
f 170/170/170 171/171/171 172/172/172
f 175/175/175 174/174/174 173/173/173
f 175/175/175 173/173/173 176/176/176
f 177/177/177 175/175/175 176/176/176
f 177/177/177 179/179/179 178/178/178
f 180/180/180 177/177/177 178/178/178
f 126/126/126 182/182/182 181/181/181
f 183/183/183 126/126/126 181/181/181
f 183/183/183 128/128/128 126/126/126
f 184/184/184 183/183/183 181/181/181
f 128/128/128 183/183/183 184/184/184
f 185/185/185 184/184/184 181/181/181
f 186/186/186 128/128/128 184/184/184
f 124/124/124 128/128/128 186/186/186
f 187/187/187 124/124/124 186/186/186
f 187/187/187 188/188/188 124/124/124
f 189/189/189 188/188/188 187/187/187
f 188/188/188 190/190/190 124/124/124
f 190/190/190 127/127/127 124/124/124
f 190/190/190 157/157/157 127/127/127
f 157/157/157 190/190/190 188/188/188
f 191/191/191 157/157/157 188/188/188
f 191/191/191 188/188/188 189/189/189
f 157/157/157 191/191/191 192/192/192
f 192/192/192 191/191/191 189/189/189
f 151/151/151 157/157/157 192/192/192
f 151/151/151 192/192/192 158/158/158
f 192/192/192 189/189/189 193/193/193
f 189/189/189 194/194/194 193/193/193
f 192/192/192 195/195/195 158/158/158
f 192/192/192 196/196/196 195/195/195
f 196/196/196 197/197/197 195/195/195
f 198/198/198 158/158/158 195/195/195
f 198/198/198 152/152/152 158/158/158
f 199/199/199 195/195/195 197/197/197
f 199/199/199 198/198/198 195/195/195
f 200/200/200 199/199/199 197/197/197
f 201/201/201 152/152/152 198/198/198
f 201/201/201 146/146/146 152/152/152
f 202/202/202 199/199/199 200/200/200
f 203/203/203 202/202/202 200/200/200
f 204/204/204 198/198/198 199/199/199
f 204/204/204 201/201/201 198/198/198
f 202/202/202 204/204/204 199/199/199
f 205/205/205 146/146/146 201/201/201
f 205/205/205 147/147/147 146/146/146
f 206/206/206 202/202/202 203/203/203
f 207/207/207 206/206/206 203/203/203
f 208/208/208 204/204/204 202/202/202
f 206/206/206 208/208/208 202/202/202
f 209/209/209 201/201/201 204/204/204
f 209/209/209 205/205/205 201/201/201
f 208/208/208 209/209/209 204/204/204
f 210/210/210 206/206/206 207/207/207
f 211/211/211 210/210/210 207/207/207
f 212/212/212 208/208/208 206/206/206
f 210/210/210 212/212/212 206/206/206
f 213/213/213 209/209/209 208/208/208
f 212/212/212 213/213/213 208/208/208
f 214/214/214 205/205/205 209/209/209
f 213/213/213 214/214/214 209/209/209
f 215/215/215 147/147/147 205/205/205
f 214/214/214 215/215/215 205/205/205
f 210/210/210 211/211/211 216/216/216
f 211/211/211 217/217/217 216/216/216
f 210/210/210 216/216/216 218/218/218
f 212/212/212 210/210/210 218/218/218
f 218/218/218 216/216/216 219/219/219
f 220/220/220 218/218/218 219/219/219
f 218/218/218 220/220/220 221/221/221
f 212/212/212 218/218/218 222/222/222
f 213/213/213 212/212/212 222/222/222
f 222/222/222 218/218/218 221/221/221
f 213/213/213 222/222/222 223/223/223
f 223/223/223 222/222/222 221/221/221
f 214/214/214 213/213/213 223/223/223
f 224/224/224 223/223/223 221/221/221
f 223/223/223 224/224/224 225/225/225
f 214/214/214 223/223/223 226/226/226
f 226/226/226 223/223/223 225/225/225
f 215/215/215 214/214/214 226/226/226
f 227/227/227 226/226/226 225/225/225
f 215/215/215 226/226/226 227/227/227
f 228/228/228 227/227/227 225/225/225
f 227/227/227 228/228/228 229/229/229
f 230/230/230 227/227/227 229/229/229
f 231/231/231 215/215/215 227/227/227
f 215/215/215 231/231/231 147/147/147
f 231/231/231 232/232/232 147/147/147
f 235/235/235 234/234/234 233/233/233
f 236/236/236 235/235/235 233/233/233
f 236/236/236 233/233/233 237/237/237
f 235/235/235 236/236/236 238/238/238
f 239/239/239 235/235/235 238/238/238
f 240/240/240 236/236/236 237/237/237
f 240/240/240 237/237/237 241/241/241
f 236/236/236 240/240/240 242/242/242
f 242/242/242 240/240/240 241/241/241
f 238/238/238 236/236/236 242/242/242
f 243/243/243 242/242/242 241/241/241
f 238/238/238 244/244/244 239/239/239
f 244/244/244 245/245/245 239/239/239
f 246/246/246 245/245/245 244/244/244
f 247/247/247 246/246/246 244/244/244
f 247/247/247 244/244/244 248/248/248
f 248/248/248 244/244/244 238/238/238
f 242/242/242 248/248/248 238/238/238
f 249/249/249 248/248/248 242/242/242
f 243/243/243 249/249/249 242/242/242
f 250/250/250 248/248/248 249/249/249
f 251/251/251 249/249/249 243/243/243
f 252/252/252 251/251/251 243/243/243
f 253/253/253 250/250/250 249/249/249
f 253/253/253 249/249/249 251/251/251
f 254/254/254 250/250/250 253/253/253
f 255/255/255 251/251/251 252/252/252
f 256/256/256 255/255/255 252/252/252
f 256/256/256 252/252/252 257/257/257
f 258/258/258 253/253/253 251/251/251
f 259/259/259 253/253/253 258/258/258
f 259/259/259 254/254/254 253/253/253
f 260/260/260 259/259/259 258/258/258
f 260/260/260 261/261/261 259/259/259
f 261/261/261 262/262/262 259/259/259
f 259/259/259 262/262/262 254/254/254
f 262/262/262 263/263/263 254/254/254
f 254/254/254 263/263/263 264/264/264
f 263/263/263 262/262/262 265/265/265
f 268/268/268 267/267/267 266/266/266
f 266/266/266 267/267/267 269/269/269
f 270/270/270 266/266/266 269/269/269
f 271/271/271 270/270/270 269/269/269
f 267/267/267 272/272/272 269/269/269
f 271/271/271 269/269/269 273/273/273
f 269/269/269 272/272/272 273/273/273
f 272/272/272 274/274/274 273/273/273
f 275/275/275 273/273/273 274/274/274
f 273/273/273 275/275/275 276/276/276
f 275/275/275 277/277/277 276/276/276
f 278/278/278 274/274/274 272/272/272
f 278/278/278 275/275/275 274/274/274
f 279/279/279 278/278/278 272/272/272
f 278/278/278 279/279/279 280/280/280
f 281/281/281 278/278/278 280/280/280
f 275/275/275 278/278/278 281/281/281
f 281/281/281 280/280/280 282/282/282
f 283/283/283 281/281/281 282/282/282
f 284/284/284 283/283/283 282/282/282
f 284/284/284 285/285/285 283/283/283
f 284/284/284 286/286/286 285/285/285
f 286/286/286 287/287/287 285/285/285
f 287/287/287 288/288/288 285/285/285
f 288/288/288 289/289/289 285/285/285
f 281/281/281 283/283/283 290/290/290
f 285/285/285 290/290/290 283/283/283
f 291/291/291 275/275/275 281/281/281
f 291/291/291 281/281/281 290/290/290
f 275/275/275 291/291/291 292/292/292
f 292/292/292 291/291/291 290/290/290
f 277/277/277 275/275/275 292/292/292
f 290/290/290 285/285/285 293/293/293
f 285/285/285 289/289/289 293/293/293
f 293/293/293 292/292/292 290/290/290
f 293/293/293 289/289/289 294/294/294
f 292/292/292 293/293/293 294/294/294
f 289/289/289 295/295/295 294/294/294
f 296/296/296 292/292/292 294/294/294
f 277/277/277 292/292/292 296/296/296
f 297/297/297 277/277/277 296/296/296
f 300/300/300 299/299/299 298/298/298
f 301/301/301 300/300/300 298/298/298
f 300/300/300 301/301/301 302/302/302
f 301/301/301 298/298/298 302/302/302
f 298/298/298 303/303/303 302/302/302
f 303/303/303 304/304/304 302/302/302
f 304/304/304 305/305/305 302/302/302
f 305/305/305 306/306/306 302/302/302
f 306/306/306 305/305/305 304/304/304
f 307/307/307 306/306/306 304/304/304
f 306/306/306 308/308/308 302/302/302
f 308/308/308 306/306/306 309/309/309
f 310/310/310 308/308/308 309/309/309
f 310/310/310 309/309/309 311/311/311
f 309/309/309 312/312/312 311/311/311
f 315/315/315 314/314/314 313/313/313
f 314/314/314 315/315/315 316/316/316
f 315/315/315 317/317/317 316/316/316
f 317/317/317 315/315/315 318/318/318
f 316/316/316 317/317/317 318/318/318
f 319/319/319 316/316/316 318/318/318
f 320/320/320 319/319/319 318/318/318
f 316/316/316 319/319/319 321/321/321
f 321/321/321 319/319/319 322/322/322
f 325/325/325 324/324/324 323/323/323
f 325/325/325 326/326/326 324/324/324
f 326/326/326 327/327/327 324/324/324
f 330/330/330 329/329/329 328/328/328
f 329/329/329 331/331/331 328/328/328
f 331/331/331 329/329/329 332/332/332
f 331/331/331 332/332/332 333/333/333
f 329/329/329 334/334/334 332/332/332
f 332/332/332 334/334/334 335/335/335
f 334/334/334 329/329/329 336/336/336
f 337/337/337 334/334/334 336/336/336
f 334/334/334 337/337/337 335/335/335
f 337/337/337 338/338/338 335/335/335
f 332/332/332 339/339/339 333/333/333
f 332/332/332 335/335/335 339/339/339
f 339/339/339 340/340/340 333/333/333
f 340/340/340 341/341/341 333/333/333
f 338/338/338 342/342/342 335/335/335
f 338/338/338 343/343/343 342/342/342
f 335/335/335 344/344/344 339/339/339
f 340/340/340 339/339/339 344/344/344
f 340/340/340 345/345/345 341/341/341
f 346/346/346 345/345/345 340/340/340
f 345/345/345 347/347/347 341/341/341
f 347/347/347 345/345/345 348/348/348
f 345/345/345 349/349/349 348/348/348
f 345/345/345 346/346/346 349/349/349
f 346/346/346 350/350/350 349/349/349
f 350/350/350 346/346/346 351/351/351
f 346/346/346 352/352/352 351/351/351
f 352/352/352 346/346/346 353/353/353
f 354/354/354 346/346/346 340/340/340
f 354/354/354 340/340/340 344/344/344
f 346/346/346 354/354/354 353/353/353
f 353/353/353 354/354/354 344/344/344
f 344/344/344 335/335/335 355/355/355
f 355/355/355 353/353/353 344/344/344
f 335/335/335 342/342/342 355/355/355
f 353/353/353 355/355/355 356/356/356
f 355/355/355 342/342/342 356/356/356
f 357/357/357 353/353/353 356/356/356
f 342/342/342 358/358/358 356/356/356
f 343/343/343 358/358/358 342/342/342
f 358/358/358 343/343/343 359/359/359
f 343/343/343 360/360/360 359/359/359
f 359/359/359 360/360/360 361/361/361
f 360/360/360 362/362/362 361/361/361
f 362/362/362 363/363/363 361/361/361
f 359/359/359 361/361/361 364/364/364
f 363/363/363 365/365/365 361/361/361
f 361/361/361 366/366/366 364/364/364
f 367/367/367 364/364/364 366/366/366
f 361/361/361 365/365/365 368/368/368
f 366/366/366 361/361/361 368/368/368
f 369/369/369 367/367/367 366/366/366
f 369/369/369 370/370/370 367/367/367
f 371/371/371 369/369/369 366/366/366
f 368/368/368 371/371/371 366/366/366
f 370/370/370 369/369/369 371/371/371
f 368/368/368 365/365/365 372/372/372
f 371/371/371 368/368/368 372/372/372
f 365/365/365 373/373/373 372/372/372
f 372/372/372 373/373/373 374/374/374
f 373/373/373 375/375/375 374/374/374
f 376/376/376 371/371/371 372/372/372
f 372/372/372 374/374/374 376/376/376
f 374/374/374 377/377/377 376/376/376
f 374/374/374 378/378/378 377/377/377
f 378/378/378 379/379/379 377/377/377
f 380/380/380 371/371/371 376/376/376
f 380/380/380 370/370/370 371/371/371
f 381/381/381 380/380/380 376/376/376
f 380/380/380 381/381/381 382/382/382
f 382/382/382 381/381/381 383/383/383
f 384/384/384 380/380/380 382/382/382
f 370/370/370 380/380/380 384/384/384
f 381/381/381 385/385/385 383/383/383
f 386/386/386 370/370/370 384/384/384
f 370/370/370 386/386/386 387/387/387
f 388/388/388 370/370/370 387/387/387
f 383/383/383 385/385/385 389/389/389
f 385/385/385 390/390/390 389/389/389
f 389/389/389 390/390/390 391/391/391
f 390/390/390 392/392/392 391/391/391
f 395/395/395 394/394/394 393/393/393
f 394/394/394 396/396/396 393/393/393
f 396/396/396 397/397/397 393/393/393
f 397/397/397 398/398/398 393/393/393
f 398/398/398 397/397/397 399/399/399
f 400/400/400 398/398/398 399/399/399
f 398/398/398 401/401/401 393/393/393
f 398/398/398 400/400/400 402/402/402
f 401/401/401 398/398/398 402/402/402
f 401/401/401 402/402/402 403/403/403
f 401/401/401 404/404/404 393/393/393
f 404/404/404 401/401/401 403/403/403
f 404/404/404 405/405/405 393/393/393
f 405/405/405 404/404/404 403/403/403
f 405/405/405 406/406/406 393/393/393
f 406/406/406 405/405/405 407/407/407
f 407/407/407 405/405/405 403/403/403
f 407/407/407 403/403/403 408/408/408
f 403/403/403 409/409/409 408/408/408
f 410/410/410 408/408/408 409/409/409
f 403/403/403 402/402/402 411/411/411
f 409/409/409 403/403/403 411/411/411
f 402/402/402 400/400/400 412/412/412
f 411/411/411 402/402/402 412/412/412
f 411/411/411 413/413/413 409/409/409
f 413/413/413 411/411/411 412/412/412
f 414/414/414 410/410/410 409/409/409
f 413/413/413 414/414/414 409/409/409
f 414/414/414 415/415/415 410/410/410
f 415/415/415 414/414/414 413/413/413
f 415/415/415 416/416/416 410/410/410
f 416/416/416 415/415/415 417/417/417
f 412/412/412 400/400/400 418/418/418
f 400/400/400 419/419/419 418/418/418
f 412/412/412 418/418/418 420/420/420
f 420/420/420 413/413/413 412/412/412
f 418/418/418 421/421/421 420/420/420
f 422/422/422 413/413/413 420/420/420
f 422/422/422 415/415/415 413/413/413
f 423/423/423 422/422/422 420/420/420
f 415/415/415 424/424/424 417/417/417
f 425/425/425 417/417/417 424/424/424
f 415/415/415 422/422/422 426/426/426
f 424/424/424 415/415/415 426/426/426
f 426/426/426 422/422/422 427/427/427
f 422/422/422 423/423/423 427/427/427
f 426/426/426 427/427/427 424/424/424
f 428/428/428 425/425/425 424/424/424
f 427/427/427 428/428/428 424/424/424
f 429/429/429 425/425/425 428/428/428
f 427/427/427 423/423/423 430/430/430
f 427/427/427 430/430/430 428/428/428
f 423/423/423 431/431/431 430/430/430
f 432/432/432 429/429/429 428/428/428
f 430/430/430 432/432/432 428/428/428
f 433/433/433 429/429/429 432/432/432
f 430/430/430 431/431/431 434/434/434
f 430/430/430 434/434/434 432/432/432
f 431/431/431 435/435/435 434/434/434
f 436/436/436 433/433/433 432/432/432
f 434/434/434 436/436/436 432/432/432
f 436/436/436 437/437/437 433/433/433
f 437/437/437 436/436/436 434/434/434
f 437/437/437 438/438/438 433/433/433
f 439/439/439 437/437/437 434/434/434
f 437/437/437 440/440/440 438/438/438
f 440/440/440 437/437/437 439/439/439
f 440/440/440 441/441/441 438/438/438
f 442/442/442 440/440/440 439/439/439
f 445/445/445 444/444/444 443/443/443
f 446/446/446 445/445/445 443/443/443
f 449/449/449 448/448/448 447/447/447
f 450/450/450 449/449/449 447/447/447
f 449/449/449 450/450/450 451/451/451
f 452/452/452 449/449/449 451/451/451
f 453/453/453 452/452/452 451/451/451
f 454/454/454 453/453/453 451/451/451
f 453/453/453 454/454/454 455/455/455
f 456/456/456 453/453/453 455/455/455
f 459/459/459 458/458/458 457/457/457
f 460/460/460 459/459/459 457/457/457
f 459/459/459 460/460/460 461/461/461
f 462/462/462 459/459/459 461/461/461
f 464/464/464 462/462/462 463/463/463
f 465/465/465 464/464/464 463/463/463
f 464/464/464 465/465/465 466/466/466
f 465/465/465 467/467/467 466/466/466
f 466/466/466 467/467/467 468/468/468
f 467/467/467 469/469/469 468/468/468
f 468/468/468 469/469/469 470/470/470
f 469/469/469 471/471/471 470/470/470
f 470/470/470 471/471/471 472/472/472
f 471/471/471 473/473/473 472/472/472
f 474/474/474 472/472/472 473/473/473
f 475/475/475 474/474/474 473/473/473
f 474/474/474 476/476/476 472/472/472
f 476/476/476 477/477/477 472/472/472
f 476/476/476 478/478/478 477/477/477
f 478/478/478 479/479/479 477/477/477
f 478/478/478 480/480/480 479/479/479
f 478/478/478 481/481/481 480/480/480
f 478/478/478 482/482/482 481/481/481
f 476/476/476 483/483/483 478/478/478
f 474/474/474 484/484/484 476/476/476
f 484/484/484 483/483/483 476/476/476
f 478/478/478 485/485/485 482/482/482
f 483/483/483 485/485/485 478/478/478
f 485/485/485 486/486/486 482/482/482
f 485/485/485 483/483/483 486/486/486
f 482/482/482 486/486/486 487/487/487
f 487/487/487 486/486/486 488/488/488
f 489/489/489 482/482/482 487/487/487
f 489/489/489 487/487/487 490/490/490
f 487/487/487 491/491/491 490/490/490
f 487/487/487 488/488/488 491/491/491
f 490/490/490 491/491/491 492/492/492
f 483/483/483 493/493/493 486/486/486
f 486/486/486 493/493/493 488/488/488
f 493/493/493 483/483/483 494/494/494
f 483/483/483 484/484/484 494/494/494
f 493/493/493 494/494/494 488/488/488
f 484/484/484 474/474/474 495/495/495
f 494/494/494 484/484/484 495/495/495
f 496/496/496 495/495/495 474/474/474
f 497/497/497 496/496/496 474/474/474
f 494/494/494 495/495/495 498/498/498
f 494/494/494 498/498/498 488/488/488
f 495/495/495 499/499/499 498/498/498
f 488/488/488 498/498/498 500/500/500
f 501/501/501 488/488/488 500/500/500
f 488/488/488 501/501/501 491/491/491
f 501/501/501 500/500/500 502/502/502
f 491/491/491 501/501/501 503/503/503
f 491/491/491 503/503/503 492/492/492
f 492/492/492 503/503/503 504/504/504
f 504/504/504 503/503/503 505/505/505
f 502/502/502 506/506/506 505/505/505
f 507/507/507 501/501/501 502/502/502
f 501/501/501 507/507/507 503/503/503
f 507/507/507 502/502/502 505/505/505
f 503/503/503 507/507/507 505/505/505
f 510/510/510 509/509/509 508/508/508
f 511/511/511 510/510/510 508/508/508
f 510/510/510 511/511/511 512/512/512
f 513/513/513 510/510/510 512/512/512
f 516/516/516 515/515/515 514/514/514
f 517/517/517 516/516/516 514/514/514
f 520/520/520 519/519/519 518/518/518
f 519/519/519 521/521/521 518/518/518
f 521/521/521 522/522/522 518/518/518
f 522/522/522 523/523/523 518/518/518
f 523/523/523 522/522/522 524/524/524
f 522/522/522 525/525/525 524/524/524
f 525/525/525 526/526/526 524/524/524
f 526/526/526 527/527/527 524/524/524
f 530/530/530 529/529/529 528/528/528
f 530/530/530 528/528/528 531/531/531
f 532/532/532 530/530/530 531/531/531
f 532/532/532 531/531/531 533/533/533
f 534/534/534 532/532/532 533/533/533
f 533/533/533 531/531/531 535/535/535
f 536/536/536 533/533/533 535/535/535
f 536/536/536 535/535/535 537/537/537
f 538/538/538 536/536/536 537/537/537
f 535/535/535 531/531/531 539/539/539
f 531/531/531 528/528/528 539/539/539
f 535/535/535 539/539/539 540/540/540
f 540/540/540 539/539/539 541/541/541
f 539/539/539 542/542/542 541/541/541
f 539/539/539 528/528/528 542/542/542
f 528/528/528 543/543/543 542/542/542
f 546/546/546 545/545/545 544/544/544
f 546/546/546 544/544/544 547/547/547
f 544/544/544 548/548/548 547/547/547
f 551/551/551 550/550/550 549/549/549
f 552/552/552 551/551/551 549/549/549
f 553/553/553 551/551/551 552/552/552
f 554/554/554 553/553/553 552/552/552
f 554/554/554 552/552/552 555/555/555
f 556/556/556 554/554/554 555/555/555
f 554/554/554 556/556/556 557/557/557
f 558/558/558 554/554/554 557/557/557
f 553/553/553 554/554/554 558/558/558
f 559/559/559 551/551/551 553/553/553
f 559/559/559 560/560/560 551/551/551
f 561/561/561 553/553/553 558/558/558
f 561/561/561 558/558/558 562/562/562
f 563/563/563 561/561/561 562/562/562
f 563/563/563 564/564/564 561/561/561
f 561/561/561 565/565/565 553/553/553
f 564/564/564 565/565/565 561/561/561
f 566/566/566 559/559/559 553/553/553
f 565/565/565 566/566/566 553/553/553
f 566/566/566 567/567/567 559/559/559
f 567/567/567 566/566/566 565/565/565
f 559/559/559 568/568/568 560/560/560
f 567/567/567 568/568/568 559/559/559
f 569/569/569 565/565/565 564/564/564
f 569/569/569 567/567/567 565/565/565
f 570/570/570 569/569/569 564/564/564
f 567/567/567 569/569/569 570/570/570
f 570/570/570 564/564/564 571/571/571
f 568/568/568 572/572/572 560/560/560
f 573/573/573 560/560/560 572/572/572
f 574/574/574 573/573/573 572/572/572
f 568/568/568 567/567/567 575/575/575
f 572/572/572 568/568/568 575/575/575
f 575/575/575 567/567/567 570/570/570
f 572/572/572 575/575/575 576/576/576
f 575/575/575 570/570/570 577/577/577
f 575/575/575 577/577/577 576/576/576
f 570/570/570 578/578/578 577/577/577
f 570/570/570 579/579/579 578/578/578
f 579/579/579 580/580/580 578/578/578
f 581/581/581 576/576/576 577/577/577
f 581/581/581 582/582/582 576/576/576
f 583/583/583 581/581/581 577/577/577
f 583/583/583 577/577/577 578/578/578
f 584/584/584 581/581/581 583/583/583
f 585/585/585 578/578/578 580/580/580
f 585/585/585 583/583/583 578/578/578
f 586/586/586 585/585/585 580/580/580
f 587/587/587 584/584/584 583/583/583
f 587/587/587 583/583/583 585/585/585
f 588/588/588 584/584/584 587/587/587
f 589/589/589 585/585/585 586/586/586
f 589/589/589 587/587/587 585/585/585
f 590/590/590 589/589/589 586/586/586
f 591/591/591 588/588/588 587/587/587
f 591/591/591 587/587/587 589/589/589
f 592/592/592 588/588/588 591/591/591
f 593/593/593 589/589/589 590/590/590
f 593/593/593 591/591/591 589/589/589
f 594/594/594 593/593/593 590/590/590
f 595/595/595 592/592/592 591/591/591
f 595/595/595 591/591/591 593/593/593
f 592/592/592 595/595/595 596/596/596
f 595/595/595 597/597/597 596/596/596
f 598/598/598 593/593/593 594/594/594
f 598/598/598 595/595/595 593/593/593
f 595/595/595 598/598/598 597/597/597
f 599/599/599 598/598/598 594/594/594
f 598/598/598 600/600/600 597/597/597
f 598/598/598 599/599/599 600/600/600
f 599/599/599 601/601/601 600/600/600
f 604/604/604 603/603/603 602/602/602
f 603/603/603 605/605/605 602/602/602
f 603/603/603 606/606/606 605/605/605
f 607/607/607 602/602/602 605/605/605
f 606/606/606 608/608/608 605/605/605
f 609/609/609 607/607/607 605/605/605
f 609/609/609 605/605/605 608/608/608
f 607/607/607 609/609/609 610/610/610
f 611/611/611 607/607/607 610/610/610
f 610/610/610 609/609/609 612/612/612
f 613/613/613 609/609/609 608/608/608
f 609/609/609 613/613/613 612/612/612
f 613/613/613 608/608/608 614/614/614
f 612/612/612 613/613/613 614/614/614
f 615/615/615 612/612/612 614/614/614
f 608/608/608 616/616/616 614/614/614
f 615/615/615 614/614/614 617/617/617
f 614/614/614 616/616/616 617/617/617
f 618/618/618 615/615/615 617/617/617
f 618/618/618 617/617/617 619/619/619
f 620/620/620 618/618/618 619/619/619
f 617/617/617 621/621/621 619/619/619
f 616/616/616 621/621/621 617/617/617
f 621/621/621 622/622/622 619/619/619
f 623/623/623 621/621/621 616/616/616
f 624/624/624 623/623/623 616/616/616
f 627/627/627 626/626/626 625/625/625
f 626/626/626 628/628/628 625/625/625
f 628/628/628 629/629/629 625/625/625
f 628/628/628 626/626/626 629/629/629
f 626/626/626 630/630/630 629/629/629
f 633/633/633 632/632/632 631/631/631
f 634/634/634 633/633/633 631/631/631
f 633/633/633 634/634/634 635/635/635
f 635/635/635 634/634/634 636/636/636
f 637/637/637 633/633/633 635/635/635
f 640/640/640 639/639/639 638/638/638
f 638/638/638 639/639/639 641/641/641
f 642/642/642 638/638/638 641/641/641
f 645/645/645 644/644/644 643/643/643
f 643/643/643 644/644/644 646/646/646
f 647/647/647 643/643/643 646/646/646
f 648/648/648 643/643/643 647/647/647
f 649/649/649 648/648/648 647/647/647
f 652/652/652 651/651/651 650/650/650
f 653/653/653 652/652/652 650/650/650
f 654/654/654 653/653/653 650/650/650
f 655/655/655 654/654/654 650/650/650
f 656/656/656 655/655/655 650/650/650
f 657/657/657 656/656/656 650/650/650
f 656/656/656 657/657/657 658/658/658
f 657/657/657 659/659/659 658/658/658
f 660/660/660 657/657/657 650/650/650
f 659/659/659 657/657/657 661/661/661
f 657/657/657 660/660/660 661/661/661
f 662/662/662 660/660/660 650/650/650
f 663/663/663 662/662/662 650/650/650
f 664/664/664 663/663/663 650/650/650
f 663/663/663 664/664/664 665/665/665
f 660/660/660 662/662/662 666/666/666
f 661/661/661 660/660/660 666/666/666
f 659/659/659 661/661/661 667/667/667
f 661/661/661 666/666/666 668/668/668
f 661/661/661 668/668/668 667/667/667
f 666/666/666 669/669/669 668/668/668
f 669/669/669 666/666/666 670/670/670
f 670/670/670 671/671/671 669/669/669
f 672/672/672 668/668/668 669/669/669
f 668/668/668 672/672/672 667/667/667
f 659/659/659 667/667/667 673/673/673
f 674/674/674 659/659/659 673/673/673
f 671/671/671 675/675/675 669/669/669
f 675/675/675 672/672/672 669/669/669
f 676/676/676 675/675/675 671/671/671
f 675/675/675 676/676/676 672/672/672
f 677/677/677 676/676/676 671/671/671
f 676/676/676 677/677/677 678/678/678
f 672/672/672 679/679/679 667/667/667
f 673/673/673 667/667/667 679/679/679
f 674/674/674 673/673/673 680/680/680
f 681/681/681 674/674/674 680/680/680
f 680/680/680 673/673/673 682/682/682
f 682/682/682 673/673/673 679/679/679
f 683/683/683 680/680/680 682/682/682
f 672/672/672 684/684/684 679/679/679
f 676/676/676 684/684/684 672/672/672
f 685/685/685 676/676/676 678/678/678
f 678/678/678 686/686/686 685/685/685
f 682/682/682 679/679/679 687/687/687
f 684/684/684 687/687/687 679/679/679
f 683/683/683 682/682/682 688/688/688
f 688/688/688 682/682/682 687/687/687
f 689/689/689 683/683/683 688/688/688
f 684/684/684 676/676/676 690/690/690
f 676/676/676 685/685/685 690/690/690
f 684/684/684 690/690/690 691/691/691
f 687/687/687 684/684/684 691/691/691
f 691/691/691 690/690/690 685/685/685
f 686/686/686 692/692/692 685/685/685
f 692/692/692 691/691/691 685/685/685
f 686/686/686 693/693/693 692/692/692
f 687/687/687 691/691/691 694/694/694
f 688/688/688 687/687/687 694/694/694
f 694/694/694 691/691/691 692/692/692
f 693/693/693 695/695/695 692/692/692
f 695/695/695 694/694/694 692/692/692
f 693/693/693 696/696/696 695/695/695
f 688/688/688 694/694/694 697/697/697
f 689/689/689 688/688/688 697/697/697
f 697/697/697 694/694/694 695/695/695
f 696/696/696 698/698/698 695/695/695
f 698/698/698 697/697/697 695/695/695
f 699/699/699 698/698/698 696/696/696
f 698/698/698 699/699/699 697/697/697
f 700/700/700 699/699/699 696/696/696
f 689/689/689 697/697/697 701/701/701
f 699/699/699 701/701/701 697/697/697
f 702/702/702 689/689/689 701/701/701
f 703/703/703 699/699/699 700/700/700
f 699/699/699 703/703/703 701/701/701
f 704/704/704 703/703/703 700/700/700
f 703/703/703 705/705/705 701/701/701
f 708/708/708 707/707/707 706/706/706
f 709/709/709 708/708/708 706/706/706
f 712/712/712 711/711/711 710/710/710
f 713/713/713 712/712/712 710/710/710
f 716/716/716 715/715/715 714/714/714
f 717/717/717 716/716/716 714/714/714
f 720/720/720 719/719/719 718/718/718
f 719/719/719 721/721/721 718/718/718
f 722/722/722 718/718/718 721/721/721
f 719/719/719 723/723/723 721/721/721
f 719/719/719 724/724/724 723/723/723
f 724/724/724 725/725/725 723/723/723
f 723/723/723 725/725/725 726/726/726
f 723/723/723 727/727/727 721/721/721
f 723/723/723 726/726/726 727/727/727
f 728/728/728 722/722/722 721/721/721
f 728/728/728 721/721/721 727/727/727
f 722/722/722 728/728/728 729/729/729
f 730/730/730 722/722/722 729/729/729
f 729/729/729 728/728/728 731/731/731
f 728/728/728 732/732/732 731/731/731
f 732/732/732 728/728/728 727/727/727
f 731/731/731 732/732/732 733/733/733
f 732/732/732 727/727/727 733/733/733
f 734/734/734 731/731/731 733/733/733
f 726/726/726 735/735/735 727/727/727
f 727/727/727 735/735/735 733/733/733
f 726/726/726 736/736/736 735/735/735
f 736/736/736 737/737/737 735/735/735
f 734/734/734 733/733/733 738/738/738
f 733/733/733 735/735/735 738/738/738
f 735/735/735 737/737/737 738/738/738
f 739/739/739 734/734/734 738/738/738
f 738/738/738 737/737/737 740/740/740
f 739/739/739 738/738/738 740/740/740
f 737/737/737 741/741/741 740/740/740
f 742/742/742 739/739/739 740/740/740
f 745/745/745 744/744/744 743/743/743
f 746/746/746 745/745/745 743/743/743
f 745/745/745 746/746/746 747/747/747
f 748/748/748 745/745/745 747/747/747
f 749/749/749 747/747/747 746/746/746
f 750/750/750 749/749/749 746/746/746
f 751/751/751 749/749/749 750/750/750
f 751/751/751 752/752/752 749/749/749
f 752/752/752 753/753/753 749/749/749
f 749/749/749 753/753/753 747/747/747
f 754/754/754 753/753/753 752/752/752
f 754/754/754 755/755/755 753/753/753
f 748/748/748 747/747/747 756/756/756
f 753/753/753 756/756/756 747/747/747
f 755/755/755 756/756/756 753/753/753
f 757/757/757 748/748/748 756/756/756
f 755/755/755 758/758/758 756/756/756
f 758/758/758 757/757/757 756/756/756
f 761/761/761 760/760/760 759/759/759
f 760/760/760 762/762/762 759/759/759
f 762/762/762 760/760/760 763/763/763
f 760/760/760 764/764/764 763/763/763
f 765/765/765 762/762/762 763/763/763
f 762/762/762 765/765/765 766/766/766
f 766/766/766 765/765/765 763/763/763
f 767/767/767 762/762/762 766/766/766
f 768/768/768 766/766/766 763/763/763
f 769/769/769 768/768/768 763/763/763
f 764/764/764 770/770/770 769/769/769
f 764/764/764 771/771/771 763/763/763
f 771/771/771 764/764/764 769/769/769
f 771/771/771 769/769/769 763/763/763
f 774/774/774 773/773/773 772/772/772
f 773/773/773 775/775/775 772/772/772
f 773/773/773 776/776/776 775/775/775
f 776/776/776 777/777/777 775/775/775
f 780/780/780 779/779/779 778/778/778
f 781/781/781 780/780/780 778/778/778
f 782/782/782 780/780/780 781/781/781
f 783/783/783 782/782/782 781/781/781
f 783/783/783 784/784/784 782/782/782
f 784/784/784 785/785/785 782/782/782
f 785/785/785 787/787/787 786/786/786
f 786/786/786 787/787/787 788/788/788
f 787/787/787 789/789/789 788/788/788
f 786/786/786 788/788/788 790/790/790
f 790/790/790 788/788/788 791/791/791
f 788/788/788 792/792/792 791/791/791
f 788/788/788 789/789/789 792/792/792
f 792/792/792 793/793/793 791/791/791
f 789/789/789 793/793/793 792/792/792
f 793/793/793 794/794/794 791/791/791
f 790/790/790 791/791/791 795/795/795
f 790/790/790 795/795/795 796/796/796
f 797/797/797 796/796/796 795/795/795
f 797/797/797 798/798/798 796/796/796
f 798/798/798 799/799/799 796/796/796
f 798/798/798 800/800/800 799/799/799
f 800/800/800 801/801/801 799/799/799
f 802/802/802 800/800/800 798/798/798
f 803/803/803 802/802/802 798/798/798
f 803/803/803 798/798/798 797/797/797
f 804/804/804 802/802/802 803/803/803
f 805/805/805 804/804/804 803/803/803
f 806/806/806 804/804/804 805/805/805
f 807/807/807 803/803/803 797/797/797
f 805/805/805 803/803/803 807/807/807
f 808/808/808 797/797/797 795/795/795
f 807/807/807 797/797/797 808/808/808
f 809/809/809 806/806/806 805/805/805
f 806/806/806 809/809/809 810/810/810
f 809/809/809 811/811/811 810/810/810
f 812/812/812 805/805/805 807/807/807
f 809/809/809 805/805/805 812/812/812
f 809/809/809 813/813/813 811/811/811
f 813/813/813 809/809/809 812/812/812
f 813/813/813 814/814/814 811/811/811
f 812/812/812 807/807/807 815/815/815
f 815/815/815 807/807/807 808/808/808
f 808/808/808 795/795/795 816/816/816
f 791/791/791 816/816/816 795/795/795
f 813/813/813 812/812/812 817/817/817
f 817/817/817 812/812/812 815/815/815
f 813/813/813 818/818/818 814/814/814
f 818/818/818 813/813/813 817/817/817
f 819/819/819 808/808/808 816/816/816
f 815/815/815 808/808/808 819/819/819
f 817/817/817 815/815/815 820/820/820
f 820/820/820 815/815/815 819/819/819
f 816/816/816 821/821/821 819/819/819
f 816/816/816 791/791/791 821/821/821
f 818/818/818 822/822/822 814/814/814
f 814/814/814 822/822/822 823/823/823
f 822/822/822 824/824/824 823/823/823
f 824/824/824 822/822/822 825/825/825
f 818/818/818 817/817/817 826/826/826
f 826/826/826 817/817/817 820/820/820
f 819/819/819 827/827/827 820/820/820
f 821/821/821 827/827/827 819/819/819
f 818/818/818 828/828/828 822/822/822
f 828/828/828 818/818/818 826/826/826
f 822/822/822 829/829/829 825/825/825
f 828/828/828 829/829/829 822/822/822
f 820/820/820 830/830/830 826/826/826
f 827/827/827 830/830/830 820/820/820
f 829/829/829 831/831/831 825/825/825
f 831/831/831 832/832/832 825/825/825
f 832/832/832 831/831/831 833/833/833
f 831/831/831 834/834/834 833/833/833
f 835/835/835 834/834/834 831/831/831
f 836/836/836 831/831/831 829/829/829
f 836/836/836 835/835/835 831/831/831
f 828/828/828 836/836/836 829/829/829
f 837/837/837 835/835/835 836/836/836
f 826/826/826 838/838/838 828/828/828
f 838/838/838 836/836/836 828/828/828
f 838/838/838 837/837/837 836/836/836
f 830/830/830 838/838/838 826/826/826
f 837/837/837 838/838/838 839/839/839
f 838/838/838 830/830/830 839/839/839
f 839/839/839 830/830/830 840/840/840
f 830/830/830 827/827/827 840/840/840
f 841/841/841 840/840/840 827/827/827
f 821/821/821 841/841/841 827/827/827
f 840/840/840 841/841/841 842/842/842
f 843/843/843 840/840/840 842/842/842
f 844/844/844 842/842/842 841/841/841
f 845/845/845 844/844/844 841/841/841
f 845/845/845 841/841/841 821/821/821
f 846/846/846 845/845/845 821/821/821
f 791/791/791 846/846/846 821/821/821
f 791/791/791 847/847/847 846/846/846
f 847/847/847 791/791/791 794/794/794
f 847/847/847 848/848/848 846/846/846
f 846/846/846 848/848/848 845/845/845
f 849/849/849 847/847/847 794/794/794
f 848/848/848 847/847/847 849/849/849
f 848/848/848 850/850/850 845/845/845
f 845/845/845 850/850/850 851/851/851
f 845/845/845 851/851/851 852/852/852
f 851/851/851 853/853/853 852/852/852
f 850/850/850 848/848/848 854/854/854
f 850/850/850 854/854/854 851/851/851
f 855/855/855 848/848/848 849/849/849
f 848/848/848 855/855/855 854/854/854
f 855/855/855 849/849/849 856/856/856
f 854/854/854 855/855/855 856/856/856
f 851/851/851 854/854/854 857/857/857
f 857/857/857 854/854/854 856/856/856
f 858/858/858 851/851/851 857/857/857
f 857/857/857 856/856/856 859/859/859
f 849/849/849 794/794/794 860/860/860
f 849/849/849 860/860/860 856/856/856
f 856/856/856 861/861/861 859/859/859
f 859/859/859 861/861/861 862/862/862
f 794/794/794 863/863/863 860/860/860
f 794/794/794 864/864/864 863/863/863
f 864/864/864 865/865/865 863/863/863
f 863/863/863 865/865/865 866/866/866
f 867/867/867 863/863/863 866/866/866
f 860/860/860 863/863/863 867/867/867
f 867/867/867 866/866/866 868/868/868
f 869/869/869 867/867/867 868/868/868
f 856/856/856 860/860/860 870/870/870
f 870/870/870 860/860/860 867/867/867
f 870/870/870 867/867/867 869/869/869
f 861/861/861 856/856/856 870/870/870
f 871/871/871 870/870/870 869/869/869
f 861/861/861 870/870/870 871/871/871
f 861/861/861 872/872/872 862/862/862
f 872/872/872 861/861/861 871/871/871
f 862/862/862 872/872/872 873/873/873
f 872/872/872 871/871/871 873/873/873
f 874/874/874 862/862/862 873/873/873
f 871/871/871 875/875/875 873/873/873
f 878/878/878 877/877/877 876/876/876
f 879/879/879 878/878/878 876/876/876
f 880/880/880 879/879/879 876/876/876
f 878/878/878 879/879/879 880/880/880
f 883/883/883 882/882/882 881/881/881
f 884/884/884 883/883/883 881/881/881
f 885/885/885 884/884/884 881/881/881
f 886/886/886 885/885/885 881/881/881
f 885/885/885 886/886/886 884/884/884
f 887/887/887 886/886/886 881/881/881
f 886/886/886 888/888/888 884/884/884
f 886/886/886 887/887/887 889/889/889
f 888/888/888 886/886/886 890/890/890
f 886/886/886 889/889/889 890/890/890
f 893/893/893 892/892/892 891/891/891
f 894/894/894 893/893/893 891/891/891
f 894/894/894 891/891/891 895/895/895
f 896/896/896 893/893/893 894/894/894
f 897/897/897 894/894/894 895/895/895
f 898/898/898 896/896/896 894/894/894
f 898/898/898 894/894/894 897/897/897
f 899/899/899 898/898/898 897/897/897
f 902/902/902 901/901/901 900/900/900
f 903/903/903 902/902/902 900/900/900
f 906/906/906 905/905/905 904/904/904
f 906/906/906 904/904/904 907/907/907
f 904/904/904 908/908/908 907/907/907
f 907/907/907 908/908/908 909/909/909
f 908/908/908 910/910/910 909/909/909
f 904/904/904 911/911/911 908/908/908
f 904/904/904 912/912/912 911/911/911
f 912/912/912 913/913/913 911/911/911
f 911/911/911 913/913/913 914/914/914
f 913/913/913 915/915/915 914/914/914
f 911/911/911 916/916/916 908/908/908
f 908/908/908 916/916/916 910/910/910
f 916/916/916 917/917/917 910/910/910
f 916/916/916 918/918/918 917/917/917
f 910/910/910 917/917/917 919/919/919
f 920/920/920 910/910/910 919/919/919
f 919/919/919 917/917/917 921/921/921
f 918/918/918 922/922/922 917/917/917
f 917/917/917 922/922/922 921/921/921
f 918/918/918 923/923/923 922/922/922
f 921/921/921 922/922/922 924/924/924
f 923/923/923 925/925/925 922/922/922
f 922/922/922 925/925/925 924/924/924
f 928/928/928 927/927/927 926/926/926
f 929/929/929 928/928/928 926/926/926
f 930/930/930 929/929/929 926/926/926
f 931/931/931 928/928/928 929/929/929
f 932/932/932 928/928/928 931/931/931
f 933/933/933 932/932/932 931/931/931
f 934/934/934 930/930/930 926/926/926
f 935/935/935 930/930/930 934/934/934
f 936/936/936 935/935/935 934/934/934
f 935/935/935 936/936/936 937/937/937
f 938/938/938 935/935/935 937/937/937
f 937/937/937 936/936/936 939/939/939
f 936/936/936 940/940/940 939/939/939
f 943/943/943 942/942/942 941/941/941
f 944/944/944 943/943/943 941/941/941
f 947/947/947 946/946/946 945/945/945
f 948/948/948 947/947/947 945/945/945
f 951/951/951 950/950/950 949/949/949
f 950/950/950 951/951/951 952/952/952
f 950/950/950 952/952/952 953/953/953
f 951/951/951 954/954/954 952/952/952
f 954/954/954 951/951/951 955/955/955
f 956/956/956 954/954/954 955/955/955
f 954/954/954 956/956/956 957/957/957
f 958/958/958 956/956/956 955/955/955
f 956/956/956 958/958/958 957/957/957
f 958/958/958 959/959/959 957/957/957
f 960/960/960 958/958/958 955/955/955
f 958/958/958 960/960/960 959/959/959
f 960/960/960 961/961/961 959/959/959
f 961/961/961 960/960/960 962/962/962
f 961/961/961 962/962/962 963/963/963
f 962/962/962 964/964/964 963/963/963
f 964/964/964 965/965/965 963/963/963
f 961/961/961 963/963/963 966/966/966
f 967/967/967 961/961/961 966/966/966
f 965/965/965 968/968/968 963/963/963
f 966/966/966 963/963/963 968/968/968
f 965/965/965 969/969/969 968/968/968
f 967/967/967 966/966/966 970/970/970
f 971/971/971 966/966/966 968/968/968
f 970/970/970 966/966/966 971/971/971
f 972/972/972 970/970/970 971/971/971
f 973/973/973 967/967/967 970/970/970
f 967/967/967 973/973/973 974/974/974
f 971/971/971 968/968/968 975/975/975
f 969/969/969 975/975/975 968/968/968
f 976/976/976 971/971/971 975/975/975
f 977/977/977 972/972/972 976/976/976
f 977/977/977 976/976/976 978/978/978
f 976/976/976 979/979/979 978/978/978
f 976/976/976 975/975/975 979/979/979
f 975/975/975 980/980/980 979/979/979
f 975/975/975 969/969/969 980/980/980
f 969/969/969 981/981/981 980/980/980
f 973/973/973 982/982/982 974/974/974
f 982/982/982 983/983/983 974/974/974
f 982/982/982 973/973/973 983/983/983
f 983/983/983 984/984/984 974/974/974
f 973/973/973 985/985/985 983/983/983
f 988/988/988 987/987/987 986/986/986
f 987/987/987 989/989/989 986/986/986
f 987/987/987 990/990/990 989/989/989
f 986/986/986 989/989/989 991/991/991
f 992/992/992 986/986/986 991/991/991
f 990/990/990 993/993/993 989/989/989
f 990/990/990 994/994/994 993/993/993
f 994/994/994 995/995/995 993/993/993
f 993/993/993 995/995/995 996/996/996
f 989/989/989 993/993/993 997/997/997
f 997/997/997 993/993/993 996/996/996
f 991/991/991 989/989/989 997/997/997
f 997/997/997 996/996/996 998/998/998
f 999/999/999 997/997/997 998/998/998
f 991/991/991 997/997/997 999/999/999
f 992/992/992 991/991/991 1000/1000/1000
f 1000/1000/1000 991/991/991 999/999/999
f 1001/1001/1001 992/992/992 1000/1000/1000
f 1000/1000/1000 999/999/999 1002/1002/1002
f 999/999/999 1003/1003/1003 1002/1002/1002
f 1006/1006/1006 1005/1005/1005 1004/1004/1004
f 1005/1005/1005 1007/1007/1007 1004/1004/1004
f 1007/1007/1007 1008/1008/1008 1004/1004/1004
f 1007/1007/1007 1009/1009/1009 1008/1008/1008
f 1009/1009/1009 1010/1010/1010 1008/1008/1008
f 1010/1010/1010 1009/1009/1009 1011/1011/1011
f 1010/1010/1010 1011/1011/1011 1012/1012/1012
f 1013/1013/1013 1010/1010/1010 1012/1012/1012
f 1009/1009/1009 1014/1014/1014 1011/1011/1011
f 1009/1009/1009 1015/1015/1015 1014/1014/1014
f 1015/1015/1015 1016/1016/1016 1014/1014/1014
f 1011/1011/1011 1014/1014/1014 1016/1016/1016
f 1016/1016/1016 1015/1015/1015 1017/1017/1017
f 1017/1017/1017 1018/1018/1018 1016/1016/1016
f 1019/1019/1019 1011/1011/1011 1016/1016/1016
f 1018/1018/1018 1019/1019/1019 1016/1016/1016
f 1012/1012/1012 1011/1011/1011 1019/1019/1019
f 1018/1018/1018 1020/1020/1020 1019/1019/1019
f 1021/1021/1021 1012/1012/1012 1019/1019/1019
f 1020/1020/1020 1021/1021/1021 1019/1019/1019
f 1022/1022/1022 1012/1012/1012 1021/1021/1021
f 1020/1020/1020 1023/1023/1023 1021/1021/1021
f 1023/1023/1023 1024/1024/1024 1021/1021/1021
f 1024/1024/1024 1022/1022/1022 1021/1021/1021
f 1025/1025/1025 1024/1024/1024 1023/1023/1023
f 1024/1024/1024 1025/1025/1025 1022/1022/1022
f 1026/1026/1026 1025/1025/1025 1023/1023/1023
f 1025/1025/1025 1027/1027/1027 1022/1022/1022
f 1028/1028/1028 1022/1022/1022 1027/1027/1027
f 1029/1029/1029 1028/1028/1028 1027/1027/1027
f 1030/1030/1030 1025/1025/1025 1026/1026/1026
f 1025/1025/1025 1030/1030/1030 1027/1027/1027
f 1031/1031/1031 1030/1030/1030 1026/1026/1026
f 1030/1030/1030 1032/1032/1032 1027/1027/1027
f 1029/1029/1029 1027/1027/1027 1032/1032/1032
f 1033/1033/1033 1029/1029/1029 1032/1032/1032
f 1036/1036/1036 1035/1035/1035 1034/1034/1034
f 1037/1037/1037 1036/1036/1036 1034/1034/1034
f 1037/1037/1037 1039/1039/1039 1038/1038/1038
f 1040/1040/1040 1037/1037/1037 1038/1038/1038
f 1041/1041/1041 1040/1040/1040 1038/1038/1038
f 1042/1042/1042 1041/1041/1041 1038/1038/1038
f 1043/1043/1043 1041/1041/1041 1042/1042/1042
f 1044/1044/1044 1041/1041/1041 1043/1043/1043
f 1045/1045/1045 1044/1044/1044 1043/1043/1043
f 1046/1046/1046 1043/1043/1043 1042/1042/1042
f 1047/1047/1047 1043/1043/1043 1046/1046/1046
f 1048/1048/1048 1047/1047/1047 1046/1046/1046
f 1051/1051/1051 1050/1050/1050 1049/1049/1049
f 1052/1052/1052 1051/1051/1051 1049/1049/1049
f 1052/1052/1052 1049/1049/1049 1053/1053/1053
f 1049/1049/1049 1054/1054/1054 1053/1053/1053
f 1051/1051/1051 1052/1052/1052 1055/1055/1055
f 1055/1055/1055 1052/1052/1052 1053/1053/1053
f 1056/1056/1056 1053/1053/1053 1054/1054/1054
f 1057/1057/1057 1056/1056/1056 1054/1054/1054
f 1057/1057/1057 1058/1058/1058 1056/1056/1056
f 1053/1053/1053 1056/1056/1056 1059/1059/1059
f 1059/1059/1059 1055/1055/1055 1053/1053/1053
f 1056/1056/1056 1060/1060/1060 1059/1059/1059
f 1059/1059/1059 1060/1060/1060 1061/1061/1061
f 1055/1055/1055 1059/1059/1059 1061/1061/1061
f 1060/1060/1060 1062/1062/1062 1061/1061/1061
f 1063/1063/1063 1055/1055/1055 1061/1061/1061
f 1064/1064/1064 1051/1051/1051 1055/1055/1055
f 1064/1064/1064 1055/1055/1055 1063/1063/1063
f 1051/1051/1051 1064/1064/1064 1065/1065/1065
f 1065/1065/1065 1064/1064/1064 1066/1066/1066
f 1067/1067/1067 1064/1064/1064 1063/1063/1063
f 1064/1064/1064 1067/1067/1067 1066/1066/1066
f 1066/1066/1066 1067/1067/1067 1068/1068/1068
f 1067/1067/1067 1069/1069/1069 1068/1068/1068
f 1072/1072/1072 1071/1071/1071 1070/1070/1070
f 1073/1073/1073 1072/1072/1072 1070/1070/1070
f 1073/1073/1073 1070/1070/1070 1074/1074/1074
f 1072/1072/1072 1073/1073/1073 1074/1074/1074
f 1070/1070/1070 1075/1075/1075 1074/1074/1074
f 1076/1076/1076 1072/1072/1072 1074/1074/1074
f 1075/1075/1075 1077/1077/1077 1074/1074/1074
f 1078/1078/1078 1076/1076/1076 1074/1074/1074
f 1079/1079/1079 1078/1078/1078 1077/1077/1077
f 1080/1080/1080 1078/1078/1078 1074/1074/1074
f 1078/1078/1078 1080/1080/1080 1077/1077/1077
f 1077/1077/1077 1080/1080/1080 1074/1074/1074
f 1083/1083/1083 1082/1082/1082 1081/1081/1081
f 1084/1084/1084 1083/1083/1083 1081/1081/1081
f 1085/1085/1085 1083/1083/1083 1084/1084/1084
f 1086/1086/1086 1085/1085/1085 1084/1084/1084
f 1086/1086/1086 1084/1084/1084 1087/1087/1087
f 1084/1084/1084 1081/1081/1081 1088/1088/1088
f 1084/1084/1084 1088/1088/1088 1087/1087/1087
f 1087/1087/1087 1088/1088/1088 1089/1089/1089
f 1081/1081/1081 1090/1090/1090 1088/1088/1088
f 1088/1088/1088 1091/1091/1091 1089/1089/1089
f 1088/1088/1088 1090/1090/1090 1091/1091/1091
f 1090/1090/1090 1092/1092/1092 1091/1091/1091
f 1091/1091/1091 1092/1092/1092 1093/1093/1093
f 1094/1094/1094 1091/1091/1091 1093/1093/1093
f 1097/1097/1097 1096/1096/1096 1095/1095/1095
f 1098/1098/1098 1097/1097/1097 1095/1095/1095
f 1098/1098/1098 1095/1095/1095 1099/1099/1099
f 1095/1095/1095 1100/1100/1100 1099/1099/1099
f 1099/1099/1099 1100/1100/1100 1101/1101/1101
f 1100/1100/1100 1102/1102/1102 1101/1101/1101
f 1105/1105/1105 1104/1104/1104 1103/1103/1103
f 1106/1106/1106 1105/1105/1105 1103/1103/1103
f 1106/1106/1106 1103/1103/1103 1107/1107/1107
f 1108/1108/1108 1106/1106/1106 1107/1107/1107
f 1109/1109/1109 1106/1106/1106 1108/1108/1108
f 1112/1112/1112 1111/1111/1111 1110/1110/1110
f 1111/1111/1111 1113/1113/1113 1110/1110/1110
f 1114/1114/1114 1110/1110/1110 1113/1113/1113
f 1115/1115/1115 1114/1114/1114 1113/1113/1113
f 1115/1115/1115 1113/1113/1113 1116/1116/1116
f 1115/1115/1115 1116/1116/1116 1117/1117/1117
f 1113/1113/1113 1118/1118/1118 1116/1116/1116
f 1116/1116/1116 1118/1118/1118 1119/1119/1119
f 1120/1120/1120 1116/1116/1116 1119/1119/1119
f 1117/1117/1117 1116/1116/1116 1120/1120/1120
f 1121/1121/1121 1117/1117/1117 1120/1120/1120
f 1121/1121/1121 1120/1120/1120 1122/1122/1122
f 1123/1123/1123 1121/1121/1121 1122/1122/1122
f 1121/1121/1121 1123/1123/1123 1124/1124/1124
f 1125/1125/1125 1121/1121/1121 1124/1124/1124
f 1117/1117/1117 1121/1121/1121 1125/1125/1125
f 1126/1126/1126 1117/1117/1117 1125/1125/1125
f 1126/1126/1126 1125/1125/1125 1127/1127/1127
f 1128/1128/1128 1126/1126/1126 1127/1127/1127
f 1128/1128/1128 1129/1129/1129 1126/1126/1126
f 1126/1126/1126 1130/1130/1130 1117/1117/1117
f 1129/1129/1129 1130/1130/1130 1126/1126/1126
f 1130/1130/1130 1131/1131/1131 1117/1117/1117
f 1131/1131/1131 1115/1115/1115 1117/1117/1117
f 1131/1131/1131 1132/1132/1132 1115/1115/1115
f 1132/1132/1132 1131/1131/1131 1130/1130/1130
f 1132/1132/1132 1114/1114/1114 1115/1115/1115
f 1133/1133/1133 1130/1130/1130 1129/1129/1129
f 1133/1133/1133 1132/1132/1132 1130/1130/1130
f 1114/1114/1114 1132/1132/1132 1134/1134/1134
f 1110/1110/1110 1114/1114/1114 1134/1134/1134
f 1132/1132/1132 1133/1133/1133 1135/1135/1135
f 1135/1135/1135 1133/1133/1133 1129/1129/1129
f 1134/1134/1134 1132/1132/1132 1135/1135/1135
f 1135/1135/1135 1129/1129/1129 1136/1136/1136
f 1129/1129/1129 1137/1137/1137 1136/1136/1136
f 1110/1110/1110 1134/1134/1134 1138/1138/1138
f 1134/1134/1134 1135/1135/1135 1139/1139/1139
f 1134/1134/1134 1139/1139/1139 1138/1138/1138
f 1110/1110/1110 1138/1138/1138 1140/1140/1140
f 1141/1141/1141 1110/1110/1110 1140/1140/1140
f 1142/1142/1142 1140/1140/1140 1138/1138/1138
f 1143/1143/1143 1142/1142/1142 1138/1138/1138
f 1143/1143/1143 1138/1138/1138 1139/1139/1139
f 1144/1144/1144 1142/1142/1142 1143/1143/1143
f 1135/1135/1135 1145/1145/1145 1139/1139/1139
f 1135/1135/1135 1146/1146/1146 1145/1145/1145
f 1146/1146/1146 1147/1147/1147 1145/1145/1145
f 1148/1148/1148 1143/1143/1143 1139/1139/1139
f 1148/1148/1148 1139/1139/1139 1145/1145/1145
f 1149/1149/1149 1144/1144/1144 1143/1143/1143
f 1149/1149/1149 1143/1143/1143 1148/1148/1148
f 1150/1150/1150 1144/1144/1144 1149/1149/1149
f 1151/1151/1151 1145/1145/1145 1147/1147/1147
f 1151/1151/1151 1148/1148/1148 1145/1145/1145
f 1152/1152/1152 1151/1151/1151 1147/1147/1147
f 1153/1153/1153 1149/1149/1149 1148/1148/1148
f 1153/1153/1153 1148/1148/1148 1151/1151/1151
f 1154/1154/1154 1150/1150/1150 1149/1149/1149
f 1154/1154/1154 1149/1149/1149 1153/1153/1153
f 1155/1155/1155 1150/1150/1150 1154/1154/1154
f 1156/1156/1156 1151/1151/1151 1152/1152/1152
f 1156/1156/1156 1153/1153/1153 1151/1151/1151
f 1157/1157/1157 1156/1156/1156 1152/1152/1152
f 1158/1158/1158 1155/1155/1155 1154/1154/1154
f 1155/1155/1155 1158/1158/1158 1159/1159/1159
f 1158/1158/1158 1160/1160/1160 1159/1159/1159
f 1161/1161/1161 1154/1154/1154 1153/1153/1153
f 1161/1161/1161 1153/1153/1153 1156/1156/1156
f 1158/1158/1158 1154/1154/1154 1161/1161/1161
f 1162/1162/1162 1156/1156/1156 1157/1157/1157
f 1162/1162/1162 1161/1161/1161 1156/1156/1156
f 1163/1163/1163 1162/1162/1162 1157/1157/1157
f 1158/1158/1158 1164/1164/1164 1160/1160/1160
f 1164/1164/1164 1158/1158/1158 1161/1161/1161
f 1164/1164/1164 1161/1161/1161 1162/1162/1162
f 1164/1164/1164 1165/1165/1165 1160/1160/1160
f 1166/1166/1166 1162/1162/1162 1163/1163/1163
f 1166/1166/1166 1164/1164/1164 1162/1162/1162
f 1164/1164/1164 1166/1166/1166 1165/1165/1165
f 1167/1167/1167 1166/1166/1166 1163/1163/1163
f 1166/1166/1166 1168/1168/1168 1165/1165/1165
f 1166/1166/1166 1167/1167/1167 1168/1168/1168
f 1167/1167/1167 1169/1169/1169 1168/1168/1168
f 1172/1172/1172 1171/1171/1171 1170/1170/1170
f 1173/1173/1173 1172/1172/1172 1170/1170/1170
f 1173/1173/1173 1170/1170/1170 1174/1174/1174
f 1174/1174/1174 1170/1170/1170 1175/1175/1175
f 1173/1173/1173 1176/1176/1176 1172/1172/1172
f 1177/1177/1177 1176/1176/1176 1173/1173/1173
f 1176/1176/1176 1178/1178/1178 1172/1172/1172
f 1179/1179/1179 1172/1172/1172 1178/1178/1178
f 1180/1180/1180 1179/1179/1179 1178/1178/1178
f 1176/1176/1176 1177/1177/1177 1181/1181/1181
f 1178/1178/1178 1176/1176/1176 1181/1181/1181
f 1181/1181/1181 1177/1177/1177 1182/1182/1182
f 1181/1181/1181 1182/1182/1182 1183/1183/1183
f 1182/1182/1182 1184/1184/1184 1183/1183/1183
f 1178/1178/1178 1181/1181/1181 1185/1185/1185
f 1181/1181/1181 1183/1183/1183 1185/1185/1185
f 1186/1186/1186 1183/1183/1183 1184/1184/1184
f 1187/1187/1187 1186/1186/1186 1184/1184/1184
f 1178/1178/1178 1185/1185/1185 1188/1188/1188
f 1189/1189/1189 1178/1178/1178 1188/1188/1188
f 1190/1190/1190 1188/1188/1188 1185/1185/1185
f 1191/1191/1191 1185/1185/1185 1183/1183/1183
f 1191/1191/1191 1190/1190/1190 1185/1185/1185
f 1186/1186/1186 1191/1191/1191 1183/1183/1183
f 1192/1192/1192 1190/1190/1190 1191/1191/1191
f 1193/1193/1193 1192/1192/1192 1191/1191/1191
f 1193/1193/1193 1191/1191/1191 1186/1186/1186
f 1194/1194/1194 1192/1192/1192 1193/1193/1193
f 1195/1195/1195 1186/1186/1186 1187/1187/1187
f 1195/1195/1195 1193/1193/1193 1186/1186/1186
f 1196/1196/1196 1195/1195/1195 1187/1187/1187
f 1197/1197/1197 1194/1194/1194 1193/1193/1193
f 1197/1197/1197 1193/1193/1193 1195/1195/1195
f 1198/1198/1198 1194/1194/1194 1197/1197/1197
f 1199/1199/1199 1195/1195/1195 1196/1196/1196
f 1199/1199/1199 1197/1197/1197 1195/1195/1195
f 1200/1200/1200 1199/1199/1199 1196/1196/1196
f 1201/1201/1201 1198/1198/1198 1197/1197/1197
f 1201/1201/1201 1197/1197/1197 1199/1199/1199
f 1198/1198/1198 1201/1201/1201 1202/1202/1202
f 1203/1203/1203 1201/1201/1201 1199/1199/1199
f 1201/1201/1201 1204/1204/1204 1202/1202/1202
f 1201/1201/1201 1203/1203/1203 1204/1204/1204
f 1203/1203/1203 1205/1205/1205 1204/1204/1204
f 1208/1208/1208 1207/1207/1207 1206/1206/1206
f 1209/1209/1209 1208/1208/1208 1206/1206/1206
f 1210/1210/1210 1208/1208/1208 1209/1209/1209
f 1211/1211/1211 1210/1210/1210 1209/1209/1209
f 1211/1211/1211 1209/1209/1209 1212/1212/1212
f 1209/1209/1209 1213/1213/1213 1212/1212/1212
f 1209/1209/1209 1206/1206/1206 1213/1213/1213
f 1206/1206/1206 1214/1214/1214 1213/1213/1213
f 1217/1217/1217 1216/1216/1216 1215/1215/1215
f 1218/1218/1218 1216/1216/1216 1217/1217/1217
f 1219/1219/1219 1218/1218/1218 1217/1217/1217
f 1222/1222/1222 1221/1221/1221 1220/1220/1220
f 1223/1223/1223 1222/1222/1222 1220/1220/1220
f 1223/1223/1223 1224/1224/1224 1222/1222/1222
f 1225/1225/1225 1223/1223/1223 1220/1220/1220
f 1224/1224/1224 1223/1223/1223 1225/1225/1225
f 1226/1226/1226 1225/1225/1225 1220/1220/1220
f 1227/1227/1227 1224/1224/1224 1225/1225/1225
f 1230/1230/1230 1229/1229/1229 1228/1228/1228
f 1229/1229/1229 1231/1231/1231 1228/1228/1228
f 1229/1229/1229 1232/1232/1232 1231/1231/1231
f 1232/1232/1232 1233/1233/1233 1231/1231/1231
f 1236/1236/1236 1235/1235/1235 1234/1234/1234
f 1237/1237/1237 1236/1236/1236 1234/1234/1234
f 1240/1240/1240 1239/1239/1239 1238/1238/1238
f 1241/1241/1241 1240/1240/1240 1238/1238/1238
f 1242/1242/1242 1241/1241/1241 1238/1238/1238
f 1240/1240/1240 1241/1241/1241 1242/1242/1242
f 1243/1243/1243 1242/1242/1242 1238/1238/1238
f 1244/1244/1244 1240/1240/1240 1242/1242/1242
f 1247/1247/1247 1246/1246/1246 1245/1245/1245
f 1248/1248/1248 1247/1247/1247 1245/1245/1245
f 1248/1248/1248 1245/1245/1245 1249/1249/1249
f 1250/1250/1250 1247/1247/1247 1248/1248/1248
f 1251/1251/1251 1248/1248/1248 1249/1249/1249
f 1252/1252/1252 1250/1250/1250 1248/1248/1248
f 1252/1252/1252 1248/1248/1248 1251/1251/1251
f 1253/1253/1253 1252/1252/1252 1251/1251/1251
f 1256/1256/1256 1255/1255/1255 1254/1254/1254
f 1255/1255/1255 1257/1257/1257 1254/1254/1254
f 1258/1258/1258 1254/1254/1254 1257/1257/1257
f 1260/1260/1260 1258/1258/1258 1259/1259/1259
f 1261/1261/1261 1260/1260/1260 1259/1259/1259
f 1262/1262/1262 1260/1260/1260 1261/1261/1261
f 1263/1263/1263 1262/1262/1262 1261/1261/1261
f 1264/1264/1264 1262/1262/1262 1263/1263/1263
f 1265/1265/1265 1264/1264/1264 1263/1263/1263
f 1264/1264/1264 1265/1265/1265 1266/1266/1266
f 1265/1265/1265 1267/1267/1267 1266/1266/1266
f 1270/1270/1270 1269/1269/1269 1268/1268/1268
f 1271/1271/1271 1270/1270/1270 1268/1268/1268
f 1270/1270/1270 1271/1271/1271 1272/1272/1272
f 1271/1271/1271 1273/1273/1273 1272/1272/1272
f 1272/1272/1272 1273/1273/1273 1274/1274/1274
f 1273/1273/1273 1275/1275/1275 1274/1274/1274
f 1274/1274/1274 1275/1275/1275 1276/1276/1276
f 1275/1275/1275 1277/1277/1277 1276/1276/1276
f 1280/1280/1280 1279/1279/1279 1278/1278/1278
f 1281/1281/1281 1280/1280/1280 1278/1278/1278
f 1282/1282/1282 1280/1280/1280 1281/1281/1281
f 1283/1283/1283 1282/1282/1282 1281/1281/1281
f 1283/1283/1283 1281/1281/1281 1284/1284/1284
f 1282/1282/1282 1285/1285/1285 1280/1280/1280
f 1285/1285/1285 1286/1286/1286 1280/1280/1280
f 1285/1285/1285 1287/1287/1287 1286/1286/1286
f 1287/1287/1287 1288/1288/1288 1286/1286/1286
f 1287/1287/1287 1285/1285/1285 1289/1289/1289
f 1285/1285/1285 1290/1290/1290 1289/1289/1289
f 1285/1285/1285 1282/1282/1282 1290/1290/1290
f 1289/1289/1289 1290/1290/1290 1291/1291/1291
f 1282/1282/1282 1292/1292/1292 1290/1290/1290
f 1282/1282/1282 1283/1283/1283 1292/1292/1292
f 1290/1290/1290 1293/1293/1293 1291/1291/1291
f 1290/1290/1290 1292/1292/1292 1293/1293/1293
f 1291/1291/1291 1293/1293/1293 1294/1294/1294
f 1295/1295/1295 1283/1283/1283 1284/1284/1284
f 1295/1295/1295 1284/1284/1284 1296/1296/1296
f 1283/1283/1283 1297/1297/1297 1292/1292/1292
f 1283/1283/1283 1295/1295/1295 1297/1297/1297
f 1293/1293/1293 1298/1298/1298 1294/1294/1294
f 1294/1294/1294 1298/1298/1298 1299/1299/1299
f 1292/1292/1292 1300/1300/1300 1293/1293/1293
f 1292/1292/1292 1297/1297/1297 1300/1300/1300
f 1293/1293/1293 1300/1300/1300 1298/1298/1298
f 1301/1301/1301 1295/1295/1295 1296/1296/1296
f 1301/1301/1301 1296/1296/1296 1302/1302/1302
f 1303/1303/1303 1301/1301/1301 1302/1302/1302
f 1298/1298/1298 1304/1304/1304 1299/1299/1299
f 1305/1305/1305 1299/1299/1299 1304/1304/1304
f 1295/1295/1295 1306/1306/1306 1297/1297/1297
f 1295/1295/1295 1301/1301/1301 1306/1306/1306
f 1301/1301/1301 1303/1303/1303 1307/1307/1307
f 1301/1301/1301 1307/1307/1307 1306/1306/1306
f 1303/1303/1303 1308/1308/1308 1307/1307/1307
f 1300/1300/1300 1309/1309/1309 1298/1298/1298
f 1298/1298/1298 1309/1309/1309 1304/1304/1304
f 1297/1297/1297 1310/1310/1310 1300/1300/1300
f 1297/1297/1297 1306/1306/1306 1310/1310/1310
f 1300/1300/1300 1310/1310/1310 1309/1309/1309
f 1306/1306/1306 1307/1307/1307 1311/1311/1311
f 1306/1306/1306 1311/1311/1311 1310/1310/1310
f 1307/1307/1307 1308/1308/1308 1312/1312/1312
f 1307/1307/1307 1312/1312/1312 1311/1311/1311
f 1310/1310/1310 1313/1313/1313 1309/1309/1309
f 1310/1310/1310 1311/1311/1311 1313/1313/1313
f 1309/1309/1309 1314/1314/1314 1304/1304/1304
f 1309/1309/1309 1313/1313/1313 1314/1314/1314
f 1311/1311/1311 1315/1315/1315 1313/1313/1313
f 1311/1311/1311 1312/1312/1312 1315/1315/1315
f 1308/1308/1308 1316/1316/1316 1312/1312/1312
f 1308/1308/1308 1317/1317/1317 1316/1316/1316
f 1317/1317/1317 1318/1318/1318 1316/1316/1316
f 1316/1316/1316 1318/1318/1318 1319/1319/1319
f 1312/1312/1312 1316/1316/1316 1320/1320/1320
f 1316/1316/1316 1319/1319/1319 1320/1320/1320
f 1312/1312/1312 1320/1320/1320 1315/1315/1315
f 1313/1313/1313 1315/1315/1315 1321/1321/1321
f 1313/1313/1313 1321/1321/1321 1314/1314/1314
f 1322/1322/1322 1304/1304/1304 1314/1314/1314
f 1322/1322/1322 1305/1305/1305 1304/1304/1304
f 1320/1320/1320 1319/1319/1319 1323/1323/1323
f 1319/1319/1319 1324/1324/1324 1323/1323/1323
f 1315/1315/1315 1320/1320/1320 1325/1325/1325
f 1315/1315/1315 1325/1325/1325 1321/1321/1321
f 1320/1320/1320 1323/1323/1323 1325/1325/1325
f 1326/1326/1326 1314/1314/1314 1321/1321/1321
f 1326/1326/1326 1322/1322/1322 1314/1314/1314
f 1305/1305/1305 1322/1322/1322 1327/1327/1327
f 1322/1322/1322 1326/1326/1326 1327/1327/1327
f 1328/1328/1328 1305/1305/1305 1327/1327/1327
f 1326/1326/1326 1329/1329/1329 1327/1327/1327
f 1329/1329/1329 1326/1326/1326 1330/1330/1330
f 1331/1331/1331 1326/1326/1326 1321/1321/1321
f 1331/1331/1331 1321/1321/1321 1325/1325/1325
f 1326/1326/1326 1331/1331/1331 1330/1330/1330
f 1332/1332/1332 1331/1331/1331 1325/1325/1325
f 1331/1331/1331 1332/1332/1332 1330/1330/1330
f 1332/1332/1332 1325/1325/1325 1323/1323/1323
f 1332/1332/1332 1333/1333/1333 1330/1330/1330
f 1333/1333/1333 1332/1332/1332 1334/1334/1334
f 1335/1335/1335 1332/1332/1332 1323/1323/1323
f 1332/1332/1332 1335/1335/1335 1334/1334/1334
f 1335/1335/1335 1323/1323/1323 1324/1324/1324
f 1335/1335/1335 1336/1336/1336 1334/1334/1334
f 1336/1336/1336 1335/1335/1335 1324/1324/1324
f 1336/1336/1336 1324/1324/1324 1337/1337/1337
f 1336/1336/1336 1338/1338/1338 1334/1334/1334
f 1338/1338/1338 1336/1336/1336 1339/1339/1339
f 1336/1336/1336 1340/1340/1340 1339/1339/1339
f 1343/1343/1343 1342/1342/1342 1341/1341/1341
f 1344/1344/1344 1343/1343/1343 1341/1341/1341
f 1344/1344/1344 1341/1341/1341 1345/1345/1345
f 1346/1346/1346 1344/1344/1344 1345/1345/1345
f 1346/1346/1346 1345/1345/1345 1347/1347/1347
f 1348/1348/1348 1346/1346/1346 1347/1347/1347
f 1348/1348/1348 1347/1347/1347 1349/1349/1349
f 1350/1350/1350 1348/1348/1348 1349/1349/1349
f 1352/1352/1352 1350/1350/1350 1351/1351/1351
f 1353/1353/1353 1352/1352/1352 1351/1351/1351
f 1356/1356/1356 1355/1355/1355 1354/1354/1354
f 1355/1355/1355 1357/1357/1357 1354/1354/1354
f 1354/1354/1354 1357/1357/1357 1358/1358/1358
f 1359/1359/1359 1354/1354/1354 1358/1358/1358
f 1360/1360/1360 1359/1359/1359 1358/1358/1358
f 1361/1361/1361 1360/1360/1360 1358/1358/1358
f 1362/1362/1362 1361/1361/1361 1358/1358/1358
f 1363/1363/1363 1362/1362/1362 1358/1358/1358
f 1364/1364/1364 1363/1363/1363 1358/1358/1358
f 1365/1365/1365 1364/1364/1364 1358/1358/1358
f 1357/1357/1357 1366/1366/1366 1358/1358/1358
f 1355/1355/1355 1367/1367/1367 1357/1357/1357
f 1367/1367/1367 1366/1366/1366 1357/1357/1357
f 1368/1368/1368 1364/1364/1364 1365/1365/1365
f 1367/1367/1367 1369/1369/1369 1366/1366/1366
f 1370/1370/1370 1368/1368/1368 1365/1365/1365
f 1369/1369/1369 1371/1371/1371 1366/1366/1366
f 1366/1366/1366 1371/1371/1371 1358/1358/1358
f 1369/1369/1369 1372/1372/1372 1371/1371/1371
f 1370/1370/1370 1365/1365/1365 1373/1373/1373
f 1373/1373/1373 1365/1365/1365 1358/1358/1358
f 1374/1374/1374 1370/1370/1370 1373/1373/1373
f 1372/1372/1372 1375/1375/1375 1371/1371/1371
f 1371/1371/1371 1375/1375/1375 1358/1358/1358
f 1372/1372/1372 1376/1376/1376 1375/1375/1375
f 1374/1374/1374 1373/1373/1373 1377/1377/1377
f 1377/1377/1377 1373/1373/1373 1358/1358/1358
f 1378/1378/1378 1374/1374/1374 1377/1377/1377
f 1376/1376/1376 1379/1379/1379 1375/1375/1375
f 1375/1375/1375 1379/1379/1379 1358/1358/1358
f 1376/1376/1376 1380/1380/1380 1379/1379/1379
f 1380/1380/1380 1381/1381/1381 1379/1379/1379
f 1379/1379/1379 1381/1381/1381 1358/1358/1358
f 1381/1381/1381 1382/1382/1382 1358/1358/1358
f 1382/1382/1382 1383/1383/1383 1358/1358/1358
f 1383/1383/1383 1384/1384/1384 1358/1358/1358
f 1384/1384/1384 1385/1385/1385 1358/1358/1358
f 1385/1385/1385 1386/1386/1386 1358/1358/1358
f 1386/1386/1386 1387/1387/1387 1358/1358/1358
f 1378/1378/1378 1377/1377/1377 1388/1388/1388
f 1388/1388/1388 1377/1377/1377 1358/1358/1358
f 1389/1389/1389 1378/1378/1378 1388/1388/1388
f 1390/1390/1390 1388/1388/1388 1358/1358/1358
f 1389/1389/1389 1388/1388/1388 1390/1390/1390
f 1387/1387/1387 1390/1390/1390 1358/1358/1358
f 1391/1391/1391 1389/1389/1389 1390/1390/1390
f 1391/1391/1391 1390/1390/1390 1387/1387/1387
f 1392/1392/1392 1391/1391/1391 1387/1387/1387
f 1395/1395/1395 1394/1394/1394 1393/1393/1393
f 1396/1396/1396 1395/1395/1395 1393/1393/1393
f 1399/1399/1399 1398/1398/1398 1397/1397/1397
f 1398/1398/1398 1400/1400/1400 1397/1397/1397
f 1398/1398/1398 1401/1401/1401 1400/1400/1400
f 1401/1401/1401 1402/1402/1402 1400/1400/1400
f 1401/1401/1401 1403/1403/1403 1402/1402/1402
f 1403/1403/1403 1404/1404/1404 1402/1402/1402
f 1407/1407/1407 1406/1406/1406 1405/1405/1405
f 1408/1408/1408 1407/1407/1407 1405/1405/1405
f 1407/1407/1407 1408/1408/1408 1409/1409/1409
f 1408/1408/1408 1410/1410/1410 1409/1409/1409
f 1408/1408/1408 1411/1411/1411 1410/1410/1410
f 1409/1409/1409 1410/1410/1410 1412/1412/1412
f 1410/1410/1410 1413/1413/1413 1412/1412/1412
f 1413/1413/1413 1410/1410/1410 1414/1414/1414
f 1415/1415/1415 1413/1413/1413 1414/1414/1414
f 1416/1416/1416 1412/1412/1412 1413/1413/1413
f 1417/1417/1417 1413/1413/1413 1415/1415/1415
f 1417/1417/1417 1416/1416/1416 1413/1413/1413
f 1418/1418/1418 1416/1416/1416 1417/1417/1417
f 1419/1419/1419 1418/1418/1418 1417/1417/1417
f 1418/1418/1418 1419/1419/1419 1420/1420/1420
f 1419/1419/1419 1421/1421/1421 1420/1420/1420
f 1421/1421/1421 1419/1419/1419 1422/1422/1422
f 1423/1423/1423 1421/1421/1421 1422/1422/1422
f 1421/1421/1421 1423/1423/1423 1424/1424/1424
f 1423/1423/1423 1425/1425/1425 1424/1424/1424
f 1428/1428/1428 1427/1427/1427 1426/1426/1426
f 1429/1429/1429 1428/1428/1428 1426/1426/1426
f 1432/1432/1432 1431/1431/1431 1430/1430/1430
f 1433/1433/1433 1432/1432/1432 1430/1430/1430
f 1432/1432/1432 1433/1433/1433 1434/1434/1434
f 1435/1435/1435 1432/1432/1432 1434/1434/1434
f 1436/1436/1436 1435/1435/1435 1434/1434/1434
f 1437/1437/1437 1436/1436/1436 1434/1434/1434
f 1440/1440/1440 1439/1439/1439 1438/1438/1438
f 1439/1439/1439 1441/1441/1441 1438/1438/1438
f 1441/1441/1441 1442/1442/1442 1438/1438/1438
f 1442/1442/1442 1443/1443/1443 1438/1438/1438
f 1443/1443/1443 1442/1442/1442 1444/1444/1444
f 1441/1441/1441 1439/1439/1439 1445/1445/1445
f 1439/1439/1439 1446/1446/1446 1445/1445/1445
f 1442/1442/1442 1441/1441/1441 1447/1447/1447
f 1441/1441/1441 1445/1445/1445 1447/1447/1447
f 1448/1448/1448 1445/1445/1445 1446/1446/1446
f 1449/1449/1449 1448/1448/1448 1446/1446/1446
f 1450/1450/1450 1447/1447/1447 1445/1445/1445
f 1448/1448/1448 1450/1450/1450 1445/1445/1445
f 1451/1451/1451 1448/1448/1448 1449/1449/1449
f 1452/1452/1452 1451/1451/1451 1449/1449/1449
f 1453/1453/1453 1450/1450/1450 1448/1448/1448
f 1451/1451/1451 1453/1453/1453 1448/1448/1448
f 1454/1454/1454 1451/1451/1451 1452/1452/1452
f 1455/1455/1455 1454/1454/1454 1452/1452/1452
f 1456/1456/1456 1453/1453/1453 1451/1451/1451
f 1454/1454/1454 1456/1456/1456 1451/1451/1451
f 1457/1457/1457 1454/1454/1454 1455/1455/1455
f 1458/1458/1458 1457/1457/1457 1455/1455/1455
f 1459/1459/1459 1456/1456/1456 1454/1454/1454
f 1457/1457/1457 1459/1459/1459 1454/1454/1454
f 1457/1457/1457 1458/1458/1458 1460/1460/1460
f 1458/1458/1458 1461/1461/1461 1460/1460/1460
f 1457/1457/1457 1460/1460/1460 1462/1462/1462
f 1459/1459/1459 1457/1457/1457 1462/1462/1462
f 1462/1462/1462 1460/1460/1460 1463/1463/1463
f 1462/1462/1462 1463/1463/1463 1464/1464/1464
f 1465/1465/1465 1462/1462/1462 1464/1464/1464
f 1459/1459/1459 1462/1462/1462 1465/1465/1465
f 1465/1465/1465 1464/1464/1464 1466/1466/1466
f 1467/1467/1467 1465/1465/1465 1466/1466/1466
f 1468/1468/1468 1459/1459/1459 1465/1465/1465
f 1459/1459/1459 1468/1468/1468 1456/1456/1456
f 1468/1468/1468 1465/1465/1465 1467/1467/1467
f 1468/1468/1468 1469/1469/1469 1456/1456/1456
f 1456/1456/1456 1469/1469/1469 1453/1453/1453
f 1470/1470/1470 1468/1468/1468 1467/1467/1467
f 1468/1468/1468 1470/1470/1470 1469/1469/1469
f 1470/1470/1470 1467/1467/1467 1471/1471/1471
f 1469/1469/1469 1472/1472/1472 1453/1453/1453
f 1453/1453/1453 1472/1472/1472 1450/1450/1450
f 1473/1473/1473 1470/1470/1470 1471/1471/1471
f 1473/1473/1473 1471/1471/1471 1474/1474/1474
f 1470/1470/1470 1475/1475/1475 1469/1469/1469
f 1470/1470/1470 1473/1473/1473 1475/1475/1475
f 1469/1469/1469 1475/1475/1475 1472/1472/1472
f 1473/1473/1473 1476/1476/1476 1475/1475/1475
f 1475/1475/1475 1476/1476/1476 1477/1477/1477
f 1475/1475/1475 1477/1477/1477 1472/1472/1472
f 1476/1476/1476 1478/1478/1478 1477/1477/1477
f 1477/1477/1477 1478/1478/1478 1479/1479/1479
f 1472/1472/1472 1480/1480/1480 1450/1450/1450
f 1472/1472/1472 1477/1477/1477 1480/1480/1480
f 1477/1477/1477 1479/1479/1479 1480/1480/1480
f 1450/1450/1450 1480/1480/1480 1447/1447/1447
f 1480/1480/1480 1479/1479/1479 1481/1481/1481
f 1480/1480/1480 1481/1481/1481 1447/1447/1447
f 1442/1442/1442 1447/1447/1447 1481/1481/1481
f 1482/1482/1482 1442/1442/1442 1481/1481/1481
f 1442/1442/1442 1482/1482/1482 1444/1444/1444
f 1482/1482/1482 1483/1483/1483 1444/1444/1444
f 1483/1483/1483 1484/1484/1484 1444/1444/1444
f 1484/1484/1484 1483/1483/1483 1485/1485/1485
f 1483/1483/1483 1486/1486/1486 1485/1485/1485
f 1486/1486/1486 1487/1487/1487 1485/1485/1485
f 1487/1487/1487 1488/1488/1488 1485/1485/1485
f 1491/1491/1491 1490/1490/1490 1489/1489/1489
f 1492/1492/1492 1491/1491/1491 1489/1489/1489
f 1491/1491/1491 1492/1492/1492 1493/1493/1493
f 1494/1494/1494 1492/1492/1492 1489/1489/1489
f 1495/1495/1495 1494/1494/1494 1489/1489/1489
f 1492/1492/1492 1496/1496/1496 1493/1493/1493
f 1492/1492/1492 1494/1494/1494 1496/1496/1496
f 1497/1497/1497 1493/1493/1493 1496/1496/1496
f 1494/1494/1494 1498/1498/1498 1496/1496/1496
f 1494/1494/1494 1499/1499/1499 1498/1498/1498
f 1500/1500/1500 1497/1497/1497 1496/1496/1496
f 1500/1500/1500 1496/1496/1496 1498/1498/1498
f 1501/1501/1501 1497/1497/1497 1500/1500/1500
f 1499/1499/1499 1502/1502/1502 1498/1498/1498
f 1499/1499/1499 1503/1503/1503 1502/1502/1502
f 1504/1504/1504 1500/1500/1500 1498/1498/1498
f 1504/1504/1504 1498/1498/1498 1502/1502/1502
f 1505/1505/1505 1501/1501/1501 1500/1500/1500
f 1505/1505/1505 1500/1500/1500 1504/1504/1504
f 1506/1506/1506 1501/1501/1501 1505/1505/1505
f 1503/1503/1503 1507/1507/1507 1502/1502/1502
f 1503/1503/1503 1508/1508/1508 1507/1507/1507
f 1508/1508/1508 1509/1509/1509 1507/1507/1507
f 1510/1510/1510 1507/1507/1507 1509/1509/1509
f 1511/1511/1511 1502/1502/1502 1507/1507/1507
f 1510/1510/1510 1511/1511/1511 1507/1507/1507
f 1511/1511/1511 1504/1504/1504 1502/1502/1502
f 1512/1512/1512 1511/1511/1511 1510/1510/1510
f 1513/1513/1513 1504/1504/1504 1511/1511/1511
f 1513/1513/1513 1505/1505/1505 1504/1504/1504
f 1512/1512/1512 1513/1513/1513 1511/1511/1511
f 1514/1514/1514 1506/1506/1506 1505/1505/1505
f 1514/1514/1514 1505/1505/1505 1513/1513/1513
f 1515/1515/1515 1506/1506/1506 1514/1514/1514
f 1516/1516/1516 1513/1513/1513 1512/1512/1512
f 1516/1516/1516 1514/1514/1514 1513/1513/1513
f 1517/1517/1517 1516/1516/1516 1512/1512/1512
f 1518/1518/1518 1515/1515/1515 1514/1514/1514
f 1518/1518/1518 1514/1514/1514 1516/1516/1516
f 1515/1515/1515 1518/1518/1518 1519/1519/1519
f 1518/1518/1518 1520/1520/1520 1519/1519/1519
f 1521/1521/1521 1516/1516/1516 1517/1517/1517
f 1521/1521/1521 1518/1518/1518 1516/1516/1516
f 1518/1518/1518 1521/1521/1521 1520/1520/1520
f 1522/1522/1522 1521/1521/1521 1517/1517/1517
f 1521/1521/1521 1523/1523/1523 1520/1520/1520
f 1521/1521/1521 1522/1522/1522 1523/1523/1523
f 1526/1526/1526 1525/1525/1525 1524/1524/1524
f 1527/1527/1527 1526/1526/1526 1524/1524/1524
f 1528/1528/1528 1527/1527/1527 1524/1524/1524
f 1529/1529/1529 1528/1528/1528 1524/1524/1524
f 1528/1528/1528 1529/1529/1529 1530/1530/1530
f 1531/1531/1531 1528/1528/1528 1530/1530/1530
f 1532/1532/1532 1531/1531/1531 1530/1530/1530
f 1533/1533/1533 1532/1532/1532 1530/1530/1530
f 1536/1536/1536 1535/1535/1535 1534/1534/1534
f 1537/1537/1537 1536/1536/1536 1534/1534/1534
f 1538/1538/1538 1536/1536/1536 1537/1537/1537
f 1539/1539/1539 1538/1538/1538 1537/1537/1537
f 1540/1540/1540 1538/1538/1538 1539/1539/1539
f 1541/1541/1541 1540/1540/1540 1539/1539/1539
f 1542/1542/1542 1540/1540/1540 1541/1541/1541
f 1534/1534/1534 1543/1543/1543 1537/1537/1537
f 1537/1537/1537 1544/1544/1544 1539/1539/1539
f 1543/1543/1543 1544/1544/1544 1537/1537/1537
f 1543/1543/1543 1534/1534/1534 1545/1545/1545
f 1534/1534/1534 1546/1546/1546 1545/1545/1545
f 1543/1543/1543 1545/1545/1545 1547/1547/1547
f 1548/1548/1548 1543/1543/1543 1547/1547/1547
f 1543/1543/1543 1548/1548/1548 1544/1544/1544
f 1548/1548/1548 1549/1549/1549 1544/1544/1544
f 1544/1544/1544 1550/1550/1550 1539/1539/1539
f 1544/1544/1544 1549/1549/1549 1550/1550/1550
f 1539/1539/1539 1550/1550/1550 1541/1541/1541
f 1549/1549/1549 1551/1551/1551 1550/1550/1550
f 1550/1550/1550 1551/1551/1551 1552/1552/1552
f 1550/1550/1550 1552/1552/1552 1541/1541/1541
f 1541/1541/1541 1552/1552/1552 1553/1553/1553
f 1553/1553/1553 1542/1542/1542 1541/1541/1541
f 1552/1552/1552 1554/1554/1554 1553/1553/1553
f 1553/1553/1553 1555/1555/1555 1542/1542/1542
f 1555/1555/1555 1553/1553/1553 1554/1554/1554
f 1555/1555/1555 1556/1556/1556 1542/1542/1542
f 1557/1557/1557 1555/1555/1555 1554/1554/1554
f 1560/1560/1560 1559/1559/1559 1558/1558/1558
f 1559/1559/1559 1561/1561/1561 1558/1558/1558
f 1559/1559/1559 1562/1562/1562 1561/1561/1561
f 1563/1563/1563 1558/1558/1558 1561/1561/1561
f 1562/1562/1562 1564/1564/1564 1561/1561/1561
f 1565/1565/1565 1563/1563/1563 1561/1561/1561
f 1565/1565/1565 1561/1561/1561 1564/1564/1564
f 1566/1566/1566 1565/1565/1565 1564/1564/1564
f 1567/1567/1567 1563/1563/1563 1565/1565/1565
f 1568/1568/1568 1565/1565/1565 1566/1566/1566
f 1568/1568/1568 1567/1567/1567 1565/1565/1565
f 1569/1569/1569 1567/1567/1567 1568/1568/1568
f 1570/1570/1570 1569/1569/1569 1568/1568/1568
f 1571/1571/1571 1569/1569/1569 1570/1570/1570
f 1572/1572/1572 1571/1571/1571 1570/1570/1570
f 1571/1571/1571 1572/1572/1572 1573/1573/1573
f 1572/1572/1572 1574/1574/1574 1573/1573/1573
f 1577/1577/1577 1576/1576/1576 1575/1575/1575
f 1576/1576/1576 1578/1578/1578 1575/1575/1575
f 1579/1579/1579 1575/1575/1575 1578/1578/1578
f 1576/1576/1576 1580/1580/1580 1578/1578/1578
f 1581/1581/1581 1579/1579/1579 1578/1578/1578
f 1582/1582/1582 1579/1579/1579 1581/1581/1581
f 1580/1580/1580 1583/1583/1583 1578/1578/1578
f 1581/1581/1581 1578/1578/1578 1583/1583/1583
f 1580/1580/1580 1584/1584/1584 1583/1583/1583
f 1585/1585/1585 1582/1582/1582 1581/1581/1581
f 1586/1586/1586 1582/1582/1582 1585/1585/1585
f 1587/1587/1587 1581/1581/1581 1583/1583/1583
f 1585/1585/1585 1581/1581/1581 1587/1587/1587
f 1584/1584/1584 1588/1588/1588 1583/1583/1583
f 1587/1587/1587 1583/1583/1583 1588/1588/1588
f 1584/1584/1584 1589/1589/1589 1588/1588/1588
f 1589/1589/1589 1590/1590/1590 1588/1588/1588
f 1591/1591/1591 1588/1588/1588 1590/1590/1590
f 1591/1591/1591 1587/1587/1587 1588/1588/1588
f 1592/1592/1592 1591/1591/1591 1590/1590/1590
f 1593/1593/1593 1586/1586/1586 1585/1585/1585
f 1594/1594/1594 1586/1586/1586 1593/1593/1593
f 1595/1595/1595 1585/1585/1585 1587/1587/1587
f 1595/1595/1595 1587/1587/1587 1591/1591/1591
f 1593/1593/1593 1585/1585/1585 1595/1595/1595
f 1596/1596/1596 1591/1591/1591 1592/1592/1592
f 1596/1596/1596 1595/1595/1595 1591/1591/1591
f 1597/1597/1597 1596/1596/1596 1592/1592/1592
f 1598/1598/1598 1594/1594/1594 1593/1593/1593
f 1594/1594/1594 1598/1598/1598 1599/1599/1599
f 1600/1600/1600 1593/1593/1593 1595/1595/1595
f 1598/1598/1598 1593/1593/1593 1600/1600/1600
f 1600/1600/1600 1595/1595/1595 1596/1596/1596
f 1601/1601/1601 1598/1598/1598 1600/1600/1600
f 1602/1602/1602 1596/1596/1596 1597/1597/1597
f 1602/1602/1602 1600/1600/1600 1596/1596/1596
f 1601/1601/1601 1600/1600/1600 1602/1602/1602
f 1603/1603/1603 1602/1602/1602 1597/1597/1597
f 1604/1604/1604 1602/1602/1602 1603/1603/1603
f 1604/1604/1604 1601/1601/1601 1602/1602/1602
f 1605/1605/1605 1604/1604/1604 1603/1603/1603
f 1601/1601/1601 1604/1604/1604 1606/1606/1606
f 1601/1601/1601 1606/1606/1606 1607/1607/1607
f 1604/1604/1604 1608/1608/1608 1606/1606/1606
f 1604/1604/1604 1605/1605/1605 1608/1608/1608
f 1605/1605/1605 1609/1609/1609 1608/1608/1608
f 1612/1612/1612 1611/1611/1611 1610/1610/1610
f 1612/1612/1612 1610/1610/1610 1613/1613/1613
f 1616/1616/1616 1615/1615/1615 1614/1614/1614
f 1617/1617/1617 1616/1616/1616 1614/1614/1614
f 1620/1620/1620 1619/1619/1619 1618/1618/1618
f 1621/1621/1621 1620/1620/1620 1618/1618/1618
f 1619/1619/1619 1622/1622/1622 1618/1618/1618
f 1622/1622/1622 1619/1619/1619 1623/1623/1623
f 1619/1619/1619 1624/1624/1624 1623/1623/1623
f 1624/1624/1624 1625/1625/1625 1623/1623/1623
f 1626/1626/1626 1621/1621/1621 1618/1618/1618
f 1618/1618/1618 1622/1622/1622 1627/1627/1627
f 1626/1626/1626 1618/1618/1618 1627/1627/1627
f 1622/1622/1622 1628/1628/1628 1627/1627/1627
f 1629/1629/1629 1626/1626/1626 1627/1627/1627
f 1628/1628/1628 1622/1622/1622 1630/1630/1630
f 1622/1622/1622 1623/1623/1623 1630/1630/1630
f 1626/1626/1626 1629/1629/1629 1631/1631/1631
f 1621/1621/1621 1626/1626/1626 1632/1632/1632
f 1632/1632/1632 1626/1626/1626 1631/1631/1631
f 1633/1633/1633 1621/1621/1621 1632/1632/1632
f 1634/1634/1634 1633/1633/1633 1632/1632/1632
f 1623/1623/1623 1635/1635/1635 1630/1630/1630
f 1625/1625/1625 1635/1635/1635 1623/1623/1623
f 1635/1635/1635 1636/1636/1636 1630/1630/1630
f 1636/1636/1636 1635/1635/1635 1637/1637/1637
f 1638/1638/1638 1632/1632/1632 1631/1631/1631
f 1638/1638/1638 1634/1634/1634 1632/1632/1632
f 1639/1639/1639 1638/1638/1638 1631/1631/1631
f 1638/1638/1638 1639/1639/1639 1640/1640/1640
f 1635/1635/1635 1625/1625/1625 1641/1641/1641
f 1635/1635/1635 1641/1641/1641 1637/1637/1637
f 1625/1625/1625 1642/1642/1642 1641/1641/1641
f 1642/1642/1642 1643/1643/1643 1641/1641/1641
f 1634/1634/1634 1638/1638/1638 1644/1644/1644
f 1644/1644/1644 1638/1638/1638 1640/1640/1640
f 1645/1645/1645 1634/1634/1634 1644/1644/1644
f 1646/1646/1646 1645/1645/1645 1644/1644/1644
f 1641/1641/1641 1647/1647/1647 1637/1637/1637
f 1643/1643/1643 1647/1647/1647 1641/1641/1641
f 1647/1647/1647 1648/1648/1648 1637/1637/1637
f 1648/1648/1648 1647/1647/1647 1649/1649/1649
f 1650/1650/1650 1644/1644/1644 1640/1640/1640
f 1650/1650/1650 1646/1646/1646 1644/1644/1644
f 1651/1651/1651 1650/1650/1650 1640/1640/1640
f 1650/1650/1650 1651/1651/1651 1652/1652/1652
f 1647/1647/1647 1643/1643/1643 1653/1653/1653
f 1647/1647/1647 1653/1653/1653 1649/1649/1649
f 1643/1643/1643 1654/1654/1654 1653/1653/1653
f 1654/1654/1654 1655/1655/1655 1653/1653/1653
f 1646/1646/1646 1650/1650/1650 1656/1656/1656
f 1656/1656/1656 1650/1650/1650 1652/1652/1652
f 1657/1657/1657 1646/1646/1646 1656/1656/1656
f 1658/1658/1658 1657/1657/1657 1656/1656/1656
f 1653/1653/1653 1659/1659/1659 1649/1649/1649
f 1655/1655/1655 1659/1659/1659 1653/1653/1653
f 1659/1659/1659 1660/1660/1660 1649/1649/1649
f 1660/1660/1660 1659/1659/1659 1661/1661/1661
f 1662/1662/1662 1656/1656/1656 1652/1652/1652
f 1662/1662/1662 1658/1658/1658 1656/1656/1656
f 1663/1663/1663 1662/1662/1662 1652/1652/1652
f 1662/1662/1662 1663/1663/1663 1664/1664/1664
f 1659/1659/1659 1655/1655/1655 1665/1665/1665
f 1659/1659/1659 1665/1665/1665 1661/1661/1661
f 1655/1655/1655 1666/1666/1666 1665/1665/1665
f 1666/1666/1666 1667/1667/1667 1665/1665/1665
f 1658/1658/1658 1662/1662/1662 1668/1668/1668
f 1668/1668/1668 1662/1662/1662 1664/1664/1664
f 1669/1669/1669 1658/1658/1658 1668/1668/1668
f 1670/1670/1670 1669/1669/1669 1668/1668/1668
f 1665/1665/1665 1671/1671/1671 1661/1661/1661
f 1667/1667/1667 1671/1671/1671 1665/1665/1665
f 1671/1671/1671 1672/1672/1672 1661/1661/1661
f 1672/1672/1672 1671/1671/1671 1673/1673/1673
f 1674/1674/1674 1668/1668/1668 1664/1664/1664
f 1674/1674/1674 1670/1670/1670 1668/1668/1668
f 1675/1675/1675 1674/1674/1674 1664/1664/1664
f 1674/1674/1674 1675/1675/1675 1676/1676/1676
f 1671/1671/1671 1667/1667/1667 1677/1677/1677
f 1671/1671/1671 1677/1677/1677 1673/1673/1673
f 1667/1667/1667 1678/1678/1678 1677/1677/1677
f 1678/1678/1678 1679/1679/1679 1677/1677/1677
f 1670/1670/1670 1674/1674/1674 1680/1680/1680
f 1680/1680/1680 1674/1674/1674 1676/1676/1676
f 1681/1681/1681 1670/1670/1670 1680/1680/1680
f 1682/1682/1682 1681/1681/1681 1680/1680/1680
f 1677/1677/1677 1683/1683/1683 1673/1673/1673
f 1679/1679/1679 1683/1683/1683 1677/1677/1677
f 1683/1683/1683 1684/1684/1684 1673/1673/1673
f 1684/1684/1684 1683/1683/1683 1685/1685/1685
f 1686/1686/1686 1680/1680/1680 1676/1676/1676
f 1686/1686/1686 1682/1682/1682 1680/1680/1680
f 1687/1687/1687 1686/1686/1686 1676/1676/1676
f 1686/1686/1686 1687/1687/1687 1685/1685/1685
f 1683/1683/1683 1679/1679/1679 1688/1688/1688
f 1683/1683/1683 1688/1688/1688 1685/1685/1685
f 1688/1688/1688 1686/1686/1686 1685/1685/1685
f 1682/1682/1682 1686/1686/1686 1688/1688/1688
f 1679/1679/1679 1689/1689/1689 1688/1688/1688
f 1689/1689/1689 1682/1682/1682 1688/1688/1688
f 1692/1692/1692 1691/1691/1691 1690/1690/1690
f 1693/1693/1693 1692/1692/1692 1690/1690/1690
f 1693/1693/1693 1690/1690/1690 1694/1694/1694
f 1690/1690/1690 1691/1691/1691 1695/1695/1695
f 1691/1691/1691 1696/1696/1696 1695/1695/1695
f 1695/1695/1695 1696/1696/1696 1697/1697/1697
f 1695/1695/1695 1697/1697/1697 1698/1698/1698
f 1690/1690/1690 1699/1699/1699 1694/1694/1694
f 1690/1690/1690 1695/1695/1695 1699/1699/1699
f 1695/1695/1695 1698/1698/1698 1699/1699/1699
f 1694/1694/1694 1699/1699/1699 1700/1700/1700
f 1699/1699/1699 1698/1698/1698 1701/1701/1701
f 1699/1699/1699 1701/1701/1701 1700/1700/1700
usemtl Cup_Decals_Off_Mat
f 1704/1704/1704 1703/1703/1703 1702/1702/1702
f 1707/1707/1707 1706/1706/1706 1705/1705/1705
f 1708/1708/1708 1707/1707/1707 1705/1705/1705
f 1709/1709/1709 1708/1708/1708 1705/1705/1705
f 1710/1710/1710 1709/1709/1709 1705/1705/1705
f 1709/1709/1709 1710/1710/1710 1711/1711/1711
f 1709/1709/1709 1712/1712/1712 1708/1708/1708
f 1712/1712/1712 1713/1713/1713 1708/1708/1708
f 1712/1712/1712 1709/1709/1709 1714/1714/1714
f 1714/1714/1714 1709/1709/1709 1711/1711/1711
f 1715/1715/1715 1714/1714/1714 1711/1711/1711
f 1716/1716/1716 1715/1715/1715 1711/1711/1711
f 1715/1715/1715 1716/1716/1716 1717/1717/1717
f 1718/1718/1718 1715/1715/1715 1717/1717/1717
f 1719/1719/1719 1718/1718/1718 1717/1717/1717
f 1720/1720/1720 1719/1719/1719 1717/1717/1717
f 1719/1719/1719 1720/1720/1720 1721/1721/1721
f 1722/1722/1722 1719/1719/1719 1721/1721/1721
f 1723/1723/1723 1722/1722/1722 1721/1721/1721
f 1724/1724/1724 1723/1723/1723 1721/1721/1721
f 1723/1723/1723 1724/1724/1724 1725/1725/1725
f 1723/1723/1723 1726/1726/1726 1722/1722/1722
f 1726/1726/1726 1727/1727/1727 1722/1722/1722
f 1726/1726/1726 1723/1723/1723 1728/1728/1728
f 1728/1728/1728 1723/1723/1723 1725/1725/1725
f 1729/1729/1729 1726/1726/1726 1728/1728/1728
f 1730/1730/1730 1729/1729/1729 1728/1728/1728
f 1731/1731/1731 1728/1728/1728 1725/1725/1725
f 1731/1731/1731 1730/1730/1730 1728/1728/1728
f 1732/1732/1732 1731/1731/1731 1725/1725/1725
f 1731/1731/1731 1732/1732/1732 1733/1733/1733
f 1730/1730/1730 1731/1731/1731 1734/1734/1734
f 1734/1734/1734 1731/1731/1731 1733/1733/1733
f 1735/1735/1735 1730/1730/1730 1734/1734/1734
f 1736/1736/1736 1734/1734/1734 1733/1733/1733
f 1737/1737/1737 1736/1736/1736 1733/1733/1733
f 1736/1736/1736 1737/1737/1737 1738/1738/1738
f 1739/1739/1739 1736/1736/1736 1738/1738/1738
f 1740/1740/1740 1739/1739/1739 1738/1738/1738
f 1741/1741/1741 1740/1740/1740 1738/1738/1738
f 1740/1740/1740 1741/1741/1741 1742/1742/1742
f 1743/1743/1743 1740/1740/1740 1742/1742/1742
f 1744/1744/1744 1743/1743/1743 1742/1742/1742
f 1745/1745/1745 1744/1744/1744 1742/1742/1742
f 1744/1744/1744 1745/1745/1745 1746/1746/1746
f 1747/1747/1747 1744/1744/1744 1746/1746/1746
f 1748/1748/1748 1747/1747/1747 1746/1746/1746
f 1749/1749/1749 1748/1748/1748 1746/1746/1746
f 1748/1748/1748 1749/1749/1749 1750/1750/1750
f 1751/1751/1751 1748/1748/1748 1750/1750/1750
f 1752/1752/1752 1751/1751/1751 1750/1750/1750
f 1753/1753/1753 1752/1752/1752 1750/1750/1750
f 1752/1752/1752 1753/1753/1753 1754/1754/1754
f 1755/1755/1755 1752/1752/1752 1754/1754/1754
f 1756/1756/1756 1755/1755/1755 1754/1754/1754
f 1757/1757/1757 1756/1756/1756 1754/1754/1754
f 1756/1756/1756 1757/1757/1757 1758/1758/1758
f 1759/1759/1759 1756/1756/1756 1758/1758/1758
f 1760/1760/1760 1759/1759/1759 1758/1758/1758
f 1761/1761/1761 1760/1760/1760 1758/1758/1758
f 1764/1764/1764 1763/1763/1763 1762/1762/1762
f 1763/1763/1763 1765/1765/1765 1762/1762/1762
f 1765/1765/1765 1766/1766/1766 1762/1762/1762
f 1766/1766/1766 1767/1767/1767 1762/1762/1762
f 1767/1767/1767 1766/1766/1766 1768/1768/1768
f 1769/1769/1769 1765/1765/1765 1763/1763/1763
f 1770/1770/1770 1769/1769/1769 1763/1763/1763
f 1769/1769/1769 1770/1770/1770 1771/1771/1771
f 1769/1769/1769 1772/1772/1772 1765/1765/1765
f 1772/1772/1772 1766/1766/1766 1765/1765/1765
f 1769/1769/1769 1771/1771/1771 1773/1773/1773
f 1772/1772/1772 1769/1769/1769 1773/1773/1773
f 1773/1773/1773 1771/1771/1771 1774/1774/1774
f 1766/1766/1766 1775/1775/1775 1768/1768/1768
f 1772/1772/1772 1776/1776/1776 1766/1766/1766
f 1776/1776/1776 1775/1775/1775 1766/1766/1766
f 1772/1772/1772 1773/1773/1773 1777/1777/1777
f 1776/1776/1776 1772/1772/1772 1777/1777/1777
f 1775/1775/1775 1778/1778/1778 1768/1768/1768
f 1778/1778/1778 1779/1779/1779 1768/1768/1768
f 1779/1779/1779 1778/1778/1778 1780/1780/1780
f 1776/1776/1776 1781/1781/1781 1775/1775/1775
f 1781/1781/1781 1778/1778/1778 1775/1775/1775
f 1773/1773/1773 1774/1774/1774 1782/1782/1782
f 1777/1777/1777 1773/1773/1773 1782/1782/1782
f 1776/1776/1776 1777/1777/1777 1783/1783/1783
f 1781/1781/1781 1776/1776/1776 1783/1783/1783
f 1777/1777/1777 1782/1782/1782 1784/1784/1784
f 1783/1783/1783 1777/1777/1777 1784/1784/1784
f 1778/1778/1778 1785/1785/1785 1780/1780/1780
f 1781/1781/1781 1786/1786/1786 1778/1778/1778
f 1786/1786/1786 1785/1785/1785 1778/1778/1778
f 1781/1781/1781 1783/1783/1783 1787/1787/1787
f 1786/1786/1786 1781/1781/1781 1787/1787/1787
f 1785/1785/1785 1788/1788/1788 1780/1780/1780
f 1788/1788/1788 1789/1789/1789 1780/1780/1780
f 1789/1789/1789 1788/1788/1788 1790/1790/1790
f 1788/1788/1788 1791/1791/1791 1790/1790/1790
f 1792/1792/1792 1791/1791/1791 1788/1788/1788
f 1793/1793/1793 1792/1792/1792 1788/1788/1788
f 1793/1793/1793 1788/1788/1788 1785/1785/1785
f 1786/1786/1786 1793/1793/1793 1785/1785/1785
f 1794/1794/1794 1793/1793/1793 1786/1786/1786
f 1787/1787/1787 1794/1794/1794 1786/1786/1786
f 1787/1787/1787 1783/1783/1783 1795/1795/1795
f 1783/1783/1783 1784/1784/1784 1795/1795/1795
f 1796/1796/1796 1794/1794/1794 1787/1787/1787
f 1795/1795/1795 1796/1796/1796 1787/1787/1787
f 1794/1794/1794 1796/1796/1796 1797/1797/1797
f 1797/1797/1797 1796/1796/1796 1798/1798/1798
f 1797/1797/1797 1798/1798/1798 1799/1799/1799
f 1795/1795/1795 1784/1784/1784 1800/1800/1800
f 1800/1800/1800 1801/1801/1801 1795/1795/1795
f 1784/1784/1784 1802/1802/1802 1800/1800/1800
f 1784/1784/1784 1782/1782/1782 1802/1802/1802
f 1803/1803/1803 1801/1801/1801 1800/1800/1800
f 1803/1803/1803 1804/1804/1804 1801/1801/1801
f 1800/1800/1800 1802/1802/1802 1805/1805/1805
f 1805/1805/1805 1803/1803/1803 1800/1800/1800
f 1782/1782/1782 1806/1806/1806 1802/1802/1802
f 1782/1782/1782 1774/1774/1774 1806/1806/1806
f 1802/1802/1802 1807/1807/1807 1805/1805/1805
f 1802/1802/1802 1806/1806/1806 1807/1807/1807
f 1774/1774/1774 1808/1808/1808 1806/1806/1806
f 1774/1774/1774 1809/1809/1809 1808/1808/1808
f 1805/1805/1805 1810/1810/1810 1803/1803/1803
f 1810/1810/1810 1805/1805/1805 1807/1807/1807
f 1810/1810/1810 1811/1811/1811 1803/1803/1803
f 1811/1811/1811 1812/1812/1812 1803/1803/1803
f 1812/1812/1812 1804/1804/1804 1803/1803/1803
f 1812/1812/1812 1813/1813/1813 1804/1804/1804
f 1813/1813/1813 1814/1814/1814 1804/1804/1804
f 1815/1815/1815 1810/1810/1810 1807/1807/1807
f 1806/1806/1806 1816/1816/1816 1807/1807/1807
f 1815/1815/1815 1807/1807/1807 1816/1816/1816
f 1806/1806/1806 1808/1808/1808 1816/1816/1816
f 1817/1817/1817 1815/1815/1815 1816/1816/1816
f 1817/1817/1817 1816/1816/1816 1818/1818/1818
f 1808/1808/1808 1818/1818/1818 1816/1816/1816
f 1819/1819/1819 1817/1817/1817 1818/1818/1818
f 1808/1808/1808 1820/1820/1820 1818/1818/1818
f 1809/1809/1809 1820/1820/1820 1808/1808/1808
f 1809/1809/1809 1821/1821/1821 1820/1820/1820
f 1821/1821/1821 1822/1822/1822 1820/1820/1820
f 1821/1821/1821 1823/1823/1823 1822/1822/1822
f 1823/1823/1823 1824/1824/1824 1822/1822/1822
f 1820/1820/1820 1825/1825/1825 1818/1818/1818
f 1819/1819/1819 1818/1818/1818 1825/1825/1825
f 1826/1826/1826 1819/1819/1819 1825/1825/1825
f 1826/1826/1826 1825/1825/1825 1827/1827/1827
f 1828/1828/1828 1826/1826/1826 1827/1827/1827
f 1831/1831/1831 1830/1830/1830 1829/1829/1829
f 1832/1832/1832 1831/1831/1831 1829/1829/1829
f 1833/1833/1833 1831/1831/1831 1832/1832/1832
f 1834/1834/1834 1833/1833/1833 1832/1832/1832
f 1833/1833/1833 1834/1834/1834 1835/1835/1835
f 1834/1834/1834 1832/1832/1832 1836/1836/1836
f 1834/1834/1834 1837/1837/1837 1835/1835/1835
f 1835/1835/1835 1837/1837/1837 1838/1838/1838
f 1839/1839/1839 1834/1834/1834 1836/1836/1836
f 1834/1834/1834 1839/1839/1839 1837/1837/1837
f 1837/1837/1837 1840/1840/1840 1838/1838/1838
f 1838/1838/1838 1840/1840/1840 1841/1841/1841
f 1839/1839/1839 1836/1836/1836 1842/1842/1842
f 1842/1842/1842 1836/1836/1836 1843/1843/1843
f 1839/1839/1839 1844/1844/1844 1837/1837/1837
f 1837/1837/1837 1844/1844/1844 1840/1840/1840
f 1840/1840/1840 1845/1845/1845 1841/1841/1841
f 1841/1841/1841 1845/1845/1845 1846/1846/1846
f 1847/1847/1847 1842/1842/1842 1843/1843/1843
f 1848/1848/1848 1847/1847/1847 1843/1843/1843
f 1847/1847/1847 1848/1848/1848 1849/1849/1849
f 1850/1850/1850 1839/1839/1839 1842/1842/1842
f 1850/1850/1850 1842/1842/1842 1847/1847/1847
f 1839/1839/1839 1850/1850/1850 1844/1844/1844
f 1851/1851/1851 1850/1850/1850 1847/1847/1847
f 1850/1850/1850 1851/1851/1851 1852/1852/1852
f 1850/1850/1850 1852/1852/1852 1844/1844/1844
f 1844/1844/1844 1853/1853/1853 1840/1840/1840
f 1844/1844/1844 1852/1852/1852 1853/1853/1853
f 1840/1840/1840 1853/1853/1853 1845/1845/1845
f 1852/1852/1852 1854/1854/1854 1853/1853/1853
f 1853/1853/1853 1854/1854/1854 1855/1855/1855
f 1853/1853/1853 1855/1855/1855 1845/1845/1845
f 1854/1854/1854 1856/1856/1856 1855/1855/1855
f 1855/1855/1855 1856/1856/1856 1857/1857/1857
f 1845/1845/1845 1855/1855/1855 1858/1858/1858
f 1855/1855/1855 1857/1857/1857 1858/1858/1858
f 1845/1845/1845 1858/1858/1858 1846/1846/1846
f 1859/1859/1859 1846/1846/1846 1858/1858/1858
f 1860/1860/1860 1859/1859/1859 1858/1858/1858
f 1860/1860/1860 1858/1858/1858 1857/1857/1857
f 1861/1861/1861 1860/1860/1860 1857/1857/1857
f 1864/1864/1864 1863/1863/1863 1862/1862/1862
f 1865/1865/1865 1864/1864/1864 1862/1862/1862
f 1866/1866/1866 1864/1864/1864 1865/1865/1865
f 1867/1867/1867 1865/1865/1865 1862/1862/1862
f 1868/1868/1868 1867/1867/1867 1862/1862/1862
f 1869/1869/1869 1865/1865/1865 1867/1867/1867
f 1869/1869/1869 1866/1866/1866 1865/1865/1865
f 1870/1870/1870 1869/1869/1869 1867/1867/1867
f 1866/1866/1866 1869/1869/1869 1871/1871/1871
f 1866/1866/1866 1871/1871/1871 1872/1872/1872
f 1869/1869/1869 1870/1870/1870 1873/1873/1873
f 1869/1869/1869 1873/1873/1873 1871/1871/1871
f 1870/1870/1870 1874/1874/1874 1873/1873/1873
f 1872/1872/1872 1871/1871/1871 1875/1875/1875
f 1872/1872/1872 1875/1875/1875 1876/1876/1876
f 1871/1871/1871 1877/1877/1877 1875/1875/1875
f 1871/1871/1871 1873/1873/1873 1877/1877/1877
f 1873/1873/1873 1878/1878/1878 1877/1877/1877
f 1873/1873/1873 1874/1874/1874 1878/1878/1878
f 1874/1874/1874 1879/1879/1879 1878/1878/1878
f 1878/1878/1878 1879/1879/1879 1880/1880/1880
f 1879/1879/1879 1881/1881/1881 1880/1880/1880
f 1880/1880/1880 1881/1881/1881 1882/1882/1882
f 1881/1881/1881 1883/1883/1883 1882/1882/1882
f 1884/1884/1884 1882/1882/1882 1883/1883/1883
f 1885/1885/1885 1884/1884/1884 1883/1883/1883
f 1884/1884/1884 1886/1886/1886 1882/1882/1882
f 1886/1886/1886 1887/1887/1887 1882/1882/1882
f 1880/1880/1880 1882/1882/1882 1887/1887/1887
f 1888/1888/1888 1880/1880/1880 1887/1887/1887
f 1888/1888/1888 1887/1887/1887 1889/1889/1889
f 1890/1890/1890 1888/1888/1888 1889/1889/1889
f 1893/1893/1893 1892/1892/1892 1891/1891/1891
f 1892/1892/1892 1894/1894/1894 1891/1891/1891
f 1895/1895/1895 1891/1891/1891 1894/1894/1894
f 1892/1892/1892 1896/1896/1896 1894/1894/1894
f 1897/1897/1897 1895/1895/1895 1894/1894/1894
f 1898/1898/1898 1895/1895/1895 1897/1897/1897
f 1896/1896/1896 1899/1899/1899 1894/1894/1894
f 1897/1897/1897 1894/1894/1894 1899/1899/1899
f 1896/1896/1896 1900/1900/1900 1899/1899/1899
f 1901/1901/1901 1898/1898/1898 1897/1897/1897
f 1902/1902/1902 1898/1898/1898 1901/1901/1901
f 1903/1903/1903 1897/1897/1897 1899/1899/1899
f 1901/1901/1901 1897/1897/1897 1903/1903/1903
f 1900/1900/1900 1904/1904/1904 1899/1899/1899
f 1903/1903/1903 1899/1899/1899 1904/1904/1904
f 1900/1900/1900 1905/1905/1905 1904/1904/1904
f 1906/1906/1906 1902/1902/1902 1901/1901/1901
f 1907/1907/1907 1902/1902/1902 1906/1906/1906
f 1908/1908/1908 1901/1901/1901 1903/1903/1903
f 1906/1906/1906 1901/1901/1901 1908/1908/1908
f 1909/1909/1909 1903/1903/1903 1904/1904/1904
f 1908/1908/1908 1903/1903/1903 1909/1909/1909
f 1905/1905/1905 1910/1910/1910 1904/1904/1904
f 1909/1909/1909 1904/1904/1904 1910/1910/1910
f 1905/1905/1905 1911/1911/1911 1910/1910/1910
f 1912/1912/1912 1907/1907/1907 1906/1906/1906
f 1907/1907/1907 1912/1912/1912 1913/1913/1913
f 1912/1912/1912 1914/1914/1914 1913/1913/1913
f 1915/1915/1915 1906/1906/1906 1908/1908/1908
f 1912/1912/1912 1906/1906/1906 1915/1915/1915
f 1912/1912/1912 1916/1916/1916 1914/1914/1914
f 1916/1916/1916 1912/1912/1912 1915/1915/1915
f 1916/1916/1916 1917/1917/1917 1914/1914/1914
f 1918/1918/1918 1908/1908/1908 1909/1909/1909
f 1915/1915/1915 1908/1908/1908 1918/1918/1918
f 1919/1919/1919 1909/1909/1909 1910/1910/1910
f 1918/1918/1918 1909/1909/1909 1919/1919/1919
f 1911/1911/1911 1920/1920/1920 1910/1910/1910
f 1919/1919/1919 1910/1910/1910 1920/1920/1920
f 1911/1911/1911 1921/1921/1921 1920/1920/1920
f 1916/1916/1916 1922/1922/1922 1917/1917/1917
f 1922/1922/1922 1923/1923/1923 1917/1917/1917
f 1916/1916/1916 1915/1915/1915 1924/1924/1924
f 1924/1924/1924 1915/1915/1915 1918/1918/1918
f 1922/1922/1922 1916/1916/1916 1924/1924/1924
f 1925/1925/1925 1918/1918/1918 1919/1919/1919
f 1924/1924/1924 1918/1918/1918 1925/1925/1925
f 1926/1926/1926 1919/1919/1919 1920/1920/1920
f 1925/1925/1925 1919/1919/1919 1926/1926/1926
f 1921/1921/1921 1927/1927/1927 1920/1920/1920
f 1926/1926/1926 1920/1920/1920 1927/1927/1927
f 1921/1921/1921 1928/1928/1928 1927/1927/1927
f 1922/1922/1922 1924/1924/1924 1929/1929/1929
f 1929/1929/1929 1924/1924/1924 1925/1925/1925
f 1922/1922/1922 1930/1930/1930 1923/1923/1923
f 1930/1930/1930 1922/1922/1922 1929/1929/1929
f 1931/1931/1931 1925/1925/1925 1926/1926/1926
f 1929/1929/1929 1925/1925/1925 1931/1931/1931
f 1932/1932/1932 1926/1926/1926 1927/1927/1927
f 1931/1931/1931 1926/1926/1926 1932/1932/1932
f 1928/1928/1928 1933/1933/1933 1927/1927/1927
f 1932/1932/1932 1927/1927/1927 1933/1933/1933
f 1928/1928/1928 1934/1934/1934 1933/1933/1933
f 1934/1934/1934 1935/1935/1935 1933/1933/1933
f 1936/1936/1936 1933/1933/1933 1935/1935/1935
f 1936/1936/1936 1932/1932/1932 1933/1933/1933
f 1937/1937/1937 1932/1932/1932 1936/1936/1936
f 1937/1937/1937 1931/1931/1931 1932/1932/1932
f 1938/1938/1938 1937/1937/1937 1936/1936/1936
f 1939/1939/1939 1929/1929/1929 1931/1931/1931
f 1939/1939/1939 1931/1931/1931 1937/1937/1937
f 1930/1930/1930 1929/1929/1929 1939/1939/1939
f 1940/1940/1940 1937/1937/1937 1938/1938/1938
f 1940/1940/1940 1939/1939/1939 1937/1937/1937
f 1941/1941/1941 1940/1940/1940 1938/1938/1938
f 1942/1942/1942 1940/1940/1940 1941/1941/1941
f 1943/1943/1943 1939/1939/1939 1940/1940/1940
f 1943/1943/1943 1930/1930/1930 1939/1939/1939
f 1942/1942/1942 1943/1943/1943 1940/1940/1940
f 1930/1930/1930 1943/1943/1943 1944/1944/1944
f 1930/1930/1930 1944/1944/1944 1923/1923/1923
f 1923/1923/1923 1944/1944/1944 1945/1945/1945
f 1944/1944/1944 1946/1946/1946 1945/1945/1945
f 1946/1946/1946 1944/1944/1944 1947/1947/1947
f 1943/1943/1943 1942/1942/1942 1948/1948/1948
f 1943/1943/1943 1948/1948/1948 1944/1944/1944
f 1944/1944/1944 1948/1948/1948 1947/1947/1947
f 1942/1942/1942 1949/1949/1949 1948/1948/1948
f 1948/1948/1948 1949/1949/1949 1947/1947/1947
f 1952/1952/1952 1951/1951/1951 1950/1950/1950
f 1951/1951/1951 1953/1953/1953 1950/1950/1950
f 1951/1951/1951 1954/1954/1954 1953/1953/1953
f 1954/1954/1954 1955/1955/1955 1953/1953/1953
f 1954/1954/1954 1956/1956/1956 1955/1955/1955
f 1956/1956/1956 1957/1957/1957 1955/1955/1955
f 1956/1956/1956 1958/1958/1958 1957/1957/1957
f 1958/1958/1958 1959/1959/1959 1957/1957/1957
f 1960/1960/1960 1957/1957/1957 1959/1959/1959
f 1961/1961/1961 1960/1960/1960 1959/1959/1959
f 1962/1962/1962 1955/1955/1955 1957/1957/1957
f 1960/1960/1960 1962/1962/1962 1957/1957/1957
f 1963/1963/1963 1953/1953/1953 1955/1955/1955
f 1962/1962/1962 1963/1963/1963 1955/1955/1955
f 1964/1964/1964 1950/1950/1950 1953/1953/1953
f 1963/1963/1963 1964/1964/1964 1953/1953/1953
f 1965/1965/1965 1960/1960/1960 1961/1961/1961
f 1966/1966/1966 1965/1965/1965 1961/1961/1961
f 1967/1967/1967 1962/1962/1962 1960/1960/1960
f 1965/1965/1965 1967/1967/1967 1960/1960/1960
f 1964/1964/1964 1968/1968/1968 1950/1950/1950
f 1968/1968/1968 1969/1969/1969 1950/1950/1950
f 1969/1969/1969 1968/1968/1968 1970/1970/1970
f 1971/1971/1971 1970/1970/1970 1968/1968/1968
f 1970/1970/1970 1971/1971/1971 1972/1972/1972
f 1973/1973/1973 1963/1963/1963 1962/1962/1962
f 1967/1967/1967 1973/1973/1973 1962/1962/1962
f 1974/1974/1974 1964/1964/1964 1963/1963/1963
f 1973/1973/1973 1974/1974/1974 1963/1963/1963
f 1974/1974/1974 1975/1975/1975 1964/1964/1964
f 1976/1976/1976 1965/1965/1965 1966/1966/1966
f 1977/1977/1977 1976/1976/1976 1966/1966/1966
f 1978/1978/1978 1967/1967/1967 1965/1965/1965
f 1976/1976/1976 1978/1978/1978 1965/1965/1965
f 1979/1979/1979 1973/1973/1973 1967/1967/1967
f 1978/1978/1978 1979/1979/1979 1967/1967/1967
f 1980/1980/1980 1975/1975/1975 1974/1974/1974
f 1980/1980/1980 1981/1981/1981 1975/1975/1975
f 1981/1981/1981 1980/1980/1980 1982/1982/1982
f 1980/1980/1980 1983/1983/1983 1982/1982/1982
f 1984/1984/1984 1974/1974/1974 1973/1973/1973
f 1984/1984/1984 1980/1980/1980 1974/1974/1974
f 1983/1983/1983 1980/1980/1980 1984/1984/1984
f 1979/1979/1979 1984/1984/1984 1973/1973/1973
f 1985/1985/1985 1983/1983/1983 1984/1984/1984
f 1985/1985/1985 1984/1984/1984 1979/1979/1979
f 1983/1983/1983 1985/1985/1985 1986/1986/1986
f 1987/1987/1987 1976/1976/1976 1977/1977/1977
f 1988/1988/1988 1987/1987/1987 1977/1977/1977
f 1989/1989/1989 1978/1978/1978 1976/1976/1976
f 1987/1987/1987 1989/1989/1989 1976/1976/1976
f 1990/1990/1990 1979/1979/1979 1978/1978/1978
f 1990/1990/1990 1985/1985/1985 1979/1979/1979
f 1989/1989/1989 1990/1990/1990 1978/1978/1978
f 1985/1985/1985 1991/1991/1991 1986/1986/1986
f 1985/1985/1985 1990/1990/1990 1991/1991/1991
f 1986/1986/1986 1991/1991/1991 1992/1992/1992
f 1991/1991/1991 1993/1993/1993 1992/1992/1992
f 1993/1993/1993 1991/1991/1991 1994/1994/1994
f 1990/1990/1990 1995/1995/1995 1991/1991/1991
f 1990/1990/1990 1989/1989/1989 1995/1995/1995
f 1991/1991/1991 1995/1995/1995 1994/1994/1994
f 1989/1989/1989 1996/1996/1996 1995/1995/1995
f 1995/1995/1995 1996/1996/1996 1994/1994/1994
f 1989/1989/1989 1987/1987/1987 1996/1996/1996
f 1996/1996/1996 1997/1997/1997 1994/1994/1994
f 1997/1997/1997 1996/1996/1996 1998/1998/1998
f 1996/1996/1996 1999/1999/1999 1998/1998/1998
f 1987/1987/1987 1999/1999/1999 1996/1996/1996
f 1987/1987/1987 1988/1988/1988 1999/1999/1999
f 1988/1988/1988 2000/2000/2000 1999/1999/1999
f 2003/2003/2003 2002/2002/2002 2001/2001/2001
f 2002/2002/2002 2004/2004/2004 2001/2001/2001
f 2004/2004/2004 2005/2005/2005 2001/2001/2001
f 2005/2005/2005 2006/2006/2006 2001/2001/2001
f 2006/2006/2006 2005/2005/2005 2007/2007/2007
f 2005/2005/2005 2008/2008/2008 2007/2007/2007
f 2004/2004/2004 2002/2002/2002 2009/2009/2009
f 2002/2002/2002 2010/2010/2010 2009/2009/2009
f 2005/2005/2005 2004/2004/2004 2011/2011/2011
f 2004/2004/2004 2009/2009/2009 2011/2011/2011
f 2008/2008/2008 2005/2005/2005 2012/2012/2012
f 2005/2005/2005 2011/2011/2011 2012/2012/2012
f 2013/2013/2013 2011/2011/2011 2009/2009/2009
f 2014/2014/2014 2013/2013/2013 2009/2009/2009
f 2015/2015/2015 2013/2013/2013 2014/2014/2014
f 2013/2013/2013 2016/2016/2016 2011/2011/2011
f 2016/2016/2016 2012/2012/2012 2011/2011/2011
f 2008/2008/2008 2012/2012/2012 2017/2017/2017
f 2018/2018/2018 2008/2008/2008 2017/2017/2017
f 2018/2018/2018 2017/2017/2017 2019/2019/2019
f 2020/2020/2020 2019/2019/2019 2017/2017/2017
f 2021/2021/2021 2017/2017/2017 2012/2012/2012
f 2021/2021/2021 2020/2020/2020 2017/2017/2017
f 2016/2016/2016 2021/2021/2021 2012/2012/2012
f 2022/2022/2022 2020/2020/2020 2021/2021/2021
f 2023/2023/2023 2022/2022/2022 2021/2021/2021
f 2023/2023/2023 2021/2021/2021 2016/2016/2016
f 2024/2024/2024 2022/2022/2022 2023/2023/2023
f 2025/2025/2025 2016/2016/2016 2013/2013/2013
f 2015/2015/2015 2025/2025/2025 2013/2013/2013
f 2025/2025/2025 2023/2023/2023 2016/2016/2016
f 2026/2026/2026 2024/2024/2024 2023/2023/2023
f 2026/2026/2026 2023/2023/2023 2025/2025/2025
f 2027/2027/2027 2024/2024/2024 2026/2026/2026
f 2028/2028/2028 2025/2025/2025 2015/2015/2015
f 2028/2028/2028 2026/2026/2026 2025/2025/2025
f 2029/2029/2029 2028/2028/2028 2015/2015/2015
f 2030/2030/2030 2027/2027/2027 2026/2026/2026
f 2030/2030/2030 2026/2026/2026 2028/2028/2028
f 2027/2027/2027 2030/2030/2030 2031/2031/2031
f 2030/2030/2030 2032/2032/2032 2031/2031/2031
f 2033/2033/2033 2028/2028/2028 2029/2029/2029
f 2033/2033/2033 2030/2030/2030 2028/2028/2028
f 2030/2030/2030 2033/2033/2033 2032/2032/2032
f 2034/2034/2034 2033/2033/2033 2029/2029/2029
f 2033/2033/2033 2035/2035/2035 2032/2032/2032
f 2038/2038/2038 2037/2037/2037 2036/2036/2036
f 2039/2039/2039 2038/2038/2038 2036/2036/2036
f 2038/2038/2038 2039/2039/2039 2040/2040/2040
f 2043/2043/2043 2042/2042/2042 2041/2041/2041
f 2042/2042/2042 2044/2044/2044 2041/2041/2041
f 2044/2044/2044 2042/2042/2042 2045/2045/2045
f 2044/2044/2044 2046/2046/2046 2041/2041/2041
f 2046/2046/2046 2044/2044/2044 2045/2045/2045
f 2046/2046/2046 2047/2047/2047 2041/2041/2041
f 2048/2048/2048 2046/2046/2046 2045/2045/2045
f 2047/2047/2047 2049/2049/2049 2041/2041/2041
f 2049/2049/2049 2050/2050/2050 2041/2041/2041
f 2051/2051/2051 2048/2048/2048 2045/2045/2045
f 2052/2052/2052 2051/2051/2051 2045/2045/2045
f 2050/2050/2050 2049/2049/2049 2053/2053/2053
f 2049/2049/2049 2054/2054/2054 2053/2053/2053
f 2054/2054/2054 2055/2055/2055 2053/2053/2053
f 2055/2055/2055 2056/2056/2056 2053/2053/2053
f 2051/2051/2051 2052/2052/2052 2057/2057/2057
f 2058/2058/2058 2051/2051/2051 2057/2057/2057
f 2059/2059/2059 2058/2058/2058 2057/2057/2057
f 2060/2060/2060 2059/2059/2059 2057/2057/2057
f 2059/2059/2059 2060/2060/2060 2061/2061/2061
f 2062/2062/2062 2059/2059/2059 2061/2061/2061
f 2063/2063/2063 2062/2062/2062 2061/2061/2061
f 2064/2064/2064 2063/2063/2063 2061/2061/2061
f 2063/2063/2063 2064/2064/2064 2065/2065/2065
f 2066/2066/2066 2063/2063/2063 2065/2065/2065
f 2067/2067/2067 2066/2066/2066 2065/2065/2065
f 2068/2068/2068 2067/2067/2067 2065/2065/2065
f 2067/2067/2067 2068/2068/2068 2069/2069/2069
f 2070/2070/2070 2067/2067/2067 2069/2069/2069
f 2071/2071/2071 2070/2070/2070 2069/2069/2069
f 2072/2072/2072 2071/2071/2071 2069/2069/2069
f 2071/2071/2071 2072/2072/2072 2073/2073/2073
f 2074/2074/2074 2071/2071/2071 2073/2073/2073
f 2075/2075/2075 2074/2074/2074 2073/2073/2073
f 2076/2076/2076 2075/2075/2075 2073/2073/2073
f 2075/2075/2075 2076/2076/2076 2077/2077/2077
f 2078/2078/2078 2075/2075/2075 2077/2077/2077
f 2079/2079/2079 2078/2078/2078 2077/2077/2077
f 2080/2080/2080 2079/2079/2079 2077/2077/2077
f 2079/2079/2079 2080/2080/2080 2081/2081/2081
f 2082/2082/2082 2079/2079/2079 2081/2081/2081
f 2083/2083/2083 2082/2082/2082 2081/2081/2081
f 2084/2084/2084 2083/2083/2083 2081/2081/2081
f 2083/2083/2083 2084/2084/2084 2085/2085/2085
f 2086/2086/2086 2083/2083/2083 2085/2085/2085
f 2087/2087/2087 2086/2086/2086 2085/2085/2085
f 2088/2088/2088 2087/2087/2087 2085/2085/2085
f 2087/2087/2087 2088/2088/2088 2089/2089/2089
f 2090/2090/2090 2087/2087/2087 2089/2089/2089
f 2091/2091/2091 2090/2090/2090 2089/2089/2089
f 2092/2092/2092 2091/2091/2091 2089/2089/2089
f 2095/2095/2095 2094/2094/2094 2093/2093/2093
f 2096/2096/2096 2095/2095/2095 2093/2093/2093
f 2095/2095/2095 2096/2096/2096 2097/2097/2097
f 2098/2098/2098 2095/2095/2095 2097/2097/2097
f 2095/2095/2095 2098/2098/2098 2099/2099/2099
f 2100/2100/2100 2098/2098/2098 2097/2097/2097
f 2101/2101/2101 2100/2100/2100 2097/2097/2097
f 2100/2100/2100 2101/2101/2101 2102/2102/2102
f 2098/2098/2098 2103/2103/2103 2099/2099/2099
f 2098/2098/2098 2100/2100/2100 2103/2103/2103
f 2104/2104/2104 2099/2099/2099 2103/2103/2103
f 2104/2104/2104 2105/2105/2105 2099/2099/2099
f 2106/2106/2106 2100/2100/2100 2102/2102/2102
f 2100/2100/2100 2107/2107/2107 2103/2103/2103
f 2100/2100/2100 2106/2106/2106 2107/2107/2107
f 2108/2108/2108 2106/2106/2106 2102/2102/2102
f 2109/2109/2109 2108/2108/2108 2102/2102/2102
f 2108/2108/2108 2109/2109/2109 2110/2110/2110
f 2111/2111/2111 2104/2104/2104 2103/2103/2103
f 2111/2111/2111 2103/2103/2103 2107/2107/2107
f 2106/2106/2106 2112/2112/2112 2107/2107/2107
f 2106/2106/2106 2108/2108/2108 2112/2112/2112
f 2113/2113/2113 2108/2108/2108 2110/2110/2110
f 2114/2114/2114 2113/2113/2113 2110/2110/2110
f 2113/2113/2113 2114/2114/2114 2115/2115/2115
f 2108/2108/2108 2113/2113/2113 2116/2116/2116
f 2113/2113/2113 2115/2115/2115 2116/2116/2116
f 2108/2108/2108 2116/2116/2116 2112/2112/2112
f 2117/2117/2117 2107/2107/2107 2112/2112/2112
f 2117/2117/2117 2111/2111/2111 2107/2107/2107
f 2118/2118/2118 2116/2116/2116 2115/2115/2115
f 2119/2119/2119 2118/2118/2118 2115/2115/2115
f 2120/2120/2120 2112/2112/2112 2116/2116/2116
f 2120/2120/2120 2117/2117/2117 2112/2112/2112
f 2118/2118/2118 2120/2120/2120 2116/2116/2116
f 2121/2121/2121 2118/2118/2118 2119/2119/2119
f 2122/2122/2122 2121/2121/2121 2119/2119/2119
f 2123/2123/2123 2120/2120/2120 2118/2118/2118
f 2121/2121/2121 2123/2123/2123 2118/2118/2118
f 2124/2124/2124 2117/2117/2117 2120/2120/2120
f 2123/2123/2123 2124/2124/2124 2120/2120/2120
f 2125/2125/2125 2111/2111/2111 2117/2117/2117
f 2124/2124/2124 2125/2125/2125 2117/2117/2117
f 2126/2126/2126 2121/2121/2121 2122/2122/2122
f 2127/2127/2127 2126/2126/2126 2122/2122/2122
f 2128/2128/2128 2123/2123/2123 2121/2121/2121
f 2126/2126/2126 2128/2128/2128 2121/2121/2121
f 2129/2129/2129 2124/2124/2124 2123/2123/2123
f 2128/2128/2128 2129/2129/2129 2123/2123/2123
f 2130/2130/2130 2126/2126/2126 2127/2127/2127
f 2131/2131/2131 2130/2130/2130 2127/2127/2127
f 2132/2132/2132 2128/2128/2128 2126/2126/2126
f 2130/2130/2130 2132/2132/2132 2126/2126/2126
f 2130/2130/2130 2131/2131/2131 2133/2133/2133
f 2131/2131/2131 2134/2134/2134 2133/2133/2133
f 2130/2130/2130 2133/2133/2133 2135/2135/2135
f 2132/2132/2132 2130/2130/2130 2135/2135/2135
f 2132/2132/2132 2135/2135/2135 2136/2136/2136
f 2132/2132/2132 2137/2137/2137 2128/2128/2128
f 2137/2137/2137 2132/2132/2132 2136/2136/2136
f 2137/2137/2137 2129/2129/2129 2128/2128/2128
f 2137/2137/2137 2136/2136/2136 2138/2138/2138
f 2139/2139/2139 2137/2137/2137 2138/2138/2138
f 2137/2137/2137 2139/2139/2139 2129/2129/2129
f 2139/2139/2139 2138/2138/2138 2140/2140/2140
f 2139/2139/2139 2141/2141/2141 2129/2129/2129
f 2129/2129/2129 2141/2141/2141 2124/2124/2124
f 2141/2141/2141 2125/2125/2125 2124/2124/2124
f 2142/2142/2142 2139/2139/2139 2140/2140/2140
f 2139/2139/2139 2142/2142/2142 2141/2141/2141
f 2142/2142/2142 2140/2140/2140 2143/2143/2143
f 2141/2141/2141 2144/2144/2144 2125/2125/2125
f 2142/2142/2142 2144/2144/2144 2141/2141/2141
f 2145/2145/2145 2142/2142/2142 2143/2143/2143
f 2142/2142/2142 2145/2145/2145 2144/2144/2144
f 2145/2145/2145 2143/2143/2143 2146/2146/2146
f 2147/2147/2147 2145/2145/2145 2146/2146/2146
f 2145/2145/2145 2147/2147/2147 2148/2148/2148
f 2145/2145/2145 2148/2148/2148 2144/2144/2144
f 2147/2147/2147 2149/2149/2149 2148/2148/2148
f 2144/2144/2144 2150/2150/2150 2125/2125/2125
f 2144/2144/2144 2148/2148/2148 2150/2150/2150
f 2125/2125/2125 2150/2150/2150 2111/2111/2111
f 2150/2150/2150 2104/2104/2104 2111/2111/2111
f 2148/2148/2148 2149/2149/2149 2151/2151/2151
f 2148/2148/2148 2151/2151/2151 2150/2150/2150
f 2150/2150/2150 2151/2151/2151 2104/2104/2104
f 2149/2149/2149 2152/2152/2152 2151/2151/2151
f 2151/2151/2151 2105/2105/2105 2104/2104/2104
f 2151/2151/2151 2152/2152/2152 2105/2105/2105
f 2152/2152/2152 2153/2153/2153 2105/2105/2105
f 2156/2156/2156 2155/2155/2155 2154/2154/2154
f 2157/2157/2157 2156/2156/2156 2154/2154/2154
f 2158/2158/2158 2156/2156/2156 2157/2157/2157
f 2158/2158/2158 2159/2159/2159 2156/2156/2156
f 2160/2160/2160 2158/2158/2158 2157/2157/2157
f 2161/2161/2161 2159/2159/2159 2158/2158/2158
f 2162/2162/2162 2158/2158/2158 2160/2160/2160
f 2162/2162/2162 2161/2161/2161 2158/2158/2158
f 2163/2163/2163 2162/2162/2162 2160/2160/2160
f 2164/2164/2164 2161/2161/2161 2162/2162/2162
f 2165/2165/2165 2162/2162/2162 2163/2163/2163
f 2165/2165/2165 2164/2164/2164 2162/2162/2162
f 2164/2164/2164 2165/2165/2165 2166/2166/2166
f 2167/2167/2167 2165/2165/2165 2163/2163/2163
f 2165/2165/2165 2168/2168/2168 2166/2166/2166
f 2165/2165/2165 2167/2167/2167 2168/2168/2168
f 2167/2167/2167 2169/2169/2169 2168/2168/2168
f 2172/2172/2172 2171/2171/2171 2170/2170/2170
f 2173/2173/2173 2171/2171/2171 2172/2172/2172
f 2173/2173/2173 2174/2174/2174 2171/2171/2171
f 2175/2175/2175 2174/2174/2174 2173/2173/2173
f 2176/2176/2176 2175/2175/2175 2173/2173/2173
f 2175/2175/2175 2177/2177/2177 2174/2174/2174
f 2177/2177/2177 2178/2178/2178 2174/2174/2174
f 2174/2174/2174 2178/2178/2178 2179/2179/2179
f 2180/2180/2180 2175/2175/2175 2176/2176/2176
f 2181/2181/2181 2180/2180/2180 2176/2176/2176
f 2181/2181/2181 2176/2176/2176 2182/2182/2182
f 2182/2182/2182 2176/2176/2176 2183/2183/2183
f 2180/2180/2180 2184/2184/2184 2175/2175/2175
f 2184/2184/2184 2177/2177/2177 2175/2175/2175
f 2184/2184/2184 2185/2185/2185 2177/2177/2177
f 2177/2177/2177 2186/2186/2186 2178/2178/2178
f 2185/2185/2185 2186/2186/2186 2177/2177/2177
f 2178/2178/2178 2187/2187/2187 2179/2179/2179
f 2186/2186/2186 2188/2188/2188 2178/2178/2178
f 2178/2178/2178 2188/2188/2188 2187/2187/2187
f 2179/2179/2179 2187/2187/2187 2189/2189/2189
f 2179/2179/2179 2189/2189/2189 2190/2190/2190
f 2191/2191/2191 2190/2190/2190 2189/2189/2189
f 2192/2192/2192 2191/2191/2191 2189/2189/2189
f 2191/2191/2191 2192/2192/2192 2193/2193/2193
f 2192/2192/2192 2194/2194/2194 2193/2193/2193
f 2194/2194/2194 2192/2192/2192 2195/2195/2195
f 2187/2187/2187 2196/2196/2196 2189/2189/2189
f 2192/2192/2192 2189/2189/2189 2196/2196/2196
f 2192/2192/2192 2197/2197/2197 2195/2195/2195
f 2197/2197/2197 2192/2192/2192 2196/2196/2196
f 2187/2187/2187 2198/2198/2198 2196/2196/2196
f 2188/2188/2188 2198/2198/2198 2187/2187/2187
f 2197/2197/2197 2199/2199/2199 2195/2195/2195
f 2199/2199/2199 2200/2200/2200 2195/2195/2195
f 2200/2200/2200 2199/2199/2199 2201/2201/2201
f 2199/2199/2199 2202/2202/2202 2201/2201/2201
f 2197/2197/2197 2196/2196/2196 2203/2203/2203
f 2199/2199/2199 2197/2197/2197 2203/2203/2203
f 2198/2198/2198 2203/2203/2203 2196/2196/2196
f 2202/2202/2202 2199/2199/2199 2204/2204/2204
f 2199/2199/2199 2203/2203/2203 2204/2204/2204
f 2202/2202/2202 2204/2204/2204 2205/2205/2205
f 2206/2206/2206 2205/2205/2205 2204/2204/2204
f 2207/2207/2207 2204/2204/2204 2203/2203/2203
f 2207/2207/2207 2206/2206/2206 2204/2204/2204
f 2198/2198/2198 2207/2207/2207 2203/2203/2203
f 2208/2208/2208 2206/2206/2206 2207/2207/2207
f 2209/2209/2209 2207/2207/2207 2198/2198/2198
f 2209/2209/2209 2208/2208/2208 2207/2207/2207
f 2188/2188/2188 2209/2209/2209 2198/2198/2198
f 2210/2210/2210 2208/2208/2208 2209/2209/2209
f 2211/2211/2211 2209/2209/2209 2188/2188/2188
f 2211/2211/2211 2210/2210/2210 2209/2209/2209
f 2186/2186/2186 2211/2211/2211 2188/2188/2188
f 2212/2212/2212 2210/2210/2210 2211/2211/2211
f 2213/2213/2213 2211/2211/2211 2186/2186/2186
f 2213/2213/2213 2212/2212/2212 2211/2211/2211
f 2212/2212/2212 2213/2213/2213 2214/2214/2214
f 2185/2185/2185 2213/2213/2213 2186/2186/2186
f 2213/2213/2213 2215/2215/2215 2214/2214/2214
f 2213/2213/2213 2185/2185/2185 2215/2215/2215
f 2185/2185/2185 2216/2216/2216 2215/2215/2215
f 2219/2219/2219 2218/2218/2218 2217/2217/2217
f 2220/2220/2220 2219/2219/2219 2217/2217/2217
f 2223/2223/2223 2222/2222/2222 2221/2221/2221
f 2224/2224/2224 2223/2223/2223 2221/2221/2221
f 2224/2224/2224 2221/2221/2221 2225/2225/2225
f 2223/2223/2223 2224/2224/2224 2226/2226/2226
f 2227/2227/2227 2224/2224/2224 2225/2225/2225
f 2227/2227/2227 2225/2225/2225 2228/2228/2228
f 2224/2224/2224 2229/2229/2229 2226/2226/2226
f 2224/2224/2224 2227/2227/2227 2229/2229/2229
f 2226/2226/2226 2229/2229/2229 2230/2230/2230
f 2231/2231/2231 2227/2227/2227 2228/2228/2228
f 2231/2231/2231 2228/2228/2228 2232/2232/2232
f 2233/2233/2233 2231/2231/2231 2232/2232/2232
f 2233/2233/2233 2232/2232/2232 2234/2234/2234
f 2235/2235/2235 2233/2233/2233 2234/2234/2234
f 2235/2235/2235 2234/2234/2234 2236/2236/2236
f 2237/2237/2237 2235/2235/2235 2236/2236/2236
f 2227/2227/2227 2231/2231/2231 2238/2238/2238
f 2227/2227/2227 2238/2238/2238 2229/2229/2229
f 2229/2229/2229 2239/2239/2239 2230/2230/2230
f 2229/2229/2229 2238/2238/2238 2239/2239/2239
f 2230/2230/2230 2239/2239/2239 2240/2240/2240
f 2238/2238/2238 2241/2241/2241 2239/2239/2239
f 2239/2239/2239 2242/2242/2242 2240/2240/2240
f 2239/2239/2239 2241/2241/2241 2242/2242/2242
f 2240/2240/2240 2242/2242/2242 2243/2243/2243
f 2240/2240/2240 2243/2243/2243 2244/2244/2244
f 2245/2245/2245 2240/2240/2240 2244/2244/2244
f 2245/2245/2245 2244/2244/2244 2246/2246/2246
f 2247/2247/2247 2246/2246/2246 2244/2244/2244
f 2248/2248/2248 2247/2247/2247 2244/2244/2244
f 2248/2248/2248 2244/2244/2244 2243/2243/2243
f 2249/2249/2249 2248/2248/2248 2243/2243/2243
f 2248/2248/2248 2249/2249/2249 2250/2250/2250
f 2249/2249/2249 2251/2251/2251 2250/2250/2250
f 2251/2251/2251 2249/2249/2249 2252/2252/2252
f 2242/2242/2242 2253/2253/2253 2243/2243/2243
f 2249/2249/2249 2243/2243/2243 2253/2253/2253
f 2241/2241/2241 2254/2254/2254 2242/2242/2242
f 2242/2242/2242 2254/2254/2254 2253/2253/2253
f 2241/2241/2241 2255/2255/2255 2254/2254/2254
f 2256/2256/2256 2255/2255/2255 2241/2241/2241
f 2254/2254/2254 2257/2257/2257 2253/2253/2253
f 2258/2258/2258 2249/2249/2249 2253/2253/2253
f 2249/2249/2249 2258/2258/2258 2252/2252/2252
f 2258/2258/2258 2253/2253/2253 2257/2257/2257
f 2258/2258/2258 2259/2259/2259 2252/2252/2252
f 2259/2259/2259 2258/2258/2258 2257/2257/2257
f 2259/2259/2259 2260/2260/2260 2252/2252/2252
f 2260/2260/2260 2259/2259/2259 2261/2261/2261
f 2259/2259/2259 2262/2262/2262 2261/2261/2261
f 2262/2262/2262 2259/2259/2259 2263/2263/2263
f 2259/2259/2259 2257/2257/2257 2263/2263/2263
f 2264/2264/2264 2263/2263/2263 2257/2257/2257
f 2264/2264/2264 2265/2265/2265 2263/2263/2263
f 2266/2266/2266 2265/2265/2265 2264/2264/2264
f 2269/2269/2269 2268/2268/2268 2267/2267/2267
f 2270/2270/2270 2269/2269/2269 2267/2267/2267
f 2270/2270/2270 2267/2267/2267 2271/2271/2271
f 2269/2269/2269 2270/2270/2270 2272/2272/2272
f 2273/2273/2273 2270/2270/2270 2271/2271/2271
f 2273/2273/2273 2271/2271/2271 2274/2274/2274
f 2270/2270/2270 2275/2275/2275 2272/2272/2272
f 2275/2275/2275 2270/2270/2270 2273/2273/2273
f 2272/2272/2272 2275/2275/2275 2276/2276/2276
f 2277/2277/2277 2273/2273/2273 2274/2274/2274
f 2277/2277/2277 2274/2274/2274 2278/2278/2278
f 2279/2279/2279 2277/2277/2277 2278/2278/2278
f 2275/2275/2275 2280/2280/2280 2276/2276/2276
f 2276/2276/2276 2280/2280/2280 2281/2281/2281
f 2282/2282/2282 2275/2275/2275 2273/2273/2273
f 2282/2282/2282 2273/2273/2273 2277/2277/2277
f 2275/2275/2275 2282/2282/2282 2280/2280/2280
f 2277/2277/2277 2279/2279/2279 2283/2283/2283
f 2283/2283/2283 2282/2282/2282 2277/2277/2277
f 2279/2279/2279 2284/2284/2284 2283/2283/2283
f 2280/2280/2280 2285/2285/2285 2281/2281/2281
f 2281/2281/2281 2285/2285/2285 2286/2286/2286
f 2282/2282/2282 2287/2287/2287 2280/2280/2280
f 2287/2287/2287 2282/2282/2282 2283/2283/2283
f 2280/2280/2280 2287/2287/2287 2285/2285/2285
f 2283/2283/2283 2284/2284/2284 2288/2288/2288
f 2288/2288/2288 2287/2287/2287 2283/2283/2283
f 2284/2284/2284 2289/2289/2289 2288/2288/2288
f 2287/2287/2287 2290/2290/2290 2285/2285/2285
f 2290/2290/2290 2287/2287/2287 2288/2288/2288
f 2288/2288/2288 2289/2289/2289 2291/2291/2291
f 2291/2291/2291 2290/2290/2290 2288/2288/2288
f 2289/2289/2289 2292/2292/2292 2291/2291/2291
f 2285/2285/2285 2293/2293/2293 2286/2286/2286
f 2293/2293/2293 2285/2285/2285 2290/2290/2290
f 2294/2294/2294 2290/2290/2290 2291/2291/2291
f 2294/2294/2294 2293/2293/2293 2290/2290/2290
f 2291/2291/2291 2292/2292/2292 2295/2295/2295
f 2295/2295/2295 2294/2294/2294 2291/2291/2291
f 2292/2292/2292 2296/2296/2296 2295/2295/2295
f 2297/2297/2297 2295/2295/2295 2296/2296/2296
f 2295/2295/2295 2297/2297/2297 2294/2294/2294
f 2298/2298/2298 2286/2286/2286 2293/2293/2293
f 2298/2298/2298 2299/2299/2299 2286/2286/2286
f 2299/2299/2299 2298/2298/2298 2300/2300/2300
f 2298/2298/2298 2301/2301/2301 2300/2300/2300
f 2301/2301/2301 2298/2298/2298 2302/2302/2302
f 2303/2303/2303 2298/2298/2298 2293/2293/2293
f 2303/2303/2303 2293/2293/2293 2294/2294/2294
f 2298/2298/2298 2303/2303/2303 2302/2302/2302
f 2297/2297/2297 2304/2304/2304 2294/2294/2294
f 2304/2304/2304 2303/2303/2303 2294/2294/2294
f 2303/2303/2303 2304/2304/2304 2302/2302/2302
f 2304/2304/2304 2297/2297/2297 2305/2305/2305
f 2304/2304/2304 2306/2306/2306 2302/2302/2302
f 2306/2306/2306 2304/2304/2304 2305/2305/2305
f 2309/2309/2309 2308/2308/2308 2307/2307/2307
f 2307/2307/2307 2308/2308/2308 2310/2310/2310
f 2309/2309/2309 2311/2311/2311 2308/2308/2308
f 2311/2311/2311 2312/2312/2312 2308/2308/2308
f 2308/2308/2308 2312/2312/2312 2310/2310/2310
f 2311/2311/2311 2313/2313/2313 2312/2312/2312
f 2313/2313/2313 2314/2314/2314 2312/2312/2312
f 2312/2312/2312 2314/2314/2314 2310/2310/2310
f 2313/2313/2313 2315/2315/2315 2314/2314/2314
f 2315/2315/2315 2316/2316/2316 2314/2314/2314
f 2314/2314/2314 2316/2316/2316 2310/2310/2310
f 2315/2315/2315 2317/2317/2317 2316/2316/2316
f 2317/2317/2317 2318/2318/2318 2316/2316/2316
f 2316/2316/2316 2318/2318/2318 2310/2310/2310
f 2317/2317/2317 2319/2319/2319 2318/2318/2318
f 2319/2319/2319 2320/2320/2320 2318/2318/2318
f 2318/2318/2318 2320/2320/2320 2310/2310/2310
f 2319/2319/2319 2321/2321/2321 2320/2320/2320
f 2322/2322/2322 2307/2307/2307 2310/2310/2310
f 2320/2320/2320 2323/2323/2323 2310/2310/2310
f 2321/2321/2321 2323/2323/2323 2320/2320/2320
f 2323/2323/2323 2324/2324/2324 2310/2310/2310
f 2321/2321/2321 2325/2325/2325 2323/2323/2323
f 2325/2325/2325 2324/2324/2324 2323/2323/2323
f 2326/2326/2326 2307/2307/2307 2322/2322/2322
f 2325/2325/2325 2327/2327/2327 2324/2324/2324
f 2328/2328/2328 2326/2326/2326 2322/2322/2322
f 2327/2327/2327 2329/2329/2329 2324/2324/2324
f 2324/2324/2324 2329/2329/2329 2310/2310/2310
f 2327/2327/2327 2330/2330/2330 2329/2329/2329
f 2328/2328/2328 2322/2322/2322 2331/2331/2331
f 2331/2331/2331 2322/2322/2322 2310/2310/2310
f 2332/2332/2332 2328/2328/2328 2331/2331/2331
f 2330/2330/2330 2333/2333/2333 2329/2329/2329
f 2329/2329/2329 2333/2333/2333 2310/2310/2310
f 2330/2330/2330 2334/2334/2334 2333/2333/2333
f 2332/2332/2332 2331/2331/2331 2335/2335/2335
f 2335/2335/2335 2331/2331/2331 2310/2310/2310
f 2336/2336/2336 2332/2332/2332 2335/2335/2335
f 2334/2334/2334 2337/2337/2337 2333/2333/2333
f 2333/2333/2333 2337/2337/2337 2310/2310/2310
f 2334/2334/2334 2338/2338/2338 2337/2337/2337
f 2336/2336/2336 2335/2335/2335 2339/2339/2339
f 2339/2339/2339 2335/2335/2335 2310/2310/2310
f 2337/2337/2337 2340/2340/2340 2310/2310/2310
f 2338/2338/2338 2340/2340/2340 2337/2337/2337
f 2341/2341/2341 2339/2339/2339 2310/2310/2310
f 2342/2342/2342 2336/2336/2336 2339/2339/2339
f 2342/2342/2342 2339/2339/2339 2341/2341/2341
f 2338/2338/2338 2343/2343/2343 2340/2340/2340
f 2344/2344/2344 2342/2342/2342 2341/2341/2341
f 2343/2343/2343 2345/2345/2345 2340/2340/2340
f 2340/2340/2340 2345/2345/2345 2310/2310/2310
f 2343/2343/2343 2346/2346/2346 2345/2345/2345
f 2344/2344/2344 2341/2341/2341 2347/2347/2347
f 2347/2347/2347 2341/2341/2341 2310/2310/2310
f 2348/2348/2348 2344/2344/2344 2347/2347/2347
f 2346/2346/2346 2349/2349/2349 2345/2345/2345
f 2345/2345/2345 2349/2349/2349 2310/2310/2310
f 2346/2346/2346 2350/2350/2350 2349/2349/2349
f 2348/2348/2348 2347/2347/2347 2351/2351/2351
f 2351/2351/2351 2347/2347/2347 2310/2310/2310
f 2352/2352/2352 2348/2348/2348 2351/2351/2351
f 2350/2350/2350 2353/2353/2353 2349/2349/2349
f 2349/2349/2349 2353/2353/2353 2310/2310/2310
f 2350/2350/2350 2354/2354/2354 2353/2353/2353
f 2352/2352/2352 2351/2351/2351 2355/2355/2355
f 2355/2355/2355 2351/2351/2351 2310/2310/2310
f 2353/2353/2353 2355/2355/2355 2310/2310/2310
f 2354/2354/2354 2352/2352/2352 2355/2355/2355
f 2354/2354/2354 2355/2355/2355 2353/2353/2353
