# Derived from Cyberbotics Webots R2025a Robotiq3fGripper.proto
# Source: https://github.com/cyberbotics/webots/blob/R2025a/projects/devices/robotiq/protos/Robotiq3fGripper.proto
# License: Apache License 2.0; see ../LICENSE and ../NOTICE
o base_black
v 0 0 0
v 0.057742 -0.02412 0.022423
v 0.057385 -0.024262 0.023186
v 0.05726 -0.024358 0.023161
v 0.057214 -0.02433 0.023552
v 0.058308 -0.023294 0.024318
v 0.057685 -0.023522 0.025153
v 0.058226 -0.023948 0.021459
v 0.05886 -0.023137 0.023625
v 0.058092 -0.024414 0.018357
v 0.057162 -0.024352 0.02367
v 0.057558 -0.024985 0.018269
v 0.0578 -0.025754 0.01338
v 0.058202 -0.025056 0.013429
v 0.059362 -0.023035 0.023033
v 0.059837 -0.022579 0.023656
v 0.059794 -0.021798 0.025314
v 0.060839 -0.022025 0.023435
v 0.059736 -0.0229 0.022892
v 0.059262 -0.021956 0.025673
v 0.05869 -0.023804 0.020608
v 0.058729 -0.023966 0.018463
v 0.058256 -0.025824 0.008518
v 0.057 -0.023835 0.026141
v 0.056734 -0.024896 0.023051
v 0.056642 -0.024579 0.024852
v 0.057152 -0.025655 0.018201
v 0.058664 -0.022189 0.026119
v 0.057981 -0.022521 0.026684
v 0.057651 -0.02654 0.012336
v 0.057553 -0.026521 0.013349
v 0.060946 -0.021307 0.024745
v 0.059991 -0.021836 0.025043
v 0.061742 -0.020607 0.024351
v 0.061679 -0.021275 0.023136
v 0.060769 -0.022341 0.022713
v 0.05874 -0.024459 0.013494
v 0.058653 -0.025107 0.008549
v 0.058298 -0.025831 -0.007925
v 0.057675 -0.026544 -0.012194
v 0.057878 -0.025766 -0.012679
v 0.057227 -0.022969 0.027382
v 0.056105 -0.024832 0.02614
v 0.058799 -0.020837 0.027776
v 0.059416 -0.020447 0.027531
v 0.057633 -0.026536 -0.01265
v 0.057291 -0.026471 -0.015233
v 0.058064 -0.026618 -0.007908
v 0.058155 -0.026636 -0.006074
v 0.058525 -0.025866 -0.003178
v 0.058144 -0.026634 0.006217
v 0.058512 -0.025864 0.003641
v 0.058021 -0.02661 0.0085
v 0.056889 -0.026395 0.018158
v 0.056846 -0.026387 0.018402
v 0.060001 -0.021742 0.025178
v 0.062342 -0.01977 0.023881
v 0.0597 -0.022976 0.022646
v 0.059504 -0.023385 0.021332
v 0.059454 -0.023437 0.021026
v 0.059139 -0.023687 0.01986
v 0.058906 -0.025136 0.003655
v 0.058559 -0.025871 0.001565
v 0.058953 -0.025141 0.001571
v 0.05892 -0.025137 -0.00319
v 0.058695 -0.025112 -0.007954
v 0.058308 -0.023294 -0.024318
v 0.057742 -0.02412 -0.022423
v 0.057639 -0.024161 -0.022643
v 0.057214 -0.02433 -0.023552
v 0.057685 -0.023522 -0.025153
v 0.057244 -0.025669 -0.017593
v 0.056451 -0.023523 0.028187
v 0.056294 -0.024223 0.027242
v 0.056323 -0.025531 0.022965
v 0.058096 -0.021347 0.028114
v 0.05732 -0.021995 0.028558
v 0.058709 -0.019276 0.029241
v 0.056725 -0.029312 -0.0149
v 0.057146 -0.029312 -0.011937
v 0.05771 -0.029312 -0.005953
v 0.058298 -0.026663 -0.003171
v 0.058321 -0.026667 7.2e-05
v 0.058332 -0.026669 0.001562
v 0.058284 -0.02666 0.003634
v 0.057128 -0.029312 0.012076
v 0.056703 -0.029312 0.015038
v 0.056187 -0.029312 0.017975
v 0.056311 -0.026287 0.021404
v 0.06236 -0.019062 0.024891
v 0.061782 -0.019817 0.025464
v 0.061013 -0.020455 0.025946
v 0.060087 -0.020944 0.026317
v 0.059967 -0.020146 0.027355
v 0.059317 -0.018664 0.029131
v 0.062718 -0.018224 0.024257
v 0.062714 -0.018839 0.023357
v 0.062312 -0.020366 0.022774
v 0.061636 -0.02157 0.022465
v 0.060605 -0.022831 0.021231
v 0.059237 -0.023665 0.019709
v 0.059391 -0.02399 0.013574
v 0.059194 -0.024491 0.008592
v 0.058279 -0.025065 -0.012725
v 0.057369 -0.024365 -0.022588
v 0.058225 -0.023948 -0.021461
v 0.057162 -0.024352 -0.02367
v 0.056642 -0.024579 -0.024852
v 0.056842 -0.024908 -0.022481
v 0.056984 -0.026413 -0.017551
v 0.056522 -0.022763 0.029096
v 0.05567 -0.024182 0.0291
v 0.056052 -0.024857 0.026269
v 0.058026 -0.020025 0.029412
v 0.05897 -0.016671 0.030418
v 0.056707 -0.035997 0.002971
v 0.057702 -0.029312 0.006094
v 0.055583 -0.029312 0.020883
v 0.059517 -0.015896 0.030378
v 0.059083 -0.015492 0.030825
v 0.059873 -0.01815 0.029068
v 0.060121 -0.020214 0.027161
v 0.06284 -0.017344 0.023591
v 0.060416 -0.023135 0.01968
v 0.059329 -0.023691 0.018566
v 0.059449 -0.02451 0.003673
v 0.059496 -0.024513 0.001579
v 0.059463 -0.024511 -0.003205
v 0.059236 -0.024494 -0.007993
v 0.058818 -0.024465 -0.012788
v 0.05765 -0.024995 -0.017658
v 0.058184 -0.02442 -0.017744
v 0.060042 -0.021451 -0.025633
v 0.059794 -0.021798 -0.025314
v 0.060085 -0.02098 -0.026271
v 0.061039 -0.019522 -0.026991
v 0.060107 -0.018801 -0.028457
v 0.061026 -0.018428 -0.027969
v 0.059967 -0.020146 -0.027355
v 0.060121 -0.020062 -0.027308
v 0.061798 -0.018954 -0.02643
v 0.061791 -0.017942 -0.027334
v 0.057 -0.023835 -0.026141
v 0.06008 -0.018227 -0.028885
v 0.061008 -0.017886 -0.028376
v 0.060125 -0.01996 -0.027423
v 0.05886 -0.023137 -0.023625
v 0.059262 -0.021956 -0.025673
v 0.058664 -0.022189 -0.026119
v 0.056105 -0.024832 -0.02614
v 0.056213 -0.029312 -0.017839
v 0.056861 -0.02639 -0.018259
v 0.055719 -0.023652 0.029728
v 0.055499 -0.025134 0.027652
v 0.055577 -0.024687 0.028456
v 0.056044 -0.026237 0.022907
v 0.057277 -0.020927 0.029653
v 0.056506 -0.02195 0.029961
v 0.057774 -0.018584 0.030549
v 0.058398 -0.017551 0.030473
v 0.055758 -0.036222 -0.011564
v 0.056325 -0.036088 -0.007716
v 0.056505 -0.036045 -0.005645
v 0.056767 -0.035982 -0.000895
v 0.05593 -0.036182 0.010553
v 0.055763 -0.036221 0.01142
v 0.054533 -0.036505 0.01692
v 0.053733 -0.036683 0.019594
v 0.053175 -0.036805 0.021315
v 0.054893 -0.029312 0.023756
v 0.062463 0.028486 0.002011
v 0.062332 0.028502 0.002014
v 0.062463 0.027805 0.003917
v 0.062332 0.027821 0.003924
v 0.062691 0.028358 0.001981
v 0.062772 0.028255 0.001957
v 0.062691 0.028585 0
v 0.062772 0.02848 0
v 0.062586 0.028436 0.001999
v 0.062586 0.028666 0
v 0.062463 0.028716 0
v 0.06284 -0.016913 0.024105
v 0.06272 -0.017717 0.02485
v 0.059719 -0.01563 0.030366
v 0.062367 -0.018484 0.02556
v 0.061796 -0.019176 0.026201
v 0.061036 -0.019762 0.026743
v 0.06284 -0.017859 0.022805
v 0.062706 -0.019348 0.022368
v 0.062292 -0.020628 0.022162
v 0.061538 -0.022032 0.021085
v 0.059854 -0.024007 0.008643
v 0.058824 -0.023969 -0.017846
v 0.059362 -0.023035 -0.023033
v 0.059997 -0.021731 -0.025171
v 0.060981 -0.020938 -0.025302
v 0.061011 -0.020489 -0.025904
v 0.062367 -0.018283 -0.025767
v 0.061779 -0.017441 -0.027711
v 0.06094 -0.016634 -0.029159
v 0.060061 -0.017973 -0.029042
v 0.059873 -0.01815 -0.029068
v 0.057981 -0.022521 -0.026684
v 0.056052 -0.024857 -0.026269
v 0.056431 -0.025547 -0.022397
v 0.056294 -0.024223 -0.027242
v 0.056341 -0.026293 -0.021265
v 0.055613 -0.029312 -0.020747
v 0.054962 -0.036407 -0.015348
v 0.055724 -0.023098 0.030336
v 0.054928 -0.024661 0.030451
v 0.055341 -0.02539 0.027613
v 0.055441 -0.025163 0.027799
v 0.054901 -0.024946 0.030117
v 0.055724 -0.026179 0.024388
v 0.0571 -0.01978 0.03065
v 0.058489 -0.015402 0.031486
v 0.062078 -0.005109 0.033313
v 0.061666 -0.00545 0.033771
v 0.061465 -0.006548 0.033289
v 0.055233 -0.036345 -0.014063
v 0.055798 -0.036213 -0.011293
v 0.056664 -0.036007 -0.003819
v 0.056752 -0.035986 6.7e-05
v 0.056501 -0.036046 0.005779
v 0.056427 -0.036064 0.006786
v 0.055228 -0.036346 0.014197
v 0.054276 -0.036563 0.017919
v 0.058953 0.028119 0.003248
v 0.062822 0.028136 0.001929
v 0.062822 0.028357 0
v 0.062586 0.02776 0.003894
v 0.062463 0.026711 0.005619
v 0.062586 0.026671 0.005587
v 0.062332 0.028734 0
v 0.062332 0.028608 0.001099
v 0.058953 0.028665 0.001106
v 0.059838 -0.015474 0.03036
v 0.059866 -0.015722 0.030261
v 0.06012 -0.02006 0.027306
v 0.060057 -0.017846 0.029144
v 0.060117 -0.019084 0.028227
v 0.059731 -0.023804 0.013617
v 0.05987 -0.023844 0.011893
v 0.060114 -0.024016 0.003695
v 0.060161 -0.024018 0.001588
v 0.060128 -0.024017 -0.003225
v 0.059897 -0.024008 -0.008041
v 0.05947 -0.023992 -0.012863
v 0.05869 -0.023804 -0.020608
v 0.059912 -0.022271 -0.024281
v 0.060891 -0.021726 -0.024026
v 0.06236 -0.01909 -0.024856
v 0.061781 -0.019849 -0.025424
v 0.062364 -0.017367 -0.026584
v 0.062718 -0.018248 -0.024225
v 0.06272 -0.017541 -0.025033
v 0.061739 -0.016282 -0.028437
v 0.059983 -0.016901 -0.029704
v 0.059416 -0.020447 -0.027531
v 0.058799 -0.020837 -0.027776
v 0.057227 -0.022969 -0.027382
v 0.055659 -0.025054 -0.027253
v 0.055577 -0.024687 -0.028456
v 0.054561 -0.036498 -0.016791
v 0.054941 -0.024369 0.030779
v 0.055685 -0.022522 0.030924
v 0.056404 -0.021092 0.030774
v 0.054535 -0.025357 0.030653
v 0.054862 -0.025225 0.02978
v 0.055081 -0.025354 0.028735
v 0.052825 -0.036879 0.022212
v 0.052035 -0.037046 0.024236
v 0.056929 -0.020102 0.03068
v 0.0603 -0.012947 0.031033
v 0.06032 -0.0116 0.031611
v 0.060741 -0.010521 0.031782
v 0.060853 -0.009906 0.031997
v 0.06188 -0.006753 0.032546
v 0.061368 -0.007076 0.033057
v 0.061045 -0.008846 0.032368
v 0.059722 -0.011541 0.032295
v 0.061289 -0.006548 0.033525
v 0.061713 -0.005198 0.033896
v 0.060865 -0.006613 0.034352
v 0.06192 -0.004086 0.03445
v 0.062245 -0.003734 0.034054
v 0.054495 -0.037734 -0.015241
v 0.055312 -0.037591 -0.011488
v 0.055895 -0.037487 -0.007668
v 0.056245 -0.037424 -0.003796
v 0.056352 -0.037405 -0.00089
v 0.056289 -0.037416 0.002953
v 0.056 -0.037468 0.006745
v 0.055489 -0.03756 0.010485
v 0.054754 -0.037689 0.014168
v 0.053793 -0.037853 0.017788
v 0.052672 -0.038038 0.021147
v 0.051516 -0.03822 0.024034
v 0.051795 -0.037094 0.024763
v 0.062586 0.025228 0.006988
v 0.062463 0.025259 0.007029
v 0.062332 0.026724 0.00563
v 0.058953 0.027061 0.00519
v 0.06284 0.028008 0.001899
v 0.06284 0.028226 0
v 0.062691 0.027687 0.003859
v 0.062772 0.027593 0.003812
v 0.062822 0.027483 0.003758
v 0.062691 0.026609 0.005536
v 0.062691 0.025179 0.006925
v 0.062586 0.023504 0.008027
v 0.062648 0.021582 0.008605
v 0.062691 0.023471 0.007953
v 0.062772 0.028255 -0.001957
v 0.062822 0.028136 -0.001929
v 0.062691 0.028358 -0.001981
v 0.062586 0.028436 -0.001999
v 0.062463 0.028486 -0.002011
v 0.06284 0.028008 -0.001899
v 0.061665 -0.008547 0.031818
v 0.06146 -0.010248 0.031212
v 0.060538 -0.011638 0.031437
v 0.06284 -0.016234 0.024744
v 0.06272 -0.016929 0.025593
v 0.060003 -0.017133 0.029576
v 0.062366 -0.017591 0.026402
v 0.061794 -0.018189 0.027132
v 0.061033 -0.018694 0.027751
v 0.060063 -0.017976 0.029048
v 0.06284 -0.018272 0.021939
v 0.062701 -0.019567 0.02182
v 0.062246 -0.021035 0.020903
v 0.061423 -0.022326 0.019637
v 0.060862 -0.023246 0.011864
v 0.059139 -0.023687 -0.01986
v 0.059728 -0.022922 -0.022833
v 0.06171 -0.020996 -0.023685
v 0.061764 -0.020265 -0.024867
v 0.06284 -0.017365 -0.023563
v 0.062359 -0.016913 -0.026923
v 0.06084 -0.015286 -0.029795
v 0.056451 -0.023523 -0.028187
v 0.059838 -0.015474 -0.03036
v 0.058096 -0.021347 -0.028114
v 0.055441 -0.025163 -0.027799
v 0.056154 -0.026258 -0.022341
v 0.053931 -0.03664 -0.019061
v 0.055507 -0.022893 0.030966
v 0.056496 -0.020043 0.031406
v 0.054549 -0.025198 0.030837
v 0.05456 -0.025037 0.031021
v 0.054516 -0.025514 0.030467
v 0.055085 -0.026062 0.027352
v 0.054121 -0.029312 0.026591
v 0.062104 -0.003116 0.034996
v 0.062263 -0.002293 0.035526
v 0.062305 -0.002083 0.035683
v 0.06238 -0.001703 0.03597
v 0.062544 -0.001355 0.035765
v 0.062468 -0.00194 0.035257
v 0.062364 -0.002761 0.034661
v 0.062406 -0.004737 0.032813
v 0.050233 -0.038413 0.026784
v 0.062552 0.021594 0.008665
v 0.062648 0.019992 0.009139
v 0.062552 0.020018 0.009194
v 0.06284 0.027365 0.0037
v 0.062772 0.026527 0.005469
v 0.062822 0.027483 -0.003758
v 0.062772 0.027593 -0.003812
v 0.062332 0.028608 -0.001099
v 0.062332 0.028502 -0.002014
v 0.058953 0.028665 -0.001106
v 0.062292 -0.006392 0.031973
v 0.061159 -0.012715 0.030453
v 0.06084 -0.015286 0.029795
v 0.060859 -0.01552 0.029698
v 0.060954 -0.016854 0.029036
v 0.060991 -0.017526 0.028622
v 0.060011 -0.023895 0.008657
v 0.06018 -0.023956 0.004758
v 0.060232 -0.023977 0.001721
v 0.060176 -0.023955 -0.004922
v 0.059827 -0.023829 -0.01258
v 0.0598 -0.023822 -0.012902
v 0.059383 -0.023706 -0.017939
v 0.059454 -0.023436 -0.021028
v 0.059702 -0.022987 -0.02265
v 0.059652 -0.02311 -0.022299
v 0.060763 -0.022363 -0.022657
v 0.061633 -0.021591 -0.022413
v 0.062716 -0.018574 -0.023775
v 0.062351 -0.019464 -0.024349
v 0.062719 -0.016731 -0.025752
v 0.06284 -0.016762 -0.024264
v 0.06284 -0.017638 -0.023171
v 0.06234 -0.01586 -0.027574
v 0.061679 -0.01503 -0.029028
v 0.05567 -0.024182 -0.0291
v 0.0603 -0.012947 -0.031033
v 0.059719 -0.01563 -0.030366
v 0.059517 -0.015896 -0.030378
v 0.059317 -0.018664 -0.029131
v 0.058709 -0.019276 -0.029241
v 0.05732 -0.021995 -0.028558
v 0.054862 -0.025225 -0.02978
v 0.055435 -0.025403 -0.027198
v 0.05508 -0.025354 -0.028735
v 0.05575 -0.026184 -0.024248
v 0.054927 -0.029312 -0.023622
v 0.053441 -0.037912 -0.018918
v 0.054941 -0.024071 0.031103
v 0.054707 -0.024572 0.031165
v 0.05481 -0.025497 0.029438
v 0.055044 -0.026055 0.027539
v 0.050764 -0.037301 0.027022
v 0.058051 -0.015386 0.032264
v 0.05929 -0.011561 0.033097
v 0.062229 -0.001871 0.036718
v 0.062516 -0.000606 0.036677
v 0.062502 -0.003359 0.033633
v 0.06257 -0.002387 0.034309
v 0.053754 -0.038921 -0.015071
v 0.054572 -0.038822 -0.011363
v 0.055158 -0.03875 -0.007586
v 0.05551 -0.038706 -0.003756
v 0.055618 -0.038692 -0.00088
v 0.055555 -0.0387 0.002921
v 0.055264 -0.038737 0.006673
v 0.05475 -0.0388 0.010371
v 0.054013 -0.03889 0.014011
v 0.053052 -0.039004 0.017586
v 0.051934 -0.039131 0.020901
v 0.050785 -0.039256 0.023749
v 0.062463 0.023525 0.008073
v 0.062332 0.025269 0.007042
v 0.062332 0.025533 0.006786
v 0.058953 0.025557 0.006811
v 0.062586 0.023659 0.001022
v 0.06284 0.023904 0.001088
v 0.062586 0.023264 0.001975
v 0.06284 0.023484 0.002102
v 0.062822 0.026433 0.005391
v 0.06284 0.026331 0.005308
v 0.062772 0.025114 0.006841
v 0.062772 0.023427 0.007858
v 0.062729 0.017378 0.011231
v 0.062789 0.0173 0.011175
v 0.062739 0.016946 0.011889
v 0.062729 0.021566 0.008527
v 0.062691 0.027687 -0.003859
v 0.062691 0.026609 -0.005536
v 0.062772 0.026527 -0.005469
v 0.062586 0.02776 -0.003894
v 0.062463 0.027805 -0.003917
v 0.06284 0.024047 0
v 0.062586 0.023793 0
v 0.062691 0.025179 -0.006925
v 0.062772 0.025114 -0.006841
v 0.062822 0.026433 -0.005391
v 0.06284 0.027365 -0.0037
v 0.062645 -0.004342 0.032282
v 0.062167 -0.008202 0.031183
v 0.06284 -0.015479 0.02528
v 0.062717 -0.016059 0.026227
v 0.062354 -0.016611 0.027128
v 0.06177 -0.017108 0.027939
v 0.06284 -0.018445 0.021459
v 0.062689 -0.019899 0.020696
v 0.062192 -0.021289 0.019581
v 0.061692 -0.02244 0.011825
v 0.061077 -0.023338 0.004744
v 0.060033 -0.023903 -0.008053
v 0.059237 -0.023665 -0.019709
v 0.059403 -0.02352 -0.020702
v 0.060709 -0.022551 -0.022151
v 0.062291 -0.020646 -0.022114
v 0.062326 -0.020118 -0.023274
v 0.062718 -0.016327 -0.026049
v 0.061159 -0.012715 -0.030453
v 0.06146 -0.010248 -0.031212
v 0.06187 -0.012421 -0.029721
v 0.061665 -0.008547 -0.031818
v 0.062047 -0.009922 -0.03053
v 0.06188 -0.006753 -0.032546
v 0.062167 -0.008202 -0.031183
v 0.056522 -0.022763 -0.029096
v 0.060538 -0.011638 -0.031437
v 0.060741 -0.010521 -0.031782
v 0.060853 -0.009906 -0.031997
v 0.061465 -0.006548 -0.033289
v 0.062078 -0.005109 -0.033313
v 0.061666 -0.00545 -0.033771
v 0.061368 -0.007076 -0.033057
v 0.061713 -0.005198 -0.033896
v 0.058026 -0.020025 -0.029412
v 0.055719 -0.023652 -0.029728
v 0.054901 -0.024946 -0.030117
v 0.054535 -0.025357 -0.030653
v 0.054928 -0.024661 -0.030451
v 0.053787 -0.036671 -0.019474
v 0.052871 -0.03687 -0.022092
v 0.052701 -0.039044 -0.018701
v 0.054598 -0.024564 0.031515
v 0.05622 -0.020053 0.032229
v 0.054566 -0.024874 0.031202
v 0.054493 -0.02567 0.03028
v 0.049384 -0.037554 0.029624
v 0.050649 -0.037322 0.027239
v 0.05327 -0.029312 0.029385
v 0.059496 -0.010283 0.034328
v 0.060642 -0.006761 0.035245
v 0.062538 -0.000426 0.036793
v 0.062673 -0.000997 0.035554
v 0.062629 -0.001573 0.034979
v 0.062538 -0.000738 0.037175
v 0.062689 -0.002965 0.033191
v 0.048792 -0.03861 0.029453
v 0.049513 -0.039388 0.026461
v 0.062764 0.016823 0.012089
v 0.062683 0.016919 0.012125
v 0.062648 0.017443 0.011278
v 0.062648 0.018584 0.010049
v 0.062552 0.018622 0.010095
v 0.062445 0.020035 0.009228
v 0.062332 0.02369 0.007994
v 0.058953 0.023659 0.001022
v 0.058953 0.023264 0.001975
v 0.062822 0.02504 0.006744
v 0.06282 0.016736 0.011929
v 0.062791 0.01684 0.011898
v 0.062827 0.017213 0.011112
v 0.062729 0.018532 0.009987
v 0.062729 0.019957 0.009067
v 0.062789 0.021547 0.008432
v 0.062691 0.023471 -0.007953
v 0.062586 0.026671 -0.005587
v 0.062332 0.027821 -0.003924
v 0.058953 0.028119 -0.003248
v 0.058953 0.023793 0
v 0.062772 0.023427 -0.007858
v 0.062594 -0.006 0.031353
v 0.062047 -0.009922 0.03053
v 0.06187 -0.012421 0.029721
v 0.061679 -0.01503 0.029028
v 0.061691 -0.015248 0.028938
v 0.061748 -0.016485 0.028323
v 0.061112 -0.023356 0.001716
v 0.061074 -0.023336 -0.004907
v 0.060832 -0.023235 -0.01255
v 0.060416 -0.023135 -0.01968
v 0.060534 -0.022973 -0.02063
v 0.061601 -0.021767 -0.021942
v 0.062276 -0.020802 -0.021685
v 0.06284 -0.018103 -0.022331
v 0.06271 -0.019137 -0.022815
v 0.06284 -0.016063 -0.02488
v 0.062713 -0.01539 -0.026612
v 0.062312 -0.014722 -0.0281
v 0.062292 -0.006392 -0.031973
v 0.062245 -0.003734 -0.034054
v 0.059083 -0.015492 -0.030825
v 0.061045 -0.008846 -0.032368
v 0.05897 -0.016671 -0.030418
v 0.058398 -0.017551 -0.030473
v 0.057277 -0.020927 -0.029653
v 0.054549 -0.025198 -0.030837
v 0.054516 -0.025514 -0.030467
v 0.05481 -0.025497 -0.029438
v 0.055118 -0.026068 -0.027214
v 0.05266 -0.036915 -0.022696
v 0.054159 -0.029312 -0.026459
v 0.052149 -0.038121 -0.022512
v 0.051413 -0.039189 -0.022248
v 0.056307 -0.019797 0.032279
v 0.054362 -0.025934 0.030285
v 0.054109 -0.025884 0.031316
v 0.052313 -0.029312 0.032127
v 0.059048 -0.011658 0.03397
v 0.057988 -0.014858 0.033249
v 0.062579 -0.000551 0.037253
v 0.062802 -0.002559 0.032735
v 0.062719 -0.002 0.033943
v 0.062746 -0.001195 0.034692
v 0.062719 -0.000814 0.035446
v 0.049326 -0.037565 0.029734
v 0.050486 -0.040071 -0.021915
v 0.051745 -0.039985 -0.018421
v 0.052776 -0.039912 -0.014846
v 0.053578 -0.039853 -0.011194
v 0.054154 -0.039809 -0.007474
v 0.054499 -0.039783 -0.0037
v 0.054605 -0.039775 -0.000867
v 0.054544 -0.039779 0.002878
v 0.054258 -0.039801 0.006574
v 0.053753 -0.039839 0.010217
v 0.05303 -0.039893 0.013803
v 0.052088 -0.039961 0.017323
v 0.050995 -0.040037 0.020588
v 0.049873 -0.040111 0.023394
v 0.048092 -0.039522 0.029085
v 0.048632 -0.040189 0.026066
v 0.062688 0.016764 0.012744
v 0.062769 0.01666 0.012731
v 0.06265 0.017047 0.011887
v 0.062552 0.017492 0.011314
v 0.062572 0.017112 0.011881
v 0.062445 0.021601 0.008702
v 0.062332 0.023532 0.008089
v 0.058953 0.0237 0.00801
v 0.062586 0.022637 0.002793
v 0.06284 0.022816 0.002972
v 0.06284 0.024959 0.00664
v 0.062822 0.023376 0.007746
v 0.062789 0.019915 0.00898
v 0.062586 0.025228 -0.006988
v 0.062463 0.026711 -0.005619
v 0.06284 0.023904 -0.001088
v 0.062586 0.023659 -0.001022
v 0.062822 0.02504 -0.006744
v 0.06284 0.026331 -0.005308
v 0.062691 0.021574 -0.008568
v 0.062772 0.021553 -0.008465
v 0.062791 -0.00393 0.03173
v 0.062537 -0.007821 0.030481
v 0.06284 -0.01504 0.025528
v 0.062714 -0.015555 0.026524
v 0.062344 -0.016045 0.027472
v 0.06284 -0.018691 0.020475
v 0.062675 -0.020092 0.019517
v 0.062318 -0.021467 0.011777
v 0.061821 -0.022542 0.004725
v 0.062697 -0.019711 -0.021394
v 0.0627 -0.019582 -0.021778
v 0.06284 -0.015712 -0.025131
v 0.062401 -0.012079 -0.028867
v 0.062482 -0.009555 -0.02976
v 0.062537 -0.007821 -0.030481
v 0.062406 -0.004737 -0.032813
v 0.06192 -0.004086 -0.03445
v 0.062104 -0.003116 -0.034996
v 0.062364 -0.002761 -0.034661
v 0.056506 -0.02195 -0.029961
v 0.055724 -0.023098 -0.030336
v 0.06032 -0.0116 -0.031611
v 0.061289 -0.006548 -0.033525
v 0.059722 -0.011541 -0.032295
v 0.057774 -0.018584 -0.030549
v 0.054941 -0.024369 -0.030779
v 0.054493 -0.02567 -0.03028
v 0.052221 -0.037007 -0.023791
v 0.050055 -0.040099 -0.022967
v 0.050972 -0.039236 -0.023316
v 0.057794 -0.015444 0.033117
v 0.059483 -0.010283 0.034473
v 0.062691 0.000807 0.037588
v 0.062677 -3e-06 0.037855
v 0.062663 1e-06 0.037488
v 0.062192 -0.001924 0.037946
v 0.062809 -0.001603 0.033568
v 0.062765 -0.000631 0.035338
v 0.048001 -0.037732 0.031887
v 0.047252 -0.040268 0.028643
v 0.062689 0.016744 0.013011
v 0.062445 0.018647 0.010124
v 0.062483 0.017166 0.011867
v 0.058953 0.022637 0.002793
v 0.062832 0.016642 0.011991
v 0.062789 0.01847 0.009914
v 0.06284 0.017121 0.011047
v 0.062691 0.017412 -0.011256
v 0.062586 0.017478 -0.011303
v 0.062586 0.023504 -0.008027
v 0.062586 0.02159 -0.008647
v 0.062332 0.026724 -0.00563
v 0.058953 0.027061 -0.00519
v 0.058953 0.023659 -0.001022
v 0.062822 0.023376 -0.007746
v 0.06284 -0.002148 0.032273
v 0.062778 -0.005589 0.030702
v 0.062482 -0.009555 0.02976
v 0.062401 -0.012079 0.028867
v 0.062312 -0.014722 0.0281
v 0.062318 -0.01492 0.02802
v 0.061842 -0.022563 0.001709
v 0.061819 -0.022541 -0.004888
v 0.061674 -0.022428 -0.01251
v 0.061423 -0.022326 -0.019637
v 0.061494 -0.022168 -0.020525
v 0.062226 -0.021153 -0.020392
v 0.062684 -0.019991 -0.020239
v 0.06284 -0.018456 -0.021423
v 0.06284 -0.014896 -0.0256
v 0.062706 -0.014375 -0.02706
v 0.062594 -0.006 -0.031353
v 0.062502 -0.003359 -0.033633
v 0.062263 -0.002293 -0.035526
v 0.062468 -0.00194 -0.035257
v 0.056404 -0.021092 -0.030774
v 0.058489 -0.015402 -0.031486
v 0.060865 -0.006613 -0.034352
v 0.0571 -0.01978 -0.03065
v 0.05456 -0.025037 -0.031021
v 0.054102 -0.025888 -0.031334
v 0.051704 -0.038191 -0.023594
v 0.048605 -0.04019 -0.02612
v 0.055689 -0.019797 0.035014
v 0.059066 -0.010283 0.037901
v 0.062776 0.000739 0.037803
v 0.062186 -0.001932 0.038129
v 0.062021 -0.002158 0.039697
v 0.06284 -0.001201 0.033189
v 0.062816 -0.00081 0.034399
v 0.062821 -0.000259 0.035119
v 0.062821 0.01654 0.012716
v 0.06277 0.016639 0.013008
v 0.062582 0.016883 0.013627
v 0.062687 0.016805 0.013645
v 0.06258 0.016949 0.013872
v 0.062685 0.016874 0.013897
v 0.034463 -0.040821 0.041754
v 0.035974 -0.041167 0.039061
v 0.036697 -0.040847 0.039924
v 0.047196 -0.03876 0.032016
v 0.046526 -0.039624 0.031599
v 0.047599 -0.040785 -0.025667
v 0.048993 -0.040743 -0.022562
v 0.049407 -0.04073 -0.021527
v 0.050617 -0.04069 -0.018091
v 0.051609 -0.040656 -0.014578
v 0.052381 -0.040629 -0.010992
v 0.052935 -0.040609 -0.007338
v 0.053268 -0.040596 -0.003632
v 0.05337 -0.040593 -0.000851
v 0.05331 -0.040595 0.002825
v 0.053035 -0.040605 0.006454
v 0.052549 -0.040623 0.010032
v 0.051853 -0.040648 0.013553
v 0.050948 -0.040679 0.017011
v 0.049896 -0.040714 0.020222
v 0.048817 -0.040749 0.022982
v 0.047625 -0.040784 0.025614
v 0.045733 -0.040327 0.031106
v 0.046303 -0.04082 0.028144
v 0.043254 -0.040865 0.032837
v 0.042361 -0.041172 0.032189
v 0.043887 -0.041167 0.029959
v 0.042561 -0.040869 0.033747
v 0.04169 -0.041173 0.033075
v 0.040741 -0.040871 0.035924
v 0.039924 -0.041173 0.035193
v 0.038788 -0.040864 0.03798
v 0.03802 -0.041171 0.037186
v 0.033782 -0.04116 0.040817
v 0.062567 0.017209 0.014434
v 0.062671 0.017144 0.014476
v 0.062557 0.017352 0.014644
v 0.06266 0.017294 0.014692
v 0.062584 0.016824 0.013013
v 0.062584 0.016843 0.012754
v 0.062578 0.016992 0.012154
v 0.062445 0.017523 0.011336
v 0.062324 0.017155 0.011946
v 0.062374 0.017217 0.011823
v 0.062332 0.021604 0.008714
v 0.058953 0.021604 0.008714
v 0.062586 0.021819 0.003421
v 0.06284 0.021946 0.003641
v 0.06284 0.023322 0.007626
v 0.062827 0.021525 0.008327
v 0.062827 0.019869 0.008883
v 0.062837 0.016553 0.012102
v 0.062586 0.020011 -0.009178
v 0.062691 0.019976 -0.009105
v 0.062574 0.017098 -0.011913
v 0.062463 0.025259 -0.007029
v 0.06284 0.023484 -0.002102
v 0.062586 0.023264 -0.001975
v 0.06284 0.024959 -0.00664
v 0.062822 0.021529 -0.008345
v 0.062772 0.01993 -0.00901
v 0.06284 -0.003511 0.031166
v 0.062763 -0.007415 0.029734
v 0.06284 -0.014164 0.025909
v 0.062707 -0.014552 0.026993
v 0.06284 -0.018811 0.019449
v 0.062708 -0.020377 0.011724
v 0.062378 -0.021607 0.004703
v 0.06284 -0.018753 -0.020077
v 0.06284 -0.018554 -0.021086
v 0.062729 -0.011704 -0.027929
v 0.062749 -0.009159 -0.028931
v 0.062689 0.017008 -0.011888
v 0.062772 0.017327 -0.011195
v 0.062763 -0.007415 -0.029734
v 0.062645 -0.004342 -0.032282
v 0.06257 -0.002387 -0.034309
v 0.062305 -0.002083 -0.035683
v 0.055685 -0.022522 -0.030924
v 0.056929 -0.020102 -0.03068
v 0.055507 -0.022893 -0.030966
v 0.054707 -0.024572 -0.031165
v 0.054566 -0.024874 -0.031202
v 0.054395 -0.02594 -0.030148
v 0.053312 -0.029312 -0.029255
v 0.051837 -0.037085 -0.024641
v 0.050736 -0.037307 -0.027078
v 0.049485 -0.039391 -0.026516
v 0.046156 -0.040824 -0.028403
v 0.047099 -0.040275 -0.028908
v 0.051128 -0.029312 0.034786
v 0.06284 0.002009 0.038363
v 0.06284 -0.000421 0.034104
v 0.062768 0.016704 0.013667
v 0.062766 0.016776 0.013928
v 0.062752 0.017059 0.01453
v 0.062741 0.017216 0.014755
v 0.062616 0.01774 0.015151
v 0.033962 -0.040234 0.043481
v 0.03335 -0.040805 0.042584
v 0.035093 -0.040268 0.042622
v 0.047721 -0.037767 0.032342
v 0.044089 -0.040364 0.033443
v 0.044843 -0.040848 0.030553
v 0.045278 -0.04116 0.027605
v 0.042898 -0.041275 0.029344
v 0.041437 -0.041275 0.031519
v 0.040791 -0.041275 0.032382
v 0.039081 -0.041275 0.034438
v 0.037226 -0.041275 0.036365
v 0.035224 -0.041275 0.038168
v 0.031035 -0.040147 0.045502
v 0.030461 -0.040765 0.04454
v 0.062459 0.016996 0.013856
v 0.062447 0.017248 0.014406
v 0.062513 0.017782 0.015088
v 0.062461 0.016931 0.013617
v 0.062332 0.0203 0.009152
v 0.062332 0.02004 0.009239
v 0.062332 0.017533 0.011343
v 0.058953 0.021819 0.003421
v 0.062827 0.018401 0.009831
v 0.062691 0.018559 -0.01002
v 0.062586 0.018611 -0.010082
v 0.062463 0.017519 -0.011333
v 0.062453 0.017141 -0.011936
v 0.062463 0.023525 -0.008073
v 0.062463 0.0216 -0.008697
v 0.062463 0.020033 -0.009224
v 0.062332 0.025533 -0.006786
v 0.062332 0.025269 -0.007042
v 0.058953 0.025557 -0.006811
v 0.058953 0.023264 -0.001975
v 0.06284 0.023322 -0.007626
v 0.062822 0.017228 -0.011123
v 0.062772 0.018492 -0.009939
v 0.062782 0.016865 -0.011895
v 0.06284 -0.005167 0.030033
v 0.062749 -0.009159 0.028931
v 0.062729 -0.011704 0.027929
v 0.062706 -0.014375 0.02706
v 0.062388 -0.021634 0.001701
v 0.062377 -0.021605 -0.004866
v 0.06231 -0.02145 -0.01246
v 0.062192 -0.021289 -0.019581
v 0.062675 -0.020092 -0.019517
v 0.06284 -0.018811 -0.019449
v 0.06284 -0.01401 -0.025962
v 0.062578 0.016992 -0.012154
v 0.062683 0.016919 -0.012125
v 0.062764 0.016823 -0.012089
v 0.06284 -0.008748 -0.028071
v 0.062778 -0.005589 -0.030702
v 0.062689 -0.002965 -0.033191
v 0.062629 -0.001573 -0.034979
v 0.062518 -0.001348 -0.035761
v 0.056496 -0.020043 -0.031406
v 0.05929 -0.011561 -0.033097
v 0.054941 -0.024071 -0.031103
v 0.050205 -0.038417 -0.026839
v 0.044603 -0.040851 -0.030918
v 0.062697 0.017683 0.01523
v 0.062585 0.017971 0.015318
v 0.054645 -0.019797 0.038052
v 0.061911 -0.002205 0.040349
v 0.062633 -7.1e-05 0.039193
v 0.06284 0.000116 0.034898
v 0.062839 0.016411 0.0127
v 0.062821 0.016518 0.013005
v 0.027945 -0.040066 0.047352
v 0.037371 -0.040326 0.040727
v 0.039506 -0.040363 0.038722
v 0.041504 -0.040379 0.036607
v 0.043374 -0.040373 0.034375
v 0.04652 -0.037854 0.034048
v 0.045475 -0.038854 0.034448
v 0.044837 -0.039686 0.033985
v 0.043657 -0.041168 -0.030316
v 0.042033 -0.041172 -0.032628
v 0.045139 -0.041161 -0.027858
v 0.046506 -0.041151 -0.025175
v 0.047829 -0.041141 -0.022119
v 0.048223 -0.041137 -0.021101
v 0.049371 -0.041127 -0.017727
v 0.05031 -0.041118 -0.01428
v 0.051042 -0.041111 -0.010765
v 0.051566 -0.041106 -0.007185
v 0.051882 -0.041103 -0.003556
v 0.051978 -0.041102 -0.000833
v 0.051922 -0.041103 0.002766
v 0.051661 -0.041105 0.006319
v 0.0512 -0.04111 0.009825
v 0.050542 -0.041116 0.013275
v 0.049684 -0.041124 0.016667
v 0.048687 -0.041133 0.019819
v 0.047663 -0.041142 0.022533
v 0.04653 -0.041151 0.025123
v 0.044215 -0.041275 0.027045
v 0.033076 -0.041275 0.039845
v 0.032687 -0.041156 0.041612
v 0.027417 -0.040728 0.046332
v 0.024728 -0.039992 0.049007
v 0.024252 -0.040694 0.047935
v 0.062483 0.018003 0.015251
v 0.062438 0.017388 0.014612
v 0.062395 0.017804 0.015046
v 0.062462 0.016874 0.013014
v 0.062462 0.016893 0.01276
v 0.062458 0.017038 0.012172
v 0.062332 0.019116 0.009836
v 0.062332 0.018655 0.010134
v 0.058953 0.020291 0.009125
v 0.062586 0.020866 0.003815
v 0.06284 0.020932 0.00406
v 0.06284 0.021503 0.008216
v 0.062839 0.016419 0.012324
v 0.06284 0.016314 0.012515
v 0.062463 0.018644 -0.010121
v 0.062399 0.017205 -0.011837
v 0.062324 0.017155 -0.011946
v 0.062332 0.02369 -0.007994
v 0.06284 0.022816 -0.002972
v 0.062586 0.022637 -0.002793
v 0.06284 0.021503 -0.008216
v 0.062822 0.019877 -0.0089
v 0.062833 0.016625 -0.012013
v 0.062822 0.016723 -0.011937
v 0.06284 -0.006996 0.028963
v 0.06284 -0.01401 0.025962
v 0.06284 -0.019228 0.011668
v 0.062723 -0.020574 0.004679
v 0.06284 -0.011311 -0.026949
v 0.060378 -0.007572 -0.035034
v 0.060642 -0.006761 -0.035245
v 0.060687 -0.006624 -0.035286
v 0.06284 0.017121 -0.011047
v 0.06284 -0.006996 -0.028963
v 0.062791 -0.00393 -0.03173
v 0.062719 -0.002 -0.033943
v 0.06238 -0.001703 -0.03597
v 0.058051 -0.015386 -0.032264
v 0.05622 -0.020053 -0.032229
v 0.054598 -0.024564 -0.031515
v 0.049435 -0.037541 -0.02951
v 0.047934 -0.039534 -0.029355
v 0.045484 -0.040335 -0.031479
v 0.042916 -0.040867 -0.033288
v 0.062795 0.017123 0.014826
v 0.062666 0.017924 0.015404
v 0.058163 -0.010283 0.041318
v 0.062805 0.016959 0.014593
v 0.06282 0.016586 0.013693
v 0.062818 0.016662 0.013965
v 0.021389 -0.039929 0.050464
v 0.028398 -0.03918 0.048227
v 0.031533 -0.039318 0.046338
v 0.034501 -0.039464 0.044271
v 0.035651 -0.039522 0.043389
v 0.044104 -0.039701 0.034938
v 0.03982 -0.041275 -0.033587
v 0.040686 -0.041173 -0.034315
v 0.041122 -0.041275 -0.031946
v 0.045391 -0.041275 0.024612
v 0.029836 -0.041146 0.043492
v 0.01793 -0.039876 0.051721
v 0.020969 -0.040664 0.049348
v 0.026838 -0.041137 0.045212
v 0.062487 0.018543 0.015601
v 0.062386 0.018553 0.015525
v 0.062321 0.017206 0.014275
v 0.06231 0.017398 0.014598
v 0.062366 0.018019 0.015205
v 0.062329 0.017012 0.01385
v 0.06233 0.016948 0.013613
v 0.058953 0.019091 0.009798
v 0.062332 0.018094 0.010739
v 0.062328 0.017053 0.012179
v 0.062319 0.017265 0.011747
v 0.058953 0.020866 0.003815
v 0.06284 0.01982 0.008781
v 0.06284 0.018328 0.009745
v 0.062332 0.017533 -0.011343
v 0.062332 0.023532 -0.008089
v 0.058953 0.0237 -0.00801
v 0.062332 0.021604 -0.008714
v 0.062332 0.0203 -0.009152
v 0.062332 0.02004 -0.009239
v 0.058953 0.022637 -0.002793
v 0.062822 0.018413 -0.009845
v 0.06284 -0.008748 0.028071
v 0.06284 -0.011311 0.026949
v 0.062725 -0.02061 0.001692
v 0.062723 -0.020571 -0.004841
v 0.062705 -0.020353 -0.012405
v 0.06284 -0.019195 -0.012347
v 0.062584 0.016843 -0.012754
v 0.062458 0.017038 -0.012172
v 0.062688 0.016764 -0.012744
v 0.062584 0.016824 -0.013013
v 0.062462 0.016893 -0.01276
v 0.06284 -0.005167 -0.030033
v 0.062802 -0.002559 -0.032735
v 0.062746 -0.001195 -0.034692
v 0.062516 -0.000606 -0.036677
v 0.062655 -0.000992 -0.035551
v 0.062538 -0.000738 -0.037175
v 0.062229 -0.001871 -0.036718
v 0.038058 -0.041275 -0.035535
v 0.038873 -0.041173 -0.036327
v 0.059496 -0.010283 -0.034328
v 0.052363 -0.029312 -0.032001
v 0.048631 -0.038628 -0.029728
v 0.062751 0.017613 0.015321
v 0.062567 0.018521 0.015698
v 0.061183 -0.002419 0.043629
v 0.061049 -0.002437 0.044007
v 0.061684 -0.002304 0.041704
v 0.06284 0.00209 0.038671
v 0.062445 -4.3e-05 0.041303
v 0.062839 0.016387 0.013002
v 0.062826 0.01685 0.014659
v 0.021741 -0.038949 0.051402
v 0.025132 -0.039056 0.049916
v 0.037972 -0.039621 0.041443
v 0.040148 -0.039684 0.039387
v 0.04219 -0.039711 0.037221
v 0.053208 -0.019797 0.040977
v 0.045981 -0.037893 0.034815
v 0.044727 -0.038876 0.035418
v 0.018229 -0.038862 0.052681
v 0.042679 -0.041275 -0.029692
v 0.044084 -0.041275 -0.027293
v 0.045368 -0.041275 -0.024663
v 0.046615 -0.041275 -0.021657
v 0.046985 -0.041275 -0.020657
v 0.048063 -0.041275 -0.017344
v 0.048944 -0.041275 -0.013966
v 0.049629 -0.041275 -0.010525
v 0.050121 -0.041275 -0.007023
v 0.050416 -0.041275 -0.003475
v 0.050506 -0.041275 -0.000814
v 0.050454 -0.041275 0.002703
v 0.050209 -0.041275 0.006177
v 0.049778 -0.041275 0.009606
v 0.049161 -0.041275 0.012983
v 0.048357 -0.041275 0.016305
v 0.047421 -0.041275 0.019397
v 0.046458 -0.041275 0.022063
v 0.031998 -0.041275 0.040603
v 0.017571 -0.04064 0.050567
v 0.023726 -0.041128 0.046751
v 0.062346 0.019458 0.015868
v 0.062513 0.018789 0.015779
v 0.062268 0.01944 0.015763
v 0.062433 0.018799 0.015679
v 0.062269 0.018551 0.015474
v 0.062319 0.017261 0.014395
v 0.062291 0.017594 0.014805
v 0.062241 0.018017 0.015185
v 0.058953 0.016959 0.013662
v 0.062331 0.016892 0.013004
v 0.062329 0.01701 0.012355
v 0.058953 0.018056 0.010704
v 0.058953 0.017265 0.011747
v 0.062586 0.019844 0.00395
v 0.06284 0.019844 0.004204
v 0.062332 0.019116 -0.009836
v 0.062332 0.018655 -0.010134
v 0.062323 0.017258 -0.011757
v 0.058953 0.021604 -0.008714
v 0.058953 0.020291 -0.009125
v 0.06284 0.021946 -0.003641
v 0.062586 0.021819 -0.003421
v 0.06284 0.01982 -0.008781
v 0.06284 -0.019491 0.004654
v 0.062462 0.016874 -0.013014
v 0.062689 0.016744 -0.013011
v 0.062769 0.01666 -0.012731
v 0.062582 0.016883 -0.013627
v 0.062821 0.01654 -0.012716
v 0.062837 0.016553 -0.012102
v 0.06284 -0.003511 -0.031166
v 0.062809 -0.001603 -0.033568
v 0.062579 -0.00055 -0.037253
v 0.036155 -0.041275 -0.037361
v 0.041524 -0.040871 -0.035021
v 0.056307 -0.019797 -0.032279
v 0.059095 -0.010283 -0.037741
v 0.059048 -0.011658 -0.03397
v 0.055729 -0.019797 -0.034871
v 0.049164 -0.03759 -0.030014
v 0.04627 -0.039636 -0.03198
v 0.04374 -0.040369 -0.033904
v 0.062271 0.019719 0.015874
v 0.062395 0.019467 0.01599
v 0.062817 0.017022 0.014903
v 0.06272 0.017865 0.015502
v 0.062565 0.018769 0.015895
v 0.062621 0.018489 0.015809
v 0.059552 -0.002589 0.047562
v 0.060529 -0.002509 0.045474
v 0.060254 -0.002537 0.046129
v 0.062062 -1.4e-05 0.043363
v 0.062734 0.002313 0.040836
v 0.062837 0.016538 0.014005
v 0.062838 0.016459 0.01372
v 0.025446 -0.037929 0.050622
v 0.028757 -0.038109 0.048921
v 0.031936 -0.03831 0.047014
v 0.034947 -0.038525 0.044924
v 0.036115 -0.03861 0.044029
v 0.045223 -0.037923 0.035801
v 0.042776 -0.038891 0.037746
v 0.015861 -0.039852 0.052359
v 0.016128 -0.038821 0.053331
v 0.015538 -0.040629 0.051187
v 0.029184 -0.041275 0.042399
v 0.020503 -0.04112 0.048107
v 0.026232 -0.041275 0.044041
v 0.01717 -0.041114 0.04928
v 0.062193 0.019698 0.015769
v 0.062332 0.0188 0.015601
v 0.062215 0.018789 0.015549
v 0.058953 0.017582 0.014817
v 0.058953 0.017195 0.01428
v 0.06227 0.017807 0.015028
v 0.062331 0.01691 0.012762
v 0.058953 0.016995 0.012351
v 0.058953 0.019844 0.00395
v 0.058953 0.019091 -0.009798
v 0.062332 0.018094 -0.010739
v 0.058953 0.021819 -0.003421
v 0.06284 0.018328 -0.009745
v 0.06284 -0.019539 0.001682
v 0.06284 -0.019487 -0.004815
v 0.062329 0.01701 -0.012355
v 0.062461 0.016931 -0.013617
v 0.06258 0.016949 -0.013872
v 0.06277 0.016639 -0.013008
v 0.062687 0.016805 -0.013645
v 0.06284 -0.002148 -0.032273
v 0.062816 -0.00081 -0.034399
v 0.062723 -0.000815 -0.035447
v 0.062539 -0.000425 -0.036794
v 0.062663 1e-06 -0.037488
v 0.062675 -3e-06 -0.038011
v 0.036924 -0.041169 -0.038221
v 0.039661 -0.040868 -0.037093
v 0.057794 -0.015444 -0.033117
v 0.051189 -0.029312 -0.034664
v 0.048059 -0.037721 -0.031778
v 0.020436 -0.04066 -0.049555
v 0.016717 -0.041114 -0.049423
v 0.017109 -0.040637 -0.050715
v 0.020846 -0.039919 -0.050677
v 0.01746 -0.03987 -0.051873
v 0.06232 0.019732 0.015996
v 0.062656 0.018383 0.038671
v 0.062775 0.017534 0.015418
v 0.062588 0.01874 0.016017
v 0.061239 2.2e-05 0.046084
v 0.061493 1.3e-05 0.045369
v 0.06284 0.016288 0.038671
v 0.062419 0.002505 0.042974
v 0.059402 -0.0026 0.047868
v 0.018454 -0.037648 0.053402
v 0.02201 -0.037774 0.052116
v 0.038479 -0.038756 0.042047
v 0.040696 -0.03885 0.039953
v 0.04495 -0.037926 0.036126
v 0.016327 -0.03759 0.054054
v 0.01221 -0.039821 0.053287
v 0.011955 -0.040614 0.052091
v 0.013359 -0.041109 -0.050357
v 0.013681 -0.04062 -0.051685
v 0.016305 -0.041275 -0.048061
v 0.01998 -0.041119 -0.048307
v 0.032231 -0.041275 0.023689
v 0.027892 -0.041275 0.028671
v 0.032231 -0.04445 0.023689
v 0.027892 -0.04445 0.028671
v 0.023175 -0.041275 0.045509
v 0.015178 -0.041111 0.049877
v 0.062093 0.019669 0.015688
v 0.062167 0.019414 0.015683
v 0.062107 0.018698 0.015504
v 0.058953 0.018094 0.015235
v 0.062145 0.018536 0.015452
v 0.058953 0.016891 0.013004
v 0.062586 0.018821 0.003815
v 0.06284 0.018756 0.00406
v 0.062189 0.019979 0.015875
v 0.062113 0.019954 0.01577
v 0.058953 0.018056 -0.010704
v 0.058953 0.017265 -0.011747
v 0.062328 0.017053 -0.012179
v 0.06284 0.020932 -0.00406
v 0.062586 0.020866 -0.003815
v 0.062331 0.01691 -0.012762
v 0.062331 0.016891 -0.013014
v 0.062459 0.016996 -0.013856
v 0.062447 0.017248 -0.014406
v 0.062567 0.017209 -0.014434
v 0.062685 0.016874 -0.013897
v 0.062768 0.016704 -0.013667
v 0.062821 0.016518 -0.013005
v 0.062513 0.017782 -0.015088
v 0.062438 0.017388 -0.014612
v 0.062557 0.017352 -0.014644
v 0.062186 -0.001932 -0.038129
v 0.062839 0.016411 -0.0127
v 0.06284 0.016288 -0.012567
v 0.06284 -0.001201 -0.033189
v 0.062747 -0.000629 -0.035337
v 0.062691 0.000808 -0.037588
v 0.062777 0.000741 -0.037803
v 0.062662 -4.7e-05 -0.03844
v 0.034102 -0.041275 -0.039074
v 0.042308 -0.040379 -0.03568
v 0.046935 -0.038779 -0.032404
v 0.047457 -0.037792 -0.032737
v 0.044479 -0.039695 -0.034457
v 0.031881 -0.041275 -0.040682
v 0.034828 -0.041164 -0.040008
v 0.031308 -0.041275 -0.041066
v 0.032569 -0.041156 -0.041695
v 0.02851 -0.041275 -0.042795
v 0.031989 -0.041154 -0.042096
v 0.025607 -0.041275 -0.04436
v 0.029152 -0.041144 -0.043906
v 0.022602 -0.041275 -0.04576
v 0.026202 -0.041135 -0.045546
v 0.0195 -0.041275 -0.046994
v 0.023143 -0.041126 -0.047014
v 0.012205 -0.041108 -0.05063
v 0.012503 -0.040616 -0.051968
v 0.02119 -0.038934 -0.051619
v 0.062413 0.019468 0.016121
v 0.062745 0.017798 0.015607
v 0.062655 0.018382 0.015895
v 0.06042 4.6e-05 0.048002
v 0.062314 0.002537 0.043396
v 0.058424 -0.002647 0.049506
v 0.023011 -0.036509 0.052218
v 0.030693 -0.037038 0.048407
v 0.028216 -0.036843 0.049799
v 0.032228 -0.037165 0.047502
v 0.033085 -0.037245 0.046917
v 0.035391 -0.037461 0.045332
v 0.03647 -0.037566 0.044517
v 0.037548 -0.037653 0.043622
v 0.051387 -0.019797 0.043715
v 0.048014 -0.029312 0.039737
v 0.041483 -0.037897 0.040029
v 0.008534 -0.039806 0.053981
v 0.008347 -0.040607 0.052768
v 0.012421 -0.03877 0.054275
v 0.012576 -0.037516 0.055003
v 0.013019 -0.041275 -0.048956
v 0.03569 -0.04445 0.018061
v 0.03569 -0.041275 0.018061
v 0.014563 -0.04445 0.017786
v 0.0164 -0.053213 0.016107
v 0.018046 -0.04445 0.014239
v 0.020013 -0.041275 0.046804
v 0.016748 -0.041275 0.047925
v 0.011669 -0.041108 0.050749
v 0.062013 0.019922 0.015689
v 0.062049 0.019384 0.015631
v 0.058953 0.018821 0.003815
v 0.062586 0.017869 0.003421
v 0.06284 0.017742 0.003641
v 0.062238 0.019995 0.015998
v 0.058953 0.020866 -0.003815
v 0.058953 0.016995 -0.012351
v 0.058953 0.016891 -0.013004
v 0.06233 0.016961 -0.013662
v 0.062321 0.017206 -0.014275
v 0.062395 0.017804 -0.015046
v 0.062483 0.018003 -0.015251
v 0.062671 0.017144 -0.014476
v 0.06282 0.016586 -0.013693
v 0.062766 0.016776 -0.013928
v 0.062616 0.01774 -0.015151
v 0.06266 0.017294 -0.014692
v 0.062134 -0.002035 -0.038682
v 0.062839 0.016387 -0.013002
v 0.06284 -0.000421 -0.034104
v 0.062793 -0.000256 -0.035118
v 0.062793 0.001081 -0.037955
v 0.037668 -0.040856 -0.039052
v 0.040398 -0.040372 -0.037809
v 0.054703 -0.019797 -0.037912
v 0.049767 -0.029312 -0.037217
v 0.024124 -0.03998 -0.049289
v 0.023658 -0.040688 -0.048209
v 0.013968 -0.039834 -0.052871
v 0.008689 -0.041106 -0.051317
v 0.024519 -0.039035 -0.050204
v 0.017752 -0.038852 -0.052836
v 0.062112 0.020414 0.038671
v 0.062337 0.019735 0.016127
v 0.059437 6.5e-05 0.049818
v 0.061657 0.00272 0.045826
v 0.061897 0.002667 0.045075
v 0.06259 0.016288 0.041995
v 0.017543 -0.03626 0.05416
v 0.016447 -0.036221 0.05449
v 0.018591 -0.036297 0.053844
v 0.022181 -0.03646 0.052572
v 0.025654 -0.036662 0.051091
v 0.029006 -0.036899 0.049401
v 0.033509 -0.034069 0.048148
v 0.035282 -0.037451 0.045415
v 0.038876 -0.037761 0.04252
v 0.039577 -0.037801 0.041861
v 0.04113 -0.037888 0.040402
v 0.05745 -0.002676 0.050869
v 0.049217 -0.019797 0.046193
v 0.057323 -0.00268 0.051045
v 0.043243 -0.037943 0.038164
v 0.046104 -0.029312 0.041962
v 0.004837 -0.039806 0.054445
v 0.012667 -0.036126 0.055431
v 0.008688 -0.038745 0.05498
v 0.011891 -0.041275 -0.049219
v 0.008454 -0.041275 -0.049881
v 0.015052 -0.041275 -0.03706
v 0.020947 -0.041275 -0.034077
v 0.015052 -0.04445 -0.03706
v 0.020947 -0.04445 -0.034077
v 0.02627 -0.041275 -0.030164
v 0.02627 -0.04445 -0.030164
v 0.030877 -0.041275 -0.025429
v 0.030877 -0.04445 -0.025429
v 0.038176 -0.041275 0.011941
v 0.038176 -0.04445 0.011941
v 0.012554 -0.053213 0.019256
v 0.012138 -0.053975 0.018618
v 0.014477 -0.053213 0.017681
v 0.015857 -0.053975 0.015573
v 0.022792 -0.041275 0.032871
v 0.022792 -0.04445 0.032871
v 0.014798 -0.041275 0.048496
v 0.004719 -0.040608 0.053224
v 0.008136 -0.041106 0.051406
v 0.061896 0.019884 0.015638
v 0.061975 0.019635 0.015637
v 0.061923 0.01935 0.015613
v 0.058953 0.018697 0.015506
v 0.06284 0.016871 0.002972
v 0.062586 0.017051 0.002793
v 0.06284 0.019844 -0.004204
v 0.062586 0.019844 -0.00395
v 0.062586 0.016423 0.001975
v 0.06284 0.016203 0.002102
v 0.062329 0.017012 -0.01385
v 0.062319 0.017261 -0.014395
v 0.062366 0.018019 -0.015205
v 0.062291 0.017594 -0.014805
v 0.062386 0.018553 -0.015525
v 0.062585 0.017971 -0.015318
v 0.062487 0.018543 -0.015601
v 0.062332 0.0188 -0.015601
v 0.062433 0.018799 -0.015679
v 0.062752 0.017059 -0.01453
v 0.062818 0.016662 -0.013965
v 0.062838 0.016459 -0.01372
v 0.062021 -0.002158 -0.039697
v 0.06284 0.000116 -0.034898
v 0.043012 -0.039712 -0.036273
v 0.046587 -0.037847 -0.033946
v 0.045109 -0.038866 -0.034928
v 0.035529 -0.040834 -0.04091
v 0.03323 -0.040803 -0.04267
v 0.032643 -0.040795 -0.043088
v 0.029767 -0.040756 -0.044972
v 0.026771 -0.04072 -0.04668
v 0.012768 -0.039825 -0.053161
v 0.008911 -0.040608 -0.052677
v 0.024824 -0.037898 -0.050912
v 0.021452 -0.037752 -0.052335
v 0.062254 0.02 0.016129
v 0.060854 0.002846 0.047853
v 0.062271 0.016288 0.043387
v 0.058294 8.1e-05 0.05153
v 0.023046 -0.034069 0.052899
v 0.030992 -0.034069 0.049472
v 0.025756 -0.034069 0.051853
v 0.028406 -0.034069 0.050709
v 0.035953 -0.034069 0.046742
v 0.038302 -0.034069 0.045238
v 0.056844 -0.002689 0.051641
v 0.04399 -0.029312 0.043982
v 0.004935 -0.038745 0.055451
v 0.008802 -0.03748 0.055712
v 0.011874 -0.036116 0.055579
v 0.004984 -0.041275 -0.050348
v 0.005138 -0.041106 -0.051796
v 0.034641 -0.041275 -0.02
v 0.034641 -0.04445 -0.02
v 0.03746 -0.041275 -0.014026
v 0.03746 -0.04445 -0.014026
v 0.039258 -0.041275 -0.007668
v 0.039258 -0.04445 -0.007668
v 0.039985 -0.041275 -0.001102
v 0.039985 -0.04445 -0.001102
v 0.039621 -0.041275 0.005494
v 0.039621 -0.04445 0.005494
v 0.019479 -0.053213 0.012205
v 0.020685 -0.04445 0.010027
v 0.01794 -0.053213 0.014156
v 0.007852 -0.053975 0.020792
v 0.010338 -0.053213 0.02038
v 0.008121 -0.053213 0.021505
v 0.010399 -0.04445 0.0205
v 0.011367 -0.041275 0.049333
v 0.001124 -0.039823 0.054679
v 0.06185 0.019598 0.015619
v 0.058953 0.01935 0.015613
v 0.058953 0.017869 0.003421
v 0.062062 0.020396 0.01591
v 0.062005 0.020375 0.015815
v 0.06193 0.020348 0.015735
v 0.06184 0.020315 0.015675
v 0.058953 0.019844 -0.00395
v 0.06284 0.017742 -0.003641
v 0.06284 0.018756 -0.00406
v 0.062586 0.017869 -0.003421
v 0.062586 0.018821 -0.003815
v 0.06284 0.016871 -0.002972
v 0.062586 0.017051 -0.002793
v 0.062586 0.016029 0.001022
v 0.06284 0.015783 0.001088
v 0.058953 0.016959 -0.013662
v 0.058953 0.017195 -0.01428
v 0.06231 0.017398 -0.014598
v 0.06227 0.017807 -0.015028
v 0.062269 0.018551 -0.015474
v 0.062167 0.019414 -0.015683
v 0.062268 0.01944 -0.015763
v 0.062193 0.019698 -0.015769
v 0.062741 0.017216 -0.014755
v 0.062837 0.016538 -0.014005
v 0.062805 0.016959 -0.014593
v 0.062666 0.017924 -0.015404
v 0.062697 0.017683 -0.01523
v 0.062821 0.001642 -0.038204
v 0.06284 0.002009 -0.038363
v 0.062633 -7.1e-05 -0.039193
v 0.06194 -0.002193 -0.040178
v 0.061687 -0.002303 -0.041692
v 0.058217 -0.010283 -0.04116
v 0.038361 -0.040345 -0.039826
v 0.04106 -0.039701 -0.038451
v 0.053284 -0.019797 -0.040844
v 0.04561 -0.037909 -0.035303
v 0.027732 -0.039153 -0.048594
v 0.027288 -0.04005 -0.047711
v 0.005283 -0.040607 -0.053167
v 0.001558 -0.041107 -0.052065
v 0.014206 -0.038791 -0.053852
v 0.028081 -0.03807 -0.04929
v 0.01797 -0.037634 -0.053557
v 0.062112 0.020414 0.016129
v 0.062098 0.020409 0.016016
v 0.059867 0.002944 0.049776
v 0.062408 0.018383 0.041967
v 0.057787 8.5e-05 0.052193
v 0.056422 9.4e-05 0.053755
v 0.055569 -0.002706 0.053051
v 0.058697 0.003018 0.051594
v 0.017469 -0.034069 0.054681
v 0.034122 -0.029312 0.049962
v 0.041704 -0.029312 0.045781
v -0.004532 -0.039877 0.054592
v -0.002574 -0.04063 0.053468
v -0.002596 -0.039854 0.054682
v 0.001075 -0.040615 0.053457
v 0.001164 -0.038772 0.055689
v 0.005006 -0.037481 0.056189
v 0.008747 -0.04445 -0.039032
v 0.008747 -0.041275 -0.039032
v 0.001488 -0.041275 -0.050618
v 0.018834 -0.053975 0.0118
v 0.017071 -0.041275 0.036174
v 0.017071 -0.04445 0.036174
v 0.007914 -0.041275 0.049967
v 0.004585 -0.041106 0.051852
v -0.008117 -0.039929 0.054255
v -0.004475 -0.04064 0.053386
v 0.061771 0.019844 0.015621
v 0.058953 0.017051 0.002793
v 0.052462 0.046771 0.01591
v 0.052405 0.04675 0.015815
v 0.05233 0.046723 0.015735
v 0.052241 0.046691 0.015675
v 0.058953 0.018821 -0.003815
v 0.058953 0.016423 0.001975
v 0.06284 0.01564 0
v 0.062586 0.015894 0
v 0.06284 0.015783 -0.001088
v 0.062586 0.016029 -0.001022
v 0.06284 0.016203 -0.002102
v 0.062586 0.016423 -0.001975
v 0.062241 0.018017 -0.015185
v 0.058953 0.017582 -0.014817
v 0.062215 0.018789 -0.015549
v 0.062093 0.019669 -0.015688
v 0.062113 0.019954 -0.01577
v 0.062189 0.019979 -0.015875
v 0.062567 0.018521 -0.015698
v 0.062513 0.018789 -0.015779
v 0.062346 0.019458 -0.015868
v 0.062271 0.019719 -0.015874
v 0.062795 0.017123 -0.014826
v 0.062826 0.01685 -0.014659
v 0.06284 0.016288 -0.038671
v 0.062446 -4.3e-05 -0.041291
v 0.061185 -0.002419 -0.043621
v 0.061115 -0.00243 -0.04384
v 0.060989 -0.00245 -0.044232
v 0.043614 -0.038891 -0.036779
v 0.056801 -0.010283 -0.044471
v 0.036179 -0.040297 -0.041747
v 0.033841 -0.04023 -0.04357
v 0.033246 -0.040212 -0.044001
v 0.03033 -0.040128 -0.045948
v 0.001625 -0.040613 -0.053436
v -0.002038 -0.041111 -0.052121
v 0.012987 -0.038776 -0.054147
v 0.009109 -0.039807 -0.053888
v 0.025774 -0.036673 -0.051013
v 0.023134 -0.036517 -0.052161
v 0.021617 -0.036432 -0.052788
v 0.060798 0.016288 0.047902
v 0.061846 0.016288 0.045243
v 0.054796 -0.002709 0.053778
v 0.058394 0.003031 0.052
v 0.060624 0.016288 0.048344
v 0.011724 -0.034069 0.056025
v 0.025932 -0.029312 0.053256
v 0.031447 -0.029312 0.051137
v 0.028715 -0.029312 0.052237
v 0.036739 -0.029312 0.048716
v -0.00458 -0.038862 0.055597
v -0.002613 -0.038825 0.05569
v 0.001193 -0.037519 0.056432
v 0.008867 -0.036079 0.056138
v 0.006084 -0.03608 0.056488
v -0.002024 -0.041275 -0.050686
v -0.00205 -0.040627 -0.053481
v -0.005641 -0.041116 -0.05196
v -0.005731 -0.040648 -0.053297
v -0.008196 -0.041121 -0.051712
v 0.011132 -0.04445 -0.020112
v 0.008893 -0.053213 -0.021197
v 0.006549 -0.04445 -0.022034
v 0.015195 -0.04445 -0.017248
v 0.013241 -0.053213 -0.01879
v 0.018548 -0.04445 -0.013578
v 0.016971 -0.053213 -0.015504
v 0.021648 -0.053213 0.007732
v 0.022357 -0.04445 0.005346
v -0.008221 -0.038949 0.055252
v 0.005749 -0.04445 0.022257
v 0.001021 -0.041108 0.052087
v -0.007994 -0.040664 0.053069
v -0.002551 -0.041112 0.052111
v 0.058953 0.015801 0.015089
v 0.02225 0.015801 0.015089
v 0.052512 0.046789 0.016129
v 0.052498 0.046784 0.016016
v 0.052141 0.046654 0.015636
v 0.058953 0.017051 -0.002793
v 0.058953 0.017869 -0.003421
v 0.058953 0.016029 0.001022
v 0.058953 0.016423 -0.001975
v 0.062145 0.018536 -0.015452
v 0.062107 0.018698 -0.015504
v 0.062049 0.019384 -0.015631
v 0.062013 0.019922 -0.015689
v 0.06193 0.020348 -0.015735
v 0.06184 0.020315 -0.015675
v 0.05233 0.046723 -0.015735
v 0.062005 0.020375 -0.015815
v 0.062751 0.017613 -0.015321
v 0.062817 0.017022 -0.014903
v 0.062621 0.018489 -0.015809
v 0.06272 0.017865 -0.015502
v 0.06284 0.00209 -0.038671
v 0.062064 -1.5e-05 -0.043356
v 0.061899 -5e-06 -0.044017
v 0.060288 -0.002534 -0.046051
v 0.038981 -0.039654 -0.040519
v 0.041624 -0.038875 -0.038999
v 0.05148 -0.019797 -0.043592
v 0.045024 -0.037923 -0.03603
v 0.031212 -0.038262 -0.047474
v 0.030819 -0.039285 -0.046793
v 0.028321 -0.036847 -0.049769
v 0.030812 -0.037046 -0.048349
v 0.005412 -0.039805 -0.054388
v -0.008341 -0.040667 -0.053026
v 0.014382 -0.037547 -0.054577
v 0.025025 -0.036622 -0.051378
v 0.018104 -0.036278 -0.053998
v 0.052512 0.046789 0.038671
v 0.06187 0.020414 0.041886
v 0.061671 0.018383 0.045189
v 0.056751 0.00308 0.053955
v 0.058171 0.003041 0.052299
v 0.054934 9.8e-05 0.055171
v 0.058953 0.016288 0.051228
v 0.054201 -0.002711 0.054337
v 0.049521 -0.010283 0.052722
v 0.011368 -0.029312 0.057019
v 0.017303 -0.029312 0.055794
v 0.023098 -0.029312 0.054191
v 0.034736 -0.024555 0.051776
v 0.03928 -0.029312 0.047355
v 0.040257 -0.024555 0.049472
v 0.046755 -0.019797 0.048352
v -0.002626 -0.037595 0.05644
v 0.001211 -0.03613 0.056871
v 0.005048 -0.03608 0.056618
v 0.002204 -0.04445 -0.039939
v 0.002204 -0.041275 -0.039939
v -0.005546 -0.041275 -0.050552
v -0.011466 -0.041128 -0.05121
v -0.01169 -0.040694 -0.052486
v -0.008045 -0.041275 -0.050331
v -0.015058 -0.040723 -0.051731
v -0.018035 -0.041144 -0.049591
v -0.018384 -0.040757 -0.05077
v -0.014769 -0.041136 -0.050499
v 0.004128 -0.053213 -0.022613
v 0.001659 -0.04445 -0.022927
v 0.011067 -0.053213 -0.019994
v 0.015106 -0.053213 -0.017147
v 0.019907 -0.053213 -0.011494
v 0.021033 -0.04445 -0.009274
v 0.022535 -0.04445 -0.004535
v 0.021913 -0.053213 -0.006945
v 0.022983 -0.04445 0.000415
v 0.022893 -0.053213 -0.002072
v 0.022804 -0.053213 0.002898
v 0.022226 -0.053213 0.005315
v -0.011821 -0.039052 0.054669
v -0.011652 -0.03999 0.053687
v 0.02093 -0.053975 0.007476
v 0.003309 -0.053213 0.022748
v 0.003199 -0.053975 0.021994
v 0.005715 -0.053213 0.022126
v 0.010884 -0.041275 0.038491
v 0.010884 -0.04445 0.038491
v 0.004445 -0.041275 0.050403
v -0.004411 -0.041114 0.052039
v -0.011454 -0.040692 0.052531
v -0.007857 -0.04112 0.051751
v 0.061741 0.020279 0.015636
v 0.061635 0.02024 0.015621
v 0.02225 0.019844 0.015621
v 0.058953 0.012033 0.013528
v 0.02225 0.012033 0.013528
v 0.058953 0.015894 0
v 0.058953 0.016029 -0.001022
v 0.058953 0.018094 -0.015235
v 0.061975 0.019635 -0.015637
v 0.052241 0.046691 -0.015675
v 0.062062 0.020396 -0.01591
v 0.062238 0.019995 -0.015998
v 0.062565 0.018769 -0.015895
v 0.062395 0.019467 -0.01599
v 0.06232 0.019732 -0.015996
v 0.062775 0.017534 -0.015418
v 0.059634 -0.002583 -0.0474
v 0.059449 -0.002597 -0.047782
v 0.043344 -0.037935 -0.038019
v 0.044094 -0.037944 -0.037183
v 0.036757 -0.039573 -0.042491
v 0.034379 -0.039458 -0.044362
v 0.033776 -0.039427 -0.044803
v 0.031111 -0.034069 -0.049412
v 0.031493 -0.037101 -0.047961
v 0.001684 -0.039819 -0.054659
v -0.01532 -0.040056 -0.052853
v -0.002061 -0.039849 -0.054696
v -0.005812 -0.039893 -0.054497
v -0.008471 -0.039934 -0.05421
v -0.011893 -0.039994 -0.05364
v 0.017674 -0.036265 -0.054119
v 0.013149 -0.037525 -0.054874
v 0.009272 -0.038747 -0.054886
v 0.025882 -0.034069 -0.051802
v 0.028529 -0.034069 -0.050653
v 0.023174 -0.034069 -0.052852
v 0.017602 -0.034069 -0.054645
v 0.058358 0.016288 0.05197
v 0.055152 0.003094 0.055479
v 0.053324 9.6e-05 0.056444
v 0.052734 -0.002706 0.055507
v 0.017137 -0.024555 0.056907
v 0.029025 -0.024555 0.053764
v 0.031902 -0.024555 0.052802
v 0.037525 -0.024555 0.050691
v 0.04407 -0.019797 0.050155
v -0.0083 -0.037774 0.056011
v -0.004616 -0.037649 0.056351
v -0.011952 -0.037923 0.055429
v 0.000248 -0.036154 0.056876
v 0.005337 -0.029312 0.057847
v -0.018704 -0.04013 -0.05185
v -0.021255 -0.041154 -0.048482
v -0.021659 -0.040795 -0.049599
v -0.00083 -0.053213 -0.022972
v -0.003309 -0.04445 -0.022748
v -0.011231 -0.041275 -0.049873
v 0.02091 -0.053213 -0.009219
v 0.022403 -0.053213 -0.004509
v 0.022849 -0.053213 0.000413
v 0.00083 -0.04445 0.022972
v 0.000963 -0.041275 0.050641
v -0.002526 -0.041275 0.05068
v -0.011234 -0.041128 0.051253
v 0.058953 0.008798 0.011046
v 0.02225 0.008798 0.011046
v 0.052372 0.047065 0.016129
v 0.052357 0.047055 0.015998
v 0.052315 0.047027 0.015875
v 0.052248 0.046982 0.01577
v 0.052161 0.046923 0.015689
v 0.052059 0.046855 0.015638
v 0.058953 0.008798 -0.011046
v 0.058953 0.012033 -0.013528
v 0.02225 0.008798 -0.011046
v 0.02225 0.012033 -0.013528
v 0.058953 0.018697 -0.015506
v 0.061923 0.01935 -0.015613
v 0.061896 0.019884 -0.015638
v 0.052059 0.046855 -0.015638
v 0.052161 0.046923 -0.015689
v 0.052405 0.04675 -0.015815
v 0.052462 0.046771 -0.01591
v 0.062588 0.01874 -0.016017
v 0.062745 0.017798 -0.015607
v 0.062655 0.018382 -0.015895
v 0.062735 0.002312 -0.040824
v 0.062328 0.002539 -0.0434
v 0.061271 2.1e-05 -0.046
v 0.060466 4.5e-05 -0.047907
v 0.058466 -0.002645 -0.049441
v 0.039507 -0.038805 -0.041106
v 0.042074 -0.037921 -0.039436
v 0.057552 -0.002672 -0.050715
v 0.034211 -0.03847 -0.045462
v 0.033193 -0.037256 -0.04684
v 0.005518 -0.038744 -0.055393
v 0.014487 -0.036165 -0.055009
v -0.012065 -0.039058 -0.054621
v -0.015546 -0.039164 -0.053814
v 0.052372 0.047065 0.038671
v 0.05224 0.046789 0.041203
v 0.061562 0.020414 0.043232
v 0.060459 0.018383 0.048265
v 0.061151 0.020414 0.045028
v 0.058802 0.018383 0.051124
v 0.052164 -0.002701 0.055912
v 0.053488 0.003084 0.056789
v 0.052696 9.4e-05 0.056879
v 0.023151 -0.024555 0.055483
v 0.03535 -0.019797 0.05359
v 0.03978 -0.019797 0.052169
v 0.041234 -0.019797 0.051588
v 0.046436 -0.010283 0.054529
v -0.011322 -0.036616 0.056043
v -0.004638 -0.036297 0.056814
v -0.002634 -0.036227 0.056894
v -0.024418 -0.041164 -0.047167
v -0.003289 -0.053213 -0.022614
v -0.005749 -0.053213 -0.022257
v -0.0044 -0.04445 -0.039757
v -0.0044 -0.041275 -0.039757
v -0.014467 -0.041275 -0.049211
v -0.023947 -0.041275 -0.046083
v -0.020834 -0.041275 -0.047321
v -0.017671 -0.041275 -0.048362
v 0.003991 -0.053975 -0.021864
v 0.008598 -0.053975 -0.020495
v 0.012802 -0.053975 -0.018167
v 0.016409 -0.053975 -0.01499
v 0.019247 -0.053975 -0.011112
v 0.022048 -0.053975 0.002801
v -0.015472 -0.038073 0.054638
v -0.015298 -0.039156 0.053879
v -0.015076 -0.040051 0.052916
v -0.014818 -0.040721 0.051792
v -0.001659 -0.053213 0.022927
v -0.001604 -0.053975 0.022167
v 0.000825 -0.053213 0.022837
v 0.0044 -0.041275 0.039757
v 0.0044 -0.04445 0.039757
v -0.004344 -0.041275 0.050621
v -0.007712 -0.041275 0.050366
v -0.015592 -0.036852 0.055161
v -0.012038 -0.036654 0.055934
v 0.052035 0.046616 0.015621
v 0.05195 0.046781 0.015621
v 0.058953 0.006316 0.00781
v 0.02225 0.006316 0.00781
v 0.052169 0.047299 0.016129
v 0.052169 0.047299 0.038671
v 0.051829 0.046921 0.015621
v 0.051917 0.047019 0.015638
v 0.02225 0.006316 -0.00781
v 0.058953 0.006316 -0.00781
v 0.058953 0.004755 0.004043
v 0.02225 0.004755 0.004043
v 0.058953 0.01935 -0.015613
v 0.06185 0.019598 -0.015619
v 0.061741 0.020279 -0.015636
v 0.052248 0.046982 -0.01577
v 0.062254 0.02 -0.016129
v 0.062413 0.019468 -0.016121
v 0.062337 0.019735 -0.016127
v 0.062656 0.018383 -0.038671
v 0.062421 0.002504 -0.042966
v 0.058094 -0.002659 -0.049995
v 0.062273 0.00256 -0.043658
v 0.041567 -0.037899 -0.039938
v 0.049326 -0.019797 -0.046084
v 0.05696 -0.002687 -0.051501
v 0.037242 -0.038685 -0.043114
v 0.034823 -0.038515 -0.045016
v 0.028844 -0.029312 -0.052187
v 0.001733 -0.038767 -0.055668
v -0.002071 -0.038816 -0.055705
v -0.005879 -0.038891 -0.0555
v -0.00858 -0.038959 -0.055205
v 0.013245 -0.036137 -0.055303
v 0.009392 -0.037483 -0.055617
v 0.023232 -0.029312 -0.054149
v -0.012198 -0.037932 -0.055381
v 0.060138 0.020414 0.0476
v 0.056869 0.016288 0.053829
v 0.051718 -0.002695 0.056194
v 0.055119 0.016288 0.055444
v 0.052824 0.003075 0.057242
v 0.010657 -0.019797 0.059009
v 0.020098 -0.019797 0.057429
v 0.026282 -0.019797 0.056062
v 0.032357 -0.019797 0.054467
v 0.038312 -0.019797 0.052666
v 0.043188 -0.010283 0.055822
v 0.044825 -0.010283 0.05524
v 0.048886 -0.002648 0.057796
v -0.005561 -0.036338 0.056735
v -0.008436 -0.036465 0.056482
v -0.000743 -0.029312 0.058268
v -0.015723 -0.038085 -0.054573
v -0.018982 -0.039288 -0.052786
v -0.022033 -0.040211 -0.050629
v -0.024872 -0.040835 -0.048214
v -0.000802 -0.053975 -0.022211
v -0.005558 -0.053975 -0.021519
v -0.008121 -0.04445 -0.021505
v -0.024417 -0.041275 -0.045877
v 0.021186 -0.053975 -0.006715
v 0.022134 -0.053975 -0.002004
v -0.014534 -0.041135 0.050557
v 0 -0.041275 0.04
v -0.011004 -0.041275 0.049912
v -0.016813 -0.036934 0.054814
v -0.018947 -0.038252 0.053624
v 0.051677 0.047028 0.015621
v 0.051738 0.047144 0.015638
v 0.052157 0.047286 0.015998
v 0.052123 0.047248 0.015875
v 0.052069 0.047188 0.01577
v 0.051999 0.04711 0.015689
v 0.051004 0.047625 0.018815
v 0.050626 0.047625 0.018213
v 0.051004 0.0508 0.018815
v 0.050626 0.0508 0.018213
v 0.058953 0.015801 -0.015089
v 0.02225 0.015801 -0.015089
v 0.058953 0.004223 0
v 0.02225 0.004223 0
v 0.02225 0.004755 -0.004043
v 0.058953 0.004755 -0.004043
v 0.052141 0.046654 -0.015636
v 0.061771 0.019844 -0.015621
v 0.051917 0.047019 -0.015638
v 0.051999 0.04711 -0.015689
v 0.052315 0.047027 -0.015875
v 0.062112 0.020414 -0.016129
v 0.062098 0.020409 -0.016016
v 0.06259 0.016288 -0.041995
v 0.05948 6.4e-05 -0.049746
v 0.062271 0.016288 -0.043387
v 0.061687 0.002714 -0.045737
v 0.059099 7e-05 -0.050361
v 0.05791 8.4e-05 -0.052037
v 0.039922 -0.037828 -0.041569
v 0.034535 -0.037378 -0.045954
v 0.031573 -0.029312 -0.051084
v 0.033625 -0.034069 -0.048084
v 0.005596 -0.037478 -0.05613
v 0.01186 -0.034069 -0.055998
v 0.012007 -0.036119 -0.055545
v 0.01744 -0.029312 -0.055761
v -0.008664 -0.037788 -0.055965
v -0.012287 -0.036666 -0.055887
v -0.016688 -0.036925 -0.054853
v -0.015846 -0.036868 -0.055097
v 0.052102 0.047065 0.041173
v 0.051435 0.046789 0.043619
v 0.059969 0.020414 0.048028
v 0.058352 0.020414 0.050817
v 0.056735 0.018383 0.053704
v 0.050953 0.047625 0.04131
v 0.050986 0.0508 0.041321
v 0.050349 0.047625 0.043122
v 0.051904 0.047299 0.04113
v 0.051656 0.047476 0.041076
v 0.051915 0.047476 0.038671
v 0.050561 -0.00268 0.056922
v 0.050922 8.6e-05 0.057948
v 0.05442 0.016288 0.056089
v 0.016971 -0.019797 0.05802
v 0.023203 -0.019797 0.056776
v 0.023307 -0.010283 0.05936
v 0.029334 -0.019797 0.055292
v 0.041537 -0.010283 0.056277
v 0.036577 -0.010283 0.057219
v 0.047141 -0.002601 0.058533
v -0.011869 -0.034069 0.05669
v 0.004284 -0.019797 0.059729
v -0.019205 -0.038266 -0.053539
v -0.019365 -0.037106 -0.05408
v -0.024894 -0.041166 -0.046949
v -0.05338 -0.040596 0.000965
v -0.05183 -0.041104 0.004511
v -0.05321 -0.040601 0.004611
v -0.010054 -0.053975 -0.019821
v -0.010399 -0.053213 -0.0205
v -0.010884 -0.04445 -0.038491
v -0.010884 -0.041275 -0.038491
v -0.051455 -0.041107 0.008071
v -0.018727 -0.039278 0.05287
v -0.018454 -0.040124 0.051932
v -0.018138 -0.040754 0.050849
v -0.006331 -0.053975 0.021304
v -0.006549 -0.053213 0.022034
v -0.004128 -0.04445 0.022613
v -0.002204 -0.04445 0.039939
v -0.014236 -0.041275 0.049264
v -0.017793 -0.041143 0.049666
v -0.019104 -0.037088 0.054163
v 0.02225 0.047117 0.015621
v 0.051319 0.047117 0.015621
v 0.051503 0.047094 0.015621
v 0.051535 0.047222 0.015638
v 0.051915 0.047476 0.016129
v 0.051074 0.047625 0.040949
v 0.051374 0.047587 0.041014
v 0.051319 0.047625 0.038671
v 0.051626 0.047587 0.038671
v 0.051239 0.0508 0.019486
v 0.051239 0.047625 0.019486
v 0.051796 0.047252 0.015689
v 0.051319 0.0508 0.038671
v 0.050123 0.047625 0.017711
v 0.050123 0.0508 0.017711
v 0.049521 0.047625 0.017332
v 0.049521 0.0508 0.017332
v 0.05195 0.046781 -0.015621
v 0.051829 0.046921 -0.015621
v 0.051677 0.047028 -0.015621
v 0.051738 0.047144 -0.015638
v 0.02225 0.019844 -0.015621
v 0.052035 0.046616 -0.015621
v 0.052069 0.047188 -0.01577
v 0.052357 0.047055 -0.015998
v 0.052512 0.046789 -0.016129
v 0.052498 0.046784 -0.016016
v 0.062112 0.020414 -0.038671
v 0.061846 0.016288 -0.045243
v 0.0609 0.00284 -0.047752
v 0.06082 0.002848 -0.047909
v 0.055706 -0.002705 -0.05291
v 0.039677 -0.037811 -0.041784
v 0.044093 -0.029312 -0.043893
v 0.03549 -0.037469 -0.045248
v 0.035156 -0.037438 -0.045507
v 0.03686 -0.029312 -0.048657
v 0.02916 -0.024555 -0.053721
v 0.034246 -0.029312 -0.049905
v 0.001769 -0.037511 -0.05641
v -0.002077 -0.037582 -0.056454
v -0.00593 -0.037689 -0.056256
v 0.009461 -0.036083 -0.056043
v 0.02329 -0.024555 -0.055447
v -0.011186 -0.036608 -0.056061
v -0.017437 -0.034069 -0.055663
v 0.050134 0.046789 0.045808
v 0.050007 0.0508 0.043806
v 0.04996 0.047625 0.043778
v 0.050629 0.047587 0.04325
v 0.051307 0.047065 0.04356
v 0.051237 0.003038 0.058178
v 0.04907 7.2e-05 0.058843
v 0.05166 0.016288 0.057957
v 0.009945 -0.010283 0.060999
v 0.019975 -0.010283 0.05982
v 0.026633 -0.010283 0.058869
v 0.029952 -0.010283 0.058347
v 0.033267 -0.010283 0.057797
v 0.039884 -0.010283 0.056615
v 0.044672 -0.002513 0.059305
v 0.044782 -0.002517 0.059272
v 0.046517 -0.002582 0.058756
v 0.048331 -0.002633 0.05803
v -0.006825 -0.029312 0.058278
v -0.012885 -0.029312 0.057861
v -0.009852 -0.029312 0.058132
v 0.002217 -0.00112 0.063421
v -0.002121 -0.019797 0.060174
v -0.021968 -0.03731 -0.053139
v -0.02236 -0.039426 -0.051532
v -0.025293 -0.0403 -0.049185
v -0.025355 -0.040841 -0.047984
v -0.054614 -0.039782 0.000984
v -0.051992 -0.041103 0.000944
v -0.050371 -0.041275 0.004406
v -0.027278 -0.041275 -0.044499
v -0.054438 -0.039793 0.0047
v -0.052816 -0.040614 0.008249
v -0.050019 -0.041275 0.007884
v -0.010763 -0.053975 0.019445
v -0.014692 -0.053975 0.016677
v -0.017933 -0.053975 0.013128
v -0.020336 -0.053975 0.008966
v -0.021788 -0.053975 0.004385
v -0.019247 -0.053975 0.011112
v -0.017447 -0.053975 -0.013767
v -0.01408 -0.053975 -0.017196
v -0.022221 -0.053975 -0.000401
v -0.021616 -0.053975 -0.005169
v -0.019999 -0.053975 -0.009695
v -0.002204 -0.041275 0.039939
v -0.017433 -0.041275 0.048432
v -0.022092 -0.037319 0.053102
v -0.022332 -0.038451 0.052395
v -0.023787 -0.010283 0.062234
v -0.033284 -0.001843 0.064495
v -0.030622 -0.010283 0.061788
v -0.017569 -0.034069 0.055633
v -0.018812 -0.029312 0.056953
v -0.033488 -0.001849 0.064492
v -0.033441 -0.000625 0.064822
v -0.036897 -0.001979 0.064396
v -0.045839 0.002448 0.065087
v -0.04592 0.000808 0.064975
v 0.051319 0.047248 0.015638
v 0.051565 0.047341 0.015689
v 0.051907 0.047461 0.015998
v 0.051626 0.047587 0.016129
v 0.051319 0.0508 0.020193
v 0.051319 0.047625 0.020193
v 0.051883 0.047416 0.015875
v 0.051845 0.047345 0.01577
v 0.04885 0.047625 0.017098
v 0.04885 0.0508 0.017098
v 0.061635 0.02024 -0.015621
v 0.051796 0.047252 -0.015689
v 0.052123 0.047248 -0.015875
v 0.052372 0.047065 -0.016129
v 0.062408 0.018383 -0.041967
v 0.05991 0.002941 -0.0497
v 0.060798 0.016288 -0.047902
v 0.05657 9.3e-05 -0.053599
v 0.05493 -0.002709 -0.053651
v 0.058392 0.003031 -0.051998
v 0.037617 -0.037666 -0.043597
v 0.041815 -0.029312 -0.045702
v 0.046876 -0.019797 -0.048259
v 0.034868 -0.024555 -0.051727
v 0.054338 -0.002711 -0.054217
v 0.055084 9.8e-05 -0.05504
v 0.006221 -0.036078 -0.05648
v 0.005642 -0.036077 -0.056558
v 0.011509 -0.029312 -0.056995
v 0.017279 -0.024555 -0.056878
v -0.008717 -0.036479 -0.056451
v -0.022993 -0.034069 -0.054196
v 0.054306 0.018383 0.055945
v 0.056337 0.020414 0.053333
v 0.057777 0.020414 0.051535
v 0.049179 0.047625 0.045092
v 0.048443 0.0508 0.045972
v 0.050892 0.047476 0.04337
v 0.051122 0.047299 0.043476
v 0.050944 0.003031 0.05835
v 0.016638 -0.010283 0.060247
v 0.023401 -0.001567 0.061715
v 0.034061 -0.001979 0.060702
v 0.042956 -0.002435 0.05967
v 0.046459 4.7e-05 0.059775
v 0.047145 5.5e-05 0.059565
v -0.021299 -0.019797 0.059594
v -0.00028 -0.001105 0.063602
v 0.006205 -0.001145 0.063132
v -0.045265 0.000797 0.064978
v -0.045342 -0.000793 0.064652
v -0.039576 -0.000708 0.064744
v -0.045682 0.000804 0.064976
v -0.026048 -0.001632 0.06462
v -0.02263 -0.038469 -0.052275
v -0.027793 -0.041176 -0.045492
v -0.05456 -0.039785 -0.002732
v -0.053328 -0.040598 -0.002681
v -0.050524 -0.041275 0.000922
v -0.051942 -0.041103 -0.002622
v -0.022983 -0.053213 -0.000415
v -0.022759 -0.053213 0.00206
v -0.022535 -0.053213 0.004535
v -0.012481 -0.053213 -0.019143
v -0.014563 -0.053213 -0.017786
v -0.012554 -0.04445 -0.019256
v -0.017071 -0.04445 -0.036174
v -0.017071 -0.041275 -0.036174
v -0.055626 -0.038705 0.000999
v -0.050866 -0.041112 0.011611
v -0.049463 -0.041275 0.011343
v -0.022893 -0.04445 0.002072
v -0.021913 -0.04445 0.006945
v -0.00884 -0.053213 0.021073
v -0.011132 -0.053213 0.020112
v -0.022067 -0.039414 0.051651
v -0.021744 -0.040204 0.050744
v -0.021375 -0.040791 0.04971
v -0.008893 -0.04445 0.021197
v -0.020975 -0.041153 0.048588
v -0.022529 -0.037352 0.052947
v -0.020056 -0.024555 0.058274
v -0.027622 -0.019797 0.058736
v -0.039637 -0.002085 0.064319
v -0.040516 -0.002121 0.064288
v -0.04576 -0.000799 0.064644
v -0.046279 0.002533 0.065087
v -0.055571 -0.03871 -0.002775
v 0.02225 0.047248 0.015638
v 0.051319 0.047371 0.015689
v 0.05159 0.047443 0.01577
v 0.051503 0.047094 -0.015621
v 0.051535 0.047222 -0.015638
v 0.051845 0.047345 -0.01577
v 0.052157 0.047286 -0.015998
v 0.052169 0.047299 -0.016129
v 0.052512 0.046789 -0.038671
v 0.06187 0.020414 -0.041886
v 0.061671 0.018383 -0.045189
v 0.059523 0.00297 -0.050352
v 0.060624 0.016288 -0.048344
v 0.058299 0.003036 -0.052133
v 0.049659 -0.010283 -0.052625
v 0.039396 -0.029312 -0.047286
v 0.032497 -0.019797 -0.054427
v 0.053815 -0.002711 -0.054664
v 0.00179 -0.036119 -0.056847
v 0.000385 -0.036152 -0.056868
v -0.008302 -0.036459 -0.056492
v -0.005427 -0.036331 -0.056751
v 0.005479 -0.029312 -0.057833
v 0.026426 -0.019797 -0.056028
v 0.023347 -0.019797 -0.056744
v 0.010805 -0.019797 -0.058989
v -0.01173 -0.034069 -0.05671
v -0.018675 -0.029312 -0.056979
v 0.049425 0.047587 0.045276
v 0.049859 0.047299 0.045602
v 0.050022 0.047065 0.045723
v 0.048984 0.002962 0.05926
v 0.051231 0.016288 0.058162
v 0.051569 0.018383 0.057798
v 0.013288 -0.001264 0.062586
v 0.020889 -0.001471 0.061953
v 0.009265 -0.001196 0.062896
v 0.026947 -0.001704 0.061379
v 0.033895 -0.001972 0.06072
v 0.037626 -0.00214 0.060314
v 0.041203 -0.002301 0.059925
v 0.041717 -0.002324 0.059869
v 0.04259 0 0.06053
v 0.044446 2.4e-05 0.060256
v 0.046947 0.002868 0.059975
v -0.014916 -0.019797 0.060202
v -0.008534 -0.019797 0.060342
v -0.011735 -0.019797 0.060324
v -0.000271 5e-06 0.063757
v 0.006202 7e-06 0.063301
v -0.004826 -0.001121 0.063914
v -0.039512 0.000709 0.065001
v -0.045601 0.002437 0.065087
v -0.020384 -0.001467 0.064718
v -0.02283 -0.037377 -0.052828
v -0.025668 -0.039577 -0.050049
v -0.025783 -0.040314 -0.048946
v -0.028292 -0.040881 -0.046454
v -0.050477 -0.041275 -0.002561
v -0.018046 -0.053213 -0.014239
v -0.020685 -0.053213 -0.010027
v -0.022357 -0.053213 -0.005346
v -0.02267 -0.053213 -0.002881
v -0.029708 -0.041275 -0.043137
v -0.030266 -0.041184 -0.044048
v -0.055446 -0.038724 0.004773
v -0.05403 -0.03982 0.008408
v -0.052197 -0.040633 0.011865
v -0.049092 -0.041275 0.013136
v -0.021784 -0.053213 0.006905
v -0.021033 -0.053213 0.009274
v -0.019907 -0.053213 0.011494
v -0.018548 -0.053213 0.013578
v -0.015195 -0.053213 0.017248
v -0.025859 -0.03764 0.05151
v -0.02562 -0.038666 0.050949
v -0.008747 -0.041275 0.039032
v -0.008747 -0.04445 0.039032
v -0.020558 -0.041275 0.04742
v -0.023121 -0.034069 0.054157
v -0.026122 -0.024555 0.05721
v -0.034033 -0.010283 0.061521
v -0.030752 -0.019797 0.05822
v -0.024621 -0.029312 0.055683
v -0.044144 -0.002272 0.06416
v -0.045417 -0.002324 0.064115
v -0.046869 0.000647 0.064925
v -0.045999 -0.000803 0.06464
v -0.056306 -0.037431 -0.002806
v 0.02225 0.047371 0.015689
v 0.051319 0.047476 0.01577
v 0.051622 0.04757 0.015998
v 0.051319 0.047625 0.016129
v 0.05161 0.047521 0.015875
v 0.048144 0.047625 0.017018
v 0.048144 0.0508 0.017018
v 0.051565 0.047341 -0.015689
v 0.051883 0.047416 -0.015875
v 0.051915 0.047476 -0.016129
v 0.051915 0.047476 -0.038671
v 0.052169 0.047299 -0.038671
v 0.052372 0.047065 -0.038671
v 0.058953 0.016288 -0.051228
v 0.058358 0.016288 -0.05197
v 0.056905 0.003077 -0.053789
v 0.044199 -0.019797 -0.050079
v 0.035489 -0.019797 -0.053548
v 0.038449 -0.019797 -0.052621
v 0.052321 -0.002703 -0.055804
v 0.054511 9.8e-05 -0.055529
v -0.0006 -0.029312 -0.058263
v -0.002082 -0.03621 -0.056905
v -0.005962 -0.03635 -0.056726
v -0.009711 -0.029312 -0.058142
v 0.029476 -0.019797 -0.055255
v 0.030107 -0.010283 -0.058322
v 0.017117 -0.019797 -0.057994
v -0.012743 -0.029312 -0.057877
v -0.024487 -0.029312 -0.055717
v 0.048398 0.046789 0.04767
v 0.053968 0.020414 0.055519
v 0.054644 0.020414 0.054894
v 0.047617 0.047625 0.046767
v 0.046392 0.0508 0.047682
v 0.049656 0.047476 0.04545
v 0.043982 0.0508 0.048832
v 0.045734 0.047625 0.048072
v 0.051298 0.020414 0.057326
v 0.016325 -0.001346 0.062333
v 0.013273 9e-06 0.062793
v 0.030499 -0.001841 0.061042
v 0.041639 2.7e-05 0.060625
v 0.046847 0.002863 0.060003
v -0.016948 -0.010283 0.062543
v -0.01093 -0.001185 0.064316
v -0.006046 -0.001126 0.063998
v -0.045185 0.002416 0.065087
v -0.020363 -0.00048 0.064841
v -0.033393 0.000627 0.065021
v -0.030606 -0.019797 -0.058246
v -0.033874 -0.010283 -0.061534
v -0.027475 -0.019797 -0.058759
v -0.030462 -0.010283 -0.0618
v -0.024322 -0.019797 -0.059214
v -0.025981 -0.024555 -0.057238
v -0.019913 -0.024555 -0.058295
v -0.024506 -0.037523 -0.052091
v -0.025704 -0.034069 -0.053313
v -0.025982 -0.038691 -0.050774
v -0.055281 -0.038741 -0.00654
v -0.054275 -0.039804 -0.006439
v -0.053053 -0.040606 -0.006318
v -0.051681 -0.041106 -0.006181
v -0.022804 -0.04445 -0.002898
v -0.0164 -0.04445 -0.016107
v -0.019479 -0.04445 -0.012205
v -0.021648 -0.04445 -0.007732
v -0.031902 -0.041275 -0.04167
v -0.022792 -0.04445 -0.032871
v -0.022792 -0.041275 -0.032871
v -0.056361 -0.037422 0.001011
v -0.050472 -0.041116 0.013444
v -0.019907 -0.04445 0.011494
v -0.016971 -0.04445 0.015504
v -0.013241 -0.04445 0.01879
v -0.026743 -0.037721 0.051082
v -0.025311 -0.03956 0.050222
v -0.024941 -0.04029 0.049354
v -0.024525 -0.040831 0.048375
v -0.024076 -0.041163 0.047321
v -0.028485 -0.034069 0.052289
v -0.037442 -0.010283 0.061225
v -0.040853 -0.010283 0.060903
v -0.045836 -0.002342 0.064098
v -0.04739 0.000646 0.064893
v -0.046645 0.002672 0.065087
v -0.047117 0.002908 0.065087
v -0.0488 0.003113 0.064998
v -0.049151 0.014829 0.064957
v -0.047139 0.013772 0.065087
v -0.056018 -0.037475 -0.006613
v 0.02225 0.047476 0.01577
v 0.051319 0.047557 0.015875
v 0.024536 0.047625 0.017018
v 0.024536 0.0508 0.017018
v 0.051319 0.047117 -0.015621
v 0.051319 0.047248 -0.015638
v 0.02225 0.047117 -0.015621
v 0.05159 0.047443 -0.01577
v 0.051907 0.047461 -0.015998
v 0.05224 0.046789 -0.041203
v 0.061562 0.020414 -0.043232
v 0.061151 0.020414 -0.045028
v 0.060138 0.020414 -0.0476
v 0.060459 0.018383 -0.048265
v 0.055345 0.003094 -0.055313
v 0.056869 0.016288 -0.053829
v -0.027047 -0.010283 -0.062037
v 0.033422 -0.010283 -0.05777
v 0.052868 9.5e-05 -0.056762
v 0.055152 0.003094 -0.055479
v -0.006683 -0.029312 -0.058283
v 0.004434 -0.019797 -0.059715
v 0.026788 -0.010283 -0.058845
v 0.023463 -0.010283 -0.059338
v 0.016794 -0.010283 -0.060227
v 0.010102 -0.010283 -0.060983
v -0.013756 -0.024555 -0.059045
v -0.021151 -0.019797 -0.059611
v 0.046361 0.047625 0.047637
v 0.047818 0.047587 0.047
v 0.048173 0.047299 0.04741
v 0.048306 0.047065 0.047564
v 0.043969 0.047625 0.048801
v 0.048652 0.016288 0.059392
v 0.046305 0.046789 0.04912
v 0.020857 1.1e-05 0.062237
v 0.033833 1.9e-05 0.061248
v 0.04152 0.002482 0.060887
v 0.042165 0.002554 0.060842
v 0.044107 0.002698 0.06062
v 0.046223 0.002829 0.060177
v -0.019998 -0.001466 0.06472
v -0.016512 -0.001298 0.064658
v -0.014723 -0.001257 0.064551
v -0.015401 -0.001272 0.064592
v -0.011873 -0.001203 0.064375
v -0.006026 4e-06 0.064158
v -0.000269 0.001124 0.063809
v -0.010898 2e-06 0.064493
v -0.039448 0.002147 0.065087
v 0.043616 0.047625 0.048946
v -0.037283 -0.010283 -0.061239
v -0.027338 -0.029312 -0.054957
v -0.026226 -0.037674 -0.051335
v -0.028362 -0.034069 -0.052337
v -0.026736 -0.03772 -0.051086
v -0.026165 -0.0396 -0.049803
v -0.02876 -0.0404 -0.047354
v -0.030809 -0.040915 -0.044933
v -0.050231 -0.041275 -0.006037
v -0.039258 -0.041275 0.007668
v -0.039985 -0.041275 0.001102
v -0.039258 -0.04445 0.007668
v -0.039985 -0.04445 0.001102
v -0.032512 -0.04119 -0.042511
v -0.056183 -0.03745 0.004827
v -0.055031 -0.038768 0.008539
v -0.053387 -0.039861 0.012092
v -0.051783 -0.040645 0.013737
v -0.048255 -0.041275 0.01643
v -0.049585 -0.041123 0.01681
v -0.03746 -0.04445 0.014026
v -0.03746 -0.041275 0.014026
v -0.026493 -0.038726 0.050521
v -0.015052 -0.041275 0.03706
v -0.015052 -0.04445 0.03706
v -0.02361 -0.041275 0.046228
v -0.027093 -0.037754 0.050897
v -0.029355 -0.03797 0.049696
v -0.032068 -0.024555 0.055863
v -0.033859 -0.019797 0.057651
v -0.030276 -0.029312 0.054076
v -0.046104 -0.002353 0.064088
v -0.047616 -0.002811 0.063734
v -0.047442 -0.001188 0.06444
v -0.047532 0.000656 0.064885
v -0.048296 0.000771 0.064838
v -0.050479 0.003288 0.064727
v -0.050979 0.015762 0.064611
v -0.051224 0.015881 0.064539
v -0.056765 -0.036008 -6.9e-05
v -0.05678 -0.036005 0.001017
v -0.056494 -0.036063 -0.006
v 0.02225 0.047557 0.015875
v 0.051319 0.047608 0.015998
v 0.041361 0.0508 0.049349
v 0.051319 0.047371 -0.015689
v 0.05161 0.047521 -0.015875
v 0.051626 0.047587 -0.038671
v 0.051626 0.047587 -0.016129
v 0.050123 0.047625 -0.017711
v 0.050626 0.047625 -0.018213
v 0.050123 0.0508 -0.017711
v 0.050626 0.0508 -0.018213
v 0.051004 0.047625 -0.018815
v 0.051004 0.0508 -0.018815
v 0.051374 0.047587 -0.041014
v 0.051656 0.047476 -0.041076
v 0.051904 0.047299 -0.04113
v 0.052102 0.047065 -0.041173
v 0.051435 0.046789 -0.043619
v 0.059969 0.020414 -0.048028
v 0.058802 0.018383 -0.051124
v 0.055119 0.016288 -0.055444
v -0.033109 -0.001853 -0.064474
v -0.028515 -0.001681 -0.064599
v -0.023626 -0.010283 -0.062243
v -0.036722 -0.001987 -0.064377
v -0.046087 -0.000825 -0.064632
v -0.045314 -0.00232 -0.064119
v 0.05187 -0.002697 -0.056093
v 0.05074 -0.002683 -0.056818
v 0.037044 -0.002112 -0.060388
v 0.034263 -0.001988 -0.060682
v 0.036732 -0.010283 -0.057191
v 0.041369 -0.019797 -0.05153
v 0.046584 -0.010283 -0.054456
v 0.040039 -0.010283 -0.056586
v 0.05112 8.7e-05 -0.05784
v 0.05474 0.003094 -0.05583
v -0.001971 -0.019797 -0.060166
v 0.002382 -0.001116 -0.063411
v 0.03101 -0.001849 -0.061012
v 0.027305 -0.001699 -0.061371
v 0.009431 -0.001215 -0.062876
v -0.047139 0.013772 -0.065087
v -0.049151 0.014829 -0.064957
v -0.046152 0.000751 -0.064965
v -0.046356 -0.000919 -0.064598
v -0.047192 -0.001141 -0.064479
v 0.048007 0.047476 0.047218
v 0.048585 0.018383 0.059221
v 0.046829 0.016288 0.059946
v 0.050883 0.020414 0.057524
v 0.006192 0.001169 0.063358
v 0.033743 0.002069 0.061431
v -0.019673 -0.001453 0.064724
v -0.016974 -0.001328 0.064679
v -0.014682 1e-06 0.06475
v -0.006013 0.001143 0.064211
v -0.033344 0.001893 0.065087
v -0.020341 0.00051 0.064964
v -0.054432 0.047416 0.012959
v -0.054345 0.047495 0.012813
v -0.045943 0.002457 -0.065087
v -0.046699 0.00066 -0.064934
v -0.046192 0.002508 -0.065087
v -0.047455 -0.002788 -0.063782
v -0.046552 -0.002521 -0.063996
v -0.046185 -0.002385 -0.064072
v -0.043974 -0.002264 -0.064169
v -0.040693 -0.010283 -0.060918
v -0.042788 -0.002214 -0.064213
v -0.040343 -0.002123 -0.064279
v -0.03193 -0.024555 -0.055898
v -0.030146 -0.029312 -0.054118
v -0.050979 0.015762 -0.064611
v -0.026486 -0.038726 -0.050524
v -0.055851 -0.0375 -0.008024
v -0.055114 -0.038759 -0.007935
v -0.054111 -0.039815 -0.007813
v -0.052895 -0.040611 -0.007666
v -0.05153 -0.041107 -0.0075
v -0.03395 -0.041275 -0.040059
v -0.027892 -0.04445 -0.028671
v -0.027892 -0.041275 -0.028671
v -0.056501 -0.036061 0.005861
v -0.055769 -0.037513 0.008635
v -0.047237 -0.041275 0.019635
v -0.029071 -0.038911 0.049135
v -0.026171 -0.0396 0.049799
v -0.02579 -0.040314 0.048943
v -0.025361 -0.040842 0.04798
v -0.0249 -0.041166 0.046946
v -0.03108 -0.034069 0.051222
v -0.044271 -0.010283 0.060483
v -0.048191 -0.001281 0.064317
v -0.049795 0.000911 0.064643
v -0.051222 0.003354 0.064533
v -0.056269 -0.033382 0.01189
v -0.056202 -0.036121 0.008692
v -0.055695 -0.036222 0.011725
v -0.056606 -0.03604 0.004857
v -0.056727 -0.036016 -0.002823
v -0.056283 -0.036105 -0.008076
v -0.056446 -0.036072 -0.006656
v 0.02225 0.047608 0.015998
v 0.023715 0.047625 0.01691
v 0.023715 0.0508 0.01691
v 0.041361 0.047625 0.049349
v 0.02225 0.047248 -0.015638
v 0.051319 0.047476 -0.01577
v 0.051622 0.04757 -0.015998
v 0.049521 0.0508 -0.017332
v 0.049521 0.047625 -0.017332
v 0.050892 0.047476 -0.04337
v 0.051122 0.047299 -0.043476
v 0.056735 0.018383 -0.053704
v 0.058352 0.020414 -0.050817
v -0.025883 -0.001612 -0.064637
v -0.042719 -0.000754 -0.064696
v -0.045239 -0.000791 -0.064654
v 0.04906 -0.002652 -0.057713
v 0.036975 2.2e-05 -0.061
v 0.041692 -0.010283 -0.056239
v 0.053007 0.003078 -0.057121
v 0.05442 0.016288 -0.056089
v -0.008384 -0.019797 -0.060341
v -0.011585 -0.019797 -0.060327
v 0.002751 -0.001115 -0.063386
v 0.0342 1.9e-05 -0.06122
v 0.030668 -0.001835 -0.061045
v 0.027115 -0.001692 -0.061389
v 0.023174 -0.001547 -0.061751
v 0.014496 -0.001291 -0.062489
v -0.014768 -0.019797 -0.060212
v -0.016793 -0.010283 -0.062547
v -0.045984 0.000797 -0.064973
v -0.052131 0.01645 -0.064261
v -0.05092 0.015877 -0.064608
v 0.045881 0.047587 0.048342
v 0.04614 0.047299 0.048818
v 0.046237 0.047065 0.048997
v 0.043703 0.047587 0.049241
v 0.048389 0.020414 0.058714
v 0.013247 0.001296 0.062864
v -0.016776 0.016288 0.064964
v 0.020812 0.001517 0.062335
v 0.042165 0.016288 0.060842
v 0.045463 0.016288 0.060361
v -0.018842 -0.001415 0.06471
v -0.016875 1e-06 0.064821
v -0.010875 0.001201 0.064551
v -0.049097 0.014928 0.064951
v -0.052131 0.01645 0.064261
v -0.05092 0.015877 0.064608
v -0.055334 0.01768 0.062795
v -0.055048 0.017568 0.062948
v -0.053811 0.017084 0.063607
v -0.052181 0.016348 0.064258
v 0.041383 0.047587 0.049656
v -0.016035 0.047625 0.053363
v -0.047498 0.000653 -0.064887
v -0.046626 0.002664 -0.065087
v -0.048342 -0.001291 -0.064291
v -0.047661 -0.002849 -0.063733
v -0.033715 -0.019797 -0.057678
v -0.02698 -0.037744 -0.050955
v -0.029357 -0.037972 -0.049678
v -0.048617 0.003092 -0.065016
v -0.047117 0.002908 -0.065087
v -0.051224 0.015881 -0.064539
v -0.04974 0.003214 -0.064869
v -0.029542 -0.038946 -0.048862
v -0.029181 -0.039748 -0.048165
v -0.031321 -0.040475 -0.045767
v -0.033105 -0.040935 -0.043328
v -0.055708 -0.036219 -0.011761
v -0.055262 -0.037589 -0.011681
v -0.050089 -0.041275 -0.007326
v -0.039621 -0.041275 -0.005494
v -0.039621 -0.04445 -0.005494
v -0.034616 -0.041191 -0.040842
v -0.056145 -0.033429 0.012659
v -0.054377 -0.038836 0.012281
v -0.052958 -0.039887 0.014
v -0.050851 -0.040672 0.017172
v -0.048507 -0.041131 0.02008
v -0.034641 -0.04445 0.02
v -0.034641 -0.041275 0.02
v -0.03569 -0.04445 -0.018061
v -0.032231 -0.04445 -0.023689
v -0.038176 -0.04445 -0.011941
v -0.020947 -0.04445 0.034077
v -0.02627 -0.04445 0.030164
v -0.030877 -0.04445 0.025429
v -0.020947 -0.041275 0.034077
v -0.024423 -0.041275 0.045874
v -0.029471 -0.037982 0.049626
v -0.036944 -0.019797 0.05703
v -0.033035 -0.029312 0.053158
v -0.047985 -0.002922 0.063648
v -0.048389 -0.001293 0.064283
v -0.049426 -0.001278 0.0641
v -0.051781 0.003404 0.064387
v -0.053364 0.003524 0.063807
v -0.054868 0.003618 0.063066
v -0.055049 0.003627 0.062952
v -0.056711 -0.033209 0.009133
v -0.057061 -0.033027 0.005947
v -0.05647 -0.032286 0.012826
v -0.057323 -0.032867 -0.000984
v -0.057313 -0.032873 -7.1e-05
v -0.05729 -0.032888 0.002317
v -0.056922 -0.033105 -0.007415
v -0.057037 -0.033039 -0.006086
v -0.057193 -0.032949 -0.004282
v 0.022949 0.047625 0.016593
v 0.022949 0.0508 0.016593
v -0.02032 0.047593 0.012545
v 0.02225 0.047371 -0.015689
v 0.051319 0.047557 -0.015875
v -0.054535 0.047448 0.012877
v 0.051319 0.047625 -0.038671
v 0.051074 0.047625 -0.040949
v 0.051319 0.047625 -0.016129
v 0.051319 0.047625 -0.020193
v 0.051239 0.047625 -0.019486
v 0.051239 0.0508 -0.019486
v 0.051319 0.0508 -0.020193
v 0.050629 0.047587 -0.04325
v 0.051307 0.047065 -0.04356
v -0.020384 -0.001467 -0.064718
v -0.028478 -0.000565 -0.064869
v -0.045161 0.000795 -0.064979
v 0.049262 7.4e-05 -0.05876
v 0.037795 -0.002146 -0.060306
v 0.039333 -0.002215 -0.060138
v 0.04111 -0.002296 -0.059939
v 0.043342 -0.010283 -0.055773
v 0.041767 -0.002326 -0.059864
v 0.051241 0.003039 -0.058186
v 0.051154 0.003037 -0.058238
v 0.05166 0.016288 -0.057957
v -0.008845 -0.001155 -0.064182
v -0.004659 -0.001141 -0.063895
v 0.002755 6e-06 -0.063545
v 0.030954 1.7e-05 -0.061473
v 0.027259 1.4e-05 -0.061756
v 0.023569 -0.001561 -0.061715
v 0.01649 -0.00135 -0.062319
v 0.014478 9e-06 -0.062706
v -0.055631 0.017782 0.062611
v 0.046019 0.047476 0.048596
v 0.045423 0.018383 0.060182
v -0.019485 0.001466 0.065081
v -0.01465 0.001272 0.064815
v -0.02032 0.01376 0.065087
v -0.02032 0.001497 0.065087
v -0.053751 0.017223 0.06361
v -0.017559 0.047587 0.053777
v -0.02032 0.047498 0.012814
v -0.017538 0.047476 0.054066
v -0.054526 0.047294 0.013116
v -0.02032 0.047345 0.013056
v -0.054659 0.04734 0.013025
v -0.053751 0.017223 -0.06361
v -0.048296 0.000771 -0.064838
v -0.044111 -0.010283 -0.060514
v -0.0368 -0.019797 -0.05706
v -0.03096 -0.034069 -0.051274
v -0.032907 -0.029312 -0.053202
v -0.029833 -0.038017 -0.049422
v -0.051224 0.003355 -0.064539
v -0.052181 0.016348 -0.064258
v -0.053811 0.017084 -0.063607
v -0.055685 -0.036224 -0.011863
v -0.055058 -0.036346 -0.014744
v -0.054525 -0.038821 -0.011549
v -0.053532 -0.039852 -0.011371
v -0.052336 -0.040628 -0.011157
v -0.050999 -0.041111 -0.010918
v -0.038176 -0.041275 -0.011941
v -0.035888 -0.041275 -0.03828
v -0.032231 -0.041275 -0.023689
v -0.055693 -0.033532 0.014818
v -0.055806 -0.032336 0.016376
v -0.055407 -0.033597 0.016178
v -0.055098 -0.033631 0.01746
v -0.055563 -0.036248 0.012508
v -0.055115 -0.037611 0.012422
v -0.046038 -0.041275 0.02275
v -0.02627 -0.041275 0.030164
v -0.031749 -0.038208 0.048242
v -0.028716 -0.039725 0.048434
v -0.0283 -0.040387 0.047616
v -0.027839 -0.040875 0.046705
v -0.027345 -0.041174 0.045732
v -0.033607 -0.034069 0.05006
v -0.048938 -0.003082 0.063377
v -0.051286 0.001029 0.064301
v -0.050697 -0.0012 0.063812
v -0.052436 0.001108 0.063929
v -0.056292 0.003687 0.062167
v -0.057611 0.003731 0.061124
v -0.056879 0.018136 0.061731
v -0.05709 -0.033011 0.00568
v -0.056985 -0.032167 0.00926
v -0.056253 -0.033391 -0.012029
v -0.056499 -0.033302 -0.010594
v -0.055664 -0.033539 -0.014954
v -0.054923 -0.036372 -0.015365
v -0.056139 -0.033432 -0.012695
v 0.02225 0.047625 0.016129
v -0.016035 0.0508 0.053363
v -0.017489 0.047625 0.053121
v -0.016776 0.047625 0.053328
v -0.017489 0.0508 0.053121
v -0.016776 0.0508 0.053328
v -0.020403 0.047625 0.012261
v 0.02225 0.047476 -0.01577
v 0.051319 0.047608 -0.015998
v -0.054229 0.047597 0.012516
v -0.054013 0.047625 0.012261
v -0.052426 0.047625 0.010946
v -0.05166 0.047625 0.011264
v -0.052426 0.0508 0.010946
v -0.05166 0.0508 0.011264
v 0.051319 0.0508 -0.038671
v 0.050953 0.047625 -0.04131
v 0.050349 0.047625 -0.043122
v 0.04996 0.047625 -0.043778
v 0.049425 0.047587 -0.045276
v 0.049179 0.047625 -0.045092
v 0.04885 0.0508 -0.017098
v 0.04885 0.047625 -0.017098
v 0.049656 0.047476 -0.04545
v 0.049859 0.047299 -0.045602
v 0.050134 0.046789 -0.045808
v 0.057777 0.020414 -0.051535
v 0.056337 0.020414 -0.053333
v 0.054306 0.018383 -0.055945
v -0.020363 -0.00049 -0.064923
v -0.042648 0.000756 -0.064989
v 0.048452 -0.002637 -0.057995
v 0.039259 2.4e-05 -0.060818
v 0.036874 0.002229 -0.061212
v 0.041371 -0.002308 -0.059909
v 0.041033 2.6e-05 -0.060674
v 0.046689 -0.002588 -0.058697
v 0.044856 -0.002521 -0.059258
v 0.042956 -0.002435 -0.05967
v 0.049186 0.00297 -0.059177
v 0.051231 0.016288 -0.058162
v -0.011707 -0.001206 -0.064361
v -0.008819 3e-06 -0.06435
v 0.034109 0.002087 -0.061406
v 0.023137 1.2e-05 -0.062068
v -0.015409 -0.001272 -0.064593
v -0.016512 -0.001298 -0.064658
v -0.019998 -0.001466 -0.06472
v -0.018734 -0.001412 -0.064724
v -0.045082 0.002411 -0.065087
v -0.05527 0.017856 -0.062794
v -0.062615 0.028507 0.034596
v -0.062615 0.028716 0.036568
v -0.062484 0.028524 0.034592
v -0.062484 0.028734 0.036568
v -0.059817 0.028171 0.0334
v -0.059817 0.028684 0.035574
v -0.057994 0.018315 0.060776
v -0.057977 0.018441 0.06077
v -0.056855 0.018247 0.061734
v 0.043784 0.047476 0.049518
v 0.041403 0.047476 0.049944
v -0.016776 0.00133 0.064964
v -0.049178 0.015001 0.064927
v -0.052076 0.016548 0.06424
v -0.055566 0.017965 0.062608
v -0.05527 0.017856 0.062794
v -0.01758 0.047625 0.053471
v -0.054607 0.047136 0.013249
v -0.062484 0.028122 0.033417
v -0.062484 0.027881 0.032712
v -0.062975 0.028357 0.036566
v -0.062975 0.028133 0.038455
v -0.062924 0.02848 0.036566
v -0.062924 0.028252 0.038483
v -0.062738 0.028457 0.034607
v -0.062738 0.028666 0.036567
v -0.062615 0.027865 0.03272
v -0.054749 0.047078 0.013292
v -0.054839 0.0471 0.013238
v -0.055631 0.017782 -0.062611
v -0.056879 0.018136 -0.061731
v -0.055048 0.017568 -0.062948
v -0.049426 -0.001278 -0.0641
v -0.04917 -0.003104 -0.063308
v -0.033491 -0.034069 -0.050118
v -0.049633 0.000897 -0.064672
v -0.050631 0.00098 -0.06447
v -0.051373 0.003369 -0.064506
v -0.052979 0.003497 -0.063966
v -0.031636 -0.038191 -0.048293
v -0.031786 -0.039877 -0.046525
v -0.033667 -0.04052 -0.044101
v -0.035264 -0.040942 -0.041604
v -0.055398 -0.033599 -0.016219
v -0.054297 -0.036491 -0.017582
v -0.054461 -0.037707 -0.015256
v -0.049588 -0.041275 -0.010665
v -0.03569 -0.041275 -0.018061
v -0.036616 -0.04119 -0.039016
v -0.05553 -0.032325 0.017665
v -0.055101 -0.036338 0.014613
v -0.055135 -0.036331 0.014486
v -0.05394 -0.038881 0.014219
v -0.051993 -0.039946 0.017498
v -0.04972 -0.040704 0.020506
v -0.047241 -0.04114 0.023255
v -0.030877 -0.041275 0.025429
v -0.054262 -0.03362 0.020583
v -0.054761 -0.032195 0.020946
v -0.031882 -0.038221 0.048161
v -0.031559 -0.039096 0.04761
v -0.026836 -0.041275 0.044726
v -0.029682 -0.041183 0.044411
v -0.029135 -0.041275 0.04348
v -0.03574 -0.029312 0.052145
v -0.040006 -0.019797 0.056314
v -0.04152 -0.019797 0.055796
v -0.049187 -0.003108 0.063303
v -0.049337 -0.003114 0.063256
v -0.05046 -0.003153 0.062905
v -0.051145 -0.003141 0.062655
v -0.053834 0.00119 0.06334
v -0.055165 0.001252 0.062621
v -0.056423 0.001299 0.061777
v -0.057517 -0.031959 0.002351
v -0.057333 -0.032042 0.005761
v -0.057417 -0.031181 0.009404
v -0.057428 -0.032001 -0.004343
v -0.057547 -0.031945 -0.000998
v -0.056791 -0.032221 -0.010738
v -0.057178 -0.032102 -0.007519
v -0.054983 -0.033619 -0.017849
v 0.022291 0.0508 0.016088
v -0.018135 0.047625 0.052755
v 0.02225 0.047557 -0.015875
v -0.054425 0.047538 0.012672
v -0.053084 0.0508 0.010442
v -0.053084 0.047625 0.010442
v 0.050007 0.0508 -0.043806
v 0.047617 0.047625 -0.046767
v 0.050986 0.0508 -0.041321
v 0.047818 0.047587 -0.047
v 0.050022 0.047065 -0.045723
v 0.054644 0.020414 -0.054894
v 0.053968 0.020414 -0.055519
v 0.051569 0.018383 -0.057798
v -0.020342 0.0005 -0.065046
v -0.028442 0.000571 -0.065033
v -0.042575 0.002291 -0.065087
v 0.048592 6.9e-05 -0.059042
v 0.039149 0.002351 -0.061053
v 0.04259 0 -0.06053
v 0.043153 -0.002444 -0.059627
v 0.048652 0.016288 -0.059392
v -0.015236 -0.001269 -0.064582
v 0.01445 0.001325 -0.06278
v 0.030875 0.00193 -0.061632
v -0.016974 -0.001328 -0.064679
v -0.049097 0.014928 -0.064951
v -0.056855 0.018247 -0.061734
v -0.055566 0.017965 -0.062608
v -0.058329 0.018344 0.060425
v -0.062924 0.027604 0.040301
v -0.062615 0.028482 0.038537
v -0.062738 0.028433 0.038525
v -0.062843 0.028585 0.036567
v -0.062843 0.028354 0.038507
v -0.062975 0.027494 0.040247
v -0.059118 0.018542 0.059579
v -0.056817 0.018352 0.061717
v 0.043912 0.047065 0.049957
v 0.043855 0.047299 0.049762
v 0.045304 0.020414 0.059651
v 0.046626 0.020414 0.059249
v 0.042152 0.018383 0.060659
v -0.050856 0.015985 0.064574
v -0.051179 0.016165 0.064469
v -0.053677 0.01735 0.063572
v -0.02032 0.047476 0.054163
v -0.02032 0.047587 0.053874
v -0.054655 0.047041 0.01333
v -0.02032 0.047143 0.013257
v -0.062615 0.026822 0.031033
v -0.062484 0.026836 0.031022
v -0.059817 0.027132 0.031422
v -0.062992 0.028226 0.036565
v -0.062992 0.028005 0.038425
v -0.062843 0.028379 0.034624
v -0.062924 0.028276 0.034647
v -0.062975 0.028156 0.034673
v -0.062738 0.027819 0.032741
v -0.054921 0.047108 0.013168
v -0.057977 0.018441 -0.06077
v -0.057994 0.018315 -0.060776
v -0.058329 0.018344 -0.060425
v -0.059118 0.018542 -0.059579
v -0.055334 0.01768 -0.062795
v -0.056956 0.003711 -0.061671
v -0.050559 -0.001208 -0.063849
v -0.039863 -0.019797 -0.056356
v -0.035615 -0.029312 -0.052197
v -0.032528 -0.038277 -0.047734
v -0.052076 0.001085 -0.064056
v -0.054131 0.003575 -0.063454
v -0.032192 -0.039137 -0.047187
v -0.054515 -0.033641 -0.019686
v -0.053929 -0.03656 -0.018887
v -0.053723 -0.038902 -0.01508
v -0.052746 -0.039901 -0.014847
v -0.051578 -0.040651 -0.014569
v -0.050277 -0.041117 -0.01426
v -0.054216 -0.033599 -0.020714
v -0.055016 -0.032254 -0.019899
v -0.03788 -0.041275 -0.036144
v -0.03906 -0.041275 -0.034707
v -0.039577 -0.041275 -0.034034
v -0.040459 -0.041178 -0.034699
v -0.056983 -0.03122 0.013023
v -0.056432 -0.031181 0.016621
v -0.056207 -0.031137 0.017926
v -0.054344 -0.036482 0.017452
v -0.055029 -0.03363 0.017717
v -0.054678 -0.037675 0.014384
v -0.04466 -0.041275 0.025771
v -0.054222 -0.03362 0.020732
v -0.033914 -0.03837 0.046753
v -0.031164 -0.039849 0.046938
v -0.030711 -0.040459 0.046166
v -0.031881 -0.041188 0.042966
v -0.030212 -0.040908 0.045315
v -0.051957 -0.001137 0.063411
v -0.043004 -0.019797 0.055146
v -0.051469 -0.003135 0.062537
v -0.052921 -0.001094 0.063022
v -0.058328 0.003743 0.060423
v -0.057711 -0.031117 0.005851
v -0.056464 -0.032287 -0.012863
v -0.055797 -0.032336 -0.016417
v -0.018678 0.0508 0.052249
v -0.018678 0.047625 0.052249
v 0.02225 0.047608 -0.015998
v 0.02225 0.047625 -0.016129
v -0.053588 0.0508 0.009784
v -0.053588 0.047625 0.009784
v -0.050838 0.047625 0.011372
v -0.050838 0.0508 0.011372
v 0.046392 0.0508 -0.047682
v 0.048144 0.0508 -0.017018
v 0.048144 0.047625 -0.017018
v 0.048007 0.047476 -0.047218
v 0.048173 0.047299 -0.04741
v 0.048398 0.046789 -0.04767
v 0.051298 0.020414 -0.057326
v -0.028404 0.001717 -0.065087
v 0.040916 0.002448 -0.060929
v 0.042165 0.016288 -0.060842
v 0.046649 4.9e-05 -0.059719
v 0.044646 2.7e-05 -0.060217
v 0.048478 0.002941 -0.059459
v 0.002751 0.001137 -0.063598
v 0.023085 0.001599 -0.062176
v 0.027193 0.001765 -0.061889
v -0.015366 1e-06 -0.064796
v -0.016871 -7e-06 -0.064895
v -0.060132 0.018635 -0.058278
v -0.059136 0.018416 -0.059584
v -0.052076 0.016548 -0.06424
v -0.056817 0.018352 -0.061717
v -0.05794 0.018559 -0.06074
v -0.059136 0.018416 0.059584
v -0.062843 0.027699 0.040347
v -0.062615 0.027817 0.040405
v -0.062484 0.028587 0.037801
v -0.062484 0.028499 0.038541
v -0.059817 0.028639 0.037808
v -0.05794 0.018559 0.06074
v -0.059077 0.018661 0.059555
v 0.041421 0.047299 0.050197
v -0.017521 0.047299 0.054319
v 0.041445 0.046789 0.05054
v -0.02032 0.015003 0.064933
v -0.02032 0.016288 0.065087
v -0.052019 0.016635 0.064196
v -0.055178 0.018008 0.062733
v -0.056766 0.018447 0.06168
v -0.02032 0.047625 0.053567
v -0.02032 0.047299 0.054416
v -0.054698 0.046897 0.013401
v -0.062738 0.023 0.036513
v -0.062738 0.022892 0.035696
v -0.059817 0.023 0.036513
v -0.059817 0.022892 0.035696
v -0.062992 0.028028 0.034702
v -0.062843 0.027746 0.032776
v -0.062738 0.026782 0.031064
v -0.054845 0.046821 0.013427
v -0.054953 0.046841 0.013373
v -0.055049 0.046848 0.013296
v -0.055583 0.003655 -0.062642
v -0.050976 -0.003144 -0.062719
v -0.05046 -0.003153 -0.062905
v -0.041379 -0.019797 -0.05585
v -0.051405 -0.001164 -0.063601
v -0.053494 0.001171 -0.063498
v -0.052619 -0.001107 -0.063152
v -0.055045 0.003625 -0.062943
v -0.054513 0.001223 -0.062994
v -0.03418 -0.039953 -0.044809
v -0.035878 -0.040535 -0.042325
v -0.037325 -0.040937 -0.039732
v -0.054094 -0.032128 -0.023252
v -0.048908 -0.041275 -0.013934
v -0.05341 -0.036655 -0.020369
v -0.05345 -0.037851 -0.018744
v -0.038686 -0.041185 -0.036839
v -0.041187 -0.041275 -0.031771
v -0.057995 -0.030277 0.009562
v -0.055587 -0.030931 0.021241
v -0.054166 -0.036516 0.018118
v -0.053691 -0.037817 0.017982
v -0.052955 -0.038979 0.017772
v -0.05082 -0.040015 0.020892
v -0.048392 -0.040739 0.023738
v -0.045788 -0.041149 0.026328
v -0.040857 -0.041275 0.032257
v -0.039037 -0.041275 0.034736
v -0.037185 -0.041275 0.036928
v -0.035241 -0.041275 0.038903
v -0.033294 -0.041275 0.040603
v -0.031286 -0.041275 0.042107
v -0.042578 -0.041275 0.029584
v -0.0431 -0.041275 0.028695
v -0.044129 -0.041275 -0.026816
v -0.044431 -0.041275 -0.02623
v -0.04271 -0.041275 -0.029363
v -0.048051 -0.041275 -0.017128
v -0.047019 -0.041275 -0.020245
v -0.045812 -0.041275 -0.02328
v -0.053454 -0.036647 0.02024
v -0.054108 -0.032134 0.023257
v -0.033941 -0.041191 0.041403
v -0.033946 -0.039226 0.045947
v -0.03246 -0.040931 0.043801
v -0.038352 -0.029312 0.050853
v -0.054093 -0.001051 0.062443
v -0.055211 -0.001018 0.061769
v -0.034313 -0.038399 0.046476
v -0.057593 0.001329 0.060816
v -0.058219 -0.030258 0.005948
v -0.057868 -0.03107 0.002388
v -0.057793 -0.031094 -0.004411
v -0.057894 -0.031061 -0.001014
v -0.057253 -0.031203 -0.010905
v -0.05758 -0.03115 -0.007637
v -0.019089 0.0508 0.05163
v -0.019089 0.047625 0.05163
v -0.021018 0.0508 0.011797
v -0.021018 0.047625 0.011797
v -0.02032 0.047625 0.012343
v -0.020361 0.0508 0.012302
v -0.05499 0.0471 0.013086
v -0.054777 0.04734 0.012906
v -0.05463 0.047448 0.012782
v -0.022606 0.047625 0.011372
v -0.022606 0.0508 0.011372
v 0.046361 0.047625 -0.047637
v 0.045734 0.047625 -0.048072
v 0.022949 0.047625 -0.016593
v 0.022949 0.0508 -0.016593
v 0.023715 0.047625 -0.01691
v 0.024536 0.047625 -0.017018
v 0.045881 0.047587 -0.048342
v 0.048306 0.047065 -0.047564
v -0.018535 0.00142 -0.065056
v -0.02032 0.001497 -0.065087
v 0.042165 0.002554 -0.060842
v 0.046842 0.002861 -0.059988
v 0.046829 0.016288 -0.059946
v 0.048585 0.018383 -0.059221
v -0.0088 0.001172 -0.064406
v -0.060148 0.018526 -0.058279
v -0.049178 0.015001 -0.064927
v -0.053677 0.01735 -0.063572
v -0.059077 0.018661 -0.059555
v -0.060806 0.018691 -0.057338
v -0.060815 0.018577 -0.057335
v -0.060086 0.018772 -0.058257
v -0.058802 0.003751 0.059958
v -0.05866 0.001343 0.059754
v -0.060132 0.018635 0.058278
v -0.060086 0.018772 0.058257
v -0.062843 0.026651 0.041996
v -0.062924 0.026569 0.04193
v -0.062738 0.027771 0.040383
v -0.062484 0.027999 0.039945
v -0.062484 0.027833 0.040413
v -0.062992 0.027376 0.04019
v -0.062975 0.026474 0.041853
v -0.060727 0.018901 0.0573
v -0.060776 0.018801 0.057326
v -0.057884 0.018662 0.06069
v 0.043951 0.046789 0.050091
v 0.041435 0.047065 0.0504
v -0.017507 0.047065 0.054521
v 0.042114 0.020414 0.060116
v -0.016789 0.018383 0.064781
v -0.02032 0.016171 0.064479
v -0.05306 0.017175 0.063733
v -0.055471 0.018122 0.062542
v -0.02032 0.039101 0.031749
v -0.02032 0.037468 0.027407
v -0.02225 0.039101 0.031749
v -0.02225 0.037468 0.027407
v -0.02032 0.03968 0.036352
v -0.02225 0.03968 0.036352
v -0.02032 0.0469 0.013408
v -0.02032 0.034871 0.023563
v -0.02225 0.034871 0.023563
v -0.062738 0.025399 0.029659
v -0.062615 0.025431 0.02962
v -0.062484 0.025442 0.029606
v -0.062484 0.025616 0.029783
v -0.059817 0.025633 0.029766
v -0.062992 0.023254 0.036513
v -0.062992 0.023138 0.03563
v -0.062924 0.027651 0.032821
v -0.062975 0.02754 0.032873
v -0.062992 0.027421 0.032929
v -0.062843 0.026719 0.031114
v -0.05473 0.046789 0.013454
v -0.055126 0.046841 0.013201
v -0.05833 0.003743 -0.060426
v -0.058017 0.00374 -0.060754
v -0.05136 -0.003137 -0.062581
v -0.042867 -0.019797 -0.055213
v -0.038233 -0.029312 -0.050921
v -0.033809 -0.038357 -0.046815
v -0.052029 -0.003129 -0.062297
v -0.053808 -0.00106 -0.062596
v -0.055796 0.001278 -0.06222
v -0.053532 -0.033502 -0.023068
v -0.049369 -0.041124 -0.017523
v -0.052714 -0.039002 -0.018524
v -0.051757 -0.03996 -0.018237
v -0.050624 -0.040679 -0.017898
v -0.052726 -0.036779 -0.022322
v -0.042142 -0.04117 -0.032412
v -0.043738 -0.041161 -0.029974
v -0.045229 -0.041153 -0.02739
v -0.045546 -0.041151 -0.026794
v -0.047002 -0.041141 -0.023795
v -0.048277 -0.041132 -0.020703
v -0.054178 -0.032003 -0.02328
v -0.054595 -0.03087 -0.024608
v -0.053769 -0.032068 -0.024324
v -0.057671 -0.030261 0.013244
v -0.057264 -0.030173 0.016904
v -0.057101 -0.030116 0.018232
v -0.054943 -0.030929 0.023531
v -0.054167 -0.031995 0.023276
v -0.044147 -0.041159 0.029297
v -0.043599 -0.041162 0.030198
v -0.041797 -0.041172 0.032904
v -0.039895 -0.041181 0.035409
v -0.037962 -0.041187 0.037637
v -0.035948 -0.041191 0.039654
v -0.053532 -0.033502 0.023068
v -0.033507 -0.039936 0.045313
v -0.034571 -0.040942 0.042182
v -0.033007 -0.04051 0.044591
v -0.052463 -0.003123 0.062094
v -0.052913 -0.003117 0.06186
v -0.056266 -0.000992 0.061005
v -0.053216 -0.003114 0.061702
v -0.035991 -0.038458 0.04517
v -0.058781 -0.029527 0.006043
v -0.058622 -0.029546 0.009712
v -0.058338 -0.030238 0.002428
v -0.056978 -0.03122 -0.01306
v -0.054921 -0.030911 -0.023524
v -0.055791 -0.031013 -0.020185
v -0.056425 -0.03118 -0.016663
v 0.021787 0.0508 0.01543
v -0.019344 0.047625 0.050933
v -0.019344 0.0508 0.050933
v -0.021784 0.047625 0.01148
v -0.021784 0.0508 0.01148
v -0.019856 0.047625 0.012959
v -0.019856 0.0508 0.012959
v 0.022291 0.0508 -0.016088
v -0.053905 0.0508 0.009019
v -0.053905 0.047625 0.009019
v 0.043969 0.047625 -0.048801
v 0.024536 0.0508 -0.017018
v 0.046019 0.047476 -0.048596
v 0.04614 0.047299 -0.048818
v 0.046305 0.046789 -0.04912
v 0.050883 0.020414 -0.057524
v 0.048389 0.020414 -0.058714
v -0.02032 0.01376 -0.065087
v 0.044316 0.002712 -0.060586
v 0.046423 0.00284 -0.060124
v -0.015332 0.001288 -0.064863
v -0.016776 0.00133 -0.064964
v -0.02032 0.015003 -0.064933
v -0.050856 0.015985 -0.064574
v -0.055178 0.018008 -0.062733
v -0.056766 0.018447 -0.06168
v -0.057884 0.018662 -0.06069
v -0.06073 0.017113 -0.05738
v -0.060776 0.018801 -0.057326
v -0.06073 0.017113 0.05738
v -0.05978 0.003749 0.058786
v -0.060148 0.018526 0.058279
v -0.060806 0.018691 0.057338
v -0.062843 0.025263 0.043371
v -0.062924 0.025198 0.043289
v -0.061417 0.018968 0.05637
v -0.062738 0.026714 0.042047
v -0.059817 0.028038 0.039959
v -0.059817 0.022892 0.037329
v -0.062738 0.022892 0.037329
v -0.059016 0.018764 0.05951
v -0.060019 0.018875 0.05822
v -0.017497 0.046789 0.054661
v -0.02032 0.047065 0.05462
v -0.02032 0.017192 0.063753
v -0.053596 0.017453 0.063496
v -0.057814 0.018743 0.060622
v -0.056705 0.018526 0.061626
v -0.02225 0.039175 0.040963
v -0.02032 0.039175 0.040963
v -0.062615 0.02376 0.028551
v -0.062738 0.023738 0.028597
v -0.062738 0.022577 0.034935
v -0.059817 0.022577 0.034935
v -0.062924 0.026636 0.031179
v -0.062843 0.025348 0.029722
v -0.054883 0.046667 0.013476
v -0.054993 0.046696 0.013423
v -0.05509 0.046713 0.013343
v -0.055167 0.046719 0.013243
v -0.057956 0.001335 -0.060477
v -0.057011 0.001316 -0.061318
v -0.034633 -0.039251 -0.045432
v -0.044307 -0.019797 -0.054443
v -0.052751 -0.003119 -0.061943
v -0.054664 -0.001033 -0.062115
v -0.053908 -0.003107 -0.061295
v -0.03644 -0.039979 -0.042987
v -0.037996 -0.040523 -0.04041
v -0.039469 -0.040918 -0.037515
v -0.053381 -0.033466 -0.023552
v -0.05223 -0.038018 -0.022141
v -0.052396 -0.036837 -0.0231
v -0.041315 -0.04089 -0.035344
v -0.054299 -0.03084 -0.025579
v -0.05512 -0.030686 0.023589
v -0.05641 -0.02972 0.023453
v -0.056659 -0.02989 0.021603
v -0.058589 -0.02955 0.010471
v -0.057889 -0.029442 0.018485
v -0.055955 -0.029923 0.023864
v -0.053798 -0.031144 0.026142
v -0.051757 -0.039094 0.02122
v -0.049443 -0.040091 0.024179
v -0.046871 -0.040777 0.026863
v -0.052981 -0.036734 0.02165
v -0.053418 -0.033475 0.023419
v -0.036635 -0.04094 0.040385
v -0.035167 -0.040533 0.04292
v -0.044439 -0.019797 0.054364
v -0.055005 -0.0031 0.060543
v -0.054574 -0.003103 0.060844
v -0.054131 -0.003106 0.061153
v -0.036196 -0.039286 0.044193
v -0.05583 -0.003095 0.059884
v -0.057255 -0.000976 0.060155
v -0.059541 0.001342 0.0587
v -0.058848 -0.029519 0.004493
v -0.058358 -0.030233 -0.00103
v -0.058119 -0.030269 -0.007765
v -0.058281 -0.030248 -0.004485
v -0.057667 -0.030261 -0.013282
v -0.057872 -0.030277 -0.011089
v -0.055136 -0.030705 -0.023595
v 0.021787 0.047625 0.01543
v -0.019431 0.0508 0.050196
v -0.019431 0.047625 0.050196
v -0.019539 0.047625 0.013725
v -0.019431 0.047625 0.014547
v -0.055179 0.046821 0.013092
v -0.055045 0.047078 0.012996
v -0.054013 0.047625 0.008197
v -0.05432 0.047586 0.012445
v -0.053588 0.047625 -0.009784
v -0.053905 0.047625 -0.009019
v -0.053588 0.0508 -0.009784
v -0.053905 0.0508 -0.009019
v 0.043616 0.047625 -0.048946
v 0.023715 0.0508 -0.01691
v 0.046237 0.047065 -0.048997
v 0.045463 0.016288 -0.060361
v 0.045423 0.018383 -0.060182
v -0.016776 0.016288 -0.064964
v -0.051179 0.016165 -0.064469
v -0.055471 0.018122 -0.062542
v -0.059016 0.018764 -0.05951
v -0.060019 0.018875 -0.05822
v -0.061401 0.018619 -0.056527
v -0.061464 0.018861 -0.056395
v -0.060727 0.018901 -0.0573
v -0.061491 0.018745 -0.056405
v -0.060719 0.003725 0.057399
v -0.061464 0.018861 0.056395
v -0.062774 0.019532 0.052592
v -0.062801 0.019675 0.051998
v -0.062738 0.025313 0.043434
v -0.062843 0.023349 0.045153
v -0.062704 0.019733 0.052014
v -0.061352 0.019059 0.05633
v -0.06171 0.019007 0.055941
v -0.061642 0.019097 0.055906
v -0.062615 0.026753 0.042079
v -0.059817 0.02692 0.041894
v -0.062992 0.023138 0.037395
v -0.062843 0.020499 0.049519
v -0.062738 0.020573 0.049552
v -0.062992 0.026371 0.041771
v -0.062975 0.025122 0.043192
v -0.062924 0.023271 0.045082
v -0.060662 0.018987 0.05726
v -0.058938 0.018845 0.05945
v -0.016827 0.020414 0.064238
v -0.02032 0.018383 0.064904
v -0.055359 0.018229 0.062424
v -0.054791 0.01799 0.062788
v -0.056638 0.018585 0.061558
v -0.02032 0.037613 0.045331
v -0.02225 0.037613 0.045331
v -0.054764 0.04663 0.013501
v -0.02032 0.04663 0.013501
v -0.02032 0.031453 0.020427
v -0.02225 0.031453 0.020427
v -0.062843 0.023702 0.028669
v -0.062484 0.023768 0.028536
v -0.059817 0.023768 0.028536
v -0.062992 0.022797 0.034808
v -0.062975 0.02654 0.031255
v -0.062992 0.026436 0.031336
v -0.062924 0.025282 0.029804
v -0.055218 0.046712 0.013128
v -0.060398 0.001326 0.05746
v -0.035011 -0.038433 -0.045954
v -0.052981 -0.003116 -0.06183
v -0.054426 -0.003104 -0.060952
v -0.05574 -0.001004 -0.061403
v -0.056762 -0.000983 -0.060598
v -0.049478 -0.040711 -0.02114
v -0.0515 -0.039118 -0.021876
v -0.050569 -0.040029 -0.021537
v -0.043065 -0.040858 -0.033032
v -0.044729 -0.040825 -0.030563
v -0.046287 -0.04079 -0.027942
v -0.046618 -0.040783 -0.027336
v -0.048142 -0.040746 -0.024287
v -0.054874 -0.030492 -0.024932
v -0.053798 -0.031144 -0.026142
v -0.059167 -0.028897 0.010426
v -0.058041 -0.029493 0.017147
v -0.058112 -0.029516 0.016523
v -0.057503 -0.029314 0.02188
v -0.05697 -0.02947 0.022949
v -0.056141 -0.029455 0.024771
v -0.054874 -0.030492 0.024932
v -0.053663 -0.031236 0.026313
v -0.052488 -0.037983 0.021477
v -0.045156 -0.040816 0.029877
v -0.044584 -0.040828 0.03079
v -0.042706 -0.040865 0.033529
v -0.040728 -0.0409 0.036062
v -0.038718 -0.040926 0.038326
v -0.053187 -0.031962 0.026136
v -0.037286 -0.04053 0.041077
v -0.035714 -0.039976 0.043596
v -0.045808 -0.019797 0.053455
v -0.040809 -0.029312 0.049239
v -0.036602 -0.03848 0.044695
v -0.047093 -0.019797 0.052427
v -0.0561 -0.003094 0.059636
v -0.058165 -0.000969 0.05923
v -0.059314 -0.028909 0.004474
v -0.057259 -0.030172 -0.016947
v -0.055045 -0.030402 -0.024763
v -0.056803 -0.029975 -0.020529
v -0.053084 0.0508 -0.010442
v -0.053084 0.047625 -0.010442
v -0.019431 0.0508 0.014547
v -0.019539 0.0508 0.013725
v 0.02147 0.047625 0.014665
v 0.021361 0.047625 0.013843
v 0.021361 0.047625 -0.013843
v 0.02147 0.047625 -0.014665
v 0.021787 0.047625 -0.01543
v 0.021787 0.0508 -0.01543
v -0.054013 0.0508 0.008197
v -0.054013 0.0508 -0.008197
v -0.054013 0.047625 -0.008197
v 0.043703 0.047587 -0.049241
v 0.041361 0.0508 -0.049349
v 0.043951 0.046789 -0.050092
v -0.059165 0.003753 -0.05955
v -0.02032 0.016171 -0.064479
v -0.052019 0.016635 -0.064196
v -0.056705 0.018526 -0.061626
v -0.057814 0.018743 -0.060622
v -0.061495 0.018626 -0.056397
v -0.061417 0.018968 -0.05637
v -0.060815 0.018577 0.057335
v -0.062855 0.019452 0.052582
v -0.062738 0.023408 0.045208
v -0.062843 0.021747 0.047221
v -0.062738 0.021814 0.047265
v -0.062601 0.019334 0.053647
v -0.062679 0.019251 0.053653
v -0.062678 0.019593 0.052598
v -0.062228 0.019199 0.054778
v -0.062302 0.019111 0.054802
v -0.062484 0.0269 0.04188
v -0.062484 0.026767 0.04209
v -0.062615 0.025345 0.043474
v -0.059817 0.022577 0.03809
v -0.062738 0.022577 0.03809
v -0.059934 0.018956 0.058168
v -0.060583 0.019053 0.057209
v -0.02032 0.046789 0.05476
v -0.056322 0.018543 0.061669
v -0.02032 0.018004 0.062799
v -0.055071 0.018116 0.062622
v -0.058848 0.018898 0.059377
v -0.057732 0.018797 0.06054
v -0.02225 0.035079 0.049217
v -0.02032 0.035079 0.049217
v -0.060983 0.029545 0.017288
v -0.02225 0.0274 0.01817
v -0.02032 0.0274 0.01817
v -0.061101 0.029582 0.017264
v -0.062738 0.023237 0.028339
v -0.062615 0.023261 0.028294
v -0.062484 0.023269 0.028279
v -0.062843 0.023199 0.02841
v -0.062738 0.022075 0.034281
v -0.059817 0.022075 0.034281
v -0.062975 0.025205 0.029899
v -0.062924 0.023656 0.028763
v -0.061212 0.029611 0.01721
v -0.061309 0.029628 0.017131
v -0.061385 0.029634 0.01703
v -0.058924 -0.000968 0.058324
v -0.060854 0.003717 0.057144
v -0.058986 0.001344 -0.059385
v -0.057564 -0.000973 -0.059858
v -0.035893 -0.038453 -0.045243
v -0.040699 -0.029312 -0.049322
v -0.045683 -0.019797 -0.053545
v -0.054578 -0.003103 -0.060852
v -0.055418 -0.003097 -0.060224
v -0.036938 -0.039291 -0.043571
v -0.03861 -0.039959 -0.04103
v -0.040207 -0.040482 -0.038151
v -0.053201 -0.033423 -0.024128
v -0.052721 -0.031879 -0.027501
v -0.050804 -0.038204 -0.025438
v -0.042117 -0.040421 -0.035949
v -0.055004 -0.030067 -0.025627
v -0.053871 -0.0308 -0.026625
v -0.057196 -0.029003 0.024066
v -0.058355 -0.029533 0.013444
v -0.057424 -0.029288 0.022582
v -0.054299 -0.03084 0.025579
v -0.050349 -0.039222 0.024559
v -0.047866 -0.040172 0.027354
v -0.05244 -0.036829 0.022971
v -0.052609 -0.033283 0.025922
v -0.052721 -0.031879 0.027501
v -0.039431 -0.0405 0.038977
v -0.037883 -0.039971 0.041711
v -0.037993 -0.038474 0.043486
v -0.05661 -0.003092 0.059169
v -0.061121 -0.018412 -0.008098
v -0.059682 -0.028235 0.004454
v -0.058874 -0.029514 0.002467
v -0.058826 -0.029522 -0.004557
v -0.058906 -0.029507 0
v -0.058526 -0.029548 -0.011261
v -0.0588 -0.029528 -0.006075
v -0.058032 -0.029492 -0.01719
v -0.058479 -0.029552 -0.01215
v -0.05641 -0.02972 -0.023453
v -0.055955 -0.029923 -0.023864
v -0.052426 0.0508 -0.010946
v -0.052426 0.047625 -0.010946
v 0.02147 0.0508 0.014665
v -0.055242 0.046694 0.013005
v -0.055207 0.046789 0.012977
v -0.054608 0.047472 0.012617
v -0.054523 0.047518 0.012566
v 0.046626 0.020414 -0.059249
v 0.045304 0.020414 -0.059651
v 0.041361 0.047625 -0.049349
v 0.043784 0.047476 -0.049518
v 0.043855 0.047299 -0.049762
v 0.043912 0.047065 -0.049957
v -0.02032 0.016288 -0.065087
v -0.060189 0.003742 -0.05822
v -0.060858 0.016782 -0.057146
v -0.05306 0.017175 -0.063733
v -0.054791 0.01799 -0.062788
v -0.058938 0.018845 -0.05945
v -0.060662 0.018987 -0.05726
v -0.062087 0.019068 -0.055273
v -0.061352 0.019059 -0.05633
v -0.06214 0.018964 -0.055291
v -0.06217 0.01885 -0.055296
v -0.062601 0.019334 -0.053647
v -0.062774 0.019532 -0.052592
v -0.062506 0.019399 -0.053635
v -0.062615 0.025345 -0.043474
v -0.062597 0.026757 -0.042082
v -0.062704 0.026728 -0.042058
v -0.060859 0.016781 0.057146
v -0.061401 0.018619 0.056527
v -0.06176 0.018902 0.055964
v -0.061491 0.018745 0.056405
v -0.062881 0.019597 0.051978
v -0.062615 0.023446 0.045242
v -0.061272 0.01913 0.056277
v -0.061558 0.019167 0.055859
v -0.062137 0.019266 0.054746
v -0.062506 0.019399 0.053635
v -0.062484 0.025355 0.043488
v -0.059817 0.025355 0.043488
v -0.062992 0.022797 0.038217
v -0.062924 0.021659 0.047163
v -0.062992 0.02504 0.043089
v -0.062975 0.023181 0.045
v -0.059836 0.01901 0.058104
v -0.02032 0.020414 0.06436
v -0.02032 0.018558 0.061675
v -0.056567 0.018623 0.061478
v -0.02032 0.031712 0.052408
v -0.02225 0.031712 0.052408
v -0.062465 0.022224 0.019623
v -0.059817 0.022346 0.019517
v -0.062457 0.022353 0.019527
v -0.062417 0.023018 0.019031
v -0.062481 0.021687 0.020185
v -0.061726 0.027126 0.017825
v -0.06185 0.027152 0.017802
v -0.06222 0.024644 0.018375
v -0.062348 0.024658 0.018355
v -0.062477 0.023714 0.018655
v -0.062349 0.023709 0.018675
v -0.062376 0.023431 0.018818
v -0.062545 0.023016 0.019012
v -0.062595 0.022216 0.019608
v -0.062612 0.021674 0.020173
v -0.062483 0.021475 0.020471
v -0.062615 0.021331 0.020637
v -0.062484 0.021345 0.020646
v -0.062615 0.022225 0.027566
v -0.062924 0.023149 0.028502
v -0.059817 0.023269 0.028279
v -0.062992 0.022255 0.034101
v -0.062992 0.025122 0.030001
v -0.062975 0.023602 0.028873
v -0.061437 0.029627 0.016915
v -0.059674 -0.000977 0.057268
v -0.061126 0.001294 0.056156
v -0.059913 0.001337 -0.058193
v -0.058445 -0.000968 -0.058912
v -0.056856 -0.003091 -0.058922
v -0.046977 -0.019797 -0.052528
v -0.055965 -0.003094 -0.059757
v -0.051313 -0.037025 -0.025658
v -0.049184 -0.040105 -0.024738
v -0.050084 -0.039245 -0.025127
v -0.043926 -0.04035 -0.033611
v -0.045647 -0.040277 -0.031109
v -0.047261 -0.040202 -0.02845
v -0.047605 -0.040185 -0.027835
v -0.052746 -0.031657 -0.027774
v -0.061217 -0.017634 -0.007389
v -0.057267 -0.028304 0.025078
v -0.059625 -0.028156 0.010376
v -0.058893 -0.028825 0.016448
v -0.057515 -0.029112 0.023049
v -0.0562 -0.028836 0.025601
v -0.055004 -0.030067 0.025627
v -0.053871 -0.0308 0.026625
v -0.04609 -0.040257 0.030413
v -0.045497 -0.040284 0.031339
v -0.043554 -0.040365 0.034114
v -0.041511 -0.040442 0.036676
v -0.051071 -0.03817 0.024862
v -0.040083 -0.039919 0.039571
v -0.038409 -0.039278 0.04227
v -0.057339 -0.00309 0.058405
v -0.057464 -0.00309 0.058257
v -0.057954 -0.003089 0.057674
v -0.058576 -0.00309 0.056831
v -0.061048 -0.01901 -0.00893
v -0.060088 -0.026823 0
v -0.059944 -0.027552 0
v -0.059945 -0.027514 0.004433
v -0.059695 -0.028252 0
v -0.059347 -0.028908 0
v -0.058888 -0.02951 -0.001047
v -0.058704 -0.029535 -0.007887
v -0.057945 -0.02948 -0.018171
v -0.05836 -0.029536 -0.013483
v -0.056141 -0.029455 -0.024771
v -0.056971 -0.02947 -0.022948
v -0.05166 0.0508 -0.011264
v -0.05166 0.047625 -0.011264
v -0.021784 0.047625 -0.01148
v -0.022606 0.047625 -0.011372
v -0.021784 0.0508 -0.01148
v -0.022606 0.0508 -0.011372
v 0.021361 0.0508 0.013843
v -0.021018 0.0508 -0.011797
v -0.021018 0.047625 -0.011797
v 0.021361 0.0508 -0.013843
v 0.02147 0.0508 -0.014665
v -0.055082 0.047041 0.012902
v -0.054868 0.047294 0.012774
v -0.054711 0.047416 0.01268
v -0.05432 0.047586 -0.012445
v -0.054013 0.047625 -0.012261
v 0.041383 0.047587 -0.049656
v -0.017489 0.0508 -0.053121
v -0.016776 0.0508 -0.053328
v -0.017489 0.047625 -0.053121
v -0.016776 0.047625 -0.053328
v -0.016035 0.0508 -0.053363
v -0.016035 0.047625 -0.053363
v 0.041445 0.046789 -0.05054
v 0.042114 0.020414 -0.060116
v 0.042152 0.018383 -0.060659
v -0.060856 0.003717 -0.057144
v -0.02032 0.017192 -0.063753
v -0.053596 0.017453 -0.063496
v -0.055071 0.018116 -0.062622
v -0.056638 0.018585 -0.061558
v -0.057732 0.018797 -0.06054
v -0.059934 0.018956 -0.058168
v -0.062014 0.019157 -0.055245
v -0.062137 0.019266 -0.054746
v -0.062678 0.019593 -0.052598
v -0.062801 0.019675 -0.051998
v -0.062704 0.019733 -0.052014
v -0.062843 0.020499 -0.049519
v -0.062738 0.025313 -0.043434
v -0.062615 0.023446 -0.045242
v -0.062738 0.023408 -0.045208
v -0.061335 0.015547 -0.056274
v -0.061867 0.016997 -0.055453
v -0.062176 0.018733 -0.055289
v -0.062302 0.019111 -0.054802
v -0.062228 0.019199 -0.054778
v -0.062679 0.019251 -0.053653
v -0.062855 0.019452 -0.052582
v -0.062801 0.026681 -0.04202
v -0.062704 0.027787 -0.040391
v -0.062484 0.026767 -0.04209
v -0.062484 0.025355 -0.043488
v -0.061293 0.01566 0.056358
v -0.062357 0.019008 0.054815
v -0.062738 0.019152 0.053652
v -0.062924 0.020403 0.049477
v -0.062915 0.019357 0.052566
v -0.062615 0.021857 0.047292
v -0.062615 0.020619 0.049572
v -0.062571 0.019632 0.052597
v -0.061464 0.019213 0.055803
v -0.061182 0.019177 0.056215
v -0.062484 0.023459 0.045254
v -0.059817 0.022075 0.038744
v -0.062738 0.022075 0.038744
v -0.060495 0.019096 0.05715
v -0.058751 0.018922 0.059296
v -0.057646 0.018821 0.06045
v -0.02032 0.027696 0.05473
v -0.02225 0.027696 0.05473
v -0.059817 0.023425 0.018805
v -0.059817 0.024644 0.018375
v -0.059817 0.021469 0.020467
v -0.062484 0.020864 0.021608
v -0.059817 0.020847 0.0216
v -0.02225 0.016322 0.020626
v -0.02032 0.016322 0.020626
v -0.061965 0.02717 0.01775
v -0.062843 0.022138 0.027664
v -0.062738 0.022192 0.027604
v -0.062924 0.022067 0.027742
v -0.062484 0.021375 0.026551
v -0.059817 0.021369 0.026554
v -0.059817 0.022214 0.027532
v -0.062484 0.022217 0.02753
v -0.062738 0.021422 0.033779
v -0.059817 0.021422 0.033779
v -0.062992 0.023544 0.028991
v -0.062975 0.023091 0.02861
v -0.062615 0.020764 0.021768
v -0.062484 0.02078 0.021774
v -0.062484 0.020508 0.024265
v -0.062615 0.020491 0.024268
v -0.062484 0.020794 0.025399
v -0.062615 0.020801 0.025495
v -0.062615 0.02139 0.026615
v -0.062066 0.027177 0.01767
v -0.062145 0.027175 0.017569
v -0.062197 0.027162 0.017453
v -0.062219 0.02714 0.017329
v -0.062195 0.012937 0.05418
v -0.061499 0.003677 0.055934
v -0.059247 -0.000971 -0.057892
v -0.037356 -0.038487 -0.044063
v -0.057342 -0.00309 -0.05839
v -0.056219 -0.003093 -0.059539
v -0.039151 -0.039261 -0.041577
v -0.04088 -0.039888 -0.038731
v -0.052442 -0.033244 -0.026348
v -0.052371 -0.032139 -0.027982
v -0.052 -0.032302 -0.028634
v -0.042842 -0.039783 -0.036495
v -0.052752 -0.031424 -0.028037
v -0.053892 -0.030417 -0.027082
v -0.05768 -0.028644 0.024073
v -0.060096 -0.026761 0.004412
v -0.057178 -0.027413 0.025924
v -0.052746 -0.031657 0.027774
v -0.048735 -0.03936 0.027783
v -0.051578 -0.03698 0.025075
v -0.0525 -0.033257 0.026222
v -0.04222 -0.03982 0.037232
v -0.040654 -0.0392 0.040092
v -0.038851 -0.03847 0.042741
v -0.043048 -0.029312 0.047326
v -0.049357 -0.019797 0.050069
v -0.058639 -0.00309 0.056733
v -0.060329 -0.000993 0.056163
v -0.060102 -0.02671 -0.005964
v -0.059287 -0.028908 -0.00605
v -0.059104 -0.028886 -0.012097
v -0.058796 -0.028785 -0.018086
v -0.057634 -0.029365 -0.0208
v -0.057424 -0.029288 -0.022582
v -0.055044 -0.029556 -0.026273
v -0.057196 -0.029003 -0.024066
v -0.050838 0.0508 -0.011372
v -0.050838 0.047625 -0.011372
v -0.020403 0.047625 -0.012261
v -0.019089 0.0508 -0.05163
v -0.018678 0.0508 -0.052249
v -0.019089 0.047625 -0.05163
v -0.018678 0.047625 -0.052249
v -0.06146 0.029609 0.016792
v -0.054523 0.047518 -0.012566
v -0.018135 0.0508 -0.052755
v -0.018135 0.047625 -0.052755
v 0.041403 0.047476 -0.049944
v 0.041421 0.047299 -0.050197
v 0.041435 0.047065 -0.0504
v -0.02032 0.018383 -0.064904
v -0.016789 0.018383 -0.064781
v -0.02032 0.018004 -0.062799
v -0.055359 0.018229 -0.062424
v -0.058848 0.018898 -0.059377
v -0.060583 0.019053 -0.057209
v -0.061926 0.019225 -0.055206
v -0.061272 0.01913 -0.056277
v -0.062035 0.01931 -0.054707
v -0.062401 0.01944 -0.053616
v -0.062738 0.020573 -0.049552
v -0.062738 0.021814 -0.047265
v -0.062615 0.021857 -0.047292
v -0.062484 0.023459 -0.045254
v -0.062843 0.021747 -0.047221
v -0.062881 0.026618 -0.04197
v -0.062801 0.027733 -0.040364
v -0.062843 0.025263 -0.043371
v -0.062942 0.026543 -0.041909
v -0.062881 0.027661 -0.040329
v -0.062843 0.023349 -0.045153
v -0.061819 0.014163 -0.055201
v -0.062169 0.015421 -0.054473
v -0.06197 0.016549 -0.055193
v -0.062328 0.018764 -0.054958
v -0.062357 0.019008 -0.054815
v -0.062389 0.018895 -0.054819
v -0.062881 0.019597 -0.051978
v -0.062942 0.027574 -0.040286
v -0.062597 0.027821 -0.040407
v -0.059817 0.025355 -0.043488
v -0.061783 0.014273 0.05529
v -0.061766 0.017473 0.055741
v -0.061495 0.018626 0.056397
v -0.061787 0.018786 0.055971
v -0.062942 0.019504 0.051954
v -0.062597 0.01977 0.052023
v -0.062035 0.01931 0.054707
v -0.062401 0.01944 0.053616
v -0.061364 0.019233 0.055741
v -0.062992 0.022255 0.038924
v -0.062992 0.023084 0.044911
v -0.062975 0.021556 0.047096
v -0.02032 0.018821 0.06045
v -0.059817 0.020784 0.025401
v -0.062484 0.020531 0.022853
v -0.062615 0.020479 0.023002
v -0.062484 0.020496 0.023004
v -0.062484 0.020507 0.024141
v -0.02032 0.01252 0.021982
v -0.02225 0.01252 0.021982
v -0.062467 0.024664 0.018303
v -0.062596 0.023705 0.018606
v -0.062664 0.022997 0.018967
v -0.062715 0.022185 0.019569
v -0.062733 0.021637 0.02014
v -0.062738 0.021289 0.020609
v -0.062843 0.021281 0.02669
v -0.062924 0.021195 0.02675
v -0.062975 0.021986 0.027834
v -0.062992 0.021549 0.033559
v -0.062992 0.023028 0.028726
v -0.062738 0.021348 0.026644
v -0.06258 0.025327 0.017723
v -0.062014 0.003621 0.054697
v -0.059908 -0.000981 -0.056898
v -0.05822 -0.003089 -0.057328
v -0.037902 -0.038477 -0.043571
v -0.057565 -0.00309 -0.058147
v -0.042949 -0.029312 -0.047422
v -0.048174 -0.019797 -0.051404
v -0.051258 -0.037034 -0.025768
v -0.051995 -0.032419 -0.028501
v -0.052001 -0.032181 -0.028764
v -0.048467 -0.039382 -0.028271
v -0.049171 -0.038404 -0.028628
v -0.049961 -0.037246 -0.028349
v -0.044697 -0.039663 -0.034128
v -0.046461 -0.039538 -0.031593
v -0.048115 -0.03941 -0.028895
v -0.052739 -0.03118 -0.02829
v -0.051997 -0.032059 -0.028892
v -0.060997 -0.019426 0.009867
v -0.061048 -0.01901 0.00893
v -0.06097 -0.019647 0.010901
v -0.057641 -0.027147 0.025781
v -0.057735 -0.028102 0.024882
v -0.057661 -0.028832 0.023792
v -0.061328 -0.016725 -0.00686
v -0.059948 -0.027347 0.010323
v -0.059516 -0.027989 0.01636
v -0.05849 -0.028608 0.022474
v -0.058417 -0.028556 0.023057
v -0.05613 -0.028092 0.02632
v -0.055044 -0.029556 0.026273
v -0.053892 -0.030418 0.027082
v -0.046915 -0.039504 0.030887
v -0.046307 -0.039549 0.031826
v -0.044316 -0.039689 0.034637
v -0.051303 -0.037025 0.025639
v -0.051995 -0.032419 0.028501
v -0.052 -0.032302 0.028634
v -0.052752 -0.031424 0.028037
v -0.042834 -0.039053 0.037714
v -0.03993 -0.038419 0.041691
v -0.04828 -0.019797 0.051293
v -0.059138 -0.003092 0.055955
v -0.056936 -0.026383 0.026556
v -0.060997 -0.019426 -0.009867
v -0.06097 -0.019647 -0.010901
v -0.059946 -0.027483 -0.005993
v -0.059672 -0.028221 -0.006022
v -0.0562 -0.028836 -0.025601
v -0.057515 -0.029112 -0.023049
v -0.020361 0.0508 -0.012302
v -0.019344 0.047625 -0.050933
v -0.019344 0.0508 -0.050933
v -0.019856 0.0508 -0.012959
v -0.019539 0.0508 -0.013725
v -0.019431 0.0508 -0.014547
v -0.019431 0.0508 -0.050196
v -0.055207 0.046789 -0.012977
v -0.055082 0.047041 -0.012902
v -0.054868 0.047294 -0.012774
v -0.054711 0.047416 -0.01268
v -0.054608 0.047472 -0.012617
v -0.017559 0.047587 -0.053777
v -0.017521 0.047299 -0.054319
v -0.017507 0.047065 -0.054521
v -0.016827 0.020414 -0.064238
v -0.06066 0.001317 -0.057023
v -0.056322 0.018543 -0.061669
v -0.056567 0.018623 -0.061478
v -0.057646 0.018821 -0.06045
v -0.059836 0.01901 -0.058104
v -0.061827 0.01927 -0.055161
v -0.062571 0.019632 -0.052597
v -0.062615 0.020619 -0.049572
v -0.062979 0.026459 -0.041842
v -0.062979 0.027478 -0.040239
v -0.062924 0.020403 -0.049477
v -0.062924 0.025198 -0.043289
v -0.061962 0.013718 -0.054838
v -0.062532 0.016813 -0.054018
v -0.062738 0.019152 -0.053652
v -0.062915 0.019357 -0.052566
v -0.062942 0.019504 -0.051954
v -0.062801 0.028391 -0.038516
v -0.062597 0.028487 -0.038538
v -0.062484 0.027833 -0.040413
v -0.062484 0.0269 -0.04188
v -0.059817 0.02692 -0.041894
v -0.061827 0.017127 0.055521
v -0.062101 0.015559 0.054521
v -0.062443 0.011962 0.053319
v -0.062441 0.00354 0.053318
v -0.062372 0.014006 0.053532
v -0.062389 0.018895 0.054819
v -0.062773 0.019043 0.053644
v -0.062952 0.019252 0.052546
v -0.062975 0.020291 0.049427
v -0.062484 0.021871 0.047302
v -0.062484 0.023049 0.045782
v -0.062484 0.019974 0.051475
v -0.062484 0.019782 0.052026
v -0.061086 0.019197 0.056146
v -0.061927 0.019327 0.054663
v -0.059817 0.023017 0.045757
v -0.059817 0.021422 0.039246
v -0.062738 0.021422 0.039246
v -0.060402 0.019115 0.057085
v -0.059731 0.019032 0.058033
v -0.02225 0.023251 0.056055
v -0.02032 0.023251 0.056055
v -0.059817 0.020515 0.022849
v -0.059817 0.020494 0.024142
v -0.06257 0.024662 0.018224
v -0.062975 0.021094 0.026819
v -0.062738 0.020661 0.033464
v -0.059817 0.020661 0.033464
v -0.062992 0.021898 0.027931
v -0.062738 0.020716 0.021751
v -0.062738 0.020428 0.022996
v -0.062738 0.020441 0.024274
v -0.062738 0.020753 0.025513
v -0.062651 0.024651 0.018122
v -0.062703 0.024633 0.018005
v -0.061622 0.001256 0.055059
v -0.060788 -0.001014 0.055237
v -0.059317 -0.003094 -0.055646
v -0.060533 -0.001001 -0.055771
v -0.058535 -0.00309 -0.056879
v -0.049261 -0.019797 -0.050187
v -0.039605 -0.038446 -0.042035
v -0.041467 -0.039154 -0.039238
v -0.051085 -0.034069 -0.028923
v -0.051941 -0.033127 -0.02781
v -0.052672 -0.030975 -0.028555
v -0.049689 -0.03729 -0.02889
v -0.043467 -0.038997 -0.036966
v -0.05386 -0.03 -0.027507
v -0.061217 -0.017634 0.007389
v -0.057699 -0.027737 0.025226
v -0.057722 -0.027967 0.025009
v -0.058203 -0.0283 0.024085
v -0.049442 -0.038372 0.028132
v -0.0513 -0.032969 0.029523
v -0.052001 -0.032181 0.028764
v -0.044964 -0.038857 0.035084
v -0.043335 -0.038163 0.038107
v -0.041816 -0.038301 0.039773
v -0.059546 -0.003096 0.055226
v -0.057964 -0.026704 0.025817
v -0.05747 -0.026399 0.026215
v -0.0596 -0.02812 -0.012037
v -0.05849 -0.028608 -0.022474
v -0.059477 -0.027923 -0.017987
v -0.058417 -0.028556 -0.023057
v -0.054992 -0.028973 -0.026853
v -0.05768 -0.028644 -0.024073
v -0.057267 -0.028303 -0.025078
v -0.057735 -0.028102 -0.024882
v -0.057661 -0.028832 -0.023792
v -0.02032 0.047625 -0.012343
v -0.019856 0.047625 -0.012959
v -0.019539 0.047625 -0.013725
v -0.019431 0.047625 -0.050196
v -0.06146 0.029609 -0.016792
v -0.062219 0.02714 -0.017329
v -0.055242 0.046694 -0.013005
v -0.055218 0.046712 -0.013128
v -0.055179 0.046821 -0.013092
v -0.055045 0.047078 -0.012996
v -0.05439 0.047536 -0.012706
v -0.017497 0.046789 -0.054661
v -0.01758 0.047625 -0.053471
v -0.017538 0.047476 -0.054066
v -0.02032 0.020414 -0.06436
v -0.061732 0.003655 -0.055411
v -0.061001 0.003711 -0.056909
v -0.02032 0.018558 -0.061675
v -0.058751 0.018922 -0.059296
v -0.060495 0.019096 -0.05715
v -0.061722 0.019288 -0.05511
v -0.061182 0.019177 -0.056215
v -0.061927 0.019327 -0.054663
v -0.06229 0.019457 -0.053592
v -0.062484 0.021871 -0.047302
v -0.062484 0.023049 -0.045782
v -0.059817 0.023017 -0.045757
v -0.062977 0.02511 -0.043178
v -0.062924 0.021659 -0.047163
v -0.062924 0.023271 -0.045082
v -0.062341 0.012399 -0.053713
v -0.062259 0.014907 -0.054145
v -0.062396 0.018779 -0.054812
v -0.062773 0.019043 -0.053644
v -0.06258 0.025327 -0.017723
v -0.062881 0.028313 -0.038497
v -0.062942 0.028219 -0.038475
v -0.062704 0.02845 -0.038529
v -0.062979 0.028115 -0.038451
v -0.062992 0.026371 -0.041771
v -0.062992 0.027376 -0.04019
v -0.062525 0.011639 0.053034
v -0.062642 0.012464 0.052549
v -0.061792 0.018668 0.055964
v -0.062752 0.011835 0.052148
v -0.062636 0.011116 0.052555
v -0.062979 0.0194 0.051927
v -0.062484 0.021233 0.048478
v -0.062484 0.020635 0.049579
v -0.062459 0.019646 0.05259
v -0.06229 0.019457 0.053592
v -0.062992 0.021549 0.039466
v -0.062992 0.021446 0.047024
v -0.02032 0.009168 0.024232
v -0.02225 0.009168 0.024232
v -0.02032 0.016236 0.020239
v -0.059817 0.016236 0.020239
v -0.062699 0.023684 0.018531
v -0.062768 0.022963 0.018898
v -0.06282 0.022135 0.019509
v -0.062838 0.021576 0.020088
v -0.062843 0.021221 0.020564
v -0.062924 0.02058 0.02558
v -0.062843 0.020678 0.025542
v -0.062992 0.020985 0.026893
v -0.062992 0.020726 0.033219
v -0.062723 0.024608 0.017879
v -0.059609 -0.003097 0.055096
v -0.059524 -0.003096 -0.055251
v -0.058774 -0.00309 -0.056537
v -0.039849 -0.038431 -0.041788
v -0.051451 -0.033014 -0.029111
v -0.051988 -0.031934 -0.029018
v -0.048815 -0.038446 -0.02926
v -0.049334 -0.037346 -0.029531
v -0.045351 -0.038819 -0.034568
v -0.04714 -0.038634 -0.031997
v -0.05295 -0.030615 -0.028387
v -0.061121 -0.018412 0.008098
v -0.06097 -0.019647 0.011959
v -0.057855 -0.027884 0.025019
v -0.058556 -0.027127 0.025019
v -0.060129 -0.026495 0.010269
v -0.059953 -0.027043 0.016265
v -0.059353 -0.027687 0.022338
v -0.059268 -0.027637 0.023057
v -0.055934 -0.027252 0.026897
v -0.054992 -0.028973 0.026853
v -0.05386 -0.03 0.027507
v -0.0476 -0.038584 0.031281
v -0.046985 -0.03865 0.032234
v -0.050034 -0.037235 0.028235
v -0.052739 -0.03118 0.02829
v -0.051997 -0.032059 0.028892
v -0.043664 -0.038122 0.037698
v -0.044131 -0.034069 0.041215
v -0.041129 -0.038363 0.040525
v -0.045021 -0.029312 0.045164
v -0.050317 -0.019797 0.048769
v -0.061277 -0.001047 0.054031
v -0.060008 -0.003102 0.054273
v -0.057308 -0.026092 0.02645
v -0.060142 -0.026385 -0.011908
v -0.06097 -0.019647 -0.011959
v -0.05995 -0.027277 -0.011974
v -0.059353 -0.027687 -0.022338
v -0.05613 -0.028092 -0.02632
v -0.057722 -0.027967 -0.025009
v -0.057699 -0.027737 -0.025226
v -0.058203 -0.0283 -0.024085
v -0.019431 0.047625 -0.014547
v -0.062197 0.027162 -0.017453
v -0.02032 0.046789 -0.05476
v -0.061348 0.001279 -0.055692
v -0.061066 -0.001031 -0.054587
v -0.02032 0.018821 -0.06045
v -0.059731 0.019032 -0.058033
v -0.061086 0.019197 -0.056146
v -0.062597 0.01977 -0.052023
v -0.062459 0.019646 -0.05259
v -0.062992 0.02504 -0.043089
v -0.062975 0.023181 -0.045
v -0.062532 0.013361 -0.053158
v -0.062784 0.01893 -0.053629
v -0.062952 0.019252 -0.052546
v -0.062723 0.024608 -0.017879
v -0.062484 0.028499 -0.038541
v -0.062484 0.027999 -0.039945
v -0.059817 0.028038 -0.039959
v -0.059817 0.021422 -0.039246
v -0.059817 0.022075 -0.038744
v -0.062738 0.021422 -0.039246
v -0.062738 0.022075 -0.038744
v -0.062439 0.017754 0.054478
v -0.062321 0.018765 0.054954
v -0.062396 0.018779 0.054812
v -0.062824 0.011233 0.051624
v -0.062816 0.018967 0.053433
v -0.062965 0.019141 0.052522
v -0.059817 0.021187 0.048453
v -0.059817 0.01994 0.051463
v -0.059817 0.020661 0.039561
v -0.062738 0.020661 0.039561
v -0.062992 0.02017 0.049374
v -0.02225 0.012967 0.05126
v -0.02032 0.012967 0.05126
v -0.02225 0.006474 0.027238
v -0.02225 0.004602 0.030814
v -0.02225 0.003669 0.034741
v -0.02225 0.006763 0.046191
v -0.02225 0.009548 0.049113
v -0.02225 0.004783 0.042674
v -0.02225 0.00373 0.038777
v -0.059817 0.012341 0.021628
v -0.02032 0.012341 0.021628
v -0.06278 0.023652 0.018436
v -0.062975 0.020465 0.025623
v -0.062992 0.020342 0.02567
v -0.062738 0.019844 0.033357
v -0.059817 0.019844 0.033357
v -0.062843 0.02064 0.021724
v -0.062843 0.020348 0.022987
v -0.062843 0.020361 0.024284
v -0.062833 0.02361 0.018325
v -0.062854 0.023562 0.018207
v -0.062803 0.024017 -0.018039
v -0.051155 -0.019797 0.047413
v -0.06037 -0.003105 0.053383
v -0.060413 -0.003106 0.053278
v -0.062123 0.001192 0.053631
v -0.050232 -0.019797 -0.048894
v -0.059804 -0.003099 -0.054713
v -0.044935 -0.029312 -0.04527
v -0.041738 -0.038313 -0.039875
v -0.041954 -0.0383 -0.039657
v -0.05129 -0.032977 -0.029537
v -0.052818 -0.03057 -0.028596
v -0.043363 -0.03816 -0.038075
v -0.043974 -0.038087 -0.037348
v -0.045349 -0.037912 -0.035581
v -0.054171 -0.029106 -0.027696
v -0.05485 -0.028333 -0.027353
v -0.055708 -0.027478 -0.026992
v -0.056293 -0.025794 0.027181
v -0.055762 -0.027423 0.026969
v -0.049959 -0.037247 0.028388
v -0.05114 -0.034069 0.028799
v -0.051493 -0.033024 0.02898
v -0.051732 -0.032316 0.029208
v -0.053777 -0.029555 0.027895
v -0.047081 -0.037677 0.033152
v -0.045729 -0.034069 0.038913
v -0.060651 -0.00311 0.052576
v -0.057386 -0.026032 0.026427
v -0.058487 -0.025993 0.025676
v -0.058345 -0.026008 0.025816
v -0.059046 -0.02622 0.025019
v -0.059954 -0.026935 -0.017876
v -0.059268 -0.027637 -0.023057
v -0.059958 -0.026582 -0.022181
v -0.057179 -0.027413 -0.025924
v -0.057641 -0.027147 -0.025781
v -0.057855 -0.027884 -0.025019
v -0.05419 0.047591 -0.012554
v -0.02032 0.047593 -0.012545
v -0.061437 0.029627 -0.016915
v -0.055167 0.046719 -0.013243
v -0.055126 0.046841 -0.013201
v -0.05499 0.0471 -0.013086
v -0.054777 0.04734 -0.012906
v -0.05463 0.047448 -0.012782
v -0.054535 0.047448 -0.012877
v -0.02032 0.047299 -0.054416
v -0.02032 0.047065 -0.05462
v -0.02032 0.047625 -0.053567
v -0.02032 0.047587 -0.053874
v -0.02032 0.047476 -0.054163
v -0.062441 0.011963 -0.053319
v -0.060148 -0.003103 -0.053949
v -0.062636 0.012769 -0.05278
v -0.060402 0.019115 -0.057085
v -0.062484 0.019974 -0.051475
v -0.062484 0.020635 -0.049579
v -0.062484 0.021233 -0.048478
v -0.059817 0.021187 -0.048453
v -0.062992 0.023084 -0.044911
v -0.062816 0.018967 -0.053433
v -0.062975 0.020291 -0.049427
v -0.062703 0.024633 -0.018005
v -0.062881 0.028542 -0.036567
v -0.062942 0.028446 -0.036566
v -0.062801 0.028623 -0.036567
v -0.062704 0.028683 -0.036568
v -0.062597 0.028721 -0.036568
v -0.062992 0.022255 -0.038924
v -0.062992 0.021549 -0.039466
v -0.062979 0.028339 -0.036565
v -0.062992 0.028005 -0.038425
v -0.062752 0.010538 0.051963
v -0.062885 0.011977 0.051539
v -0.062784 0.01893 0.053629
v -0.062992 0.01929 0.051898
v -0.059817 0.019327 0.054663
v -0.062992 0.020726 0.039806
v -0.02032 0.019327 0.054663
v -0.02032 0.009548 0.049113
v -0.02032 0.006474 0.027238
v -0.059817 0.008908 0.023932
v -0.02032 0.008908 0.023932
v -0.062849 0.022914 0.018809
v -0.062901 0.022068 0.019432
v -0.062919 0.021496 0.020022
v -0.062924 0.021133 0.020506
v -0.062992 0.019844 0.033103
v -0.062924 0.020256 0.024298
v -0.062781 0.024055 -0.018161
v -0.061875 -0.001121 0.051901
v -0.061667 -0.001087 0.052783
v -0.062511 0.003526 0.053091
v -0.051082 -0.019797 -0.047542
v -0.046638 -0.029312 -0.042929
v -0.049869 -0.034069 -0.031556
v -0.052282 -0.030394 -0.029812
v -0.048541 -0.037465 -0.030848
v -0.047005 -0.037688 -0.033262
v -0.043588 -0.038133 -0.037808
v -0.045868 -0.037846 -0.034915
v -0.054063 -0.027028 -0.029057
v -0.053777 -0.029555 -0.027895
v -0.054806 -0.027214 -0.027921
v -0.061328 -0.016725 0.00686
v -0.060997 -0.019426 0.012993
v -0.061048 -0.01901 0.01393
v -0.058998 -0.027443 0.024085
v -0.060186 -0.026028 0.016165
v -0.059958 -0.026582 0.022181
v -0.05485 -0.028333 0.027353
v -0.054171 -0.029106 0.027696
v -0.047506 -0.037619 0.032547
v -0.048609 -0.037455 0.030733
v -0.048121 -0.03753 0.031581
v -0.051988 -0.031934 0.029018
v -0.052706 -0.030926 0.028532
v -0.045479 -0.037897 0.035438
v -0.047218 -0.034069 0.036496
v -0.048139 -0.029312 0.040328
v -0.060839 -0.003117 0.05193
v -0.057576 -0.025146 0.026615
v -0.058931 -0.022762 0.026502
v -0.060997 -0.019426 -0.012993
v -0.060206 -0.025868 -0.017761
v -0.055934 -0.027252 -0.026897
v -0.056474 -0.026784 -0.026713
v -0.05747 -0.026399 -0.026215
v -0.058556 -0.027127 -0.025019
v -0.058998 -0.027443 -0.024085
v -0.054345 0.047495 -0.012813
v -0.02032 0.047498 -0.012814
v -0.062145 0.027175 -0.017569
v -0.02032 0.031712 -0.052408
v -0.02032 0.027696 -0.05473
v -0.02225 0.031712 -0.052408
v -0.02225 0.027696 -0.05473
v -0.060302 -0.003105 -0.053544
v -0.062306 0.003573 -0.053829
v -0.061911 0.001223 -0.054288
v -0.061417 -0.001059 -0.053624
v -0.062752 0.011835 -0.052148
v -0.062833 0.012939 -0.052045
v -0.062438 0.003539 -0.053318
v -0.062636 0.011116 -0.052555
v -0.062484 0.019782 -0.052026
v -0.059817 0.019327 -0.054663
v -0.059817 0.01994 -0.051463
v -0.062738 0.020661 -0.039561
v -0.059817 0.020661 -0.039561
v -0.062975 0.021556 -0.047096
v -0.062876 0.017095 -0.052766
v -0.062965 0.019141 -0.052522
v -0.062992 0.02017 -0.049374
v -0.062979 0.0194 -0.051927
v -0.062651 0.024651 -0.018122
v -0.062942 0.028243 -0.034654
v -0.062881 0.028337 -0.034633
v -0.062484 0.028734 -0.036568
v -0.062484 0.028587 -0.037801
v -0.059817 0.028639 -0.037808
v -0.059817 0.022577 -0.03809
v -0.062738 0.022577 -0.03809
v -0.062881 0.027708 -0.032794
v -0.062917 0.009676 0.050753
v -0.062835 0.010117 0.051437
v -0.062852 0.018058 0.053112
v -0.062883 0.010733 0.051189
v -0.062925 0.012049 0.05123
v -0.062992 0.018374 0.051695
v -0.059817 0.019844 0.039668
v -0.062738 0.019844 0.039668
v -0.02032 0.006763 0.046191
v -0.02032 0.004783 0.042674
v -0.02032 0.00373 0.038777
v -0.02032 0.003669 0.034741
v -0.02032 0.004602 0.030814
v -0.062738 0.019027 0.033464
v -0.059817 0.019027 0.033464
v -0.062902 0.022856 0.018707
v -0.062992 0.020005 0.02433
v -0.062975 0.020135 0.024313
v -0.062924 0.020541 0.021688
v -0.062924 0.020243 0.022976
v -0.062923 0.02279 0.018597
v -0.062889 0.023205 -0.01837
v -0.062868 0.023261 -0.018485
v -0.062018 -0.001159 0.051088
v -0.062485 0.001114 0.052165
v -0.062834 0.003407 0.051449
v -0.052675 -0.029311 -0.029971
v -0.047661 -0.037597 -0.032306
v -0.044447 -0.036448 -0.038313
v -0.046044 -0.036448 -0.03598
v -0.059553 -0.026415 0.024085
v -0.059863 -0.026535 0.023057
v -0.055356 -0.025553 0.028168
v -0.054093 -0.029195 0.027735
v -0.049928 -0.034069 0.031434
v -0.051574 -0.032253 0.029605
v -0.053387 -0.028978 0.028783
v -0.048619 -0.034069 0.034001
v -0.046711 -0.029312 0.042816
v -0.049291 -0.024555 0.044416
v -0.057031 -0.010283 0.049219
v -0.060913 -0.003105 0.051631
v -0.061202 -0.003057 0.050475
v -0.058074 -0.022831 0.027104
v -0.056592 -0.024868 0.027321
v -0.058429 -0.021154 0.027546
v -0.059648 -0.022631 0.025746
v -0.059728 -0.025785 0.024124
v -0.059144 -0.025921 0.025017
v -0.061048 -0.01901 -0.01393
v -0.059863 -0.026535 -0.023057
v -0.056015 -0.026646 -0.027062
v -0.056937 -0.026383 -0.026556
v -0.057964 -0.026704 -0.025817
v -0.054432 0.047416 -0.012959
v -0.061385 0.029634 -0.01703
v -0.05509 0.046713 -0.013343
v -0.055049 0.046848 -0.013296
v -0.054921 0.047108 -0.013168
v -0.054659 0.04734 -0.013025
v -0.02225 0.035079 -0.049217
v -0.02032 0.035079 -0.049217
v -0.060533 -0.003107 -0.052939
v -0.05698 -0.010283 -0.049369
v -0.060839 -0.003117 -0.05193
v -0.062752 0.010538 -0.051963
v -0.062992 0.020726 -0.039806
v -0.062992 0.021446 -0.047024
v -0.062992 0.01929 -0.051898
v -0.062729 0.024086 -0.018275
v -0.06257 0.024662 -0.018224
v -0.062815 0.023311 -0.018592
v -0.062801 0.028416 -0.034616
v -0.062704 0.028475 -0.034603
v -0.062597 0.028511 -0.034595
v -0.062992 0.022797 -0.038217
v -0.062942 0.027621 -0.032835
v -0.062979 0.028138 -0.034677
v -0.062992 0.028226 -0.036565
v -0.062971 0.009327 0.050038
v -0.062901 0.010584 0.051058
v -0.062992 0.019844 0.039922
v -0.02032 0.012799 0.05162
v -0.059817 0.012799 0.05162
v -0.059817 0.006148 0.027011
v -0.02032 0.006148 0.027011
v -0.059817 0.018266 0.033779
v -0.062738 0.018266 0.033779
v -0.062953 0.021989 0.019342
v -0.062971 0.021403 0.019944
v -0.062975 0.021031 0.020439
v -0.062992 0.018961 0.033219
v -0.062975 0.020122 0.022963
v -0.062185 -0.001155 0.049906
v -0.062746 0.000977 0.05017
v -0.062653 0.001047 0.051127
v -0.049224 -0.024555 -0.044539
v -0.051809 -0.019797 -0.046149
v -0.048556 -0.034069 -0.03412
v -0.045657 -0.034069 -0.039024
v -0.04715 -0.034069 -0.036611
v -0.053539 -0.026936 -0.030319
v -0.055081 -0.026389 -0.028039
v -0.061451 -0.015725 -0.006535
v -0.061121 -0.018412 0.014762
v -0.055652 -0.024644 0.028319
v -0.049421 -0.029312 0.03775
v -0.05055 -0.024555 0.041743
v -0.051871 -0.019797 0.046017
v -0.057486 -0.010283 0.047601
v -0.058738 -0.019694 0.027932
v -0.059512 -0.019579 0.027334
v -0.060194 -0.022444 0.02487
v -0.059553 -0.026415 -0.024085
v -0.057244 -0.02282 -0.027672
v -0.057386 -0.026032 -0.026427
v -0.058329 -0.02601 -0.025831
v -0.059046 -0.02622 -0.025019
v -0.062066 0.027177 -0.01767
v -0.02032 0.037613 -0.045331
v -0.02225 0.037613 -0.045331
v -0.02032 0.023251 -0.056055
v -0.02225 0.023251 -0.056055
v -0.061774 -0.001103 -0.052357
v -0.060873 -0.003113 -0.051795
v -0.061131 -0.003083 -0.050774
v -0.061291 -0.002996 -0.050067
v -0.062258 0.001168 -0.053153
v -0.062885 0.011977 -0.051539
v -0.062835 0.010117 -0.051437
v -0.062822 0.011239 -0.051618
v -0.062917 0.009676 -0.050753
v -0.062933 0.01017 -0.050593
v -0.02032 0.019327 -0.054663
v -0.062738 0.019844 -0.039668
v -0.059817 0.019844 -0.039668
v -0.062952 0.013113 -0.051295
v -0.062992 0.017385 -0.051474
v -0.062648 0.024109 -0.018373
v -0.062883 0.022419 -0.019144
v -0.062801 0.02778 -0.03276
v -0.062881 0.026685 -0.03114
v -0.062801 0.026749 -0.031091
v -0.062484 0.028524 -0.034592
v -0.059817 0.028684 -0.035574
v -0.059817 0.022892 -0.037329
v -0.062738 0.022892 -0.037329
v -0.062801 0.025372 -0.029692
v -0.062881 0.025321 -0.029755
v -0.062971 0.009629 0.049962
v -0.06292 0.01033 0.050767
v -0.062985 0.009447 0.049752
v -0.062992 0.012266 0.050299
v -0.059817 0.019027 0.039561
v -0.062738 0.019027 0.039561
v -0.02032 0.004231 0.030675
v -0.02032 0.003274 0.034698
v -0.02032 0.003337 0.038832
v -0.02032 0.004416 0.042824
v -0.02032 0.006444 0.046427
v -0.02032 0.009297 0.049421
v -0.062738 0.017612 0.034281
v -0.059817 0.017612 0.034281
v -0.062973 0.021903 0.019246
v -0.062992 0.019991 0.022948
v -0.062975 0.020426 0.021647
v -0.062956 0.022271 -0.018946
v -0.062935 0.022348 -0.019048
v -0.061326 -0.002973 0.049909
v -0.062789 0.000888 0.049296
v -0.062956 0.003307 0.050286
v -0.05242 -0.019797 -0.044728
v -0.05745 -0.010283 -0.047753
v -0.051702 -0.029312 -0.032531
v -0.054338 -0.02622 -0.029186
v -0.061575 -0.014712 -0.00643
v -0.061451 -0.015725 0.006535
v -0.060268 -0.025363 0.022014
v -0.060121 -0.025586 0.023056
v -0.05491 -0.024513 0.029487
v -0.054614 -0.025402 0.029325
v -0.052678 -0.029311 0.029963
v -0.052471 -0.019797 0.044594
v -0.061471 -0.002875 0.049246
v -0.06163 -0.002677 0.048412
v -0.061603 -0.002717 0.048559
v -0.062368 -0.000933 0.048406
v -0.057809 -0.021017 0.028029
v -0.05686 -0.020864 0.02907
v -0.059003 -0.017161 0.028946
v -0.059262 -0.017202 0.028729
v -0.060156 -0.019405 0.026611
v -0.060268 -0.025363 -0.022014
v -0.060116 -0.025595 -0.023095
v -0.058035 -0.023014 -0.027065
v -0.058487 -0.025993 -0.025676
v -0.054526 0.047294 -0.013116
v -0.02032 0.047345 -0.013056
v -0.054607 0.047136 -0.013249
v -0.061309 0.029628 -0.017131
v -0.054993 0.046696 -0.013423
v -0.054953 0.046841 -0.013373
v -0.054839 0.0471 -0.013238
v -0.054749 0.047078 -0.013292
v -0.02225 0.039175 -0.040963
v -0.02032 0.039175 -0.040963
v -0.02225 0.012967 -0.05126
v -0.02032 0.012967 -0.05126
v -0.062018 -0.001159 -0.051088
v -0.062153 -0.001167 -0.050147
v -0.061405 -0.002935 -0.049565
v -0.062278 -0.001081 -0.049184
v -0.062918 0.010418 -0.050889
v -0.062971 0.009327 -0.050038
v -0.062992 0.019844 -0.039922
v -0.062734 0.02335 -0.018684
v -0.062545 0.024122 -0.01845
v -0.062467 0.024664 -0.018303
v -0.062802 0.022478 -0.019227
v -0.062704 0.02541 -0.029645
v -0.062801 0.023719 -0.028635
v -0.062704 0.027835 -0.032734
v -0.062597 0.027869 -0.032718
v -0.062992 0.023138 -0.037395
v -0.062942 0.02661 -0.0312
v -0.062979 0.027523 -0.032881
v -0.062992 0.028028 -0.034702
v -0.062931 0.010175 0.050589
v -0.062976 0.010471 0.050311
v -0.062988 0.00934 0.0496
v -0.062965 0.012121 0.050921
v -0.062992 0.018961 0.039806
v -0.059817 0.009297 0.049421
v -0.059817 0.006444 0.046427
v -0.059817 0.004231 0.030675
v -0.062992 0.018139 0.033559
v -0.062738 0.017111 0.034935
v -0.059817 0.017111 0.034935
v -0.062989 0.021303 0.019861
v -0.062992 0.020921 0.020367
v -0.062992 0.020302 0.021602
v -0.062911 0.021795 -0.019692
v -0.062308 -0.001042 0.048935
v -0.062992 0.003002 0.048664
v -0.062992 0.003203 0.049213
v -0.06164 -0.002669 0.048251
v -0.048078 -0.029312 -0.040447
v -0.050498 -0.024555 -0.04187
v -0.06163 -0.002677 -0.048412
v -0.053817 -0.026147 -0.030457
v -0.050572 -0.029312 -0.035232
v -0.049362 -0.029312 -0.037872
v -0.061217 -0.017634 0.015471
v -0.056121 -0.020814 0.030277
v -0.054095 -0.025349 0.030606
v -0.050626 -0.029312 0.035107
v -0.051753 -0.029312 0.032403
v -0.052856 -0.028839 0.03002
v -0.051623 -0.024555 0.039003
v -0.057782 -0.010283 0.045987
v -0.059394 -0.016575 0.028929
v -0.060085 -0.016416 0.028348
v -0.060546 -0.022209 0.023909
v -0.060647 -0.019177 0.025789
v -0.061121 -0.018412 -0.014762
v -0.061217 -0.017634 -0.015471
v -0.059728 -0.025785 -0.024124
v -0.059122 -0.025926 -0.025051
v -0.056299 -0.022634 -0.028694
v -0.058931 -0.022762 -0.026502
v -0.061965 0.02717 -0.01775
v -0.054655 0.047041 -0.01333
v -0.02032 0.03968 -0.036352
v -0.02225 0.03968 -0.036352
v -0.02032 0.009548 -0.049113
v -0.02225 0.009548 -0.049113
v -0.062383 -0.000904 -0.048179
v -0.062575 0.001083 -0.051664
v -0.062636 0.00349 -0.052555
v -0.062965 0.012121 -0.050921
v -0.06288 0.010743 -0.051178
v -0.02032 0.012799 -0.05162
v -0.059817 0.012799 -0.05162
v -0.062738 0.019027 -0.039561
v -0.059817 0.019027 -0.039561
v -0.062992 0.013289 -0.050537
v -0.06263 0.023378 -0.018757
v -0.06283 0.021868 -0.019765
v -0.062704 0.023746 -0.028581
v -0.062843 0.023199 -0.02841
v -0.062704 0.026796 -0.031053
v -0.062484 0.028122 -0.033417
v -0.062484 0.027881 -0.032712
v -0.059817 0.028171 -0.0334
v -0.059817 0.023 -0.036513
v -0.062738 0.023 -0.036513
v -0.062881 0.023684 -0.028707
v -0.062942 0.025261 -0.02983
v -0.062992 0.010824 0.049903
v -0.059817 0.018266 0.039246
v -0.062738 0.018266 0.039246
v -0.059817 0.004416 0.042824
v -0.059817 0.003337 0.038832
v -0.059817 0.003274 0.034698
v -0.062992 0.017433 0.034101
v -0.062982 0.021616 -0.019518
v -0.062963 0.021709 -0.019608
v -0.06282 0.000904 0.048605
v -0.062992 0.002907 0.048265
v -0.062992 0.009048 0.049213
v -0.062408 -0.000888 0.047277
v -0.055339 -0.01504 -0.044715
v -0.061637 -0.002671 -0.048297
v -0.060181 -0.005526 -0.04756
v -0.054365 -0.024555 -0.030784
v -0.053534 -0.024555 -0.033506
v -0.061703 -0.013674 -0.006541
v -0.060688 -0.021936 0.022906
v -0.055979 -0.019799 0.031901
v -0.057312 -0.017109 0.031263
v -0.055621 -0.020869 0.031602
v -0.05437 -0.024555 0.030762
v -0.053577 -0.024555 0.033372
v -0.052961 -0.019797 0.043157
v -0.061691 -0.002625 0.047392
v -0.058047 -0.017078 0.030023
v -0.059841 -0.014446 0.029729
v -0.060658 -0.016201 0.027665
v -0.060688 -0.021936 -0.022906
v -0.060546 -0.022209 -0.023909
v -0.059648 -0.022631 -0.025746
v -0.060194 -0.022444 -0.02487
v -0.058442 -0.018977 -0.028488
v -0.058074 -0.022831 -0.027104
v -0.02032 0.047143 -0.013257
v -0.061212 0.029611 -0.01721
v -0.054883 0.046667 -0.013476
v -0.054845 0.046821 -0.013427
v -0.054698 0.046897 -0.013401
v -0.062348 0.024658 -0.018355
v -0.02032 0.039101 -0.031749
v -0.02225 0.039101 -0.031749
v -0.02032 0.006763 -0.046191
v -0.02225 0.006763 -0.046191
v -0.02032 0.004783 -0.042674
v -0.02225 0.004783 -0.042674
v -0.062746 0.000977 -0.05017
v -0.06278 0.000897 -0.049471
v -0.062812 0.000891 -0.048779
v -0.061652 -0.002659 -0.048055
v -0.060423 -0.005526 -0.044176
v -0.061716 -0.002603 -0.046961
v -0.062967 0.009636 -0.049956
v -0.06299 0.009269 -0.049518
v -0.062992 0.012266 -0.050299
v -0.062992 0.010746 -0.049879
v -0.02032 0.009297 -0.049421
v -0.059817 0.009297 -0.049421
v -0.062992 0.018961 -0.039806
v -0.062698 0.022522 -0.019291
v -0.062511 0.023391 -0.018804
v -0.062426 0.024124 -0.018501
v -0.062726 0.021923 -0.019821
v -0.062738 0.023237 -0.028339
v -0.062597 0.026826 -0.03103
v -0.062597 0.025434 -0.029616
v -0.062992 0.023254 -0.036513
v -0.062979 0.026525 -0.031266
v -0.062992 0.027421 -0.032929
v -0.062843 0.021221 -0.020564
v -0.062738 0.021289 -0.020609
v -0.062992 0.018139 0.039466
v -0.062738 0.016795 0.035696
v -0.059817 0.016795 0.035696
v -0.062992 0.016891 0.034808
v -0.062924 0.021133 -0.020506
v -0.062835 0.000949 0.048244
v -0.062845 0.000939 0.047156
v -0.051574 -0.024555 -0.039132
v -0.052919 -0.019797 -0.043292
v -0.05776 -0.010283 -0.046137
v -0.055558 -0.022546 -0.029883
v -0.052587 -0.024555 -0.036344
v -0.061328 -0.016725 0.016
v -0.056829 -0.017253 0.032614
v -0.058037 -0.013645 0.033817
v -0.052633 -0.024555 0.036212
v -0.053826 -0.019797 0.040257
v -0.062422 -0.000879 0.046765
v -0.059928 -0.014034 0.029884
v -0.060551 -0.01384 0.029324
v -0.060965 -0.018903 0.024899
v -0.061094 -0.015935 0.026903
v -0.057489 -0.018861 -0.029548
v -0.058738 -0.019694 -0.027932
v -0.02225 0.037468 -0.027407
v -0.02032 0.037468 -0.027407
v -0.02032 0.0469 -0.013408
v -0.06185 0.027152 -0.017802
v -0.02032 0.00373 -0.038777
v -0.02225 0.00373 -0.038777
v -0.062992 0.003035 -0.048771
v -0.062839 0.00096 -0.048055
v -0.06239 -0.000899 -0.047938
v -0.061789 -0.002539 -0.045704
v -0.062903 0.003361 -0.050888
v -0.062992 0.009054 -0.049238
v -0.062992 0.009344 -0.049347
v -0.062738 0.018266 -0.039246
v -0.059817 0.018266 -0.039246
v -0.059817 0.006444 -0.046427
v -0.02032 0.006444 -0.046427
v -0.062578 0.022547 -0.019333
v -0.062597 0.023762 -0.028547
v -0.062484 0.026836 -0.031022
v -0.059817 0.027132 -0.031422
v -0.059817 0.022892 -0.035696
v -0.062738 0.022892 -0.035696
v -0.062738 0.021348 -0.026644
v -0.062738 0.022192 -0.027604
v -0.062843 0.022138 -0.027664
v -0.062924 0.023149 -0.028502
v -0.062979 0.025193 -0.029913
v -0.062942 0.023641 -0.028794
v -0.059817 0.017612 0.038744
v -0.062738 0.017612 0.038744
v -0.059817 0.017111 0.03809
v -0.059817 0.016795 0.037329
v -0.059817 0.016688 0.036513
v -0.062992 0.01655 0.03563
v -0.062992 0.020921 -0.020367
v -0.062975 0.021031 -0.020439
v -0.062992 0.002882 0.048078
v -0.062849 0.000928 0.046646
v -0.053786 -0.019797 -0.040393
v -0.055999 -0.01504 -0.041654
v -0.058211 -0.010283 -0.042915
v -0.055051 -0.02256 -0.031193
v -0.056752 -0.018854 -0.030774
v -0.055979 -0.019798 -0.031898
v -0.061935 -0.01178 -0.007396
v -0.061825 -0.012682 -0.006867
v -0.058503 -0.013412 0.032449
v -0.055401 -0.019797 0.034341
v -0.061721 -0.002599 0.046878
v -0.059232 -0.013301 0.031183
v -0.061065 -0.013592 0.028681
v -0.061328 -0.016725 -0.016
v -0.061099 -0.018595 -0.023974
v -0.060965 -0.018903 -0.024899
v -0.060647 -0.019177 -0.025789
v -0.059512 -0.019579 -0.027334
v -0.060156 -0.019405 -0.026611
v -0.061101 0.029582 -0.017264
v -0.054764 0.04663 -0.013501
v -0.05473 0.046789 -0.013454
v -0.062298 0.024115 -0.018521
v -0.06222 0.024644 -0.018375
v -0.062992 0.003203 -0.049213
v -0.062992 0.002925 -0.048362
v -0.062419 -0.00088 -0.046847
v -0.061829 -0.002501 -0.044977
v -0.061867 -0.002465 -0.044278
v -0.062992 0.018139 -0.039466
v -0.02032 0.004416 -0.042824
v -0.059817 0.004416 -0.042824
v -0.062605 0.021957 -0.019857
v -0.062449 0.022553 -0.019349
v -0.062615 0.021331 -0.020637
v -0.062843 0.02064 -0.021724
v -0.062738 0.020716 -0.021751
v -0.062615 0.023261 -0.028294
v -0.062992 0.023138 -0.03563
v -0.062992 0.026436 -0.031336
v -0.062738 0.020428 -0.022996
v -0.062843 0.020348 -0.022987
v -0.062924 0.020541 -0.021688
v -0.062738 0.020441 -0.024274
v -0.062843 0.020361 -0.024284
v -0.062738 0.020753 -0.025513
v -0.062843 0.020678 -0.025542
v -0.062843 0.021281 -0.02669
v -0.062992 0.010633 0.049829
v -0.062992 0.017433 0.038924
v -0.062738 0.017111 0.03809
v -0.062738 0.016688 0.036513
v -0.062992 0.002813 0.047033
v -0.062992 0.002779 0.046524
v -0.062872 0.000824 0.041671
v -0.061951 -0.002382 -0.042682
v -0.055366 -0.019797 -0.034481
v -0.054603 -0.019797 -0.037455
v -0.056262 -0.018956 -0.032114
v -0.061575 -0.014712 0.00643
v -0.0617 -0.013698 0.006535
v -0.061823 -0.012699 0.00686
v -0.061451 -0.015725 0.016325
v -0.061099 -0.018595 0.023974
v -0.058358 -0.012695 0.034168
v -0.05464 -0.019797 0.037317
v -0.058231 -0.010283 0.042764
v -0.061827 -0.002493 0.044816
v -0.058819 -0.012439 0.032796
v -0.060081 -0.013312 0.030195
v -0.060295 -0.012297 0.030632
v -0.060995 -0.011386 0.030395
v -0.06138 -0.015628 0.026087
v -0.061458 -0.013299 0.027974
v -0.061451 -0.015725 -0.016325
v -0.058671 -0.015084 -0.030609
v -0.059394 -0.016575 -0.028929
v -0.058872 -0.019057 -0.028135
v -0.02225 0.034871 -0.023563
v -0.02032 0.034871 -0.023563
v -0.061726 0.027126 -0.017825
v -0.02032 0.04663 -0.013501
v -0.02032 0.003669 -0.034741
v -0.02225 0.003669 -0.034741
v -0.02032 0.003337 -0.038832
v -0.059817 0.003337 -0.038832
v -0.062992 0.002872 -0.047928
v -0.062841 0.000954 -0.047814
v -0.062452 -0.000858 -0.045595
v -0.062488 -0.000833 -0.044173
v -0.062738 0.017612 -0.038744
v -0.059817 0.017612 -0.038744
v -0.062615 0.020491 -0.024268
v -0.062615 0.020801 -0.025495
v -0.062458 0.022354 -0.019526
v -0.062383 0.023389 -0.018824
v -0.062484 0.023768 -0.028536
v -0.062615 0.022225 -0.027566
v -0.062615 0.02139 -0.026615
v -0.062484 0.025616 -0.029783
v -0.062484 0.025442 -0.029606
v -0.059817 0.025633 -0.029766
v -0.059817 0.022577 -0.034935
v -0.062738 0.022577 -0.034935
v -0.062992 0.025122 -0.030001
v -0.062975 0.020426 -0.021647
v -0.062924 0.020243 -0.022976
v -0.062924 0.021195 -0.02675
v -0.062924 0.022067 -0.027742
v -0.062975 0.023091 -0.02861
v -0.062979 0.023594 -0.02889
v -0.062968 0.001761 0.042576
v -0.062992 0.016891 0.038217
v -0.062738 0.016795 0.037329
v -0.062992 0.016434 0.036513
v -0.062992 0.020302 -0.021602
v -0.062992 0.00256 0.043385
v -0.06285 0.000604 0.04146
v -0.06257 -0.000759 0.04024
v -0.062007 -0.002323 -0.04154
v -0.058635 -0.010283 -0.039679
v -0.057465 -0.015349 -0.033224
v -0.057939 -0.015158 -0.031863
v -0.06203 -0.011007 -0.008103
v -0.061575 -0.014712 0.01643
v -0.062004 -0.002315 0.041378
v -0.059186 -0.010286 0.035143
v -0.059546 -0.012306 0.031524
v -0.06044 -0.011613 0.030927
v -0.06093 -0.009319 0.032052
v -0.061453 -0.011111 0.029797
v -0.061504 -0.01529 -0.025244
v -0.06138 -0.015628 -0.026087
v -0.061094 -0.015935 -0.026903
v -0.059842 -0.014446 -0.029729
v -0.059695 -0.015143 -0.029468
v -0.060085 -0.016416 -0.028348
v -0.060658 -0.016201 -0.027665
v -0.02225 0.031453 -0.020427
v -0.02032 0.031453 -0.020427
v -0.060983 0.029545 -0.017288
v -0.059817 0.024644 -0.018375
v -0.02225 0.016322 -0.020626
v -0.02225 0.0274 -0.01817
v -0.02225 0.01252 -0.021982
v -0.02225 0.009168 -0.024232
v -0.02225 0.006474 -0.027238
v -0.02225 0.004602 -0.030814
v -0.062848 0.00093 -0.046728
v -0.062525 -0.000805 -0.042583
v -0.059817 0.017111 -0.03809
v -0.062738 0.017111 -0.03809
v -0.062992 0.017433 -0.038924
v -0.062615 0.020479 -0.023002
v -0.062475 0.021967 -0.019871
v -0.059817 0.022346 -0.019517
v -0.059817 0.023425 -0.018805
v -0.062482 0.021481 -0.020477
v -0.062615 0.020764 -0.021768
v -0.062484 0.023269 -0.028279
v -0.062484 0.020817 -0.025489
v -0.059817 0.023768 -0.028536
v -0.062992 0.022797 -0.034808
v -0.062924 0.020256 -0.024298
v -0.062975 0.020122 -0.022963
v -0.062924 0.02058 -0.02558
v -0.062955 0.001471 0.041942
v -0.062992 0.01655 0.037395
v -0.062968 0.001844 0.042437
v -0.062634 -0.000534 0.04043
v -0.062894 0.000806 0.041099
v -0.062038 -0.002291 -0.040916
v -0.062565 -0.000773 -0.040823
v -0.059031 -0.010283 -0.036431
v -0.062181 -0.009777 -0.011959
v -0.062103 -0.010414 -0.00893
v -0.061504 -0.01529 0.025244
v -0.058654 -0.010283 0.039527
v -0.062317 -0.001653 0.039482
v -0.06003 -0.00878 0.034234
v -0.06075 -0.008567 0.032947
v -0.061419 -0.009063 0.031556
v -0.061716 -0.012968 0.027223
v -0.061803 -0.010794 0.029148
v -0.061575 -0.014712 -0.01643
v -0.059928 -0.014034 -0.029884
v -0.059545 -0.012311 -0.031523
v -0.060551 -0.01384 -0.029324
v -0.02032 0.0274 -0.01817
v -0.02032 0.004602 -0.030814
v -0.059817 0.003274 -0.034698
v -0.02032 0.003274 -0.034698
v -0.062992 0.002856 -0.047688
v -0.062856 0.000902 -0.04548
v -0.062865 0.000871 -0.044064
v -0.062738 0.016795 -0.037329
v -0.059817 0.016795 -0.037329
v -0.062484 0.020508 -0.024265
v -0.062484 0.021345 -0.020646
v -0.062484 0.020864 -0.021608
v -0.062484 0.022237 -0.027553
v -0.062484 0.021404 -0.026606
v -0.059817 0.021369 -0.026554
v -0.059817 0.022075 -0.034281
v -0.062738 0.022075 -0.034281
v -0.062992 0.023544 -0.028991
v -0.062992 0.019991 -0.022948
v -0.062975 0.020135 -0.024313
v -0.062975 0.021986 -0.027834
v -0.062992 0.023028 -0.028726
v -0.062983 0.001761 0.041848
v -0.062877 0.000629 0.040873
v -0.062511 -0.001289 0.038592
v -0.062709 -0.00025 0.039828
v -0.062875 0.000837 -0.042479
v -0.062317 -0.001653 -0.039482
v -0.058356 -0.0127 -0.034166
v -0.058818 -0.012444 -0.032794
v -0.062154 -0.009998 -0.009867
v -0.062181 -0.009777 -0.010901
v -0.059049 -0.010283 0.036278
v -0.062124 -0.002195 0.039045
v -0.060818 -0.005671 0.037218
v -0.059585 -0.009124 0.035614
v -0.061102 -0.008529 0.032492
v -0.061398 -0.007161 0.033255
v -0.061821 -0.008764 0.031009
v -0.061834 -0.01261 -0.02645
v -0.061716 -0.012968 -0.027223
v -0.061458 -0.013299 -0.027974
v -0.060294 -0.012302 -0.03063
v -0.061065 -0.013592 -0.028681
v -0.02032 0.016322 -0.020626
v -0.02032 0.01252 -0.021982
v -0.02032 0.009168 -0.024232
v -0.02032 0.006474 -0.027238
v -0.062992 0.002784 -0.046606
v -0.062992 0.016891 -0.038217
v -0.059817 0.020784 -0.025401
v -0.062484 0.020507 -0.024141
v -0.062484 0.020496 -0.023004
v -0.059817 0.021469 -0.020467
v -0.062484 0.02078 -0.021774
v -0.062484 0.020531 -0.022853
v -0.059817 0.020847 -0.0216
v -0.059817 0.023269 -0.028279
v -0.059817 0.022214 -0.027532
v -0.062992 0.022255 -0.034101
v -0.062975 0.020465 -0.025623
v -0.062992 0.020005 -0.02433
v -0.062975 0.021094 -0.026819
v -0.062963 0.001134 0.040702
v -0.062415 -0.001791 0.037995
v -0.062967 0.001746 -0.042561
v -0.062991 0.002457 -0.043283
v -0.062967 0.001831 -0.042419
v -0.062953 0.001609 -0.042429
v -0.062872 0.000824 -0.041672
v -0.062848 0.000592 -0.041448
v -0.062707 -0.000146 -0.04078
v -0.062124 -0.002195 -0.039045
v -0.062632 -0.000541 -0.040424
v -0.06257 -0.000759 -0.040239
v -0.062511 -0.001289 -0.038592
v -0.059186 -0.010286 -0.035143
v -0.06093 -0.009319 -0.032052
v -0.060748 -0.008574 -0.032944
v -0.061834 -0.01261 0.02645
v -0.061703 -0.013674 0.016319
v -0.061728 -0.00564 0.034223
v -0.061821 -0.006881 0.032802
v -0.062036 -0.010444 0.028465
v -0.06213 -0.008429 0.030423
v -0.06044 -0.011613 -0.030927
v -0.062154 -0.009998 -0.012993
v -0.059817 0.004231 -0.030675
v -0.02032 0.004231 -0.030675
v -0.062738 0.016688 -0.036513
v -0.059817 0.016688 -0.036513
v -0.062992 0.002703 -0.045363
v -0.062992 0.01655 -0.037395
v -0.059817 0.020494 -0.024142
v -0.059817 0.020515 -0.022849
v -0.059817 0.021422 -0.033779
v -0.062738 0.021422 -0.033779
v -0.062992 0.020342 -0.02567
v -0.062992 0.021898 -0.027931
v -0.062992 0.002052 0.041753
v -0.062733 -0.001095 0.037716
v -0.062983 0.001761 -0.041848
v -0.062955 0.001471 -0.041942
v -0.062893 0.000795 -0.041085
v -0.062708 -0.000257 -0.03982
v -0.062415 -0.001791 -0.037995
v -0.060834 -0.005625 -0.037239
v -0.0611 -0.008535 -0.032489
v -0.061398 -0.007161 -0.033255
v -0.06285 -0.004331 -0.031567
v -0.062397 -0.00188 0.037868
v -0.061266 -0.005191 0.035862
v -0.061639 -0.006069 0.033927
v -0.062169 -0.006563 0.032313
v -0.061419 -0.009063 -0.031556
v -0.060995 -0.011386 -0.030395
v -0.0617 -0.013698 -0.016325
v -0.061823 -0.012699 -0.016
v -0.062103 -0.010414 -0.01393
v -0.062145 -0.010069 -0.027765
v -0.062036 -0.010444 -0.028465
v -0.061803 -0.010794 -0.029148
v -0.061453 -0.011111 -0.029797
v -0.02032 0.016236 -0.020239
v -0.059817 0.016236 -0.020239
v -0.02032 0.006148 -0.027011
v -0.02032 0.008908 -0.023932
v -0.02032 0.012341 -0.021628
v -0.062992 0.002612 -0.043953
v -0.062992 0.016434 -0.036513
v -0.062992 0.021549 -0.033559
v -0.062992 0.020985 -0.026893
v -0.062992 0.001645 0.040528
v -0.06283 -0.000729 0.037569
v -0.062725 -0.001181 0.037572
v -0.062992 0.002577 -0.043408
v -0.062877 0.000629 -0.040873
v -0.061008 -0.005162 -0.037483
v -0.06232 -0.002288 -0.037349
v -0.061821 -0.006881 -0.032802
v -0.060028 -0.008786 -0.034232
v -0.059583 -0.00913 -0.035611
v -0.061726 -0.005646 -0.034221
v -0.061639 -0.006069 -0.033927
v -0.062004 -0.005766 -0.033492
v -0.061934 -0.01179 0.007389
v -0.062145 -0.010069 0.027765
v -0.061825 -0.012682 0.015993
v -0.06232 -0.00229 0.037348
v -0.062026 -0.005777 0.033503
v -0.062337 -0.008064 0.029811
v -0.062437 -0.006214 0.031795
v -0.06203 -0.011011 -0.014762
v -0.059817 0.006148 -0.027011
v -0.062738 0.016795 -0.035696
v -0.059817 0.016795 -0.035696
v -0.059817 0.020661 -0.033464
v -0.062738 0.020661 -0.033464
v -0.062992 0.000391 0.037119
v -0.062927 -0.000362 0.037421
v -0.062963 0.001134 -0.040702
v -0.061265 -0.005196 -0.03586
v -0.062702 -0.001085 -0.037712
v -0.06203 -0.011011 0.008098
v -0.061935 -0.01178 0.015464
v -0.062121 -0.003408 0.036096
v -0.061863 -0.004935 0.034743
v -0.061812 -0.005231 0.034505
v -0.062407 -0.004614 0.033834
v -0.062239 -0.005561 0.033199
v -0.062346 -0.005452 0.033047
v -0.061821 -0.008764 -0.031009
v -0.061934 -0.01179 -0.015471
v -0.062439 -0.007679 -0.029185
v -0.062337 -0.008064 -0.029811
v -0.06213 -0.008429 -0.030423
v -0.059817 0.012341 -0.021628
v -0.059817 0.008908 -0.023932
v -0.062992 0.01655 -0.03563
v -0.062992 0.020726 -0.033219
v -0.062925 -0.000442 0.037259
v -0.062992 0.000317 0.036938
v -0.062282 -0.002486 -0.037091
v -0.062672 -0.001771 -0.036698
v -0.062128 -0.003366 -0.036138
v -0.062846 -0.000732 -0.03757
v -0.062247 -0.005564 -0.033202
v -0.062169 -0.006563 -0.032313
v -0.061825 -0.005157 -0.03456
v -0.062181 -0.009777 0.010901
v -0.062154 -0.009998 0.012993
v -0.062103 -0.010414 0.01393
v -0.062103 -0.010414 0.00893
v -0.062439 -0.007679 0.029185
v -0.06203 -0.011007 0.014757
v -0.062267 -0.002571 0.036992
v -0.062665 -0.001854 0.036588
v -0.061961 -0.004374 0.035196
v -0.062619 -0.005841 0.031257
v -0.062592 -0.005099 0.032567
v -0.062738 0.017111 -0.034935
v -0.059817 0.017111 -0.034935
v -0.059817 0.019844 -0.033357
v -0.062738 0.019844 -0.033357
v -0.06291 -0.001086 0.036154
v -0.062992 0.002052 -0.041753
v -0.062181 -0.009777 0.011959
v -0.062154 -0.009998 0.009867
v -0.06285 -0.004331 0.031567
v -0.062713 -0.00545 0.03071
v -0.062525 -0.00365 0.034597
v -0.062598 -0.002682 0.035591
v -0.062648 -0.004974 0.032402
v -0.062794 -0.003918 0.033093
v -0.062437 -0.006214 -0.031795
v -0.062713 -0.00545 -0.03071
v -0.062619 -0.005841 -0.031257
v -0.059817 0.019027 -0.033464
v -0.059817 0.018266 -0.033779
v -0.059817 0.017612 -0.034281
v -0.062992 0.016891 -0.034808
v -0.062992 0.019844 -0.033103
v -0.062992 -0.000293 0.035707
v -0.062992 0.001645 -0.040528
v -0.062894 -0.000358 -0.03742
v -0.061961 -0.004374 -0.035196
v -0.062601 -0.002641 -0.035637
v -0.062911 -0.001006 -0.036278
v -0.061863 -0.004939 -0.034737
v -0.062419 -0.004531 -0.033895
v -0.062893 -0.001894 0.035041
v -0.062575 -0.005093 -0.032562
v -0.062738 0.017612 -0.034281
v -0.062738 0.019027 -0.033464
v -0.062992 -0.001074 0.034469
v -0.062329 -0.005447 -0.033042
v -0.062525 -0.00365 -0.034597
v -0.062761 -0.004723 0.032071
v -0.062874 -0.002849 0.033935
v -0.062657 -0.004976 -0.032403
v -0.062734 -0.004718 -0.032069
v -0.062738 0.018266 -0.033779
v -0.062992 0.017433 -0.034101
v -0.062992 0.018961 -0.033219
v -0.062992 0.000391 -0.037119
v -0.062893 -0.001854 -0.035092
v -0.062992 -0.00201 0.033241
v -0.062956 -0.003172 0.032317
v -0.062803 -0.003825 -0.03316
v -0.062992 0.018139 -0.033559
v -0.062992 -0.000216 -0.035845
v -0.062874 -0.002849 -0.033935
v -0.062962 -0.003071 -0.03239
v -0.062992 -0.001035 -0.034526
v -0.062992 -0.00201 -0.033241
f 4 3 5
f 3 2 6
f 3 7 5
f 2 4 10
f 11 5 7
f 4 5 11
f 4 12 10
f 12 13 14
f 6 7 3
f 15 16 17
f 18 16 19
f 15 20 9
f 15 19 16
f 21 9 8
f 10 12 14
f 14 13 23
f 7 24 11
f 11 25 4
f 11 24 26
f 4 25 12
f 12 27 13
f 9 28 6
f 6 29 7
f 20 28 9
f 13 30 23
f 27 31 13
f 32 16 18
f 32 33 16
f 17 16 33
f 17 20 15
f 34 18 35
f 18 19 36
f 15 9 21
f 22 21 8
f 10 14 37
f 14 23 38
f 39 40 41
f 7 42 24
f 26 25 11
f 43 26 24
f 25 27 12
f 28 29 6
f 29 42 7
f 20 44 28
f 45 44 20
f 41 46 47
f 40 46 41
f 39 48 40
f 49 48 39
f 50 49 39
f 23 51 52
f 23 53 51
f 30 53 23
f 13 31 30
f 27 54 31
f 55 54 27
f 34 32 18
f 56 33 32
f 17 45 20
f 57 34 35
f 35 18 36
f 36 19 58
f 59 15 21
f 58 15 59
f 60 21 61
f 61 21 22
f 22 10 37
f 37 14 38
f 38 23 52
f 62 52 63
f 64 63 50
f 65 50 39
f 66 39 41
f 67 68 69
f 69 70 71
f 41 47 72
f 42 73 24
f 24 73 74
f 24 74 43
f 26 43 25
f 25 75 27
f 75 55 27
f 28 76 29
f 29 77 42
f 44 76 28
f 45 78 44
f 79 47 46
f 46 40 80
f 81 40 48
f 50 82 49
f 63 83 50
f 52 84 63
f 52 85 84
f 51 85 52
f 86 53 30
f 87 30 31
f 87 31 54
f 54 55 88
f 88 55 89
f 90 34 57
f 91 32 34
f 92 56 32
f 33 56 17
f 17 56 93
f 94 45 17
f 95 78 45
f 93 94 17
f 96 57 97
f 57 35 98
f 35 36 99
f 36 58 100
f 59 21 60
f 59 100 58
f 60 61 101
f 101 61 22
f 22 37 102
f 37 38 103
f 38 52 62
f 62 63 64
f 64 50 65
f 65 39 66
f 66 41 104
f 105 69 68
f 67 106 68
f 70 105 107
f 107 105 108
f 71 67 69
f 70 107 71
f 105 109 108
f 104 41 72
f 72 47 110
f 47 79 110
f 42 111 73
f 73 112 74
f 43 74 113
f 43 75 25
f 76 77 29
f 77 111 42
f 44 114 76
f 78 114 44
f 46 80 79
f 80 40 81
f 81 49 82
f 83 82 50
f 63 84 83
f 116 84 85
f 53 117 51
f 51 117 85
f 117 53 86
f 86 30 87
f 87 54 88
f 88 89 118
f 96 90 57
f 90 91 34
f 91 92 32
f 92 93 56
f 115 119 120
f 121 115 95
f 94 95 45
f 122 94 93
f 123 96 97
f 97 57 98
f 98 35 99
f 99 36 100
f 60 100 59
f 101 124 60
f 101 22 125
f 125 22 102
f 102 37 103
f 103 38 62
f 126 62 64
f 127 64 65
f 128 65 66
f 129 66 104
f 130 104 131
f 132 109 105
f 105 68 106
f 133 134 135
f 136 137 138
f 135 139 140
f 141 138 142
f 107 108 143
f 138 144 145
f 138 137 144
f 139 146 140
f 136 146 137
f 135 134 139
f 134 147 148
f 67 148 147
f 71 149 67
f 71 107 143
f 109 150 108
f 132 131 109
f 104 72 131
f 110 151 152
f 110 79 151
f 111 153 73
f 73 153 112
f 154 113 74
f 74 155 154
f 74 112 155
f 113 75 43
f 118 89 156
f 89 75 156
f 76 157 77
f 77 158 111
f 114 157 76
f 78 159 114
f 160 159 78
f 79 80 161
f 81 162 80
f 82 163 81
f 83 164 82
f 83 84 116
f 116 85 117
f 165 117 86
f 166 86 87
f 88 167 87
f 168 88 118
f 169 118 170
f 171 172 173
f 173 172 174
f 175 176 177
f 177 176 178
f 179 175 180
f 182 96 123
f 183 90 96
f 120 119 184
f 185 91 90
f 186 92 91
f 187 93 92
f 187 122 93
f 119 115 121
f 121 95 94
f 123 97 188
f 97 98 189
f 98 99 190
f 99 100 191
f 60 124 100
f 102 103 192
f 103 62 126
f 126 64 127
f 127 65 128
f 128 66 129
f 129 104 130
f 130 131 132
f 105 106 132
f 194 147 134
f 195 133 196
f 196 133 135
f 141 136 138
f 197 135 140
f 140 146 136
f 142 138 145
f 198 141 142
f 199 145 200
f 108 150 143
f 145 201 200
f 145 144 201
f 202 144 137
f 139 137 146
f 134 148 139
f 149 148 67
f 203 149 71
f 71 143 203
f 109 204 150
f 131 205 109
f 150 204 206
f 131 72 205
f 110 152 72
f 72 152 207
f 152 151 208
f 209 151 79
f 111 210 153
f 158 210 111
f 153 211 112
f 154 212 113
f 154 155 213
f 112 214 155
f 113 212 75
f 118 156 170
f 156 75 215
f 157 158 77
f 114 216 157
f 159 216 114
f 217 159 160
f 218 219 220
f 209 79 221
f 221 79 161
f 161 80 222
f 222 80 162
f 81 163 162
f 82 223 163
f 164 223 82
f 224 83 116
f 117 225 116
f 226 225 117
f 226 117 165
f 165 86 166
f 166 87 227
f 228 167 88
f 228 88 168
f 168 118 169
f 174 172 229
f 230 231 176
f 233 234 173
f 173 234 232
f 229 172 237
f 182 183 96
f 120 184 238
f 183 185 90
f 239 184 119
f 185 186 91
f 186 187 92
f 240 122 187
f 119 121 241
f 94 242 121
f 122 240 94
f 94 240 242
f 188 97 189
f 189 98 190
f 190 99 191
f 191 100 124
f 101 125 124
f 124 125 243
f 125 102 243
f 243 102 244
f 244 102 192
f 192 103 126
f 245 126 127
f 246 127 128
f 247 128 129
f 248 129 130
f 249 130 132
f 193 132 106
f 134 251 194
f 133 195 134
f 134 195 251
f 252 195 196
f 253 141 198
f 196 135 197
f 254 136 141
f 197 140 136
f 142 145 199
f 198 142 255
f 256 198 257
f 199 200 258
f 143 150 206
f 200 201 259
f 202 137 139
f 139 148 260
f 149 260 148
f 203 261 149
f 203 143 262
f 206 263 264
f 109 205 204
f 204 263 206
f 72 207 205
f 265 208 151
f 265 151 209
f 210 266 153
f 158 267 210
f 268 267 158
f 112 211 214
f 153 266 211
f 214 269 270
f 154 213 212
f 271 213 155
f 155 214 270
f 215 75 212
f 169 170 272
f 272 170 273
f 274 268 158
f 157 274 158
f 217 216 159
f 160 120 217
f 275 276 120
f 276 277 278
f 279 280 281
f 282 278 281
f 220 280 279
f 283 219 284
f 285 284 286
f 218 220 279
f 287 286 284
f 284 219 218
f 288 209 221
f 289 221 161
f 289 161 222
f 290 222 162
f 290 162 163
f 291 163 223
f 291 223 164
f 292 164 224
f 293 224 116
f 293 116 225
f 294 225 226
f 294 226 165
f 295 166 227
f 297 167 228
f 297 228 168
f 298 168 169
f 298 169 272
f 299 272 273
f 299 273 300
f 304 174 229
f 305 306 230
f 308 176 307
f 307 176 175
f 309 230 308
f 308 230 176
f 234 310 232
f 301 311 234
f 312 313 314
f 317 178 315
f 279 281 321
f 321 281 278
f 278 277 322
f 277 276 323
f 323 276 275
f 275 120 238
f 324 183 182
f 238 184 239
f 325 185 183
f 239 119 326
f 327 186 185
f 326 119 241
f 328 187 186
f 329 240 187
f 241 121 330
f 330 121 242
f 329 242 240
f 188 189 331
f 189 190 332
f 190 191 333
f 191 124 334
f 124 243 335
f 243 244 335
f 192 126 245
f 245 127 246
f 246 128 247
f 247 129 248
f 248 130 249
f 249 132 193
f 193 250 336
f 194 251 337
f 252 251 195
f 256 253 198
f 338 252 196
f 253 254 141
f 339 196 197
f 254 197 136
f 255 142 199
f 257 198 255
f 340 256 257
f 341 199 258
f 258 200 342
f 143 206 262
f 206 264 343
f 344 342 200
f 200 259 344
f 144 202 201
f 201 202 259
f 139 260 202
f 261 260 149
f 345 261 203
f 203 262 345
f 263 346 264
f 205 263 204
f 207 347 205
f 207 208 347
f 348 208 265
f 288 265 209
f 210 349 266
f 267 349 210
f 350 267 268
f 214 351 269
f 211 351 214
f 266 352 211
f 270 269 353
f 212 213 271
f 155 270 271
f 215 212 354
f 156 215 170
f 170 215 354
f 273 170 355
f 350 268 274
f 217 120 276
f 282 276 278
f 280 282 281
f 220 283 280
f 285 283 284
f 356 285 286
f 357 358 356
f 359 358 360
f 358 357 361
f 361 357 356
f 362 356 286
f 363 218 279
f 362 286 287
f 287 284 218
f 288 221 289
f 289 222 290
f 290 163 291
f 291 164 292
f 292 224 293
f 293 225 294
f 294 165 295
f 295 227 296
f 296 167 297
f 297 168 298
f 298 272 299
f 299 300 364
f 313 365 366
f 366 365 367
f 365 313 312
f 368 305 309
f 309 305 230
f 232 310 307
f 307 369 308
f 234 311 310
f 312 314 301
f 301 314 311
f 316 370 315
f 315 370 371
f 372 319 373
f 363 279 375
f 375 279 321
f 321 278 322
f 322 277 323
f 376 323 275
f 376 275 238
f 324 325 183
f 377 238 239
f 325 327 185
f 378 239 326
f 327 328 186
f 379 326 241
f 328 329 187
f 380 241 330
f 330 242 329
f 331 189 332
f 332 190 333
f 333 191 334
f 124 335 334
f 244 381 335
f 244 192 381
f 381 192 382
f 382 192 245
f 383 245 246
f 384 247 248
f 385 248 249
f 385 249 386
f 386 249 193
f 387 193 336
f 250 388 336
f 250 194 388
f 389 390 194
f 194 337 389
f 391 337 251
f 391 251 252
f 392 252 338
f 393 253 256
f 338 196 339
f 394 254 253
f 339 197 254
f 255 199 341
f 257 255 395
f 340 257 396
f 397 256 340
f 341 258 398
f 258 342 399
f 262 206 343
f 343 264 400
f 344 401 342
f 402 344 259
f 259 202 403
f 202 260 404
f 261 404 260
f 345 405 261
f 345 262 406
f 400 264 407
f 408 346 263
f 264 346 409
f 408 263 205
f 205 347 410
f 347 208 411
f 412 348 265
f 412 265 288
f 349 413 266
f 349 267 350
f 211 352 351
f 413 414 266
f 266 414 352
f 270 353 415
f 212 271 416
f 271 270 415
f 354 212 416
f 354 355 170
f 364 300 417
f 273 355 300
f 300 355 417
f 217 276 282
f 280 283 282
f 419 283 285
f 356 358 285
f 359 420 358
f 421 359 360
f 360 358 361
f 361 356 362
f 421 420 359
f 422 218 363
f 423 362 287
f 422 287 218
f 289 424 288
f 290 425 289
f 291 426 290
f 292 427 291
f 293 428 292
f 294 429 293
f 295 430 294
f 296 431 295
f 297 432 296
f 298 433 297
f 299 434 298
f 364 435 299
f 436 365 312
f 437 302 438
f 439 303 304
f 440 441 442
f 442 441 443
f 310 369 307
f 444 309 369
f 369 309 308
f 445 368 444
f 444 368 309
f 311 446 310
f 314 447 311
f 314 451 447
f 317 315 452
f 452 315 371
f 453 371 454
f 455 317 452
f 456 318 455
f 374 372 373
f 459 454 460
f 371 370 454
f 454 370 461
f 316 320 370
f 370 320 462
f 463 363 375
f 375 321 464
f 464 321 322
f 322 323 376
f 238 377 376
f 465 325 324
f 377 239 378
f 466 327 325
f 378 326 379
f 467 328 327
f 379 241 380
f 468 329 328
f 380 330 329
f 331 332 469
f 332 333 470
f 333 334 471
f 334 335 472
f 335 381 473
f 381 382 473
f 384 248 474
f 474 248 385
f 386 193 387
f 387 336 475
f 336 476 475
f 336 388 476
f 194 390 388
f 477 390 389
f 389 337 391
f 392 391 252
f 397 393 256
f 478 392 338
f 393 394 253
f 479 338 339
f 394 339 254
f 395 255 341
f 396 257 395
f 480 341 398
f 398 258 399
f 342 481 399
f 481 482 483
f 482 484 485
f 484 486 487
f 262 343 406
f 343 400 488
f 402 401 344
f 342 401 481
f 481 489 482
f 490 491 482
f 482 491 484
f 259 403 402
f 202 404 403
f 405 404 261
f 486 492 493
f 492 494 493
f 484 495 486
f 494 496 493
f 497 405 345
f 345 406 497
f 498 400 499
f 499 500 501
f 499 400 407
f 264 409 407
f 408 409 346
f 205 410 408
f 348 502 208
f 208 502 503
f 208 503 411
f 412 502 348
f 288 504 412
f 505 413 349
f 506 349 350
f 414 507 352
f 415 353 508
f 416 271 415
f 416 355 354
f 509 364 510
f 364 417 510
f 417 355 511
f 418 217 282
f 419 282 283
f 285 512 419
f 358 513 285
f 358 420 513
f 421 360 514
f 360 361 515
f 516 361 362
f 514 517 421
f 421 517 420
f 518 363 463
f 518 422 363
f 516 362 423
f 423 287 422
f 509 519 364
f 288 424 504
f 289 425 424
f 290 426 425
f 291 427 426
f 292 428 427
f 293 429 428
f 294 430 429
f 295 431 430
f 296 432 431
f 297 433 432
f 298 434 433
f 299 435 434
f 364 520 435
f 366 367 524
f 524 367 525
f 527 302 437
f 438 439 437
f 528 442 529
f 310 446 369
f 369 530 444
f 311 447 446
f 523 448 524
f 524 448 534
f 524 534 366
f 366 534 535
f 451 536 447
f 452 371 453
f 453 454 459
f 459 460 537
f 455 452 538
f 373 456 539
f 374 373 540
f 454 461 460
f 537 460 542
f 463 375 543
f 543 375 464
f 464 322 544
f 544 322 376
f 545 376 377
f 465 466 325
f 546 377 378
f 466 467 327
f 547 378 379
f 467 468 328
f 548 379 380
f 468 380 329
f 469 332 470
f 470 333 471
f 334 472 471
f 335 473 472
f 384 474 550
f 474 385 551
f 385 386 551
f 551 386 387
f 387 475 552
f 552 475 476
f 553 476 388
f 388 390 477
f 477 389 391
f 554 391 392
f 555 392 478
f 556 393 397
f 478 338 479
f 557 394 393
f 479 339 394
f 395 341 480
f 396 395 558
f 480 398 559
f 398 399 560
f 399 481 483
f 483 482 485
f 485 484 487
f 487 486 561
f 486 493 561
f 493 496 562
f 406 343 488
f 488 400 498
f 489 490 482
f 563 401 402
f 401 489 481
f 491 564 484
f 402 403 563
f 403 404 565
f 495 492 486
f 564 495 484
f 497 566 405
f 497 406 567
f 499 501 498
f 500 568 501
f 569 500 499
f 499 407 569
f 407 409 570
f 571 409 408
f 411 572 573
f 411 503 572
f 574 502 412
f 412 504 575
f 506 350 576
f 505 349 506
f 413 505 414
f 414 505 507
f 577 415 508
f 416 415 577
f 416 511 355
f 510 579 509
f 417 511 510
f 576 350 418
f 418 282 419
f 419 580 581
f 419 512 580
f 285 513 512
f 514 360 515
f 515 361 516
f 514 582 517
f 583 518 463
f 584 422 518
f 585 516 423
f 584 423 422
f 586 516 585
f 587 519 509
f 519 520 364
f 504 588 575
f 424 589 504
f 425 590 424
f 426 591 425
f 427 592 426
f 428 593 427
f 429 594 428
f 430 595 429
f 431 596 430
f 432 597 431
f 433 598 432
f 434 599 433
f 435 600 434
f 520 601 435
f 602 603 520
f 521 604 605
f 450 522 521
f 524 525 523
f 523 525 607
f 610 436 527
f 611 527 437
f 611 437 439
f 442 443 612
f 612 443 613
f 446 530 369
f 614 445 530
f 530 445 444
f 447 615 446
f 449 534 448
f 535 616 451
f 451 616 536
f 538 452 453
f 617 453 459
f 456 455 618
f 618 455 538
f 540 373 539
f 460 461 621
f 370 462 461
f 461 462 622
f 460 621 542
f 537 542 623
f 623 542 624
f 583 463 625
f 625 463 543
f 543 464 626
f 626 464 544
f 544 376 545
f 545 377 546
f 627 466 465
f 546 378 547
f 628 467 466
f 547 379 548
f 629 468 467
f 548 380 468
f 469 470 630
f 470 471 631
f 471 472 632
f 472 473 633
f 550 474 551
f 551 387 552
f 552 476 553
f 553 388 477
f 554 477 391
f 555 554 392
f 634 555 478
f 556 557 393
f 635 478 479
f 557 479 394
f 558 395 480
f 636 480 559
f 559 398 560
f 399 483 560
f 483 485 637
f 485 487 638
f 487 561 639
f 561 493 640
f 493 562 640
f 496 641 562
f 562 642 643
f 406 488 567
f 488 498 644
f 498 645 644
f 646 490 489
f 563 489 401
f 491 646 564
f 563 403 565
f 647 492 495
f 564 648 495
f 496 647 641
f 649 566 497
f 497 567 649
f 498 501 645
f 650 501 568
f 569 407 651
f 407 570 651
f 571 570 409
f 573 572 652
f 502 574 503
f 503 574 572
f 412 575 574
f 575 653 654
f 579 587 509
f 576 505 506
f 577 508 578
f 577 511 416
f 510 511 579
f 418 655 576
f 419 581 418
f 581 580 512
f 512 513 656
f 514 515 657
f 586 515 516
f 582 658 517
f 659 582 514
f 657 659 514
f 517 658 660
f 661 518 583
f 661 584 518
f 585 423 584
f 585 662 586
f 663 519 587
f 519 602 520
f 575 588 653
f 504 589 588
f 424 590 589
f 425 591 590
f 426 592 591
f 427 593 592
f 428 594 593
f 429 595 594
f 430 596 595
f 431 597 596
f 432 598 597
f 433 599 598
f 434 600 599
f 435 601 600
f 520 603 601
f 602 664 603
f 605 604 665
f 521 522 604
f 367 526 525
f 525 526 666
f 610 609 436
f 610 527 611
f 442 612 529
f 529 612 668
f 446 615 530
f 449 532 533
f 449 670 534
f 534 670 535
f 535 670 616
f 538 453 617
f 459 537 617
f 617 537 674
f 537 623 674
f 674 623 675
f 540 539 677
f 458 678 620
f 542 621 679
f 680 583 625
f 625 543 681
f 681 543 626
f 626 544 682
f 682 544 545
f 683 545 546
f 627 628 466
f 684 546 547
f 628 629 467
f 685 547 548
f 629 548 468
f 630 470 631
f 471 632 631
f 472 633 632
f 473 549 633
f 549 550 686
f 550 551 687
f 551 552 688
f 689 552 553
f 690 553 477
f 690 477 554
f 691 554 555
f 692 555 634
f 634 478 635
f 693 557 556
f 635 479 557
f 558 480 636
f 636 559 694
f 559 560 695
f 560 483 637
f 637 485 638
f 638 487 639
f 639 561 696
f 561 640 696
f 640 562 697
f 562 643 697
f 643 698 699
f 642 698 643
f 641 642 562
f 567 488 644
f 644 645 700
f 646 489 563
f 646 648 564
f 495 648 647
f 647 702 641
f 566 649 701
f 649 567 703
f 645 501 650
f 650 568 704
f 651 570 571
f 706 652 572
f 706 572 574
f 574 575 654
f 654 653 707
f 579 663 587
f 576 708 505
f 577 579 511
f 655 708 576
f 418 581 655
f 512 656 581
f 657 515 586
f 657 710 659
f 711 660 658
f 712 660 711
f 713 661 583
f 713 583 680
f 714 584 661
f 714 585 584
f 662 585 715
f 605 665 717
f 665 718 719
f 719 720 721
f 722 723 724
f 663 725 519
f 725 602 519
f 726 664 602
f 653 727 707
f 588 728 653
f 589 729 588
f 590 730 589
f 591 731 590
f 592 732 591
f 593 733 592
f 594 734 593
f 595 735 594
f 596 736 595
f 597 737 596
f 598 738 597
f 599 739 598
f 600 740 599
f 601 741 600
f 603 742 601
f 664 743 603
f 744 745 664
f 746 747 748
f 749 750 747
f 751 752 750
f 753 754 752
f 724 723 754
f 722 755 723
f 719 718 720
f 721 720 756
f 721 756 757
f 757 758 759
f 665 760 718
f 604 760 665
f 522 761 604
f 606 762 522
f 525 666 607
f 607 666 763
f 766 609 610
f 767 610 611
f 768 613 769
f 770 614 615
f 615 614 530
f 675 623 774
f 774 623 775
f 777 538 617
f 461 622 621
f 621 622 780
f 542 679 624
f 624 679 781
f 623 624 775
f 775 624 782
f 680 625 783
f 783 625 681
f 681 626 784
f 784 626 682
f 682 545 683
f 683 546 684
f 785 628 627
f 684 547 685
f 786 629 628
f 685 548 629
f 630 631 787
f 631 632 788
f 632 633 789
f 633 549 686
f 686 550 687
f 687 551 688
f 688 552 689
f 689 553 690
f 691 690 554
f 692 691 555
f 790 692 634
f 791 634 635
f 693 635 557
f 694 559 695
f 560 637 695
f 637 638 792
f 638 639 793
f 793 639 796
f 639 696 796
f 696 640 797
f 640 697 797
f 697 643 798
f 643 699 798
f 698 799 699
f 799 698 642
f 642 641 702
f 645 800 700
f 644 700 801
f 563 648 646
f 648 702 647
f 701 649 703
f 650 802 645
f 704 803 650
f 704 804 803
f 805 651 571
f 571 573 806
f 652 807 573
f 573 807 808
f 706 807 652
f 574 654 706
f 654 707 809
f 707 810 811
f 812 663 579
f 708 655 581
f 581 656 709
f 657 586 813
f 658 659 710
f 709 660 712
f 658 712 711
f 814 661 713
f 814 714 661
f 715 585 714
f 716 605 717
f 717 665 719
f 815 719 721
f 816 721 757
f 817 757 759
f 818 759 819
f 820 821 722
f 822 722 724
f 724 754 753
f 753 752 751
f 751 750 749
f 749 747 746
f 823 663 812
f 823 725 663
f 725 726 602
f 726 744 664
f 824 746 825
f 744 825 745
f 707 727 810
f 653 728 727
f 588 729 728
f 589 730 729
f 590 731 730
f 591 732 731
f 592 733 732
f 593 734 733
f 594 735 734
f 595 736 735
f 596 737 736
f 597 738 737
f 598 739 738
f 599 740 739
f 600 741 740
f 601 742 741
f 603 743 742
f 664 745 743
f 825 826 745
f 746 748 825
f 827 748 747
f 828 747 750
f 829 750 752
f 830 752 754
f 831 754 723
f 832 723 755
f 821 755 722
f 833 834 821
f 718 835 720
f 720 836 756
f 757 756 758
f 759 837 819
f 759 758 837
f 718 838 835
f 760 838 718
f 604 761 760
f 522 762 761
f 526 839 840
f 766 610 767
f 612 768 668
f 668 768 842
f 615 771 770
f 449 533 670
f 670 533 843
f 670 843 616
f 616 843 772
f 844 845 775
f 775 845 774
f 672 673 844
f 844 673 845
f 675 850 849
f 851 777 852
f 677 676 853
f 678 854 620
f 620 854 779
f 621 780 679
f 679 780 855
f 775 782 844
f 844 782 857
f 844 857 672
f 672 857 795
f 783 681 859
f 859 681 784
f 784 682 860
f 860 682 683
f 861 683 684
f 785 786 628
f 862 684 685
f 786 685 629
f 631 788 787
f 632 789 788
f 633 686 789
f 686 687 863
f 687 688 864
f 688 689 865
f 866 689 690
f 866 690 691
f 867 691 692
f 868 692 790
f 790 634 791
f 791 635 693
f 694 695 869
f 695 637 792
f 792 638 793
f 793 796 873
f 796 696 874
f 696 797 874
f 797 697 875
f 697 798 875
f 798 699 876
f 699 799 877
f 642 702 799
f 878 700 800
f 645 802 800
f 801 700 878
f 563 701 648
f 648 879 702
f 650 880 802
f 803 880 650
f 808 806 573
f 881 808 807
f 881 807 706
f 706 654 809
f 809 707 811
f 811 810 882
f 818 819 883
f 883 819 884
f 885 812 579
f 581 709 708
f 712 886 709
f 658 887 712
f 888 714 814
f 888 715 714
f 773 716 889
f 716 717 890
f 717 719 815
f 815 721 816
f 816 757 817
f 817 759 818
f 891 834 833
f 833 821 820
f 820 722 822
f 822 724 892
f 892 724 753
f 893 753 751
f 894 751 749
f 895 749 746
f 823 812 885
f 896 725 823
f 897 726 725
f 895 746 824
f 898 744 726
f 824 825 744
f 882 899 900
f 810 899 882
f 727 901 810
f 728 902 727
f 729 903 728
f 730 904 729
f 731 905 730
f 732 906 731
f 733 907 732
f 734 908 733
f 735 909 734
f 736 910 735
f 737 911 736
f 738 912 737
f 739 913 738
f 740 914 739
f 741 915 740
f 742 916 741
f 743 917 742
f 745 918 743
f 745 826 918
f 825 748 826
f 919 748 827
f 827 747 828
f 828 750 829
f 829 752 830
f 830 754 831
f 831 723 832
f 832 755 920
f 821 921 755
f 834 921 821
f 891 922 834
f 923 924 922
f 819 925 884
f 720 835 836
f 756 836 926
f 756 926 758
f 819 837 925
f 758 927 837
f 760 928 838
f 761 928 760
f 762 929 761
f 666 931 932
f 839 933 840
f 766 767 933
f 934 769 935
f 771 936 770
f 937 773 938
f 671 773 937
f 850 774 939
f 939 774 845
f 777 942 852
f 853 851 852
f 943 778 944
f 944 778 779
f 679 855 781
f 781 855 945
f 624 781 782
f 782 781 946
f 856 858 795
f 859 784 949
f 949 784 860
f 860 683 861
f 861 684 862
f 950 786 785
f 862 685 786
f 787 788 951
f 788 789 952
f 789 686 863
f 863 687 864
f 864 688 865
f 865 689 866
f 867 866 691
f 868 867 692
f 695 792 869
f 792 793 953
f 953 793 873
f 702 954 955
f 702 955 956
f 873 796 958
f 796 874 958
f 874 797 959
f 797 875 959
f 875 798 960
f 798 876 960
f 699 877 876
f 799 961 877
f 799 702 956
f 878 800 802
f 879 954 702
f 701 879 648
f 880 963 802
f 804 964 803
f 803 964 880
f 805 806 705
f 965 806 808
f 881 965 808
f 706 809 881
f 809 811 966
f 811 882 967
f 882 900 968
f 969 818 883
f 883 884 970
f 885 579 708
f 708 709 971
f 709 886 971
f 712 887 886
f 938 773 889
f 889 716 890
f 890 717 815
f 972 818 969
f 973 815 816
f 974 816 817
f 972 817 818
f 975 924 923
f 923 922 891
f 976 891 833
f 977 833 820
f 978 820 822
f 979 822 892
f 892 753 893
f 893 751 894
f 894 749 895
f 823 885 896
f 896 897 725
f 897 898 726
f 980 895 824
f 898 824 744
f 981 982 900
f 981 900 983
f 983 900 899
f 810 901 899
f 727 902 901
f 728 903 902
f 729 904 903
f 730 905 904
f 731 906 905
f 732 907 906
f 733 908 907
f 734 909 908
f 735 910 909
f 736 911 910
f 737 912 911
f 738 913 912
f 739 914 913
f 740 915 914
f 741 916 915
f 742 917 916
f 743 918 917
f 984 918 826
f 919 826 748
f 920 755 921
f 834 985 921
f 922 985 834
f 986 987 975
f 924 988 922
f 975 987 924
f 989 970 884
f 990 884 925
f 835 991 836
f 836 992 926
f 758 926 927
f 837 993 925
f 837 927 993
f 835 994 991
f 928 995 838
f 761 929 928
f 762 930 929
f 931 996 932
f 996 840 933
f 763 997 841
f 768 934 842
f 842 934 1000
f 772 1001 771
f 771 1001 936
f 843 1002 772
f 772 1002 1001
f 533 671 843
f 843 671 1002
f 938 671 937
f 673 846 845
f 845 846 939
f 870 847 776
f 848 1004 942
f 942 1005 852
f 848 1006 1004
f 1007 849 850
f 1007 850 1008
f 853 852 1005
f 854 1009 779
f 779 1009 944
f 782 946 857
f 857 946 1010
f 857 1010 795
f 795 1010 856
f 949 860 1011
f 1011 860 861
f 1012 861 862
f 950 862 786
f 788 952 951
f 789 863 952
f 863 864 1013
f 864 865 1014
f 865 866 1015
f 1015 866 867
f 1016 867 868
f 869 792 953
f 1017 1018 870
f 1017 870 1019
f 1019 870 871
f 1020 1021 1017
f 954 956 955
f 958 874 1022
f 874 959 1022
f 959 875 1023
f 875 960 1023
f 960 876 1024
f 1025 877 961
f 876 877 1026
f 1027 1025 961
f 1028 961 799
f 799 956 1028
f 1029 1030 982
f 802 963 878
f 879 1031 954
f 701 962 879
f 880 964 963
f 705 806 1032
f 965 1032 806
f 1033 965 881
f 881 809 966
f 966 811 967
f 967 882 968
f 968 900 982
f 969 883 1034
f 1034 883 970
f 1035 970 989
f 708 971 885
f 1036 1037 971
f 971 1038 1036
f 971 886 1038
f 886 887 1040
f 889 890 1041
f 890 815 973
f 1042 972 969
f 973 816 974
f 974 817 972
f 1043 975 923
f 1044 923 891
f 1044 891 976
f 976 833 977
f 977 820 978
f 978 822 979
f 979 892 1045
f 1045 892 893
f 1046 893 894
f 1047 894 895
f 896 885 1048
f 1049 897 896
f 1047 895 980
f 1050 898 897
f 980 824 898
f 1051 986 975
f 1029 982 981
f 983 899 1052
f 1052 899 901
f 1053 901 902
f 1054 902 903
f 1055 903 904
f 1054 903 1055
f 1056 904 905
f 1057 905 906
f 1058 906 907
f 1059 907 908
f 1059 908 1060
f 1060 908 909
f 1061 909 910
f 1062 910 911
f 1063 911 912
f 1064 912 913
f 1065 913 914
f 1064 913 1065
f 1066 914 915
f 1067 915 916
f 1068 916 917
f 1069 917 918
f 1069 918 984
f 984 826 919
f 920 921 1070
f 1070 921 985
f 922 988 985
f 986 1071 987
f 924 1072 988
f 987 1072 924
f 1073 1074 1075
f 1074 1035 1076
f 1076 1035 989
f 989 884 990
f 990 925 1077
f 836 1078 992
f 991 1078 836
f 926 992 1079
f 926 1079 927
f 1077 925 993
f 1080 993 927
f 930 998 1083
f 930 1083 929
f 1084 932 996
f 997 1084 841
f 1085 999 841
f 934 935 1086
f 1086 935 1087
f 1088 939 1089
f 1018 847 870
f 1004 1005 942
f 1006 1091 1004
f 1091 1006 1007
f 1092 1007 1008
f 781 945 946
f 946 945 1095
f 1011 861 1012
f 1012 862 950
f 951 952 1096
f 952 863 1013
f 1013 864 1014
f 1014 865 1015
f 1015 867 1016
f 1021 1018 1017
f 1097 1021 1020
f 1098 1017 1019
f 1019 871 1099
f 1020 1017 1098
f 1100 1097 1020
f 1099 871 872
f 1022 959 1103
f 959 1023 1103
f 1023 960 1104
f 960 1024 1104
f 876 1026 1024
f 1105 1025 1027
f 1027 961 1028
f 1106 1030 1029
f 1107 982 1030
f 878 963 1108
f 878 1108 962
f 1109 954 1031
f 1110 1031 879
f 1110 879 962
f 1111 963 964
f 705 1032 964
f 1112 1032 965
f 1033 1112 965
f 881 966 1033
f 966 967 1113
f 967 968 1114
f 968 982 1107
f 1115 1116 1073
f 1042 969 1117
f 1117 969 1034
f 1034 970 1118
f 1116 1119 1073
f 1073 1119 1074
f 1074 1120 1035
f 1035 1118 970
f 885 971 1121
f 971 1122 1123
f 971 1037 1122
f 1036 1124 1037
f 1038 1124 1036
f 886 1040 1038
f 1125 887 1039
f 1125 1040 887
f 1041 890 973
f 1126 972 1042
f 1127 973 974
f 1126 974 972
f 885 1121 1048
f 1051 975 1043
f 1043 923 1044
f 1128 1044 976
f 1129 976 977
f 1130 977 978
f 1131 978 979
f 1132 979 1045
f 1045 893 1046
f 1046 894 1047
f 896 1048 1049
f 1133 897 1049
f 1133 1050 897
f 1134 1047 980
f 1050 980 898
f 1135 1071 986
f 1136 986 1051
f 1135 1137 1071
f 1052 901 1053
f 1053 902 1054
f 1055 904 1056
f 1056 905 1057
f 1057 906 1058
f 1058 907 1059
f 1060 909 1061
f 1061 910 1062
f 1062 911 1063
f 1063 912 1064
f 1065 914 1066
f 1066 915 1067
f 1067 916 1068
f 1068 917 1069
f 1070 985 1138
f 1138 985 988
f 1071 1139 987
f 1140 988 1072
f 987 1139 1072
f 1137 1141 1071
f 1142 1073 1075
f 1075 1074 1076
f 1076 989 1143
f 1143 989 990
f 1144 990 1077
f 1078 1145 992
f 991 1146 1078
f 927 1147 1080
f 927 1079 1147
f 994 1081 1146
f 929 1148 1082
f 1083 1148 929
f 1084 1085 841
f 764 1149 998
f 999 1085 764
f 934 1086 1000
f 1000 1086 1150
f 1115 1073 1142
f 1092 1008 1151
f 1151 1088 1089
f 1152 846 1003
f 1018 941 847
f 1004 1091 1005
f 1091 1007 1092
f 1009 1153 944
f 944 1153 1094
f 1010 1154 856
f 856 1154 957
f 946 1095 1010
f 1010 1095 1154
f 952 1013 1096
f 1013 1014 1155
f 1014 1015 1156
f 1156 1015 1016
f 1021 1157 1018
f 1158 1097 1100
f 1159 1158 1100
f 1098 1019 1160
f 1160 1019 1099
f 1161 1020 1098
f 1100 1020 1161
f 1099 872 1101
f 1103 1023 1162
f 1023 1104 1162
f 1104 1024 1163
f 1024 1026 1164
f 1026 1025 1164
f 1105 1165 1025
f 1166 1165 1105
f 1105 1027 1167
f 1106 1168 1030
f 1107 1030 1169
f 962 1108 1170
f 1109 1031 1110
f 962 1170 1110
f 964 1032 1111
f 1112 1171 1032
f 1033 1172 1112
f 1033 966 1113
f 1113 967 1114
f 1114 968 1107
f 1173 1174 1175
f 1176 1175 1177
f 1178 1116 1115
f 1179 1042 1117
f 1117 1034 1180
f 1180 1034 1118
f 1116 1181 1119
f 1119 1120 1074
f 1120 1118 1035
f 1123 1121 971
f 1182 1123 1122
f 1183 1122 1037
f 1183 1037 1124
f 1038 1040 1124
f 1184 1125 1039
f 1185 1040 1125
f 1041 973 1127
f 1126 1042 1179
f 1127 974 1126
f 1048 1121 1186
f 1187 1051 1043
f 1188 1043 1044
f 1188 1044 1128
f 1129 977 1130
f 1128 976 1129
f 1130 978 1131
f 1131 979 1132
f 1132 1045 1189
f 1189 1045 1046
f 1190 1046 1047
f 1048 1133 1049
f 1190 1047 1134
f 1191 1050 1133
f 1134 980 1050
f 1136 1135 986
f 1192 1136 1051
f 1193 1194 1137
f 1193 1137 1135
f 1175 1195 1196
f 1175 1174 1195
f 1197 1174 1198
f 1199 1200 1201
f 1201 1200 1202
f 1138 988 1140
f 1071 1141 1139
f 1140 1072 1203
f 1203 1072 1139
f 1137 1204 1141
f 1194 1204 1137
f 1142 1075 1205
f 1075 1076 1206
f 1206 1076 1143
f 1143 990 1144
f 1144 1077 1207
f 1078 1146 1145
f 1208 1080 1147
f 992 1145 1079
f 1079 1145 1147
f 1207 1077 1209
f 1148 1210 1082
f 1083 1149 1148
f 764 1085 1149
f 1086 1087 1211
f 1211 1087 1212
f 1213 1178 1115
f 1214 1115 1142
f 1151 1089 1215
f 1215 1152 1003
f 1217 941 1018
f 1157 1217 1018
f 1096 1013 1155
f 1155 1014 1156
f 1220 1157 1021
f 1158 1221 1097
f 1222 1158 1159
f 1223 1222 1224
f 1159 1100 1225
f 1226 1098 1160
f 1160 1099 1227
f 1161 1098 1226
f 1225 1100 1161
f 1228 1229 1230
f 1230 1223 1224
f 1224 1222 1159
f 1227 1099 1101
f 1102 1232 1101
f 1162 1104 1234
f 1104 1163 1234
f 1024 1235 1163
f 1024 1164 1235
f 1025 1165 1164
f 1166 1236 1165
f 1166 1167 1237
f 1239 1168 1106
f 1169 1030 1168
f 1240 1107 1169
f 963 1111 1108
f 1108 1111 1170
f 1110 1170 1109
f 1111 1032 1171
f 1241 1172 1033
f 1112 1172 1171
f 1171 1172 1242
f 1033 1113 1241
f 1113 1114 1243
f 1114 1107 1240
f 1244 1245 1239
f 1246 1247 1244
f 1248 1249 1246
f 1250 1251 1248
f 1252 1253 1250
f 1254 1255 1252
f 1176 1173 1175
f 1173 1198 1174
f 1177 1175 1196
f 1196 1256 1257
f 1258 1176 1177
f 1259 1181 1116
f 1178 1259 1116
f 1179 1117 1180
f 1180 1118 1260
f 1120 1261 1118
f 1262 1186 1121
f 1121 1123 1182
f 1182 1122 1183
f 1263 1183 1124
f 1185 1124 1040
f 1184 1185 1125
f 1184 1041 1127
f 1179 1127 1126
f 1048 1186 1264
f 1192 1051 1187
f 1187 1043 1188
f 1265 1188 1128
f 1266 1129 1130
f 1267 1128 1129
f 1266 1130 1268
f 1269 1130 1131
f 1270 1131 1132
f 1271 1132 1272
f 1272 1132 1189
f 1189 1046 1190
f 1048 1264 1273
f 1048 1274 1133
f 1275 1190 1134
f 1274 1191 1133
f 1191 1134 1050
f 1276 1277 1194
f 1278 1135 1136
f 1279 1136 1192
f 1276 1194 1193
f 1278 1193 1135
f 1197 1198 1254
f 1196 1195 1256
f 1280 1195 1174
f 1280 1174 1197
f 1201 1281 1199
f 1199 1281 1282
f 1283 1284 1285
f 1286 1139 1141
f 1203 1139 1286
f 1287 1141 1204
f 1194 1288 1204
f 1277 1288 1194
f 1289 1142 1205
f 1205 1075 1206
f 1206 1143 1290
f 1290 1143 1144
f 1208 1147 1145
f 1210 1148 1149
f 1086 1211 1150
f 1150 1211 1291
f 1292 1212 1293
f 1294 1178 1213
f 1213 1115 1214
f 1214 1142 1289
f 1003 1216 1215
f 1216 941 1217
f 1153 1295 1094
f 1094 1295 1219
f 1296 1157 1220
f 1222 1298 1158
f 1223 1299 1222
f 1229 1223 1230
f 1300 1229 1228
f 1301 1300 1228
f 1302 1159 1225
f 1226 1160 1303
f 1303 1160 1227
f 1304 1161 1226
f 1225 1161 1304
f 1228 1230 1305
f 1230 1224 1306
f 1224 1159 1302
f 1109 1307 1231
f 1227 1101 1308
f 1308 1101 1232
f 1234 1163 1309
f 1163 1310 1309
f 1163 1235 1310
f 1237 1236 1166
f 1164 1165 1236
f 1237 1167 1311
f 1238 1231 1307
f 1239 1245 1168
f 1169 1168 1312
f 1240 1169 1313
f 1111 1109 1170
f 1111 1171 1314
f 1241 1242 1172
f 1242 1315 1171
f 1241 1113 1243
f 1243 1114 1240
f 1244 1247 1245
f 1246 1249 1247
f 1248 1251 1249
f 1250 1253 1251
f 1252 1255 1253
f 1254 1198 1255
f 1316 1173 1176
f 1317 1198 1173
f 1177 1196 1318
f 1318 1196 1257
f 1257 1256 1319
f 1320 1176 1258
f 1258 1177 1321
f 1322 1181 1259
f 1323 1259 1178
f 1294 1323 1178
f 1180 1260 1179
f 1260 1118 1261
f 1324 1186 1262
f 1262 1121 1182
f 1325 1182 1183
f 1325 1183 1326
f 1326 1183 1263
f 1263 1124 1185
f 1327 1185 1184
f 1184 1127 1179
f 1324 1264 1186
f 1328 1192 1187
f 1329 1192 1328
f 1330 1187 1188
f 1331 1188 1265
f 1265 1128 1332
f 1333 1129 1266
f 1332 1128 1267
f 1267 1129 1333
f 1266 1268 1334
f 1268 1130 1269
f 1269 1131 1335
f 1335 1131 1270
f 1270 1132 1271
f 1272 1189 1336
f 1337 1189 1190
f 1338 1190 1275
f 1273 1264 1339
f 1340 1339 1341
f 1273 1274 1048
f 1275 1134 1342
f 1343 1191 1274
f 1342 1134 1191
f 1344 1277 1276
f 1279 1278 1136
f 1345 1279 1192
f 1346 1276 1193
f 1346 1193 1278
f 1347 1256 1195
f 1347 1195 1280
f 1348 1319 1256
f 1349 1350 1351
f 1351 1350 1352
f 1350 1353 1352
f 1352 1353 1354
f 1353 1355 1354
f 1354 1355 1356
f 1357 1282 1358
f 1358 1282 1281
f 1359 1360 1361
f 1361 1360 1362
f 1361 1362 1284
f 1284 1283 1361
f 1361 1283 1359
f 1200 1363 1202
f 1202 1363 1364
f 1286 1141 1287
f 1287 1204 1365
f 1365 1204 1288
f 1344 1366 1277
f 1277 1367 1288
f 1289 1205 1368
f 1205 1206 1369
f 1369 1206 1290
f 1290 1144 1370
f 1209 1208 1371
f 1293 1372 1292
f 1292 1372 1373
f 1216 1217 1296
f 1374 1218 1375
f 1375 1218 1219
f 1376 1372 1377
f 1296 1220 1297
f 1378 1298 1222
f 1299 1378 1222
f 1379 1299 1223
f 1229 1379 1223
f 1380 1300 1301
f 1300 1381 1229
f 1382 1380 1301
f 1301 1228 1383
f 1382 1301 1384
f 1385 1382 1386
f 1302 1225 1387
f 1388 1226 1303
f 1303 1227 1389
f 1304 1226 1388
f 1387 1225 1304
f 1383 1228 1305
f 1305 1230 1306
f 1306 1224 1302
f 1390 1307 1109
f 1389 1227 1308
f 1232 1233 1308
f 1309 1310 1391
f 1311 1236 1237
f 1311 1167 1238
f 1307 1390 1238
f 1312 1168 1245
f 1313 1169 1312
f 1392 1240 1313
f 1314 1109 1111
f 1314 1171 1315
f 1241 1393 1242
f 1241 1243 1394
f 1243 1240 1392
f 1395 1245 1247
f 1396 1247 1249
f 1397 1249 1251
f 1398 1251 1253
f 1399 1253 1255
f 1317 1255 1198
f 1320 1316 1176
f 1316 1317 1173
f 1321 1177 1318
f 1318 1257 1400
f 1257 1319 1401
f 1402 1320 1258
f 1403 1258 1321
f 1259 1323 1322
f 1404 1323 1294
f 1179 1260 1261
f 1405 1262 1182
f 1405 1182 1325
f 1325 1326 1406
f 1406 1326 1263
f 1327 1263 1185
f 1407 1341 1339
f 1339 1264 1324
f 1345 1192 1329
f 1328 1187 1330
f 1330 1188 1331
f 1331 1265 1408
f 1408 1265 1332
f 1333 1266 1409
f 1410 1332 1267
f 1267 1333 1411
f 1409 1266 1334
f 1334 1268 1269
f 1412 1269 1335
f 1412 1335 1270
f 1413 1270 1271
f 1271 1272 1413
f 1413 1272 1336
f 1336 1189 1337
f 1337 1190 1338
f 1340 1341 1414
f 1273 1339 1340
f 1273 1343 1274
f 1338 1275 1415
f 1415 1275 1342
f 1343 1342 1191
f 1416 1344 1276
f 1417 1278 1279
f 1418 1279 1345
f 1416 1276 1346
f 1417 1346 1278
f 1348 1256 1347
f 1419 1319 1348
f 1419 1420 1319
f 1355 1421 1356
f 1356 1421 1422
f 1421 1423 1422
f 1422 1423 1424
f 1423 1425 1424
f 1424 1425 1426
f 1425 1427 1426
f 1426 1427 1428
f 1427 1429 1428
f 1428 1429 1430
f 1429 1357 1430
f 1430 1357 1358
f 1285 1431 1432
f 1285 1433 1431
f 1434 1359 1435
f 1434 1435 1436
f 1437 1359 1283
f 1365 1288 1438
f 1438 1288 1367
f 1439 1366 1344
f 1366 1367 1277
f 1368 1205 1369
f 1369 1290 1440
f 1440 1290 1370
f 1211 1292 1291
f 1291 1292 1442
f 1295 1447 1219
f 1219 1447 1375
f 1448 1449 1450
f 1450 1449 1451
f 1449 1374 1451
f 1451 1374 1375
f 1452 1448 1453
f 1453 1448 1450
f 1454 1377 1455
f 1456 1298 1378
f 1457 1299 1379
f 1458 1379 1229
f 1381 1458 1229
f 1380 1459 1300
f 1459 1381 1300
f 1460 1380 1382
f 1385 1460 1382
f 1461 1385 1462
f 1384 1301 1383
f 1386 1382 1384
f 1462 1385 1386
f 1462 1463 1461
f 1464 1302 1387
f 1388 1303 1465
f 1465 1303 1389
f 1466 1304 1388
f 1387 1304 1466
f 1383 1305 1467
f 1305 1306 1468
f 1306 1302 1464
f 1308 1233 1389
f 1469 1236 1311
f 1311 1238 1469
f 1238 1390 1471
f 1472 1109 1473
f 1474 1473 1109
f 1312 1245 1395
f 1313 1312 1475
f 1392 1313 1476
f 1314 1474 1109
f 1314 1315 1477
f 1394 1393 1241
f 1242 1393 1315
f 1315 1393 1478
f 1394 1243 1392
f 1395 1247 1396
f 1396 1249 1397
f 1397 1251 1398
f 1398 1253 1399
f 1399 1255 1317
f 1479 1316 1320
f 1480 1317 1316
f 1401 1319 1420
f 1481 1420 1482
f 1321 1318 1483
f 1483 1318 1400
f 1400 1257 1401
f 1484 1320 1402
f 1402 1258 1403
f 1403 1321 1485
f 1322 1323 1404
f 1486 1404 1487
f 1179 1261 1322
f 1325 1406 1405
f 1406 1263 1327
f 1327 1179 1489
f 1490 1414 1341
f 1491 1492 1414
f 1490 1341 1407
f 1407 1339 1324
f 1493 1324 1488
f 1494 1345 1329
f 1329 1328 1494
f 1494 1328 1330
f 1331 1408 1330
f 1408 1332 1410
f 1411 1333 1409
f 1410 1267 1411
f 1409 1334 1495
f 1334 1269 1412
f 1412 1270 1413
f 1336 1496 1413
f 1337 1496 1336
f 1338 1415 1337
f 1414 1492 1340
f 1340 1343 1273
f 1415 1342 1343
f 1497 1498 1499
f 1499 1500 1439
f 1501 1439 1344
f 1501 1344 1416
f 1418 1417 1279
f 1502 1416 1346
f 1502 1346 1417
f 1351 1503 1349
f 1349 1503 1504
f 1505 1420 1419
f 1505 1482 1420
f 1284 1362 1433
f 1433 1362 1506
f 1433 1506 1431
f 1435 1437 1436
f 1363 1507 1364
f 1364 1507 1508
f 1438 1367 1509
f 1439 1500 1366
f 1366 1510 1367
f 1499 1498 1500
f 1511 1512 1497
f 1497 1512 1498
f 1368 1369 1513
f 1513 1369 1440
f 1370 1441 1440
f 1292 1373 1442
f 1442 1373 1514
f 1447 1519 1375
f 1375 1519 1451
f 1373 1376 1514
f 1514 1376 1520
f 1455 1521 1454
f 1454 1521 1522
f 1524 1525 1526
f 1378 1457 1456
f 1457 1379 1458
f 1527 1459 1380
f 1458 1381 1528
f 1528 1381 1459
f 1529 1460 1385
f 1461 1529 1385
f 1461 1463 1530
f 1463 1531 1530
f 1463 1532 1531
f 1384 1383 1533
f 1386 1384 1534
f 1462 1386 1535
f 1462 1536 1463
f 1464 1387 1537
f 1538 1388 1465
f 1539 1465 1389
f 1466 1388 1538
f 1537 1387 1466
f 1533 1383 1467
f 1467 1305 1468
f 1468 1306 1464
f 1390 1472 1471
f 1539 1389 1233
f 1469 1470 1236
f 1238 1471 1469
f 1472 1473 1540
f 1474 1541 1473
f 1542 1541 1474
f 1542 1474 1543
f 1475 1312 1395
f 1476 1313 1475
f 1544 1392 1476
f 1477 1474 1314
f 1543 1474 1545
f 1477 1315 1478
f 1394 1478 1393
f 1394 1392 1544
f 1546 1395 1396
f 1547 1396 1397
f 1548 1397 1398
f 1549 1398 1399
f 1480 1399 1317
f 1484 1479 1320
f 1479 1480 1316
f 1401 1420 1481
f 1481 1482 1550
f 1550 1482 1551
f 1485 1321 1483
f 1483 1400 1552
f 1400 1401 1553
f 1402 1554 1484
f 1403 1555 1402
f 1485 1556 1403
f 1322 1404 1486
f 1405 1406 1558
f 1491 1414 1490
f 1559 1492 1491
f 1560 1490 1407
f 1493 1407 1324
f 1488 1561 1493
f 1562 1345 1494
f 1330 1408 1494
f 1410 1563 1408
f 1411 1409 1564
f 1411 1565 1410
f 1564 1409 1495
f 1495 1334 1412
f 1566 1412 1413
f 1337 1415 1496
f 1340 1492 1559
f 1340 1415 1343
f 1567 1497 1499
f 1568 1499 1439
f 1568 1439 1501
f 1569 1501 1416
f 1570 1417 1418
f 1345 1562 1418
f 1418 1562 1570
f 1569 1416 1502
f 1571 1502 1417
f 1572 1482 1505
f 1573 1551 1574
f 1572 1551 1482
f 1575 1574 1576
f 1577 1578 1579
f 1580 1581 1577
f 1582 1583 1580
f 1432 1584 1585
f 1432 1431 1584
f 1586 1511 1497
f 1587 1436 1437
f 1509 1367 1510
f 1500 1510 1366
f 1498 1588 1500
f 1511 1589 1512
f 1512 1590 1498
f 1440 1441 1513
f 1591 1592 1441
f 1593 1486 1594
f 1594 1486 1487
f 1453 1450 1596
f 1596 1450 1597
f 1450 1451 1597
f 1597 1451 1519
f 1376 1454 1520
f 1520 1454 1598
f 1596 1599 1453
f 1453 1599 1526
f 1457 1458 1528
f 1527 1528 1459
f 1529 1601 1460
f 1601 1600 1460
f 1602 1529 1461
f 1461 1530 1602
f 1530 1531 1603
f 1607 1531 1532
f 1536 1532 1463
f 1534 1384 1533
f 1535 1386 1534
f 1535 1536 1462
f 1608 1464 1537
f 1538 1465 1539
f 1609 1466 1538
f 1537 1466 1609
f 1533 1467 1610
f 1467 1468 1611
f 1468 1464 1608
f 1471 1472 1540
f 1469 1471 1612
f 1540 1473 1541
f 1613 1541 1542
f 1542 1543 1614
f 1543 1545 1615
f 1475 1395 1546
f 1476 1475 1616
f 1544 1476 1617
f 1477 1545 1474
f 1477 1478 1618
f 1394 1619 1478
f 1544 1619 1394
f 1546 1396 1547
f 1547 1397 1548
f 1548 1398 1549
f 1549 1399 1480
f 1620 1479 1484
f 1621 1480 1479
f 1484 1622 1623
f 1484 1623 1620
f 1553 1401 1481
f 1624 1481 1550
f 1550 1551 1573
f 1573 1574 1575
f 1575 1576 1625
f 1485 1483 1626
f 1626 1483 1552
f 1552 1400 1553
f 1402 1555 1627
f 1402 1627 1554
f 1484 1554 1622
f 1403 1556 1555
f 1485 1628 1556
f 1593 1629 1486
f 1486 1629 1322
f 1179 1322 1489
f 1489 1322 1630
f 1488 1557 1561
f 1327 1489 1406
f 1406 1489 1631
f 1632 1490 1633
f 1632 1491 1490
f 1634 1559 1491
f 1633 1490 1560
f 1560 1407 1493
f 1493 1561 1635
f 1634 1636 1559
f 1637 1559 1636
f 1638 1562 1494
f 1639 1494 1408
f 1639 1408 1640
f 1640 1408 1563
f 1410 1565 1563
f 1564 1565 1411
f 1564 1495 1641
f 1495 1412 1566
f 1566 1413 1642
f 1413 1496 1642
f 1642 1496 1643
f 1496 1415 1644
f 1340 1559 1637
f 1586 1497 1567
f 1567 1499 1568
f 1645 1568 1501
f 1645 1501 1569
f 1571 1417 1570
f 1570 1562 1638
f 1646 1569 1502
f 1647 1502 1571
f 1503 1648 1504
f 1504 1648 1649
f 1650 1574 1551
f 1650 1551 1572
f 1625 1651 1652
f 1625 1576 1651
f 1653 1576 1574
f 1654 1655 1656
f 1652 1657 1654
f 1579 1658 1659
f 1579 1578 1658
f 1660 1577 1581
f 1661 1580 1583
f 1662 1583 1582
f 1663 1662 1582
f 1664 1665 1663
f 1666 1667 1664
f 1585 1668 1666
f 1669 1585 1584
f 1670 1511 1586
f 1671 1589 1511
f 1584 1431 1672
f 1672 1431 1506
f 1673 1674 1675
f 1675 1674 1434
f 1675 1587 1673
f 1507 1676 1508
f 1508 1676 1677
f 1509 1510 1678
f 1500 1588 1510
f 1498 1590 1588
f 1589 1679 1512
f 1512 1679 1590
f 1680 1681 1589
f 1682 1368 1513
f 1682 1513 1683
f 1441 1684 1513
f 1441 1592 1684
f 1591 1685 1592
f 1592 1685 1686
f 1524 1526 1688
f 1688 1526 1599
f 1527 1689 1528
f 1602 1530 1690
f 1530 1603 1690
f 1692 1532 1693
f 1536 1693 1532
f 1694 1533 1610
f 1534 1533 1694
f 1535 1534 1695
f 1535 1696 1536
f 1608 1537 1697
f 1539 1609 1538
f 1697 1537 1609
f 1610 1467 1611
f 1611 1468 1608
f 1471 1540 1612
f 1540 1541 1613
f 1613 1542 1614
f 1614 1543 1615
f 1698 1545 1699
f 1616 1475 1546
f 1617 1476 1616
f 1617 1700 1544
f 1618 1545 1477
f 1544 1701 1619
f 1544 1700 1701
f 1702 1546 1547
f 1703 1547 1548
f 1704 1548 1549
f 1621 1549 1480
f 1620 1621 1479
f 1705 1623 1622
f 1620 1623 1706
f 1553 1481 1624
f 1624 1550 1707
f 1707 1550 1573
f 1708 1654 1656
f 1709 1573 1575
f 1710 1575 1625
f 1711 1625 1652
f 1712 1652 1654
f 1626 1713 1485
f 1485 1713 1628
f 1626 1552 1714
f 1552 1553 1715
f 1554 1627 1716
f 1554 1717 1622
f 1718 1555 1556
f 1719 1556 1628
f 1322 1629 1630
f 1720 1632 1633
f 1560 1720 1633
f 1493 1635 1560
f 1721 1722 1634
f 1722 1636 1634
f 1637 1636 1723
f 1724 1639 1640
f 1640 1563 1725
f 1725 1563 1565
f 1726 1565 1564
f 1726 1564 1641
f 1641 1495 1566
f 1727 1566 1642
f 1727 1642 1643
f 1643 1496 1728
f 1415 1340 1644
f 1644 1340 1637
f 1729 1586 1567
f 1730 1567 1568
f 1731 1586 1729
f 1730 1568 1645
f 1732 1645 1569
f 1570 1638 1571
f 1732 1569 1646
f 1646 1502 1647
f 1571 1733 1647
f 1708 1656 1734
f 1656 1735 1736
f 1659 1737 1738
f 1653 1574 1650
f 1652 1651 1657
f 1739 1651 1576
f 1739 1576 1653
f 1656 1655 1735
f 1654 1657 1655
f 1658 1737 1659
f 1663 1740 1662
f 1741 1664 1667
f 1742 1666 1668
f 1731 1670 1586
f 1670 1671 1511
f 1671 1680 1589
f 1743 1673 1587
f 1678 1510 1588
f 1744 1588 1590
f 1589 1681 1679
f 1745 1590 1679
f 1680 1746 1681
f 1595 1682 1683
f 1685 1747 1686
f 1686 1747 1748
f 1749 1593 1750
f 1750 1593 1594
f 1516 1752 1751
f 1517 1753 1752
f 1518 1754 1753
f 1755 1756 1757
f 1757 1756 1758
f 1600 1759 1689
f 1602 1690 1760
f 1690 1603 1761
f 1696 1693 1536
f 1694 1610 1766
f 1695 1534 1694
f 1695 1696 1535
f 1767 1608 1697
f 1539 1697 1609
f 1610 1611 1768
f 1611 1608 1767
f 1612 1540 1769
f 1233 1449 1448
f 1093 780 943
f 943 780 622
f 943 622 778
f 778 622 462
f 778 462 619
f 619 462 320
f 441 305 443
f 443 305 368
f 443 368 613
f 1233 957 1449
f 1449 957 1154
f 1449 1154 1374
f 1374 1154 1095
f 1374 1095 1218
f 1218 1095 945
f 1218 945 1093
f 1093 945 855
f 1093 855 780
f 1391 1233 1448
f 1391 1448 1309
f 1309 1448 1234
f 1377 1096 1455
f 1452 873 958
f 396 558 340
f 340 558 636
f 340 636 397
f 397 636 694
f 397 694 556
f 873 1452 953
f 694 869 556
f 693 868 791
f 791 868 790
f 368 445 613
f 613 445 614
f 613 614 769
f 769 614 770
f 769 770 935
f 935 770 936
f 935 936 1087
f 1087 936 1001
f 1087 1001 1212
f 1212 1001 1002
f 1212 1002 671
f 1096 1012 950
f 1096 950 951
f 951 950 785
f 951 785 787
f 787 785 627
f 787 627 630
f 630 627 465
f 630 465 469
f 469 465 324
f 469 324 331
f 331 324 182
f 331 182 188
f 188 182 123
f 958 1022 1452
f 1452 1022 1103
f 1452 1103 1448
f 1448 1103 1162
f 1448 1162 1234
f 1769 1540 1613
f 1770 1613 1614
f 1614 1615 1771
f 1771 1615 1698
f 1698 1699 1772
f 1773 1699 1545
f 1616 1546 1702
f 1617 1616 1774
f 1617 1775 1700
f 1618 1776 1545
f 1478 1619 1618
f 1618 1619 1701
f 1702 1547 1703
f 1703 1548 1704
f 1704 1549 1621
f 1777 1621 1620
f 1622 1717 1705
f 1620 1706 1778
f 1705 1706 1623
f 1715 1553 1624
f 1779 1624 1707
f 1707 1573 1709
f 1712 1654 1708
f 1709 1575 1710
f 1710 1625 1711
f 1711 1652 1712
f 1626 1780 1713
f 1714 1780 1626
f 1714 1552 1715
f 1716 1627 1718
f 1716 1717 1554
f 1718 1556 1719
f 1781 1708 1782
f 1593 1749 1629
f 1629 1749 1783
f 1630 1629 1784
f 1630 1784 1785
f 1558 1631 1557
f 1557 1631 1786
f 1557 1786 1561
f 1787 1631 1785
f 1785 1631 1489
f 1560 1635 1720
f 1635 1786 1788
f 1723 1789 1637
f 1790 1722 1721
f 1791 1789 1723
f 1722 1723 1636
f 1494 1639 1638
f 1638 1639 1724
f 1640 1792 1724
f 1725 1792 1640
f 1725 1565 1726
f 1793 1726 1641
f 1641 1566 1727
f 1643 1794 1727
f 1728 1795 1643
f 1496 1644 1728
f 1728 1644 1796
f 1796 1644 1637
f 1729 1567 1730
f 1729 1797 1731
f 1798 1730 1645
f 1799 1645 1732
f 1571 1638 1733
f 1647 1733 1646
f 1782 1708 1734
f 1734 1656 1736
f 1736 1735 1800
f 1738 1801 1802
f 1648 1803 1649
f 1649 1803 1804
f 1805 1657 1651
f 1805 1651 1739
f 1806 1800 1735
f 1807 1735 1655
f 1808 1655 1657
f 1658 1578 1809
f 1809 1578 1810
f 1581 1811 1660
f 1660 1811 1810
f 1660 1810 1578
f 1583 1812 1661
f 1661 1812 1811
f 1661 1811 1581
f 1583 1662 1812
f 1812 1662 1813
f 1584 1672 1669
f 1669 1672 1814
f 1815 1670 1731
f 1816 1671 1670
f 1817 1680 1671
f 1818 1746 1680
f 1819 1820 1821
f 1821 1820 1674
f 1821 1674 1673
f 1676 1822 1677
f 1677 1822 1823
f 1678 1588 1744
f 1744 1590 1745
f 1824 1679 1681
f 1745 1679 1824
f 1825 1681 1746
f 1731 1826 1815
f 1731 1797 1827
f 1828 1829 1595
f 1595 1829 1754
f 1683 1828 1595
f 1747 1830 1748
f 1748 1830 1831
f 1749 1832 1783
f 1783 1832 1833
f 1834 1835 1829
f 1829 1835 1754
f 1757 1836 1755
f 1755 1836 1837
f 1830 1838 1831
f 1831 1838 1839
f 1760 1690 1841
f 1690 1761 1841
f 1606 1843 1763
f 1696 1844 1693
f 1845 1694 1766
f 1695 1694 1845
f 1695 1846 1696
f 1767 1697 1539
f 1768 1611 1767
f 1769 1539 1612
f 1769 1613 1848
f 1848 1613 1770
f 1545 1849 1773
f 1770 1614 1850
f 1850 1614 1771
f 1771 1698 1772
f 1772 1699 1773
f 1776 1849 1545
f 1774 1616 1702
f 1774 1851 1617
f 1617 1851 1775
f 1701 1700 1852
f 1852 1700 1775
f 1853 1776 1618
f 1618 1701 1852
f 1854 1702 1703
f 1855 1703 1704
f 1777 1704 1621
f 1620 1778 1777
f 1705 1717 1856
f 1778 1706 1705
f 1715 1624 1779
f 1779 1707 1857
f 1857 1707 1709
f 1781 1712 1708
f 1858 1709 1710
f 1859 1710 1711
f 1860 1711 1712
f 1628 1713 1719
f 1719 1713 1780
f 1714 1861 1780
f 1714 1715 1862
f 1716 1718 1863
f 1716 1856 1717
f 1863 1718 1719
f 1864 1781 1782
f 1785 1784 1787
f 1786 1631 1865
f 1865 1631 1787
f 1867 1789 1791
f 1868 1790 1721
f 1869 1722 1790
f 1791 1723 1722
f 1870 1638 1724
f 1871 1724 1792
f 1725 1872 1792
f 1873 1725 1726
f 1873 1726 1793
f 1793 1641 1727
f 1727 1794 1874
f 1643 1795 1794
f 1794 1795 1875
f 1728 1876 1795
f 1796 1876 1728
f 1796 1637 1877
f 1878 1729 1730
f 1729 1879 1797
f 1878 1730 1798
f 1646 1880 1732
f 1732 1880 1799
f 1798 1645 1799
f 1870 1733 1638
f 1646 1733 1880
f 1864 1782 1881
f 1782 1734 1882
f 1734 1736 1883
f 1736 1800 1884
f 1801 1885 1886
f 1801 1886 1802
f 1738 1802 1887
f 1808 1657 1805
f 1888 1800 1806
f 1806 1735 1807
f 1807 1655 1808
f 1885 1658 1809
f 1665 1889 1740
f 1740 1889 1813
f 1740 1813 1662
f 1667 1890 1741
f 1741 1890 1889
f 1741 1889 1665
f 1890 1667 1814
f 1814 1667 1742
f 1814 1742 1668
f 1815 1816 1670
f 1816 1817 1671
f 1817 1818 1680
f 1818 1891 1746
f 1821 1743 1819
f 1823 1822 1892
f 1824 1681 1825
f 1825 1746 1893
f 1893 1746 1891
f 1815 1894 1895
f 1815 1826 1894
f 1731 1827 1826
f 1896 1897 1834
f 1834 1897 1835
f 1749 1750 1832
f 1832 1750 1898
f 1898 1751 1899
f 1899 1752 1900
f 1900 1753 1901
f 1753 1754 1901
f 1901 1754 1835
f 1756 1906 1758
f 1758 1906 1907
f 1838 1908 1839
f 1839 1908 1909
f 1836 1910 1837
f 1837 1910 1911
f 1291 1149 1150
f 1150 1149 1085
f 1150 1085 1084
f 1084 996 1150
f 1150 996 933
f 1150 933 1000
f 1000 933 767
f 1000 767 842
f 842 767 611
f 842 611 668
f 668 611 439
f 668 439 529
f 529 439 304
f 529 304 528
f 1441 1371 1591
f 1591 1371 1208
f 1591 1208 1145
f 1145 1146 1591
f 1591 1146 1081
f 1591 1081 1210
f 1296 1297 1906
f 1210 1149 1591
f 1591 1149 1291
f 1591 1291 1685
f 1685 1291 1442
f 1685 1442 1747
f 1747 1442 1514
f 1747 1514 1830
f 1830 1514 1520
f 1830 1520 1838
f 1838 1520 1598
f 1911 1688 1837
f 1837 1688 1599
f 1837 1599 1755
f 1755 1599 1596
f 1755 1596 1756
f 1756 1596 1597
f 1756 1597 1906
f 1597 1519 1906
f 1906 1519 1447
f 1906 1447 1296
f 1297 1456 1906
f 1906 1456 1457
f 1906 1457 1528
f 1528 1689 1906
f 1906 1689 1759
f 1906 1759 1840
f 1151 1215 1447
f 1447 1215 1216
f 1447 1216 1296
f 304 229 528
f 528 229 237
f 678 374 540
f 678 540 854
f 854 540 677
f 854 677 1009
f 1009 677 853
f 1009 853 1153
f 1153 853 1005
f 1153 1005 1295
f 1295 1005 1091
f 1295 1091 1447
f 1447 1091 1092
f 1447 1092 1151
f 1760 1841 1840
f 1841 1761 1913
f 1762 1763 1914
f 1914 1763 1915
f 1846 1844 1696
f 1847 1845 1766
f 1845 1846 1695
f 1539 1768 1767
f 1769 1919 1539
f 1848 1919 1769
f 1920 1773 1849
f 1848 1770 1921
f 1921 1770 1850
f 1850 1771 1922
f 1922 1771 1772
f 1772 1773 1920
f 1923 1849 1776
f 1776 1853 1924
f 1774 1702 1854
f 1774 1925 1851
f 1851 1852 1775
f 1618 1852 1853
f 1854 1703 1855
f 1855 1704 1777
f 1777 1778 1926
f 1705 1856 1927
f 1778 1705 1928
f 1928 1705 1927
f 1862 1715 1779
f 1929 1779 1857
f 1857 1709 1858
f 1860 1712 1781
f 1858 1710 1859
f 1859 1711 1860
f 1780 1930 1719
f 1861 1930 1780
f 1714 1931 1861
f 1862 1931 1714
f 1863 1856 1716
f 1863 1719 1932
f 1933 1781 1864
f 1881 1934 1864
f 1881 1935 1936
f 1784 1629 1937
f 1937 1629 1783
f 1938 1787 1784
f 1786 1865 1939
f 1938 1865 1787
f 1786 1939 1788
f 1788 1939 1940
f 1868 1721 1866
f 1635 1788 1720
f 1720 1788 1941
f 1720 1941 1866
f 1937 1783 1945
f 1945 1783 1833
f 1877 1637 1948
f 1949 1867 1791
f 1637 1867 1948
f 1950 1790 1868
f 1950 1869 1790
f 1869 1791 1722
f 1951 1870 1724
f 1951 1724 1871
f 1871 1952 1953
f 1952 1792 1872
f 1954 1725 1873
f 1955 1874 1794
f 1793 1956 1873
f 1727 1874 1793
f 1955 1794 1875
f 1875 1795 1876
f 1796 1957 1876
f 1958 1797 1879
f 1880 1798 1799
f 1959 1733 1870
f 1959 1880 1733
f 1960 1961 1935
f 1960 1935 1881
f 1881 1782 1882
f 1882 1734 1883
f 1883 1736 1884
f 1884 1800 1962
f 1963 1964 1965
f 1886 1966 1802
f 1802 1966 1967
f 1803 1968 1804
f 1804 1968 1969
f 1888 1962 1800
f 1965 1964 1970
f 1895 1816 1815
f 1971 1817 1816
f 1972 1818 1817
f 1973 1891 1818
f 1820 1819 1974
f 1974 1819 1975
f 1976 1819 1743
f 1893 1891 1978
f 1978 1891 1979
f 1895 1894 1980
f 1958 1826 1827
f 1513 1684 1683
f 1683 1684 1981
f 1683 1981 1828
f 1828 1981 1982
f 1828 1982 1829
f 1829 1982 1983
f 1829 1983 1834
f 1832 1985 1833
f 1833 1985 1947
f 1986 1987 1988
f 1988 1987 1989
f 1987 1946 1989
f 1989 1946 1947
f 1897 1992 1835
f 1835 1992 1901
f 1762 1914 1998
f 1998 1914 1999
f 2000 1914 2001
f 2002 1907 1906
f 1998 2003 1762
f 1762 2003 1912
f 1842 1912 2003
f 1906 1840 2002
f 1840 1841 1913
f 1765 2005 1916
f 1917 2006 1918
f 1918 2006 2007
f 1917 1844 2008
f 2008 1844 1846
f 1847 1846 1845
f 1847 1768 1539
f 1848 1921 1919
f 1920 1849 1923
f 1921 1850 2009
f 2009 1850 1922
f 1922 1772 2010
f 2011 1772 1920
f 1924 1853 2012
f 1923 1776 1924
f 1854 2013 1774
f 1774 2013 1925
f 1925 2014 1851
f 2014 1852 1851
f 1852 2012 1853
f 1855 2015 1854
f 1777 2016 1855
f 1777 1926 2016
f 1926 1778 2017
f 1927 1856 2018
f 2017 1778 1928
f 1928 1927 2019
f 1862 1779 1929
f 1929 1857 2020
f 2020 1857 1858
f 1933 1860 1781
f 2021 1858 1859
f 2022 1859 1860
f 1932 1719 1930
f 1862 2023 1931
f 1863 2018 1856
f 1863 1932 2024
f 1864 2025 1933
f 1864 1934 2025
f 1881 1936 1934
f 1936 1935 2026
f 2026 1935 1961
f 1939 1865 1938
f 2027 1940 1939
f 1944 2030 1942
f 1942 2030 1987
f 1942 1987 1986
f 1945 2031 1937
f 2032 1949 1791
f 2033 1877 1948
f 1949 1948 1867
f 2034 1869 1950
f 2032 1791 1869
f 2035 1870 1951
f 1871 1953 2036
f 1871 2036 1951
f 1952 2037 1953
f 1872 2037 1952
f 1725 1954 1872
f 1872 1954 2038
f 1873 2039 1954
f 1873 1956 2039
f 2040 1874 1955
f 1793 1874 1956
f 1875 2041 1955
f 1876 2042 1875
f 1957 2043 1876
f 1796 2044 1957
f 2044 1877 2033
f 1798 2045 1878
f 2046 1958 1879
f 2045 1798 1880
f 1870 2048 1959
f 2035 2048 1870
f 2049 1880 1959
f 1960 2050 1961
f 1881 1882 1960
f 1882 1883 2051
f 1883 1884 2052
f 1884 1962 2053
f 2054 1963 1965
f 1963 2055 1964
f 2056 1964 2055
f 1887 1802 1967
f 2057 1962 1888
f 2054 1965 2058
f 1965 1970 2059
f 2060 1970 1964
f 2060 1964 2056
f 1360 1434 1362
f 1362 1434 1674
f 1362 1674 1506
f 1506 1674 1820
f 1506 1820 1672
f 1672 1820 1974
f 1672 1974 1814
f 1814 1974 2061
f 1814 2061 1890
f 1890 2061 2062
f 1890 2062 1889
f 1889 2062 2063
f 1889 2063 1813
f 1809 2064 2065
f 2063 2066 1813
f 1813 2066 2064
f 1813 2064 1812
f 1812 2064 1809
f 1812 1809 1811
f 1811 1809 1810
f 2067 2068 1966
f 2069 2070 2071
f 2071 2067 2069
f 2069 2067 1966
f 2069 1966 2065
f 2065 1966 1886
f 2065 1886 1809
f 1809 1886 1885
f 1895 1971 1816
f 1971 1972 1817
f 1972 1973 1818
f 1973 1979 1891
f 1975 1819 1976
f 1978 1979 2073
f 1895 2074 2075
f 2076 2077 2078
f 1826 2079 1894
f 1894 2079 1980
f 1895 1980 2074
f 2079 1826 1958
f 2080 1958 2046
f 2081 2082 2083
f 1984 1983 2086
f 2086 1983 1982
f 1984 2087 1897
f 1897 2087 1992
f 1832 1898 1985
f 1985 1898 2088
f 1985 2089 1947
f 1947 2089 1989
f 1898 1899 2088
f 2088 1899 2092
f 1899 1900 2092
f 2092 1900 2093
f 2093 1901 1992
f 2003 2096 1842
f 1840 1913 2002
f 2096 1913 1842
f 1842 1913 1761
f 2001 1914 2097
f 2097 1914 1915
f 2006 2099 2007
f 2007 2099 2005
f 2008 1846 1847
f 1539 2100 1847
f 2101 1920 1923
f 2009 1922 2102
f 1922 2010 2102
f 2010 1772 2011
f 2011 1920 2101
f 2103 2012 2104
f 1924 2012 2103
f 2105 1923 1924
f 1854 2106 2013
f 2013 2107 1925
f 1925 2107 2014
f 2014 2108 1852
f 1852 2104 2012
f 1854 2015 2106
f 1855 2016 2015
f 2016 1926 2017
f 1927 2018 2109
f 2017 1928 2019
f 2019 1927 2109
f 2104 2110 2111
f 1929 2112 1862
f 2020 2113 1929
f 2020 1858 2021
f 2022 1860 1933
f 2021 1859 2022
f 1932 1930 2114
f 1861 1931 1930
f 1930 1931 2023
f 1862 2112 2023
f 2024 2018 1863
f 2024 1932 2115
f 2115 1932 2114
f 1933 2025 2116
f 2026 1934 1936
f 1961 2117 2026
f 2027 1939 1938
f 1866 1941 1868
f 1868 1941 2118
f 1868 2118 1950
f 2119 1941 2120
f 2123 1946 2030
f 2030 1946 1987
f 2124 1945 2123
f 2123 1945 1946
f 2124 2031 1945
f 2125 1949 2032
f 2033 1948 1949
f 2034 2032 1869
f 1951 2126 2035
f 2036 1953 2127
f 1951 2036 2126
f 2127 1953 2037
f 1872 2038 2037
f 1954 2039 2038
f 2128 2039 1956
f 2040 1956 1874
f 1876 2043 2042
f 1875 2042 2041
f 2130 2043 1957
f 2131 1957 2044
f 2131 2044 2033
f 2076 2078 2132
f 2046 1879 2047
f 2049 2045 1880
f 1959 2048 2133
f 2134 2048 2035
f 1959 2133 2049
f 2135 2136 2137
f 2138 2136 2135
f 2083 2082 2137
f 2139 2077 2076
f 2050 2117 1961
f 2140 2050 1960
f 1960 1882 2051
f 2051 1883 2052
f 2052 1884 2053
f 2053 1962 2141
f 2142 1963 2054
f 2143 2055 1963
f 2056 2055 2144
f 2144 2055 2145
f 2146 2069 2147
f 2057 2141 1962
f 1967 1966 2149
f 2149 1966 2068
f 2149 2068 2150
f 1887 1967 2151
f 1968 2152 1969
f 1969 2152 2153
f 2154 2054 2058
f 2058 1965 2059
f 2059 1970 2155
f 2156 2155 1970
f 2156 1970 2060
f 2061 2159 2160
f 2075 1971 1895
f 2161 1972 1971
f 2162 1973 1972
f 2163 1979 1973
f 2164 1975 1976
f 2073 1979 2165
f 2075 2074 2166
f 2167 2132 2168
f 2081 2078 2077
f 2078 2168 2132
f 2079 2074 1980
f 2080 2079 1958
f 2046 2167 2080
f 2083 2137 2169
f 2169 2137 2170
f 2136 2170 2137
f 2138 2171 2136
f 2172 2085 2084
f 2173 2054 2154
f 1981 2174 1982
f 1982 2174 2086
f 2086 2175 1984
f 1984 2175 2087
f 1992 2176 2093
f 2180 2005 2181
f 2181 2005 2099
f 1917 2008 2006
f 2006 2008 2182
f 2008 1847 2183
f 2183 1847 2100
f 1921 2184 2100
f 1921 2100 1919
f 2101 1923 2185
f 2185 1923 2105
f 2102 2010 2011
f 2186 2011 2101
f 2103 2104 2111
f 2187 1924 2103
f 2105 1924 2187
f 2106 2107 2013
f 2107 2108 2014
f 2108 2104 1852
f 2188 2110 2104
f 2015 2189 2106
f 2016 2017 2015
f 2109 2018 2190
f 2019 2109 2017
f 2188 2191 2110
f 2111 2110 2191
f 1929 2113 2112
f 2020 2192 2113
f 2021 2193 2020
f 2020 2193 2192
f 1933 2194 2022
f 1933 2116 2194
f 2022 2195 2021
f 2114 1930 2023
f 2196 2023 2112
f 2024 2197 2018
f 2024 2115 2198
f 2199 2115 2114
f 1934 2200 2025
f 2025 2200 2116
f 2200 1934 2026
f 2117 2201 2026
f 2120 2027 2119
f 2121 2202 2029
f 2029 2202 2030
f 2029 2030 1944
f 2123 2203 2124
f 2124 2204 2031
f 2205 1949 2125
f 2206 2125 2032
f 2205 2033 1949
f 2034 1950 2207
f 2207 1950 2118
f 2206 2032 2034
f 2035 2126 2208
f 2209 2036 2127
f 2209 2126 2036
f 2035 2210 2134
f 2035 2208 2210
f 2127 2037 2211
f 2211 2037 2038
f 2212 2039 2128
f 2212 2038 2039
f 2128 1956 2213
f 2213 1956 2040
f 2040 2129 2214
f 2042 2043 2130
f 2042 2217 2041
f 2130 1957 2131
f 2218 2131 2033
f 2132 2219 2076
f 2220 2047 2045
f 2221 2046 2047
f 2046 2219 2167
f 2220 2045 2049
f 2222 2133 2048
f 2048 2134 2223
f 2049 2133 2224
f 2135 2137 2225
f 2226 2138 2135
f 2227 2139 2076
f 2225 2137 2082
f 2082 2077 2139
f 2140 2228 2050
f 2228 2117 2050
f 1960 2051 2140
f 2051 2052 2229
f 2052 2053 2230
f 2053 2141 2231
f 2173 2142 2054
f 2142 2143 1963
f 2143 2145 2055
f 2144 2145 2232
f 2148 2157 2147
f 2147 2157 2146
f 2068 2067 2150
f 2150 2067 2233
f 2067 2071 2233
f 2233 2071 2234
f 2071 2070 2234
f 2234 2070 2235
f 2235 2070 2236
f 2237 2141 2057
f 2237 2238 2141
f 1967 2149 2151
f 2151 2149 2150
f 2154 2058 2239
f 2058 2059 2240
f 2059 2155 2241
f 2242 2155 2156
f 2243 2064 2244
f 2066 2245 2064
f 2064 2245 2244
f 2063 2246 2066
f 2066 2246 2245
f 2063 2062 2246
f 2246 2062 2247
f 2062 2160 2247
f 2159 2164 2160
f 2075 2248 2249
f 2075 2161 1971
f 2161 2162 1972
f 2162 2163 1973
f 2163 2165 1979
f 2072 2250 1977
f 1977 2250 2251
f 2073 2165 2252
f 2253 2166 2074
f 2075 2166 2248
f 2167 2168 2254
f 2081 2255 2078
f 2078 2256 2168
f 2253 2074 2079
f 2257 2079 2080
f 2080 2167 2254
f 2255 2083 2169
f 2258 2136 2259
f 2171 2259 2136
f 2172 2260 2085
f 2262 2173 2154
f 2175 2086 2263
f 2263 2086 2174
f 2175 2264 2087
f 2087 2264 2176
f 2089 2088 2265
f 1988 1989 2091
f 2091 1989 2089
f 2091 2089 2266
f 2265 2092 2267
f 2092 2093 2267
f 2267 2093 2176
f 2178 2001 2270
f 2270 2001 2097
f 2179 2004 2271
f 2271 2004 2098
f 2272 2181 2273
f 2273 2181 2274
f 2181 2099 2274
f 2274 2099 2275
f 2099 2006 2275
f 2275 2006 2182
f 2008 2183 2182
f 2276 2101 2185
f 2277 2185 2105
f 2102 2011 2186
f 2186 2101 2276
f 2278 2103 2111
f 2187 2103 2278
f 2277 2105 2187
f 2106 2189 2107
f 2107 2279 2108
f 2108 2188 2104
f 2015 2017 2189
f 2109 2190 2280
f 2017 2109 2281
f 2282 2191 2188
f 2283 2191 2282
f 2111 2191 2283
f 2196 2112 2113
f 2284 2113 2192
f 2021 2285 2193
f 2021 2195 2285
f 2022 2194 2286
f 2116 2287 2194
f 2022 2286 2195
f 2114 2023 2196
f 2018 2288 2190
f 2190 2288 2289
f 2197 2288 2018
f 2198 2115 2290
f 2200 2287 2116
f 2026 2291 2200
f 2026 2201 2291
f 2117 2292 2201
f 2027 1938 2204
f 2204 1938 2031
f 2119 2027 2293
f 2294 2118 2295
f 2295 2118 1941
f 2295 1941 2119
f 2298 2123 2202
f 2202 2123 2030
f 2298 2203 2123
f 2203 2204 2124
f 2205 2125 2206
f 2218 2033 2205
f 2118 2294 2207
f 2207 2294 2301
f 2302 2126 2209
f 2223 2134 2210
f 2210 2208 2303
f 2304 2038 2212
f 2040 2214 2213
f 2214 2129 2215
f 2130 2217 2042
f 2306 2130 2131
f 2306 2131 2218
f 2307 2227 2076
f 2307 2076 2219
f 2221 2047 2220
f 2221 2219 2046
f 2308 2220 2049
f 2224 2133 2222
f 2222 2048 2223
f 2308 2049 2309
f 2049 2224 2309
f 2310 2135 2225
f 2226 2135 2310
f 2227 2311 2139
f 2225 2082 2312
f 2139 2311 2082
f 2313 2314 2315
f 2316 2317 2315
f 2315 2317 2318
f 2319 2292 2318
f 2140 2320 2228
f 2228 2321 2117
f 2322 2320 2140
f 2140 2051 2229
f 2229 2052 2230
f 2230 2053 2231
f 2231 2141 2238
f 2323 2142 2173
f 2324 2143 2142
f 2325 2145 2143
f 2232 2145 2326
f 2327 2146 2157
f 2328 2150 2233
f 2329 2233 2234
f 2330 2234 2235
f 2236 2327 2235
f 2331 2238 2237
f 2151 2150 2328
f 2152 2332 2153
f 2153 2332 2333
f 2334 2154 2239
f 2239 2058 2240
f 2240 2059 2241
f 2241 2155 2335
f 2242 2335 2155
f 2158 2243 2244
f 2336 2244 2245
f 2336 2245 2246
f 2337 2246 2247
f 2247 2160 2338
f 2338 2160 2164
f 2249 2248 2339
f 2249 2161 2075
f 2340 2162 2161
f 2341 2163 2162
f 2342 2165 2163
f 2252 2165 2343
f 2344 2339 2248
f 2253 2248 2166
f 2254 2168 2256
f 2255 2256 2078
f 2257 2253 2079
f 2080 2254 2257
f 2169 2345 2255
f 2169 2170 2345
f 2345 2170 2258
f 2258 2259 2346
f 2171 2347 2259
f 2260 2261 2085
f 2262 2154 2334
f 2354 2173 2262
f 2263 2355 2175
f 2175 2355 2264
f 2264 2356 2176
f 2176 2356 2267
f 2177 2178 2359
f 2359 2178 2360
f 1913 2096 2002
f 2002 2096 2003
f 2361 2002 2359
f 2359 2002 2003
f 2359 2003 2177
f 2177 2003 1998
f 2177 1998 2000
f 2000 1998 1999
f 2271 2098 2363
f 2363 2098 2180
f 2363 2180 2272
f 2272 2180 2181
f 2182 2183 2364
f 2183 2365 2364
f 2365 2100 2184
f 2365 2184 2366
f 2367 2366 2368
f 2368 2366 2184
f 2276 2185 2277
f 2184 2009 2368
f 2368 2009 2102
f 2368 2102 2186
f 2278 2111 2369
f 2370 2187 2278
f 2277 2187 2370
f 2372 2280 2190
f 2189 2279 2107
f 2279 2188 2108
f 2017 2281 2189
f 2280 2281 2109
f 2283 2282 2373
f 2374 2111 2283
f 2196 2113 2284
f 2192 2193 2284
f 2284 2193 2285
f 2286 2194 2287
f 2375 2195 2286
f 2376 2114 2196
f 2372 2190 2289
f 2289 2288 2377
f 2377 2288 2197
f 2024 2198 2197
f 2197 2198 2378
f 2290 2378 2198
f 2115 2199 2290
f 2290 2199 2379
f 2114 2376 2199
f 2199 2376 2380
f 2381 2291 2201
f 2319 2201 2292
f 2318 2317 2319
f 2317 2371 2382
f 2119 2293 2295
f 2295 2293 2294
f 2121 2296 2202
f 2202 2296 2384
f 2298 2385 2203
f 2203 2386 2204
f 2388 2205 2206
f 2388 2218 2205
f 2301 2294 2389
f 2303 2208 2302
f 2390 2302 2209
f 2223 2210 2303
f 2390 2211 2304
f 2391 2304 2212
f 2391 2213 2214
f 2215 2305 2214
f 2392 2305 2216
f 2217 2393 2216
f 2130 2394 2217
f 2395 2130 2306
f 2396 2227 2307
f 2397 2307 2219
f 2220 2398 2221
f 2221 2399 2219
f 2400 2398 2220
f 2400 2220 2308
f 2401 2224 2222
f 2402 2222 2223
f 2403 2308 2309
f 2401 2309 2224
f 2310 2225 2404
f 2227 2396 2311
f 2404 2225 2312
f 2312 2082 2311
f 2406 2314 2313
f 2313 2315 2318
f 2292 2407 2318
f 2320 2321 2228
f 2408 2409 2320
f 2321 2407 2117
f 2408 2410 2409
f 2322 2408 2320
f 2140 2229 2322
f 2229 2230 2411
f 2230 2231 2412
f 2231 2238 2413
f 2354 2323 2173
f 2323 2324 2142
f 2324 2325 2143
f 2325 2326 2145
f 2232 2326 2414
f 2415 2416 2417
f 2417 2416 2418
f 2328 2233 2329
f 2329 2234 2330
f 2330 2235 2327
f 2331 2419 2238
f 2334 2239 2420
f 2239 2240 2421
f 2240 2241 2422
f 2241 2335 2423
f 2424 2335 2242
f 2424 2425 2335
f 2158 2244 2336
f 2417 2426 2415
f 2415 2426 2427
f 2337 2336 2246
f 2337 2247 2338
f 2249 2339 2428
f 2249 2340 2161
f 2340 2341 2162
f 2341 2342 2163
f 2342 2343 2165
f 2250 2429 2251
f 2251 2429 2430
f 2252 2343 2431
f 2339 2344 2432
f 2432 2344 2433
f 2344 2248 2253
f 2254 2256 2434
f 2255 2435 2256
f 2436 2253 2257
f 2257 2254 2434
f 2345 2435 2255
f 2258 2346 2345
f 2346 2259 2347
f 2437 2261 2438
f 2260 2439 2261
f 2348 2439 2260
f 2349 2440 2348
f 2350 2440 2349
f 2351 2441 2350
f 2442 2353 2352
f 2445 2262 2334
f 2446 2334 2420
f 2447 2354 2262
f 2355 2448 2264
f 2264 2448 2356
f 2266 2265 2449
f 2449 2267 2356
f 2178 2270 2360
f 2360 2270 2451
f 2362 2179 2452
f 2452 2179 2271
f 2273 2453 2272
f 2272 2453 2454
f 2453 2273 2461
f 2461 2273 2462
f 2462 2274 2463
f 2274 2275 2463
f 2463 2275 2464
f 2275 2182 2464
f 2464 2182 2364
f 2364 2365 2366
f 2465 2366 2367
f 2368 2466 2367
f 2278 2369 2468
f 2369 2111 2374
f 2370 2278 2468
f 2371 2470 2471
f 2406 2472 2314
f 2475 2188 2476
f 2477 2372 2478
f 2477 2479 2372
f 2479 2280 2372
f 2189 2480 2279
f 2279 2481 2188
f 2281 2480 2189
f 2482 2281 2280
f 2373 2282 2475
f 2475 2476 2483
f 2484 2283 2373
f 2374 2283 2484
f 2485 2196 2284
f 2285 2375 2284
f 2287 2375 2286
f 2376 2196 2485
f 2376 2486 2380
f 2478 2372 2487
f 2487 2372 2289
f 2488 2289 2377
f 2377 2197 2378
f 2290 2379 2378
f 2199 2380 2379
f 2489 2380 2486
f 2200 2291 2287
f 2287 2291 2381
f 2381 2201 2319
f 2317 2382 2319
f 2371 2471 2382
f 2492 2493 2494
f 2293 2027 2386
f 2386 2027 2204
f 2389 2294 2293
f 2495 2298 2384
f 2384 2298 2202
f 2495 2385 2298
f 2385 2386 2203
f 2496 2388 2207
f 2207 2388 2206
f 2207 2206 2034
f 2497 2218 2388
f 2389 2498 2301
f 2303 2302 2390
f 2499 2223 2303
f 2402 2223 2499
f 2390 2304 2391
f 2391 2214 2305
f 2500 2305 2392
f 2392 2216 2393
f 2394 2393 2217
f 2395 2394 2130
f 2218 2497 2306
f 2306 2497 2395
f 2307 2501 2396
f 2502 2307 2397
f 2397 2219 2399
f 2398 2399 2221
f 2503 2398 2400
f 2400 2308 2403
f 2504 2401 2222
f 2504 2222 2402
f 2403 2309 2401
f 2311 2396 2501
f 2404 2312 2505
f 2312 2311 2506
f 2509 2510 2511
f 2492 2494 2510
f 2493 2512 2494
f 2473 2513 2493
f 2474 2515 2516
f 2516 2515 2517
f 2518 2406 2517
f 2519 2313 2318
f 2519 2318 2407
f 2320 2409 2321
f 2321 2520 2407
f 2522 2410 2408
f 2522 2408 2322
f 2322 2229 2411
f 2411 2230 2412
f 2412 2231 2413
f 2413 2238 2419
f 2523 2323 2354
f 2524 2324 2323
f 2525 2325 2324
f 2526 2326 2325
f 2414 2326 2527
f 2528 2419 2331
f 2332 2529 2333
f 2333 2529 2530
f 2531 2420 2532
f 2420 2239 2421
f 2421 2240 2422
f 2422 2241 2423
f 2423 2335 2425
f 2533 2425 2424
f 2428 2339 2432
f 2534 2432 2433
f 2428 2340 2249
f 2535 2341 2340
f 2536 2342 2341
f 2537 2343 2342
f 2431 2343 2538
f 2539 2433 2344
f 2436 2344 2253
f 2434 2256 2435
f 2257 2434 2436
f 2345 2346 2435
f 2438 2261 2439
f 2348 2541 2439
f 2440 2541 2348
f 2350 2441 2440
f 2351 2353 2442
f 2351 2542 2441
f 2442 2352 2443
f 2543 2443 2444
f 2544 2545 2546
f 2547 2420 2531
f 2531 2532 2545
f 2548 2262 2445
f 2445 2334 2446
f 2446 2420 2547
f 2549 2523 2354
f 2549 2354 2550
f 2550 2354 2447
f 2447 2262 2548
f 2448 2551 2356
f 2356 2551 2449
f 2359 2360 2361
f 2361 2360 2555
f 2270 2362 2451
f 2451 2362 2556
f 2462 2463 2560
f 2463 2464 2561
f 2364 2366 2465
f 2465 2367 2466
f 2370 2562 2277
f 2277 2562 2467
f 2277 2467 2276
f 2563 2466 2467
f 2467 2466 2368
f 2468 2369 2374
f 2470 2564 2471
f 2469 2470 2371
f 2314 2472 2469
f 2565 2517 2515
f 2566 2515 2474
f 2566 2474 2473
f 2483 2476 2567
f 2476 2188 2481
f 2568 2477 2478
f 2479 2482 2280
f 2480 2481 2279
f 2281 2569 2480
f 2482 2569 2281
f 2373 2475 2483
f 2484 2373 2570
f 2571 2374 2484
f 2485 2284 2572
f 2572 2284 2375
f 2287 2573 2375
f 2485 2486 2376
f 2489 2486 2574
f 2575 2478 2487
f 2576 2289 2488
f 2488 2377 2577
f 2577 2377 2378
f 2578 2378 2379
f 2579 2379 2380
f 2579 2380 2489
f 2381 2573 2287
f 2319 2580 2381
f 2319 2382 2580
f 2382 2471 2581
f 2582 2473 2493
f 2582 2493 2492
f 2509 2492 2510
f 2300 2585 2383
f 2383 2585 2384
f 2383 2384 2296
f 2495 2586 2385
f 2385 2587 2386
f 2585 2300 2588
f 2588 2300 2387
f 2588 2387 2405
f 2389 2589 2498
f 2589 2496 2498
f 2498 2496 2207
f 2590 2303 2390
f 2499 2303 2590
f 2591 2402 2499
f 2592 2390 2391
f 2500 2391 2305
f 2392 2393 2500
f 2394 2593 2393
f 2395 2594 2394
f 2395 2497 2594
f 2595 2307 2502
f 2596 2502 2397
f 2397 2399 2596
f 2399 2398 2503
f 2503 2400 2403
f 2597 2401 2504
f 2597 2403 2401
f 2501 2506 2311
f 2505 2312 2506
f 2605 2554 2606
f 2554 2605 2405
f 2405 2605 2588
f 2511 2607 2608
f 2511 2510 2607
f 2510 2494 2609
f 2610 2494 2512
f 2493 2513 2512
f 2473 2514 2513
f 2514 2474 2516
f 2516 2517 2406
f 2611 2313 2519
f 2520 2519 2407
f 2410 2612 2409
f 2409 2612 2613
f 2409 2520 2321
f 2491 2617 2521
f 2618 2613 2612
f 2522 2612 2410
f 2322 2411 2522
f 2411 2412 2619
f 2412 2413 2620
f 2413 2419 2621
f 2622 2623 2523
f 2523 2524 2323
f 2524 2525 2324
f 2525 2526 2325
f 2526 2527 2326
f 2414 2527 2624
f 2416 2625 2418
f 2418 2625 2626
f 2528 2627 2419
f 2544 2546 2628
f 2545 2532 2546
f 2420 2421 2532
f 2421 2422 2629
f 2422 2423 2630
f 2423 2425 2631
f 2533 2632 2425
f 2426 2633 2427
f 2427 2633 2634
f 1887 1968 1738
f 1738 1968 1803
f 1738 1803 1659
f 1659 1803 1648
f 1659 1648 1579
f 1285 1202 1283
f 1283 1202 1364
f 1283 1364 1437
f 1437 1364 1508
f 1437 1508 1587
f 1587 1508 1677
f 1587 1677 1743
f 1666 1430 1585
f 1585 1430 1358
f 1585 1358 1432
f 1432 1358 1281
f 1432 1281 1285
f 1285 1281 1201
f 1285 1201 1202
f 1648 1503 1579
f 1579 1503 1351
f 1579 1351 1577
f 1577 1351 1352
f 1577 1352 1580
f 1580 1352 1354
f 1580 1354 1582
f 2330 2635 2329
f 2329 2635 2636
f 2329 2636 2328
f 2328 2636 2529
f 2328 2529 2151
f 2151 2529 2332
f 2151 2332 1887
f 1887 2332 2152
f 1887 2152 1968
f 2158 2417 2157
f 2157 2417 2418
f 2157 2418 2327
f 2327 2418 2626
f 2327 2626 2330
f 2330 2626 2637
f 2330 2637 2635
f 1677 1823 1743
f 1743 1823 1977
f 1743 1977 1976
f 1976 1977 2251
f 1976 2251 2164
f 2164 2251 2430
f 2164 2430 2338
f 1354 1356 1582
f 1582 1356 1422
f 1582 1422 1663
f 1663 1422 1424
f 1663 1424 1664
f 1664 1424 1426
f 1664 1426 1666
f 1666 1426 1428
f 1666 1428 1430
f 2430 2638 2338
f 2338 2638 2639
f 2338 2639 2337
f 2337 2639 2640
f 2337 2640 2336
f 2336 2640 2633
f 2336 2633 2158
f 2158 2633 2426
f 2158 2426 2417
f 2429 2641 2430
f 2430 2641 2638
f 2428 2432 2534
f 2428 2535 2340
f 2535 2536 2341
f 2536 2537 2342
f 2537 2538 2343
f 2431 2538 2642
f 2643 2433 2539
f 2539 2344 2436
f 2434 2435 2644
f 2436 2434 2645
f 2644 2435 2346
f 2438 2439 2646
f 2646 2439 2541
f 2440 2647 2541
f 2441 2647 2440
f 2442 2542 2351
f 2542 2648 2441
f 2442 2443 2543
f 2543 2444 2649
f 2650 2444 2604
f 2651 2604 2603
f 2603 2602 2652
f 2649 2444 2650
f 2652 2602 2601
f 2653 2545 2544
f 2654 2547 2531
f 2653 2531 2545
f 2655 2544 2628
f 2656 2548 2445
f 2657 2445 2446
f 2658 2446 2547
f 2622 2523 2549
f 2659 2549 2550
f 2660 2550 2447
f 2661 2447 2548
f 1991 2091 2266
f 1991 2266 1902
f 2094 1996 2266
f 1996 1994 2266
f 2266 1994 1903
f 2266 1903 1902
f 2266 2357 2268
f 2266 2268 2094
f 2360 2451 2555
f 2555 2451 2665
f 2556 2362 2666
f 2666 2362 2452
f 2453 2461 2668
f 2668 2461 2669
f 2670 2454 2671
f 2671 2454 2453
f 2671 2453 2668
f 2461 2462 2675
f 2675 2462 2560
f 2560 2463 2561
f 2561 2464 2676
f 2676 2364 2465
f 2466 2563 2465
f 2468 2374 2571
f 2471 2564 2677
f 2564 2470 2678
f 2678 2470 2469
f 2469 2472 2565
f 2565 2515 2566
f 2679 2566 2473
f 2483 2567 2680
f 2476 2481 2567
f 2681 2477 2568
f 2568 2478 2575
f 2479 2681 2682
f 2683 2482 2479
f 2683 2479 2682
f 2480 2684 2481
f 2569 2684 2480
f 2482 2685 2569
f 2570 2373 2686
f 2686 2373 2483
f 2687 2483 2680
f 2688 2484 2570
f 2571 2484 2688
f 2572 2689 2485
f 2572 2375 2573
f 2485 2690 2486
f 2689 2690 2485
f 2574 2691 2489
f 2575 2487 2692
f 2692 2487 2576
f 2693 2576 2488
f 2694 2378 2578
f 2695 2379 2579
f 2489 2696 2579
f 2381 2580 2573
f 2382 2581 2580
f 2471 2677 2581
f 2679 2473 2582
f 2389 2293 2587
f 2587 2293 2386
f 2698 2495 2585
f 2585 2495 2384
f 2698 2586 2495
f 2586 2587 2385
f 2590 2390 2592
f 2590 2591 2499
f 2592 2391 2500
f 2394 2594 2593
f 2699 2594 2497
f 2595 2700 2501
f 2502 2596 2595
f 2596 2399 2503
f 2701 2503 2403
f 2701 2403 2597
f 2501 2700 2506
f 2505 2506 2703
f 2705 2605 2606
f 2507 2706 2508
f 2707 2605 2705
f 2507 2709 2706
f 2608 2607 2712
f 2510 2609 2607
f 2713 2610 2512
f 2713 2512 2513
f 2514 2516 2513
f 2714 2516 2406
f 2714 2611 2519
f 2613 2715 2409
f 2716 2520 2409
f 2717 2715 2613
f 2608 2712 2615
f 2491 2614 2617
f 2521 2718 2616
f 2521 2617 2718
f 2717 2613 2618
f 2618 2612 2522
f 2522 2411 2619
f 2619 2412 2620
f 2620 2413 2621
f 2621 2419 2627
f 2622 2721 2623
f 2623 2721 2722
f 2623 2524 2523
f 2723 2525 2524
f 2724 2526 2525
f 2725 2527 2526
f 2624 2527 2726
f 2625 2727 2626
f 2626 2727 2637
f 2728 2627 2528
f 2529 2636 2530
f 2530 2636 2729
f 2655 2628 2730
f 2731 2732 2733
f 2731 2730 2732
f 2628 2734 2730
f 2628 2546 2734
f 2546 2532 2735
f 2532 2421 2629
f 2629 2422 2630
f 2630 2423 2631
f 2631 2425 2632
f 2736 2632 2533
f 2639 2638 2737
f 2737 2638 2641
f 2433 2643 2534
f 2534 2643 2738
f 2534 2535 2428
f 2739 2536 2535
f 2740 2537 2536
f 2741 2538 2537
f 2642 2538 2742
f 2539 2743 2643
f 2436 2645 2539
f 2644 2645 2434
f 2644 2346 2540
f 2438 2646 2540
f 2646 2541 2744
f 2744 2541 2647
f 2648 2647 2441
f 2442 2745 2542
f 2542 2746 2648
f 2543 2745 2442
f 2649 2747 2543
f 2650 2604 2651
f 2651 2603 2652
f 2650 2747 2649
f 2643 2743 2738
f 2748 2601 2697
f 2652 2601 2748
f 2749 2697 2750
f 2658 2547 2751
f 2751 2547 2654
f 2752 2653 2544
f 2654 2531 2653
f 2752 2544 2655
f 2661 2548 2656
f 2656 2445 2657
f 2657 2446 2658
f 2753 2721 2622
f 2754 2622 2549
f 2754 2549 2659
f 2659 2550 2660
f 2660 2447 2661
f 2755 2756 2722
f 2757 2722 2721
f 2451 2556 2665
f 2665 2556 2765
f 2669 2461 2774
f 2774 2461 2675
f 2774 2675 2775
f 2775 2675 2776
f 2776 2675 2777
f 2776 2777 2778
f 2560 2561 2781
f 2561 2676 2782
f 2465 2563 2783
f 2784 2562 2785
f 2571 2786 2468
f 2468 2786 2562
f 2468 2562 2370
f 2677 2564 2787
f 2787 2564 2678
f 2678 2469 2565
f 2788 2565 2566
f 2788 2566 2679
f 2680 2567 2789
f 2481 2789 2567
f 2790 2681 2568
f 2791 2568 2575
f 2790 2682 2681
f 2792 2685 2482
f 2683 2792 2482
f 2793 2683 2682
f 2684 2794 2481
f 2569 2795 2684
f 2796 2569 2685
f 2687 2680 2797
f 2798 2570 2686
f 2686 2483 2687
f 2688 2570 2798
f 2572 2799 2689
f 2573 2799 2572
f 2691 2486 2690
f 2689 2800 2690
f 2489 2691 2696
f 2791 2575 2801
f 2801 2575 2692
f 2692 2576 2693
f 2488 2577 2693
f 2693 2577 2694
f 2694 2578 2802
f 2802 2578 2695
f 2579 2696 2695
f 2573 2580 2803
f 2580 2581 2804
f 2581 2677 2805
f 2805 2677 2806
f 2807 2679 2582
f 2809 2810 2811
f 2811 2810 2812
f 2813 2811 2814
f 2815 2750 2816
f 2750 2697 2817
f 2588 2818 2585
f 2585 2818 2698
f 2605 2819 2588
f 2588 2819 2818
f 2595 2596 2700
f 2596 2503 2820
f 2820 2503 2701
f 2703 2702 2505
f 2700 2703 2506
f 2705 2606 2825
f 2707 2819 2605
f 2827 2813 2828
f 2829 2830 2831
f 2831 2830 2832
f 2833 2834 2809
f 2809 2834 2810
f 2835 2827 2828
f 2607 2841 2712
f 2607 2609 2841
f 2513 2516 2713
f 2714 2519 2716
f 2715 2716 2409
f 2717 2843 2715
f 2615 2712 2844
f 2614 2845 2617
f 2615 2844 2614
f 2616 2718 2846
f 2617 2845 2718
f 2616 2846 2719
f 2719 2847 2720
f 2717 2618 2848
f 2522 2619 2618
f 2619 2620 2849
f 2620 2621 2850
f 2621 2627 2851
f 2852 2853 2756
f 2756 2854 2722
f 2722 2854 2623
f 2623 2723 2524
f 2723 2724 2525
f 2724 2725 2526
f 2725 2726 2527
f 2624 2726 2855
f 2636 2635 2729
f 2729 2635 2856
f 2635 2637 2856
f 2856 2637 2727
f 2728 2857 2627
f 2655 2730 2731
f 2731 2733 2858
f 2859 2733 2732
f 2859 2732 2730
f 2730 2734 2860
f 2546 2735 2734
f 2532 2629 2735
f 2629 2630 2861
f 2630 2631 2862
f 2631 2632 2863
f 2736 2864 2632
f 2633 2640 2634
f 2634 2640 2865
f 2640 2639 2865
f 2865 2639 2737
f 2866 2867 2858
f 2868 2869 2738
f 2738 2869 2534
f 2534 2739 2535
f 2739 2740 2536
f 2740 2741 2537
f 2741 2742 2538
f 2870 2871 2872
f 2642 2742 2870
f 2539 2645 2743
f 2644 2873 2645
f 2540 2874 2644
f 2540 2646 2875
f 2646 2744 2875
f 2744 2647 2876
f 2648 2877 2647
f 2745 2746 2542
f 2878 2648 2879
f 2879 2648 2746
f 2543 2747 2745
f 2651 2880 2650
f 2652 2881 2651
f 2650 2880 2747
f 2868 2738 2743
f 2748 2697 2749
f 2748 2882 2652
f 2749 2750 2815
f 2883 2658 2751
f 2884 2751 2654
f 2752 2654 2653
f 2885 2752 2655
f 2886 2661 2656
f 2887 2656 2657
f 2883 2657 2658
f 2757 2721 2753
f 2753 2622 2754
f 2888 2754 2659
f 2889 2659 2660
f 2886 2660 2661
f 2890 2853 2852
f 2852 2756 2755
f 2755 2722 2757
f 2556 2666 2765
f 2765 2666 2893
f 2781 2561 2782
f 2782 2676 2901
f 2676 2465 2901
f 2901 2465 2783
f 2783 2784 2785
f 2785 2562 2902
f 2902 2562 2786
f 2902 2786 2903
f 2688 2904 2571
f 2571 2904 2786
f 2806 2677 2787
f 2787 2678 2905
f 2906 2678 2565
f 2906 2565 2788
f 2907 2788 2679
f 2680 2789 2908
f 2481 2794 2789
f 2909 2790 2568
f 2909 2568 2791
f 2793 2682 2790
f 2685 2792 2910
f 2792 2683 2793
f 2911 2795 2569
f 2796 2911 2569
f 2910 2796 2685
f 2797 2680 2908
f 2687 2797 2912
f 2798 2686 2687
f 2573 2913 2799
f 2690 2800 2691
f 2914 2696 2691
f 2801 2692 2915
f 2915 2692 2693
f 2693 2694 2802
f 2802 2695 2696
f 2803 2913 2573
f 2580 2804 2803
f 2581 2916 2804
f 2581 2805 2806
f 2907 2679 2807
f 2815 2816 2920
f 2832 2830 2921
f 2922 2834 2923
f 2834 2924 2923
f 2923 2924 2925
f 2925 2831 2832
f 2814 2811 2812
f 2921 2830 2926
f 2816 2750 2817
f 2920 2816 2927
f 2929 2389 2587
f 2930 2586 2818
f 2818 2586 2698
f 2929 2587 2930
f 2930 2587 2586
f 2931 2699 2932
f 2932 2699 2496
f 2932 2496 2589
f 2592 2593 2590
f 2590 2593 2591
f 2594 2699 2593
f 2593 2699 2933
f 2596 2820 2700
f 2701 2597 2820
f 2820 2597 2591
f 2707 2705 2937
f 2937 2705 2938
f 2939 2826 2836
f 2708 2940 2709
f 2941 2835 2942
f 2942 2835 2828
f 2943 2828 2813
f 2944 2945 2829
f 2829 2945 2830
f 2946 2924 2833
f 2833 2924 2834
f 2947 2831 2946
f 2946 2831 2924
f 2948 2829 2947
f 2947 2829 2831
f 2837 2710 2950
f 2951 2918 2952
f 2951 2953 2954
f 2952 2918 2839
f 2956 2839 2838
f 2841 2957 2712
f 2842 2841 2609
f 2958 2713 2516
f 2958 2714 2716
f 2715 2959 2716
f 2843 2959 2715
f 2717 2848 2843
f 2843 2848 2960
f 2712 2957 2844
f 2614 2844 2845
f 2718 2961 2846
f 2718 2845 2961
f 2719 2846 2847
f 2720 2962 2840
f 2720 2847 2962
f 2848 2618 2963
f 2618 2619 2849
f 2849 2620 2850
f 2850 2621 2851
f 2851 2627 2857
f 2964 2965 2890
f 2890 2965 2853
f 2853 2854 2756
f 2854 2723 2623
f 2966 2724 2723
f 2967 2725 2724
f 2968 2726 2725
f 2855 2726 2969
f 2970 2964 2971
f 2972 2857 2728
f 2973 2974 2975
f 2885 2655 2976
f 2976 2655 2731
f 2977 2731 2858
f 2978 2858 2867
f 2979 2980 2733
f 2733 2980 2858
f 2858 2980 2866
f 2979 2733 2859
f 2730 2860 2859
f 2734 2981 2860
f 2734 2735 2981
f 2735 2629 2861
f 2861 2630 2862
f 2862 2631 2863
f 2863 2632 2864
f 2982 2864 2736
f 2983 2867 2866
f 2984 2869 2868
f 2869 2739 2534
f 2985 2740 2739
f 2986 2741 2740
f 2872 2871 2987
f 2988 2742 2741
f 2870 2742 2871
f 2645 2873 2743
f 2874 2873 2644
f 2540 2875 2874
f 2875 2744 2876
f 2876 2647 2877
f 2878 2877 2648
f 2745 2989 2746
f 2990 2878 2879
f 2879 2746 2991
f 2747 2989 2745
f 2651 2881 2880
f 2652 2882 2881
f 2880 2992 2747
f 2868 2743 2984
f 2749 2882 2748
f 2815 2993 2749
f 2883 2751 2884
f 2884 2654 2752
f 2994 2752 2885
f 2886 2656 2887
f 2887 2657 2883
f 2995 2757 2753
f 2888 2753 2754
f 2888 2659 2889
f 2889 2660 2886
f 2971 2964 2890
f 2996 2890 2852
f 2996 2852 2755
f 2995 2755 2757
f 2666 2766 2893
f 2893 2766 2999
f 2781 2782 3008
f 2782 2901 3009
f 2785 3010 2783
f 2785 2902 3010
f 3010 2902 2903
f 3011 2903 2904
f 2904 2903 2786
f 2787 2905 2806
f 2905 2678 2906
f 3012 2906 2788
f 3012 2788 2907
f 2908 2789 2794
f 3013 2790 2909
f 2801 3014 2791
f 2791 3014 2909
f 3013 2793 2790
f 2910 2792 2793
f 2911 3016 2795
f 2796 2910 2911
f 2797 2908 3017
f 2912 2797 3017
f 2912 2798 2687
f 2800 2799 2913
f 3018 2691 2800
f 2914 2691 3018
f 3019 2696 2914
f 2915 2693 3020
f 3020 2693 2802
f 3019 2802 2696
f 3021 2913 2803
f 3022 2803 2804
f 3022 2804 2916
f 3023 2954 3024
f 2951 3026 2918
f 2951 2954 3027
f 2920 2927 3028
f 3029 2832 2921
f 2922 2923 3030
f 2925 2832 3029
f 3031 2922 3032
f 2814 2812 3033
f 2816 2817 3034
f 2927 2816 3035
f 3034 2817 2928
f 2819 3036 2818
f 2818 3036 2930
f 2707 3037 2819
f 2819 3037 3036
f 2820 2591 2700
f 3039 2821 2702
f 2703 2700 2702
f 2702 2700 3040
f 3039 2934 2821
f 2928 2823 3043
f 2705 2825 2938
f 2938 2825 3044
f 2937 3045 2707
f 2707 3045 3037
f 3046 2939 2836
f 2940 2826 2939
f 2942 2828 2943
f 3047 3048 3049
f 3049 3048 3050
f 3051 2944 2948
f 2948 2944 2829
f 3052 2946 2949
f 2949 2946 2833
f 2941 3053 2835
f 2835 3053 2949
f 3054 3046 2836
f 3055 2836 2837
f 3056 2837 2950
f 2953 3024 2954
f 2952 2953 2951
f 2956 2952 2839
f 2955 2956 2838
f 2840 3057 2955
f 2841 3058 2957
f 3059 3058 2841
f 3059 2841 2842
f 3060 2842 2713
f 2958 2716 2959
f 2843 2960 2959
f 2848 2963 2960
f 2844 2957 3061
f 2844 3061 2845
f 2846 2961 3062
f 2845 3063 2961
f 2846 3062 2847
f 2840 3064 3057
f 2840 2962 3064
f 2847 3065 2962
f 2618 2849 2963
f 2849 2850 3066
f 2850 2851 3067
f 2851 2857 3068
f 3069 2970 2971
f 2855 2969 3070
f 2964 3071 2965
f 2965 3072 2853
f 2853 3072 2854
f 2854 2966 2723
f 2966 2967 2724
f 2967 2968 2725
f 2968 2969 2726
f 2970 3071 2964
f 2972 3073 2857
f 2973 2975 2972
f 2975 2974 3074
f 2976 3075 2885
f 2976 2731 2977
f 2977 2858 2978
f 2978 2867 3076
f 3077 2980 2979
f 3077 2866 2980
f 2859 3078 2979
f 2860 2981 2859
f 2735 2861 2981
f 2861 2862 3079
f 2862 2863 3080
f 2863 2864 3081
f 2982 3082 2864
f 1347 1504 1348
f 1348 1504 1649
f 1348 1649 1419
f 1805 1739 1969
f 1969 1739 1653
f 1969 1653 1804
f 1252 1350 1349
f 1653 1650 1804
f 1804 1650 1572
f 1804 1572 1649
f 1649 1572 1505
f 1649 1505 1419
f 3083 2865 3084
f 3084 2865 2737
f 3084 2737 3085
f 3085 2737 3086
f 1244 1239 1246
f 1246 1239 1353
f 1246 1353 1248
f 1248 1353 1350
f 1248 1350 1250
f 1250 1350 1252
f 1347 1280 1504
f 1504 1280 1197
f 1504 1197 1349
f 1349 1197 1254
f 1349 1254 1252
f 3070 2727 2855
f 2855 2727 2625
f 2855 2625 2624
f 2736 2533 2634
f 2634 2533 2427
f 2431 2642 2429
f 2429 2642 2641
f 1365 1676 1287
f 1287 1676 1507
f 1287 1507 1286
f 1286 1507 1203
f 1239 1106 1353
f 1353 1106 1029
f 1353 1029 1355
f 1355 1029 981
f 1355 981 983
f 1805 1969 1808
f 1808 1969 2153
f 1808 2153 1807
f 2728 2528 2530
f 2530 2528 2331
f 2530 2331 2333
f 2156 2415 2242
f 2242 2415 2427
f 2242 2427 2424
f 2424 2427 2533
f 3087 3086 3088
f 3088 3086 2737
f 3088 2737 2872
f 2872 2737 2641
f 2872 2641 2870
f 2870 2641 2642
f 1893 1978 2250
f 2250 1978 2073
f 2250 2073 2429
f 2429 2073 2252
f 2429 2252 2431
f 1203 1507 1140
f 1140 1507 1363
f 1140 1363 1138
f 1138 1363 1070
f 1070 1363 1200
f 1070 1200 920
f 1064 1065 1429
f 1429 1065 1066
f 1429 1066 1357
f 1055 1056 1421
f 1421 1056 1423
f 1806 1807 1888
f 1888 1807 2153
f 1888 2153 2057
f 2057 2153 2333
f 2057 2333 2237
f 2237 2333 2331
f 2624 2625 2414
f 2414 2625 2416
f 2414 2416 2232
f 2156 2060 2415
f 2415 2060 2056
f 2415 2056 2416
f 2416 2056 2144
f 2416 2144 2232
f 3083 3089 2865
f 2865 3089 3090
f 2865 3090 2634
f 2634 3090 2982
f 2634 2982 2736
f 1893 2250 1825
f 1825 2250 2072
f 1825 2072 1824
f 1365 1438 1676
f 1676 1438 1509
f 1676 1509 1822
f 1822 1509 1678
f 2072 1744 1745
f 2072 1745 1824
f 832 920 831
f 831 920 1200
f 831 1200 830
f 830 1200 1199
f 830 1199 829
f 829 1199 828
f 1066 1067 1357
f 1357 1067 1068
f 1357 1068 1282
f 1064 1429 1063
f 1063 1429 1427
f 1063 1427 1062
f 1062 1427 1061
f 1061 1427 1425
f 1061 1425 1060
f 1056 1057 1423
f 1423 1057 1058
f 1423 1058 1425
f 1425 1058 1059
f 1425 1059 1060
f 983 1052 1355
f 1355 1052 1053
f 1355 1053 1421
f 1421 1053 1054
f 1421 1054 1055
f 3091 2729 3092
f 3092 2729 2856
f 2972 2728 2973
f 2973 2728 2530
f 2973 2530 2974
f 2974 2530 2729
f 2974 2729 3074
f 3074 2729 3091
f 3074 3091 3093
f 3070 3094 2727
f 2727 3094 3095
f 2727 3095 2856
f 2856 3095 3096
f 2856 3096 3092
f 827 828 919
f 919 828 1199
f 919 1199 984
f 984 1199 1282
f 984 1282 1069
f 1069 1282 1068
f 2983 2866 3097
f 2983 3098 2867
f 2872 2987 3088
f 3088 3099 3087
f 2984 3100 2869
f 2869 2985 2739
f 2985 2986 2740
f 2986 2988 2741
f 3101 2987 2871
f 2988 2871 2742
f 3102 2743 2873
f 2874 2875 2873
f 2876 2877 2875
f 2877 2878 2990
f 2991 2746 2989
f 2990 2879 2991
f 2747 2992 2989
f 2881 3103 2880
f 2882 3104 2881
f 2880 3103 2992
f 2984 2743 3102
f 3105 3100 2984
f 2749 3106 2882
f 2993 3106 2749
f 2885 3075 3107
f 3108 2883 2884
f 2994 2884 2752
f 2885 3107 2994
f 3109 2886 2887
f 3110 2887 2883
f 2995 2753 2888
f 3111 2888 2889
f 3112 2889 2886
f 2971 2890 2996
f 2996 2755 2995
f 2671 2672 2670
f 2670 2672 2459
f 2459 2456 2670
f 2670 2456 2455
f 2670 2455 2559
f 3128 3126 3129
f 3007 2670 2780
f 2780 2670 2559
f 2898 2900 3124
f 3124 2900 3130
f 3124 3130 3125
f 2900 2781 3008
f 3008 2782 3009
f 3009 2901 3131
f 2901 2783 3131
f 3131 2783 3010
f 3010 2903 3011
f 2806 2905 3132
f 3133 2905 2906
f 3133 2906 3012
f 2908 2794 3015
f 3013 2909 3014
f 3134 2793 3013
f 2910 2793 3134
f 2911 2910 3016
f 3017 2908 3135
f 2912 3017 3136
f 2912 3137 2798
f 2798 3137 2904
f 2798 2904 2688
f 2800 2913 3021
f 3018 2800 3138
f 3018 3019 2914
f 2801 2915 3014
f 3014 2915 3020
f 3020 2802 3019
f 3021 2803 3022
f 3023 3024 3139
f 3026 2919 2918
f 3027 3026 2951
f 3027 2954 3142
f 3139 3144 3023
f 3146 3147 2993
f 2815 2920 2993
f 2993 2920 3028
f 3028 2927 3148
f 3029 2921 3150
f 3150 2921 3151
f 3030 2923 3152
f 2923 2925 3152
f 3152 2925 3029
f 3033 3031 3032
f 3153 2922 3030
f 3153 3030 3154
f 2830 2945 2926
f 2926 2945 3155
f 2921 2926 3151
f 3151 2926 3156
f 3035 2816 3034
f 3035 3149 2927
f 3149 3157 3158
f 3034 2928 3159
f 3038 3160 3161
f 3161 3160 2929
f 3161 2929 3036
f 3036 2929 2930
f 3162 3036 3037
f 2933 2699 3163
f 3163 2699 2931
f 3163 2931 3038
f 2591 2933 3164
f 2700 2591 3040
f 3165 2934 3039
f 2935 3165 3041
f 3159 2928 3043
f 3168 3169 3170
f 3170 3169 3171
f 3172 3168 3173
f 3173 3168 3170
f 2939 3174 2940
f 3169 3175 3171
f 3171 3175 3176
f 3177 3053 3178
f 3178 3053 2941
f 3179 3178 3180
f 3181 2942 2943
f 3047 3182 3048
f 3048 3182 3183
f 3184 2947 3052
f 3052 2947 2946
f 3185 2948 3184
f 3184 2948 2947
f 3186 3051 3185
f 3185 3051 2948
f 3187 3052 3053
f 3053 3052 2949
f 3188 3046 3054
f 3054 2836 3055
f 3055 2837 3056
f 3056 2950 3189
f 3190 3024 2953
f 3191 2953 2952
f 3191 2952 2956
f 2955 3057 2956
f 3058 3192 2957
f 3193 3058 3059
f 3059 2842 3060
f 2713 2958 3060
f 3060 2958 2959
f 2959 2960 3194
f 2960 2963 3195
f 2957 3192 3196
f 2957 3196 3061
f 2845 3061 3063
f 2961 3197 3062
f 2961 3063 3197
f 2847 3062 3065
f 3064 3198 3057
f 2962 3065 3064
f 2963 2849 3066
f 3066 2850 3067
f 3067 2851 3068
f 3068 2857 3073
f 3199 2970 3069
f 3070 2969 3200
f 3071 3072 2965
f 3072 2966 2854
f 3201 2967 2966
f 3202 2968 2967
f 3203 2969 2968
f 3199 3204 2970
f 2970 3204 3071
f 3200 3094 3070
f 3205 3074 3093
f 3206 3093 3091
f 3207 3091 3092
f 3208 3092 3096
f 3209 3096 3095
f 3210 3095 3094
f 2972 2975 3073
f 2975 3074 3205
f 3211 3212 3213
f 2976 3214 3075
f 2977 3214 2976
f 2978 3215 2977
f 3076 3216 2978
f 3076 2867 3217
f 3098 3218 2867
f 3078 3077 2979
f 3097 2866 3077
f 2859 2981 3078
f 2981 2861 3079
f 3079 2862 3080
f 3080 2863 3081
f 3081 2864 3082
f 3090 3082 2982
f 3089 3219 3090
f 3083 3220 3089
f 3084 3221 3083
f 3085 3222 3084
f 3086 3223 3085
f 3087 3224 3086
f 2983 3097 3225
f 3225 3098 2983
f 3088 2987 3099
f 3087 3099 3224
f 3100 2985 2869
f 3226 2986 2985
f 3227 2987 3101
f 3228 2988 2986
f 3101 2871 2988
f 3102 2873 2875
f 2875 2877 2990
f 2991 2989 3229
f 3229 2990 2991
f 2992 3230 2989
f 2882 3231 3104
f 2881 3104 3103
f 3103 3232 2992
f 3102 3105 2984
f 3233 3100 3105
f 3106 3231 2882
f 2993 3147 3106
f 3234 3075 3235
f 3234 3107 3075
f 3110 2883 3108
f 3108 2884 2994
f 2994 3107 3236
f 3112 2886 3109
f 3109 2887 3110
f 3237 2995 2888
f 3237 2888 3111
f 3111 2889 3112
f 3069 2971 3211
f 3211 2971 3238
f 3238 3212 3211
f 3239 2971 2996
f 3240 2996 2995
f 2893 2263 2765
f 2765 2263 2665
f 1684 1592 1981
f 1981 1592 1686
f 2999 2263 2893
f 1686 1748 1981
f 1981 1748 1831
f 1981 1831 2174
f 1831 1839 2174
f 1757 1758 1836
f 1836 1758 1907
f 1836 1907 1910
f 1910 1907 2002
f 1910 2002 2174
f 2174 2002 2361
f 2174 2361 2263
f 2263 2361 2555
f 2263 2555 2665
f 3189 2950 3119
f 3008 3009 3253
f 3009 3131 3254
f 3010 3011 3255
f 3011 3256 3255
f 3137 3257 2904
f 2904 3257 3256
f 2905 3133 3132
f 2907 3258 3012
f 3012 3258 3133
f 2511 2608 2509
f 3135 2908 3015
f 3014 3134 3013
f 3259 2910 3134
f 3260 3015 3016
f 3259 3016 2910
f 3136 3017 3135
f 3138 2800 3021
f 3014 3020 3019
f 3261 3021 3022
f 3139 3024 3190
f 3027 3266 3026
f 3027 3142 3267
f 3023 3144 3143
f 3144 3139 3268
f 3145 3143 3269
f 3146 2993 3270
f 3271 3147 3146
f 3028 3270 2993
f 3028 3148 3272
f 3150 3151 3274
f 3274 3151 3275
f 3276 3158 3157
f 3029 3150 3152
f 3152 3150 3277
f 3033 3032 3278
f 3278 3153 3154
f 3049 3279 3047
f 3047 3279 3280
f 3035 3034 3281
f 3035 3282 3149
f 3282 3157 3149
f 3281 3034 3159
f 3283 3038 3161
f 3162 3161 3036
f 3045 3284 3037
f 3037 3284 3162
f 3164 2933 3163
f 3285 3041 3165
f 3159 3043 3287
f 3173 3289 3172
f 3172 3289 3290
f 3188 3174 3046
f 3291 3292 3178
f 3178 3292 3177
f 3180 3181 3179
f 3048 3293 3050
f 3050 3293 3294
f 3295 3184 3187
f 3187 3184 3052
f 3177 3296 3053
f 3053 3296 3187
f 3054 3297 3188
f 3055 3298 3054
f 3056 3299 3055
f 3189 3300 3056
f 3190 2953 3191
f 2956 3301 3191
f 3057 3302 2956
f 3195 2963 3303
f 3192 3058 3193
f 3193 3059 3060
f 3060 2959 3194
f 3192 3304 3196
f 3061 3196 3305
f 3061 3305 3063
f 3062 3197 3306
f 3063 3307 3197
f 3062 3306 3065
f 3057 3198 3302
f 3064 3065 3198
f 2963 3066 3303
f 3066 3067 3308
f 3067 3068 3309
f 3068 3073 3310
f 3069 3311 3199
f 3211 3213 3069
f 3200 2969 3203
f 3071 3312 3072
f 3072 3201 2966
f 3201 3202 2967
f 3202 3203 2968
f 3199 3313 3204
f 3204 3312 3071
f 3094 3200 3210
f 3205 3093 3206
f 3206 3091 3207
f 3207 3092 3208
f 3208 3096 3209
f 3209 3095 3210
f 3310 3073 2975
f 3314 2975 3205
f 3315 3213 3212
f 3316 3317 3076
f 3076 3318 3216
f 3235 3075 3319
f 3319 3075 3214
f 2977 3215 3214
f 2978 3216 3215
f 3320 3216 3318
f 3316 3321 3317
f 3076 3217 3316
f 2867 3218 3217
f 3322 3218 3098
f 3078 3097 3077
f 2981 3079 3078
f 3079 3080 3323
f 3080 3081 3324
f 3081 3082 3325
f 3090 3219 3082
f 3089 3220 3219
f 3083 3221 3220
f 3084 3222 3221
f 3085 3223 3222
f 3086 3224 3223
f 3225 3097 3326
f 3327 3098 3225
f 3227 3099 2987
f 3328 3224 3099
f 3100 3226 2985
f 3226 3228 2986
f 3329 3227 3101
f 3228 3101 2988
f 2875 2990 3102
f 3229 2989 3230
f 3229 3330 2990
f 2992 3232 3230
f 3231 3331 3104
f 3104 3332 3103
f 3103 3333 3232
f 3102 3233 3105
f 3233 3334 3100
f 3231 3335 3331
f 3106 3336 3231
f 3147 3336 3106
f 3271 3337 3147
f 3338 3107 3234
f 3108 3339 3110
f 2994 3236 3108
f 3338 3236 3107
f 3109 3340 3112
f 3110 3341 3109
f 3240 2995 3237
f 3111 3342 3237
f 3112 3343 3111
f 3238 2971 3239
f 3212 3238 3344
f 3239 2996 3240
f 2998 3114 3044
f 2606 2761 2825
f 2825 2761 2760
f 2825 2760 3044
f 3044 2760 2892
f 3044 2892 2998
f 3348 3246 3349
f 3349 3246 3117
f 3349 3117 3347
f 3347 3117 3044
f 3347 3044 3242
f 3242 3044 3114
f 3189 3119 3350
f 3119 3120 3351
f 3250 3352 2768
f 2770 2769 2768
f 2769 2896 2768
f 2768 2896 3002
f 2768 3002 3250
f 3116 3244 2764
f 2764 3244 3122
f 2764 3122 2768
f 2768 3122 3003
f 2768 3003 2770
f 2900 3008 3130
f 3130 3008 3253
f 3253 3009 3254
f 3254 3131 3360
f 3131 3010 3360
f 3360 3010 3255
f 3255 3256 3257
f 3133 3258 3132
f 3135 3015 3260
f 3014 3259 3134
f 3260 3016 3259
f 3136 3135 3361
f 3137 3136 3362
f 3138 3021 3261
f 3018 3138 3019
f 3019 3138 3014
f 3261 3022 3262
f 3132 3363 3262
f 3139 3190 3268
f 3264 3263 3140
f 3267 3266 3027
f 3267 3142 3366
f 3145 3366 3142
f 3145 3269 3367
f 3368 3143 3144
f 3268 3368 3144
f 3369 3370 3269
f 3371 3269 3143
f 3270 3271 3146
f 3372 3337 3271
f 3272 3270 3028
f 3148 3273 3272
f 3373 3158 3276
f 3277 3150 3376
f 3376 3150 3274
f 3275 3377 3274
f 3374 3378 3375
f 3276 3157 3379
f 3380 3276 3381
f 3030 3152 3382
f 3382 3152 3277
f 3278 3154 3383
f 3384 3182 3280
f 3280 3182 3047
f 3385 3375 3386
f 2926 3155 3156
f 3156 3155 3387
f 3151 3156 3275
f 3275 3156 3388
f 3275 3389 3377
f 3281 3282 3035
f 3390 3157 3282
f 3281 3159 3391
f 3283 3161 3162
f 3164 3163 3392
f 3163 3283 3392
f 2591 3164 3040
f 3040 3164 3393
f 3166 3285 3286
f 3391 3159 3287
f 3287 3043 3288
f 3397 3290 3398
f 3398 3290 3289
f 3188 3297 3399
f 3188 3400 3174
f 3175 3401 3176
f 3176 3401 3402
f 3177 3403 3296
f 3292 3403 3177
f 3291 3178 3404
f 3404 3178 3179
f 3405 3179 3181
f 3048 3183 3293
f 3293 3183 3406
f 3407 3185 3295
f 3295 3185 3184
f 3408 3186 3407
f 3407 3186 3185
f 3409 3295 3296
f 3296 3295 3187
f 3054 3298 3297
f 3055 3299 3298
f 3056 3300 3299
f 3189 3410 3300
f 3372 3411 3337
f 3191 3301 3190
f 2956 3302 3301
f 3195 3303 3412
f 3193 3304 3192
f 3060 3194 3193
f 2960 3195 3194
f 3194 3195 3412
f 3304 3305 3196
f 3305 3413 3063
f 3063 3413 3307
f 3197 3414 3306
f 3197 3307 3414
f 3065 3306 3415
f 3198 3416 3302
f 3065 3415 3198
f 3303 3066 3308
f 3308 3067 3309
f 3309 3068 3310
f 3069 3213 3311
f 3200 3203 3417
f 3312 3201 3072
f 3418 3202 3201
f 3419 3203 3202
f 3313 3312 3204
f 3210 3200 3417
f 3420 3205 3206
f 3421 3206 3207
f 3422 3207 3208
f 3423 3208 3209
f 3424 3209 3210
f 3310 2975 3314
f 3314 3205 3420
f 3315 3212 3425
f 3426 3213 3315
f 3317 3318 3076
f 3235 3319 3427
f 3428 3216 3320
f 3429 3214 3215
f 3428 3215 3216
f 3320 3318 3430
f 3430 3318 3431
f 3317 3321 3432
f 3321 3316 3433
f 3433 3316 3217
f 3217 3218 3322
f 3322 3098 3434
f 3435 3097 3078
f 3078 3079 3323
f 3323 3080 3324
f 3324 3081 3325
f 3325 3082 3219
f 3436 3219 3220
f 3437 3220 3221
f 3438 3221 3222
f 3439 3222 3223
f 3440 3223 3224
f 3435 3326 3097
f 3225 3326 3327
f 3327 3441 3098
f 3434 3098 3441
f 3328 3099 3227
f 3440 3224 3328
f 3334 3226 3100
f 3442 3227 3329
f 3443 3228 3226
f 3329 3101 3228
f 3102 2990 3330
f 3230 3330 3229
f 3232 3444 3230
f 3104 3331 3332
f 3332 3333 3103
f 3333 3444 3232
f 3445 3233 3102
f 3446 3334 3233
f 3331 3335 3447
f 3448 3335 3231
f 3336 3448 3231
f 3147 3449 3336
f 3337 3449 3147
f 3450 3235 3427
f 3235 3450 3234
f 3234 3450 3338
f 3110 3339 3341
f 3108 3236 3339
f 3112 3340 3343
f 3109 3341 3340
f 3237 3451 3240
f 3237 3342 3451
f 3111 3343 3342
f 3425 3212 3452
f 3239 3344 3238
f 3452 3212 3344
f 3240 3453 3239
f 3458 3345 3459
f 3350 3410 3189
f 3350 3119 3351
f 3125 3130 3251
f 3251 3130 3467
f 3251 3467 3358
f 3255 3257 3469
f 3132 3258 3363
f 3361 3135 3260
f 3014 3260 3259
f 3361 3362 3136
f 3261 3014 3138
f 3268 3190 3470
f 3263 3264 3471
f 3267 3473 3266
f 3267 3366 3474
f 3367 3366 3145
f 3269 3370 3367
f 3371 3143 3368
f 3268 3475 3368
f 3476 3370 3369
f 3369 3269 3371
f 3270 3372 3271
f 3272 3477 3270
f 3273 3477 3272
f 3380 3373 3276
f 3373 3273 3158
f 3274 3479 3376
f 3274 3377 3479
f 3377 3480 3481
f 3378 3386 3375
f 3482 3374 3483
f 3484 3378 3374
f 3379 3157 3390
f 3381 3276 3379
f 3485 3380 3381
f 3485 3482 3486
f 3487 3382 3488
f 3383 3487 3488
f 3279 3490 3280
f 3280 3490 3491
f 3480 3385 3386
f 3389 3480 3377
f 3281 3492 3282
f 3390 3282 3493
f 3391 3492 3281
f 3284 3494 3162
f 3162 3494 3283
f 3496 3286 3285
f 3496 3395 3286
f 3391 3287 3498
f 3287 3288 3499
f 3288 3167 3396
f 3398 3500 3397
f 3397 3500 3501
f 3399 3400 3188
f 3297 3502 3399
f 3503 3402 3504
f 3504 3402 3401
f 3297 3505 3502
f 3292 3291 3506
f 3506 3291 3507
f 3291 3404 3507
f 3507 3404 3508
f 3506 3509 3292
f 3292 3509 3403
f 3404 3179 3405
f 3293 3510 3294
f 3294 3510 3511
f 3512 3407 3409
f 3409 3407 3295
f 3403 3513 3296
f 3296 3513 3409
f 3298 3505 3297
f 3299 3514 3298
f 3300 3515 3299
f 3410 3516 3300
f 3411 3517 3337
f 3518 3411 3372
f 3190 3519 3470
f 3190 3301 3519
f 3302 3520 3301
f 3412 3303 3521
f 3193 3194 3304
f 3522 3194 3412
f 3304 3413 3305
f 3523 3307 3413
f 3414 3524 3306
f 3414 3307 3523
f 3302 3416 3520
f 3306 3524 3525
f 3306 3525 3415
f 3198 3415 3416
f 3303 3308 3526
f 3308 3309 3527
f 3309 3310 3528
f 3199 3311 3313
f 3313 3311 3529
f 3311 3213 3529
f 3426 3530 3213
f 3417 3203 3419
f 3312 3418 3201
f 3418 3419 3202
f 3313 3531 3312
f 3210 3417 3424
f 3420 3206 3421
f 3421 3207 3422
f 3422 3208 3423
f 3423 3209 3424
f 3528 3310 3314
f 3532 3314 3420
f 3315 3425 3533
f 3315 3534 3426
f 3318 3317 3431
f 3432 3535 3317
f 3427 3319 3536
f 3536 3214 3429
f 3429 3215 3428
f 3430 3431 3537
f 3321 3433 3432
f 3538 3217 3322
f 3078 3323 3435
f 3323 3324 3539
f 3324 3325 3540
f 3325 3219 3436
f 3436 3220 3437
f 3437 3221 3438
f 3438 3222 3439
f 3439 3223 3440
f 3435 3541 3326
f 3327 3326 3541
f 3542 3441 3327
f 3434 3441 3543
f 3442 3328 3227
f 3544 3440 3328
f 3334 3443 3226
f 3545 3442 3329
f 3443 3329 3228
f 3102 3330 3445
f 3230 3444 3330
f 3447 3332 3331
f 3332 3444 3333
f 3446 3233 3445
f 3546 3334 3446
f 3447 3335 3448
f 3336 3547 3448
f 3449 3547 3336
f 3337 3517 3449
f 3549 3450 3427
f 3450 3550 3338
f 3551 3341 3339
f 3552 3339 3236
f 3338 3550 3236
f 3553 3343 3340
f 3554 3341 3551
f 3554 3340 3341
f 3240 3451 3453
f 3555 3451 3342
f 3556 3342 3343
f 3556 3343 3553
f 3452 3533 3425
f 3239 3557 3344
f 3452 3344 3558
f 3453 3557 3239
f 3350 3562 3410
f 3350 3351 3563
f 3257 3137 3566
f 3566 3137 3362
f 3566 3362 3567
f 3130 3253 3467
f 3467 3253 3569
f 3253 3254 3569
f 3569 3254 3570
f 3254 3360 3570
f 3570 3360 3571
f 3360 3255 3571
f 3571 3255 3469
f 3257 3566 3469
f 3469 3566 3567
f 3258 3572 3363
f 3361 3260 3014
f 3262 3363 3261
f 3261 3363 3014
f 3573 3574 3268
f 3268 3470 3573
f 3471 3364 3472
f 3473 3365 3266
f 3474 3473 3267
f 3474 3366 3577
f 3367 3577 3366
f 3367 3370 3578
f 3476 3578 3370
f 3574 3475 3268
f 3368 3475 3371
f 3476 3579 3580
f 3369 3581 3476
f 3371 3582 3369
f 3583 3584 3585
f 3587 3586 3588
f 3589 3518 3372
f 3589 3372 3270
f 3270 3477 3590
f 3273 3590 3477
f 3486 3380 3485
f 3591 3373 3380
f 3592 3273 3373
f 3486 3482 3483
f 3483 3374 3478
f 3489 3376 3594
f 3594 3376 3479
f 3377 3481 3479
f 3480 3386 3481
f 3482 3484 3374
f 3390 3595 3379
f 3381 3379 3596
f 3485 3381 3597
f 3485 3598 3482
f 3488 3382 3599
f 3599 3382 3489
f 3488 3600 3383
f 3601 3384 3491
f 3491 3384 3280
f 3602 3385 3480
f 3156 3387 3388
f 3388 3387 3603
f 3275 3388 3389
f 3389 3388 3604
f 3389 3602 3480
f 3493 3282 3492
f 3493 3595 3390
f 3391 3605 3492
f 3498 3605 3391
f 3392 3283 3606
f 3606 3283 3494
f 3164 3392 3393
f 3393 3392 3606
f 3607 3394 3497
f 3496 3497 3395
f 3498 3287 3499
f 3499 3288 3396
f 3495 3608 3396
f 3609 3501 3610
f 3610 3501 3500
f 3611 3612 3613
f 3613 3612 3614
f 3612 3611 3615
f 3616 3502 3617
f 3618 3616 3619
f 3618 3620 3621
f 3622 3621 3620
f 3622 3623 3614
f 3613 3614 3623
f 3613 3624 3611
f 3611 3625 3615
f 3626 3615 3625
f 3626 3627 3628
f 3617 3502 3505
f 3508 3629 3507
f 3513 3403 3630
f 3630 3403 3509
f 3631 3508 3405
f 3405 3508 3404
f 3510 3406 3632
f 3633 3408 3512
f 3512 3408 3407
f 3634 3512 3513
f 3513 3512 3409
f 3298 3514 3505
f 3299 3515 3514
f 3300 3516 3515
f 3410 3635 3516
f 3411 3636 3517
f 3518 3637 3411
f 3470 3519 3638
f 3301 3639 3519
f 3521 3303 3526
f 3301 3520 3639
f 3304 3194 3522
f 3304 3523 3413
f 3414 3523 3524
f 3416 3640 3520
f 3524 3641 3525
f 3415 3525 3642
f 3415 3642 3416
f 3526 3308 3527
f 3527 3309 3528
f 3529 3643 3313
f 3529 3213 3530
f 3530 3426 3534
f 3417 3419 3644
f 3531 3418 3312
f 3645 3419 3418
f 3643 3531 3313
f 3424 3417 3644
f 3646 3420 3421
f 3647 3421 3422
f 3648 3422 3423
f 3649 3423 3424
f 3528 3314 3532
f 3532 3420 3646
f 3533 3534 3315
f 3432 3652 3535
f 3317 3535 3431
f 3549 3427 3653
f 3427 3536 3654
f 3654 3536 3429
f 3537 3431 3655
f 3656 3652 3432
f 3432 3433 3657
f 3433 3538 3657
f 3538 3322 3658
f 3322 3434 3658
f 3658 3434 3543
f 3435 3323 3539
f 3539 3324 3540
f 3540 3325 3436
f 3659 3436 3437
f 3660 3437 3438
f 3661 3438 3439
f 3662 3439 3440
f 3663 3541 3435
f 3327 3541 3542
f 3542 3543 3441
f 3544 3328 3442
f 3662 3440 3544
f 3664 3442 3545
f 3665 3443 3334
f 3545 3329 3443
f 3546 3665 3334
f 3445 3330 3444
f 3447 3444 3332
f 3445 3546 3446
f 3447 3448 3547
f 3449 3666 3547
f 3517 3667 3449
f 3636 3668 3517
f 3636 3669 3668
f 3671 3651 3548
f 3672 3549 3673
f 3674 3450 3549
f 3675 3550 3450
f 3551 3339 3676
f 3677 3340 3554
f 3678 3453 3451
f 3678 3451 3555
f 3555 3342 3679
f 3679 3342 3556
f 3680 3533 3452
f 3452 3558 3680
f 3557 3558 3344
f 3453 3681 3557
f 3562 3635 3410
f 3563 3562 3350
f 3563 3351 3693
f 3696 3353 3466
f 3466 3353 3352
f 3358 3467 3568
f 3568 3467 3698
f 3567 3705 3469
f 3567 3362 3706
f 3706 3362 3707
f 3707 3362 3014
f 3014 3362 3361
f 3708 3574 3573
f 3470 3638 3573
f 3471 3472 3709
f 3474 3712 3473
f 3474 3577 3713
f 3714 3577 3367
f 3367 3578 3714
f 3580 3579 3715
f 3580 3578 3476
f 3716 3583 3585
f 3585 3584 3717
f 3584 3718 3717
f 3719 3718 3720
f 3586 3721 3588
f 3722 3723 3586
f 3586 3723 3721
f 3724 3725 3574
f 3574 3725 3475
f 3475 3726 3371
f 3371 3726 3582
f 3476 3581 3579
f 3369 3582 3581
f 3579 3727 3715
f 3715 3727 3728
f 3728 3729 3583
f 3583 3730 3584
f 3588 3731 3732
f 3735 3518 3589
f 3270 3590 3589
f 3592 3590 3273
f 3486 3591 3380
f 3591 3592 3373
f 3486 3483 3736
f 3483 3478 3737
f 3738 3593 3385
f 3478 3593 3739
f 3594 3479 3740
f 3740 3479 3481
f 3598 3484 3482
f 3596 3379 3595
f 3597 3381 3596
f 3597 3598 3485
f 3743 3595 3744
f 3599 3600 3488
f 3489 3745 3599
f 3490 3746 3491
f 3491 3746 3747
f 3602 3738 3385
f 3493 3492 3748
f 3493 3744 3595
f 3605 3748 3492
f 3495 3607 3608
f 3607 3497 3496
f 3498 3499 3749
f 3499 3396 3750
f 3750 3396 3608
f 3751 3609 3752
f 3752 3609 3610
f 3614 3612 3753
f 3621 3754 3618
f 3614 3753 3622
f 3622 3753 3621
f 3612 3615 3755
f 3755 3626 3628
f 3628 3756 3757
f 3503 3504 3758
f 3758 3504 3759
f 3619 3616 3617
f 3619 3620 3618
f 3620 3623 3622
f 3623 3624 3613
f 3624 3625 3611
f 3625 3627 3626
f 3617 3505 3760
f 3509 3506 3761
f 3761 3506 3762
f 3506 3507 3762
f 3762 3507 3629
f 3761 3763 3509
f 3509 3763 3630
f 3510 3768 3511
f 3511 3768 3769
f 3770 3633 3634
f 3634 3633 3512
f 3630 3771 3513
f 3513 3771 3634
f 3756 3627 3772
f 3756 3772 3773
f 3774 3775 3776
f 3776 3775 3777
f 3764 3777 3778
f 3767 3778 3629
f 3760 3505 3514
f 3779 3514 3515
f 3780 3515 3516
f 3781 3516 3635
f 3781 3635 3782
f 3637 3636 3411
f 3518 3783 3784
f 3784 3637 3518
f 3519 3785 3638
f 3519 3639 3785
f 3521 3526 3786
f 3520 3787 3639
f 3520 3640 3787
f 3412 3521 3522
f 3522 3521 3786
f 3522 3523 3304
f 3524 3523 3641
f 3416 3788 3640
f 3641 3642 3525
f 3642 3788 3416
f 3526 3527 3789
f 3527 3528 3790
f 3791 3643 3529
f 3529 3530 3791
f 3650 3793 3792
f 3644 3419 3645
f 3531 3645 3418
f 3424 3644 3649
f 3646 3421 3647
f 3647 3422 3648
f 3648 3423 3649
f 3790 3528 3532
f 3794 3532 3646
f 3534 3795 3650
f 3533 3796 3534
f 3652 3797 3535
f 3655 3431 3535
f 3673 3549 3653
f 3653 3427 3654
f 3656 3799 3652
f 3432 3657 3656
f 3657 3538 3658
f 3658 3543 3800
f 3435 3539 3663
f 3539 3540 3801
f 3540 3436 3659
f 3659 3437 3660
f 3660 3438 3661
f 3661 3439 3662
f 3663 3802 3541
f 3542 3541 3802
f 3803 3543 3542
f 3664 3544 3442
f 3804 3662 3544
f 3805 3664 3545
f 3665 3545 3443
f 3806 3665 3546
f 3445 3444 3447
f 3445 3807 3546
f 3547 3666 3447
f 3667 3666 3449
f 3517 3668 3667
f 3668 3669 3808
f 3809 3669 3636
f 3810 3809 3636
f 3812 3551 3676
f 3813 3553 3677
f 3812 3677 3554
f 3814 3555 3679
f 3556 3813 3679
f 3678 3815 3453
f 3453 3815 3816
f 3680 3817 3533
f 3558 3557 3680
f 3557 3681 3818
f 3816 3681 3453
f 3782 3635 3826
f 3562 3826 3635
f 3565 3353 3827
f 3827 3353 3696
f 3706 3705 3567
f 3698 3704 3568
f 3467 3569 3698
f 3698 3569 3830
f 3569 3570 3830
f 3830 3570 3831
f 3570 3571 3831
f 3831 3571 3832
f 3832 3469 3705
f 3572 3833 3363
f 3363 3833 3834
f 3363 3834 3014
f 3014 3834 3707
f 3708 3724 3574
f 3573 3638 3708
f 3709 3575 3710
f 3835 3710 3576
f 3835 3576 3711
f 3713 3712 3474
f 3713 3577 3837
f 3714 3837 3577
f 3714 3578 3838
f 3728 3583 3716
f 3715 3728 3839
f 3580 3715 3840
f 3580 3838 3578
f 3716 3585 3841
f 3585 3717 3842
f 3717 3718 3719
f 3720 3843 3719
f 3723 3722 3844
f 3844 3722 3845
f 3720 3844 3843
f 3847 3723 3844
f 3731 3848 3849
f 3588 3850 3731
f 3848 3851 3852
f 3588 3721 3850
f 3721 3723 3853
f 3854 3855 3724
f 3724 3856 3725
f 3725 3726 3475
f 3726 3857 3582
f 3581 3858 3579
f 3582 3859 3581
f 3579 3858 3727
f 3727 3729 3728
f 3729 3730 3583
f 3852 3851 3861
f 3849 3848 3852
f 3732 3731 3849
f 3587 3588 3862
f 3862 3588 3732
f 3734 3733 3863
f 3735 3864 3518
f 3518 3864 3783
f 3589 3865 3735
f 3589 3590 3865
f 3592 3866 3590
f 3736 3591 3486
f 3867 3592 3591
f 3736 3483 3737
f 3737 3478 3739
f 3738 3868 3593
f 3739 3593 3868
f 3481 3741 3740
f 3598 3742 3484
f 3596 3595 3743
f 3597 3596 3870
f 3597 3871 3598
f 3743 3744 3872
f 3599 3745 3600
f 3388 3603 3604
f 3604 3603 3874
f 3389 3604 3602
f 3602 3604 3875
f 3748 3744 3493
f 3608 3607 3876
f 3749 3499 3750
f 3608 3876 3750
f 3621 3753 3754
f 3757 3755 3628
f 3757 3756 3773
f 3776 3877 3774
f 3878 3772 3879
f 3878 3879 3880
f 3880 3879 3881
f 3881 3879 3775
f 3881 3775 3774
f 3759 3882 3758
f 3758 3882 3883
f 3619 3617 3884
f 3619 3885 3620
f 3620 3886 3623
f 3623 3887 3624
f 3624 3888 3625
f 3625 3889 3627
f 3884 3617 3760
f 3890 3761 3762
f 3891 3763 3761
f 3771 3630 3892
f 3892 3630 3763
f 3510 3632 3768
f 3768 3632 3893
f 3770 3634 3894
f 3894 3634 3771
f 3762 3629 3895
f 3895 3629 3778
f 3760 3514 3779
f 3779 3515 3780
f 3780 3516 3781
f 3896 3781 3782
f 3637 3810 3636
f 3784 3783 3897
f 3897 3637 3784
f 3638 3785 3898
f 3639 3899 3785
f 3786 3526 3900
f 3639 3901 3899
f 3787 3901 3639
f 3786 3902 3522
f 3522 3641 3523
f 3903 3640 3788
f 3641 3788 3642
f 3900 3526 3789
f 3789 3527 3790
f 3791 3904 3643
f 3792 3793 3905
f 3650 3906 3793
f 3795 3906 3650
f 3644 3645 3907
f 3908 3645 3531
f 3531 3909 3908
f 3643 3904 3531
f 3531 3904 3909
f 3649 3644 3907
f 3910 3646 3647
f 3911 3647 3648
f 3912 3648 3649
f 3790 3532 3794
f 3794 3646 3910
f 3796 3795 3534
f 3913 3914 3795
f 3817 3796 3533
f 3918 3652 3799
f 3652 3919 3797
f 3535 3797 3920
f 3535 3920 3655
f 3798 3921 3651
f 3673 3653 3922
f 3653 3654 3923
f 3926 3799 3656
f 3656 3657 3927
f 3657 3658 3927
f 3658 3800 3928
f 3663 3539 3801
f 3801 3540 3659
f 3929 3659 3660
f 3930 3660 3661
f 3931 3661 3662
f 3663 3932 3802
f 3542 3802 3803
f 3933 3934 3800
f 3935 3800 3934
f 3804 3544 3664
f 3931 3662 3804
f 3936 3664 3805
f 3805 3545 3665
f 3937 3665 3806
f 3806 3546 3807
f 3447 3807 3445
f 3666 3938 3447
f 3666 3667 3938
f 3667 3668 3808
f 3808 3669 3809
f 3810 3939 3809
f 3813 3677 3812
f 3815 3678 3814
f 3679 3813 3814
f 3945 3817 3680
f 3680 3557 3818
f 3946 3818 3681
f 3946 3681 3816
f 2553 2759 2358
f 2358 2759 2450
f 2297 2122 2028
f 2297 2028 2299
f 2299 2028 1943
f 2299 1943 2450
f 2450 1943 1993
f 2450 1993 2358
f 2358 1993 2090
f 2358 2090 2269
f 2269 2090 1990
f 2269 1990 2095
f 2095 1990 1904
f 2095 1904 1997
f 1997 1904 1905
f 1997 1905 1995
f 3947 3118 3950
f 3950 3118 3691
f 3950 3691 3951
f 3947 3689 3118
f 3118 3689 3686
f 3118 3686 3115
f 3456 3346 3241
f 3118 3247 3691
f 3691 3247 3457
f 3691 3457 3688
f 3688 3457 3456
f 3688 3456 3561
f 3561 3456 3241
f 3699 3463 3700
f 3700 3463 3248
f 3700 3248 3703
f 3951 3691 3952
f 3952 3691 3692
f 3952 3692 3953
f 3953 3692 3463
f 3953 3463 3949
f 3949 3463 3699
f 3949 3699 3822
f 3822 3699 3828
f 3822 3828 3823
f 3252 3006 2674
f 2674 3006 2779
f 2460 2673 2458
f 2458 2673 2674
f 2458 2674 2457
f 2457 2674 2779
f 2457 2779 2558
f 2674 2773 3252
f 3252 2773 2899
f 3252 2899 2897
f 3346 3243 3241
f 3241 3243 3113
f 3241 3113 2997
f 2553 2663 2759
f 2759 2663 2891
f 2759 2891 2763
f 2763 2891 3241
f 2763 3241 2762
f 2762 3241 2997
f 3248 3127 3703
f 3703 3127 3359
f 3703 3359 3468
f 3468 3359 3252
f 3468 3252 3005
f 3005 3252 2897
f 3819 3004 3687
f 3687 3004 3123
f 3687 3123 3686
f 3686 3123 3245
f 3686 3245 3115
f 3559 3454 3356
f 3559 3356 3682
f 3682 3356 3357
f 3682 3357 3819
f 3819 3357 3465
f 3819 3465 3004
f 3004 3465 3464
f 3004 3464 3249
f 2771 2772 2895
f 2895 2772 3004
f 2895 3004 3001
f 3001 3004 3249
f 3563 3693 3954
f 3954 3693 3955
f 3695 3564 3957
f 3957 3564 3958
f 3564 3565 3958
f 3958 3565 3827
f 3698 3959 3704
f 3830 3959 3698
f 3832 3960 3831
f 3705 3961 3832
f 3962 3707 3834
f 3854 3724 3708
f 3708 3638 3963
f 3638 3898 3963
f 3709 3710 3835
f 3836 3835 3711
f 3713 3965 3712
f 3713 3837 3966
f 3967 3837 3714
f 3714 3838 3967
f 3839 3728 3716
f 3968 3716 3841
f 3840 3715 3839
f 3840 3838 3580
f 3841 3585 3842
f 3842 3717 3969
f 3719 3843 3970
f 3734 3863 3846
f 3851 3971 3861
f 3861 3971 3972
f 3720 3847 3844
f 3847 3853 3723
f 3731 3850 3848
f 3848 3974 3851
f 3721 3853 3850
f 3855 3856 3724
f 3975 3855 3854
f 3725 3856 3976
f 3725 3857 3726
f 3582 3857 3859
f 3581 3859 3858
f 3858 3977 3727
f 3727 3977 3729
f 3729 3978 3730
f 3730 3979 3860
f 3849 3852 3980
f 3862 3732 3981
f 3862 3982 3587
f 3587 3982 3983
f 3587 3983 3733
f 3863 3733 3984
f 3735 3985 3986
f 3735 3986 3864
f 3987 3988 3783
f 3864 3989 3783
f 3735 3865 3985
f 3590 3866 3865
f 3867 3866 3592
f 3736 3867 3591
f 3736 3737 3990
f 3737 3739 3991
f 3993 3868 3738
f 3869 3996 3741
f 3871 3742 3598
f 3997 3869 3742
f 3997 3996 3869
f 3870 3596 3743
f 3870 3871 3597
f 3872 3744 3998
f 3999 3743 3872
f 3600 3745 4000
f 3746 4001 3747
f 3747 4001 4002
f 3602 3875 3738
f 3738 3875 3993
f 3748 3998 3744
f 3752 4005 3751
f 3751 4005 4006
f 3757 3773 4007
f 4008 3774 3877
f 4007 3878 3880
f 3774 4008 3881
f 3881 4008 3880
f 3884 3885 3619
f 3885 3886 3620
f 3886 3887 3623
f 3887 3888 3624
f 3888 3889 3625
f 3884 3760 4009
f 3891 3761 3890
f 3890 3762 3895
f 3891 4010 3763
f 3763 4010 3892
f 3768 4011 3769
f 3769 4011 4012
f 3892 4013 3771
f 3771 4013 3894
f 3627 3889 3772
f 3772 3889 4014
f 3772 4014 3879
f 3879 4014 4015
f 3879 4015 3775
f 3775 4015 4016
f 3775 4016 3777
f 3777 4016 4017
f 3778 4017 3895
f 4009 3760 3779
f 4018 3779 3780
f 4019 3780 3781
f 4019 3781 3896
f 4020 3810 3637
f 4021 3939 3810
f 3783 3988 3897
f 3897 4020 3637
f 3898 4022 4023
f 3785 4024 3898
f 3785 3899 4024
f 3900 3902 3786
f 3899 3901 4025
f 3640 3903 3787
f 3787 3903 3901
f 3902 3641 3522
f 3903 3788 3641
f 3900 3789 4026
f 3789 3790 4027
f 4028 3904 3791
f 4029 3792 3905
f 3795 3914 3906
f 3913 4030 3914
f 3907 3645 3908
f 3908 3909 4031
f 3649 3907 3912
f 3910 3647 3911
f 3911 3648 3912
f 4027 3790 3794
f 4032 3794 3910
f 3796 3913 3795
f 3817 4033 3796
f 3918 4035 3652
f 3652 4035 4036
f 3652 4036 3919
f 3919 4037 3797
f 3797 4037 3920
f 3920 3925 3655
f 3798 3673 3922
f 3922 3653 3923
f 3923 3654 3924
f 3926 3940 3799
f 3656 3927 3926
f 3927 3658 3928
f 3928 3800 3935
f 3663 3801 4038
f 3801 3659 3929
f 3929 3660 3930
f 3930 3661 3931
f 4038 3932 3663
f 4039 3934 3933
f 3934 4040 3935
f 3936 3804 3664
f 4041 3931 3804
f 4042 3936 4043
f 4043 3936 3805
f 3937 3805 3665
f 3806 3807 3937
f 3447 3938 3807
f 3938 3667 3808
f 3808 3809 3939
f 4021 4044 3939
f 3811 3943 3672
f 4047 3813 3812
f 4048 3815 3814
f 4049 3814 3813
f 3945 4051 3817
f 3680 3818 3945
f 4052 4053 3818
f 4054 4053 4052
f 4052 3818 4055
f 4055 3818 3946
f 3697 3466 3355
f 3355 3354 3697
f 3697 3354 3455
f 3697 3455 3560
f 3684 3690 3685
f 3685 3690 3821
f 3685 3821 3820
f 3820 3821 3697
f 3820 3697 3683
f 3683 3697 3560
f 3826 4060 3782
f 3782 4060 4061
f 3563 3954 3562
f 3562 3954 4062
f 3562 4062 3826
f 3826 4062 4060
f 4062 3954 4063
f 3954 3955 4064
f 3705 4067 3961
f 3705 3962 4067
f 3959 4068 3704
f 3830 4069 3959
f 3830 3831 4069
f 4069 3831 3960
f 3832 3961 3960
f 3833 4070 3834
f 3834 4070 3962
f 3854 4071 3975
f 3708 4072 3854
f 3708 3963 4072
f 3963 3898 4023
f 3836 4073 3835
f 3965 3964 3712
f 3966 3965 3713
f 3966 3837 4074
f 3967 3838 4075
f 3839 3716 3968
f 3968 3841 4076
f 3840 3839 4077
f 3840 4075 3838
f 3841 3842 4078
f 3842 3969 4079
f 3843 3845 3970
f 4080 3845 4081
f 3846 3863 4082
f 3973 3847 3720
f 4084 3853 3847
f 3850 3974 3848
f 3850 3853 4085
f 4086 4087 3975
f 3975 4087 3855
f 3976 3857 3725
f 3857 4088 3859
f 3859 4089 3858
f 3858 4089 3977
f 3973 3860 3979
f 3977 3978 3729
f 3978 3979 3730
f 3896 3782 4090
f 4090 3782 4061
f 3852 3861 4091
f 4091 3861 4092
f 3980 3852 4091
f 3732 3849 4093
f 4093 3849 3980
f 3981 3732 4093
f 3733 3983 3984
f 3984 3983 3982
f 3861 3972 4092
f 4092 3972 4094
f 3971 4095 3972
f 3972 4095 4096
f 3987 4097 3988
f 3864 3986 3989
f 4098 4097 3987
f 3783 3989 3987
f 3866 4099 3865
f 4099 3866 3867
f 3990 3867 3736
f 3990 3737 3991
f 4100 4101 4097
f 3991 3739 3992
f 4000 3995 3994
f 4103 3740 3741
f 4103 3741 4104
f 3996 4104 3741
f 3871 4105 3742
f 3742 4105 3997
f 3870 3743 3999
f 3870 4106 3871
f 3998 3999 3872
f 4107 3873 4002
f 4002 3873 3747
f 3604 3874 3875
f 3875 3874 4108
f 4003 3998 3748
f 3882 4109 3883
f 3883 4109 4110
f 3616 3618 3754
f 4111 3754 4112
f 4007 3880 4008
f 3884 4113 3885
f 3885 4114 3886
f 3886 4115 3887
f 3887 4116 3888
f 3888 4117 3889
f 4009 4113 3884
f 4118 3891 3890
f 4119 3890 3895
f 4013 3892 4120
f 4120 3892 4010
f 3768 3893 4011
f 4011 3893 4121
f 4119 3895 4017
f 4009 3779 4018
f 4018 3780 4019
f 3896 4122 4019
f 4020 4021 3810
f 4123 4044 4021
f 3988 4020 3897
f 4023 4022 4124
f 3898 4125 4022
f 4024 4125 3898
f 4025 4024 3899
f 4026 3902 3900
f 4025 3901 3903
f 3902 3903 3641
f 4026 3789 4126
f 4126 3789 4027
f 3791 4029 4028
f 4029 3905 4127
f 4030 4128 3914
f 3907 3908 4129
f 3908 4031 4130
f 3904 4028 3909
f 3909 4028 4031
f 3912 3907 4129
f 4131 3910 3911
f 4132 3911 3912
f 4027 3794 4032
f 4032 3910 4131
f 4033 3913 3796
f 4051 4033 3817
f 3919 4036 4136
f 4136 4036 4035
f 4137 4035 3918
f 4136 4037 3919
f 4037 3925 3920
f 3798 3922 4138
f 3922 3923 4139
f 3923 3924 4140
f 3924 3925 4141
f 4142 3940 3926
f 3926 3927 4143
f 3927 3928 4143
f 3928 3935 4144
f 4038 3801 3929
f 4145 3929 3930
f 4146 3930 3931
f 4038 4147 3932
f 3802 3932 3803
f 3803 3932 4147
f 3933 3803 4039
f 3935 4040 4148
f 3935 4148 4144
f 4041 3804 3936
f 4146 3931 4041
f 4150 3936 4042
f 4043 4151 4042
f 4043 3805 4152
f 4152 3805 3937
f 3807 4153 3937
f 3938 3808 3807
f 3939 4044 3808
f 4044 4123 4154
f 4155 4156 4123
f 4046 3940 4157
f 3918 4045 4137
f 3942 4158 3941
f 4158 3943 3811
f 4160 3944 3943
f 4047 3812 3944
f 4049 3813 4047
f 4048 3814 4161
f 4161 3814 4049
f 4162 4051 3945
f 3945 3818 4053
f 4054 4163 4053
f 4053 4163 4164
f 4054 4052 4165
f 4165 4052 4055
f 3946 4050 4055
f 4060 4167 4061
f 4063 4060 4062
f 4063 3954 4064
f 4064 3955 4065
f 4168 4067 4070
f 4070 4067 3962
f 3975 4071 4086
f 3854 4072 4071
f 4072 3963 4169
f 3963 4023 4169
f 4023 4124 4170
f 4073 3964 3965
f 3966 4171 3965
f 4076 3841 4078
f 4077 3839 3968
f 4173 3968 4076
f 4077 4075 3840
f 4079 3969 4175
f 4078 3842 4079
f 4081 4082 4080
f 3971 4176 4095
f 4083 4176 3971
f 3973 4084 3847
f 4084 4085 3853
f 3850 4085 3974
f 4086 4178 4087
f 4088 4179 3859
f 3976 4088 3857
f 3859 4179 4089
f 4089 4180 3977
f 3977 4180 3978
f 4090 4061 4167
f 4122 3896 4181
f 4181 3896 4090
f 3984 3982 4184
f 4185 4186 4187
f 4187 4186 4188
f 3988 4097 4101
f 4100 4097 4098
f 3989 3986 4189
f 4098 3987 3989
f 3865 4099 4189
f 4190 4099 3867
f 3990 4190 3867
f 3990 3991 4191
f 4192 4101 4100
f 3991 3992 4193
f 4102 4194 3992
f 4000 3994 4195
f 4195 4103 4104
f 3996 4196 4104
f 4106 4105 3871
f 4105 4196 3997
f 3999 4106 3870
f 4001 4197 4002
f 4002 4197 4198
f 3993 3875 4199
f 4199 3875 4108
f 4005 4200 4006
f 4006 4200 4201
f 4200 3402 3503
f 3503 3758 4200
f 4200 3758 3883
f 4200 3883 4110
f 3289 3173 3398
f 3398 3173 4200
f 3176 3402 3171
f 3171 3402 4200
f 3171 4200 3170
f 3170 4200 3173
f 4110 4202 4200
f 4200 4202 4203
f 4200 4203 4204
f 3500 3398 3610
f 3610 3398 4200
f 3610 4200 3752
f 3752 4200 4005
f 4205 4206 4207
f 4207 4206 4200
f 4207 4200 4208
f 4208 4200 4204
f 4112 4209 4111
f 4111 4209 4210
f 4113 4114 3885
f 4114 4115 3886
f 4115 4116 3887
f 4116 4117 3888
f 4009 4211 4113
f 4010 3891 4212
f 4212 3891 4118
f 4118 3890 4119
f 4212 4213 4010
f 4010 4213 4120
f 4011 4214 4012
f 4012 4214 4215
f 3889 4117 4014
f 4014 4117 4216
f 4014 4216 4015
f 4015 4216 4217
f 4015 4217 4016
f 4016 4217 4218
f 4016 4218 4017
f 4017 4218 4119
f 4018 4211 4009
f 4019 4219 4018
f 4122 4220 4019
f 4221 4122 4181
f 4222 4223 4224
f 4223 4156 4155
f 4225 4021 4020
f 4155 4123 4021
f 3988 4225 4020
f 4226 4124 4022
f 4124 4227 4170
f 4022 4125 4226
f 4125 4024 4025
f 4228 3902 4026
f 4025 3903 3902
f 4026 4126 4228
f 4126 4027 4229
f 4229 4027 4230
f 4028 4029 4127
f 4030 4232 4128
f 4129 3908 4130
f 4031 4028 4130
f 3912 4129 4132
f 4131 3911 4132
f 4027 4233 4230
f 4032 4233 4027
f 4234 4032 4235
f 4235 4032 4131
f 4033 4133 3913
f 4051 4236 4033
f 4237 4236 4051
f 4238 4237 4051
f 4162 4238 4051
f 4134 3921 3916
f 4136 4035 4137
f 4138 3922 4139
f 4139 3923 4140
f 3924 4141 4140
f 4142 4239 3940
f 4240 4142 3926
f 3926 4143 4240
f 4143 3928 4144
f 4038 3929 4145
f 4145 3930 4146
f 4241 4147 4038
f 4147 4242 3803
f 4039 3803 4243
f 4148 4040 4149
f 4144 4148 4245
f 4150 4041 3936
f 4246 4146 4041
f 4042 4247 4150
f 4042 4151 4247
f 4043 4152 4151
f 3937 4153 4152
f 3807 3808 4153
f 3808 4044 4154
f 4123 4156 4154
f 4156 4223 4222
f 4222 4224 4248
f 4239 4157 3940
f 4046 4157 4249
f 4137 4045 4250
f 4137 4250 4252
f 4158 4160 3943
f 4160 4047 3944
f 4253 4049 4047
f 4254 4048 4161
f 4255 4161 4049
f 4254 4050 4048
f 3945 4053 4162
f 4053 4164 4256
f 4256 4164 4257
f 4257 4164 4258
f 4258 4054 4165
f 4055 4050 4165
f 4261 4167 4060
f 4063 4261 4060
f 4063 4064 4262
f 4064 4065 4263
f 3960 3961 4268
f 4268 3961 4269
f 3961 4067 4269
f 4269 4067 4168
f 4068 3959 4270
f 4270 3959 4271
f 3959 4069 4271
f 4271 4069 4272
f 4069 3960 4272
f 4272 3960 4268
f 4273 4086 4071
f 4072 4169 4071
f 4169 4023 4170
f 4170 4227 4274
f 4273 4275 4086
f 4086 4275 4178
f 3965 4171 4073
f 4078 4173 4076
f 4077 3968 4173
f 4077 4276 4075
f 4174 4175 3969
f 4175 4078 4079
f 4174 3970 4277
f 3970 4278 4277
f 4278 3970 4279
f 4279 3970 3845
f 4280 4080 4082
f 4176 4083 4281
f 4281 4083 4177
f 4177 3974 4085
f 3856 3855 3976
f 3976 3855 4087
f 3976 4087 4178
f 4179 4088 3976
f 4179 4282 4089
f 4089 4282 4180
f 4167 4284 4090
f 4090 4284 4181
f 4091 4092 4285
f 4285 4092 4286
f 3980 4091 4287
f 4287 4091 4285
f 4093 3980 4288
f 4288 3980 4287
f 3981 4093 4289
f 4289 4093 4288
f 4184 4183 4182
f 4290 4291 4188
f 4188 4291 4187
f 4092 4094 4286
f 4286 4094 4292
f 3972 4096 4094
f 4094 4096 4293
f 3988 4101 4294
f 4295 4100 4098
f 4189 4098 3989
f 4099 4190 4189
f 4191 4190 3990
f 4191 3991 4296
f 4192 4294 4101
f 4100 4295 4192
f 4193 3992 4194
f 4193 4296 3991
f 4297 4194 4102
f 4199 4102 3993
f 4195 4104 4196
f 4106 4196 4105
f 3999 4298 4106
f 4299 4107 4198
f 4198 4107 4002
f 3999 3998 4298
f 4298 3998 4003
f 4298 4003 4300
f 3749 4300 4004
f 4004 4300 4003
f 4200 4206 4201
f 4201 4206 4301
f 4109 4302 4110
f 4110 4302 4202
f 4209 4303 4210
f 4210 4303 4304
f 4113 4305 4114
f 4114 4306 4115
f 4115 4307 4116
f 4116 4308 4117
f 4211 4305 4113
f 4011 4121 4214
f 4214 4121 4309
f 4118 4119 4310
f 4310 4119 4218
f 4018 4219 4211
f 4019 4220 4219
f 4221 4220 4122
f 4221 4181 4311
f 4312 4248 4224
f 4313 4224 4223
f 4313 4223 4155
f 4225 4155 4021
f 4314 4225 3988
f 4315 4274 4227
f 4226 4227 4124
f 4226 4125 4025
f 4228 4025 3902
f 4126 4229 4228
f 4316 4229 4230
f 4028 4127 4317
f 4318 4128 4232
f 4129 4130 4319
f 4130 4028 4317
f 4132 4129 4319
f 4320 4131 4132
f 4230 4233 4316
f 4032 4321 4233
f 4234 4321 4032
f 4235 4131 4322
f 4232 4133 4323
f 4324 4133 4033
f 4236 4324 4033
f 4325 4237 4238
f 4329 4037 4137
f 4137 4037 4136
f 4138 4139 4330
f 4139 4140 4331
f 4140 4141 4331
f 4142 4240 4239
f 4240 4143 4332
f 4143 4144 4333
f 4334 4146 4246
f 4335 4038 4145
f 4336 4145 4146
f 4241 4038 4335
f 4241 4242 4147
f 4244 4337 4149
f 4148 4338 4245
f 4339 4041 4150
f 4246 4041 4339
f 4340 4150 4247
f 4341 4247 4151
f 4151 4152 4153
f 3808 4154 4153
f 4154 4156 4222
f 4248 4342 4222
f 4239 4249 4157
f 4045 4251 4250
f 4346 4160 4158
f 4253 4047 4160
f 4255 4049 4253
f 4254 4161 4255
f 4348 4347 4162
f 4162 4053 4256
f 4257 4258 4350
f 4254 4351 4050
f 4050 4351 4165
f 3702 3704 4068
f 3948 3824 4270
f 3824 3825 4270
f 4270 3825 3829
f 4270 3829 4068
f 4068 3829 3701
f 4068 3701 3702
f 4057 4058 4056
f 4056 4058 4166
f 4056 4166 4270
f 4270 4166 4059
f 4270 4059 3948
f 4261 4354 4167
f 4262 4261 4063
f 4262 4064 4263
f 4263 4065 4264
f 4355 4356 4357
f 4357 4356 4358
f 4359 4274 4315
f 4360 4273 4071
f 4071 4169 4361
f 4169 4170 4361
f 4170 4274 4362
f 4273 4363 4275
f 4178 4275 4364
f 4365 4366 4273
f 4366 4363 4273
f 4075 4276 4172
f 4173 4276 4077
f 4367 4175 4174
f 4175 4368 4078
f 4174 4277 4367
f 4369 4277 4278
f 4279 4280 4278
f 4187 4370 4185
f 4185 4370 4371
f 3973 4283 4084
f 4084 4283 4372
f 4084 4372 4085
f 4085 4372 4177
f 4364 3976 4178
f 4373 4179 3976
f 4373 4282 4179
f 4282 4374 4180
f 4167 4377 4284
f 4354 4377 4167
f 4311 4181 4284
f 4286 4378 4285
f 4285 4378 4379
f 4289 4380 3981
f 3981 4380 4381
f 4184 4182 4382
f 4186 4383 4188
f 4188 4383 4384
f 4379 4378 4385
f 3988 4386 4314
f 4294 4387 3988
f 4295 4098 4189
f 4189 4190 4191
f 4388 4191 4296
f 4389 4294 4192
f 4192 4295 4390
f 4389 4387 4294
f 4391 4193 4194
f 4388 4296 4193
f 4194 4297 4391
f 4297 4102 4199
f 4106 4298 4196
f 4197 4392 4198
f 4198 4392 4393
f 4206 4205 4301
f 4301 4205 4394
f 4205 4207 4394
f 4394 4207 4395
f 4207 4208 4395
f 4395 4208 4396
f 4208 4204 4396
f 4396 4204 4397
f 4204 4203 4397
f 4397 4203 4398
f 4203 4202 4398
f 4398 4202 4302
f 4214 4399 4215
f 4215 4399 4400
f 4305 4306 4114
f 4306 4307 4115
f 4307 4308 4116
f 4211 4401 4305
f 4213 4212 4402
f 4402 4212 4403
f 4212 4118 4403
f 4403 4118 4310
f 4117 4308 4216
f 4216 4308 4404
f 4216 4404 4217
f 4217 4404 4405
f 4217 4405 4218
f 4218 4405 4310
f 4219 4401 4211
f 4220 4406 4219
f 4407 4220 4221
f 4408 4221 4311
f 4409 4342 4248
f 4409 4248 4312
f 4312 4224 4313
f 4410 4313 4155
f 4410 4155 4225
f 4411 4225 4314
f 4315 4227 4226
f 4226 4025 4228
f 4228 4229 4316
f 4317 4127 4231
f 4318 4232 4412
f 4132 4319 4413
f 4320 4132 4413
f 4322 4131 4320
f 4316 4233 4321
f 4414 4321 4234
f 4415 4414 4234
f 4415 4235 4322
f 4412 4232 4323
f 4323 4133 4324
f 4236 4325 4324
f 4138 4330 4327
f 3915 3798 3917
f 3917 3798 4138
f 3917 4138 4135
f 4135 4138 4327
f 4137 4416 4329
f 4330 4139 4331
f 4331 4141 4417
f 4240 4418 4239
f 4332 4418 4240
f 4333 4332 4143
f 4144 4419 4333
f 4336 4146 4334
f 4335 4145 4336
f 4241 4420 4242
f 4244 4421 4337
f 4338 4422 4245
f 4339 4150 4340
f 4334 4246 4423
f 4423 4246 4339
f 4340 4247 4341
f 4341 4151 4424
f 4153 4154 4425
f 4154 4222 4425
f 4222 4342 4426
f 4342 4427 4426
f 4426 4427 4428
f 4429 4344 4343
f 4430 4249 4239
f 4431 4344 4429
f 4251 4344 4250
f 4252 4433 4416
f 4252 4434 4433
f 4345 4346 4159
f 4346 4253 4160
f 4436 4254 4255
f 4437 4347 4348
f 4162 4256 4348
f 4349 4438 4256
f 4258 4165 4350
f 4350 4165 4351
f 4259 4260 4353
f 4441 4354 4261
f 4262 4441 4261
f 4262 4263 4442
f 4263 4264 4443
f 4264 4265 4444
f 4357 4446 4355
f 4355 4446 4447
f 4315 4448 4359
f 4449 4450 4315
f 4362 4274 4359
f 4365 4273 4360
f 4071 4361 4360
f 4361 4170 4362
f 4363 4364 4275
f 4451 4366 4365
f 4451 4363 4366
f 4367 4368 4175
f 4367 4277 4369
f 4369 4278 4280
f 4187 4291 4370
f 4370 4291 4452
f 4281 4177 4453
f 4453 4177 4372
f 4364 4373 3976
f 4282 4373 4374
f 4180 4374 4454
f 4454 4376 4180
f 4455 4284 4377
f 4354 4456 4377
f 4311 4284 4455
f 4408 4311 4457
f 4287 4285 4458
f 4458 4285 4379
f 4288 4287 4459
f 4459 4287 4458
f 4289 4288 4460
f 4460 4288 4459
f 4382 4381 4380
f 4385 4378 4462
f 4286 4292 4378
f 4378 4292 4463
f 4094 4293 4292
f 4292 4293 4464
f 4314 4386 4465
f 3988 4387 4386
f 4295 4189 4390
f 4189 4191 4388
f 4192 4390 4389
f 4466 4387 4389
f 4391 4388 4193
f 4467 4299 4393
f 4393 4299 4198
f 4300 4468 4298
f 4298 4468 4469
f 4303 4470 4304
f 4304 4470 4471
f 4472 4400 4473
f 4473 4400 4399
f 4305 4474 4306
f 4306 4475 4307
f 4307 4476 4308
f 4401 4474 4305
f 4214 4309 4399
f 4399 4309 4477
f 4403 4310 4478
f 4478 4310 4405
f 4219 4406 4401
f 4407 4406 4220
f 4407 4221 4408
f 4427 4479 4428
f 4342 4409 4427
f 4480 4409 4312
f 4481 4312 4313
f 4481 4313 4410
f 4411 4410 4225
f 4314 4465 4411
f 4226 4482 4315
f 4228 4316 4226
f 4315 4483 4449
f 4317 4231 4318
f 4319 4317 4413
f 4320 4484 4322
f 4316 4321 4414
f 4485 4414 4415
f 4415 4322 4486
f 4412 4323 4487
f 4324 4325 4323
f 4239 4418 4491
f 4332 4333 4418
f 4419 4422 4333
f 4334 4423 4336
f 4420 4335 4336
f 4340 4423 4339
f 4341 4492 4340
f 4424 4493 4341
f 4151 4153 4424
f 4424 4153 4425
f 4494 4222 4426
f 4426 4428 4495
f 4343 4430 4429
f 4239 4491 4430
f 4496 4497 4431
f 4431 4497 4344
f 4344 4432 4250
f 4498 4433 4434
f 4498 4434 4432
f 4499 4254 4436
f 4437 4348 4500
f 4348 4256 4438
f 4501 4438 4349
f 4349 4439 4502
f 4499 4503 4351
f 4351 4503 4350
f 4352 4353 4440
f 4441 4504 4354
f 4442 4441 4262
f 4442 4263 4443
f 4443 4264 4444
f 4505 4447 4506
f 4506 4447 4446
f 4356 4507 4358
f 4358 4507 4508
f 4509 4359 4448
f 4315 4450 4448
f 4449 4510 4450
f 4449 4511 4510
f 4449 4512 4511
f 4362 4359 4509
f 4360 4361 4365
f 4361 4362 4513
f 4514 4364 4363
f 4365 4515 4451
f 4451 4516 4363
f 4515 4517 4518
f 4519 4172 4276
f 4519 4276 4368
f 4368 4276 4173
f 4368 4173 4078
f 4367 4369 4368
f 4370 4520 4371
f 4371 4520 4521
f 4283 4375 4372
f 4372 4375 4453
f 4522 4373 4364
f 4374 4373 4523
f 4374 4523 4454
f 4376 4454 4375
f 4455 4377 4524
f 4524 4377 4456
f 4504 4456 4354
f 4457 4311 4455
f 4525 4408 4457
f 4379 4385 4458
f 4458 4385 4526
f 4385 4527 4526
f 4526 4527 4528
f 4380 4460 4529
f 4382 4380 4530
f 4383 4531 4384
f 4384 4531 4532
f 4385 4462 4527
f 4528 4527 4533
f 4533 4527 4534
f 4535 4465 4386
f 4536 4387 4466
f 4536 4386 4387
f 4537 4465 4535
f 4390 4189 4388
f 4390 4466 4389
f 4538 4388 4391
f 4392 4539 4393
f 4393 4539 4540
f 3039 2702 3040
f 3606 3496 3393
f 3393 3496 3285
f 3393 3285 3040
f 3040 3285 3165
f 3040 3165 3039
f 4201 4300 4006
f 4006 4300 3876
f 4006 3876 3606
f 3606 3876 3607
f 3606 3607 3496
f 3117 2664 3044
f 3044 2664 3172
f 3172 2664 2706
f 3172 2706 3168
f 3168 2706 2709
f 3168 2709 3169
f 3169 2709 2940
f 3169 2940 3175
f 3175 2940 3174
f 3175 3174 3401
f 3401 3174 3400
f 3401 3400 3504
f 2937 3494 3045
f 3045 3494 3284
f 3172 3290 3044
f 3044 3290 3397
f 3044 3397 2938
f 2938 3397 3501
f 2938 3501 2937
f 2937 3501 3494
f 3494 3501 3609
f 3494 3609 3606
f 3606 3609 3751
f 3606 3751 4006
f 3504 3400 3759
f 3759 3400 4111
f 3759 4111 3882
f 3882 4111 4210
f 3882 4210 4109
f 4109 4210 4304
f 4109 4304 4302
f 4302 4304 4471
f 4302 4471 4398
f 4398 4471 4541
f 4398 4541 4397
f 4397 4541 4542
f 4397 4542 4396
f 4396 4542 4543
f 4396 4543 4395
f 4395 4543 4544
f 4395 4544 4394
f 4394 4544 4545
f 4394 4545 4301
f 4301 4545 4546
f 4301 4546 4201
f 4201 4546 4468
f 4201 4468 4300
f 4473 4547 4472
f 4472 4547 4548
f 4474 4475 4306
f 4475 4476 4307
f 4401 4549 4474
f 4402 4403 4550
f 4550 4403 4478
f 4308 4476 4404
f 4404 4476 4551
f 4404 4551 4405
f 4405 4551 4478
f 4406 4549 4401
f 4552 4406 4407
f 4553 4407 4408
f 4553 4408 4525
f 4428 4479 4554
f 4427 4409 4479
f 4555 4409 4480
f 4480 4312 4481
f 4556 4481 4410
f 4556 4410 4411
f 4226 4316 4482
f 4483 4557 4449
f 4558 4512 4449
f 4318 4412 4559
f 4559 4412 4487
f 4317 4318 4559
f 4317 4484 4413
f 4484 4486 4322
f 4485 4316 4414
f 4487 4323 4560
f 4323 4325 4488
f 4562 4489 4326
f 4326 4489 3921
f 4326 3921 4034
f 4565 4491 4418
f 4566 4418 4333
f 4566 4333 4422
f 4423 4420 4336
f 4340 4492 4423
f 4341 4493 4492
f 4424 4425 4493
f 4425 4494 4568
f 4494 4426 4495
f 4495 4554 4569
f 4570 4571 4572
f 4573 4429 4430
f 4430 4491 4574
f 4575 4576 4496
f 4431 4573 4496
f 4576 4497 4496
f 4497 4432 4344
f 4577 4498 4432
f 4345 4435 4346
f 4346 4435 4578
f 4579 4499 4436
f 4488 4437 4500
f 4349 4502 4501
f 4500 4348 4438
f 4580 4438 4501
f 4581 4439 4350
f 4581 4350 4503
f 4440 4353 4583
f 4585 4504 4441
f 4442 4585 4441
f 4442 4443 4586
f 4443 4444 4587
f 4506 4590 4505
f 4505 4590 4591
f 4508 4507 4592
f 4592 4507 4593
f 4509 4448 4450
f 4450 4510 4594
f 4510 4511 4595
f 4595 4511 4512
f 4512 4596 4597
f 4513 4362 4509
f 4365 4361 4513
f 4365 4517 4515
f 4514 4363 4516
f 4514 4522 4364
f 4515 4516 4451
f 4518 4598 4515
f 4518 4517 4599
f 4370 4452 4520
f 4520 4452 4600
f 4522 4523 4373
f 4601 4455 4524
f 4524 4456 4602
f 4504 4603 4456
f 4457 4455 4601
f 4525 4457 4604
f 4459 4458 4607
f 4607 4458 4526
f 4608 4459 4607
f 4530 4380 4529
f 4609 4461 4532
f 4532 4461 4384
f 4527 4462 4610
f 4378 4463 4462
f 4462 4463 4611
f 4292 4464 4463
f 4463 4464 4612
f 4535 4386 4613
f 4614 4536 4466
f 4613 4386 4536
f 4537 4535 4615
f 4390 4388 4616
f 4390 4614 4466
f 4616 4388 4538
f 4617 4467 4540
f 4540 4467 4393
f 4468 4546 4469
f 4469 4546 4618
f 4546 4545 4618
f 4618 4545 4619
f 4470 4620 4471
f 4471 4620 4541
f 4399 4477 4473
f 4473 4477 4621
f 4547 4622 4548
f 4548 4622 4623
f 4474 4624 4475
f 4475 4625 4476
f 4549 4624 4474
f 4550 4478 4626
f 4626 4478 4551
f 4552 4549 4406
f 4552 4407 4553
f 4627 4553 4525
f 4628 4554 4479
f 4555 4479 4409
f 4629 4555 4480
f 4630 4480 4481
f 4630 4481 4556
f 4570 4572 4631
f 4572 4571 4569
f 4628 4569 4554
f 4632 4482 4316
f 4633 4557 4482
f 4449 4557 4558
f 4597 4596 4634
f 4558 4596 4512
f 4560 4635 4487
f 4635 4559 4487
f 4559 4484 4317
f 4636 4486 4484
f 4632 4316 4485
f 4415 4486 4485
f 4485 4486 4637
f 4323 4488 4560
f 4639 4491 4565
f 4565 4418 4566
f 4422 4640 4566
f 4423 4641 4420
f 4420 4642 4421
f 4567 4643 4422
f 4422 4643 4640
f 4492 4641 4423
f 4493 4644 4492
f 4493 4425 4568
f 4494 4495 4568
f 4569 4645 4495
f 4571 4645 4569
f 4570 4631 4571
f 4639 4574 4491
f 4430 4574 4573
f 4646 4576 4575
f 4575 4496 4573
f 4646 4647 4576
f 4576 4647 4497
f 4497 4577 4432
f 4577 4649 4498
f 4652 4499 4579
f 4488 4500 4654
f 4580 4501 4502
f 4500 4438 4580
f 4653 4581 4503
f 4585 4656 4504
f 4586 4585 4442
f 4586 4443 4587
f 4587 4444 4588
f 4588 4445 4589
f 4584 4657 4589
f 4656 4603 4504
f 4658 4591 4659
f 4659 4591 4590
f 4593 4660 4592
f 4592 4660 4661
f 4450 4594 4509
f 4594 4510 4595
f 4595 4512 4597
f 4597 4634 4662
f 4513 4509 4663
f 4365 4513 4664
f 4599 4517 4365
f 4516 4665 4514
f 4665 4522 4514
f 4515 4666 4516
f 4515 4598 4666
f 4519 4368 4667
f 4667 4368 4668
f 4520 4669 4521
f 4521 4669 4670
f 4671 4523 4522
f 4601 4524 4672
f 4672 4524 4602
f 4602 4456 4603
f 4604 4457 4601
f 4673 4525 4604
f 4526 4528 4607
f 4607 4528 4676
f 4528 4533 4676
f 4676 4533 4605
f 4677 4460 4608
f 4677 4608 4678
f 4530 4529 4679
f 4531 4680 4532
f 4532 4680 4681
f 4627 4525 4673
f 4527 4610 4534
f 4534 4610 4683
f 4615 4535 4613
f 4614 4613 4536
f 4616 4614 4390
f 4538 4684 4616
f 4539 4685 4540
f 4540 4685 4686
f 4545 4544 4619
f 4619 4544 4687
f 4544 4543 4687
f 4687 4543 4688
f 4543 4542 4688
f 4688 4542 4689
f 4542 4541 4689
f 4689 4541 4620
f 4473 4621 4547
f 4547 4621 4690
f 4624 4625 4475
f 4691 4624 4549
f 4476 4625 4551
f 4551 4625 4626
f 4691 4549 4552
f 4692 4552 4553
f 4692 4553 4627
f 4693 4628 4479
f 4693 4479 4555
f 4694 4555 4629
f 4629 4480 4630
f 4631 4572 4696
f 4572 4569 4628
f 4633 4482 4632
f 4558 4557 4697
f 4634 4698 4662
f 4699 4634 4596
f 4699 4596 4558
f 4560 4700 4635
f 4635 4701 4559
f 4559 4636 4484
f 4636 4637 4486
f 4485 4637 4632
f 4560 4488 4654
f 4703 4563 4564
f 4639 4704 4705
f 4565 4706 4639
f 4566 4707 4565
f 4566 4640 4707
f 4641 4642 4420
f 4421 4642 4567
f 4567 4642 4643
f 4708 4640 4643
f 4492 4644 4641
f 4493 4709 4644
f 4568 4495 4645
f 4571 4631 4645
f 4631 4696 4710
f 4705 4574 4639
f 4573 4574 4711
f 4575 4712 4646
f 4573 4711 4575
f 4712 4647 4646
f 4647 4577 4497
f 4648 4498 4649
f 4713 4649 4577
f 4715 4652 4579
f 4654 4500 4718
f 4580 4502 4655
f 4580 4719 4500
f 4581 4653 4716
f 4582 4583 4720
f 4584 4720 4657
f 4721 4656 4585
f 4586 4721 4585
f 4586 4587 4722
f 4587 4588 4723
f 4723 4588 4589
f 4724 4589 4657
f 4656 4725 4603
f 4726 4658 4727
f 4727 4658 4659
f 4660 4728 4661
f 4661 4728 4729
f 4728 4730 4729
f 4729 4730 4731
f 4663 4509 4594
f 4594 4595 4732
f 4733 4595 4597
f 4733 4597 4734
f 4734 4597 4662
f 4662 4698 4735
f 4735 4736 4737
f 4664 4513 4663
f 4664 4599 4365
f 4738 4599 4739
f 4516 4740 4665
f 4665 4671 4522
f 4666 4740 4516
f 4598 4741 4666
f 4598 4518 4741
f 4741 4518 4738
f 4742 4667 4743
f 4743 4667 4668
f 4520 4600 4669
f 4669 4600 4744
f 4745 4601 4672
f 4672 4602 4746
f 4602 4603 4747
f 4604 4601 4745
f 4673 4604 4748
f 4750 4607 4676
f 4605 4674 4751
f 4679 4677 4678
f 4752 4609 4681
f 4681 4609 4532
f 4462 4611 4610
f 4610 4611 4753
f 4463 4612 4611
f 4611 4612 4754
f 4755 4627 4673
f 4755 4673 4756
f 4615 4613 4614
f 4616 4684 4614
f 4757 4617 4686
f 4686 4617 4540
f 4622 4758 4623
f 4623 4758 4759
f 4547 4690 4622
f 4622 4690 4760
f 4625 4624 4691
f 4691 4552 4692
f 4761 4692 4627
f 4762 4628 4693
f 4694 4693 4555
f 4763 4696 4572
f 4762 4572 4628
f 4632 4764 4633
f 4557 4765 4697
f 4698 4634 4699
f 4698 4736 4735
f 4697 4766 4558
f 4558 4766 4699
f 4767 4700 4560
f 4701 4636 4559
f 4768 4637 4636
f 4632 4637 4764
f 4560 4654 4767
f 4703 4638 4563
f 4563 4638 4490
f 4648 4703 4564
f 4705 4770 4771
f 4704 4770 4705
f 4639 4706 4704
f 4708 4707 4640
f 4641 4772 4642
f 4642 4708 4643
f 4644 4772 4641
f 4709 4773 4644
f 4493 4568 4709
f 4709 4568 4645
f 4645 4631 4710
f 4710 4696 4774
f 4705 4711 4574
f 4575 4711 4712
f 4775 4776 4712
f 4712 4776 4647
f 4647 4713 4577
f 4648 4649 4777
f 4713 4778 4649
f 4651 4714 4650
f 4650 4714 4578
f 4650 4578 4435
f 4717 4652 4715
f 4654 4718 4779
f 4500 4780 4718
f 4500 4719 4780
f 4655 4719 4580
f 4581 4716 4655
f 4727 4781 4726
f 4726 4781 4782
f 4657 4720 4783
f 4721 4784 4656
f 4722 4721 4586
f 4722 4587 4723
f 4723 4589 4724
f 4747 4603 4725
f 4784 4725 4656
f 4730 4785 4731
f 4731 4785 4786
f 4663 4594 4732
f 4732 4595 4733
f 4787 4733 4734
f 4734 4662 4788
f 4662 4735 4789
f 4789 4735 4737
f 4737 4736 4790
f 4664 4663 4791
f 4664 4792 4599
f 4793 4738 4739
f 4740 4671 4665
f 4666 4741 4740
f 4741 4738 4793
f 4669 4794 4670
f 4670 4794 4795
f 4743 4796 4742
f 4742 4796 4797
f 4745 4672 4798
f 4798 4672 4746
f 4746 4602 4747
f 4748 4604 4745
f 4756 4673 4748
f 4676 4605 4750
f 4750 4605 4751
f 4678 4750 4800
f 4679 4678 4801
f 4680 4802 4681
f 4681 4802 4803
f 4761 4627 4755
f 4804 4805 4806
f 4805 4749 4806
f 4806 4749 4675
f 4682 4807 4675
f 4610 4753 4683
f 4683 4753 4808
f 4614 4695 4615
f 4685 4810 4686
f 4686 4810 4811
f 3754 3753 4112
f 4112 3753 3612
f 4812 4810 4618
f 4196 4298 4469
f 3612 3755 4112
f 4112 3755 3757
f 4112 3757 4007
f 4618 4810 4469
f 4810 4685 4469
f 4469 4685 4539
f 4469 4539 4196
f 4196 4539 4392
f 4196 4392 4195
f 4195 4392 4000
f 4000 4392 4197
f 4000 4197 3600
f 4618 4619 4812
f 4812 4619 4687
f 4812 4687 4813
f 4813 4687 4688
f 4813 4688 4814
f 4814 4688 4689
f 4814 4689 4759
f 4759 4689 4620
f 4759 4620 4623
f 4623 4620 4470
f 4623 4470 4548
f 4548 4470 4303
f 4548 4303 4472
f 4472 4303 4209
f 4472 4209 4400
f 4197 4001 3600
f 3600 4001 3746
f 3600 3746 3383
f 3383 3746 3490
f 4209 4112 4400
f 4400 4112 4007
f 4400 4007 4215
f 4215 4007 4008
f 4215 4008 4012
f 4012 4008 3877
f 4012 3877 3765
f 3765 3766 4012
f 4012 3766 3631
f 4012 3631 3769
f 3769 3631 3405
f 3769 3405 3511
f 3511 3405 3181
f 3511 3181 3294
f 3294 3181 2943
f 3294 2943 3050
f 3050 2943 2813
f 3050 2813 3049
f 3049 2813 2814
f 3049 2814 3279
f 3279 2814 3033
f 3279 3033 3490
f 3490 3033 3278
f 3490 3278 3383
f 4622 4760 4758
f 4758 4760 4815
f 4691 4816 4625
f 4817 4691 4692
f 4817 4692 4761
f 4818 4762 4693
f 4818 4693 4694
f 4819 4696 4763
f 4763 4572 4762
f 4819 4774 4696
f 4633 4764 4820
f 4765 4820 4697
f 4766 4697 4821
f 4699 4736 4698
f 4766 4822 4699
f 4767 4823 4700
f 4701 4700 4823
f 4701 4768 4636
f 4768 4764 4637
f 4824 4825 4767
f 4767 4654 4779
f 4777 4703 4648
f 4705 4771 4828
f 4770 4704 4771
f 4829 4704 4706
f 4772 4708 4642
f 4644 4773 4772
f 4709 4645 4773
f 4710 4830 4645
f 4710 4774 4830
f 4828 4711 4705
f 4831 4712 4711
f 4831 4775 4712
f 4776 4713 4647
f 4777 4649 4778
f 4832 4778 4713
f 4834 4715 4714
f 4835 4717 4715
f 4836 4716 4717
f 4837 4780 4719
f 4837 4719 4655
f 4655 4716 4838
f 4839 4784 4721
f 4722 4839 4721
f 4722 4723 4840
f 4724 4841 4723
f 4724 4783 4841
f 4747 4725 4842
f 4784 4843 4725
f 4791 4663 4732
f 4844 4732 4733
f 4844 4733 4787
f 4787 4734 4845
f 4845 4734 4788
f 4788 4662 4789
f 4789 4737 4846
f 4846 4737 4790
f 4736 4847 4790
f 4736 4848 4847
f 4791 4792 4664
f 4669 4744 4794
f 4794 4744 4849
f 4850 4797 4851
f 4851 4797 4796
f 4852 4745 4798
f 4798 4746 4853
f 4748 4745 4852
f 4756 4748 4854
f 4755 4756 4855
f 4855 4756 4856
f 4801 4678 4800
f 4858 4752 4803
f 4803 4752 4681
f 4611 4754 4753
f 4753 4754 4859
f 4860 4861 4856
f 4856 4861 4855
f 4761 4755 4862
f 4862 4755 4855
f 4860 4863 4861
f 4861 4863 4864
f 4863 4865 4864
f 4864 4865 4866
f 4867 4804 4806
f 4684 4868 4614
f 4614 4868 4695
f 4869 4757 4811
f 4811 4757 4686
f 4810 4812 4811
f 4811 4812 4870
f 4758 4871 4759
f 4759 4871 4814
f 4816 4691 4817
f 4872 4762 4818
f 4873 4819 4763
f 4872 4763 4762
f 4874 4774 4819
f 4820 4821 4697
f 4766 4821 4822
f 4875 4848 4736
f 4699 4822 4736
f 4767 4825 4823
f 4823 4876 4701
f 4876 4768 4701
f 4877 4764 4768
f 4824 4878 4825
f 4767 4779 4824
f 4561 4879 4702
f 4702 4879 4880
f 4702 4880 4881
f 4777 4883 4703
f 4828 4771 4884
f 4771 4704 4829
f 4772 4885 4708
f 4773 4885 4772
f 4645 4886 4773
f 4645 4830 4886
f 4830 4774 4887
f 4828 4884 4888
f 4828 4831 4711
f 4889 4775 4831
f 4776 4889 4890
f 4776 4890 4891
f 4776 4832 4713
f 4777 4778 4892
f 4832 4893 4778
f 4834 4835 4715
f 4835 4836 4717
f 4836 4838 4716
f 4718 4897 4896
f 4897 4780 4837
f 4655 4838 4837
f 4781 4898 4782
f 4782 4898 4899
f 4839 4900 4784
f 4900 4843 4784
f 4840 4839 4722
f 4840 4723 4841
f 4841 4783 4901
f 4842 4725 4843
f 4785 4902 4786
f 4786 4902 4903
f 4904 4850 4905
f 4905 4850 4851
f 4791 4732 4844
f 4845 4788 4906
f 4788 4789 4907
f 4907 4789 4846
f 4846 4790 4908
f 4908 4790 4847
f 4848 4909 4847
f 4875 4909 4848
f 4794 4910 4795
f 4795 4910 4911
f 4912 4913 4863
f 4863 4913 4865
f 4914 4798 4853
f 4852 4798 4914
f 4853 4746 4915
f 4854 4748 4852
f 4916 4799 4857
f 4749 4805 4857
f 4857 4805 4917
f 4805 4804 4917
f 4917 4804 4918
f 4804 4913 4918
f 4919 4751 4920
f 4799 4916 4751
f 4751 4916 4920
f 4801 4800 4921
f 4802 4922 4803
f 4803 4922 4923
f 4753 4859 4808
f 4808 4859 4924
f 4817 4761 4925
f 4925 4761 4862
f 4861 4926 4855
f 4855 4926 4862
f 4866 4867 4927
f 4867 4806 4928
f 4806 4675 4928
f 4928 4675 4807
f 4809 4929 4807
f 4931 4874 4819
f 4932 4869 4870
f 4870 4869 4811
f 4812 4813 4870
f 4870 4813 4933
f 4813 4814 4933
f 4933 4814 4871
f 4758 4815 4871
f 4871 4815 4934
f 4816 4817 4935
f 4935 4817 4925
f 4931 4819 4873
f 4873 4763 4872
f 4874 4937 4774
f 4938 4887 4774
f 4764 4877 4820
f 4820 4877 4821
f 4736 4939 4875
f 4821 4940 4822
f 4822 4940 4736
f 4825 4876 4823
f 4876 4877 4768
f 4878 4941 4825
f 4942 4878 4824
f 4824 4779 4895
f 4769 4883 4882
f 4892 4883 4777
f 4771 4829 4884
f 4829 4708 4885
f 4773 4886 4885
f 4830 4887 4886
f 4945 4887 4938
f 4888 4884 4946
f 4888 4831 4828
f 4889 4831 4947
f 4891 4890 4948
f 4891 4948 4949
f 4891 4832 4776
f 4892 4778 4893
f 4950 4893 4832
f 4834 4651 4833
f 4834 4833 4894
f 4951 4835 4834
f 4952 4836 4835
f 4953 4838 4836
f 4956 4896 4897
f 4956 4897 4837
f 4837 4838 4957
f 4898 4958 4899
f 4899 4958 4959
f 4960 4900 4839
f 4840 4960 4839
f 4841 4901 4840
f 4843 4961 4842
f 4962 4963 4958
f 4781 4727 4659
f 4962 4592 4964
f 4964 4592 4661
f 4964 4661 4965
f 4965 4661 4729
f 4965 4729 4966
f 4966 4729 4731
f 4966 4731 4967
f 4967 4731 4786
f 4967 4786 4903
f 4962 4958 4592
f 4592 4958 4898
f 4592 4898 4781
f 4781 4659 4592
f 4592 4659 4590
f 4592 4590 4506
f 4508 4592 4358
f 4358 4592 4506
f 4358 4506 4357
f 4357 4506 4446
f 4906 4788 4907
f 4907 4846 4968
f 4968 4846 4908
f 4908 4847 4909
f 4875 4969 4909
f 4970 4911 4971
f 4971 4911 4910
f 4794 4849 4910
f 4910 4849 4972
f 4860 4973 4863
f 4863 4973 4912
f 4914 4974 4852
f 4915 4975 4853
f 4977 4852 4974
f 4854 4852 4977
f 4856 4978 4860
f 4860 4978 4973
f 4756 4854 4856
f 4856 4854 4978
f 4857 4979 4916
f 4921 4919 4920
f 4916 4981 4920
f 4982 4858 4923
f 4923 4858 4803
f 4864 4983 4861
f 4861 4983 4926
f 4925 4862 4984
f 4984 4862 4926
f 4864 4866 4983
f 4983 4866 4985
f 4985 4866 4927
f 4927 4867 4928
f 4931 4986 4874
f 4987 4932 4933
f 4933 4932 4870
f 4931 4988 4986
f 4936 4988 4931
f 4989 4774 4937
f 4874 4990 4937
f 4938 4774 4989
f 4939 4969 4875
f 4877 4940 4821
f 4736 4940 4939
f 4991 4992 4939
f 4825 4941 4876
f 4993 4877 4876
f 4942 4941 4878
f 4824 4895 4942
f 4892 4996 4883
f 4884 4829 4946
f 4885 4997 4829
f 4886 4997 4885
f 4886 4887 4945
f 4998 4945 4938
f 4888 4946 4999
f 4888 4947 4831
f 5000 4949 4948
f 4889 4947 4890
f 4890 4947 4948
f 4891 4949 5001
f 4891 4950 4832
f 4892 4893 5002
f 4950 5003 4893
f 4834 4894 4951
f 4951 4952 4835
f 4952 4953 4836
f 4953 4957 4838
f 4895 5005 5006
f 4895 4954 5005
f 5007 4954 4955
f 4955 4896 4956
f 4837 4957 4956
f 4958 4963 4959
f 4959 4963 5008
f 4842 4961 4976
f 4902 5009 4903
f 4903 5009 4967
f 4905 5010 4904
f 4904 5010 5011
f 4906 4907 5012
f 5012 4907 4968
f 4968 4908 5013
f 5013 4908 4909
f 5014 4909 4969
f 4971 5015 4970
f 4970 5015 5016
f 4912 5017 4913
f 4853 4975 4914
f 4914 4975 4974
f 4915 4976 4975
f 4977 5018 4854
f 4854 5019 4978
f 4857 4917 4979
f 4979 4917 5020
f 4920 4981 4921
f 4922 5023 4923
f 4923 5023 5024
f 4808 4924 4930
f 4930 4924 5025
f 4935 4925 5026
f 5026 4925 4984
f 4983 5027 4926
f 4926 5027 4984
f 4928 4807 5028
f 5028 4807 4929
f 4930 5029 4929
f 4874 4986 4990
f 4871 4934 4933
f 4933 4934 4987
f 5030 4986 4988
f 4937 5031 4989
f 4937 4990 5031
f 4938 5032 4998
f 4989 5033 4938
f 5014 4969 5034
f 4939 4992 4969
f 4993 4940 4877
f 4991 4939 4940
f 4991 5035 4992
f 5036 4876 4941
f 5036 4993 4876
f 5037 4941 4942
f 4942 4895 5006
f 5002 4996 4892
f 4829 5040 4946
f 4829 4997 5040
f 4886 4945 4997
f 5041 4945 4998
f 4946 5042 5043
f 5043 4999 4946
f 4999 4947 4888
f 5000 4948 4947
f 5044 5000 5045
f 5001 4949 5044
f 5001 4950 4891
f 5002 4893 5003
f 5046 5003 4950
f 5047 4952 4951
f 5048 4953 4952
f 5049 4957 4953
f 5006 5005 5050
f 5005 4954 5007
f 5007 4955 4956
f 4956 4957 5051
f 4963 4962 5008
f 5008 4962 5052
f 4962 4964 5052
f 5052 4964 5053
f 4964 4965 5053
f 5053 4965 5054
f 4965 4966 5054
f 5054 4966 5055
f 4966 4967 5055
f 5055 4967 5009
f 5012 4968 5056
f 5056 4968 5013
f 5013 4909 5014
f 4910 4972 4971
f 4971 4972 5057
f 5017 4912 5059
f 5059 4912 4973
f 5059 4973 5060
f 5061 4974 4975
f 4977 5061 5018
f 4978 5062 4973
f 4973 5062 5063
f 4973 5063 5060
f 5064 5019 5018
f 5019 5062 4978
f 4981 4916 5065
f 5065 4916 4979
f 4979 5020 5065
f 5022 4980 5058
f 5025 5029 4930
f 4985 5068 4983
f 4983 5068 5027
f 5026 4984 5069
f 5069 4984 5027
f 4985 4927 5068
f 5068 4927 5070
f 4927 4928 5070
f 5070 4928 5028
f 5030 4990 4986
f 4989 5031 5033
f 5071 5031 4990
f 4998 5032 5072
f 4938 5033 5032
f 5073 5014 5034
f 5076 5075 5073
f 5076 5034 5077
f 5034 5078 5077
f 5034 4969 5078
f 4992 5079 4969
f 5080 5035 4991
f 4993 4991 4940
f 5081 4992 5082
f 5082 4992 5035
f 5083 5035 5080
f 5037 5036 4941
f 5084 4993 5036
f 4942 5006 5037
f 5085 5086 5006
f 4827 4881 4826
f 5038 4995 4881
f 4881 4995 4943
f 4881 4943 4826
f 5002 5087 4996
f 4946 5040 5042
f 4997 4945 5041
f 4998 5072 5041
f 5042 4999 5043
f 4999 5000 4947
f 5089 5045 5000
f 5090 5044 5045
f 5001 5044 5090
f 5001 5046 4950
f 5002 5003 5091
f 5046 5092 5003
f 5085 5006 5093
f 5006 5050 5093
f 5047 5048 4952
f 5048 5049 4953
f 5049 5051 4957
f 5005 5007 5050
f 4956 5051 5007
f 5010 5095 5011
f 5011 5095 5096
f 5015 5097 5016
f 5016 5097 5098
f 5056 5013 5099
f 5099 5013 5014
f 4971 5057 5015
f 5015 5057 5100
f 5058 5017 5101
f 5017 5059 5101
f 5101 5059 5060
f 5064 5018 5061
f 5060 5063 5102
f 5102 5063 5062
f 5064 5062 5019
f 5065 5020 5066
f 5066 5021 5022
f 5023 5103 5024
f 5024 5103 5104
f 5027 5068 5069
f 5069 5068 5105
f 5028 4929 5106
f 5106 4929 5029
f 5071 4990 5030
f 5033 5031 5071
f 5072 5032 5108
f 5108 5032 5033
f 5074 5014 5073
f 5076 5110 5075
f 5077 5110 5076
f 5078 5111 5077
f 4969 5079 5078
f 5080 4991 4993
f 5082 5035 5083
f 5083 5080 5113
f 5037 5084 5036
f 5084 5114 4993
f 5037 5006 5086
f 5086 5115 5116
f 5117 4994 5039
f 4881 5039 5038
f 5091 5087 5002
f 5072 5118 5041
f 5042 5119 4999
f 5089 5000 4999
f 5120 5045 5089
f 5090 5045 5120
f 5090 5046 5001
f 5091 5003 5092
f 5121 5092 5046
f 5093 5122 5085
f 5050 5123 5093
f 5094 4994 5117
f 5127 5048 5047
f 5128 5049 5048
f 5129 5051 5049
f 5050 5007 5123
f 5007 5051 5130
f 5131 5132 4901
f 3258 3263 3572
f 3572 3263 3471
f 3572 3471 3833
f 3833 3471 3709
f 3833 3709 4070
f 4070 3709 3835
f 4070 3835 4073
f 4505 4591 4270
f 4270 4591 4658
f 4270 4658 4726
f 4073 4507 4070
f 4070 4507 4356
f 4070 4356 4168
f 4505 4270 4447
f 4447 4270 4271
f 4447 4271 4272
f 4899 4901 4782
f 4782 4901 4783
f 4260 4056 4270
f 4260 4270 4353
f 4353 4270 4726
f 4353 4726 4583
f 4583 4726 4782
f 4583 4782 4720
f 4720 4782 4783
f 4073 4171 4507
f 4507 4171 4519
f 4507 4519 4593
f 4593 4519 4667
f 4593 4667 4660
f 4660 4667 4742
f 4660 4742 4728
f 4728 4742 4797
f 4728 4797 4730
f 4730 4797 4850
f 4730 4850 4785
f 4785 4850 4904
f 4785 4904 4902
f 4902 4904 5011
f 4902 5011 5009
f 5009 5011 5096
f 5009 5096 5055
f 5055 5096 5133
f 5055 5133 5054
f 5054 5133 5134
f 5054 5134 5053
f 5053 5134 5135
f 5053 5135 5052
f 5052 5135 5131
f 5052 5131 5008
f 5008 5131 4901
f 5008 4901 4959
f 4959 4901 4899
f 4356 4355 4168
f 4168 4355 4447
f 4168 4447 4269
f 4269 4447 4272
f 4269 4272 4268
f 5099 5014 5136
f 5015 5100 5097
f 5097 5100 5137
f 5101 5060 5102
f 5102 5062 5064
f 5138 5067 5104
f 5104 5067 5024
f 5068 5070 5105
f 5105 5070 5139
f 5070 5028 5139
f 5139 5028 5106
f 5030 5140 5071
f 5030 5107 5140
f 5141 5033 5071
f 5142 5072 5108
f 5108 5033 5141
f 5136 5014 5074
f 5075 5110 5109
f 5077 5111 5110
f 5078 5144 5111
f 5079 5144 5078
f 5114 5145 4993
f 4993 5145 5080
f 5112 5082 5083
f 5146 5113 5080
f 5147 5116 5115
f 5085 5122 5115
f 5148 5084 5037
f 5149 5114 5084
f 5037 5086 5148
f 5116 5150 5086
f 5151 5150 5116
f 5152 5151 5116
f 5117 5039 4881
f 5091 5154 5087
f 5041 5118 5156
f 5118 5072 5142
f 5119 5089 4999
f 5089 5157 5120
f 5157 5090 5120
f 5090 5121 5046
f 5091 5092 5158
f 5121 5159 5092
f 5093 5123 5122
f 5047 5004 5124
f 5047 5124 5127
f 5127 5128 5048
f 5128 5129 5049
f 5129 5130 5051
f 5007 5130 5123
f 5095 5161 5096
f 5096 5161 5133
f 5097 5162 5098
f 5098 5162 5163
f 5103 5164 5104
f 5104 5164 5165
f 5071 5140 5166
f 5141 5071 5167
f 5167 5071 5166
f 5142 5108 5141
f 5136 5074 5143
f 5109 5110 5111
f 5168 5111 5144
f 5079 5112 5144
f 5145 5114 5169
f 5145 5146 5080
f 5083 5170 5112
f 5113 5146 5170
f 5152 5116 5147
f 5147 5115 5122
f 5169 5114 5149
f 5148 5149 5084
f 5148 5086 5150
f 4881 5153 5117
f 5158 5154 5091
f 5118 5142 5156
f 5173 5174 5119
f 5119 5175 5089
f 5089 5176 5157
f 5090 5157 5177
f 5177 5121 5090
f 5158 5092 5159
f 5178 5159 5121
f 5123 5179 5122
f 5181 5128 5127
f 5182 5129 5128
f 5183 5130 5129
f 5123 5130 5179
f 5131 5135 5132
f 5132 5135 5184
f 5135 5134 5184
f 5184 5134 5185
f 5134 5133 5185
f 5185 5133 5161
f 5097 5137 5162
f 5162 5137 5186
f 5187 5138 5165
f 5165 5138 5104
f 5141 5167 5188
f 5167 5166 5189
f 5141 5188 5142
f 5109 5111 5168
f 5168 5144 5112
f 5169 5146 5145
f 5146 5190 5191
f 5192 5190 5146
f 5193 5112 5170
f 5170 5146 5191
f 5147 5194 5152
f 5122 5195 5147
f 5169 5149 5148
f 5148 5150 5196
f 5158 5201 5154
f 5201 5155 5154
f 5154 5155 5088
f 4944 4996 5088
f 5203 5119 5156
f 5156 5142 5204
f 5173 5119 5203
f 5205 5174 5173
f 5174 5175 5119
f 5175 5176 5089
f 5176 5177 5157
f 5177 5178 5121
f 5158 5159 5206
f 5207 5159 5178
f 5122 5179 5195
f 5124 5125 5127
f 5127 5125 5181
f 5180 5160 5117
f 5117 5160 5126
f 5117 5126 5094
f 5181 5182 5128
f 5182 5183 5129
f 5183 5179 5130
f 5162 5208 5163
f 5163 5208 5209
f 5164 5210 5165
f 5165 5210 5211
f 5167 5189 5188
f 5142 5188 5212
f 5213 5109 5168
f 5193 5168 5112
f 5169 5192 5146
f 5191 5190 5192
f 5170 5191 5193
f 5147 5195 5194
f 5148 5196 5169
f 5206 5201 5158
f 5198 5199 5216
f 5216 5199 5202
f 5217 5155 5201
f 5156 5204 5203
f 5142 5212 5204
f 5173 5218 5205
f 5203 5219 5173
f 5174 5205 5218
f 5174 5176 5175
f 5176 5178 5177
f 5206 5159 5220
f 5159 5207 5220
f 5221 5207 5178
f 5222 5195 5179
f 5181 5125 5223
f 5223 5182 5181
f 5224 5183 5182
f 5222 5179 5183
f 4668 4368 4369
f 5225 5210 5132
f 5132 5210 5164
f 5225 5132 5226
f 5226 5132 5184
f 5226 5184 5227
f 5227 5184 5185
f 5227 5185 5209
f 5209 5185 5161
f 5209 5161 5163
f 5163 5161 5095
f 5163 5095 5098
f 5098 5095 5010
f 5098 5010 5016
f 5010 4905 5016
f 5016 4905 4851
f 5016 4851 4970
f 4970 4851 4796
f 4970 4796 4911
f 4911 4796 4743
f 4911 4743 4795
f 4795 4743 4668
f 4795 4668 4670
f 4670 4668 4369
f 4670 4369 4521
f 4521 4369 4280
f 4521 4280 4371
f 4371 4280 4082
f 4371 4082 4185
f 4185 4082 3863
f 4185 3863 4186
f 4186 3863 3984
f 4186 3984 4383
f 4383 3984 4184
f 4383 4184 4531
f 4531 4184 4382
f 4531 4382 4680
f 4680 4382 4530
f 4680 4530 4802
f 4802 4530 4679
f 4802 4679 4922
f 4922 4679 4801
f 4922 4801 5023
f 5023 4801 4921
f 5023 4921 5103
f 5103 4921 4981
f 5103 4981 5164
f 5164 4981 5065
f 5061 4975 5132
f 5132 4975 4976
f 5132 4976 4961
f 5065 5066 5164
f 5164 5066 5022
f 5164 5022 5132
f 5132 5022 5058
f 5132 5058 5101
f 5101 5102 5132
f 5132 5102 5064
f 5132 5064 5061
f 5162 5186 5208
f 5208 5186 5228
f 5229 5187 5211
f 5211 5187 5165
f 5188 5189 5230
f 5188 5230 5212
f 5213 5168 5231
f 5232 5168 5193
f 5233 5192 5169
f 5191 5192 5234
f 5193 5191 5235
f 5236 5169 5196
f 5196 5194 5237
f 5216 5214 5198
f 5153 5171 5117
f 5117 5171 5200
f 5117 5200 5215
f 5206 5217 5201
f 5216 5202 5172
f 5203 5204 5219
f 5204 5212 5238
f 5173 5219 5218
f 5218 5176 5174
f 5221 5178 5176
f 5220 5207 5221
f 5239 5195 5222
f 5180 5117 5125
f 5125 5117 5223
f 5223 5224 5182
f 5224 5222 5183
f 5208 5240 5209
f 5209 5240 5227
f 5210 5225 5211
f 5211 5225 5241
f 5212 5230 5242
f 5231 5168 5232
f 5193 5235 5232
f 5234 5192 5233
f 5234 5235 5191
f 5243 5195 5239
f 5233 5236 5244
f 5236 5196 5237
f 5117 5215 5197
f 5245 5217 5206
f 5172 5155 5216
f 5216 5155 5217
f 5204 5238 5219
f 5212 5242 5238
f 5219 5246 5218
f 5218 5221 5176
f 5245 5220 5221
f 5247 5239 5222
f 5117 5224 5223
f 5248 5222 5224
f 5225 5226 5241
f 5241 5226 5249
f 5226 5227 5249
f 5249 5227 5240
f 5208 5228 5240
f 5240 5228 5250
f 5251 5229 5241
f 5241 5229 5211
f 5231 5232 5252
f 5232 5235 5252
f 5234 5233 5244
f 5234 5253 5235
f 5237 5243 5239
f 5244 5236 5237
f 5214 5216 5197
f 5197 5216 5117
f 5245 5216 5217
f 5219 5238 5246
f 5238 5242 5254
f 5246 5221 5218
f 5245 5221 5255
f 5247 5222 5248
f 5247 5256 5239
f 5117 5248 5224
f 5249 5257 5241
f 5241 5257 5251
f 5252 5235 5258
f 5258 5235 5253
f 5244 5253 5234
f 5256 5237 5239
f 5244 5237 5259
f 5117 5216 5260
f 5245 5255 5216
f 5238 5254 5246
f 5246 5255 5221
f 5248 5256 5247
f 5117 5260 5248
f 5240 5250 5249
f 5249 5250 5257
f 5258 5253 5261
f 5244 5259 5253
f 5256 5259 5237
f 5260 5216 5255
f 5254 5255 5246
f 5248 5260 5256
f 5261 5253 5259
f 5262 5259 5256
f 5260 5255 5254
f 5256 5260 5262
f 5261 5259 5262
f 5254 5262 5260
f 4793 4671 4740
f 4793 4740 4741
f 5257 5250 5254
f 4299 4467 4199
f 4199 4467 4617
f 4787 4845 4844
f 4844 4845 4906
f 5136 5056 5099
f 5230 5189 5251
f 4760 4690 5229
f 4629 4630 4694
f 4694 4630 4695
f 4694 4695 4818
f 5254 5250 5262
f 4760 5229 4815
f 5251 5189 5229
f 5229 5189 4934
f 5229 4934 4815
f 4297 4199 4391
f 4391 4199 4617
f 4391 4617 4538
f 4538 4617 4757
f 4538 4757 4684
f 4684 4757 4869
f 4684 4869 4868
f 4868 4869 4695
f 4869 4873 4695
f 4695 4873 4872
f 4695 4872 4818
f 5189 5166 4934
f 4934 5166 5140
f 4934 5140 4987
f 4987 5140 5107
f 5257 5254 5251
f 5251 5254 5242
f 5251 5242 5230
f 5258 5186 5252
f 5252 5186 5137
f 5252 5137 5231
f 5250 5228 5262
f 5262 5228 5186
f 5262 5186 5261
f 5261 5186 5258
f 5231 5137 5213
f 5213 5137 5100
f 4452 4453 4600
f 4600 4453 4375
f 4600 4375 4744
f 4744 4375 4454
f 4744 4454 4849
f 4849 4454 4972
f 4690 4621 5229
f 5229 4621 4477
f 5229 4477 4309
f 5067 4859 4982
f 4982 4859 4754
f 4982 4754 4858
f 4858 4754 4612
f 4858 4612 4752
f 4752 4612 4464
f 4752 4464 4609
f 4609 4464 4293
f 4609 4293 4461
f 4461 4293 4096
f 4461 4096 4290
f 4290 4096 4095
f 4290 4095 4291
f 4291 4095 4176
f 4291 4176 4452
f 4452 4176 4281
f 4452 4281 4453
f 3406 3408 3632
f 3632 3408 3633
f 3632 3633 3893
f 3893 3633 3770
f 3893 3770 4121
f 4199 4108 4299
f 4299 4108 3874
f 4299 3874 4107
f 4107 3874 3603
f 4107 3603 3873
f 3873 3603 3387
f 3873 3387 3601
f 3601 3387 3155
f 3601 3155 3384
f 3384 3155 2945
f 3384 2945 3182
f 3182 2945 2944
f 3182 2944 3183
f 3183 2944 3051
f 3183 3051 3406
f 3406 3051 3186
f 3406 3186 3408
f 5187 5029 5138
f 5138 5029 5025
f 5138 5025 5067
f 5067 5025 4924
f 5067 4924 4859
f 4625 4816 4626
f 4626 4816 4935
f 5026 5069 5229
f 3770 3894 4121
f 4121 3894 4013
f 4121 4013 4309
f 4309 4013 4120
f 4309 4120 4213
f 4935 5026 4626
f 4626 5026 5229
f 4626 5229 4550
f 4550 5229 4309
f 4550 4309 4402
f 4402 4309 4213
f 5069 5105 5229
f 5229 5105 5139
f 5229 5139 5187
f 5187 5139 5106
f 5187 5106 5029
f 8 6 2
f 9 6 8
f 2 10 8
f 8 10 22
f 19 15 58
f 70 69 105
f 95 160 78
f 115 160 95
f 48 49 81
f 55 75 89
f 120 160 115
f 180 175 177
f 171 179 181
f 181 179 180
f 67 147 106
f 164 83 224
f 87 167 227
f 176 231 178
f 173 232 171
f 171 232 179
f 181 235 171
f 171 235 236
f 171 236 172
f 106 250 193
f 106 147 194
f 157 216 274
f 165 166 295
f 296 227 167
f 301 234 302
f 302 234 233
f 173 174 233
f 233 174 303
f 230 306 231
f 307 175 232
f 232 175 179
f 178 231 315
f 315 231 316
f 177 178 317
f 180 177 318
f 318 177 317
f 181 180 319
f 319 180 318
f 172 236 237
f 237 236 235
f 231 306 316
f 316 306 320
f 106 194 250
f 152 208 207
f 274 216 217
f 219 283 220
f 303 174 304
f 235 181 372
f 372 181 319
f 237 235 374
f 351 578 269
f 269 578 353
f 274 217 418
f 312 301 436
f 436 301 302
f 438 302 233
f 438 233 303
f 313 451 314
f 318 317 455
f 319 318 456
f 235 372 374
f 457 441 458
f 458 441 440
f 352 578 351
f 353 578 508
f 350 274 418
f 521 532 450
f 523 450 448
f 365 609 367
f 367 609 526
f 609 365 436
f 436 302 527
f 303 439 438
f 440 442 528
f 450 532 449
f 532 669 531
f 448 450 449
f 313 366 451
f 451 366 535
f 319 456 373
f 528 541 440
f 440 541 458
f 382 245 473
f 245 383 549
f 383 246 549
f 549 246 247
f 247 384 550
f 405 566 404
f 408 410 571
f 347 411 410
f 410 411 571
f 507 578 352
f 532 521 669
f 523 606 450
f 667 523 607
f 533 532 531
f 536 771 447
f 619 457 620
f 620 457 458
f 473 245 549
f 549 247 550
f 490 646 491
f 566 565 404
f 494 492 647
f 494 647 496
f 705 568 500
f 569 705 500
f 571 411 573
f 505 578 507
f 656 513 420
f 517 660 420
f 669 521 605
f 522 450 606
f 608 606 523
f 608 523 667
f 447 771 615
f 531 669 533
f 771 536 616
f 672 776 673
f 456 618 539
f 539 618 676
f 541 678 458
f 563 565 566
f 704 568 705
f 569 651 705
f 656 420 709
f 709 420 660
f 662 813 586
f 669 605 716
f 607 765 667
f 763 765 607
f 764 765 999
f 612 613 768
f 772 771 616
f 673 776 847
f 618 538 777
f 677 539 676
f 778 619 779
f 779 619 620
f 794 776 672
f 858 672 795
f 567 644 801
f 566 701 563
f 801 703 567
f 705 804 704
f 805 705 651
f 708 578 505
f 578 579 577
f 582 659 658
f 715 813 662
f 773 669 716
f 606 608 762
f 609 766 526
f 526 766 839
f 999 765 841
f 533 669 671
f 671 669 773
f 673 847 846
f 617 674 777
f 777 674 848
f 674 675 848
f 848 675 849
f 774 850 675
f 676 618 851
f 851 618 777
f 794 870 776
f 794 672 858
f 856 948 858
f 701 703 801
f 708 579 578
f 813 710 657
f 838 995 835
f 608 930 762
f 526 840 666
f 666 840 931
f 766 933 839
f 841 765 763
f 608 667 930
f 768 769 934
f 846 847 940
f 848 942 777
f 676 851 853
f 794 871 870
f 871 794 858
f 872 858 948
f 801 962 701
f 964 804 705
f 571 806 805
f 710 887 658
f 888 813 715
f 995 994 835
f 840 996 931
f 666 932 763
f 763 932 997
f 667 998 930
f 765 764 667
f 849 1006 848
f 1006 849 1007
f 947 948 856
f 871 858 872
f 872 948 947
f 957 1102 947
f 801 878 962
f 813 1039 710
f 710 1039 887
f 994 995 1081
f 928 1082 995
f 929 1082 928
f 932 1084 997
f 667 764 998
f 1008 850 1088
f 1088 850 939
f 1003 846 940
f 1003 940 1090
f 941 1090 940
f 941 940 847
f 1093 943 1094
f 1094 943 944
f 957 947 856
f 1231 956 954
f 1101 872 947
f 1028 956 1231
f 938 889 1041
f 994 1146 991
f 1077 993 1080
f 1081 995 1082
f 1008 1088 1151
f 1089 939 1152
f 1152 939 846
f 1097 1221 1021
f 1231 954 1109
f 1101 947 1102
f 1233 1102 957
f 877 1025 1026
f 1027 1028 1231
f 938 1041 1184
f 1080 1209 1077
f 1081 1082 1210
f 998 1149 1083
f 1089 1152 1215
f 1003 1090 1216
f 1090 941 1216
f 1218 1093 1219
f 1219 1093 1094
f 1221 1220 1021
f 1102 1233 1232
f 1105 1167 1166
f 1167 1027 1231
f 1181 1261 1119
f 1119 1261 1120
f 1080 1208 1209
f 1211 1212 1292
f 1217 1157 1296
f 1298 1221 1158
f 1220 1221 1297
f 1470 1235 1164
f 1167 1231 1238
f 1322 1261 1181
f 1370 1144 1207
f 1209 1371 1207
f 1373 1372 1376
f 1298 1297 1221
f 1470 1310 1235
f 1164 1236 1470
f 1405 1324 1262
f 1284 1433 1285
f 1360 1359 1434
f 1207 1441 1370
f 1207 1371 1441
f 1294 1213 1443
f 1213 1444 1443
f 1213 1214 1444
f 1444 1214 1445
f 1214 1289 1445
f 1445 1289 1446
f 1376 1377 1454
f 1298 1456 1297
f 1378 1299 1457
f 1391 1310 1470
f 1390 1109 1472
f 1487 1404 1294
f 1487 1294 1443
f 1488 1324 1405
f 1184 1179 1327
f 1359 1437 1435
f 1289 1368 1446
f 1446 1368 1682
f 1516 1443 1444
f 1518 1445 1446
f 1595 1446 1682
f 1521 1523 1522
f 1522 1523 1524
f 1523 1525 1524
f 1525 1452 1526
f 1526 1452 1453
f 1460 1527 1380
f 1405 1557 1488
f 1487 1443 1594
f 1594 1443 1515
f 1515 1443 1516
f 1444 1445 1516
f 1516 1445 1517
f 1517 1445 1518
f 1518 1446 1595
f 1600 1527 1460
f 1605 1603 1604
f 1604 1606 1605
f 1603 1531 1604
f 1604 1531 1607
f 1405 1558 1557
f 1406 1631 1558
f 1578 1577 1660
f 1581 1580 1661
f 1668 1585 1669
f 1675 1434 1436
f 1436 1587 1675
f 1454 1522 1598
f 1598 1522 1687
f 1522 1524 1687
f 1687 1524 1688
f 1689 1527 1600
f 1602 1601 1529
f 1605 1606 1691
f 1607 1532 1692
f 1692 1693 1918
f 1469 1612 1470
f 1615 1545 1698
f 1627 1555 1718
f 1721 1491 1632
f 1721 1634 1491
f 1665 1740 1663
f 1665 1664 1741
f 1667 1666 1742
f 1750 1594 1515
f 1750 1515 1751
f 1751 1515 1516
f 1517 1752 1516
f 1518 1753 1517
f 1595 1754 1518
f 1600 1601 1759
f 1760 1601 1602
f 1842 1691 1912
f 1605 1691 1842
f 1762 1912 1763
f 1763 1912 1691
f 1607 1764 1604
f 1604 1764 1606
f 1607 1765 1764
f 1692 1765 1607
f 1918 2007 1692
f 1766 1610 1768
f 1039 813 1184
f 1184 813 938
f 938 813 888
f 888 814 938
f 938 814 713
f 938 713 680
f 619 320 457
f 457 320 306
f 457 306 441
f 441 306 305
f 1612 1539 1470
f 1470 1539 1233
f 1470 1233 1391
f 1372 938 1377
f 1377 938 1096
f 1455 1096 1521
f 1372 1293 938
f 938 1293 1212
f 938 1212 671
f 680 783 938
f 938 783 859
f 938 859 949
f 953 1452 1525
f 953 1525 869
f 1096 1155 1521
f 1521 1155 1156
f 1521 1156 1523
f 1523 1156 1016
f 1523 1016 1525
f 1525 1016 868
f 556 869 1525
f 556 1525 693
f 693 1525 868
f 949 1011 938
f 938 1011 1012
f 938 1012 1096
f 1785 1489 1630
f 1720 1721 1632
f 1561 1786 1635
f 1737 1801 1738
f 1669 1814 1668
f 1601 1840 1759
f 1760 1840 1601
f 1761 1603 1842
f 1842 1603 1605
f 1606 1763 1691
f 1692 2007 1765
f 1766 1768 1847
f 1866 1721 1720
f 1737 1885 1801
f 1737 1658 1885
f 1673 1743 1821
f 1750 1751 1898
f 1751 1752 1899
f 1752 1753 1900
f 1838 1598 1908
f 1908 1598 1687
f 1908 1687 1911
f 1911 1687 1688
f 528 237 541
f 541 237 374
f 541 374 678
f 1843 1606 1916
f 1916 1606 1764
f 1916 1764 1765
f 1844 1917 1693
f 1693 1917 1918
f 1945 1833 1946
f 1946 1833 1947
f 1789 1867 1637
f 1792 1952 1871
f 1879 1729 1878
f 1827 1797 1958
f 1823 1892 1977
f 1834 1983 1896
f 1983 1984 1896
f 1896 1984 1897
f 1999 1914 2000
f 1908 1911 1909
f 1909 1911 1910
f 1915 1763 2004
f 2004 1763 1843
f 2007 2005 1765
f 1955 2129 2040
f 1877 2044 1796
f 1878 2045 1879
f 1892 2072 1977
f 1900 1901 2093
f 2004 1843 2098
f 2098 1843 1916
f 1919 2100 1539
f 1938 1784 2031
f 2031 1784 1937
f 2120 1941 1788
f 2120 1788 1940
f 1955 2041 2129
f 2047 1879 2045
f 2084 2085 2138
f 2147 2069 2065
f 2147 2065 2148
f 2157 2148 2158
f 1974 1975 2061
f 2061 1975 2159
f 2085 2171 2138
f 2087 2176 1992
f 2177 2000 2178
f 2178 2000 2001
f 2097 1915 2179
f 2179 1915 2004
f 2098 1916 2180
f 2180 1916 2005
f 2009 2184 1921
f 1940 2027 2120
f 2129 2216 2215
f 2129 2041 2217
f 2167 2219 2132
f 2084 2138 2226
f 2081 2077 2082
f 2236 2070 2069
f 2236 2069 2146
f 2148 2065 2243
f 2243 2065 2064
f 2061 2160 2062
f 1975 2164 2159
f 2081 2083 2255
f 2170 2136 2258
f 2085 2261 2171
f 2349 2260 2172
f 1985 2088 2089
f 2088 2092 2265
f 2208 2126 2302
f 2211 2038 2304
f 2215 2216 2305
f 2217 2216 2129
f 2146 2327 2236
f 2148 2243 2158
f 2261 2347 2171
f 2349 2348 2260
f 2350 2353 2351
f 2270 2097 2362
f 2362 2097 2179
f 2183 2100 2365
f 2316 2371 2317
f 2314 2316 2315
f 2285 2195 2375
f 2209 2127 2390
f 2390 2127 2211
f 2212 2128 2391
f 2391 2128 2213
f 2117 2407 2292
f 2261 2437 2347
f 2089 2265 2266
f 2265 2267 2449
f 2273 2274 2462
f 2186 2276 2368
f 2368 2276 2467
f 2316 2469 2371
f 2314 2469 2316
f 2473 2474 2514
f 2282 2188 2475
f 2604 2444 2443
f 2507 2508 2667
f 2472 2406 2518
f 2346 2347 2437
f 2452 2271 2557
f 2557 2271 2363
f 2667 2508 2894
f 2557 2363 2454
f 2454 2363 2272
f 2487 2289 2576
f 2583 2521 2719
f 2584 2491 2521
f 2498 2207 2301
f 2501 2307 2595
f 2352 2353 2598
f 2604 2443 2599
f 2508 2767 2894
f 2708 2507 2667
f 2710 2708 2667
f 2406 2313 2611
f 2490 2614 2491
f 2719 2521 2616
f 2540 2346 2437
f 2437 2438 2540
f 2662 2552 2758
f 2758 2552 2357
f 2758 2357 2266
f 2464 2364 2676
f 2565 2472 2518
f 2565 2518 2517
f 2477 2681 2479
f 2577 2378 2694
f 2578 2379 2695
f 2509 2582 2492
f 2720 2583 2719
f 2583 2584 2521
f 2497 2388 2699
f 2699 2388 2496
f 3160 2589 2389
f 2504 2402 2597
f 2597 2402 2591
f 2600 2352 2598
f 2443 2352 2600
f 2601 2602 2603
f 2704 2604 2599
f 2508 2664 2767
f 2955 2711 2720
f 2842 2609 2494
f 2842 2494 2610
f 2406 2611 2714
f 2519 2520 2716
f 2490 2615 2614
f 2266 2449 2758
f 2758 2449 2551
f 2767 2664 2764
f 2666 2452 2766
f 2766 2452 2557
f 2766 2557 2670
f 2670 2557 2454
f 2563 2467 2784
f 2784 2467 2562
f 2574 2486 2691
f 2807 2582 2509
f 2711 2583 2720
f 2808 2711 2955
f 2838 2808 2955
f 2702 2598 2353
f 2172 2084 2349
f 2349 2084 2353
f 2349 2353 2350
f 2353 2084 2226
f 2353 2226 2310
f 2505 2702 2353
f 2505 2353 2404
f 2404 2353 2310
f 2600 2598 2821
f 2599 2443 2600
f 2697 2601 2823
f 2601 2603 2824
f 2603 2604 2704
f 2508 2706 2664
f 2826 2708 2710
f 2708 2709 2507
f 2811 2813 2827
f 2809 2811 2835
f 2835 2811 2827
f 2836 2826 2710
f 2955 2720 2840
f 2842 2610 2713
f 2767 2764 2768
f 2710 2667 3120
f 2667 2894 3121
f 2898 2778 2900
f 2900 2778 2777
f 2675 2560 2777
f 2777 2560 2781
f 2563 2784 2783
f 2684 2795 2794
f 2917 2490 2491
f 2584 2917 2491
f 2918 2838 2839
f 2919 2808 2838
f 2810 2834 2922
f 2924 2831 2925
f 2817 2697 2928
f 3160 2389 2929
f 2589 3160 2932
f 2932 3160 2931
f 2500 2393 2592
f 2592 2393 2593
f 2702 2821 2598
f 2821 2934 2600
f 2935 2600 2934
f 2822 2600 2935
f 2704 2599 2936
f 2599 2600 2822
f 2928 2697 2823
f 2823 2601 2824
f 2824 2603 2704
f 2949 2833 2835
f 2835 2833 2809
f 2836 2710 2837
f 2516 2714 2958
f 3000 2999 2766
f 3000 2766 2670
f 2950 2710 3120
f 3120 2667 3121
f 2894 2767 3353
f 2767 2768 3353
f 3015 2794 2795
f 2689 2799 2800
f 2581 2806 2916
f 3025 2584 2583
f 2918 2919 2838
f 2812 2810 3031
f 3031 2810 2922
f 3038 2931 3160
f 2935 3041 2822
f 3042 2704 2936
f 2936 2599 2822
f 2824 2704 3042
f 2708 2826 2940
f 1822 1678 1892
f 1892 1678 1744
f 1892 1744 2072
f 2950 3120 3119
f 2894 3353 3565
f 3129 3126 3000
f 3129 3000 3007
f 3007 3000 2670
f 2777 2781 2900
f 3015 2795 3016
f 3022 2916 2806
f 2584 3140 2917
f 2711 3025 2583
f 2808 3141 2711
f 3023 3142 2954
f 3023 3143 3145
f 2927 3149 3148
f 2812 3031 3033
f 3032 2922 3153
f 2593 2933 2591
f 2934 3165 2935
f 3166 2822 3041
f 2936 2822 3166
f 3167 2824 3042
f 3180 3178 2941
f 3180 2941 2942
f 2448 3000 2551
f 2448 2355 3000
f 3000 2355 2263
f 3000 2263 2999
f 2174 1839 1909
f 2174 1909 1910
f 3121 2894 3565
f 2904 3256 3011
f 2608 2615 2490
f 2807 2490 2907
f 2907 2490 3258
f 2509 2608 2490
f 2509 2490 2807
f 2806 3262 3022
f 2806 3132 3262
f 2917 3263 2490
f 3264 3140 2584
f 3141 3025 2711
f 3265 3141 2808
f 2919 3265 2808
f 3145 3142 3023
f 3149 3158 3148
f 3032 3153 3278
f 3166 3286 2936
f 3043 2823 3288
f 2823 2824 3167
f 3046 3174 2939
f 2942 3181 3180
f 3120 3121 3694
f 3121 3565 3695
f 3352 3353 2768
f 2912 3136 3137
f 2490 3263 3258
f 3140 3263 2917
f 3364 3264 2584
f 3025 3364 2584
f 3266 2919 3026
f 3365 3265 2919
f 3148 3158 3273
f 3374 3375 3593
f 3038 3283 3163
f 3041 3285 3166
f 3167 3042 3394
f 3395 2936 3286
f 3042 2936 3395
f 3288 2823 3167
f 3459 3345 2551
f 3459 2551 3460
f 3460 2551 3000
f 3460 3000 3461
f 3461 3000 3462
f 3351 3120 3694
f 3694 3121 3695
f 3472 3364 3025
f 3266 3365 2919
f 3385 3593 3375
f 3374 3593 3478
f 3154 3030 3487
f 3487 3030 3382
f 3277 3376 3382
f 3382 3376 3489
f 3154 3487 3383
f 3495 3167 3394
f 3394 3042 3497
f 3395 3497 3042
f 3396 3167 3495
f 3319 3214 3536
f 3433 3217 3538
f 3236 3550 3552
f 3351 3694 3693
f 3695 3565 3564
f 3264 3364 3471
f 3575 3472 3025
f 3141 3575 3025
f 3265 3576 3141
f 3767 3629 3508
f 3508 3631 3767
f 3293 3406 3510
f 3534 3650 3530
f 3320 3924 3428
f 3428 3924 3429
f 3320 3430 3924
f 3924 3430 3537
f 3676 3339 3552
f 3675 3552 3550
f 3553 3340 3677
f 3697 3696 3466
f 3710 3575 3141
f 3576 3710 3141
f 3711 3576 3265
f 3365 3711 3265
f 3584 3860 3718
f 3730 3860 3584
f 3733 3586 3587
f 3734 3586 3733
f 3378 3741 3386
f 3742 3378 3484
f 3594 3745 3489
f 3394 3607 3495
f 3615 3626 3755
f 3776 3764 3765
f 3767 3631 3766
f 3767 3766 3764
f 3628 3627 3756
f 3776 3777 3764
f 3764 3778 3767
f 3530 3650 3792
f 3798 3651 3671
f 3654 3429 3924
f 3537 3655 3924
f 3671 3548 3811
f 3671 3672 3673
f 3672 3674 3549
f 3674 3675 3450
f 3554 3551 3812
f 3676 3552 3675
f 3556 3553 3813
f 3678 3555 3814
f 3571 3469 3832
f 3472 3575 3709
f 3712 3365 3473
f 3836 3711 3365
f 3734 3846 3586
f 3586 3846 3722
f 3720 3718 3860
f 3386 3741 3481
f 3869 3741 3378
f 3742 3869 3378
f 3873 3601 3747
f 3747 3601 3491
f 3749 3605 3498
f 3773 3772 3878
f 3877 3776 3765
f 3765 3764 3766
f 3671 3673 3798
f 3924 3655 3925
f 3933 3800 3543
f 3918 3799 3940
f 3811 3672 3671
f 3943 3674 3672
f 3944 3675 3674
f 3812 3676 3675
f 4048 3816 3815
f 3955 3693 3956
f 3956 3693 3694
f 3956 3694 3957
f 3957 3694 3695
f 4259 3696 3697
f 3706 3707 3962
f 3712 3964 3365
f 3964 3836 3365
f 3720 3860 3973
f 3851 4083 3971
f 4102 3992 3739
f 3739 3868 4102
f 3740 3994 3594
f 3594 3994 3995
f 3594 3995 3745
f 3605 4003 3748
f 3749 4004 3605
f 3773 3878 4007
f 3777 4017 3778
f 3791 3530 4029
f 3530 3792 4029
f 3793 4231 3905
f 3906 4231 3793
f 3933 3543 3803
f 3934 4039 4040
f 4045 3918 4046
f 3943 3944 3674
f 3944 3812 3675
f 4050 3816 4048
f 4066 3696 4259
f 3706 3962 3705
f 3967 4074 3837
f 3719 3969 3717
f 3844 3845 3843
f 4081 3845 3722
f 4081 3722 3846
f 3974 4083 3851
f 3993 4102 3868
f 3745 3995 4000
f 3994 3740 4103
f 4004 4003 3605
f 3400 3399 3502
f 3502 3616 3400
f 3400 3616 3754
f 3400 3754 4111
f 3914 4231 3906
f 4133 4030 3913
f 4149 4040 4039
f 3918 3940 4046
f 4046 4251 4045
f 3941 4158 3811
f 3941 3811 3670
f 3670 3811 3548
f 3816 4050 3946
f 3697 3821 4259
f 4065 3955 3956
f 3957 3958 3827
f 3827 3696 4066
f 4066 4259 4352
f 3836 3964 4073
f 4172 4074 3967
f 4174 3969 3719
f 3719 3970 4174
f 3846 4082 4081
f 4376 3973 3979
f 3978 4376 3979
f 3981 4182 3862
f 3862 4182 4183
f 3862 4183 3982
f 4189 3986 3985
f 4189 3985 3865
f 3994 4103 4195
f 3997 4196 3996
f 4127 3905 4231
f 4128 4231 3914
f 4232 4030 4133
f 4039 4244 4149
f 4046 4249 4251
f 4258 4164 4163
f 4258 4163 4054
f 4259 3821 4260
f 4065 3956 4264
f 3956 3957 4265
f 3957 3827 4266
f 4266 3827 4066
f 4440 4066 4352
f 3967 4075 4172
f 4279 3845 4080
f 4083 3974 4177
f 4376 4283 3973
f 4180 4376 3978
f 3982 4183 4184
f 3750 3876 3749
f 3749 3876 4300
f 4231 4128 4318
f 4141 3925 4329
f 4329 3925 4037
f 4149 4338 4148
f 4343 4251 4249
f 4343 4344 4251
f 4252 4250 4434
f 4162 4347 4238
f 4349 4256 4257
f 4259 4353 4352
f 4264 3956 4265
f 4265 3957 4266
f 4266 4066 4267
f 4267 4066 4440
f 4080 4280 4279
f 4375 4283 4376
f 3981 4381 4182
f 4234 4235 4415
f 4237 4325 4236
f 3916 3921 3915
f 3915 3921 3798
f 4252 4416 4137
f 4245 4419 4144
f 3803 4242 4243
f 4243 4242 4039
f 4149 4337 4338
f 4039 4421 4244
f 4432 4434 4250
f 4159 4346 4158
f 4159 4158 3942
f 4238 4347 4437
f 4257 4439 4349
f 4265 4266 4445
f 4445 4266 4267
f 4582 4267 4440
f 4182 4381 4382
f 4461 4290 4384
f 4384 4290 4188
f 4482 4483 4315
f 4130 4317 4319
f 4413 4484 4320
f 4238 4488 4325
f 4417 4141 4416
f 4416 4141 4329
f 4245 4422 4419
f 4241 4335 4420
f 4420 4039 4242
f 4338 4337 4421
f 4425 4222 4494
f 4249 4430 4343
f 4433 4564 4416
f 4255 4253 4346
f 4351 4254 4499
f 4238 4437 4488
f 4257 4350 4439
f 4444 4265 4445
f 4445 4267 4582
f 3966 4074 4171
f 4171 4074 4172
f 4171 4172 4519
f 4289 4460 4380
f 3117 2764 2664
f 4411 4465 4695
f 4537 4695 4465
f 4482 4557 4483
f 4034 3921 4134
f 4416 4564 4417
f 4331 4563 4330
f 4331 4417 4564
f 4420 4421 4039
f 4421 4567 4338
f 4338 4567 4422
f 4428 4554 4495
f 4429 4573 4431
f 4564 4433 4498
f 4346 4578 4255
f 4579 4436 4255
f 4653 4503 4499
f 4444 4445 4588
f 4589 4445 4582
f 4589 4582 4584
f 4605 4533 4606
f 4460 4459 4608
f 4606 4533 4682
f 4682 4533 4534
f 4411 4695 4556
f 4331 4564 4563
f 4564 4498 4648
f 4579 4255 4578
f 4653 4499 4652
f 4502 4439 4581
f 4440 4583 4582
f 4606 4674 4605
f 4529 4460 4677
f 4615 4695 4537
f 4556 4695 4630
f 4714 4579 4578
f 4717 4653 4652
f 4655 4502 4581
f 4582 4720 4584
f 4518 4599 4738
f 4749 4674 4606
f 4749 4606 4675
f 4608 4607 4750
f 4529 4677 4679
f 4606 4682 4675
f 4809 4682 4534
f 4534 4683 4809
f 4633 4765 4557
f 4563 4490 4330
f 4330 4490 4328
f 4330 4328 4327
f 4565 4707 4706
f 4714 4715 4579
f 4716 4653 4717
f 4599 4792 4739
f 4674 4799 4751
f 4608 4750 4678
f 4809 4807 4682
f 4633 4820 4765
f 4635 4700 4701
f 4706 4707 4829
f 4779 4718 4955
f 4657 4783 4724
f 4793 4739 4792
f 4746 4747 4915
f 4857 4799 4674
f 4857 4674 4749
f 4865 4804 4866
f 4866 4804 4867
f 4683 4808 4930
f 4930 4809 4683
f 4489 4562 4561
f 4561 4562 4879
f 4829 4707 4708
f 4775 4889 4776
f 4779 4955 4895
f 4718 4896 4955
f 4780 4897 4718
f 4915 4747 4842
f 4865 4913 4804
f 4800 4750 4919
f 4919 4750 4751
f 4930 4929 4809
f 4638 4703 4769
f 4769 4703 4883
f 4714 4651 4834
f 4895 4955 4954
f 4844 4792 4791
f 4842 4976 4915
f 5021 4918 4980
f 4980 4918 4913
f 4800 4919 4921
f 4873 4936 4931
f 4913 5017 4980
f 5018 5019 4854
f 4918 5021 4917
f 4917 5021 5020
f 5022 5021 4980
f 4949 5000 5044
f 5058 4980 5017
f 4974 5061 4977
f 5066 5020 5021
f 5067 4982 5024
f 5024 4982 4923
f 5030 4988 4936
f 5073 5075 5074
f 5073 5034 5076
f 4702 4881 4827
f 5042 5040 4997
f 4936 5107 5030
f 5109 5074 5075
f 4992 5081 5079
f 5112 5081 5082
f 5085 5115 5086
f 4997 5041 5042
f 4901 5132 4961
f 4840 4901 4960
f 4960 4901 4961
f 4960 4961 4900
f 4900 4961 4843
f 3821 4056 4260
f 5109 5143 5074
f 5079 5081 5112
f 5041 5156 5042
f 4951 4894 5004
f 4951 5004 5047
f 5113 5170 5083
f 5042 5156 5119
f 4882 4883 4944
f 4944 4883 4996
f 5088 4996 5087
f 5088 5087 5154
f 5143 5109 5213
f 5194 5196 5152
f 5152 5196 5150
f 5152 5150 5151
f 5233 5169 5236
f 5194 5195 5243
f 5206 5220 5245
f 5194 5243 5237
f 4792 5143 4671
f 4792 4671 4793
f 4844 4906 4792
f 4792 4906 5012
f 4792 5012 5056
f 5143 4792 5136
f 5136 4792 5056
f 4972 4454 5143
f 5143 4454 4523
f 5143 4523 4671
f 4987 4936 4932
f 4932 4936 4869
f 4869 4936 4873
f 4987 5107 4936
f 5213 5100 5143
f 5143 5100 5057
f 5143 5057 4972
